accountId,instrument,lotSize,closeTradeId,positionId,closeOrderId,openOrderId,durationSec,openDateTime,closeDateTime,profit,reverseProfit,netProfit,commission,swap,amount,openPrice,closePrice,slPrice,tpPrice,side,currency,openTradeCrossPrice,closeTradeCrossPrice,userGroupId
D#1702693,XAUUSD,100,288230376152293075,288230376151998983,288230376154302638,288230376154302634,111,2026-05-26T01:07:46.000Z,2026-05-26T01:09:37.000Z,104.4,-107.2,90.4,-14,0,0.4,4546.33,4543.94,,4543.87,SELL,USD,1,1,1583663
D#1670916,XAUUSD,100,288230376152293261,288230376151998886,288230376154304512,288230376154301651,562,2026-05-26T01:04:48.000Z,2026-05-26T01:14:10.000Z,15.45,-15.66,14.39,-1.06,0,0.03,4543.31,4548.24,4539.45,,BUY,USD,1,1,1583663
D#1702568,XAUUSD,100,288230376152293267,288230376151998860,288230376154304562,288230376154301454,603,2026-05-26T01:04:17.000Z,2026-05-26T01:14:20.000Z,-151,147.5,-168.5,-17.5,0,0.5,4545.27,4548.51,,,SELL,USD,1,1,1583663
D#1702693,XAUUSD,100,288230376152293329,288230376151999052,288230376154304851,288230376154303406,301,2026-05-26T01:10:16.000Z,2026-05-26T01:15:17.000Z,26.8,-29.6,12.8,-14,0,0.4,4547.72,4547.27,,4545.19,SELL,USD,1,1,1583663
D#1614602,XAUUSD,100,288230376152293408,288230376151999151,288230376154305452,288230376154304586,192,2026-05-26T01:14:24.000Z,2026-05-26T01:17:36.000Z,6.05,-6.3999999999999995,4.29,-1.76,0,0.05,4548.12,4547.13,,,SELL,USD,1,1,1583663
D#1702667,XAUUSD,100,288230376152293502,288230376151998993,288230376154302917,288230376154302718,761,2026-05-26T01:08:03.000Z,2026-05-26T01:20:44.000Z,31,-32.4,24.0,-7,0,0.2,4545.51,4545.53,4545.71,4550.48,BUY,USD,1,1,1583663
D#1702693,XAUUSD,100,288230376152293535,288230376151999258,288230376154306033,288230376154306031,63,2026-05-26T01:20:02.000Z,2026-05-26T01:21:05.000Z,114,-116.8,100.0,-14,0,0.4,4547.08,4544.45,,4544.52,SELL,USD,1,1,1583663
D#1702417,XAUUSD,100,288230376152293562,288230376151999269,288230376154306251,288230376154306181,57,2026-05-26T01:20:33.000Z,2026-05-26T01:21:30.000Z,104.1,-106.19999999999999,93.6,-10.5,0,0.3,4547.16,4543.91,4551.46,4543.82,SELL,USD,1,1,1583663
D#1702496,XAUUSD,100,288230376152293611,288230376151999267,288230376154306694,288230376154306126,109,2026-05-26T01:20:18.000Z,2026-05-26T01:22:07.000Z,20.1,-20.450000000000003,18.34,-1.76,0,0.05,4547.83,4544.03,,,SELL,USD,1,1,1583663
D#1702691,XAUUSD,100,288230376152293689,288230376151998862,288230376154307281,288230376154301462,1205,2026-05-26T01:04:19.000Z,2026-05-26T01:24:24.000Z,4.24,-4.5200000000000005,2.84,-1.4,0,0.04,4545.12,4544.28,,,SELL,USD,1,1,1583663
D#1702667,XAUUSD,100,288230376152293838,288230376151999283,288230376154306703,288230376154306373,416,2026-05-26T01:21:08.000Z,2026-05-26T01:28:04.000Z,-37.8,36.4,-44.8,-7,0,0.2,4544.22,4546.33,4546.28,4540.16,SELL,USD,1,1,1583663
D#1702496,XAUUSD,100,288230376152293839,288230376151999328,288230376154307156,288230376154306888,320,2026-05-26T01:22:44.000Z,2026-05-26T01:28:04.000Z,-13.8,13.100000000000001,-17.3,-3.5,0,0.1,4544.73,4546.33,4546.34,,SELL,USD,1,1,1583663
D#1702693,XAUUSD,100,288230376152293870,288230376151999433,288230376154308437,288230376154308238,67,2026-05-26T01:28:13.000Z,2026-05-26T01:29:20.000Z,21.76,-24.560000000000002,7.76,-14,0,0.4,4546.03,4546.03,4545.79,4543.86,SELL,USD,1,1,1583663
D#1702501,XAUUSD,100,288230376152293873,288230376151999445,288230376154308517,288230376154308443,24,2026-05-26T01:29:07.000Z,2026-05-26T01:29:31.000Z,-0.19,0.12,-0.55,-0.36,0,0.01,4545.37,4544.96,,,BUY,USD,1,1,1583663
D#1702667,XAUUSD,100,288230376152293889,288230376151999439,288230376154308656,288230376154308293,98,2026-05-26T01:28:24.000Z,2026-05-26T01:30:02.000Z,-51,49.25,-59.76,-8.76,0,0.25,4546.15,4543.89,4543.16,4549.79,BUY,USD,1,1,1583663
D#1702667,XAUUSD,100,288230376152293984,288230376151999462,288230376154308895,288230376154308689,33,2026-05-26T01:30:07.000Z,2026-05-26T01:30:40.000Z,-124.5,121.0,-142.0,-17.5,0,0.5,4543.83,4541.12,,,BUY,USD,1,1,1583663
D#1702443,XAUUSD,100,288230376152294121,288230376151999285,288230376154309528,288230376154306400,677,2026-05-26T01:21:16.000Z,2026-05-26T01:32:33.000Z,40.04,-40.949999999999996,35.48,-4.56,0,0.13,4544.29,4541.43,4547.95,4537.31,SELL,USD,1,1,1583663
D#1702743,XAUUSD,100,288230376152294151,288230376151999144,288230376154306745,288230376154304504,1122,2026-05-26T01:14:08.000Z,2026-05-26T01:32:50.000Z,8.66,-8.73,8.3,-0.36,0,0.01,4548.04,4539.6,4554.9,4539.52,SELL,USD,1,1,1583663
D#1702691,XAUUSD,100,288230376152294143,288230376151999362,288230376154308103,288230376154307343,488,2026-05-26T01:24:42.000Z,2026-05-26T01:32:50.000Z,57.82,-58.8,52.92,-4.9,0,0.14,4543.54,4539.63,,4539.76,SELL,USD,1,1,1583663
D#1702504,XAUUSD,100,288230376152294180,288230376151999539,288230376154309251,288230376154309249,99,2026-05-26T01:31:40.000Z,2026-05-26T01:33:19.000Z,-121.92,118.56,-138.72,-16.8,0,0.48,4542.06,4539.3,4539.38,4546.45,BUY,USD,1,1,1583663
D#1702589,XAUUSD,100,288230376152294182,288230376151999192,288230376154305090,288230376154305084,1033,2026-05-26T01:16:07.000Z,2026-05-26T01:33:20.000Z,40.32,-40.74,38.22,-2.1,0,0.06,4545.94,4539.44,4553.49,4539.29,SELL,USD,1,1,1583663
D#1702582,XAUUSD,100,288230376152294187,288230376151999294,288230376154309821,288230376154306476,712,2026-05-26T01:21:30.000Z,2026-05-26T01:33:22.000Z,87.8,-89.2,80.8,-7,0,0.2,4543.69,4539.52,,,SELL,USD,1,1,1583663
D#1702518,XAUUSD,100,288230376152294218,288230376151998813,288230376154300921,288230376154300919,1883,2026-05-26T01:02:30.000Z,2026-05-26T01:33:53.000Z,-22.29,22.08,-23.35,-1.06,0,0.03,4546.58,4538.93,4539.12,,BUY,USD,1,1,1583663
D#1702430,XAUUSD,100,288230376152294217,288230376151998817,288230376154305323,288230376154300980,1870,2026-05-26T01:02:43.000Z,2026-05-26T01:33:53.000Z,-40.95,40.6,-42.71,-1.76,0,0.05,4547.34,4538.93,4539,4553,BUY,USD,1,1,1583663
D#1702380,XAUUSD,100,288230376152294404,288230376151999618,288230376154310790,288230376154310145,123,2026-05-26T01:34:14.000Z,2026-05-26T01:36:17.000Z,-0.46,0.39,-0.82,-0.36,0,0.01,4537.55,4538.23,,,SELL,USD,1,1,1583663
D#1670916,XAUUSD,100,288230376152294435,288230376151999468,288230376154309506,288230376154308714,372,2026-05-26T01:30:12.000Z,2026-05-26T01:36:24.000Z,-23.97,23.759999999999998,-25.03,-1.06,0,0.03,4543.34,4535.13,4535.96,,BUY,USD,1,1,1583663
D#1702691,XAUUSD,100,288230376152294444,288230376151999594,288230376154310204,288230376154309948,157,2026-05-26T01:33:47.000Z,2026-05-26T01:36:24.000Z,54.88,-55.86,49.98,-4.9,0,0.14,4539.45,4535.75,,4535.53,SELL,USD,1,1,1583663
D#1702504,XAUUSD,100,288230376152294434,288230376151999641,288230376154310362,288230376154310360,91,2026-05-26T01:34:53.000Z,2026-05-26T01:36:24.000Z,-159.84,156.48,-176.64,-16.8,0,0.48,4538.68,4535.13,4535.78,4545.99,BUY,USD,1,1,1583663
D#1702730,XAUUSD,100,288230376152294494,288230376151999307,288230376154308638,288230376154306602,898,2026-05-26T01:21:49.000Z,2026-05-26T01:36:47.000Z,-42.25,41.9,-44.01,-1.76,0,0.05,4543.49,4534.82,4534.99,,BUY,USD,1,1,1583663
D#1702417,XAUUSD,100,288230376152294621,288230376151999666,288230376154310656,288230376154310548,129,2026-05-26T01:35:30.000Z,2026-05-26T01:37:39.000Z,110.1,-112.19999999999999,99.6,-10.5,0,0.3,4537.79,4534.34,4542.78,4534.23,SELL,USD,1,1,1583663
D#1702403,XAUUSD,100,288230376152294649,288230376151999423,288230376154311376,288230376154308154,606,2026-05-26T01:27:50.000Z,2026-05-26T01:37:56.000Z,29.13,-29.34,28.07,-1.06,0,0.03,4544.76,4535.27,,4531.35,SELL,USD,1,1,1583663
D#1702693,XAUUSD,100,288230376152294696,288230376151999552,288230376154311528,288230376154309402,370,2026-05-26T01:32:12.000Z,2026-05-26T01:38:22.000Z,-394,391.2,-408.0,-14,0,0.4,4542.19,4532.12,,4544.68,BUY,USD,1,1,1583663
D#1702693,XAUUSD,100,288230376152294753,288230376151999777,288230376154311707,288230376154311660,8,2026-05-26T01:38:43.000Z,2026-05-26T01:38:51.000Z,16.8,-19.6,2.8,-14,0,0.4,4533.95,4534.15,,,BUY,USD,1,1,1583663
D#1702691,XAUUSD,100,288230376152294834,288230376151999720,288230376154311218,288230376154311069,156,2026-05-26T01:37:05.000Z,2026-05-26T01:39:41.000Z,51.24,-52.22,46.34,-4.9,0,0.14,4535.23,4531.79,,4531.69,SELL,USD,1,1,1583663
D#1702458,XAUUSD,100,288230376152294905,288230376151999584,288230376154310735,288230376154309836,380,2026-05-26T01:33:24.000Z,2026-05-26T01:39:44.000Z,106.6,-107.3,103.1,-3.5,0,0.1,4539.67,4529.23,,4529.8,SELL,USD,1,1,1583663
D#1702366,XAUUSD,100,288230376152295144,288230376151999783,288230376154312919,288230376154311768,168,2026-05-26T01:39:02.000Z,2026-05-26T01:41:50.000Z,5.7,-5.7700000000000005,5.34,-0.36,0,0.01,4534.67,4529.19,4549.33,4504.08,SELL,USD,1,1,1583663
D#1702458,XAUUSD,100,288230376152295178,288230376151999936,288230376154313112,288230376154312866,43,2026-05-26T01:41:41.000Z,2026-05-26T01:42:24.000Z,3.7,-4.4,0.2,-3.5,0,0.1,4530.44,4530.59,,,BUY,USD,1,1,1583663
D#1702403,XAUUSD,100,288230376152295215,288230376151999943,288230376154313349,288230376154312915,78,2026-05-26T01:41:50.000Z,2026-05-26T01:43:08.000Z,12.12,-12.399999999999999,10.72,-1.4,0,0.04,4529.21,4532.02,,,BUY,USD,1,1,1583663
D#1702433,XAUUSD,100,288230376152295228,288230376151999946,288230376154313438,288230376154312932,90,2026-05-26T01:41:53.000Z,2026-05-26T01:43:23.000Z,2.93,-3.0,2.57,-0.36,0,0.01,4529.6,4532.31,,,BUY,USD,1,1,1583663
D#1702496,XAUUSD,100,288230376152295278,288230376151999542,288230376154313781,288230376154309287,761,2026-05-26T01:31:46.000Z,2026-05-26T01:44:27.000Z,243.2,-244.6,236.2,-7,0,0.2,4541.88,4529.94,,,SELL,USD,1,1,1583663
D#1670997,XAUUSD,100,288230376152295362,288230376151999531,288230376154314090,288230376154309155,841,2026-05-26T01:31:22.000Z,2026-05-26T01:45:23.000Z,175.4,-176.8,168.4,-7,0,0.2,4541.76,4533.21,4566.63,4513.83,SELL,USD,1,1,1583663
D#1702640,XAUUSD,100,288230376152295366,288230376151999944,288230376154314108,288230376154312921,215,2026-05-26T01:41:50.000Z,2026-05-26T01:45:25.000Z,-85.2,83.8,-92.2,-7,0,0.2,4528.88,4533.36,,,SELL,USD,1,1,1583663
D#1702382,XAUUSD,100,288230376152295382,288230376152000058,288230376154314166,288230376154314150,3,2026-05-26T01:45:32.000Z,2026-05-26T01:45:35.000Z,-0.28,0.21000000000000002,-0.64,-0.36,0,0.01,4533.25,4533.75,,,SELL,USD,1,1,1583663
D#1702433,XAUUSD,100,288230376152295516,288230376152000056,288230376154314775,288230376154314135,118,2026-05-26T01:45:30.000Z,2026-05-26T01:47:28.000Z,1.8,-1.87,1.44,-0.36,0,0.01,4533.4,4534.98,,,BUY,USD,1,1,1583663
D#1702443,XAUUSD,100,288230376152295917,288230376152000042,288230376154316947,288230376154314037,551,2026-05-26T01:45:16.000Z,2026-05-26T01:54:27.000Z,35.75,-36.66,31.19,-4.56,0,0.13,4533.19,4535.72,4529.64,4537.76,BUY,USD,1,1,1583663
D#1702417,XAUUSD,100,288230376152295941,288230376152000105,288230376154317046,288230376154314612,466,2026-05-26T01:47:00.000Z,2026-05-26T01:54:46.000Z,52.5,-54.6,42.0,-10.5,0,0.3,4533.74,4535.27,4530.21,4537.26,BUY,USD,1,1,1583663
D#1702430,XAUUSD,100,288230376152295984,288230376152000046,288230376154317254,288230376154314081,608,2026-05-26T01:45:22.000Z,2026-05-26T01:55:30.000Z,46,-47.4,39.0,-7,0,0.2,4533.58,4535.66,,4553,BUY,USD,1,1,1583663
D#1702457,XAUUSD,100,288230376152296050,288230376152000323,288230376154317644,288230376154316773,175,2026-05-26T01:53:54.000Z,2026-05-26T01:56:49.000Z,2.85,-3.9000000000000004,-2.41,-5.26,0,0.15,4535.45,4535.42,,,BUY,USD,1,1,1583663
D#1614622,XAUUSD,100,288230376152296068,288230376152000155,288230376154315267,288230376154315080,542,2026-05-26T01:48:20.000Z,2026-05-26T01:57:22.000Z,35.85,-36.9,30.59,-5.26,0,0.15,4532.3,4534.47,4534.78,4540.01,BUY,USD,1,1,1583663
D#1702496,XAUUSD,100,288230376152296141,288230376152000177,288230376154318342,288230376154315285,630,2026-05-26T01:49:00.000Z,2026-05-26T01:59:30.000Z,-79.75,78.0,-88.51,-8.76,0,0.25,4533.31,4536.72,,,SELL,USD,1,1,1583663
D#1670997,XAUUSD,100,288230376152296148,288230376152000070,288230376154318357,288230376154314247,824,2026-05-26T01:45:49.000Z,2026-05-26T01:59:33.000Z,-176.8,174.0,-190.8,-14,0,0.4,4532.82,4537.46,4539.51,4524.25,SELL,USD,1,1,1583663
D#1702630,XAUUSD,100,288230376152296172,288230376152000239,288230376154316035,288230376154315877,529,2026-05-26T01:50:55.000Z,2026-05-26T01:59:44.000Z,-71.68,70.7,-76.58,-4.9,0,0.14,4532.27,4537.61,4537.5,4524.24,SELL,USD,1,1,1583663
D#1702430,XAUUSD,100,288230376152296242,288230376152000475,288230376154318736,288230376154318313,81,2026-05-26T01:59:25.000Z,2026-05-26T02:00:46.000Z,29.4,-30.799999999999997,22.4,-7,0,0.2,4536.43,4537.68,,4553,BUY,USD,1,1,1583663
D#1702472,XAUUSD,100,288230376152296389,288230376152000474,288230376154319557,288230376154318259,267,2026-05-26T01:59:13.000Z,2026-05-26T02:03:40.000Z,1.15,-1.22,0.79,-0.36,0,0.01,4535.74,4536.67,,4580,BUY,USD,1,1,1583663
D#1702403,XAUUSD,100,288230376152296394,288230376152000116,288230376154319589,288230376154314724,987,2026-05-26T01:47:21.000Z,2026-05-26T02:03:48.000Z,14.98,-15.47,12.52,-2.46,0,0.07,4534.87,4536.79,4529.91,4539.6,BUY,USD,1,1,1583663
D#1702589,XAUUSD,100,288230376152296438,288230376152000006,288230376154319880,288230376154313618,1262,2026-05-26T01:44:00.000Z,2026-05-26T02:05:02.000Z,27.66,-28.080000000000002,25.56,-2.1,0,0.06,4531.4,4535.79,4523.82,4539.04,BUY,USD,1,1,1583663
D#1702681,XAUUSD,100,288230376152296474,288230376152000473,288230376154318970,288230376154318260,414,2026-05-26T01:59:13.000Z,2026-05-26T02:06:07.000Z,-21.84,21.28,-24.64,-2.8,0,0.08,4535.44,4538.39,4538.28,4529.15,SELL,USD,1,1,1583663
D#1702403,XAUUSD,100,288230376152296486,288230376152000623,288230376154320176,288230376154319868,77,2026-05-26T02:04:59.000Z,2026-05-26T02:06:16.000Z,-14.8,14.24,-17.6,-2.8,0,0.08,4536.48,4538.55,,,SELL,USD,1,1,1583663
D#1702433,XAUUSD,100,288230376152296490,288230376152000137,288230376154320183,288230376154314933,1105,2026-05-26T01:47:53.000Z,2026-05-26T02:06:18.000Z,12.04,-12.18,11.34,-0.7,0,0.02,4532.52,4538.32,,,BUY,USD,1,1,1583663
D#1702640,XAUUSD,100,288230376152296504,288230376152000193,288230376154320244,288230376154315468,1017,2026-05-26T01:49:35.000Z,2026-05-26T02:06:32.000Z,-83,81.6,-90.0,-7,0,0.2,4534.49,4538.86,,,SELL,USD,1,1,1583663
D#1702690,XAUUSD,100,288230376152296626,288230376151998951,288230376154302206,288230376154302204,3821,2026-05-26T01:06:20.000Z,2026-05-26T02:10:01.000Z,27,-27.35,25.24,-1.76,0,0.05,4544.82,4539.64,4539.52,4521.67,SELL,USD,1,1,1583663
D#1702403,XAUUSD,100,288230376152296733,288230376152000705,288230376154321674,288230376154320855,200,2026-05-26T02:09:23.000Z,2026-05-26T02:12:43.000Z,0.56,-1.12,-2.24,-2.8,0,0.08,4538,4537.85,4536.4,,BUY,USD,1,1,1583663
D#1670997,XAUUSD,100,288230376152296737,288230376152000493,288230376154321711,288230376154318414,791,2026-05-26T01:59:45.000Z,2026-05-26T02:12:56.000Z,27,-30.5,9.5,-17.5,0,0.5,4537.5,4537.82,4531.59,4546.37,BUY,USD,1,1,1583663
D#1702430,XAUUSD,100,288230376152296849,288230376152000741,288230376154322459,288230376154321277,317,2026-05-26T02:11:03.000Z,2026-05-26T02:16:20.000Z,16,-17.4,9.0,-7,0,0.2,4538.84,4538.26,,4535.6,SELL,USD,1,1,1583663
D#1670964,XAUUSD,100,288230376152296891,288230376152000816,288230376154322767,288230376154322230,153,2026-05-26T02:15:16.000Z,2026-05-26T02:17:49.000Z,1.28,-1.35,0.92,-0.36,0,0.01,4538.74,4537.68,4540.09,,SELL,USD,1,1,1583663
D#1702403,XAUUSD,100,288230376152296905,288230376152000811,288230376154322872,288230376154322143,207,2026-05-26T02:14:55.000Z,2026-05-26T02:18:22.000Z,-23.4,22.0,-30.4,-7,0,0.2,4538.48,4537.09,,,BUY,USD,1,1,1583663
D#1702640,XAUUSD,100,288230376152296917,288230376152000704,288230376154322943,288230376154320838,564,2026-05-26T02:09:17.000Z,2026-05-26T02:18:41.000Z,-18,16.6,-25.0,-7,0,0.2,4537.81,4536.69,,,BUY,USD,1,1,1583663
D#1702403,XAUUSD,100,288230376152296942,288230376152000874,288230376154323103,288230376154322902,61,2026-05-26T02:18:28.000Z,2026-05-26T02:19:29.000Z,-68,65.2,-82.0,-14,0,0.4,4536.79,4538.71,,,SELL,USD,1,1,1583663
D#1702458,XAUUSD,100,288230376152297230,288230376151999977,288230376154325261,288230376154313307,2780,2026-05-26T01:43:01.000Z,2026-05-26T02:29:21.000Z,-50.9,50.199999999999996,-54.4,-3.5,0,0.1,4531.54,4536.85,,4521.5,SELL,USD,1,1,1583663
D#1702403,XAUUSD,100,288230376152297293,288230376152000892,288230376154325590,288230376154323108,671,2026-05-26T02:19:30.000Z,2026-05-26T02:30:41.000Z,-136,133.2,-150.0,-14,0,0.4,4538.78,4535.16,,,BUY,USD,1,1,1583663
D#1702563,XAUUSD,100,288230376152297312,288230376152000913,288230376154325638,288230376154323303,626,2026-05-26T02:20:22.000Z,2026-05-26T02:30:48.000Z,93.9,-96.0,83.4,-10.5,0,0.3,4538.1,4535.19,4537.98,4534.54,SELL,USD,1,1,1583663
D#1702701,XAUUSD,100,288230376152297436,288230376152000989,288230376154324499,288230376154324351,486,2026-05-26T02:25:08.000Z,2026-05-26T02:33:14.000Z,-26.82,26.4,-28.92,-2.1,0,0.06,4538.49,4533.8,4534.11,4549.31,BUY,USD,1,1,1583663
D#1702681,XAUUSD,100,288230376152297495,288230376152000734,288230376154322456,288230376154321192,1463,2026-05-26T02:10:44.000Z,2026-05-26T02:35:07.000Z,32.32,-32.88,29.52,-2.8,0,0.08,4539.23,4535.41,4535,4527.27,SELL,USD,1,1,1583663
D#1671058,XAUUSD,100,288230376152297562,288230376152001039,288230376154326992,288230376154324981,516,2026-05-26T02:27:55.000Z,2026-05-26T02:36:31.000Z,14.4,-15.8,7.4,-7,0,0.2,4537.75,4537.25,,,SELL,USD,1,1,1583663
D#1702656,XAUUSD,100,288230376152297631,288230376152001195,288230376154327350,288230376154326544,205,2026-05-26T02:34:36.000Z,2026-05-26T02:38:01.000Z,12.9,-13.25,11.14,-1.76,0,0.05,4534.98,4537.34,,,BUY,USD,1,1,1583663
D#1702656,XAUUSD,100,288230376152297727,288230376152001276,288230376154327920,288230376154327363,161,2026-05-26T02:38:04.000Z,2026-05-26T02:40:45.000Z,-3.72,3.5100000000000002,-4.78,-1.06,0,0.03,4537.13,4538.59,,,SELL,USD,1,1,1583663
D#1614622,XAUUSD,100,288230376152297833,288230376152001163,288230376154326419,288230376154326254,602,2026-05-26T02:33:18.000Z,2026-05-26T02:43:20.000Z,15.75,-16.8,10.49,-5.26,0,0.15,4534.46,4535.29,4535.41,4542.32,BUY,USD,1,1,1583663
D#1671058,XAUUSD,100,288230376152297861,288230376152001359,288230376154328618,288230376154328323,70,2026-05-26T02:42:36.000Z,2026-05-26T02:43:46.000Z,51.4,-52.8,44.4,-7,0,0.2,4536.66,4534.31,,,SELL,USD,1,1,1583663
D#1702494,XAUUSD,100,288230376152297940,288230376152000038,288230376154314358,288230376154314027,3630,2026-05-26T01:45:14.000Z,2026-05-26T02:45:44.000Z,-0.21,-0.28,-2.67,-2.46,0,0.07,4533.45,4533.2,4533.4,4547.69,BUY,USD,1,1,1583663
D#1671094,XAUUSD,100,288230376152297941,288230376152001423,288230376154329122,288230376154329009,21,2026-05-26T02:45:23.000Z,2026-05-26T02:45:44.000Z,0.3,-0.37,-0.06,-0.36,0,0.01,4533.58,4533.5,,,SELL,USD,1,1,1583663
D#1702710,XAUUSD,100,288230376152297949,288230376152001296,288230376154328025,288230376154327628,389,2026-05-26T02:39:26.000Z,2026-05-26T02:45:55.000Z,-50.8,50.099999999999994,-54.3,-3.5,0,0.1,4537.77,4532.47,4532.62,4578.81,BUY,USD,1,1,1583663
D#1702728,XAUUSD,100,288230376152297977,288230376152000535,288230376154319077,288230376154318783,2727,2026-05-26T02:00:52.000Z,2026-05-26T02:46:19.000Z,-45.84,45.28,-48.64,-2.8,0,0.08,4537.92,4531.97,4532.16,4541.14,BUY,USD,1,1,1583663
D#1702656,XAUUSD,100,288230376152298064,288230376152001326,288230376154329615,288230376154327932,408,2026-05-26T02:40:47.000Z,2026-05-26T02:47:35.000Z,54.3,-55.0,50.8,-3.5,0,0.1,4538.28,4533.07,,,SELL,USD,1,1,1583663
D#1702496,XAUUSD,100,288230376152298071,288230376152000497,288230376154329673,288230376154318451,2879,2026-05-26T01:59:51.000Z,2026-05-26T02:47:50.000Z,100.25,-102.0,91.49,-8.76,0,0.25,4537.01,4533.22,,,SELL,USD,1,1,1583663
D#1671059,XAUUSD,100,288230376152298076,288230376152001400,288230376154329020,288230376154328683,232,2026-05-26T02:44:05.000Z,2026-05-26T02:47:57.000Z,11,-12.4,4.0,-7,0,0.2,4533.95,4533.62,4533.52,4528.84,SELL,USD,1,1,1583663
D#1702582,XAUUSD,100,288230376152298120,288230376152001091,288230376154330074,288230376154325595,1128,2026-05-26T02:30:41.000Z,2026-05-26T02:49:29.000Z,53,-54.4,46.0,-7,0,0.2,4534.93,4532.5,,,SELL,USD,1,1,1583663
D#1702337,XAUUSD,100,288230376152298122,288230376152000450,288230376154330080,288230376154317978,3086,2026-05-26T01:58:05.000Z,2026-05-26T02:49:31.000Z,50.8,-52.199999999999996,43.8,-7,0,0.2,4534.99,4532.67,,,SELL,USD,1,1,1583663
D#1702430,XAUUSD,100,288230376152298172,288230376152001089,288230376154330419,288230376154325583,1214,2026-05-26T02:30:40.000Z,2026-05-26T02:50:54.000Z,-68.2,66.8,-75.2,-7,0,0.2,4535.45,4531.82,4531.3,4540,BUY,USD,1,1,1583663
D#1670934,XAUUSD,100,288230376152298226,288230376152001485,288230376154329618,288230376154329617,271,2026-05-26T02:47:35.000Z,2026-05-26T02:52:06.000Z,-28.5,27.45,-33.76,-5.26,0,0.15,4533.01,4530.89,4531.01,,BUY,USD,1,1,1583663
D#1702656,XAUUSD,100,288230376152298247,288230376152001486,288230376154330746,288230376154329649,269,2026-05-26T02:47:44.000Z,2026-05-26T02:52:13.000Z,-20.6,19.900000000000002,-24.1,-3.5,0,0.1,4532.72,4530.44,,,BUY,USD,1,1,1583663
D#1614602,XAUUSD,100,288230376152298354,288230376152001585,288230376154331337,288230376154330933,104,2026-05-26T02:52:59.000Z,2026-05-26T02:54:43.000Z,2.75,-3.1,0.99,-1.76,0,0.05,4532.04,4532.37,,,BUY,USD,1,1,1583663
D#1671059,XAUUSD,100,288230376152298418,288230376152001582,288230376154331670,288230376154330878,198,2026-05-26T02:52:47.000Z,2026-05-26T02:56:05.000Z,45.6,-47.0,38.6,-7,0,0.2,4531.73,4533.79,4526.95,4536.58,BUY,USD,1,1,1583663
D#1702563,XAUUSD,100,288230376152298422,288230376152001454,288230376154329729,288230376154329295,587,2026-05-26T02:46:20.000Z,2026-05-26T02:56:07.000Z,-77.1,75.0,-87.6,-10.5,0,0.3,4531.91,4534.7,4534.52,4528.35,SELL,USD,1,1,1583663
D#1614602,XAUUSD,100,288230376152298455,288230376152001628,288230376154331803,288230376154331435,103,2026-05-26T02:55:03.000Z,2026-05-26T02:56:46.000Z,-11.1,10.75,-12.86,-1.76,0,0.05,4532.36,4534.8,,,SELL,USD,1,1,1583663
D#1702656,XAUUSD,100,288230376152298493,288230376152001573,288230376154331977,288230376154330763,325,2026-05-26T02:52:16.000Z,2026-05-26T02:57:41.000Z,30.8,-32.2,23.8,-7,0,0.2,4531.61,4532.93,,,BUY,USD,1,1,1583663
D#1702430,XAUUSD,100,288230376152298499,288230376152001650,288230376154332045,288230376154331687,108,2026-05-26T02:56:08.000Z,2026-05-26T02:57:56.000Z,77,-80.5,59.5,-17.5,0,0.5,4534.21,4532.89,,4532.32,SELL,USD,1,1,1583663
D#1702710,XAUUSD,100,288230376152298556,288230376152001729,288230376154332526,288230376154332462,17,2026-05-26T03:00:01.000Z,2026-05-26T03:00:18.000Z,9.45,-10.5,4.19,-5.26,0,0.15,4532.44,4532.85,4530.06,4544.36,BUY,USD,1,1,1583663
D#1702656,XAUUSD,100,288230376152298578,288230376152001694,288230376154332631,288230376154331990,182,2026-05-26T02:57:44.000Z,2026-05-26T03:00:46.000Z,-14.6,13.2,-21.6,-7,0,0.2,4533.02,4533.97,,,SELL,USD,1,1,1583663
D#1702430,XAUUSD,100,288230376152298763,288230376152001773,288230376154333191,288230376154333062,133,2026-05-26T03:02:27.000Z,2026-05-26T03:04:40.000Z,56.5,-60.0,39.0,-17.5,0,0.5,4535.23,4534.32,,4534.34,SELL,USD,1,1,1583663
D#1702656,XAUUSD,100,288230376152298791,288230376152001747,288230376154333736,288230376154332691,271,2026-05-26T03:01:04.000Z,2026-05-26T03:05:35.000Z,3.8,-5.2,-3.2,-7,0,0.2,4534.37,4534.34,,,BUY,USD,1,1,1583663
D#1702503,XAUUSD,100,288230376152298878,288230376152001894,288230376154334212,288230376154334141,17,2026-05-26T03:07:21.000Z,2026-05-26T03:07:38.000Z,2.9,-3.6,-0.6,-3.5,0,0.1,4535.81,4535.88,,,BUY,USD,1,1,1583663
D#1702656,XAUUSD,100,288230376152298893,288230376152001841,288230376154334276,288230376154333771,130,2026-05-26T03:05:46.000Z,2026-05-26T03:07:56.000Z,-27.6,26.200000000000003,-34.6,-7,0,0.2,4534.51,4536.11,,,SELL,USD,1,1,1583663
D#1702589,XAUUSD,100,288230376152298903,288230376152001058,288230376154334346,288230376154325294,2323,2026-05-26T02:29:33.000Z,2026-05-26T03:08:16.000Z,1.86,-2.2800000000000002,-0.24,-2.1,0,0.06,4536.38,4536.29,4544.54,4527.4,SELL,USD,1,1,1583663
D#1702443,XAUUSD,100,288230376152298905,288230376152001828,288230376154333600,288230376154333598,198,2026-05-26T03:04:59.000Z,2026-05-26T03:08:17.000Z,-35.23,34.32,-39.79,-4.56,0,0.13,4533.6,4536.53,4536.31,4527.86,SELL,USD,1,1,1583663
D#1671059,XAUUSD,100,288230376152298918,288230376152001786,288230376154334394,288230376154333231,309,2026-05-26T03:03:17.000Z,2026-05-26T03:08:26.000Z,-35.2,33.800000000000004,-42.2,-7,0,0.2,4534.56,4536.54,4538.44,4531.4,SELL,USD,1,1,1583663
D#1670862,XAUUSD,100,288230376152298924,288230376152001714,288230376154334457,288230376154332298,579,2026-05-26T02:59:09.000Z,2026-05-26T03:08:48.000Z,69.3,-70.84,61.6,-7.7,0,0.22,4533.17,4536.1,4530,4537.6,BUY,USD,1,1,1583663
D#1702451,XAUUSD,100,288230376152298929,288230376152001896,288230376154334495,288230376154334152,93,2026-05-26T03:07:25.000Z,2026-05-26T03:08:58.000Z,10,-12.8,-4.0,-14,0,0.4,4535.8,4535.83,,4546.05,BUY,USD,1,1,1583663
D#1702392,XAUUSD,100,288230376152298943,288230376152001813,288230376154334606,288230376154333476,308,2026-05-26T03:04:28.000Z,2026-05-26T03:09:36.000Z,17.1,-17.8,13.6,-3.5,0,0.1,4534.8,4536.29,,,BUY,USD,1,1,1583663
D#1702727,XAUUSD,100,288230376152298970,288230376152001934,288230376154334799,288230376154334564,68,2026-05-26T03:09:23.000Z,2026-05-26T03:10:31.000Z,-11.18,10.27,-15.74,-4.56,0,0.13,4536.28,4535.2,,,BUY,USD,1,1,1583663
D#1702656,XAUUSD,100,288230376152298986,288230376152001922,288230376154334981,288230376154334331,194,2026-05-26T03:08:12.000Z,2026-05-26T03:11:26.000Z,-22.62,20.59,-32.78,-10.16,0,0.29,4535.74,4536.74,,,SELL,USD,1,1,1583663
D#1702563,XAUUSD,100,288230376152299020,288230376152001653,288230376154331787,288230376154331710,969,2026-05-26T02:56:13.000Z,2026-05-26T03:12:22.000Z,90,-92.1,79.5,-10.5,0,0.3,4534.65,4537.43,4531.41,4537.6,BUY,USD,1,1,1583663
D#1702630,XAUUSD,100,288230376152299027,288230376152000638,288230376154335199,288230376154320111,3980,2026-05-26T02:06:04.000Z,2026-05-26T03:12:24.000Z,-9.44,8.879999999999999,-12.24,-2.8,0,0.08,4537.05,4538.45,4542.37,4523.87,SELL,USD,1,1,1583663
D#1702392,XAUUSD,100,288230376152299034,288230376152001941,288230376154335218,288230376154334625,166,2026-05-26T03:09:43.000Z,2026-05-26T03:12:29.000Z,16.5,-17.2,13.0,-3.5,0,0.1,4536.61,4538.04,,,BUY,USD,1,1,1583663
D#1671059,XAUUSD,100,288230376152299041,288230376152001964,288230376154335269,288230376154334955,83,2026-05-26T03:11:20.000Z,2026-05-26T03:12:43.000Z,38.6,-40.0,31.6,-7,0,0.2,4536.25,4537.96,4534.56,4538.73,BUY,USD,1,1,1583663
D#1702656,XAUUSD,100,288230376152299065,288230376152001981,288230376154335472,288230376154335208,82,2026-05-26T03:12:26.000Z,2026-05-26T03:13:48.000Z,-23.78,21.75,-33.94,-10.16,0,0.29,4538.4,4537.36,,,BUY,USD,1,1,1583663
D#1702443,XAUUSD,100,288230376152299094,288230376152002017,288230376154335668,288230376154335658,1,2026-05-26T03:14:37.000Z,2026-05-26T03:14:38.000Z,-0.26,-0.65,-4.82,-4.56,0,0.13,4537.05,4537.29,,,SELL,USD,1,1,1583663
D#1702656,XAUUSD,100,288230376152299105,288230376152001997,288230376154335731,288230376154335478,70,2026-05-26T03:13:50.000Z,2026-05-26T03:15:00.000Z,-16.82,14.790000000000001,-26.98,-10.16,0,0.29,4537.78,4536.98,,,BUY,USD,1,1,1583663
D#1702561,XAUUSD,100,288230376152299166,288230376152001951,288230376154336107,288230376154334734,397,2026-05-26T03:10:15.000Z,2026-05-26T03:16:52.000Z,-10.14,9.93,-11.2,-1.06,0,0.03,4534.99,4538.59,,,SELL,USD,1,1,1583663
D#1702417,XAUUSD,100,288230376152299181,288230376152001962,288230376154336181,288230376154334946,359,2026-05-26T03:11:17.000Z,2026-05-26T03:17:16.000Z,74.7,-76.8,64.2,-10.5,0,0.3,4536.26,4538.53,4531.84,4539.61,BUY,USD,1,1,1583663
D#1702443,XAUUSD,100,288230376152299201,288230376152002018,288230376154336284,288230376154335672,188,2026-05-26T03:14:40.000Z,2026-05-26T03:17:48.000Z,-22.62,21.71,-27.18,-4.56,0,0.13,4536.97,4538.93,4539.55,4529.32,SELL,USD,1,1,1583663
D#1614622,XAUUSD,100,288230376152299202,288230376152001554,288230376154336287,288230376154330618,1559,2026-05-26T02:51:50.000Z,2026-05-26T03:17:49.000Z,108.6,-109.64999999999999,103.34,-5.26,0,0.15,4531.69,4538.71,4536.53,4539.43,BUY,USD,1,1,1583663
D#1702494,XAUUSD,100,288230376152299219,288230376152001685,288230376154332040,288230376154331900,1274,2026-05-26T02:57:19.000Z,2026-05-26T03:18:33.000Z,102.8,-104.2,95.8,-7,0,0.2,4533.99,4538.91,4532.62,4538.94,BUY,USD,1,1,1583663
D#1702487,XAUUSD,100,288230376152299220,288230376152001944,288230376154334894,288230376154334663,516,2026-05-26T03:09:57.000Z,2026-05-26T03:18:33.000Z,139.5,-142.65,123.74,-15.76,0,0.45,4536.03,4538.91,,4539,BUY,USD,1,1,1583663
D#1702382,XAUUSD,100,288230376152299238,288230376152000754,288230376154321784,288230376154321450,4020,2026-05-26T02:11:48.000Z,2026-05-26T03:18:48.000Z,-14.88,14.040000000000001,-19.08,-4.2,0,0.12,4538.56,4540.02,4539.52,4515.46,SELL,USD,1,1,1583663
D#1670964,XAUUSD,100,288230376152299247,288230376152000863,288230376154323561,288230376154322788,3652,2026-05-26T02:17:56.000Z,2026-05-26T03:18:48.000Z,-24.36,23.52,-28.56,-4.2,0,0.12,4537.86,4540.11,4539.97,4503.21,SELL,USD,1,1,1583663
D#1702687,XAUUSD,100,288230376152299240,288230376152001188,288230376154327540,288230376154326480,2669,2026-05-26T02:34:19.000Z,2026-05-26T03:18:48.000Z,-56.2,55.5,-59.7,-3.5,0,0.1,4534.18,4540.02,4539.79,4527.34,SELL,USD,1,1,1583663
D#1670866,XAUUSD,100,288230376152299251,288230376152001206,288230376154336525,288230376154326666,2627,2026-05-26T02:35:11.000Z,2026-05-26T03:18:58.000Z,2.71,-2.78,2.35,-0.36,0,0.01,4535.91,4538.4,,,BUY,USD,1,1,1583663
D#1702701,XAUUSD,100,288230376152299279,288230376152001479,288230376154336752,288230376154329592,1968,2026-05-26T02:47:29.000Z,2026-05-26T03:20:17.000Z,51.2,-51.760000000000005,48.4,-2.8,0,0.08,4532.4,4538.58,4528.54,4540.28,BUY,USD,1,1,1583663
D#1670866,XAUUSD,100,288230376152299321,288230376152002086,288230376154336864,288230376154336557,95,2026-05-26T03:19:08.000Z,2026-05-26T03:20:43.000Z,6.96,-7.38,4.86,-2.1,0,0.06,4539.01,4539.95,,,BUY,USD,1,1,1583663
D#1702392,XAUUSD,100,288230376152299340,288230376152001984,288230376154336915,288230376154335245,498,2026-05-26T03:12:36.000Z,2026-05-26T03:20:54.000Z,21.9,-22.599999999999998,18.4,-3.5,0,0.1,4538.35,4540.32,,,BUY,USD,1,1,1583663
D#1670934,XAUUSD,100,288230376152299351,288230376152001587,288230376154336965,288230376154330942,1680,2026-05-26T02:53:03.000Z,2026-05-26T03:21:03.000Z,129,-130.05,123.74,-5.26,0,0.15,4531.72,4540.1,4538.75,,BUY,USD,1,1,1583663
D#1702728,XAUUSD,100,288230376152299373,288230376152001976,288230376154335343,288230376154335129,548,2026-05-26T03:12:06.000Z,2026-05-26T03:21:14.000Z,32.28,-32.7,30.18,-2.1,0,0.06,4536.11,4541.27,4529.34,4541.14,BUY,USD,1,1,1583663
D#1702433,XAUUSD,100,288230376152299397,288230376152000655,288230376154320713,288230376154320247,4487,2026-05-26T02:06:32.000Z,2026-05-26T03:21:19.000Z,6.72,-6.859999999999999,6.02,-0.7,0,0.02,4538.81,4541.95,,4542,BUY,USD,1,1,1583663
D#1702392,XAUUSD,100,288230376152299410,288230376152002130,288230376154337089,288230376154336964,24,2026-05-26T03:21:03.000Z,2026-05-26T03:21:27.000Z,20.5,-21.2,17.0,-3.5,0,0.1,4540.4,4542.23,,,BUY,USD,1,1,1583663
D#1670997,XAUUSD,100,288230376152299423,288230376152000778,288230376154337144,288230376154321720,4120,2026-05-26T02:13:00.000Z,2026-05-26T03:21:40.000Z,-164.5,161.0,-182.0,-17.5,0,0.5,4537.87,4541.38,4548.16,4529.39,SELL,USD,1,1,1583663
D#1702430,XAUUSD,100,288230376152299425,288230376152001968,288230376154337147,288230376154335031,602,2026-05-26T03:11:39.000Z,2026-05-26T03:21:41.000Z,-224,220.5,-241.5,-17.5,0,0.5,4536.69,4541.39,,4530.3,SELL,USD,1,1,1583663
D#1702496,XAUUSD,100,288230376152299475,288230376152002119,288230376154337252,288230376154336883,97,2026-05-26T03:20:48.000Z,2026-05-26T03:22:25.000Z,-100.05,98.02,-110.21,-10.16,0,0.29,4540.13,4543.8,4543.68,,SELL,USD,1,1,1583663
D#1702503,XAUUSD,100,288230376152299503,288230376152001909,288230376154337449,288230376154334221,901,2026-05-26T03:07:42.000Z,2026-05-26T03:22:43.000Z,272.4,-275.2,258.4,-14,0,0.4,4536.18,4542.77,,4548.77,BUY,USD,1,1,1583663
D#1671059,XAUUSD,100,288230376152299517,288230376152002105,288230376154337509,288230376154336801,149,2026-05-26T03:20:27.000Z,2026-05-26T03:22:56.000Z,69,-70.4,62.0,-7,0,0.2,4539.02,4542.25,4541.17,4544.56,BUY,USD,1,1,1583663
D#1702503,XAUUSD,100,288230376152299542,288230376152002198,288230376154337619,288230376154337490,29,2026-05-26T03:22:51.000Z,2026-05-26T03:23:20.000Z,44,-47.5,26.5,-17.5,0,0.5,4542.46,4541.8,,,SELL,USD,1,1,1583663
D#1702503,XAUUSD,100,288230376152299608,288230376152002221,288230376154338060,288230376154337655,103,2026-05-26T03:23:30.000Z,2026-05-26T03:25:13.000Z,-52.5,49.0,-70.0,-17.5,0,0.5,4541.34,4542.61,,,SELL,USD,1,1,1583663
D#1702656,XAUUSD,100,288230376152299660,288230376152002026,288230376154338416,288230376154335737,717,2026-05-26T03:15:01.000Z,2026-05-26T03:26:58.000Z,274.5,-278.0,257.0,-17.5,0,0.5,4537.31,4542.58,,,BUY,USD,1,1,1583663
D#1702681,XAUUSD,100,288230376152299672,288230376152001538,288230376154333843,288230376154330354,2205,2026-05-26T02:50:38.000Z,2026-05-26T03:27:23.000Z,78,-78.56,75.2,-2.8,0,0.08,4532.22,4541.75,4541.86,4543.19,BUY,USD,1,1,1583663
D#1702443,XAUUSD,100,288230376152299686,288230376152002276,288230376154338432,288230376154338360,57,2026-05-26T03:26:39.000Z,2026-05-26T03:27:36.000Z,-20.02,19.11,-24.58,-4.56,0,0.13,4543,4541.24,4541.36,4547.87,BUY,USD,1,1,1583663
D#1702656,XAUUSD,100,288230376152299745,288230376152002280,288230376154339055,288230376154338448,197,2026-05-26T03:27:09.000Z,2026-05-26T03:30:26.000Z,7.5,-11.0,-10.0,-17.5,0,0.5,4542.13,4542.2,,,SELL,USD,1,1,1583663
D#1702487,XAUUSD,100,288230376152299942,288230376152002094,288230376154339827,288230376154336649,849,2026-05-26T03:19:40.000Z,2026-05-26T03:33:49.000Z,-222.3,219.15,-238.06,-15.76,0,0.45,4538.21,4543.37,,,SELL,USD,1,1,1583663
D#1702656,XAUUSD,100,288230376152299965,288230376152002326,288230376154339959,288230376154339063,243,2026-05-26T03:30:28.000Z,2026-05-26T03:34:31.000Z,62.5,-66.0,45.0,-17.5,0,0.5,4542.22,4543.25,,,BUY,USD,1,1,1583663
D#1702447,XAUUSD,100,288230376152299991,288230376152002112,288230376154336850,288230376154316922,876,2026-05-26T03:20:40.000Z,2026-05-26T03:35:16.000Z,-45.4,44.699999999999996,-48.9,-3.5,0,0.1,4540.24,4545,4544.74,4529.7,SELL,USD,1,1,1583663
D#1670972,XAUUSD,100,288230376152300054,288230376152000482,288230376154319381,288230376154318381,5840,2026-05-26T01:59:38.000Z,2026-05-26T03:36:58.000Z,120.6,-121.64999999999999,115.34,-5.26,0,0.15,4537.27,4545.09,4529.27,4545.1,BUY,USD,1,1,1583663
D#1702690,XAUUSD,100,288230376152300047,288230376152000869,288230376154322848,288230376154322846,4723,2026-05-26T02:18:15.000Z,2026-05-26T03:36:58.000Z,-53.76,53.269999999999996,-56.22,-2.46,0,0.07,4537.59,4545.49,4545.11,4520.93,SELL,USD,1,1,1583663
D#1702656,XAUUSD,100,288230376152300048,288230376152002452,288230376154340420,288230376154340014,132,2026-05-26T03:34:46.000Z,2026-05-26T03:36:58.000Z,-65.5,62.0,-83.0,-17.5,0,0.5,4543.96,4545.49,,,SELL,USD,1,1,1583663
D#1670868,XAUUSD,100,288230376152300055,288230376151999871,288230376154312492,288230376154312336,7004,2026-05-26T01:40:15.000Z,2026-05-26T03:36:59.000Z,-81.7,81.35000000000001,-83.46,-1.76,0,0.05,4528.9,4545.46,4545.33,4510.97,SELL,USD,1,1,1583663
D#1702496,XAUUSD,100,288230376152300070,288230376152002237,288230376154340497,288230376154337873,784,2026-05-26T03:24:23.000Z,2026-05-26T03:37:27.000Z,-112.8,110.0,-126.8,-14,0,0.4,4541.92,4544.96,,,SELL,USD,1,1,1583663
D#1702501,XAUUSD,100,288230376152300081,288230376152001045,288230376154340557,288230376154325081,4155,2026-05-26T02:28:26.000Z,2026-05-26T03:37:41.000Z,-198.5,196.75,-207.26,-8.76,0,0.25,4537.17,4545.33,,,SELL,USD,1,1,1583663
D#1671057,XAUUSD,100,288230376152300117,288230376152002025,288230376154340779,288230376154335723,1443,2026-05-26T03:14:58.000Z,2026-05-26T03:39:01.000Z,78.1,-78.8,74.6,-3.5,0,0.1,4537.31,4544.9,4536,4547.44,BUY,USD,1,1,1583663
D#1670934,XAUUSD,100,288230376152300132,288230376152002489,288230376154340402,288230376154340400,147,2026-05-26T03:36:55.000Z,2026-05-26T03:39:22.000Z,-6.6,5.55,-11.86,-5.26,0,0.15,4545.16,4544.5,4544.63,,BUY,USD,1,1,1583663
D#1702656,XAUUSD,100,288230376152300134,288230376152002499,288230376154340884,288230376154340459,141,2026-05-26T03:37:09.000Z,2026-05-26T03:39:30.000Z,-56,52.5,-73.5,-17.5,0,0.5,4545.12,4543.78,,,BUY,USD,1,1,1583663
D#1702451,XAUUSD,100,288230376152300136,288230376152001974,288230376154337785,288230376154335066,1663,2026-05-26T03:11:49.000Z,2026-05-26T03:39:32.000Z,294.4,-297.2,280.4,-14,0,0.4,4536.03,4543.17,4543.51,4546.42,BUY,USD,1,1,1583663
D#1702443,XAUUSD,100,288230376152300135,288230376152002509,288230376154340663,288230376154340592,98,2026-05-26T03:37:54.000Z,2026-05-26T03:39:32.000Z,-26.26,25.35,-30.82,-4.56,0,0.13,4545.41,4543.17,4543.59,4549.67,BUY,USD,1,1,1583663
D#1702563,XAUUSD,100,288230376152300241,288230376152002255,288230376154338217,288230376154338101,979,2026-05-26T03:25:26.000Z,2026-05-26T03:41:45.000Z,15.6,-17.7,5.1,-10.5,0,0.3,4542.54,4542.84,4543.13,4546.09,BUY,USD,1,1,1583663
D#1702701,XAUUSD,100,288230376152300255,288230376152002262,288230376154341385,288230376154338235,945,2026-05-26T03:26:10.000Z,2026-05-26T03:41:55.000Z,-8.7,7.6499999999999995,-13.96,-5.26,0,0.15,4543.19,4542.39,4538.05,4551,BUY,USD,1,1,1583663
D#1702496,XAUUSD,100,288230376152300261,288230376152002503,288230376154341408,288230376154340526,266,2026-05-26T03:37:35.000Z,2026-05-26T03:42:01.000Z,-184.44,180.73,-203.0,-18.56,0,0.53,4545.54,4541.84,,,BUY,USD,1,1,1583663
D#1670922,XAUUSD,100,288230376152300291,288230376152002296,288230376154341591,288230376154338613,886,2026-05-26T03:27:56.000Z,2026-05-26T03:42:42.000Z,9.8,-13.23,-7.36,-17.16,0,0.49,4541.57,4541.55,,,BUY,USD,1,1,1583663
D#1702487,XAUUSD,100,288230376152300370,288230376152002439,288230376154342022,288230376154339875,575,2026-05-26T03:34:05.000Z,2026-05-26T03:43:40.000Z,-80.55,77.39999999999999,-96.31,-15.76,0,0.45,4543.41,4541.4,,,BUY,USD,1,1,1583663
D#1645651,XAUUSD,100,288230376152300403,288230376152002736,288230376154342248,288230376154342218,10,2026-05-26T03:45:02.000Z,2026-05-26T03:45:12.000Z,0,-2.8000000000000003,-14.0,-14,0,0.4,4541.11,4541.33,,,SELL,USD,1,1,1583663
D#1670934,XAUUSD,100,288230376152300424,288230376152002751,288230376154342321,288230376154342320,9,2026-05-26T03:45:34.000Z,2026-05-26T03:45:43.000Z,-10.5,9.45,-15.76,-5.26,0,0.15,4541.89,4540.97,4541.08,,BUY,USD,1,1,1583663
D#1702697,XAUUSD,100,288230376152300442,288230376152002747,288230376154342413,288230376154342297,28,2026-05-26T03:45:30.000Z,2026-05-26T03:45:58.000Z,-15.6,14.76,-19.8,-4.2,0,0.12,4540.83,4542.35,,,SELL,USD,1,1,1583663
D#1702681,XAUUSD,100,288230376152300483,288230376152002531,288230376154341356,288230376154340838,560,2026-05-26T03:39:16.000Z,2026-05-26T03:48:36.000Z,19.68,-20.24,16.88,-2.8,0,0.08,4544.89,4542.65,4542.5,4532.98,SELL,USD,1,1,1583663
D#1702630,XAUUSD,100,288230376152300489,288230376152002093,288230376154342907,288230376154336645,1759,2026-05-26T03:19:39.000Z,2026-05-26T03:48:58.000Z,49.53,-50.44,44.97,-4.56,0,0.13,4538.49,4542.08,4528.5,4543.65,BUY,USD,1,1,1583663
D#1702656,XAUUSD,100,288230376152300588,288230376152002535,288230376154343837,288230376154340896,896,2026-05-26T03:39:34.000Z,2026-05-26T03:54:30.000Z,1.5,-5.0,-16.0,-17.5,0,0.5,4543.36,4543.55,,,SELL,USD,1,1,1583663
D#1702656,XAUUSD,100,288230376152300596,288230376152002858,288230376154343891,288230376154343867,6,2026-05-26T03:54:42.000Z,2026-05-26T03:54:48.000Z,-19.25,15.399999999999999,-38.51,-19.26,0,0.55,4542.78,4543.35,,,SELL,USD,1,1,1583663
D#1702481,XAUUSD,100,288230376152300608,288230376152002868,288230376154343959,288230376154343913,10,2026-05-26T03:54:51.000Z,2026-05-26T03:55:01.000Z,7.2,-10.56,-9.6,-16.8,0,0.48,4543.07,4543.14,,,SELL,USD,1,1,1583663
D#1702443,XAUUSD,100,288230376152300612,288230376152002819,288230376154343984,288230376154343287,238,2026-05-26T03:51:16.000Z,2026-05-26T03:55:14.000Z,-12.09,11.18,-16.65,-4.56,0,0.13,4542.2,4543.35,4545.4,4538.56,SELL,USD,1,1,1583663
D#1670934,XAUUSD,100,288230376152300709,288230376152002763,288230376154342414,288230376154342410,761,2026-05-26T03:45:58.000Z,2026-05-26T03:58:39.000Z,0.75,-1.8,-4.51,-5.26,0,0.15,4542.32,4542.15,4542.32,,BUY,USD,1,1,1583663
D#1702697,XAUUSD,100,288230376152300720,288230376152002766,288230376154344561,288230376154342436,781,2026-05-26T03:46:02.000Z,2026-05-26T03:59:03.000Z,-8.4,7.5600000000000005,-12.6,-4.2,0,0.12,4542.51,4541.59,,,BUY,USD,1,1,1583663
D#1702451,XAUUSD,100,288230376152300740,288230376152002764,288230376154344755,288230376154342411,865,2026-05-26T03:45:58.000Z,2026-05-26T04:00:23.000Z,1,-4.5,-16.5,-17.5,0,0.5,4542.34,4542.14,4541.02,4545.27,BUY,USD,1,1,1583663
D#1702451,XAUUSD,100,288230376152300765,288230376152002926,288230376154344989,288230376154344784,80,2026-05-26T04:00:38.000Z,2026-05-26T04:01:58.000Z,-25.5,22.0,-43.0,-17.5,0,0.5,4542.26,4542.99,4543.94,4538.72,SELL,USD,1,1,1583663
D#1702451,XAUUSD,100,288230376152300793,288230376152002938,288230376154345177,288230376154345014,62,2026-05-26T04:02:10.000Z,2026-05-26T04:03:12.000Z,-55.5,52.0,-73.0,-17.5,0,0.5,4543.04,4541.71,4541.23,,BUY,USD,1,1,1583663
D#1614622,XAUUSD,100,288230376152300962,288230376152002731,288230376154343950,288230376154342199,1195,2026-05-26T03:44:56.000Z,2026-05-26T04:04:51.000Z,-11.85,10.799999999999999,-17.11,-5.26,0,0.15,4541.78,4540.77,4540.99,4549.27,BUY,USD,1,1,1583663
D#1702706,XAUUSD,100,288230376152300966,288230376152002789,288230376154342781,288230376154342780,1013,2026-05-26T03:47:59.000Z,2026-05-26T04:04:52.000Z,-24.96,23.84,-30.56,-5.6,0,0.16,4542.42,4540.64,4540.75,4545.47,BUY,USD,1,1,1583663
D#1702563,XAUUSD,100,288230376152300984,288230376152002774,288230376154342626,288230376154342565,1096,2026-05-26T03:46:46.000Z,2026-05-26T04:05:02.000Z,-54.9,52.8,-65.4,-10.5,0,0.3,4542.09,4540.04,4540.23,4545.74,BUY,USD,1,1,1583663
D#1671059,XAUUSD,100,288230376152301028,288230376152002260,288230376154338402,288230376154338215,2384,2026-05-26T03:26:05.000Z,2026-05-26T04:05:49.000Z,-65.8,64.39999999999999,-72.8,-7,0,0.2,4543.01,4539.5,4539.73,4548.58,BUY,USD,1,1,1583663
D#1645651,XAUUSD,100,288230376152301046,288230376152002991,288230376154345992,288230376154345763,57,2026-05-26T04:05:07.000Z,2026-05-26T04:06:04.000Z,10.5,-12.6,0.0,-10.5,0,0.3,4539.97,4539.84,,,SELL,USD,1,1,1583663
D#1702483,XAUUSD,100,288230376152301078,288230376152002541,288230376154346196,288230376154340940,1631,2026-05-26T03:39:43.000Z,2026-05-26T04:06:54.000Z,151.6,-154.4,137.6,-14,0,0.4,4543.33,4539.76,4548.44,4538.44,SELL,USD,1,1,1583663
D#1670862,XAUUSD,100,288230376152301088,288230376152002909,288230376154346266,288230376154344523,502,2026-05-26T03:58:46.000Z,2026-05-26T04:07:08.000Z,62.92,-64.46000000000001,55.22,-7.7,0,0.22,4542.29,4539.65,4545.6,4537.85,SELL,USD,1,1,1583663
D#1702656,XAUUSD,100,288230376152301124,288230376152002873,288230376154346504,288230376154343976,794,2026-05-26T03:55:10.000Z,2026-05-26T04:08:24.000Z,166,-169.5,148.5,-17.5,0,0.5,4542.98,4539.88,,,SELL,USD,1,1,1583663
D#1670934,XAUUSD,100,288230376152301186,288230376152002981,288230376154346905,288230376154345706,360,2026-05-26T04:04:53.000Z,2026-05-26T04:10:53.000Z,92.8,-95.6,78.8,-14,0,0.4,4540.61,4538.51,4542.57,4538.35,SELL,USD,1,1,1583663
D#1645651,XAUUSD,100,288230376152301197,288230376152003097,288230376154346925,288230376154346804,46,2026-05-26T04:10:17.000Z,2026-05-26T04:11:03.000Z,6.9,-9.0,-3.6,-10.5,0,0.3,4539.4,4539.39,4539.16,,SELL,USD,1,1,1583663
D#1614622,XAUUSD,100,288230376152301225,288230376152002999,288230376154345945,288230376154345803,396,2026-05-26T04:05:17.000Z,2026-05-26T04:11:53.000Z,-45.15,44.1,-50.41,-5.26,0,0.15,4540.91,4537.68,4537.8,4548.41,BUY,USD,1,1,1583663
D#1702656,XAUUSD,100,288230376152301256,288230376152003077,288230376154347228,288230376154346539,238,2026-05-26T04:08:37.000Z,2026-05-26T04:12:35.000Z,-170,166.5,-187.5,-17.5,0,0.5,4540.71,4537.09,,,BUY,USD,1,1,1583663
D#1702528,XAUUSD,100,288230376152301268,288230376152003011,288230376154345903,288230376154342242,419,2026-05-26T04:05:46.000Z,2026-05-26T04:12:45.000Z,-54.15,53.1,-59.41,-5.26,0,0.15,4540.1,4536.27,4536.73,4547.53,BUY,USD,1,1,1583663
D#1645651,XAUUSD,100,288230376152301277,288230376152003115,288230376154347305,288230376154347039,83,2026-05-26T04:11:32.000Z,2026-05-26T04:12:55.000Z,45.6,-47.7,35.1,-10.5,0,0.3,4538.12,4536.82,,,SELL,USD,1,1,1583663
D#1702630,XAUUSD,100,288230376152301315,288230376152002956,288230376154347502,288230376154345173,642,2026-05-26T04:03:11.000Z,2026-05-26T04:13:53.000Z,70.59,-71.5,66.03,-4.56,0,0.13,4541.9,4536.69,4547.18,4533.35,SELL,USD,1,1,1583663
D#1702697,XAUUSD,100,288230376152301361,288230376152002975,288230376154347718,288230376154345593,637,2026-05-26T04:04:08.000Z,2026-05-26T04:14:45.000Z,29.5,-30.2,26.0,-3.5,0,0.1,4541.47,4538.74,,4528.88,SELL,USD,1,1,1583663
D#1671068,XAUUSD,100,288230376152301388,288230376152003055,288230376154347879,288230376154346308,491,2026-05-26T04:07:23.000Z,2026-05-26T04:15:34.000Z,1.02,-1.09,0.66,-0.36,0,0.01,4539.33,4538.53,,,SELL,USD,1,1,1583663
D#1702362,XAUUSD,100,288230376152301394,288230376152003173,288230376154347927,288230376154347611,86,2026-05-26T04:14:26.000Z,2026-05-26T04:15:52.000Z,2,-2.7,-1.5,-3.5,0,0.1,4538.01,4537.99,4536.19,4553.77,BUY,USD,1,1,1583663
D#1702697,XAUUSD,100,288230376152301434,288230376152003226,288230376154348195,288230376154348081,37,2026-05-26T04:16:36.000Z,2026-05-26T04:17:13.000Z,-19.44,18.6,-23.64,-4.2,0,0.12,4536.81,4538.65,,,SELL,USD,1,1,1583663
D#1702656,XAUUSD,100,288230376152301464,288230376152003194,288230376154348374,288230376154347748,189,2026-05-26T04:14:52.000Z,2026-05-26T04:18:01.000Z,-90.5,87.0,-108.0,-17.5,0,0.5,4537.37,4539.4,,,SELL,USD,1,1,1583663
D#1702528,XAUUSD,100,288230376152301472,288230376152003240,288230376154348499,288230376154347956,83,2026-05-26T04:17:30.000Z,2026-05-26T04:18:53.000Z,1.65,-2.7,-3.61,-5.26,0,0.15,4539.14,4539.25,4541.21,4531.62,SELL,USD,1,1,1583663
D#1702656,XAUUSD,100,288230376152301484,288230376152003254,288230376154348575,288230376154348398,75,2026-05-26T04:18:07.000Z,2026-05-26T04:19:22.000Z,-51.5,48.0,-69.0,-17.5,0,0.5,4539.21,4537.96,,,BUY,USD,1,1,1583663
D#1702480,XAUUSD,100,288230376152301532,288230376152003286,288230376154348886,288230376154348823,24,2026-05-26T04:21:08.000Z,2026-05-26T04:21:32.000Z,-0.5,-0.20000000000000007,-4.0,-3.5,0,0.1,4538.11,4537.84,,,BUY,USD,1,1,1583663
D#1702697,XAUUSD,100,288230376152301562,288230376152003238,288230376154349039,288230376154348242,290,2026-05-26T04:17:27.000Z,2026-05-26T04:22:17.000Z,-15.24,14.4,-19.44,-4.2,0,0.12,4539.05,4537.56,,,BUY,USD,1,1,1583663
D#1702528,XAUUSD,100,288230376152301601,288230376152003261,288230376154348623,288230376154348512,331,2026-05-26T04:18:57.000Z,2026-05-26T04:24:28.000Z,-47.4,46.35,-52.66,-5.26,0,0.15,4539.37,4535.99,4536.19,,BUY,USD,1,1,1583663
D#1702616,XAUUSD,100,288230376152301600,288230376152003306,288230376154349025,288230376154349023,135,2026-05-26T04:22:13.000Z,2026-05-26T04:24:28.000Z,-9.78,9.36,-11.88,-2.1,0,0.06,4537.84,4535.99,4536.23,4544.36,BUY,USD,1,1,1583663
D#1614622,XAUUSD,100,288230376152301607,288230376152003124,288230376154347180,288230376154347111,753,2026-05-26T04:11:56.000Z,2026-05-26T04:24:29.000Z,-31.95,30.9,-37.21,-5.26,0,0.15,4538.23,4535.88,4535.99,4545.98,BUY,USD,1,1,1583663
D#1702451,XAUUSD,100,288230376152301613,288230376152002960,288230376154349372,288230376154345192,1285,2026-05-26T04:03:15.000Z,2026-05-26T04:24:40.000Z,287,-290.5,278.25,-8.75,0,0.5,4541.62,4536.1,4543.93,4535.6,SELL,USD,1,1,1583663
D#1702727,XAUUSD,100,288230376152301635,288230376152001956,288230376154334932,288230376154334832,4448,2026-05-26T03:10:44.000Z,2026-05-26T04:24:52.000Z,-1.6,0.19999999999999996,-8.6,-7,0,0.2,4535.55,4535.25,4535.37,4556.85,BUY,USD,1,1,1583663
D#1702701,XAUUSD,100,288230376152301637,288230376152002623,288230376154341548,288230376154341421,2569,2026-05-26T03:42:04.000Z,2026-05-26T04:24:53.000Z,101.85,-102.89999999999999,96.59,-5.26,0,0.15,4542.05,4535.48,4546.12,4535.37,SELL,USD,1,1,1583663
D#1670934,XAUUSD,100,288230376152301647,288230376152003289,288230376154349364,288230376154348840,229,2026-05-26T04:21:13.000Z,2026-05-26T04:25:02.000Z,108.4,-111.2,94.4,-14,0,0.4,4537.89,4535.4,4536.82,4535.31,SELL,USD,1,1,1583663
D#1702382,XAUUSD,100,288230376152301662,288230376152002495,288230376154349488,288230376154338671,2892,2026-05-26T03:36:58.000Z,2026-05-26T04:25:10.000Z,222.42,-223.95999999999998,214.72,-7.7,0,0.22,4545.1,4535.21,4549.98,4532.11,SELL,USD,1,1,1583663
D#1702706,XAUUSD,100,288230376152301664,288230376152003258,288230376154348491,288230376154348474,393,2026-05-26T04:18:38.000Z,2026-05-26T04:25:11.000Z,134.54,-136.70999999999998,123.68,-10.86,0,0.31,4539.29,4535.17,4540.15,4535.07,SELL,USD,1,1,1583663
D#1670922,XAUUSD,100,288230376152301676,288230376152002678,288230376154349521,288230376154341672,2540,2026-05-26T03:42:57.000Z,2026-05-26T04:25:17.000Z,355.25,-358.68,338.09,-17.16,0,0.49,4541.69,4534.66,,,SELL,USD,1,1,1583663
D#1702595,XAUUSD,100,288230376152301680,288230376152003065,288230376154346493,288230376154346422,1040,2026-05-26T04:07:58.000Z,2026-05-26T04:25:18.000Z,46.98,-47.61,43.82,-3.16,0,0.09,4539.46,4534.46,4540.67,4534.42,SELL,USD,1,1,1583663
D#1702681,XAUUSD,100,288230376152301685,288230376152002899,288230376154344964,288230376154344404,1643,2026-05-26T03:57:57.000Z,2026-05-26T04:25:20.000Z,-66.96,66.39999999999999,-69.76,-2.8,0,0.08,4542.7,4534.11,4534.23,4554.39,BUY,USD,1,1,1583663
D#1702723,XAUUSD,100,288230376152301686,288230376152003237,288230376154349538,288230376154348239,474,2026-05-26T04:17:26.000Z,2026-05-26T04:25:20.000Z,-232.5,229.0,-250.0,-17.5,0,0.5,4538.97,4534.1,,4552.19,BUY,USD,1,1,1583663
D#1702503,XAUUSD,100,288230376152301753,288230376152002251,288230376154349896,288230376154338067,3714,2026-05-26T03:25:16.000Z,2026-05-26T04:27:10.000Z,-395,391.5,-412.5,-17.5,0,0.5,4542.64,4534.52,,4549.2,BUY,USD,1,1,1583663
D#1670967,XAUUSD,100,288230376152301766,288230376152003387,288230376154349992,288230376154349876,42,2026-05-26T04:27:04.000Z,2026-05-26T04:27:46.000Z,-0.72,0.6499999999999999,-1.08,-0.36,0,0.01,4534.31,4535.25,,,SELL,USD,1,1,1583663
D#1670922,XAUUSD,100,288230376152301767,288230376152003363,288230376154349995,288230376154349590,136,2026-05-26T04:25:32.000Z,2026-05-26T04:27:48.000Z,4.5,-5.2,1.0,-3.5,0,0.1,4534.72,4534.95,,,BUY,USD,1,1,1583663
D#1614622,XAUUSD,100,288230376152301785,288230376152003345,288230376154349531,288230376154349477,204,2026-05-26T04:25:09.000Z,2026-05-26T04:28:33.000Z,-18.3,17.25,-23.56,-5.26,0,0.15,4535.23,4533.79,4534,4542.97,BUY,USD,1,1,1583663
D#1670967,XAUUSD,100,288230376152301797,288230376152003404,288230376154350138,288230376154350113,11,2026-05-26T04:28:30.000Z,2026-05-26T04:28:41.000Z,0.22,-0.29000000000000004,-0.14,-0.36,0,0.01,4534.09,4534.09,,,SELL,USD,1,1,1583663
D#1702615,XAUUSD,100,288230376152301805,288230376152003246,288230376154350161,288230376154348328,661,2026-05-26T04:17:49.000Z,2026-05-26T04:28:50.000Z,-210,207.2,-224.0,-14,0,0.4,4539.15,4533.68,,,BUY,USD,1,1,1583663
D#1702460,XAUUSD,100,288230376152301826,288230376152002215,288230376154337740,288230376154337614,3969,2026-05-26T03:23:19.000Z,2026-05-26T04:29:28.000Z,80.2,-80.9,76.7,-3.5,0,0.1,4541.65,4533.85,,4533.7,SELL,USD,1,1,1583663
D#1702346,XAUUSD,100,288230376152301827,288230376152003413,288230376154350287,288230376154350248,8,2026-05-26T04:29:21.000Z,2026-05-26T04:29:29.000Z,-0.01,-0.060000000000000005,-0.37,-0.36,0,0.01,4533.65,4533.88,,,SELL,USD,1,1,1583663
D#1702443,XAUUSD,100,288230376152301871,288230376152003273,288230376154348779,288230376154348686,591,2026-05-26T04:20:02.000Z,2026-05-26T04:29:53.000Z,69.55,-70.46,64.99,-4.56,0,0.13,4538.07,4532.94,4539.51,4532.9,SELL,USD,1,1,1583663
D#1671057,XAUUSD,100,288230376152301880,288230376152002636,288230376154350427,288230376154341575,2842,2026-05-26T03:42:36.000Z,2026-05-26T04:29:58.000Z,95.4,-96.10000000000001,91.9,-3.5,0,0.1,4542.27,4532.95,4546.44,4532.53,SELL,USD,1,1,1583663
D#1670967,XAUUSD,100,288230376152301884,288230376152003438,288230376154350437,288230376154350399,7,2026-05-26T04:29:53.000Z,2026-05-26T04:30:00.000Z,-0.06,-0.010000000000000009,-0.42,-0.36,0,0.01,4532.62,4532.9,,,SELL,USD,1,1,1583663
D#1645651,XAUUSD,100,288230376152301887,288230376152003410,288230376154350452,288230376154350201,58,2026-05-26T04:29:03.000Z,2026-05-26T04:30:01.000Z,35.4,-37.5,24.9,-10.5,0,0.3,4533.9,4532.94,4533.66,,SELL,USD,1,1,1583663
D#1702732,XAUUSD,100,288230376152301894,288230376152003149,288230376154348053,288230376154347378,1009,2026-05-26T04:13:16.000Z,2026-05-26T04:30:05.000Z,216.45,-219.6,200.69,-15.76,0,0.45,4536.85,4532.26,4540.21,4532.51,SELL,USD,1,1,1583663
D#1702528,XAUUSD,100,288230376152301898,288230376152003330,288230376154349456,288230376154349382,319,2026-05-26T04:24:47.000Z,2026-05-26T04:30:06.000Z,56.7,-57.75,51.44,-5.26,0,0.15,4535.82,4532.26,,4532.2,SELL,USD,1,1,1583663
D#1670922,XAUUSD,100,288230376152301915,288230376152003401,288230376154350488,288230376154350044,121,2026-05-26T04:28:06.000Z,2026-05-26T04:30:07.000Z,83.1,-85.19999999999999,72.6,-10.5,0,0.3,4534.63,4532.08,,,SELL,USD,1,1,1583663
D#1702595,XAUUSD,100,288230376152301959,288230376152003457,288230376154350671,288230376154350572,21,2026-05-26T04:30:28.000Z,2026-05-26T04:30:49.000Z,-15.7,15.0,-19.2,-3.5,0,0.1,4533.33,4531.54,,,BUY,USD,1,1,1583663
D#1702710,XAUUSD,100,288230376152301990,288230376152001755,288230376154332959,288230376154332747,5376,2026-05-26T03:01:18.000Z,2026-05-26T04:30:54.000Z,-79,77.6,-86.0,-7,0,0.2,4534.74,4530.57,4531.49,4558.4,BUY,USD,1,1,1583663
D#1702695,XAUUSD,100,288230376152301995,288230376152002207,288230376154337847,288230376154337561,4066,2026-05-26T03:23:08.000Z,2026-05-26T04:30:54.000Z,116.9,-117.60000000000001,113.4,-3.5,0,0.1,4542.19,4530.72,,4530.81,SELL,USD,1,1,1583663
D#1670990,XAUUSD,100,288230376152301989,288230376152002889,288230376154344409,288230376154344294,2027,2026-05-26T03:57:07.000Z,2026-05-26T04:30:54.000Z,119.6,-120.3,116.1,-3.5,0,0.1,4542.64,4530.9,4546.78,4531.05,SELL,USD,1,1,1583663
D#1702431,XAUUSD,100,288230376152302016,288230376152003100,288230376154350767,288230376154346875,1220,2026-05-26T04:10:42.000Z,2026-05-26T04:31:02.000Z,71,-71.7,67.5,-3.5,0,0.1,4538.89,4532.01,4538.78,,SELL,USD,1,1,1583663
D#1702483,XAUUSD,100,288230376152302039,288230376152003051,288230376154350866,288230376154346287,1446,2026-05-26T04:07:15.000Z,2026-05-26T04:31:21.000Z,-335.2,332.4,-349.2,-14,0,0.4,4539.72,4531.12,4528,4549,BUY,USD,1,1,1583663
D#1670868,XAUUSD,100,288230376152302117,288230376152003332,288230376154351291,288230376154349391,491,2026-05-26T04:24:48.000Z,2026-05-26T04:32:59.000Z,13.85,-14.2,12.09,-1.76,0,0.05,4535.78,4533.23,4546.61,4511.15,SELL,USD,1,1,1583663
D#1702480,XAUUSD,100,288230376152302275,288230376152003614,288230376154351932,288230376154351859,21,2026-05-26T04:35:44.000Z,2026-05-26T04:36:05.000Z,6,-6.7,2.5,-3.5,0,0.1,4530.56,4530.18,,,SELL,USD,1,1,1583663
D#1702677,XAUUSD,100,288230376152302323,288230376152001991,288230376154335659,288230376154335388,4983,2026-05-26T03:13:24.000Z,2026-05-26T04:36:27.000Z,-16.16,16.02,-16.86,-0.7,0,0.02,4537.87,4529.57,4529.68,4552.58,BUY,USD,1,1,1583663
D#1702589,XAUUSD,100,288230376152302335,288230376152002911,288230376154344558,288230376154344554,2267,2026-05-26T03:59:01.000Z,2026-05-26T04:36:48.000Z,75.6,-76.02,73.5,-2.1,0,0.06,4541.58,4529.2,4548.85,4529.19,SELL,USD,1,1,1583663
D#1702528,XAUUSD,100,288230376152302332,288230376152003461,288230376154351909,288230376154350593,376,2026-05-26T04:30:32.000Z,2026-05-26T04:36:48.000Z,-64.05,63.0,-69.31,-5.26,0,0.15,4533.4,4528.91,4529.38,4533.64,BUY,USD,1,1,1583663
D#1670917,XAUUSD,100,288230376152302340,288230376152003405,288230376154350119,288230376154347498,496,2026-05-26T04:28:33.000Z,2026-05-26T04:36:49.000Z,-52,51.3,-55.5,-3.5,0,0.1,4534.09,4528.67,4528.85,,BUY,USD,1,1,1583663
D#1670968,XAUUSD,100,288230376152302346,288230376152003590,288230376154352114,288230376154351589,140,2026-05-26T04:34:30.000Z,2026-05-26T04:36:50.000Z,-45.9,44.71,-51.86,-5.96,0,0.17,4531.57,4528.65,,,BUY,USD,1,1,1583663
D#1702619,XAUUSD,100,288230376152302362,288230376152002782,288230376154342770,288230376154342695,2972,2026-05-26T03:47:27.000Z,2026-05-26T04:36:59.000Z,-136,135.3,-139.5,-3.5,0,0.1,4542.22,4528.4,4528.52,4553.69,BUY,USD,1,1,1583663
D#1702676,XAUUSD,100,288230376152302405,288230376151999544,288230376154310118,288230376154309308,11109,2026-05-26T01:31:52.000Z,2026-05-26T04:37:01.000Z,81.6,-81.94999999999999,79.84,-1.76,0,0.05,4542.83,4526.73,4551.29,4526.97,SELL,USD,1,1,1583663
D#1670964,XAUUSD,100,288230376152302411,288230376152002739,288230376154344511,288230376154342236,3112,2026-05-26T03:45:09.000Z,2026-05-26T04:37:01.000Z,483.12,-485.43,471.56,-11.56,0,0.33,4541.18,4526.76,,4527.78,SELL,USD,1,1,1583663
D#1702630,XAUUSD,100,288230376152302415,288230376152003347,288230376154349642,288230376154349493,710,2026-05-26T04:25:11.000Z,2026-05-26T04:37:01.000Z,108.29,-109.2,103.73,-4.56,0,0.13,4534.87,4526.76,4539.04,4526.87,SELL,USD,1,1,1583663
D#1702383,XAUUSD,100,288230376152302422,288230376152003385,288230376154349953,288230376154349850,603,2026-05-26T04:26:58.000Z,2026-05-26T04:37:01.000Z,-40.7,40.35,-42.46,-1.76,0,0.05,4534.53,4526.17,4527.6,4580.59,BUY,USD,1,1,1583663
D#1702362,XAUUSD,100,288230376152302414,288230376152003443,288230376154350524,288230376154350454,419,2026-05-26T04:30:02.000Z,2026-05-26T04:37:01.000Z,-65.2,64.5,-68.7,-3.5,0,0.1,4532.96,4526.22,4527.05,4545.66,BUY,USD,1,1,1583663
D#1702691,XAUUSD,100,288230376152302446,288230376151999898,288230376154314326,288230376154312565,10575,2026-05-26T01:40:50.000Z,2026-05-26T04:37:05.000Z,77,-77.98,72.1,-4.9,0,0.14,4531.68,4526.4,,4526.51,SELL,USD,1,1,1583663
D#1670862,XAUUSD,100,288230376152302447,288230376152003581,288230376154352095,288230376154351526,173,2026-05-26T04:34:12.000Z,2026-05-26T04:37:05.000Z,103.4,-104.94000000000001,95.7,-7.7,0,0.22,4530.88,4526.4,4534.99,4526.44,SELL,USD,1,1,1583663
D#1702443,XAUUSD,100,288230376152302502,288230376152003555,288230376154352332,288230376154351332,262,2026-05-26T04:33:06.000Z,2026-05-26T04:37:28.000Z,81.9,-82.81,77.34,-4.56,0,0.13,4532.32,4526.24,4535.64,,SELL,USD,1,1,1583663
D#1702582,XAUUSD,100,288230376152302563,288230376152001633,288230376154352647,288230376154331500,6203,2026-05-26T02:55:17.000Z,2026-05-26T04:38:40.000Z,94.4,-95.80000000000001,87.4,-7,0,0.2,4532.74,4528.24,,,SELL,USD,1,1,1583663
D#1702509,XAUUSD,100,288230376152302629,288230376152002140,288230376154353059,288230376154316630,4757,2026-05-26T03:21:16.000Z,2026-05-26T04:40:33.000Z,26.34,-26.48,25.64,-0.7,0,0.02,4541.42,4528.47,4541,4526,SELL,USD,1,1,1583663
D#1702435,XAUUSD,100,288230376152302638,288230376152003714,288230376154353120,288230376154352531,159,2026-05-26T04:38:15.000Z,2026-05-26T04:40:54.000Z,-45.25,43.5,-54.01,-8.76,0,0.25,4526.81,4528.84,,,SELL,USD,1,1,1583663
D#1702480,XAUUSD,100,288230376152302641,288230376152003713,288230376154353135,288230376154352514,165,2026-05-26T04:38:13.000Z,2026-05-26T04:40:58.000Z,-20.7,20.0,-24.2,-3.5,0,0.1,4526.63,4528.92,,,SELL,USD,1,1,1583663
D#1670968,XAUUSD,100,288230376152302652,288230376152003702,288230376154353163,288230376154352422,195,2026-05-26T04:37:48.000Z,2026-05-26T04:41:03.000Z,31.96,-33.15,26.0,-5.96,0,0.17,4526.97,4528.63,,,BUY,USD,1,1,1583663
D#1702710,XAUUSD,100,288230376152302661,288230376152003650,288230376154353197,288230376154352029,288,2026-05-26T04:36:23.000Z,2026-05-26T04:41:11.000Z,11.7,-13.799999999999999,1.2,-10.5,0,0.3,4529.59,4529.42,4533.35,4509.99,SELL,USD,1,1,1583663
D#1702418,XAUUSD,100,288230376152302686,288230376152003708,288230376154353323,288230376154352484,226,2026-05-26T04:38:03.000Z,2026-05-26T04:41:49.000Z,53.41,-56.839999999999996,36.25,-17.16,0,0.49,4526.66,4527.53,,,BUY,USD,1,1,1583663
D#1702710,XAUUSD,100,288230376152302710,288230376152003779,288230376154353431,288230376154353213,64,2026-05-26T04:41:16.000Z,2026-05-26T04:42:20.000Z,-87.9,85.80000000000001,-98.4,-10.5,0,0.3,4529.34,4526.19,,,BUY,USD,1,1,1583663
D#1670916,XAUUSD,100,288230376152302719,288230376152000136,288230376154315622,288230376154314930,10470,2026-05-26T01:47:52.000Z,2026-05-26T04:42:22.000Z,-26.44,26.16,-27.84,-1.4,0,0.04,4532.5,4525.67,4525.83,4577.49,BUY,USD,1,1,1583663
D#1702447,XAUUSD,100,288230376152302723,288230376152003591,288230376154352060,288230376154351592,472,2026-05-26T04:34:31.000Z,2026-05-26T04:42:23.000Z,-56.9,56.199999999999996,-60.4,-3.5,0,0.1,4531.48,4525.57,4525.69,4545.1,BUY,USD,1,1,1583663
D#1670862,XAUUSD,100,288230376152302827,288230376152003838,288230376154353902,288230376154353901,44,2026-05-26T04:44:33.000Z,2026-05-26T04:45:17.000Z,-34.23,32.76,-41.59,-7.36,0,0.21,4527.56,4525.71,4526,,BUY,USD,1,1,1583663
D#1702431,XAUUSD,100,288230376152302828,288230376152003836,288230376154353968,288230376154353882,53,2026-05-26T04:44:25.000Z,2026-05-26T04:45:18.000Z,-16.4,15.7,-19.9,-3.5,0,0.1,4527.57,4525.71,4526,,BUY,USD,1,1,1583663
D#1702595,XAUUSD,100,288230376152302847,288230376152003481,288230376154350934,288230376154350690,877,2026-05-26T04:30:52.000Z,2026-05-26T04:45:29.000Z,63.2,-63.900000000000006,59.7,-3.5,0,0.1,4531.58,4525.48,4533.36,4525.37,SELL,USD,1,1,1583663
D#1702421,XAUUSD,100,288230376152302851,288230376151999290,288230376154306727,288230376154306428,12250,2026-05-26T01:21:20.000Z,2026-05-26T04:45:30.000Z,-196.7,196.0,-200.2,-3.5,0,0.1,4544.66,4524.77,4524.96,4575.5,BUY,USD,1,1,1583663
D#1614622,XAUUSD,100,288230376152302848,288230376152003812,288230376154353623,288230376154353521,172,2026-05-26T04:42:38.000Z,2026-05-26T04:45:30.000Z,-18.3,17.25,-23.56,-5.26,0,0.15,4526.1,4524.66,4525.22,4533.81,BUY,USD,1,1,1583663
D#1702435,XAUUSD,100,288230376152302865,288230376152003773,288230376154354118,288230376154353158,279,2026-05-26T04:41:03.000Z,2026-05-26T04:45:42.000Z,-99.06,96.33,-112.72,-13.66,0,0.39,4528.92,4526.16,,,BUY,USD,1,1,1583663
D#1702418,XAUUSD,100,288230376152302960,288230376152003790,288230376154354495,288230376154353352,315,2026-05-26T04:42:00.000Z,2026-05-26T04:47:15.000Z,21.56,-24.99,4.4,-17.16,0,0.49,4527.56,4527.34,,,SELL,USD,1,1,1583663
D#1670917,XAUUSD,100,288230376152303070,288230376152003942,288230376154354803,288230376154354753,81,2026-05-26T04:48:25.000Z,2026-05-26T04:49:46.000Z,-8.2,7.499999999999999,-11.7,-3.5,0,0.1,4527.01,4528.05,4528.02,,SELL,USD,1,1,1583663
D#1702674,XAUUSD,100,288230376152303076,288230376152001972,288230376154355080,288230376154335055,5886,2026-05-26T03:11:45.000Z,2026-05-26T04:49:51.000Z,42.7,-43.050000000000004,40.94,-1.76,0,0.05,4536.4,4528.08,,,SELL,USD,1,1,1583663
D#1702630,XAUUSD,100,288230376152303115,288230376152003872,288230376154354111,288230376154354109,311,2026-05-26T04:45:39.000Z,2026-05-26T04:50:50.000Z,-36.66,35.75,-41.22,-4.56,0,0.13,4526.2,4529.24,4528.72,4521.97,SELL,USD,1,1,1583663
D#1702563,XAUUSD,100,288230376152303116,288230376152003891,288230376154354449,288230376154354227,280,2026-05-26T04:46:10.000Z,2026-05-26T04:50:50.000Z,-110.1,108.0,-120.6,-10.5,0,0.3,4525.35,4529.24,4528.75,4521.87,SELL,USD,1,1,1583663
D#1670868,XAUUSD,100,288230376152303127,288230376152003616,288230376154355300,288230376154351888,899,2026-05-26T04:35:55.000Z,2026-05-26T04:50:54.000Z,6.75,-7.1,4.99,-1.76,0,0.05,4530.44,4529.31,,,SELL,USD,1,1,1583663
D#1702418,XAUUSD,100,288230376152303186,288230376152003926,288230376154355567,288230376154354572,290,2026-05-26T04:47:29.000Z,2026-05-26T04:52:19.000Z,55.5,-59.0,38.0,-17.5,0,0.5,4526.61,4527.5,,,BUY,USD,1,1,1583663
D#1702563,XAUUSD,100,288230376152303202,288230376152004009,288230376154355655,288230376154355303,106,2026-05-26T04:50:54.000Z,2026-05-26T04:52:40.000Z,-76,73.2,-90.0,-14,0,0.4,4529.32,4527.2,,4531.89,BUY,USD,1,1,1583663
D#1702458,XAUUSD,100,288230376152303246,288230376152001061,288230376154355920,288230376154325314,8672,2026-05-26T02:29:37.000Z,2026-05-26T04:54:09.000Z,-58.62,58.199999999999996,-60.72,-2.1,0,0.06,4536.8,4526.81,,,BUY,USD,1,1,1583663
D#1702458,XAUUSD,100,288230376152303260,288230376152004081,288230376154356001,288230376154355966,22,2026-05-26T04:54:22.000Z,2026-05-26T04:54:44.000Z,-3.48,3.06,-5.58,-2.1,0,0.06,4526.68,4527.48,,,SELL,USD,1,1,1583663
D#1702346,XAUUSD,100,288230376152303354,288230376152003426,288230376154356458,288230376154350338,1640,2026-05-26T04:29:37.000Z,2026-05-26T04:56:57.000Z,57.6,-58.300000000000004,54.1,-3.5,0,0.1,4533.13,4527.59,4530.6,4521.97,SELL,USD,1,1,1583663
D#1702481,XAUUSD,100,288230376152303395,288230376152003985,288230376154356439,288230376154355086,464,2026-05-26T04:49:52.000Z,2026-05-26T04:57:36.000Z,-10.6,10.25,-12.36,-1.76,0,0.05,4527.91,4525.57,4525.7,,BUY,USD,1,1,1583663
D#1670862,XAUUSD,100,288230376152303416,288230376152003941,288230376154354749,288230376154354748,563,2026-05-26T04:48:24.000Z,2026-05-26T04:57:47.000Z,-51.7,50.160000000000004,-59.4,-7.7,0,0.22,4527.28,4524.71,4525,4531.71,BUY,USD,1,1,1583663
D#1702354,XAUUSD,100,288230376152303442,288230376152000421,288230376154318819,288230376154317596,10884,2026-05-26T01:56:38.000Z,2026-05-26T04:58:02.000Z,-11.69,11.62,-12.05,-0.36,0,0.01,4535.6,4523.69,4524.59,4564.91,BUY,USD,1,1,1583663
D#1671057,XAUUSD,100,288230376152303449,288230376152003734,288230376154352865,288230376154352740,1140,2026-05-26T04:39:02.000Z,2026-05-26T04:58:02.000Z,-45,44.3,-48.5,-3.5,0,0.1,4528.41,4523.69,4524.64,4537.03,BUY,USD,1,1,1583663
D#1702431,XAUUSD,100,288230376152303439,288230376152003879,288230376154354202,288230376154354160,729,2026-05-26T04:45:53.000Z,2026-05-26T04:58:02.000Z,-29.6,28.900000000000002,-33.1,-3.5,0,0.1,4526.87,4523.69,4524.62,4536.45,BUY,USD,1,1,1583663
D#1614622,XAUUSD,100,288230376152303440,288230376152003880,288230376154354362,288230376154354164,728,2026-05-26T04:45:54.000Z,2026-05-26T04:58:02.000Z,-44.25,43.2,-49.51,-5.26,0,0.15,4526.86,4523.69,4524.6,4534.57,BUY,USD,1,1,1583663
D#1670917,XAUUSD,100,288230376152303448,288230376152003990,288230376154355159,288230376154355119,482,2026-05-26T04:50:00.000Z,2026-05-26T04:58:02.000Z,-39.1,38.4,-42.6,-3.5,0,0.1,4527.82,4523.69,4524.66,4536.56,BUY,USD,1,1,1583663
D#1702572,XAUUSD,100,288230376152303441,288230376152004132,288230376154356587,288230376154356399,84,2026-05-26T04:56:38.000Z,2026-05-26T04:58:02.000Z,-39.7,39.0,-43.2,-3.5,0,0.1,4527.88,4523.69,4524.58,4543.32,BUY,USD,1,1,1583663
D#1702449,XAUUSD,100,288230376152303469,288230376152004135,288230376154356726,288230376154356415,79,2026-05-26T04:56:46.000Z,2026-05-26T04:58:05.000Z,-10.86,10.649999999999999,-11.92,-1.06,0,0.03,4527.62,4523.78,,,BUY,USD,1,1,1583663
D#1702546,XAUUSD,100,288230376152303485,288230376151998931,288230376154356799,288230376154302075,13943,2026-05-26T01:05:58.000Z,2026-05-26T04:58:21.000Z,-197.6,196.9,-201.1,-3.5,0,0.1,4544.49,4524.51,,4557.15,BUY,USD,1,1,1583663
D#1702408,XAUUSD,100,288230376152303567,288230376152004196,288230376154357113,288230376154357009,26,2026-05-26T04:59:18.000Z,2026-05-26T04:59:44.000Z,0.37,-0.44,0.01,-0.36,0,0.01,4526.18,4526.03,,,SELL,USD,1,1,1583663
D#1702408,XAUUSD,100,288230376152303598,288230376152004211,288230376154357182,288230376154357137,7,2026-05-26T04:59:50.000Z,2026-05-26T04:59:57.000Z,0.21,-0.28,-0.15,-0.36,0,0.01,4525.67,4525.68,,,SELL,USD,1,1,1583663
D#1670968,XAUUSD,100,288230376152303610,288230376152004074,288230376154357225,288230376154355904,365,2026-05-26T04:54:01.000Z,2026-05-26T05:00:06.000Z,-35.02,33.830000000000005,-40.98,-5.96,0,0.17,4526.95,4524.67,,,BUY,USD,1,1,1583663
D#1671069,XAUUSD,100,288230376152303656,288230376152003903,288230376154357476,288230376154354299,891,2026-05-26T04:46:22.000Z,2026-05-26T05:01:13.000Z,8.45,-8.799999999999999,6.69,-1.76,0,0.05,4526.27,4524.8,,,SELL,USD,1,1,1583663
D#1702472,XAUUSD,100,288230376152303685,288230376152001140,288230376154325993,288230376154325992,8963,2026-05-26T02:32:14.000Z,2026-05-26T05:01:37.000Z,-81.78,81.36,-83.88,-2.1,0,0.06,4537.08,4523.23,4523.5,4551.84,BUY,USD,1,1,1583663
D#1702731,XAUUSD,100,288230376152303679,288230376152003764,288230376154353057,288230376154353056,1264,2026-05-26T04:40:33.000Z,2026-05-26T05:01:37.000Z,-50.8,50.099999999999994,-54.3,-3.5,0,0.1,4528.47,4523.17,4523.36,4538.48,BUY,USD,1,1,1583663
D#1702701,XAUUSD,100,288230376152303680,288230376152003768,288230376154353228,288230376154353114,1244,2026-05-26T04:40:53.000Z,2026-05-26T05:01:37.000Z,-81.75,80.7,-87.01,-5.26,0,0.15,4528.84,4523.17,4523.58,4541.92,BUY,USD,1,1,1583663
D#1702572,XAUUSD,100,288230376152303705,288230376152004174,288230376154357281,288230376154356752,212,2026-05-26T04:58:09.000Z,2026-05-26T05:01:41.000Z,-7,6.3,-10.5,-3.5,0,0.1,4524.04,4523.12,4523.17,4544.56,BUY,USD,1,1,1583663
D#1702431,XAUUSD,100,288230376152303780,288230376152004252,288230376154357560,288230376154357529,84,2026-05-26T05:01:24.000Z,2026-05-26T05:02:48.000Z,-28.5,27.8,-32.0,-3.5,0,0.1,4524.15,4527.22,4527,,SELL,USD,1,1,1583663
D#1702595,XAUUSD,100,288230376152303864,288230376152004045,288230376154355723,288230376154355612,700,2026-05-26T04:52:30.000Z,2026-05-26T05:04:10.000Z,-10.6,9.9,-14.1,-3.5,0,0.1,4526.73,4528.01,4527.85,4522.43,SELL,USD,1,1,1583663
D#1670917,XAUUSD,100,288230376152303899,288230376152004212,288230376154357215,288230376154357138,290,2026-05-26T04:59:50.000Z,2026-05-26T05:04:40.000Z,-35.9,35.199999999999996,-39.4,-3.5,0,0.1,4525.67,4529.48,4529.43,,SELL,USD,1,1,1583663
D#1702573,XAUUSD,100,288230376152303911,288230376152002558,288230376154358534,288230376154341009,5085,2026-05-26T03:40:05.000Z,2026-05-26T05:04:50.000Z,72.35,-72.69999999999999,70.59,-1.76,0,0.05,4543.39,4529.14,,,SELL,USD,1,1,1583663
D#1702449,XAUUSD,100,288230376152303994,288230376152004180,288230376154359071,288230376154356808,517,2026-05-26T04:58:22.000Z,2026-05-26T05:06:59.000Z,27.2,-27.9,23.7,-3.5,0,0.1,4524.63,4527.13,,4537.7,BUY,USD,1,1,1583663
D#1702630,XAUUSD,100,288230376152304049,288230376152004096,288230376154356170,288230376154356089,784,2026-05-26T04:55:10.000Z,2026-05-26T05:08:14.000Z,-17.42,16.51,-21.98,-4.56,0,0.13,4527.62,4529.18,4528.97,4519.38,SELL,USD,1,1,1583663
D#1702616,XAUUSD,100,288230376152304063,288230376152003861,288230376154354058,288230376154354056,1393,2026-05-26T04:45:23.000Z,2026-05-26T05:08:36.000Z,-25.44,25.02,-27.54,-2.1,0,0.06,4525.31,4529.77,4529.54,4516.37,SELL,USD,1,1,1583663
D#1702613,XAUUSD,100,288230376152304100,288230376152003900,288230376154354269,288230376154354268,1365,2026-05-26T04:46:16.000Z,2026-05-26T05:09:01.000Z,-78.9,77.85000000000001,-84.16,-5.26,0,0.15,4525.14,4530.62,4530.17,4519.82,SELL,USD,1,1,1583663
D#1670934,XAUUSD,100,288230376152304208,288230376152004319,288230376154360122,288230376154358201,438,2026-05-26T05:03:50.000Z,2026-05-26T05:11:08.000Z,104,-106.8,90.0,-14,0,0.4,4527.78,4530.16,4524.59,,BUY,USD,1,1,1583663
D#1702697,XAUUSD,100,288230376152304217,288230376152003808,288230376154360190,288230376154353492,1731,2026-05-26T04:42:34.000Z,2026-05-26T05:11:25.000Z,-62.28,61.44,-66.48,-4.2,0,0.12,4525.75,4531.16,,,SELL,USD,1,1,1583663
D#1702449,XAUUSD,100,288230376152304216,288230376152004418,288230376154360188,288230376154359220,227,2026-05-26T05:07:38.000Z,2026-05-26T05:11:25.000Z,200.41,-203.84,183.25,-17.16,0,0.49,4527.01,4530.88,,4544.23,BUY,USD,1,1,1583663
D#1702576,XAUUSD,100,288230376152304271,288230376152004549,288230376154360509,288230376154360446,17,2026-05-26T05:12:27.000Z,2026-05-26T05:12:44.000Z,0.1,-0.45000000000000007,-1.66,-1.76,0,0.05,4530.44,4530.24,,,BUY,USD,1,1,1583663
D#1702418,XAUUSD,100,288230376152304282,288230376152004139,288230376154360584,288230376154356519,952,2026-05-26T04:57:14.000Z,2026-05-26T05:13:06.000Z,223,-226.5,205.5,-17.5,0,0.5,4526.41,4530.65,,,BUY,USD,1,1,1583663
D#1702417,XAUUSD,100,288230376152304388,288230376152004358,288230376154361236,288230376154358635,634,2026-05-26T05:05:13.000Z,2026-05-26T05:15:47.000Z,64.5,-66.6,54.0,-10.5,0,0.3,4528.21,4530.14,4523.1,4531.79,BUY,USD,1,1,1583663
D#1702719,XAUUSD,100,288230376152304513,288230376152004571,288230376154360873,288230376154360733,371,2026-05-26T05:13:47.000Z,2026-05-26T05:19:58.000Z,-48,44.5,-65.5,-17.5,0,0.5,4530.67,4529.49,4529.6,4532.95,BUY,USD,1,1,1583663
D#1702498,XAUUSD,100,288230376152304596,288230376152004588,288230376154362463,288230376154360962,449,2026-05-26T05:14:45.000Z,2026-05-26T05:22:14.000Z,4.8,-5.5,1.3,-3.5,0,0.1,4529.58,4529.32,4533.31,4515.4,SELL,USD,1,1,1583663
D#1702417,XAUUSD,100,288230376152304608,288230376152004636,288230376154361718,288230376154361657,257,2026-05-26T05:18:18.000Z,2026-05-26T05:22:35.000Z,20.8,-21.5,17.3,-3.5,0,0.1,4531.07,4529.21,4535.4,4529.11,SELL,USD,1,1,1583663
D#1614602,XAUUSD,100,288230376152304612,288230376152002795,288230376154362585,288230376154342908,5639,2026-05-26T03:48:58.000Z,2026-05-26T05:22:57.000Z,62.6,-62.95,60.84,-1.76,0,0.05,4542.08,4529.78,,,SELL,USD,1,1,1583663
D#1702481,XAUUSD,100,288230376152304631,288230376152004294,288230376154362677,288230376154357926,1249,2026-05-26T05:02:48.000Z,2026-05-26T05:23:37.000Z,20.8,-21.36,18.0,-2.8,0,0.08,4527.22,4529.27,4527.81,,BUY,USD,1,1,1583663
D#1702719,XAUUSD,100,288230376152304639,288230376152004686,288230376154362733,288230376154362165,205,2026-05-26T05:20:38.000Z,2026-05-26T05:24:03.000Z,-62,58.5,-79.5,-17.5,0,0.5,4529.82,4531.28,4531,4527.5,SELL,USD,1,1,1583663
D#1702719,XAUUSD,100,288230376152304662,288230376152004749,288230376154362912,288230376154362765,52,2026-05-26T05:24:07.000Z,2026-05-26T05:24:59.000Z,-49,45.5,-66.5,-17.5,0,0.5,4531.02,4529.82,,,BUY,USD,1,1,1583663
D#1702719,XAUUSD,100,288230376152304669,288230376152004767,288230376154362954,288230376154362929,9,2026-05-26T05:25:02.000Z,2026-05-26T05:25:11.000Z,-2.5,-1.0,-20.0,-17.5,0,0.5,4529.68,4529.95,,,SELL,USD,1,1,1583663
D#1614602,XAUUSD,100,288230376152304837,288230376152004758,288230376154363888,288230376154362854,305,2026-05-26T05:24:42.000Z,2026-05-26T05:29:47.000Z,-6,5.65,-7.76,-1.76,0,0.05,4529.84,4531.26,,,SELL,USD,1,1,1583663
D#1702720,XAUUSD,100,288230376152304849,288230376152004477,288230376154363939,288230376154359773,1226,2026-05-26T05:09:36.000Z,2026-05-26T05:30:02.000Z,57,-60.5,39.5,-17.5,0,0.5,4530.53,4531.45,,,BUY,USD,1,1,1583663
D#1702616,XAUUSD,100,288230376152304850,288230376152004737,288230376154362656,288230376154362654,394,2026-05-26T05:23:28.000Z,2026-05-26T05:30:02.000Z,-10.56,10.14,-12.66,-2.1,0,0.06,4529.72,4531.7,4531.71,4525.9,SELL,USD,1,1,1583663
D#1702417,XAUUSD,100,288230376152304866,288230376152004757,288230376154362840,288230376154362837,328,2026-05-26T05:24:37.000Z,2026-05-26T05:30:05.000Z,53.4,-54.8,46.4,-7,0,0.2,4530.4,4532.85,4525.96,4532.32,BUY,USD,1,1,1583663
D#1702558,XAUUSD,100,288230376152304884,288230376152004124,288230376154358835,288230376154356329,2028,2026-05-26T04:56:21.000Z,2026-05-26T05:30:09.000Z,-55.6,54.9,-59.1,-3.5,0,0.1,4527.41,4533.19,4533,,SELL,USD,1,1,1583663
D#1702595,XAUUSD,100,288230376152304919,288230376152004335,288230376154358598,288230376154358347,1559,2026-05-26T05:04:15.000Z,2026-05-26T05:30:14.000Z,58.9,-59.6,55.4,-3.5,0,0.1,4527.97,4533.64,4528.21,4533.82,BUY,USD,1,1,1583663
D#1670968,XAUUSD,100,288230376152305046,288230376152004569,288230376154364790,288230376154360041,1169,2026-05-26T05:13:33.000Z,2026-05-26T05:33:02.000Z,76.16,-77.35,70.2,-5.96,0,0.17,4529.41,4533.67,,,BUY,USD,1,1,1583663
D#1702498,XAUUSD,100,288230376152305060,288230376152004726,288230376154364884,288230376154362494,656,2026-05-26T05:22:24.000Z,2026-05-26T05:33:20.000Z,-176.4,173.6,-190.4,-14,0,0.4,4529.24,4533.87,,,SELL,USD,1,1,1583663
D#1702498,XAUUSD,100,288230376152305075,288230376152004973,288230376154364994,288230376154364940,12,2026-05-26T05:33:38.000Z,2026-05-26T05:33:50.000Z,-7.2,4.4,-21.2,-14,0,0.4,4533.78,4533.38,,,BUY,USD,1,1,1583663
D#1670862,XAUUSD,100,288230376152305141,288230376152004663,288230376154365331,288230376154361973,930,2026-05-26T05:19:42.000Z,2026-05-26T05:35:12.000Z,73.71,-75.17999999999999,66.35,-7.36,0,0.21,4530.99,4534.28,4528.73,4535.64,BUY,USD,1,1,1583663
D#1702506,XAUUSD,100,288230376152305214,288230376152005029,288230376154365778,288230376154365439,87,2026-05-26T05:35:40.000Z,2026-05-26T05:37:07.000Z,-1,0.6499999999999999,-2.76,-1.76,0,0.05,4533.9,4533.48,,,BUY,USD,1,1,1583663
D#1670974,XAUUSD,100,288230376152305240,288230376152004530,288230376154360375,288230376154360243,1562,2026-05-26T05:11:39.000Z,2026-05-26T05:37:41.000Z,92.75,-94.5,83.99,-8.76,0,0.25,4531.23,4534.72,4523.51,4534.88,BUY,USD,1,1,1583663
D#1702506,XAUUSD,100,288230376152305255,288230376152005066,288230376154366014,288230376154365829,44,2026-05-26T05:37:21.000Z,2026-05-26T05:38:05.000Z,4.24,-4.800000000000001,1.44,-2.8,0,0.08,4533.83,4534.14,,,BUY,USD,1,1,1583663
D#1702427,XAUUSD,100,288230376152305265,288230376151999976,288230376154366106,288230376154313284,14134,2026-05-26T01:42:57.000Z,2026-05-26T05:38:31.000Z,4.88,-5.02,4.18,-0.7,0,0.02,4531.6,4533.82,,,BUY,USD,1,1,1583663
D#1645651,XAUUSD,100,288230376152305348,288230376152004962,288230376154366505,288230376154364784,440,2026-05-26T05:33:01.000Z,2026-05-26T05:40:21.000Z,-45.6,43.5,-56.1,-10.5,0,0.3,4533.91,4532.17,4529.22,,BUY,USD,1,1,1583663
D#1702616,XAUUSD,100,288230376152305352,288230376152004972,288230376154364918,288230376154364916,413,2026-05-26T05:33:30.000Z,2026-05-26T05:40:23.000Z,-11.4,10.98,-13.5,-2.1,0,0.06,4533.68,4531.56,4531.71,4538.53,BUY,USD,1,1,1583663
D#1702595,XAUUSD,100,288230376152305362,288230376152004996,288230376154365408,288230376154365224,337,2026-05-26T05:34:49.000Z,2026-05-26T05:40:26.000Z,-19.62,18.990000000000002,-22.78,-3.16,0,0.09,4533.59,4531.19,4531.46,4538.3,BUY,USD,1,1,1583663
D#1702727,XAUUSD,100,288230376152305413,288230376152004620,288230376154361482,288230376154361359,1466,2026-05-26T05:16:26.000Z,2026-05-26T05:40:52.000Z,-1.8,0.3999999999999999,-8.8,-7,0,0.2,4530.19,4529.88,4530.08,4551.16,BUY,USD,1,1,1583663
D#1614602,XAUUSD,100,288230376152305441,288230376152005045,288230376154366827,288230376154365588,296,2026-05-26T05:36:18.000Z,2026-05-26T05:41:14.000Z,16.65,-17.0,14.89,-1.76,0,0.05,4533.2,4530.09,,,SELL,USD,1,1,1583663
D#1702731,XAUUSD,100,288230376152305455,288230376152004366,288230376154358722,288230376154358720,2162,2026-05-26T05:05:28.000Z,2026-05-26T05:41:30.000Z,8.8,-9.5,5.3,-3.5,0,0.1,4528.48,4529.14,4529.29,4539.89,BUY,USD,1,1,1583663
D#1702630,XAUUSD,100,288230376152305468,288230376152004559,288230376154360918,288230376154360595,1704,2026-05-26T05:13:09.000Z,2026-05-26T05:41:33.000Z,-31.98,31.07,-36.54,-4.56,0,0.13,4530.8,4528.12,4528.4,4538.98,BUY,USD,1,1,1583663
D#1702732,XAUUSD,100,288230376152305463,288230376152004961,288230376154364777,288230376154364766,514,2026-05-26T05:32:59.000Z,2026-05-26T05:41:33.000Z,234.9,-238.05,219.14,-15.76,0,0.45,4533.61,4528.61,4536.88,4529.09,SELL,USD,1,1,1583663
D#1702412,XAUUSD,100,288230376152305511,288230376152004714,288230376154367185,288230376154362351,1237,2026-05-26T05:21:35.000Z,2026-05-26T05:42:12.000Z,1.7,-2.4,-1.8,-3.5,0,0.1,4529.6,4529.55,,4541.56,BUY,USD,1,1,1583663
D#1702431,XAUUSD,100,288230376152305681,288230376152004427,288230376154368171,288230376154359321,2275,2026-05-26T05:08:03.000Z,2026-05-26T05:45:58.000Z,11.6,-12.299999999999999,8.1,-3.5,0,0.1,4527.8,4528.74,4527.84,4539.16,BUY,USD,1,1,1583663
D#1614622,XAUUSD,100,288230376152305719,288230376152005212,288230376154367384,288230376154367169,296,2026-05-26T05:42:09.000Z,2026-05-26T05:47:05.000Z,-19.65,18.599999999999998,-24.91,-5.26,0,0.15,4529.39,4527.86,4528.02,4537.01,BUY,USD,1,1,1583663
D#1702418,XAUUSD,100,288230376152305744,288230376152004605,288230376154368505,288230376154361117,1921,2026-05-26T05:15:19.000Z,2026-05-26T05:47:20.000Z,163,-166.5,145.5,-17.5,0,0.5,4530.27,4527.23,,,SELL,USD,1,1,1583663
D#1702720,XAUUSD,100,288230376152305746,288230376152004910,288230376154368510,288230376154364238,986,2026-05-26T05:30:55.000Z,2026-05-26T05:47:21.000Z,-268.5,265.0,-286.0,-17.5,0,0.5,4532.77,4527.18,,,BUY,USD,1,1,1583663
D#1671057,XAUUSD,100,288230376152305762,288230376152004194,288230376154357163,288230376154356990,2900,2026-05-26T04:59:12.000Z,2026-05-26T05:47:32.000Z,3.2,-3.9000000000000004,-0.3,-3.5,0,0.1,4526.4,4526.5,4526.64,4536.87,BUY,USD,1,1,1583663
D#1614602,XAUUSD,100,288230376152305827,288230376152005273,288230376154368974,288230376154367620,318,2026-05-26T05:43:38.000Z,2026-05-26T05:48:56.000Z,4.5,-4.85,2.74,-1.76,0,0.05,4529.75,4529.07,,,SELL,USD,1,1,1583663
D#1702431,XAUUSD,100,288230376152305850,288230376152005329,288230376154368276,288230376154368196,197,2026-05-26T05:46:03.000Z,2026-05-26T05:49:20.000Z,-16.4,15.7,-19.9,-3.5,0,0.1,4528.23,4530.09,4529.9,,SELL,USD,1,1,1583663
D#1702408,XAUUSD,100,288230376152305924,288230376152005439,288230376154369562,288230376154369401,33,2026-05-26T05:50:33.000Z,2026-05-26T05:51:06.000Z,-0.98,0.9099999999999999,-1.34,-0.36,0,0.01,4527.04,4528.24,,,SELL,USD,1,1,1583663
D#1670917,XAUUSD,100,288230376152305937,288230376152004576,288230376154360940,288230376154360841,2231,2026-05-26T05:14:18.000Z,2026-05-26T05:51:29.000Z,-44.9,44.199999999999996,-48.4,-3.5,0,0.1,4530.81,4526.1,4526.35,4568.1,BUY,USD,1,1,1583663
D#1614622,XAUUSD,100,288230376152305936,288230376152005351,288230376154368635,288230376154368462,257,2026-05-26T05:47:12.000Z,2026-05-26T05:51:29.000Z,-29.4,28.349999999999998,-34.66,-5.26,0,0.15,4528.33,4526.15,4526.49,4535.99,BUY,USD,1,1,1583663
D#1670919,XAUUSD,100,288230376152305954,288230376152004846,288230376154364714,288230376154363667,1366,2026-05-26T05:28:46.000Z,2026-05-26T05:51:32.000Z,-182.4,180.3,-192.9,-10.5,0,0.3,4531.45,4525.15,4525.34,4538.63,BUY,USD,1,1,1583663
D#1702701,XAUUSD,100,288230376152305995,288230376152005404,288230376154369913,288230376154369007,191,2026-05-26T05:49:04.000Z,2026-05-26T05:52:15.000Z,-80,78.6,-87.0,-7,0,0.2,4529.6,4525.38,,,BUY,USD,1,1,1583663
D#1671069,XAUUSD,100,288230376152305999,288230376152004284,288230376154369930,288230376154357852,2985,2026-05-26T05:02:34.000Z,2026-05-26T05:52:19.000Z,5.1,-5.8,1.6,-3.5,0,0.1,4526.2,4525.91,,,SELL,USD,1,1,1583663
D#1670974,XAUUSD,100,288230376152306002,288230376152005352,288230376154369944,288230376154368479,305,2026-05-26T05:47:16.000Z,2026-05-26T05:52:21.000Z,42,-43.75,33.24,-8.76,0,0.25,4527.63,4526.17,4531.16,4524.52,SELL,USD,1,1,1583663
D#1702613,XAUUSD,100,288230376152306015,288230376152004610,288230376154361188,288230376154361186,2222,2026-05-26T05:15:36.000Z,2026-05-26T05:52:38.000Z,-84,82.95,-89.26,-5.26,0,0.15,4530.45,4524.63,4524.91,4537.71,BUY,USD,1,1,1583663
D#1702595,XAUUSD,100,288230376152306019,288230376152005144,288230376154367973,288230376154366596,724,2026-05-26T05:40:34.000Z,2026-05-26T05:52:38.000Z,72.9,-73.60000000000001,69.4,-3.5,0,0.1,4531.7,4524.63,4533.54,4524.73,SELL,USD,1,1,1583663
D#1702480,XAUUSD,100,288230376152306039,288230376152005081,288230376154370019,288230376154365983,882,2026-05-26T05:37:58.000Z,2026-05-26T05:52:40.000Z,-104.3,103.6,-107.8,-3.5,0,0.1,4534.59,4523.94,,,BUY,USD,1,1,1583663
D#1702697,XAUUSD,100,288230376152306058,288230376152004525,288230376154370076,288230376154360211,2480,2026-05-26T05:11:31.000Z,2026-05-26T05:52:51.000Z,-93.8,92.82,-98.7,-4.9,0,0.14,4531.06,4524.14,,,BUY,USD,1,1,1583663
D#1702692,XAUUSD,100,288230376152306089,288230376152005348,288230376154370174,288230376154368423,365,2026-05-26T05:47:00.000Z,2026-05-26T05:53:05.000Z,191.5,-195.0,174.0,-17.5,0,0.5,4528.17,4524.56,,4523.62,SELL,USD,1,1,1583663
D#1702692,XAUUSD,100,288230376152306112,288230376152005538,288230376154370276,288230376154370233,8,2026-05-26T05:53:15.000Z,2026-05-26T05:53:23.000Z,15.5,-19.0,-2.0,-17.5,0,0.5,4524.31,4524.22,,,SELL,USD,1,1,1583663
D#1670919,XAUUSD,100,288230376152306213,288230376152005566,288230376154370900,288230376154370490,100,2026-05-26T05:54:11.000Z,2026-05-26T05:55:51.000Z,-7.5,5.4,-18.0,-10.5,0,0.3,4525.53,4525.06,,,BUY,USD,1,1,1583663
D#1645651,XAUUSD,100,288230376152306277,288230376152005600,288230376154371282,288230376154370962,79,2026-05-26T05:56:10.000Z,2026-05-26T05:57:29.000Z,-56.7,54.6,-67.2,-10.5,0,0.3,4525.41,4527.52,,,SELL,USD,1,1,1583663
D#1702431,XAUUSD,100,288230376152306392,288230376152005414,288230376154369209,288230376154369128,638,2026-05-26T05:49:36.000Z,2026-05-26T06:00:14.000Z,-0.7,-1.1102230246251565e-16,-4.2,-3.5,0,0.1,4528.9,4529.19,4528.93,4484.49,SELL,USD,1,1,1583663
D#1702688,XAUUSD,100,288230376152306406,288230376152005411,288230376154372043,288230376154369089,659,2026-05-26T05:49:29.000Z,2026-05-26T06:00:28.000Z,-6.05,2.1999999999999993,-25.31,-19.26,0,0.55,4529.51,4529.84,,4522.31,SELL,USD,1,1,1583663
D#1702447,XAUUSD,100,288230376152306474,288230376152005271,288230376154367571,288230376154367569,1142,2026-05-26T05:43:24.000Z,2026-05-26T06:02:26.000Z,-1.8,1.1,-5.3,-3.5,0,0.1,4530.43,4530.83,4530.4,4519.72,SELL,USD,1,1,1583663
D#1702630,XAUUSD,100,288230376152306475,288230376152005571,288230376154370690,288230376154370557,478,2026-05-26T05:54:28.000Z,2026-05-26T06:02:26.000Z,-55.9,54.99,-60.46,-4.56,0,0.13,4526.31,4530.83,4530.21,4517.86,SELL,USD,1,1,1583663
D#1702706,XAUUSD,100,288230376152306473,288230376152005676,288230376154371743,288230376154371741,179,2026-05-26T05:59:27.000Z,2026-05-26T06:02:26.000Z,-53.2,51.870000000000005,-59.86,-6.66,0,0.19,4527.81,4530.83,4530.11,4523.68,SELL,USD,1,1,1583663
D#1702573,XAUUSD,100,288230376152306498,288230376152005274,288230376154372579,288230376154367621,1144,2026-05-26T05:43:38.000Z,2026-05-26T06:02:42.000Z,-6.5,5.8,-10.0,-3.5,0,0.1,4529.75,4530.62,,,SELL,USD,1,1,1583663
D#1702509,XAUUSD,100,288230376152306693,288230376152005507,288230376154370212,288230376154369900,916,2026-05-26T05:52:38.000Z,2026-05-26T06:07:54.000Z,14.48,-14.620000000000001,13.78,-0.7,0,0.02,4524.87,4531.89,4520.5,4532,BUY,USD,1,1,1583663
D#1702613,XAUUSD,100,288230376152306691,288230376152005532,288230376154370350,288230376154370194,885,2026-05-26T05:53:09.000Z,2026-05-26T06:07:54.000Z,108.75,-109.8,103.49,-5.26,0,0.15,4524.86,4531.89,4523.02,4531.93,BUY,USD,1,1,1583663
D#1670974,XAUUSD,100,288230376152306719,288230376152005740,288230376154373843,288230376154372345,383,2026-05-26T06:01:41.000Z,2026-05-26T06:08:04.000Z,81.75,-83.5,72.99,-8.76,0,0.25,4528.77,4531.82,4526.9,4532.24,BUY,USD,1,1,1583663
D#1702595,XAUUSD,100,288230376152306749,288230376152005655,288230376154372890,288230376154371428,662,2026-05-26T05:58:06.000Z,2026-05-26T06:09:08.000Z,44.37,-45.0,41.21,-3.16,0,0.09,4527.49,4532.2,4527.59,4532.31,BUY,USD,1,1,1583663
D#1702692,XAUUSD,100,288230376152306751,288230376152005549,288230376154374113,288230376154370315,950,2026-05-26T05:53:31.000Z,2026-05-26T06:09:21.000Z,-374,370.5,-391.5,-17.5,0,0.5,4524.61,4532.31,,4523.42,SELL,USD,1,1,1583663
D#1702431,XAUUSD,100,288230376152306775,288230376152005748,288230376154372519,288230376154372475,474,2026-05-26T06:02:15.000Z,2026-05-26T06:10:09.000Z,-0.6,-0.10000000000000009,-4.1,-3.5,0,0.1,4529.8,4529.52,4529.84,4574.92,BUY,USD,1,1,1583663
D#1702362,XAUUSD,100,288230376152306824,288230376152003823,288230376154374539,288230376154353668,5277,2026-05-26T04:43:13.000Z,2026-05-26T06:11:10.000Z,31,-31.7,27.5,-3.5,0,0.1,4526.87,4529.75,4522.78,4545.28,BUY,USD,1,1,1583663
D#1702742,XAUUSD,100,288230376152307032,288230376152005978,288230376154375348,288230376154375247,84,2026-05-26T06:14:17.000Z,2026-05-26T06:15:41.000Z,-31.6,30.900000000000002,-35.1,-3.5,0,0.1,4532.82,4529.44,4529.52,4537.32,BUY,USD,1,1,1583663
D#1702431,XAUUSD,100,288230376152307035,288230376152005907,288230376154374418,288230376154374332,325,2026-05-26T06:10:17.000Z,2026-05-26T06:15:42.000Z,-2.1,1.4,-5.6,-3.5,0,0.1,4529.8,4529.37,4529.82,4574.84,BUY,USD,1,1,1583663
D#1670968,XAUUSD,100,288230376152307106,288230376152005137,288230376154376207,288230376154366521,2293,2026-05-26T05:40:23.000Z,2026-05-26T06:18:36.000Z,-17.17,15.980000000000002,-23.13,-5.96,0,0.17,4531.8,4530.57,,,BUY,USD,1,1,1583663
D#1702573,XAUUSD,100,288230376152307127,288230376152005979,288230376154376408,288230376154375249,318,2026-05-26T06:14:17.000Z,2026-05-26T06:19:35.000Z,-22.2,21.5,-25.7,-3.5,0,0.1,4532.82,4530.38,,,BUY,USD,1,1,1583663
D#1702372,XAUUSD,100,288230376152307181,288230376152006088,288230376154376745,288230376154376441,84,2026-05-26T06:19:43.000Z,2026-05-26T06:21:07.000Z,30.97,-32.3,24.31,-6.66,0,0.19,4530.77,4532.18,,,BUY,USD,1,1,1583663
D#1702688,XAUUSD,100,288230376152307182,288230376152005919,288230376154376758,288230376154374428,631,2026-05-26T06:10:40.000Z,2026-05-26T06:21:11.000Z,-118.5,115.0,-136.0,-17.5,0,0.5,4529.68,4532.27,,4520.99,SELL,USD,1,1,1583663
D#1702481,XAUUSD,100,288230376152307223,288230376152006030,288230376154376606,288230376154375707,386,2026-05-26T06:16:04.000Z,2026-05-26T06:22:30.000Z,-24.24,23.68,-27.04,-2.8,0,0.08,4530.62,4533.87,4533.65,,SELL,USD,1,1,1583663
D#1702677,XAUUSD,100,288230376152307229,288230376152004898,288230376154364441,288230376154364108,3136,2026-05-26T05:30:20.000Z,2026-05-26T06:22:36.000Z,-4.7,4.3500000000000005,-6.46,-1.76,0,0.05,4532.87,4534.03,4533.89,4522.94,SELL,USD,1,1,1583663
D#1702729,XAUUSD,100,288230376152307254,288230376152006068,288230376154377141,288230376154376139,292,2026-05-26T06:18:15.000Z,2026-05-26T06:23:07.000Z,12.65,-13.0,10.89,-1.76,0,0.05,4530.77,4533.08,,,BUY,USD,1,1,1583663
D#1702528,XAUUSD,100,288230376152307274,288230376152005643,288230376154371337,288230376154371268,1583,2026-05-26T05:57:26.000Z,2026-05-26T06:23:49.000Z,106.05,-107.1,100.79,-5.26,0,0.15,4527.43,4534.28,4527.61,4534.37,BUY,USD,1,1,1583663
D#1671054,XAUUSD,100,288230376152307282,288230376152005303,288230376154369413,288230376154367929,2342,2026-05-26T05:44:57.000Z,2026-05-26T06:23:59.000Z,-4.74,4.67,-5.1,-0.36,0,0.01,4529.82,4534.78,4534.69,4510.76,SELL,USD,1,1,1583663
D#1614622,XAUUSD,100,288230376152307281,288230376152005624,288230376154371330,288230376154371152,1617,2026-05-26T05:57:02.000Z,2026-05-26T06:23:59.000Z,116.4,-117.45,111.14,-5.26,0,0.15,4527.11,4534.65,4524.81,4534.75,BUY,USD,1,1,1583663
D#1670968,XAUUSD,100,288230376152307295,288230376152006128,288230376154377389,288230376154376943,121,2026-05-26T06:22:13.000Z,2026-05-26T06:24:14.000Z,-28.73,27.54,-34.69,-5.96,0,0.17,4532.32,4534.23,,,SELL,USD,1,1,1583663
D#1702558,XAUUSD,100,288230376152307312,288230376152005400,288230376154377459,288230376154368989,2128,2026-05-26T05:49:00.000Z,2026-05-26T06:24:28.000Z,37.2,-37.900000000000006,33.7,-3.5,0,0.1,4529.64,4533.14,,,BUY,USD,1,1,1583663
D#1702706,XAUUSD,100,288230376152307395,288230376152006132,288230376154376995,288230376154375346,173,2026-05-26T06:22:30.000Z,2026-05-26T06:25:23.000Z,-29.61,28.14,-36.97,-7.36,0,0.21,4533.73,4535.36,4535.17,4524.1,SELL,USD,1,1,1583663
D#1670990,XAUUSD,100,288230376152307417,288230376152003959,288230376154354983,288230376154354914,5774,2026-05-26T04:49:13.000Z,2026-05-26T06:25:27.000Z,-95.3,94.6,-98.8,-3.5,0,0.1,4526.29,4536.04,4535.84,4514.7,SELL,USD,1,1,1583663
D#1702412,XAUUSD,100,288230376152307422,288230376152005840,288230376154373508,288230376154373507,1135,2026-05-26T06:06:32.000Z,2026-05-26T06:25:27.000Z,-104,102.6,-111.0,-7,0,0.2,4530.61,4536.03,4536.03,4524.98,SELL,USD,1,1,1583663
D#1702613,XAUUSD,100,288230376152307418,288230376152006074,288230376154376215,288230376154376211,410,2026-05-26T06:18:37.000Z,2026-05-26T06:25:27.000Z,106.6,-108.0,99.6,-7,0,0.2,4530.64,4535.75,4526.35,4535.83,BUY,USD,1,1,1583663
D#1702372,XAUUSD,100,288230376152307427,288230376152006157,288230376154377731,288230376154377246,111,2026-05-26T06:23:37.000Z,2026-05-26T06:25:28.000Z,110.5,-114.0,93.0,-17.5,0,0.5,4533.74,4535.73,,,BUY,USD,1,1,1583663
D#1671080,XAUUSD,100,288230376152307435,288230376152006120,288230376154377745,288230376154376873,221,2026-05-26T06:21:49.000Z,2026-05-26T06:25:30.000Z,36.3,-37.0,32.8,-3.5,0,0.1,4532.27,4535.68,,,BUY,USD,1,1,1583663
D#1670968,XAUUSD,100,288230376152307438,288230376152006181,288230376154377752,288230376154377517,50,2026-05-26T06:24:40.000Z,2026-05-26T06:25:30.000Z,48.88,-50.7,39.78,-9.1,0,0.26,4533.91,4535.57,,,BUY,USD,1,1,1583663
D#1671093,XAUUSD,100,288230376152307484,288230376152005914,288230376154377884,288230376154374391,923,2026-05-26T06:10:30.000Z,2026-05-26T06:25:53.000Z,-169.1,167.0,-179.6,-10.5,0,0.3,4530.28,4536.25,,,SELL,USD,1,1,1583663
D#1702731,XAUUSD,100,288230376152307568,288230376152005573,288230376154378240,288230376154370587,1945,2026-05-26T05:54:37.000Z,2026-05-26T06:27:02.000Z,92.7,-93.4,89.2,-3.5,0,0.1,4526.19,4535.24,4522.43,4537.97,BUY,USD,1,1,1583663
D#1702706,XAUUSD,100,288230376152307602,288230376152006241,288230376154377949,288230376154377947,70,2026-05-26T06:26:05.000Z,2026-05-26T06:27:15.000Z,-51.3,49.199999999999996,-61.8,-10.5,0,0.3,4535.91,4533.98,4534.11,4540.96,BUY,USD,1,1,1583663
D#1671093,XAUUSD,100,288230376152307613,288230376152006243,288230376154378339,288230376154377969,70,2026-05-26T06:26:10.000Z,2026-05-26T06:27:20.000Z,-43.5,41.4,-54.0,-10.5,0,0.3,4535.81,4534.14,,,BUY,USD,1,1,1583663
D#1671080,XAUUSD,100,288230376152307631,288230376152006252,288230376154378517,288230376154378104,88,2026-05-26T06:26:37.000Z,2026-05-26T06:28:05.000Z,63,-66.5,45.5,-17.5,0,0.5,4535.69,4534.65,,,SELL,USD,1,1,1583663
D#1702729,XAUUSD,100,288230376152307640,288230376152006240,288230376154378588,288230376154377945,136,2026-05-26T06:26:05.000Z,2026-05-26T06:28:21.000Z,12.9,-13.6,9.4,-3.5,0,0.1,4535.78,4534.71,,,SELL,USD,1,1,1583663
D#1702431,XAUUSD,100,288230376152307694,288230376152006028,288230376154375700,288230376154375654,785,2026-05-26T06:15:47.000Z,2026-05-26T06:28:52.000Z,-4.9,4.2,-8.4,-3.5,0,0.1,4530.36,4529.65,4530.36,4575.58,BUY,USD,1,1,1583663
D#1702595,XAUUSD,100,288230376152307664,288230376152006051,288230376154376310,288230376154376008,669,2026-05-26T06:17:43.000Z,2026-05-26T06:28:52.000Z,-9.36,8.729999999999999,-12.52,-3.16,0,0.09,4531.78,4530.52,4532.05,4536.67,BUY,USD,1,1,1583663
D#1702677,XAUUSD,100,288230376152307699,288230376152006144,288230376154377198,288230376154377115,352,2026-05-26T06:23:00.000Z,2026-05-26T06:28:52.000Z,-17.35,17.0,-19.11,-1.76,0,0.05,4533.34,4529.65,4530.03,4543.44,BUY,USD,1,1,1583663
D#1702412,XAUUSD,100,288230376152307671,288230376152006222,288230376154378123,288230376154377786,196,2026-05-26T06:25:36.000Z,2026-05-26T06:28:52.000Z,-130.5,128.75,-139.26,-8.76,0,0.25,4535.96,4530.52,4533.91,,BUY,USD,1,1,1583663
D#1670862,XAUUSD,100,288230376152307672,288230376152006312,288230376154378501,288230376154378500,50,2026-05-26T06:28:02.000Z,2026-05-26T06:28:52.000Z,-84.48,82.94,-92.18,-7.7,0,0.22,4534.58,4530.52,4532.49,4539.08,BUY,USD,1,1,1583663
D#1702706,XAUUSD,100,288230376152307663,288230376152006327,288230376154378704,288230376154378702,3,2026-05-26T06:28:49.000Z,2026-05-26T06:28:52.000Z,-150.8,148.0,-164.8,-14,0,0.4,4534.51,4530.52,4533.32,,BUY,USD,1,1,1583663
D#1702649,XAUUSD,100,288230376152307725,288230376152006287,288230376154378375,288230376154378285,105,2026-05-26T06:27:10.000Z,2026-05-26T06:28:55.000Z,108.4,-109.80000000000001,101.4,-7,0,0.2,4534.6,4529.4,4536.97,4529.12,SELL,USD,1,1,1583663
D#1702372,XAUUSD,100,288230376152307729,288230376152006292,288230376154378787,288230376154378295,106,2026-05-26T06:27:11.000Z,2026-05-26T06:28:57.000Z,258,-261.5,240.5,-17.5,0,0.5,4534.72,4529.78,,,SELL,USD,1,1,1583663
D#1671080,XAUUSD,100,288230376152307758,288230376152006325,288230376154378844,288230376154378677,21,2026-05-26T06:28:43.000Z,2026-05-26T06:29:04.000Z,274.5,-278.0,257.0,-17.5,0,0.5,4534.23,4528.96,,,SELL,USD,1,1,1583663
D#1670968,XAUUSD,100,288230376152307901,288230376152006395,288230376154379509,288230376154379254,49,2026-05-26T06:30:09.000Z,2026-05-26T06:30:58.000Z,28.34,-30.16,19.24,-9.1,0,0.26,4530.4,4531.27,,,BUY,USD,1,1,1583663
D#1702558,XAUUSD,100,288230376152307921,288230376152006431,288230376154379636,288230376154379576,5,2026-05-26T06:31:18.000Z,2026-05-26T06:31:23.000Z,4.5,-5.2,1.0,-3.5,0,0.1,4531.18,4530.95,,,SELL,USD,1,1,1583663
D#1702372,XAUUSD,100,288230376152307927,288230376152006427,288230376154379686,288230376154379566,23,2026-05-26T06:31:10.000Z,2026-05-26T06:31:33.000Z,43,-46.5,25.5,-17.5,0,0.5,4530.85,4530.21,,,SELL,USD,1,1,1583663
D#1671080,XAUUSD,100,288230376152307926,288230376152006432,288230376154379684,288230376154379641,8,2026-05-26T06:31:25.000Z,2026-05-26T06:31:33.000Z,36,-39.5,18.5,-17.5,0,0.5,4530.53,4530.03,,,SELL,USD,1,1,1583663
D#1671080,XAUUSD,100,288230376152307992,288230376152006472,288230376154380044,288230376154379982,11,2026-05-26T06:32:42.000Z,2026-05-26T06:32:53.000Z,33,-36.5,15.5,-17.5,0,0.5,4529.51,4529.07,,,SELL,USD,1,1,1583663
D#1671080,XAUUSD,100,288230376152308059,288230376152006518,288230376154380491,288230376154380470,6,2026-05-26T06:34:35.000Z,2026-05-26T06:34:41.000Z,18,-21.5,0.5,-17.5,0,0.5,4530.71,4530.85,,,BUY,USD,1,1,1583663
D#1671080,XAUUSD,100,288230376152308189,288230376152006582,288230376154381260,288230376154381202,15,2026-05-26T06:37:48.000Z,2026-05-26T06:38:03.000Z,-32.5,29.0,-50.0,-17.5,0,0.5,4533.4,4532.53,,,BUY,USD,1,1,1583663
D#1702595,XAUUSD,100,288230376152308295,288230376152006365,288230376154379211,288230376154378960,682,2026-05-26T06:29:17.000Z,2026-05-26T06:40:39.000Z,-20.52,19.89,-23.68,-3.16,0,0.09,4531.25,4533.75,4533.39,4525.06,SELL,USD,1,1,1583663
D#1702718,XAUUSD,100,288230376152308316,288230376152006470,288230376154381990,288230376154379969,491,2026-05-26T06:32:39.000Z,2026-05-26T06:40:50.000Z,-182.77,179.34,-199.93,-17.16,0,0.49,4529.47,4533.42,,4520.99,SELL,USD,1,1,1583663
D#1702519,XAUUSD,100,288230376152308318,288230376152005089,288230376154382006,288230376154366082,3750,2026-05-26T05:38:25.000Z,2026-05-26T06:40:55.000Z,0.96,-1.03,0.6,-0.36,0,0.01,4533.83,4533.09,4538.93,4509.18,SELL,USD,1,1,1583663
D#1702616,XAUUSD,100,288230376152308497,288230376152006662,288230376154382102,288230376154382101,275,2026-05-26T06:41:20.000Z,2026-05-26T06:45:55.000Z,-12.04,11.549999999999999,-14.5,-2.46,0,0.07,4534.01,4532.07,4532.22,4536.17,BUY,USD,1,1,1583663
D#1702528,XAUUSD,100,288230376152308526,288230376152006579,288230376154381518,288230376154381179,520,2026-05-26T06:37:44.000Z,2026-05-26T06:46:24.000Z,-16.05,15.0,-21.31,-5.26,0,0.15,4532.51,4531.22,4531.51,4540.2,BUY,USD,1,1,1583663
D#1702595,XAUUSD,100,288230376152308528,288230376152006650,288230376154382064,288230376154381954,342,2026-05-26T06:40:43.000Z,2026-05-26T06:46:25.000Z,-23.5,22.8,-27.0,-3.5,0,0.1,4533.8,4531.23,4531.35,4541.45,BUY,USD,1,1,1583663
D#1702649,XAUUSD,100,288230376152308608,288230376152006753,288230376154383226,288230376154383223,149,2026-05-26T06:46:03.000Z,2026-05-26T06:48:32.000Z,-3.2,1.8,-10.2,-7,0,0.2,4531.71,4532.09,4531.78,4528.8,SELL,USD,1,1,1583663
D#1702672,XAUUSD,100,288230376152308616,288230376152006781,288230376154383886,288230376154383511,108,2026-05-26T06:47:12.000Z,2026-05-26T06:49:00.000Z,-75.5,72.0,-93.0,-17.5,0,0.5,4530.68,4532.41,,,SELL,USD,1,1,1583663
D#1702528,XAUUSD,100,288230376152308619,288230376152006764,288230376154383896,288230376154383347,151,2026-05-26T06:46:31.000Z,2026-05-26T06:49:02.000Z,-16.35,15.3,-21.61,-5.26,0,0.15,4531.17,4532.48,,4528.88,SELL,USD,1,1,1583663
D#1702431,XAUUSD,100,288230376152308627,288230376152006390,288230376154379371,288230376154379226,1144,2026-05-26T06:30:06.000Z,2026-05-26T06:49:10.000Z,-7.1,6.3999999999999995,-10.6,-3.5,0,0.1,4530.63,4529.7,4530.17,,BUY,USD,1,1,1583663
D#1702528,XAUUSD,100,288230376152308637,288230376152006816,288230376154383952,288230376154383929,5,2026-05-26T06:49:08.000Z,2026-05-26T06:49:13.000Z,-26.25,25.2,-31.51,-5.26,0,0.15,4530.87,4528.9,,,BUY,USD,1,1,1583663
D#1702672,XAUUSD,100,288230376152308705,288230376152006823,288230376154384462,288230376154383976,123,2026-05-26T06:49:16.000Z,2026-05-26T06:51:19.000Z,-71,67.5,-88.5,-17.5,0,0.5,4529.05,4530.69,,,SELL,USD,1,1,1583663
D#1702672,XAUUSD,100,288230376152308740,288230376152006872,288230376154384752,288230376154384638,31,2026-05-26T06:52:09.000Z,2026-05-26T06:52:40.000Z,-51,47.5,-68.5,-17.5,0,0.5,4529,4530.24,,,SELL,USD,1,1,1583663
D#1702449,XAUUSD,100,288230376152308745,288230376152006758,288230376154384807,288230376154383274,410,2026-05-26T06:46:12.000Z,2026-05-26T06:53:02.000Z,146.02,-149.45000000000002,128.86,-17.16,0,0.49,4531.96,4529.2,,4525.97,SELL,USD,1,1,1583663
D#1671054,XAUUSD,100,288230376152308747,288230376152006587,288230376154381752,288230376154381257,904,2026-05-26T06:38:03.000Z,2026-05-26T06:53:07.000Z,-11.67,11.459999999999999,-12.73,-1.06,0,0.03,4532.67,4528.56,4528.61,4545.54,BUY,USD,1,1,1583663
D#1702595,XAUUSD,100,288230376152308807,288230376152006765,288230376154385142,288230376154383350,492,2026-05-26T06:46:31.000Z,2026-05-26T06:54:43.000Z,-0.9,0.19999999999999996,-4.4,-3.5,0,0.1,4531.17,4531.48,4533.92,4520.85,SELL,USD,1,1,1583663
D#1702528,XAUUSD,100,288230376152308861,288230376152006822,288230376154384384,288230376154383967,409,2026-05-26T06:49:15.000Z,2026-05-26T06:56:04.000Z,-58.35,57.300000000000004,-63.61,-5.26,0,0.15,4528.88,4532.99,4532.6,4521.85,SELL,USD,1,1,1583663
D#1702616,XAUUSD,100,288230376152308862,288230376152006877,288230376154384716,288230376154384715,214,2026-05-26T06:52:30.000Z,2026-05-26T06:56:04.000Z,-24.01,23.520000000000003,-26.47,-2.46,0,0.07,4529.34,4532.99,4532.22,4525.76,SELL,USD,1,1,1583663
D#1702528,XAUUSD,100,288230376152308950,288230376152006974,288230376154385829,288230376154385746,19,2026-05-26T06:57:35.000Z,2026-05-26T06:57:54.000Z,-0.45,-0.6000000000000001,-5.71,-5.26,0,0.15,4532.4,4532.15,,,BUY,USD,1,1,1583663
D#1702595,XAUUSD,100,288230376152308985,288230376152006937,288230376154386110,288230376154385346,212,2026-05-26T06:55:51.000Z,2026-05-26T06:59:23.000Z,-14.2,12.799999999999999,-21.2,-7,0,0.2,4532.17,4531.24,4529.76,4538.11,BUY,USD,1,1,1583663
D#1671080,XAUUSD,100,288230376152309004,288230376152006981,288230376154386197,288230376154385809,108,2026-05-26T06:57:50.000Z,2026-05-26T06:59:38.000Z,65.5,-69.0,48.0,-17.5,0,0.5,4532.1,4531.01,,,SELL,USD,1,1,1583663
D#1671080,XAUUSD,100,288230376152309262,288230376152007045,288230376154387576,288230376154386528,207,2026-05-26T07:00:40.000Z,2026-05-26T07:04:07.000Z,49.5,-53.0,32.0,-17.5,0,0.5,4531.56,4530.79,,,SELL,USD,1,1,1583663
D#1702431,XAUUSD,100,288230376152309269,288230376152006913,288230376154385144,288230376154385101,577,2026-05-26T06:54:31.000Z,2026-05-26T07:04:08.000Z,-5,4.3,-8.5,-3.5,0,0.1,4531.03,4530.31,4530.44,4578.26,BUY,USD,1,1,1583663
D#1671092,XAUUSD,100,288230376152309297,288230376152007087,288230376154387080,288230376154387078,93,2026-05-26T07:02:42.000Z,2026-05-26T07:04:15.000Z,-50.72,49.6,-56.32,-5.6,0,0.16,4532.74,4529.35,4529.47,,BUY,USD,1,1,1583663
D#1702649,XAUUSD,100,288230376152309799,288230376152007264,288230376154388466,288230376154388464,190,2026-05-26T07:06:10.000Z,2026-05-26T07:09:20.000Z,-45,43.6,-52.0,-7,0,0.2,4531.18,4528.71,4529.08,4534.01,BUY,USD,1,1,1583663
D#1614622,XAUUSD,100,288230376152309821,288230376152006355,288230376154379083,288230376154378871,2434,2026-05-26T06:29:07.000Z,2026-05-26T07:09:41.000Z,-26.55,25.5,-31.81,-5.26,0,0.15,4530.03,4528.04,4528.38,4537.66,BUY,USD,1,1,1583663
D#1702677,XAUUSD,100,288230376152309824,288230376152007016,288230376154386532,288230376154386249,591,2026-05-26T06:59:50.000Z,2026-05-26T07:09:41.000Z,-12.75,12.4,-14.51,-1.76,0,0.05,4530.81,4528.04,4528.48,4542.56,BUY,USD,1,1,1583663
D#1702518,XAUUSD,100,288230376152309852,288230376152007317,288230376154389615,288230376154389013,120,2026-05-26T07:07:48.000Z,2026-05-26T07:09:48.000Z,-13.08,12.87,-14.14,-1.06,0,0.03,4532.57,4527.99,4523.04,,BUY,USD,1,1,1583663
D#1702566,XAUUSD,100,288230376152309898,288230376152006543,288230376154389743,288230376154380748,2059,2026-05-26T06:35:51.000Z,2026-05-26T07:10:10.000Z,-159.74,156.31,-176.9,-17.16,0,0.49,4531.7,4528.22,,,BUY,USD,1,1,1583663
D#1702630,XAUUSD,100,288230376152309950,288230376152005821,288230376154373642,288230376154373367,3873,2026-05-26T06:06:00.000Z,2026-05-26T07:10:33.000Z,-68.32,67.19999999999999,-73.92,-5.6,0,0.16,4530.67,4526.18,4526.51,4537.48,BUY,USD,1,1,1583663
D#1702613,XAUUSD,100,288230376152309949,288230376152006430,288230376154379607,288230376154379606,2356,2026-05-26T06:31:17.000Z,2026-05-26T07:10:33.000Z,-92.8,91.39999999999999,-99.8,-7,0,0.2,4531.04,4526.18,4526.63,4536.48,BUY,USD,1,1,1583663
D#1702730,XAUUSD,100,288230376152309956,288230376152006830,288230376154385210,288230376154384084,1248,2026-05-26T06:49:45.000Z,2026-05-26T07:10:33.000Z,-18.4,18.049999999999997,-20.16,-1.76,0,0.05,4529.86,4525.96,4526.06,,BUY,USD,1,1,1583663
D#1702649,XAUUSD,100,288230376152309947,288230376152007387,288230376154389688,288230376154389683,30,2026-05-26T07:10:03.000Z,2026-05-26T07:10:33.000Z,-30.8,29.400000000000002,-37.8,-7,0,0.2,4527.94,4526.18,4526.7,4533.27,BUY,USD,1,1,1583663
D#1670968,XAUUSD,100,288230376152309967,288230376152006853,288230376154389909,288230376154384339,1190,2026-05-26T06:50:48.000Z,2026-05-26T07:10:38.000Z,108.42,-110.24,99.32,-9.1,0,0.26,4530.26,4526.31,,,SELL,USD,1,1,1583663
D#1702481,XAUUSD,100,288230376152310015,288230376152007163,288230376154389838,288230376154387588,424,2026-05-26T07:04:07.000Z,2026-05-26T07:11:11.000Z,13.43,-13.99,10.62,-2.81,0,0.08,4530.39,4530,4529.56,,SELL,USD,1,1,1583663
D#1670968,XAUUSD,100,288230376152310106,288230376152007451,288230376154390496,288230376154390136,74,2026-05-26T07:11:14.000Z,2026-05-26T07:12:28.000Z,10.92,-12.74,1.82,-9.1,0,0.26,4529.87,4529.67,,,SELL,USD,1,1,1583663
D#1614602,XAUUSD,100,288230376152310298,288230376152005913,288230376154391575,288230376154374380,3914,2026-05-26T06:10:27.000Z,2026-05-26T07:15:41.000Z,16.85,-17.200000000000003,15.09,-1.76,0,0.05,4530.62,4527.47,,,SELL,USD,1,1,1583663
D#1614622,XAUUSD,100,288230376152310346,288230376152007545,288230376154390940,288230376154390817,206,2026-05-26T07:13:20.000Z,2026-05-26T07:16:46.000Z,-18,16.95,-23.26,-5.26,0,0.15,4527.28,4525.86,4525.97,4534.93,BUY,USD,1,1,1583663
D#1702443,XAUUSD,100,288230376152310353,288230376152007576,288230376154391915,288230376154391124,155,2026-05-26T07:14:14.000Z,2026-05-26T07:16:49.000Z,-40.82,39.910000000000004,-45.38,-4.56,0,0.13,4529.21,4525.85,4525.93,4538.61,BUY,USD,1,1,1583663
D#1670862,XAUUSD,100,288230376152310355,288230376152007094,288230376154391933,288230376154387150,833,2026-05-26T07:02:58.000Z,2026-05-26T07:16:51.000Z,-302.28,299.2,-317.68,-15.4,0,0.44,4532.99,4525.9,,4535.15,BUY,USD,1,1,1583663
D#1702447,XAUUSD,100,288230376152310364,288230376152005862,288230376154373967,288230376154373778,4142,2026-05-26T06:07:51.000Z,2026-05-26T07:16:53.000Z,-58.4,57.699999999999996,-61.9,-3.5,0,0.1,4531.48,4525.42,4525.55,4540.58,BUY,USD,1,1,1583663
D#1702649,XAUUSD,100,288230376152310363,288230376152007436,288230376154390008,288230376154390006,360,2026-05-26T07:10:53.000Z,2026-05-26T07:16:53.000Z,-65.4,64.0,-72.4,-7,0,0.2,4528.91,4525.42,4525.61,4534.1,BUY,USD,1,1,1583663
D#1702616,XAUUSD,100,288230376152310366,288230376152007600,288230376154391425,288230376154391421,102,2026-05-26T07:15:11.000Z,2026-05-26T07:16:53.000Z,17.44,-18.0,14.64,-2.8,0,0.08,4527.63,4525.67,4529.29,4525.83,SELL,USD,1,1,1583663
D#1702595,XAUUSD,100,288230376152310408,288230376152007002,288230376154386656,288230376154386129,1069,2026-05-26T06:59:27.000Z,2026-05-26T07:17:16.000Z,141.4,-142.8,134.4,-7,0,0.2,4531.08,4524.23,4534.12,4524.21,SELL,USD,1,1,1583663
D#1702362,XAUUSD,100,288230376152310429,288230376152006022,288230376154375664,288230376154375594,3703,2026-05-26T06:15:36.000Z,2026-05-26T07:17:19.000Z,142.4,-143.8,135.4,-7,0,0.2,4530.21,4523.31,,4523.33,SELL,USD,1,1,1583663
D#1670868,XAUUSD,100,288230376152310500,288230376152004027,288230376154392289,288230376154355452,8772,2026-05-26T04:51:38.000Z,2026-05-26T07:17:50.000Z,42.48,-43.04,39.68,-2.8,0,0.08,4527.68,4522.59,,4510.14,SELL,USD,1,1,1583663
D#1702687,XAUUSD,100,288230376152310514,288230376152007083,288230376154387085,288230376154387021,921,2026-05-26T07:02:29.000Z,2026-05-26T07:17:50.000Z,101.6,-102.3,98.1,-3.5,0,0.1,4532.47,4522.53,,4522.39,SELL,USD,1,1,1583663
D#1702552,XAUUSD,100,288230376152310534,288230376152004598,288230376154361124,288230376154361052,7367,2026-05-26T05:15:04.000Z,2026-05-26T07:17:51.000Z,-102.9,101.85000000000001,-108.16,-5.26,0,0.15,4529.42,4522.34,4522.64,4555.97,BUY,USD,1,1,1583663
D#1671057,XAUUSD,100,288230376152310526,288230376152005640,288230376154371342,288230376154371240,4833,2026-05-26T05:57:18.000Z,2026-05-26T07:17:51.000Z,-44.6,43.9,-48.1,-3.5,0,0.1,4526.9,4522.22,4522.8,4537.09,BUY,USD,1,1,1583663
D#1702613,XAUUSD,100,288230376152310528,288230376152007560,288230376154390926,288230376154390922,255,2026-05-26T07:13:36.000Z,2026-05-26T07:17:51.000Z,-93,91.6,-100.0,-7,0,0.2,4527.09,4522.22,4522.75,4532.49,BUY,USD,1,1,1583663
D#1702480,XAUUSD,100,288230376152310590,288230376152007640,288230376154392387,288230376154391911,73,2026-05-26T07:16:48.000Z,2026-05-26T07:18:01.000Z,32.3,-33.0,28.8,-3.5,0,0.1,4525.95,4522.94,,,SELL,USD,1,1,1583663
D#1671061,XAUUSD,100,288230376152310788,288230376152005981,288230376154393437,288230376154375322,4000,2026-05-26T06:14:38.000Z,2026-05-26T07:21:18.000Z,-20.52,20.31,-21.58,-1.06,0,0.03,4532.59,4525.53,4515,,BUY,USD,1,1,1583663
D#1702728,XAUUSD,100,288230376152310816,288230376152007800,288230376154393571,288230376154393162,93,2026-05-26T07:20:18.000Z,2026-05-26T07:21:51.000Z,11.6,-12.299999999999999,8.1,-3.5,0,0.1,4526.32,4525.38,4539.93,4519.41,SELL,USD,1,1,1583663
D#1702649,XAUUSD,100,288230376152310879,288230376152007772,288230376154393957,288230376154392919,208,2026-05-26T07:19:47.000Z,2026-05-26T07:23:15.000Z,10.8,-11.5,7.3,-3.5,0,0.1,4525.49,4526.35,4521.72,4533.03,BUY,USD,1,1,1583663
D#1702481,XAUUSD,100,288230376152310966,288230376152007923,288230376154394329,288230376154394296,8,2026-05-26T07:24:24.000Z,2026-05-26T07:24:32.000Z,-2.56,2.0,-5.36,-2.8,0,0.08,4530,4529.46,,,BUY,USD,1,1,1583663
D#1670868,XAUUSD,100,288230376152311027,288230376152007823,288230376154394484,288230376154393418,217,2026-05-26T07:21:15.000Z,2026-05-26T07:24:52.000Z,30.96,-31.52,28.16,-2.8,0,0.08,4526.23,4529.88,,,BUY,USD,1,1,1583663
D#1671092,XAUUSD,100,288230376152311031,288230376152007680,288230376154392437,288230376154392196,443,2026-05-26T07:17:34.000Z,2026-05-26T07:24:57.000Z,99.96,-101.14999999999999,94.0,-5.96,0,0.17,4524.61,4530.27,4521.55,4530.38,BUY,USD,1,1,1583663
D#1671067,XAUUSD,100,288230376152311150,288230376152007940,288230376154394716,288230376154394502,129,2026-05-26T07:24:58.000Z,2026-05-26T07:27:07.000Z,-49.2,46.400000000000006,-63.2,-14,0,0.4,4530.39,4528.94,4529.28,4533.03,BUY,USD,1,1,1583663
D#1702337,XAUUSD,100,288230376152311220,288230376152007745,288230376154395387,288230376154392658,559,2026-05-26T07:18:52.000Z,2026-05-26T07:28:11.000Z,-261.17,257.74,-278.33,-17.16,0,0.49,4524.95,4530.5,,,SELL,USD,1,1,1583663
D#1702595,XAUUSD,100,288230376152311311,288230376152007924,288230376154394644,288230376154394305,366,2026-05-26T07:24:26.000Z,2026-05-26T07:30:32.000Z,-17.01,16.380000000000003,-20.17,-3.16,0,0.09,4529.95,4527.84,4528.09,4535.08,BUY,USD,1,1,1583663
D#1671067,XAUUSD,100,288230376152311307,288230376152008032,288230376154395498,288230376154395331,155,2026-05-26T07:27:57.000Z,2026-05-26T07:30:32.000Z,-122.4,119.60000000000001,-136.4,-14,0,0.4,4531.29,4528.01,4528.39,4534.05,BUY,USD,1,1,1583663
D#1671067,XAUUSD,100,288230376152311392,288230376152008122,288230376154396242,288230376154396122,22,2026-05-26T07:30:48.000Z,2026-05-26T07:31:10.000Z,-9.6,6.799999999999999,-23.6,-14,0,0.4,4528.17,4527.71,,,BUY,USD,1,1,1583663
D#1702649,XAUUSD,100,288230376152311394,288230376152007974,288230376154396256,288230376154394838,306,2026-05-26T07:26:06.000Z,2026-05-26T07:31:12.000Z,17.4,-18.099999999999998,13.9,-3.5,0,0.1,4529.44,4527.92,4531.29,4525.37,SELL,USD,1,1,1583663
D#1702613,XAUUSD,100,288230376152311612,288230376152007911,288230376154394199,288230376154394197,492,2026-05-26T07:24:09.000Z,2026-05-26T07:32:21.000Z,-50.2,48.800000000000004,-57.2,-7,0,0.2,4528.2,4525.47,4526.01,4533.67,BUY,USD,1,1,1583663
D#1614622,XAUUSD,100,288230376152311647,288230376152007856,288230376154394077,288230376154393710,615,2026-05-26T07:22:25.000Z,2026-05-26T07:32:40.000Z,-18.6,17.55,-23.86,-5.26,0,0.15,4525.98,4524.52,4525.17,4533.75,BUY,USD,1,1,1583663
D#1702443,XAUUSD,100,288230376152311758,288230376152007876,288230376154393986,288230376154393873,624,2026-05-26T07:22:56.000Z,2026-05-26T07:33:20.000Z,-40.69,39.78,-45.25,-4.56,0,0.13,4526.41,4523.06,4523.21,4550.97,BUY,USD,1,1,1583663
D#1702649,XAUUSD,100,288230376152311991,288230376152008420,288230376154398490,288230376154398489,12,2026-05-26T07:37:41.000Z,2026-05-26T07:37:53.000Z,-36.4,35.0,-43.4,-7,0,0.2,4525.49,4523.45,4523.75,,BUY,USD,1,1,1583663
D#1614622,XAUUSD,100,288230376152311996,288230376152008381,288230376154398164,288230376154398000,120,2026-05-26T07:35:56.000Z,2026-05-26T07:37:56.000Z,-21.6,20.55,-26.86,-5.26,0,0.15,4524.6,4522.94,4523.1,4532.31,BUY,USD,1,1,1583663
D#1702625,XAUUSD,100,288230376152312023,288230376152006990,288230376154398607,288230376154386011,2347,2026-05-26T06:58:55.000Z,2026-05-26T07:38:02.000Z,353.6,-356.40000000000003,339.6,-14,0,0.4,4531.56,4522.94,4531.37,4521.62,SELL,USD,1,1,1583663
D#1670968,XAUUSD,100,288230376152312022,288230376152007781,288230376154398606,288230376154392970,1089,2026-05-26T07:19:53.000Z,2026-05-26T07:38:02.000Z,95.42,-97.24,86.32,-9.1,0,0.26,4526.39,4522.94,,,SELL,USD,1,1,1583663
D#1702518,XAUUSD,100,288230376152312037,288230376152008013,288230376154395171,288230376154395168,645,2026-05-26T07:27:20.000Z,2026-05-26T07:38:05.000Z,-79.3,78.6,-82.8,-3.5,0,0.1,4529.91,4521.76,4522.03,4545.51,BUY,USD,1,1,1583663
D#1670868,XAUUSD,100,288230376152312056,288230376152007968,288230376154398646,288230376154394778,731,2026-05-26T07:25:56.000Z,2026-05-26T07:38:07.000Z,-60.56,60.0,-63.36,-2.8,0,0.08,4529.69,4521.9,,,BUY,USD,1,1,1583663
D#1670972,XAUUSD,100,288230376152312259,288230376152007636,288230376154399626,288230376154391892,1465,2026-05-26T07:16:46.000Z,2026-05-26T07:41:11.000Z,13.5,-14.55,8.24,-5.26,0,0.15,4525.86,4525.18,4532.16,4518,SELL,USD,1,1,1583663
D#1670968,XAUUSD,100,288230376152312492,288230376152008660,288230376154401119,288230376154401054,15,2026-05-26T07:45:58.000Z,2026-05-26T07:46:13.000Z,6.24,-8.06,-2.86,-9.1,0,0.26,4525.75,4525.77,,,BUY,USD,1,1,1583663
D#1702595,XAUUSD,100,288230376152312510,288230376152008115,288230376154396252,288230376154396066,952,2026-05-26T07:30:38.000Z,2026-05-26T07:46:30.000Z,-11.16,10.53,-14.32,-3.16,0,0.09,4527.58,4529.04,4528.86,4520.37,SELL,USD,1,1,1583663
D#1702592,XAUUSD,100,288230376152312523,288230376152008576,288230376154401227,288230376154399830,285,2026-05-26T07:41:50.000Z,2026-05-26T07:46:35.000Z,-233,229.5,-250.5,-17.5,0,0.5,4524.43,4529.31,,4516.17,SELL,USD,1,1,1583663
D#1702649,XAUUSD,100,288230376152312551,288230376152008469,288230376154401292,288230376154398888,474,2026-05-26T07:38:51.000Z,2026-05-26T07:46:45.000Z,92.1,-93.5,85.1,-7,0,0.2,4522.89,4530.1,4522.97,4531.22,BUY,USD,1,1,1583663
D#1702649,XAUUSD,100,288230376152312664,288230376152008698,288230376154401763,288230376154401371,73,2026-05-26T07:47:02.000Z,2026-05-26T07:48:15.000Z,7.4,-8.8,0.4,-7,0,0.2,4530.54,4530.69,4529.69,4534.05,BUY,USD,1,1,1583663
D#1614622,XAUUSD,100,288230376152312668,288230376152008478,288230376154399208,288230376154398953,557,2026-05-26T07:39:02.000Z,2026-05-26T07:48:19.000Z,122.1,-123.14999999999999,116.84,-5.26,0,0.15,4523.44,4531.36,4521.48,4531.25,BUY,USD,1,1,1583663
D#1702742,XAUUSD,100,288230376152312670,288230376152008619,288230376154400466,288230376154397403,237,2026-05-26T07:44:22.000Z,2026-05-26T07:48:19.000Z,43.1,-43.800000000000004,39.6,-3.5,0,0.1,4527.27,4531.36,4523.22,4531.44,BUY,USD,1,1,1583663
D#1670972,XAUUSD,100,288230376152312778,288230376152008553,288230376154402174,288230376154399693,491,2026-05-26T07:41:25.000Z,2026-05-26T07:49:36.000Z,122.55,-123.6,117.29,-5.26,0,0.15,4524.48,4532.43,4521.24,,BUY,USD,1,1,1583663
D#1702644,XAUUSD,100,288230376152312823,288230376152008556,288230376154399979,288230376154399709,514,2026-05-26T07:41:28.000Z,2026-05-26T07:50:02.000Z,107.8,-108.57,103.94,-3.86,0,0.11,4524.5,4534.08,4519.84,4533.93,BUY,USD,1,1,1583663
D#1702558,XAUUSD,100,288230376152312855,288230376152008600,288230376154402398,288230376154400238,405,2026-05-26T07:43:31.000Z,2026-05-26T07:50:16.000Z,-84.1,83.39999999999999,-87.6,-3.5,0,0.1,4526.16,4534.79,,,SELL,USD,1,1,1583663
D#1702595,XAUUSD,100,288230376152312986,288230376152008687,288230376154402891,288230376154401223,298,2026-05-26T07:46:35.000Z,2026-05-26T07:51:33.000Z,110,-111.4,103.0,-7,0,0.2,4529.42,4534.7,4526.9,,BUY,USD,1,1,1583663
D#1702518,XAUUSD,100,288230376152313073,288230376152008467,288230376154403312,288230376154398850,849,2026-05-26T07:38:45.000Z,2026-05-26T07:52:54.000Z,193,-194.4,186.0,-7,0,0.2,4522.99,4532.42,4521.54,4544.53,BUY,USD,1,1,1583663
D#1702362,XAUUSD,100,288230376152313120,288230376152007831,288230376154403620,288230376154393495,1946,2026-05-26T07:21:33.000Z,2026-05-26T07:53:59.000Z,129.8,-131.20000000000002,122.8,-7,0,0.2,4526.08,4532.35,,4536.27,BUY,USD,1,1,1583663
D#1702416,XAUUSD,100,288230376152313122,288230376152008937,288230376154403579,288230376154403294,69,2026-05-26T07:52:52.000Z,2026-05-26T07:54:01.000Z,-32.85,29.700000000000003,-48.61,-15.76,0,0.45,4532.73,4531.78,4531.93,4534.1,BUY,USD,1,1,1583663
D#1702649,XAUUSD,100,288230376152313178,288230376152008898,288230376154403013,288230376154403012,222,2026-05-26T07:51:58.000Z,2026-05-26T07:55:40.000Z,2.4,-3.8,-4.6,-7,0,0.2,4533.34,4533.44,4533.32,4527.93,SELL,USD,1,1,1583663
D#1702416,XAUUSD,100,288230376152313189,288230376152008968,288230376154403978,288230376154403724,92,2026-05-26T07:54:24.000Z,2026-05-26T07:55:56.000Z,64.35,-67.5,48.59,-15.76,0,0.45,4532.34,4533.55,4531.64,4533.87,BUY,USD,1,1,1583663
D#1702625,XAUUSD,100,288230376152313283,288230376152008438,288230376154404525,288230376154398670,1147,2026-05-26T07:38:14.000Z,2026-05-26T07:57:21.000Z,-530.4,527.6,-544.4,-14,0,0.4,4522.2,4535.68,,4520.56,SELL,USD,1,1,1583663
D#1702654,XAUUSD,100,288230376152313299,288230376152009038,288230376154404575,288230376154404387,34,2026-05-26T07:56:55.000Z,2026-05-26T07:57:29.000Z,-1.96,1.89,-2.32,-0.36,0,0.01,4534.32,4536.5,,,SELL,USD,1,1,1583663
D#1702728,XAUUSD,100,288230376152313311,288230376152007855,288230376154393827,288230376154393705,2111,2026-05-26T07:22:22.000Z,2026-05-26T07:57:33.000Z,-111.1,110.39999999999999,-112.85,-1.75,0,0.1,4525.45,4536.78,4536.63,4519.41,SELL,USD,1,1,1583663
D#1702731,XAUUSD,100,288230376152313334,288230376152008956,288230376154403564,288230376154403563,229,2026-05-26T07:53:46.000Z,2026-05-26T07:57:35.000Z,-46.7,46.0,-50.2,-3.5,0,0.1,4532.29,4537.18,4537.01,4521.92,SELL,USD,1,1,1583663
D#1671092,XAUUSD,100,288230376152313360,288230376152008847,288230376154403170,288230376154402550,422,2026-05-26T07:50:43.000Z,2026-05-26T07:57:45.000Z,42.6,-43.440000000000005,38.4,-4.2,0,0.12,4534.57,4537.9,4531.54,4537.4,BUY,USD,1,1,1583663
D#1702472,XAUUSD,100,288230376152313370,288230376152004281,288230376154357830,288230376154357826,10516,2026-05-26T05:02:30.000Z,2026-05-26T07:57:46.000Z,-71.1,70.67999999999999,-73.2,-2.1,0,0.06,4525.9,4537.97,4537.9,4507.67,SELL,USD,1,1,1583663
D#1702509,XAUUSD,100,288230376152313364,288230376152008784,288230376154402084,288230376154402064,510,2026-05-26T07:49:16.000Z,2026-05-26T07:57:46.000Z,-10.88,10.74,-11.58,-0.7,0,0.02,4532.38,4538.04,4537.5,4520,SELL,USD,1,1,1583663
D#1702517,XAUUSD,100,288230376152313376,288230376152005381,288230376154368762,288230376154368760,7781,2026-05-26T05:48:06.000Z,2026-05-26T07:57:47.000Z,-200.26,198.92999999999998,-206.92,-6.66,0,0.19,4527.46,4538.22,4538.08,4506.25,SELL,USD,1,1,1583663
D#1702595,XAUUSD,100,288230376152313388,288230376152008943,288230376154403464,288230376154403378,284,2026-05-26T07:53:05.000Z,2026-05-26T07:57:49.000Z,-51.3,50.669999999999995,-54.46,-3.16,0,0.09,4532.62,4538.54,4538.41,4527.84,SELL,USD,1,1,1583663
D#1702649,XAUUSD,100,288230376152313390,288230376152009070,288230376154404620,288230376154404616,14,2026-05-26T07:57:35.000Z,2026-05-26T07:57:49.000Z,-31.8,30.400000000000002,-38.8,-7,0,0.2,4536.73,4538.54,4538.38,,SELL,USD,1,1,1583663
D#1671086,XAUUSD,100,288230376152313393,288230376152003523,288230376154355737,288230376154350992,12359,2026-05-26T04:31:51.000Z,2026-05-26T07:57:50.000Z,-112.2,111.15,-117.46,-5.26,0,0.15,4530.94,4538.64,4538.46,4503.81,SELL,USD,1,1,1583663
D#1645644,XAUUSD,100,288230376152313520,288230376152008787,288230376154405143,288230376154402103,585,2026-05-26T07:49:21.000Z,2026-05-26T07:59:06.000Z,-5.9,5.83,-6.26,-0.36,0,0.01,4532.04,4538.16,,,SELL,USD,1,1,1583663
D#1671061,XAUUSD,100,288230376152313537,288230376152007843,288230376154405220,288230376154393568,2251,2026-05-26T07:21:50.000Z,2026-05-26T07:59:21.000Z,76.26,-76.68,74.16,-2.1,0,0.06,4525.57,4538.06,4510,,BUY,USD,1,1,1583663
D#1614622,XAUUSD,100,288230376152313632,288230376152009033,288230376154405022,288230376154404336,247,2026-05-26T07:56:44.000Z,2026-05-26T08:00:51.000Z,23.7,-24.75,18.44,-5.26,0,0.15,4534.53,4535.89,4536.05,4542.07,BUY,USD,1,1,1583663
D#1702654,XAUUSD,100,288230376152313635,288230376152009190,288230376154405754,288230376154405495,42,2026-05-26T08:00:10.000Z,2026-05-26T08:00:52.000Z,-7.92,7.64,-9.32,-1.4,0,0.04,4538.4,4536.2,,,BUY,USD,1,1,1583663
D#1702654,XAUUSD,100,288230376152313679,288230376152009227,288230376154405913,288230376154405778,18,2026-05-26T08:00:56.000Z,2026-05-26T08:01:14.000Z,-0.54,0.4,-1.24,-0.7,0,0.02,4536.41,4535.92,,,BUY,USD,1,1,1583663
D#1702654,XAUUSD,100,288230376152313731,288230376152009249,288230376154406158,288230376154405939,44,2026-05-26T08:01:17.000Z,2026-05-26T08:02:01.000Z,-6.57,5.94,-9.73,-3.16,0,0.09,4536.48,4535.53,,,BUY,USD,1,1,1583663
D#1702701,XAUUSD,100,288230376152313801,288230376152005504,288230376154406553,288230376154369984,7846,2026-05-26T05:52:31.000Z,2026-05-26T08:03:17.000Z,222.6,-224.0,215.6,-7,0,0.2,4525.68,4536.59,4521.57,4550.58,BUY,USD,1,1,1583663
D#1702416,XAUUSD,100,288230376152313819,288230376152009253,288230376154406095,288230376154405970,132,2026-05-26T08:01:25.000Z,2026-05-26T08:03:37.000Z,-31.05,27.900000000000002,-46.81,-15.76,0,0.45,4536.41,4537.32,4537.09,4534.65,SELL,USD,1,1,1583663
D#1702654,XAUUSD,100,288230376152313884,288230376152009299,288230376154407059,288230376154406320,156,2026-05-26T08:02:32.000Z,2026-05-26T08:05:08.000Z,-2.2,1.5,-5.7,-3.5,0,0.1,4536.31,4535.87,,,BUY,USD,1,1,1583663
D#1702654,XAUUSD,100,288230376152313890,288230376152009373,288230376154407085,288230376154407065,4,2026-05-26T08:05:09.000Z,2026-05-26T08:05:13.000Z,0.02,-0.16,-0.68,-0.7,0,0.02,4535.76,4535.97,,,SELL,USD,1,1,1583663
D#1702654,XAUUSD,100,288230376152313917,288230376152009381,288230376154407186,288230376154407107,19,2026-05-26T08:05:19.000Z,2026-05-26T08:05:38.000Z,-4.65,3.6000000000000005,-9.91,-5.26,0,0.15,4535.68,4536.21,,,SELL,USD,1,1,1583663
D#1670916,XAUUSD,100,288230376152313930,288230376152003888,288230376154354396,288230376154354212,11991,2026-05-26T04:46:07.000Z,2026-05-26T08:05:58.000Z,38.28,-38.56,36.88,-1.4,0,0.04,4525.56,4534.91,4535.26,,BUY,USD,1,1,1583663
D#1702480,XAUUSD,100,288230376152313943,288230376152009016,288230376154407285,288230376154404224,581,2026-05-26T07:56:21.000Z,2026-05-26T08:06:02.000Z,-11.6,10.9,-15.1,-3.5,0,0.1,4535.74,4534.36,,,BUY,USD,1,1,1583663
D#1702649,XAUUSD,100,288230376152313954,288230376152009179,288230376154407328,288230376154405423,365,2026-05-26T08:00:03.000Z,2026-05-26T08:06:08.000Z,61.6,-63.0,54.6,-7,0,0.2,4538.57,4534.57,4538.47,4531.64,SELL,USD,1,1,1583663
D#1702654,XAUUSD,100,288230376152314002,288230376152009389,288230376154407498,288230376154407195,62,2026-05-26T08:05:39.000Z,2026-05-26T08:06:41.000Z,45.75,-46.8,40.49,-5.26,0,0.15,4535.99,4533.16,,,SELL,USD,1,1,1583663
D#1702654,XAUUSD,100,288230376152314045,288230376152009438,288230376154407655,288230376154407559,18,2026-05-26T08:06:47.000Z,2026-05-26T08:07:05.000Z,-0.3,-0.75,-5.56,-5.26,0,0.15,4533.24,4533,,,BUY,USD,1,1,1583663
D#1702654,XAUUSD,100,288230376152314130,288230376152009471,288230376154408144,288230376154407831,66,2026-05-26T08:07:37.000Z,2026-05-26T08:08:43.000Z,0.54,-1.8,-5.76,-6.3,0,0.18,4533.73,4533.54,,,BUY,USD,1,1,1583663
D#1702654,XAUUSD,100,288230376152314190,288230376152009509,288230376154408450,288230376154408168,63,2026-05-26T08:08:50.000Z,2026-05-26T08:09:53.000Z,-2.88,1.6199999999999999,-9.18,-6.3,0,0.18,4533.86,4533.48,,,BUY,USD,1,1,1583663
D#1702649,XAUUSD,100,288230376152314198,288230376152009518,288230376154408495,288230376154408270,44,2026-05-26T08:09:17.000Z,2026-05-26T08:10:01.000Z,13.8,-15.200000000000001,6.8,-7,0,0.2,4533.78,4533.31,4534.69,4532.87,SELL,USD,1,1,1583663
D#1702595,XAUUSD,100,288230376152314299,288230376152009122,288230376154408853,288230376154404919,775,2026-05-26T07:58:21.000Z,2026-05-26T08:11:16.000Z,52,-52.7,48.5,-3.5,0,0.1,4537.8,4532.82,4542.46,4529.84,SELL,USD,1,1,1583663
D#1645644,XAUUSD,100,288230376152314355,288230376152009159,288230376154409024,288230376154405195,757,2026-05-26T07:59:15.000Z,2026-05-26T08:11:52.000Z,24.34,-24.69,22.58,-1.76,0,0.05,4538.66,4532.64,,,SELL,USD,1,1,1583663
D#1702644,XAUUSD,100,288230376152314383,288230376152009301,288230376154406340,288230376154406338,589,2026-05-26T08:02:35.000Z,2026-05-26T08:12:24.000Z,-51.81,51.04,-55.67,-3.86,0,0.11,4536.51,4531.58,4531.76,4545.49,BUY,USD,1,1,1583663
D#1670934,XAUUSD,100,288230376152314384,288230376152009622,288230376154409116,288230376154408982,14,2026-05-26T08:12:11.000Z,2026-05-26T08:12:25.000Z,-19.6,16.8,-33.6,-14,0,0.4,4532.17,4531.46,4531.64,,BUY,USD,1,1,1583663
D#1614622,XAUUSD,100,288230376152314454,288230376152009385,288230376154407609,288230376154407161,461,2026-05-26T08:05:32.000Z,2026-05-26T08:13:13.000Z,-78.6,77.55,-83.86,-5.26,0,0.15,4536.22,4530.76,4531.01,4543.95,BUY,USD,1,1,1583663
D#1670934,XAUUSD,100,288230376152314453,288230376152009648,288230376154409352,288230376154409350,15,2026-05-26T08:12:58.000Z,2026-05-26T08:13:13.000Z,-43.6,40.800000000000004,-57.6,-14,0,0.4,4532.07,4530.76,4531.51,,BUY,USD,1,1,1583663
D#1702449,XAUUSD,100,288230376152314486,288230376152008989,288230376154409497,288230376154403956,1078,2026-05-26T07:55:22.000Z,2026-05-26T08:13:20.000Z,104.86,-108.28999999999999,87.7,-17.16,0,0.49,4532.11,4530.19,,4523.12,SELL,USD,1,1,1583663
D#1702742,XAUUSD,100,288230376152314509,288230376152008860,288230376154402660,288230376154402149,1345,2026-05-26T07:51:02.000Z,2026-05-26T08:13:27.000Z,-56.8,56.099999999999994,-60.3,-3.5,0,0.1,4535.59,4529.69,4529.65,4545.47,BUY,USD,1,1,1583663
D#1670968,XAUUSD,100,288230376152314511,288230376152008701,288230376154409564,288230376154401384,1587,2026-05-26T07:47:04.000Z,2026-05-26T08:13:31.000Z,21.84,-23.66,12.74,-9.1,0,0.26,4530.39,4529.77,,,SELL,USD,1,1,1583663
D#1702654,XAUUSD,100,288230376152314576,288230376152009541,288230376154409773,288230376154408479,249,2026-05-26T08:09:57.000Z,2026-05-26T08:14:06.000Z,82.8,-84.06,76.5,-6.3,0,0.18,4533.28,4528.9,,4527.61,SELL,USD,1,1,1583663
D#1702630,XAUUSD,100,288230376152314585,288230376152009465,288230376154409796,288230376154407800,397,2026-05-26T08:07:33.000Z,2026-05-26T08:14:10.000Z,-83.2,82.08,-88.8,-5.6,0,0.16,4534,4528.58,4527.09,4540.38,BUY,USD,1,1,1583663
D#1614622,XAUUSD,100,288230376152314607,288230376152009666,288230376154409656,288230376154409491,70,2026-05-26T08:13:19.000Z,2026-05-26T08:14:29.000Z,-45.9,44.85,-51.16,-5.26,0,0.15,4530.38,4527.1,4527.44,4538.21,BUY,USD,1,1,1583663
D#1671086,XAUUSD,100,288230376152314646,288230376152009549,288230376154410037,288230376154408539,276,2026-05-26T08:10:10.000Z,2026-05-26T08:14:46.000Z,201.31,-204.18,186.95,-14.36,0,0.41,4533.29,4528.6,,,SELL,USD,1,1,1583663
D#1702654,XAUUSD,100,288230376152314790,288230376152009745,288230376154410809,288230376154410010,143,2026-05-26T08:14:42.000Z,2026-05-26T08:17:05.000Z,-6.84,5.58,-13.14,-6.3,0,0.18,4528.22,4527.62,,,BUY,USD,1,1,1583663
D#1702654,XAUUSD,100,288230376152314827,288230376152009835,288230376154410948,288230376154410821,26,2026-05-26T08:17:08.000Z,2026-05-26T08:17:34.000Z,-21.06,19.799999999999997,-27.36,-6.3,0,0.18,4527.82,4529.21,,,SELL,USD,1,1,1583663
D#1670952,XAUUSD,100,288230376152314889,288230376152009862,288230376154411243,288230376154410981,60,2026-05-26T08:17:44.000Z,2026-05-26T08:18:44.000Z,2.1,-2.45,0.34,-1.76,0,0.05,4528.91,4529.11,,,BUY,USD,1,1,1583663
D#1702654,XAUUSD,100,288230376152314955,288230376152009878,288230376154411538,288230376154411135,90,2026-05-26T08:18:19.000Z,2026-05-26T08:19:49.000Z,-3.99,2.66,-10.65,-6.66,0,0.19,4529.04,4528.61,,,BUY,USD,1,1,1583663
D#1702654,XAUUSD,100,288230376152314987,288230376152009931,288230376154411786,288230376154411717,12,2026-05-26T08:20:36.000Z,2026-05-26T08:20:48.000Z,-29.96,28.0,-39.76,-9.8,0,0.28,4530.01,4528.72,,,BUY,USD,1,1,1583663
D#1670934,XAUUSD,100,288230376152314990,288230376152009875,288230376154411104,288230376154411101,158,2026-05-26T08:18:14.000Z,2026-05-26T08:20:52.000Z,-32,29.2,-46.0,-14,0,0.4,4529.53,4528.51,4528.7,4532.59,BUY,USD,1,1,1583663
D#1702616,XAUUSD,100,288230376152314996,288230376152009928,288230376154411702,288230376154411701,20,2026-05-26T08:20:33.000Z,2026-05-26T08:20:53.000Z,-11.52,10.959999999999999,-14.32,-2.8,0,0.08,4529.71,4528.05,4528.36,4534.09,BUY,USD,1,1,1583663
D#1702595,XAUUSD,100,288230376152315018,288230376152009627,288230376154410472,288230376154409147,532,2026-05-26T08:12:18.000Z,2026-05-26T08:21:10.000Z,49.6,-50.300000000000004,46.1,-3.5,0,0.1,4532.06,4527.32,4536,4527.41,SELL,USD,1,1,1583663
D#1702654,XAUUSD,100,288230376152315033,288230376152009957,288230376154411955,288230376154411901,8,2026-05-26T08:21:11.000Z,2026-05-26T08:21:19.000Z,-26.88,24.919999999999998,-36.68,-9.8,0,0.28,4527.69,4528.87,,,SELL,USD,1,1,1583663
D#1702654,XAUUSD,100,288230376152315046,288230376152009962,288230376154412102,288230376154411962,41,2026-05-26T08:21:20.000Z,2026-05-26T08:22:01.000Z,-12.32,10.36,-22.12,-9.8,0,0.28,4528.62,4529.28,,,SELL,USD,1,1,1583663
D#1702731,XAUUSD,100,288230376152315061,288230376152009250,288230376154412159,288230376154405948,1259,2026-05-26T08:01:20.000Z,2026-05-26T08:22:19.000Z,77,-77.7,73.5,-3.5,0,0.1,4536.25,4528.77,4531.9,4524.65,SELL,USD,1,1,1583663
D#1702654,XAUUSD,100,288230376152315063,288230376152009974,288230376154412176,288230376154412128,16,2026-05-26T08:22:07.000Z,2026-05-26T08:22:23.000Z,-10.08,7.140000000000001,-24.78,-14.7,0,0.42,4529.15,4528.69,,,BUY,USD,1,1,1583663
D#1702654,XAUUSD,100,288230376152315132,288230376152009978,288230376154412633,288230376154412198,117,2026-05-26T08:22:29.000Z,2026-05-26T08:24:26.000Z,-14.7,11.76,-29.4,-14.7,0,0.42,4528.89,4528.32,,,BUY,USD,1,1,1583663
D#1702701,XAUUSD,100,288230376152315172,288230376152009341,288230376154412744,288230376154406700,1264,2026-05-26T08:03:47.000Z,2026-05-26T08:24:51.000Z,255.5,-257.25,246.74,-8.76,0,0.25,4536.85,4526.85,4544.32,4522.03,SELL,USD,1,1,1583663
D#1702654,XAUUSD,100,288230376152315193,288230376152010015,288230376154412844,288230376154412673,34,2026-05-26T08:24:37.000Z,2026-05-26T08:25:11.000Z,-25.2,22.259999999999998,-39.9,-14.7,0,0.42,4527.22,4528.04,,,SELL,USD,1,1,1583663
D#1702677,XAUUSD,100,288230376152315261,288230376152008224,288230376154398187,288230376154396660,3243,2026-05-26T07:32:08.000Z,2026-05-26T08:26:11.000Z,-21,20.65,-22.76,-1.76,0,0.05,4528.95,4524.53,4525.22,4545.05,BUY,USD,1,1,1583663
D#1702431,XAUUSD,100,288230376152315277,288230376152008594,288230376154400173,288230376154400116,2596,2026-05-26T07:42:55.000Z,2026-05-26T08:26:11.000Z,-1.7,0.9999999999999999,-5.2,-3.5,0,0.1,4524.72,4524.33,4524.82,4574.99,BUY,USD,1,1,1583663
D#1702443,XAUUSD,100,288230376152315252,288230376152008685,288230376154401278,288230376154401208,2379,2026-05-26T07:46:32.000Z,2026-05-26T08:26:11.000Z,-51.87,50.96,-56.43,-4.56,0,0.13,4529.27,4525.06,4525.56,4545.86,BUY,USD,1,1,1583663
D#1671092,XAUUSD,100,288230376152315275,288230376152009588,288230376154409050,288230376154408781,909,2026-05-26T08:11:02.000Z,2026-05-26T08:26:11.000Z,52.71,-53.2,50.25,-2.46,0,0.07,4531.95,4524.64,4539.2,4524.91,SELL,USD,1,1,1583663
D#1614622,XAUUSD,100,288230376152315253,288230376152009752,288230376154410399,288230376154410059,680,2026-05-26T08:14:51.000Z,2026-05-26T08:26:11.000Z,-43.8,42.75,-49.06,-5.26,0,0.15,4528.2,4525.06,4525.86,4536.05,BUY,USD,1,1,1583663
D#1702644,XAUUSD,100,288230376152315288,288230376152009885,288230376154411204,288230376154411203,459,2026-05-26T08:18:35.000Z,2026-05-26T08:26:14.000Z,-47.96,47.19,-51.82,-3.86,0,0.11,4528.99,4524.41,4524.29,4537.97,BUY,USD,1,1,1583663
D#1702480,XAUUSD,100,288230376152315298,288230376152009512,288230376154413186,288230376154408182,1045,2026-05-26T08:08:55.000Z,2026-05-26T08:26:20.000Z,-94.2,93.5,-97.7,-3.5,0,0.1,4533.99,4524.35,,,BUY,USD,1,1,1583663
D#1702654,XAUUSD,100,288230376152315385,288230376152010042,288230376154413468,288230376154412857,117,2026-05-26T08:25:14.000Z,2026-05-26T08:27:11.000Z,191.1,-194.04,176.4,-14.7,0,0.42,4527.8,4523.47,,,SELL,USD,1,1,1583663
D#1702558,XAUUSD,100,288230376152315397,288230376152009093,288230376154413543,288230376154404769,1771,2026-05-26T07:57:56.000Z,2026-05-26T08:27:27.000Z,273.8,-275.2,266.8,-7,0,0.2,4538.1,4524.63,,,SELL,USD,1,1,1583663
D#1702654,XAUUSD,100,288230376152315482,288230376152010122,288230376154414050,288230376154413501,125,2026-05-26T08:27:17.000Z,2026-05-26T08:29:22.000Z,-51.66,48.72,-66.36,-14.7,0,0.42,4524.56,4523.11,,,BUY,USD,1,1,1583663
D#1702552,XAUUSD,100,288230376152315500,288230376152007704,288230376154392441,288230376154392336,4290,2026-05-26T07:17:53.000Z,2026-05-26T08:29:23.000Z,1.8,-2.85,-3.46,-5.26,0,0.15,4522.37,4522.27,4522.48,4555.59,BUY,USD,1,1,1583663
D#1702595,XAUUSD,100,288230376152315487,288230376152010020,288230376154412963,288230376154412712,276,2026-05-26T08:24:47.000Z,2026-05-26T08:29:23.000Z,40.5,-41.2,37.0,-3.5,0,0.1,4526.33,4522.5,4529.83,4522.79,SELL,USD,1,1,1583663
D#1670972,XAUUSD,100,288230376152315604,288230376152008840,288230376154405600,288230376154402496,2346,2026-05-26T07:50:31.000Z,2026-05-26T08:29:37.000Z,-210.3,209.25,-215.56,-5.26,0,0.15,4534.86,4520.62,4521.64,4542.94,BUY,USD,1,1,1583663
D#1702518,XAUUSD,100,288230376152315593,288230376152009935,288230376154411769,288230376154411768,532,2026-05-26T08:20:45.000Z,2026-05-26T08:29:37.000Z,-44.3,43.949999999999996,-46.06,-1.76,0,0.05,4529.67,4520.59,4521.52,4544.87,BUY,USD,1,1,1583663
D#1702654,XAUUSD,100,288230376152315704,288230376152010227,288230376154414411,288230376154414321,15,2026-05-26T08:29:58.000Z,2026-05-26T08:30:13.000Z,-61.2,58.050000000000004,-76.96,-15.76,0,0.45,4522.6,4521.02,,,BUY,USD,1,1,1583663
D#1671086,XAUUSD,100,288230376152315749,288230376152009756,288230376154410100,288230376154410098,942,2026-05-26T08:14:57.000Z,2026-05-26T08:30:39.000Z,292.74,-295.61,278.38,-14.36,0,0.41,4527.68,4520.76,,4520.52,SELL,USD,1,1,1583663
D#1702416,XAUUSD,100,288230376152315801,288230376152010284,288230376154414670,288230376154414667,20,2026-05-26T08:30:54.000Z,2026-05-26T08:31:14.000Z,86.4,-89.55000000000001,70.64,-15.76,0,0.45,4521.38,4523.08,,4523.09,BUY,USD,1,1,1583663
D#1702654,XAUUSD,100,288230376152315830,288230376152010276,288230376154414983,288230376154414632,64,2026-05-26T08:30:49.000Z,2026-05-26T08:31:53.000Z,0,-3.15,-15.76,-15.76,0,0.45,4521.86,4521.64,,,BUY,USD,1,1,1583663
D#1702654,XAUUSD,100,288230376152315866,288230376152010327,288230376154415190,288230376154415066,23,2026-05-26T08:32:05.000Z,2026-05-26T08:32:28.000Z,2.7,-5.85,-13.06,-15.76,0,0.45,4521.46,4521.3,,,BUY,USD,1,1,1583663
D#1702416,XAUUSD,100,288230376152315886,288230376152010302,288230376154415039,288230376154414863,89,2026-05-26T08:31:27.000Z,2026-05-26T08:32:56.000Z,-46.8,43.65,-62.56,-15.76,0,0.45,4522.53,4521.27,4520.88,4524.09,BUY,USD,1,1,1583663
D#1671082,XAUUSD,100,288230376152315909,288230376152009977,288230376154415440,288230376154412181,662,2026-05-26T08:22:23.000Z,2026-05-26T08:33:25.000Z,51.31,-51.800000000000004,48.85,-2.46,0,0.07,4528.69,4521.58,,,SELL,USD,1,1,1583663
D#1702654,XAUUSD,100,288230376152315951,288230376152010343,288230376154415669,288230376154415208,100,2026-05-26T08:32:31.000Z,2026-05-26T08:34:11.000Z,-35.55,32.4,-51.31,-15.76,0,0.45,4521.29,4522.3,,,SELL,USD,1,1,1583663
D#1670934,XAUUSD,100,288230376152315978,288230376152010292,288230376154414753,288230376154414750,205,2026-05-26T08:31:07.000Z,2026-05-26T08:34:32.000Z,-62.4,59.6,-76.4,-14,0,0.4,4522,4520.22,4520.46,,BUY,USD,1,1,1583663
D#1702416,XAUUSD,100,288230376152315982,288230376152010360,288230376154415558,288230376154415358,85,2026-05-26T08:33:07.000Z,2026-05-26T08:34:32.000Z,-53.1,49.95,-68.86,-15.76,0,0.45,4521.59,4520.19,4520.81,4523.35,BUY,USD,1,1,1583663
D#1702416,XAUUSD,100,288230376152316131,288230376152010447,288230376154416137,288230376154416136,124,2026-05-26T08:35:48.000Z,2026-05-26T08:37:52.000Z,85.95,-89.10000000000001,70.19,-15.76,0,0.45,4521.02,4522.71,4520.32,4522.65,BUY,USD,1,1,1583663
D#1702535,XAUUSD,100,288230376152316282,288230376152010480,288230376154417262,288230376154416571,158,2026-05-26T08:37:43.000Z,2026-05-26T08:40:21.000Z,5.36,-5.92,2.56,-2.8,0,0.08,4521.51,4521.96,,,BUY,USD,1,1,1583663
D#1702416,XAUUSD,100,288230376152316343,288230376152010563,288230376154417364,288230376154417266,90,2026-05-26T08:40:22.000Z,2026-05-26T08:41:52.000Z,79.65,-82.80000000000001,63.89,-15.76,0,0.45,4522.31,4523.86,4521.94,4524.01,BUY,USD,1,1,1583663
D#1670868,XAUUSD,100,288230376152316350,288230376152008439,288230376154411532,288230376154398678,3824,2026-05-26T07:38:16.000Z,2026-05-26T08:42:00.000Z,-16,15.44,-18.8,-2.8,0,0.08,4522.12,4524.34,4524.16,,SELL,USD,1,1,1583663
D#1670873,XAUUSD,100,288230376152316460,288230376152004457,288230376154418001,288230376154359617,12840,2026-05-26T05:09:05.000Z,2026-05-26T08:43:05.000Z,43.7,-44.400000000000006,40.2,-3.5,0,0.1,4530.02,4525.87,4539.13,4518.33,SELL,USD,1,1,1583663
D#1702616,XAUUSD,100,288230376152316641,288230376152010573,288230376154417402,288230376154417398,311,2026-05-26T08:40:57.000Z,2026-05-26T08:46:08.000Z,28.56,-29.119999999999997,25.76,-2.8,0,0.08,4523.44,4526.79,4520.61,4527.13,BUY,USD,1,1,1583663
D#1670968,XAUUSD,100,288230376152316648,288230376152010064,288230376154418843,288230376154413043,1216,2026-05-26T08:25:56.000Z,2026-05-26T08:46:12.000Z,14.56,-16.38,5.46,-9.1,0,0.26,4526.56,4526.9,,,BUY,USD,1,1,1583663
D#1702564,XAUUSD,100,288230376152316682,288230376152010547,288230376154419041,288230376154417137,427,2026-05-26T08:39:55.000Z,2026-05-26T08:47:02.000Z,183.26,-186.69,166.1,-17.16,0,0.49,4522.51,4526.03,,,BUY,USD,1,1,1583663
D#1702564,XAUUSD,100,288230376152316693,288230376152010742,288230376154419088,288230376154419076,3,2026-05-26T08:47:10.000Z,2026-05-26T08:47:13.000Z,21.07,-24.5,3.91,-17.16,0,0.49,4526.01,4525.8,,,SELL,USD,1,1,1583663
D#1614622,XAUUSD,100,288230376152316768,288230376152010361,288230376154419444,288230376154415360,927,2026-05-26T08:33:08.000Z,2026-05-26T08:48:35.000Z,33.3,-34.349999999999994,28.04,-5.26,0,0.15,4521.64,4523.64,4523.27,4529.31,BUY,USD,1,1,1583663
D#1702431,XAUUSD,100,288230376152316845,288230376152010645,288230376154418237,288230376154418156,354,2026-05-26T08:43:37.000Z,2026-05-26T08:49:31.000Z,-35,34.3,-38.5,-3.5,0,0.1,4525.44,4521.72,4522.52,,BUY,USD,1,1,1583663
D#1702564,XAUUSD,100,288230376152316930,288230376152010802,288230376154420003,288230376154419532,100,2026-05-26T08:48:54.000Z,2026-05-26T08:50:34.000Z,160.23,-163.66,143.07,-17.16,0,0.49,4524.71,4521.66,,,SELL,USD,1,1,1583663
D#1702416,XAUUSD,100,288230376152316940,288230376152010806,288230376154420018,288230376154419559,99,2026-05-26T08:48:59.000Z,2026-05-26T08:50:38.000Z,-175.95,172.79999999999998,-191.71,-15.76,0,0.45,4524.62,4520.49,,,BUY,USD,1,1,1583663
D#1702416,XAUUSD,100,288230376152317010,288230376152010892,288230376154420170,288230376154420076,32,2026-05-26T08:50:42.000Z,2026-05-26T08:51:14.000Z,76.5,-79.65,60.74,-15.76,0,0.45,4521.5,4522.98,4520.33,4523.05,BUY,USD,1,1,1583663
D#1702416,XAUUSD,100,288230376152317039,288230376152010931,288230376154420352,288230376154420290,17,2026-05-26T08:51:23.000Z,2026-05-26T08:51:40.000Z,76.95,-80.10000000000001,61.19,-15.76,0,0.45,4522.92,4524.41,,4524.58,BUY,USD,1,1,1583663
D#1702731,XAUUSD,100,288230376152317073,288230376152010138,288230376154420515,288230376154413677,1453,2026-05-26T08:27:59.000Z,2026-05-26T08:52:12.000Z,2.7,-3.4000000000000004,-0.8,-3.5,0,0.1,4524.92,4524.97,4520.14,4534.26,BUY,USD,1,1,1583663
D#1702416,XAUUSD,100,288230376152317225,288230376152010997,288230376154421232,288230376154420926,105,2026-05-26T08:53:40.000Z,2026-05-26T08:55:25.000Z,-40.95,37.800000000000004,-56.71,-15.76,0,0.45,4524.64,4523.51,4524.05,4526.36,BUY,USD,1,1,1583663
D#1702715,XAUUSD,100,288230376152317305,288230376152009755,288230376154421796,288230376154410096,2562,2026-05-26T08:14:57.000Z,2026-05-26T08:57:39.000Z,42.5,-43.2,39.0,-3.5,0,0.1,4527.7,4523.67,,4512.65,SELL,USD,1,1,1583663
D#1670868,XAUUSD,100,288230376152317320,288230376152010668,288230376154421861,288230376154418312,820,2026-05-26T08:44:12.000Z,2026-05-26T08:57:52.000Z,15.68,-16.24,12.88,-2.8,0,0.08,4525.21,4523.47,,,SELL,USD,1,1,1583663
D#1702416,XAUUSD,100,288230376152317371,288230376152011045,288230376154421603,288230376154421470,175,2026-05-26T08:56:10.000Z,2026-05-26T08:59:05.000Z,-22.05,18.900000000000002,-37.81,-15.76,0,0.45,4523.52,4522.81,4523.05,4525.31,BUY,USD,1,1,1583663
D#1702416,XAUUSD,100,288230376152317692,288230376152011199,288230376154423202,288230376154423154,263,2026-05-26T09:03:17.000Z,2026-05-26T09:07:40.000Z,8.55,-11.700000000000001,-7.21,-15.76,0,0.45,4523.34,4523.31,4523.45,4525.1,BUY,USD,1,1,1583663
D#1670934,XAUUSD,100,288230376152317703,288230376152010413,288230376154415822,288230376154415821,1987,2026-05-26T08:34:43.000Z,2026-05-26T09:07:50.000Z,45.2,-48.0,31.2,-14,0,0.4,4521.4,4522.31,4522.64,4529.31,BUY,USD,1,1,1583663
D#1702590,XAUUSD,100,288230376152317804,288230376152003927,288230376154424748,288230376154354575,15770,2026-05-26T04:47:29.000Z,2026-05-26T09:10:19.000Z,19.6,-20.09,17.14,-2.46,0,0.07,4526.33,4523.75,,,SELL,USD,1,1,1583663
D#1702416,XAUUSD,100,288230376152317854,288230376152011286,288230376154424351,288230376154424168,298,2026-05-26T09:07:48.000Z,2026-05-26T09:12:46.000Z,-23.4,20.25,-39.16,-15.76,0,0.45,4523.03,4522.29,4522.32,4524.8,BUY,USD,1,1,1583663
D#1702564,XAUUSD,100,288230376152317870,288230376152010884,288230376154425240,288230376154420032,1353,2026-05-26T08:50:40.000Z,2026-05-26T09:13:13.000Z,-83.79,80.36000000000001,-100.95,-17.16,0,0.49,4521.36,4523.29,,,SELL,USD,1,1,1583663
D#1702416,XAUUSD,100,288230376152317895,288230376152011391,288230376154425387,288230376154425200,49,2026-05-26T09:13:01.000Z,2026-05-26T09:13:50.000Z,-23.85,20.700000000000003,-39.61,-15.76,0,0.45,4523.15,4522.4,4522.28,4524.96,BUY,USD,1,1,1583663
D#1614622,XAUUSD,100,288230376152317915,288230376152011302,288230376154424501,288230376154424282,349,2026-05-26T09:08:10.000Z,2026-05-26T09:13:59.000Z,-32.4,31.349999999999998,-37.66,-5.26,0,0.15,4523.21,4520.83,4521.92,4531.02,BUY,USD,1,1,1583663
D#1671071,XAUUSD,100,288230376152317976,288230376152009996,288230376154425549,288230376154412410,3050,2026-05-26T08:23:28.000Z,2026-05-26T09:14:18.000Z,-17.22,17.08,-17.92,-0.7,0,0.02,4529.51,4520.68,4503.9,4558.89,BUY,USD,1,1,1583663
D#1702431,XAUUSD,100,288230376152318001,288230376152010846,288230376154419872,288230376154419816,1473,2026-05-26T08:49:58.000Z,2026-05-26T09:14:31.000Z,-26.8,26.1,-30.3,-3.5,0,0.1,4522.49,4519.59,4520.07,4574.99,BUY,USD,1,1,1583663
D#1702561,XAUUSD,100,288230376152318047,288230376152002056,288230376154425675,288230376154336134,21458,2026-05-26T03:17:02.000Z,2026-05-26T09:14:40.000Z,-186.2,185.5,-189.7,-3.5,0,0.1,4538.65,4519.81,,4582.27,BUY,USD,1,1,1583663
D#1702695,XAUUSD,100,288230376152318068,288230376152003530,288230376154351330,288230376154351078,16952,2026-05-26T04:32:11.000Z,2026-05-26T09:14:43.000Z,113.6,-114.3,110.1,-3.5,0,0.1,4530.9,4519.76,,4519.64,SELL,USD,1,1,1583663
D#1702552,XAUUSD,100,288230376152318069,288230376152011003,288230376154421056,288230376154421004,1244,2026-05-26T08:53:59.000Z,2026-05-26T09:14:43.000Z,-75.15,74.10000000000001,-80.41,-5.26,0,0.15,4524.75,4519.52,4519.64,4544.64,BUY,USD,1,1,1583663
D#1671086,XAUUSD,100,288230376152318086,288230376152010279,288230376154425728,288230376154414640,2639,2026-05-26T08:30:51.000Z,2026-05-26T09:14:50.000Z,54.12,-56.989999999999995,39.76,-14.36,0,0.41,4521.67,4520.57,,,SELL,USD,1,1,1583663
D#1702674,XAUUSD,100,288230376152318108,288230376152009844,288230376154419551,288230376154410883,3462,2026-05-26T08:17:23.000Z,2026-05-26T09:15:05.000Z,-43.9,43.55,-45.66,-1.76,0,0.05,4528.3,4519.3,4519.32,4545.84,BUY,USD,1,1,1583663
D#1670866,XAUUSD,100,288230376152318132,288230376152002128,288230376154425863,288230376154336941,21262,2026-05-26T03:20:59.000Z,2026-05-26T09:15:21.000Z,-206.4,205.70000000000002,-209.9,-3.5,0,0.1,4540.27,4519.41,,4590.55,BUY,USD,1,1,1583663
D#1670934,XAUUSD,100,288230376152318149,288230376152011317,288230376154424403,288230376154424402,427,2026-05-26T09:08:34.000Z,2026-05-26T09:15:41.000Z,-176.4,173.6,-190.4,-14,0,0.4,4523.49,4518.86,4519.27,4529.86,BUY,USD,1,1,1583663
D#1671061,XAUUSD,100,288230376152318156,288230376152009311,288230376154406983,288230376154406443,4368,2026-05-26T08:02:54.000Z,2026-05-26T09:15:42.000Z,-169.6,168.9,-173.1,-3.5,0,0.1,4536.11,4518.93,4519,4560,BUY,USD,1,1,1583663
D#1702564,XAUUSD,100,288230376152318226,288230376152011399,288230376154426232,288230376154425263,213,2026-05-26T09:13:16.000Z,2026-05-26T09:16:49.000Z,219.52,-222.95000000000002,202.36,-17.16,0,0.49,4522.93,4518.67,,,SELL,USD,1,1,1583663
D#1702616,XAUUSD,100,288230376152318382,288230376152011487,288230376154425909,288230376154425907,137,2026-05-26T09:15:33.000Z,2026-05-26T09:17:50.000Z,-37.62,36.989999999999995,-40.78,-3.16,0,0.09,4519.67,4524.07,4523.83,4512.61,SELL,USD,1,1,1583663
D#1670864,XAUUSD,100,288230376152318488,288230376152011540,288230376154427046,288230376154426311,138,2026-05-26T09:17:03.000Z,2026-05-26T09:19:21.000Z,-216.4,213.6,-230.4,-14,0,0.4,4519.68,4525.31,,,SELL,USD,1,1,1583663
D#1670937,XAUUSD,100,288230376152318547,288230376152011667,288230376154427340,288230376154427229,23,2026-05-26T09:20:00.000Z,2026-05-26T09:20:23.000Z,16.6,-18.0,9.6,-7,0,0.2,4525.22,4524.61,,,SELL,USD,1,1,1583663
D#1614622,XAUUSD,100,288230376152318997,288230376152011507,288230376154429576,288230376154426045,801,2026-05-26T09:16:04.000Z,2026-05-26T09:29:25.000Z,89.25,-90.3,83.99,-5.26,0,0.15,4519.67,4525.4,4518.51,4527.5,BUY,USD,1,1,1583663
D#1702745,XAUUSD,100,288230376152319059,288230376152011854,288230376154429091,288230376154428911,239,2026-05-26T09:26:32.000Z,2026-05-26T09:30:31.000Z,-14.5,13.8,-18.0,-3.5,0,0.1,4523.56,4521.89,4523.8,,BUY,USD,1,1,1583663
D#1670934,XAUUSD,100,288230376152319126,288230376152011896,288230376154430051,288230376154429402,135,2026-05-26T09:28:46.000Z,2026-05-26T09:31:01.000Z,-142,139.2,-156.0,-14,0,0.4,4525.69,4521.92,4518.9,4536.84,BUY,USD,1,1,1583663
D#1702677,XAUUSD,100,288230376152319159,288230376152011857,288230376154429105,288230376154428940,304,2026-05-26T09:26:39.000Z,2026-05-26T09:31:43.000Z,-23.58,23.159999999999997,-25.68,-2.1,0,0.06,4524.57,4520.42,4520.76,4532.32,BUY,USD,1,1,1583663
D#1702742,XAUUSD,100,288230376152319185,288230376152011644,288230376154427036,288230376154426078,757,2026-05-26T09:19:19.000Z,2026-05-26T09:31:56.000Z,-62,61.3,-65.5,-3.5,0,0.1,4525.61,4519.19,4519.33,4536.71,BUY,USD,1,1,1583663
D#1702460,XAUUSD,100,288230376152319272,288230376152010032,288230376154412883,288230376154412772,4051,2026-05-26T08:24:56.000Z,2026-05-26T09:32:27.000Z,97.2,-97.9,93.7,-3.5,0,0.1,4527.23,4517.73,,4517.61,SELL,USD,1,1,1583663
D#1702728,XAUUSD,100,288230376152319248,288230376152010956,288230376154420742,288230376154420543,2409,2026-05-26T08:52:18.000Z,2026-05-26T09:32:27.000Z,59.28,-59.84,56.48,-2.8,0,0.08,4524.69,4517.5,4532.57,4518.14,SELL,USD,1,1,1583663
D#1702363,XAUUSD,100,288230376152319244,288230376152011823,288230376154429276,288230376154428564,443,2026-05-26T09:25:04.000Z,2026-05-26T09:32:27.000Z,4.71,-4.78,4.35,-0.36,0,0.01,4521.99,4517.5,4527.04,4518.08,SELL,USD,1,1,1583663
D#1614602,XAUUSD,100,288230376152319277,288230376152011843,288230376154430509,288230376154428758,396,2026-05-26T09:25:54.000Z,2026-05-26T09:32:30.000Z,30,-30.35,28.24,-1.76,0,0.05,4523.37,4517.59,,,SELL,USD,1,1,1583663
D#1702457,XAUUSD,100,288230376152319291,288230376152004526,288230376154430562,288230376154360218,15668,2026-05-26T05:11:33.000Z,2026-05-26T09:32:41.000Z,-195.3,194.25,-200.56,-5.26,0,0.15,4531.08,4517.84,,,BUY,USD,1,1,1583663
D#1702681,XAUUSD,100,288230376152319474,288230376152003976,288230376154431331,288230376154355028,17138,2026-05-26T04:49:39.000Z,2026-05-26T09:35:17.000Z,84.4,-84.96000000000001,81.6,-2.8,0,0.08,4527.57,4517.24,4560,4460,SELL,USD,1,1,1583663
D#1702458,XAUUSD,100,288230376152319477,288230376152004091,288230376154356351,288230376154356067,16816,2026-05-26T04:55:02.000Z,2026-05-26T09:35:18.000Z,106.3,-107.0,102.8,-3.5,0,0.1,4527.68,4517.27,,4517.13,SELL,USD,1,1,1583663
D#1702644,XAUUSD,100,288230376152319496,288230376152010350,288230376154415272,288230376154415268,3752,2026-05-26T08:32:47.000Z,2026-05-26T09:35:19.000Z,-54.23,53.459999999999994,-58.09,-3.86,0,0.11,4521.57,4516.42,4516.91,4531.27,BUY,USD,1,1,1583663
D#1670990,XAUUSD,100,288230376152319497,288230376152010611,288230376154417875,288230376154417776,3179,2026-05-26T08:42:20.000Z,2026-05-26T09:35:19.000Z,-86.3,85.6,-89.8,-3.5,0,0.1,4525.27,4516.42,4517,4536.86,BUY,USD,1,1,1583663
D#1702422,XAUUSD,100,288230376152319500,288230376152010926,288230376154420345,288230376154420273,2640,2026-05-26T08:51:19.000Z,2026-05-26T09:35:19.000Z,-83.98,83.07000000000001,-88.54,-4.56,0,0.13,4523.1,4516.42,4516.83,4532.22,BUY,USD,1,1,1583663
D#1702582,XAUUSD,100,288230376152319512,288230376152009171,288230376154431363,288230376154405326,5738,2026-05-26T07:59:42.000Z,2026-05-26T09:35:20.000Z,-440.6,439.20000000000005,-447.6,-7,0,0.2,4538.5,4516.25,,,BUY,USD,1,1,1583663
D#1702458,XAUUSD,100,288230376152319610,288230376152012187,288230376154431917,288230376154431840,24,2026-05-26T09:37:07.000Z,2026-05-26T09:37:31.000Z,4,-4.7,0.5,-3.5,0,0.1,4517.81,4517.99,,,BUY,USD,1,1,1583663
D#1670873,XAUUSD,100,288230376152319823,288230376152010960,288230376154420661,288230376154420578,2916,2026-05-26T08:52:28.000Z,2026-05-26T09:41:04.000Z,-90.1,89.39999999999999,-93.6,-3.5,0,0.1,4524.88,4515.65,4515.77,4535.92,BUY,USD,1,1,1583663
D#1702392,XAUUSD,100,288230376152319851,288230376152002155,288230376154432856,288230376154337115,22787,2026-05-26T03:21:33.000Z,2026-05-26T09:41:20.000Z,-266.6,265.90000000000003,-270.1,-3.5,0,0.1,4542.05,4515.17,,,BUY,USD,1,1,1583663
D#1702481,XAUUSD,100,288230376152319857,288230376152011868,288230376154431903,288230376154429021,862,2026-05-26T09:27:01.000Z,2026-05-26T09:41:23.000Z,-83.6,83.03999999999999,-86.4,-2.8,0,0.08,4525.91,4515.24,4515.18,,BUY,USD,1,1,1583663
D#1670868,XAUUSD,100,288230376152319936,288230376152012233,288230376154433139,288230376154432151,228,2026-05-26T09:38:31.000Z,2026-05-26T09:42:19.000Z,-30.8,30.240000000000002,-33.6,-2.8,0,0.08,4518.54,4514.47,,,BUY,USD,1,1,1583663
D#1670972,XAUUSD,100,288230376152319979,288230376152010203,288230376154415618,288230376154414205,4362,2026-05-26T08:29:40.000Z,2026-05-26T09:42:22.000Z,123.3,-124.35,118.04,-5.26,0,0.15,4521.43,4513.43,4527.02,4513.31,SELL,USD,1,1,1583663
D#1671050,XAUUSD,100,288230376152320030,288230376152003535,288230376154433315,288230376154351157,18613,2026-05-26T04:32:27.000Z,2026-05-26T09:42:40.000Z,-191.6,190.9,-195.1,-3.5,0,0.1,4532.63,4513.25,,4544.42,BUY,USD,1,1,1583663
D#1702506,XAUUSD,100,288230376152320032,288230376152005085,288230376154433320,288230376154366052,14664,2026-05-26T05:38:17.000Z,2026-05-26T09:42:41.000Z,-210.1,209.4,-213.6,-3.5,0,0.1,4534.5,4513.27,,4579.97,BUY,USD,1,1,1583663
D#1702686,XAUUSD,100,288230376152320034,288230376152004983,288230376154433323,288230376154365047,14918,2026-05-26T05:34:04.000Z,2026-05-26T09:42:42.000Z,-192.3,191.60000000000002,-195.8,-3.5,0,0.1,4532.77,4513.32,,,BUY,USD,1,1,1583663
D#1671058,XAUUSD,100,288230376152320054,288230376152012295,288230376154433409,288230376154432672,136,2026-05-26T09:40:40.000Z,2026-05-26T09:42:56.000Z,85.5,-87.6,75.0,-10.5,0,0.3,4516.22,4513.59,,,SELL,USD,1,1,1583663
D#1589450,XAUUSD,100,288230376152320286,288230376152012510,288230376154434191,288230376154434086,18,2026-05-26T09:45:13.000Z,2026-05-26T09:45:31.000Z,-1.4,0.6999999999999998,-4.9,-3.5,0,0.1,4514.87,4514.51,,,BUY,USD,1,1,1583663
D#1702481,XAUUSD,100,288230376152320321,288230376152012348,288230376154434280,288230376154433052,233,2026-05-26T09:41:59.000Z,2026-05-26T09:45:52.000Z,63.45,-66.39,48.74,-14.71,0,0.42,4516.33,4516.12,4515.85,,SELL,USD,1,1,1583663
D#1702576,XAUUSD,100,288230376152320393,288230376152009209,288230376154434567,288230376154405647,6354,2026-05-26T08:00:34.000Z,2026-05-26T09:46:28.000Z,105.5,-105.85,103.74,-1.76,0,0.05,4537.4,4516.52,,,SELL,USD,1,1,1583663
D#1670968,XAUUSD,100,288230376152320394,288230376152012436,288230376154434572,288230376154433555,187,2026-05-26T09:43:23.000Z,2026-05-26T09:46:30.000Z,69.42,-71.24,60.32,-9.1,0,0.26,4514.08,4516.53,,,BUY,USD,1,1,1583663
D#1702558,XAUUSD,100,288230376152320468,288230376152012494,288230376154434760,288230376154433970,129,2026-05-26T09:44:52.000Z,2026-05-26T09:47:01.000Z,51.12,-51.96,46.92,-4.2,0,0.12,4513.37,4517.41,,,BUY,USD,1,1,1583663
D#1702448,XAUUSD,100,288230376152320473,288230376152012542,288230376154434795,288230376154434265,82,2026-05-26T09:45:44.000Z,2026-05-26T09:47:06.000Z,-2.7,2.6300000000000003,-3.06,-0.36,0,0.01,4514.55,4517.47,,,SELL,USD,1,1,1583663
D#1670868,XAUUSD,100,288230376152320529,288230376152012412,288230376154434994,288230376154433459,285,2026-05-26T09:43:04.000Z,2026-05-26T09:47:49.000Z,32.08,-32.64,29.28,-2.8,0,0.08,4514.14,4517.93,,,BUY,USD,1,1,1583663
D#1702590,XAUUSD,100,288230376152320658,288230376152011373,288230376154435484,288230376154425002,2267,2026-05-26T09:11:57.000Z,2026-05-26T09:49:44.000Z,-44.72,44.16,-47.52,-2.8,0,0.08,4523.35,4517.54,,,BUY,USD,1,1,1583663
D#1702448,XAUUSD,100,288230376152320673,288230376152012652,288230376154435528,288230376154435009,119,2026-05-26T09:47:53.000Z,2026-05-26T09:49:52.000Z,6.2,-6.9,2.7,-3.5,0,0.1,4518.36,4518.76,,,BUY,USD,1,1,1583663
D#1702494,XAUUSD,100,288230376152320697,288230376152012405,288230376154433633,288230376154433403,431,2026-05-26T09:42:55.000Z,2026-05-26T09:50:06.000Z,120.8,-122.2,113.8,-7,0,0.2,4513.45,4519.27,4513.45,4519.31,BUY,USD,1,1,1583663
D#1702590,XAUUSD,100,288230376152320780,288230376152012766,288230376154435882,288230376154435802,14,2026-05-26T09:50:45.000Z,2026-05-26T09:50:59.000Z,5.67,-6.16,3.21,-2.46,0,0.07,4518.28,4517.69,,,SELL,USD,1,1,1583663
D#1702616,XAUUSD,100,288230376152320812,288230376152012537,288230376154436048,288230376154434235,363,2026-05-26T09:45:40.000Z,2026-05-26T09:51:43.000Z,41.58,-42.35,37.72,-3.86,0,0.11,4514.66,4518.22,4500.07,4519.8,BUY,USD,1,1,1583663
D#1589450,XAUUSD,100,288230376152320833,288230376152012541,288230376154436123,288230376154434254,373,2026-05-26T09:45:43.000Z,2026-05-26T09:51:56.000Z,41.7,-42.400000000000006,38.2,-3.5,0,0.1,4515.06,4519.01,,,BUY,USD,1,1,1583663
D#1702481,XAUUSD,100,288230376152320864,288230376152012656,288230376154436266,288230376154435027,270,2026-05-26T09:47:57.000Z,2026-05-26T09:52:27.000Z,50.6,-53.82,34.5,-16.1,0,0.46,4518.2,4519.08,,,BUY,USD,1,1,1583663
D#1702745,XAUUSD,100,288230376152320886,288230376152012818,288230376154436358,288230376154436132,52,2026-05-26T09:51:58.000Z,2026-05-26T09:52:50.000Z,-0.6,-0.8000000000000002,-7.6,-7,0,0.2,4519.12,4518.87,,,BUY,USD,1,1,1583663
D#1614622,XAUUSD,100,288230376152321269,288230376152012498,288230376154437868,288230376154433997,841,2026-05-26T09:44:57.000Z,2026-05-26T09:58:58.000Z,108.9,-109.95,103.64,-5.26,0,0.15,4513.81,4520.85,4512.2,4521.65,BUY,USD,1,1,1583663
D#1670971,XAUUSD,100,288230376152321286,288230376152001617,288230376154331528,288230376154331344,25467,2026-05-26T02:54:45.000Z,2026-05-26T09:59:12.000Z,144.3,-145.35000000000002,139.04,-5.26,0,0.15,4532.45,4523.05,4522.7,4505.89,SELL,USD,1,1,1583663
D#1671092,XAUUSD,100,288230376152321291,288230376152012197,288230376154431933,288230376154431932,1297,2026-05-26T09:37:35.000Z,2026-05-26T09:59:12.000Z,-75.24,73.97999999999999,-81.54,-6.3,0,0.18,4518.66,4523.06,4522.65,4508.77,SELL,USD,1,1,1583663
D#1702530,XAUUSD,100,288230376152321321,288230376152012023,288230376154437995,288230376154430471,1616,2026-05-26T09:32:25.000Z,2026-05-26T09:59:21.000Z,79.73,-80.92,73.77,-5.96,0,0.17,4518.67,4523.14,,,BUY,USD,1,1,1583663
D#1702445,XAUUSD,100,288230376152321362,288230376151999120,288230376154438162,288230376154304247,31602,2026-05-26T01:13:14.000Z,2026-05-26T09:59:56.000Z,-26.42,26.35,-26.78,-0.36,0,0.01,4548.41,4521.77,4508.3,4648.3,BUY,USD,1,1,1583663
D#1589450,XAUUSD,100,288230376152321442,288230376152012836,288230376154438521,288230376154436306,492,2026-05-26T09:52:38.000Z,2026-05-26T10:00:50.000Z,37.6,-38.300000000000004,34.1,-3.5,0,0.1,4519.39,4522.93,,,BUY,USD,1,1,1583663
D#1671092,XAUUSD,100,288230376152321594,288230376152013135,288230376154438677,288230376154438675,148,2026-05-26T10:01:17.000Z,2026-05-26T10:03:45.000Z,-43.89,42.42,-51.25,-7.36,0,0.21,4522.43,4520.12,4520.41,4526.17,BUY,USD,1,1,1583663
D#1702481,XAUUSD,100,288230376152321710,288230376152013140,288230376154439783,288230376154438708,264,2026-05-26T10:01:20.000Z,2026-05-26T10:05:44.000Z,103.78,-107.0,87.68,-16.1,0,0.46,4522.16,4520.41,4521.37,,SELL,USD,1,1,1583663
D#1614602,XAUUSD,100,288230376152321881,288230376152013250,288230376154440497,288230376154439685,197,2026-05-26T10:05:19.000Z,2026-05-26T10:08:36.000Z,-18.8,18.45,-20.56,-1.76,0,0.05,4519.92,4523.9,,,SELL,USD,1,1,1583663
D#1670972,XAUUSD,100,288230376152321893,288230376152012569,288230376154436960,288230376154434460,1364,2026-05-26T09:46:12.000Z,2026-05-26T10:08:56.000Z,123.75,-124.8,118.49,-5.26,0,0.15,4516.23,4524.26,4513.22,4524.33,BUY,USD,1,1,1583663
D#1702731,XAUUSD,100,288230376152321933,288230376152013103,288230376154438456,288230376154438454,558,2026-05-26T10:00:38.000Z,2026-05-26T10:09:56.000Z,-26.2,25.5,-29.7,-3.5,0,0.1,4522.27,4525.11,4524.99,4511.93,SELL,USD,1,1,1583663
D#1702422,XAUUSD,100,288230376152321936,288230376152012851,288230376154436435,288230376154436434,1007,2026-05-26T09:53:11.000Z,2026-05-26T10:09:58.000Z,-83.2,82.29,-87.76,-4.56,0,0.13,4518.79,4525.41,4525.05,4509.9,SELL,USD,1,1,1583663
D#1589450,XAUUSD,100,288230376152321954,288230376152013230,288230376154440841,288230376154439504,332,2026-05-26T10:04:36.000Z,2026-05-26T10:10:08.000Z,53.6,-54.300000000000004,50.1,-3.5,0,0.1,4520.17,4525.31,,,BUY,USD,1,1,1583663
D#1702460,XAUUSD,100,288230376152321969,288230376152012619,288230376154434911,288230376154434816,1383,2026-05-26T09:47:11.000Z,2026-05-26T10:10:14.000Z,88.4,-89.10000000000001,84.9,-3.5,0,0.1,4517.26,4525.88,,4525.99,BUY,USD,1,1,1583663
D#1671092,XAUUSD,100,288230376152321970,288230376152013242,288230376154439917,288230376154439616,311,2026-05-26T10:05:03.000Z,2026-05-26T10:10:14.000Z,165.51,-167.39999999999998,156.05,-9.46,0,0.27,4519.97,4525.88,4516.71,4526.02,BUY,USD,1,1,1583663
D#1702445,XAUUSD,100,288230376152321996,288230376152013159,288230376154439243,288230376154438896,505,2026-05-26T10:02:04.000Z,2026-05-26T10:10:29.000Z,-3.94,3.87,-4.3,-0.36,0,0.01,4522.15,4526.31,4526.07,4508.68,SELL,USD,1,1,1583663
D#1670868,XAUUSD,100,288230376152322015,288230376152013144,288230376154441025,288230376154438741,554,2026-05-26T10:01:26.000Z,2026-05-26T10:10:40.000Z,32.56,-33.120000000000005,29.76,-2.8,0,0.08,4522.68,4526.53,,,BUY,USD,1,1,1583663
D#1670990,XAUUSD,100,288230376152322038,288230376152012866,288230376154436544,288230376154436543,1027,2026-05-26T09:53:41.000Z,2026-05-26T10:10:48.000Z,-85.1,84.39999999999999,-88.6,-3.5,0,0.1,4518.45,4527.18,4527.05,4506.65,SELL,USD,1,1,1583663
D#1702443,XAUUSD,100,288230376152322085,288230376152010093,288230376154413354,288230376154413284,6275,2026-05-26T08:26:39.000Z,2026-05-26T10:11:14.000Z,-44.07,43.160000000000004,-48.63,-4.56,0,0.13,4524.17,4527.78,4527.79,4511.49,SELL,USD,1,1,1583663
D#1614622,XAUUSD,100,288230376152322093,288230376152013219,288230376154441228,288230376154439438,418,2026-05-26T10:04:23.000Z,2026-05-26T10:11:21.000Z,110.1,-111.14999999999999,104.84,-5.26,0,0.15,4520.42,4527.54,4521.08,4528.02,BUY,USD,1,1,1583663
D#1702472,XAUUSD,100,288230376152322175,288230376152010200,288230376154441497,288230376154414180,6153,2026-05-26T08:29:38.000Z,2026-05-26T10:12:11.000Z,-50.52,50.1,-52.62,-2.1,0,0.06,4520.64,4529.28,4535.5,4502.41,SELL,USD,1,1,1583663
D#1614602,XAUUSD,100,288230376152322243,288230376152013343,288230376154441782,288230376154440526,265,2026-05-26T10:08:45.000Z,2026-05-26T10:13:10.000Z,33.4,-33.75,31.64,-1.76,0,0.05,4523.98,4530.44,,,BUY,USD,1,1,1583663
D#1702362,XAUUSD,100,288230376152322284,288230376152011826,288230376154428775,288230376154428637,2886,2026-05-26T09:25:25.000Z,2026-05-26T10:13:31.000Z,192.2,-193.6,185.2,-7,0,0.2,4522.7,4532.09,,4532.12,BUY,USD,1,1,1583663
D#1702731,XAUUSD,100,288230376152322464,288230376152013560,288230376154442296,288230376154442295,60,2026-05-26T10:14:44.000Z,2026-05-26T10:15:44.000Z,-41.2,40.5,-44.7,-3.5,0,0.1,4527.97,4532.31,4532.12,4516.52,SELL,USD,1,1,1583663
D#1670868,XAUUSD,100,288230376152322476,288230376152013588,288230376154442638,288230376154442553,19,2026-05-26T10:15:30.000Z,2026-05-26T10:15:49.000Z,14.32,-14.88,11.52,-2.8,0,0.08,4531.1,4532.67,,,BUY,USD,1,1,1583663
D#1702616,XAUUSD,100,288230376152322480,288230376152013063,288230376154442647,288230376154438218,947,2026-05-26T10:00:03.000Z,2026-05-26T10:15:50.000Z,-123.72,122.88,-127.92,-4.2,0,0.12,4522.37,4532.9,4535.26,4516.51,SELL,USD,1,1,1583663
D#1589450,XAUUSD,100,288230376152322485,288230376152013380,288230376154442670,288230376154440893,336,2026-05-26T10:10:17.000Z,2026-05-26T10:15:53.000Z,67.4,-68.10000000000001,63.9,-3.5,0,0.1,4525.77,4532.29,,,BUY,USD,1,1,1583663
D#1702428,XAUUSD,100,288230376152322500,288230376152013059,288230376154442717,288230376154438206,962,2026-05-26T10:00:03.000Z,2026-05-26T10:16:05.000Z,107.14,-107.91,103.28,-3.86,0,0.11,4522.56,4532.08,,,BUY,USD,1,1,1583663
D#1702590,XAUUSD,100,288230376152322522,288230376152012791,288230376154442794,288230376154435922,1511,2026-05-26T09:51:09.000Z,2026-05-26T10:16:20.000Z,-163.56,162.72,-167.76,-4.2,0,0.12,4517.9,4531.75,,,SELL,USD,1,1,1583663
D#1671092,XAUUSD,100,288230376152322667,288230376152013660,288230376154443358,288230376154443133,67,2026-05-26T10:17:33.000Z,2026-05-26T10:18:40.000Z,-28.4,27.0,-35.4,-7,0,0.2,4531.12,4529.48,4526.76,4529.5,BUY,USD,1,1,1583663
D#1702460,XAUUSD,100,288230376152322790,288230376152013603,288230376154444004,288230376154442674,274,2026-05-26T10:15:56.000Z,2026-05-26T10:20:30.000Z,-42,41.3,-45.5,-3.5,0,0.1,4532.46,4528.04,,4539.77,BUY,USD,1,1,1583663
D#1702458,XAUUSD,100,288230376152322884,288230376152012214,288230376154444341,288230376154432020,2629,2026-05-26T09:37:57.000Z,2026-05-26T10:21:46.000Z,-135.1,134.4,-138.6,-3.5,0,0.1,4517.86,4531.59,,4507.9,SELL,USD,1,1,1583663
D#1671048,XAUUSD,100,288230376152323179,288230376152013348,288230376154445581,288230376154440583,1044,2026-05-26T10:09:02.000Z,2026-05-26T10:26:26.000Z,101.28,-102.12,97.08,-4.2,0,0.12,4524.33,4532.55,,,BUY,USD,1,1,1583663
D#1702742,XAUUSD,100,288230376152323342,288230376152012809,288230376154436208,288230376154436079,2186,2026-05-26T09:51:48.000Z,2026-05-26T10:28:14.000Z,167.8,-168.5,164.3,-3.5,0,0.1,4518.59,4535.15,4510.49,4533.58,BUY,USD,1,1,1583663
D#1702530,XAUUSD,100,288230376152323404,288230376152013350,288230376154446139,288230376154440600,1170,2026-05-26T10:09:05.000Z,2026-05-26T10:28:35.000Z,-193.97,192.78,-199.93,-5.96,0,0.17,4523.35,4534.98,,,SELL,USD,1,1,1583663
D#1614622,XAUUSD,100,288230376152323428,288230376152013765,288230376154446234,288230376154443882,529,2026-05-26T10:20:02.000Z,2026-05-26T10:28:51.000Z,95.1,-96.14999999999999,89.84,-5.26,0,0.15,4528.22,4534.34,4527.87,4535.92,BUY,USD,1,1,1583663
D#1671048,XAUUSD,100,288230376152323704,288230376152013999,288230376154447376,288230376154445741,317,2026-05-26T10:27:07.000Z,2026-05-26T10:32:24.000Z,18.2,-18.9,14.7,-3.5,0,0.1,4532.58,4534.18,,,BUY,USD,1,1,1583663
D#1702357,XAUUSD,100,288230376152323776,288230376152014154,288230376154447828,288230376154446959,175,2026-05-26T10:31:06.000Z,2026-05-26T10:34:01.000Z,2.6,-4.0,-4.4,-7,0,0.2,4535.16,4535.07,,,BUY,USD,1,1,1583663
D#1702509,XAUUSD,100,288230376152323807,288230376152014014,288230376154446262,288230376154445828,402,2026-05-26T10:27:31.000Z,2026-05-26T10:34:13.000Z,-6.74,6.6000000000000005,-7.44,-0.7,0,0.02,4532.92,4536.51,4536.5,4521,SELL,USD,1,1,1583663
D#1702530,XAUUSD,100,288230376152323935,288230376152014073,288230376154448231,288230376154446350,357,2026-05-26T10:29:13.000Z,2026-05-26T10:35:10.000Z,-68,66.81,-73.96,-5.96,0,0.17,4533.98,4538.2,,,SELL,USD,1,1,1583663
D#1702702,XAUUSD,100,288230376152324015,288230376152014098,288230376154448606,288230376154446573,385,2026-05-26T10:29:59.000Z,2026-05-26T10:36:24.000Z,24.78,-25.200000000000003,22.68,-2.1,0,0.06,4533.57,4537.48,,,BUY,USD,1,1,1583663
D#1702437,XAUUSD,100,288230376152324045,288230376152012271,288230376154448694,288230376154432507,3401,2026-05-26T09:40:02.000Z,2026-05-26T10:36:43.000Z,-40.92,40.78,-41.62,-0.7,0,0.02,4516.67,4537.35,,,SELL,USD,1,1,1583663
D#1702570,XAUUSD,100,288230376152324138,288230376152014120,288230376154449109,288230376154446676,468,2026-05-26T10:30:17.000Z,2026-05-26T10:38:05.000Z,-4.85,4.5,-6.61,-1.76,0,0.05,4535.18,4533.99,4531.27,4539.66,BUY,USD,1,1,1583663
D#1589450,XAUUSD,100,288230376152324143,288230376152013614,288230376154449126,288230376154442766,1311,2026-05-26T10:16:16.000Z,2026-05-26T10:38:07.000Z,9.4,-10.1,5.9,-3.5,0,0.1,4533.17,4533.89,,,BUY,USD,1,1,1583663
D#1702570,XAUUSD,100,288230376152324153,288230376152014413,288230376154449166,288230376154449132,6,2026-05-26T10:38:08.000Z,2026-05-26T10:38:14.000Z,4.73,-5.5,0.87,-3.86,0,0.11,4534.01,4534.22,,,BUY,USD,1,1,1583663
D#1702357,XAUUSD,100,288230376152324177,288230376152014317,288230376154449260,288230376154448363,175,2026-05-26T10:35:38.000Z,2026-05-26T10:38:33.000Z,122.32,-125.39999999999999,106.92,-15.4,0,0.44,4537.12,4534.56,,,SELL,USD,1,1,1583663
D#1702702,XAUUSD,100,288230376152324229,288230376152014374,288230376154449540,288230376154448816,137,2026-05-26T10:37:10.000Z,2026-05-26T10:39:27.000Z,14.58,-15.0,12.48,-2.1,0,0.06,4536.37,4534.16,,,SELL,USD,1,1,1583663
D#1702570,XAUUSD,100,288230376152324262,288230376152014429,288230376154449788,288230376154449235,116,2026-05-26T10:38:29.000Z,2026-05-26T10:40:25.000Z,4.84,-5.609999999999999,0.98,-3.86,0,0.11,4534.01,4533.79,,4533.25,SELL,USD,1,1,1583663
D#1670971,XAUUSD,100,288230376152324365,288230376152013046,288230376154438619,288230376154438085,2598,2026-05-26T09:59:40.000Z,2026-05-26T10:42:58.000Z,147.15,-148.20000000000002,141.89,-5.26,0,0.15,4523.16,4532.75,4533.16,4542.23,BUY,USD,1,1,1583663
D#1614622,XAUUSD,100,288230376152324367,288230376152014470,288230376154449803,288230376154449664,180,2026-05-26T10:39:58.000Z,2026-05-26T10:42:58.000Z,-20.85,19.8,-26.11,-5.26,0,0.15,4534.36,4532.75,4533.13,4540.11,BUY,USD,1,1,1583663
D#1702570,XAUUSD,100,288230376152324410,288230376152014487,288230376154449996,288230376154449866,163,2026-05-26T10:40:42.000Z,2026-05-26T10:43:25.000Z,-36.6,35.2,-43.6,-7,0,0.2,4534.62,4532.57,4532.83,4536.23,BUY,USD,1,1,1583663
D#1702570,XAUUSD,100,288230376152324443,288230376152014574,288230376154450808,288230376154450756,11,2026-05-26T10:44:04.000Z,2026-05-26T10:44:15.000Z,-10.8,9.4,-17.8,-7,0,0.2,4532.34,4531.58,,,BUY,USD,1,1,1583663
D#1670971,XAUUSD,100,288230376152324736,288230376152014568,288230376154451067,288230376154450647,372,2026-05-26T10:43:42.000Z,2026-05-26T10:49:54.000Z,-56.4,55.35,-61.66,-5.26,0,0.15,4532.79,4536.77,4536.63,4524.53,SELL,USD,1,1,1583663
D#1702731,XAUUSD,100,288230376152324784,288230376152014167,288230376154447060,288230376154447059,1127,2026-05-26T10:31:21.000Z,2026-05-26T10:50:08.000Z,-45.7,45.0,-49.2,-3.5,0,0.1,4534.2,4538.99,4539.16,4522.6,SELL,USD,1,1,1583663
D#1702570,XAUUSD,100,288230376152324803,288230376152014579,288230376154452471,288230376154450818,365,2026-05-26T10:44:16.000Z,2026-05-26T10:50:21.000Z,-120,118.6,-127.0,-7,0,0.2,4531.75,4537.97,,4526.74,SELL,USD,1,1,1583663
D#1702445,XAUUSD,100,288230376152324842,288230376152013548,288230376154442941,288230376154442188,2155,2026-05-26T10:14:30.000Z,2026-05-26T10:50:25.000Z,-11.96,11.89,-12.32,-0.36,0,0.01,4527.7,4539.88,4539.6,4520.59,SELL,USD,1,1,1583663
D#1671092,XAUUSD,100,288230376152324835,288230376152013714,288230376154443700,288230376154443526,1887,2026-05-26T10:18:58.000Z,2026-05-26T10:50:25.000Z,204,-205.4,197.0,-7,0,0.2,4529.73,4539.71,4524.62,4539.62,BUY,USD,1,1,1583663
D#1702508,XAUUSD,100,288230376152324870,288230376152005506,288230376154370000,288230376154367891,17870,2026-05-26T05:52:37.000Z,2026-05-26T10:50:27.000Z,152.7,-153.39999999999998,149.2,-3.5,0,0.1,4525.14,4540.19,,4540.28,BUY,USD,1,1,1583663
D#1589450,XAUUSD,100,288230376152324888,288230376152014432,288230376154452624,288230376154449266,725,2026-05-26T10:38:34.000Z,2026-05-26T10:50:39.000Z,-56.8,56.099999999999994,-60.3,-3.5,0,0.1,4534.55,4540.45,,,SELL,USD,1,1,1583663
D#1702375,XAUUSD,100,288230376152324889,288230376152011383,288230376154452632,288230376154425088,5896,2026-05-26T09:12:25.000Z,2026-05-26T10:50:41.000Z,-197.16,196.32,-201.36,-4.2,0,0.12,4523.25,4539.9,,,SELL,USD,1,1,1583663
D#1670971,XAUUSD,100,288230376152325003,288230376152014744,288230376154453164,288230376154452364,144,2026-05-26T10:50:01.000Z,2026-05-26T10:52:25.000Z,-6.45,5.4,-11.71,-5.26,0,0.15,4537.82,4537.17,4534.37,,BUY,USD,1,1,1583663
D#1614622,XAUUSD,100,288230376152325040,288230376152014550,288230376154450671,288230376154450484,602,2026-05-26T10:43:09.000Z,2026-05-26T10:53:11.000Z,28.35,-29.400000000000002,23.09,-5.26,0,0.15,4533.95,4535.62,4536.05,4541.68,BUY,USD,1,1,1583663
D#1702674,XAUUSD,100,288230376152325244,288230376152012167,288230376154454353,288230376154431651,4805,2026-05-26T09:36:24.000Z,2026-05-26T10:56:29.000Z,80.55,-80.89999999999999,78.79,-1.76,0,0.05,4518.31,4534.2,4510.56,4562.6,BUY,USD,1,1,1583663
D#1702559,XAUUSD,100,288230376152325333,288230376152014822,288230376154454901,288230376154452951,423,2026-05-26T10:51:40.000Z,2026-05-26T10:58:43.000Z,5.36,-5.5,4.66,-0.7,0,0.02,4537.54,4535.08,4558.35,4512.86,SELL,USD,1,1,1583663
D#1671061,XAUUSD,100,288230376152325363,288230376152013374,288230376154455122,288230376154440870,2955,2026-05-26T10:10:15.000Z,2026-05-26T10:59:30.000Z,18.4,-18.54,17.7,-0.7,0,0.02,4526.07,4535.05,4500,,BUY,USD,1,1,1583663
D#1614622,XAUUSD,100,288230376152325431,288230376152015043,288230376154455079,288230376154454949,101,2026-05-26T10:58:50.000Z,2026-05-26T11:00:31.000Z,-17.7,16.65,-22.96,-5.26,0,0.15,4535.04,4533.64,4533.76,4541.04,BUY,USD,1,1,1583663
D#1670917,XAUUSD,100,288230376152325750,288230376152015210,288230376154456855,288230376154456562,59,2026-05-26T11:04:32.000Z,2026-05-26T11:05:31.000Z,-2.04,1.9,-2.74,-0.7,0,0.02,4536.04,4534.8,,,BUY,USD,1,1,1583663
D#1645694,XAUUSD,100,288230376152325781,288230376152000578,288230376154457045,288230376154319315,32610,2026-05-26T02:02:46.000Z,2026-05-26T11:06:16.000Z,10.3,-11.0,6.8,-3.5,0,0.1,4536.11,4535.3,4545.04,4509.3,SELL,USD,1,1,1583663
D#1614622,XAUUSD,100,288230376152326093,288230376152015169,288230376154456377,288230376154456199,600,2026-05-26T11:03:15.000Z,2026-05-26T11:13:15.000Z,-18.75,17.7,-24.01,-5.26,0,0.15,4534.29,4532.82,4533.16,4542.03,BUY,USD,1,1,1583663
D#1702728,XAUUSD,100,288230376152326186,288230376152015154,288230376154459074,288230376154453668,752,2026-05-26T11:02:34.000Z,2026-05-26T11:15:06.000Z,8.08,-8.64,5.28,-2.8,0,0.08,4533.01,4532.22,4545.45,4527.8,SELL,USD,1,1,1583663
D#1614622,XAUUSD,100,288230376152326418,288230376152015473,288230376154459154,288230376154459007,258,2026-05-26T11:14:52.000Z,2026-05-26T11:19:10.000Z,-31.65,30.599999999999998,-36.91,-5.26,0,0.15,4532.38,4530.05,4530.1,4540.04,BUY,USD,1,1,1583663
D#1589450,XAUUSD,100,288230376152326429,288230376152014828,288230376154460242,288230376154453022,1644,2026-05-26T10:51:57.000Z,2026-05-26T11:19:21.000Z,-72.2,71.5,-75.7,-3.5,0,0.1,4538.15,4530.71,,,BUY,USD,1,1,1583663
D#1671048,XAUUSD,100,288230376152326615,288230376152014212,288230376154461111,288230376154447579,2939,2026-05-26T10:33:11.000Z,2026-05-26T11:22:10.000Z,317.5,-321.0,300.0,-17.5,0,0.5,4534.12,4527.99,,,SELL,USD,1,1,1583663
D#1614622,XAUUSD,100,288230376152326617,288230376152015604,288230376154460531,288230376154460221,176,2026-05-26T11:19:17.000Z,2026-05-26T11:22:13.000Z,-51.9,50.85,-57.16,-5.26,0,0.15,4531.27,4527.59,4527.75,4539.03,BUY,USD,1,1,1583663
D#1614602,XAUUSD,100,288230376152326630,288230376152014223,288230376154461157,288230376154447690,2922,2026-05-26T10:33:37.000Z,2026-05-26T11:22:19.000Z,39,-39.35,37.24,-1.76,0,0.05,4535.01,4527.43,,,SELL,USD,1,1,1583663
D#1702644,XAUUSD,100,288230376152326650,288230376152013652,288230376154443059,288230376154443056,3914,2026-05-26T10:17:19.000Z,2026-05-26T11:22:33.000Z,-51.92,51.15,-55.78,-3.86,0,0.11,4531.73,4526.79,4527.13,4541.16,BUY,USD,1,1,1583663
D#1645644,XAUUSD,100,288230376152326796,288230376152014386,288230376154461898,288230376154448902,2844,2026-05-26T10:37:22.000Z,2026-05-26T11:24:46.000Z,32.43,-32.78,30.67,-1.76,0,0.05,4535.53,4527.18,4546.66,4524.75,SELL,USD,1,1,1583663
D#1614622,XAUUSD,100,288230376152326823,288230376152015706,288230376154461526,288230376154461196,167,2026-05-26T11:22:26.000Z,2026-05-26T11:25:13.000Z,-37.95,36.900000000000006,-43.21,-5.26,0,0.15,4527.44,4524.69,4524.78,4535.3,BUY,USD,1,1,1583663
D#1702731,XAUUSD,100,288230376152326916,288230376152014930,288230376154462423,288230376154453819,1896,2026-05-26T10:54:55.000Z,2026-05-26T11:26:31.000Z,94.2,-94.9,90.7,-3.5,0,0.1,4534.7,4525.5,4538.21,4522.98,SELL,USD,1,1,1583663
D#1702436,XAUUSD,100,288230376152326927,288230376152014776,288230376154452545,288230376154445560,2174,2026-05-26T10:50:27.000Z,2026-05-26T11:26:41.000Z,163.2,-163.89999999999998,159.7,-3.5,0,0.1,4540.19,4524.09,,4524.13,SELL,USD,1,1,1583663
D#1589450,XAUUSD,100,288230376152326944,288230376152015607,288230376154462559,288230376154460264,453,2026-05-26T11:19:26.000Z,2026-05-26T11:26:59.000Z,57.45,-58.150000000000006,53.94,-3.51,0,0.1,4530.51,4524.65,,,SELL,USD,1,1,1583663
D#1702516,XAUUSD,100,288230376152326957,288230376152015257,288230376154456902,288230376154456899,1291,2026-05-26T11:05:42.000Z,2026-05-26T11:27:13.000Z,207,-208.26,200.7,-6.3,0,0.18,4534.98,4523.7,4546.54,4523.73,SELL,USD,1,1,1583663
D#1614622,XAUUSD,100,288230376152326956,288230376152015821,288230376154462397,288230376154462227,74,2026-05-26T11:25:59.000Z,2026-05-26T11:27:13.000Z,-16.35,15.3,-21.61,-5.26,0,0.15,4524.81,4523.5,4523.76,4532.42,BUY,USD,1,1,1583663
D#1670941,XAUUSD,100,288230376152326962,288230376152015290,288230376154457210,288230376154457209,1220,2026-05-26T11:06:54.000Z,2026-05-26T11:27:14.000Z,-210.06,208.8,-216.36,-6.3,0,0.18,4534.99,4523.1,4523.52,4546.09,BUY,USD,1,1,1583663
D#1702727,XAUUSD,100,288230376152326973,288230376152010196,288230376154414174,288230376154367305,10658,2026-05-26T08:29:37.000Z,2026-05-26T11:27:15.000Z,45.2,-46.6,38.2,-7,0,0.2,4520.84,4522.88,4523,4543.06,BUY,USD,1,1,1583663
D#1670971,XAUUSD,100,288230376152326992,288230376152014873,288230376154462704,288230376154453375,2046,2026-05-26T10:53:15.000Z,2026-05-26T11:27:21.000Z,190.35,-191.4,185.09,-5.26,0,0.15,4536.11,4523.64,4536.01,4522.73,SELL,USD,1,1,1583663
D#1702431,XAUUSD,100,288230376152327001,288230376152015486,288230376154462736,288230376154459113,732,2026-05-26T11:15:16.000Z,2026-05-26T11:27:28.000Z,75.3,-76.0,71.8,-3.5,0,0.1,4532.18,4524.87,4531.75,4520.57,SELL,USD,1,1,1583663
D#1702426,XAUUSD,100,288230376152327018,288230376152015065,288230376154462823,288230376154455271,1661,2026-05-26T11:00:03.000Z,2026-05-26T11:27:44.000Z,56.35,-56.7,54.59,-1.76,0,0.05,4535.02,4523.97,4546.56,4515.49,SELL,USD,1,1,1583663
D#1702460,XAUUSD,100,288230376152327152,288230376152013811,288230376154444354,288230376154444262,4149,2026-05-26T10:21:24.000Z,2026-05-26T11:30:33.000Z,99.8,-100.5,96.3,-3.5,0,0.1,4531.09,4521.33,,4522.11,SELL,USD,1,1,1583663
D#1702529,XAUUSD,100,288230376152327159,288230376152015742,288230376154461587,288230376154461583,410,2026-05-26T11:23:43.000Z,2026-05-26T11:30:33.000Z,50,-50.7,46.5,-3.5,0,0.1,4525.96,4521.18,4542,4522,SELL,USD,1,1,1583663
D#1702363,XAUUSD,100,288230376152327166,288230376152013904,288230376154444929,288230376154444927,4009,2026-05-26T10:23:45.000Z,2026-05-26T11:30:34.000Z,-11.05,10.98,-11.41,-0.36,0,0.01,4531.7,4520.43,4521,4568,BUY,USD,1,1,1583663
D#1670972,XAUUSD,100,288230376152327227,288230376152013415,288230376154443798,288230376154441109,4785,2026-05-26T10:10:56.000Z,2026-05-26T11:30:41.000Z,135,-136.05,129.74,-5.26,0,0.15,4527.16,4518.38,4534.26,4519.09,SELL,USD,1,1,1583663
D#1702639,XAUUSD,100,288230376152327220,288230376152015770,288230376154462264,288230376154461844,368,2026-05-26T11:24:33.000Z,2026-05-26T11:30:41.000Z,7.95,-8.02,7.59,-0.36,0,0.01,4526.11,4518.38,,4518.99,SELL,USD,1,1,1583663
D#1589450,XAUUSD,100,288230376152327247,288230376152015868,288230376154463702,288230376154462628,209,2026-05-26T11:27:14.000Z,2026-05-26T11:30:43.000Z,50.2,-50.900000000000006,46.7,-3.5,0,0.1,4523.16,4518.36,,,SELL,USD,1,1,1583663
D#1702559,XAUUSD,100,288230376152327266,288230376152015038,288230376154463756,288230376154454924,1924,2026-05-26T10:58:47.000Z,2026-05-26T11:30:51.000Z,464.1,-466.20000000000005,453.6,-10.5,0,0.3,4534.93,4519.68,4558.99,4513.84,SELL,USD,1,1,1583663
D#1614602,XAUUSD,100,288230376152327283,288230376152015895,288230376154463782,288230376154462771,199,2026-05-26T11:27:33.000Z,2026-05-26T11:30:52.000Z,-24.75,24.4,-26.51,-1.76,0,0.05,4524.75,4519.58,,,BUY,USD,1,1,1583663
D#1670972,XAUUSD,100,288230376152327329,288230376152016008,288230376154463906,288230376154463739,23,2026-05-26T11:30:48.000Z,2026-05-26T11:31:11.000Z,12.9,-13.950000000000001,7.64,-5.26,0,0.15,4518.92,4519.56,,,BUY,USD,1,1,1583663
D#1614602,XAUUSD,100,288230376152327648,288230376152016021,288230376154465077,288230376154463829,232,2026-05-26T11:30:58.000Z,2026-05-26T11:34:50.000Z,-7.8,7.45,-9.56,-1.76,0,0.05,4520.47,4518.69,,,BUY,USD,1,1,1583663
D#1702674,XAUUSD,100,288230376152327683,288230376152015505,288230376154459776,288230376154459249,1177,2026-05-26T11:15:43.000Z,2026-05-26T11:35:20.000Z,75,-75.35,73.24,-1.76,0,0.05,4532.21,4517.43,4541.76,4517.64,SELL,USD,1,1,1583663
D#1702715,XAUUSD,100,288230376152327698,288230376152012620,288230376154435467,288230376154434830,6488,2026-05-26T09:47:13.000Z,2026-05-26T11:35:21.000Z,19.86,-20.14,18.45,-1.41,0,0.04,4516.96,4516.93,4517.2,4580.03,BUY,USD,1,1,1583663
D#1702431,XAUUSD,100,288230376152327695,288230376152016142,288230376154464912,288230376154464781,82,2026-05-26T11:33:59.000Z,2026-05-26T11:35:21.000Z,-49.5,48.8,-51.25,-1.75,0,0.1,4522.1,4516.93,4517.15,,BUY,USD,1,1,1583663
D#1702690,XAUUSD,100,288230376152327749,288230376152015443,288230376154458644,288230376154458640,1343,2026-05-26T11:13:19.000Z,2026-05-26T11:35:42.000Z,122.01,-122.5,119.55,-2.46,0,0.07,4532.74,4515.53,4526.45,4515.94,SELL,USD,1,1,1583663
D#1702726,XAUUSD,100,288230376152327818,288230376152004025,288230376154461159,288230376154355397,24262,2026-05-26T04:51:22.000Z,2026-05-26T11:35:44.000Z,33.08,-33.22,32.38,-0.7,0,0.02,4528.55,4512.23,4541.25,4513.15,SELL,USD,1,1,1583663
D#1645694,XAUUSD,100,288230376152327904,288230376152015662,288230376154460885,288230376154460759,883,2026-05-26T11:21:02.000Z,2026-05-26T11:35:45.000Z,263.55,-264.6,258.29,-5.26,0,0.15,4528.7,4511.35,,4511.43,SELL,USD,1,1,1583663
D#1702519,XAUUSD,100,288230376152327977,288230376152006675,288230376154382277,288230376154382274,17621,2026-05-26T06:42:05.000Z,2026-05-26T11:35:46.000Z,116.95,-117.3,115.19,-1.76,0,0.05,4533.29,4510.12,4545.15,4510.32,SELL,USD,1,1,1583663
D#1645646,XAUUSD,100,288230376152327961,288230376152007521,288230376154391157,288230376154390646,15771,2026-05-26T07:12:55.000Z,2026-05-26T11:35:46.000Z,18.12,-18.19,17.76,-0.36,0,0.01,4528.02,4510.12,4546.94,4510.07,SELL,USD,1,1,1583663
D#1671061,XAUUSD,100,288230376152327971,288230376152015209,288230376154456812,288230376154456557,1876,2026-05-26T11:04:30.000Z,2026-05-26T11:35:46.000Z,-78.57,78.36,-79.63,-1.06,0,0.03,4536.08,4509.67,4510,,BUY,USD,1,1,1583663
D#1702727,XAUUSD,100,288230376152327974,288230376152015956,288230376154463526,288230376154463351,354,2026-05-26T11:29:52.000Z,2026-05-26T11:35:46.000Z,433.2,-435.3,422.7,-10.5,0,0.3,4524.34,4510.12,4524.48,4510.53,SELL,USD,1,1,1583663
D#1589450,XAUUSD,100,288230376152328063,288230376152016037,288230376154465670,288230376154463909,278,2026-05-26T11:31:12.000Z,2026-05-26T11:35:50.000Z,115.7,-116.4,112.2,-3.5,0,0.1,4519.56,4508.21,,,SELL,USD,1,1,1583663
D#1614602,XAUUSD,100,288230376152328264,288230376152016204,288230376154466004,288230376154465230,62,2026-05-26T11:35:17.000Z,2026-05-26T11:36:19.000Z,28.75,-29.1,26.99,-1.76,0,0.05,4518.26,4512.73,,,SELL,USD,1,1,1583663
D#1702614,XAUUSD,100,288230376152328436,288230376152016410,288230376154466813,288230376154466304,81,2026-05-26T11:36:56.000Z,2026-05-26T11:38:17.000Z,-3.06,2.92,-3.76,-0.7,0,0.02,4515.53,4513.78,,,BUY,USD,1,1,1583663
D#1614602,XAUUSD,100,288230376152328444,288230376152016381,288230376154466862,288230376154466055,119,2026-05-26T11:36:25.000Z,2026-05-26T11:38:24.000Z,-14.05,13.700000000000001,-15.81,-1.76,0,0.05,4516.38,4513.35,,,BUY,USD,1,1,1583663
D#1589450,XAUUSD,100,288230376152328506,288230376152016415,288230376154467143,288230376154466414,113,2026-05-26T11:37:13.000Z,2026-05-26T11:39:06.000Z,38.8,-39.5,35.3,-3.5,0,0.1,4512.48,4508.82,,,SELL,USD,1,1,1583663
D#1614602,XAUUSD,100,288230376152328578,288230376152016502,288230376154467438,288230376154467128,43,2026-05-26T11:39:05.000Z,2026-05-26T11:39:48.000Z,-8.65,8.3,-10.41,-1.76,0,0.05,4509.71,4511.66,,,SELL,USD,1,1,1583663
D#1702681,XAUUSD,100,288230376152328727,288230376152012194,288230376154431883,288230376154431881,7458,2026-05-26T09:37:21.000Z,2026-05-26T11:41:39.000Z,39.44,-40.0,36.64,-2.8,0,0.08,4517.98,4513.27,4513.1,,SELL,USD,1,1,1583663
D#1614622,XAUUSD,100,288230376152328811,288230376152016587,288230376154467937,288230376154467719,119,2026-05-26T11:40:36.000Z,2026-05-26T11:42:35.000Z,-23.4,22.349999999999998,-28.66,-5.26,0,0.15,4510.09,4508.31,4508.48,4517.7,BUY,USD,1,1,1583663
D#1670868,XAUUSD,100,288230376152328816,288230376152016492,288230376154468451,288230376154467075,219,2026-05-26T11:38:58.000Z,2026-05-26T11:42:37.000Z,18.96,-19.52,16.16,-2.8,0,0.08,4511.05,4508.9,,,SELL,USD,1,1,1583663
D#1702357,XAUUSD,100,288230376152328895,288230376152016535,288230376154467745,288230376154467348,207,2026-05-26T11:39:33.000Z,2026-05-26T11:43:00.000Z,-196.95,194.22,-210.61,-13.66,0,0.39,4511.6,4506.33,4506.61,4520.92,BUY,USD,1,1,1583663
D#1702695,XAUUSD,100,288230376152328920,288230376152012358,288230376154433426,288230376154433102,7252,2026-05-26T09:42:10.000Z,2026-05-26T11:43:02.000Z,100.4,-101.10000000000001,96.9,-3.5,0,0.1,4515.29,4505.47,,4505.54,SELL,USD,1,1,1583663
D#1670945,XAUUSD,100,288230376152328959,288230376151999109,288230376154468728,288230376154304080,37832,2026-05-26T01:12:39.000Z,2026-05-26T11:43:11.000Z,-200.7,200.35,-202.46,-1.76,0,0.05,4547.79,4507.43,,,BUY,USD,1,1,1583663
D#1670968,XAUUSD,100,288230376152328964,288230376152015789,288230376154468736,288230376154442700,1078,2026-05-26T11:25:13.000Z,2026-05-26T11:43:11.000Z,-439.14,437.32,-448.24,-9.1,0,0.26,4524.89,4507.78,,,BUY,USD,1,1,1583663
D#1702357,XAUUSD,100,288230376152329005,288230376152016711,288230376154468865,288230376154468696,25,2026-05-26T11:43:06.000Z,2026-05-26T11:43:31.000Z,-78,75.27,-91.66,-13.66,0,0.39,4506.39,4508.61,,,SELL,USD,1,1,1583663
D#1702357,XAUUSD,100,288230376152329061,288230376152016749,288230376154469023,288230376154468924,11,2026-05-26T11:43:39.000Z,2026-05-26T11:43:50.000Z,-30.81,28.08,-44.47,-13.66,0,0.39,4510.73,4509.72,,,BUY,USD,1,1,1583663
D#1670868,XAUUSD,100,288230376152329121,288230376152016737,288230376154469260,288230376154468842,66,2026-05-26T11:43:29.000Z,2026-05-26T11:44:35.000Z,18.32,-18.88,15.52,-2.8,0,0.08,4507.95,4510.02,,,BUY,USD,1,1,1583663
D#1671092,XAUUSD,100,288230376152329394,288230376152016810,288230376154469734,288230376154469414,158,2026-05-26T11:45:02.000Z,2026-05-26T11:47:40.000Z,110.6,-112.0,103.6,-7,0,0.2,4510.1,4515.41,4507.49,4515.19,BUY,USD,1,1,1583663
D#1614622,XAUUSD,100,288230376152329416,288230376152016688,288230376154469081,288230376154468587,296,2026-05-26T11:42:58.000Z,2026-05-26T11:47:54.000Z,120.15,-121.2,114.89,-5.26,0,0.15,4507.86,4515.65,4504.92,4515.74,BUY,USD,1,1,1583663
D#1614602,XAUUSD,100,288230376152329512,288230376152016574,288230376154471054,288230376154467621,582,2026-05-26T11:40:21.000Z,2026-05-26T11:50:03.000Z,3.95,-4.3,2.19,-1.76,0,0.05,4511.98,4512.55,,,BUY,USD,1,1,1583663
D#1702681,XAUUSD,100,288230376152329538,288230376152017004,288230376154471188,288230376154470917,66,2026-05-26T11:49:26.000Z,2026-05-26T11:50:32.000Z,-1.12,0.56,-3.92,-2.8,0,0.08,4513.85,4513.49,,,BUY,USD,1,1,1583663
D#1645644,XAUUSD,100,288230376152329596,288230376152017014,288230376154471443,288230376154471050,71,2026-05-26T11:50:02.000Z,2026-05-26T11:51:13.000Z,13.95,-14.299999999999999,12.19,-1.76,0,0.05,4512.78,4515.35,,,BUY,USD,1,1,1583663
D#1614602,XAUUSD,100,288230376152329650,288230376152017028,288230376154471698,288230376154471178,96,2026-05-26T11:50:31.000Z,2026-05-26T11:52:07.000Z,-3.55,3.1999999999999997,-5.31,-1.76,0,0.05,4513.69,4512.76,,,BUY,USD,1,1,1583663
D#1702729,XAUUSD,100,288230376152329684,288230376152017100,288230376154471802,288230376154471743,11,2026-05-26T11:52:17.000Z,2026-05-26T11:52:28.000Z,4.5,-6.6,-6.0,-10.5,0,0.3,4511.79,4511.86,,,SELL,USD,1,1,1583663
D#1702729,XAUUSD,100,288230376152329715,288230376152017118,288230376154471949,288230376154471891,15,2026-05-26T11:52:45.000Z,2026-05-26T11:53:00.000Z,20.4,-22.5,9.9,-10.5,0,0.3,4513.59,4513.13,,,SELL,USD,1,1,1583663
D#1614622,XAUUSD,100,288230376152329813,288230376152017162,288230376154472550,288230376154472356,57,2026-05-26T11:54:27.000Z,2026-05-26T11:55:24.000Z,-47.85,46.800000000000004,-53.11,-5.26,0,0.15,4512.06,4508.65,4509.07,4519.77,BUY,USD,1,1,1583663
D#1702458,XAUUSD,100,288230376152329825,288230376152016919,288230376154472663,288230376154470156,510,2026-05-26T11:46:59.000Z,2026-05-26T11:55:29.000Z,-31.7,31.0,-35.2,-3.5,0,0.1,4512.46,4509.07,,,BUY,USD,1,1,1583663
D#1670952,XAUUSD,100,288230376152329839,288230376152016996,288230376154472694,288230376154470809,397,2026-05-26T11:48:58.000Z,2026-05-26T11:55:35.000Z,-8.56,8.42,-9.26,-0.7,0,0.02,4513.4,4508.9,4502.63,,BUY,USD,1,1,1583663
D#1614602,XAUUSD,100,288230376152329908,288230376152017097,288230376154473008,288230376154471732,259,2026-05-26T11:52:15.000Z,2026-05-26T11:56:34.000Z,12.15,-12.5,10.39,-1.76,0,0.05,4512.16,4509.95,,,SELL,USD,1,1,1583663
D#1702729,XAUUSD,100,288230376152329933,288230376152017210,288230376154473141,288230376154472840,62,2026-05-26T11:56:01.000Z,2026-05-26T11:57:03.000Z,18.3,-20.400000000000002,7.8,-10.5,0,0.3,4508.93,4509.32,,,BUY,USD,1,1,1583663
D#1614602,XAUUSD,100,288230376152330009,288230376152017248,288230376154473488,288230376154473110,76,2026-05-26T11:56:54.000Z,2026-05-26T11:58:10.000Z,3.5,-3.85,1.74,-1.76,0,0.05,4510.09,4510.57,,,BUY,USD,1,1,1583663
D#1702681,XAUUSD,100,288230376152330031,288230376152017212,288230376154473267,288230376154472848,152,2026-05-26T11:56:02.000Z,2026-05-26T11:58:34.000Z,0.08,-0.64,-2.72,-2.8,0,0.08,4508.95,4508.74,4509.03,4520.75,BUY,USD,1,1,1583663
D#1614622,XAUUSD,100,288230376152330059,288230376152017192,288230376154472842,288230376154472683,201,2026-05-26T11:55:33.000Z,2026-05-26T11:58:54.000Z,-38.25,37.2,-43.51,-5.26,0,0.15,4508.83,4506.06,4506.52,4516.7,BUY,USD,1,1,1583663
D#1614602,XAUUSD,100,288230376152330152,288230376152017307,288230376154473849,288230376154473557,40,2026-05-26T11:58:27.000Z,2026-05-26T11:59:07.000Z,28.45,-28.8,26.69,-1.76,0,0.05,4510.36,4504.89,,,SELL,USD,1,1,1583663
D#1670868,XAUUSD,100,288230376152330207,288230376152016856,288230376154473989,288230376154469757,813,2026-05-26T11:45:56.000Z,2026-05-26T11:59:29.000Z,36.32,-36.88,33.52,-2.8,0,0.08,4509.05,4504.73,,,SELL,USD,1,1,1583663
D#1702729,XAUUSD,100,288230376152330379,288230376152017361,288230376154474629,288230376154473908,106,2026-05-26T11:59:16.000Z,2026-05-26T12:01:02.000Z,139.2,-141.29999999999998,128.7,-10.5,0,0.3,4504.67,4509.09,,,BUY,USD,1,1,1583663
D#1702655,XAUUSD,100,288230376152330431,288230376152017486,288230376154474969,288230376154474691,53,2026-05-26T12:01:09.000Z,2026-05-26T12:02:02.000Z,-1.18,1.1099999999999999,-1.54,-0.36,0,0.01,4508.53,4509.93,,,SELL,USD,1,1,1583663
D#1702655,XAUUSD,100,288230376152330474,288230376152017512,288230376154475259,288230376154474987,60,2026-05-26T12:02:05.000Z,2026-05-26T12:03:05.000Z,0.32,-0.39,-0.04,-0.36,0,0.01,4509.07,4508.97,,,SELL,USD,1,1,1583663
D#1702431,XAUUSD,100,288230376152330509,288230376152017459,288230376154475411,288230376154474547,164,2026-05-26T12:00:52.000Z,2026-05-26T12:03:36.000Z,-4.14,3.7199999999999998,-6.24,-2.1,0,0.06,4506.98,4507.89,4513.97,4458.03,SELL,USD,1,1,1583663
D#1702655,XAUUSD,100,288230376152330512,288230376152017543,288230376154475417,288230376154475276,28,2026-05-26T12:03:09.000Z,2026-05-26T12:03:37.000Z,-0.91,0.8400000000000001,-1.27,-0.36,0,0.01,4508.9,4507.77,,,BUY,USD,1,1,1583663
D#1614602,XAUUSD,100,288230376152330527,288230376152017384,288230376154475492,288230376154474097,242,2026-05-26T11:59:50.000Z,2026-05-26T12:03:52.000Z,3.85,-4.2,2.09,-1.76,0,0.05,4506.49,4507.04,,,BUY,USD,1,1,1583663
D#1702729,XAUUSD,100,288230376152330602,288230376152017595,288230376154475896,288230376154475620,59,2026-05-26T12:04:17.000Z,2026-05-26T12:05:16.000Z,71.04,-73.63000000000001,58.08,-12.96,0,0.37,4507.43,4509.13,,,BUY,USD,1,1,1583663
D#1702655,XAUUSD,100,288230376152330621,288230376152017634,288230376154476001,288230376154475906,22,2026-05-26T12:05:18.000Z,2026-05-26T12:05:40.000Z,0.64,-0.71,0.28,-0.36,0,0.01,4508.43,4508.85,,,BUY,USD,1,1,1583663
D#1702655,XAUUSD,100,288230376152330640,288230376152017650,288230376154476127,288230376154476083,8,2026-05-26T12:05:57.000Z,2026-05-26T12:06:05.000Z,0.51,-0.5800000000000001,0.15,-0.36,0,0.01,4508.82,4508.53,,,SELL,USD,1,1,1583663
D#1702655,XAUUSD,100,288230376152330654,288230376152017657,288230376154476196,288230376154476148,8,2026-05-26T12:06:11.000Z,2026-05-26T12:06:19.000Z,-0.4,0.33,-0.76,-0.36,0,0.01,4508.26,4508.88,,,SELL,USD,1,1,1583663
D#1702655,XAUUSD,100,288230376152330681,288230376152017674,288230376154476324,288230376154476307,5,2026-05-26T12:06:41.000Z,2026-05-26T12:06:46.000Z,0.45,-0.52,0.09,-0.36,0,0.01,4508.43,4508.2,,,SELL,USD,1,1,1583663
D#1614602,XAUUSD,100,288230376152330730,288230376152017608,288230376154476501,288230376154475704,160,2026-05-26T12:04:37.000Z,2026-05-26T12:07:17.000Z,-2.05,1.6999999999999997,-3.81,-1.76,0,0.05,4508.06,4507.43,,,BUY,USD,1,1,1583663
D#1670974,XAUUSD,100,288230376152330807,288230376152017713,288230376154476718,288230376154476572,58,2026-05-26T12:07:30.000Z,2026-05-26T12:08:28.000Z,85.25,-87.0,76.49,-8.76,0,0.25,4507.76,4510.95,4505.45,4510.9,BUY,USD,1,1,1583663
D#1614602,XAUUSD,100,288230376152330831,288230376152017708,288230376154476942,288230376154476553,72,2026-05-26T12:07:27.000Z,2026-05-26T12:08:39.000Z,-33.1,32.4,-36.6,-3.5,0,0.1,4507.82,4511.35,,,SELL,USD,1,1,1583663
D#1702729,XAUUSD,100,288230376152330902,288230376152017745,288230376154476999,288230376154476869,19,2026-05-26T12:08:27.000Z,2026-05-26T12:08:46.000Z,-119.14,116.55,-132.1,-12.96,0,0.37,4510.47,4507.03,,,BUY,USD,1,1,1583663
D#1614602,XAUUSD,100,288230376152330980,288230376152017762,288230376154477238,288230376154476981,34,2026-05-26T12:08:44.000Z,2026-05-26T12:09:18.000Z,-3.2,2.5,-6.7,-3.5,0,0.1,4511.71,4511.17,,,BUY,USD,1,1,1583663
D#1702729,XAUUSD,100,288230376152331040,288230376152017784,288230376154477531,288230376154477077,78,2026-05-26T12:08:52.000Z,2026-05-26T12:10:10.000Z,29.97,-32.56,17.01,-12.96,0,0.37,4508.48,4509.07,4509.69,,BUY,USD,1,1,1583663
D#1702580,XAUUSD,100,288230376152331064,288230376152017820,288230376154477661,288230376154477429,39,2026-05-26T12:09:48.000Z,2026-05-26T12:10:27.000Z,-8.07,7.86,-9.13,-1.06,0,0.03,4510.98,4508.07,,,BUY,USD,1,1,1583663
D#1614602,XAUUSD,100,288230376152331065,288230376152017808,288230376154477672,288230376154477304,58,2026-05-26T12:09:31.000Z,2026-05-26T12:10:29.000Z,-25.3,24.6,-28.8,-3.5,0,0.1,4510.72,4507.97,,,BUY,USD,1,1,1583663
D#1614602,XAUUSD,100,288230376152331136,288230376152017870,288230376154478126,288230376154477810,62,2026-05-26T12:10:52.000Z,2026-05-26T12:11:54.000Z,-32.6,31.900000000000002,-36.1,-3.5,0,0.1,4508.14,4511.62,,,SELL,USD,1,1,1583663
D#1702729,XAUUSD,100,288230376152331157,288230376152017850,288230376154478270,288230376154477631,119,2026-05-26T12:10:22.000Z,2026-05-26T12:12:21.000Z,100.64,-103.23,87.68,-12.96,0,0.37,4508.45,4510.95,,,BUY,USD,1,1,1583663
D#1702580,XAUUSD,100,288230376152331203,288230376152017865,288230376154477963,288230376154477761,160,2026-05-26T12:10:44.000Z,2026-05-26T12:13:24.000Z,112.2,-114.3,101.7,-10.5,0,0.3,4508.69,4512.21,4506.91,4512.24,BUY,USD,1,1,1583663
D#1671059,XAUUSD,100,288230376152331216,288230376152017193,288230376154478573,288230376154472685,1083,2026-05-26T11:55:33.000Z,2026-05-26T12:13:36.000Z,-48.8,47.4,-55.8,-7,0,0.2,4508.66,4511.32,4514.55,4503.35,SELL,USD,1,1,1583663
D#1614602,XAUUSD,100,288230376152331242,288230376152017912,288230376154478762,288230376154478296,113,2026-05-26T12:12:28.000Z,2026-05-26T12:14:21.000Z,-8.3,7.6000000000000005,-11.8,-3.5,0,0.1,4511.01,4509.96,,,BUY,USD,1,1,1583663
D#1670884,XAUUSD,100,288230376152331243,288230376152017950,288230376154478737,288230376154478734,8,2026-05-26T12:14:13.000Z,2026-05-26T12:14:21.000Z,-29,25.5,-46.5,-17.5,0,0.5,4510.27,4509.47,4509.69,,BUY,USD,1,1,1583663
D#1614602,XAUUSD,100,288230376152331261,288230376152017954,288230376154478913,288230376154478793,24,2026-05-26T12:14:26.000Z,2026-05-26T12:14:50.000Z,-19.6,18.900000000000002,-23.1,-3.5,0,0.1,4508.79,4510.97,,,SELL,USD,1,1,1583663
D#1702729,XAUUSD,100,288230376152331265,288230376152017960,288230376154478942,288230376154478887,14,2026-05-26T12:14:44.000Z,2026-05-26T12:14:58.000Z,-12,9.2,-26.0,-14,0,0.4,4510.96,4510.44,,,BUY,USD,1,1,1583663
D#1702681,XAUUSD,100,288230376152331298,288230376152017590,288230376154478673,288230376154475582,677,2026-05-26T12:04:10.000Z,2026-05-26T12:15:27.000Z,-43.92,43.36,-46.72,-2.8,0,0.08,4506.93,4512.64,4512.44,,SELL,USD,1,1,1583663
D#1702351,XAUUSD,100,288230376152331317,288230376152017602,288230376154476350,288230376154475670,667,2026-05-26T12:04:30.000Z,2026-05-26T12:15:37.000Z,68.2,-68.9,64.7,-3.5,0,0.1,4507.21,4513.81,4503.27,4513.13,BUY,USD,1,1,1583663
D#1702431,XAUUSD,100,288230376152331319,288230376152017568,288230376154475488,288230376154475428,717,2026-05-26T12:03:41.000Z,2026-05-26T12:15:38.000Z,-63.4,62.699999999999996,-66.9,-3.5,0,0.1,4507.6,4514.16,4514.14,4451.93,SELL,USD,1,1,1583663
D#1702729,XAUUSD,100,288230376152331352,288230376152017973,288230376154479291,288230376154479011,38,2026-05-26T12:15:13.000Z,2026-05-26T12:15:51.000Z,96.8,-99.6,82.8,-14,0,0.4,4511.33,4513.53,,,BUY,USD,1,1,1583663
D#1702729,XAUUSD,100,288230376152331385,288230376152018017,288230376154479442,288230376154479384,10,2026-05-26T12:16:09.000Z,2026-05-26T12:16:19.000Z,22.8,-25.6,8.8,-14,0,0.4,4514.7,4514.35,,,SELL,USD,1,1,1583663
D#1670884,XAUUSD,100,288230376152331404,288230376152017974,288230376154479555,288230376154479016,84,2026-05-26T12:15:14.000Z,2026-05-26T12:16:38.000Z,170.5,-174.0,153.0,-17.5,0,0.5,4511.56,4514.75,4506.79,,BUY,USD,1,1,1583663
D#1702485,XAUUSD,100,288230376152331411,288230376152005706,288230376154479599,288230376154371908,22603,2026-05-26T06:00:04.000Z,2026-05-26T12:16:47.000Z,62.3,-62.65,60.54,-1.76,0,0.05,4527.44,4515.2,4519.85,4495.16,SELL,USD,1,1,1583663
D#1614602,XAUUSD,100,288230376152331435,288230376152017971,288230376154479703,288230376154478995,115,2026-05-26T12:15:10.000Z,2026-05-26T12:17:05.000Z,26.4,-27.099999999999998,22.9,-3.5,0,0.1,4511.51,4513.93,,,BUY,USD,1,1,1583663
D#1702728,XAUUSD,100,288230376152331501,288230376152017972,288230376154480148,288230376154479006,207,2026-05-26T12:15:13.000Z,2026-05-26T12:18:40.000Z,7.88,-8.16,6.48,-1.4,0,0.04,4511.39,4513.14,4500,4517.71,BUY,USD,1,1,1583663
D#1614622,XAUUSD,100,288230376152331570,288230376152017924,288230376154479403,288230376154478439,424,2026-05-26T12:13:05.000Z,2026-05-26T12:20:09.000Z,-16.95,15.899999999999999,-22.21,-5.26,0,0.15,4510.53,4509.18,4509.6,4518.19,BUY,USD,1,1,1583663
D#1702649,XAUUSD,100,288230376152331583,288230376152018063,288230376154479856,288230376154479792,169,2026-05-26T12:17:21.000Z,2026-05-26T12:20:10.000Z,93.6,-95.0,86.6,-7,0,0.2,4513.33,4508.87,4513.32,4508.79,SELL,USD,1,1,1583663
D#1614602,XAUUSD,100,288230376152331593,288230376152018076,288230376154480824,288230376154479921,152,2026-05-26T12:17:45.000Z,2026-05-26T12:20:17.000Z,-48.4,47.699999999999996,-51.9,-3.5,0,0.1,4513.51,4508.45,,,BUY,USD,1,1,1583663
D#1670884,XAUUSD,100,288230376152331664,288230376152018165,288230376154481242,288230376154481049,43,2026-05-26T12:21:07.000Z,2026-05-26T12:21:50.000Z,119.5,-123.0,102.0,-17.5,0,0.5,4509.09,4511.26,4506.79,,BUY,USD,1,1,1583663
D#1702649,XAUUSD,100,288230376152331704,288230376152018201,288230376154481386,288230376154481383,3,2026-05-26T12:22:18.000Z,2026-05-26T12:22:21.000Z,-25.2,23.8,-32.2,-7,0,0.2,4512.36,4510.88,4511.2,,BUY,USD,1,1,1583663
D#1614602,XAUUSD,100,288230376152331759,288230376152018156,288230376154481664,288230376154481002,155,2026-05-26T12:20:56.000Z,2026-05-26T12:23:31.000Z,6.4,-7.1000000000000005,2.9,-3.5,0,0.1,4509.37,4509.79,,,BUY,USD,1,1,1583663
D#1614622,XAUUSD,100,288230376152331904,288230376152018160,288230376154481298,288230376154481029,341,2026-05-26T12:21:03.000Z,2026-05-26T12:26:44.000Z,-9.6,8.549999999999999,-14.86,-5.26,0,0.15,4509.46,4508.6,4508.7,4517.07,BUY,USD,1,1,1583663
D#1702649,XAUUSD,100,288230376152331959,288230376152018215,288230376154481510,288230376154481508,322,2026-05-26T12:22:49.000Z,2026-05-26T12:28:11.000Z,-36,35.3,-39.5,-3.5,0,0.1,4511.29,4507.47,4507.66,4515.86,BUY,USD,1,1,1583663
D#1670884,XAUUSD,100,288230376152331962,288230376152018330,288230376154482597,288230376154482596,76,2026-05-26T12:26:55.000Z,2026-05-26T12:28:11.000Z,-63,59.5,-80.5,-17.5,0,0.5,4508.94,4507.46,4508.02,,BUY,USD,1,1,1583663
D#1614622,XAUUSD,100,288230376152332000,288230376152018336,288230376154482745,288230376154482638,89,2026-05-26T12:27:05.000Z,2026-05-26T12:28:34.000Z,-37.5,36.45,-42.76,-5.26,0,0.15,4509.3,4506.58,4506.8,4516.98,BUY,USD,1,1,1583663
D#1702736,XAUUSD,100,288230376152332024,288230376152018093,288230376154483045,288230376154480141,604,2026-05-26T12:18:37.000Z,2026-05-26T12:28:41.000Z,-299.2,296.4,-313.2,-14,0,0.4,4512.78,4505.08,4503.71,4531.43,BUY,USD,1,1,1583663
D#1702644,XAUUSD,100,288230376152332059,288230376152017717,288230376154476602,288230376154476601,1271,2026-05-26T12:07:35.000Z,2026-05-26T12:28:46.000Z,-51.15,50.379999999999995,-55.01,-3.86,0,0.11,4509.02,4504.15,4504.47,4518.54,BUY,USD,1,1,1583663
D#1670974,XAUUSD,100,288230376152332062,288230376152017806,288230376154477481,288230376154477275,1161,2026-05-26T12:09:25.000Z,2026-05-26T12:28:46.000Z,-34.2,33.85,-35.96,-1.76,0,0.05,4510.73,4503.67,4504.29,4523.63,BUY,USD,1,1,1583663
D#1702445,XAUUSD,100,288230376152332067,288230376152017905,288230376154479753,288230376154478204,998,2026-05-26T12:12:08.000Z,2026-05-26T12:28:46.000Z,-6.05,5.9799999999999995,-6.41,-0.36,0,0.01,4511.48,4505.21,4504.15,4542.86,BUY,USD,1,1,1583663
D#1614622,XAUUSD,100,288230376152332211,288230376152018386,288230376154483220,288230376154483076,124,2026-05-26T12:28:45.000Z,2026-05-26T12:30:49.000Z,-20.7,19.65,-25.96,-5.26,0,0.15,4505.22,4503.62,4503.69,4512.78,BUY,USD,1,1,1583663
D#1702529,XAUUSD,100,288230376152332252,288230376152016900,288230376154470047,288230376154470046,2649,2026-05-26T11:46:41.000Z,2026-05-26T12:30:50.000Z,161.8,-163.20000000000002,154.8,-7,0,0.2,4510.92,4503.05,,4503,SELL,USD,1,1,1583663
D#1702374,XAUUSD,100,288230376152332224,288230376152017883,288230376154478218,288230376154477945,1173,2026-05-26T12:11:17.000Z,2026-05-26T12:30:50.000Z,-64,63.3,-67.5,-3.5,0,0.1,4509.94,4503.32,4503.63,,BUY,USD,1,1,1583663
D#1702363,XAUUSD,100,288230376152332244,288230376152018153,288230376154480976,288230376154480971,600,2026-05-26T12:20:50.000Z,2026-05-26T12:30:50.000Z,-6.28,6.21,-6.64,-0.36,0,0.01,4509.38,4502.88,4503,4573,BUY,USD,1,1,1583663
D#1670884,XAUUSD,100,288230376152332262,288230376152018420,288230376154483291,288230376154483287,92,2026-05-26T12:29:18.000Z,2026-05-26T12:30:50.000Z,-165.5,162.0,-183.0,-17.5,0,0.5,4506.41,4502.88,4503.32,,BUY,USD,1,1,1583663
D#1670952,XAUUSD,100,288230376152332334,288230376152017201,288230376154473143,288230376154472742,2129,2026-05-26T11:55:45.000Z,2026-05-26T12:31:14.000Z,-13.58,13.44,-14.28,-0.7,0,0.02,4509.01,4502,4502.2,4539.26,BUY,USD,1,1,1583663
D#1702649,XAUUSD,100,288230376152332329,288230376152018479,288230376154483829,288230376154483828,17,2026-05-26T12:30:57.000Z,2026-05-26T12:31:14.000Z,-20.2,18.8,-27.2,-7,0,0.2,4503.38,4502.15,4502.31,,BUY,USD,1,1,1583663
D#1702715,XAUUSD,100,288230376152332369,288230376152017479,288230376154475135,288230376154474639,1812,2026-05-26T12:01:03.000Z,2026-05-26T12:31:15.000Z,-32.08,31.799999999999997,-33.48,-1.4,0,0.04,4509.04,4500.8,4501.17,,BUY,USD,1,1,1583663
D#1702450,XAUUSD,100,288230376152332394,288230376152017604,288230376154484023,288230376154475677,1608,2026-05-26T12:04:32.000Z,2026-05-26T12:31:20.000Z,-243.5,240.0,-261.0,-17.5,0,0.5,4507.29,4502.2,,,BUY,USD,1,1,1583663
D#1670868,XAUUSD,100,288230376152332545,288230376152017569,288230376154484788,288230376154475429,1791,2026-05-26T12:03:41.000Z,2026-05-26T12:33:32.000Z,14.64,-15.200000000000001,11.84,-2.8,0,0.08,4507.61,4506,,,SELL,USD,1,1,1583663
D#1614602,XAUUSD,100,288230376152332570,288230376152018246,288230376154484944,288230376154481803,599,2026-05-26T12:23:59.000Z,2026-05-26T12:33:58.000Z,38,-38.7,34.5,-3.5,0,0.1,4509.65,4506.07,,,SELL,USD,1,1,1583663
D#1670868,XAUUSD,100,288230376152332702,288230376152018634,288230376154485495,288230376154485016,70,2026-05-26T12:34:07.000Z,2026-05-26T12:35:17.000Z,21.52,-22.08,18.72,-2.8,0,0.08,4506.69,4509.16,,,BUY,USD,1,1,1583663
D#1614602,XAUUSD,100,288230376152332797,288230376152018644,288230376154486076,288230376154485088,169,2026-05-26T12:34:17.000Z,2026-05-26T12:37:06.000Z,-5.9,5.2,-9.4,-3.5,0,0.1,4506.87,4506.06,,,BUY,USD,1,1,1583663
D#1702649,XAUUSD,100,288230376152332914,288230376152018531,288230376154484177,288230376154484175,426,2026-05-26T12:31:49.000Z,2026-05-26T12:38:55.000Z,-9,8.3,-12.5,-3.5,0,0.1,4505.43,4504.31,4504.31,4514.76,BUY,USD,1,1,1583663
D#1670884,XAUUSD,100,288230376152332921,288230376152018594,288230376154484625,288230376154484621,356,2026-05-26T12:33:04.000Z,2026-05-26T12:39:00.000Z,-92.5,89.0,-110.0,-17.5,0,0.5,4504.92,4502.85,4503.9,,BUY,USD,1,1,1583663
D#1670884,XAUUSD,100,288230376152332971,288230376152018837,288230376154486850,288230376154486736,15,2026-05-26T12:39:06.000Z,2026-05-26T12:39:21.000Z,-59,55.5,-76.5,-17.5,0,0.5,4503.57,4502.17,,,BUY,USD,1,1,1583663
D#1702681,XAUUSD,100,288230376152333102,288230376152018128,288230376154481536,288230376154480566,1224,2026-05-26T12:20:09.000Z,2026-05-26T12:40:33.000Z,45.52,-46.080000000000005,42.72,-2.8,0,0.08,4509.68,4504.21,4504.57,4460,SELL,USD,1,1,1583663
D#1614602,XAUUSD,100,288230376152333104,288230376152018791,288230376154487311,288230376154486320,168,2026-05-26T12:37:48.000Z,2026-05-26T12:40:36.000Z,16.6,-17.3,13.1,-3.5,0,0.1,4505.71,4504.27,,,SELL,USD,1,1,1583663
D#1702649,XAUUSD,100,288230376152333432,288230376152018966,288230376154487753,288230376154487685,160,2026-05-26T12:41:56.000Z,2026-05-26T12:44:36.000Z,70.1,-70.8,66.6,-3.5,0,0.1,4504.94,4511.73,4504.93,4511.74,BUY,USD,1,1,1583663
D#1670974,XAUUSD,100,288230376152333467,288230376152018507,288230376154487158,288230376154484032,820,2026-05-26T12:31:21.000Z,2026-05-26T12:45:01.000Z,102.2,-102.9,98.7,-3.5,0,0.1,4502.4,4512.4,4499.8,4512.36,BUY,USD,1,1,1583663
D#1702644,XAUUSD,100,288230376152333522,288230376152018924,288230376154487392,288230376154487274,333,2026-05-26T12:40:28.000Z,2026-05-26T12:46:01.000Z,106.7,-107.47,102.84,-3.86,0,0.11,4503.39,4512.87,4498.89,4512.91,BUY,USD,1,1,1583663
D#1702464,XAUUSD,100,288230376152333607,288230376152017087,288230376154481657,288230376154471641,3295,2026-05-26T11:51:58.000Z,2026-05-26T12:46:53.000Z,2.1,-2.8000000000000003,-1.4,-3.5,0,0.1,4514,4514.01,4513.92,4472.42,SELL,USD,1,1,1583663
D#1702728,XAUUSD,100,288230376152333779,288230376152018263,288230376154485332,288230376154481945,1458,2026-05-26T12:24:29.000Z,2026-05-26T12:48:47.000Z,17.43,-17.64,16.37,-1.06,0,0.03,4511.16,4516.75,4500,4516.61,BUY,USD,1,1,1583663
D#1702677,XAUUSD,100,288230376152333819,288230376152019045,288230376154488715,288230376154488317,323,2026-05-26T12:43:38.000Z,2026-05-26T12:49:01.000Z,-45.12,44.699999999999996,-47.22,-2.1,0,0.06,4510.66,4518.4,4518.26,4500.06,SELL,USD,1,1,1583663
D#1702460,XAUUSD,100,288230376152333868,288230376152017252,288230376154473185,288230376154473122,3139,2026-05-26T11:56:56.000Z,2026-05-26T12:49:15.000Z,101.6,-102.3,98.1,-3.5,0,0.1,4509.94,4519.88,,4519.85,BUY,USD,1,1,1583663
D#1702458,XAUUSD,100,288230376152333893,288230376152017226,288230376154490330,288230376154472904,3188,2026-05-26T11:56:12.000Z,2026-05-26T12:49:20.000Z,-119.1,118.39999999999999,-122.6,-3.5,0,0.1,4508.52,4520.65,,4498.28,SELL,USD,1,1,1583663
D#1702614,XAUUSD,100,288230376152333966,288230376152016511,288230376154490625,288230376154467173,4253,2026-05-26T11:39:09.000Z,2026-05-26T12:50:02.000Z,22.84,-22.98,22.14,-0.7,0,0.02,4508.83,4520.03,4495.54,4523.15,BUY,USD,1,1,1583663
D#1702428,XAUUSD,100,288230376152333969,288230376152018354,288230376154490631,288230376154482826,1325,2026-05-26T12:27:57.000Z,2026-05-26T12:50:02.000Z,117.04,-117.81,113.18,-3.86,0,0.11,4509.45,4519.87,,,BUY,USD,1,1,1583663
D#1702690,XAUUSD,100,288230376152333976,288230376152016477,288230376154466963,288230376154466961,4288,2026-05-26T11:38:38.000Z,2026-05-26T12:50:06.000Z,-57.89,57.4,-60.35,-2.46,0,0.07,4513.61,4522.1,4521.27,4497.29,SELL,USD,1,1,1583663
D#1702681,XAUUSD,100,288230376152333978,288230376152019119,288230376154490466,288230376154488875,298,2026-05-26T12:45:08.000Z,2026-05-26T12:50:06.000Z,-84.48,83.92,-87.28,-2.8,0,0.08,4511.32,4522.1,4521.74,,SELL,USD,1,1,1583663
D#1589450,XAUUSD,100,288230376152334065,288230376152016631,288230376154491031,288230376154468088,4170,2026-05-26T11:41:38.000Z,2026-05-26T12:51:08.000Z,52.7,-53.400000000000006,49.2,-3.5,0,0.1,4513.18,4518.23,,,BUY,USD,1,1,1583663
D#1702439,XAUUSD,100,288230376152334317,288230376152016931,288230376154492249,288230376154470222,4053,2026-05-26T11:47:11.000Z,2026-05-26T12:54:44.000Z,99.4,-100.10000000000001,95.9,-3.5,0,0.1,4512.89,4522.61,,,BUY,USD,1,1,1583663
D#1670868,XAUUSD,100,288230376152334413,288230376152018752,288230376154492641,288230376154486045,1120,2026-05-26T12:37:00.000Z,2026-05-26T12:55:40.000Z,-126.96,126.39999999999999,-129.76,-2.8,0,0.08,4507.21,4523.3,,,SELL,USD,1,1,1583663
D#1670974,XAUUSD,100,288230376152334535,288230376152019360,288230376154493283,288230376154490857,413,2026-05-26T12:50:37.000Z,2026-05-26T12:57:30.000Z,63.5,-65.25,54.74,-8.76,0,0.25,4520.5,4522.82,4515.85,4523.88,BUY,USD,1,1,1583663
D#1702644,XAUUSD,100,288230376152334546,288230376152019378,288230376154493384,288230376154491058,401,2026-05-26T12:51:12.000Z,2026-05-26T12:57:53.000Z,37.51,-38.28,33.65,-3.86,0,0.11,4519.27,4522.46,4519.43,4528.79,BUY,USD,1,1,1583663
D#1702580,XAUUSD,100,288230376152334564,288230376152019603,288230376154493315,288230376154493067,85,2026-05-26T12:56:46.000Z,2026-05-26T12:58:11.000Z,-75.6,73.5,-86.1,-10.5,0,0.3,4522.65,4519.91,4520.21,4526.02,BUY,USD,1,1,1583663
D#1670868,XAUUSD,100,288230376152334568,288230376152019578,288230376154493477,288230376154492761,134,2026-05-26T12:55:58.000Z,2026-05-26T12:58:12.000Z,-14.16,13.6,-16.96,-2.8,0,0.08,4522.68,4520.69,,,BUY,USD,1,1,1583663
D#1702363,XAUUSD,100,288230376152334648,288230376152019636,288230376154493873,288230376154493468,71,2026-05-26T12:58:11.000Z,2026-05-26T12:59:22.000Z,-0.8,0.73,-1.16,-0.36,0,0.01,4520.45,4519.43,4508,4574,BUY,USD,1,1,1583663
D#1702580,XAUUSD,100,288230376152334710,288230376152019662,288230376154493945,288230376154493651,107,2026-05-26T12:58:43.000Z,2026-05-26T13:00:30.000Z,-62.1,60.0,-72.6,-10.5,0,0.3,4520.43,4522.72,4522.55,4516.75,SELL,USD,1,1,1583663
D#1702519,XAUUSD,100,288230376152334767,288230376152016584,288230376154494470,288230376154467702,4836,2026-05-26T11:40:34.000Z,2026-05-26T13:01:10.000Z,56.45,-56.800000000000004,54.69,-1.76,0,0.05,4510.59,4521.66,4499.43,4542.23,BUY,USD,1,1,1583663
D#1614622,XAUUSD,100,288230376152334849,288230376152019755,288230376154494688,288230376154494526,66,2026-05-26T13:01:17.000Z,2026-05-26T13:02:23.000Z,-47.85,46.800000000000004,-53.11,-5.26,0,0.15,4520.84,4524.25,4523.81,4513.26,SELL,USD,1,1,1583663
D#1702681,XAUUSD,100,288230376152334862,288230376152019550,288230376154493379,288230376154492507,422,2026-05-26T12:55:22.000Z,2026-05-26T13:02:24.000Z,-22.48,21.92,-25.28,-2.8,0,0.08,4521.42,4524.45,4524.29,4509.17,SELL,USD,1,1,1583663
D#1589450,XAUUSD,100,288230376152334916,288230376152019394,288230376154495010,288230376154491253,651,2026-05-26T12:51:45.000Z,2026-05-26T13:02:36.000Z,63.8,-64.5,60.3,-3.5,0,0.1,4519.9,4526.06,,,BUY,USD,1,1,1583663
D#1702580,XAUUSD,100,288230376152335217,288230376152019724,288230376154494828,288230376154494320,332,2026-05-26T13:00:45.000Z,2026-05-26T13:06:17.000Z,-102.9,100.80000000000001,-113.4,-10.5,0,0.3,4523.74,4520.09,4520.48,4527.46,BUY,USD,1,1,1583663
D#1670991,XAUUSD,100,288230376152335460,288230376152019881,288230376154496096,288230376154495594,341,2026-05-26T13:04:13.000Z,2026-05-26T13:09:54.000Z,21.8,-23.2,14.8,-7,0,0.2,4522.74,4523.61,,4523.08,BUY,USD,1,1,1583663
D#1702681,XAUUSD,100,288230376152335478,288230376152019991,288230376154497485,288230376154496439,206,2026-05-26T13:06:35.000Z,2026-05-26T13:10:01.000Z,12.32,-12.88,9.52,-2.8,0,0.08,4520.09,4521.41,4521.79,,BUY,USD,1,1,1583663
D#1702562,XAUUSD,100,288230376152335561,288230376152017031,288230376154471227,288230376154471212,4837,2026-05-26T11:50:37.000Z,2026-05-26T13:11:14.000Z,4.6,-4.67,4.24,-0.36,0,0.01,4514,4518.38,4519,4550,BUY,USD,1,1,1583663
D#1670974,XAUUSD,100,288230376152335583,288230376152019785,288230376154498009,288230376154494830,549,2026-05-26T13:02:11.000Z,2026-05-26T13:11:20.000Z,24.35,-24.700000000000003,22.59,-1.76,0,0.05,4522.37,4517.72,4530,4517.51,SELL,USD,1,1,1583663
D#1614602,XAUUSD,100,288230376152335591,288230376152018957,288230376154498025,288230376154487610,1784,2026-05-26T12:41:38.000Z,2026-05-26T13:11:22.000Z,126.6,-127.3,123.1,-3.5,0,0.1,4504.9,4517.34,,,BUY,USD,1,1,1583663
D#1702535,XAUUSD,100,288230376152335959,288230376152020269,288230376154499722,288230376154498616,192,2026-05-26T13:12:55.000Z,2026-05-26T13:16:07.000Z,-0.8,0.24,-3.6,-2.8,0,0.08,4518.73,4519.05,,,SELL,USD,1,1,1583663
D#1614602,XAUUSD,100,288230376152336037,288230376152020227,288230376154500260,288230376154498330,350,2026-05-26T13:12:09.000Z,2026-05-26T13:17:59.000Z,-28.6,27.900000000000002,-32.1,-3.5,0,0.1,4517.8,4520.88,,,SELL,USD,1,1,1583663
D#1702681,XAUUSD,100,288230376152336094,288230376152020308,288230376154500439,288230376154499021,267,2026-05-26T13:14:05.000Z,2026-05-26T13:18:32.000Z,12.56,-13.120000000000001,9.76,-2.8,0,0.08,4518.03,4519.38,4520.18,4529.73,BUY,USD,1,1,1583663
D#1614602,XAUUSD,100,288230376152336101,288230376152020465,288230376154500483,288230376154500375,21,2026-05-26T13:18:17.000Z,2026-05-26T13:18:38.000Z,-20.6,19.900000000000002,-24.1,-3.5,0,0.1,4521.78,4519.5,,,BUY,USD,1,1,1583663
D#1614602,XAUUSD,100,288230376152336233,288230376152020499,288230376154501248,288230376154500670,107,2026-05-26T13:19:16.000Z,2026-05-26T13:21:03.000Z,-39.3,38.25,-44.56,-5.26,0,0.15,4519.6,4522.44,,,SELL,USD,1,1,1583663
D#1670991,XAUUSD,100,288230376152336420,288230376152020215,288230376154501652,288230376154498233,600,2026-05-26T13:11:53.000Z,2026-05-26T13:21:53.000Z,145.8,-147.20000000000002,138.8,-7,0,0.2,4517.7,4524.77,,,BUY,USD,1,1,1583663
D#1614602,XAUUSD,100,288230376152336518,288230376152020584,288230376154502076,288230376154501342,111,2026-05-26T13:21:15.000Z,2026-05-26T13:23:06.000Z,1.5,-2.55,-3.76,-5.26,0,0.15,4524.54,4524.42,,,BUY,USD,1,1,1583663
D#1614602,XAUUSD,100,288230376152336567,288230376152020687,288230376154502313,288230376154502135,33,2026-05-26T13:23:14.000Z,2026-05-26T13:23:47.000Z,-20.7,19.65,-25.96,-5.26,0,0.15,4524.18,4525.78,,,SELL,USD,1,1,1583663
D#1614602,XAUUSD,100,288230376152336667,288230376152020742,288230376154502743,288230376154502466,48,2026-05-26T13:24:14.000Z,2026-05-26T13:25:02.000Z,-26.41,25.08,-33.07,-6.66,0,0.19,4524.94,4526.55,,,SELL,USD,1,1,1583663
D#1670868,XAUUSD,100,288230376152336722,288230376152019641,288230376154502924,288230376154493505,1627,2026-05-26T12:58:16.000Z,2026-05-26T13:25:23.000Z,-45.12,44.559999999999995,-47.92,-2.8,0,0.08,4521.05,4526.91,,,SELL,USD,1,1,1583663
D#1702644,XAUUSD,100,288230376152336789,288230376152020442,288230376154503232,288230376154500157,516,2026-05-26T13:17:39.000Z,2026-05-26T13:26:15.000Z,90.09,-90.86,86.23,-3.86,0,0.11,4519.05,4527.02,4522.58,4528.57,BUY,USD,1,1,1583663
D#1614602,XAUUSD,100,288230376152336908,288230376152020792,288230376154503843,288230376154502831,170,2026-05-26T13:25:15.000Z,2026-05-26T13:28:05.000Z,-30.8,29.400000000000002,-37.8,-7,0,0.2,4526.7,4524.94,,,BUY,USD,1,1,1583663
D#1702644,XAUUSD,100,288230376152337939,288230376152021278,288230376154506366,288230376154505718,46,2026-05-26T13:31:05.000Z,2026-05-26T13:31:51.000Z,-32.12,31.349999999999998,-35.98,-3.86,0,0.11,4523.23,4526.37,4527.92,,SELL,USD,1,1,1583663
D#1702535,XAUUSD,100,288230376152338868,288230376152020401,288230376154509014,288230376154499805,1143,2026-05-26T13:16:25.000Z,2026-05-26T13:35:28.000Z,22.08,-22.639999999999997,19.28,-2.8,0,0.08,4518.82,4521.36,,,BUY,USD,1,1,1583663
D#1702644,XAUUSD,100,288230376152339317,288230376152021921,288230376154508918,288230376154508916,141,2026-05-26T13:35:19.000Z,2026-05-26T13:37:40.000Z,-50.1,49.4,-53.6,-3.5,0,0.1,4522.17,4527.4,4527.29,4511.68,SELL,USD,1,1,1583663
D#1702748,XAUUSD,100,288230376152339338,288230376152017659,288230376154476152,288230376154476151,5491,2026-05-26T12:06:11.000Z,2026-05-26T13:37:42.000Z,-199.6,198.9,-203.1,-3.5,0,0.1,4508.26,4528.44,4528.32,4488.17,SELL,USD,1,1,1583663
D#1614602,XAUUSD,100,288230376152339395,288230376152020915,288230376154510545,288230376154503880,583,2026-05-26T13:28:09.000Z,2026-05-26T13:37:52.000Z,-63,61.6,-70.0,-7,0,0.2,4524.73,4528.1,,,SELL,USD,1,1,1583663
D#1702516,XAUUSD,100,288230376152339447,288230376152017723,288230376154476648,288230376154476644,5417,2026-05-26T12:07:45.000Z,2026-05-26T13:38:02.000Z,199.3,-200.0,195.8,-3.5,0,0.1,4508.91,4528.62,4488.62,4528.57,BUY,USD,1,1,1583663
D#1702508,XAUUSD,100,288230376152339455,288230376152016244,288230376154465450,288230376154463479,7340,2026-05-26T11:35:43.000Z,2026-05-26T13:38:03.000Z,150.1,-150.79999999999998,146.6,-3.5,0,0.1,4513.87,4528.66,,4528.62,BUY,USD,1,1,1583663
D#1702681,XAUUSD,100,288230376152339466,288230376152021339,288230376154507131,288230376154506006,396,2026-05-26T13:31:28.000Z,2026-05-26T13:38:04.000Z,-23.36,22.8,-26.16,-2.8,0,0.08,4525.49,4528.63,4528.78,4513.76,SELL,USD,1,1,1583663
D#1614602,XAUUSD,100,288230376152339706,288230376152022275,288230376154511645,288230376154511117,64,2026-05-26T13:38:42.000Z,2026-05-26T13:39:46.000Z,-53.6,52.2,-60.6,-7,0,0.2,4528.2,4525.3,,,BUY,USD,1,1,1583663
D#1702535,XAUUSD,100,288230376152339717,288230376152021954,288230376154511685,288230376154509112,256,2026-05-26T13:35:34.000Z,2026-05-26T13:39:50.000Z,21.36,-21.919999999999998,18.56,-2.8,0,0.08,4522.42,4524.87,4507.97,4545.71,BUY,USD,1,1,1583663
D#1614602,XAUUSD,100,288230376152339898,288230376152022360,288230376154512248,288230376154511705,52,2026-05-26T13:39:52.000Z,2026-05-26T13:40:44.000Z,-68.4,67.0,-75.4,-7,0,0.2,4524.78,4528.42,,,SELL,USD,1,1,1583663
D#1671080,XAUUSD,100,288230376152341314,288230376152023149,288230376154516253,288230376154516218,4,2026-05-26T13:46:51.000Z,2026-05-26T13:46:55.000Z,8.1,-8.799999999999999,4.6,-3.5,0,0.1,4527.43,4528.02,,,BUY,USD,1,1,1583663
D#1702516,XAUUSD,100,288230376152341363,288230376152023143,288230376154516339,288230376154516177,17,2026-05-26T13:46:47.000Z,2026-05-26T13:47:04.000Z,-0.77,0.7,-1.13,-0.36,0,0.01,4527.35,4528.34,,,SELL,USD,1,1,1583663
D#1702516,XAUUSD,100,288230376152341438,288230376152023178,288230376154516550,288230376154516370,19,2026-05-26T13:47:08.000Z,2026-05-26T13:47:27.000Z,0.68,-0.75,0.32,-0.36,0,0.01,4527.4,4526.94,,,SELL,USD,1,1,1583663
D#1670952,XAUUSD,100,288230376152341552,288230376152019180,288230376154517004,288230376154489369,3688,2026-05-26T12:46:46.000Z,2026-05-26T13:48:14.000Z,29.68,-29.82,28.98,-0.7,0,0.02,4513.3,4527.92,4513.28,4539.67,BUY,USD,1,1,1583663
D#1702481,XAUUSD,100,288230376152341694,288230376152023175,288230376154517514,288230376154516348,135,2026-05-26T13:47:05.000Z,2026-05-26T13:49:20.000Z,31.86,-33.19,25.2,-6.66,0,0.19,4527.87,4526.75,,,SELL,USD,1,1,1583663
D#1702516,XAUUSD,100,288230376152341829,288230376152023374,288230376154517961,288230376154517733,27,2026-05-26T13:49:50.000Z,2026-05-26T13:50:17.000Z,0.98,-1.05,0.62,-0.36,0,0.01,4525.95,4525.19,,,SELL,USD,1,1,1583663
D#1702516,XAUUSD,100,288230376152342003,288230376152023448,288230376154518284,288230376154518165,9,2026-05-26T13:50:35.000Z,2026-05-26T13:50:44.000Z,1.85,-1.9200000000000002,1.49,-0.36,0,0.01,4523.69,4522.06,,,SELL,USD,1,1,1583663
D#1702508,XAUUSD,100,288230376152342165,288230376152022814,288230376154514301,288230376154511676,418,2026-05-26T13:44:01.000Z,2026-05-26T13:50:59.000Z,108.3,-109.0,104.8,-3.5,0,0.1,4530.63,4520.02,,4520,SELL,USD,1,1,1583663
D#1670868,XAUUSD,100,288230376152342331,288230376152020907,288230376154518854,288230376154503833,1398,2026-05-26T13:28:04.000Z,2026-05-26T13:51:22.000Z,49.76,-50.32,46.96,-2.8,0,0.08,4525.02,4519.02,,,SELL,USD,1,1,1583663
D#1702681,XAUUSD,100,288230376152342528,288230376152022869,288230376154518952,288230376154514653,452,2026-05-26T13:44:37.000Z,2026-05-26T13:52:09.000Z,93.6,-94.16,90.8,-2.8,0,0.08,4529.36,4517.88,,4517.94,SELL,USD,1,1,1583663
D#1702644,XAUUSD,100,288230376152342847,288230376152022576,288230376154513696,288230376154512969,688,2026-05-26T13:41:56.000Z,2026-05-26T13:53:24.000Z,108.09,-108.72,104.93,-3.16,0,0.09,4528.31,4516.52,4533.93,4516.64,SELL,USD,1,1,1583663
D#1702516,XAUUSD,100,288230376152342885,288230376152023712,288230376154520279,288230376154519712,52,2026-05-26T13:52:34.000Z,2026-05-26T13:53:26.000Z,2.3,-2.3699999999999997,1.94,-0.36,0,0.01,4518.79,4516.71,,,SELL,USD,1,1,1583663
D#1670868,XAUUSD,100,288230376152343098,288230376152023886,288230376154520613,288230376154520435,10,2026-05-26T13:53:36.000Z,2026-05-26T13:53:46.000Z,6.24,-6.800000000000001,3.44,-2.8,0,0.08,4514.85,4514.29,,,SELL,USD,1,1,1583663
D#1702677,XAUUSD,100,288230376152343118,288230376152019324,288230376154520653,288230376154490537,3841,2026-05-26T12:49:49.000Z,2026-05-26T13:53:50.000Z,-57.2,56.5,-60.7,-3.5,0,0.1,4520.35,4514.41,,4538.94,BUY,USD,1,1,1583663
D#1702516,XAUUSD,100,288230376152343184,288230376152023922,288230376154520735,288230376154520598,7,2026-05-26T13:53:46.000Z,2026-05-26T13:53:53.000Z,0.9,-0.97,0.54,-0.36,0,0.01,4513.99,4513.31,,,SELL,USD,1,1,1583663
D#1702558,XAUUSD,100,288230376152343331,288230376152019691,288230376154521205,288230376154494018,3272,2026-05-26T12:59:59.000Z,2026-05-26T13:54:31.000Z,69.92,-71.04,64.32,-5.6,0,0.16,4520.43,4516.28,,,SELL,USD,1,1,1583663
D#1702674,XAUUSD,100,288230376152343604,288230376152019091,288230376154522152,288230376154488723,4268,2026-05-26T12:44:42.000Z,2026-05-26T13:55:50.000Z,28.35,-28.700000000000003,26.59,-1.76,0,0.05,4511.38,4516.83,4505.42,4580.58,BUY,USD,1,1,1583663
D#1702580,XAUUSD,100,288230376152344008,288230376152024261,288230376154523515,288230376154522451,92,2026-05-26T13:56:09.000Z,2026-05-26T13:57:41.000Z,-43.8,41.699999999999996,-54.3,-10.5,0,0.3,4517.11,4515.43,,4519.58,BUY,USD,1,1,1583663
D#1670868,XAUUSD,100,288230376152344227,288230376152024028,288230376154524102,288230376154521125,245,2026-05-26T13:54:23.000Z,2026-05-26T13:58:28.000Z,21.52,-22.08,18.72,-2.8,0,0.08,4516.16,4513.69,,,SELL,USD,1,1,1583663
D#1702655,XAUUSD,100,288230376152344789,288230376152020555,288230376154525497,288230376154501184,2387,2026-05-26T13:20:54.000Z,2026-05-26T14:00:41.000Z,-198.88,197.34,-206.58,-7.7,0,0.22,4521.91,4512.65,4507.05,4536.37,BUY,USD,1,1,1583663
D#1702481,XAUUSD,100,288230376152345485,288230376152023867,288230376154527826,288230376154520370,663,2026-05-26T13:53:32.000Z,2026-05-26T14:04:35.000Z,16.56,-18.38,7.46,-9.1,0,0.26,4516.37,4516.71,,,BUY,USD,1,1,1583663
D#1702681,XAUUSD,100,288230376152345918,288230376152025252,288230376154528822,288230376154528287,126,2026-05-26T14:05:25.000Z,2026-05-26T14:07:31.000Z,-16.48,15.92,-19.28,-2.8,0,0.08,4517.72,4520,4519.76,,SELL,USD,1,1,1583663
D#1670932,XAUUSD,100,288230376152346257,288230376152025434,288230376154530873,288230376154529543,122,2026-05-26T14:07:38.000Z,2026-05-26T14:09:40.000Z,-211,207.5,-228.5,-17.5,0,0.5,4520.19,4515.75,4514.71,4531.4,BUY,USD,1,1,1583663
D#1702699,XAUUSD,100,288230376152346530,288230376152025179,288230376154527780,288230376154527779,420,2026-05-26T14:04:28.000Z,2026-05-26T14:11:28.000Z,-46.2,45.5,-49.7,-3.5,0,0.1,4516.95,4512.11,4512.26,4532,BUY,USD,1,1,1583663
D#1702695,XAUUSD,100,288230376152346738,288230376152025696,288230376154532380,288230376154531465,124,2026-05-26T14:10:45.000Z,2026-05-26T14:12:49.000Z,39.2,-39.900000000000006,35.7,-3.5,0,0.1,4515.1,4511.4,,4511.46,SELL,USD,1,1,1583663
D#1670868,XAUUSD,100,288230376152347050,288230376152024761,288230376154533276,288230376154525278,825,2026-05-26T14:00:26.000Z,2026-05-26T14:14:11.000Z,30.24,-30.799999999999997,27.44,-2.8,0,0.08,4513.09,4509.53,,,SELL,USD,1,1,1583663
D#1702535,XAUUSD,100,288230376152347105,288230376152022371,288230376154512370,288230376154511752,2081,2026-05-26T13:39:57.000Z,2026-05-26T14:14:38.000Z,-130.72,130.16,-133.52,-2.8,0,0.08,4524.99,4508.43,4508.69,4557.23,BUY,USD,1,1,1583663
D#1702589,XAUUSD,100,288230376152347110,288230376152025122,288230376154527375,288230376154527368,659,2026-05-26T14:03:39.000Z,2026-05-26T14:14:38.000Z,-45.12,44.699999999999996,-47.22,-2.1,0,0.06,4516.17,4508.43,4509.14,4530.99,BUY,USD,1,1,1583663
D#1670969,XAUUSD,100,288230376152347112,288230376152025298,288230376154529807,288230376154528623,523,2026-05-26T14:05:55.000Z,2026-05-26T14:14:38.000Z,112.42,-113.19,108.56,-3.86,0,0.11,4518.63,4508.63,4523.28,4509.1,SELL,USD,1,1,1583663
D#1702644,XAUUSD,100,288230376152347106,288230376152025391,288230376154529411,288230376154529212,456,2026-05-26T14:07:02.000Z,2026-05-26T14:14:38.000Z,114.84,-115.61,110.98,-3.86,0,0.11,4518.85,4508.63,4523.56,4509.32,SELL,USD,1,1,1583663
D#1645651,XAUUSD,100,288230376152347128,288230376152024716,288230376154533499,288230376154525065,871,2026-05-26T14:00:09.000Z,2026-05-26T14:14:40.000Z,129.75,-131.85,119.24,-10.51,0,0.3,4515.09,4508.7,4532.13,,SELL,USD,1,1,1583663
D#1702650,XAUUSD,100,288230376152347139,288230376152025710,288230376154533009,288230376154531547,225,2026-05-26T14:10:56.000Z,2026-05-26T14:14:41.000Z,6.78,-6.8500000000000005,6.42,-0.36,0,0.01,4514.8,4508.24,4513.19,4508.09,SELL,USD,1,1,1583663
D#1670868,XAUUSD,100,288230376152347843,288230376152026131,288230376154535777,288230376154534078,205,2026-05-26T14:15:44.000Z,2026-05-26T14:19:09.000Z,-8.4,7.84,-11.2,-2.8,0,0.08,4510.93,4512.2,,,SELL,USD,1,1,1583663
D#1702681,XAUUSD,100,288230376152347999,288230376152025791,288230376154536430,288230376154531957,504,2026-05-26T14:11:43.000Z,2026-05-26T14:20:07.000Z,12.4,-12.96,9.6,-2.8,0,0.08,4512.43,4513.76,,4523.95,BUY,USD,1,1,1583663
D#1671058,XAUUSD,100,288230376152348382,288230376152025872,288230376154537532,288230376154532524,576,2026-05-26T14:12:52.000Z,2026-05-26T14:22:28.000Z,-150.9,148.8,-161.4,-10.5,0,0.3,4510.87,4516.12,,,SELL,USD,1,1,1583663
D#1702699,XAUUSD,100,288230376152348388,288230376152026375,288230376154535862,288230376154535861,187,2026-05-26T14:19:23.000Z,2026-05-26T14:22:30.000Z,-114.3,112.2,-124.8,-10.5,0,0.3,4512.41,4516.44,4516.23,4502.39,SELL,USD,1,1,1583663
D#1670969,XAUUSD,100,288230376152348420,288230376152026389,288230376154536165,288230376154536164,177,2026-05-26T14:19:38.000Z,2026-05-26T14:22:35.000Z,-54.56,53.79,-58.42,-3.86,0,0.11,4512.13,4517.31,4516.88,4502.6,SELL,USD,1,1,1583663
D#1702690,XAUUSD,100,288230376152349361,288230376152019721,288230376154494252,288230376154491603,5369,2026-05-26T13:00:34.000Z,2026-05-26T14:30:03.000Z,31.71,-32.2,29.25,-2.46,0,0.07,4522.75,4518.44,4518.37,4506.17,SELL,USD,1,1,1583663
D#1702644,XAUUSD,100,288230376152349381,288230376152026469,288230376154536651,288230376154536646,570,2026-05-26T14:20:34.000Z,2026-05-26T14:30:04.000Z,-52.69,51.919999999999995,-56.55,-3.86,0,0.11,4514.12,4519.13,4518.93,4504.59,SELL,USD,1,1,1583663
D#1702691,XAUUSD,100,288230376152349449,288230376152026841,288230376154541105,288230376154539201,236,2026-05-26T14:26:16.000Z,2026-05-26T14:30:12.000Z,-54.15,52.82,-60.81,-6.66,0,0.19,4516.91,4519.98,,4510.74,SELL,USD,1,1,1583663
D#1702540,XAUUSD,100,288230376152349598,288230376152026795,288230376154541683,288230376154538968,341,2026-05-26T14:25:43.000Z,2026-05-26T14:31:24.000Z,24,-24.7,20.5,-3.5,0,0.1,4517.64,4519.82,4507.75,4558.79,BUY,USD,1,1,1583663
D#1670969,XAUUSD,100,288230376152349784,288230376152026930,288230376154539856,288230376154539854,298,2026-05-26T14:27:55.000Z,2026-05-26T14:32:53.000Z,-54.45,53.68,-58.31,-3.86,0,0.11,4516.12,4521.29,4520.81,4506.59,SELL,USD,1,1,1583663
D#1702691,XAUUSD,100,288230376152349893,288230376152027171,288230376154542602,288230376154541563,137,2026-05-26T14:31:08.000Z,2026-05-26T14:33:25.000Z,24.99,-26.459999999999997,17.63,-7.36,0,0.21,4519.37,4520.34,,,BUY,USD,1,1,1583663
D#1670937,XAUUSD,100,288230376152349958,288230376152026391,288230376154542845,288230376154536175,859,2026-05-26T14:19:39.000Z,2026-05-26T14:33:58.000Z,118.4,-119.80000000000001,111.4,-7,0,0.2,4512.22,4517.92,,,BUY,USD,1,1,1583663
D#1702644,XAUUSD,100,288230376152350369,288230376152027435,288230376154543331,288230376154543327,74,2026-05-26T14:34:57.000Z,2026-05-26T14:36:11.000Z,-50.93,50.16,-54.79,-3.86,0,0.11,4517.32,4522.17,4522.08,4507.79,SELL,USD,1,1,1583663
D#1702691,XAUUSD,100,288230376152350431,288230376152027341,288230376154544073,288230376154542691,161,2026-05-26T14:33:36.000Z,2026-05-26T14:36:17.000Z,-113.96,112.41999999999999,-121.66,-7.7,0,0.22,4517.35,4522.75,,,SELL,USD,1,1,1583663
D#1702589,XAUUSD,100,288230376152350643,288230376152026439,288230376154544803,288230376154536461,1058,2026-05-26T14:20:12.000Z,2026-05-26T14:37:50.000Z,46.6,-46.95,44.84,-1.76,0,0.05,4513.76,4522.86,4504.55,4532.44,BUY,USD,1,1,1583663
D#1702674,XAUUSD,100,288230376152350776,288230376152024221,288230376154522913,288230376154522264,2574,2026-05-26T13:55:59.000Z,2026-05-26T14:38:53.000Z,-34,33.65,-35.76,-1.76,0,0.05,4516.82,4523.84,4523.7,4500.95,SELL,USD,1,1,1583663
D#1702699,XAUUSD,100,288230376152350836,288230376152026661,288230376154537977,288230376154537976,957,2026-05-26T14:23:25.000Z,2026-05-26T14:39:22.000Z,-26.13,25.919999999999998,-27.19,-1.06,0,0.03,4516.06,4524.99,4524.46,,SELL,USD,1,1,1583663
D#1670937,XAUUSD,100,288230376152351065,288230376152027616,288230376154546428,288230376154544373,294,2026-05-26T14:36:56.000Z,2026-05-26T14:41:50.000Z,35.2,-38.0,21.2,-14,0,0.4,4520.72,4521.38,,,BUY,USD,1,1,1583663
D#1702589,XAUUSD,100,288230376152351569,288230376152027997,288230376154548597,288230376154547264,205,2026-05-26T14:44:03.000Z,2026-05-26T14:47:28.000Z,0.48,-0.8999999999999999,-1.62,-2.1,0,0.06,4520.47,4520.33,4511.84,4533.94,BUY,USD,1,1,1583663
D#1671058,XAUUSD,100,288230376152351626,288230376152026675,288230376154548802,288230376154538072,1467,2026-05-26T14:23:34.000Z,2026-05-26T14:48:01.000Z,110.7,-112.8,100.2,-10.5,0,0.3,4515.87,4519.34,,4529.58,BUY,USD,1,1,1583663
D#1670973,XAUUSD,100,288230376152351677,288230376152027896,288230376154546447,288230376154546445,390,2026-05-26T14:41:54.000Z,2026-05-26T14:48:24.000Z,114.08,-117.3,97.98,-16.1,0,0.46,4521.44,4519.18,4522.63,4519.05,SELL,USD,1,1,1583663
D#1670937,XAUUSD,100,288230376152351688,288230376152028032,288230376154548973,288230376154547612,206,2026-05-26T14:45:01.000Z,2026-05-26T14:48:27.000Z,-114,111.2,-128.0,-14,0,0.4,4521.81,4518.74,,,BUY,USD,1,1,1583663
D#1702540,XAUUSD,100,288230376152352220,288230376152027422,288230376154543509,288230376154543232,1176,2026-05-26T14:34:45.000Z,2026-05-26T14:54:21.000Z,0,-3.5,-17.5,-17.5,0,0.5,4517.1,4516.88,4517.02,4525.68,BUY,USD,1,1,1583663
D#1702381,XAUUSD,100,288230376152352233,288230376152028461,288230376154551018,288230376154551016,12,2026-05-26T14:54:10.000Z,2026-05-26T14:54:22.000Z,51.3,-54.449999999999996,35.54,-15.76,0,0.45,4517.7,4516.78,,4516.79,SELL,USD,1,1,1583663
D#1702650,XAUUSD,100,288230376152352423,288230376152026369,288230376154551663,288230376154535816,2169,2026-05-26T14:19:15.000Z,2026-05-26T14:55:24.000Z,6.28,-6.42,5.58,-0.7,0,0.02,4512.32,4515.24,4513.29,4537.06,BUY,USD,1,1,1583663
D#1702381,XAUUSD,100,288230376152352437,288230376152028505,288230376154551729,288230376154551309,49,2026-05-26T14:54:43.000Z,2026-05-26T14:55:32.000Z,-43.2,40.050000000000004,-58.96,-15.76,0,0.45,4516.44,4515.26,4515.57,4517.35,BUY,USD,1,1,1583663
D#1702681,XAUUSD,100,288230376152352441,288230376152026946,288230376154551772,288230376154539986,1639,2026-05-26T14:28:14.000Z,2026-05-26T14:55:33.000Z,7.52,-8.08,4.72,-2.8,0,0.08,4516.3,4515.58,4560,4504.74,SELL,USD,1,1,1583663
D#1702361,XAUUSD,100,288230376152352461,288230376152028061,288230376154548114,288230376154547787,618,2026-05-26T14:45:23.000Z,2026-05-26T14:55:41.000Z,113.4,-114.80000000000001,106.4,-7,0,0.2,4520.48,4515.03,,4515.02,SELL,USD,1,1,1583663
D#1702742,XAUUSD,100,288230376152352542,288230376152027832,288230376154546417,288230376154546001,917,2026-05-26T14:40:44.000Z,2026-05-26T14:56:01.000Z,-99.8,99.1,-103.3,-3.5,0,0.1,4522.92,4512.72,4513.39,4534.86,BUY,USD,1,1,1583663
D#1671058,XAUUSD,100,288230376152352605,288230376152028216,288230376154552188,288230376154548988,476,2026-05-26T14:48:29.000Z,2026-05-26T14:56:25.000Z,158.1,-160.2,147.6,-10.5,0,0.3,4518.95,4513.9,,4513.02,SELL,USD,1,1,1583663
D#1670868,XAUUSD,100,288230376152352669,288230376152026525,288230376154552441,288230376154537094,2132,2026-05-26T14:21:32.000Z,2026-05-26T14:57:04.000Z,-8.48,7.92,-11.28,-2.8,0,0.08,4513.14,4514.42,,,SELL,USD,1,1,1583663
D#1702481,XAUUSD,100,288230376152352765,288230376152027204,288230376154552699,288230376154541792,1559,2026-05-26T14:31:38.000Z,2026-05-26T14:57:37.000Z,93.11,-95.91,79.1,-14.01,0,0.4,4519.6,4514.96,4518.43,4508,SELL,USD,1,1,1583663
D#1702644,XAUUSD,100,288230376152352850,288230376152027876,288230376154553016,288230376154546343,1003,2026-05-26T14:41:38.000Z,2026-05-26T14:58:21.000Z,87.56,-88.33,83.7,-3.86,0,0.11,4522.09,4514.35,4526.8,4512.56,SELL,USD,1,1,1583663
D#1670969,XAUUSD,100,288230376152352905,288230376152027635,288230376154553273,288230376154544480,1301,2026-05-26T14:37:12.000Z,2026-05-26T14:58:53.000Z,68.86,-69.63,65.0,-3.86,0,0.11,4521.4,4515.36,4526.04,4511.87,SELL,USD,1,1,1583663
D#1702381,XAUUSD,100,288230376152353164,288230376152028795,288230376154553383,288230376154553381,118,2026-05-26T14:59:12.000Z,2026-05-26T15:01:10.000Z,61.2,-64.35000000000001,45.44,-15.76,0,0.45,4515.21,4514.07,4515.68,4513.93,SELL,USD,1,1,1583663
D#1645651,XAUUSD,100,288230376152353397,288230376152028843,288230376154554814,288230376154553714,133,2026-05-26T15:00:00.000Z,2026-05-26T15:02:13.000Z,113.4,-115.5,102.9,-10.5,0,0.3,4515.48,4511.92,,,SELL,USD,1,1,1583663
D#1702361,XAUUSD,100,288230376152353423,288230376152028938,288230376154554505,288230376154554259,68,2026-05-26T15:01:13.000Z,2026-05-26T15:02:21.000Z,61.2,-62.6,57.7,-3.5,0,0.2,4513.76,4510.92,,4510.77,SELL,USD,1,1,1583663
D#1702540,XAUUSD,100,288230376152353521,288230376152028837,288230376154555085,288230376154553679,165,2026-05-26T14:59:55.000Z,2026-05-26T15:02:40.000Z,-248.5,245.0,-266.0,-17.5,0,0.5,4515.44,4510.25,4507.48,4523.76,BUY,USD,1,1,1583663
D#1702691,XAUUSD,100,288230376152353538,288230376152027581,288230376154555163,288230376154544134,1586,2026-05-26T14:36:24.000Z,2026-05-26T15:02:50.000Z,-258.28,256.73999999999995,-265.98,-7.7,0,0.22,4522.42,4510.46,,4529.21,BUY,USD,1,1,1583663
D#1702381,XAUUSD,100,288230376152353537,288230376152028982,288230376154555162,288230376154554542,66,2026-05-26T15:01:44.000Z,2026-05-26T15:02:50.000Z,-99.45,96.3,-115.21,-15.76,0,0.45,4512.9,4510.47,,4514.49,BUY,USD,1,1,1583663
D#1702509,XAUUSD,100,288230376152353548,288230376152027558,288230376154543996,288230376154543146,1599,2026-05-26T14:36:12.000Z,2026-05-26T15:02:51.000Z,26.58,-26.72,25.88,-0.7,0,0.02,4522.52,4509.45,4529.5,4510,SELL,USD,1,1,1583663
D#1671058,XAUUSD,100,288230376152353661,288230376152028886,288230376154555454,288230376154553917,181,2026-05-26T15:00:23.000Z,2026-05-26T15:03:24.000Z,132,-134.1,121.5,-10.5,0,0.3,4514.6,4510.42,,,SELL,USD,1,1,1583663
D#1702381,XAUUSD,100,288230376152353912,288230376152029128,288230376154556380,288230376154555402,127,2026-05-26T15:03:18.000Z,2026-05-26T15:05:25.000Z,-81.9,78.75,-97.66,-15.76,0,0.45,4509.9,4511.94,,4508.25,SELL,USD,1,1,1583663
D#1702381,XAUUSD,100,288230376152354036,288230376152029327,288230376154556700,288230376154556695,6,2026-05-26T15:05:55.000Z,2026-05-26T15:06:01.000Z,40.95,-44.1,25.19,-15.76,0,0.45,4513.76,4513.07,,4513.16,SELL,USD,1,1,1583663
D#1702381,XAUUSD,100,288230376152354096,288230376152029357,288230376154557016,288230376154556901,19,2026-05-26T15:06:22.000Z,2026-05-26T15:06:41.000Z,-132.3,129.15,-148.06,-15.76,0,0.45,4512.61,4509.45,,4513.35,BUY,USD,1,1,1583663
D#1702728,XAUUSD,100,288230376152354292,288230376152029003,288230376154557641,288230376154554682,368,2026-05-26T15:02:01.000Z,2026-05-26T15:08:09.000Z,15.9,-16.6,12.4,-3.5,0,0.1,4512.57,4511.2,4521.12,4505.51,SELL,USD,1,1,1583663
D#1645646,XAUUSD,100,288230376152354484,288230376152019853,288230376154558402,288230376154495353,7593,2026-05-26T13:03:34.000Z,2026-05-26T15:10:07.000Z,120.1,-120.8,116.6,-3.5,0,0.1,4523.1,4511.31,4523.04,4507.25,SELL,USD,1,1,1583663
D#1702589,XAUUSD,100,288230376152355058,288230376152029312,288230376154556588,288230376154556586,689,2026-05-26T15:05:44.000Z,2026-05-26T15:17:13.000Z,-40.68,40.26,-42.78,-2.1,0,0.06,4514.53,4507.53,4507.37,4519.29,BUY,USD,1,1,1583663
D#1702728,XAUUSD,100,288230376152355156,288230376152029623,288230376154561115,288230376154558969,366,2026-05-26T15:11:36.000Z,2026-05-26T15:17:42.000Z,27.6,-28.3,24.1,-3.5,0,0.1,4509.88,4507.34,4521.12,4500,SELL,USD,1,1,1583663
D#1670916,XAUUSD,100,288230376152355198,288230376152028819,288230376154554480,288230376154553511,1103,2026-05-26T14:59:29.000Z,2026-05-26T15:17:52.000Z,-66.15,65.66000000000001,-68.61,-2.46,0,0.07,4515.62,4505.95,4506.16,,BUY,USD,1,1,1583663
D#1702690,XAUUSD,100,288230376152355218,288230376152027795,288230376154545697,288230376154545689,2275,2026-05-26T14:39:58.000Z,2026-05-26T15:17:53.000Z,119.07,-119.55999999999999,116.61,-2.46,0,0.07,4522.21,4505.42,4521.13,4505.46,SELL,USD,1,1,1583663
D#1702674,XAUUSD,100,288230376152355285,288230376152027792,288230376154561303,288230376154545669,2288,2026-05-26T14:39:56.000Z,2026-05-26T15:18:04.000Z,86.5,-86.85,84.74,-1.76,0,0.05,4523.11,4506.03,4529.91,4501.76,SELL,USD,1,1,1583663
D#1702644,XAUUSD,100,288230376152355565,288230376152029012,288230376154562388,288230376154554735,1123,2026-05-26T15:02:06.000Z,2026-05-26T15:20:49.000Z,60.61,-61.38,56.75,-3.86,0,0.11,4512.4,4507.11,4517.18,4502.87,SELL,USD,1,1,1583663
D#1671058,XAUUSD,100,288230376152356039,288230376152029255,288230376154564245,288230376154556298,1247,2026-05-26T15:05:15.000Z,2026-05-26T15:26:02.000Z,-105.8,104.39999999999999,-112.8,-7,0,0.2,4511.5,4505.99,,,BUY,USD,1,1,1583663
D#1702361,XAUUSD,100,288230376152356205,288230376152029704,288230376154564851,288230376154559668,861,2026-05-26T15:13:29.000Z,2026-05-26T15:27:50.000Z,69,-70.4,62.0,-7,0,0.2,4509.39,4506.16,,4504.96,SELL,USD,1,1,1583663
D#1645644,XAUUSD,100,288230376152356225,288230376152017627,288230376154564904,288230376154475867,12168,2026-05-26T12:05:10.000Z,2026-05-26T15:27:58.000Z,40,-40.35,38.24,-1.76,0,0.05,4508.49,4505.97,4497.31,,BUY,USD,1,1,1583663
D#1702681,XAUUSD,100,288230376152356700,288230376152029712,288230376154561831,288230376154559794,1071,2026-05-26T15:13:51.000Z,2026-05-26T15:31:42.000Z,-39.6,39.04,-42.4,-2.8,0,0.08,4510.03,4504.86,4505.08,4521.29,BUY,USD,1,1,1583663
D#1702695,XAUUSD,100,288230376152356714,288230376152025994,288230376154533987,288230376154533309,4649,2026-05-26T14:14:16.000Z,2026-05-26T15:31:45.000Z,51.1,-51.800000000000004,47.6,-3.5,0,0.1,4509.46,4504.57,,4504.54,SELL,USD,1,1,1583663
D#1645651,XAUUSD,100,288230376152356769,288230376152030441,288230376154566592,288230376154565638,145,2026-05-26T15:29:41.000Z,2026-05-26T15:32:06.000Z,66.3,-68.39999999999999,55.8,-10.5,0,0.3,4506.71,4504.72,,,SELL,USD,1,1,1583663
D#1702448,XAUUSD,100,288230376152357318,288230376152030796,288230376154568546,288230376154568410,20,2026-05-26T15:37:12.000Z,2026-05-26T15:37:32.000Z,9.9,-10.6,6.4,-3.5,0,0.1,4503.98,4503.21,,,SELL,USD,1,1,1583663
D#1702518,XAUUSD,100,288230376152357365,288230376152014929,288230376154459865,288230376154453818,16977,2026-05-26T10:54:55.000Z,2026-05-26T15:37:52.000Z,129.64,-129.92,128.24,-1.4,0,0.04,4534.7,4502.51,4540.77,4502.64,SELL,USD,1,1,1583663
D#1670969,XAUUSD,100,288230376152357476,288230376152029237,288230376154569103,288230376154556147,2043,2026-05-26T15:04:54.000Z,2026-05-26T15:38:57.000Z,75.35,-76.11999999999999,71.49,-3.86,0,0.11,4510.89,4504.26,4515.59,4501.36,SELL,USD,1,1,1583663
D#1670868,XAUUSD,100,288230376152357553,288230376152030271,288230376154569421,288230376154564349,807,2026-05-26T15:26:21.000Z,2026-05-26T15:39:48.000Z,1.68,-2.24,-1.12,-2.8,0,0.08,4507.07,4507.08,,,SELL,USD,1,1,1583663
D#1614609,XAUUSD,100,288230376152357648,288230376152030747,288230376154568141,288230376154568079,249,2026-05-26T15:36:18.000Z,2026-05-26T15:40:27.000Z,-2.76,2.69,-3.12,-0.36,0,0.01,4505.25,4508.23,4508.06,,SELL,USD,1,1,1583663
D#1670868,XAUUSD,100,288230376152357658,288230376152030965,288230376154569755,288230376154569597,20,2026-05-26T15:40:11.000Z,2026-05-26T15:40:31.000Z,0.08,-0.64,-2.72,-2.8,0,0.08,4507.71,4507.5,,,BUY,USD,1,1,1583663
D#1670936,XAUUSD,100,288230376152357708,288230376152028664,288230376154570022,288230376154552411,2654,2026-05-26T14:56:59.000Z,2026-05-26T15:41:13.000Z,122.4,-123.45,117.14,-5.26,0,0.15,4514.78,4506.84,4514.1,4499.88,SELL,USD,1,1,1583663
D#1702681,XAUUSD,100,288230376152357783,288230376152030909,288230376154569963,288230376154569259,168,2026-05-26T15:39:24.000Z,2026-05-26T15:42:12.000Z,-19.52,18.96,-22.32,-2.8,0,0.08,4505.75,4508.41,4508.26,4494.42,SELL,USD,1,1,1583663
D#1671058,XAUUSD,100,288230376152357821,288230376152030302,288230376154570438,288230376154564670,906,2026-05-26T15:27:18.000Z,2026-05-26T15:42:24.000Z,-59.1,57.0,-69.6,-10.5,0,0.3,4506.65,4508.84,,,SELL,USD,1,1,1583663
D#1702379,XAUUSD,100,288230376152358130,288230376152030679,288230376154571712,288230376154567449,690,2026-05-26T15:34:36.000Z,2026-05-26T15:46:06.000Z,157.5,-161.0,140.0,-17.5,0,0.5,4505.45,4508.38,,,BUY,USD,1,1,1583663
D#1702350,XAUUSD,100,288230376152358559,288230376152024425,288230376154573793,288230376154523390,6896,2026-05-26T13:57:30.000Z,2026-05-26T15:52:26.000Z,26,-26.28,24.6,-1.4,0,0.04,4516.05,4509.77,,,SELL,USD,1,1,1583663
D#1702644,XAUUSD,100,288230376152358628,288230376152030195,288230376154563683,288230376154563680,1729,2026-05-26T15:24:27.000Z,2026-05-26T15:53:16.000Z,-51.7,50.93,-55.56,-3.86,0,0.11,4505.77,4510.69,4510.62,4496.24,SELL,USD,1,1,1583663
D#1702650,XAUUSD,100,288230376152358653,288230376152028567,288230376154574147,288230376154551705,3485,2026-05-26T14:55:27.000Z,2026-05-26T15:53:32.000Z,9.92,-10.06,9.22,-0.7,0,0.02,4515.09,4510.35,4513.77,4454.7,SELL,USD,1,1,1583663
D#1702729,XAUUSD,100,288230376152358654,288230376152031332,288230376154574149,288230376154572559,296,2026-05-26T15:48:36.000Z,2026-05-26T15:53:32.000Z,94.8,-97.6,80.8,-14,0,0.4,4508.12,4510.27,,,BUY,USD,1,1,1583663
D#1702361,XAUUSD,100,288230376152359423,288230376152030995,288230376154577160,288230376154569759,1275,2026-05-26T15:40:32.000Z,2026-05-26T16:01:47.000Z,15.8,-17.2,8.8,-7,0,0.2,4507.41,4507.98,4504.89,4512.5,BUY,USD,1,1,1583663
D#1702650,XAUUSD,100,288230376152359565,288230376152031511,288230376154574487,288230376154574201,566,2026-05-26T15:53:41.000Z,2026-05-26T16:03:07.000Z,-19.65,19.299999999999997,-21.41,-1.76,0,0.05,4510.2,4506.05,4506.16,4519.88,BUY,USD,1,1,1583663
D#1702681,XAUUSD,100,288230376152359760,288230376152031611,288230376154577893,288230376154575013,612,2026-05-26T15:55:59.000Z,2026-05-26T16:06:11.000Z,-25.6,25.040000000000003,-28.4,-2.8,0,0.08,4508.51,4505.09,4505.36,,BUY,USD,1,1,1583663
D#1702494,XAUUSD,100,288230376152359778,288230376152031931,288230376154577602,288230376154577459,222,2026-05-26T16:02:31.000Z,2026-05-26T16:06:13.000Z,71.6,-73.0,64.6,-7,0,0.2,4508,4504.64,4508.02,4504.56,SELL,USD,1,1,1583663
D#1670868,XAUUSD,100,288230376152360117,288230376152031112,288230376154579936,288230376154570625,1625,2026-05-26T15:43:00.000Z,2026-05-26T16:10:05.000Z,30.58,-31.139999999999997,27.78,-2.8,0,0.08,4507.12,4503.3,,4492.21,SELL,USD,1,1,1583663
D#1671085,XAUUSD,100,288230376152360194,288230376152029669,288230376154580237,288230376154559299,3503,2026-05-26T15:12:27.000Z,2026-05-26T16:10:50.000Z,35.8,-36.15,34.04,-1.76,0,0.05,4510.16,4503.22,,,SELL,USD,1,1,1583663
D#1614609,XAUUSD,100,288230376152360532,288230376152031857,288230376154577079,288230376154576876,842,2026-05-26T16:00:59.000Z,2026-05-26T16:15:01.000Z,-33.3,32.879999999999995,-35.4,-2.1,0,0.06,4507.11,4501.34,4501.32,4532.73,BUY,USD,1,1,1583663
D#1702464,XAUUSD,100,288230376152360594,288230376152019340,288230376154581876,288230376154490703,12322,2026-05-26T12:50:14.000Z,2026-05-26T16:15:36.000Z,370,-371.4,363.0,-7,0,0.2,4520.44,4502.16,,4499.93,SELL,USD,1,1,1583663
D#1702681,XAUUSD,100,288230376152360666,288230376152032352,288230376154582136,288230376154580738,235,2026-05-26T16:12:21.000Z,2026-05-26T16:16:16.000Z,13.44,-14.0,10.64,-2.8,0,0.08,4502.88,4501.42,,,SELL,USD,1,1,1583663
D#1702379,XAUUSD,100,288230376152360811,288230376152031273,288230376154582563,288230376154571967,1834,2026-05-26T15:46:47.000Z,2026-05-26T16:17:21.000Z,-342,338.5,-359.5,-17.5,0,0.5,4507.61,4500.55,,,BUY,USD,1,1,1583663
D#1670969,XAUUSD,100,288230376152360842,288230376152031151,288230376154582771,288230376154570920,2050,2026-05-26T15:43:55.000Z,2026-05-26T16:18:05.000Z,79.09,-79.86,75.23,-3.86,0,0.11,4508.14,4501.17,4512.91,4498.61,SELL,USD,1,1,1583663
D#1670868,XAUUSD,100,288230376152360845,288230376152032556,288230376154582788,288230376154582448,65,2026-05-26T16:17:05.000Z,2026-05-26T16:18:10.000Z,-9.76,9.2,-12.56,-2.8,0,0.08,4500.42,4501.86,,,SELL,USD,1,1,1583663
D#1670937,XAUUSD,100,288230376152360851,288230376152032174,288230376154582813,288230376154579147,630,2026-05-26T16:07:44.000Z,2026-05-26T16:18:14.000Z,87.2,-90.0,73.2,-14,0,0.4,4504.03,4502.07,,,SELL,USD,1,1,1583663
D#1670973,XAUUSD,100,288230376152360856,288230376152032496,288230376154582218,288230376154581935,153,2026-05-26T16:15:46.000Z,2026-05-26T16:18:19.000Z,-9.2,5.979999999999999,-25.3,-16.1,0,0.46,4502.18,4502.6,4502.39,4499.89,SELL,USD,1,1,1583663
D#1670868,XAUUSD,100,288230376152360969,288230376152032595,288230376154583193,288230376154582847,47,2026-05-26T16:18:20.000Z,2026-05-26T16:19:07.000Z,4.56,-5.119999999999999,1.76,-2.8,0,0.08,4502.78,4503.13,,,BUY,USD,1,1,1583663
D#1702448,XAUUSD,100,288230376152361092,288230376152032655,288230376154583629,288230376154583280,57,2026-05-26T16:19:22.000Z,2026-05-26T16:20:19.000Z,6.8,-7.5,3.3,-3.5,0,0.1,4504.46,4504.92,,,BUY,USD,1,1,1583663
D#1702494,XAUUSD,100,288230376152361168,288230376152032611,288230376154583113,288230376154582935,166,2026-05-26T16:18:31.000Z,2026-05-26T16:21:17.000Z,1.8,-3.2,-5.2,-7,0,0.2,4502.65,4502.52,4502.64,4507.27,BUY,USD,1,1,1583663
D#1702650,XAUUSD,100,288230376152361351,288230376152032035,288230376154578723,288230376154578213,1204,2026-05-26T16:04:51.000Z,2026-05-26T16:24:55.000Z,2.5,-3.2,-1.0,-3.5,0,0.1,4506.29,4506.26,4505.73,4464.03,SELL,USD,1,1,1583663
D#1702464,XAUUSD,100,288230376152361354,288230376152032542,288230376154585057,288230376154582309,498,2026-05-26T16:16:40.000Z,2026-05-26T16:24:58.000Z,43.5,-44.2,40.0,-3.5,0,0.1,4501.95,4506.08,,,BUY,USD,1,1,1583663
D#1702443,XAUUSD,100,288230376152361378,288230376152032105,288230376154578877,288230376154578691,1125,2026-05-26T16:06:26.000Z,2026-05-26T16:25:11.000Z,-42.38,41.470000000000006,-46.94,-4.56,0,0.13,4503.49,4506.97,4506.55,4485.49,SELL,USD,1,1,1583663
D#1614609,XAUUSD,100,288230376152361546,288230376152032511,288230376154585836,288230376154582020,673,2026-05-26T16:15:57.000Z,2026-05-26T16:27:10.000Z,52.11,-52.74,48.95,-3.16,0,0.09,4501.77,4507.34,4501.93,4540.67,BUY,USD,1,1,1583663
D#1645651,XAUUSD,100,288230376152361576,288230376152032945,288230376154586011,288230376154585700,61,2026-05-26T16:26:46.000Z,2026-05-26T16:27:47.000Z,13.8,-15.9,3.3,-10.5,0,0.3,4507.14,4507.38,,,BUY,USD,1,1,1583663
D#1670937,XAUUSD,100,288230376152361676,288230376152032743,288230376154586460,288230376154583990,484,2026-05-26T16:21:17.000Z,2026-05-26T16:29:21.000Z,-275.5,272.0,-293.0,-17.5,0,0.5,4502.7,4508.43,,,SELL,USD,1,1,1583663
D#1702494,XAUUSD,100,288230376152361801,288230376152032907,288230376154585737,288230376154585383,292,2026-05-26T16:25:52.000Z,2026-05-26T16:30:44.000Z,-53.6,52.2,-60.6,-7,0,0.2,4506.74,4509.64,4509.22,4502.41,SELL,USD,1,1,1583663
D#1670969,XAUUSD,100,288230376152361804,288230376152032790,288230376154584494,288230376154584493,472,2026-05-26T16:22:53.000Z,2026-05-26T16:30:45.000Z,-51.04,50.269999999999996,-54.9,-3.86,0,0.11,4504.69,4509.55,4509.52,4495.16,SELL,USD,1,1,1583663
D#1702622,XAUUSD,100,288230376152361947,288230376152032795,288230376154585084,288230376154584548,613,2026-05-26T16:23:05.000Z,2026-05-26T16:33:18.000Z,-123,121.6,-130.0,-7,0,0.2,4504.75,4511.12,4509.96,4503.86,SELL,USD,1,1,1583663
D#1702494,XAUUSD,100,288230376152361953,288230376152033119,288230376154587498,288230376154587309,88,2026-05-26T16:31:51.000Z,2026-05-26T16:33:19.000Z,-52,50.25,-60.76,-8.76,0,0.25,4508.73,4511.03,4510.67,4504.45,SELL,USD,1,1,1583663
D#1645651,XAUUSD,100,288230376152361999,288230376152033003,288230376154587799,288230376154586348,267,2026-05-26T16:28:59.000Z,2026-05-26T16:33:26.000Z,97.8,-99.89999999999999,87.3,-10.5,0,0.3,4508.1,4511.14,4508.34,,BUY,USD,1,1,1583663
D#1702485,XAUUSD,100,288230376152362188,288230376152018144,288230376154588646,288230376154480908,15316,2026-05-26T12:20:35.000Z,2026-05-26T16:35:51.000Z,-7.74,7.32,-9.84,-2.1,0,0.06,4508.52,4510.03,,4492.15,SELL,USD,1,1,1583663
D#1614609,XAUUSD,100,288230376152362251,288230376152032965,288230376154586062,288230376154585943,553,2026-05-26T16:27:33.000Z,2026-05-26T16:36:46.000Z,18.4,-19.099999999999998,14.9,-3.5,0,0.1,4507.22,4508.84,4508.87,4539.56,BUY,USD,1,1,1583663
D#1645651,XAUUSD,100,288230376152362623,288230376152033448,288230376154590363,288230376154589965,73,2026-05-26T16:40:02.000Z,2026-05-26T16:41:15.000Z,11.7,-13.799999999999999,1.2,-10.5,0,0.3,4508.34,4508.17,4508.1,,SELL,USD,1,1,1583663
D#1702443,XAUUSD,100,288230376152363043,288230376152032967,288230376154592481,288230376154585962,1232,2026-05-26T16:27:38.000Z,2026-05-26T16:48:10.000Z,-20.54,19.63,-25.1,-4.56,0,0.13,4507.36,4505.56,,,BUY,USD,1,1,1583663
D#1645651,XAUUSD,100,288230376152363049,288230376152033541,288230376154592505,288230376154590724,359,2026-05-26T16:42:16.000Z,2026-05-26T16:48:15.000Z,33,-35.1,22.5,-10.5,0,0.3,4506.77,4505.89,4506.53,,SELL,USD,1,1,1583663
D#1702494,XAUUSD,100,288230376152363102,288230376152033203,288230376154588128,288230376154587931,875,2026-05-26T16:33:47.000Z,2026-05-26T16:48:22.000Z,170.7,-172.79999999999998,160.2,-10.5,0,0.3,4510,4504.53,4510.02,4504.59,SELL,USD,1,1,1583663
D#1702361,XAUUSD,100,288230376152363157,288230376152033589,288230376154591417,288230376154591341,258,2026-05-26T16:44:17.000Z,2026-05-26T16:48:35.000Z,75.2,-76.60000000000001,68.2,-7,0,0.2,4507.04,4503.5,,4503.6,SELL,USD,1,1,1583663
D#1645651,XAUUSD,100,288230376152363238,288230376152033738,288230376154592718,288230376154592608,38,2026-05-26T16:48:25.000Z,2026-05-26T16:49:03.000Z,9.9,-12.0,-0.6,-10.5,0,0.3,4504.38,4504.27,4504.14,,SELL,USD,1,1,1583663
D#1702518,XAUUSD,100,288230376152363314,288230376152032727,288230376154593213,288230376154583826,1755,2026-05-26T16:20:52.000Z,2026-05-26T16:50:07.000Z,2.24,-2.7300000000000004,-0.22,-2.46,0,0.07,4503.31,4503.41,4502.2,4524.63,BUY,USD,1,1,1583663
D#1702494,XAUUSD,100,288230376152363471,288230376152033805,288230376154593513,288230376154593326,156,2026-05-26T16:50:32.000Z,2026-05-26T16:53:08.000Z,1.2,-2.6,-5.8,-7,0,0.2,4504.41,4504.25,4504.36,4506.92,BUY,USD,1,1,1583663
D#1645651,XAUUSD,100,288230376152363970,288230376152033791,288230376154596192,288230376154593189,768,2026-05-26T16:50:03.000Z,2026-05-26T17:02:51.000Z,-99.3,97.2,-109.8,-10.5,0,0.3,4503.39,4506.92,4506.83,4499.66,SELL,USD,1,1,1583663
D#1702494,XAUUSD,100,288230376152363971,288230376152033896,288230376154594323,288230376154594222,551,2026-05-26T16:53:40.000Z,2026-05-26T17:02:51.000Z,51.4,-52.8,44.4,-7,0,0.2,4504.41,4506.76,4504.36,4506.83,BUY,USD,1,1,1583663
D#1670973,XAUUSD,100,288230376152364135,288230376152034204,288230376154597576,288230376154597269,73,2026-05-26T17:04:36.000Z,2026-05-26T17:05:49.000Z,69,-72.22,52.9,-16.1,0,0.46,4505.96,4504.68,4506.11,4503.67,SELL,USD,1,1,1583663
D#1671058,XAUUSD,100,288230376152364216,288230376152031099,288230376154598201,288230376154570480,5145,2026-05-26T15:42:30.000Z,2026-05-26T17:08:15.000Z,-112.8,110.7,-123.3,-10.5,0,0.3,4508.48,4504.5,,,BUY,USD,1,1,1583663
D#1702535,XAUUSD,100,288230376152364255,288230376152030822,288230376154598382,288230376154568643,5463,2026-05-26T15:37:50.000Z,2026-05-26T17:08:53.000Z,8.16,-8.72,5.36,-2.8,0,0.08,4503.07,4503.87,4492.46,4518.19,BUY,USD,1,1,1583663
D#1702361,XAUUSD,100,288230376152364274,288230376152034134,288230376154598452,288230376154596496,448,2026-05-26T17:01:39.000Z,2026-05-26T17:09:07.000Z,-53.8,52.4,-60.8,-7,0,0.2,4506.2,4503.29,,4508.33,BUY,USD,1,1,1583663
D#1702681,XAUUSD,100,288230376152364436,288230376152032906,288230376154599498,288230376154585378,2856,2026-05-26T16:25:51.000Z,2026-05-26T17:13:27.000Z,17.84,-18.4,15.04,-2.8,0,0.08,4506.53,4504.52,4504.32,4494.7,SELL,USD,1,1,1583663
D#1702535,XAUUSD,100,288230376152364441,288230376152034315,288230376154599583,288230376154598442,283,2026-05-26T17:09:05.000Z,2026-05-26T17:13:48.000Z,-5.04,4.48,-7.84,-2.8,0,0.08,4503.33,4504.18,4510.18,4499.41,SELL,USD,1,1,1583663
D#1671059,XAUUSD,100,288230376152364542,288230376152034388,288230376154600392,288230376154599404,258,2026-05-26T17:13:01.000Z,2026-05-26T17:17:19.000Z,21.5,-25.0,4.0,-17.5,0,0.5,4504.17,4503.96,4505.51,4503.08,SELL,USD,1,1,1583663
D#1670973,XAUUSD,100,288230376152364660,288230376152034422,288230376154600029,288230376154599811,345,2026-05-26T17:14:46.000Z,2026-05-26T17:20:31.000Z,-58.88,55.660000000000004,-74.98,-16.1,0,0.46,4503.91,4505.41,4505.1,4501.52,SELL,USD,1,1,1583663
D#1702361,XAUUSD,100,288230376152364668,288230376152034457,288230376154600598,288230376154600308,222,2026-05-26T17:16:56.000Z,2026-05-26T17:20:38.000Z,-36.6,35.2,-43.6,-7,0,0.2,4503.66,4505.71,4505.37,4501.92,SELL,USD,1,1,1583663
D#1671059,XAUUSD,100,288230376152364729,288230376152034493,288230376154601453,288230376154600924,118,2026-05-26T17:19:52.000Z,2026-05-26T17:21:50.000Z,29,-32.5,11.5,-17.5,0,0.5,4504.46,4504.82,4503.6,4505.69,BUY,USD,1,1,1583663
D#1670973,XAUUSD,100,288230376152364964,288230376152034511,288230376154602785,288230376154601117,386,2026-05-26T17:20:36.000Z,2026-05-26T17:27:02.000Z,101.66,-104.88,85.56,-16.1,0,0.46,4505.42,4507.41,4504.22,4507.7,BUY,USD,1,1,1583663
D#1671069,XAUUSD,100,288230376152364978,288230376152020312,288230376154602867,288230376154499041,15192,2026-05-26T13:14:08.000Z,2026-05-26T17:27:20.000Z,109.7,-110.4,106.2,-3.5,0,0.1,4517.49,4506.74,,,SELL,USD,1,1,1583663
D#1702494,XAUUSD,100,288230376152364999,288230376152034556,288230376154603109,288230376154601509,376,2026-05-26T17:22:05.000Z,2026-05-26T17:28:21.000Z,12.8,-14.200000000000001,5.8,-7,0,0.2,4505.19,4505.61,4505.14,4508.01,BUY,USD,1,1,1583663
D#1671059,XAUUSD,100,288230376152365023,288230376152034568,288230376154602036,288230376154601625,374,2026-05-26T17:22:29.000Z,2026-05-26T17:28:43.000Z,65.5,-69.0,48.0,-17.5,0,0.5,4505.81,4504.72,4507.79,4504.84,SELL,USD,1,1,1583663
D#1702622,XAUUSD,100,288230376152365053,288230376152033988,288230376154595094,288230376154594993,1985,2026-05-26T16:56:02.000Z,2026-05-26T17:29:07.000Z,52.4,-53.8,45.4,-7,0,0.2,4504.93,4502.53,4510.04,4503.04,SELL,USD,1,1,1583663
D#1702494,XAUUSD,100,288230376152365054,288230376152034695,288230376154603286,288230376154603179,29,2026-05-26T17:28:38.000Z,2026-05-26T17:29:07.000Z,63.6,-65.0,56.6,-7,0,0.2,4505.49,4502.53,4505.56,4502.88,SELL,USD,1,1,1583663
D#1702650,XAUUSD,100,288230376152365103,288230376152032851,288230376154600333,288230376154585063,3867,2026-05-26T16:25:00.000Z,2026-05-26T17:29:27.000Z,-45.8,45.099999999999994,-49.3,-3.5,0,0.1,4506.32,4501.52,4501.79,4549.85,BUY,USD,1,1,1583663
D#1702674,XAUUSD,100,288230376152365102,288230376152032948,288230376154585884,288230376154585765,3748,2026-05-26T16:26:59.000Z,2026-05-26T17:29:27.000Z,-29.9,29.549999999999997,-31.66,-1.76,0,0.05,4507.72,4501.52,4501.83,4545.21,BUY,USD,1,1,1583663
D#1671059,XAUUSD,100,288230376152365158,288230376152034711,288230376154603639,288230376154603327,54,2026-05-26T17:29:11.000Z,2026-05-26T17:30:05.000Z,39.5,-43.0,22.0,-17.5,0,0.5,4502.1,4501.53,,,SELL,USD,1,1,1583663
D#1702366,XAUUSD,100,288230376152365246,288230376152012128,288230376154431346,288230376154313629,28516,2026-05-26T09:35:19.000Z,2026-05-26T17:30:35.000Z,-16.82,16.75,-17.18,-0.36,0,0.01,4516.81,4499.77,4500.2,4600,BUY,USD,1,1,1583663
D#1702728,XAUUSD,100,288230376152365251,288230376152029887,288230376154561650,288230376154561211,7961,2026-05-26T15:17:54.000Z,2026-05-26T17:30:35.000Z,57,-57.7,53.5,-3.5,0,0.1,4505.49,4500.01,4513.31,4500,SELL,USD,1,1,1583663
D#1670969,XAUUSD,100,288230376152365226,288230376152033246,288230376154588584,288230376154588267,3347,2026-05-26T16:34:48.000Z,2026-05-26T17:30:35.000Z,108.79,-109.56,104.93,-3.86,0,0.11,4509.68,4500.01,4514.46,4500.15,SELL,USD,1,1,1583663
D#1702690,XAUUSD,100,288230376152365293,288230376152030032,288230376154562317,288230376154562315,7795,2026-05-26T15:20:41.000Z,2026-05-26T17:30:36.000Z,-53.13,52.64,-55.59,-2.46,0,0.07,4507.17,4499.36,4499.5,4524.03,BUY,USD,1,1,1583663
D#1702485,XAUUSD,100,288230376152365328,288230376152033290,288230376154595710,288230376154588660,3296,2026-05-26T16:35:54.000Z,2026-05-26T17:30:50.000Z,111.5,-112.2,108.0,-3.5,0,0.1,4510.27,4499.34,,4499.29,SELL,USD,1,1,1583663
D#1702519,XAUUSD,100,288230376152365345,288230376152025885,288230376154532577,288230376154496680,11877,2026-05-26T14:12:54.000Z,2026-05-26T17:30:51.000Z,-57.5,57.15,-59.26,-1.76,0,0.05,4510.13,4498.41,4499.24,4540.8,BUY,USD,1,1,1583663
D#1670936,XAUUSD,100,288230376152365358,288230376152031041,288230376154570742,288230376154570153,6554,2026-05-26T15:41:37.000Z,2026-05-26T17:30:51.000Z,-184.2,182.79999999999998,-191.2,-7,0,0.2,4507.81,4498.38,4499.14,4525.87,BUY,USD,1,1,1583663
D#1671059,XAUUSD,100,288230376152365454,288230376152034787,288230376154604291,288230376154603904,76,2026-05-26T17:30:43.000Z,2026-05-26T17:31:59.000Z,69,-72.5,51.5,-17.5,0,0.5,4499.81,4500.97,4497.28,4501.51,BUY,USD,1,1,1583663
D#1671068,XAUUSD,100,288230376152365459,288230376152034376,288230376154604301,288230376154599245,1181,2026-05-26T17:12:19.000Z,2026-05-26T17:32:00.000Z,18.75,-19.1,16.99,-1.76,0,0.05,4504.69,4501.16,,,SELL,USD,1,1,1583663
D#1702644,XAUUSD,100,288230376152365536,288230376152031755,288230376154604622,288230376154576125,5642,2026-05-26T15:59:00.000Z,2026-05-26T17:33:02.000Z,60.39,-61.160000000000004,56.53,-3.86,0,0.11,4506.6,4501.33,4511.39,4497.07,SELL,USD,1,1,1583663
D#1670868,XAUUSD,100,288230376152365589,288230376152033864,288230376154604944,288230376154593909,2496,2026-05-26T16:52:33.000Z,2026-05-26T17:34:09.000Z,31.76,-32.32,28.96,-2.8,0,0.08,4504.71,4500.96,4512.26,4491.98,SELL,USD,1,1,1583663
D#1702681,XAUUSD,100,288230376152365596,288230376152034788,288230376154604631,288230376154603908,212,2026-05-26T17:30:43.000Z,2026-05-26T17:34:15.000Z,6.24,-6.800000000000001,3.44,-2.8,0,0.08,4499.91,4500.47,4500.59,4511.7,BUY,USD,1,1,1583663
D#1670973,XAUUSD,100,288230376152365680,288230376152034911,288230376154605303,288230376154605078,86,2026-05-26T17:34:38.000Z,2026-05-26T17:36:04.000Z,-55.2,51.980000000000004,-71.3,-16.1,0,0.46,4501.13,4499.71,4499.93,4503.41,BUY,USD,1,1,1583663
D#1702622,XAUUSD,100,288230376152365802,288230376152034971,288230376154605865,288230376154605604,54,2026-05-26T17:36:25.000Z,2026-05-26T17:37:19.000Z,83.2,-86.0,69.2,-14,0,0.4,4499.84,4497.98,,4497.95,SELL,USD,1,1,1583663
D#1702485,XAUUSD,100,288230376152366012,288230376152035004,288230376154607114,288230376154605899,267,2026-05-26T17:37:15.000Z,2026-05-26T17:41:42.000Z,0.4,-1.8000000000000003,-6.6,-7,0,0.2,4498.64,4498.84,,4485.85,SELL,USD,1,1,1583663
D#1702525,XAUUSD,100,288230376152366100,288230376152001314,288230376154607607,288230376154327794,54202,2026-05-26T02:40:19.000Z,2026-05-26T17:43:41.000Z,-199.75,199.4,-201.51,-1.76,0,0.05,4537.54,4497.37,,,BUY,USD,1,1,1583663
D#1671059,XAUUSD,100,288230376152366101,288230376152034872,288230376154607619,288230376154604640,640,2026-05-26T17:33:04.000Z,2026-05-26T17:43:44.000Z,-187,183.5,-204.5,-17.5,0,0.5,4501.37,4497.41,4496.81,4503.39,BUY,USD,1,1,1583663
D#1670973,XAUUSD,100,288230376152366105,288230376152034963,288230376154607637,288230376154605521,460,2026-05-26T17:36:08.000Z,2026-05-26T17:43:48.000Z,90.16,-93.38,74.06,-16.1,0,0.46,4499.12,4497.38,4500.31,4496.83,SELL,USD,1,1,1583663
D#1671059,XAUUSD,100,288230376152366190,288230376152035176,288230376154608130,288230376154607706,98,2026-05-26T17:44:02.000Z,2026-05-26T17:45:40.000Z,-123,119.5,-140.5,-17.5,0,0.5,4497.29,4499.97,4502.84,4495.14,SELL,USD,1,1,1583663
D#1670868,XAUUSD,100,288230376152366308,288230376152035179,288230376154608745,288230376154607733,232,2026-05-26T17:44:11.000Z,2026-05-26T17:48:03.000Z,23.12,-23.68,20.32,-2.8,0,0.08,4497.87,4500.54,,,BUY,USD,1,1,1583663
D#1670973,XAUUSD,100,288230376152366453,288230376152035276,288230376154608789,288230376154608674,168,2026-05-26T17:47:43.000Z,2026-05-26T17:50:31.000Z,-51.98,48.76,-68.08,-16.1,0,0.46,4500.46,4499.11,4499.26,4502.74,BUY,USD,1,1,1583663
D#1670973,XAUUSD,100,288230376152366490,288230376152035359,288230376154609529,288230376154609432,45,2026-05-26T17:50:45.000Z,2026-05-26T17:51:30.000Z,-53.36,50.14,-69.46,-16.1,0,0.46,4499.64,4501.02,4500.83,4497.35,SELL,USD,1,1,1583663
D#1670973,XAUUSD,100,288230376152366556,288230376152035374,288230376154610069,288230376154609636,146,2026-05-26T17:51:33.000Z,2026-05-26T17:53:59.000Z,-61.64,58.42,-77.74,-16.1,0,0.46,4500.92,4499.36,4499.54,4503.2,BUY,USD,1,1,1583663
D#1670973,XAUUSD,100,288230376152366614,288230376152035412,288230376154610304,288230376154610178,25,2026-05-26T17:54:02.000Z,2026-05-26T17:54:27.000Z,94.3,-97.52,78.2,-16.1,0,0.46,4499.41,4497.58,,,SELL,USD,1,1,1583663
D#1671085,XAUUSD,100,288230376152366620,288230376152032317,288230376154610344,288230376154580378,6209,2026-05-26T16:11:11.000Z,2026-05-26T17:54:40.000Z,26.9,-27.25,25.14,-1.76,0,0.05,4502.79,4497.63,,,SELL,USD,1,1,1583663
D#1702650,XAUUSD,100,288230376152366623,288230376152035292,288230376154609261,288230376154608872,371,2026-05-26T17:48:30.000Z,2026-05-26T17:54:41.000Z,-42.3,41.599999999999994,-45.8,-3.5,0,0.1,4500.75,4496.3,4496.57,4518.86,BUY,USD,1,1,1583663
D#1670936,XAUUSD,100,288230376152366659,288230376152035407,288230376154610406,288230376154610117,66,2026-05-26T17:53:44.000Z,2026-05-26T17:54:50.000Z,-137.1,135.0,-147.6,-10.5,0,0.3,4501.06,4496.27,,,BUY,USD,1,1,1583663
D#1702622,XAUUSD,100,288230376152366685,288230376152035025,288230376154606089,288230376154606021,1054,2026-05-26T17:37:38.000Z,2026-05-26T17:55:12.000Z,122.8,-125.6,108.8,-14,0,0.4,4497.96,4495.11,4503.07,4496.07,SELL,USD,1,1,1583663
D#1702729,XAUUSD,100,288230376152366714,288230376152031569,288230376154610577,288230376154574719,7211,2026-05-26T15:55:09.000Z,2026-05-26T17:55:20.000Z,-538,535.2,-552.0,-14,0,0.4,4509.25,4495.58,,,BUY,USD,1,1,1583663
D#1702535,XAUUSD,100,288230376152366745,288230376152034413,288230376154599848,288230376154599698,2483,2026-05-26T17:14:13.000Z,2026-05-26T17:55:36.000Z,-74.72,74.16,-77.52,-2.8,0,0.08,4504.35,4494.79,4494.93,4516.11,BUY,USD,1,1,1583663
D#1702690,XAUUSD,100,288230376152366749,288230376152034866,288230376154604568,288230376154604566,1369,2026-05-26T17:32:49.000Z,2026-05-26T17:55:38.000Z,-41.65,41.16,-44.11,-2.46,0,0.07,4500.82,4494.65,4494.78,4517.39,BUY,USD,1,1,1583663
D#1702415,XAUUSD,100,288230376152366775,288230376152003446,288230376154350474,288230376154350239,48345,2026-05-26T04:30:05.000Z,2026-05-26T17:55:50.000Z,150.6,-150.88,149.2,-1.4,0,0.04,4531.9,4494.47,4545.36,4494.51,SELL,USD,1,1,1583663
D#1645644,XAUUSD,100,288230376152366821,288230376152030866,288230376154569233,288230376154568840,8275,2026-05-26T15:38:16.000Z,2026-05-26T17:56:11.000Z,-54.75,54.4,-56.51,-1.76,0,0.05,4503.9,4492.73,4493.46,,BUY,USD,1,1,1583663
D#1702361,XAUUSD,100,288230376152366856,288230376152034977,288230376154605936,288230376154605680,1175,2026-05-26T17:36:38.000Z,2026-05-26T17:56:13.000Z,115.2,-116.60000000000001,108.2,-7,0,0.2,4498.2,4492.66,,4492.72,SELL,USD,1,1,1583663
D#1589428,XAUUSD,100,288230376152366873,288230376152003460,288230376154610965,288230376154350592,48348,2026-05-26T04:30:32.000Z,2026-05-26T17:56:20.000Z,-202.55,202.20000000000002,-204.31,-1.76,0,0.05,4533.4,4492.67,,4543.71,BUY,USD,1,1,1583663
D#1671061,XAUUSD,100,288230376152366878,288230376152016648,288230376154610977,288230376154468284,22457,2026-05-26T11:42:07.000Z,2026-05-26T17:56:24.000Z,-18.57,18.5,-18.93,-0.36,0,0.01,4511.73,4492.94,,,BUY,USD,1,1,1583663
D#1702716,XAUUSD,100,288230376152366880,288230376152005359,288230376154610979,288230376154368522,43741,2026-05-26T05:47:24.000Z,2026-05-26T17:56:25.000Z,-208.38,207.96,-210.48,-2.1,0,0.06,4527.92,4492.97,,,BUY,USD,1,1,1583663
D#1670973,XAUUSD,100,288230376152367018,288230376152035530,288230376154611512,288230376154611166,65,2026-05-26T17:57:01.000Z,2026-05-26T17:58:06.000Z,89.7,-92.92,73.6,-16.1,0,0.46,4494.11,4492.38,,4491.83,SELL,USD,1,1,1583663
D#1702742,XAUUSD,100,288230376152367108,288230376152034510,288230376154611747,288230376154601116,2295,2026-05-26T17:20:35.000Z,2026-05-26T17:58:50.000Z,-142.8,142.10000000000002,-146.3,-3.5,0,0.1,4505.42,4490.92,,,BUY,USD,1,1,1583663
D#1670969,XAUUSD,100,288230376152367129,288230376152034927,288230376154605421,288230376154605200,1445,2026-05-26T17:34:59.000Z,2026-05-26T17:59:04.000Z,107.36,-108.13,103.5,-3.86,0,0.11,4500.22,4490.68,4505.1,4490.69,SELL,USD,1,1,1583663
D#1702644,XAUUSD,100,288230376152367209,288230376152035115,288230376154607009,288230376154606926,1138,2026-05-26T17:40:55.000Z,2026-05-26T17:59:53.000Z,103.07,-103.83999999999999,99.21,-3.86,0,0.11,4499.51,4490.36,4504.35,4489.98,SELL,USD,1,1,1583663
D#1702622,XAUUSD,100,288230376152367191,288230376152035514,288230376154611104,288230376154610941,217,2026-05-26T17:56:16.000Z,2026-05-26T17:59:53.000Z,98.8,-101.6,84.8,-14,0,0.4,4492.61,4490.36,4514,4490,SELL,USD,1,1,1583663
D#1702405,XAUUSD,100,288230376152367246,288230376152034401,288230376154599855,288230376154599578,2783,2026-05-26T17:13:46.000Z,2026-05-26T18:00:09.000Z,-29.1,28.96,-29.8,-0.7,0,0.02,4504.16,4489.39,4489.85,4524.39,BUY,USD,1,1,1583663
D#1702674,XAUUSD,100,288230376152367448,288230376152034784,288230376154603975,288230376154603890,1898,2026-05-26T17:30:40.000Z,2026-05-26T18:02:18.000Z,65.3,-65.64999999999999,63.54,-1.76,0,0.05,4499.64,4486.8,4507.81,4489.1,SELL,USD,1,1,1583663
D#1702485,XAUUSD,100,288230376152367457,288230376152035130,288230376154607281,288230376154607153,1226,2026-05-26T17:41:52.000Z,2026-05-26T18:02:18.000Z,308.25,-310.0,299.49,-8.76,0,0.25,4498.91,4486.8,,4488.33,SELL,USD,1,1,1583663
D#1702622,XAUUSD,100,288230376152367442,288230376152035687,288230376154612609,288230376154612395,91,2026-05-26T18:00:47.000Z,2026-05-26T18:02:18.000Z,170,-172.8,156.0,-14,0,0.4,4490.99,4486.96,4514,4489.1,SELL,USD,1,1,1583663
D#1670973,XAUUSD,100,288230376152367434,288230376152035693,288230376154612677,288230376154612462,77,2026-05-26T18:01:01.000Z,2026-05-26T18:02:18.000Z,-247.94,244.72,-264.04,-16.1,0,0.46,4491.77,4486.16,4490.46,4494.05,BUY,USD,1,1,1583663
D#1702676,XAUUSD,100,288230376152367512,288230376152023069,288230376154516372,288230376154515693,15386,2026-05-26T13:46:04.000Z,2026-05-26T18:02:30.000Z,204.85,-205.2,203.09,-1.76,0,0.05,4526.93,4486.18,4541.08,4486.06,SELL,USD,1,1,1583663
D#1702359,XAUUSD,100,288230376152367548,288230376152004738,288230376154613131,288230376154362660,45562,2026-05-26T05:23:29.000Z,2026-05-26T18:02:51.000Z,-213.45,213.1,-215.21,-1.76,0,0.05,4529.92,4487.01,,,BUY,USD,1,1,1583663
D#1670973,XAUUSD,100,288230376152367547,288230376152035771,288230376154613125,288230376154613064,13,2026-05-26T18:02:38.000Z,2026-05-26T18:02:51.000Z,-13.8,10.58,-29.9,-16.1,0,0.46,4486.64,4487.16,,,SELL,USD,1,1,1583663
D#1702436,XAUUSD,100,288230376152367549,288230376152015887,288230376154613134,288230376154462714,23729,2026-05-26T11:27:23.000Z,2026-05-26T18:02:52.000Z,-366.7,366.0,-370.2,-3.5,0,0.1,4523.63,4486.74,,4535.09,BUY,USD,1,1,1583663
D#1702469,XAUUSD,100,288230376152367550,288230376152001036,288230376154613137,288230376154324888,56123,2026-05-26T02:27:30.000Z,2026-05-26T18:02:53.000Z,360.43,-360.92,357.97,-2.46,0,0.07,4537.7,4486.43,4549.09,4478.31,SELL,USD,1,1,1583663
D#1702690,XAUUSD,100,288230376152367562,288230376152035635,288230376154611982,288230376154611981,206,2026-05-26T17:59:32.000Z,2026-05-26T18:02:58.000Z,-46.83,46.339999999999996,-49.29,-2.46,0,0.07,4492.59,4485.68,4485.82,4509.27,BUY,USD,1,1,1583663
D#1702644,XAUUSD,100,288230376152368073,288230376152035960,288230376154614910,288230376154614908,139,2026-05-26T18:08:34.000Z,2026-05-26T18:10:53.000Z,-55.66,54.88999999999999,-59.52,-3.86,0,0.11,4485.28,4490.56,4490.19,4475.75,SELL,USD,1,1,1583663
D#1670868,XAUUSD,100,288230376152368237,288230376152035790,288230376154616253,288230376154613334,565,2026-05-26T18:03:25.000Z,2026-05-26T18:12:50.000Z,25.84,-26.4,23.04,-2.8,0,0.08,4487.07,4490.08,,,BUY,USD,1,1,1583663
D#1702649,XAUUSD,100,288230376152368281,288230376152036074,288230376154615941,288230376154615940,147,2026-05-26T18:11:44.000Z,2026-05-26T18:14:11.000Z,-76.4,75.0,-83.4,-7,0,0.2,4490.34,4486.3,4486.76,4495.98,BUY,USD,1,1,1583663
D#1702649,XAUUSD,100,288230376152368608,288230376152036146,288230376154616759,288230376154616757,323,2026-05-26T18:14:55.000Z,2026-05-26T18:20:18.000Z,-91.6,90.19999999999999,-98.6,-7,0,0.2,4486.56,4491.36,4491.17,4480.92,SELL,USD,1,1,1583663
D#1702361,XAUUSD,100,288230376152368786,288230376152035754,288230376154618976,288230376154612981,1250,2026-05-26T18:02:24.000Z,2026-05-26T18:23:14.000Z,-122,120.6,-129.0,-7,0,0.2,4486.3,4492.62,,4480.8,SELL,USD,1,1,1583663
D#1670969,XAUUSD,100,288230376152368964,288230376152036262,288230376154617926,288230376154617924,406,2026-05-26T18:19:10.000Z,2026-05-26T18:25:56.000Z,-53.13,52.36,-56.99,-3.86,0,0.11,4489.64,4494.69,4494.62,4485.2,SELL,USD,1,1,1583663
D#1702649,XAUUSD,100,288230376152369056,288230376152036319,288230376154620149,288230376154618478,371,2026-05-26T18:21:22.000Z,2026-05-26T18:27:33.000Z,39.3,-40.0,35.8,-3.5,0,0.1,4491.39,4495.1,4481.6,4501.16,BUY,USD,1,1,1583663
D#1702363,XAUUSD,100,288230376152369064,288230376152026212,288230376154620171,288230376154534728,15040,2026-05-26T14:16:57.000Z,2026-05-26T18:27:37.000Z,15.39,-15.46,15.03,-0.36,0,0.01,4510.61,4495.44,4524.69,4454,SELL,USD,1,1,1583663
D#1702681,XAUUSD,100,288230376152369079,288230376152035125,288230376154618498,288230376154607073,2798,2026-05-26T17:41:30.000Z,2026-05-26T18:28:08.000Z,-29.28,28.720000000000002,-32.08,-2.8,0,0.08,4498.4,4494.52,4494.79,,BUY,USD,1,1,1583663
D#1702542,XAUUSD,100,288230376152369180,288230376152035484,288230376154620841,288230376154610714,2076,2026-05-26T17:55:42.000Z,2026-05-26T18:30:18.000Z,2.7,-3.4000000000000004,-0.8,-3.5,0,0.1,4494.77,4494.72,,,SELL,USD,1,1,1583663
D#1670868,XAUUSD,100,288230376152369353,288230376152036346,288230376154621683,288230376154618710,678,2026-05-26T18:22:15.000Z,2026-05-26T18:33:33.000Z,49.76,-50.32,46.96,-2.8,0,0.08,4492.1,4498.1,,,BUY,USD,1,1,1583663
D#1702681,XAUUSD,100,288230376152369442,288230376152036676,288230376154622499,288230376154621912,100,2026-05-26T18:34:29.000Z,2026-05-26T18:36:09.000Z,-6.8,6.24,-9.6,-2.8,0,0.08,4496.81,4495.74,4495.99,,BUY,USD,1,1,1583663
D#1702681,XAUUSD,100,288230376152369978,288230376152036820,288230376154625182,288230376154623731,500,2026-05-26T18:41:12.000Z,2026-05-26T18:49:32.000Z,10.32,-10.88,7.52,-2.8,0,0.08,4496.32,4497.39,4497.76,4508.08,BUY,USD,1,1,1583663
D#1702731,XAUUSD,100,288230376152370467,288230376152036033,288230376154627853,288230376154615589,2858,2026-05-26T18:10:50.000Z,2026-05-26T18:58:28.000Z,85.6,-86.3,82.1,-3.5,0,0.1,4490.19,4498.53,4484.83,4502.55,BUY,USD,1,1,1583663
D#1702644,XAUUSD,100,288230376152370524,288230376152036478,288230376154628163,288230376154619796,2025,2026-05-26T18:26:07.000Z,2026-05-26T18:59:52.000Z,-38.72,37.949999999999996,-42.58,-3.86,0,0.11,4495.02,4498.76,4499.89,4485.49,SELL,USD,1,1,1583663
D#1702558,XAUUSD,100,288230376152370538,288230376152036543,288230376154621874,288230376154620508,1863,2026-05-26T18:28:58.000Z,2026-05-26T19:00:01.000Z,-83.52,82.39999999999999,-89.12,-5.6,0,0.16,4494.35,4499.79,4499.56,4480,SELL,USD,1,1,1583663
D#1702690,XAUUSD,100,288230376152370770,288230376152035876,288230376154614078,288230376154614071,3457,2026-05-26T18:05:47.000Z,2026-05-26T19:03:24.000Z,119,-119.49,116.54,-2.46,0,0.07,4483.77,4500.55,4495.11,4500.64,BUY,USD,1,1,1583663
D#1702649,XAUUSD,100,288230376152371091,288230376152036619,288230376154621305,288230376154621224,2322,2026-05-26T18:31:43.000Z,2026-05-26T19:10:25.000Z,94.6,-96.0,87.6,-7,0,0.2,4496.58,4501.09,4493.7,4501.24,BUY,USD,1,1,1583663
D#1702690,XAUUSD,100,288230376152371437,288230376152037352,288230376154629440,288230376154629275,798,2026-05-26T19:03:50.000Z,2026-05-26T19:17:08.000Z,-27.72,27.23,-30.18,-2.46,0,0.07,4500.31,4504.49,4504.27,4490.97,SELL,USD,1,1,1583663
D#1702644,XAUUSD,100,288230376152371441,288230376152037407,288230376154629945,288230376154629943,626,2026-05-26T19:06:42.000Z,2026-05-26T19:17:08.000Z,-54.67,53.9,-58.53,-3.86,0,0.11,4499.3,4504.49,4504.16,4489.77,SELL,USD,1,1,1583663
D#1702681,XAUUSD,100,288230376152371639,288230376152037097,288230376154633791,288230376154626675,1766,2026-05-26T18:53:36.000Z,2026-05-26T19:23:02.000Z,-42.08,41.519999999999996,-44.88,-2.8,0,0.08,4498.65,4504.13,4503.97,4487.15,SELL,USD,1,1,1583663
D#1671083,XAUUSD,100,288230376152371751,288230376152037201,288230376154634660,288230376154627833,1727,2026-05-26T18:58:22.000Z,2026-05-26T19:27:09.000Z,166,-168.8,152.0,-14,0,0.4,4499.19,4503.12,,,BUY,USD,1,1,1583663
D#1702463,XAUUSD,100,288230376152371939,288230376152037915,288230376154635779,288230376154635695,24,2026-05-26T19:31:36.000Z,2026-05-26T19:32:00.000Z,-66.55,62.699999999999996,-85.81,-19.26,0,0.55,4502.11,4503.54,,,SELL,USD,1,1,1583663
D#1702463,XAUUSD,100,288230376152371964,288230376152037926,288230376154635877,288230376154635850,9,2026-05-26T19:32:19.000Z,2026-05-26T19:32:28.000Z,-43.74,39.96,-62.64,-18.9,0,0.54,4503,4501.97,,,BUY,USD,1,1,1583663
D#1702681,XAUUSD,100,288230376152372189,288230376152037815,288230376154636616,288230376154634704,626,2026-05-26T19:27:21.000Z,2026-05-26T19:37:47.000Z,3,-4.05,-2.26,-5.26,0,0.15,4503.5,4503.48,4503.75,4510.78,BUY,USD,1,1,1583663
D#1702361,XAUUSD,100,288230376152372263,288230376152036730,288230376154637506,288230376154622809,3763,2026-05-26T18:37:27.000Z,2026-05-26T19:40:10.000Z,-147.8,146.4,-154.8,-7,0,0.2,4496.3,4503.91,,4491.09,SELL,USD,1,1,1583663
D#1702649,XAUUSD,100,288230376152372369,288230376152037897,288230376154635527,288230376154635525,700,2026-05-26T19:30:54.000Z,2026-05-26T19:42:34.000Z,-68,66.6,-75.0,-7,0,0.2,4501.95,4505.57,4505.17,4499.17,SELL,USD,1,1,1583663
D#1670969,XAUUSD,100,288230376152372383,288230376152036612,288230376154621577,288230376154621195,4285,2026-05-26T18:31:39.000Z,2026-05-26T19:43:04.000Z,108.57,-109.33999999999999,104.71,-3.86,0,0.11,4496.23,4505.88,4491.08,4505.57,BUY,USD,1,1,1583663
D#1702731,XAUUSD,100,288230376152372778,288230376152037387,288230376154639998,288230376154629649,2732,2026-05-26T19:05:18.000Z,2026-05-26T19:50:50.000Z,74.4,-75.10000000000001,70.9,-3.5,0,0.1,4499.7,4506.92,4496.18,,BUY,USD,1,1,1583663
D#1702463,XAUUSD,100,288230376152373071,288230376152037930,288230376154636722,288230376154635900,1512,2026-05-26T19:32:33.000Z,2026-05-26T19:57:45.000Z,368.16,-371.8,349.96,-18.2,0,0.52,4502.15,4509.01,,4509.12,BUY,USD,1,1,1583663
D#1702542,XAUUSD,100,288230376152373083,288230376152036614,288230376154621363,288230376154621217,5170,2026-05-26T18:31:42.000Z,2026-05-26T19:57:52.000Z,128.9,-129.6,125.4,-3.5,0,0.1,4496.58,4509.25,4493.15,4509.34,BUY,USD,1,1,1583663
D#1702589,XAUUSD,100,288230376152373414,288230376152038324,288230376154643311,288230376154640696,660,2026-05-26T19:54:00.000Z,2026-05-26T20:05:00.000Z,4.92,-5.34,2.82,-2.1,0,0.06,4507.02,4507.62,4498.76,4522.96,BUY,USD,1,1,1583663
D#1702463,XAUUSD,100,288230376152373466,288230376152038538,288230376154643550,288230376154643543,2,2026-05-26T20:06:08.000Z,2026-05-26T20:06:10.000Z,-71.25,67.26,-91.21,-19.96,0,0.57,4508,4506.53,,,BUY,USD,1,1,1583663
D#1702363,XAUUSD,100,288230376152373548,288230376152037477,288230376154644222,288230376154630823,3579,2026-05-26T19:10:13.000Z,2026-05-26T20:09:52.000Z,6.19,-6.260000000000001,5.83,-0.36,0,0.01,4501.19,4507.16,4492.36,4526,BUY,USD,1,1,1583663
D#1702681,XAUUSD,100,288230376152373669,288230376152038102,288230376154643991,288230376154638006,1969,2026-05-26T19:42:21.000Z,2026-05-26T20:15:10.000Z,-49.2,48.150000000000006,-54.46,-5.26,0,0.15,4505.01,4508.51,4508.38,4497.57,SELL,USD,1,1,1583663
D#1702542,XAUUSD,100,288230376152373721,288230376152038598,288230376154645333,288230376154644723,227,2026-05-26T20:13:21.000Z,2026-05-26T20:17:08.000Z,49.4,-50.8,42.4,-7,0,0.2,4507.24,4509.49,4507.75,4512.84,BUY,USD,1,1,1583663
D#1702542,XAUUSD,100,288230376152373972,288230376152038644,288230376154647010,288230376154645362,793,2026-05-26T20:17:22.000Z,2026-05-26T20:30:35.000Z,105.5,-109.0,88.0,-17.5,0,0.5,4509.29,4507.4,,,SELL,USD,1,1,1583663
D#1702415,XAUUSD,100,288230376152374007,288230376152037232,288230376154647196,288230376154628164,5536,2026-05-26T19:00:02.000Z,2026-05-26T20:32:18.000Z,31.2,-31.48,29.8,-1.4,0,0.04,4499.82,4507.4,4486.83,4515.13,BUY,USD,1,1,1583663
D#1702542,XAUUSD,100,288230376152374012,288230376152038769,288230376154647249,288230376154647117,68,2026-05-26T20:31:32.000Z,2026-05-26T20:32:40.000Z,-19.14,15.080000000000002,-39.44,-20.3,0,0.58,4507.79,4507.24,,,BUY,USD,1,1,1583663
D#1702463,XAUUSD,100,288230376152374090,288230376152038543,288230376154647747,288230376154643587,1903,2026-05-26T20:06:18.000Z,2026-05-26T20:38:01.000Z,-57.68,53.76,-77.28,-19.6,0,0.56,4507.45,4506.2,,4515.07,BUY,USD,1,1,1583663
D#1702681,XAUUSD,100,288230376152374120,288230376152038661,288230376154647197,288230376154645629,1232,2026-05-26T20:19:10.000Z,2026-05-26T20:39:42.000Z,13.05,-14.100000000000001,7.79,-5.26,0,0.15,4508.85,4508.2,4507.99,4501.21,SELL,USD,1,1,1583663
D#1702589,XAUUSD,100,288230376152374367,288230376152038604,288230376154649273,288230376154644836,2205,2026-05-26T20:14:01.000Z,2026-05-26T20:50:46.000Z,-8.1,7.68,-10.2,-2.1,0,0.06,4507.53,4505.96,4497.56,4521.32,BUY,USD,1,1,1583663
D#1702690,XAUUSD,100,288230376152374383,288230376152037667,288230376154634525,288230376154632618,5628,2026-05-26T19:17:44.000Z,2026-05-26T20:51:32.000Z,18.27,-18.9,15.11,-3.16,0,0.09,4502.8,4504.61,4504.77,4515.69,BUY,USD,1,1,1583663
D#1702542,XAUUSD,100,288230376152374428,288230376152038793,288230376154649608,288230376154647616,984,2026-05-26T20:36:17.000Z,2026-05-26T20:52:41.000Z,-99.05,96.6,-111.31,-12.26,0,0.35,4507.4,4504.35,,4513.53,BUY,USD,1,1,1583663
D#1702644,XAUUSD,100,288230376152375138,288230376152038263,288230376154639932,288230376154639930,8301,2026-05-26T19:50:34.000Z,2026-05-26T22:08:55.000Z,-31.35,30.580000000000002,-35.21,-3.86,0,0.11,4507.55,4504.48,4502.76,4517.07,BUY,USD,1,1,1583663
D#1702681,XAUUSD,100,288230376152375171,288230376152038846,288230376154648291,288230376154648239,5187,2026-05-26T20:43:07.000Z,2026-05-26T22:09:34.000Z,113.1,-114.14999999999999,107.84,-5.26,0,0.15,4509.74,4502.42,,4502.56,SELL,USD,1,1,1583663
D#1702558,XAUUSD,100,288230376152375310,288230376152039301,288230376154653600,288230376154653248,71,2026-05-26T22:11:23.000Z,2026-05-26T22:12:34.000Z,11.68,-12.24,8.88,-2.8,0,0.08,4505.73,4504.49,,,SELL,USD,1,1,1583663
D#1702542,XAUUSD,100,288230376152375482,288230376152038935,288230376154654902,288230376154649639,5155,2026-05-26T20:53:00.000Z,2026-05-26T22:18:55.000Z,-115.5,112.0,-133.0,-17.5,0,0.5,4504.48,4507.01,,4484.51,SELL,USD,1,1,1583663
D#1702463,XAUUSD,100,288230376152375646,288230376152039489,288230376154656055,288230376154655169,231,2026-05-26T22:20:05.000Z,2026-05-26T22:23:56.000Z,-87.45,83.60000000000001,-106.71,-19.26,0,0.55,4507.57,4505.76,,4516.37,BUY,USD,1,1,1583663
D#1702463,XAUUSD,100,288230376152375681,288230376152039584,288230376154656218,288230376154656184,10,2026-05-26T22:24:33.000Z,2026-05-26T22:24:43.000Z,-126.9,123.12,-145.8,-18.9,0,0.54,4506.5,4503.93,,,BUY,USD,1,1,1583663
D#1702558,XAUUSD,100,288230376152376798,288230376152039666,288230376154662060,288230376154656985,1626,2026-05-26T22:28:25.000Z,2026-05-26T22:55:31.000Z,56.1,-57.29,50.14,-5.96,0,0.17,4504.4,4507.48,4497,,BUY,USD,1,1,1583663
D#1702363,XAUUSD,100,288230376152376863,288230376152038601,288230376154644803,288230376154644800,9771,2026-05-26T20:13:53.000Z,2026-05-26T22:56:44.000Z,-8.56,8.42,-9.26,-0.7,0,0.02,4506.57,4511.07,4511,4488,SELL,USD,1,1,1583663
D#1614622,XAUUSD,100,288230376152376881,288230376152040123,288230376154662300,288230376154661298,311,2026-05-26T22:51:40.000Z,2026-05-26T22:56:51.000Z,89.7,-90.75,84.44,-5.26,0,0.15,4504.38,4510.14,,4512.22,BUY,USD,1,1,1583663
D#1702731,XAUUSD,100,288230376152376937,288230376152038285,288230376154640164,288230376154640160,11183,2026-05-26T19:51:30.000Z,2026-05-26T22:57:53.000Z,-53.2,52.5,-56.7,-3.5,0,0.1,4506.8,4512.34,4511.45,4495.03,SELL,USD,1,1,1583663
D#1702690,XAUUSD,100,288230376152376974,288230376152038923,288230376154649594,288230376154649440,7592,2026-05-26T20:51:44.000Z,2026-05-26T22:58:16.000Z,-73.26,72.63000000000001,-76.42,-3.16,0,0.09,4504.31,4512.67,4512.57,4491.31,SELL,USD,1,1,1583663
D#1614622,XAUUSD,100,288230376152377530,288230376152040309,288230376154665344,288230376154662943,736,2026-05-26T23:00:05.000Z,2026-05-26T23:12:21.000Z,60.4,-61.8,53.4,-7,0,0.2,4511.25,4508.45,,4505.65,SELL,USD,1,1,1583663
D#1614622,XAUUSD,100,288230376152378562,288230376152040620,288230376154665818,288230376154665748,1159,2026-05-26T23:15:04.000Z,2026-05-26T23:34:23.000Z,131.8,-133.20000000000002,124.8,-7,0,0.2,4509.15,4515.52,,4514.89,BUY,USD,1,1,1583663
D#1670948,XAUUSD,100,288230376152378625,288230376152031374,288230376154573631,288230376154573069,27862,2026-05-26T15:50:14.000Z,2026-05-26T23:34:36.000Z,-9.46,9.39,-9.82,-0.36,0,0.01,4506.99,4516.67,4516.2,4481.06,SELL,USD,1,1,1583663
D#1702650,XAUUSD,100,288230376152378629,288230376152040784,288230376154670030,288230376154666992,777,2026-05-26T23:21:40.000Z,2026-05-26T23:34:37.000Z,-112.9,112.2,-116.4,-3.5,0,0.1,4505.15,4516.66,4538.78,4459.68,SELL,USD,1,1,1583663
D#1614622,XAUUSD,100,288230376152378937,288230376152041224,288230376154671469,288230376154670673,229,2026-05-26T23:37:41.000Z,2026-05-26T23:41:30.000Z,109,-110.4,102.0,-7,0,0.2,4514.12,4519.35,,4519.89,BUY,USD,1,1,1583663
D#1702659,XAUUSD,100,288230376152378975,288230376152038563,288230376154644079,288230376154643924,12832,2026-05-26T20:08:11.000Z,2026-05-26T23:42:03.000Z,22.88,-23.02,22.18,-0.7,0,0.02,4508.94,4520.16,,4520.08,BUY,USD,1,1,1583663
D#1702715,XAUUSD,100,288230376152379250,288230376152036748,288230376154623605,288230376154623086,18352,2026-05-26T18:38:36.000Z,2026-05-26T23:44:28.000Z,126.69,-127.03999999999999,124.93,-1.76,0,0.05,4495.86,4525.02,,4525.2,BUY,USD,1,1,1583663
D#1614622,XAUUSD,100,288230376152379690,288230376152041557,288230376154674077,288230376154673356,144,2026-05-26T23:47:07.000Z,2026-05-26T23:49:31.000Z,98.8,-100.2,91.8,-7,0,0.2,4525.84,4521.12,,4520.23,SELL,USD,1,1,1583663
D#1702589,XAUUSD,100,288230376152379774,288230376152040569,288230376154674454,288230376154665228,2337,2026-05-26T23:11:47.000Z,2026-05-26T23:50:44.000Z,51,-51.28,49.6,-1.4,0,0.04,4508.82,4521.35,4496.77,4536.68,BUY,USD,1,1,1583663
D#1614593,XAUUSD,100,288230376152382083,288230376152041880,288230376154686876,288230376154676360,2006,2026-05-26T23:59:44.000Z,2026-05-27T00:33:10.000Z,1.5,-1.85,-0.26,-1.76,0,0.05,4519.41,4519.49,,,BUY,USD,1,1,1583663
D#1702728,XAUUSD,100,288230376152382863,288230376152043086,288230376154690709,288230376154688181,588,2026-05-27T00:38:13.000Z,2026-05-27T00:48:01.000Z,17.05,-17.82,13.19,-3.86,0,0.11,4520.16,4521.49,,,BUY,USD,1,1,1583663
D#1670923,XAUUSD,100,288230376152382911,288230376152033727,288230376154690937,288230376154592551,28834,2026-05-26T16:48:22.000Z,2026-05-27T00:48:56.000Z,110.04,-110.53,107.58,-2.46,0,0.07,4504.87,4520.37,,5116.15,BUY,USD,1,1,1583663
D#1670955,XAUUSD,100,288230376152383198,288230376152001870,288230376154692588,288230376154333966,78536,2026-05-26T03:06:35.000Z,2026-05-27T00:55:31.000Z,-17.23,17.16,-17.59,-0.36,0,0.01,4534.99,4517.54,,,BUY,USD,1,1,1583663
