accountId,instrument,lotSize,closeTradeId,positionId,closeOrderId,openOrderId,durationSec,openDateTime,closeDateTime,profit,reverseProfit,netProfit,commission,swap,amount,openPrice,closePrice,slPrice,tpPrice,side,currency,openTradeCrossPrice,closeTradeCrossPrice,userGroupId
D#1702370,XAUUSD,100,288230376152122452,288230376151914663,288230376153564865,288230376153564823,6,2026-05-22T01:03:39.000Z,2026-05-22T01:03:45.000Z,50.5,-54.0,33.0,-17.5,0,0.5,4532.89,4532.1,4533.86,4526,SELL,USD,1,1,1583663
D#1670934,XAUUSD,100,288230376152122537,288230376151914639,288230376153564847,288230376153564647,111,2026-05-22T01:03:13.000Z,2026-05-22T01:05:04.000Z,-36.9,35.85,-42.16,-5.26,0,0.15,4531.32,4528.64,4528.51,4538.95,BUY,USD,1,1,1583663
D#1671059,XAUUSD,100,288230376152122590,288230376151914675,288230376153565175,288230376153565038,69,2026-05-22T01:04:15.000Z,2026-05-22T01:05:24.000Z,131,-132.4,124.0,-7,0,0.2,4531.92,4525.59,4531.79,4525.37,SELL,USD,1,1,1583663
D#1702611,XAUUSD,100,288230376152122636,288230376151914655,288230376153564959,288230376153564777,116,2026-05-22T01:03:32.000Z,2026-05-22T01:05:28.000Z,-34.9,34.55,-36.66,-1.76,0,0.05,4531.8,4524.6,4524.11,4540.51,BUY,USD,1,1,1583663
D#1670934,XAUUSD,100,288230376152122697,288230376151914726,288230376153565707,288230376153565421,28,2026-05-22T01:05:13.000Z,2026-05-22T01:05:41.000Z,-27.45,26.4,-32.71,-5.26,0,0.15,4527.49,4525.44,,4535.1,BUY,USD,1,1,1583663
D#1702655,XAUUSD,100,288230376152122848,288230376151914811,288230376153566354,288230376153565805,71,2026-05-22T01:05:53.000Z,2026-05-22T01:07:04.000Z,-108,106.6,-115.0,-7,0,0.2,4524.63,4530.25,,,SELL,USD,1,1,1583663
D#1702655,XAUUSD,100,288230376152122916,288230376151914892,288230376153566716,288230376153566488,42,2026-05-22T01:07:25.000Z,2026-05-22T01:08:07.000Z,-33.72,32.879999999999995,-37.92,-4.2,0,0.12,4530.75,4527.72,,,BUY,USD,1,1,1583663
D#1671059,XAUUSD,100,288230376152123045,288230376151914884,288230376153566560,288230376153566432,141,2026-05-22T01:07:16.000Z,2026-05-22T01:09:37.000Z,130.6,-132.0,123.6,-7,0,0.2,4529.96,4523.65,4529.3,4523.59,SELL,USD,1,1,1583663
D#1702533,XAUUSD,100,288230376152123047,288230376151914473,288230376153563934,288230376153563510,534,2026-05-22T01:00:44.000Z,2026-05-22T01:09:38.000Z,-53.34,52.85,-55.8,-2.46,0,0.07,4531.29,4523.45,4523.85,4547.54,BUY,USD,1,1,1583663
D#1702556,XAUUSD,100,288230376152123135,288230376151914551,288230376153567722,288230376153564001,553,2026-05-22T01:01:49.000Z,2026-05-22T01:11:02.000Z,40.85,-41.2,39.09,-1.76,0,0.05,4533.74,4525.79,4533.67,4514.06,SELL,USD,1,1,1583663
D#1671059,XAUUSD,100,288230376152123195,288230376151915031,288230376153567673,288230376153567625,89,2026-05-22T01:10:46.000Z,2026-05-22T01:12:15.000Z,-23.66,22.68,-28.56,-4.9,0,0.14,4525.44,4527.35,4527.27,4521.22,SELL,USD,1,1,1583663
D#1671059,XAUUSD,100,288230376152123311,288230376151915108,288230376153568474,288230376153568434,51,2026-05-22T01:13:15.000Z,2026-05-22T01:14:06.000Z,-18.76,17.78,-23.66,-4.9,0,0.14,4527.82,4529.38,4529.19,4521.61,SELL,USD,1,1,1583663
D#1702655,XAUUSD,100,288230376152123370,288230376151914942,288230376153568877,288230376153567058,325,2026-05-22T01:09:15.000Z,2026-05-22T01:14:40.000Z,-46.32,45.48,-50.52,-4.2,0,0.12,4525.48,4529.56,,,SELL,USD,1,1,1583663
D#1702371,XAUUSD,100,288230376152123369,288230376151915096,288230376153568871,288230376153568307,104,2026-05-22T01:12:56.000Z,2026-05-22T01:14:40.000Z,16.5,-17.2,13.0,-3.5,0,0.1,4527.95,4529.38,,,BUY,USD,1,1,1583663
D#1671059,XAUUSD,100,288230376152123375,288230376151915142,288230376153568762,288230376153568721,27,2026-05-22T01:14:16.000Z,2026-05-22T01:14:43.000Z,-15.96,14.98,-20.86,-4.9,0,0.14,4528.55,4529.91,4529.79,,SELL,USD,1,1,1583663
D#1702370,XAUUSD,100,288230376152123417,288230376151914918,288230376153567227,288230376153566774,413,2026-05-22T01:08:18.000Z,2026-05-22T01:15:11.000Z,116.5,-120.0,99.0,-17.5,0,0.5,4528.27,4530.38,4526.85,4530.24,BUY,USD,1,1,1583663
D#1702363,XAUUSD,100,288230376152123450,288230376151914800,288230376153566316,288230376153565709,590,2026-05-22T01:05:41.000Z,2026-05-22T01:15:31.000Z,-72.15,71.24000000000001,-76.71,-4.56,0,0.13,4525.45,4531.22,4531.19,4517.86,SELL,USD,1,1,1583663
D#1702371,XAUUSD,100,288230376152123465,288230376151915178,288230376153569267,288230376153568990,41,2026-05-22T01:14:56.000Z,2026-05-22T01:15:37.000Z,31.2,-32.6,24.2,-7,0,0.2,4529.81,4531.15,,,BUY,USD,1,1,1583663
D#1671093,XAUUSD,100,288230376152123503,288230376151915034,288230376153569434,288230376153567698,308,2026-05-22T01:10:58.000Z,2026-05-22T01:16:06.000Z,-58.6,57.9,-62.1,-3.5,0,0.1,4525.28,4531.36,,,SELL,USD,1,1,1583663
D#1671059,XAUUSD,100,288230376152123590,288230376151915243,288230376153569592,288230376153569550,99,2026-05-22T01:16:26.000Z,2026-05-22T01:18:05.000Z,3.6,-5.0,-3.4,-7,0,0.2,4530.33,4530.37,4530.19,4523.7,SELL,USD,1,1,1583663
D#1671059,XAUUSD,100,288230376152123619,288230376151915298,288230376153570168,288230376153570138,12,2026-05-22T01:18:31.000Z,2026-05-22T01:18:43.000Z,-38.88,37.2,-47.28,-8.4,0,0.24,4529.94,4531.78,4531.37,,SELL,USD,1,1,1583663
D#1702371,XAUUSD,100,288230376152123737,288230376151915242,288230376153570846,288230376153569535,265,2026-05-22T01:16:23.000Z,2026-05-22T01:20:48.000Z,58.2,-59.6,51.2,-7,0,0.2,4530.67,4533.36,,,BUY,USD,1,1,1583663
D#1702455,XAUUSD,100,288230376152123787,288230376151914998,288230376153571120,288230376153567407,701,2026-05-22T01:10:08.000Z,2026-05-22T01:21:49.000Z,66.9,-67.60000000000001,63.4,-3.5,0,0.1,4525.05,4531.52,,4536.94,BUY,USD,1,1,1583663
D#1671059,XAUUSD,100,288230376152123797,288230376151915312,288230376153570309,288230376153570263,190,2026-05-22T01:18:55.000Z,2026-05-22T01:22:05.000Z,-15.6,13.5,-26.1,-10.5,0,0.3,4531.81,4531.07,4531.26,4536.22,BUY,USD,1,1,1583663
D#1671059,XAUUSD,100,288230376152123816,288230376151915404,288230376153571264,288230376153571232,21,2026-05-22T01:22:15.000Z,2026-05-22T01:22:36.000Z,-26.95,24.5,-39.21,-12.26,0,0.35,4531.5,4530.51,4530.63,,BUY,USD,1,1,1583663
D#1702347,XAUUSD,100,288230376152123870,288230376151915409,288230376153571579,288230376153571290,55,2026-05-22T01:22:29.000Z,2026-05-22T01:23:24.000Z,0.24,-0.31,-0.12,-0.36,0,0.01,4531.26,4531.28,,,BUY,USD,1,1,1583663
D#1702371,XAUUSD,100,288230376152123877,288230376151915375,288230376153571612,288230376153570913,150,2026-05-22T01:21:00.000Z,2026-05-22T01:23:30.000Z,81.3,-83.39999999999999,70.8,-10.5,0,0.3,4533.02,4530.53,,,SELL,USD,1,1,1583663
D#1702363,XAUUSD,100,288230376152123915,288230376151915222,288230376153569632,288230376153569281,510,2026-05-22T01:15:39.000Z,2026-05-22T01:24:09.000Z,-35.49,34.580000000000005,-40.05,-4.56,0,0.13,4531.14,4528.19,4528.5,4534.5,BUY,USD,1,1,1583663
D#1702438,XAUUSD,100,288230376152123911,288230376151915315,288230376153571716,288230376153570327,301,2026-05-22T01:19:08.000Z,2026-05-22T01:24:09.000Z,-46.65,45.6,-51.91,-5.26,0,0.15,4531.6,4528.27,4528.72,,BUY,USD,1,1,1583663
D#1702370,XAUUSD,100,288230376152124011,288230376151915295,288230376153570260,288230376153570120,408,2026-05-22T01:18:27.000Z,2026-05-22T01:25:15.000Z,112.5,-116.0,95.0,-17.5,0,0.5,4529.31,4527.28,,4527.22,SELL,USD,1,1,1583663
D#1671059,XAUUSD,100,288230376152124014,288230376151915431,288230376153571638,288230376153571502,127,2026-05-22T01:23:09.000Z,2026-05-22T01:25:16.000Z,139.65,-142.1,127.39,-12.26,0,0.35,4530.56,4526.79,4528.97,4526.82,SELL,USD,1,1,1583663
D#1702556,XAUUSD,100,288230376152124049,288230376151915049,288230376153568131,288230376153567877,842,2026-05-22T01:11:36.000Z,2026-05-22T01:25:38.000Z,1.55,-1.9000000000000001,-0.21,-1.76,0,0.05,4526.58,4526.67,4526.5,4538.82,BUY,USD,1,1,1583663
D#1671059,XAUUSD,100,288230376152124110,288230376151915548,288230376153572534,288230376153572488,17,2026-05-22T01:26:03.000Z,2026-05-22T01:26:20.000Z,-48.06,46.17,-57.52,-9.46,0,0.27,4529.6,4531.6,4531.53,,SELL,USD,1,1,1583663
D#1702347,XAUUSD,100,288230376152124118,288230376151915480,288230376153572608,288230376153571957,109,2026-05-22T01:24:33.000Z,2026-05-22T01:26:22.000Z,87.75,-89.5,78.99,-8.76,0,0.25,4528.11,4531.4,,4532.49,BUY,USD,1,1,1583663
D#1702363,XAUUSD,100,288230376152124143,288230376151915483,288230376153572063,288230376153571973,115,2026-05-22T01:24:35.000Z,2026-05-22T01:26:30.000Z,-49.01,48.1,-53.57,-4.56,0,0.13,4528.12,4532.11,4531.66,4523.54,SELL,USD,1,1,1583663
D#1702371,XAUUSD,100,288230376152124165,288230376151915486,288230376153572734,288230376153572001,124,2026-05-22T01:24:40.000Z,2026-05-22T01:26:44.000Z,152.4,-155.20000000000002,138.4,-14,0,0.4,4528.08,4531.67,,,BUY,USD,1,1,1583663
D#1671059,XAUUSD,100,288230376152124238,288230376151915606,288230376153572959,288230376153572904,50,2026-05-22T01:27:10.000Z,2026-05-22T01:28:00.000Z,-25.9,23.45,-38.16,-12.26,0,0.35,4531.12,4530.16,4530.43,4534.79,BUY,USD,1,1,1583663
D#1702371,XAUUSD,100,288230376152124259,288230376151915594,288230376153573341,288230376153572819,123,2026-05-22T01:26:56.000Z,2026-05-22T01:28:59.000Z,50,-52.8,36.0,-14,0,0.4,4531.68,4530.65,,,SELL,USD,1,1,1583663
D#1671059,XAUUSD,100,288230376152124262,288230376151915627,288230376153573220,288230376153573178,50,2026-05-22T01:28:16.000Z,2026-05-22T01:29:06.000Z,-38.5,36.05,-50.76,-12.26,0,0.35,4530.92,4529.6,4529.93,4534.33,BUY,USD,1,1,1583663
D#1702363,XAUUSD,100,288230376152124379,288230376151915578,288230376153574155,288230376153572693,319,2026-05-22T01:26:37.000Z,2026-05-22T01:31:56.000Z,44.2,-45.11,39.64,-4.56,0,0.13,4532,4528.82,4531.99,4524.71,SELL,USD,1,1,1583663
D#1671059,XAUUSD,100,288230376152124399,288230376151915640,288230376153573496,288230376153573439,171,2026-05-22T01:29:26.000Z,2026-05-22T01:32:17.000Z,129.5,-131.95,117.24,-12.26,0,0.35,4529.36,4525.88,4530.12,4525.8,SELL,USD,1,1,1583663
D#1702347,XAUUSD,100,288230376152124426,288230376151915643,288230376153574327,288230376153573498,166,2026-05-22T01:29:42.000Z,2026-05-22T01:32:28.000Z,88,-89.75,79.24,-8.76,0,0.25,4529.29,4525.99,4534.05,4524.65,SELL,USD,1,1,1583663
D#1702438,XAUUSD,100,288230376152124439,288230376151915686,288230376153574380,288230376153573952,86,2026-05-22T01:31:11.000Z,2026-05-22T01:32:37.000Z,-32.7,31.650000000000002,-37.96,-5.26,0,0.15,4529.25,4526.85,,,BUY,USD,1,1,1583663
D#1702363,XAUUSD,100,288230376152124442,288230376151915709,288230376153574388,288230376153574184,37,2026-05-22T01:32:02.000Z,2026-05-22T01:32:39.000Z,-29.64,28.73,-34.2,-4.56,0,0.13,4528.78,4526.28,4526.41,4532.13,BUY,USD,1,1,1583663
D#1671091,XAUUSD,100,288230376152124513,288230376151914896,288230376153568936,288230376153566563,1534,2026-05-22T01:07:39.000Z,2026-05-22T01:33:13.000Z,-113.2,111.8,-120.2,-7,0,0.2,4530.19,4524.31,4524.58,4535.23,BUY,USD,1,1,1583663
D#1671056,XAUUSD,100,288230376152124552,288230376151914664,288230376153574723,288230376153564898,1779,2026-05-22T01:03:50.000Z,2026-05-22T01:33:29.000Z,39.12,-39.54,37.02,-2.1,0,0.06,4532.85,4526.55,4540.01,4516.58,SELL,USD,1,1,1583663
D#1702751,XAUUSD,100,288230376152124633,288230376151915677,288230376153573814,288230376153573809,265,2026-05-22T01:30:47.000Z,2026-05-22T01:35:12.000Z,-70.84,69.86,-75.74,-4.9,0,0.14,4529.03,4523.75,4524,4535,BUY,USD,1,1,1583663
D#1702363,XAUUSD,100,288230376152124634,288230376151915746,288230376153574587,288230376153574433,145,2026-05-22T01:32:47.000Z,2026-05-22T01:35:12.000Z,-26.39,25.48,-30.95,-4.56,0,0.13,4526,4523.75,4523.9,4532.2,BUY,USD,1,1,1583663
D#1702556,XAUUSD,100,288230376152124674,288230376151915624,288230376153573334,288230376153573167,420,2026-05-22T01:28:14.000Z,2026-05-22T01:35:14.000Z,-39.25,38.9,-41.01,-1.76,0,0.05,4530.76,4522.69,4522.89,4542.88,BUY,USD,1,1,1583663
D#1671059,XAUUSD,100,288230376152124677,288230376151915802,288230376153574943,288230376153574856,82,2026-05-22T01:33:52.000Z,2026-05-22T01:35:14.000Z,110.1,-112.19999999999999,99.6,-10.5,0,0.3,4526.3,4522.85,4527.91,4522.8,SELL,USD,1,1,1583663
D#1702409,XAUUSD,100,288230376152124688,288230376151915581,288230376153573043,288230376153572725,512,2026-05-22T01:26:43.000Z,2026-05-22T01:35:15.000Z,119.08,-119.99,114.52,-4.56,0,0.13,4531.46,4522.52,4535.25,4522.53,SELL,USD,1,1,1583663
D#1671080,XAUUSD,100,288230376152124683,288230376151915795,288230376153574891,288230376153574802,92,2026-05-22T01:33:43.000Z,2026-05-22T01:35:15.000Z,-41,40.3,-44.5,-3.5,0,0.1,4526.63,4522.31,4522.7,4536.22,BUY,USD,1,1,1583663
D#1671080,XAUUSD,100,288230376152124841,288230376151915857,288230376153575472,288230376153575430,120,2026-05-22T01:35:32.000Z,2026-05-22T01:37:32.000Z,18.5,-20.25,9.74,-8.76,0,0.25,4523.74,4524.26,4524.66,4527.55,BUY,USD,1,1,1583663
D#1702696,XAUUSD,100,288230376152124895,288230376151915648,288230376153576276,288230376153573535,498,2026-05-22T01:29:51.000Z,2026-05-22T01:38:09.000Z,-35.8,35.449999999999996,-37.56,-1.76,0,0.05,4529.74,4522.36,,,BUY,USD,1,1,1583663
D#1671093,XAUUSD,100,288230376152124897,288230376151915783,288230376153576283,288230376153574710,283,2026-05-22T01:33:27.000Z,2026-05-22T01:38:10.000Z,-37.2,36.5,-40.7,-3.5,0,0.1,4526.3,4522.36,,,BUY,USD,1,1,1583663
D#1702371,XAUUSD,100,288230376152124941,288230376151915654,288230376153576614,288230376153573573,559,2026-05-22T01:29:59.000Z,2026-05-22T01:39:18.000Z,-279.6,276.8,-293.6,-14,0,0.4,4529.5,4522.29,,,BUY,USD,1,1,1583663
D#1702347,XAUUSD,100,288230376152125049,288230376151915821,288230376153575091,288230376153575090,380,2026-05-22T01:34:33.000Z,2026-05-22T01:40:53.000Z,-99,97.25,-107.76,-8.76,0,0.25,4525.96,4521.78,4522.05,4530.65,BUY,USD,1,1,1583663
D#1671080,XAUUSD,100,288230376152125075,288230376151915933,288230376153576233,288230376153576208,181,2026-05-22T01:37:56.000Z,2026-05-22T01:40:57.000Z,-54.5,52.75,-63.26,-8.76,0,0.25,4523.63,4521.23,4521.79,4527.33,BUY,USD,1,1,1583663
D#1671080,XAUUSD,100,288230376152125117,288230376151916059,288230376153577342,288230376153577334,2,2026-05-22T01:41:12.000Z,2026-05-22T01:41:14.000Z,0.75,-2.5,-8.01,-8.76,0,0.25,4522.5,4522.69,,,SELL,USD,1,1,1583663
D#1671080,XAUUSD,100,288230376152125190,288230376151916062,288230376153577593,288230376153577366,48,2026-05-22T01:41:18.000Z,2026-05-22T01:42:06.000Z,-97,95.25,-105.76,-8.76,0,0.25,4522.09,4526.19,4525.78,,SELL,USD,1,1,1583663
D#1702370,XAUUSD,100,288230376152125271,288230376151915758,288230376153574530,288230376153574524,622,2026-05-22T01:33:03.000Z,2026-05-22T01:43:25.000Z,104.5,-108.0,87.0,-17.5,0,0.5,4525.71,4527.58,,4527.73,BUY,USD,1,1,1583663
D#1671091,XAUUSD,100,288230376152125395,288230376151915877,288230376153578709,288230376153575676,541,2026-05-22T01:36:19.000Z,2026-05-22T01:45:20.000Z,-72,70.6,-79.0,-7,0,0.2,4523.36,4527.18,,4518.58,SELL,USD,1,1,1583663
D#1589408,XAUUSD,100,288230376152125720,288230376151916152,288230376153580234,288230376153578178,406,2026-05-22T01:43:48.000Z,2026-05-22T01:50:34.000Z,-28,27.65,-29.76,-1.76,0,0.05,4525.28,4531.1,4548.88,4502.63,SELL,USD,1,1,1583663
D#1702347,XAUUSD,100,288230376152125728,288230376151916236,288230376153580279,288230376153578878,285,2026-05-22T01:45:55.000Z,2026-05-22T01:50:40.000Z,102.75,-104.5,93.99,-8.76,0,0.25,4526.98,4530.87,,,BUY,USD,1,1,1583663
D#1702413,XAUUSD,100,288230376152125887,288230376151916408,288230376153581109,288230376153580522,117,2026-05-22T01:51:15.000Z,2026-05-22T01:53:12.000Z,-3.05,2.6999999999999997,-4.81,-1.76,0,0.05,4531.97,4531.14,,,BUY,USD,1,1,1583663
D#1702347,XAUUSD,100,288230376152125924,288230376151916371,288230376153581272,288230376153580302,183,2026-05-22T01:50:43.000Z,2026-05-22T01:53:46.000Z,41.25,-43.0,32.49,-8.76,0,0.25,4531.1,4529.67,,,SELL,USD,1,1,1583663
D#1670937,XAUUSD,100,288230376152126004,288230376151916457,288230376153581779,288230376153581017,154,2026-05-22T01:52:56.000Z,2026-05-22T01:55:30.000Z,151.2,-154.56,134.4,-16.8,0,0.48,4530.03,4527.1,4529.64,4526.02,SELL,USD,1,1,1583663
D#1702734,XAUUSD,100,288230376152126042,288230376151916481,288230376153581910,288230376153581241,133,2026-05-22T01:53:39.000Z,2026-05-22T01:55:52.000Z,9.6,-9.81,8.54,-1.06,0,0.03,4529.31,4526.33,4533.35,4522.13,SELL,USD,1,1,1583663
D#1702370,XAUUSD,100,288230376152126172,288230376151916597,288230376153582782,288230376153582638,29,2026-05-22T01:58:41.000Z,2026-05-22T01:59:10.000Z,17,-20.5,-0.5,-17.5,0,0.5,4526.34,4526.22,,4524.03,SELL,USD,1,1,1583663
D#1702438,XAUUSD,100,288230376152126323,288230376151916665,288230376153583908,288230376153583351,127,2026-05-22T02:01:04.000Z,2026-05-22T02:03:11.000Z,7.05,-8.1,1.79,-5.26,0,0.15,4527.16,4527.41,,,BUY,USD,1,1,1583663
D#1670937,XAUUSD,100,288230376152126421,288230376151916645,288230376153583151,288230376153583148,314,2026-05-22T02:00:23.000Z,2026-05-22T02:05:37.000Z,-93.6,90.24,-110.4,-16.8,0,0.48,4526.86,4524.69,4524.81,4531.58,BUY,USD,1,1,1583663
D#1702556,XAUUSD,100,288230376152126512,288230376151915952,288230376153576513,288230376153576335,1685,2026-05-22T01:38:18.000Z,2026-05-22T02:06:23.000Z,1.04,-1.6,-1.76,-2.8,0,0.08,4523.17,4523.08,4523.53,4536.44,BUY,USD,1,1,1583663
D#1671093,XAUUSD,100,288230376152126525,288230376151916135,288230376153584810,288230376153578077,1381,2026-05-22T01:43:28.000Z,2026-05-22T02:06:29.000Z,47,-47.7,43.5,-3.5,0,0.1,4527.06,4522.58,,,SELL,USD,1,1,1583663
D#1670921,XAUUSD,100,288230376152126543,288230376151916206,288230376153584861,288230376153578612,1293,2026-05-22T01:45:07.000Z,2026-05-22T02:06:40.000Z,-203.84,200.41,-221.0,-17.16,0,0.49,4526.69,4522.31,4521.13,4531.84,BUY,USD,1,1,1583663
D#1702567,XAUUSD,100,288230376152126545,288230376151916128,288230376153578423,288230376153578014,1408,2026-05-22T01:43:15.000Z,2026-05-22T02:06:43.000Z,-109,107.6,-116.0,-7,0,0.2,4527.17,4521.5,4521.72,4532.69,BUY,USD,1,1,1583663
D#1671056,XAUUSD,100,288230376152126645,288230376151916472,288230376153585513,288230376153581174,925,2026-05-22T01:53:25.000Z,2026-05-22T02:08:50.000Z,28.62,-29.040000000000003,26.52,-2.1,0,0.06,4530.25,4525.7,4541.55,4520.09,SELL,USD,1,1,1583663
D#1702567,XAUUSD,100,288230376152126803,288230376151916840,288230376153586542,288230376153585197,307,2026-05-22T02:07:42.000Z,2026-05-22T02:12:49.000Z,74.8,-76.2,67.8,-7,0,0.2,4524.39,4527.91,4521.22,4530.23,BUY,USD,1,1,1583663
D#1702347,XAUUSD,100,288230376152126916,288230376151916489,288230376153587261,288230376153581304,1308,2026-05-22T01:53:50.000Z,2026-05-22T02:15:38.000Z,5.25,-7.0,-3.51,-8.76,0,0.25,4528.94,4528.93,,,BUY,USD,1,1,1583663
D#1671059,XAUUSD,100,288230376152126938,288230376151916948,288230376153586441,288230376153586384,230,2026-05-22T02:12:08.000Z,2026-05-22T02:15:58.000Z,-27.75,26.0,-36.51,-8.76,0,0.25,4527.71,4526.38,4526.42,4531.94,BUY,USD,1,1,1583663
D#1702347,XAUUSD,100,288230376152126993,288230376151917045,288230376153587577,288230376153587446,31,2026-05-22T02:16:19.000Z,2026-05-22T02:16:50.000Z,26.75,-28.5,17.99,-8.76,0,0.25,4526.59,4525.74,,4522.05,SELL,USD,1,1,1583663
D#1702347,XAUUSD,100,288230376152127001,288230376151917060,288230376153587632,288230376153587583,9,2026-05-22T02:16:54.000Z,2026-05-22T02:17:03.000Z,12,-13.75,3.24,-8.76,0,0.25,4525.44,4525.7,,,BUY,USD,1,1,1583663
D#1702561,XAUUSD,100,288230376152127004,288230376151917053,288230376153587665,288230376153587374,30,2026-05-22T02:16:39.000Z,2026-05-22T02:17:09.000Z,1.59,-1.8,0.53,-1.06,0,0.03,4525.17,4525.48,4521.14,,BUY,USD,1,1,1583663
D#1671059,XAUUSD,100,288230376152127054,288230376151917085,288230376153587913,288230376153587862,28,2026-05-22T02:18:02.000Z,2026-05-22T02:18:30.000Z,-46.25,44.5,-55.01,-8.76,0,0.25,4527.77,4525.7,4525.82,,BUY,USD,1,1,1583663
D#1702556,XAUUSD,100,288230376152127081,288230376151916839,288230376153585445,288230376153585192,703,2026-05-22T02:07:41.000Z,2026-05-22T02:19:24.000Z,0.6,-1.3,-2.9,-3.5,0,0.1,4524.42,4524.26,4524.46,4534.83,BUY,USD,1,1,1583663
D#1702438,XAUUSD,100,288230376152127094,288230376151916928,288230376153586569,288230376153586262,498,2026-05-22T02:11:38.000Z,2026-05-22T02:19:56.000Z,-50.1,49.050000000000004,-55.36,-5.26,0,0.15,4527.52,4523.96,4524.08,,BUY,USD,1,1,1583663
D#1702347,XAUUSD,100,288230376152127096,288230376151917065,288230376153588281,288230376153587644,173,2026-05-22T02:17:06.000Z,2026-05-22T02:19:59.000Z,36.75,-38.5,27.99,-8.76,0,0.25,4525.42,4524.17,,,SELL,USD,1,1,1583663
D#1670937,XAUUSD,100,288230376152127107,288230376151916959,288230376153586537,288230376153586536,448,2026-05-22T02:12:48.000Z,2026-05-22T02:20:16.000Z,-200.64,197.27999999999997,-217.44,-16.8,0,0.48,4528.01,4523.61,4523.57,4536.37,BUY,USD,1,1,1583663
D#1702524,XAUUSD,100,288230376152127108,288230376151917067,288230376153588334,288230376153587709,173,2026-05-22T02:17:23.000Z,2026-05-22T02:20:16.000Z,-4.18,4.04,-4.88,-0.7,0,0.02,4525.92,4523.61,4481.75,4589.45,BUY,USD,1,1,1583663
D#1671056,XAUUSD,100,288230376152127208,288230376151916957,288230376153588929,288230376153586466,604,2026-05-22T02:12:27.000Z,2026-05-22T02:22:31.000Z,20.22,-20.64,18.12,-2.1,0,0.06,4527.48,4524.33,4539.11,4512.54,SELL,USD,1,1,1583663
D#1702561,XAUUSD,100,288230376152127228,288230376151917101,288230376153588196,288230376153587943,231,2026-05-22T02:19:07.000Z,2026-05-22T02:22:58.000Z,3.75,-3.96,2.69,-1.06,0,0.03,4524.7,4525.73,4521.13,4525.42,BUY,USD,1,1,1583663
D#1702407,XAUUSD,100,288230376152127338,288230376151917254,288230376153589752,288230376153589742,3,2026-05-22T02:26:14.000Z,2026-05-22T02:26:17.000Z,0.17,-0.24000000000000002,-0.19,-0.36,0,0.01,4524.25,4524.3,,,SELL,USD,1,1,1583663
D#1702751,XAUUSD,100,288230376152127360,288230376151916237,288230376153590010,288230376153578881,2505,2026-05-22T01:45:56.000Z,2026-05-22T02:27:41.000Z,21.98,-22.96,17.08,-4.9,0,0.14,4526.72,4525.37,4530.02,4519,SELL,USD,1,1,1583663
D#1702438,XAUUSD,100,288230376152127413,288230376151917191,288230376153590403,288230376153589021,400,2026-05-22T02:22:58.000Z,2026-05-22T02:29:38.000Z,-27.3,26.25,-32.56,-5.26,0,0.15,4525.95,4523.91,4522.96,4528.47,BUY,USD,1,1,1583663
D#1589409,XAUUSD,100,288230376152127437,288230376151916757,288230376153586947,288230376153584463,1480,2026-05-22T02:05:24.000Z,2026-05-22T02:30:04.000Z,-3.21,3.14,-3.57,-0.36,0,0.01,4525.98,4522.55,4522.62,4545.29,BUY,USD,1,1,1583663
D#1702567,XAUUSD,100,288230376152127443,288230376151917010,288230376153587302,288230376153587063,918,2026-05-22T02:14:47.000Z,2026-05-22T02:30:05.000Z,116.4,-117.80000000000001,109.4,-7,0,0.2,4527.85,4522.25,4527.66,4521.98,SELL,USD,1,1,1583663
D#1589428,XAUUSD,100,288230376152127484,288230376151916515,288230376153582074,288230376153581695,2126,2026-05-22T01:55:11.000Z,2026-05-22T02:30:37.000Z,-18.45,18.24,-19.51,-1.06,0,0.03,4527.79,4521.42,4521.54,4531.98,BUY,USD,1,1,1583663
D#1671059,XAUUSD,100,288230376152127507,288230376151917255,288230376153589847,288230376153589757,278,2026-05-22T02:26:19.000Z,2026-05-22T02:30:57.000Z,67.9,-70.35000000000001,55.64,-12.26,0,0.35,4524.1,4522.38,4522.57,4520.31,SELL,USD,1,1,1583663
D#1589419,XAUUSD,100,288230376152127514,288230376151916306,288230376153590791,288230376153579740,2529,2026-05-22T01:48:54.000Z,2026-05-22T02:31:03.000Z,115.2,-116.60000000000001,108.2,-7,0,0.2,4527.03,4521.49,4536.05,4521.16,SELL,USD,1,1,1583663
D#1671066,XAUUSD,100,288230376152127677,288230376151916438,288230376153581546,288230376153580858,2462,2026-05-22T01:52:15.000Z,2026-05-22T02:33:17.000Z,-50.8,50.449999999999996,-52.56,-1.76,0,0.05,4530.8,4520.42,4520.59,4551.55,BUY,USD,1,1,1583663
D#1702456,XAUUSD,100,288230376152127683,288230376151916953,288230376153586577,288230376153586419,1264,2026-05-22T02:12:13.000Z,2026-05-22T02:33:17.000Z,107.85,-108.89999999999999,102.59,-5.26,0,0.15,4527.58,4520.61,4531.65,4520.36,SELL,USD,1,1,1583663
D#1702630,XAUUSD,100,288230376152127695,288230376151915320,288230376153570617,288230376153570367,4443,2026-05-22T01:19:15.000Z,2026-05-22T02:33:18.000Z,-57.9,57.55,-59.66,-1.76,0,0.05,4531.59,4519.79,4519.98,4541.29,BUY,USD,1,1,1583663
D#1670962,XAUUSD,100,288230376152127696,288230376151915613,288230376153573361,288230376153572994,3947,2026-05-22T01:27:31.000Z,2026-05-22T02:33:18.000Z,-110.4,109.7,-113.9,-3.5,0,0.1,4531.05,4519.79,4520,4542.9,BUY,USD,1,1,1583663
D#1702493,XAUUSD,100,288230376152127694,288230376151916613,288230376153582888,288230376153582768,2050,2026-05-22T01:59:08.000Z,2026-05-22T02:33:18.000Z,122,-123.4,115.0,-7,0,0.2,4525.91,4520.03,4530.49,4519.95,SELL,USD,1,1,1583663
D#1702516,XAUUSD,100,288230376152127699,288230376151916799,288230376153585673,288230376153584740,1619,2026-05-22T02:06:19.000Z,2026-05-22T02:33:18.000Z,-109.25,107.5,-118.01,-8.76,0,0.25,4524.38,4519.79,4520.1,4532.59,BUY,USD,1,1,1583663
D#1702718,XAUUSD,100,288230376152127697,288230376151917194,288230376153589152,288230376153589033,619,2026-05-22T02:22:59.000Z,2026-05-22T02:33:18.000Z,-59.3,58.599999999999994,-62.8,-3.5,0,0.1,4525.94,4519.79,4520,4535,BUY,USD,1,1,1583663
D#1589408,XAUUSD,100,288230376152127713,288230376151916379,288230376153580832,288230376153580370,2546,2026-05-22T01:50:53.000Z,2026-05-22T02:33:19.000Z,-114.6,113.89999999999999,-118.1,-3.5,0,0.1,4531.09,4519.41,4519.6,4542.83,BUY,USD,1,1,1583663
D#1702556,XAUUSD,100,288230376152127711,288230376151917252,288230376153589857,288230376153589683,445,2026-05-22T02:25:54.000Z,2026-05-22T02:33:19.000Z,-48.9,48.199999999999996,-52.4,-3.5,0,0.1,4524.57,4519.46,4519.88,4534.72,BUY,USD,1,1,1583663
D#1591591,XAUUSD,100,288230376152127770,288230376151917139,288230376153591525,288230376153588495,772,2026-05-22T02:20:48.000Z,2026-05-22T02:33:40.000Z,-219.5,216.0,-237.0,-17.5,0,0.5,4524.23,4519.62,,,BUY,USD,1,1,1583663
D#1671093,XAUUSD,100,288230376152127791,288230376151916977,288230376153591685,288230376153586769,1229,2026-05-22T02:13:49.000Z,2026-05-22T02:34:18.000Z,78.8,-79.5,75.3,-3.5,0,0.1,4528.2,4520.54,,,SELL,USD,1,1,1583663
D#1702470,XAUUSD,100,288230376152127866,288230376151917214,288230376153592142,288230376153589190,758,2026-05-22T02:23:33.000Z,2026-05-22T02:36:11.000Z,54,-54.7,50.49,-3.51,0,0.1,4525.62,4520.63,4531.05,4515.58,SELL,USD,1,1,1583663
D#1589428,XAUUSD,100,288230376152127925,288230376151917424,288230376153592502,288230376153591722,196,2026-05-22T02:34:26.000Z,2026-05-22T02:37:42.000Z,23.5,-24.2,20.0,-3.5,0,0.1,4519.75,4521.88,,,BUY,USD,1,1,1583663
D#1702595,XAUUSD,100,288230376152127974,288230376151917521,288230376153592888,288230376153592833,16,2026-05-22T02:39:14.000Z,2026-05-22T02:39:30.000Z,4.2,-4.9,0.7,-3.5,0,0.1,4521.45,4521.65,,,BUY,USD,1,1,1583663
D#1702438,XAUUSD,100,288230376152128008,288230376151917302,288230376153593153,288230376153590443,649,2026-05-22T02:29:49.000Z,2026-05-22T02:40:38.000Z,6.15,-7.2,0.89,-5.26,0,0.15,4523.65,4523.46,,,SELL,USD,1,1,1583663
D#1702493,XAUUSD,100,288230376152128041,288230376151917426,288230376153593305,288230376153591776,395,2026-05-22T02:34:41.000Z,2026-05-22T02:41:16.000Z,46,-47.4,39.0,-7,0,0.2,4520.05,4522.13,4515.61,4526.25,BUY,USD,1,1,1583663
D#1702595,XAUUSD,100,288230376152128049,288230376151917530,288230376153593369,288230376153593011,91,2026-05-22T02:40:03.000Z,2026-05-22T02:41:34.000Z,31,-34.5,13.5,-17.5,0,0.5,4521.88,4522.28,,,BUY,USD,1,1,1583663
D#1702722,XAUUSD,100,288230376152128072,288230376151917507,288230376153592772,288230376153592662,223,2026-05-22T02:38:20.000Z,2026-05-22T02:42:03.000Z,109.6,-112.39999999999999,95.6,-14,0,0.4,4521.26,4523.78,4519.41,4523.98,BUY,USD,1,1,1583663
D#1671055,XAUUSD,100,288230376152128190,288230376151914888,288230376153593439,288230376153566472,5828,2026-05-22T01:07:23.000Z,2026-05-22T02:44:31.000Z,-35.75,35.4,-37.51,-1.76,0,0.05,4531.17,4523.8,4523.92,,BUY,USD,1,1,1583663
D#1671093,XAUUSD,100,288230376152128342,288230376151917553,288230376153594849,288230376153593236,392,2026-05-22T02:40:54.000Z,2026-05-22T02:47:26.000Z,8.6,-10.0,1.6,-7,0,0.2,4522.72,4522.93,,,BUY,USD,1,1,1583663
D#1702722,XAUUSD,100,288230376152128428,288230376151917592,288230376153593681,288230376153593672,425,2026-05-22T02:42:48.000Z,2026-05-22T02:49:53.000Z,48,-50.8,34.0,-14,0,0.4,4524.23,4525.21,4521.61,4525.29,BUY,USD,1,1,1583663
D#1702595,XAUUSD,100,288230376152128530,288230376151917564,288230376153595852,288230376153593415,592,2026-05-22T02:41:48.000Z,2026-05-22T02:51:40.000Z,-184.5,181.0,-202.0,-17.5,0,0.5,4522.79,4526.7,,,SELL,USD,1,1,1583663
D#1702438,XAUUSD,100,288230376152128548,288230376151917721,288230376153595945,288230376153595353,140,2026-05-22T02:49:41.000Z,2026-05-22T02:52:01.000Z,20.85,-21.900000000000002,15.59,-5.26,0,0.15,4524.96,4526.13,,,BUY,USD,1,1,1583663
D#1702567,XAUUSD,100,288230376152128799,288230376151917376,288230376153591706,288230376153591283,1407,2026-05-22T02:32:59.000Z,2026-05-22T02:56:26.000Z,-42.4,41.0,-49.4,-7,0,0.2,4522.36,4520.02,4520.63,4528.17,BUY,USD,1,1,1583663
D#1589419,XAUUSD,100,288230376152128805,288230376151917739,288230376153597204,288230376153595589,352,2026-05-22T02:50:38.000Z,2026-05-22T02:56:30.000Z,110,-111.4,103.0,-7,0,0.2,4525.58,4520.3,4533.34,4519.99,SELL,USD,1,1,1583663
D#1702438,XAUUSD,100,288230376152129016,288230376151917962,288230376153598213,288230376153597759,107,2026-05-22T02:58:23.000Z,2026-05-22T03:00:10.000Z,-41.4,40.35,-46.66,-5.26,0,0.15,4520.08,4523.06,,,SELL,USD,1,1,1583663
D#1702493,XAUUSD,100,288230376152129043,288230376151917931,288230376153597602,288230376153597506,174,2026-05-22T02:57:30.000Z,2026-05-22T03:00:24.000Z,-88.4,87.0,-95.4,-7,0,0.2,4520.44,4525.08,4525,4514.43,SELL,USD,1,1,1583663
D#1702516,XAUUSD,100,288230376152129169,288230376151918047,288230376153598987,288230376153598490,136,2026-05-22T03:01:04.000Z,2026-05-22T03:03:20.000Z,-2.84,2.77,-3.2,-0.36,0,0.01,4524.95,4521.89,,,BUY,USD,1,1,1583663
D#1702493,XAUUSD,100,288230376152129187,288230376151918033,288230376153599045,288230376153598369,173,2026-05-22T03:00:40.000Z,2026-05-22T03:03:33.000Z,57.8,-59.199999999999996,50.8,-7,0,0.2,4524.49,4521.82,4528.66,4517.99,SELL,USD,1,1,1583663
D#1702376,XAUUSD,100,288230376152129365,288230376151918141,288230376153599862,288230376153599393,104,2026-05-22T03:04:57.000Z,2026-05-22T03:06:41.000Z,-67.83,66.36,-75.19,-7.36,0,0.21,4525.26,4521.81,,,BUY,USD,1,1,1583663
D#1702718,XAUUSD,100,288230376152129413,288230376151917499,288230376153600163,288230376153592574,1793,2026-05-22T02:38:04.000Z,2026-05-22T03:07:57.000Z,23.2,-23.9,19.7,-3.5,0,0.1,4520.83,4522.93,4518,4528,BUY,USD,1,1,1583663
D#1702457,XAUUSD,100,288230376152129744,288230376151918418,288230376153602285,288230376153602282,34,2026-05-22T03:17:28.000Z,2026-05-22T03:18:02.000Z,-13.65,12.6,-18.91,-5.26,0,0.15,4521.09,4522.22,4522.23,,SELL,USD,1,1,1583663
D#1670913,XAUUSD,100,288230376152129808,288230376151917423,288230376153592489,288230376153591717,2788,2026-05-22T02:34:25.000Z,2026-05-22T03:20:53.000Z,17.1,-17.450000000000003,15.34,-1.76,0,0.05,4519.74,4522.94,4510,4523,BUY,USD,1,1,1583663
D#1670913,XAUUSD,100,288230376152129861,288230376151918480,288230376153603408,288230376153603071,47,2026-05-22T03:21:56.000Z,2026-05-22T03:22:43.000Z,-0.85,0.49999999999999994,-2.61,-1.76,0,0.05,4521.62,4522.01,,,SELL,USD,1,1,1583663
D#1671093,XAUUSD,100,288230376152129928,288230376151917956,288230376153603965,288230376153597724,1614,2026-05-22T02:58:20.000Z,2026-05-22T03:25:14.000Z,33.2,-36.0,19.2,-14,0,0.4,4520.13,4520.74,,,BUY,USD,1,1,1583663
D#1702567,XAUUSD,100,288230376152129931,288230376151918124,288230376153599458,288230376153599243,1262,2026-05-22T03:04:20.000Z,2026-05-22T03:25:22.000Z,-65,63.6,-72.0,-7,0,0.2,4523.21,4519.74,4519.9,4529.02,BUY,USD,1,1,1583663
D#1702718,XAUUSD,100,288230376152129963,288230376151918242,288230376153604180,288230376153600374,1048,2026-05-22T03:08:53.000Z,2026-05-22T03:26:21.000Z,-21.2,20.5,-24.7,-3.5,0,0.1,4522.54,4520.2,,,BUY,USD,1,1,1583663
D#1671056,XAUUSD,100,288230376152129966,288230376151917492,288230376153604185,288230376153592430,2943,2026-05-22T02:37:19.000Z,2026-05-22T03:26:22.000Z,13.08,-13.5,10.98,-2.1,0,0.06,4522.33,4520.37,4534.37,,SELL,USD,1,1,1583663
D#1702746,XAUUSD,100,288230376152129980,288230376151917641,288230376153604271,288230376153594416,2467,2026-05-22T02:45:42.000Z,2026-05-22T03:26:49.000Z,44.4,-45.449999999999996,39.14,-5.26,0,0.15,4523.33,4520.59,4529.96,4515.74,SELL,USD,1,1,1583663
D#1702457,XAUUSD,100,288230376152130067,288230376151918565,288230376153604499,288230376153604375,170,2026-05-22T03:27:16.000Z,2026-05-22T03:30:06.000Z,30.75,-31.8,25.49,-5.26,0,0.15,4521.06,4522.89,4520.28,4522.95,BUY,USD,1,1,1583663
D#1702477,XAUUSD,100,288230376152130148,288230376151918610,288230376153605552,288230376153604933,137,2026-05-22T03:30:01.000Z,2026-05-22T03:32:18.000Z,1.3,-2.0,-2.2,-3.5,0,0.1,4522.49,4522.4,,,BUY,USD,1,1,1583663
D#1671069,XAUUSD,100,288230376152130154,288230376151918600,288230376153605020,288230376153604846,164,2026-05-22T03:29:40.000Z,2026-05-22T03:32:24.000Z,-17.46,17.04,-19.56,-2.1,0,0.06,4521.5,4524.63,4524.32,4514.54,SELL,USD,1,1,1583663
D#1702347,XAUUSD,100,288230376152130213,288230376151917137,288230376153605702,288230376153588465,4326,2026-05-22T02:20:42.000Z,2026-05-22T03:32:48.000Z,32.75,-34.5,23.99,-8.76,0,0.25,4524.04,4525.13,,4528.05,BUY,USD,1,1,1583663
D#1702751,XAUUSD,100,288230376152130223,288230376151918188,288230376153599743,288230376153599742,1607,2026-05-22T03:06:09.000Z,2026-05-22T03:32:56.000Z,-31.13,30.36,-34.99,-3.86,0,0.11,4522.25,4525.3,4525.25,4512.71,SELL,USD,1,1,1583663
D#1671093,XAUUSD,100,288230376152130227,288230376151918648,288230376153605745,288230376153605364,80,2026-05-22T03:31:38.000Z,2026-05-22T03:32:58.000Z,132,-135.5,114.5,-17.5,0,0.5,4522.42,4524.84,,,BUY,USD,1,1,1583663
D#1702686,XAUUSD,100,288230376152130234,288230376151918369,288230376153602142,288230376153601712,1081,2026-05-22T03:15:02.000Z,2026-05-22T03:33:03.000Z,109.25,-111.0,100.49,-8.76,0,0.25,4521.46,4525.61,,4525.82,BUY,USD,1,1,1583663
D#1702619,XAUUSD,100,288230376152130230,288230376151918519,288230376153603819,288230376153602805,506,2026-05-22T03:24:37.000Z,2026-05-22T03:33:03.000Z,-44.64,44.08,-47.44,-2.8,0,0.08,4520.12,4525.92,4525.35,4513.12,SELL,USD,1,1,1583663
D#1670915,XAUUSD,100,288230376152130238,288230376151918074,288230376153599189,288230376153598816,1839,2026-05-22T03:02:26.000Z,2026-05-22T03:33:05.000Z,-30.6,29.900000000000002,-34.1,-3.5,0,0.1,4522.84,4526.12,4525.95,4512.45,SELL,USD,1,1,1583663
D#1702704,XAUUSD,100,288230376152130297,288230376151918550,288230376153606044,288230376153604215,451,2026-05-22T03:26:34.000Z,2026-05-22T03:34:05.000Z,52.1,-52.800000000000004,48.6,-3.5,0,0.1,4520.83,4525.82,4517,4532,BUY,USD,1,1,1583663
D#1671093,XAUUSD,100,288230376152130334,288230376151918723,288230376153606243,288230376153606064,45,2026-05-22T03:34:10.000Z,2026-05-22T03:34:55.000Z,81.5,-85.0,64.0,-17.5,0,0.5,4525.72,4524.31,,,SELL,USD,1,1,1583663
D#1670915,XAUUSD,100,288230376152130357,288230376151918717,288230376153606368,288230376153605992,102,2026-05-22T03:33:46.000Z,2026-05-22T03:35:28.000Z,-19.1,18.400000000000002,-22.6,-3.5,0,0.1,4526.13,4524,,,BUY,USD,1,1,1583663
D#1702708,XAUUSD,100,288230376152130382,288230376151918773,288230376153606531,288230376153606523,3,2026-05-22T03:36:03.000Z,2026-05-22T03:36:06.000Z,0.8,-1.5,-2.7,-3.5,0,0.1,4523.47,4523.61,,,SELL,USD,1,1,1583663
D#1702708,XAUUSD,100,288230376152130431,288230376151918775,288230376153606877,288230376153606543,91,2026-05-22T03:36:09.000Z,2026-05-22T03:37:40.000Z,7.2,-7.9,3.7,-3.5,0,0.1,4523.87,4524.37,,,BUY,USD,1,1,1583663
D#1671059,XAUUSD,100,288230376152130456,288230376151918817,288230376153606937,288230376153606896,43,2026-05-22T03:37:46.000Z,2026-05-22T03:38:29.000Z,-28.6,27.200000000000003,-35.6,-7,0,0.2,4524.35,4526,4525.64,4518.68,SELL,USD,1,1,1583663
D#1702708,XAUUSD,100,288230376152130482,288230376151918822,288230376153607144,288230376153606919,65,2026-05-22T03:37:50.000Z,2026-05-22T03:38:55.000Z,51,-54.5,33.5,-17.5,0,0.5,4524.59,4525.39,,,BUY,USD,1,1,1583663
D#1702694,XAUUSD,100,288230376152130498,288230376151918806,288230376153607249,288230376153606794,126,2026-05-22T03:37:22.000Z,2026-05-22T03:39:28.000Z,0.15,-0.22,-0.21,-0.36,0,0.01,4525,4524.93,,,BUY,USD,1,1,1583663
D#1671059,XAUUSD,100,288230376152130512,288230376151918840,288230376153607121,288230376153607082,76,2026-05-22T03:38:39.000Z,2026-05-22T03:39:55.000Z,-36.63,34.32,-48.19,-11.56,0,0.33,4525.99,4524.66,4525.09,4529.25,BUY,USD,1,1,1583663
D#1702708,XAUUSD,100,288230376152130526,288230376151918862,288230376153607440,288230376153607357,26,2026-05-22T03:40:01.000Z,2026-05-22T03:40:27.000Z,-10,6.5,-27.5,-17.5,0,0.5,4524.95,4524.53,,,BUY,USD,1,1,1583663
D#1671059,XAUUSD,100,288230376152130546,288230376151918863,288230376153607383,288230376153607364,55,2026-05-22T03:40:03.000Z,2026-05-22T03:40:58.000Z,-26.86,24.48,-38.76,-11.9,0,0.34,4525.01,4524,4524.2,4528.35,BUY,USD,1,1,1583663
D#1702387,XAUUSD,100,288230376152130551,288230376151918829,288230376153607559,288230376153606990,166,2026-05-22T03:38:14.000Z,2026-05-22T03:41:00.000Z,-25.2,23.099999999999998,-35.7,-10.5,0,0.3,4524.96,4523.9,4522.16,,BUY,USD,1,1,1583663
D#1671059,XAUUSD,100,288230376152130566,288230376151918885,288230376153607617,288230376153607590,23,2026-05-22T03:41:07.000Z,2026-05-22T03:41:30.000Z,-29.24,26.86,-41.14,-11.9,0,0.34,4523.95,4525.03,4524.81,4519.63,SELL,USD,1,1,1583663
D#1702715,XAUUSD,100,288230376152130574,288230376151918859,288230376153607695,288230376153607324,108,2026-05-22T03:39:51.000Z,2026-05-22T03:41:39.000Z,-19.8,15.95,-39.06,-19.26,0,0.55,4525.21,4525.79,,,SELL,USD,1,1,1583663
D#1671092,XAUUSD,100,288230376152130583,288230376151918785,288230376153607752,288230376153606621,327,2026-05-22T03:36:28.000Z,2026-05-22T03:41:55.000Z,8.04,-8.319999999999999,6.64,-1.4,0,0.04,4524.06,4525.85,4518.54,,BUY,USD,1,1,1583663
D#1702497,XAUUSD,100,288230376152130595,288230376151918877,288230376153607597,288230376153607519,81,2026-05-22T03:40:47.000Z,2026-05-22T03:42:08.000Z,-39.6,38.2,-46.6,-7,0,0.2,4524.28,4526.48,4526.34,,SELL,USD,1,1,1583663
D#1671059,XAUUSD,100,288230376152130592,288230376151918893,288230376153607722,288230376153607685,33,2026-05-22T03:41:35.000Z,2026-05-22T03:42:08.000Z,-48.96,46.58,-60.86,-11.9,0,0.34,4524.78,4526.44,4526.22,,SELL,USD,1,1,1583663
D#1670955,XAUUSD,100,288230376152130626,288230376151918567,288230376153607860,288230376153604423,890,2026-05-22T03:27:30.000Z,2026-05-22T03:42:20.000Z,-208.28,205.41,-222.64,-14.36,0,0.41,4521.33,4526.63,,4501,SELL,USD,1,1,1583663
D#1702493,XAUUSD,100,288230376152130635,288230376151918404,288230376153602128,288230376153602059,1562,2026-05-22T03:16:24.000Z,2026-05-22T03:42:26.000Z,-88.2,86.8,-95.2,-7,0,0.2,4522.16,4526.79,4526.59,4515.67,SELL,USD,1,1,1583663
D#1702434,XAUUSD,100,288230376152130661,288230376151918187,288230376153607951,288230376153599741,2191,2026-05-22T03:06:09.000Z,2026-05-22T03:42:40.000Z,-219.03,215.6,-236.19,-17.16,0,0.49,4522.25,4526.94,4530.29,4504.94,SELL,USD,1,1,1583663
D#1702704,XAUUSD,100,288230376152130684,288230376151918744,288230376153608099,288230376153606245,505,2026-05-22T03:34:55.000Z,2026-05-22T03:43:20.000Z,38.2,-39.6,31.2,-7,0,0.2,4524.35,4526.04,4519,4530,BUY,USD,1,1,1583663
D#1702694,XAUUSD,100,288230376152130692,288230376151918936,288230376153608125,288230376153607953,47,2026-05-22T03:42:41.000Z,2026-05-22T03:43:28.000Z,-11.2,10.5,-14.7,-3.5,0,0.1,4526.92,4525.58,,,BUY,USD,1,1,1583663
D#1702376,XAUUSD,100,288230376152130762,288230376151918202,288230376153608441,288230376153599899,2285,2026-05-22T03:06:52.000Z,2026-05-22T03:44:57.000Z,-112.35,110.88,-119.71,-7.36,0,0.21,4521.75,4527.32,,,SELL,USD,1,1,1583663
D#1702708,XAUUSD,100,288230376152130764,288230376151918878,288230376153608452,288230376153607530,246,2026-05-22T03:40:53.000Z,2026-05-22T03:44:59.000Z,137.5,-141.0,120.0,-17.5,0,0.5,4524.44,4526.97,,,BUY,USD,1,1,1583663
D#1702715,XAUUSD,100,288230376152130776,288230376151918909,288230376153608516,288230376153607802,189,2026-05-22T03:42:10.000Z,2026-05-22T03:45:19.000Z,55.62,-59.4,36.72,-18.9,0,0.54,4526.44,4527.25,,,BUY,USD,1,1,1583663
D#1702708,XAUUSD,100,288230376152130798,288230376151918983,288230376153608575,288230376153608483,24,2026-05-22T03:45:11.000Z,2026-05-22T03:45:35.000Z,-43,39.5,-60.5,-17.5,0,0.5,4527.14,4528.22,,,SELL,USD,1,1,1583663
D#1671093,XAUUSD,100,288230376152130801,288230376151918761,288230376153608584,288230376153606379,607,2026-05-22T03:35:30.000Z,2026-05-22T03:45:37.000Z,200,-203.5,182.5,-17.5,0,0.5,4524.22,4528,,,BUY,USD,1,1,1583663
D#1702715,XAUUSD,100,288230376152130815,288230376151919003,288230376153608627,288230376153608594,11,2026-05-22T03:45:39.000Z,2026-05-22T03:45:50.000Z,-13.75,9.899999999999999,-23.38,-9.63,0,0.55,4527.97,4528.44,,,SELL,USD,1,1,1583663
D#1671064,XAUUSD,100,288230376152130850,288230376151919009,288230376153608722,288230376153608633,18,2026-05-22T03:45:52.000Z,2026-05-22T03:46:10.000Z,0.1,-0.8,-3.4,-3.5,0,0.1,4528.56,4528.35,,,BUY,USD,1,1,1583663
D#1702694,XAUUSD,100,288230376152130852,288230376151918957,288230376153608728,288230376153608196,143,2026-05-22T03:43:48.000Z,2026-05-22T03:46:11.000Z,17.7,-18.4,14.2,-3.5,0,0.1,4526.71,4528.26,,,BUY,USD,1,1,1583663
D#1702708,XAUUSD,100,288230376152130863,288230376151919006,288230376153608758,288230376153608616,30,2026-05-22T03:45:46.000Z,2026-05-22T03:46:16.000Z,26,-29.5,8.5,-17.5,0,0.5,4528.18,4528.48,,,BUY,USD,1,1,1583663
D#1702704,XAUUSD,100,288230376152130938,288230376151919024,288230376153608874,288230376153608721,60,2026-05-22T03:46:09.000Z,2026-05-22T03:47:09.000Z,-31.8,29.7,-42.3,-10.5,0,0.3,4528.38,4529.66,4529.5,,SELL,USD,1,1,1583663
D#1702734,XAUUSD,100,288230376152130972,288230376151916620,288230376153582980,288230376153582875,6465,2026-05-22T01:59:30.000Z,2026-05-22T03:47:15.000Z,-12.81,12.6,-13.87,-1.06,0,0.03,4525.66,4530.15,4530.1,4513.8,SELL,USD,1,1,1583663
D#1671064,XAUUSD,100,288230376152130985,288230376151919055,288230376153609050,288230376153608988,8,2026-05-22T03:47:10.000Z,2026-05-22T03:47:18.000Z,5.1,-5.8,1.6,-3.5,0,0.1,4529.59,4529.88,,,BUY,USD,1,1,1583663
D#1702753,XAUUSD,100,288230376152130995,288230376151917059,288230376153609068,288230376153587578,5430,2026-05-22T02:16:50.000Z,2026-05-22T03:47:20.000Z,-216.5,213.0,-234.0,-17.5,0,0.5,4525.51,4530.06,4530.53,4516.36,SELL,USD,1,1,1583663
D#1702443,XAUUSD,100,288230376152131006,288230376151918699,288230376153609094,288230376153605814,851,2026-05-22T03:33:12.000Z,2026-05-22T03:47:23.000Z,-69.8,68.39999999999999,-76.8,-7,0,0.2,4526.04,4529.75,,,SELL,USD,1,1,1583663
D#1702723,XAUUSD,100,288230376152131004,288230376151918966,288230376153609089,288230376153608254,199,2026-05-22T03:44:04.000Z,2026-05-22T03:47:23.000Z,54.6,-56.07,47.24,-7.36,0,0.21,4527.31,4529.69,,,BUY,USD,1,1,1583663
D#1670914,XAUUSD,100,288230376152131023,288230376151919051,288230376153609150,288230376153608951,32,2026-05-22T03:47:03.000Z,2026-05-22T03:47:35.000Z,38.22,-41.65,21.06,-17.16,0,0.49,4528.44,4529,,,BUY,USD,1,1,1583663
D#1702723,XAUUSD,100,288230376152131070,288230376151919085,288230376153609456,288230376153609143,79,2026-05-22T03:47:33.000Z,2026-05-22T03:48:52.000Z,33.58,-36.8,17.48,-16.1,0,0.46,4529.2,4529.71,,,BUY,USD,1,1,1583663
D#1702657,XAUUSD,100,288230376152131123,288230376151915429,288230376153609588,288230376153571494,8775,2026-05-22T01:23:08.000Z,2026-05-22T03:49:23.000Z,15.6,-16.3,12.1,-3.5,0,0.1,4531.06,4529.72,4536.83,4489.86,SELL,USD,1,1,1583663
D#1671064,XAUUSD,100,288230376152131131,288230376151919107,288230376153609657,288230376153609395,57,2026-05-22T03:48:43.000Z,2026-05-22T03:49:40.000Z,-10.7,10.0,-14.2,-3.5,0,0.1,4529.95,4528.66,,,BUY,USD,1,1,1583663
D#1670917,XAUUSD,100,288230376152131220,288230376151919154,288230376153610076,288230376153609920,39,2026-05-22T03:51:07.000Z,2026-05-22T03:51:46.000Z,36.9,-39.0,26.4,-10.5,0,0.3,4528.73,4527.72,,,SELL,USD,1,1,1583663
D#1702387,XAUUSD,100,288230376152131225,288230376151919144,288230376153610094,288230376153609833,66,2026-05-22T03:50:44.000Z,2026-05-22T03:51:50.000Z,42,-44.1,31.5,-10.5,0,0.3,4528.93,4527.75,4529.85,,SELL,USD,1,1,1583663
D#1702676,XAUUSD,100,288230376152131226,288230376151919148,288230376153610096,288230376153609878,55,2026-05-22T03:50:55.000Z,2026-05-22T03:51:50.000Z,-70.5,67.0,-88.0,-17.5,0,0.5,4529.18,4527.55,,4531.43,BUY,USD,1,1,1583663
D#1702704,XAUUSD,100,288230376152131259,288230376151919138,288230376153610297,288230376153609766,140,2026-05-22T03:50:19.000Z,2026-05-22T03:52:39.000Z,103.5,-106.65,87.74,-15.76,0,0.45,4528.93,4526.85,,4522.37,SELL,USD,1,1,1583663
D#1702715,XAUUSD,100,288230376152131264,288230376151919021,288230376153610322,288230376153608699,402,2026-05-22T03:46:05.000Z,2026-05-22T03:52:47.000Z,103,-106.5,85.5,-17.5,0,0.5,4528.58,4526.74,,,SELL,USD,1,1,1583663
D#1702676,XAUUSD,100,288230376152131267,288230376151919173,288230376153610230,288230376153610123,59,2026-05-22T03:51:54.000Z,2026-05-22T03:52:53.000Z,-14,10.5,-31.5,-17.5,0,0.5,4527.14,4527.64,4527.18,4525.13,SELL,USD,1,1,1583663
D#1589409,XAUUSD,100,288230376152131293,288230376151919106,288230376153610511,288230376153609376,313,2026-05-22T03:48:35.000Z,2026-05-22T03:53:48.000Z,-2.08,2.0100000000000002,-2.44,-0.36,0,0.01,4529.59,4527.29,,,BUY,USD,1,1,1583663
D#1702676,XAUUSD,100,288230376152131315,288230376151919193,288230376153610642,288230376153610396,79,2026-05-22T03:53:11.000Z,2026-05-22T03:54:30.000Z,-30.5,27.0,-48.0,-17.5,0,0.5,4526.85,4527.68,4528.17,4524.59,SELL,USD,1,1,1583663
D#1702477,XAUUSD,100,288230376152131323,288230376151918994,288230376153610692,288230376153608541,562,2026-05-22T03:45:30.000Z,2026-05-22T03:54:52.000Z,4.3,-5.0,0.8,-3.5,0,0.1,4527.55,4527.76,,,BUY,USD,1,1,1583663
D#1702676,XAUUSD,100,288230376152131380,288230376151919245,288230376153611124,288230376153610997,34,2026-05-22T03:56:17.000Z,2026-05-22T03:56:51.000Z,-33.92,30.21,-52.48,-18.56,0,0.53,4527.24,4528.1,,4525.09,SELL,USD,1,1,1583663
D#1702497,XAUUSD,100,288230376152131398,288230376151919232,288230376153610918,288230376153610821,134,2026-05-22T03:55:27.000Z,2026-05-22T03:57:41.000Z,-18.8,17.400000000000002,-25.8,-7,0,0.2,4527.36,4528.52,4528.38,4521.11,SELL,USD,1,1,1583663
D#1670917,XAUUSD,100,288230376152131402,288230376151919176,288230376153611304,288230376153610192,337,2026-05-22T03:52:13.000Z,2026-05-22T03:57:50.000Z,39,-41.1,28.5,-10.5,0,0.3,4527.52,4528.6,,,BUY,USD,1,1,1583663
D#1671093,XAUUSD,100,288230376152131406,288230376151919247,288230376153611311,288230376153611004,93,2026-05-22T03:56:19.000Z,2026-05-22T03:57:52.000Z,-13.1,12.4,-16.6,-3.5,0,0.1,4527.27,4528.8,,,SELL,USD,1,1,1583663
D#1702657,XAUUSD,100,288230376152131416,288230376151919131,288230376153611253,288230376153609637,533,2026-05-22T03:49:34.000Z,2026-05-22T03:58:27.000Z,3.5,-4.2,0.0,-3.5,0,0.1,4528.67,4528.8,,4528.91,BUY,USD,1,1,1583663
D#1702723,XAUUSD,100,288230376152131450,288230376151919129,288230376153611569,288230376153609615,593,2026-05-22T03:49:28.000Z,2026-05-22T03:59:21.000Z,-43.24,40.02,-59.34,-16.1,0,0.46,4529.85,4528.69,4526.52,,BUY,USD,1,1,1583663
D#1702561,XAUUSD,100,288230376152131524,288230376151919284,288230376153611515,288230376153611495,112,2026-05-22T03:58:57.000Z,2026-05-22T04:00:49.000Z,0.21,-0.28,-0.15,-0.36,0,0.01,4529.01,4529.02,4528.76,4526.49,SELL,USD,1,1,1583663
D#1670917,XAUUSD,100,288230376152131538,288230376151919271,288230376153612053,288230376153611335,223,2026-05-22T03:58:05.000Z,2026-05-22T04:01:48.000Z,28.8,-31.25,16.54,-12.26,0,0.35,4528.76,4529.26,,,BUY,USD,1,1,1583663
D#1702715,XAUUSD,100,288230376152131547,288230376151919212,288230376153612077,288230376153610533,488,2026-05-22T03:53:53.000Z,2026-05-22T04:02:01.000Z,-89.5,86.0,-107.0,-17.5,0,0.5,4527.32,4529.33,,4529.22,SELL,USD,1,1,1583663
D#1589409,XAUUSD,100,288230376152131599,288230376151919283,288230376153612520,288230376153611491,316,2026-05-22T03:58:55.000Z,2026-05-22T04:04:11.000Z,0.04,-0.11000000000000001,-0.32,-0.36,0,0.01,4529.22,4529.04,,,BUY,USD,1,1,1583663
D#1589457,XAUUSD,100,288230376152131614,288230376151919361,288230376153612604,288230376153612425,64,2026-05-22T04:03:36.000Z,2026-05-22T04:04:40.000Z,1.6,-1.7400000000000002,0.9,-0.7,0,0.02,4529.22,4528.64,,,SELL,USD,1,1,1583663
D#1702477,XAUUSD,100,288230376152131776,288230376151919223,288230376153613445,288230376153610717,810,2026-05-22T03:55:01.000Z,2026-05-22T04:08:31.000Z,-17.2,16.5,-20.7,-3.5,0,0.1,4527.68,4529.62,,,SELL,USD,1,1,1583663
D#1702375,XAUUSD,100,288230376152131847,288230376151919416,288230376153613839,288230376153613230,174,2026-05-22T04:07:36.000Z,2026-05-22T04:10:30.000Z,-14.96,13.420000000000002,-22.66,-7.7,0,0.22,4528.82,4527.92,,,BUY,USD,1,1,1583663
D#1702694,XAUUSD,100,288230376152131851,288230376151919428,288230376153613862,288230376153613337,150,2026-05-22T04:08:04.000Z,2026-05-22T04:10:34.000Z,-77.5,74.0,-95.0,-17.5,0,0.5,4529.86,4528.09,,,BUY,USD,1,1,1583663
D#1671093,XAUUSD,100,288230376152131854,288230376151919314,288230376153613880,288230376153611822,607,2026-05-22T04:00:33.000Z,2026-05-22T04:10:40.000Z,41.6,-44.4,27.6,-14,0,0.4,4529,4528.18,,,SELL,USD,1,1,1583663
D#1671071,XAUUSD,100,288230376152131882,288230376151919491,288230376153614025,288230376153614012,5,2026-05-22T04:11:11.000Z,2026-05-22T04:11:16.000Z,1.8,-3.2,-5.2,-7,0,0.2,4528.65,4528.52,,,BUY,USD,1,1,1583663
D#1670951,XAUUSD,100,288230376152131971,288230376151919510,288230376153614623,288230376153614234,116,2026-05-22T04:12:18.000Z,2026-05-22T04:14:14.000Z,17.6,-19.0,10.6,-7,0,0.2,4528.87,4529.53,,,BUY,USD,1,1,1583663
D#1702443,XAUUSD,100,288230376152132041,288230376151919090,288230376153615174,288230376153609174,1773,2026-05-22T03:47:39.000Z,2026-05-22T04:17:12.000Z,5.6,-7.0,-1.4,-7,0,0.2,4529.29,4529.35,,4531,BUY,USD,1,1,1583663
D#1702457,XAUUSD,100,288230376152132072,288230376151919264,288230376153611220,288230376153611218,1279,2026-05-22T03:57:25.000Z,2026-05-22T04:18:44.000Z,-30.9,29.849999999999998,-36.16,-5.26,0,0.15,4527.79,4530.07,4529.95,4524.21,SELL,USD,1,1,1583663
D#1702561,XAUUSD,100,288230376152132126,288230376151919624,288230376153615493,288230376153615190,70,2026-05-22T04:19:14.000Z,2026-05-22T04:20:24.000Z,-5.11,4.62,-7.57,-2.46,0,0.07,4528.88,4527.93,4527.96,4530.48,BUY,USD,1,1,1583663
D#1702708,XAUUSD,100,288230376152132226,288230376151919036,288230376153616350,288230376153608821,2250,2026-05-22T03:46:34.000Z,2026-05-22T04:24:04.000Z,36,-39.5,18.5,-17.5,0,0.5,4527.98,4528.48,,4531.54,BUY,USD,1,1,1583663
D#1702708,XAUUSD,100,288230376152132232,288230376151919694,288230376153616380,288230376153616357,10,2026-05-22T04:24:07.000Z,2026-05-22T04:24:17.000Z,22,-25.5,4.5,-17.5,0,0.5,4528.48,4528.26,,,SELL,USD,1,1,1583663
D#1670951,XAUUSD,100,288230376152132261,288230376151919653,288230376153616593,288230376153615857,255,2026-05-22T04:21:22.000Z,2026-05-22T04:25:37.000Z,12.6,-14.0,5.6,-7,0,0.2,4528.21,4528.62,,,BUY,USD,1,1,1583663
D#1702561,XAUUSD,100,288230376152132263,288230376151919657,288230376153616625,288230376153615896,254,2026-05-22T04:21:34.000Z,2026-05-22T04:25:48.000Z,0.79,-0.8600000000000001,0.43,-0.36,0,0.01,4528.19,4528.76,,4530.15,BUY,USD,1,1,1583663
D#1702704,XAUUSD,100,288230376152132270,288230376151919317,288230376153616689,288230376153611854,1532,2026-05-22T04:00:42.000Z,2026-05-22T04:26:14.000Z,27.9,-31.049999999999997,12.14,-15.76,0,0.45,4529.02,4528.62,4531,,SELL,USD,1,1,1583663
D#1702592,XAUUSD,100,288230376152132303,288230376151919732,288230376153617006,288230376153616990,6,2026-05-22T04:28:14.000Z,2026-05-22T04:28:20.000Z,4.8,-5.85,-0.46,-5.26,0,0.15,4529.38,4529.48,,,BUY,USD,1,1,1583663
D#1702375,XAUUSD,100,288230376152132334,288230376151919476,288230376153614188,288230376153613882,1078,2026-05-22T04:10:41.000Z,2026-05-22T04:28:39.000Z,-75.14,73.32000000000001,-84.24,-9.1,0,0.26,4527.98,4531.09,4530.69,4520.68,SELL,USD,1,1,1583663
D#1645651,XAUUSD,100,288230376152132342,288230376151919601,288230376153616024,288230376153615331,620,2026-05-22T04:18:19.000Z,2026-05-22T04:28:39.000Z,-14.6,13.9,-18.1,-3.5,0,0.1,4529.57,4531.25,4531.04,4523.08,SELL,USD,1,1,1583663
D#1702372,XAUUSD,100,288230376152132372,288230376151918522,288230376153617134,288230376153603848,3846,2026-05-22T03:24:45.000Z,2026-05-22T04:28:51.000Z,-206,204.6,-213.0,-7,0,0.2,4520.66,4531.18,,,SELL,USD,1,1,1583663
D#1702708,XAUUSD,100,288230376152132382,288230376151919697,288230376153616809,288230376153616418,265,2026-05-22T04:24:33.000Z,2026-05-22T04:28:58.000Z,158,-161.5,140.5,-17.5,0,0.5,4528.47,4531.41,,4531.37,BUY,USD,1,1,1583663
D#1702611,XAUUSD,100,288230376152132391,288230376151915961,288230376153576684,288230376153576517,10207,2026-05-22T01:38:56.000Z,2026-05-22T04:29:03.000Z,-43,42.65,-44.76,-1.76,0,0.05,4523.38,4532.2,4532.04,4508.23,SELL,USD,1,1,1583663
D#1670962,XAUUSD,100,288230376152132399,288230376151917503,288230376153592736,288230376153592623,6649,2026-05-22T02:38:14.000Z,2026-05-22T04:29:03.000Z,119.1,-119.8,115.6,-3.5,0,0.1,4520.72,4532.41,4514.51,4532.16,BUY,USD,1,1,1583663
D#1702621,XAUUSD,100,288230376152132401,288230376151916238,288230376153579067,288230376153578906,9783,2026-05-22T01:46:01.000Z,2026-05-22T04:29:04.000Z,-11.08,10.94,-11.78,-0.7,0,0.02,4526.9,4532.66,4532.24,4514.48,SELL,USD,1,1,1583663
D#1670917,XAUUSD,100,288230376152132403,288230376151919327,288230376153614567,288230376153612056,1634,2026-05-22T04:01:50.000Z,2026-05-22T04:29:04.000Z,112.35,-114.8,100.09,-12.26,0,0.35,4529.43,4532.42,4526.72,4532.18,BUY,USD,1,1,1583663
D#1702435,XAUUSD,100,288230376152132419,288230376151919674,288230376153617219,288230376153616047,408,2026-05-22T04:22:21.000Z,2026-05-22T04:29:09.000Z,-133.57,130.98,-146.53,-12.96,0,0.37,4528.8,4532.63,,,SELL,USD,1,1,1583663
D#1702540,XAUUSD,100,288230376152132425,288230376151917570,288230376153617227,288230376153593449,6435,2026-05-22T02:41:56.000Z,2026-05-22T04:29:11.000Z,468,-471.36,451.2,-16.8,0,0.48,4522.87,4532.4,4514.57,4540.79,BUY,USD,1,1,1583663
D#1702518,XAUUSD,100,288230376152132421,288230376151918666,288230376153617223,288230376153605606,3400,2026-05-22T03:32:31.000Z,2026-05-22T04:29:11.000Z,-229.5,227.4,-240.0,-10.5,0,0.3,4524.72,4532.59,,,SELL,USD,1,1,1583663
D#1702715,XAUUSD,100,288230376152132430,288230376151919345,288230376153617253,288230376153612284,1587,2026-05-22T04:02:54.000Z,2026-05-22T04:29:21.000Z,-147.5,144.0,-165.0,-17.5,0,0.5,4529.46,4532.63,,,SELL,USD,1,1,1583663
D#1702588,XAUUSD,100,288230376152132441,288230376151919548,288230376153614770,288230376153614544,940,2026-05-22T04:13:49.000Z,2026-05-22T04:29:29.000Z,-18.35,18.0,-20.11,-1.76,0,0.05,4529.24,4533.13,4532.82,4520.13,SELL,USD,1,1,1583663
D#1702708,XAUUSD,100,288230376152132473,288230376151919766,288230376153617377,288230376153617225,36,2026-05-22T04:29:11.000Z,2026-05-22T04:29:47.000Z,33,-36.5,15.5,-17.5,0,0.5,4532.42,4531.98,,,SELL,USD,1,1,1583663
D#1702435,XAUUSD,100,288230376152132512,288230376151919769,288230376153617541,288230376153617234,67,2026-05-22T04:29:15.000Z,2026-05-22T04:30:22.000Z,-57.12,53.76,-73.92,-16.8,0,0.48,4532.72,4531.31,,,BUY,USD,1,1,1583663
D#1670917,XAUUSD,100,288230376152132513,288230376151919811,288230376153617562,288230376153617537,5,2026-05-22T04:30:22.000Z,2026-05-22T04:30:27.000Z,-5.6,3.15,-17.86,-12.26,0,0.35,4531.51,4531.13,,,BUY,USD,1,1,1583663
D#1702435,XAUUSD,100,288230376152132519,288230376151919814,288230376153617606,288230376153617577,10,2026-05-22T04:30:31.000Z,2026-05-22T04:30:41.000Z,-9.88,6.24,-28.08,-18.2,0,0.52,4531.33,4531.74,,,SELL,USD,1,1,1583663
D#1702686,XAUUSD,100,288230376152132633,288230376151919773,288230376153618244,288230376153617281,256,2026-05-22T04:29:28.000Z,2026-05-22T04:33:44.000Z,47.75,-49.5,38.99,-8.76,0,0.25,4532.48,4530.79,,,SELL,USD,1,1,1583663
D#1702751,XAUUSD,100,288230376152132644,288230376151919045,288230376153618356,288230376153608862,2854,2026-05-22T03:46:45.000Z,2026-05-22T04:34:19.000Z,16.44,-16.860000000000003,14.34,-2.1,0,0.06,4527.93,4530.45,4520.48,4546.25,BUY,USD,1,1,1583663
D#1702704,XAUUSD,100,288230376152132710,288230376151919719,288230376153616851,288230376153616757,518,2026-05-22T04:26:47.000Z,2026-05-22T04:35:25.000Z,20.7,-23.849999999999998,4.94,-15.76,0,0.45,4528.62,4528.86,4529,,BUY,USD,1,1,1583663
D#1702708,XAUUSD,100,288230376152132709,288230376151919800,288230376153618301,288230376153617470,317,2026-05-22T04:30:08.000Z,2026-05-22T04:35:25.000Z,-189.5,186.0,-207.0,-17.5,0,0.5,4532.87,4528.86,4528.88,4539.52,BUY,USD,1,1,1583663
D#1702516,XAUUSD,100,288230376152132737,288230376151918109,288230376153618772,288230376153599074,5548,2026-05-22T03:03:39.000Z,2026-05-22T04:36:07.000Z,176.25,-178.0,167.49,-8.76,0,0.25,4522.28,4529.11,4519.37,4538.89,BUY,USD,1,1,1583663
D#1702375,XAUUSD,100,288230376152132754,288230376151919802,288230376153618825,288230376153617481,370,2026-05-22T04:30:10.000Z,2026-05-22T04:36:20.000Z,-95.42,93.60000000000001,-104.52,-9.1,0,0.26,4532.54,4528.65,,,BUY,USD,1,1,1583663
D#1702387,XAUUSD,100,288230376152132760,288230376151919925,288230376153618631,288230376153618630,56,2026-05-22T04:35:31.000Z,2026-05-22T04:36:27.000Z,-28.5,26.4,-39.0,-10.5,0,0.3,4529.51,4528.34,4528.58,,BUY,USD,1,1,1583663
D#1670988,XAUUSD,100,288230376152132782,288230376151919813,288230376153618162,288230376153617574,384,2026-05-22T04:30:31.000Z,2026-05-22T04:36:55.000Z,-173,169.5,-190.5,-17.5,0,0.5,4531.53,4527.85,4528,,BUY,USD,1,1,1583663
D#1645651,XAUUSD,100,288230376152132792,288230376151919790,288230376153618888,288230376153617416,423,2026-05-22T04:29:59.000Z,2026-05-22T04:37:02.000Z,-94.2,92.8,-101.2,-7,0,0.2,4532.47,4527.54,4527.77,,BUY,USD,1,1,1583663
D#1589409,XAUUSD,100,288230376152132798,288230376151919559,288230376153618166,288230376153614691,1342,2026-05-22T04:14:43.000Z,2026-05-22T04:37:05.000Z,-1.81,1.74,-2.17,-0.36,0,0.01,4529.47,4527.44,4527.55,4539.01,BUY,USD,1,1,1583663
D#1702694,XAUUSD,100,288230376152132854,288230376151919544,288230376153619185,288230376153614510,1437,2026-05-22T04:13:43.000Z,2026-05-22T04:37:40.000Z,-124.5,121.0,-142.0,-17.5,0,0.5,4529.64,4526.93,,,BUY,USD,1,1,1583663
D#1702592,XAUUSD,100,288230376152132862,288230376151919753,288230376153619219,288230376153617149,540,2026-05-22T04:28:55.000Z,2026-05-22T04:37:55.000Z,64.2,-65.25,58.94,-5.26,0,0.15,4531.05,4526.99,,,SELL,USD,1,1,1583663
D#1702567,XAUUSD,100,288230376152132877,288230376151919615,288230376153615536,288230376153615424,1163,2026-05-22T04:18:50.000Z,2026-05-22T04:38:13.000Z,-62,60.6,-69.0,-7,0,0.2,4529.72,4526.4,4526.72,4535.51,BUY,USD,1,1,1583663
D#1702722,XAUUSD,100,288230376152132905,288230376151919991,288230376153619373,288230376153619249,30,2026-05-22T04:38:03.000Z,2026-05-22T04:38:33.000Z,19.6,-22.400000000000002,5.6,-14,0,0.4,4526.92,4527.19,4525.95,4529.05,BUY,USD,1,1,1583663
D#1702723,XAUUSD,100,288230376152132908,288230376151919291,288230376153619390,288230376153611594,2347,2026-05-22T03:59:35.000Z,2026-05-22T04:38:42.000Z,41.63,-43.24,33.57,-8.06,0,0.23,4528.96,4527.37,4537.06,4506.84,SELL,USD,1,1,1583663
D#1702479,XAUUSD,100,288230376152132948,288230376151919551,288230376153619682,288230376153614575,1570,2026-05-22T04:13:56.000Z,2026-05-22T04:40:06.000Z,-15.15,14.8,-16.91,-1.76,0,0.05,4529.57,4526.32,4520,4550,BUY,USD,1,1,1583663
D#1702722,XAUUSD,100,288230376152133076,288230376151920027,288230376153619623,288230376153619620,185,2026-05-22T04:39:52.000Z,2026-05-22T04:42:57.000Z,43.2,-46.0,29.2,-14,0,0.4,4527.3,4528.16,4525.27,4528.27,BUY,USD,1,1,1583663
D#1702723,XAUUSD,100,288230376152133165,288230376151920010,288230376153620722,288230376153619427,359,2026-05-22T04:38:55.000Z,2026-05-22T04:44:54.000Z,-83.13,79.56,-100.99,-17.86,0,0.51,4527.38,4529.23,,4519.44,SELL,USD,1,1,1583663
D#1614596,XAUUSD,100,288230376152133267,288230376151919984,288230376153621455,288230376153619195,704,2026-05-22T04:37:43.000Z,2026-05-22T04:49:27.000Z,1.47,-1.54,1.11,-0.36,0,0.01,4527.19,4528.44,4520,4541.2,BUY,USD,1,1,1583663
D#1670988,XAUUSD,100,288230376152133315,288230376151920226,288230376153621789,288230376153621675,48,2026-05-22T04:50:47.000Z,2026-05-22T04:51:35.000Z,-0.38,0.31,-0.74,-0.36,0,0.01,4528.43,4529.03,,,SELL,USD,1,1,1583663
D#1670988,XAUUSD,100,288230376152133324,288230376151920232,288230376153621895,288230376153621799,38,2026-05-22T04:51:39.000Z,2026-05-22T04:52:17.000Z,3.9,-4.6,0.4,-3.5,0,0.1,4529.2,4529.37,,,BUY,USD,1,1,1583663
D#1670951,XAUUSD,100,288230376152133331,288230376151920084,288230376153621925,288230376153620112,619,2026-05-22T04:42:09.000Z,2026-05-22T04:52:28.000Z,53.8,-55.199999999999996,46.8,-7,0,0.2,4526.75,4529.22,4527,4532.55,BUY,USD,1,1,1583663
D#1670988,XAUUSD,100,288230376152133341,288230376151920238,288230376153621962,288230376153621914,17,2026-05-22T04:52:23.000Z,2026-05-22T04:52:40.000Z,0.4,-3.2,-13.6,-14,0,0.4,4529.53,4529.32,,,BUY,USD,1,1,1583663
D#1645651,XAUUSD,100,288230376152133359,288230376151920009,288230376153621912,288230376153619417,857,2026-05-22T04:38:50.000Z,2026-05-22T04:53:07.000Z,-58.6,57.2,-65.6,-7,0,0.2,4527.23,4530.38,4530.23,4523.05,SELL,USD,1,1,1583663
D#1702646,XAUUSD,100,288230376152133406,288230376151920235,288230376153622224,288230376153621860,118,2026-05-22T04:52:06.000Z,2026-05-22T04:54:04.000Z,3,-6.5,-14.5,-17.5,0,0.5,4529.09,4528.93,4529,,BUY,USD,1,1,1583663
D#1645651,XAUUSD,100,288230376152133475,288230376151920290,288230376153622673,288230376153622399,77,2026-05-22T04:54:54.000Z,2026-05-22T04:56:11.000Z,1.6,-4.4,-12.4,-14,0,0.4,4529.1,4528.92,,,BUY,USD,1,1,1583663
D#1702646,XAUUSD,100,288230376152133515,288230376151920284,288230376153622906,288230376153622342,171,2026-05-22T04:54:40.000Z,2026-05-22T04:57:31.000Z,-50.76,46.98,-69.66,-18.9,0,0.54,4529.18,4528.02,,,BUY,USD,1,1,1583663
D#1702414,XAUUSD,100,288230376152133610,288230376151920293,288230376153623283,288230376153622394,265,2026-05-22T04:55:01.000Z,2026-05-22T04:59:26.000Z,10.5,-11.2,7.0,-3.5,0,0.1,4528.61,4527.78,4528.4,4525.75,SELL,USD,1,1,1583663
D#1702704,XAUUSD,100,288230376152133744,288230376151920004,288230376153619813,288230376153619351,1438,2026-05-22T04:38:27.000Z,2026-05-22T05:02:25.000Z,-54.9,51.75,-70.66,-15.76,0,0.45,4527.9,4526.46,4526.5,4532,BUY,USD,1,1,1583663
D#1614600,XAUUSD,100,288230376152133794,288230376151919103,288230376153610160,288230376153609305,4507,2026-05-22T03:48:17.000Z,2026-05-22T05:03:24.000Z,-9.62,9.479999999999999,-10.32,-0.7,0,0.02,4529.58,4524.55,4524.88,4540.34,BUY,USD,1,1,1583663
D#1702493,XAUUSD,100,288230376152133791,288230376151919136,288230376153609862,288230376153609748,4391,2026-05-22T03:50:13.000Z,2026-05-22T05:03:24.000Z,-98,96.6,-105.0,-7,0,0.2,4529.67,4524.55,4525.29,4536.16,BUY,USD,1,1,1583663
D#1702657,XAUUSD,100,288230376152133792,288230376151919493,288230376153614028,288230376153614027,3127,2026-05-22T04:11:17.000Z,2026-05-22T05:03:24.000Z,-39.5,38.8,-43.0,-3.5,0,0.1,4528.72,4524.55,4524.7,4548.68,BUY,USD,1,1,1583663
D#1702379,XAUUSD,100,288230376152133819,288230376151920286,288230376153622560,288230376153622353,522,2026-05-22T04:54:45.000Z,2026-05-22T05:03:27.000Z,-145.5,143.4,-156.0,-10.5,0,0.3,4529.19,4524.12,4524.08,4542.57,BUY,USD,1,1,1583663
D#1702708,XAUUSD,100,288230376152133881,288230376151919927,288230376153624313,288230376153618648,1684,2026-05-22T04:35:36.000Z,2026-05-22T05:03:40.000Z,-259,255.5,-276.5,-17.5,0,0.5,4529.45,4524.05,,4540.51,BUY,USD,1,1,1583663
D#1670937,XAUUSD,100,288230376152133958,288230376151920517,288230376153624683,288230376153624630,12,2026-05-22T05:04:58.000Z,2026-05-22T05:05:10.000Z,67.68,-71.04,50.88,-16.8,0,0.48,4525.88,4527.07,4523.32,4529.61,BUY,USD,1,1,1583663
D#1702379,XAUUSD,100,288230376152134063,288230376151920535,288230376153624936,288230376153624826,117,2026-05-22T05:05:36.000Z,2026-05-22T05:07:33.000Z,-41.5,38.0,-59.0,-17.5,0,0.5,4526.88,4525.83,4525.88,4537.83,BUY,USD,1,1,1583663
D#1702723,XAUUSD,100,288230376152134095,288230376151920159,288230376153625500,288230376153620789,1390,2026-05-22T04:45:15.000Z,2026-05-22T05:08:25.000Z,126.48,-130.05,108.62,-17.86,0,0.51,4528.71,4526.45,,4521.02,SELL,USD,1,1,1583663
D#1702722,XAUUSD,100,288230376152134132,288230376151920578,288230376153625749,288230376153625284,134,2026-05-22T05:07:27.000Z,2026-05-22T05:09:41.000Z,26,-28.8,12.0,-14,0,0.4,4526.62,4527.05,4525.11,4528.11,BUY,USD,1,1,1583663
D#1702541,XAUUSD,100,288230376152134167,288230376151920641,288230376153626037,288230376153626018,7,2026-05-22T05:11:11.000Z,2026-05-22T05:11:18.000Z,-18.15,14.299999999999997,-37.41,-19.26,0,0.55,4526.43,4525.88,,,BUY,USD,1,1,1583663
D#1702686,XAUUSD,100,288230376152134246,288230376151919891,288230376153626665,288230376153618407,2402,2026-05-22T04:34:38.000Z,2026-05-22T05:14:40.000Z,-110.75,109.0,-119.51,-8.76,0,0.25,4529.9,4525.25,,4534.49,BUY,USD,1,1,1583663
D#1702541,XAUUSD,100,288230376152134265,288230376151920649,288230376153626792,288230376153626134,219,2026-05-22T05:11:53.000Z,2026-05-22T05:15:32.000Z,-73.44,69.66,-92.34,-18.9,0,0.54,4526.28,4524.7,4522.57,4533.68,BUY,USD,1,1,1583663
D#1702420,XAUUSD,100,288230376152134275,288230376151920688,288230376153626852,288230376153626667,69,2026-05-22T05:14:41.000Z,2026-05-22T05:15:50.000Z,3,-3.35,1.24,-1.76,0,0.05,4525.19,4524.81,,4458.86,SELL,USD,1,1,1583663
D#1702597,XAUUSD,100,288230376152134359,288230376151920508,288230376153627421,288230376153624490,875,2026-05-22T05:04:19.000Z,2026-05-22T05:18:54.000Z,-1.38,1.17,-2.44,-1.06,0,0.03,4525.16,4525.84,,,SELL,USD,1,1,1583663
D#1702442,XAUUSD,100,288230376152134421,288230376151920771,288230376153627834,288230376153627771,18,2026-05-22T05:20:49.000Z,2026-05-22T05:21:07.000Z,18.5,-20.25,9.74,-8.76,0,0.25,4526.47,4526.99,,,BUY,USD,1,1,1583663
D#1702366,XAUUSD,100,288230376152134423,288230376151919184,288230376153627063,288230376153610282,5312,2026-05-22T03:52:36.000Z,2026-05-22T05:21:08.000Z,-11.5,9.75,-20.26,-8.76,0,0.25,4526.6,4527.28,4527.21,4522.27,SELL,USD,1,1,1583663
D#1702493,XAUUSD,100,288230376152134451,288230376151920489,288230376153625338,288230376153624348,1054,2026-05-22T05:03:47.000Z,2026-05-22T05:21:21.000Z,-71.6,70.19999999999999,-78.6,-7,0,0.2,4523.99,4527.79,4527.59,4523.44,SELL,USD,1,1,1583663
D#1670876,XAUUSD,100,288230376152134464,288230376151920197,288230376153624652,288230376153621268,1987,2026-05-22T04:48:19.000Z,2026-05-22T05:21:26.000Z,-0.3,-0.4000000000000001,-3.8,-3.5,0,0.1,4528.41,4528.66,4528.52,4512.06,SELL,USD,1,1,1583663
D#1702509,XAUUSD,100,288230376152134600,288230376151920842,288230376153628648,288230376153628526,35,2026-05-22T05:24:34.000Z,2026-05-22T05:25:09.000Z,1.49,-1.56,1.13,-0.36,0,0.01,4526.45,4527.72,,,BUY,USD,1,1,1583663
D#1670951,XAUUSD,100,288230376152134610,288230376151920806,288230376153628192,288230376153628160,171,2026-05-22T05:22:33.000Z,2026-05-22T05:25:24.000Z,7,-8.4,0.0,-7,0,0.2,4528.49,4528.36,4528.24,4522.65,SELL,USD,1,1,1583663
D#1671090,XAUUSD,100,288230376152134669,288230376151919845,288230376153629032,288230376153617985,3260,2026-05-22T04:32:32.000Z,2026-05-22T05:26:52.000Z,12,-12.28,10.6,-1.4,0,0.04,4530.55,4527.77,4547.85,4520.54,SELL,USD,1,1,1583663
D#1702470,XAUUSD,100,288230376152134776,288230376151920652,288230376153629730,288230376153626169,1072,2026-05-22T05:12:04.000Z,2026-05-22T05:29:56.000Z,-10.5,9.8,-14.0,-3.5,0,0.1,4525.93,4527.2,4531.09,4520.03,SELL,USD,1,1,1583663
D#1702497,XAUUSD,100,288230376152134817,288230376151920548,288230376153625029,288230376153624929,1468,2026-05-22T05:06:01.000Z,2026-05-22T05:30:29.000Z,-33,32.3,-36.5,-3.5,0,0.1,4526.27,4529.79,4529.23,4503.87,SELL,USD,1,1,1583663
D#1702516,XAUUSD,100,288230376152134861,288230376151919951,288230376153619032,288230376153618925,3257,2026-05-22T04:36:41.000Z,2026-05-22T05:30:58.000Z,-56.7,54.6,-67.2,-10.5,0,0.3,4528.41,4530.52,4530.46,4520.62,SELL,USD,1,1,1583663
D#1670975,XAUUSD,100,288230376152134874,288230376151920871,288230376153630096,288230376153628824,301,2026-05-22T05:26:01.000Z,2026-05-22T05:31:02.000Z,1.57,-1.6400000000000001,1.21,-0.36,0,0.01,4528.98,4530.33,,4533.2,BUY,USD,1,1,1583663
D#1702696,XAUUSD,100,288230376152134884,288230376151916344,288230376153580077,288230376153578261,13261,2026-05-22T01:50:10.000Z,2026-05-22T05:31:11.000Z,-8.7,7.999999999999999,-12.2,-3.5,0,0.1,4530.22,4531.31,4530.95,4453.94,SELL,USD,1,1,1583663
D#1702471,XAUUSD,100,288230376152134883,288230376151920970,288230376153630132,288230376153629908,43,2026-05-22T05:30:28.000Z,2026-05-22T05:31:11.000Z,8.24,-8.52,6.84,-1.4,0,0.04,4528.98,4530.82,,,BUY,USD,1,1,1583663
D#1702443,XAUUSD,100,288230376152134893,288230376151920712,288230376153630167,288230376153627004,877,2026-05-22T05:16:40.000Z,2026-05-22T05:31:17.000Z,-113.8,112.39999999999999,-120.8,-7,0,0.2,4524.5,4530.41,,4520,SELL,USD,1,1,1583663
D#1702704,XAUUSD,100,288230376152134979,288230376151920674,288230376153630625,288230376153626449,1178,2026-05-22T05:13:29.000Z,2026-05-22T05:33:07.000Z,70.5,-74.0,53.0,-17.5,0,0.5,4526.46,4527.65,,,BUY,USD,1,1,1583663
D#1702654,XAUUSD,100,288230376152135037,288230376151920095,288230376153630884,288230376153620187,3090,2026-05-22T04:42:32.000Z,2026-05-22T05:34:02.000Z,-74.4,72.30000000000001,-84.9,-10.5,0,0.3,4527.29,4529.99,,4513.72,SELL,USD,1,1,1583663
D#1702699,XAUUSD,100,288230376152135100,288230376151921090,288230376153631289,288230376153631005,84,2026-05-22T05:34:29.000Z,2026-05-22T05:35:53.000Z,2.1,-2.8000000000000003,-1.4,-3.5,0,0.1,4528.6,4528.59,,,BUY,USD,1,1,1583663
D#1702722,XAUUSD,100,288230376152135108,288230376151921084,288230376153630962,288230376153630959,131,2026-05-22T05:34:17.000Z,2026-05-22T05:36:28.000Z,77.2,-80.0,63.2,-14,0,0.4,4528.78,4530.49,4527.54,4530.54,BUY,USD,1,1,1583663
D#1670951,XAUUSD,100,288230376152135109,288230376151921102,288230376153631186,288230376153631154,81,2026-05-22T05:35:07.000Z,2026-05-22T05:36:28.000Z,-31.6,30.200000000000003,-38.6,-7,0,0.2,4528.88,4530.68,4530.22,4526.25,SELL,USD,1,1,1583663
D#1702494,XAUUSD,100,288230376152135125,288230376151921116,288230376153631471,288230376153631390,17,2026-05-22T05:36:25.000Z,2026-05-22T05:36:42.000Z,68.5,-72.0,51.0,-17.5,0,0.5,4530,4531.15,,,BUY,USD,1,1,1583663
D#1702704,XAUUSD,100,288230376152135152,288230376151921115,288230376153631544,288230376153631361,41,2026-05-22T05:36:16.000Z,2026-05-22T05:36:57.000Z,115,-118.5,97.5,-17.5,0,0.5,4529.04,4531.12,,,BUY,USD,1,1,1583663
D#1702592,XAUUSD,100,288230376152135166,288230376151920141,288230376153622374,288230376153620542,3191,2026-05-22T04:44:10.000Z,2026-05-22T05:37:21.000Z,-39.75,38.7,-45.01,-5.26,0,0.15,4529.08,4531.95,4531.79,4522.71,SELL,USD,1,1,1583663
D#1702633,XAUUSD,100,288230376152135169,288230376151920371,288230376153623410,288230376153623209,2304,2026-05-22T04:58:57.000Z,2026-05-22T05:37:21.000Z,-9.4,9.26,-10.1,-0.7,0,0.02,4527.19,4532.11,4531.97,4519.45,SELL,USD,1,1,1583663
D#1702699,XAUUSD,100,288230376152135182,288230376151921123,288230376153631676,288230376153631477,41,2026-05-22T05:36:43.000Z,2026-05-22T05:37:24.000Z,11.3,-12.0,7.8,-3.5,0,0.1,4531.3,4532.21,,,BUY,USD,1,1,1583663
D#1670872,XAUUSD,100,288230376152135184,288230376151919792,288230376153617913,288230376153617431,4045,2026-05-22T04:30:01.000Z,2026-05-22T05:37:26.000Z,-0.56,-1.4000000000000001,-10.36,-9.8,0,0.28,4532.37,4532.61,4532.5,4517.87,SELL,USD,1,1,1583663
D#1670951,XAUUSD,100,288230376152135186,288230376151921134,288230376153631686,288230376153631570,22,2026-05-22T05:37:05.000Z,2026-05-22T05:37:27.000Z,-30.2,28.8,-37.2,-7,0,0.2,4530.78,4532.51,,,SELL,USD,1,1,1583663
D#1702696,XAUUSD,100,288230376152135219,288230376151921085,288230376153631061,288230376153630979,192,2026-05-22T05:34:21.000Z,2026-05-22T05:37:33.000Z,-44.1,43.4,-47.6,-3.5,0,0.1,4528.62,4533.25,4533.16,,SELL,USD,1,1,1583663
D#1702493,XAUUSD,100,288230376152135273,288230376151920951,288230376153629952,288230376153629717,491,2026-05-22T05:29:51.000Z,2026-05-22T05:38:02.000Z,134,-135.4,127.0,-7,0,0.2,4527.21,4533.69,,4533.63,BUY,USD,1,1,1583663
D#1670919,XAUUSD,100,288230376152135286,288230376151921072,288230376153631090,288230376153630917,235,2026-05-22T05:34:08.000Z,2026-05-22T05:38:03.000Z,-94.4,93.0,-101.4,-7,0,0.2,4528.93,4533.87,4533.92,4518.79,SELL,USD,1,1,1583663
D#1702470,XAUUSD,100,288230376152135291,288230376151921107,288230376153631221,288230376153631215,156,2026-05-22T05:35:28.000Z,2026-05-22T05:38:04.000Z,-53.9,53.199999999999996,-57.4,-3.5,0,0.1,4528.47,4534.08,4534,4521.13,SELL,USD,1,1,1583663
D#1702718,XAUUSD,100,288230376152135325,288230376151918548,288230376153632015,288230376153604192,7914,2026-05-22T03:26:27.000Z,2026-05-22T05:38:21.000Z,-133.8,133.10000000000002,-137.3,-3.5,0,0.1,4520.04,4533.64,,4511.15,SELL,USD,1,1,1583663
D#1702337,XAUUSD,100,288230376152135379,288230376151921111,288230376153632332,288230376153631274,226,2026-05-22T05:35:48.000Z,2026-05-22T05:39:34.000Z,-10.26,10.12,-10.96,-0.7,0,0.02,4528.55,4533.9,4572.21,4478.52,SELL,USD,1,1,1583663
D#1702464,XAUUSD,100,288230376152135440,288230376151914597,288230376153564701,288230376153564342,16696,2026-05-22T01:02:35.000Z,2026-05-22T05:40:51.000Z,-35.4,34.699999999999996,-38.9,-3.5,0,0.1,4530.57,4534.33,4534.21,4489.71,SELL,USD,1,1,1583663
D#1671050,XAUUSD,100,288230376152135492,288230376151916704,288230376153632973,288230376153583855,13138,2026-05-22T02:03:01.000Z,2026-05-22T05:41:59.000Z,16.71,-16.92,15.65,-1.06,0,0.03,4527.51,4532.86,4527.4,4535,BUY,USD,1,1,1583663
D#1702516,XAUUSD,100,288230376152135513,288230376151921216,288230376153633107,288230376153632284,185,2026-05-22T05:39:19.000Z,2026-05-22T05:42:24.000Z,-31.03,29.0,-41.19,-10.16,0,0.29,4533.61,4532.32,4524.04,4544.91,BUY,USD,1,1,1583663
D#1670919,XAUUSD,100,288230376152135582,288230376151921196,288230376153633645,288230376153632118,350,2026-05-22T05:38:43.000Z,2026-05-22T05:44:33.000Z,27.3,-29.400000000000002,16.8,-10.5,0,0.3,4532.86,4533.55,,4536.03,BUY,USD,1,1,1583663
D#1702494,XAUUSD,100,288230376152135595,288230376151921247,288230376153633690,288230376153632641,241,2026-05-22T05:40:44.000Z,2026-05-22T05:44:45.000Z,0.16,-0.23,-0.2,-0.36,0,0.01,4534.11,4534.05,4527.31,4538.25,BUY,USD,1,1,1583663
D#1702699,XAUUSD,100,288230376152135662,288230376151921241,288230376153634131,288230376153632597,356,2026-05-22T05:40:34.000Z,2026-05-22T05:46:30.000Z,11.8,-13.200000000000001,4.8,-7,0,0.2,4533.55,4533.18,,,SELL,USD,1,1,1583663
D#1702482,XAUUSD,100,288230376152135708,288230376151918655,288230376153634487,288230376153605413,8186,2026-05-22T03:31:48.000Z,2026-05-22T05:48:14.000Z,49.95,-50.300000000000004,48.19,-1.76,0,0.05,4522.39,4532.16,4522.63,4562.17,BUY,USD,1,1,1583663
D#1702699,XAUUSD,100,288230376152135743,288230376151921394,288230376153634644,288230376153634277,101,2026-05-22T05:47:10.000Z,2026-05-22T05:48:51.000Z,7.4,-8.8,0.4,-7,0,0.2,4533.14,4533.29,,,BUY,USD,1,1,1583663
D#1702597,XAUUSD,100,288230376152135788,288230376151921358,288230376153635001,288230376153633894,290,2026-05-22T05:45:33.000Z,2026-05-22T05:50:23.000Z,-11.7,11.35,-13.46,-1.76,0,0.05,4534.28,4531.72,,,BUY,USD,1,1,1583663
D#1702559,XAUUSD,100,288230376152135815,288230376151921096,288230376153635161,288230376153631069,979,2026-05-22T05:34:45.000Z,2026-05-22T05:51:04.000Z,5.13,-5.2,4.77,-0.36,0,0.01,4528.62,4533.53,,,BUY,USD,1,1,1583663
D#1702528,XAUUSD,100,288230376152135827,288230376151921450,288230376153635247,288230376153634960,72,2026-05-22T05:50:12.000Z,2026-05-22T05:51:24.000Z,88.8,-91.6,74.8,-14,0,0.4,4531.63,4533.63,,4533.82,BUY,USD,1,1,1583663
D#1702558,XAUUSD,100,288230376152135900,288230376151921479,288230376153635346,288230376153635344,84,2026-05-22T05:51:48.000Z,2026-05-22T05:53:12.000Z,-18.25,16.5,-27.01,-8.76,0,0.25,4532.9,4531.95,4532.12,4541.01,BUY,USD,1,1,1583663
D#1702704,XAUUSD,100,288230376152135923,288230376151921513,288230376153635783,288230376153635700,14,2026-05-22T05:53:09.000Z,2026-05-22T05:53:23.000Z,51,-54.5,33.5,-17.5,0,0.5,4532.31,4531.51,,,SELL,USD,1,1,1583663
D#1702528,XAUUSD,100,288230376152135929,288230376151921500,288230376153635839,288230376153635540,65,2026-05-22T05:52:31.000Z,2026-05-22T05:53:36.000Z,81,-84.15,65.24,-15.76,0,0.45,4532.57,4530.99,,4530.67,SELL,USD,1,1,1583663
D#1670951,XAUUSD,100,288230376152135962,288230376151921152,288230376153635943,288230376153631773,986,2026-05-22T05:37:39.000Z,2026-05-22T05:54:05.000Z,-31.4,30.0,-38.4,-7,0,0.2,4532.45,4530.66,,4538.25,BUY,USD,1,1,1583663
D#1702748,XAUUSD,100,288230376152135984,288230376151921392,288230376153634323,288230376153634258,442,2026-05-22T05:47:06.000Z,2026-05-22T05:54:28.000Z,100.8,-102.89999999999999,90.3,-10.5,0,0.3,4532.75,4529.61,,4529.57,SELL,USD,1,1,1583663
D#1671092,XAUUSD,100,288230376152136001,288230376151920790,288230376153628216,288230376153628008,1971,2026-05-22T05:21:50.000Z,2026-05-22T05:54:41.000Z,24.68,-25.38,21.18,-3.5,0,0.1,4528.78,4528.79,4529.02,4538,BUY,USD,1,1,1583663
D#1670919,XAUUSD,100,288230376152136011,288230376151921438,288230376153636131,288230376153634853,301,2026-05-22T05:49:49.000Z,2026-05-22T05:54:50.000Z,-100.5,98.4,-111.0,-10.5,0,0.3,4532.68,4529.11,,4535.35,BUY,USD,1,1,1583663
D#1702493,XAUUSD,100,288230376152136061,288230376151921325,288230376153633582,288230376153633508,678,2026-05-22T05:44:00.000Z,2026-05-22T05:55:18.000Z,149.2,-150.6,142.2,-7,0,0.2,4533.33,4526.09,4537.45,4526.3,SELL,USD,1,1,1583663
D#1702366,XAUUSD,100,288230376152136077,288230376151921101,288230376153631212,288230376153631149,1216,2026-05-22T05:35:06.000Z,2026-05-22T05:55:22.000Z,116.1,-118.19999999999999,105.6,-10.5,0,0.3,4528.9,4525.25,,4525.19,SELL,USD,1,1,1583663
D#1670975,XAUUSD,100,288230376152136092,288230376151921005,288230376153630309,288230376153630242,1430,2026-05-22T05:31:37.000Z,2026-05-22T05:55:27.000Z,51.4,-52.1,47.9,-3.5,0,0.1,4529.5,4524.58,,4524.46,SELL,USD,1,1,1583663
D#1702611,XAUUSD,100,288230376152136109,288230376151920113,288230376153620371,288230376153620305,4350,2026-05-22T04:43:02.000Z,2026-05-22T05:55:32.000Z,-47.2,46.5,-50.7,-3.5,0,0.1,4528.01,4523.07,4523.34,4555.31,BUY,USD,1,1,1583663
D#1702541,XAUUSD,100,288230376152136128,288230376151920711,288230376153636353,288230376153626986,2339,2026-05-22T05:16:33.000Z,2026-05-22T05:55:32.000Z,-67.31,63.6,-85.87,-18.56,0,0.53,4524.77,4523.28,,4534.68,BUY,USD,1,1,1583663
D#1671064,XAUUSD,100,288230376152136117,288230376151920776,288230376153628102,288230376153627872,2056,2026-05-22T05:21:16.000Z,2026-05-22T05:55:32.000Z,-43.2,42.5,-46.7,-3.5,0,0.1,4527.58,4523.04,4523.48,4557.92,BUY,USD,1,1,1583663
D#1702505,XAUUSD,100,288230376152136120,288230376151921066,288230376153633851,288230376153630863,1293,2026-05-22T05:33:59.000Z,2026-05-22T05:55:32.000Z,-61.8,61.099999999999994,-65.3,-3.5,0,0.1,4529.44,4523.04,4524,4541.3,BUY,USD,1,1,1583663
D#1670970,XAUUSD,100,288230376152136107,288230376151921139,288230376153631656,288230376153630313,1090,2026-05-22T05:37:22.000Z,2026-05-22T05:55:32.000Z,45.5,-45.85,44.62,-0.88,0,0.05,4532.18,4523.3,4535.03,4523.63,SELL,USD,1,1,1583663
D#1702479,XAUUSD,100,288230376152136112,288230376151921355,288230376153633858,288230376153633856,606,2026-05-22T05:45:26.000Z,2026-05-22T05:55:32.000Z,-54.7,54.35,-56.46,-1.76,0,0.05,4534.2,4523.04,4523,4553.72,BUY,USD,1,1,1583663
D#1670951,XAUUSD,100,288230376152136111,288230376151921544,288230376153636024,288230376153635969,82,2026-05-22T05:54:10.000Z,2026-05-22T05:55:32.000Z,135,-136.4,128.0,-7,0,0.2,4529.83,4523.3,,4524.15,SELL,USD,1,1,1583663
D#1702696,XAUUSD,100,288230376152136118,288230376151921572,288230376153636274,288230376153636005,14,2026-05-22T05:55:18.000Z,2026-05-22T05:55:32.000Z,-56.6,55.2,-63.6,-7,0,0.2,4526.09,4523.04,4523.37,4570.97,BUY,USD,1,1,1583663
D#1670978,XAUUSD,100,288230376152136134,288230376151920789,288230376153628083,288230376153628006,2025,2026-05-22T05:21:49.000Z,2026-05-22T05:55:34.000Z,-90.9,89.85000000000001,-96.16,-5.26,0,0.15,4528.78,4522.5,4522.87,4555.46,BUY,USD,1,1,1583663
D#1702412,XAUUSD,100,288230376152136158,288230376151920848,288230376153628729,288230376153628571,1847,2026-05-22T05:24:49.000Z,2026-05-22T05:55:36.000Z,-26.55,26.2,-28.31,-1.76,0,0.05,4527.24,4521.71,4522.59,4545.2,BUY,USD,1,1,1583663
D#1589407,XAUUSD,100,288230376152136154,288230376151921217,288230376153632382,288230376153632288,976,2026-05-22T05:39:20.000Z,2026-05-22T05:55:36.000Z,115.5,-116.2,112.0,-3.5,0,0.1,4533.36,4522.03,,4522.26,SELL,USD,1,1,1583663
D#1702347,XAUUSD,100,288230376152136162,288230376151918697,288230376153605799,288230376153605798,8548,2026-05-22T03:33:09.000Z,2026-05-22T05:55:37.000Z,108.5,-110.25,99.74,-8.76,0,0.25,4525.75,4521.63,,4521.68,SELL,USD,1,1,1583663
D#1702751,XAUUSD,100,288230376152136169,288230376151920014,288230376153619543,288230376153619459,4595,2026-05-22T04:39:03.000Z,2026-05-22T05:55:38.000Z,-68.64,67.8,-72.84,-4.2,0,0.12,4527.36,4521.42,4521.43,4536.73,BUY,USD,1,1,1583663
D#1702654,XAUUSD,100,288230376152136167,288230376151921081,288230376153636403,288230376153630935,1287,2026-05-22T05:34:11.000Z,2026-05-22T05:55:38.000Z,-379,375.5,-396.5,-17.5,0,0.5,4529.22,4521.42,,4539.77,BUY,USD,1,1,1583663
D#1702470,XAUUSD,100,288230376152136172,288230376151921302,288230376153633327,288230376153633208,767,2026-05-22T05:42:51.000Z,2026-05-22T05:55:38.000Z,89,-89.7,85.49,-3.51,0,0.1,4531.78,4521.62,4537.25,4521.27,SELL,USD,1,1,1583663
D#1702554,XAUUSD,100,288230376152136181,288230376151920013,288230376153636419,288230376153619458,4598,2026-05-22T04:39:03.000Z,2026-05-22T05:55:41.000Z,-266,262.5,-283.5,-17.5,0,0.5,4527.34,4521.8,,,BUY,USD,1,1,1583663
D#1702734,XAUUSD,100,288230376152136193,288230376151919159,288230376153636463,288230376153609968,7471,2026-05-22T03:51:18.000Z,2026-05-22T05:55:49.000Z,25.7,-26.05,23.94,-1.76,0,0.05,4528.5,4523.58,4535.43,4516.72,SELL,USD,1,1,1583663
D#1670864,XAUUSD,100,288230376152136226,288230376151919191,288230376153636660,288230376153610383,7393,2026-05-22T03:53:07.000Z,2026-05-22T05:56:20.000Z,-234.36,231.42000000000002,-249.06,-14.7,0,0.42,4527.19,4521.39,,,BUY,USD,1,1,1583663
D#1702528,XAUUSD,100,288230376152136229,288230376151921538,288230376153636663,288230376153635914,141,2026-05-22T05:54:00.000Z,2026-05-22T05:56:21.000Z,-375.3,372.15000000000003,-391.06,-15.76,0,0.45,4530.02,4521.46,,4531.91,BUY,USD,1,1,1583663
D#1614596,XAUUSD,100,288230376152136246,288230376151920211,288230376153621786,288230376153621476,4011,2026-05-22T04:49:35.000Z,2026-05-22T05:56:26.000Z,-75.8,75.1,-79.3,-3.5,0,0.1,4528.6,4520.8,4521,4568.8,BUY,USD,1,1,1583663
D#1702546,XAUUSD,100,288230376152136250,288230376151917466,288230376153592404,288230376153592147,12015,2026-05-22T02:36:12.000Z,2026-05-22T05:56:27.000Z,-5.6,4.199999999999999,-12.6,-7,0,0.2,4520.68,4520.18,4520.46,4541.21,BUY,USD,1,1,1583663
D#1702351,XAUUSD,100,288230376152136278,288230376151916075,288230376153578274,288230376153577504,15291,2026-05-22T01:41:38.000Z,2026-05-22T05:56:29.000Z,-33,32.65,-34.76,-1.76,0,0.05,4524.38,4517.56,4518.07,4541.01,BUY,USD,1,1,1583663
D#1702536,XAUUSD,100,288230376152136288,288230376151919357,288230376153612479,288230376153612402,6780,2026-05-22T04:03:29.000Z,2026-05-22T05:56:29.000Z,-11.47,11.4,-11.83,-0.36,0,0.01,4529.2,4517.51,4518.61,4583.1,BUY,USD,1,1,1583663
D#1702515,XAUUSD,100,288230376152136285,288230376151919430,288230376153613452,288230376153613370,6496,2026-05-22T04:08:13.000Z,2026-05-22T05:56:29.000Z,-145.92,145.07999999999998,-150.12,-4.2,0,0.12,4529.94,4517.56,4517.88,4563.58,BUY,USD,1,1,1583663
D#1671066,XAUUSD,100,288230376152136283,288230376151920448,288230376153624124,288230376153623977,3246,2026-05-22T05:02:23.000Z,2026-05-22T05:56:29.000Z,-44.5,44.15,-46.26,-1.76,0,0.05,4526.68,4517.56,4518.15,4560.91,BUY,USD,1,1,1583663
D#1702471,XAUUSD,100,288230376152136291,288230376151920998,288230376153630495,288230376153630190,1505,2026-05-22T05:31:24.000Z,2026-05-22T05:56:29.000Z,-187.2,186.14999999999998,-192.46,-5.26,0,0.15,4530.21,4517.51,4518,,BUY,USD,1,1,1583663
D#1670872,XAUUSD,100,288230376152136282,288230376151921275,288230376153633269,288230376153632950,876,2026-05-22T05:41:53.000Z,2026-05-22T05:56:29.000Z,420,-421.96,410.2,-9.8,0,0.28,4532.77,4517.99,4530.54,4517.89,SELL,USD,1,1,1583663
D#1671065,XAUUSD,100,288230376152136331,288230376151917073,288230376153588420,288230376153587752,13139,2026-05-22T02:17:31.000Z,2026-05-22T05:56:30.000Z,96.6,-97.3,93.1,-3.5,0,0.1,4527.52,4518.08,,4517.68,SELL,USD,1,1,1583663
D#1702385,XAUUSD,100,288230376152136363,288230376151918832,288230376153607116,288230376153607038,8284,2026-05-22T03:38:29.000Z,2026-05-22T05:56:33.000Z,-45.85,45.5,-47.61,-1.76,0,0.05,4526,4516.61,4516.77,4545.16,BUY,USD,1,1,1583663
D#1702622,XAUUSD,100,288230376152136376,288230376151919456,288230376153613824,288230376153613640,6425,2026-05-22T04:09:29.000Z,2026-05-22T05:56:34.000Z,-135.8,135.10000000000002,-139.3,-3.5,0,0.1,4529.59,4515.79,4516.18,4540.74,BUY,USD,1,1,1583663
D#1671064,XAUUSD,100,288230376152136413,288230376151921638,288230376153636837,288230376153636760,5,2026-05-22T05:56:31.000Z,2026-05-22T05:56:36.000Z,9.2,-9.899999999999999,5.7,-3.5,0,0.1,4517.76,4517.06,,,SELL,USD,1,1,1583663
D#1671071,XAUUSD,100,288230376152136419,288230376151919591,288230376153636861,288230376153615125,5983,2026-05-22T04:16:57.000Z,2026-05-22T05:56:40.000Z,-216.4,215.0,-223.4,-7,0,0.2,4529.67,4518.63,,,BUY,USD,1,1,1583663
D#1702355,XAUUSD,100,288230376152136430,288230376151921357,288230376153636899,288230376153633890,672,2026-05-22T05:45:33.000Z,2026-05-22T05:56:45.000Z,69.48,-69.76,68.08,-1.4,0,0.04,4534.12,4516.97,4540.11,,SELL,USD,1,1,1583663
D#1702693,XAUUSD,100,288230376152136441,288230376151920720,288230376153627150,288230376153625448,2356,2026-05-22T05:17:31.000Z,2026-05-22T05:56:47.000Z,-77.2,76.5,-80.7,-3.5,0,0.1,4523.68,4515.74,4515.86,4565.16,BUY,USD,1,1,1583663
D#1671064,XAUUSD,100,288230376152136448,288230376151921660,288230376153636927,288230376153636906,2,2026-05-22T05:56:46.000Z,2026-05-22T05:56:48.000Z,9.6,-10.299999999999999,6.1,-3.5,0,0.1,4516.78,4516.04,,,SELL,USD,1,1,1583663
D#1670978,XAUUSD,100,288230376152136505,288230376151921600,288230376153637094,288230376153636473,80,2026-05-22T05:55:50.000Z,2026-05-22T05:57:10.000Z,-118.95,117.9,-124.21,-5.26,0,0.15,4523.65,4515.5,,,BUY,USD,1,1,1583663
D#1702721,XAUUSD,100,288230376152136528,288230376151918239,288230376153637125,288230376153600283,10124,2026-05-22T03:08:27.000Z,2026-05-22T05:57:11.000Z,-251.13,248.82,-262.69,-11.56,0,0.33,4522.59,4514.76,,,BUY,USD,1,1,1583663
D#1702516,XAUUSD,100,288230376152136509,288230376151921294,288230376153637097,288230376153633125,883,2026-05-22T05:42:28.000Z,2026-05-22T05:57:11.000Z,506.92,-508.95,496.76,-10.16,0,0.29,4532.17,4514.91,4542.71,4505.49,SELL,USD,1,1,1583663
D#1671064,XAUUSD,100,288230376152136539,288230376151921690,288230376153637154,288230376153637134,2,2026-05-22T05:57:12.000Z,2026-05-22T05:57:14.000Z,-15.3,14.600000000000001,-18.8,-3.5,0,0.1,4514.72,4516.47,,,SELL,USD,1,1,1583663
D#1671064,XAUUSD,100,288230376152136570,288230376151921701,288230376153637292,288230376153637191,19,2026-05-22T05:57:21.000Z,2026-05-22T05:57:40.000Z,2.8,-3.5,-0.7,-3.5,0,0.1,4515.51,4515.45,,,SELL,USD,1,1,1583663
D#1671069,XAUUSD,100,288230376152136645,288230376151919325,288230376153612114,288230376153612002,6978,2026-05-22T04:01:30.000Z,2026-05-22T05:57:48.000Z,82.95,-83.3,81.19,-1.76,0,0.05,4528.84,4512.47,4538.06,4512.78,SELL,USD,1,1,1583663
D#1670952,XAUUSD,100,288230376152136638,288230376151921274,288230376153632941,288230376153632940,957,2026-05-22T05:41:51.000Z,2026-05-22T05:57:48.000Z,-103.2,102.85000000000001,-104.96,-1.76,0,0.05,4533.1,4512.24,4513,4559,BUY,USD,1,1,1583663
D#1670913,XAUUSD,100,288230376152136670,288230376151918672,288230376153606459,288230376153603504,8711,2026-05-22T03:32:39.000Z,2026-05-22T05:57:50.000Z,65.65,-66.0,63.89,-1.76,0,0.05,4524.9,4511.99,4536,4512,SELL,USD,1,1,1583663
D#1671064,XAUUSD,100,288230376152136680,288230376151921718,288230376153637461,288230376153637382,4,2026-05-22T05:57:48.000Z,2026-05-22T05:57:52.000Z,5.3,-6.0,1.8,-3.5,0,0.1,4512.24,4511.93,,,SELL,USD,1,1,1583663
D#1614619,XAUUSD,100,288230376152136687,288230376151921546,288230376153637480,288230376153635972,222,2026-05-22T05:54:12.000Z,2026-05-22T05:57:54.000Z,198.44,-199.21,194.58,-3.86,0,0.11,4529.85,4512.03,4542.65,,SELL,USD,1,1,1583663
D#1702533,XAUUSD,100,288230376152136703,288230376151915109,288230376153568738,288230376153568438,17085,2026-05-22T01:13:15.000Z,2026-05-22T05:58:00.000Z,116.48,-116.97,114.02,-2.46,0,0.07,4527.79,4511.37,4537.82,4511.29,SELL,USD,1,1,1583663
D#1702734,XAUUSD,100,288230376152136699,288230376151921655,288230376153637058,288230376153636871,79,2026-05-22T05:56:41.000Z,2026-05-22T05:58:00.000Z,-34.95,34.6,-36.71,-1.76,0,0.05,4518.39,4511.18,4511.48,4527.45,BUY,USD,1,1,1583663
D#1702497,XAUUSD,100,288230376152136716,288230376151921664,288230376153637526,288230376153636934,72,2026-05-22T05:56:49.000Z,2026-05-22T05:58:01.000Z,43.3,-44.0,39.8,-3.5,0,0.1,4515.78,4511.67,,,SELL,USD,1,1,1583663
D#1671064,XAUUSD,100,288230376152136732,288230376151921744,288230376153637550,288230376153637520,4,2026-05-22T05:58:00.000Z,2026-05-22T05:58:04.000Z,2.3,-3.0,-1.2,-3.5,0,0.1,4511.17,4511.16,,,SELL,USD,1,1,1583663
D#1702734,XAUUSD,100,288230376152136775,288230376151921769,288230376153637653,288230376153637640,2,2026-05-22T05:58:17.000Z,2026-05-22T05:58:19.000Z,-0.7,0.6299999999999999,-1.06,-0.36,0,0.01,4512.77,4511.85,,,BUY,USD,1,1,1583663
D#1702382,XAUUSD,100,288230376152136795,288230376151917267,288230376153590223,288230376153589977,12651,2026-05-22T02:27:31.000Z,2026-05-22T05:58:22.000Z,94.38,-94.8,92.28,-2.1,0,0.06,4525.14,4509.63,4545.25,4509.9,SELL,USD,1,1,1583663
D#1670976,XAUUSD,100,288230376152136826,288230376151917269,288230376153590001,288230376153589998,12646,2026-05-22T02:27:37.000Z,2026-05-22T05:58:23.000Z,175.5,-176.2,172.0,-3.5,0,0.1,4525.2,4507.87,4540,4509,SELL,USD,1,1,1583663
D#1702494,XAUUSD,100,288230376152136809,288230376151921742,288230376153637696,288230376153637510,25,2026-05-22T05:57:58.000Z,2026-05-22T05:58:23.000Z,115,-118.5,97.5,-17.5,0,0.5,4511.74,4509.66,,,SELL,USD,1,1,1583663
D#1671089,XAUUSD,100,288230376152136841,288230376151915948,288230376153576632,288230376153576308,15610,2026-05-22T01:38:14.000Z,2026-05-22T05:58:24.000Z,122.8,-123.36,120.0,-2.8,0,0.08,4522.91,4507.78,4535.35,4508.21,SELL,USD,1,1,1583663
D#1671064,XAUUSD,100,288230376152136876,288230376151921787,288230376153637780,288230376153637756,4,2026-05-22T05:58:27.000Z,2026-05-22T05:58:31.000Z,-20.9,20.2,-24.4,-3.5,0,0.1,4507.74,4510.05,,,SELL,USD,1,1,1583663
D#1702383,XAUUSD,100,288230376152136888,288230376151919457,288230376153637829,288230376153613645,6550,2026-05-22T04:09:30.000Z,2026-05-22T05:58:40.000Z,-189,188.3,-192.5,-3.5,0,0.1,4529.51,4510.39,,4540.61,BUY,USD,1,1,1583663
D#1702482,XAUUSD,100,288230376152136905,288230376151921416,288230376153637884,288230376153634549,623,2026-05-22T05:48:28.000Z,2026-05-22T05:58:51.000Z,100.35,-100.69999999999999,98.59,-1.76,0,0.05,4532.12,4512.27,,,SELL,USD,1,1,1583663
D#1702515,XAUUSD,100,288230376152136923,288230376151921813,288230376153637944,288230376153637896,8,2026-05-22T05:58:53.000Z,2026-05-22T05:59:01.000Z,-68.37,64.66000000000001,-86.93,-18.56,0,0.53,4512.9,4511.39,,,BUY,USD,1,1,1583663
D#1671064,XAUUSD,100,288230376152136980,288230376151921795,288230376153638241,288230376153637809,72,2026-05-22T05:58:37.000Z,2026-05-22T05:59:49.000Z,7.6,-8.299999999999999,4.1,-3.5,0,0.1,4510.76,4510.22,,,SELL,USD,1,1,1583663
D#1670872,XAUUSD,100,288230376152136982,288230376151921842,288230376153638249,288230376153638200,9,2026-05-22T05:59:41.000Z,2026-05-22T05:59:50.000Z,0.7,-0.77,0.34,-0.36,0,0.01,4510.54,4510.06,,,SELL,USD,1,1,1583663
D#1671064,XAUUSD,100,288230376152137039,288230376151921870,288230376153638667,288230376153638378,11,2026-05-22T06:00:03.000Z,2026-05-22T06:00:14.000Z,10,-10.7,6.5,-3.5,0,0.1,4511.74,4512.52,,,BUY,USD,1,1,1583663
D#1671064,XAUUSD,100,288230376152137102,288230376151921896,288230376153638851,288230376153638705,18,2026-05-22T06:00:17.000Z,2026-05-22T06:00:35.000Z,-2.8,2.0999999999999996,-6.3,-3.5,0,0.1,4513.53,4513.03,,,BUY,USD,1,1,1583663
D#1702544,XAUUSD,100,288230376152137140,288230376151921926,288230376153638959,288230376153638917,5,2026-05-22T06:00:43.000Z,2026-05-22T06:00:48.000Z,57.5,-61.0,40.0,-17.5,0,0.5,4511.99,4512.92,,,BUY,USD,1,1,1583663
D#1702544,XAUUSD,100,288230376152137179,288230376151921944,288230376153639148,288230376153639031,15,2026-05-22T06:00:59.000Z,2026-05-22T06:01:14.000Z,2,-5.5,-15.5,-17.5,0,0.5,4515.06,4514.88,,,BUY,USD,1,1,1583663
D#1670951,XAUUSD,100,288230376152137183,288230376151921823,288230376153639169,288230376153638006,127,2026-05-22T05:59:10.000Z,2026-05-22T06:01:17.000Z,85.6,-87.0,78.6,-7,0,0.2,4511.87,4515.93,,4517.72,BUY,USD,1,1,1583663
D#1671064,XAUUSD,100,288230376152137196,288230376151921965,288230376153639208,288230376153639180,4,2026-05-22T06:01:18.000Z,2026-05-22T06:01:22.000Z,5.1,-5.8,1.6,-3.5,0,0.1,4516.4,4516.69,,,BUY,USD,1,1,1583663
D#1671085,XAUUSD,100,288230376152137206,288230376151921819,288230376153638177,288230376153637961,143,2026-05-22T05:59:05.000Z,2026-05-22T06:01:28.000Z,124.8,-126.2,117.8,-7,0,0.2,4511.7,4517.72,4506.97,4517.09,BUY,USD,1,1,1583663
D#1702704,XAUUSD,100,288230376152137246,288230376151921825,288230376153639351,288230376153638014,150,2026-05-22T05:59:11.000Z,2026-05-22T06:01:41.000Z,160.75,-162.5,151.99,-8.76,0,0.25,4511.92,4518.13,,,BUY,USD,1,1,1583663
D#1671064,XAUUSD,100,288230376152137244,288230376151921981,288230376153639349,288230376153639322,3,2026-05-22T06:01:38.000Z,2026-05-22T06:01:41.000Z,-1.3,0.6,-4.8,-3.5,0,0.1,4518.53,4518.18,,,BUY,USD,1,1,1583663
D#1702558,XAUUSD,100,288230376152137251,288230376151921921,288230376153639373,288230376153638888,65,2026-05-22T06:00:40.000Z,2026-05-22T06:01:45.000Z,156,-157.75,147.24,-8.76,0,0.25,4513.13,4519.15,4508.95,4524.34,BUY,USD,1,1,1583663
D#1702751,XAUUSD,100,288230376152137263,288230376151921835,288230376153639417,288230376153638110,144,2026-05-22T05:59:26.000Z,2026-05-22T06:01:50.000Z,-43.47,42.98,-45.93,-2.46,0,0.07,4511.73,4518.16,4520,4495.66,SELL,USD,1,1,1583663
D#1702470,XAUUSD,100,288230376152137286,288230376151921943,288230376153639532,288230376153639019,71,2026-05-22T06:00:57.000Z,2026-05-22T06:02:08.000Z,37,-37.7,33.5,-3.5,0,0.1,4514.99,4518.47,4509.22,4525.05,BUY,USD,1,1,1583663
D#1671069,XAUUSD,100,288230376152137318,288230376151921894,288230376153639747,288230376153638701,144,2026-05-22T06:00:17.000Z,2026-05-22T06:02:41.000Z,27.05,-27.400000000000002,25.29,-1.76,0,0.05,4513.54,4518.73,4504.31,4535.56,BUY,USD,1,1,1583663
D#1671055,XAUUSD,100,288230376152137453,288230376151918900,288230376153640051,288230376153607746,8597,2026-05-22T03:41:52.000Z,2026-05-22T06:05:09.000Z,30.9,-31.25,29.14,-1.76,0,0.05,4525.8,4519.84,4519.54,4507.71,SELL,USD,1,1,1583663
D#1702719,XAUUSD,100,288230376152137470,288230376151921947,288230376153640676,288230376153639069,259,2026-05-22T06:01:05.000Z,2026-05-22T06:05:24.000Z,69.6,-70.44,65.4,-4.2,0,0.12,4514.61,4520.19,,,BUY,USD,1,1,1583663
D#1702412,XAUUSD,100,288230376152137549,288230376151922048,288230376153640256,288230376153639954,182,2026-05-22T06:03:20.000Z,2026-05-22T06:06:22.000Z,-23,22.65,-24.76,-1.76,0,0.05,4517.22,4522.04,4521.64,,SELL,USD,1,1,1583663
D#1702544,XAUUSD,100,288230376152137565,288230376151921967,288230376153641180,288230376153639183,323,2026-05-22T06:01:18.000Z,2026-05-22T06:06:41.000Z,-225.5,222.0,-243.0,-17.5,0,0.5,4516.23,4520.96,,,SELL,USD,1,1,1583663
D#1702457,XAUUSD,100,288230376152137616,288230376151922172,288230376153641336,288230376153641080,92,2026-05-22T06:06:24.000Z,2026-05-22T06:07:56.000Z,-19.5,18.45,-24.76,-5.26,0,0.15,4521.52,4520,4520.4,4528.07,BUY,USD,1,1,1583663
D#1702477,XAUUSD,100,288230376152137651,288230376151922219,288230376153641910,288230376153641616,68,2026-05-22T06:08:04.000Z,2026-05-22T06:09:12.000Z,2.8,-3.5,-0.7,-3.5,0,0.1,4520.24,4520.18,,,SELL,USD,1,1,1583663
D#1702457,XAUUSD,100,288230376152137660,288230376151922228,288230376153641864,288230376153641696,76,2026-05-22T06:08:22.000Z,2026-05-22T06:09:38.000Z,-31.05,30.0,-36.31,-5.26,0,0.15,4519.37,4521.66,4521.48,4512.81,SELL,USD,1,1,1583663
D#1702493,XAUUSD,100,288230376152137669,288230376151922033,288230376153640339,288230376153639833,408,2026-05-22T06:02:58.000Z,2026-05-22T06:09:46.000Z,-79.4,78.0,-86.4,-7,0,0.2,4518.63,4522.82,4522.79,4511.41,SELL,USD,1,1,1583663
D#1702734,XAUUSD,100,288230376152137702,288230376151921799,288230376153637983,288230376153637848,687,2026-05-22T05:58:45.000Z,2026-05-22T06:10:12.000Z,129.6,-130.29999999999998,126.1,-3.5,0,0.1,4510.88,4523.62,4504.18,4523.78,BUY,USD,1,1,1583663
D#1670941,XAUUSD,100,288230376152137701,288230376151922081,288230376153642041,288230376153640296,353,2026-05-22T06:04:19.000Z,2026-05-22T06:10:12.000Z,-115.6,114.19999999999999,-122.6,-7,0,0.2,4517.81,4523.81,4523.7,4511.95,SELL,USD,1,1,1583663
D#1702558,XAUUSD,100,288230376152137794,288230376151922141,288230376153642671,288230376153640811,358,2026-05-22T06:05:45.000Z,2026-05-22T06:11:43.000Z,52.75,-54.5,43.99,-8.76,0,0.25,4520.25,4522.14,4517.9,4526.35,BUY,USD,1,1,1583663
D#1671085,XAUUSD,100,288230376152137848,288230376151922287,288230376153642677,288230376153642467,124,2026-05-22T06:11:02.000Z,2026-05-22T06:13:06.000Z,-33.4,32.0,-40.4,-7,0,0.2,4522.74,4524.63,4524.26,4517.47,SELL,USD,1,1,1583663
D#1702622,XAUUSD,100,288230376152137866,288230376151922072,288230376153643151,288230376153640202,556,2026-05-22T06:04:04.000Z,2026-05-22T06:13:20.000Z,-61.1,60.4,-64.6,-3.5,0,0.1,4517.75,4524.08,4529.22,4502.84,SELL,USD,1,1,1583663
D#1702597,XAUUSD,100,288230376152137873,288230376151922022,288230376153643213,288230376153639694,664,2026-05-22T06:02:31.000Z,2026-05-22T06:13:35.000Z,-23.25,22.9,-25.01,-1.76,0,0.05,4518.04,4522.91,,,SELL,USD,1,1,1583663
D#1702677,XAUUSD,100,288230376152137877,288230376151917189,288230376153643232,288230376153589005,13847,2026-05-22T02:22:53.000Z,2026-05-22T06:13:40.000Z,10.44,-10.86,8.34,-2.1,0,0.06,4524.53,4523.01,,,SELL,USD,1,1,1583663
D#1671064,XAUUSD,100,288230376152137959,288230376151922117,288230376153643774,288230376153640624,616,2026-05-22T06:05:13.000Z,2026-05-22T06:15:29.000Z,21.4,-22.099999999999998,17.9,-3.5,0,0.1,4519.76,4521.68,,4559.77,BUY,USD,1,1,1583663
D#1702677,XAUUSD,100,288230376152138023,288230376151922412,288230376153644111,288230376153643736,71,2026-05-22T06:15:19.000Z,2026-05-22T06:16:30.000Z,6.16,-7.140000000000001,1.26,-4.9,0,0.14,4522.37,4522.59,,,BUY,USD,1,1,1583663
D#1702592,XAUUSD,100,288230376152138060,288230376151922252,288230376153644323,288230376153642131,424,2026-05-22T06:10:01.000Z,2026-05-22T06:17:05.000Z,12.45,-13.5,7.19,-5.26,0,0.15,4522.6,4521.99,,,SELL,USD,1,1,1583663
D#1702558,XAUUSD,100,288230376152138090,288230376151922385,288230376153643409,288230376153643405,215,2026-05-22T06:14:15.000Z,2026-05-22T06:17:50.000Z,-57.75,56.0,-66.51,-8.76,0,0.25,4521.94,4519.41,4519.92,4530.13,BUY,USD,1,1,1583663
D#1670951,XAUUSD,100,288230376152138109,288230376151922212,288230376153644612,288230376153641554,609,2026-05-22T06:07:53.000Z,2026-05-22T06:18:02.000Z,35.2,-36.6,28.2,-7,0,0.2,4520.7,4519.16,,4514.66,SELL,USD,1,1,1583663
D#1702457,XAUUSD,100,288230376152138121,288230376151922245,288230376153644656,288230376153642070,501,2026-05-22T06:09:50.000Z,2026-05-22T06:18:11.000Z,-99,96.9,-109.5,-10.5,0,0.3,4522.83,4519.31,,4523.48,BUY,USD,1,1,1583663
D#1671085,XAUUSD,100,288230376152138155,288230376151922374,288230376153643414,288230376153643336,291,2026-05-22T06:14:01.000Z,2026-05-22T06:18:52.000Z,102.8,-104.2,95.8,-7,0,0.2,4522.14,4517.22,4524.74,4517.08,SELL,USD,1,1,1583663
D#1670941,XAUUSD,100,288230376152138172,288230376151922337,288230376153643726,288230376153643010,371,2026-05-22T06:12:52.000Z,2026-05-22T06:19:03.000Z,117.6,-119.0,110.6,-7,0,0.2,4522.65,4516.99,4527.65,4516.76,SELL,USD,1,1,1583663
D#1702458,XAUUSD,100,288230376152138213,288230376151919487,288230376153645162,288230376153613945,7737,2026-05-22T04:10:53.000Z,2026-05-22T06:19:50.000Z,20.64,-20.78,19.94,-0.7,0,0.02,4528.33,4518.23,,,SELL,USD,1,1,1583663
D#1702558,XAUUSD,100,288230376152138322,288230376151922558,288230376153645727,288230376153645272,89,2026-05-22T06:20:14.000Z,2026-05-22T06:21:43.000Z,-95.7,93.60000000000001,-106.2,-10.5,0,0.3,4518.72,4522.13,,,SELL,USD,1,1,1583663
D#1702719,XAUUSD,100,288230376152138353,288230376151922476,288230376153645977,288230376153644446,305,2026-05-22T06:17:31.000Z,2026-05-22T06:22:36.000Z,57.4,-59.85,45.14,-12.26,0,0.35,4520.74,4522.16,,,BUY,USD,1,1,1583663
D#1702545,XAUUSD,100,288230376152138360,288230376151922422,288230376153646048,288230376153643835,433,2026-05-22T06:15:40.000Z,2026-05-22T06:22:53.000Z,-7.6,4.799999999999999,-21.6,-14,0,0.4,4521.84,4522.25,,4511.9,SELL,USD,1,1,1583663
D#1702414,XAUUSD,100,288230376152138382,288230376151922505,288230376153644866,288230376153644705,316,2026-05-22T06:18:19.000Z,2026-05-22T06:23:35.000Z,-39.24,38.4,-43.44,-4.2,0,0.12,4519.29,4522.78,4522.66,4510.92,SELL,USD,1,1,1583663
D#1702746,XAUUSD,100,288230376152138417,288230376151921998,288230376153639462,288230376153639461,1318,2026-05-22T06:01:57.000Z,2026-05-22T06:23:55.000Z,-102.75,101.7,-108.01,-5.26,0,0.15,4518.13,4525.2,4524.89,,SELL,USD,1,1,1583663
D#1702366,XAUUSD,100,288230376152138423,288230376151922415,288230376153644164,288230376153643765,509,2026-05-22T06:15:26.000Z,2026-05-22T06:23:55.000Z,99,-101.1,88.5,-10.5,0,0.3,4521.94,4525.02,4520.65,4525.09,BUY,USD,1,1,1583663
D#1702497,XAUUSD,100,288230376152138432,288230376151922362,288230376153643321,288230376153643249,613,2026-05-22T06:13:43.000Z,2026-05-22T06:23:56.000Z,-29.6,28.900000000000002,-33.1,-3.5,0,0.1,4522.48,4525.66,4525.47,4502.07,SELL,USD,1,1,1583663
D#1671065,XAUUSD,100,288230376152138457,288230376151922629,288230376153646394,288230376153646034,71,2026-05-22T06:22:48.000Z,2026-05-22T06:23:59.000Z,31.5,-32.2,28.0,-3.5,0,0.1,4522.23,4525.16,,,BUY,USD,1,1,1583663
D#1702677,XAUUSD,100,288230376152138466,288230376151922453,288230376153646449,288230376153644209,442,2026-05-22T06:16:49.000Z,2026-05-22T06:24:11.000Z,-46.9,45.92,-51.8,-4.9,0,0.14,4521.37,4524.94,,,SELL,USD,1,1,1583663
D#1670951,XAUUSD,100,288230376152138492,288230376151922647,288230376153646624,288230376153646231,76,2026-05-22T06:23:35.000Z,2026-05-22T06:24:51.000Z,9.6,-11.0,2.6,-7,0,0.2,4522.78,4523.04,,4528.64,BUY,USD,1,1,1583663
D#1702558,XAUUSD,100,288230376152138510,288230376151922689,288230376153646687,288230376153646540,35,2026-05-22T06:24:28.000Z,2026-05-22T06:25:03.000Z,-95.2,92.4,-109.2,-14,0,0.4,4524.89,4522.29,,,BUY,USD,1,1,1583663
D#1702497,XAUUSD,100,288230376152138533,288230376151922682,288230376153646807,288230376153646493,72,2026-05-22T06:24:20.000Z,2026-05-22T06:25:32.000Z,-44.6,43.2,-51.6,-7,0,0.2,4525.06,4522.61,,,BUY,USD,1,1,1583663
D#1702497,XAUUSD,100,288230376152138589,288230376151922718,288230376153647132,288230376153646837,63,2026-05-22T06:25:37.000Z,2026-05-22T06:26:40.000Z,-35.4,34.0,-42.4,-7,0,0.2,4521.98,4523.97,4525.16,,SELL,USD,1,1,1583663
D#1671065,XAUUSD,100,288230376152138612,288230376151922703,288230376153647288,288230376153646702,129,2026-05-22T06:25:06.000Z,2026-05-22T06:27:15.000Z,5.9,-6.6000000000000005,2.4,-3.5,0,0.1,4523.71,4524.08,,,BUY,USD,1,1,1583663
D#1702592,XAUUSD,100,288230376152138615,288230376151922530,288230376153647317,288230376153644961,491,2026-05-22T06:19:09.000Z,2026-05-22T06:27:20.000Z,110.25,-111.3,104.99,-5.26,0,0.15,4517.18,4524.31,,,BUY,USD,1,1,1583663
D#1702347,XAUUSD,100,288230376152138655,288230376151922746,288230376153647680,288230376153647104,141,2026-05-22T06:26:31.000Z,2026-05-22T06:28:52.000Z,31,-32.75,22.24,-8.76,0,0.25,4524.58,4525.6,,,BUY,USD,1,1,1583663
D#1671085,XAUUSD,100,288230376152138692,288230376151922691,288230376153646738,288230376153646569,307,2026-05-22T06:24:36.000Z,2026-05-22T06:29:43.000Z,-31.6,30.200000000000003,-38.6,-7,0,0.2,4524.4,4526.2,4526.04,4519.35,SELL,USD,1,1,1583663
D#1702677,XAUUSD,100,288230376152138694,288230376151922684,288230376153648120,288230376153646502,323,2026-05-22T06:24:21.000Z,2026-05-22T06:29:44.000Z,17.29,-18.619999999999997,10.63,-6.66,0,0.19,4525.19,4525.88,,,BUY,USD,1,1,1583663
D#1702734,XAUUSD,100,288230376152138715,288230376151922487,288230376153645277,288230376153644565,727,2026-05-22T06:17:54.000Z,2026-05-22T06:30:01.000Z,-37.9,37.55,-39.66,-1.76,0,0.05,4518.6,4526.4,4526.17,4506.47,SELL,USD,1,1,1583663
D#1702710,XAUUSD,100,288230376152138725,288230376151922294,288230376153642767,288230376153642544,1122,2026-05-22T06:11:20.000Z,2026-05-22T06:30:02.000Z,-51.6,50.9,-55.1,-3.5,0,0.1,4521.63,4527.01,4526.58,4513.65,SELL,USD,1,1,1583663
D#1702493,XAUUSD,100,288230376152138734,288230376151922249,288230376153642213,288230376153642116,1204,2026-05-22T06:09:59.000Z,2026-05-22T06:30:03.000Z,-84.2,82.8,-91.2,-7,0,0.2,4522.69,4527.12,4526.95,4515.49,SELL,USD,1,1,1583663
D#1702592,XAUUSD,100,288230376152138770,288230376151922815,288230376153648331,288230376153648123,28,2026-05-22T06:29:45.000Z,2026-05-22T06:30:13.000Z,9.15,-10.200000000000001,3.89,-5.26,0,0.15,4526.02,4526.41,,,BUY,USD,1,1,1583663
D#1702347,XAUUSD,100,288230376152138873,288230376151922811,288230376153648938,288230376153647876,165,2026-05-22T06:29:36.000Z,2026-05-22T06:32:21.000Z,31.25,-33.0,22.49,-8.76,0,0.25,4525.24,4524.21,,4523.38,SELL,USD,1,1,1583663
D#1589428,XAUUSD,100,288230376152138929,288230376151922911,288230376153649228,288230376153648998,43,2026-05-22T06:32:30.000Z,2026-05-22T06:33:13.000Z,17.49,-19.799999999999997,5.93,-11.56,0,0.33,4523.82,4523.51,,,SELL,USD,1,1,1583663
D#1702586,XAUUSD,100,288230376152138947,288230376151922438,288230376153649335,288230376153643997,1048,2026-05-22T06:16:07.000Z,2026-05-22T06:33:35.000Z,-51,49.6,-58.0,-7,0,0.2,4521.01,4523.78,,,SELL,USD,1,1,1583663
D#1702722,XAUUSD,100,288230376152139005,288230376151922686,288230376153649712,288230376153646518,624,2026-05-22T06:24:25.000Z,2026-05-22T06:34:49.000Z,41.6,-44.4,27.6,-14,0,0.4,4524.38,4525.2,4517.28,4529.4,BUY,USD,1,1,1583663
D#1589428,XAUUSD,100,288230376152139164,288230376151922995,288230376153650725,288230376153649768,210,2026-05-22T06:34:58.000Z,2026-05-22T06:38:28.000Z,10.23,-12.540000000000001,-1.33,-11.56,0,0.33,4525.33,4525.24,4528.15,4522.54,SELL,USD,1,1,1583663
D#1702545,XAUUSD,100,288230376152139240,288230376151922650,288230376153646526,288230376153646252,949,2026-05-22T06:23:39.000Z,2026-05-22T06:39:28.000Z,2.1,-4.55,-10.16,-12.26,0,0.35,4523.03,4522.87,4522.92,4534.66,BUY,USD,1,1,1583663
D#1671085,XAUUSD,100,288230376152139294,288230376151922846,288230376153651242,288230376153648336,598,2026-05-22T06:30:15.000Z,2026-05-22T06:40:13.000Z,71.4,-72.80000000000001,64.4,-7,0,0.2,4526.43,4523.08,4526.46,4521.22,SELL,USD,1,1,1583663
D#1670951,XAUUSD,100,288230376152139343,288230376151922961,288230376153651513,288230376153649413,440,2026-05-22T06:33:50.000Z,2026-05-22T06:41:10.000Z,26.4,-27.799999999999997,19.4,-7,0,0.2,4524.32,4523.22,4524.07,4518.17,SELL,USD,1,1,1583663
D#1702748,XAUUSD,100,288230376152139383,288230376151922991,288230376153649837,288230376153649728,424,2026-05-22T06:34:51.000Z,2026-05-22T06:41:55.000Z,107.1,-109.19999999999999,96.6,-10.5,0,0.3,4525.86,4522.51,,4522.5,SELL,USD,1,1,1583663
D#1702414,XAUUSD,100,288230376152139401,288230376151922797,288230376153647823,288230376153647730,783,2026-05-22T06:29:02.000Z,2026-05-22T06:42:05.000Z,-44.7,43.650000000000006,-49.96,-5.26,0,0.15,4524.93,4521.73,4521.85,4531.64,BUY,USD,1,1,1583663
D#1671065,XAUUSD,100,288230376152139425,288230376151923037,288230376153651884,288230376153650228,357,2026-05-22T06:36:33.000Z,2026-05-22T06:42:30.000Z,-30.4,29.7,-33.9,-3.5,0,0.1,4526.15,4522.89,,,BUY,USD,1,1,1583663
D#1702426,XAUUSD,100,288230376152139485,288230376151923213,288230376153652045,288230376153651774,49,2026-05-22T06:42:06.000Z,2026-05-22T06:42:55.000Z,-67.05,63.9,-82.81,-15.76,0,0.45,4521.86,4523.57,,4520.63,SELL,USD,1,1,1583663
D#1702426,XAUUSD,100,288230376152139637,288230376151923328,288230376153652883,288230376153652705,41,2026-05-22T06:45:31.000Z,2026-05-22T06:46:12.000Z,-39.15,36.0,-54.91,-15.76,0,0.45,4525.79,4526.88,4526.77,4524.67,SELL,USD,1,1,1583663
D#1702403,XAUUSD,100,288230376152139645,288230376151923201,288230376153651655,288230376153651654,274,2026-05-22T06:41:43.000Z,2026-05-22T06:46:17.000Z,-49.72,48.949999999999996,-53.58,-3.86,0,0.11,4522.65,4527.39,4527.3,4512.3,SELL,USD,1,1,1583663
D#1671064,XAUUSD,100,288230376152139673,288230376151923314,288230376153653056,288230376153652618,88,2026-05-22T06:45:12.000Z,2026-05-22T06:46:40.000Z,14.3,-15.0,10.8,-3.5,0,0.1,4526.41,4527.62,,4534.72,BUY,USD,1,1,1583663
D#1670970,XAUUSD,100,288230376152139702,288230376151922799,288230376153648542,288230376153647740,1078,2026-05-22T06:29:04.000Z,2026-05-22T06:47:02.000Z,-19,18.65,-20.76,-1.76,0,0.05,4524.62,4528.64,4528.14,4516.35,SELL,USD,1,1,1583663
D#1702710,XAUUSD,100,288230376152139703,288230376151922946,288230376153649224,288230376153649222,829,2026-05-22T06:33:13.000Z,2026-05-22T06:47:02.000Z,-50.6,49.9,-54.1,-3.5,0,0.1,4523.36,4528.64,4528.33,4511.92,SELL,USD,1,1,1583663
D#1702741,XAUUSD,100,288230376152139692,288230376151923080,288230376153652376,288230376153650711,518,2026-05-22T06:38:24.000Z,2026-05-22T06:47:02.000Z,95.7,-97.8,85.2,-10.5,0,0.3,4525.32,4528.29,,4527.88,BUY,USD,1,1,1583663
D#1671064,XAUUSD,100,288230376152139711,288230376151923371,288230376153653191,288230376153653129,10,2026-05-22T06:46:53.000Z,2026-05-22T06:47:03.000Z,11.2,-11.899999999999999,7.7,-3.5,0,0.1,4527.47,4528.37,,,BUY,USD,1,1,1583663
D#1671069,XAUUSD,100,288230376152139748,288230376151922088,288230376153640490,288230376153640362,2566,2026-05-22T06:04:31.000Z,2026-05-22T06:47:17.000Z,-50.7,50.35,-52.46,-1.76,0,0.05,4518.44,4528.8,4528.75,4496.55,SELL,USD,1,1,1583663
D#1702722,XAUUSD,100,288230376152139749,288230376151923017,288230376153649987,288230376153649984,697,2026-05-22T06:35:40.000Z,2026-05-22T06:47:17.000Z,82.4,-85.2,68.4,-14,0,0.4,4526.79,4528.63,4519.34,4529,BUY,USD,1,1,1583663
D#1702385,XAUUSD,100,288230376152139779,288230376151922420,288230376153653387,288230376153643827,1917,2026-05-22T06:15:39.000Z,2026-05-22T06:47:36.000Z,-31.5,31.15,-33.26,-1.76,0,0.05,4521.6,4528.12,4532.66,4492.83,SELL,USD,1,1,1583663
D#1702592,XAUUSD,100,288230376152139784,288230376151922887,288230376153653408,288230376153648668,982,2026-05-22T06:31:19.000Z,2026-05-22T06:47:41.000Z,39,-40.05,33.74,-5.26,0,0.15,4525.43,4527.81,,,BUY,USD,1,1,1583663
D#1702426,XAUUSD,100,288230376152139845,288230376151923414,288230376153653728,288230376153653502,40,2026-05-22T06:48:01.000Z,2026-05-22T06:48:41.000Z,-34.2,31.050000000000004,-49.96,-15.76,0,0.45,4527.02,4528,,4525.69,SELL,USD,1,1,1583663
D#1702722,XAUUSD,100,288230376152139953,288230376151923470,288230376153654365,288230376153653932,100,2026-05-22T06:49:34.000Z,2026-05-22T06:51:14.000Z,28.8,-31.6,14.8,-14,0,0.4,4527.2,4527.7,4524.7,4528.6,BUY,USD,1,1,1583663
D#1702400,XAUUSD,100,288230376152139991,288230376151923334,288230376153654510,288230376153652810,353,2026-05-22T06:45:59.000Z,2026-05-22T06:51:52.000Z,-7.32,7.04,-8.72,-1.4,0,0.04,4525.87,4527.92,4535.53,4514.48,SELL,USD,1,1,1583663
D#1702722,XAUUSD,100,288230376152140010,288230376151923527,288230376153654475,288230376153654474,40,2026-05-22T06:51:43.000Z,2026-05-22T06:52:23.000Z,-51.2,48.400000000000006,-65.2,-14,0,0.4,4528,4526.5,4526.65,4528.91,BUY,USD,1,1,1583663
D#1702509,XAUUSD,100,288230376152140031,288230376151923502,288230376153654742,288230376153654219,129,2026-05-22T06:50:36.000Z,2026-05-22T06:52:45.000Z,-7.32,7.04,-8.72,-1.4,0,0.04,4528,4525.95,4510.85,4556.97,BUY,USD,1,1,1583663
D#1702351,XAUUSD,100,288230376152140038,288230376151921912,288230376153654785,288230376153638801,3145,2026-05-22T06:00:29.000Z,2026-05-22T06:52:54.000Z,90.48,-91.04,87.68,-2.8,0,0.08,4514.83,4525.92,,4533.52,BUY,USD,1,1,1583663
D#1670951,XAUUSD,100,288230376152140400,288230376151923417,288230376153653647,288230376153653545,583,2026-05-22T06:48:10.000Z,2026-05-22T06:57:53.000Z,-1,-0.40000000000000013,-8.0,-7,0,0.2,4526.99,4527.26,4526.79,4521.15,SELL,USD,1,1,1583663
D#1702366,XAUUSD,100,288230376152140415,288230376151923451,288230376153654888,288230376153653778,548,2026-05-22T06:48:54.000Z,2026-05-22T06:58:02.000Z,-8.1,6.0,-18.6,-10.5,0,0.3,4527.28,4527.77,4527.39,4524.2,SELL,USD,1,1,1583663
D#1702545,XAUUSD,100,288230376152140554,288230376151923775,288230376153656859,288230376153656281,125,2026-05-22T06:58:02.000Z,2026-05-22T07:00:07.000Z,-91.26,87.48,-110.16,-18.9,0,0.54,4527.77,4525.86,,,BUY,USD,1,1,1583663
D#1670969,XAUUSD,100,288230376152140560,288230376151923773,288230376153656275,288230376153655991,127,2026-05-22T06:58:02.000Z,2026-05-22T07:00:09.000Z,94.05,-97.2,78.29,-15.76,0,0.45,4527.42,4525.55,4528.12,4525.52,SELL,USD,1,1,1583663
D#1702509,XAUUSD,100,288230376152140562,288230376151923642,288230376153656883,288230376153655357,317,2026-05-22T06:54:53.000Z,2026-05-22T07:00:10.000Z,1.84,-2.12,0.44,-1.4,0,0.04,4525.09,4525.33,,4528.17,BUY,USD,1,1,1583663
D#1702741,XAUUSD,100,288230376152140613,288230376151923791,288230376153656578,288230376153656496,118,2026-05-22T06:58:44.000Z,2026-05-22T07:00:42.000Z,82.2,-84.3,71.7,-10.5,0,0.3,4527.33,4524.81,,4524.75,SELL,USD,1,1,1583663
D#1670969,XAUUSD,100,288230376152140980,288230376151923980,288230376153658116,288230376153657761,52,2026-05-22T07:02:22.000Z,2026-05-22T07:03:14.000Z,-91.35,88.19999999999999,-107.11,-15.76,0,0.45,4523.49,4525.74,,4522.13,SELL,USD,1,1,1583663
D#1702558,XAUUSD,100,288230376152141051,288230376151922704,288230376153658485,288230376153646703,2355,2026-05-22T06:25:07.000Z,2026-05-22T07:04:22.000Z,88,-90.8,74.0,-14,0,0.4,4523.71,4525.69,,,BUY,USD,1,1,1583663
D#1670951,XAUUSD,100,288230376152141085,288230376151924032,288230376153658664,288230376153658062,117,2026-05-22T07:03:05.000Z,2026-05-22T07:05:02.000Z,10.8,-12.200000000000001,3.8,-7,0,0.2,4525.19,4525.51,,4530.21,BUY,USD,1,1,1583663
D#1671064,XAUUSD,100,288230376152141145,288230376151924063,288230376153658848,288230376153658226,124,2026-05-22T07:03:30.000Z,2026-05-22T07:05:34.000Z,-19.3,18.6,-22.8,-3.5,0,0.1,4525.67,4523.52,,,BUY,USD,1,1,1583663
D#1702403,XAUUSD,100,288230376152141168,288230376151924027,288230376153658946,288230376153658016,176,2026-05-22T07:02:57.000Z,2026-05-22T07:05:53.000Z,-15.73,14.96,-19.59,-3.86,0,0.11,4524.63,4522.98,4520.02,4534.97,BUY,USD,1,1,1583663
D#1671064,XAUUSD,100,288230376152141226,288230376151924150,288230376153659238,288230376153658875,61,2026-05-22T07:05:41.000Z,2026-05-22T07:06:42.000Z,-15.7,15.0,-19.2,-3.5,0,0.1,4523.16,4524.95,,,SELL,USD,1,1,1583663
D#1702686,XAUUSD,100,288230376152141282,288230376151924138,288230376153659547,288230376153658656,130,2026-05-22T07:05:22.000Z,2026-05-22T07:07:32.000Z,69,-70.75,60.24,-8.76,0,0.25,4523.81,4526.35,,4528.47,BUY,USD,1,1,1583663
D#1702695,XAUUSD,100,288230376152141345,288230376151924265,288230376153659917,288230376153659850,17,2026-05-22T07:08:29.000Z,2026-05-22T07:08:46.000Z,0.65,-1.0,-1.11,-1.76,0,0.05,4525.84,4525.75,,,BUY,USD,1,1,1583663
D#1670969,XAUUSD,100,288230376152141411,288230376151924201,288230376153660232,288230376153659341,185,2026-05-22T07:06:57.000Z,2026-05-22T07:10:02.000Z,-9.9,6.75,-25.66,-15.76,0,0.45,4524.87,4525.31,4526.13,4523.19,SELL,USD,1,1,1583663
D#1702686,XAUUSD,100,288230376152141548,288230376151924233,288230376153660883,288230376153659586,281,2026-05-22T07:07:41.000Z,2026-05-22T07:12:22.000Z,81,-82.75,72.24,-8.76,0,0.25,4526.27,4523.25,,,SELL,USD,1,1,1583663
D#1671064,XAUUSD,100,288230376152141593,288230376151924209,288230376153661089,288230376153659424,354,2026-05-22T07:07:12.000Z,2026-05-22T07:13:06.000Z,-19.5,18.8,-23.0,-3.5,0,0.1,4526.06,4523.89,,,BUY,USD,1,1,1583663
D#1702722,XAUUSD,100,288230376152141619,288230376151924110,288230376153658631,288230376153658630,529,2026-05-22T07:04:54.000Z,2026-05-22T07:13:43.000Z,-121.6,118.8,-135.6,-14,0,0.4,4526.22,4522.96,4522.94,4529.83,BUY,USD,1,1,1583663
D#1702741,XAUUSD,100,288230376152141618,288230376151924291,288230376153660409,288230376153660199,226,2026-05-22T07:09:57.000Z,2026-05-22T07:13:43.000Z,72.3,-74.39999999999999,61.8,-10.5,0,0.3,4525.32,4523.13,,4522.72,SELL,USD,1,1,1583663
D#1702456,XAUUSD,100,288230376152141688,288230376151922705,288230376153647006,288230376153646708,2979,2026-05-22T06:25:08.000Z,2026-05-22T07:14:47.000Z,-20.55,19.5,-25.81,-5.26,0,0.15,4523.3,4521.71,4521.59,4530.06,BUY,USD,1,1,1583663
D#1702710,XAUUSD,100,288230376152141672,288230376151923521,288230376153654419,288230376153654417,1401,2026-05-22T06:51:26.000Z,2026-05-22T07:14:47.000Z,-59.7,59.0,-63.2,-3.5,0,0.1,4527.66,4521.47,4522.56,4538.59,BUY,USD,1,1,1583663
D#1702351,XAUUSD,100,288230376152141685,288230376151923580,288230376153655049,288230376153655048,1241,2026-05-22T06:54:06.000Z,2026-05-22T07:14:47.000Z,-31.84,31.28,-34.64,-2.8,0,0.08,4525.91,4521.71,4521.65,4531.44,BUY,USD,1,1,1583663
D#1671085,XAUUSD,100,288230376152141669,288230376151924180,288230376153659281,288230376153659090,509,2026-05-22T07:06:18.000Z,2026-05-22T07:14:47.000Z,-45.6,44.2,-52.6,-7,0,0.2,4523.97,4521.47,4522.4,4529.12,BUY,USD,1,1,1583663
D#1670969,XAUUSD,100,288230376152141668,288230376151924394,288230376153661360,288230376153661262,61,2026-05-22T07:13:46.000Z,2026-05-22T07:14:47.000Z,-79.65,76.5,-95.41,-15.76,0,0.45,4523.46,4521.47,4522.74,4524.88,BUY,USD,1,1,1583663
D#1702545,XAUUSD,100,288230376152141731,288230376151924112,288230376153661666,288230376153658659,610,2026-05-22T07:05:01.000Z,2026-05-22T07:15:11.000Z,-58,56.6,-65.0,-7,0,0.2,4525.62,4522.5,,4535.97,BUY,USD,1,1,1583663
D#1702734,XAUUSD,100,288230376152141769,288230376151923785,288230376153656517,288230376153656385,1043,2026-05-22T06:58:28.000Z,2026-05-22T07:15:51.000Z,27.6,-28.16,24.8,-2.8,0,0.08,4526.99,4523.76,4523.6,4510.37,SELL,USD,1,1,1583663
D#1702432,XAUUSD,100,288230376152141770,288230376151924250,288230376153661904,288230376153659727,467,2026-05-22T07:08:06.000Z,2026-05-22T07:15:53.000Z,40.8,-42.199999999999996,33.8,-7,0,0.2,4525.67,4523.85,,,SELL,USD,1,1,1583663
D#1670969,XAUUSD,100,288230376152141772,288230376151924438,288230376153661718,288230376153661623,51,2026-05-22T07:15:02.000Z,2026-05-22T07:15:53.000Z,72.45,-75.60000000000001,56.69,-15.76,0,0.45,4522.57,4523.96,4521.85,4524.21,BUY,USD,1,1,1583663
D#1670951,XAUUSD,100,288230376152141797,288230376151924441,288230376153661930,288230376153661644,77,2026-05-22T07:15:06.000Z,2026-05-22T07:16:23.000Z,7.2,-8.6,0.2,-7,0,0.2,4522.67,4522.81,4522.94,4528.63,BUY,USD,1,1,1583663
D#1670969,XAUUSD,100,288230376152141923,288230376151924509,288230376153662315,288230376153662302,115,2026-05-22T07:17:15.000Z,2026-05-22T07:19:10.000Z,-30.15,27.0,-45.91,-15.76,0,0.45,4524.77,4525.66,4525.43,4522.92,SELL,USD,1,1,1583663
D#1702686,XAUUSD,100,288230376152141977,288230376151924357,288230376153663114,288230376153660936,453,2026-05-22T07:12:35.000Z,2026-05-22T07:20:08.000Z,56.25,-58.0,47.49,-8.76,0,0.25,4523.43,4525.46,,4527.02,BUY,USD,1,1,1583663
D#1670969,XAUUSD,100,288230376152142107,288230376151924581,288230376153663910,288230376153663076,170,2026-05-22T07:20:00.000Z,2026-05-22T07:22:50.000Z,-50.85,47.7,-66.61,-15.76,0,0.45,4524.91,4526.26,4526.48,4523.5,SELL,USD,1,1,1583663
D#1702722,XAUUSD,100,288230376152142223,288230376151924516,288230376153664431,288230376153662389,435,2026-05-22T07:17:31.000Z,2026-05-22T07:24:46.000Z,94,-97.5,76.5,-17.5,0,0.5,4524.58,4526.24,4519.74,4529.73,BUY,USD,1,1,1583663
D#1702722,XAUUSD,100,288230376152142363,288230376151924752,288230376153665100,288230376153664830,55,2026-05-22T07:26:15.000Z,2026-05-22T07:27:10.000Z,74,-77.5,56.5,-17.5,0,0.5,4525.51,4526.77,4521.52,4529.1,BUY,USD,1,1,1583663
D#1670960,XAUUSD,100,288230376152142574,288230376151924523,288230376153662451,288230376153653969,828,2026-05-22T07:17:42.000Z,2026-05-22T07:31:30.000Z,15.18,-15.95,11.32,-3.86,0,0.11,4525.39,4524.23,4538.16,4524.2,SELL,USD,1,1,1583663
D#1702366,XAUUSD,100,288230376152142707,288230376151924557,288230376153662934,288230376153662840,828,2026-05-22T07:19:10.000Z,2026-05-22T07:32:58.000Z,104.4,-106.5,93.9,-10.5,0,0.3,4525.52,4522.26,4526.72,4522.46,SELL,USD,1,1,1583663
D#1702686,XAUUSD,100,288230376152142708,288230376151924623,288230376153663848,288230376153663465,701,2026-05-22T07:21:17.000Z,2026-05-22T07:32:58.000Z,91,-92.75,82.24,-8.76,0,0.25,4525.68,4522.26,,4522.37,SELL,USD,1,1,1583663
D#1671056,XAUUSD,100,288230376152142724,288230376151924064,288230376153666835,288230376153658240,1776,2026-05-22T07:03:33.000Z,2026-05-22T07:33:09.000Z,15.96,-16.380000000000003,13.86,-2.1,0,0.06,4525.42,4522.98,4535.26,4505.65,SELL,USD,1,1,1583663
D#1702464,XAUUSD,100,288230376152142726,288230376151922970,288230376153666843,288230376153649532,3541,2026-05-22T06:34:09.000Z,2026-05-22T07:33:10.000Z,-129,125.5,-146.5,-17.5,0,0.5,4525.55,4522.75,,4534.8,BUY,USD,1,1,1583663
D#1702611,XAUUSD,100,288230376152142738,288230376151923746,288230376153656086,288230376153655973,2192,2026-05-22T06:56:45.000Z,2026-05-22T07:33:17.000Z,-45.4,44.699999999999996,-48.9,-3.5,0,0.1,4526.24,4521.48,4521.48,4581.02,BUY,USD,1,1,1583663
D#1702722,XAUUSD,100,288230376152142737,288230376151924849,288230376153665906,288230376153665905,189,2026-05-22T07:30:08.000Z,2026-05-22T07:33:17.000Z,-169.5,166.0,-187.0,-17.5,0,0.5,4525.09,4521.48,4521.52,4528.6,BUY,USD,1,1,1583663
D#1702737,XAUUSD,100,288230376152142773,288230376151924607,288230376153667071,288230376153663310,784,2026-05-22T07:20:47.000Z,2026-05-22T07:33:51.000Z,82.2,-84.3,71.7,-10.5,0,0.3,4524.97,4522.45,4531.48,4519.82,SELL,USD,1,1,1583663
D#1671064,XAUUSD,100,288230376152142868,288230376151924467,288230376153667502,288230376153661936,1163,2026-05-22T07:15:58.000Z,2026-05-22T07:35:21.000Z,16.8,-17.5,13.3,-3.5,0,0.1,4523.82,4522.36,,4511.29,SELL,USD,1,1,1583663
D#1702479,XAUUSD,100,288230376152142937,288230376151921999,288230376153667891,288230376153639468,5677,2026-05-22T06:01:58.000Z,2026-05-22T07:36:35.000Z,17.85,-18.200000000000003,16.09,-1.76,0,0.05,4518.63,4521.98,4506,4531.7,BUY,USD,1,1,1583663
D#1702546,XAUUSD,100,288230376152142956,288230376151924627,288230376153663646,288230376153663540,911,2026-05-22T07:21:36.000Z,2026-05-22T07:36:47.000Z,-83.6,82.19999999999999,-90.6,-7,0,0.2,4525.15,4520.75,4521.33,4546.92,BUY,USD,1,1,1583663
D#1702470,XAUUSD,100,288230376152142955,288230376151924836,288230376153665861,288230376153665747,433,2026-05-22T07:29:34.000Z,2026-05-22T07:36:47.000Z,-43.6,42.9,-47.1,-3.5,0,0.1,4525.33,4520.75,4521.23,4535.29,BUY,USD,1,1,1583663
D#1702505,XAUUSD,100,288230376152142963,288230376151924767,288230376153665516,288230376153665001,597,2026-05-22T07:26:51.000Z,2026-05-22T07:36:48.000Z,-55.1,54.4,-58.6,-3.5,0,0.1,4526.38,4520.65,4521,4538.2,BUY,USD,1,1,1583663
D#1702414,XAUUSD,100,288230376152142966,288230376151925019,288230376153667398,288230376153667352,113,2026-05-22T07:34:55.000Z,2026-05-22T07:36:48.000Z,-28.5,27.45,-33.76,-5.26,0,0.15,4522.77,4520.65,4521.03,,BUY,USD,1,1,1583663
D#1702741,XAUUSD,100,288230376152142977,288230376151924494,288230376153662601,288230376153662176,1201,2026-05-22T07:16:48.000Z,2026-05-22T07:36:49.000Z,86.4,-88.5,75.9,-10.5,0,0.3,4523.24,4520.58,,4520.46,SELL,USD,1,1,1583663
D#1702620,XAUUSD,100,288230376152143006,288230376151922898,288230376153649757,288230376153648851,3904,2026-05-22T06:31:59.000Z,2026-05-22T07:37:03.000Z,71.8,-73.2,64.8,-7,0,0.2,4524.2,4520.83,,4520.23,SELL,USD,1,1,1583663
D#1702493,XAUUSD,100,288230376152143005,288230376151924009,288230376153658002,288230376153657882,2065,2026-05-22T07:02:38.000Z,2026-05-22T07:37:03.000Z,-77.4,76.0,-84.4,-7,0,0.2,4524.17,4520.08,4520.24,4531.34,BUY,USD,1,1,1583663
D#1671064,XAUUSD,100,288230376152143048,288230376151925081,288230376153668225,288230376153667976,37,2026-05-22T07:36:50.000Z,2026-05-22T07:37:27.000Z,0.9,-1.6,-2.6,-3.5,0,0.1,4520.33,4520.46,,,SELL,USD,1,1,1583663
D#1671089,XAUUSD,100,288230376152143134,288230376151924216,288230376153668539,288230376153659470,1860,2026-05-22T07:07:21.000Z,2026-05-22T07:38:21.000Z,-48.4,47.839999999999996,-51.2,-2.8,0,0.08,4526.32,4520.05,4513.22,4540.05,BUY,USD,1,1,1583663
D#1670868,XAUUSD,100,288230376152143150,288230376151922789,288230376153648430,288230376153647673,4180,2026-05-22T06:28:50.000Z,2026-05-22T07:38:30.000Z,-21.48,21.2,-22.88,-1.4,0,0.04,4525.46,4519.87,4520,4572,BUY,USD,1,1,1583663
D#1671064,XAUUSD,100,288230376152143169,288230376151925173,288230376153668662,288230376153668626,7,2026-05-22T07:38:38.000Z,2026-05-22T07:38:45.000Z,3.2,-3.9000000000000004,-0.3,-3.5,0,0.1,4520.26,4520.16,,,SELL,USD,1,1,1583663
D#1702672,XAUUSD,100,288230376152143209,288230376151924228,288230376153659685,288230376153659546,1890,2026-05-22T07:07:32.000Z,2026-05-22T07:39:02.000Z,-66.3,65.6,-69.8,-3.5,0,0.1,4526.56,4519.71,4519.82,4546.39,BUY,USD,1,1,1583663
D#1614600,XAUUSD,100,288230376152143223,288230376151923231,288230376153652056,288230376153651901,3399,2026-05-22T06:42:33.000Z,2026-05-22T07:39:12.000Z,-10.53,10.319999999999999,-11.59,-1.06,0,0.03,4523.08,4519.35,4519.62,4530.04,BUY,USD,1,1,1583663
D#1702722,XAUUSD,100,288230376152143288,288230376151925007,288230376153668997,288230376153667217,318,2026-05-22T07:34:22.000Z,2026-05-22T07:39:40.000Z,205.5,-209.0,188.0,-17.5,0,0.5,4523.01,4519.12,4528.99,4514.62,SELL,USD,1,1,1583663
D#1702719,XAUUSD,100,288230376152143289,288230376151924343,288230376153669003,288230376153660778,1660,2026-05-22T07:12:01.000Z,2026-05-22T07:39:41.000Z,-315.37,312.08,-331.83,-16.46,0,0.47,4525.81,4518.88,,,BUY,USD,1,1,1583663
D#1702620,XAUUSD,100,288230376152143340,288230376151925184,288230376153669125,288230376153668684,70,2026-05-22T07:38:47.000Z,2026-05-22T07:39:57.000Z,67.2,-69.3,56.7,-10.5,0,0.3,4519.93,4517.91,,,SELL,USD,1,1,1583663
D#1702677,XAUUSD,100,288230376152143367,288230376151922984,288230376153669220,288230376153649681,3931,2026-05-22T06:34:40.000Z,2026-05-22T07:40:11.000Z,-162.64,161.30999999999997,-169.3,-6.66,0,0.19,4526.42,4517.64,,,BUY,USD,1,1,1583663
D#1702414,XAUUSD,100,288230376152143387,288230376151925120,288230376153668276,288230376153668192,179,2026-05-22T07:37:25.000Z,2026-05-22T07:40:24.000Z,50.4,-51.449999999999996,45.14,-5.26,0,0.15,4520.19,4517.05,4522.11,4517.03,SELL,USD,1,1,1583663
D#1671069,XAUUSD,100,288230376152143396,288230376151924606,288230376153663473,288230376153663307,1183,2026-05-22T07:20:46.000Z,2026-05-22T07:40:29.000Z,-42.8,42.449999999999996,-44.56,-1.76,0,0.05,4525.05,4516.27,4516.85,4543.27,BUY,USD,1,1,1583663
D#1702620,XAUUSD,100,288230376152143473,288230376151925256,288230376153669567,288230376153669180,66,2026-05-22T07:40:05.000Z,2026-05-22T07:41:11.000Z,61.2,-63.300000000000004,50.7,-10.5,0,0.3,4518.11,4519.93,,,BUY,USD,1,1,1583663
D#1671055,XAUUSD,100,288230376152143491,288230376151922471,288230376153668566,288230376153644362,5047,2026-05-22T06:17:13.000Z,2026-05-22T07:41:20.000Z,4.3,-4.6499999999999995,2.54,-1.76,0,0.05,4521.22,4520.58,4520.46,4503.24,SELL,USD,1,1,1583663
D#1702737,XAUUSD,100,288230376152143571,288230376151925232,288230376153670128,288230376153668995,211,2026-05-22T07:39:39.000Z,2026-05-22T07:43:10.000Z,53.4,-55.5,42.9,-10.5,0,0.3,4519.09,4520.65,4510.06,,BUY,USD,1,1,1583663
D#1702414,XAUUSD,100,288230376152143674,288230376151925331,288230376153669937,288230376153669816,191,2026-05-22T07:41:59.000Z,2026-05-22T07:45:10.000Z,-21.3,20.25,-26.56,-5.26,0,0.15,4519.82,4518.18,4518.35,4522.76,BUY,USD,1,1,1583663
D#1702699,XAUUSD,100,288230376152143733,288230376151922993,288230376153671033,288230376153649752,4284,2026-05-22T06:34:55.000Z,2026-05-22T07:46:19.000Z,54.7,-55.400000000000006,51.2,-3.5,0,0.1,4525.36,4520.11,4545.03,4500.13,SELL,USD,1,1,1583663
D#1702734,XAUUSD,100,288230376152143771,288230376151924642,288230376153671312,288230376153663746,1508,2026-05-22T07:22:17.000Z,2026-05-22T07:47:25.000Z,50.72,-51.28,47.92,-2.8,0,0.08,4524.92,4518.8,4531.99,4510.96,SELL,USD,1,1,1583663
D#1670868,XAUUSD,100,288230376152143772,288230376151925424,288230376153671315,288230376153670746,127,2026-05-22T07:45:20.000Z,2026-05-22T07:47:27.000Z,3.3,-3.65,1.54,-1.76,0,0.05,4519.24,4518.8,,,SELL,USD,1,1,1583663
D#1670951,XAUUSD,100,288230376152143797,288230376151925414,288230376153671497,288230376153670669,178,2026-05-22T07:45:05.000Z,2026-05-22T07:48:03.000Z,8.4,-9.8,1.4,-7,0,0.2,4519,4519.2,,4524.93,BUY,USD,1,1,1583663
D#1671064,XAUUSD,100,288230376152143810,288230376151925427,288230376153671569,288230376153670763,177,2026-05-22T07:45:25.000Z,2026-05-22T07:48:22.000Z,5.7,-6.4,2.2,-3.5,0,0.1,4519.38,4519.73,,4524.59,BUY,USD,1,1,1583663
D#1702493,XAUUSD,100,288230376152143848,288230376151925438,288230376153671767,288230376153670861,214,2026-05-22T07:45:46.000Z,2026-05-22T07:49:20.000Z,-35,33.6,-42.0,-7,0,0.2,4520.16,4518.19,4516.55,4527.48,BUY,USD,1,1,1583663
D#1702456,XAUUSD,100,288230376152143946,288230376151924603,288230376153671054,288230376153663283,1910,2026-05-22T07:20:41.000Z,2026-05-22T07:52:31.000Z,98.25,-100.0,89.49,-8.76,0,0.25,4525.01,4521.3,4521.06,4517.27,SELL,USD,1,1,1583663
D#1702686,XAUUSD,100,288230376152143945,288230376151925489,288230376153672486,288230376153671276,315,2026-05-22T07:47:16.000Z,2026-05-22T07:52:31.000Z,61,-62.75,52.24,-8.76,0,0.25,4518.8,4521.02,,4522.46,BUY,USD,1,1,1583663
D#1670876,XAUUSD,100,288230376152143967,288230376151925530,288230376153672662,288230376153671763,242,2026-05-22T07:49:20.000Z,2026-05-22T07:53:22.000Z,-22.3,21.6,-25.8,-3.5,0,0.1,4518.29,4520.74,,,SELL,USD,1,1,1583663
D#1702722,XAUUSD,100,288230376152143998,288230376151925509,288230376153671517,288230376153671513,363,2026-05-22T07:48:06.000Z,2026-05-22T07:54:09.000Z,142.5,-146.0,125.0,-17.5,0,0.5,4519.34,4521.97,4516.09,4521.89,BUY,USD,1,1,1583663
D#1702741,XAUUSD,100,288230376152144000,288230376151925215,288230376153669664,288230376153668878,892,2026-05-22T07:39:18.000Z,2026-05-22T07:54:10.000Z,81.6,-83.69999999999999,71.1,-10.5,0,0.3,4519.43,4521.93,,4522.03,BUY,USD,1,1,1583663
D#1702414,XAUUSD,100,288230376152144011,288230376151925516,288230376153671888,288230376153671612,343,2026-05-22T07:48:33.000Z,2026-05-22T07:54:16.000Z,-36.15,35.1,-41.41,-5.26,0,0.15,4519.56,4522.19,4522.11,4512.27,SELL,USD,1,1,1583663
D#1670951,XAUUSD,100,288230376152144018,288230376151925548,288230376153672852,288230376153671969,241,2026-05-22T07:50:16.000Z,2026-05-22T07:54:17.000Z,76.4,-77.80000000000001,69.4,-7,0,0.2,4518.82,4522.42,4517.64,4524.75,BUY,USD,1,1,1583663
D#1702696,XAUUSD,100,288230376152144027,288230376151925480,288230376153672877,288230376153671203,443,2026-05-22T07:46:58.000Z,2026-05-22T07:54:21.000Z,28.2,-28.9,24.7,-3.5,0,0.1,4519.58,4522.18,4516.18,,BUY,USD,1,1,1583663
D#1702638,XAUUSD,100,288230376152144025,288230376151925533,288230376153672875,288230376153671780,294,2026-05-22T07:49:27.000Z,2026-05-22T07:54:21.000Z,-203.5,200.0,-221.0,-17.5,0,0.5,4518.11,4522.4,4530,4510,SELL,USD,1,1,1583663
D#1702620,XAUUSD,100,288230376152144077,288230376151925335,288230376153673012,288230376153669859,754,2026-05-22T07:42:10.000Z,2026-05-22T07:54:44.000Z,77.1,-79.19999999999999,66.6,-10.5,0,0.3,4519.55,4521.9,,,BUY,USD,1,1,1583663
D#1702366,XAUUSD,100,288230376152144116,288230376151925369,288230376153670342,288230376153670215,731,2026-05-22T07:43:24.000Z,2026-05-22T07:55:35.000Z,93,-95.1,82.5,-10.5,0,0.3,4520.28,4523.16,,4523.21,BUY,USD,1,1,1583663
D#1702414,XAUUSD,100,288230376152144266,288230376151925612,288230376153674131,288230376153672866,314,2026-05-22T07:54:20.000Z,2026-05-22T07:59:34.000Z,-2.7,1.6500000000000001,-7.96,-5.26,0,0.15,4522.4,4522,4519.94,4527.16,BUY,USD,1,1,1583663
D#1702360,XAUUSD,100,288230376152144313,288230376151925521,288230376153674351,288230376153671678,695,2026-05-22T07:48:50.000Z,2026-05-22T08:00:25.000Z,31.3,-32.0,27.8,-3.5,0,0.1,4519.33,4522.24,,,BUY,USD,1,1,1583663
D#1702414,XAUUSD,100,288230376152144398,288230376151925731,288230376153674745,288230376153674139,124,2026-05-22T07:59:37.000Z,2026-05-22T08:01:41.000Z,-17.25,16.2,-22.51,-5.26,0,0.15,4522.04,4523.41,,4517.5,SELL,USD,1,1,1583663
D#1702696,XAUUSD,100,288230376152144408,288230376151925685,288230376153673733,288230376153673672,262,2026-05-22T07:57:28.000Z,2026-05-22T08:01:50.000Z,-12.5,11.8,-16.0,-3.5,0,0.1,4522.48,4523.95,4523.72,,SELL,USD,1,1,1583663
D#1702737,XAUUSD,100,288230376152144413,288230376151925649,288230376153674792,288230376153673274,365,2026-05-22T07:55:46.000Z,2026-05-22T08:01:51.000Z,-49.28,45.36,-68.88,-19.6,0,0.56,4522.76,4523.86,4528,,SELL,USD,1,1,1583663
D#1702567,XAUUSD,100,288230376152144555,288230376151925302,288230376153669764,288230376153669531,1346,2026-05-22T07:41:06.000Z,2026-05-22T08:03:32.000Z,116.2,-117.60000000000001,109.2,-7,0,0.2,4519.62,4525.21,,4525.27,BUY,USD,1,1,1583663
D#1702741,XAUUSD,100,288230376152144561,288230376151925634,288230376153675334,288230376153673142,506,2026-05-22T07:55:15.000Z,2026-05-22T08:03:41.000Z,-96,93.9,-106.5,-10.5,0,0.3,4522.03,4525.45,,4520.78,SELL,USD,1,1,1583663
D#1702456,XAUUSD,100,288230376152144564,288230376151925641,288230376153673541,288230376153673199,497,2026-05-22T07:55:27.000Z,2026-05-22T08:03:44.000Z,-100.5,98.75,-109.26,-8.76,0,0.25,4521.27,4525.51,4525.35,4514.07,SELL,USD,1,1,1583663
D#1702740,XAUUSD,100,288230376152144570,288230376151925599,288230376153674458,288230376153672778,592,2026-05-22T07:53:56.000Z,2026-05-22T08:03:48.000Z,49.4,-50.1,45.9,-3.5,0,0.1,4520.66,4525.38,4519.52,4525.49,BUY,USD,1,1,1583663
D#1702710,XAUUSD,100,288230376152144572,288230376151925024,288230376153675384,288230376153667379,1728,2026-05-22T07:35:02.000Z,2026-05-22T08:03:50.000Z,-28.7,28.0,-32.2,-3.5,0,0.1,4522.48,4525.57,4527.54,,SELL,USD,1,1,1583663
D#1702520,XAUUSD,100,288230376152144581,288230376151925621,288230376153673113,288230376153673016,547,2026-05-22T07:54:45.000Z,2026-05-22T08:03:52.000Z,-86.73,85.26,-94.09,-7.36,0,0.21,4521.7,4526.05,4525.96,4516.58,SELL,USD,1,1,1583663
D#1702470,XAUUSD,100,288230376152144622,288230376151925345,288230376153675552,288230376153669949,1316,2026-05-22T07:42:25.000Z,2026-05-22T08:04:21.000Z,49.5,-50.2,45.99,-3.51,0,0.1,4520.14,4525.27,4523.75,4530.06,BUY,USD,1,1,1583663
D#1702414,XAUUSD,100,288230376152144745,288230376151925790,288230376153676261,288230376153674759,310,2026-05-22T08:01:43.000Z,2026-05-22T08:06:53.000Z,16.5,-17.55,11.24,-5.26,0,0.15,4523.37,4524.25,,4530.94,BUY,USD,1,1,1583663
D#1702409,XAUUSD,100,288230376152144799,288230376151925532,288230376153672052,288230376153671773,1094,2026-05-22T07:49:22.000Z,2026-05-22T08:07:36.000Z,111.67,-112.58,107.11,-4.56,0,0.13,4518.31,4526.68,4516.19,4526.66,BUY,USD,1,1,1583663
D#1702414,XAUUSD,100,288230376152144884,288230376151925955,288230376153676915,288230376153676283,144,2026-05-22T08:06:57.000Z,2026-05-22T08:09:21.000Z,-39.45,38.400000000000006,-44.71,-5.26,0,0.15,4524.22,4527.07,,4517.48,SELL,USD,1,1,1583663
D#1702695,XAUUSD,100,288230376152144980,288230376151924277,288230376153660618,288230376153660027,3666,2026-05-22T07:09:17.000Z,2026-05-22T08:10:23.000Z,48.8,-49.919999999999995,43.2,-5.6,0,0.16,4525.45,4528.28,,4528,BUY,USD,1,1,1583663
D#1702403,XAUUSD,100,288230376152144993,288230376151924377,288230376153661092,288230376153661091,3437,2026-05-22T07:13:07.000Z,2026-05-22T08:10:24.000Z,-52.36,51.589999999999996,-56.22,-3.86,0,0.11,4523.9,4528.88,4528.47,4513.55,SELL,USD,1,1,1583663
D#1670876,XAUUSD,100,288230376152144985,288230376151925632,288230376153673912,288230376153673123,912,2026-05-22T07:55:12.000Z,2026-05-22T08:10:24.000Z,68.2,-68.9,64.7,-3.5,0,0.1,4521.79,4528.39,4519.09,4528.13,BUY,USD,1,1,1583663
D#1702450,XAUUSD,100,288230376152144994,288230376151925823,288230376153675031,288230376153675030,465,2026-05-22T08:02:39.000Z,2026-05-22T08:10:24.000Z,-59.3,58.599999999999994,-62.8,-3.5,0,0.1,4522.73,4528.88,4528.51,4512.3,SELL,USD,1,1,1583663
D#1702693,XAUUSD,100,288230376152145039,288230376151923607,288230376153655285,288230376153655221,4563,2026-05-22T06:54:35.000Z,2026-05-22T08:10:38.000Z,-97.47,96.14,-104.13,-6.66,0,0.19,4523.93,4529.28,4529.1,4506.81,SELL,USD,1,1,1583663
D#1702479,XAUUSD,100,288230376152145036,288230376151925179,288230376153668655,288230376153668653,1913,2026-05-22T07:38:45.000Z,2026-05-22T08:10:38.000Z,-88.9,88.2,-92.4,-3.5,0,0.1,4520.14,4529.25,4529,4508.4,SELL,USD,1,1,1583663
D#1702400,XAUUSD,100,288230376152145049,288230376151923532,288230376153654626,288230376153654524,4724,2026-05-22T06:51:55.000Z,2026-05-22T08:10:39.000Z,41.68,-42.17,39.22,-2.46,0,0.07,4527.76,4529.34,4529.26,4512.02,SELL,USD,1,1,1583663
D#1702404,XAUUSD,100,288230376152145061,288230376151922029,288230376153677420,288230376153639788,7682,2026-05-22T06:02:48.000Z,2026-05-22T08:10:50.000Z,-197.4,196.0,-204.4,-7,0,0.2,4519,4529.09,,,SELL,USD,1,1,1583663
D#1702734,XAUUSD,100,288230376152145071,288230376151925781,288230376153674770,288230376153674661,578,2026-05-22T08:01:25.000Z,2026-05-22T08:11:03.000Z,32.75,-33.1,30.99,-1.76,0,0.05,4523.34,4529.67,4519.46,4529.49,BUY,USD,1,1,1583663
D#1702567,XAUUSD,100,288230376152145089,288230376151926011,288230376153677558,288230376153676864,126,2026-05-22T08:09:09.000Z,2026-05-22T08:11:15.000Z,43,-44.4,36.0,-7,0,0.2,4526.6,4528.53,4523.58,4532.34,BUY,USD,1,1,1583663
D#1670975,XAUUSD,100,288230376152145127,288230376151922153,288230376153641529,288230376153640879,7545,2026-05-22T06:05:53.000Z,2026-05-22T08:11:38.000Z,101.3,-102.0,97.8,-3.5,0,0.1,4520.07,4529.98,4512.93,4530.03,BUY,USD,1,1,1583663
D#1670976,XAUUSD,100,288230376152145125,288230376151922195,288230376153641348,288230376153641346,7466,2026-05-22T06:07:12.000Z,2026-05-22T08:11:38.000Z,-86.2,85.5,-89.7,-3.5,0,0.1,4521.31,4530.15,4530,4505,SELL,USD,1,1,1583663
D#1670952,XAUUSD,100,288230376152145126,288230376151923264,288230376153652187,288230376153652186,5285,2026-05-22T06:43:33.000Z,2026-05-22T08:11:38.000Z,-33.9,33.55,-35.66,-1.76,0,0.05,4523.15,4530.15,4530,4490,SELL,USD,1,1,1583663
D#1589419,XAUUSD,100,288230376152145253,288230376151926018,288230376153678280,288230376153676942,253,2026-05-22T08:09:29.000Z,2026-05-22T08:13:42.000Z,-27.2,25.8,-34.2,-7,0,0.2,4526.9,4525.32,4521.95,4532.39,BUY,USD,1,1,1583663
D#1702520,XAUUSD,100,288230376152145262,288230376151926128,288230376153678315,288230376153677749,108,2026-05-22T08:12:00.000Z,2026-05-22T08:13:48.000Z,111.09,-112.56,103.73,-7.36,0,0.21,4529.78,4524.71,4533.1,4524.14,SELL,USD,1,1,1583663
D#1670960,XAUUSD,100,288230376152145319,288230376151925967,288230376153676696,288230376153666727,466,2026-05-22T08:07:31.000Z,2026-05-22T08:15:17.000Z,136.74,-140.45000000000002,118.18,-18.56,0,0.53,4526.26,4523.9,,4524.2,SELL,USD,1,1,1583663
D#1702392,XAUUSD,100,288230376152145470,288230376151926285,288230376153679397,288230376153679272,27,2026-05-22T08:17:04.000Z,2026-05-22T08:17:31.000Z,-0.95,0.8799999999999999,-1.31,-0.36,0,0.01,4526.5,4527.67,,,SELL,USD,1,1,1583663
D#1702658,XAUUSD,100,288230376152145712,288230376151926222,288230376153680307,288230376153678651,315,2026-05-22T08:15:06.000Z,2026-05-22T08:20:21.000Z,-263.67,260.1,-281.53,-17.86,0,0.51,4524.64,4530.03,,,SELL,USD,1,1,1583663
D#1670962,XAUUSD,100,288230376152145741,288230376151922015,288230376153639633,288230376153639628,8284,2026-05-22T06:02:20.000Z,2026-05-22T08:20:24.000Z,120.2,-120.9,116.7,-3.5,0,0.1,4518.63,4530.43,4512.83,4530.25,BUY,USD,1,1,1583663
D#1702741,XAUUSD,100,288230376152145743,288230376151926181,288230376153679150,288230376153678225,414,2026-05-22T08:13:30.000Z,2026-05-22T08:20:24.000Z,101.7,-103.8,91.2,-10.5,0,0.3,4527.26,4530.43,,4530.08,BUY,USD,1,1,1583663
D#1702473,XAUUSD,100,288230376152145742,288230376151926188,288230376153678490,288230376153678297,399,2026-05-22T08:13:45.000Z,2026-05-22T08:20:24.000Z,-59.8,59.099999999999994,-63.3,-3.5,0,0.1,4524.49,4530.69,4530.42,4516.45,SELL,USD,1,1,1583663
D#1670952,XAUUSD,100,288230376152145849,288230376151926196,288230376153680537,288230376153678390,398,2026-05-22T08:14:03.000Z,2026-05-22T08:20:41.000Z,-49.8,49.099999999999994,-53.3,-3.5,0,0.1,4524.96,4530.16,4534.57,,SELL,USD,1,1,1583663
D#1702577,XAUUSD,100,288230376152145858,288230376151925471,288230376153680550,288230376153671154,2034,2026-05-22T07:46:48.000Z,2026-05-22T08:20:42.000Z,-187.38,186.12,-193.68,-6.3,0,0.18,4519.47,4530.1,,,SELL,USD,1,1,1583663
D#1702690,XAUUSD,100,288230376152145864,288230376151922578,288230376153680564,288230376153645465,7192,2026-05-22T06:20:51.000Z,2026-05-22T08:20:43.000Z,-187.5,186.45,-192.76,-5.26,0,0.15,4517.41,4530.13,,4490.15,SELL,USD,1,1,1583663
D#1589419,XAUUSD,100,288230376152146042,288230376151926279,288230376153681411,288230376153679237,365,2026-05-22T08:16:58.000Z,2026-05-22T08:23:03.000Z,3.4,-4.8,-3.6,-7,0,0.2,4527.07,4527.02,4521.42,4532.87,BUY,USD,1,1,1583663
D#1702392,XAUUSD,100,288230376152146051,288230376151926455,288230376153681467,288230376153680867,105,2026-05-22T08:21:27.000Z,2026-05-22T08:23:12.000Z,0.38,-0.45,0.02,-0.36,0,0.01,4527.99,4527.83,4531.3,4516.33,SELL,USD,1,1,1583663
D#1702470,XAUUSD,100,288230376152146078,288230376151926441,288230376153680739,288230376153680736,232,2026-05-22T08:21:07.000Z,2026-05-22T08:24:59.000Z,5.9,-6.6000000000000005,2.4,-3.5,0,0.1,4528.59,4528.22,4528.14,,SELL,USD,1,1,1583663
D#1702741,XAUUSD,100,288230376152146176,288230376151926522,288230376153681793,288230376153681598,236,2026-05-22T08:23:43.000Z,2026-05-22T08:27:39.000Z,58.2,-60.300000000000004,47.7,-10.5,0,0.3,4527.13,4525.41,,4525.47,SELL,USD,1,1,1583663
D#1702615,XAUUSD,100,288230376152146182,288230376151926514,288230376153682581,288230376153681441,275,2026-05-22T08:23:07.000Z,2026-05-22T08:27:42.000Z,-120.5,117.0,-138.0,-17.5,0,0.5,4527.9,4525.27,,4531.33,BUY,USD,1,1,1583663
D#1702561,XAUUSD,100,288230376152146201,288230376151926371,288230376153682735,288230376153655892,475,2026-05-22T08:20:24.000Z,2026-05-22T08:28:19.000Z,31.68,-32.1,29.58,-2.1,0,0.06,4530.43,4525.37,4534.45,4507.55,SELL,USD,1,1,1583663
D#1702674,XAUUSD,100,288230376152146266,288230376151926615,288230376153682901,288230376153682751,89,2026-05-22T08:28:21.000Z,2026-05-22T08:29:50.000Z,-20.7,18.599999999999998,-31.2,-10.5,0,0.3,4525.14,4526.05,4525.86,4521.79,SELL,USD,1,1,1583663
D#1702741,XAUUSD,100,288230376152146331,288230376151926655,288230376153683608,288230376153683154,107,2026-05-22T08:29:42.000Z,2026-05-22T08:31:29.000Z,11.7,-13.799999999999999,1.2,-10.5,0,0.3,4525.54,4525.37,,,SELL,USD,1,1,1583663
D#1702503,XAUUSD,100,288230376152146351,288230376151926700,288230376153683743,288230376153683623,28,2026-05-22T08:31:32.000Z,2026-05-22T08:32:00.000Z,2.6,-3.3000000000000003,-0.9,-3.5,0,0.1,4525.27,4525.23,,,SELL,USD,1,1,1583663
D#1670913,XAUUSD,100,288230376152146392,288230376151926363,288230376153683941,288230376153677913,743,2026-05-22T08:20:21.000Z,2026-05-22T08:32:44.000Z,30.2,-30.55,28.44,-1.76,0,0.05,4529.9,4524.08,4536,4515,SELL,USD,1,1,1583663
D#1702674,XAUUSD,100,288230376152146396,288230376151926680,288230376153683977,288230376153683354,150,2026-05-22T08:30:22.000Z,2026-05-22T08:32:52.000Z,86.1,-88.19999999999999,75.6,-10.5,0,0.3,4526.52,4523.87,4527.96,4522.96,SELL,USD,1,1,1583663
D#1702366,XAUUSD,100,288230376152146399,288230376151926693,288230376153683643,288230376153683527,106,2026-05-22T08:31:06.000Z,2026-05-22T08:32:52.000Z,81.9,-84.0,71.4,-10.5,0,0.3,4526.23,4523.72,4527.16,4523.65,SELL,USD,1,1,1583663
D#1670951,XAUUSD,100,288230376152146410,288230376151926284,288230376153684041,288230376153679268,961,2026-05-22T08:17:03.000Z,2026-05-22T08:33:04.000Z,55.4,-56.8,48.4,-7,0,0.2,4526.42,4523.87,4526.22,4520.35,SELL,USD,1,1,1583663
D#1702741,XAUUSD,100,288230376152146412,288230376151926741,288230376153684049,288230376153684007,7,2026-05-22T08:32:58.000Z,2026-05-22T08:33:05.000Z,4.5,-6.6,-6.0,-10.5,0,0.3,4523.92,4523.85,,,BUY,USD,1,1,1583663
D#1702619,XAUUSD,100,288230376152146415,288230376151926658,288230376153683222,288230376153682985,188,2026-05-22T08:30:00.000Z,2026-05-22T08:33:08.000Z,-33.52,32.96,-36.32,-2.8,0,0.08,4527.39,4522.98,4523.36,4532.31,BUY,USD,1,1,1583663
D#1702680,XAUUSD,100,288230376152146441,288230376151926670,288230376153684123,288230376153683288,193,2026-05-22T08:30:10.000Z,2026-05-22T08:33:23.000Z,110.4,-112.5,99.9,-10.5,0,0.3,4526.56,4523.1,,,SELL,USD,1,1,1583663
D#1702746,XAUUSD,100,288230376152146456,288230376151926585,288230376153684273,288230376153682389,420,2026-05-22T08:27:00.000Z,2026-05-22T08:34:00.000Z,55.35,-56.4,50.09,-5.26,0,0.15,4526.66,4523.19,4530.87,4519.15,SELL,USD,1,1,1583663
D#1702741,XAUUSD,100,288230376152146498,288230376151926757,288230376153684486,288230376153684111,90,2026-05-22T08:33:19.000Z,2026-05-22T08:34:49.000Z,34.5,-36.6,24.0,-10.5,0,0.3,4522.76,4521.83,,4521.29,SELL,USD,1,1,1583663
D#1702533,XAUUSD,100,288230376152146510,288230376151925330,288230376153669798,288230376153669796,3174,2026-05-22T07:41:56.000Z,2026-05-22T08:34:50.000Z,14.63,-15.120000000000001,12.17,-2.46,0,0.07,4519.34,4521.21,4521.58,4535.98,BUY,USD,1,1,1583663
D#1702748,XAUUSD,100,288230376152146517,288230376151926215,288230376153678708,288230376153678619,1190,2026-05-22T08:15:00.000Z,2026-05-22T08:34:50.000Z,110.1,-112.19999999999999,99.6,-10.5,0,0.3,4524.79,4521.34,,4521.51,SELL,USD,1,1,1583663
D#1702709,XAUUSD,100,288230376152146539,288230376151925080,288230376153667971,288230376153659792,3482,2026-05-22T07:36:49.000Z,2026-05-22T08:34:51.000Z,8.45,-9.36,3.89,-4.56,0,0.13,4520.5,4520.93,4521,4551,BUY,USD,1,1,1583663
D#1702505,XAUUSD,100,288230376152146531,288230376151926122,288230376153684518,288230376153677672,1391,2026-05-22T08:11:40.000Z,2026-05-22T08:34:51.000Z,-89.1,88.39999999999999,-92.6,-3.5,0,0.1,4530.06,4520.93,,,BUY,USD,1,1,1583663
D#1702564,XAUUSD,100,288230376152146566,288230376151925865,288230376153682321,288230376153675453,1850,2026-05-22T08:04:02.000Z,2026-05-22T08:34:52.000Z,50.5,-51.2,47.0,-3.5,0,0.1,4524.91,4520.08,4530.05,4520.04,SELL,USD,1,1,1583663
D#1702432,XAUUSD,100,288230376152146565,288230376151926527,288230376153681825,288230376153681682,644,2026-05-22T08:24:08.000Z,2026-05-22T08:34:52.000Z,148.2,-149.6,141.2,-7,0,0.2,4527.27,4520.08,,4520.51,SELL,USD,1,1,1583663
D#1702546,XAUUSD,100,288230376152146561,288230376151926744,288230376153684169,288230376153684048,107,2026-05-22T08:33:05.000Z,2026-05-22T08:34:52.000Z,-77.8,76.39999999999999,-84.8,-7,0,0.2,4524.01,4519.9,4520.02,4549.16,BUY,USD,1,1,1583663
D#1702620,XAUUSD,100,288230376152146599,288230376151925627,288230376153673148,288230376153673057,2398,2026-05-22T07:54:55.000Z,2026-05-22T08:34:53.000Z,73.5,-75.6,63.0,-10.5,0,0.3,4521.87,4519.64,4542.43,4519.78,SELL,USD,1,1,1583663
D#1702686,XAUUSD,100,288230376152146602,288230376151925745,288230376153674729,288230376153674258,2088,2026-05-22T08:00:05.000Z,2026-05-22T08:34:53.000Z,87.5,-89.25,78.74,-8.76,0,0.25,4522.92,4519.64,,4518.99,SELL,USD,1,1,1583663
D#1702403,XAUUSD,100,288230376152146597,288230376151926410,288230376153680783,288230376153680552,851,2026-05-22T08:20:42.000Z,2026-05-22T08:34:53.000Z,119.57,-120.33999999999999,115.71,-3.86,0,0.11,4529.89,4519.24,4534.42,4519.54,SELL,USD,1,1,1583663
D#1702615,XAUUSD,100,288230376152146623,288230376151926609,288230376153684566,288230376153682658,414,2026-05-22T08:28:00.000Z,2026-05-22T08:34:54.000Z,188.1,-190.2,177.6,-10.5,0,0.3,4525.31,4519.26,,,SELL,USD,1,1,1583663
D#1702553,XAUUSD,100,288230376152146759,288230376151926451,288230376153684791,288230376153680854,837,2026-05-22T08:21:24.000Z,2026-05-22T08:35:21.000Z,-206.8,205.4,-213.8,-7,0,0.2,4528.73,4518.17,,4532.62,BUY,USD,1,1,1583663
D#1702567,XAUUSD,100,288230376152146780,288230376151926225,288230376153679058,288230376153678666,1215,2026-05-22T08:15:09.000Z,2026-05-22T08:35:24.000Z,-111.75,110.7,-117.01,-5.26,0,0.15,4524.73,4517.06,4517.21,4532.27,BUY,USD,1,1,1583663
D#1702734,XAUUSD,100,288230376152146868,288230376151926345,288230376153680283,288230376153680144,998,2026-05-22T08:19:52.000Z,2026-05-22T08:36:30.000Z,49.91,-50.4,47.45,-2.46,0,0.07,4527.27,4520.36,4520.24,4507.58,SELL,USD,1,1,1583663
D#1702503,XAUUSD,100,288230376152146869,288230376151926849,288230376153685220,288230376153684969,42,2026-05-22T08:35:48.000Z,2026-05-22T08:36:30.000Z,111.5,-115.0,94.0,-17.5,0,0.5,4518.18,4520.19,,,BUY,USD,1,1,1583663
D#1702564,XAUUSD,100,288230376152146887,288230376151926812,288230376153685300,288230376153684727,88,2026-05-22T08:35:13.000Z,2026-05-22T08:36:41.000Z,61.8,-63.199999999999996,54.8,-7,0,0.2,4518.08,4520.95,,,BUY,USD,1,1,1583663
D#1670951,XAUUSD,100,288230376152146906,288230376151926868,288230376153685386,288230376153685117,42,2026-05-22T08:36:14.000Z,2026-05-22T08:36:56.000Z,50.8,-52.199999999999996,43.8,-7,0,0.2,4519.59,4521.91,4520.11,4525.4,BUY,USD,1,1,1583663
D#1702714,XAUUSD,100,288230376152146937,288230376151926208,288230376153685548,288230376153678533,1369,2026-05-22T08:14:36.000Z,2026-05-22T08:37:25.000Z,2.97,-3.04,2.61,-0.36,0,0.01,4525.19,4522.44,,,SELL,USD,1,1,1583663
D#1702473,XAUUSD,100,288230376152146941,288230376151926502,288230376153685557,288230376153681291,889,2026-05-22T08:22:37.000Z,2026-05-22T08:37:26.000Z,55.1,-55.800000000000004,51.6,-3.5,0,0.1,4527.28,4521.99,4531.48,4516.24,SELL,USD,1,1,1583663
D#1671056,XAUUSD,100,288230376152146988,288230376151926547,288230376153685985,288230376153681952,804,2026-05-22T08:25:20.000Z,2026-05-22T08:38:44.000Z,38.94,-39.36,36.84,-2.1,0,0.06,4528.26,4521.99,4536.81,4511.43,SELL,USD,1,1,1583663
D#1702592,XAUUSD,100,288230376152147004,288230376151926376,288230376153686105,288230376153653679,1116,2026-05-22T08:20:27.000Z,2026-05-22T08:39:03.000Z,111.3,-112.35,106.04,-5.26,0,0.15,4530.75,4523.55,,,SELL,USD,1,1,1583663
D#1702456,XAUUSD,100,288230376152147136,288230376151925998,288230376153687487,288230376153676740,2143,2026-05-22T08:08:36.000Z,2026-05-22T08:44:19.000Z,-111.25,109.5,-120.01,-8.76,0,0.25,4526.44,4521.77,,4541.2,BUY,USD,1,1,1583663
D#1702615,XAUUSD,100,288230376152147166,288230376151926848,288230376153687716,288230376153684964,575,2026-05-22T08:35:47.000Z,2026-05-22T08:45:22.000Z,-143.7,141.6,-154.2,-10.5,0,0.3,4518.19,4523.2,,,SELL,USD,1,1,1583663
D#1702503,XAUUSD,100,288230376152147193,288230376151927080,288230376153687922,288230376153687747,44,2026-05-22T08:45:30.000Z,2026-05-22T08:46:14.000Z,3,-6.5,-14.5,-17.5,0,0.5,4523.79,4523.63,,,BUY,USD,1,1,1583663
D#1702680,XAUUSD,100,288230376152147243,288230376151927033,288230376153688377,288230376153686927,387,2026-05-22T08:41:50.000Z,2026-05-22T08:48:17.000Z,-34.2,32.1,-44.7,-10.5,0,0.3,4522.21,4523.57,,,SELL,USD,1,1,1583663
D#1614601,XAUUSD,100,288230376152147281,288230376151927140,288230376153688524,288230376153688522,62,2026-05-22T08:49:05.000Z,2026-05-22T08:50:07.000Z,-4.3,3.9499999999999997,-6.06,-1.76,0,0.05,4523.08,4522,4522.1,4527.49,BUY,USD,1,1,1583663
D#1702503,XAUUSD,100,288230376152147280,288230376151927142,288230376153688740,288230376153688561,53,2026-05-22T08:49:14.000Z,2026-05-22T08:50:07.000Z,44.5,-48.0,27.0,-17.5,0,0.5,4522.79,4522.12,,,SELL,USD,1,1,1583663
D#1702615,XAUUSD,100,288230376152147373,288230376151927097,288230376153689429,288230376153687957,429,2026-05-22T08:46:23.000Z,2026-05-22T08:53:32.000Z,-30.9,28.799999999999997,-41.4,-10.5,0,0.3,4523.07,4524.32,,,SELL,USD,1,1,1583663
D#1702503,XAUUSD,100,288230376152147445,288230376151927201,288230376153689885,288230376153689348,150,2026-05-22T08:53:09.000Z,2026-05-22T08:55:39.000Z,-41,37.5,-58.5,-17.5,0,0.5,4524.61,4523.57,,,BUY,USD,1,1,1583663
D#1702740,XAUUSD,100,288230376152147460,288230376151925881,288230376153689964,288230376153675634,3075,2026-05-22T08:04:38.000Z,2026-05-22T08:55:53.000Z,23.2,-23.9,19.7,-3.5,0,0.1,4525.44,4523.34,,,SELL,USD,1,1,1583663
D#1702503,XAUUSD,100,288230376152147512,288230376151927262,288230376153690264,288230376153689983,69,2026-05-22T08:55:57.000Z,2026-05-22T08:57:06.000Z,-55,51.5,-72.5,-17.5,0,0.5,4523.47,4522.15,,,BUY,USD,1,1,1583663
D#1702709,XAUUSD,100,288230376152147514,288230376151926862,288230376153690271,288230376153685074,1260,2026-05-22T08:36:08.000Z,2026-05-22T08:57:08.000Z,100.8,-102.89999999999999,90.3,-10.5,0,0.3,4519.01,4522.15,4517,4539,BUY,USD,1,1,1583663
D#1702740,XAUUSD,100,288230376152147568,288230376151927277,288230376153690570,288230376153690223,89,2026-05-22T08:56:57.000Z,2026-05-22T08:58:26.000Z,6.6,-7.3,3.1,-3.5,0,0.1,4522.56,4522.12,,,SELL,USD,1,1,1583663
D#1702680,XAUUSD,100,288230376152147591,288230376151927224,288230376153690716,288230376153689584,281,2026-05-22T08:54:14.000Z,2026-05-22T08:58:55.000Z,53.4,-55.5,42.9,-10.5,0,0.3,4523.9,4522.34,,,SELL,USD,1,1,1583663
D#1614601,XAUUSD,100,288230376152147596,288230376151927230,288230376153689663,288230376153689659,267,2026-05-22T08:54:37.000Z,2026-05-22T08:59:04.000Z,12.15,-12.5,10.39,-1.76,0,0.05,4524.31,4522.1,4524.92,4522.12,SELL,USD,1,1,1583663
D#1702740,XAUUSD,100,288230376152147605,288230376151927316,288230376153690785,288230376153690672,21,2026-05-22T08:58:48.000Z,2026-05-22T08:59:09.000Z,5.6,-6.3,2.1,-3.5,0,0.1,4522.32,4521.98,,,SELL,USD,1,1,1583663
D#1645641,XAUUSD,100,288230376152147648,288230376151927074,288230376153687912,288230376153687688,903,2026-05-22T08:45:14.000Z,2026-05-22T09:00:17.000Z,-6.78,6.57,-7.84,-1.06,0,0.03,4523.15,4520.67,4521.17,4529.37,BUY,USD,1,1,1583663
D#1702615,XAUUSD,100,288230376152147782,288230376151927214,288230376153691589,288230376153689516,476,2026-05-22T08:53:55.000Z,2026-05-22T09:01:51.000Z,32.1,-34.2,21.6,-10.5,0,0.3,4523.54,4522.69,,,SELL,USD,1,1,1583663
D#1702693,XAUUSD,100,288230376152147821,288230376151927429,288230376153691757,288230376153691581,32,2026-05-22T09:01:49.000Z,2026-05-22T09:02:21.000Z,-38.54,35.25,-55.0,-16.46,0,0.47,4522.54,4523.58,4525.27,4517.3,SELL,USD,1,1,1583663
D#1702592,XAUUSD,100,288230376152147945,288230376151927499,288230376153692421,288230376153692216,46,2026-05-22T09:03:59.000Z,2026-05-22T09:04:45.000Z,2.7,-3.75,-2.56,-5.26,0,0.15,4524.28,4524.32,,,SELL,USD,1,1,1583663
D#1671069,XAUUSD,100,288230376152147987,288230376151925379,288230376153692600,288230376153670301,4898,2026-05-22T07:43:49.000Z,2026-05-22T09:05:27.000Z,29.89,-30.38,27.43,-2.46,0,0.07,4520.58,4524.63,4514.04,4530.61,BUY,USD,1,1,1583663
D#1702620,XAUUSD,100,288230376152148016,288230376151926953,288230376153685987,288230376153685901,1651,2026-05-22T08:38:27.000Z,2026-05-22T09:05:58.000Z,71.7,-73.8,61.2,-10.5,0,0.3,4523.06,4525.23,4494.73,4525.3,BUY,USD,1,1,1583663
D#1702392,XAUUSD,100,288230376152148021,288230376151926519,288230376153681649,288230376153681509,2559,2026-05-22T08:23:21.000Z,2026-05-22T09:06:00.000Z,20.4,-21.099999999999998,16.9,-3.5,0,0.1,4527.51,4525.69,4525.32,4507.56,SELL,USD,1,1,1583663
D#1702680,XAUUSD,100,288230376152148042,288230376151927427,288230376153692851,288230376153691576,271,2026-05-22T09:01:48.000Z,2026-05-22T09:06:19.000Z,-84.9,82.80000000000001,-95.4,-10.5,0,0.3,4522.52,4525.57,,,SELL,USD,1,1,1583663
D#1702503,XAUUSD,100,288230376152148105,288230376151927286,288230376153693046,288230376153690335,571,2026-05-22T08:57:25.000Z,2026-05-22T09:06:56.000Z,-11,7.5,-28.5,-17.5,0,0.5,4522.12,4522.56,,,SELL,USD,1,1,1583663
D#1670951,XAUUSD,100,288230376152148113,288230376151927557,288230376153693071,288230376153692782,58,2026-05-22T09:06:02.000Z,2026-05-22T09:07:00.000Z,68.4,-69.80000000000001,61.4,-7,0,0.2,4525.33,4522.13,,4519.5,SELL,USD,1,1,1583663
D#1702615,XAUUSD,100,288230376152148159,288230376151927494,288230376153693204,288230376153692118,228,2026-05-22T09:03:32.000Z,2026-05-22T09:07:20.000Z,-61.5,59.4,-72.0,-10.5,0,0.3,4524.18,4521.91,,4530.85,BUY,USD,1,1,1583663
D#1702392,XAUUSD,100,288230376152148172,288230376151927601,288230376153693252,288230376153693105,22,2026-05-22T09:07:06.000Z,2026-05-22T09:07:28.000Z,-2.5,1.7999999999999998,-6.0,-3.5,0,0.1,4521.86,4522.33,,,SELL,USD,1,1,1583663
D#1702392,XAUUSD,100,288230376152148246,288230376151927633,288230376153693454,288230376153693340,22,2026-05-22T09:07:43.000Z,2026-05-22T09:08:05.000Z,12,-13.4,5.0,-7,0,0.2,4522.04,4521.66,,,SELL,USD,1,1,1583663
D#1702392,XAUUSD,100,288230376152148299,288230376151927659,288230376153693685,288230376153693522,23,2026-05-22T09:08:18.000Z,2026-05-22T09:08:41.000Z,-4.2,2.8,-11.2,-7,0,0.2,4521.8,4522.23,,,SELL,USD,1,1,1583663
D#1702392,XAUUSD,100,288230376152148338,288230376151927679,288230376153693813,288230376153693721,15,2026-05-22T09:08:48.000Z,2026-05-22T09:09:03.000Z,4.2,-5.6000000000000005,-2.8,-7,0,0.2,4522.4,4522.41,,,SELL,USD,1,1,1583663
D#1671069,XAUUSD,100,288230376152148372,288230376151927558,288230376153693956,288230376153692794,206,2026-05-22T09:06:06.000Z,2026-05-22T09:09:32.000Z,51.4,-52.1,47.9,-3.5,0,0.1,4525.38,4520.46,4526.09,4513.99,SELL,USD,1,1,1583663
D#1702392,XAUUSD,100,288230376152148412,288230376151927710,288230376153694170,288230376153694023,28,2026-05-22T09:09:42.000Z,2026-05-22T09:10:10.000Z,4.4,-5.800000000000001,-2.6,-7,0,0.2,4521.92,4521.92,,,BUY,USD,1,1,1583663
D#1702392,XAUUSD,100,288230376152148502,288230376151927757,288230376153694640,288230376153694447,45,2026-05-22T09:11:11.000Z,2026-05-22T09:11:56.000Z,-17.8,16.400000000000002,-24.8,-7,0,0.2,4522.88,4521.77,4521.01,,BUY,USD,1,1,1583663
D#1702730,XAUUSD,100,288230376152148552,288230376151927733,288230376153694421,288230376153694226,130,2026-05-22T09:10:20.000Z,2026-05-22T09:12:30.000Z,-21.7,19.25,-33.96,-12.26,0,0.35,4521.93,4521.09,4521.2,4524.34,BUY,USD,1,1,1583663
D#1702657,XAUUSD,100,288230376152148642,288230376151927492,288230376153692381,288230376153692109,631,2026-05-22T09:03:29.000Z,2026-05-22T09:14:00.000Z,-96.4,95.0,-103.4,-7,0,0.2,4524.55,4519.51,4519.66,4537.2,BUY,USD,1,1,1583663
D#1589419,XAUUSD,100,288230376152148662,288230376151927482,288230376153692133,288230376153692014,665,2026-05-22T09:03:09.000Z,2026-05-22T09:14:14.000Z,-136,134.25,-144.76,-8.76,0,0.25,4524.35,4518.69,4519.07,4528.8,BUY,USD,1,1,1583663
D#1702734,XAUUSD,100,288230376152148719,288230376151927095,288230376153688062,288230376153687939,1710,2026-05-22T08:46:19.000Z,2026-05-22T09:14:49.000Z,-35.84,35.35,-38.3,-2.46,0,0.07,4523.29,4517.95,4518.16,4531.33,BUY,USD,1,1,1583663
D#1670913,XAUUSD,100,288230376152148725,288230376151927486,288230376153692055,288230376153684173,695,2026-05-22T09:03:16.000Z,2026-05-22T09:14:51.000Z,35.05,-35.4,33.29,-1.76,0,0.05,4524.91,4518.12,,4518,SELL,USD,1,1,1583663
D#1702567,XAUUSD,100,288230376152148740,288230376151926961,288230376153686276,288230376153686029,2166,2026-05-22T08:38:51.000Z,2026-05-22T09:14:57.000Z,-82.05,81.0,-87.31,-5.26,0,0.15,4523.19,4517.5,4517.89,4530.92,BUY,USD,1,1,1583663
D#1670876,XAUUSD,100,288230376152148760,288230376151927029,288230376153687989,288230376153686918,1991,2026-05-22T08:41:49.000Z,2026-05-22T09:15:00.000Z,-53.7,53.0,-57.2,-3.5,0,0.1,4522.34,4516.75,4517,4528.55,BUY,USD,1,1,1583663
D#1671069,XAUUSD,100,288230376152148758,288230376151927754,288230376153694603,288230376153694425,235,2026-05-22T09:11:05.000Z,2026-05-22T09:15:00.000Z,-58.5,57.8,-62.0,-3.5,0,0.1,4522.82,4516.75,4517.21,4530.71,BUY,USD,1,1,1583663
D#1702473,XAUUSD,100,288230376152148765,288230376151926945,288230376153686069,288230376153685796,2210,2026-05-22T08:38:11.000Z,2026-05-22T09:15:01.000Z,119.2,-120.60000000000001,112.2,-7,0,0.2,4522.18,4516.44,4526.19,4516.71,SELL,USD,1,1,1583663
D#1702662,XAUUSD,100,288230376152148929,288230376151918782,288230376153696219,288230376153606608,20449,2026-05-22T03:36:25.000Z,2026-05-22T09:17:14.000Z,37.2,-37.550000000000004,35.44,-1.76,0,0.05,4523.94,4516.72,4536.82,4489.27,SELL,USD,1,1,1583663
D#1670962,XAUUSD,100,288230376152149015,288230376151926509,288230376153681353,288230376153681349,3331,2026-05-22T08:22:50.000Z,2026-05-22T09:18:21.000Z,116.1,-116.8,112.6,-3.5,0,0.1,4526.85,4515.46,4534.95,4515.32,SELL,USD,1,1,1583663
D#1702392,XAUUSD,100,288230376152149125,288230376151928013,288230376153697146,288230376153697021,32,2026-05-22T09:19:51.000Z,2026-05-22T09:20:23.000Z,-5.1,4.3999999999999995,-8.6,-3.5,0,0.1,4518.7,4519.43,,,SELL,USD,1,1,1583663
D#1670932,XAUUSD,100,288230376152149128,288230376151927959,288230376153697167,288230376153696531,132,2026-05-22T09:18:15.000Z,2026-05-22T09:20:27.000Z,-96.3,94.2,-106.8,-10.5,0,0.3,4516.07,4519.5,,4515.43,SELL,USD,1,1,1583663
D#1671056,XAUUSD,100,288230376152149162,288230376151927537,288230376153697441,288230376153692613,967,2026-05-22T09:05:30.000Z,2026-05-22T09:21:37.000Z,31.92,-32.34,29.82,-2.1,0,0.06,4524.75,4519.65,4532.87,4511.9,SELL,USD,1,1,1583663
D#1702653,XAUUSD,100,288230376152149209,288230376151927666,288230376153697886,288230376153693579,914,2026-05-22T09:08:27.000Z,2026-05-22T09:23:41.000Z,-6.5,6.36,-7.2,-0.7,0,0.02,4522.26,4518.79,,,BUY,USD,1,1,1583663
D#1702470,XAUUSD,100,288230376152149269,288230376151927886,288230376153698258,288230376153695727,579,2026-05-22T09:15:42.000Z,2026-05-22T09:25:21.000Z,18.5,-19.2,15.0,-3.5,0,0.1,4517.42,4519.05,4518,,BUY,USD,1,1,1583663
D#1702695,XAUUSD,100,288230376152149305,288230376151928084,288230376153698437,288230376153698135,73,2026-05-22T09:24:54.000Z,2026-05-22T09:26:07.000Z,16.8,-17.92,11.2,-5.6,0,0.16,4519.3,4518.47,,4515,SELL,USD,1,1,1583663
D#1702674,XAUUSD,100,288230376152149327,288230376151927988,288230376153697318,288230376153696777,490,2026-05-22T09:18:59.000Z,2026-05-22T09:27:09.000Z,-32.4,30.299999999999997,-42.9,-10.5,0,0.3,4518.52,4519.82,4519.63,4514.96,SELL,USD,1,1,1583663
D#1702674,XAUUSD,100,288230376152149393,288230376151928125,288230376153698819,288230376153698720,98,2026-05-22T09:27:26.000Z,2026-05-22T09:29:04.000Z,-25.8,23.7,-36.3,-10.5,0,0.3,4520.2,4519.12,4519.25,4523.53,BUY,USD,1,1,1583663
D#1702730,XAUUSD,100,288230376152149460,288230376151927846,288230376153696855,288230376153695342,956,2026-05-22T09:14:35.000Z,2026-05-22T09:30:31.000Z,-143.85,141.4,-156.11,-12.26,0,0.35,4519.58,4515.25,4515.48,4522.31,BUY,USD,1,1,1583663
D#1670932,XAUUSD,100,288230376152149470,288230376151928023,288230376153697365,288230376153697184,600,2026-05-22T09:20:31.000Z,2026-05-22T09:30:31.000Z,135.8,-138.25,123.54,-12.26,0,0.35,4519.16,4515.5,,4516.45,SELL,USD,1,1,1583663
D#1702674,XAUUSD,100,288230376152149489,288230376151928169,288230376153699590,288230376153699274,64,2026-05-22T09:29:46.000Z,2026-05-22T09:30:50.000Z,61.8,-63.9,51.3,-10.5,0,0.3,4517.67,4515.83,4519.11,4514.11,SELL,USD,1,1,1583663
D#1702733,XAUUSD,100,288230376152149550,288230376151922259,288230376153642183,288230376153640053,12105,2026-05-22T06:10:12.000Z,2026-05-22T09:31:57.000Z,86.5,-87.2,83.0,-3.5,0,0.1,4523.49,4515.06,,4515.05,SELL,USD,1,1,1583663
D#1702355,XAUUSD,100,288230376152149549,288230376151925625,288230376153673058,288230376153673055,5822,2026-05-22T07:54:55.000Z,2026-05-22T09:31:57.000Z,-27.52,27.24,-28.92,-1.4,0,0.04,4521.99,4514.89,4515.11,4532.34,BUY,USD,1,1,1583663
D#1702730,XAUUSD,100,288230376152149620,288230376151928266,288230376153700381,288230376153700219,35,2026-05-22T09:33:15.000Z,2026-05-22T09:33:50.000Z,-19.25,16.8,-31.51,-12.26,0,0.35,4515.81,4516.58,,,SELL,USD,1,1,1583663
D#1614601,XAUUSD,100,288230376152149621,288230376151928270,288230376153700261,288230376153700259,27,2026-05-22T09:33:25.000Z,2026-05-22T09:33:52.000Z,-2.85,2.5,-4.61,-1.76,0,0.05,4516.04,4516.83,4516.66,4510.32,SELL,USD,1,1,1583663
D#1670917,XAUUSD,100,288230376152149640,288230376151928227,288230376153700520,288230376153699774,170,2026-05-22T09:31:35.000Z,2026-05-22T09:34:25.000Z,-60.2,57.75,-72.46,-12.26,0,0.35,4516,4517.94,,,SELL,USD,1,1,1583663
D#1670932,XAUUSD,100,288230376152149644,288230376151928208,288230376153699654,288230376153699583,223,2026-05-22T09:30:48.000Z,2026-05-22T09:34:31.000Z,108.15,-110.60000000000001,95.89,-12.26,0,0.35,4515.69,4518.56,,4518.31,BUY,USD,1,1,1583663
D#1670917,XAUUSD,100,288230376152149645,288230376151928293,288230376153700551,288230376153700529,4,2026-05-22T09:34:28.000Z,2026-05-22T09:34:32.000Z,28.35,-30.8,16.09,-12.26,0,0.35,4517.97,4518.56,,,BUY,USD,1,1,1583663
D#1614601,XAUUSD,100,288230376152149648,288230376151928290,288230376153700467,288230376153700466,20,2026-05-22T09:34:13.000Z,2026-05-22T09:34:33.000Z,-7.75,7.4,-9.51,-1.76,0,0.05,4517.08,4518.85,4518.72,4510.32,SELL,USD,1,1,1583663
D#1670917,XAUUSD,100,288230376152149750,288230376151928297,288230376153701170,288230376153700574,133,2026-05-22T09:34:37.000Z,2026-05-22T09:36:50.000Z,38,-41.5,20.49,-17.51,0,0.5,4519.24,4519.85,,,BUY,USD,1,1,1583663
D#1670917,XAUUSD,100,288230376152149820,288230376151928354,288230376153701450,288230376153701194,46,2026-05-22T09:36:53.000Z,2026-05-22T09:37:39.000Z,29.4,-31.849999999999998,17.14,-12.26,0,0.35,4520.29,4520.91,,,BUY,USD,1,1,1583663
D#1589419,XAUUSD,100,288230376152149938,288230376151928307,288230376153701846,288230376153700674,227,2026-05-22T09:34:56.000Z,2026-05-22T09:38:43.000Z,113.75,-115.5,104.99,-8.76,0,0.25,4519.38,4523.71,4515.47,4523.94,BUY,USD,1,1,1583663
D#1702473,XAUUSD,100,288230376152150019,288230376151927893,288230376153702179,288230376153695824,1426,2026-05-22T09:16:01.000Z,2026-05-22T09:39:47.000Z,-133.6,132.2,-140.6,-7,0,0.2,4517.27,4524.17,4527.93,4511.75,SELL,USD,1,1,1583663
D#1702679,XAUUSD,100,288230376152150024,288230376151927914,288230376153702210,288230376153696033,1404,2026-05-22T09:16:32.000Z,2026-05-22T09:39:56.000Z,399,-402.5,381.5,-17.5,0,0.5,4516.43,4524.19,4513.42,4525,BUY,USD,1,1,1583663
D#1702384,XAUUSD,100,288230376152150045,288230376151921593,288230376153702355,288230376153636427,13488,2026-05-22T05:55:42.000Z,2026-05-22T09:40:30.000Z,7.05,-7.3999999999999995,5.29,-1.76,0,0.05,4521.98,4523.17,,,BUY,USD,1,1,1583663
D#1702555,XAUUSD,100,288230376152150085,288230376151928469,288230376153702142,288230376153702139,89,2026-05-22T09:39:39.000Z,2026-05-22T09:41:08.000Z,2.82,-2.96,2.12,-0.7,0,0.02,4524.31,4525.5,4521.55,4525.53,BUY,USD,1,1,1583663
D#1702409,XAUUSD,100,288230376152150091,288230376151927332,288230376153691027,288230376153690848,2506,2026-05-22T08:59:25.000Z,2026-05-22T09:41:11.000Z,-49.79,48.88,-54.35,-4.56,0,0.13,4521.72,4525.77,4525.67,4512.88,SELL,USD,1,1,1583663
D#1702456,XAUUSD,100,288230376152150114,288230376151927063,288230376153702581,288230376153687590,3393,2026-05-22T08:44:48.000Z,2026-05-22T09:41:21.000Z,-138.6,136.15,-150.86,-12.26,0,0.35,4521.82,4526,,4508.37,SELL,USD,1,1,1583663
D#1702714,XAUUSD,100,288230376152150282,288230376151927441,288230376153703609,288230376153691685,2592,2026-05-22T09:02:08.000Z,2026-05-22T09:45:20.000Z,22.3,-23.0,18.8,-3.5,0,0.1,4523.14,4525.15,,,BUY,USD,1,1,1583663
D#1702494,XAUUSD,100,288230376152150360,288230376151928649,288230376153704008,288230376153703950,15,2026-05-22T09:46:34.000Z,2026-05-22T09:46:49.000Z,30.5,-34.0,13.0,-17.5,0,0.5,4526.05,4526.44,,,BUY,USD,1,1,1583663
D#1702403,XAUUSD,100,288230376152150383,288230376151926977,288230376153686208,288230376153686206,4059,2026-05-22T08:39:23.000Z,2026-05-22T09:47:02.000Z,-49.83,49.059999999999995,-53.69,-3.86,0,0.11,4522.14,4526.89,4526.78,4511.79,SELL,USD,1,1,1583663
D#1589404,XAUUSD,100,288230376152150398,288230376151927135,288230376153688543,288230376153688436,3525,2026-05-22T08:48:31.000Z,2026-05-22T09:47:16.000Z,-61.5,60.45,-66.76,-5.26,0,0.15,4522.85,4527.17,4527,4502.62,SELL,USD,1,1,1583663
D#1670932,XAUUSD,100,288230376152150402,288230376151928304,288230376153704117,288230376153700641,751,2026-05-22T09:34:49.000Z,2026-05-22T09:47:20.000Z,-317.2,314.4,-331.2,-14,0,0.4,4519.02,4527.17,,4516.71,SELL,USD,1,1,1583663
D#1670917,XAUUSD,100,288230376152150410,288230376151928552,288230376153704156,288230376153702884,305,2026-05-22T09:42:27.000Z,2026-05-22T09:47:32.000Z,58.75,-61.2,46.49,-12.26,0,0.35,4525.28,4526.82,,4531.12,BUY,USD,1,1,1583663
D#1670868,XAUUSD,100,288230376152150420,288230376151925494,288230376153704205,288230376153671333,7213,2026-05-22T07:47:31.000Z,2026-05-22T09:47:44.000Z,-43.15,42.8,-44.91,-1.76,0,0.05,4518.59,4527.44,4528,4442.5,SELL,USD,1,1,1583663
D#1702692,XAUUSD,100,288230376152150424,288230376151927115,288230376153704235,288230376153688139,3646,2026-05-22T08:47:04.000Z,2026-05-22T09:47:50.000Z,-205.5,202.0,-223.0,-17.5,0,0.5,4523.3,4527.63,4527.4,4511.06,SELL,USD,1,1,1583663
D#1670913,XAUUSD,100,288230376152150440,288230376151928238,288230376153699878,288230376153696969,958,2026-05-22T09:31:57.000Z,2026-05-22T09:47:55.000Z,65.3,-65.64999999999999,63.54,-1.76,0,0.05,4515.06,4527.9,4507,4528,BUY,USD,1,1,1583663
D#1702679,XAUUSD,100,288230376152150438,288230376151928491,288230376153702544,288230376153702370,442,2026-05-22T09:40:33.000Z,2026-05-22T09:47:55.000Z,-46.7,46.0,-50.2,-3.5,0,0.1,4523.14,4528.03,4527.91,4520.57,SELL,USD,1,1,1583663
D#1670914,XAUUSD,100,288230376152150458,288230376151928429,288230376153704332,288230376153701801,570,2026-05-22T09:38:40.000Z,2026-05-22T09:48:10.000Z,-246.47,243.04,-263.63,-17.16,0,0.49,4523,4528.25,,4514.49,SELL,USD,1,1,1583663
D#1702556,XAUUSD,100,288230376152150461,288230376151928538,288230376153702965,288230376153702793,363,2026-05-22T09:42:09.000Z,2026-05-22T09:48:12.000Z,-46.2,45.150000000000006,-51.46,-5.26,0,0.15,4525.03,4528.33,4528.2,4520.45,SELL,USD,1,1,1583663
D#1702555,XAUUSD,100,288230376152150483,288230376151928695,288230376153704424,288230376153704361,16,2026-05-22T09:48:16.000Z,2026-05-22T09:48:32.000Z,1,-1.1400000000000001,0.3,-0.7,0,0.02,4527.66,4527.38,,,SELL,USD,1,1,1583663
D#1702734,XAUUSD,100,288230376152150488,288230376151928012,288230376153704443,288230376153697011,1729,2026-05-22T09:19:49.000Z,2026-05-22T09:48:38.000Z,60.97,-61.46,58.51,-2.46,0,0.07,4519.04,4527.53,4525.43,4532.86,BUY,USD,1,1,1583663
D#1671069,XAUUSD,100,288230376152150522,288230376151927945,288230376153704621,288230376153696386,1896,2026-05-22T09:17:48.000Z,2026-05-22T09:49:24.000Z,105.75,-106.38,102.59,-3.16,0,0.09,4517.08,4528.61,4511.41,4529.19,BUY,USD,1,1,1583663
D#1589419,XAUUSD,100,288230376152150549,288230376151928490,288230376153704741,288230376153702365,566,2026-05-22T09:40:32.000Z,2026-05-22T09:49:58.000Z,-133,131.25,-141.76,-8.76,0,0.25,4523.13,4528.67,4529.18,4518.82,SELL,USD,1,1,1583663
D#1645646,XAUUSD,100,288230376152150569,288230376151927925,288230376153696449,288230376153696145,1988,2026-05-22T09:16:57.000Z,2026-05-22T09:50:05.000Z,-67.55,67.2,-69.31,-1.76,0,0.05,4516.6,4530.33,4530,4490,SELL,USD,1,1,1583663
D#1702450,XAUUSD,100,288230376152150568,288230376151928098,288230376153698440,288230376153698288,1476,2026-05-22T09:25:29.000Z,2026-05-22T09:50:05.000Z,112.8,-113.5,109.3,-3.5,0,0.1,4519.07,4530.13,4514.64,4530.02,BUY,USD,1,1,1583663
D#1702533,XAUUSD,100,288230376152150598,288230376151926942,288230376153685745,288230376153685743,4326,2026-05-22T08:38:02.000Z,2026-05-22T09:50:08.000Z,-73.22,72.73,-75.68,-2.46,0,0.07,4521.38,4532.06,4531.87,4504.41,SELL,USD,1,1,1583663
D#1702400,XAUUSD,100,288230376152150604,288230376151927915,288230376153696149,288230376153696041,2014,2026-05-22T09:16:34.000Z,2026-05-22T09:50:08.000Z,53.62,-54.11,51.16,-2.46,0,0.07,4517.18,4531.85,4499.37,4531.68,BUY,USD,1,1,1583663
D#1670962,XAUUSD,100,288230376152150597,288230376151928072,288230376153698001,288230376153697997,1557,2026-05-22T09:24:11.000Z,2026-05-22T09:50:08.000Z,123.2,-123.9,119.7,-3.5,0,0.1,4519.75,4531.85,4512.55,4531.19,BUY,USD,1,1,1583663
D#1702556,XAUUSD,100,288230376152150593,288230376151928698,288230376153704496,288230376153704391,107,2026-05-22T09:48:21.000Z,2026-05-22T09:50:08.000Z,-70.05,69.0,-75.31,-5.26,0,0.15,4527.17,4532.06,4531.54,4520.18,SELL,USD,1,1,1583663
D#1702511,XAUUSD,100,288230376152150615,288230376151924515,288230376153663450,288230376153662377,9162,2026-05-22T07:17:27.000Z,2026-05-22T09:50:09.000Z,15.14,-15.280000000000001,14.44,-0.7,0,0.02,4524.88,4532.23,4506.9,4532.27,BUY,USD,1,1,1583663
D#1702679,XAUUSD,100,288230376152150611,288230376151928688,288230376153704314,288230376153704312,124,2026-05-22T09:48:05.000Z,2026-05-22T09:50:09.000Z,-79.4,78.0,-86.4,-7,0,0.2,4528.02,4532.21,4532,4522,SELL,USD,1,1,1583663
D#1702384,XAUUSD,100,288230376152150618,288230376151928535,288230376153704809,288230376153702772,487,2026-05-22T09:42:03.000Z,2026-05-22T09:50:10.000Z,-352,348.5,-369.5,-17.5,0,0.5,4525.03,4532.29,,,SELL,USD,1,1,1583663
D#1702355,XAUUSD,100,288230376152150616,288230376151928638,288230376153703801,288230376153703798,249,2026-05-22T09:46:01.000Z,2026-05-22T09:50:10.000Z,36.96,-37.38,34.86,-2.1,0,0.06,4526.29,4532.23,4515.11,4532.34,BUY,USD,1,1,1583663
D#1670917,XAUUSD,100,288230376152150678,288230376151928673,288230376153705043,288230376153704191,195,2026-05-22T09:47:40.000Z,2026-05-22T09:50:55.000Z,119.4,-122.9,101.89,-17.51,0,0.5,4527.27,4531.05,4527.39,4534.07,BUY,USD,1,1,1583663
D#1670866,XAUUSD,100,288230376152150751,288230376151924324,288230376153661682,288230376153660627,9634,2026-05-22T07:11:27.000Z,2026-05-22T09:52:01.000Z,-88.68,87.84,-92.88,-4.2,0,0.12,4525.36,4532.97,4532.72,4506.47,SELL,USD,1,1,1583663
D#1671056,XAUUSD,100,288230376152150749,288230376151928484,288230376153702322,288230376153702321,697,2026-05-22T09:40:24.000Z,2026-05-22T09:52:01.000Z,-51.3,50.879999999999995,-53.4,-2.1,0,0.06,4524.2,4532.97,4532.6,4511.27,SELL,USD,1,1,1583663
D#1702494,XAUUSD,100,288230376152150759,288230376151928744,288230376153705392,288230376153704797,114,2026-05-22T09:50:08.000Z,2026-05-22T09:52:02.000Z,31,-34.5,13.5,-17.5,0,0.5,4532.03,4532.43,,,BUY,USD,1,1,1583663
D#1702582,XAUUSD,100,288230376152150764,288230376151922229,288230376153705421,288230376153641746,13418,2026-05-22T06:08:32.000Z,2026-05-22T09:52:10.000Z,-198.45,197.39999999999998,-203.71,-5.26,0,0.15,4519.33,4532.78,,4492.24,SELL,USD,1,1,1583663
D#1702699,XAUUSD,100,288230376152150766,288230376151925470,288230376153705425,288230376153671153,7523,2026-05-22T07:46:48.000Z,2026-05-22T09:52:11.000Z,-261.8,260.40000000000003,-268.8,-7,0,0.2,4519.47,4532.78,,4500.46,SELL,USD,1,1,1583663
D#1614603,XAUUSD,100,288230376152150777,288230376151927148,288230376153695763,288230376153688697,3744,2026-05-22T08:49:55.000Z,2026-05-22T09:52:19.000Z,-124.92,124.08,-129.12,-4.2,0,0.12,4522.65,4533.28,4533.02,4512.06,SELL,USD,1,1,1583663
D#1702555,XAUUSD,100,288230376152150796,288230376151928707,288230376153705500,288230376153704482,216,2026-05-22T09:48:50.000Z,2026-05-22T09:52:26.000Z,-12.26,12.12,-12.96,-0.7,0,0.02,4527.34,4533.69,,4526.72,SELL,USD,1,1,1583663
D#1671069,XAUUSD,100,288230376152150837,288230376151928812,288230376153705537,288230376153705441,72,2026-05-22T09:52:14.000Z,2026-05-22T09:53:26.000Z,3.87,-4.5,0.71,-3.16,0,0.09,4532.83,4533.04,4527.72,4533.09,BUY,USD,1,1,1583663
D#1670985,XAUUSD,100,288230376152150910,288230376151928166,288230376153700332,288230376153699224,1485,2026-05-22T09:29:34.000Z,2026-05-22T09:54:19.000Z,-15.93,15.86,-16.29,-0.36,0,0.01,4518.51,4534.66,4534.53,4495.54,SELL,USD,1,1,1583663
D#1702696,XAUUSD,100,288230376152150941,288230376151926386,288230376153680399,288230376153675541,5631,2026-05-22T08:20:29.000Z,2026-05-22T09:54:20.000Z,-46.8,46.099999999999994,-50.3,-3.5,0,0.1,4531.15,4536.05,4535.4,4489.07,SELL,USD,1,1,1583663
D#1589419,XAUUSD,100,288230376152150929,288230376151928742,288230376153704848,288230376153704791,253,2026-05-22T09:50:07.000Z,2026-05-22T09:54:20.000Z,115.25,-117.0,106.49,-8.76,0,0.25,4531.24,4535.63,4527.6,4535.59,BUY,USD,1,1,1583663
D#1702679,XAUUSD,100,288230376152150927,288230376151928767,288230376153705000,288230376153704997,211,2026-05-22T09:50:49.000Z,2026-05-22T09:54:20.000Z,-222,218.5,-239.5,-17.5,0,0.5,4531.17,4535.83,4535,,SELL,USD,1,1,1583663
D#1702447,XAUUSD,100,288230376152150958,288230376151920510,288230376153624822,288230376153624525,17393,2026-05-22T05:04:28.000Z,2026-05-22T09:54:21.000Z,101.6,-102.3,98.1,-3.5,0,0.1,4525.95,4535.89,,4535.84,BUY,USD,1,1,1583663
D#1670970,XAUUSD,100,288230376152150966,288230376151928836,288230376153705889,288230376153705675,78,2026-05-22T09:53:03.000Z,2026-05-22T09:54:21.000Z,-21.9,21.549999999999997,-23.66,-1.76,0,0.05,4531.33,4535.93,4535.93,4521.34,SELL,USD,1,1,1583663
D#1670917,XAUUSD,100,288230376152150969,288230376151928847,288230376153706085,288230376153705779,54,2026-05-22T09:53:27.000Z,2026-05-22T09:54:21.000Z,60,-61.75,51.24,-8.76,0,0.25,4533.27,4535.45,,,BUY,USD,1,1,1583663
D#1702695,XAUUSD,100,288230376152150992,288230376151928112,288230376153706175,288230376153698487,1702,2026-05-22T09:26:19.000Z,2026-05-22T09:54:41.000Z,-244.64,243.51999999999998,-250.24,-5.6,0,0.16,4518.34,4533.85,,4514.5,SELL,USD,1,1,1583663
D#1670917,XAUUSD,100,288230376152151027,288230376151928915,288230376153706346,288230376153706272,17,2026-05-22T09:55:00.000Z,2026-05-22T09:55:17.000Z,44.75,-46.5,35.99,-8.76,0,0.25,4533.42,4534.99,,,BUY,USD,1,1,1583663
D#1670876,XAUUSD,100,288230376152151122,288230376151928574,288230376153706981,288230376153703169,837,2026-05-22T09:43:41.000Z,2026-05-22T09:57:38.000Z,89.3,-90.0,85.8,-3.5,0,0.1,4524.88,4533.59,,,BUY,USD,1,1,1583663
D#1670917,XAUUSD,100,288230376152151129,288230376151928933,288230376153707049,288230376153706438,142,2026-05-22T09:55:35.000Z,2026-05-22T09:57:57.000Z,-32,30.25,-40.76,-8.76,0,0.25,4534.61,4533.11,,,BUY,USD,1,1,1583663
D#1702470,XAUUSD,100,288230376152151139,288230376151928832,288230376153707083,288230376153705639,308,2026-05-22T09:52:55.000Z,2026-05-22T09:58:03.000Z,12,-12.7,8.5,-3.5,0,0.1,4531.95,4532.93,4532.6,4542.08,BUY,USD,1,1,1583663
D#1670917,XAUUSD,100,288230376152151272,288230376151928996,288230376153707765,288230376153707102,139,2026-05-22T09:58:07.000Z,2026-05-22T10:00:26.000Z,-56.5,54.75,-65.26,-8.76,0,0.25,4533.27,4530.79,,,BUY,USD,1,1,1583663
D#1671064,XAUUSD,100,288230376152151281,288230376151928672,288230376153707797,288230376153704185,771,2026-05-22T09:47:38.000Z,2026-05-22T10:00:29.000Z,39.9,-40.6,36.4,-3.5,0,0.1,4527.41,4531.18,,4541.63,BUY,USD,1,1,1583663
D#1670917,XAUUSD,100,288230376152151295,288230376151929064,288230376153707865,288230376153707800,14,2026-05-22T10:00:29.000Z,2026-05-22T10:00:43.000Z,26.75,-28.5,17.99,-8.76,0,0.25,4531.52,4532.37,,,BUY,USD,1,1,1583663
D#1670970,XAUUSD,100,288230376152151345,288230376151928926,288230376153706464,288230376153706365,395,2026-05-22T09:55:20.000Z,2026-05-22T10:01:55.000Z,-22.5,22.15,-24.26,-1.76,0,0.05,4535.28,4530.56,4530.7,4545.22,BUY,USD,1,1,1583663
D#1702748,XAUUSD,100,288230376152151343,288230376151928968,288230376153706870,288230376153706800,297,2026-05-22T09:56:58.000Z,2026-05-22T10:01:55.000Z,103.8,-105.89999999999999,93.3,-10.5,0,0.3,4533.95,4530.71,,4530.68,SELL,USD,1,1,1583663
D#1670917,XAUUSD,100,288230376152151342,288230376151929071,288230376153708169,288230376153707881,70,2026-05-22T10:00:45.000Z,2026-05-22T10:01:55.000Z,-51.45,49.0,-63.71,-12.26,0,0.35,4532.23,4530.54,,,BUY,USD,1,1,1583663
D#1702555,XAUUSD,100,288230376152151362,288230376151928823,288230376153708261,288230376153705571,577,2026-05-22T09:52:39.000Z,2026-05-22T10:02:16.000Z,3.88,-4.02,3.18,-0.7,0,0.02,4532.05,4530.33,,4526.08,SELL,USD,1,1,1583663
D#1702449,XAUUSD,100,288230376152151426,288230376151926816,288230376153708675,288230376153684738,5324,2026-05-22T08:35:15.000Z,2026-05-22T10:03:59.000Z,234.6,-236.0,227.6,-7,0,0.2,4518.41,4529.92,,,BUY,USD,1,1,1583663
D#1702449,XAUUSD,100,288230376152151495,288230376151929160,288230376153708971,288230376153708897,19,2026-05-22T10:04:50.000Z,2026-05-22T10:05:09.000Z,0.5,-0.5700000000000001,0.14,-0.36,0,0.01,4530.14,4530.42,,,BUY,USD,1,1,1583663
D#1702473,XAUUSD,100,288230376152151533,288230376151929139,288230376153708773,288230376153708649,132,2026-05-22T10:03:52.000Z,2026-05-22T10:06:04.000Z,-50.2,48.800000000000004,-57.2,-7,0,0.2,4530.24,4532.97,4532.81,4524.72,SELL,USD,1,1,1583663
D#1670917,XAUUSD,100,288230376152151553,288230376151929098,288230376153709249,288230376153708186,260,2026-05-22T10:01:58.000Z,2026-05-22T10:06:18.000Z,84.35,-86.8,72.09,-12.26,0,0.35,4530.64,4532.83,,,BUY,USD,1,1,1583663
D#1670917,XAUUSD,100,288230376152151589,288230376151929207,288230376153709428,288230376153709360,15,2026-05-22T10:06:50.000Z,2026-05-22T10:07:05.000Z,-30.1,27.650000000000002,-42.36,-12.26,0,0.35,4532.45,4533.53,,,SELL,USD,1,1,1583663
D#1702449,XAUUSD,100,288230376152151593,288230376151929173,288230376153709433,288230376153709017,108,2026-05-22T10:05:18.000Z,2026-05-22T10:07:06.000Z,157.5,-161.0,140.0,-17.5,0,0.5,4530.43,4533.36,,,BUY,USD,1,1,1583663
D#1702449,XAUUSD,100,288230376152151636,288230376151929223,288230376153709690,288230376153709474,42,2026-05-22T10:07:17.000Z,2026-05-22T10:07:59.000Z,44.5,-48.0,27.0,-17.5,0,0.5,4533.16,4532.49,,,SELL,USD,1,1,1583663
D#1702431,XAUUSD,100,288230376152151652,288230376151929018,288230376153709750,288230376153707355,552,2026-05-22T09:58:56.000Z,2026-05-22T10:08:08.000Z,-21.8,20.400000000000002,-28.8,-7,0,0.2,4532.84,4534.15,,,SELL,USD,1,1,1583663
D#1670973,XAUUSD,100,288230376152151681,288230376151928892,288230376153706079,288230376153649725,833,2026-05-22T09:54:20.000Z,2026-05-22T10:08:13.000Z,-7.4,6.0,-14.4,-7,0,0.2,4535.89,4536.48,4535.93,4511.33,SELL,USD,1,1,1583663
D#1702494,XAUUSD,100,288230376152151707,288230376151929260,288230376153709845,288230376153709757,10,2026-05-22T10:08:09.000Z,2026-05-22T10:08:19.000Z,94,-97.5,76.5,-17.5,0,0.5,4534.46,4536.12,,,BUY,USD,1,1,1583663
D#1702657,XAUUSD,100,288230376152151711,288230376151929203,288230376153709852,288230376153709288,110,2026-05-22T10:06:31.000Z,2026-05-22T10:08:21.000Z,-75.6,74.19999999999999,-82.6,-7,0,0.2,4532.33,4536.33,,,SELL,USD,1,1,1583663
D#1702555,XAUUSD,100,288230376152151724,288230376151929113,288230376153708353,288230376153708351,354,2026-05-22T10:02:37.000Z,2026-05-22T10:08:31.000Z,-90.6,89.55,-95.86,-5.26,0,0.15,4530.54,4536.8,4536.58,4519.24,SELL,USD,1,1,1583663
D#1614601,XAUUSD,100,288230376152151739,288230376151929193,288230376153709939,288230376153709195,152,2026-05-22T10:06:05.000Z,2026-05-22T10:08:37.000Z,15.1,-15.45,13.34,-1.76,0,0.05,4533.26,4536.06,4531.7,4537.68,BUY,USD,1,1,1583663
D#1702449,XAUUSD,100,288230376152151746,288230376151929280,288230376153709982,288230376153709867,24,2026-05-22T10:08:22.000Z,2026-05-22T10:08:46.000Z,21,-23.1,10.5,-10.5,0,0.3,4536.2,4535.72,,,SELL,USD,1,1,1583663
D#1670917,XAUUSD,100,288230376152151747,288230376151929222,288230376153709987,288230376153709448,97,2026-05-22T10:07:10.000Z,2026-05-22T10:08:47.000Z,98.65,-101.10000000000001,86.39,-12.26,0,0.35,4533.4,4535.73,,,BUY,USD,1,1,1583663
D#1670941,XAUUSD,100,288230376152151749,288230376151923124,288230376153710008,288230376153651072,12552,2026-05-22T06:39:39.000Z,2026-05-22T10:08:51.000Z,126,-126.7,122.5,-3.5,0,0.1,4523.14,4535.52,4510.32,4537.87,BUY,USD,1,1,1583663
D#1702566,XAUUSD,100,288230376152151760,288230376151929261,288230376153710067,288230376153709760,53,2026-05-22T10:08:10.000Z,2026-05-22T10:09:03.000Z,-0.97,0.8999999999999999,-1.33,-0.36,0,0.01,4534.47,4535.66,,,SELL,USD,1,1,1583663
D#1702360,XAUUSD,100,288230376152151785,288230376151929187,288230376153710177,288230376153709144,205,2026-05-22T10:05:55.000Z,2026-05-22T10:09:20.000Z,-121.2,119.10000000000001,-131.7,-10.5,0,0.3,4531.64,4535.9,,,SELL,USD,1,1,1583663
D#1614601,XAUUSD,100,288230376152151878,288230376151929350,288230376153710726,288230376153710499,55,2026-05-22T10:10:30.000Z,2026-05-22T10:11:25.000Z,2.05,-2.4,0.29,-1.76,0,0.05,4534.92,4535.11,4533.56,4557.66,BUY,USD,1,1,1583663
D#1702412,XAUUSD,100,288230376152151995,288230376151922816,288230376153711307,288230376153648126,13443,2026-05-22T06:29:45.000Z,2026-05-22T10:13:48.000Z,93.2,-93.9,89.7,-3.5,0,0.1,4526.05,4535.15,4511.72,4554.56,BUY,USD,1,1,1583663
D#1589419,XAUUSD,100,288230376152152006,288230376151929354,288230376153711404,288230376153710576,199,2026-05-22T10:10:51.000Z,2026-05-22T10:14:10.000Z,13.25,-15.0,4.49,-8.76,0,0.25,4534.16,4534.47,4528.67,4538.54,BUY,USD,1,1,1583663
D#1614601,XAUUSD,100,288230376152152060,288230376151929415,288230376153711220,288230376153711219,111,2026-05-22T10:13:27.000Z,2026-05-22T10:15:18.000Z,-14.15,13.8,-15.91,-1.76,0,0.05,4536.63,4533.58,4533.58,4557.66,BUY,USD,1,1,1583663
D#1702409,XAUUSD,100,288230376152152069,288230376151929394,288230376153711126,288230376153711024,175,2026-05-22T10:12:41.000Z,2026-05-22T10:15:36.000Z,-49.66,48.75,-54.22,-4.56,0,0.13,4536.72,4532.68,4532.8,4545.86,BUY,USD,1,1,1583663
D#1702360,XAUUSD,100,288230376152152081,288230376151929331,288230376153711888,288230376153710330,358,2026-05-22T10:09:52.000Z,2026-05-22T10:15:50.000Z,-90.3,88.2,-100.8,-10.5,0,0.3,4536.01,4532.78,,,BUY,USD,1,1,1583663
D#1702470,XAUUSD,100,288230376152152098,288230376151929365,288230376153711919,288230376153710663,285,2026-05-22T10:11:11.000Z,2026-05-22T10:15:56.000Z,19.2,-19.9,15.7,-3.5,0,0.1,4534.56,4532.86,4539.54,4528.16,SELL,USD,1,1,1583663
D#1702480,XAUUSD,100,288230376152152158,288230376151922468,288230376153712129,288230376153644328,14379,2026-05-22T06:17:06.000Z,2026-05-22T10:16:45.000Z,11.1,-11.17,10.74,-0.36,0,0.01,4521.73,4532.61,,,BUY,USD,1,1,1583663
D#1702412,XAUUSD,100,288230376152152183,288230376151929511,288230376153712345,288230376153712283,11,2026-05-22T10:17:22.000Z,2026-05-22T10:17:33.000Z,0.63,-1.12,-1.83,-2.46,0,0.07,4533.47,4533.34,,,BUY,USD,1,1,1583663
D#1702431,XAUUSD,100,288230376152152269,288230376151929286,288230376153712926,288230376153709928,696,2026-05-22T10:08:35.000Z,2026-05-22T10:20:11.000Z,-185.64,182.91,-199.3,-13.66,0,0.39,4536.35,4531.37,,,BUY,USD,1,1,1583663
D#1589419,XAUUSD,100,288230376152152294,288230376151929438,288230376153711533,288230376153711456,369,2026-05-22T10:14:23.000Z,2026-05-22T10:20:32.000Z,116.5,-118.25,107.74,-8.76,0,0.25,4534.53,4530.09,4537.02,4530.13,SELL,USD,1,1,1583663
D#1589408,XAUUSD,100,288230376152152296,288230376151929277,288230376153710296,288230376153709853,732,2026-05-22T10:08:21.000Z,2026-05-22T10:20:33.000Z,-62,61.3,-65.5,-3.5,0,0.1,4536.34,4529.92,4530.13,4547.93,BUY,USD,1,1,1583663
D#1670870,XAUUSD,100,288230376152152305,288230376151929576,288230376153713050,288230376153713028,4,2026-05-22T10:20:33.000Z,2026-05-22T10:20:37.000Z,1.1,-1.4500000000000002,-0.66,-1.76,0,0.05,4529.94,4529.94,,,SELL,USD,1,1,1583663
D#1614601,XAUUSD,100,288230376152152358,288230376151929481,288230376153713306,288230376153711951,332,2026-05-22T10:16:03.000Z,2026-05-22T10:21:35.000Z,9.5,-9.85,7.74,-1.76,0,0.05,4531.93,4530.25,4536.29,4511.65,SELL,USD,1,1,1583663
D#1702473,XAUUSD,100,288230376152152384,288230376151929197,288230376153709294,288230376153709216,977,2026-05-22T10:06:08.000Z,2026-05-22T10:22:25.000Z,-81.4,80.0,-88.4,-7,0,0.2,4533.19,4528.9,4529.57,4538.73,BUY,USD,1,1,1583663
D#1702416,XAUUSD,100,288230376152152390,288230376151929548,288230376153713343,288230376153712687,199,2026-05-22T10:19:06.000Z,2026-05-22T10:22:25.000Z,-188.4,185.6,-202.4,-14,0,0.4,4533.71,4528.78,4529,,BUY,USD,1,1,1583663
D#1702619,XAUUSD,100,288230376152152426,288230376151929210,288230376153710159,288230376153709387,934,2026-05-22T10:06:57.000Z,2026-05-22T10:22:31.000Z,-40.64,40.08,-43.44,-2.8,0,0.08,4533.12,4527.82,4528.01,4543.21,BUY,USD,1,1,1583663
D#1702558,XAUUSD,100,288230376152152514,288230376151929684,288230376153714074,288230376153713932,26,2026-05-22T10:23:56.000Z,2026-05-22T10:24:22.000Z,20.8,-23.6,6.8,-14,0,0.4,4529.34,4529.04,,,SELL,USD,1,1,1583663
D#1614601,XAUUSD,100,288230376152152534,288230376151929648,288230376153713674,288230376153713673,115,2026-05-22T10:22:56.000Z,2026-05-22T10:24:51.000Z,-28.2,26.8,-35.2,-7,0,0.2,4528.57,4530.2,4530.02,4515.32,SELL,USD,1,1,1583663
D#1614601,XAUUSD,100,288230376152152552,288230376151929725,288230376153714315,288230376153714313,6,2026-05-22T10:25:18.000Z,2026-05-22T10:25:24.000Z,-8,6.6,-15.0,-7,0,0.2,4529.44,4530.06,4530.02,4520.29,SELL,USD,1,1,1583663
D#1702480,XAUUSD,100,288230376152152560,288230376151929501,288230376153714399,288230376153712193,514,2026-05-22T10:17:03.000Z,2026-05-22T10:25:37.000Z,7.52,-7.659999999999999,6.82,-0.7,0,0.02,4533.52,4529.98,,,SELL,USD,1,1,1583663
D#1670970,XAUUSD,100,288230376152152600,288230376151929590,288230376153713327,288230376153713169,324,2026-05-22T10:21:01.000Z,2026-05-22T10:26:25.000Z,-10.7,10.35,-12.46,-1.76,0,0.05,4530.11,4527.75,4527.9,4537.11,BUY,USD,1,1,1583663
D#1702385,XAUUSD,100,288230376152152602,288230376151923406,288230376153714636,288230376153653421,13124,2026-05-22T06:47:44.000Z,2026-05-22T10:26:28.000Z,3.5,-3.85,1.74,-1.76,0,0.05,4527.83,4528.31,,,BUY,USD,1,1,1583663
D#1614601,XAUUSD,100,288230376152152639,288230376151929733,288230376153714799,288230376153714423,81,2026-05-22T10:25:44.000Z,2026-05-22T10:27:05.000Z,50.6,-52.0,43.6,-7,0,0.2,4529.87,4527.56,4531.15,4524.25,SELL,USD,1,1,1583663
D#1671069,XAUUSD,100,288230376152152673,288230376151929205,288230376153709389,288230376153709311,1279,2026-05-22T10:06:37.000Z,2026-05-22T10:27:56.000Z,-49.86,49.23,-53.02,-3.16,0,0.09,4532.55,4526.79,4526.88,4544.1,BUY,USD,1,1,1583663
D#1670960,XAUUSD,100,288230376152152675,288230376151928803,288230376153708575,288230376153679213,2160,2026-05-22T09:52:00.000Z,2026-05-22T10:28:00.000Z,188.79,-190.95999999999998,177.93,-10.86,0,0.31,4532.5,4526.63,,4526.71,SELL,USD,1,1,1583663
D#1702473,XAUUSD,100,288230376152152724,288230376151929770,288230376153715172,288230376153714915,64,2026-05-22T10:27:34.000Z,2026-05-22T10:28:38.000Z,0.74,-0.81,0.38,-0.36,0,0.01,4527.21,4526.69,,,SELL,USD,1,1,1583663
D#1702470,XAUUSD,100,288230376152152740,288230376151929650,288230376153713707,288230376153713705,357,2026-05-22T10:23:03.000Z,2026-05-22T10:29:00.000Z,-23.2,22.5,-26.7,-3.5,0,0.1,4528.61,4526.07,4526.2,4536.3,BUY,USD,1,1,1583663
D#1702679,XAUUSD,100,288230376152152774,288230376151928907,288230376153706616,288230376153706205,2073,2026-05-22T09:54:49.000Z,2026-05-22T10:29:22.000Z,412,-415.5,394.5,-17.5,0,0.5,4533.13,4525.11,4540,4525,SELL,USD,1,1,1583663
D#1702479,XAUUSD,100,288230376152152867,288230376151929343,288230376153715756,288230376153710425,1227,2026-05-22T10:10:13.000Z,2026-05-22T10:30:40.000Z,-53.8,53.449999999999996,-55.56,-1.76,0,0.05,4534.81,4523.83,4515.27,,BUY,USD,1,1,1583663
D#1614601,XAUUSD,100,288230376152152914,288230376151929883,288230376153715948,288230376153715943,11,2026-05-22T10:31:14.000Z,2026-05-22T10:31:25.000Z,-19.2,17.8,-26.2,-7,0,0.2,4524.49,4523.31,4523.77,4526.01,BUY,USD,1,1,1583663
D#1702714,XAUUSD,100,288230376152152924,288230376151928683,288230376153716031,288230376153704275,2617,2026-05-22T09:47:57.000Z,2026-05-22T10:31:34.000Z,42.7,-43.400000000000006,39.2,-3.5,0,0.1,4527.82,4523.77,,,SELL,USD,1,1,1583663
D#1702494,XAUUSD,100,288230376152152926,288230376151929818,288230376153716038,288230376153715365,133,2026-05-22T10:29:23.000Z,2026-05-22T10:31:36.000Z,82,-85.5,64.5,-17.5,0,0.5,4524.95,4523.53,,,SELL,USD,1,1,1583663
D#1702672,XAUUSD,100,288230376152153018,288230376151928911,288230376153706434,288230376153706252,2252,2026-05-22T09:54:57.000Z,2026-05-22T10:32:29.000Z,-112.2,111.5,-115.7,-3.5,0,0.1,4533.41,4521.97,4522.1,4560.32,BUY,USD,1,1,1583663
D#1702450,XAUUSD,100,288230376152153019,288230376151929620,288230376153713493,288230376153713214,604,2026-05-22T10:22:25.000Z,2026-05-22T10:32:29.000Z,-68.3,67.6,-71.8,-3.5,0,0.1,4529.02,4521.97,4522.08,4540.84,BUY,USD,1,1,1583663
D#1670868,XAUUSD,100,288230376152153027,288230376151928690,288230376153704820,288230376153704349,2657,2026-05-22T09:48:14.000Z,2026-05-22T10:32:31.000Z,-30.15,29.799999999999997,-31.91,-1.76,0,0.05,4527.69,4521.44,4522,4647,BUY,USD,1,1,1583663
D#1670941,XAUUSD,100,288230376152153036,288230376151929300,288230376153710961,288230376153710050,1411,2026-05-22T10:09:01.000Z,2026-05-22T10:32:32.000Z,148.4,-149.1,144.9,-3.5,0,0.1,4535.75,4521.13,,4521.18,SELL,USD,1,1,1583663
D#1589419,XAUUSD,100,288230376152153029,288230376151929810,288230376153715433,288230376153715289,205,2026-05-22T10:29:07.000Z,2026-05-22T10:32:32.000Z,126.75,-128.5,117.99,-8.76,0,0.25,4525.87,4521.02,4533.69,4521.29,SELL,USD,1,1,1583663
D#1670975,XAUUSD,100,288230376152153041,288230376151929443,288230376153711622,288230376153711540,1075,2026-05-22T10:14:38.000Z,2026-05-22T10:32:33.000Z,135.1,-135.79999999999998,131.6,-3.5,0,0.1,4534.14,4520.85,4538.52,4520.76,SELL,USD,1,1,1583663
D#1670913,XAUUSD,100,288230376152153057,288230376151928880,288230376153706350,288230376153706000,2305,2026-05-22T09:54:09.000Z,2026-05-22T10:32:34.000Z,66.75,-67.1,64.99,-1.76,0,0.05,4533.22,4520.09,4540,4520,SELL,USD,1,1,1583663
D#1671058,XAUUSD,100,288230376152153116,288230376151929922,288230376153716587,288230376153716284,41,2026-05-22T10:32:20.000Z,2026-05-22T10:33:01.000Z,23.2,-24.599999999999998,16.2,-7,0,0.2,4522.88,4521.94,,,SELL,USD,1,1,1583663
D#1614601,XAUUSD,100,288230376152153159,288230376151929985,288230376153716615,288230376153716612,54,2026-05-22T10:33:05.000Z,2026-05-22T10:33:59.000Z,-13,11.6,-20.0,-7,0,0.2,4522.01,4521.14,4521.29,4526.24,BUY,USD,1,1,1583663
D#1702679,XAUUSD,100,288230376152153209,288230376151929918,288230376153716354,288230376153716266,148,2026-05-22T10:32:16.000Z,2026-05-22T10:34:44.000Z,-7,6.86,-7.7,-0.7,0,0.02,4523.15,4519.43,4519.71,4524.96,BUY,USD,1,1,1583663
D#1670870,XAUUSD,100,288230376152153222,288230376151930012,288230376153717112,288230376153716877,50,2026-05-22T10:33:55.000Z,2026-05-22T10:34:45.000Z,-2.42,2.35,-2.78,-0.36,0,0.01,4522,4519.36,,,BUY,USD,1,1,1583663
D#1702734,XAUUSD,100,288230376152153264,288230376151928838,288230376153717263,288230376153705688,2522,2026-05-22T09:53:09.000Z,2026-05-22T10:35:11.000Z,90.44,-90.92999999999999,87.98,-2.46,0,0.07,4531.27,4518.57,4523.56,4516.35,SELL,USD,1,1,1583663
D#1670938,XAUUSD,100,288230376152153273,288230376151929647,288230376153717306,288230376153713662,747,2026-05-22T10:22:54.000Z,2026-05-22T10:35:21.000Z,-198.2,196.79999999999998,-205.2,-7,0,0.2,4528.69,4518.56,,,BUY,USD,1,1,1583663
D#1702432,XAUUSD,100,288230376152153307,288230376151928487,288230376153717444,288230376153702343,3317,2026-05-22T09:40:29.000Z,2026-05-22T10:35:46.000Z,115.7,-117.52,106.6,-9.1,0,0.26,4523.55,4519.32,,4515.44,SELL,USD,1,1,1583663
D#1670866,XAUUSD,100,288230376152153313,288230376151929831,288230376153717489,288230376153715477,369,2026-05-22T10:29:44.000Z,2026-05-22T10:35:53.000Z,166.25,-168.0,157.49,-8.76,0,0.25,4526.06,4519.63,,,SELL,USD,1,1,1583663
D#1614601,XAUUSD,100,288230376152153346,288230376151930056,288230376153717234,288230376153717233,82,2026-05-22T10:35:08.000Z,2026-05-22T10:36:30.000Z,-32.6,31.200000000000003,-39.6,-7,0,0.2,4518.46,4520.31,4520.43,4515.64,SELL,USD,1,1,1583663
D#1702480,XAUUSD,100,288230376152153361,288230376151929757,288230376153717752,288230376153714764,590,2026-05-22T10:26:54.000Z,2026-05-22T10:36:44.000Z,41.8,-42.15,40.04,-1.76,0,0.05,4527.97,4519.83,,,SELL,USD,1,1,1583663
D#1589419,XAUUSD,100,288230376152153378,288230376151930030,288230376153717792,288230376153717023,145,2026-05-22T10:34:28.000Z,2026-05-22T10:36:53.000Z,-87,85.25,-95.76,-8.76,0,0.25,4521.21,4517.51,4517.14,4524.74,BUY,USD,1,1,1583663
D#1702533,XAUUSD,100,288230376152153404,288230376151928877,288230376153705970,288230376153705965,2580,2026-05-22T09:54:03.000Z,2026-05-22T10:37:03.000Z,122.57,-123.05999999999999,120.11,-2.46,0,0.07,4533.71,4516.42,4541.39,4516.88,SELL,USD,1,1,1583663
D#1670876,XAUUSD,100,288230376152153401,288230376151929167,288230376153714184,288230376153708941,1923,2026-05-22T10:05:00.000Z,2026-05-22T10:37:03.000Z,202.95,-204.0,197.69,-5.26,0,0.15,4529.65,4516.34,,4516.92,SELL,USD,1,1,1583663
D#1702470,XAUUSD,100,288230376152153406,288230376151929979,288230376153716593,288230376153716591,241,2026-05-22T10:33:02.000Z,2026-05-22T10:37:03.000Z,-55.6,54.9,-59.1,-3.5,0,0.1,4521.92,4516.14,4516.45,4532.53,BUY,USD,1,1,1583663
D#1645646,XAUUSD,100,288230376152153416,288230376151928746,288230376153705038,288230376153704815,2812,2026-05-22T09:50:12.000Z,2026-05-22T10:37:04.000Z,-81.2,80.85000000000001,-82.96,-1.76,0,0.05,4532.25,4515.79,4516,4560,BUY,USD,1,1,1583663
D#1670973,XAUUSD,100,288230376152153436,288230376151929361,288230376153710786,288230376153710630,1571,2026-05-22T10:11:01.000Z,2026-05-22T10:37:12.000Z,405.6,-407.0,398.6,-7,0,0.2,4535.55,4515.49,4541.87,4515.44,SELL,USD,1,1,1583663
D#1702679,XAUUSD,100,288230376152153456,288230376151930062,288230376153717328,288230376153717327,108,2026-05-22T10:35:25.000Z,2026-05-22T10:37:13.000Z,-8.1,7.96,-8.8,-0.7,0,0.02,4519.01,4514.74,4515,,BUY,USD,1,1,1583663
D#1702494,XAUUSD,100,288230376152153455,288230376151930131,288230376153717925,288230376153717884,6,2026-05-22T10:37:07.000Z,2026-05-22T10:37:13.000Z,89.5,-93.0,72.0,-17.5,0,0.5,4516.55,4514.98,,,SELL,USD,1,1,1583663
D#1671089,XAUUSD,100,288230376152153483,288230376151926690,288230376153718000,288230376153683477,7592,2026-05-22T08:30:53.000Z,2026-05-22T10:37:25.000Z,68.88,-69.44,66.08,-2.8,0,0.08,4526.24,4517.85,4537.5,4511.92,SELL,USD,1,1,1583663
D#1702672,XAUUSD,100,288230376152153511,288230376151930133,288230376153718101,288230376153717892,33,2026-05-22T10:37:08.000Z,2026-05-22T10:37:41.000Z,-17.9,17.2,-21.4,-3.5,0,0.1,4516.57,4518.58,,,SELL,USD,1,1,1583663
D#1702503,XAUUSD,100,288230376152153542,288230376151930168,288230376153718349,288230376153718069,55,2026-05-22T10:37:34.000Z,2026-05-22T10:38:29.000Z,-79,75.5,-96.5,-17.5,0,0.5,4519.14,4517.34,,,BUY,USD,1,1,1583663
D#1702740,XAUUSD,100,288230376152153554,288230376151927337,288230376153718433,288230376153690879,5951,2026-05-22T08:59:32.000Z,2026-05-22T10:38:43.000Z,37.7,-38.400000000000006,34.2,-3.5,0,0.1,4521.67,4518.12,,,SELL,USD,1,1,1583663
D#1702558,XAUUSD,100,288230376152153567,288230376151930147,288230376153718499,288230376153717978,93,2026-05-22T10:37:22.000Z,2026-05-22T10:38:55.000Z,26.8,-29.6,12.8,-14,0,0.4,4518.04,4517.59,,,SELL,USD,1,1,1583663
D#1702558,XAUUSD,100,288230376152153630,288230376151930207,288230376153718872,288230376153718625,51,2026-05-22T10:39:23.000Z,2026-05-22T10:40:14.000Z,86.4,-89.2,72.4,-14,0,0.4,4518.59,4516.65,,,SELL,USD,1,1,1583663
D#1702503,XAUUSD,100,288230376152153634,288230376151930190,288230376153718901,288230376153718389,105,2026-05-22T10:38:35.000Z,2026-05-22T10:40:20.000Z,-70,66.5,-87.5,-17.5,0,0.5,4518.12,4516.5,,,BUY,USD,1,1,1583663
D#1702566,XAUUSD,100,288230376152153663,288230376151930233,288230376153719038,288230376153718919,26,2026-05-22T10:40:24.000Z,2026-05-22T10:40:50.000Z,11.6,-13.0,4.6,-7,0,0.2,4516.09,4515.73,,,SELL,USD,1,1,1583663
D#1702392,XAUUSD,100,288230376152153675,288230376151930143,288230376153719081,288230376153717967,218,2026-05-22T10:37:21.000Z,2026-05-22T10:40:59.000Z,-58.6,57.2,-65.6,-7,0,0.2,4518.05,4514.9,4514.88,4535.66,BUY,USD,1,1,1583663
D#1702662,XAUUSD,100,288230376152153684,288230376151928635,288230376153719124,288230376153703774,3309,2026-05-22T09:45:57.000Z,2026-05-22T10:41:06.000Z,110,-110.7,106.5,-3.5,0,0.1,4526.07,4515.29,4541.71,4507.37,SELL,USD,1,1,1583663
D#1702679,XAUUSD,100,288230376152153697,288230376151930176,288230376153718334,288230376153718216,186,2026-05-22T10:38:05.000Z,2026-05-22T10:41:11.000Z,-28.8,28.1,-32.3,-3.5,0,0.1,4518,4514.9,4514.61,4522,BUY,USD,1,1,1583663
D#1670973,XAUUSD,100,288230376152153741,288230376151930268,288230376153719280,288230376153719182,14,2026-05-22T10:41:18.000Z,2026-05-22T10:41:32.000Z,47.2,-48.6,40.2,-7,0,0.2,4516.34,4514.2,,,SELL,USD,1,1,1583663
D#1671065,XAUUSD,100,288230376152153753,288230376151923249,288230376153652304,288230376153652042,14319,2026-05-22T06:42:54.000Z,2026-05-22T10:41:33.000Z,101.8,-102.5,98.3,-3.5,0,0.1,4523.52,4513.56,,4513.56,SELL,USD,1,1,1583663
D#1702473,XAUUSD,100,288230376152153762,288230376151929857,288230376153719309,288230376153715688,674,2026-05-22T10:30:25.000Z,2026-05-22T10:41:39.000Z,11.16,-11.23,10.8,-0.36,0,0.01,4524.63,4513.69,,4494.74,SELL,USD,1,1,1583663
D#1702470,XAUUSD,100,288230376152153784,288230376151930165,288230376153718064,288230376153718062,261,2026-05-22T10:37:34.000Z,2026-05-22T10:41:55.000Z,-62.4,61.699999999999996,-65.9,-3.5,0,0.1,4519.34,4512.88,4513.12,4529.32,BUY,USD,1,1,1583663
D#1702734,XAUUSD,100,288230376152153785,288230376151930215,288230376153718861,288230376153718704,137,2026-05-22T10:39:38.000Z,2026-05-22T10:41:55.000Z,-41.93,41.44,-44.39,-2.46,0,0.07,4519.09,4512.88,4513.09,4526.03,BUY,USD,1,1,1583663
D#1702412,XAUUSD,100,288230376152153792,288230376151929516,288230376153712526,288230376153712353,1458,2026-05-22T10:17:39.000Z,2026-05-22T10:41:57.000Z,-249.72,248.88,-253.92,-4.2,0,0.12,4533.52,4512.49,4512.67,4543.34,BUY,USD,1,1,1583663
D#1702653,XAUUSD,100,288230376152153828,288230376151928067,288230376153719637,288230376153697938,4723,2026-05-22T09:23:56.000Z,2026-05-22T10:42:39.000Z,5.94,-6.010000000000001,5.58,-0.36,0,0.01,4519.34,4513.62,,,SELL,USD,1,1,1583663
D#1702537,XAUUSD,100,288230376152153851,288230376151928722,288230376153719823,288230376153704632,3233,2026-05-22T09:49:27.000Z,2026-05-22T10:43:20.000Z,137.9,-138.6,134.4,-3.5,0,0.1,4528.24,4514.67,4541.68,4507.51,SELL,USD,1,1,1583663
D#1670917,XAUUSD,100,288230376152153898,288230376151930343,288230376153720140,288230376153719968,48,2026-05-22T10:43:49.000Z,2026-05-22T10:44:37.000Z,32.2,-34.650000000000006,19.94,-12.26,0,0.35,4513.87,4513.17,,,SELL,USD,1,1,1583663
D#1702736,XAUUSD,100,288230376152154067,288230376151930345,288230376153720852,288230376153719999,198,2026-05-22T10:43:58.000Z,2026-05-22T10:47:16.000Z,-84,81.2,-98.0,-14,0,0.4,4513.87,4511.55,4511.67,4516.42,BUY,USD,1,1,1583663
D#1614601,XAUUSD,100,288230376152154071,288230376151930185,288230376153718317,288230376153718313,535,2026-05-22T10:38:22.000Z,2026-05-22T10:47:17.000Z,250,-252.8,236.0,-14,0,0.4,4517.64,4511.61,4521.83,4511.56,SELL,USD,1,1,1583663
D#1670866,XAUUSD,100,288230376152154102,288230376151930289,288230376153720979,288230376153719376,351,2026-05-22T10:41:51.000Z,2026-05-22T10:47:42.000Z,45.75,-46.8,40.49,-5.26,0,0.15,4514.44,4511.61,,,SELL,USD,1,1,1583663
D#1702403,XAUUSD,100,288230376152154135,288230376151930050,288230376153721155,288230376153717159,807,2026-05-22T10:34:53.000Z,2026-05-22T10:48:20.000Z,75.79,-76.56,71.93,-3.86,0,0.11,4518.95,4512.28,4523.54,4508.6,SELL,USD,1,1,1583663
D#1702439,XAUUSD,100,288230376152154144,288230376151930470,288230376153721196,288230376153721034,37,2026-05-22T10:47:53.000Z,2026-05-22T10:48:30.000Z,10.36,-11.34,5.46,-4.9,0,0.14,4511.75,4512.27,,,BUY,USD,1,1,1583663
D#1702736,XAUUSD,100,288230376152154244,288230376151930505,288230376153721698,288230376153721348,63,2026-05-22T10:49:02.000Z,2026-05-22T10:50:05.000Z,73.2,-76.0,59.2,-14,0,0.4,4511.61,4513.22,,4514.09,BUY,USD,1,1,1583663
D#1670917,XAUUSD,100,288230376152154309,288230376151930546,288230376153722058,288230376153721681,79,2026-05-22T10:50:02.000Z,2026-05-22T10:51:21.000Z,47.95,-50.400000000000006,35.69,-12.26,0,0.35,4513.17,4514.12,,,BUY,USD,1,1,1583663
D#1702746,XAUUSD,100,288230376152154320,288230376151930314,288230376153722108,288230376153719656,530,2026-05-22T10:42:44.000Z,2026-05-22T10:51:34.000Z,-0.3,-0.75,-5.56,-5.26,0,0.15,4513.77,4513.53,4507.46,,BUY,USD,1,1,1583663
D#1670993,XAUUSD,100,288230376152154517,288230376151928927,288230376153722947,288230376153706371,3551,2026-05-22T09:55:21.000Z,2026-05-22T10:54:32.000Z,21.68,-21.75,21.32,-0.36,0,0.01,4534.85,4513.39,,,SELL,USD,1,1,1583663
D#1702439,XAUUSD,100,288230376152154560,288230376151930500,288230376153722023,288230376153721290,371,2026-05-22T10:48:48.000Z,2026-05-22T10:54:59.000Z,6,-8.1,-4.5,-10.5,0,0.3,4512.57,4512.55,4512.79,4515.45,BUY,USD,1,1,1583663
D#1702387,XAUUSD,100,288230376152154568,288230376151930673,288230376153722692,288230376153722691,74,2026-05-22T10:53:47.000Z,2026-05-22T10:55:01.000Z,-54,51.9,-64.5,-10.5,0,0.3,4514.2,4512.18,4512.5,,BUY,USD,1,1,1583663
D#1702480,XAUUSD,100,288230376152154620,288230376151930178,288230376153723360,288230376153718239,1064,2026-05-22T10:38:10.000Z,2026-05-22T10:55:54.000Z,41.2,-41.900000000000006,37.7,-3.5,0,0.1,4518.1,4514.2,,,SELL,USD,1,1,1583663
D#1702567,XAUUSD,100,288230376152154711,288230376151930777,288230376153723836,288230376153723617,45,2026-05-22T10:56:55.000Z,2026-05-22T10:57:40.000Z,-9,7.6,-16.0,-7,0,0.2,4514.74,4514.07,,,BUY,USD,1,1,1583663
D#1702736,XAUUSD,100,288230376152154835,288230376151930654,288230376153724447,288230376153722571,389,2026-05-22T10:53:23.000Z,2026-05-22T10:59:52.000Z,42.96,-45.76,28.96,-14,0,0.4,4513.9,4514.88,4512.81,4518.43,BUY,USD,1,1,1583663
D#1702653,XAUUSD,100,288230376152154879,288230376151930828,288230376153724594,288230376153724176,80,2026-05-22T10:58:53.000Z,2026-05-22T11:00:13.000Z,12.05,-12.4,10.29,-1.76,0,0.05,4513.86,4516.05,,,BUY,USD,1,1,1583663
D#1702679,XAUUSD,100,288230376152154898,288230376151930438,288230376153724647,288230376153720666,808,2026-05-22T10:46:53.000Z,2026-05-22T11:00:21.000Z,55,-56.4,48.0,-7,0,0.2,4513.12,4515.65,4510,4523,BUY,USD,1,1,1583663
D#1671056,XAUUSD,100,288230376152154998,288230376151930235,288230376153725161,288230376153718939,1291,2026-05-22T10:40:29.000Z,2026-05-22T11:02:00.000Z,-8.34,7.92,-10.44,-2.1,0,0.06,4516.34,4514.73,4508.17,,BUY,USD,1,1,1583663
D#1589455,XAUUSD,100,288230376152155020,288230376151928954,288230376153725269,288230376153706666,3958,2026-05-22T09:56:27.000Z,2026-05-22T11:02:25.000Z,193.9,-194.6,190.4,-3.5,0,0.1,4534.08,4514.91,,,SELL,USD,1,1,1583663
D#1702473,XAUUSD,100,288230376152155063,288230376151930967,288230376153725414,288230376153725298,49,2026-05-22T11:02:33.000Z,2026-05-22T11:03:22.000Z,-19.2,17.8,-26.2,-7,0,0.2,4514.24,4515.42,4515.3,,SELL,USD,1,1,1583663
D#1702736,XAUUSD,100,288230376152155082,288230376151930963,288230376153725327,288230376153725227,89,2026-05-22T11:02:11.000Z,2026-05-22T11:03:40.000Z,-47.6,44.800000000000004,-61.6,-14,0,0.4,4514.95,4516.36,4516.22,4512.46,SELL,USD,1,1,1583663
D#1702473,XAUUSD,100,288230376152155083,288230376151930991,288230376153725580,288230376153725565,3,2026-05-22T11:03:38.000Z,2026-05-22T11:03:41.000Z,13,-14.4,6.0,-7,0,0.2,4515.78,4516.21,,,BUY,USD,1,1,1583663
D#1670947,XAUUSD,100,288230376152155098,288230376151930976,288230376153725642,288230376153725371,64,2026-05-22T11:02:48.000Z,2026-05-22T11:03:52.000Z,-10.29,9.799999999999999,-12.75,-2.46,0,0.07,4514.46,4516.15,,,SELL,USD,1,1,1583663
D#1702341,XAUUSD,100,288230376152155146,288230376151930873,288230376153725798,288230376153724559,249,2026-05-22T11:00:10.000Z,2026-05-22T11:04:19.000Z,0.65,-0.72,0.29,-0.36,0,0.01,4516.09,4516.52,,,BUY,USD,1,1,1583663
D#1702392,XAUUSD,100,288230376152155204,288230376151930316,288230376153726054,288230376153719697,1342,2026-05-22T10:42:57.000Z,2026-05-22T11:05:19.000Z,-53.6,52.2,-60.6,-7,0,0.2,4513.89,4516.79,4518.25,4507.78,SELL,USD,1,1,1583663
D#1702439,XAUUSD,100,288230376152155261,288230376151930759,288230376153723533,288230376153723436,629,2026-05-22T10:56:10.000Z,2026-05-22T11:06:39.000Z,96,-98.1,85.5,-10.5,0,0.3,4514.22,4517.2,,4516.96,BUY,USD,1,1,1583663
D#1645646,XAUUSD,100,288230376152155262,288230376151930795,288230376153724015,288230376153723806,546,2026-05-22T10:57:33.000Z,2026-05-22T11:06:39.000Z,-29.2,28.5,-32.7,-3.5,0,0.1,4514.17,4517.31,4517,4493,SELL,USD,1,1,1583663
D#1671085,XAUUSD,100,288230376152155285,288230376151930492,288230376153726433,288230376153721189,1098,2026-05-22T10:48:28.000Z,2026-05-22T11:06:46.000Z,105.6,-107.0,98.6,-7,0,0.2,4512.04,4517.1,4515.91,4517.38,BUY,USD,1,1,1583663
D#1671086,XAUUSD,100,288230376152155342,288230376151931096,288230376153726681,288230376153726474,51,2026-05-22T11:06:57.000Z,2026-05-22T11:07:48.000Z,-4.9,4.550000000000001,-6.66,-1.76,0,0.05,4517.35,4516.15,,,BUY,USD,1,1,1583663
D#1645646,XAUUSD,100,288230376152155483,288230376151931143,288230376153727413,288230376153726916,125,2026-05-22T11:08:35.000Z,2026-05-22T11:10:40.000Z,-16.8,16.1,-20.3,-3.5,0,0.1,4517.03,4515.13,,,BUY,USD,1,1,1583663
D#1702736,XAUUSD,100,288230376152155496,288230376151931050,288230376153726116,288230376153726001,337,2026-05-22T11:05:08.000Z,2026-05-22T11:10:45.000Z,-81.2,78.4,-95.2,-14,0,0.4,4516.25,4514,4514.48,4518.78,BUY,USD,1,1,1583663
D#1589419,XAUUSD,100,288230376152155494,288230376151931058,288230376153726198,288230376153726100,316,2026-05-22T11:05:29.000Z,2026-05-22T11:10:45.000Z,-72.6,70.5,-83.1,-10.5,0,0.3,4516.66,4514.02,4514.53,4520.12,BUY,USD,1,1,1583663
D#1702748,XAUUSD,100,288230376152155495,288230376151931115,288230376153726698,288230376153726654,185,2026-05-22T11:07:40.000Z,2026-05-22T11:10:45.000Z,60.6,-62.7,50.1,-10.5,0,0.3,4515.99,4514.19,,4514.43,SELL,USD,1,1,1583663
D#1671086,XAUUSD,100,288230376152155499,288230376151931132,288230376153726808,288230376153726806,151,2026-05-22T11:08:14.000Z,2026-05-22T11:10:45.000Z,-11.5,11.15,-13.26,-1.76,0,0.05,4516.55,4514.03,4514.13,4535.54,BUY,USD,1,1,1583663
D#1671086,XAUUSD,100,288230376152155822,288230376151931198,288230376153729178,288230376153727518,394,2026-05-22T11:10:56.000Z,2026-05-22T11:17:30.000Z,-4.35,3.9999999999999996,-6.11,-1.76,0,0.05,4515.13,4514.04,4513.71,4535.54,BUY,USD,1,1,1583663
D#1702352,XAUUSD,100,288230376152155831,288230376151931253,288230376153729205,288230376153728062,277,2026-05-22T11:13:00.000Z,2026-05-22T11:17:37.000Z,18.8,-20.2,11.8,-7,0,0.2,4514.97,4514.25,,,SELL,USD,1,1,1583663
D#1702520,XAUUSD,100,288230376152155853,288230376151930746,288230376153723981,288230376153723290,1341,2026-05-22T10:55:38.000Z,2026-05-22T11:17:59.000Z,3.8,-5.2,-3.2,-7,0,0.2,4513.61,4513.58,4513.7,4518.58,BUY,USD,1,1,1583663
D#1702387,XAUUSD,100,288230376152155858,288230376151930737,288230376153723192,288230376153723191,1368,2026-05-22T10:55:15.000Z,2026-05-22T11:18:03.000Z,-9,6.9,-19.5,-10.5,0,0.3,4513.88,4513.36,4513.53,4518.68,BUY,USD,1,1,1583663
D#1702439,XAUUSD,100,288230376152155880,288230376151931239,288230376153728083,288230376153727929,353,2026-05-22T11:12:29.000Z,2026-05-22T11:18:22.000Z,81.9,-84.0,71.4,-10.5,0,0.3,4515.24,4512.73,,4512.66,SELL,USD,1,1,1583663
D#1702736,XAUUSD,100,288230376152155895,288230376151931340,288230376153729201,288230376153728882,129,2026-05-22T11:16:19.000Z,2026-05-22T11:18:28.000Z,112.4,-115.2,98.4,-14,0,0.4,4515.12,4512.53,,4512.43,SELL,USD,1,1,1583663
D#1702674,XAUUSD,100,288230376152155896,288230376151931289,288230376153729414,288230376153728436,237,2026-05-22T11:14:33.000Z,2026-05-22T11:18:30.000Z,100.5,-102.6,90.0,-10.5,0,0.3,4515.62,4512.49,4516.1,4511.99,SELL,USD,1,1,1583663
D#1702529,XAUUSD,100,288230376152155925,288230376151931370,288230376153729586,288230376153729221,80,2026-05-22T11:17:43.000Z,2026-05-22T11:19:03.000Z,9.24,-9.66,7.14,-2.1,0,0.06,4514.11,4512.79,,,SELL,USD,1,1,1583663
D#1702632,XAUUSD,100,288230376152156002,288230376151931343,288230376153730029,288230376153728920,265,2026-05-22T11:16:25.000Z,2026-05-22T11:20:50.000Z,18.9,-19.95,13.64,-5.26,0,0.15,4514.3,4513.26,,,SELL,USD,1,1,1583663
D#1702352,XAUUSD,100,288230376152156115,288230376151931453,288230376153730807,288230376153729954,211,2026-05-22T11:20:30.000Z,2026-05-22T11:24:01.000Z,19.2,-20.599999999999998,12.2,-7,0,0.2,4512.86,4513.6,,,BUY,USD,1,1,1583663
D#1702632,XAUUSD,100,288230376152156218,288230376151931460,288230376153731248,288230376153730063,279,2026-05-22T11:21:00.000Z,2026-05-22T11:25:39.000Z,-12,10.95,-17.26,-5.26,0,0.15,4513.26,4512.24,4511.71,4517.09,BUY,USD,1,1,1583663
D#1702736,XAUUSD,100,288230376152156221,288230376151931547,288230376153731050,288230376153730869,89,2026-05-22T11:24:12.000Z,2026-05-22T11:25:41.000Z,-52.4,49.6,-66.4,-14,0,0.4,4513.59,4512.06,4512.19,4516.29,BUY,USD,1,1,1583663
D#1702632,XAUUSD,100,288230376152156249,288230376151931601,288230376153731339,288230376153731257,17,2026-05-22T11:25:42.000Z,2026-05-22T11:25:59.000Z,-24.9,23.849999999999998,-30.16,-5.26,0,0.15,4511.96,4513.84,,,SELL,USD,1,1,1583663
D#1614623,XAUUSD,100,288230376152156290,288230376151931471,288230376153731560,288230376153730227,303,2026-05-22T11:21:42.000Z,2026-05-22T11:26:45.000Z,-47.8,46.4,-54.8,-7,0,0.2,4512.52,4515.13,4515.73,4510.31,SELL,USD,1,1,1583663
D#1589407,XAUUSD,100,288230376152156304,288230376151922177,288230376153731617,288230376153641136,19222,2026-05-22T06:06:33.000Z,2026-05-22T11:26:55.000Z,59,-59.7,55.5,-3.5,0,0.1,4520.72,4515.04,,4508.75,SELL,USD,1,1,1583663
D#1670945,XAUUSD,100,288230376152156307,288230376151931322,288230376153731626,288230376153728771,656,2026-05-22T11:16:00.000Z,2026-05-22T11:26:56.000Z,-0.58,0.43999999999999995,-1.28,-0.7,0,0.02,4515.4,4514.89,,,BUY,USD,1,1,1583663
D#1702736,XAUUSD,100,288230376152156330,288230376151931604,288230376153731481,288230376153731270,92,2026-05-22T11:25:45.000Z,2026-05-22T11:27:17.000Z,76.41,-79.21,62.4,-14.01,0,0.4,4512.27,4514.36,4526.16,4515.15,BUY,USD,1,1,1583663
D#1614623,XAUUSD,100,288230376152156358,288230376151931639,288230376153731709,288230376153731575,76,2026-05-22T11:26:47.000Z,2026-05-22T11:28:03.000Z,-36.4,35.0,-43.4,-7,0,0.2,4514.99,4512.95,4513.32,4518.98,BUY,USD,1,1,1583663
D#1702509,XAUUSD,100,288230376152156363,288230376151931588,288230376153731596,288230376153731196,157,2026-05-22T11:25:28.000Z,2026-05-22T11:28:05.000Z,1.9,-2.25,0.14,-1.76,0,0.05,4512.64,4512.8,4512.97,,BUY,USD,1,1,1583663
D#1702736,XAUUSD,100,288230376152156456,288230376151931672,288230376153732023,288230376153731916,113,2026-05-22T11:28:04.000Z,2026-05-22T11:29:57.000Z,-32.4,29.599999999999998,-46.4,-14,0,0.4,4513.12,4512.09,4512.38,4515.32,BUY,USD,1,1,1583663
D#1614623,XAUUSD,100,288230376152156508,288230376151931678,288230376153732591,288230376153731981,139,2026-05-22T11:28:16.000Z,2026-05-22T11:30:35.000Z,17.4,-18.799999999999997,10.4,-7,0,0.2,4513.24,4512.59,,4510.31,SELL,USD,1,1,1583663
D#1671092,XAUUSD,100,288230376152156537,288230376151931693,288230376153732588,288230376153732115,134,2026-05-22T11:28:47.000Z,2026-05-22T11:31:01.000Z,-11.3,10.600000000000001,-14.8,-3.5,0,0.1,4513.27,4514.62,4514.38,,SELL,USD,1,1,1583663
D#1702413,XAUUSD,100,288230376152156573,288230376151916474,288230376153732912,288230376153581181,34705,2026-05-22T01:53:26.000Z,2026-05-22T11:31:51.000Z,161.6,-162.29999999999998,158.1,-3.5,0,0.1,4530.15,4514.21,,4487.67,SELL,USD,1,1,1583663
D#1614623,XAUUSD,100,288230376152156603,288230376151931750,288230376153732682,288230376153732603,108,2026-05-22T11:30:38.000Z,2026-05-22T11:32:26.000Z,64,-65.4,57.0,-7,0,0.2,4512.55,4515.53,4510.07,4515.37,BUY,USD,1,1,1583663
D#1702351,XAUUSD,100,288230376152156608,288230376151931420,288230376153729834,288230376153729638,796,2026-05-22T11:19:15.000Z,2026-05-22T11:32:31.000Z,-33.5,32.8,-37.0,-3.5,0,0.1,4512.15,4515.72,4515.68,4505.81,SELL,USD,1,1,1583663
D#1670945,XAUUSD,100,288230376152156639,288230376151931668,288230376153733197,288230376153731870,305,2026-05-22T11:27:56.000Z,2026-05-22T11:33:01.000Z,4.44,-4.58,3.74,-0.7,0,0.02,4513.56,4515.56,,,BUY,USD,1,1,1583663
D#1702520,XAUUSD,100,288230376152156673,288230376151931417,288230376153729759,288230376153729602,859,2026-05-22T11:19:07.000Z,2026-05-22T11:33:26.000Z,-93.8,92.39999999999999,-100.8,-7,0,0.2,4512.42,4517.33,4516.71,4507.45,SELL,USD,1,1,1583663
D#1702632,XAUUSD,100,288230376152156672,288230376151931618,288230376153731445,288230376153731349,445,2026-05-22T11:26:01.000Z,2026-05-22T11:33:26.000Z,52.95,-54.0,47.69,-5.26,0,0.15,4513.87,4517.18,4508.82,4517.28,BUY,USD,1,1,1583663
D#1702509,XAUUSD,100,288230376152156741,288230376151931675,288230376153733606,288230376153731947,386,2026-05-22T11:28:11.000Z,2026-05-22T11:34:37.000Z,18.45,-18.8,16.69,-1.76,0,0.05,4513.57,4517.04,4515.44,,BUY,USD,1,1,1583663
D#1702387,XAUUSD,100,288230376152156742,288230376151931777,288230376153733610,288230376153732888,173,2026-05-22T11:31:45.000Z,2026-05-22T11:34:38.000Z,94.5,-96.6,84.0,-10.5,0,0.3,4514.06,4516.99,4512.68,,BUY,USD,1,1,1583663
D#1614601,XAUUSD,100,288230376152156775,288230376151931309,288230376153728638,288230376153728637,1191,2026-05-22T11:15:25.000Z,2026-05-22T11:35:16.000Z,-9.4,9.05,-11.16,-1.76,0,0.05,4515.67,4517.77,4517.6,4492.73,SELL,USD,1,1,1583663
D#1702403,XAUUSD,100,288230376152156778,288230376151930610,288230376153722279,288230376153722278,2585,2026-05-22T10:52:13.000Z,2026-05-22T11:35:18.000Z,-51.26,50.489999999999995,-55.12,-3.86,0,0.11,4513.11,4517.99,4517.76,4502.76,SELL,USD,1,1,1583663
D#1702736,XAUUSD,100,288230376152156802,288230376151931801,288230376153733928,288230376153733097,185,2026-05-22T11:32:36.000Z,2026-05-22T11:35:41.000Z,-83.2,80.4,-97.2,-14,0,0.4,4515.62,4517.92,,4513.25,SELL,USD,1,1,1583663
D#1702400,XAUUSD,100,288230376152156896,288230376151930085,288230376153734333,288230376153717510,3678,2026-05-22T10:35:59.000Z,2026-05-22T11:37:17.000Z,-10.99,10.5,-13.45,-2.46,0,0.07,4519.75,4517.96,4507.65,4531.6,BUY,USD,1,1,1583663
D#1702727,XAUUSD,100,288230376152156921,288230376151931881,288230376153734440,288230376153734026,88,2026-05-22T11:36:13.000Z,2026-05-22T11:37:41.000Z,-32,30.25,-40.76,-8.76,0,0.25,4517.05,4518.55,,4515.48,SELL,USD,1,1,1583663
D#1702346,XAUUSD,100,288230376152156945,288230376151914819,288230376153734530,288230376153565857,37923,2026-05-22T01:06:00.000Z,2026-05-22T11:38:03.000Z,75.3,-76.0,71.8,-3.5,0,0.1,4525.21,4517.9,4520,4440,SELL,USD,1,1,1583663
D#1671056,XAUUSD,100,288230376152156969,288230376151931421,288230376153729643,288230376153729640,1157,2026-05-22T11:19:16.000Z,2026-05-22T11:38:33.000Z,-38.88,38.46,-40.98,-2.1,0,0.06,4512.16,4518.86,4518.6,4500.25,SELL,USD,1,1,1583663
D#1614623,XAUUSD,100,288230376152156978,288230376151931825,288230376153733456,288230376153733373,298,2026-05-22T11:33:43.000Z,2026-05-22T11:38:41.000Z,37.6,-39.0,30.6,-7,0,0.2,4517.13,4518.79,4517.5,4518.86,BUY,USD,1,1,1583663
D#1702382,XAUUSD,100,288230376152157014,288230376151924011,288230376153734853,288230376153657906,16586,2026-05-22T07:02:40.000Z,2026-05-22T11:39:06.000Z,28.08,-28.5,25.98,-2.1,0,0.06,4523.98,4519.52,4537.45,4505.75,SELL,USD,1,1,1583663
D#1702727,XAUUSD,100,288230376152157051,288230376151931934,288230376153734912,288230376153734492,82,2026-05-22T11:37:54.000Z,2026-05-22T11:39:16.000Z,-65.5,63.75,-74.26,-8.76,0,0.25,4517.68,4520.52,,4515.18,SELL,USD,1,1,1583663
D#1670962,XAUUSD,100,288230376152157052,288230376151930946,288230376153734924,288230376153725091,2256,2026-05-22T11:01:44.000Z,2026-05-22T11:39:20.000Z,60.7,-61.400000000000006,57.2,-3.5,0,0.1,4514.48,4520.33,4507.2,4525.21,BUY,USD,1,1,1583663
D#1702387,XAUUSD,100,288230376152157056,288230376151931921,288230376153734948,288230376153734389,114,2026-05-22T11:37:31.000Z,2026-05-22T11:39:25.000Z,66.9,-69.0,56.4,-10.5,0,0.3,4518.23,4520.24,4517.35,,BUY,USD,1,1,1583663
D#1702714,XAUUSD,100,288230376152157106,288230376151929923,288230376153735209,288230376153716294,4079,2026-05-22T10:32:21.000Z,2026-05-22T11:40:20.000Z,-37.3,36.599999999999994,-40.8,-3.5,0,0.1,4523.03,4519.08,,,BUY,USD,1,1,1583663
D#1702533,XAUUSD,100,288230376152157122,288230376151930533,288230376153735315,288230376153721588,3060,2026-05-22T10:49:48.000Z,2026-05-22T11:40:48.000Z,35.84,-36.330000000000005,33.38,-2.46,0,0.07,4513.19,4518.09,4506,4530.07,BUY,USD,1,1,1583663
D#1702740,XAUUSD,100,288230376152157167,288230376151930262,288230376153735586,288230376153719123,3647,2026-05-22T10:41:05.000Z,2026-05-22T11:41:52.000Z,22,-22.7,18.5,-3.5,0,0.1,4515.32,4517.3,,,BUY,USD,1,1,1583663
D#1614623,XAUUSD,100,288230376152157195,288230376151932012,288230376153735750,288230376153735261,118,2026-05-22T11:40:33.000Z,2026-05-22T11:42:31.000Z,-9.4,8.0,-16.4,-7,0,0.2,4518.18,4518.87,4521.51,4515.75,SELL,USD,1,1,1583663
D#1702346,XAUUSD,100,288230376152157244,288230376151932038,288230376153736018,288230376153735633,87,2026-05-22T11:42:01.000Z,2026-05-22T11:43:28.000Z,-50.6,49.2,-57.6,-7,0,0.2,4517.53,4520.28,,,SELL,USD,1,1,1583663
D#1702555,XAUUSD,100,288230376152157307,288230376151931913,288230376153734343,288230376153734341,424,2026-05-22T11:37:18.000Z,2026-05-22T11:44:22.000Z,-26.6,26.110000000000003,-29.06,-2.46,0,0.07,4517.94,4521.96,4521.47,4508.15,SELL,USD,1,1,1583663
D#1702674,XAUUSD,100,288230376152157309,288230376151932015,288230376153735553,288230376153735288,223,2026-05-22T11:40:39.000Z,2026-05-22T11:44:22.000Z,111.6,-113.69999999999999,101.1,-10.5,0,0.3,4518.33,4521.83,4517.55,4521.88,BUY,USD,1,1,1583663
D#1614623,XAUUSD,100,288230376152157312,288230376151932048,288230376153735804,288230376153735755,111,2026-05-22T11:42:32.000Z,2026-05-22T11:44:23.000Z,67.6,-69.0,60.6,-7,0,0.2,4518.84,4522,4515.75,4522.02,BUY,USD,1,1,1583663
D#1702351,XAUUSD,100,288230376152157317,288230376151931818,288230376153736305,288230376153733291,661,2026-05-22T11:33:24.000Z,2026-05-22T11:44:25.000Z,-107,105.6,-114.0,-7,0,0.2,4516.49,4522.06,,,SELL,USD,1,1,1583663
D#1702403,XAUUSD,100,288230376152157329,288230376151932013,288230376153735266,288230376153735264,238,2026-05-22T11:40:34.000Z,2026-05-22T11:44:32.000Z,-48.4,47.629999999999995,-52.26,-3.86,0,0.11,4518.16,4522.78,4522.77,4507.81,SELL,USD,1,1,1583663
D#1702740,XAUUSD,100,288230376152157334,288230376151932060,288230376153736363,288230376153735833,105,2026-05-22T11:42:49.000Z,2026-05-22T11:44:34.000Z,34.3,-35.0,30.8,-3.5,0,0.1,4519.51,4522.72,,,BUY,USD,1,1,1583663
D#1670876,XAUUSD,100,288230376152157345,288230376151930862,288230376153736387,288230376153724467,2678,2026-05-22T10:59:59.000Z,2026-05-22T11:44:37.000Z,124.2,-125.25,118.94,-5.26,0,0.15,4514.89,4522.95,,,BUY,USD,1,1,1583663
D#1670947,XAUUSD,100,288230376152157347,288230376151931008,288230376153736399,288230376153725653,2446,2026-05-22T11:03:55.000Z,2026-05-22T11:44:41.000Z,46.9,-47.39,44.44,-2.46,0,0.07,4516.37,4522.85,,,BUY,USD,1,1,1583663
D#1702555,XAUUSD,100,288230376152157425,288230376151932158,288230376153736847,288230376153736800,11,2026-05-22T11:45:46.000Z,2026-05-22T11:45:57.000Z,-8.3,7.6000000000000005,-11.8,-3.5,0,0.1,4523.05,4522,4520.51,4527.1,BUY,USD,1,1,1583663
D#1614623,XAUUSD,100,288230376152157444,288230376151932130,288230376153736937,288230376153736503,78,2026-05-22T11:44:59.000Z,2026-05-22T11:46:17.000Z,-5.8,4.3999999999999995,-12.8,-7,0,0.2,4521.75,4522.26,4524.49,4518.83,SELL,USD,1,1,1583663
D#1702555,XAUUSD,100,288230376152157451,288230376151932168,288230376153736991,288230376153736943,11,2026-05-22T11:46:19.000Z,2026-05-22T11:46:30.000Z,-2.5,1.7999999999999998,-6.0,-3.5,0,0.1,4522.35,4521.88,4519.51,4527.1,BUY,USD,1,1,1583663
D#1702632,XAUUSD,100,288230376152157479,288230376151931968,288230376153737135,288230376153734836,473,2026-05-22T11:39:04.000Z,2026-05-22T11:46:57.000Z,36.15,-37.199999999999996,30.89,-5.26,0,0.15,4519.59,4521.78,4513.85,4523.79,BUY,USD,1,1,1583663
D#1702632,XAUUSD,100,288230376152157541,288230376151932188,288230376153737217,288230376153737151,39,2026-05-22T11:47:00.000Z,2026-05-22T11:47:39.000Z,-33.75,32.7,-39.01,-5.26,0,0.15,4522.24,4524.71,4523.35,,SELL,USD,1,1,1583663
D#1670970,XAUUSD,100,288230376152157568,288230376151931360,288230376153729233,288230376153729128,1822,2026-05-22T11:17:18.000Z,2026-05-22T11:47:40.000Z,50.65,-51.0,48.89,-1.76,0,0.05,4514.35,4524.26,4510.53,4524.37,BUY,USD,1,1,1583663
D#1702494,XAUUSD,100,288230376152157599,288230376151932154,288230376153737437,288230376153736763,125,2026-05-22T11:45:41.000Z,2026-05-22T11:47:46.000Z,103.5,-107.0,86.0,-17.5,0,0.5,4522.99,4524.84,,,BUY,USD,1,1,1583663
D#1702470,XAUUSD,100,288230376152157610,288230376151930322,288230376153737460,288230376153719760,3880,2026-05-22T10:43:08.000Z,2026-05-22T11:47:48.000Z,104.4,-105.10000000000001,100.9,-3.5,0,0.1,4514.2,4524.42,4514.68,4525.7,BUY,USD,1,1,1583663
D#1670866,XAUUSD,100,288230376152157614,288230376151930474,288230376153737467,288230376153721090,3584,2026-05-22T10:48:06.000Z,2026-05-22T11:47:50.000Z,-308.75,307.0,-317.51,-8.76,0,0.25,4511.83,4524.4,,,SELL,USD,1,1,1583663
D#1671058,XAUUSD,100,288230376152157617,288230376151930393,288230376153737476,288230376153720415,3735,2026-05-22T10:45:36.000Z,2026-05-22T11:47:51.000Z,-226.6,225.2,-233.6,-7,0,0.2,4512.55,4524.1,,4507.16,SELL,USD,1,1,1583663
D#1702734,XAUUSD,100,288230376152157651,288230376151930366,288230376153737590,288230376153720166,3806,2026-05-22T10:44:43.000Z,2026-05-22T11:48:09.000Z,71.54,-72.03,69.08,-2.46,0,0.07,4513.09,4523.09,4505.78,4525.95,BUY,USD,1,1,1583663
D#1702482,XAUUSD,100,288230376152157720,288230376151932195,288230376153737984,288230376153737216,130,2026-05-22T11:47:13.000Z,2026-05-22T11:49:23.000Z,7.98,-8.4,5.88,-2.1,0,0.06,4522.24,4523.35,,,BUY,USD,1,1,1583663
D#1702413,XAUUSD,100,288230376152157831,288230376151931780,288230376153738664,288230376153732919,1189,2026-05-22T11:31:52.000Z,2026-05-22T11:51:41.000Z,-273.6,271.5,-284.1,-10.5,0,0.3,4514,4523.34,,4504.97,SELL,USD,1,1,1583663
D#1702533,XAUUSD,100,288230376152157855,288230376151932114,288230376153738801,288230376153736297,464,2026-05-22T11:44:24.000Z,2026-05-22T11:52:08.000Z,7.98,-8.47,5.52,-2.46,0,0.07,4522.13,4523.05,4513.94,4538.87,BUY,USD,1,1,1583663
D#1702480,XAUUSD,100,288230376152157859,288230376151930773,288230376153738853,288230376153723550,3344,2026-05-22T10:56:40.000Z,2026-05-22T11:52:24.000Z,-219,217.25,-227.76,-8.76,0,0.25,4514.29,4523.27,,,SELL,USD,1,1,1583663
D#1702387,XAUUSD,100,288230376152157876,288230376151932282,288230376153738039,288230376153738037,202,2026-05-22T11:49:35.000Z,2026-05-22T11:52:57.000Z,-39.9,37.8,-50.4,-10.5,0,0.3,4522.63,4524.18,4523.68,,SELL,USD,1,1,1583663
D#1702556,XAUUSD,100,288230376152157885,288230376151932305,288230376153739059,288230376153738223,180,2026-05-22T11:50:10.000Z,2026-05-22T11:53:10.000Z,-15.3,14.25,-20.56,-5.26,0,0.15,4522.81,4524.05,4531.26,4509.46,SELL,USD,1,1,1583663
D#1589455,XAUUSD,100,288230376152157923,288230376151931541,288230376153739346,288230376153730831,1820,2026-05-22T11:24:06.000Z,2026-05-22T11:54:26.000Z,102.1,-102.8,98.6,-3.5,0,0.1,4513.8,4523.79,,4535.78,BUY,USD,1,1,1583663
D#1702387,XAUUSD,100,288230376152157983,288230376151932387,288230376153739701,288230376153739233,111,2026-05-22T11:53:55.000Z,2026-05-22T11:55:46.000Z,49.2,-51.300000000000004,38.7,-10.5,0,0.3,4523.05,4521.63,4524.45,,SELL,USD,1,1,1583663
D#1614623,XAUUSD,100,288230376152158115,288230376151932246,288230376153737758,288230376153737618,677,2026-05-22T11:48:13.000Z,2026-05-22T11:59:30.000Z,52,-53.4,45.0,-7,0,0.2,4523.37,4520.99,4521,4519.22,SELL,USD,1,1,1583663
D#1702632,XAUUSD,100,288230376152158121,288230376151932262,288230376153740608,288230376153737803,647,2026-05-22T11:48:51.000Z,2026-05-22T11:59:38.000Z,34.05,-35.099999999999994,28.79,-5.26,0,0.15,4523,4520.95,4526.91,4519.34,SELL,USD,1,1,1583663
D#1671069,XAUUSD,100,288230376152158155,288230376151931221,288230376153740800,288230376153727719,2916,2026-05-22T11:11:45.000Z,2026-05-22T12:00:21.000Z,46.89,-47.52,43.73,-3.16,0,0.09,4515.16,4520.15,4510.49,4526.71,BUY,USD,1,1,1583663
D#1702504,XAUUSD,100,288230376152158200,288230376151930892,288230376153741061,288230376153724656,3648,2026-05-22T11:00:22.000Z,2026-05-22T12:01:10.000Z,46.56,-47.400000000000006,42.36,-4.2,0,0.12,4515.86,4519.52,4516.23,4528.32,BUY,USD,1,1,1583663
D#1702351,XAUUSD,100,288230376152158205,288230376151932124,288230376153741107,288230376153736447,991,2026-05-22T11:44:49.000Z,2026-05-22T12:01:20.000Z,-66.4,63.60000000000001,-80.4,-14,0,0.4,4521.54,4519.66,,4533.05,BUY,USD,1,1,1583663
D#1670985,XAUUSD,100,288230376152158225,288230376151932549,288230376153741248,288230376153741038,46,2026-05-22T12:01:05.000Z,2026-05-22T12:01:51.000Z,4.5,-4.85,2.74,-1.76,0,0.05,4519.97,4520.65,,,BUY,USD,1,1,1583663
D#1671059,XAUUSD,100,288230376152158274,288230376151932564,288230376153741323,288230376153741249,44,2026-05-22T12:01:51.000Z,2026-05-22T12:02:35.000Z,4.4,-7.200000000000001,-9.6,-14,0,0.4,4520.78,4520.67,4520.74,4524.42,BUY,USD,1,1,1583663
D#1702727,XAUUSD,100,288230376152158281,288230376151932575,288230376153741494,288230376153741334,37,2026-05-22T12:02:05.000Z,2026-05-22T12:02:42.000Z,-25.75,24.0,-34.51,-8.76,0,0.25,4522.09,4520.84,,4523.23,BUY,USD,1,1,1583663
D#1671059,XAUUSD,100,288230376152158287,288230376151932595,288230376153741526,288230376153741503,10,2026-05-22T12:02:44.000Z,2026-05-22T12:02:54.000Z,-48,44.5,-65.5,-17.5,0,0.5,4520.82,4522,4521.67,,SELL,USD,1,1,1583663
D#1614601,XAUUSD,100,288230376152158303,288230376151932450,288230376153741594,288230376153740035,356,2026-05-22T11:57:11.000Z,2026-05-22T12:03:07.000Z,1.6,-1.9500000000000002,-0.16,-1.76,0,0.05,4521.33,4521.23,4522.44,4510.02,SELL,USD,1,1,1583663
D#1671059,XAUUSD,100,288230376152158310,288230376151932607,288230376153741595,288230376153741573,11,2026-05-22T12:03:01.000Z,2026-05-22T12:03:12.000Z,-85.5,82.0,-103.0,-17.5,0,0.5,4521.15,4519.22,4520.77,,BUY,USD,1,1,1583663
D#1702714,XAUUSD,100,288230376152158368,288230376151932247,288230376153741888,288230376153737620,944,2026-05-22T11:48:13.000Z,2026-05-22T12:03:57.000Z,24.2,-24.9,20.7,-3.5,0,0.1,4523.32,4521.12,,,SELL,USD,1,1,1583663
D#1702558,XAUUSD,100,288230376152158520,288230376151932515,288230376153742656,288230376153740757,377,2026-05-22T12:00:07.000Z,2026-05-22T12:06:24.000Z,-106,103.2,-120.0,-14,0,0.4,4520.43,4523.3,,,SELL,USD,1,1,1583663
D#1671069,XAUUSD,100,288230376152158582,288230376151932609,288230376153743051,288230376153741584,287,2026-05-22T12:03:03.000Z,2026-05-22T12:07:50.000Z,10.5,-11.2,7.0,-3.5,0,0.1,4521.29,4522.12,4517.08,4530.68,BUY,USD,1,1,1583663
D#1702558,XAUUSD,100,288230376152158726,288230376151932850,288230376153743832,288230376153743495,66,2026-05-22T12:09:16.000Z,2026-05-22T12:10:22.000Z,-28,25.2,-42.0,-14,0,0.4,4519.64,4520.56,,,SELL,USD,1,1,1583663
D#1702727,XAUUSD,100,288230376152158762,288230376151932877,288230376153744025,288230376153743842,38,2026-05-22T12:10:23.000Z,2026-05-22T12:11:01.000Z,20.25,-22.0,11.49,-8.76,0,0.25,4520.58,4521.17,,,BUY,USD,1,1,1583663
D#1671069,XAUUSD,100,288230376152158771,288230376151932888,288230376153744079,288230376153743916,34,2026-05-22T12:10:38.000Z,2026-05-22T12:11:12.000Z,8.1,-8.799999999999999,4.6,-3.5,0,0.1,4521.01,4521.6,,,BUY,USD,1,1,1583663
D#1702616,XAUUSD,100,288230376152158848,288230376151930539,288230376153742972,288230376153721623,4943,2026-05-22T10:49:52.000Z,2026-05-22T12:12:15.000Z,-122.1,121.39999999999999,-125.6,-3.5,0,0.1,4513,4525.43,4524.31,4501.69,SELL,USD,1,1,1583663
D#1702504,XAUUSD,100,288230376152158845,288230376151932589,288230376153741653,288230376153741464,579,2026-05-22T12:02:36.000Z,2026-05-22T12:12:15.000Z,-59.28,58.370000000000005,-63.84,-4.56,0,0.13,4520.65,4525.43,4524.37,4512.65,SELL,USD,1,1,1583663
D#1589419,XAUUSD,100,288230376152158880,288230376151932631,288230376153741877,288230376153741730,529,2026-05-22T12:03:27.000Z,2026-05-22T12:12:16.000Z,-109.8,107.7,-120.3,-10.5,0,0.3,4521.56,4525.44,4525.09,4518.33,SELL,USD,1,1,1583663
D#1614623,XAUUSD,100,288230376152158884,288230376151932732,288230376153742530,288230376153742415,399,2026-05-22T12:05:37.000Z,2026-05-22T12:12:16.000Z,78.8,-80.2,71.8,-7,0,0.2,4521.53,4525.25,4519.07,4525.19,BUY,USD,1,1,1583663
D#1670913,XAUUSD,100,288230376152159014,288230376151930360,288230376153720412,288230376153720037,5265,2026-05-22T10:44:33.000Z,2026-05-22T12:12:18.000Z,81.7,-82.05,79.94,-1.76,0,0.05,4512.92,4529.04,4513,4527,BUY,USD,1,1,1583663
D#1671065,XAUUSD,100,288230376152159018,288230376151931141,288230376153728625,288230376153726897,3827,2026-05-22T11:08:31.000Z,2026-05-22T12:12:18.000Z,119.9,-120.60000000000001,116.4,-3.5,0,0.1,4517.27,4529.04,,4527,BUY,USD,1,1,1583663
D#1670941,XAUUSD,100,288230376152159023,288230376151931987,288230376153735738,288230376153735023,1960,2026-05-22T11:39:38.000Z,2026-05-22T12:12:18.000Z,184,-185.4,177.0,-7,0,0.2,4520.06,4529.04,4501.64,4527.59,BUY,USD,1,1,1583663
D#1670970,XAUUSD,100,288230376152158988,288230376151932259,288230376153738026,288230376153737753,1418,2026-05-22T11:48:40.000Z,2026-05-22T12:12:18.000Z,-25.15,24.799999999999997,-26.91,-1.76,0,0.05,4523.63,4528.88,4526.77,4513.66,SELL,USD,1,1,1583663
D#1702403,XAUUSD,100,288230376152159017,288230376151932314,288230376153738292,288230376153738290,1316,2026-05-22T11:50:22.000Z,2026-05-22T12:12:18.000Z,-72.71,71.94,-76.57,-3.86,0,0.11,4522.42,4529.25,4526.98,4512.07,SELL,USD,1,1,1583663
D#1702734,XAUUSD,100,288230376152159022,288230376151932391,288230376153739404,288230376153739288,1091,2026-05-22T11:54:07.000Z,2026-05-22T12:12:18.000Z,-40.25,39.76,-42.71,-2.46,0,0.07,4523.31,4529.28,4528.46,4517.02,SELL,USD,1,1,1583663
D#1702632,XAUUSD,100,288230376152158973,288230376151932772,288230376153742846,288230376153742750,333,2026-05-22T12:06:45.000Z,2026-05-22T12:12:18.000Z,94.05,-95.1,88.79,-5.26,0,0.15,4522.62,4528.67,4518.31,4526.8,BUY,USD,1,1,1583663
D#1702533,XAUUSD,100,288230376152159106,288230376151932412,288230376153739544,288230376153739537,1026,2026-05-22T11:55:14.000Z,2026-05-22T12:12:20.000Z,-49.42,48.93,-51.88,-2.46,0,0.07,4522.25,4529.53,4529.28,4505.64,SELL,USD,1,1,1583663
D#1670876,XAUUSD,100,288230376152159101,288230376151932924,288230376153744537,288230376153744307,20,2026-05-22T12:12:00.000Z,2026-05-22T12:12:20.000Z,-111,109.95,-116.26,-5.26,0,0.15,4521.31,4528.93,,,SELL,USD,1,1,1583663
D#1702413,XAUUSD,100,288230376152159252,288230376151932350,288230376153744791,288230376153738772,1238,2026-05-22T11:52:03.000Z,2026-05-22T12:12:41.000Z,-217.44,214.07999999999998,-234.24,-16.8,0,0.48,4522.97,4527.72,,4507.94,SELL,USD,1,1,1583663
D#1702740,XAUUSD,100,288230376152159439,288230376151932782,288230376153745314,288230376153742853,407,2026-05-22T12:07:06.000Z,2026-05-22T12:13:53.000Z,57.4,-58.1,53.9,-3.5,0,0.1,4523,4528.52,,,BUY,USD,1,1,1583663
D#1670993,XAUUSD,100,288230376152159504,288230376151931159,288230376153745485,288230376153727080,3887,2026-05-22T11:09:23.000Z,2026-05-22T12:14:10.000Z,33.45,-33.660000000000004,32.39,-1.06,0,0.03,4516.8,4527.73,,,BUY,USD,1,1,1583663
D#1589455,XAUUSD,100,288230376152159572,288230376151932556,288230376153745758,288230376153741165,793,2026-05-22T12:01:34.000Z,2026-05-22T12:14:47.000Z,83,-83.7,79.5,-3.5,0,0.1,4519.49,4527.57,,4530.78,BUY,USD,1,1,1583663
D#1614601,XAUUSD,100,288230376152159772,288230376151933226,288230376153746250,288230376153746247,35,2026-05-22T12:15:51.000Z,2026-05-22T12:16:26.000Z,-11,10.65,-12.76,-1.76,0,0.05,4530.05,4527.63,4528.14,4546.34,BUY,USD,1,1,1583663
D#1702727,XAUUSD,100,288230376152159786,288230376151933195,288230376153746532,288230376153745988,77,2026-05-22T12:15:16.000Z,2026-05-22T12:16:33.000Z,-52.5,50.75,-61.26,-8.76,0,0.25,4529.59,4527.27,,4533.77,BUY,USD,1,1,1583663
D#1670876,XAUUSD,100,288230376152159793,288230376151933027,288230376153746048,288230376153744868,222,2026-05-22T12:12:52.000Z,2026-05-22T12:16:34.000Z,5.7,-6.75,0.44,-5.26,0,0.15,4526.92,4527.08,4527.28,,BUY,USD,1,1,1583663
D#1702352,XAUUSD,100,288230376152159798,288230376151933214,288230376153746559,288230376153746136,60,2026-05-22T12:15:35.000Z,2026-05-22T12:16:35.000Z,50.6,-52.0,43.6,-7,0,0.2,4529.37,4527.06,,,SELL,USD,1,1,1583663
D#1702660,XAUUSD,100,288230376152159811,288230376151933141,288230376153746587,288230376153745707,118,2026-05-22T12:14:41.000Z,2026-05-22T12:16:39.000Z,33.4,-34.8,26.4,-7,0,0.2,4528.33,4526.88,,,SELL,USD,1,1,1583663
D#1671055,XAUUSD,100,288230376152159825,288230376151930499,288230376153746658,288230376153721282,5283,2026-05-22T10:48:46.000Z,2026-05-22T12:16:49.000Z,74.15,-74.5,72.39,-1.76,0,0.05,4512.67,4527.28,,4531.63,BUY,USD,1,1,1583663
D#1702727,XAUUSD,100,288230376152159936,288230376151933311,288230376153747037,288230376153746886,23,2026-05-22T12:17:17.000Z,2026-05-22T12:17:40.000Z,-65,63.25,-73.76,-8.76,0,0.25,4529.86,4527.04,,,BUY,USD,1,1,1583663
D#1702558,XAUUSD,100,288230376152159985,288230376151933003,288230376153747308,288230376153744726,349,2026-05-22T12:12:31.000Z,2026-05-22T12:18:20.000Z,48.8,-51.599999999999994,34.8,-14,0,0.4,4527.88,4528.88,,,BUY,USD,1,1,1583663
D#1702674,XAUUSD,100,288230376152160039,288230376151933365,288230376153747586,288230376153747327,44,2026-05-22T12:18:23.000Z,2026-05-22T12:19:07.000Z,-16.2,14.1,-26.7,-10.5,0,0.3,4529.01,4529.77,4529.78,4525.78,SELL,USD,1,1,1583663
D#1670947,XAUUSD,100,288230376152160053,288230376151932122,288230376153737794,288230376153736423,2063,2026-05-22T11:44:45.000Z,2026-05-22T12:19:08.000Z,61.74,-62.230000000000004,59.28,-2.46,0,0.07,4522.82,4531.42,,4531.02,BUY,USD,1,1,1583663
D#1702355,XAUUSD,100,288230376152160050,288230376151932153,288230376153736748,288230376153736745,2010,2026-05-22T11:45:38.000Z,2026-05-22T12:19:08.000Z,52.56,-52.980000000000004,50.46,-2.1,0,0.06,4522.88,4531.42,4511.71,4530.34,BUY,USD,1,1,1583663
D#1589419,XAUUSD,100,288230376152160049,288230376151933028,288230376153744973,288230376153744883,375,2026-05-22T12:12:53.000Z,2026-05-22T12:19:08.000Z,152.1,-154.2,141.6,-10.5,0,0.3,4526.57,4531.42,4521.56,4530.43,BUY,USD,1,1,1583663
D#1614601,XAUUSD,100,288230376152160057,288230376151933386,288230376153747505,288230376153747501,14,2026-05-22T12:18:54.000Z,2026-05-22T12:19:08.000Z,-12.4,12.05,-14.16,-1.76,0,0.05,4529.09,4531.79,4530.35,4517.3,SELL,USD,1,1,1583663
D#1670975,XAUUSD,100,288230376152160061,288230376151931964,288230376153734805,288230376153719807,2409,2026-05-22T11:39:00.000Z,2026-05-22T12:19:09.000Z,123.4,-124.10000000000001,119.9,-3.5,0,0.1,4519.48,4531.6,4514.15,4531.43,BUY,USD,1,1,1583663
D#1702709,XAUUSD,100,288230376152160075,288230376151932954,288230376153744453,288230376153738333,412,2026-05-22T12:12:18.000Z,2026-05-22T12:19:10.000Z,-83.4,81.30000000000001,-93.9,-10.5,0,0.3,4528.67,4531.67,4531.9,4511.9,SELL,USD,1,1,1583663
D#1671064,XAUUSD,100,288230376152160091,288230376151932226,288230376153737544,288230376153737453,1885,2026-05-22T11:47:47.000Z,2026-05-22T12:19:12.000Z,82.6,-83.3,79.1,-3.5,0,0.1,4524.63,4532.67,,4532.73,BUY,USD,1,1,1583663
D#1671069,XAUUSD,100,288230376152160129,288230376151932904,288230376153744230,288230376153744128,476,2026-05-22T12:11:25.000Z,2026-05-22T12:19:21.000Z,110.8,-111.5,107.3,-3.5,0,0.1,4522.31,4533.17,4518.1,4533.7,BUY,USD,1,1,1583663
D#1702504,XAUUSD,100,288230376152160156,288230376151933156,288230376153746263,288230376153745762,275,2026-05-22T12:14:47.000Z,2026-05-22T12:19:22.000Z,-100.5,99.45,-105.76,-5.26,0,0.15,4527.57,4534.49,4533.87,4513.74,SELL,USD,1,1,1583663
D#1702470,XAUUSD,100,288230376152160173,288230376151933034,288230376153747801,288230376153744902,387,2026-05-22T12:12:56.000Z,2026-05-22T12:19:23.000Z,47.3,-48.0,43.79,-3.51,0,0.1,4527.26,4533.65,4522.95,4538.01,BUY,USD,1,1,1583663
D#1671089,XAUUSD,100,288230376152160207,288230376151932137,288230376153737038,288230376153736585,2054,2026-05-22T11:45:12.000Z,2026-05-22T12:19:26.000Z,112.4,-112.96000000000001,109.6,-2.8,0,0.08,4521.87,4535.7,4506.12,4536,BUY,USD,1,1,1583663
D#1702674,XAUUSD,100,288230376152160218,288230376151933419,288230376153747862,288230376153747693,16,2026-05-22T12:19:13.000Z,2026-05-22T12:19:29.000Z,69.3,-71.39999999999999,58.8,-10.5,0,0.3,4532.64,4534.73,,,BUY,USD,1,1,1583663
D#1614601,XAUUSD,100,288230376152160312,288230376151933473,288230376153748071,288230376153748064,22,2026-05-22T12:19:54.000Z,2026-05-22T12:20:16.000Z,-4.55,4.2,-6.31,-1.76,0,0.05,4533.23,4532.1,4532.28,4545.51,BUY,USD,1,1,1583663
D#1702403,XAUUSD,100,288230376152160369,288230376151933475,288230376153748452,288230376153748087,54,2026-05-22T12:19:56.000Z,2026-05-22T12:20:50.000Z,-19.58,18.81,-23.44,-3.86,0,0.11,4533.53,4531.53,4529.03,4543.87,BUY,USD,1,1,1583663
D#1671085,XAUUSD,100,288230376152160486,288230376151933502,288230376153748348,288230376153748238,107,2026-05-22T12:20:17.000Z,2026-05-22T12:22:04.000Z,122.8,-124.2,115.8,-7,0,0.2,4531.88,4525.96,4531.89,4526.53,SELL,USD,1,1,1583663
D#1589455,XAUUSD,100,288230376152160536,288230376151933188,288230376153749177,288230376153745950,430,2026-05-22T12:15:12.000Z,2026-05-22T12:22:22.000Z,34.8,-35.5,31.3,-3.5,0,0.1,4529.76,4526.5,,4523.81,SELL,USD,1,1,1583663
D#1671056,XAUUSD,100,288230376152160557,288230376151933543,288230376153749314,288230376153748525,104,2026-05-22T12:20:59.000Z,2026-05-22T12:22:43.000Z,28.38,-28.8,26.28,-2.1,0,0.06,4530.34,4525.83,4538.75,,SELL,USD,1,1,1583663
D#1670876,XAUUSD,100,288230376152160575,288230376151933357,288230376153749397,288230376153747266,284,2026-05-22T12:18:13.000Z,2026-05-22T12:22:57.000Z,-57.46,56.27,-63.42,-5.96,0,0.17,4528.32,4524.72,,,BUY,USD,1,1,1583663
D#1702558,XAUUSD,100,288230376152160764,288230376151933755,288230376153750309,288230376153750261,7,2026-05-22T12:25:09.000Z,2026-05-22T12:25:16.000Z,15.6,-18.4,1.6,-14,0,0.4,4527.99,4528.16,,,BUY,USD,1,1,1583663
D#1702558,XAUUSD,100,288230376152160782,288230376151933768,288230376153750389,288230376153750367,7,2026-05-22T12:25:24.000Z,2026-05-22T12:25:31.000Z,-11.2,8.399999999999999,-25.2,-14,0,0.4,4527.69,4527.19,,,BUY,USD,1,1,1583663
D#1670975,XAUUSD,100,288230376152160810,288230376151933786,288230376153750593,288230376153750516,18,2026-05-22T12:25:53.000Z,2026-05-22T12:26:11.000Z,4.9,-5.6000000000000005,1.4,-3.5,0,0.1,4526.96,4526.69,,,SELL,USD,1,1,1583663
D#1702500,XAUUSD,100,288230376152160843,288230376151933299,288230376153747489,288230376153746807,574,2026-05-22T12:17:07.000Z,2026-05-22T12:26:41.000Z,-13.95,13.739999999999998,-15.01,-1.06,0,0.03,4528.85,4523.98,4524.49,4545.99,BUY,USD,1,1,1583663
D#1671069,XAUUSD,100,288230376152160926,288230376151933697,288230376153749962,288230376153749726,251,2026-05-22T12:23:44.000Z,2026-05-22T12:27:55.000Z,-40.9,40.199999999999996,-44.4,-3.5,0,0.1,4527.36,4523.05,4523.15,4538.75,BUY,USD,1,1,1583663
D#1702587,XAUUSD,100,288230376152160936,288230376151933741,288230376153750137,288230376153750135,189,2026-05-22T12:24:50.000Z,2026-05-22T12:27:59.000Z,-49.5,48.73,-53.36,-3.86,0,0.11,4527.22,4522.5,4522.56,4537.56,BUY,USD,1,1,1583663
D#1671056,XAUUSD,100,288230376152160977,288230376151933759,288230376153750281,288230376153750280,202,2026-05-22T12:25:11.000Z,2026-05-22T12:28:33.000Z,-38.52,38.1,-40.62,-2.1,0,0.06,4528.45,4521.81,4522.12,,BUY,USD,1,1,1583663
D#1702520,XAUUSD,100,288230376152161028,288230376151933684,288230376153749908,288230376153749627,374,2026-05-22T12:23:30.000Z,2026-05-22T12:29:44.000Z,-96,94.6,-103.0,-7,0,0.2,4526.32,4521.3,4521.6,4531.55,BUY,USD,1,1,1583663
D#1702470,XAUUSD,100,288230376152161027,288230376151933789,288230376153750567,288230376153750566,219,2026-05-22T12:26:05.000Z,2026-05-22T12:29:44.000Z,-49.8,49.099999999999994,-53.3,-3.5,0,0.1,4526.5,4521.3,4521.51,4535.77,BUY,USD,1,1,1583663
D#1702382,XAUUSD,100,288230376152161086,288230376151932092,288230376153752039,288230376153736100,2809,2026-05-22T11:43:43.000Z,2026-05-22T12:30:32.000Z,15.18,-15.6,13.08,-2.1,0,0.06,4519.98,4522.29,4506.72,4536.53,BUY,USD,1,1,1583663
D#1702632,XAUUSD,100,288230376152161087,288230376151933440,288230376153752040,288230376153747821,667,2026-05-22T12:19:26.000Z,2026-05-22T12:30:33.000Z,171.9,-172.95000000000002,166.64,-5.26,0,0.15,4533.7,4522.46,,,SELL,USD,1,1,1583663
D#1645641,XAUUSD,100,288230376152161098,288230376151931053,288230376153752114,288230376153726035,5130,2026-05-22T11:05:16.000Z,2026-05-22T12:30:46.000Z,51.92,-52.480000000000004,49.12,-2.8,0,0.08,4516.36,4522.63,,,BUY,USD,1,1,1583663
D#1702558,XAUUSD,100,288230376152161239,288230376151933922,288230376153752727,288230376153751829,165,2026-05-22T12:29:57.000Z,2026-05-22T12:32:42.000Z,115.2,-118.0,101.2,-14,0,0.4,4522.37,4519.71,,,SELL,USD,1,1,1583663
D#1702620,XAUUSD,100,288230376152161266,288230376151934003,288230376153752544,288230376153752451,61,2026-05-22T12:31:49.000Z,2026-05-22T12:32:50.000Z,72.54,-74.71000000000001,61.68,-10.86,0,0.31,4520.49,4518.37,4542.09,4518.25,SELL,USD,1,1,1583663
D#1671089,XAUUSD,100,288230376152161426,288230376151933988,288230376153753516,288230376153752305,230,2026-05-22T12:31:22.000Z,2026-05-22T12:35:12.000Z,29.92,-30.48,27.12,-2.8,0,0.08,4521.74,4518.22,4534.84,4512.44,SELL,USD,1,1,1583663
D#1670970,XAUUSD,100,288230376152161443,288230376151933580,288230376153749222,288230376153748853,838,2026-05-22T12:21:41.000Z,2026-05-22T12:35:39.000Z,51.8,-52.15,50.04,-1.76,0,0.05,4527.96,4517.82,4536.87,4517.66,SELL,USD,1,1,1583663
D#1702598,XAUUSD,100,288230376152161445,288230376151933885,288230376153751468,288230376153751467,421,2026-05-22T12:28:39.000Z,2026-05-22T12:35:40.000Z,-50.71,49.94,-54.57,-3.86,0,0.11,4522.21,4517.38,4517.55,4532.55,BUY,USD,1,1,1583663
D#1671067,XAUUSD,100,288230376152161555,288230376151933983,288230376153754000,288230376153752264,326,2026-05-22T12:31:14.000Z,2026-05-22T12:36:40.000Z,-214.5,212.4,-225.0,-10.5,0,0.3,4522.91,4515.54,,4526.4,BUY,USD,1,1,1583663
D#1702352,XAUUSD,100,288230376152161563,288230376151933972,288230376153754036,288230376153752206,344,2026-05-22T12:31:03.000Z,2026-05-22T12:36:47.000Z,-147.6,146.2,-154.6,-7,0,0.2,4522.86,4515.26,,,BUY,USD,1,1,1583663
D#1670876,XAUUSD,100,288230376152161566,288230376151933664,288230376153754050,288230376153749454,826,2026-05-22T12:23:04.000Z,2026-05-22T12:36:50.000Z,210.84,-212.31,203.48,-7.36,0,0.21,4525.33,4515.51,,,SELL,USD,1,1,1583663
D#1702660,XAUUSD,100,288230376152161568,288230376151933975,288230376153754051,288230376153752233,343,2026-05-22T12:31:08.000Z,2026-05-22T12:36:51.000Z,-138.4,137.0,-145.4,-7,0,0.2,4522.48,4515.34,,,BUY,USD,1,1,1583663
D#1702432,XAUUSD,100,288230376152161572,288230376151932461,288230376153754070,288230376153740164,2348,2026-05-22T11:57:45.000Z,2026-05-22T12:36:53.000Z,135.46,-137.28,126.36,-9.1,0,0.26,4520.73,4515.74,,4511.16,SELL,USD,1,1,1583663
D#1702674,XAUUSD,100,288230376152161577,288230376151933540,288230376153754080,288230376153748505,957,2026-05-22T12:20:58.000Z,2026-05-22T12:36:55.000Z,-432.6,430.5,-443.1,-10.5,0,0.3,4530.49,4515.85,,4528.97,BUY,USD,1,1,1583663
D#1702734,XAUUSD,100,288230376152161636,288230376151933593,288230376153749179,288230376153748950,971,2026-05-22T12:21:56.000Z,2026-05-22T12:38:07.000Z,65.87,-66.36,63.41,-2.46,0,0.07,4527.38,4518.19,4518.11,4514.19,SELL,USD,1,1,1583663
D#1702660,XAUUSD,100,288230376152161667,288230376151934174,288230376153754614,288230376153754103,99,2026-05-22T12:36:59.000Z,2026-05-22T12:38:38.000Z,33.8,-35.199999999999996,26.8,-7,0,0.2,4516.57,4518.04,,,BUY,USD,1,1,1583663
D#1702352,XAUUSD,100,288230376152161668,288230376151934178,288230376153754621,288230376153754132,97,2026-05-22T12:37:03.000Z,2026-05-22T12:38:40.000Z,42.8,-44.199999999999996,35.8,-7,0,0.2,4516.22,4518.14,,,BUY,USD,1,1,1583663
D#1614601,XAUUSD,100,288230376152161674,288230376151933973,288230376153754656,288230376153752211,462,2026-05-22T12:31:05.000Z,2026-05-22T12:38:47.000Z,22.55,-22.900000000000002,20.79,-1.76,0,0.05,4522.47,4518.18,4525.67,4499.3,SELL,USD,1,1,1583663
D#1702558,XAUUSD,100,288230376152161777,288230376151934198,288230376153755171,288230376153754333,167,2026-05-22T12:37:44.000Z,2026-05-22T12:40:31.000Z,5.2,-8.0,-8.8,-14,0,0.4,4517.4,4517.49,,,SELL,USD,1,1,1583663
D#1702352,XAUUSD,100,288230376152161883,288230376151934304,288230376153755573,288230376153755261,62,2026-05-22T12:40:46.000Z,2026-05-22T12:41:48.000Z,43.4,-44.8,36.4,-7,0,0.2,4517.44,4519.39,,,BUY,USD,1,1,1583663
D#1702660,XAUUSD,100,288230376152161886,288230376151934301,288230376153755582,288230376153755245,65,2026-05-22T12:40:44.000Z,2026-05-22T12:41:49.000Z,43.6,-45.0,36.6,-7,0,0.2,4517.39,4519.35,,,BUY,USD,1,1,1583663
D#1702555,XAUUSD,100,288230376152162455,288230376151934097,288230376153753299,288230376153753297,1023,2026-05-22T12:34:22.000Z,2026-05-22T12:51:25.000Z,-54.05,52.44,-62.11,-8.06,0,0.23,4518.27,4520.84,4520.64,4508.64,SELL,USD,1,1,1583663
D#1614601,XAUUSD,100,288230376152162938,288230376151934849,288230376153760045,288230376153760043,57,2026-05-22T12:56:31.000Z,2026-05-22T12:57:28.000Z,-13,12.65,-14.76,-1.76,0,0.05,4519.58,4522.4,4521.77,4510.59,SELL,USD,1,1,1583663
D#1614623,XAUUSD,100,288230376152163040,288230376151934443,288230376153756540,288230376153756465,856,2026-05-22T12:44:44.000Z,2026-05-22T12:59:00.000Z,75,-76.4,68.0,-7,0,0.2,4519.18,4522.71,4514.77,4522.6,BUY,USD,1,1,1583663
D#1702616,XAUUSD,100,288230376152163044,288230376151934478,288230376153757012,288230376153756767,790,2026-05-22T12:45:50.000Z,2026-05-22T12:59:00.000Z,-32.6,31.900000000000002,-36.1,-3.5,0,0.1,4519.39,4522.87,4522.53,4514.14,SELL,USD,1,1,1583663
D#1702746,XAUUSD,100,288230376152163038,288230376151934581,288230376153757656,288230376153757655,616,2026-05-22T12:48:44.000Z,2026-05-22T12:59:00.000Z,-68.7,67.65,-73.96,-5.26,0,0.15,4518.07,4522.87,4522.72,4511.31,SELL,USD,1,1,1583663
D#1702660,XAUUSD,100,288230376152163082,288230376151934749,288230376153760918,288230376153759155,331,2026-05-22T12:53:46.000Z,2026-05-22T12:59:17.000Z,-70.6,69.19999999999999,-77.6,-7,0,0.2,4520.01,4523.76,,,SELL,USD,1,1,1583663
D#1702352,XAUUSD,100,288230376152163094,288230376151934767,288230376153760958,288230376153759295,312,2026-05-22T12:54:10.000Z,2026-05-22T12:59:22.000Z,-60,58.6,-67.0,-7,0,0.2,4520.32,4523.54,,,SELL,USD,1,1,1583663
D#1589428,XAUUSD,100,288230376152163095,288230376151934755,288230376153760968,288230376153759200,328,2026-05-22T12:53:55.000Z,2026-05-22T12:59:23.000Z,-108.24,105.92999999999999,-119.8,-11.56,0,0.33,4520.04,4523.54,,,SELL,USD,1,1,1583663
D#1702632,XAUUSD,100,288230376152163120,288230376151934826,288230376153761074,288230376153759795,242,2026-05-22T12:55:40.000Z,2026-05-22T12:59:42.000Z,40.5,-41.55,35.24,-5.26,0,0.15,4521.46,4523.94,,,BUY,USD,1,1,1583663
D#1702489,XAUUSD,100,288230376152163176,288230376151934094,288230376153753524,288230376153753269,1539,2026-05-22T12:34:15.000Z,2026-05-22T12:59:54.000Z,473.5,-477.0,456.0,-17.5,0,0.5,4518.77,4528.02,,4527.13,BUY,USD,1,1,1583663
D#1702470,XAUUSD,100,288230376152163197,288230376151934175,288230376153754308,288230376153754109,1374,2026-05-22T12:37:00.000Z,2026-05-22T12:59:54.000Z,113.4,-114.10000000000001,109.9,-3.5,0,0.1,4516.58,4527.7,4511.49,4527.81,BUY,USD,1,1,1583663
D#1670970,XAUUSD,100,288230376152163196,288230376151934387,288230376153756164,288230376153755918,1021,2026-05-22T12:42:53.000Z,2026-05-22T12:59:54.000Z,44.1,-44.45,42.34,-1.76,0,0.05,4519.09,4527.69,4519.11,4527.63,BUY,USD,1,1,1583663
D#1614601,XAUUSD,100,288230376152163169,288230376151934970,288230376153760981,288230376153760980,27,2026-05-22T12:59:27.000Z,2026-05-22T12:59:54.000Z,-22.7,22.349999999999998,-24.46,-1.76,0,0.05,4523.46,4528.22,4525.69,4510.49,SELL,USD,1,1,1583663
D#1702740,XAUUSD,100,288230376152163217,288230376151934475,288230376153761190,288230376153756747,851,2026-05-22T12:45:46.000Z,2026-05-22T12:59:57.000Z,78.4,-79.10000000000001,74.9,-3.5,0,0.1,4519.68,4527.3,,,BUY,USD,1,1,1583663
D#1702587,XAUUSD,100,288230376152163231,288230376151934053,288230376153753305,288230376153752906,1609,2026-05-22T12:33:10.000Z,2026-05-22T12:59:59.000Z,117.92,-118.69,114.06,-3.86,0,0.11,4517.93,4528.43,4513.32,4528.27,BUY,USD,1,1,1583663
D#1702598,XAUUSD,100,288230376152163248,288230376151934259,288230376153755105,288230376153754886,1218,2026-05-22T12:39:42.000Z,2026-05-22T13:00:00.000Z,128.59,-129.36,124.73,-3.86,0,0.11,4518.27,4529.74,4513.66,4528.61,BUY,USD,1,1,1583663
D#1589428,XAUUSD,100,288230376152163310,288230376151934980,288230376153761347,288230376153761072,28,2026-05-22T12:59:42.000Z,2026-05-22T13:00:10.000Z,-154.77,152.46,-166.33,-11.56,0,0.33,4523.94,4528.85,,,SELL,USD,1,1,1583663
D#1702632,XAUUSD,100,288230376152163367,288230376151935064,288230376153761506,288230376153761485,3,2026-05-22T13:00:26.000Z,2026-05-22T13:00:29.000Z,-8.1,7.05,-13.36,-5.26,0,0.15,4527.38,4528.14,,,SELL,USD,1,1,1583663
D#1702352,XAUUSD,100,288230376152163389,288230376151935040,288230376153761625,288230376153761348,34,2026-05-22T13:00:10.000Z,2026-05-22T13:00:44.000Z,56.6,-58.0,49.6,-7,0,0.2,4528.36,4525.75,,,SELL,USD,1,1,1583663
D#1702632,XAUUSD,100,288230376152163399,288230376151935069,288230376153761653,288230376153761540,15,2026-05-22T13:00:33.000Z,2026-05-22T13:00:48.000Z,113.5,-117.0,96.0,-17.5,0,0.5,4527.19,4525.14,,,SELL,USD,1,1,1583663
D#1702660,XAUUSD,100,288230376152163404,288230376151935030,288230376153761674,288230376153761310,42,2026-05-22T13:00:07.000Z,2026-05-22T13:00:49.000Z,85.2,-86.60000000000001,78.2,-7,0,0.2,4529.2,4525.16,,,SELL,USD,1,1,1583663
D#1702632,XAUUSD,100,288230376152163456,288230376151935091,288230376153761856,288230376153761697,20,2026-05-22T13:00:51.000Z,2026-05-22T13:01:11.000Z,31,-34.5,13.5,-17.5,0,0.5,4525.63,4526.03,,,BUY,USD,1,1,1583663
D#1702592,XAUUSD,100,288230376152163550,288230376151933896,288230376153762309,288230376153751638,1981,2026-05-22T12:29:18.000Z,2026-05-22T13:02:19.000Z,0.6,-1.65,-4.66,-5.26,0,0.15,4522.95,4522.77,,,BUY,USD,1,1,1583663
D#1702461,XAUUSD,100,288230376152163901,288230376151922277,288230376153764157,288230376153642427,24982,2026-05-22T06:10:55.000Z,2026-05-22T13:07:17.000Z,6.05,-6.3999999999999995,4.29,-1.76,0,0.05,4523.25,4524.24,4508.08,4556.81,BUY,USD,1,1,1583663
D#1671089,XAUUSD,100,288230376152164066,288230376151935341,288230376153764907,288230376153764017,158,2026-05-22T13:06:51.000Z,2026-05-22T13:09:29.000Z,12.72,-13.280000000000001,9.92,-2.8,0,0.08,4523.04,4524.41,4516.24,4530.12,BUY,USD,1,1,1583663
D#1614601,XAUUSD,100,288230376152164107,288230376151935133,288230376153762074,288230376153762073,476,2026-05-22T13:01:44.000Z,2026-05-22T13:09:40.000Z,-20.4,20.049999999999997,-22.16,-1.76,0,0.05,4524.35,4528.65,4525.84,4518.9,SELL,USD,1,1,1583663
D#1614623,XAUUSD,100,288230376152164135,288230376151935134,288230376153762274,288230376153762079,477,2026-05-22T13:01:44.000Z,2026-05-22T13:09:41.000Z,-111,109.6,-118.0,-7,0,0.2,4524.31,4530.08,4528.45,4520.52,SELL,USD,1,1,1583663
D#1702746,XAUUSD,100,288230376152164165,288230376151935222,288230376153763393,288230376153762848,361,2026-05-22T13:03:40.000Z,2026-05-22T13:09:41.000Z,107.7,-108.75,102.44,-5.26,0,0.15,4522.87,4529.83,4515.72,4529.71,BUY,USD,1,1,1583663
D#1670970,XAUUSD,100,288230376152164190,288230376151935153,288230376153762521,288230376153762247,452,2026-05-22T13:02:11.000Z,2026-05-22T13:09:43.000Z,-38.55,38.199999999999996,-40.31,-1.76,0,0.05,4522.89,4530.82,4530.63,4512.79,SELL,USD,1,1,1583663
D#1702740,XAUUSD,100,288230376152164207,288230376151935224,288230376153765027,288230376153762867,362,2026-05-22T13:03:42.000Z,2026-05-22T13:09:44.000Z,76.2,-76.9,72.7,-3.5,0,0.1,4523.2,4530.6,,,BUY,USD,1,1,1583663
D#1702592,XAUUSD,100,288230376152164239,288230376151935211,288230376153765059,288230376153762748,383,2026-05-22T13:03:24.000Z,2026-05-22T13:09:47.000Z,-136.05,135.0,-141.31,-5.26,0,0.15,4522.6,4531.89,,,SELL,USD,1,1,1583663
D#1670960,XAUUSD,100,288230376152164256,288230376151934820,288230376153765080,288230376153716710,855,2026-05-22T12:55:35.000Z,2026-05-22T13:09:50.000Z,-455.2,452.4,-469.2,-14,0,0.4,4521.16,4532.76,,4519.44,SELL,USD,1,1,1583663
D#1589407,XAUUSD,100,288230376152164433,288230376151934487,288230376153756934,288230376153756801,1497,2026-05-22T12:45:54.000Z,2026-05-22T13:10:51.000Z,136.1,-136.79999999999998,132.6,-3.5,0,0.1,4519.51,4532.9,,4532.92,BUY,USD,1,1,1583663
D#1702382,XAUUSD,100,288230376152164443,288230376151934026,288230376153752706,288230376153752705,2295,2026-05-22T12:32:39.000Z,2026-05-22T13:10:54.000Z,-80.76,80.34,-82.86,-2.1,0,0.06,4519.86,4533.54,4533.4,4503.3,SELL,USD,1,1,1583663
D#1702587,XAUUSD,100,288230376152164444,288230376151935344,288230376153764412,288230376153764035,241,2026-05-22T13:06:53.000Z,2026-05-22T13:10:54.000Z,115.61,-116.38,111.75,-3.86,0,0.11,4523.08,4533.37,4518.35,4533.42,BUY,USD,1,1,1583663
D#1702455,XAUUSD,100,288230376152164552,288230376151934745,288230376153759311,288230376153759133,1063,2026-05-22T12:53:43.000Z,2026-05-22T13:11:26.000Z,135.4,-136.1,131.9,-3.5,0,0.1,4520.73,4534.05,4520.62,4534,BUY,USD,1,1,1583663
D#1702461,XAUUSD,100,288230376152164635,288230376151935370,288230376153766167,288230376153764302,264,2026-05-22T13:07:40.000Z,2026-05-22T13:12:04.000Z,107.85,-108.89999999999999,102.59,-5.26,0,0.15,4525.01,4531.98,4513.84,4542.23,BUY,USD,1,1,1583663
D#1702581,XAUUSD,100,288230376152164650,288230376151935592,288230376153766220,288230376153766052,19,2026-05-22T13:11:49.000Z,2026-05-22T13:12:08.000Z,-1.59,1.52,-1.95,-0.36,0,0.01,4533.57,4531.76,,,BUY,USD,1,1,1583663
D#1702598,XAUUSD,100,288230376152164746,288230376151935287,288230376153766726,288230376153763398,503,2026-05-22T13:05:01.000Z,2026-05-22T13:13:24.000Z,101.42,-102.19,97.56,-3.86,0,0.11,4524.46,4533.46,4519.74,4534.8,BUY,USD,1,1,1583663
D#1702352,XAUUSD,100,288230376152164804,288230376151935156,288230376153766919,288230376153762268,698,2026-05-22T13:02:14.000Z,2026-05-22T13:13:52.000Z,104.4,-105.80000000000001,97.4,-7,0,0.2,4523.47,4528.47,,,BUY,USD,1,1,1583663
D#1702660,XAUUSD,100,288230376152164820,288230376151935160,288230376153766968,288230376153762292,701,2026-05-22T13:02:17.000Z,2026-05-22T13:13:58.000Z,113,-114.4,106.0,-7,0,0.2,4523.35,4528.78,,,BUY,USD,1,1,1583663
D#1702723,XAUUSD,100,288230376152164843,288230376151920607,288230376153767088,288230376153625550,29133,2026-05-22T05:08:41.000Z,2026-05-22T13:14:14.000Z,-24.7,24.0,-28.2,-3.5,0,0.1,4525.95,4528.64,,4505.63,SELL,USD,1,1,1583663
D#1702680,XAUUSD,100,288230376152164861,288230376151935490,288230376153767167,288230376153765269,255,2026-05-22T13:10:11.000Z,2026-05-22T13:14:26.000Z,82.2,-84.3,71.7,-10.5,0,0.3,4530.35,4527.83,,,SELL,USD,1,1,1583663
D#1702455,XAUUSD,100,288230376152164978,288230376151935686,288230376153767823,288230376153766866,142,2026-05-22T13:13:45.000Z,2026-05-22T13:16:07.000Z,26.4,-27.099999999999998,22.9,-3.5,0,0.1,4531.91,4529.49,4532.02,4520,SELL,USD,1,1,1583663
D#1702592,XAUUSD,100,288230376152165007,288230376151935735,288230376153768003,288230376153767235,118,2026-05-22T13:14:37.000Z,2026-05-22T13:16:35.000Z,6,-7.05,0.74,-5.26,0,0.15,4527.58,4527.76,,,BUY,USD,1,1,1583663
D#1614623,XAUUSD,100,288230376152165094,288230376151935496,288230376153765478,288230376153765313,488,2026-05-22T13:10:17.000Z,2026-05-22T13:18:25.000Z,84,-85.4,77.0,-7,0,0.2,4531.09,4527.11,4536.56,4527.05,SELL,USD,1,1,1583663
D#1702616,XAUUSD,100,288230376152165338,288230376151935357,288230376153764376,288230376153764176,872,2026-05-22T13:07:19.000Z,2026-05-22T13:21:51.000Z,10.15,-10.5,8.39,-1.76,0,0.05,4523.84,4525.65,4525.75,4545.51,BUY,USD,1,1,1583663
D#1702703,XAUUSD,100,288230376152165481,288230376151919553,288230376153770640,288230376153614609,32960,2026-05-22T04:14:10.000Z,2026-05-22T13:23:30.000Z,24.7,-25.05,22.94,-1.76,0,0.05,4529.53,4524.81,,,SELL,USD,1,1,1583663
D#1702723,XAUUSD,100,288230376152165528,288230376151935737,288230376153770912,288230376153767252,577,2026-05-22T13:14:39.000Z,2026-05-22T13:24:16.000Z,209,-212.5,191.5,-17.5,0,0.5,4527.82,4523.86,,,SELL,USD,1,1,1583663
D#1702703,XAUUSD,100,288230376152165540,288230376151936090,288230376153770945,288230376153770737,38,2026-05-22T13:23:44.000Z,2026-05-22T13:24:22.000Z,22.6,-24.0,15.6,-7,0,0.2,4524.85,4523.94,,,SELL,USD,1,1,1583663
D#1702746,XAUUSD,100,288230376152165601,288230376151935659,288230376153766572,288230376153766571,735,2026-05-22T13:12:59.000Z,2026-05-22T13:25:14.000Z,-137.7,136.64999999999998,-142.96,-5.26,0,0.15,4532,4522.6,4523.15,4538.68,BUY,USD,1,1,1583663
D#1702598,XAUUSD,100,288230376152165599,288230376151935871,288230376153768509,288230376153768506,430,2026-05-22T13:18:04.000Z,2026-05-22T13:25:14.000Z,-54.56,53.79,-58.42,-3.86,0,0.11,4527.81,4522.63,4523,4538.15,BUY,USD,1,1,1583663
D#1702734,XAUUSD,100,288230376152165688,288230376151936065,288230376153770690,288230376153770529,203,2026-05-22T13:23:15.000Z,2026-05-22T13:26:38.000Z,9.31,-9.8,6.85,-2.46,0,0.07,4525.2,4524.09,4523.94,4520.7,SELL,USD,1,1,1583663
D#1671089,XAUUSD,100,288230376152165711,288230376151935808,288230376153771836,288230376153767888,645,2026-05-22T13:16:17.000Z,2026-05-22T13:27:02.000Z,39.28,-39.84,36.48,-2.8,0,0.08,4527.7,4523.01,4539.04,4519.31,SELL,USD,1,1,1583663
D#1702587,XAUUSD,100,288230376152165898,288230376151935922,288230376153769001,288230376153768999,629,2026-05-22T13:19:28.000Z,2026-05-22T13:29:57.000Z,-51.37,50.599999999999994,-55.23,-3.86,0,0.11,4526.85,4521.96,4522.03,4537.19,BUY,USD,1,1,1583663
D#1702382,XAUUSD,100,288230376152166004,288230376151935635,288230376153766347,288230376153766345,1063,2026-05-22T13:12:26.000Z,2026-05-22T13:30:09.000Z,-78.24,77.82,-80.34,-2.1,0,0.06,4533.59,4520.33,4520.58,4545.55,BUY,USD,1,1,1583663
D#1702734,XAUUSD,100,288230376152166046,288230376151936279,288230376153773186,288230376153772511,82,2026-05-22T13:28:58.000Z,2026-05-22T13:30:20.000Z,15.05,-15.540000000000001,12.59,-2.46,0,0.07,4524.14,4522.21,4527.38,4520.14,SELL,USD,1,1,1583663
D#1702634,XAUUSD,100,288230376152166339,288230376151936246,288230376153772215,288230376153772213,192,2026-05-22T13:28:04.000Z,2026-05-22T13:31:16.000Z,80,-82.8,66.0,-14,0,0.4,4523.42,4525.2,,4525.01,BUY,USD,1,1,1583663
D#1702660,XAUUSD,100,288230376152166384,288230376151936398,288230376153773959,288230376153773183,63,2026-05-22T13:30:20.000Z,2026-05-22T13:31:23.000Z,54.2,-55.6,47.2,-7,0,0.2,4522.17,4524.66,,,BUY,USD,1,1,1583663
D#1702352,XAUUSD,100,288230376152166388,288230376151936396,288230376153773982,288230376153773172,66,2026-05-22T13:30:19.000Z,2026-05-22T13:31:25.000Z,45,-46.4,38.0,-7,0,0.2,4522.62,4524.65,,,BUY,USD,1,1,1583663
D#1589419,XAUUSD,100,288230376152166590,288230376151936194,288230376153771769,288230376153771657,349,2026-05-22T13:26:30.000Z,2026-05-22T13:32:19.000Z,105.6,-107.69999999999999,95.1,-10.5,0,0.3,4523.49,4526.79,4518.3,4526.65,BUY,USD,1,1,1583663
D#1702745,XAUUSD,100,288230376152166975,288230376151936009,288230376153769891,288230376153769888,719,2026-05-22T13:22:01.000Z,2026-05-22T13:34:00.000Z,27.4,-27.75,25.64,-1.76,0,0.05,4525.61,4520.35,,4520,SELL,USD,1,1,1583663
D#1702634,XAUUSD,100,288230376152167085,288230376151936868,288230376153776133,288230376153775741,33,2026-05-22T13:33:56.000Z,2026-05-22T13:34:29.000Z,30.8,-33.6,16.8,-14,0,0.4,4520.87,4521.42,,4523.85,BUY,USD,1,1,1583663
D#1702382,XAUUSD,100,288230376152167362,288230376151936900,288230376153776361,288230376153775884,107,2026-05-22T13:34:07.000Z,2026-05-22T13:35:54.000Z,-2.4,1.98,-4.5,-2.1,0,0.06,4521.94,4522.56,4534.76,4521.88,SELL,USD,1,1,1583663
D#1702352,XAUUSD,100,288230376152167417,288230376151937082,288230376153777331,288230376153776837,48,2026-05-22T13:35:28.000Z,2026-05-22T13:36:16.000Z,-63,61.6,-70.0,-7,0,0.2,4523.96,4520.59,,,BUY,USD,1,1,1583663
D#1671069,XAUUSD,100,288230376152167713,288230376151935310,288230376153763694,288230376153763555,1921,2026-05-22T13:05:28.000Z,2026-05-22T13:37:29.000Z,-44.8,44.099999999999994,-48.3,-3.5,0,0.1,4524.54,4519.84,4519.93,4535.93,BUY,USD,1,1,1583663
D#1702723,XAUUSD,100,288230376152167756,288230376151936113,288230376153778236,288230376153770966,794,2026-05-22T13:24:26.000Z,2026-05-22T13:37:40.000Z,189.5,-193.0,172.0,-17.5,0,0.5,4523.75,4520.18,,4516.41,SELL,USD,1,1,1583663
D#1702634,XAUUSD,100,288230376152167839,288230376151937289,288230376153778505,288230376153778002,44,2026-05-22T13:37:20.000Z,2026-05-22T13:38:04.000Z,-0.8,-2.0,-14.8,-14,0,0.4,4521.2,4520.96,,,BUY,USD,1,1,1583663
D#1702564,XAUUSD,100,288230376152167890,288230376151937275,288230376153778676,288230376153777946,68,2026-05-22T13:37:15.000Z,2026-05-22T13:38:23.000Z,47.7,-49.800000000000004,37.2,-10.5,0,0.3,4520.91,4522.28,4516.27,,BUY,USD,1,1,1583663
D#1702634,XAUUSD,100,288230376152167955,288230376151937427,288230376153778939,288230376153778796,18,2026-05-22T13:38:36.000Z,2026-05-22T13:38:54.000Z,-17.2,14.399999999999999,-31.2,-14,0,0.4,4521.11,4520.46,,4525.66,BUY,USD,1,1,1583663
D#1702369,XAUUSD,100,288230376152168078,288230376151934066,288230376153753752,288230376153752963,3983,2026-05-22T12:33:18.000Z,2026-05-22T13:39:41.000Z,7.95,-9.0,2.69,-5.26,0,0.15,4518.54,4518.85,4519.02,4541.41,BUY,USD,1,1,1583663
D#1614623,XAUUSD,100,288230376152168306,288230376151935887,288230376153768896,288230376153768769,1309,2026-05-22T13:18:55.000Z,2026-05-22T13:40:44.000Z,-224.8,223.4,-231.8,-7,0,0.2,4528.3,4516.84,4517.17,4531.87,BUY,USD,1,1,1583663
D#1670970,XAUUSD,100,288230376152168298,288230376151935963,288230376153769625,288230376153769446,1202,2026-05-22T13:20:42.000Z,2026-05-22T13:40:44.000Z,54.6,-54.95,52.84,-1.76,0,0.05,4527.78,4517.08,4535.15,4517.66,SELL,USD,1,1,1583663
D#1702598,XAUUSD,100,288230376152168295,288230376151936395,288230376153773169,288230376153773167,626,2026-05-22T13:30:18.000Z,2026-05-22T13:40:44.000Z,-60.39,59.62,-64.25,-3.86,0,0.11,4522.62,4516.91,4517.86,4532.96,BUY,USD,1,1,1583663
D#1702470,XAUUSD,100,288230376152168307,288230376151936899,288230376153775890,288230376153775883,397,2026-05-22T13:34:07.000Z,2026-05-22T13:40:44.000Z,-50.6,49.9,-54.1,-3.5,0,0.1,4522.12,4516.84,4516.98,4532.08,BUY,USD,1,1,1583663
D#1702587,XAUUSD,100,288230376152168294,288230376151936947,288230376153776073,288230376153776069,380,2026-05-22T13:34:24.000Z,2026-05-22T13:40:44.000Z,-58.63,57.86,-62.49,-3.86,0,0.11,4522.46,4516.91,4517.72,4532.8,BUY,USD,1,1,1583663
D#1670913,XAUUSD,100,288230376152168812,288230376151934952,288230376153761069,288230376153760549,2617,2026-05-22T12:59:00.000Z,2026-05-22T13:42:37.000Z,57.7,-58.050000000000004,55.94,-1.76,0,0.05,4522.71,4511.39,4540,4513,SELL,USD,1,1,1583663
D#1702533,XAUUSD,100,288230376152168811,288230376151935801,288230376153767847,288230376153767844,1587,2026-05-22T13:16:10.000Z,2026-05-22T13:42:37.000Z,121.59,-122.08,119.13,-2.46,0,0.07,4528.54,4511.39,4536.83,4513.39,SELL,USD,1,1,1583663
D#1702703,XAUUSD,100,288230376152168817,288230376151936120,288230376153774587,288230376153771019,1081,2026-05-22T13:24:36.000Z,2026-05-22T13:42:37.000Z,500.4,-503.2,486.4,-14,0,0.4,4523.68,4511.39,,4512.63,SELL,USD,1,1,1583663
D#1702500,XAUUSD,100,288230376152168841,288230376151937505,288230376153779320,288230376153767347,177,2026-05-22T13:39:40.000Z,2026-05-22T13:42:37.000Z,-23.79,23.58,-24.85,-1.06,0,0.03,4519.2,4511.05,4512.09,,BUY,USD,1,1,1583663
D#1645641,XAUUSD,100,288230376152169188,288230376151935904,288230376153782346,288230376153768901,1511,2026-05-22T13:19:18.000Z,2026-05-22T13:44:29.000Z,64,-64.56,61.2,-2.8,0,0.08,4526.23,4518.45,,,SELL,USD,1,1,1583663
D#1702537,XAUUSD,100,288230376152169664,288230376151932014,288230376153784254,288230376153735271,7625,2026-05-22T11:40:36.000Z,2026-05-22T13:47:41.000Z,5.05,-5.3999999999999995,3.29,-1.76,0,0.05,4518.08,4517.29,4541.81,4496.71,SELL,USD,1,1,1583663
D#1702598,XAUUSD,100,288230376152169859,288230376151938271,288230376153783791,288230376153783788,116,2026-05-22T13:46:47.000Z,2026-05-22T13:48:43.000Z,-53.9,53.129999999999995,-57.76,-3.86,0,0.11,4518.46,4513.34,4513.76,4528.8,BUY,USD,1,1,1583663
D#1702355,XAUUSD,100,288230376152169893,288230376151938221,288230376153783462,288230376153783454,156,2026-05-22T13:46:10.000Z,2026-05-22T13:48:46.000Z,29.22,-29.64,27.12,-2.1,0,0.06,4517.02,4512.37,4524.73,4512.89,SELL,USD,1,1,1583663
D#1702470,XAUUSD,100,288230376152169904,288230376151937960,288230376153782153,288230376153781922,303,2026-05-22T13:43:44.000Z,2026-05-22T13:48:47.000Z,-56.1,55.4,-59.6,-3.5,0,0.1,4517.83,4512,4512.41,4529.22,BUY,USD,1,1,1583663
D#1702634,XAUUSD,100,288230376152169961,288230376151937576,288230376153785021,288230376153779773,504,2026-05-22T13:40:26.000Z,2026-05-22T13:48:50.000Z,-350.8,348.0,-364.8,-14,0,0.4,4519.92,4510.93,,4523.52,BUY,USD,1,1,1583663
D#1702587,XAUUSD,100,288230376152169954,288230376151938342,288230376153784381,288230376153784379,56,2026-05-22T13:47:54.000Z,2026-05-22T13:48:50.000Z,-59.07,58.3,-62.93,-3.86,0,0.11,4516.69,4511.1,4511.93,,BUY,USD,1,1,1583663
D#1702463,XAUUSD,100,288230376152169983,288230376151937992,288230376153785057,288230376153782102,287,2026-05-22T13:44:05.000Z,2026-05-22T13:48:52.000Z,324.36,-327.93,306.5,-17.86,0,0.51,4517.87,4511.73,,4508.17,SELL,USD,1,1,1583663
D#1702581,XAUUSD,100,288230376152170111,288230376151935626,288230376153785439,288230376153766267,2230,2026-05-22T13:12:15.000Z,2026-05-22T13:49:25.000Z,-200.6,199.9,-204.1,-3.5,0,0.1,4532.46,4512.18,,,BUY,USD,1,1,1583663
D#1702463,XAUUSD,100,288230376152170172,288230376151938486,288230376153785672,288230376153785117,54,2026-05-22T13:48:58.000Z,2026-05-22T13:49:52.000Z,114.75,-118.32,96.89,-17.86,0,0.51,4513.15,4511.12,,4508.08,SELL,USD,1,1,1583663
D#1702463,XAUUSD,100,288230376152170317,288230376151938591,288230376153786141,288230376153785745,40,2026-05-22T13:50:00.000Z,2026-05-22T13:50:40.000Z,-9.18,5.609999999999999,-27.04,-17.86,0,0.51,4511.07,4511.47,,4507.1,SELL,USD,1,1,1583663
D#1589419,XAUUSD,100,288230376152170892,288230376151938891,288230376153788519,288230376153787951,65,2026-05-22T13:53:32.000Z,2026-05-22T13:54:37.000Z,36,-38.1,25.5,-10.5,0,0.3,4516.87,4515.89,4521.57,4514.23,SELL,USD,1,1,1583663
D#1702660,XAUUSD,100,288230376152171286,288230376151937113,288230376153790295,288230376153777019,1340,2026-05-22T13:35:43.000Z,2026-05-22T13:58:03.000Z,-183.8,182.4,-190.8,-7,0,0.2,4522.6,4513.19,,,BUY,USD,1,1,1583663
D#1702352,XAUUSD,100,288230376152171326,288230376151937199,288230376153790463,288230376153777484,1314,2026-05-22T13:36:29.000Z,2026-05-22T13:58:23.000Z,-199.2,197.79999999999998,-206.2,-7,0,0.2,4521.98,4511.8,,,BUY,USD,1,1,1583663
D#1614601,XAUUSD,100,288230376152171451,288230376151939237,288230376153790557,288230376153790550,66,2026-05-22T13:58:36.000Z,2026-05-22T13:59:42.000Z,-11.75,11.4,-13.51,-1.76,0,0.05,4511.8,4514.37,4513.66,4493.66,SELL,USD,1,1,1583663
D#1589419,XAUUSD,100,288230376152171595,288230376151938986,288230376153788799,288230376153788672,311,2026-05-22T13:54:58.000Z,2026-05-22T14:00:09.000Z,-173.1,171.0,-183.6,-10.5,0,0.3,4517,4511.01,4511.18,4519.04,BUY,USD,1,1,1583663
D#1670970,XAUUSD,100,288230376152171630,288230376151938567,288230376153786030,288230376153785561,634,2026-05-22T13:49:37.000Z,2026-05-22T14:00:11.000Z,-8.35,8.0,-10.11,-1.76,0,0.05,4511.99,4510.1,4509.86,4521.97,BUY,USD,1,1,1583663
D#1671056,XAUUSD,100,288230376152171645,288230376151938966,288230376153788505,288230376153788503,336,2026-05-22T13:54:35.000Z,2026-05-22T14:00:11.000Z,-30.42,30.0,-32.52,-2.1,0,0.06,4515.39,4510.1,4510.01,4535.36,BUY,USD,1,1,1583663
D#1645696,XAUUSD,100,288230376152171732,288230376151927985,288230376153791602,288230376153696726,16895,2026-05-22T09:18:47.000Z,2026-05-22T14:00:22.000Z,-169.8,168.4,-176.8,-7,0,0.2,4519.5,4510.79,4504.9,4556.42,BUY,USD,1,1,1583663
D#1702346,XAUUSD,100,288230376152171744,288230376151932093,288230376153791634,288230376153736104,8202,2026-05-22T11:43:43.000Z,2026-05-22T14:00:25.000Z,-191.2,189.79999999999998,-198.2,-7,0,0.2,4520.06,4510.28,4500,4540,BUY,USD,1,1,1583663
D#1702616,XAUUSD,100,288230376152171750,288230376151938171,288230376153791648,288230376153783146,883,2026-05-22T13:45:43.000Z,2026-05-22T14:00:26.000Z,-41,40.65,-42.76,-1.76,0,0.05,4518.62,4510.2,,4524.72,BUY,USD,1,1,1583663
D#1702400,XAUUSD,100,288230376152171801,288230376151934890,288230376153760304,288230376153760231,3807,2026-05-22T12:57:03.000Z,2026-05-22T14:00:30.000Z,103.11,-103.6,100.65,-2.46,0,0.07,4521.12,4506.61,4528.3,4507.52,SELL,USD,1,1,1583663
D#1702461,XAUUSD,100,288230376152171843,288230376151935736,288230376153767809,288230376153767240,2752,2026-05-22T13:14:38.000Z,2026-05-22T14:00:30.000Z,328.05,-329.1,322.79,-5.26,0,0.15,4528.29,4506.64,4528.04,4508.4,SELL,USD,1,1,1583663
D#1702470,XAUUSD,100,288230376152171828,288230376151938490,288230376153785374,288230376153785139,689,2026-05-22T13:49:01.000Z,2026-05-22T14:00:30.000Z,-64,63.3,-67.5,-3.5,0,0.1,4512.84,4506.22,4507.27,4524.52,BUY,USD,1,1,1583663
D#1702462,XAUUSD,100,288230376152171825,288230376151939281,288230376153791177,288230376153791171,47,2026-05-22T13:59:43.000Z,2026-05-22T14:00:30.000Z,-158.4,157.0,-165.4,-7,0,0.2,4514.36,4506.22,4508.56,4527.98,BUY,USD,1,1,1583663
D#1614596,XAUUSD,100,288230376152172004,288230376151922146,288230376153792013,288230376153640852,28500,2026-05-22T06:05:51.000Z,2026-05-22T14:00:51.000Z,-126.1,125.39999999999999,-129.6,-3.5,0,0.1,4520.4,4507.57,,4569,BUY,USD,1,1,1583663
D#1702352,XAUUSD,100,288230376152172012,288230376151939455,288230376153792024,288230376153791824,16,2026-05-22T14:00:36.000Z,2026-05-22T14:00:52.000Z,-18.2,16.8,-25.2,-7,0,0.2,4509.12,4507.99,,,BUY,USD,1,1,1583663
D#1702533,XAUUSD,100,288230376152172100,288230376151939170,288230376153789905,288230376153789902,214,2026-05-22T13:57:22.000Z,2026-05-22T14:00:56.000Z,-53.76,53.269999999999996,-56.22,-2.46,0,0.07,4513.88,4505.98,4506.19,4530.75,BUY,USD,1,1,1583663
D#1614623,XAUUSD,100,288230376152172147,288230376151938733,288230376153792190,288230376153786625,570,2026-05-22T13:51:31.000Z,2026-05-22T14:01:01.000Z,-150.6,149.2,-157.6,-7,0,0.2,4514.67,4506.92,,4518.36,BUY,USD,1,1,1583663
D#1614601,XAUUSD,100,288230376152172192,288230376151939375,288230376153791538,288230376153791535,52,2026-05-22T14:00:15.000Z,2026-05-22T14:01:07.000Z,-24.4,23.0,-31.4,-7,0,0.2,4508.84,4510.28,4510.17,4490.74,SELL,USD,1,1,1583663
D#1702525,XAUUSD,100,288230376152172209,288230376151933031,288230376153792349,288230376153744896,6496,2026-05-22T12:12:55.000Z,2026-05-22T14:01:11.000Z,353.8,-355.2,346.8,-7,0,0.2,4527.1,4509.63,,,SELL,USD,1,1,1583663
D#1702462,XAUUSD,100,288230376152172207,288230376151939457,288230376153792344,288230376153791834,34,2026-05-22T14:00:37.000Z,2026-05-22T14:01:11.000Z,12.6,-14.0,5.6,-7,0,0.2,4508.96,4509.37,,,BUY,USD,1,1,1583663
D#1702592,XAUUSD,100,288230376152172213,288230376151936800,288230376153792356,288230376153775229,1661,2026-05-22T13:33:31.000Z,2026-05-22T14:01:12.000Z,-267.6,266.20000000000005,-274.6,-7,0,0.2,4523.2,4509.6,,,BUY,USD,1,1,1583663
D#1671066,XAUUSD,100,288230376152172357,288230376151927046,288230376153687390,288230376153687257,19113,2026-05-22T08:43:14.000Z,2026-05-22T14:01:47.000Z,-88.9,88.55000000000001,-90.66,-1.76,0,0.05,4522.6,4504.6,4505.64,4568.06,BUY,USD,1,1,1583663
D#1702630,XAUUSD,100,288230376152172353,288230376151934471,288230376153757183,288230376153756696,4573,2026-05-22T12:45:34.000Z,2026-05-22T14:01:47.000Z,-141,140.3,-144.5,-3.5,0,0.1,4518.92,4504.6,4505.12,4535.32,BUY,USD,1,1,1583663
D#1702382,XAUUSD,100,288230376152172358,288230376151937502,288230376153779309,288230376153779305,1328,2026-05-22T13:39:39.000Z,2026-05-22T14:01:47.000Z,90.06,-90.48,87.96,-2.1,0,0.06,4519.64,4504.85,4533.21,4504.88,SELL,USD,1,1,1583663
D#1614601,XAUUSD,100,288230376152172506,288230376151939589,288230376153792753,288230376153792739,41,2026-05-22T14:01:30.000Z,2026-05-22T14:02:11.000Z,-16.6,15.200000000000001,-23.6,-7,0,0.2,4508.59,4509.64,4509.57,4501.54,SELL,USD,1,1,1583663
D#1670873,XAUUSD,100,288230376152172553,288230376151939681,288230376153793523,288230376153793430,7,2026-05-22T14:02:12.000Z,2026-05-22T14:02:19.000Z,2.1,-2.17,1.74,-0.36,0,0.01,4508.77,4506.89,,,SELL,USD,1,1,1583663
D#1702387,XAUUSD,100,288230376152172680,288230376151939678,288230376153793426,288230376153793423,21,2026-05-22T14:02:11.000Z,2026-05-22T14:02:32.000Z,-142.5,140.4,-153.0,-10.5,0,0.3,4509.67,4504.7,4504.98,,BUY,USD,1,1,1583663
D#1614601,XAUUSD,100,288230376152172729,288230376151939710,288230376153793747,288230376153793592,11,2026-05-22T14:02:24.000Z,2026-05-22T14:02:35.000Z,46.4,-47.8,39.4,-7,0,0.2,4506.73,4504.63,4508.61,4499.57,SELL,USD,1,1,1583663
D#1702482,XAUUSD,100,288230376152172863,288230376151939308,288230376153792766,288230376153791298,205,2026-05-22T13:59:58.000Z,2026-05-22T14:03:23.000Z,-29.97,29.759999999999998,-31.03,-1.06,0,0.03,4513.99,4503.78,4503.81,,BUY,USD,1,1,1583663
D#1614601,XAUUSD,100,288230376152172993,288230376151939805,288230376153794190,288230376153794188,45,2026-05-22T14:03:23.000Z,2026-05-22T14:04:08.000Z,-31.3,30.6,-34.8,-3.5,0,0.1,4503.78,4507.13,4506.98,4495.43,SELL,USD,1,1,1583663
D#1671085,XAUUSD,100,288230376152173036,288230376151939830,288230376153794721,288230376153794303,48,2026-05-22T14:03:32.000Z,2026-05-22T14:04:20.000Z,71.4,-72.80000000000001,64.4,-7,0,0.2,4505.55,4508.9,4505.47,4511.1,BUY,USD,1,1,1583663
D#1702599,XAUUSD,100,288230376152173146,288230376151916775,288230376153795203,288230376153584602,43158,2026-05-22T02:05:54.000Z,2026-05-22T14:05:12.000Z,33.3,-33.44,32.6,-0.7,0,0.02,4524.22,4507.79,4549.53,4497.59,SELL,USD,1,1,1583663
D#1614601,XAUUSD,100,288230376152173244,288230376151939934,288230376153794938,288230376153794934,73,2026-05-22T14:04:44.000Z,2026-05-22T14:05:57.000Z,-23.5,22.8,-27.0,-3.5,0,0.1,4506.77,4509.34,4508.76,4489.16,SELL,USD,1,1,1583663
D#1702387,XAUUSD,100,288230376152173402,288230376151939943,288230376153795944,288230376153795042,85,2026-05-22T14:04:55.000Z,2026-05-22T14:06:20.000Z,-51.6,49.5,-62.1,-10.5,0,0.3,4507.58,4505.64,4502.53,,BUY,USD,1,1,1583663
D#1614601,XAUUSD,100,288230376152173806,288230376151940072,288230376153795847,288230376153795845,166,2026-05-22T14:06:14.000Z,2026-05-22T14:09:00.000Z,-22.6,21.900000000000002,-26.1,-3.5,0,0.1,4506.29,4508.77,4508.63,4495.12,SELL,USD,1,1,1583663
D#1702587,XAUUSD,100,288230376152173950,288230376151940160,288230376153796334,288230376153796332,180,2026-05-22T14:06:55.000Z,2026-05-22T14:09:55.000Z,-50.27,49.5,-54.13,-3.86,0,0.11,4505.81,4510.6,4510.45,4495.46,SELL,USD,1,1,1583663
D#1614601,XAUUSD,100,288230376152174277,288230376151940482,288230376153799103,288230376153798294,76,2026-05-22T14:10:26.000Z,2026-05-22T14:11:42.000Z,-49,47.25,-57.76,-8.76,0,0.25,4510.5,4508.32,4504.16,4524.88,BUY,USD,1,1,1583663
D#1702669,XAUUSD,100,288230376152174567,288230376151916205,288230376153578607,288230376153578571,44890,2026-05-22T01:45:06.000Z,2026-05-22T14:13:16.000Z,231.6,-232.29999999999998,228.1,-3.5,0,0.1,4525.81,4502.87,4541.48,4502.9,SELL,USD,1,1,1583663
D#1702470,XAUUSD,100,288230376152174566,288230376151939538,288230376153792613,288230376153792232,732,2026-05-22T14:01:04.000Z,2026-05-22T14:13:16.000Z,-50.5,49.8,-54.0,-3.5,0,0.1,4508.03,4502.76,4502.86,4519.75,BUY,USD,1,1,1583663
D#1702680,XAUUSD,100,288230376152174595,288230376151940135,288230376153800120,288230376153796150,399,2026-05-22T14:06:40.000Z,2026-05-22T14:13:19.000Z,99,-101.1,88.5,-10.5,0,0.3,4506.07,4502.99,,,SELL,USD,1,1,1583663
D#1702409,XAUUSD,100,288230376152174764,288230376151940558,288230376153799112,288230376153798794,150,2026-05-22T14:11:10.000Z,2026-05-22T14:13:40.000Z,118.69,-119.6,114.13,-4.56,0,0.13,4509.43,4500.52,4513.35,4500.36,SELL,USD,1,1,1583663
D#1702660,XAUUSD,100,288230376152174780,288230376151939498,288230376153800375,288230376153792027,769,2026-05-22T14:00:52.000Z,2026-05-22T14:13:41.000Z,-164.8,163.4,-171.8,-7,0,0.2,4508.02,4499.56,,,BUY,USD,1,1,1583663
D#1702575,XAUUSD,100,288230376152174769,288230376151940350,288230376153800365,288230376153797561,265,2026-05-22T14:09:16.000Z,2026-05-22T14:13:41.000Z,-264.9,262.79999999999995,-275.4,-10.5,0,0.3,4509.37,4500.32,,4522.43,BUY,USD,1,1,1583663
D#1702733,XAUUSD,100,288230376152174797,288230376151929569,288230376153800401,288230376153712639,14001,2026-05-22T10:20:21.000Z,2026-05-22T14:13:42.000Z,-317,316.3,-320.5,-3.5,0,0.1,4531.23,4499.31,,4541.87,BUY,USD,1,1,1583663
D#1702527,XAUUSD,100,288230376152174843,288230376151923102,288230376153800506,288230376153650905,27283,2026-05-22T06:39:08.000Z,2026-05-22T14:13:51.000Z,-201.78,201.15,-204.94,-3.16,0,0.09,4524.35,4501.71,4488.79,4547.23,BUY,USD,1,1,1583663
D#1702447,XAUUSD,100,288230376152174841,288230376151929560,288230376153800502,288230376153712812,14048,2026-05-22T10:19:43.000Z,2026-05-22T14:13:51.000Z,-298.4,297.7,-301.9,-3.5,0,0.1,4532.2,4502.14,,4542.09,BUY,USD,1,1,1583663
D#1671050,XAUUSD,100,288230376152174885,288230376151940718,288230376153800663,288230376153799812,73,2026-05-22T14:12:54.000Z,2026-05-22T14:14:07.000Z,14.94,-15.15,13.88,-1.06,0,0.03,4507.61,4502.85,,,SELL,USD,1,1,1583663
D#1702483,XAUUSD,100,288230376152174998,288230376151926470,288230376153681776,288230376153681008,21179,2026-05-22T08:21:51.000Z,2026-05-22T14:14:50.000Z,-85.02,84.81,-86.08,-1.06,0,0.03,4526.65,4498.09,4498.5,4614.68,BUY,USD,1,1,1583663
D#1671056,XAUUSD,100,288230376152175009,288230376151939972,288230376153796493,288230376153795198,579,2026-05-22T14:05:11.000Z,2026-05-22T14:14:50.000Z,122.76,-123.60000000000001,118.56,-4.2,0,0.12,4507.64,4497.63,4516.04,4497.95,SELL,USD,1,1,1583663
D#1702709,XAUUSD,100,288230376152175033,288230376151939504,288230376153794130,288230376153792056,837,2026-05-22T14:00:54.000Z,2026-05-22T14:14:51.000Z,-85.6,84.89999999999999,-89.1,-3.5,0,0.1,4506.91,4498.13,4497,4517,BUY,USD,1,1,1583663
D#1702598,XAUUSD,100,288230376152175020,288230376151939937,288230376153795368,288230376153794990,603,2026-05-22T14:04:48.000Z,2026-05-22T14:14:51.000Z,102.74,-103.50999999999999,98.88,-3.86,0,0.11,4507.54,4498.42,4512.18,4497.19,SELL,USD,1,1,1583663
D#1702524,XAUUSD,100,288230376152175191,288230376151917125,288230376153588694,288230376153588382,42865,2026-05-22T02:20:28.000Z,2026-05-22T14:14:53.000Z,-255.92,255.35999999999999,-258.72,-2.8,0,0.08,4523.17,4490.96,4491.84,4586.18,BUY,USD,1,1,1583663
D#1702382,XAUUSD,100,288230376152175165,288230376151940041,288230376153795685,288230376153795683,530,2026-05-22T14:06:03.000Z,2026-05-22T14:14:53.000Z,-79.32,78.89999999999999,-81.42,-2.1,0,0.06,4508.24,4494.8,4495.04,4523.38,BUY,USD,1,1,1583663
D#1670970,XAUUSD,100,288230376152175208,288230376151940749,288230376153800393,288230376153800026,100,2026-05-22T14:13:14.000Z,2026-05-22T14:14:54.000Z,43.8,-44.15,42.04,-1.76,0,0.05,4504.27,4495.73,4511.17,4494.24,SELL,USD,1,1,1583663
D#1670981,XAUUSD,100,288230376152175250,288230376151914687,288230376153566293,288230376153565145,47422,2026-05-22T01:04:33.000Z,2026-05-22T14:14:55.000Z,342.6,-343.3,339.1,-3.5,0,0.1,4530.38,4496.34,4537.84,4491.67,SELL,USD,1,1,1583663
D#1671069,XAUUSD,100,288230376152176283,288230376151941478,288230376153804487,288230376153804014,61,2026-05-22T14:19:23.000Z,2026-05-22T14:20:24.000Z,19.9,-20.599999999999998,16.4,-3.5,0,0.1,4496.53,4498.3,4491.92,4505.91,BUY,USD,1,1,1583663
D#1670957,XAUUSD,100,288230376152177014,288230376151941629,288230376153805699,288230376153805132,145,2026-05-22T14:21:38.000Z,2026-05-22T14:24:03.000Z,-32.34,31.92,-34.44,-2.1,0,0.06,4498.1,4492.49,4492.55,,BUY,USD,1,1,1583663
D#1702561,XAUUSD,100,288230376152177355,288230376151942026,288230376153807550,288230376153807360,24,2026-05-22T14:25:22.000Z,2026-05-22T14:25:46.000Z,2.75,-2.82,2.39,-0.36,0,0.01,4493.76,4496.29,4488.89,,BUY,USD,1,1,1583663
D#1670970,XAUUSD,100,288230376152177518,288230376151941074,288230376153802561,288230376153801720,651,2026-05-22T14:15:30.000Z,2026-05-22T14:26:21.000Z,0.5,-0.8500000000000001,-1.26,-1.76,0,0.05,4498.65,4498.77,4498.72,4488.58,SELL,USD,1,1,1583663
D#1702558,XAUUSD,100,288230376152177595,288230376151941947,288230376153808175,288230376153807050,105,2026-05-22T14:24:56.000Z,2026-05-22T14:26:41.000Z,-155.2,152.39999999999998,-169.2,-14,0,0.4,4494.62,4498.72,,,SELL,USD,1,1,1583663
D#1670957,XAUUSD,100,288230376152178404,288230376151941976,288230376153807606,288230376153807150,455,2026-05-22T14:25:03.000Z,2026-05-22T14:32:38.000Z,-42.66,42.239999999999995,-44.76,-2.1,0,0.06,4492.92,4500.25,4500.22,4482.58,SELL,USD,1,1,1583663
D#1670970,XAUUSD,100,288230376152178462,288230376151942333,288230376153810804,288230376153809586,210,2026-05-22T14:29:22.000Z,2026-05-22T14:32:52.000Z,-19.25,18.9,-21.01,-1.76,0,0.05,4497.64,4501.71,4501,4487.63,SELL,USD,1,1,1583663
D#1671069,XAUUSD,100,288230376152178467,288230376151941684,288230376153806208,288230376153805549,635,2026-05-22T14:22:18.000Z,2026-05-22T14:32:53.000Z,-37.7,37.0,-41.2,-3.5,0,0.1,4497.74,4501.73,4501.35,4486.35,SELL,USD,1,1,1583663
D#1702669,XAUUSD,100,288230376152178597,288230376151942483,288230376153812104,288230376153810522,158,2026-05-22T14:30:57.000Z,2026-05-22T14:33:35.000Z,31.2,-33.3,20.7,-10.5,0,0.3,4499.02,4499.84,,,BUY,USD,1,1,1583663
D#1702587,XAUUSD,100,288230376152178860,288230376151941198,288230376153802416,288230376153802412,1137,2026-05-22T14:16:31.000Z,2026-05-22T14:35:28.000Z,-48.07,47.3,-51.93,-3.86,0,0.11,4498.31,4502.9,4502.9,4487.96,SELL,USD,1,1,1583663
D#1702598,XAUUSD,100,288230376152178861,288230376151941626,288230376153805114,288230376153805112,832,2026-05-22T14:21:36.000Z,2026-05-22T14:35:28.000Z,-50.16,49.38999999999999,-54.02,-3.86,0,0.11,4498.12,4502.9,4502.85,4487.77,SELL,USD,1,1,1583663
D#1702519,XAUUSD,100,288230376152178923,288230376151942859,288230376153813430,288230376153813205,28,2026-05-22T14:35:26.000Z,2026-05-22T14:35:54.000Z,41.1,-43.2,30.6,-10.5,0,0.3,4502.62,4503.77,,,BUY,USD,1,1,1583663
D#1702409,XAUUSD,100,288230376152178960,288230376151942294,288230376153809589,288230376153809332,440,2026-05-22T14:28:53.000Z,2026-05-22T14:36:13.000Z,74.1,-75.00999999999999,69.54,-4.56,0,0.13,4497.07,4502.55,4502.77,4506.12,BUY,USD,1,1,1583663
D#1671055,XAUUSD,100,288230376152179128,288230376151934414,288230376153813224,288230376153756220,6838,2026-05-22T12:43:50.000Z,2026-05-22T14:37:48.000Z,-77.3,76.95,-79.06,-1.76,0,0.05,4517.84,4502.16,4502.28,4536.65,BUY,USD,1,1,1583663
D#1702561,XAUUSD,100,288230376152179150,288230376151942864,288230376153814509,288230376153808253,162,2026-05-22T14:35:30.000Z,2026-05-22T14:38:12.000Z,1.13,-1.2,0.77,-0.36,0,0.01,4503.14,4502.23,,4501.04,SELL,USD,1,1,1583663
D#1702454,XAUUSD,100,288230376152179338,288230376151941471,288230376153815413,288230376153803990,1217,2026-05-22T14:19:19.000Z,2026-05-22T14:39:36.000Z,58.65,-59.699999999999996,53.39,-5.26,0,0.15,4496.47,4500.16,4484.56,,BUY,USD,1,1,1583663
D#1702520,XAUUSD,100,288230376152179528,288230376151942984,288230376153816202,288230376153814183,208,2026-05-22T14:37:23.000Z,2026-05-22T14:40:51.000Z,-33,31.6,-40.0,-7,0,0.2,4503.26,4505.13,4507.76,4487.56,SELL,USD,1,1,1583663
D#1702688,XAUUSD,100,288230376152179573,288230376151941994,288230376153816653,288230376153807231,975,2026-05-22T14:25:11.000Z,2026-05-22T14:41:26.000Z,-120.4,119.7,-123.9,-3.5,0,0.1,4492.93,4505.19,,,SELL,USD,1,1,1583663
D#1702519,XAUUSD,100,288230376152179655,288230376151943237,288230376153817013,288230376153816805,32,2026-05-22T14:41:51.000Z,2026-05-22T14:42:23.000Z,0.6,-2.7,-9.9,-10.5,0,0.3,4505.21,4505.41,,,SELL,USD,1,1,1583663
D#1702533,XAUUSD,100,288230376152180065,288230376151941589,288230376153805502,288230376153804860,1471,2026-05-22T14:21:09.000Z,2026-05-22T14:45:40.000Z,-54.18,53.69,-56.64,-2.46,0,0.07,4498.38,4506.34,4506.21,4481.59,SELL,USD,1,1,1583663
D#1702400,XAUUSD,100,288230376152180322,288230376151941280,288230376153819466,288230376153802815,1860,2026-05-22T14:17:04.000Z,2026-05-22T14:48:04.000Z,77.26,-77.75,74.8,-2.46,0,0.07,4495.39,4505.95,4502.05,4510.81,BUY,USD,1,1,1583663
D#1702470,XAUUSD,100,288230376152180447,288230376151941322,288230376153820118,288230376153803016,1936,2026-05-22T14:17:24.000Z,2026-05-22T14:49:40.000Z,91.5,-92.2,88.0,-3.5,0,0.1,4496.66,4505.59,4491.58,4508.42,BUY,USD,1,1,1583663
D#1702561,XAUUSD,100,288230376152180491,288230376151943181,288230376153820266,288230376153815987,555,2026-05-22T14:40:44.000Z,2026-05-22T14:49:59.000Z,0.63,-0.7,0.27,-0.36,0,0.01,4504.94,4504.53,,,SELL,USD,1,1,1583663
D#1670920,XAUUSD,100,288230376152180570,288230376151943419,288230376153818295,288230376153818293,301,2026-05-22T14:45:32.000Z,2026-05-22T14:50:33.000Z,-125,121.5,-142.5,-17.5,0,0.5,4505.66,4502.94,4503.19,4514.6,BUY,USD,1,1,1583663
D#1702688,XAUUSD,100,288230376152180639,288230376151943227,288230376153820760,288230376153816688,574,2026-05-22T14:41:33.000Z,2026-05-22T14:51:07.000Z,-39,38.3,-42.5,-3.5,0,0.1,4505.82,4501.7,,,BUY,USD,1,1,1583663
D#1702587,XAUUSD,100,288230376152180649,288230376151943477,288230376153818662,288230376153818661,298,2026-05-22T14:46:16.000Z,2026-05-22T14:51:14.000Z,-48.95,48.18,-52.81,-3.86,0,0.11,4506.18,4501.51,4501.63,4516.52,BUY,USD,1,1,1583663
D#1670920,XAUUSD,100,288230376152180854,288230376151943695,288230376153821241,288230376153820578,189,2026-05-22T14:50:46.000Z,2026-05-22T14:53:55.000Z,-81.5,78.0,-99.0,-17.5,0,0.5,4502.34,4504.19,4504.02,4491.36,SELL,USD,1,1,1583663
D#1670920,XAUUSD,100,288230376152180877,288230376151943845,288230376153822004,288230376153821969,5,2026-05-22T14:54:04.000Z,2026-05-22T14:54:09.000Z,-43,39.5,-60.5,-17.5,0,0.5,4503.71,4504.79,,,SELL,USD,1,1,1583663
D#1702709,XAUUSD,100,288230376152181060,288230376151943485,288230376153822788,288230376153818712,587,2026-05-22T14:46:21.000Z,2026-05-22T14:56:08.000Z,41.3,-42.0,37.8,-3.5,0,0.1,4506.05,4502.14,4502,,SELL,USD,1,1,1583663
D#1702561,XAUUSD,100,288230376152181200,288230376151943783,288230376153823393,288230376153821353,268,2026-05-22T14:52:28.000Z,2026-05-22T14:56:56.000Z,0.58,-0.6499999999999999,0.22,-0.36,0,0.01,4502.58,4502.22,,,SELL,USD,1,1,1583663
D#1702587,XAUUSD,100,288230376152181265,288230376151943862,288230376153823698,288230376153822096,196,2026-05-22T14:54:24.000Z,2026-05-22T14:57:40.000Z,-25.19,24.42,-29.05,-3.86,0,0.11,4504.46,4501.95,4499.97,4514.8,BUY,USD,1,1,1583663
D#1702707,XAUUSD,100,288230376152181404,288230376151943955,288230376153822945,288230376153822943,201,2026-05-22T14:56:22.000Z,2026-05-22T14:59:43.000Z,-2.02,1.95,-2.38,-0.36,0,0.01,4503.05,4500.81,4500.96,4504.79,BUY,USD,1,1,1583663
D#1702530,XAUUSD,100,288230376152181464,288230376151926078,288230376153824591,288230376153677280,24577,2026-05-22T08:10:30.000Z,2026-05-22T15:00:07.000Z,269,-269.7,265.5,-3.5,0,0.1,4528.38,4501.7,,,SELL,USD,1,1,1583663
D#1702729,XAUUSD,100,288230376152181875,288230376151944233,288230376153826276,288230376153825376,143,2026-05-22T15:02:06.000Z,2026-05-22T15:04:29.000Z,9.2,-9.549999999999999,7.44,-1.76,0,0.05,4502.12,4503.74,,,BUY,USD,1,1,1583663
D#1702707,XAUUSD,100,288230376152181898,288230376151944203,288230376153825160,288230376153825080,206,2026-05-22T15:01:15.000Z,2026-05-22T15:04:41.000Z,3.17,-3.2399999999999998,2.81,-0.36,0,0.01,4501.84,4504.79,4500.01,4504.75,BUY,USD,1,1,1583663
D#1702618,XAUUSD,100,288230376152181902,288230376151943132,288230376153826346,288230376153815862,1473,2026-05-22T14:40:11.000Z,2026-05-22T15:04:44.000Z,3.33,-3.4,2.97,-0.36,0,0.01,4501.69,4504.8,4489.05,4528.55,BUY,USD,1,1,1583663
D#1702409,XAUUSD,100,288230376152181922,288230376151943445,288230376153818413,288230376153813952,1143,2026-05-22T14:45:45.000Z,2026-05-22T15:04:48.000Z,18.33,-19.24,13.77,-4.56,0,0.13,4506.88,4505.69,4505.13,4498.42,SELL,USD,1,1,1583663
D#1702709,XAUUSD,100,288230376152181992,288230376151944077,288230376153824232,288230376153824167,367,2026-05-22T14:59:00.000Z,2026-05-22T15:05:07.000Z,-48.8,48.099999999999994,-52.3,-3.5,0,0.1,4502.4,4507.5,4506.8,,SELL,USD,1,1,1583663
D#1702550,XAUUSD,100,288230376152182017,288230376151942461,288230376153810375,288230376153810373,2069,2026-05-22T14:30:40.000Z,2026-05-22T15:05:09.000Z,-91.2,90.5,-94.7,-3.5,0,0.1,4498.71,4508.05,4507.94,4490.53,SELL,USD,1,1,1583663
D#1702561,XAUUSD,100,288230376152182021,288230376151944357,288230376153826479,288230376153823879,21,2026-05-22T15:04:48.000Z,2026-05-22T15:05:09.000Z,-9.44,9.16,-10.84,-1.4,0,0.04,4505.52,4508.1,4507.61,,SELL,USD,1,1,1583663
D#1702688,XAUUSD,100,288230376152182034,288230376151943908,288230376153826587,288230376153822546,581,2026-05-22T14:55:30.000Z,2026-05-22T15:05:11.000Z,-62.1,61.4,-65.6,-3.5,0,0.1,4501.74,4508.17,,,SELL,USD,1,1,1583663
D#1670989,XAUUSD,100,288230376152182048,288230376151944352,288230376153826619,288230376153826325,35,2026-05-22T15:04:39.000Z,2026-05-22T15:05:14.000Z,200.5,-204.0,183.0,-17.5,0,0.5,4504.25,4508.04,4499.97,4513.56,BUY,USD,1,1,1583663
D#1702644,XAUUSD,100,288230376152182062,288230376151944227,288230376153826667,288230376153825297,207,2026-05-22T15:01:53.000Z,2026-05-22T15:05:20.000Z,-267.6,264.8,-281.6,-14,0,0.4,4501.61,4508.52,,4498.97,SELL,USD,1,1,1583663
D#1702355,XAUUSD,100,288230376152182079,288230376151944253,288230376153826735,288230376153825522,184,2026-05-22T15:02:28.000Z,2026-05-22T15:05:32.000Z,40.14,-40.56,38.04,-2.1,0,0.06,4501.79,4508.26,4499.6,4509.01,BUY,USD,1,1,1583663
D#1702482,XAUUSD,100,288230376152182111,288230376151942997,288230376153815353,288230376153814343,1671,2026-05-22T14:37:47.000Z,2026-05-22T15:05:38.000Z,-33.85,33.5,-35.61,-1.76,0,0.05,4502.19,4509.18,4509.07,,SELL,USD,1,1,1583663
D#1702533,XAUUSD,100,288230376152182180,288230376151944310,288230376153826010,288230376153826007,125,2026-05-22T15:03:45.000Z,2026-05-22T15:05:50.000Z,-55.79,55.3,-58.25,-2.46,0,0.07,4502.27,4510.46,4510.29,4486.65,SELL,USD,1,1,1583663
D#1702680,XAUUSD,100,288230376152182260,288230376151942196,288230376153827088,288230376153808541,2328,2026-05-22T14:27:23.000Z,2026-05-22T15:06:11.000Z,-345.6,343.5,-356.1,-10.5,0,0.3,4498.07,4509.81,,,SELL,USD,1,1,1583663
D#1702480,XAUUSD,100,288230376152182258,288230376151943511,288230376153827081,288230376153819001,1154,2026-05-22T14:46:57.000Z,2026-05-22T15:06:11.000Z,-78,76.25,-86.76,-8.76,0,0.25,4506.58,4509.92,,,SELL,USD,1,1,1583663
D#1702561,XAUUSD,100,288230376152182268,288230376151944428,288230376153827121,288230376153826910,25,2026-05-22T15:05:50.000Z,2026-05-22T15:06:15.000Z,13.3,-14.0,9.8,-3.5,0,0.1,4510.25,4509.14,,,SELL,USD,1,1,1583663
D#1670989,XAUUSD,100,288230376152182381,288230376151944478,288230376153827273,288230376153827271,39,2026-05-22T15:06:34.000Z,2026-05-22T15:07:13.000Z,-18.7,17.16,-26.4,-7.7,0,0.22,4508.41,4507.34,4507.44,4516.63,BUY,USD,1,1,1583663
D#1702339,XAUUSD,100,288230376152182411,288230376151944392,288230376153827713,288230376153826617,146,2026-05-22T15:05:14.000Z,2026-05-22T15:07:40.000Z,0.86,-0.9299999999999999,0.5,-0.36,0,0.01,4508.18,4508.82,,4530.92,BUY,USD,1,1,1583663
D#1670970,XAUUSD,100,288230376152182626,288230376151943691,288230376153820974,288230376153820554,1157,2026-05-22T14:50:42.000Z,2026-05-22T15:09:59.000Z,-41.5,41.15,-43.26,-1.76,0,0.05,4502.65,4511.17,4511.21,4493.15,SELL,USD,1,1,1583663
D#1589419,XAUUSD,100,288230376152182676,288230376151944603,288230376153828894,288230376153828324,75,2026-05-22T15:09:13.000Z,2026-05-22T15:10:28.000Z,28.8,-30.900000000000002,18.3,-10.5,0,0.3,4510.01,4510.75,4504.06,4512.5,BUY,USD,1,1,1583663
D#1670989,XAUUSD,100,288230376152182679,288230376151944641,288230376153828919,288230376153828554,43,2026-05-22T15:09:47.000Z,2026-05-22T15:10:30.000Z,0.44,-1.98,-7.26,-7.7,0,0.22,4510.47,4510.27,4508.92,4522.32,BUY,USD,1,1,1583663
D#1702596,XAUUSD,100,288230376152182789,288230376151922503,288230376153829426,288230376153644685,32009,2026-05-22T06:18:17.000Z,2026-05-22T15:11:46.000Z,7.96,-8.03,7.6,-0.36,0,0.01,4519.04,4511.3,,,SELL,USD,1,1,1583663
D#1670989,XAUUSD,100,288230376152182831,288230376151944701,288230376153829556,288230376153829221,51,2026-05-22T15:11:12.000Z,2026-05-22T15:12:03.000Z,-2.86,1.3199999999999998,-10.56,-7.7,0,0.22,4511.2,4510.85,4509.95,4523.96,BUY,USD,1,1,1583663
D#1589456,XAUUSD,100,288230376152182870,288230376151926567,288230376153829777,288230376153682170,24391,2026-05-22T08:26:11.000Z,2026-05-22T15:12:42.000Z,91.8,-92.22,89.7,-2.1,0,0.06,4526.96,4511.88,4526.72,4459.83,SELL,USD,1,1,1583663
D#1614601,XAUUSD,100,288230376152182878,288230376151940670,288230376153799498,288230376153799496,3628,2026-05-22T14:12:21.000Z,2026-05-22T15:12:49.000Z,-79.75,78.0,-88.51,-8.76,0,0.25,4508.68,4512.09,4511.88,4490.78,SELL,USD,1,1,1583663
D#1671056,XAUUSD,100,288230376152182943,288230376151942993,288230376153814481,288230376153814292,2109,2026-05-22T14:37:40.000Z,2026-05-22T15:12:49.000Z,114.6,-115.44,110.4,-4.2,0,0.12,4502.53,4511.86,4491.09,4512.05,BUY,USD,1,1,1583663
D#1702454,XAUUSD,100,288230376152182880,288230376151943113,288230376153817660,288230376153815494,1982,2026-05-22T14:39:47.000Z,2026-05-22T15:12:49.000Z,357.6,-359.70000000000005,347.1,-10.5,0,0.3,4500.22,4511.92,4494.04,4512.07,BUY,USD,1,1,1583663
D#1702504,XAUUSD,100,288230376152182974,288230376151942374,288230376153830047,288230376153809935,2597,2026-05-22T14:30:02.000Z,2026-05-22T15:13:19.000Z,172.05,-173.10000000000002,166.79,-5.26,0,0.15,4499.56,4510.81,,4512.91,BUY,USD,1,1,1583663
D#1702714,XAUUSD,100,288230376152182985,288230376151940051,288230376153830127,288230376153795760,4046,2026-05-22T14:06:10.000Z,2026-05-22T15:13:36.000Z,39.3,-40.0,35.8,-3.5,0,0.1,4507.3,4511.01,,,BUY,USD,1,1,1583663
D#1702711,XAUUSD,100,288230376152183018,288230376151916275,288230376153830329,288230376153579351,48408,2026-05-22T01:47:26.000Z,2026-05-22T15:14:14.000Z,86.45,-86.8,84.69,-1.76,0,0.05,4527.6,4510.53,,,SELL,USD,1,1,1583663
D#1702382,XAUUSD,100,288230376152183109,288230376151941548,288230376153804528,288230376153804523,3305,2026-05-22T14:20:28.000Z,2026-05-22T15:15:33.000Z,91.26,-91.68,89.16,-2.1,0,0.06,4498.32,4513.31,4485.03,4513.37,BUY,USD,1,1,1583663
D#1671089,XAUUSD,100,288230376152183116,288230376151942713,288230376153812521,288230376153811957,2539,2026-05-22T14:33:16.000Z,2026-05-22T15:15:35.000Z,89.68,-90.24000000000001,86.88,-2.8,0,0.08,4502.26,4513.25,4502.47,4513.42,BUY,USD,1,1,1583663
D#1702537,XAUUSD,100,288230376152183234,288230376151944820,288230376153831122,288230376153830393,121,2026-05-22T15:14:25.000Z,2026-05-22T15:16:26.000Z,-1.05,0.98,-1.41,-0.36,0,0.01,4510.32,4511.59,,4500.84,SELL,USD,1,1,1583663
D#1702598,XAUUSD,100,288230376152183385,288230376151943667,288230376153831932,288230376153820375,1722,2026-05-22T14:50:16.000Z,2026-05-22T15:18:58.000Z,107.25,-108.02,103.39,-3.86,0,0.11,4504.39,4513.92,4499.69,4514.73,BUY,USD,1,1,1583663
D#1702470,XAUUSD,100,288230376152183432,288230376151943864,288230376153831975,288230376153822115,1478,2026-05-22T14:54:25.000Z,2026-05-22T15:19:03.000Z,109.5,-110.2,106.0,-3.5,0,0.1,4504.04,4514.77,4494.62,4515.77,BUY,USD,1,1,1583663
D#1702339,XAUUSD,100,288230376152183436,288230376151944535,288230376153831984,288230376153827806,667,2026-05-22T15:07:58.000Z,2026-05-22T15:19:05.000Z,32.15,-32.5,30.39,-1.76,0,0.05,4508.59,4514.8,,4528.84,BUY,USD,1,1,1583663
D#1702669,XAUUSD,100,288230376152183444,288230376151943053,288230376153832009,288230376153815014,2425,2026-05-22T14:38:46.000Z,2026-05-22T15:19:11.000Z,-482.4,480.29999999999995,-492.9,-10.5,0,0.3,4498.45,4514.75,,,SELL,USD,1,1,1583663
D#1702482,XAUUSD,100,288230376152183491,288230376151944853,288230376153830736,288230376153828409,240,2026-05-22T15:15:32.000Z,2026-05-22T15:19:32.000Z,-16.74,16.319999999999997,-18.84,-2.1,0,0.06,4513.06,4516.07,4515.52,,SELL,USD,1,1,1583663
D#1702599,XAUUSD,100,288230376152183515,288230376151940406,288230376153797903,288230376153795861,4184,2026-05-22T14:09:53.000Z,2026-05-22T15:19:37.000Z,-12.52,12.379999999999999,-13.22,-0.7,0,0.02,4510.39,4516.87,4516.5,4448,SELL,USD,1,1,1583663
D#1702530,XAUUSD,100,288230376152183532,288230376151944176,288230376153832196,288230376153824824,1147,2026-05-22T15:00:34.000Z,2026-05-22T15:19:41.000Z,154.2,-154.89999999999998,150.7,-3.5,0,0.1,4501.13,4516.33,,,BUY,USD,1,1,1583663
D#1702714,XAUUSD,100,288230376152183752,288230376151944949,288230376153833184,288230376153831510,292,2026-05-22T15:17:34.000Z,2026-05-22T15:22:26.000Z,12,-12.7,8.5,-3.5,0,0.1,4512.77,4513.75,,,BUY,USD,1,1,1583663
D#1589419,XAUUSD,100,288230376152184036,288230376151944688,288230376153829271,288230376153829129,905,2026-05-22T15:10:57.000Z,2026-05-22T15:26:02.000Z,-184.8,182.70000000000002,-195.3,-10.5,0,0.3,4511.11,4517.49,4517.13,4508.24,SELL,USD,1,1,1583663
D#1702533,XAUUSD,100,288230376152184047,288230376151944664,288230376153829362,288230376153828793,946,2026-05-22T15:10:17.000Z,2026-05-22T15:26:03.000Z,-49.21,48.72,-51.67,-2.46,0,0.07,4510.27,4517.52,4517.4,4493.39,SELL,USD,1,1,1583663
D#1670970,XAUUSD,100,288230376152184108,288230376151944962,288230376153831679,288230376153831319,478,2026-05-22T15:18:09.000Z,2026-05-22T15:26:07.000Z,-26.15,25.799999999999997,-27.91,-1.76,0,0.05,4513,4518.45,4518.31,4503.07,SELL,USD,1,1,1583663
D#1671092,XAUUSD,100,288230376152184309,288230376151945328,288230376153835141,288230376153834686,66,2026-05-22T15:26:43.000Z,2026-05-22T15:27:49.000Z,-54.8,53.4,-61.8,-7,0,0.2,4517.59,4514.63,,,BUY,USD,1,1,1583663
D#1702498,XAUUSD,100,288230376152184444,288230376151943033,288230376153835710,288230376153812844,3059,2026-05-22T14:38:27.000Z,2026-05-22T15:29:26.000Z,316.2,-317.39,310.24,-5.96,0,0.17,4500.09,4518.47,4488.13,4524.22,BUY,USD,1,1,1583663
D#1702550,XAUUSD,100,288230376152184474,288230376151944503,288230376153827500,288230376153827496,1356,2026-05-22T15:07:05.000Z,2026-05-22T15:29:41.000Z,109.5,-110.2,106.0,-3.5,0,0.1,4508.34,4519.07,4497.51,4519.24,BUY,USD,1,1,1583663
D#1589419,XAUUSD,100,288230376152184566,288230376151945310,288230376153834663,288230376153834552,227,2026-05-22T15:26:24.000Z,2026-05-22T15:30:11.000Z,98.7,-100.8,88.2,-10.5,0,0.3,4517.8,4520.87,4512.57,4520.66,BUY,USD,1,1,1583663
D#1702504,XAUUSD,100,288230376152184885,288230376151944942,288230376153837145,288230376153831430,937,2026-05-22T15:17:22.000Z,2026-05-22T15:32:59.000Z,-161.2,159.79999999999998,-168.2,-7,0,0.2,4511.76,4520.04,,,SELL,USD,1,1,1583663
D#1670915,XAUUSD,100,288230376152184912,288230376151944386,288230376153837293,288230376153826581,1692,2026-05-22T15:05:10.000Z,2026-05-22T15:33:22.000Z,117.8,-118.5,114.3,-3.5,0,0.1,4508.55,4520.11,,,BUY,USD,1,1,1583663
D#1702740,XAUUSD,100,288230376152185103,288230376151935872,288230376153838204,288230376153768517,8265,2026-05-22T13:18:06.000Z,2026-05-22T15:35:51.000Z,-74.3,73.6,-77.8,-3.5,0,0.1,4527.83,4520.18,,,BUY,USD,1,1,1583663
D#1702365,XAUUSD,100,288230376152185388,288230376151944766,288230376153830018,288230376153829767,1717,2026-05-22T15:12:39.000Z,2026-05-22T15:41:16.000Z,51.42,-51.84,49.32,-2.1,0,0.06,4511.55,4519.9,4520.09,4523.96,BUY,USD,1,1,1583663
D#1670989,XAUUSD,100,288230376152185577,288230376151945979,288230376153840626,288230376153840327,56,2026-05-22T15:42:34.000Z,2026-05-22T15:43:30.000Z,26.18,-27.72,18.48,-7.7,0,0.22,4518.14,4519.11,4515.95,4530.45,BUY,USD,1,1,1583663
D#1670993,XAUUSD,100,288230376152185778,288230376151944452,288230376153841590,288230376153827036,2413,2026-05-22T15:06:05.000Z,2026-05-22T15:46:18.000Z,23.31,-23.52,22.25,-1.06,0,0.03,4510.39,4517.94,,,BUY,USD,1,1,1583663
D#1671092,XAUUSD,100,288230376152185792,288230376151946022,288230376153841064,288230376153840684,175,2026-05-22T15:43:38.000Z,2026-05-22T15:46:33.000Z,6,-9.5,-11.5,-17.5,0,0.5,4518.81,4518.91,4518.57,,SELL,USD,1,1,1583663
D#1702740,XAUUSD,100,288230376152185962,288230376151945818,288230376153842345,288230376153838706,678,2026-05-22T15:37:19.000Z,2026-05-22T15:48:37.000Z,-56.4,55.699999999999996,-59.9,-3.5,0,0.1,4521.62,4515.76,,,BUY,USD,1,1,1583663
D#1702714,XAUUSD,100,288230376152185993,288230376151945176,288230376153842473,288230376153833439,1547,2026-05-22T15:23:13.000Z,2026-05-22T15:49:00.000Z,-17,16.3,-20.5,-3.5,0,0.1,4514.2,4516.12,,,SELL,USD,1,1,1583663
D#1670915,XAUUSD,100,288230376152185994,288230376151945675,288230376153842483,288230376153837367,931,2026-05-22T15:33:31.000Z,2026-05-22T15:49:02.000Z,-35.1,34.4,-38.6,-3.5,0,0.1,4519.76,4516.03,,,BUY,USD,1,1,1583663
D#1589419,XAUUSD,100,288230376152186039,288230376151945644,288230376153837279,288230376153837120,1009,2026-05-22T15:32:56.000Z,2026-05-22T15:49:45.000Z,-154.5,152.4,-165.0,-10.5,0,0.3,4520.22,4514.85,4514.97,4523.35,BUY,USD,1,1,1583663
D#1671092,XAUUSD,100,288230376152186148,288230376151946203,288230376153842275,288230376153842154,182,2026-05-22T15:48:05.000Z,2026-05-22T15:51:07.000Z,42.1,-45.6,24.6,-17.5,0,0.5,4516.98,4516.86,4516.74,,SELL,USD,1,1,1583663
D#1670993,XAUUSD,100,288230376152186372,288230376151946168,288230376153844359,288230376153841893,478,2026-05-22T15:47:15.000Z,2026-05-22T15:55:13.000Z,0.27,-0.48,-0.79,-1.06,0,0.03,4518.46,4518.59,,,SELL,USD,1,1,1583663
D#1589419,XAUUSD,100,288230376152186382,288230376151946425,288230376153844396,288230376153844293,20,2026-05-22T15:55:00.000Z,2026-05-22T15:55:20.000Z,-47.7,45.6,-58.2,-10.5,0,0.3,4516.88,4518.69,4519.51,4514.39,SELL,USD,1,1,1583663
D#1702662,XAUUSD,100,288230376152186417,288230376151945257,288230376153844558,288230376153834225,1811,2026-05-22T15:25:43.000Z,2026-05-22T15:55:54.000Z,30.4,-31.099999999999998,26.9,-3.5,0,0.1,4515.67,4518.49,4504.51,4537.71,BUY,USD,1,1,1583663
D#1670915,XAUUSD,100,288230376152186636,288230376151946237,288230376153845684,288230376153842577,619,2026-05-22T15:49:16.000Z,2026-05-22T15:59:35.000Z,-51.2,50.5,-54.7,-3.5,0,0.1,4515.83,4521.17,,,SELL,USD,1,1,1583663
D#1671056,XAUUSD,100,288230376152186651,288230376151945368,288230376153845793,288230376153831787,1946,2026-05-22T15:27:34.000Z,2026-05-22T16:00:00.000Z,52.2,-53.040000000000006,48.0,-4.2,0,0.12,4516.06,4520.19,4506.5,4525.99,BUY,USD,1,1,1583663
D#1702742,XAUUSD,100,288230376152187058,288230376151946749,288230376153847896,288230376153847883,3,2026-05-22T16:07:00.000Z,2026-05-22T16:07:03.000Z,3.5,-7.0,-14.0,-17.5,0,0.5,4518.25,4518.4,,,SELL,USD,1,1,1583663
D#1702336,XAUUSD,100,288230376152187129,288230376151946751,288230376153848229,288230376153847894,72,2026-05-22T16:07:03.000Z,2026-05-22T16:08:15.000Z,-54.5,51.0,-72.0,-17.5,0,0.5,4518.26,4519.57,,,SELL,USD,1,1,1583663
D#1702742,XAUUSD,100,288230376152187167,288230376151946783,288230376153848522,288230376153848172,92,2026-05-22T16:08:00.000Z,2026-05-22T16:09:32.000Z,-105.5,102.0,-123.0,-17.5,0,0.5,4519.41,4517.08,,,BUY,USD,1,1,1583663
D#1702740,XAUUSD,100,288230376152187328,288230376151946341,288230376153849427,288230376153843512,1250,2026-05-22T15:52:08.000Z,2026-05-22T16:12:58.000Z,23.8,-24.5,20.3,-3.5,0,0.1,4516.94,4519.1,,,BUY,USD,1,1,1583663
D#1702336,XAUUSD,100,288230376152187344,288230376151946789,288230376153849524,288230376153848255,300,2026-05-22T16:08:21.000Z,2026-05-22T16:13:21.000Z,-9.5,6.0,-27.0,-17.5,0,0.5,4519.39,4519.8,,,SELL,USD,1,1,1583663
D#1702336,XAUUSD,100,288230376152187403,288230376151946900,288230376153849901,288230376153849601,68,2026-05-22T16:13:37.000Z,2026-05-22T16:14:45.000Z,-13,9.5,-30.5,-17.5,0,0.5,4519.17,4519.65,,,SELL,USD,1,1,1583663
D#1702470,XAUUSD,100,288230376152187407,288230376151945335,288230376153849926,288230376153834780,2873,2026-05-22T15:26:59.000Z,2026-05-22T16:14:52.000Z,28.8,-29.5,25.3,-3.5,0,0.1,4516.83,4519.49,4506.23,4522.45,BUY,USD,1,1,1583663
D#1702707,XAUUSD,100,288230376152187496,288230376151946891,288230376153849518,288230376153849516,152,2026-05-22T16:13:20.000Z,2026-05-22T16:15:52.000Z,-108,104.5,-125.5,-17.5,0,0.5,4519.8,4517.42,4517.52,4521.86,BUY,USD,1,1,1583663
D#1702392,XAUUSD,100,288230376152187508,288230376151946950,288230376153850199,288230376153850175,4,2026-05-22T16:15:50.000Z,2026-05-22T16:15:54.000Z,-15.2,14.5,-18.7,-3.5,0,0.1,4519.14,4517.4,,,BUY,USD,1,1,1583663
D#1702707,XAUUSD,100,288230376152187805,288230376151946965,288230376153851752,288230376153850310,315,2026-05-22T16:16:12.000Z,2026-05-22T16:21:27.000Z,83,-86.5,65.5,-17.5,0,0.5,4517.68,4519.12,4514.28,4520.08,BUY,USD,1,1,1583663
D#1670989,XAUUSD,100,288230376152187883,288230376151947103,288230376153852111,288230376153851781,60,2026-05-22T16:21:32.000Z,2026-05-22T16:22:32.000Z,15.4,-16.94,7.7,-7.7,0,0.22,4518.87,4518.39,4519.63,4513.97,SELL,USD,1,1,1583663
D#1670989,XAUUSD,100,288230376152187935,288230376151947172,288230376153852406,288230376153852403,3,2026-05-22T16:23:29.000Z,2026-05-22T16:23:32.000Z,-12.76,11.219999999999999,-20.46,-7.7,0,0.22,4518.62,4519.42,4519.01,4517.51,SELL,USD,1,1,1583663
D#1702740,XAUUSD,100,288230376152187949,288230376151947180,288230376153852492,288230376153852466,6,2026-05-22T16:23:41.000Z,2026-05-22T16:23:47.000Z,8.5,-12.0,-9.0,-17.5,0,0.5,4519.23,4519.18,,,BUY,USD,1,1,1583663
D#1671055,XAUUSD,100,288230376152187975,288230376151943205,288230376153849626,288230376153816305,6188,2026-05-22T14:41:05.000Z,2026-05-22T16:24:13.000Z,-76.65,76.30000000000001,-78.41,-1.76,0,0.05,4504.57,4520.12,4520.02,4489.47,SELL,USD,1,1,1583663
D#1702707,XAUUSD,100,288230376152188007,288230376151947199,288230376153852749,288230376153852624,19,2026-05-22T16:24:12.000Z,2026-05-22T16:24:31.000Z,21.5,-25.0,4.0,-17.5,0,0.5,4520.1,4520.31,4516.75,4521.84,BUY,USD,1,1,1583663
D#1645671,XAUUSD,100,288230376152188053,288230376151944100,288230376153852954,288230376153824396,5128,2026-05-22T14:59:44.000Z,2026-05-22T16:25:12.000Z,-103.1,102.75,-104.86,-1.76,0,0.05,4500.73,4521.57,,,SELL,USD,1,1,1583663
D#1702707,XAUUSD,100,288230376152188059,288230376151947216,288230376153852966,288230376153852778,36,2026-05-22T16:24:37.000Z,2026-05-22T16:25:13.000Z,52,-55.5,34.5,-17.5,0,0.5,4520.82,4521.64,,,BUY,USD,1,1,1583663
D#1702740,XAUUSD,100,288230376152188074,288230376151947212,288230376153852992,288230376153852747,45,2026-05-22T16:24:31.000Z,2026-05-22T16:25:16.000Z,66,-69.5,48.5,-17.5,0,0.5,4520.51,4521.61,,,BUY,USD,1,1,1583663
D#1702336,XAUUSD,100,288230376152188085,288230376151946925,288230376153853034,288230376153849935,626,2026-05-22T16:14:54.000Z,2026-05-22T16:25:20.000Z,-80.5,77.0,-98.0,-17.5,0,0.5,4519.96,4521.79,,,SELL,USD,1,1,1583663
D#1645671,XAUUSD,100,288230376152188087,288230376151947241,288230376153853041,288230376153852984,8,2026-05-22T16:25:14.000Z,2026-05-22T16:25:22.000Z,0.25,-0.6000000000000001,-1.51,-1.76,0,0.05,4521.7,4521.87,,,SELL,USD,1,1,1583663
D#1670957,XAUUSD,100,288230376152188145,288230376151945615,288230376153837210,288230376153836875,3201,2026-05-22T15:32:20.000Z,2026-05-22T16:25:41.000Z,-14.58,14.16,-16.68,-2.1,0,0.06,4520.35,4523,4522.87,4512.1,SELL,USD,1,1,1583663
D#1702740,XAUUSD,100,288230376152188167,288230376151947259,288230376153853179,288230376153853134,5,2026-05-22T16:25:37.000Z,2026-05-22T16:25:42.000Z,80.5,-84.0,63.0,-17.5,0,0.5,4521.82,4523.21,,,BUY,USD,1,1,1583663
D#1702504,XAUUSD,100,288230376152188206,288230376151945691,288230376153853246,288230376153837544,3106,2026-05-22T15:34:04.000Z,2026-05-22T16:25:50.000Z,-118.2,116.10000000000001,-128.7,-10.5,0,0.3,4519.58,4523.74,,,SELL,USD,1,1,1583663
D#1702450,XAUUSD,100,288230376152188227,288230376151943201,288230376153816275,288230376153816270,6301,2026-05-22T14:41:00.000Z,2026-05-22T16:26:01.000Z,114.3,-114.72,112.2,-2.1,0,0.06,4504.89,4523.72,4493.1,4523.84,BUY,USD,1,1,1583663
D#1702598,XAUUSD,100,288230376152188378,288230376151945211,288230376153854017,288230376153833809,3831,2026-05-22T15:24:26.000Z,2026-05-22T16:28:17.000Z,89.98,-90.75,86.12,-3.86,0,0.11,4515.28,4523.24,4510.5,4525.62,BUY,USD,1,1,1583663
D#1671056,XAUUSD,100,288230376152188391,288230376151946714,288230376153854048,288230376153847545,1358,2026-05-22T16:05:44.000Z,2026-05-22T16:28:22.000Z,60.72,-61.56,56.52,-4.2,0,0.12,4518.52,4523.36,4511.76,4528.08,BUY,USD,1,1,1583663
D#1702636,XAUUSD,100,288230376152188395,288230376151942099,288230376153854083,288230376153807911,7333,2026-05-22T14:26:14.000Z,2026-05-22T16:28:27.000Z,-27.47,27.4,-27.83,-0.36,0,0.01,4496.1,4523.79,,,SELL,USD,1,1,1583663
D#1671090,XAUUSD,100,288230376152188464,288230376151946282,288230376153854521,288230376153843030,2364,2026-05-22T15:50:43.000Z,2026-05-22T16:30:07.000Z,33.76,-34.04,32.36,-1.4,0,0.04,4515.5,4523.72,4498.52,4530.68,BUY,USD,1,1,1583663
D#1670968,XAUUSD,100,288230376152188519,288230376151944280,288230376153849322,288230376153825696,5263,2026-05-22T15:02:51.000Z,2026-05-22T16:30:34.000Z,-45.86,45.72,-46.56,-0.7,0,0.02,4502.34,4525.49,4524.25,,SELL,USD,1,1,1583663
D#1702533,XAUUSD,100,288230376152188516,288230376151945764,288230376153838227,288230376153838225,3280,2026-05-22T15:35:54.000Z,2026-05-22T16:30:34.000Z,-35.07,34.58,-37.53,-2.46,0,0.07,4520.17,4525.4,4525.22,4503.69,SELL,USD,1,1,1583663
D#1702470,XAUUSD,100,288230376152188512,288230376151947104,288230376153851895,288230376153851799,538,2026-05-22T16:21:36.000Z,2026-05-22T16:30:34.000Z,-62.5,61.8,-66.0,-3.5,0,0.1,4519.02,4525.49,4524.99,4507.23,SELL,USD,1,1,1583663
D#1702707,XAUUSD,100,288230376152188536,288230376151947328,288230376153854740,288230376153853604,217,2026-05-22T16:26:59.000Z,2026-05-22T16:30:36.000Z,123,-126.5,105.5,-17.5,0,0.5,4523.6,4525.84,4522.56,4527.01,BUY,USD,1,1,1583663
D#1702355,XAUUSD,100,288230376152188544,288230376151946409,288230376153844233,288230376153844229,2149,2026-05-22T15:54:48.000Z,2026-05-22T16:30:37.000Z,51.12,-51.54,49.02,-2.1,0,0.06,4517.77,4526.07,4515.81,4526.01,BUY,USD,1,1,1583663
D#1671069,XAUUSD,100,288230376152188563,288230376151945958,288230376153840250,288230376153840108,2923,2026-05-22T15:41:58.000Z,2026-05-22T16:30:41.000Z,-45.78,45.36,-47.88,-2.1,0,0.06,4518.72,4526.57,4526.33,4499.66,SELL,USD,1,1,1583663
D#1589407,XAUUSD,100,288230376152188582,288230376151936044,288230376153854825,288230376153770406,11272,2026-05-22T13:22:53.000Z,2026-05-22T16:30:45.000Z,2.8,-3.5,-0.7,-3.5,0,0.1,4525.79,4525.85,,4536.08,BUY,USD,1,1,1583663
D#1702740,XAUUSD,100,288230376152188592,288230376151947283,288230376153854868,288230376153853287,293,2026-05-22T16:25:58.000Z,2026-05-22T16:30:51.000Z,127.5,-131.0,110.0,-17.5,0,0.5,4523.8,4526.13,,,BUY,USD,1,1,1583663
D#1702707,XAUUSD,100,288230376152188636,288230376151947465,288230376153854969,288230376153854839,20,2026-05-22T16:30:47.000Z,2026-05-22T16:31:07.000Z,31.5,-35.0,14.0,-17.5,0,0.5,4526.21,4526.62,4526.73,4532.29,BUY,USD,1,1,1583663
D#1702707,XAUUSD,100,288230376152188832,288230376151947541,288230376153855851,288230376153855643,42,2026-05-22T16:33:03.000Z,2026-05-22T16:33:45.000Z,74,-77.5,56.5,-17.5,0,0.5,4524.81,4523.55,4527.65,4522.68,SELL,USD,1,1,1583663
D#1702598,XAUUSD,100,288230376152188913,288230376151947476,288230376153854937,288230376153854936,210,2026-05-22T16:31:01.000Z,2026-05-22T16:34:31.000Z,-53.46,52.69,-57.32,-3.86,0,0.11,4526.83,4521.75,4521.97,4535.81,BUY,USD,1,1,1583663
D#1702707,XAUUSD,100,288230376152189022,288230376151947600,288230376153856732,288230376153856273,83,2026-05-22T16:35:06.000Z,2026-05-22T16:36:29.000Z,5.8,-7.2,-1.2,-7,0,0.2,4522.47,4522.4,4525.06,4518.28,SELL,USD,1,1,1583663
D#1702470,XAUUSD,100,288230376152189024,288230376151947617,288230376153856766,288230376153856394,71,2026-05-22T16:35:26.000Z,2026-05-22T16:36:37.000Z,-0.6,-0.10000000000000009,-4.1,-3.5,0,0.1,4522.1,4522.38,4527.26,4510.48,SELL,USD,1,1,1583663
D#1702714,XAUUSD,100,288230376152189073,288230376151946243,288230376153857097,288230376153842661,2898,2026-05-22T15:49:33.000Z,2026-05-22T16:37:51.000Z,57.8,-58.5,54.3,-3.5,0,0.1,4516.16,4521.72,,,BUY,USD,1,1,1583663
D#1702470,XAUUSD,100,288230376152189082,288230376151947660,288230376153857160,288230376153856840,72,2026-05-22T16:36:53.000Z,2026-05-22T16:38:05.000Z,-12,11.3,-15.5,-3.5,0,0.1,4522.55,4521.13,4517.41,4527.7,BUY,USD,1,1,1583663
D#1702636,XAUUSD,100,288230376152189094,288230376151947392,288230376153857207,288230376153854113,584,2026-05-22T16:28:33.000Z,2026-05-22T16:38:17.000Z,-17.4,16.979999999999997,-19.5,-2.1,0,0.06,4523.85,4520.73,,,BUY,USD,1,1,1583663
D#1645671,XAUUSD,100,288230376152189109,288230376151947253,288230376153857282,288230376153853055,787,2026-05-22T16:25:23.000Z,2026-05-22T16:38:30.000Z,-7.1,6.75,-8.86,-1.76,0,0.05,4521.9,4520.26,,,BUY,USD,1,1,1583663
D#1670968,XAUUSD,100,288230376152189119,288230376151947463,288230376153856004,288230376153854829,468,2026-05-22T16:30:46.000Z,2026-05-22T16:38:34.000Z,-23.84,23.56,-25.24,-1.4,0,0.04,4525.95,4519.77,4520.06,,BUY,USD,1,1,1583663
D#1702707,XAUUSD,100,288230376152189166,288230376151947669,288230376153857367,288230376153856937,91,2026-05-22T16:37:12.000Z,2026-05-22T16:38:43.000Z,51.2,-52.6,44.2,-7,0,0.2,4521.56,4519.22,4522.31,4518.22,SELL,USD,1,1,1583663
D#1702707,XAUUSD,100,288230376152189186,288230376151947718,288230376153857462,288230376153857418,9,2026-05-22T16:38:53.000Z,2026-05-22T16:39:02.000Z,15.2,-16.599999999999998,8.2,-7,0,0.2,4519.64,4520.18,,,BUY,USD,1,1,1583663
D#1702618,XAUUSD,100,288230376152189334,288230376151944366,288230376153826738,288230376153826447,5807,2026-05-22T15:04:57.000Z,2026-05-22T16:41:44.000Z,62.35,-62.7,60.59,-1.76,0,0.05,4505.6,4517.85,4518.25,4535.51,BUY,USD,1,1,1583663
D#1702707,XAUUSD,100,288230376152189404,288230376151947795,288230376153858518,288230376153858196,66,2026-05-22T16:41:34.000Z,2026-05-22T16:42:40.000Z,-53.2,51.800000000000004,-60.2,-7,0,0.2,4518.68,4515.8,,,BUY,USD,1,1,1583663
D#1702455,XAUUSD,100,288230376152189458,288230376151937778,288230376153845049,288230376153779367,10872,2026-05-22T13:42:14.000Z,2026-05-22T16:43:26.000Z,-5.5,4.8,-9.0,-3.5,0,0.1,4515.14,4514.37,4515.03,4533.73,BUY,USD,1,1,1583663
D#1702446,XAUUSD,100,288230376152189466,288230376151946561,288230376153847243,288230376153845856,2600,2026-05-22T16:00:07.000Z,2026-05-22T16:43:27.000Z,-23.15,22.799999999999997,-24.91,-1.76,0,0.05,4519.2,4514.35,4514.51,4536.35,BUY,USD,1,1,1583663
D#1589407,XAUUSD,100,288230376152189484,288230376151947467,288230376153858864,288230376153854855,772,2026-05-22T16:30:49.000Z,2026-05-22T16:43:41.000Z,106.3,-107.0,102.8,-3.5,0,0.1,4525.67,4515.26,,4512.84,SELL,USD,1,1,1583663
D#1702392,XAUUSD,100,288230376152189602,288230376151947568,288230376153859339,288230376153855917,670,2026-05-22T16:34:00.000Z,2026-05-22T16:45:10.000Z,71.1,-71.8,67.6,-3.5,0,0.1,4522.65,4515.76,4523.03,4510.72,SELL,USD,1,1,1583663
D#1702392,XAUUSD,100,288230376152189650,288230376151947962,288230376153859602,288230376153859544,14,2026-05-22T16:45:50.000Z,2026-05-22T16:46:04.000Z,-4,3.3,-7.5,-3.5,0,0.1,4515.22,4515.84,,,SELL,USD,1,1,1583663
D#1702707,XAUUSD,100,288230376152189682,288230376151947866,288230376153859684,288230376153858838,162,2026-05-22T16:43:36.000Z,2026-05-22T16:46:18.000Z,100,-103.5,82.5,-17.5,0,0.5,4515.26,4517.04,4512.98,4522.89,BUY,USD,1,1,1583663
D#1671055,XAUUSD,100,288230376152189768,288230376151947377,288230376153859955,288230376153854011,1141,2026-05-22T16:28:16.000Z,2026-05-22T16:47:17.000Z,27.2,-27.55,25.44,-1.76,0,0.05,4523.36,4518.14,4518.02,4505.13,SELL,USD,1,1,1583663
D#1702392,XAUUSD,100,288230376152189773,288230376151947995,288230376153860068,288230376153859900,31,2026-05-22T16:46:50.000Z,2026-05-22T16:47:21.000Z,6,-6.7,2.5,-3.5,0,0.1,4517.52,4517.9,4515.72,4523.1,BUY,USD,1,1,1583663
D#1702400,XAUUSD,100,288230376152189836,288230376151947446,288230376153860483,288230376153834770,1094,2026-05-22T16:30:34.000Z,2026-05-22T16:48:48.000Z,57.47,-57.96,55.01,-2.46,0,0.07,4525.3,4517.31,4540.72,4510.16,SELL,USD,1,1,1583663
D#1702707,XAUUSD,100,288230376152189887,288230376151947977,288230376153860743,288230376153859768,193,2026-05-22T16:46:29.000Z,2026-05-22T16:49:42.000Z,-88,86.25,-96.76,-8.76,0,0.25,4517.45,4513.71,4513.59,4526.99,BUY,USD,1,1,1583663
D#1702619,XAUUSD,100,288230376152189962,288230376151946668,288230376153861142,288230376153846802,2890,2026-05-22T16:02:55.000Z,2026-05-22T16:51:05.000Z,-56.96,56.4,-59.76,-2.8,0,0.08,4520.42,4513.08,4508.74,4528.01,BUY,USD,1,1,1583663
D#1702619,XAUUSD,100,288230376152190161,288230376151948149,288230376153862078,288230376153861352,154,2026-05-22T16:51:47.000Z,2026-05-22T16:54:21.000Z,-13.6,13.04,-16.4,-2.8,0,0.08,4512.54,4514.46,4518.11,4504.84,SELL,USD,1,1,1583663
D#1702439,XAUUSD,100,288230376152190601,288230376151948251,288230376153862485,288230376153862299,330,2026-05-22T16:55:06.000Z,2026-05-22T17:00:36.000Z,82.8,-84.89999999999999,72.3,-10.5,0,0.3,4513.92,4516.46,,4516.58,BUY,USD,1,1,1583663
D#1702470,XAUUSD,100,288230376152190654,288230376151947689,288230376153857267,288230376153857195,1358,2026-05-22T16:38:14.000Z,2026-05-22T17:00:52.000Z,28.2,-28.9,24.7,-3.5,0,0.1,4520.77,4518.17,4518.09,4509.01,SELL,USD,1,1,1583663
D#1670968,XAUUSD,100,288230376152190861,288230376151947709,288230376153858913,288230376153857366,1518,2026-05-22T16:38:43.000Z,2026-05-22T17:04:01.000Z,0.64,-0.92,-0.76,-1.4,0,0.04,4519.04,4519.1,4518.73,4501.88,SELL,USD,1,1,1583663
D#1702470,XAUUSD,100,288230376152191115,288230376151948559,288230376153866413,288230376153865302,249,2026-05-22T17:04:50.000Z,2026-05-22T17:08:59.000Z,13.5,-14.2,10.0,-3.5,0,0.1,4518.51,4519.64,4514.08,4528.92,BUY,USD,1,1,1583663
D#1671055,XAUUSD,100,288230376152191266,288230376151948131,288230376153866897,288230376153861174,1255,2026-05-22T16:51:09.000Z,2026-05-22T17:12:04.000Z,29.75,-30.1,27.99,-1.76,0,0.05,4513.42,4519.15,4519.99,4531.71,BUY,USD,1,1,1583663
D#1702707,XAUUSD,100,288230376152191274,288230376151948105,288230376153867217,288230376153860957,1303,2026-05-22T16:50:22.000Z,2026-05-22T17:12:05.000Z,202.5,-206.0,184.99,-17.51,0,0.5,4514.86,4519.44,4517.1,4522.73,BUY,USD,1,1,1583663
D#1670989,XAUUSD,100,288230376152191478,288230376151948842,288230376153868434,288230376153868309,30,2026-05-22T17:16:17.000Z,2026-05-22T17:16:47.000Z,11,-12.54,3.3,-7.7,0,0.22,4519.53,4519.25,4520.44,4509.1,SELL,USD,1,1,1583663
D#1702707,XAUUSD,100,288230376152191485,288230376151948755,288230376153867337,288230376153867336,261,2026-05-22T17:12:33.000Z,2026-05-22T17:16:54.000Z,-32.5,29.0,-50.0,-17.5,0,0.5,4519.8,4518.93,4519.03,4521.76,BUY,USD,1,1,1583663
D#1702707,XAUUSD,100,288230376152191512,288230376151948866,288230376153868544,288230376153868542,19,2026-05-22T17:17:11.000Z,2026-05-22T17:17:30.000Z,-31.5,28.0,-49.0,-17.5,0,0.5,4519.16,4520.01,4519.88,4517.2,SELL,USD,1,1,1583663
D#1670989,XAUUSD,100,288230376152191513,288230376151948871,288230376153868595,288230376153868594,11,2026-05-22T17:17:20.000Z,2026-05-22T17:17:31.000Z,-9.46,7.920000000000001,-17.16,-7.7,0,0.22,4519.39,4520.04,4519.92,4512.76,SELL,USD,1,1,1583663
D#1670968,XAUUSD,100,288230376152191550,288230376151948554,288230376153866546,288230376153865244,856,2026-05-22T17:04:34.000Z,2026-05-22T17:18:50.000Z,-0.48,-0.08000000000000007,-3.28,-2.8,0,0.08,4518.94,4518.66,4518.94,4527.98,BUY,USD,1,1,1583663
D#1702707,XAUUSD,100,288230376152191552,288230376151948875,288230376153868694,288230376153868658,76,2026-05-22T17:17:34.000Z,2026-05-22T17:18:50.000Z,-50.5,47.0,-68.0,-17.5,0,0.5,4519.86,4518.63,4518.82,4522.96,BUY,USD,1,1,1583663
D#1670873,XAUUSD,100,288230376152191639,288230376151948876,288230376153868885,288230376153868678,135,2026-05-22T17:17:42.000Z,2026-05-22T17:19:57.000Z,-9.65,9.3,-11.41,-1.76,0,0.05,4519.77,4517.62,4517.95,,BUY,USD,1,1,1583663
D#1702439,XAUUSD,100,288230376152191660,288230376151948564,288230376153865476,288230376153865325,903,2026-05-22T17:04:55.000Z,2026-05-22T17:19:58.000Z,75,-77.1,64.5,-10.5,0,0.3,4518.42,4516.14,,4515.86,SELL,USD,1,1,1583663
D#1702355,XAUUSD,100,288230376152191659,288230376151948642,288230376153866158,288230376153866157,717,2026-05-22T17:08:01.000Z,2026-05-22T17:19:58.000Z,-21.36,20.939999999999998,-23.46,-2.1,0,0.06,4519.76,4515.98,4516.73,4529.04,BUY,USD,1,1,1583663
D#1702470,XAUUSD,100,288230376152191679,288230376151948735,288230376153867125,288230376153867124,496,2026-05-22T17:11:43.000Z,2026-05-22T17:19:59.000Z,-105.2,103.8,-112.2,-7,0,0.2,4520.39,4514.91,4515.19,4526.2,BUY,USD,1,1,1583663
D#1670989,XAUUSD,100,288230376152191729,288230376151948882,288230376153869261,288230376153868828,95,2026-05-22T17:18:28.000Z,2026-05-22T17:20:03.000Z,89.1,-90.64,81.4,-7.7,0,0.22,4519.57,4515.74,4522.01,4503.69,SELL,USD,1,1,1583663
D#1702707,XAUUSD,100,288230376152191727,288230376151948897,288230376153869260,288230376153869041,42,2026-05-22T17:19:21.000Z,2026-05-22T17:20:03.000Z,140.5,-144.0,123.0,-17.5,0,0.5,4518.36,4515.77,4520.28,4512.46,SELL,USD,1,1,1583663
D#1702707,XAUUSD,100,288230376152191913,288230376151948964,288230376153870195,288230376153869426,149,2026-05-22T17:20:27.000Z,2026-05-22T17:22:56.000Z,76,-79.5,58.5,-17.5,0,0.5,4516.25,4514.95,4517.26,4513.38,SELL,USD,1,1,1583663
D#1702707,XAUUSD,100,288230376152191962,288230376151949060,288230376153870391,288230376153870299,18,2026-05-22T17:23:12.000Z,2026-05-22T17:23:30.000Z,19,-22.5,1.5,-17.5,0,0.5,4514.61,4514.77,4514.08,4515.46,BUY,USD,1,1,1583663
D#1670989,XAUUSD,100,288230376152191975,288230376151949049,288230376153870455,288230376153870175,51,2026-05-22T17:22:52.000Z,2026-05-22T17:23:43.000Z,9.68,-11.219999999999999,1.98,-7.7,0,0.22,4514.58,4514.36,4515.95,4512.44,SELL,USD,1,1,1583663
D#1670968,XAUUSD,100,288230376152192031,288230376151948973,288230376153869699,288230376153869495,260,2026-05-22T17:20:40.000Z,2026-05-22T17:25:00.000Z,0.48,-1.04,-2.32,-2.8,0,0.08,4516.05,4516.21,4515.99,4508.47,SELL,USD,1,1,1583663
D#1702707,XAUUSD,100,288230376152192035,288230376151949101,288230376153870831,288230376153870776,13,2026-05-22T17:24:49.000Z,2026-05-22T17:25:02.000Z,72,-75.5,54.5,-17.5,0,0.5,4514.66,4515.88,4513.96,,BUY,USD,1,1,1583663
D#1702707,XAUUSD,100,288230376152192047,288230376151949106,288230376153870876,288230376153870863,2,2026-05-22T17:25:08.000Z,2026-05-22T17:25:10.000Z,15.5,-19.0,-2.0,-17.5,0,0.5,4516.41,4516.5,,,BUY,USD,1,1,1583663
D#1702533,XAUUSD,100,288230376152192085,288230376151947544,288230376153855703,288230376153855701,3155,2026-05-22T16:33:17.000Z,2026-05-22T17:25:52.000Z,46.48,-46.97,44.02,-2.46,0,0.07,4524.36,4517.94,4517.76,4508.23,SELL,USD,1,1,1583663
D#1670873,XAUUSD,100,288230376152192104,288230376151949050,288230376153871148,288230376153870240,182,2026-05-22T17:23:03.000Z,2026-05-22T17:26:05.000Z,-16.8,16.45,-18.56,-1.76,0,0.05,4514.7,4518.28,,,SELL,USD,1,1,1583663
D#1702439,XAUUSD,100,288230376152192152,288230376151949112,288230376153871087,288230376153870926,98,2026-05-22T17:25:22.000Z,2026-05-22T17:27:00.000Z,86.7,-88.8,76.2,-10.5,0,0.3,4516.47,4519.14,,4519.15,BUY,USD,1,1,1583663
D#1702470,XAUUSD,100,288230376152192357,288230376151949168,288230376153871559,288230376153871534,47,2026-05-22T17:27:29.000Z,2026-05-22T17:28:16.000Z,112.2,-113.60000000000001,105.2,-7,0,0.2,4518.5,4523.89,,4523.78,BUY,USD,1,1,1583663
D#1702446,XAUUSD,100,288230376152192373,288230376151947960,288230376153860355,288230376153859536,2550,2026-05-22T16:45:47.000Z,2026-05-22T17:28:17.000Z,-39.95,39.6,-41.71,-1.76,0,0.05,4515.41,4523.62,4524.11,4493.74,SELL,USD,1,1,1583663
D#1670968,XAUUSD,100,288230376152192436,288230376151949126,288230376153871236,288230376153871089,160,2026-05-22T17:25:53.000Z,2026-05-22T17:28:33.000Z,-1.6,1.04,-4.4,-2.8,0,0.08,4517.79,4517.37,4517.78,4527.56,BUY,USD,1,1,1583663
D#1702420,XAUUSD,100,288230376152192464,288230376151920702,288230376153872014,288230376153626877,43973,2026-05-22T05:15:58.000Z,2026-05-22T17:28:51.000Z,40.92,-41.690000000000005,37.06,-3.86,0,0.11,4524.6,4521.1,,4488.03,SELL,USD,1,1,1583663
D#1670989,XAUUSD,100,288230376152192478,288230376151949237,288230376153872062,288230376153872060,3,2026-05-22T17:28:58.000Z,2026-05-22T17:29:01.000Z,-21.12,19.580000000000002,-28.82,-7.7,0,0.22,4519.95,4518.77,4519.32,4523.34,BUY,USD,1,1,1583663
D#1702498,XAUUSD,100,288230376152192589,288230376151949239,288230376153872127,288230376153872071,44,2026-05-22T17:28:59.000Z,2026-05-22T17:29:43.000Z,-55.59,54.400000000000006,-61.55,-5.96,0,0.17,4519.75,4523.24,4523.44,,SELL,USD,1,1,1583663
D#1702598,XAUUSD,100,288230376152192622,288230376151947736,288230376153857581,288230376153857576,3026,2026-05-22T16:39:24.000Z,2026-05-22T17:29:50.000Z,-54.89,54.12,-58.75,-3.86,0,0.11,4519.59,4524.8,4524.39,4509.24,SELL,USD,1,1,1583663
D#1702420,XAUUSD,100,288230376152192623,288230376151949245,288230376153872456,288230376153872124,42,2026-05-22T17:29:08.000Z,2026-05-22T17:29:50.000Z,65.78,-66.55,61.92,-3.86,0,0.11,4518.75,4524.51,,,BUY,USD,1,1,1583663
D#1671056,XAUUSD,100,288230376152192640,288230376151947695,288230376153864346,288230376153854374,3087,2026-05-22T16:38:25.000Z,2026-05-22T17:29:52.000Z,61.08,-61.92,56.88,-4.2,0,0.12,4520.45,4525.32,4511.7,4525.34,BUY,USD,1,1,1583663
D#1670936,XAUUSD,100,288230376152192646,288230376151947941,288230376153859522,288230376153859360,2677,2026-05-22T16:45:16.000Z,2026-05-22T17:29:53.000Z,99.3,-100.0,95.8,-3.5,0,0.1,4515.75,4525.46,4511.84,4525.64,BUY,USD,1,1,1583663
D#1702468,XAUUSD,100,288230376152192736,288230376151947574,288230376153856150,288230376153855965,3354,2026-05-22T16:34:07.000Z,2026-05-22T17:30:01.000Z,-35.76,35.199999999999996,-38.56,-2.8,0,0.08,4522.41,4527.1,4526.91,4509.64,SELL,USD,1,1,1583663
D#1670981,XAUUSD,100,288230376152192722,288230376151948632,288230376153866162,288230376153866086,1336,2026-05-22T17:07:45.000Z,2026-05-22T17:30:01.000Z,72,-72.7,68.5,-3.5,0,0.1,4520.09,4527.07,,4526.4,BUY,USD,1,1,1583663
D#1702400,XAUUSD,100,288230376152192832,288230376151948064,288230376153860605,288230376153860528,2481,2026-05-22T16:48:58.000Z,2026-05-22T17:30:19.000Z,-33.48,33.269999999999996,-34.54,-1.06,0,0.03,4516.41,4527.79,4527.53,4489.84,SELL,USD,1,1,1583663
D#1702420,XAUUSD,100,288230376152192849,288230376151949309,288230376153872770,288230376153872590,21,2026-05-22T17:30:03.000Z,2026-05-22T17:30:24.000Z,7.65,-8.700000000000001,2.39,-5.26,0,0.15,4526.2,4526.49,,,BUY,USD,1,1,1583663
D#1670993,XAUUSD,100,288230376152192854,288230376151946539,288230376153872792,288230376153845669,5455,2026-05-22T15:59:32.000Z,2026-05-22T17:30:27.000Z,4.33,-4.4,3.97,-0.36,0,0.01,4521.1,4525.21,,,BUY,USD,1,1,1583663
D#1702470,XAUUSD,100,288230376152192865,288230376151949277,288230376153872837,288230376153872409,49,2026-05-22T17:29:44.000Z,2026-05-22T17:30:33.000Z,30.4,-31.799999999999997,23.4,-7,0,0.2,4523.98,4525.28,,4529.79,BUY,USD,1,1,1583663
D#1670989,XAUUSD,100,288230376152192905,288230376151949365,288230376153873046,288230376153873044,3,2026-05-22T17:31:08.000Z,2026-05-22T17:31:11.000Z,-23.32,21.78,-31.02,-7.7,0,0.22,4525.68,4524.4,4524.67,4527.66,BUY,USD,1,1,1583663
D#1670989,XAUUSD,100,288230376152192956,288230376151949378,288230376153873201,288230376153873199,17,2026-05-22T17:31:30.000Z,2026-05-22T17:31:47.000Z,-49.72,48.18,-57.42,-7.7,0,0.22,4526.6,4524.12,4524.25,4527.96,BUY,USD,1,1,1583663
D#1702439,XAUUSD,100,288230376152192977,288230376151949320,288230376153873023,288230376153872628,109,2026-05-22T17:30:08.000Z,2026-05-22T17:31:57.000Z,65.4,-67.5,54.9,-10.5,0,0.3,4525.26,4523.3,,4523.49,SELL,USD,1,1,1583663
D#1670968,XAUUSD,100,288230376152193020,288230376151949282,288230376153872727,288230376153872446,164,2026-05-22T17:29:48.000Z,2026-05-22T17:32:32.000Z,0.72,-1.28,-2.08,-2.8,0,0.08,4522.92,4522.79,4522.98,4539.58,BUY,USD,1,1,1583663
D#1702691,XAUUSD,100,288230376152193115,288230376151942711,288230376153874115,288230376153811939,10840,2026-05-22T14:33:15.000Z,2026-05-22T17:33:55.000Z,204.7,-205.39999999999998,201.2,-3.5,0,0.1,4502.26,4522.51,,4542.87,BUY,USD,1,1,1583663
D#1702659,XAUUSD,100,288230376152193185,288230376151949356,288230376153873122,288230376153872934,247,2026-05-22T17:30:48.000Z,2026-05-22T17:34:55.000Z,87.8,-89.2,80.8,-7,0,0.2,4524.97,4520.8,,4520.75,SELL,USD,1,1,1583663
D#1702533,XAUUSD,100,288230376152193190,288230376151949305,288230376153874494,288230376153872573,299,2026-05-22T17:30:01.000Z,2026-05-22T17:35:00.000Z,-47.11,46.62,-49.57,-2.46,0,0.07,4527.1,4520.15,4515.75,4544.6,BUY,USD,1,1,1583663
D#1702470,XAUUSD,100,288230376152193195,288230376151949353,288230376153874508,288230376153872919,259,2026-05-22T17:30:45.000Z,2026-05-22T17:35:04.000Z,106.6,-108.0,99.6,-7,0,0.2,4525.43,4520.32,,4519.65,SELL,USD,1,1,1583663
D#1670989,XAUUSD,100,288230376152193253,288230376151949464,288230376153874811,288230376153873888,152,2026-05-22T17:33:17.000Z,2026-05-22T17:35:49.000Z,53.68,-55.22,45.98,-7.7,0,0.22,4523.11,4520.89,4524.88,4509.14,SELL,USD,1,1,1583663
D#1670968,XAUUSD,100,288230376152193405,288230376151949460,288230376153874680,288230376153873860,331,2026-05-22T17:33:12.000Z,2026-05-22T17:38:43.000Z,4.88,-5.4399999999999995,2.08,-2.8,0,0.08,4522.93,4522.54,4522.42,4512.46,SELL,USD,1,1,1583663
D#1702470,XAUUSD,100,288230376152193531,288230376151949560,288230376153876194,288230376153874716,296,2026-05-22T17:35:36.000Z,2026-05-22T17:40:32.000Z,43.6,-45.0,36.6,-7,0,0.2,4520.8,4522.76,4521.01,4525.95,BUY,USD,1,1,1583663
D#1670968,XAUUSD,100,288230376152193735,288230376151949683,288230376153877305,288230376153875928,358,2026-05-22T17:39:38.000Z,2026-05-22T17:45:36.000Z,-26.07,25.3,-29.93,-3.86,0,0.11,4524.1,4521.51,4521.64,,BUY,USD,1,1,1583663
D#1702470,XAUUSD,100,288230376152193833,288230376151949747,288230376153878104,288230376153876648,334,2026-05-22T17:42:15.000Z,2026-05-22T17:47:49.000Z,22.6,-24.0,15.6,-7,0,0.2,4522.96,4522.05,4522.56,4519.56,SELL,USD,1,1,1583663
D#1670989,XAUUSD,100,288230376152193841,288230376151949845,288230376153877670,288230376153877666,126,2026-05-22T17:46:04.000Z,2026-05-22T17:48:10.000Z,-16.06,14.52,-23.76,-7.7,0,0.22,4521.71,4522.66,4522.55,4519.98,SELL,USD,1,1,1583663
D#1702350,XAUUSD,100,288230376152193870,288230376151949758,288230376153876858,288230376153876742,382,2026-05-22T17:42:39.000Z,2026-05-22T17:49:01.000Z,85.6,-88.39999999999999,71.6,-14,0,0.4,4522.94,4521.02,,4521,SELL,USD,1,1,1583663
D#1670989,XAUUSD,100,288230376152193878,288230376151949891,288230376153878419,288230376153878222,46,2026-05-22T17:48:19.000Z,2026-05-22T17:49:05.000Z,11.66,-13.2,3.96,-7.7,0,0.22,4521.53,4521.22,,,SELL,USD,1,1,1583663
D#1702470,XAUUSD,100,288230376152193900,288230376151949885,288230376153878534,288230376153878152,95,2026-05-22T17:48:01.000Z,2026-05-22T17:49:36.000Z,-10,8.6,-17.0,-7,0,0.2,4521.97,4521.25,4519.31,4527.71,BUY,USD,1,1,1583663
D#1670989,XAUUSD,100,288230376152193991,288230376151949918,288230376153878921,288230376153878555,90,2026-05-22T17:49:43.000Z,2026-05-22T17:51:13.000Z,2.64,-4.18,-5.06,-7.7,0,0.22,4521.03,4521.13,4522.65,4501.25,SELL,USD,1,1,1583663
D#1702533,XAUUSD,100,288230376152194015,288230376151949741,288230376153879036,288230376153876532,588,2026-05-22T17:41:50.000Z,2026-05-22T17:51:38.000Z,13.3,-13.790000000000001,10.84,-2.46,0,0.07,4523.51,4521.83,4530.4,4507.22,SELL,USD,1,1,1583663
D#1670873,XAUUSD,100,288230376152194070,288230376151949692,288230376153879478,288230376153876039,808,2026-05-22T17:40:01.000Z,2026-05-22T17:53:29.000Z,-28.3,27.6,-31.8,-3.5,0,0.1,4523.6,4520.55,4520.18,4534.45,BUY,USD,1,1,1583663
D#1702470,XAUUSD,100,288230376152194084,288230376151949920,288230376153879590,288230376153878575,255,2026-05-22T17:49:48.000Z,2026-05-22T17:54:03.000Z,6.4,-7.800000000000001,-0.6,-7,0,0.2,4521.06,4520.96,4520.98,4518.75,SELL,USD,1,1,1583663
D#1702714,XAUUSD,100,288230376152194233,288230376151948024,288230376153880407,288230376153860139,4185,2026-05-22T16:47:35.000Z,2026-05-22T17:57:20.000Z,24.9,-25.599999999999998,21.4,-3.5,0,0.1,4517.93,4520.2,,,BUY,USD,1,1,1583663
D#1702350,XAUUSD,100,288230376152194364,288230376151950093,288230376153880830,288230376153880605,155,2026-05-22T17:58:02.000Z,2026-05-22T18:00:37.000Z,84.8,-87.6,70.8,-14,0,0.4,4520.36,4518.46,,4518.36,SELL,USD,1,1,1583663
D#1702420,XAUUSD,100,288230376152194384,288230376151949359,288230376153881327,288230376153872992,1794,2026-05-22T17:30:59.000Z,2026-05-22T18:00:53.000Z,-105,103.95,-110.26,-5.26,0,0.15,4525.68,4518.46,,4552.54,BUY,USD,1,1,1583663
D#1702355,XAUUSD,100,288230376152194388,288230376151949312,288230376153872598,288230376153872596,1852,2026-05-22T17:30:04.000Z,2026-05-22T18:00:56.000Z,-54.95,54.46,-57.41,-2.46,0,0.07,4526.16,4518.09,4518.37,4533.52,BUY,USD,1,1,1583663
D#1702450,XAUUSD,100,288230376152194407,288230376151949007,288230376153869819,288230376153869817,2366,2026-05-22T17:21:48.000Z,2026-05-22T18:01:14.000Z,12,-12.42,9.9,-2.1,0,0.06,4516.12,4517.9,4518.07,4535.25,BUY,USD,1,1,1583663
D#1702470,XAUUSD,100,288230376152194424,288230376151950023,288230376153880215,288230376153879857,382,2026-05-22T17:55:02.000Z,2026-05-22T18:01:24.000Z,-55,53.6,-62.0,-7,0,0.2,4520.19,4517.22,4517.54,4525.83,BUY,USD,1,1,1583663
D#1702659,XAUUSD,100,288230376152194433,288230376151949828,288230376153877684,288230376153877519,952,2026-05-22T17:45:34.000Z,2026-05-22T18:01:26.000Z,100.4,-101.80000000000001,93.4,-7,0,0.2,4521.68,4516.88,,4516.86,SELL,USD,1,1,1583663
D#1702498,XAUUSD,100,288230376152194457,288230376151949325,288230376153881581,288230376153872604,1890,2026-05-22T17:30:11.000Z,2026-05-22T18:01:41.000Z,148.07,-149.26,142.11,-5.96,0,0.17,4526.04,4517.55,4532.83,4514.83,SELL,USD,1,1,1583663
D#1670989,XAUUSD,100,288230376152194495,288230376151949978,288230376153881721,288230376153879253,576,2026-05-22T17:52:33.000Z,2026-05-22T18:02:09.000Z,82.06,-83.60000000000001,74.36,-7.7,0,0.22,4520.47,4516.96,4521.72,4507.09,SELL,USD,1,1,1583663
D#1702455,XAUUSD,100,288230376152194678,288230376151947862,288230376153873160,288230376153858804,4848,2026-05-22T16:43:29.000Z,2026-05-22T18:04:17.000Z,-26.2,25.5,-29.7,-3.5,0,0.1,4514.94,4512.1,4514.83,4534.33,BUY,USD,1,1,1583663
D#1702420,XAUUSD,100,288230376152194748,288230376151950157,288230376153882458,288230376153881344,210,2026-05-22T18:00:56.000Z,2026-05-22T18:04:26.000Z,40.65,-41.699999999999996,35.39,-5.26,0,0.15,4518.08,4515.59,,,SELL,USD,1,1,1583663
D#1670989,XAUUSD,100,288230376152195048,288230376151950482,288230376153884005,288230376153883804,50,2026-05-22T18:08:51.000Z,2026-05-22T18:09:41.000Z,16.5,-18.04,8.8,-7.7,0,0.22,4515.78,4515.25,4517.2,4505.47,SELL,USD,1,1,1583663
D#1702350,XAUUSD,100,288230376152195199,288230376151950447,288230376153883631,288230376153883540,230,2026-05-22T18:07:54.000Z,2026-05-22T18:11:44.000Z,86.8,-89.6,72.8,-14,0,0.4,4516.09,4514.14,,4514.11,SELL,USD,1,1,1583663
D#1702470,XAUUSD,100,288230376152195419,288230376151950180,288230376153886137,288230376153881527,1009,2026-05-22T18:01:31.000Z,2026-05-22T18:18:20.000Z,33.4,-34.8,26.4,-7,0,0.2,4516.82,4515.37,,4511.13,SELL,USD,1,1,1583663
D#1670989,XAUUSD,100,288230376152195432,288230376151950694,288230376153886194,288230376153886139,13,2026-05-22T18:18:21.000Z,2026-05-22T18:18:34.000Z,12.1,-13.64,4.4,-7.7,0,0.22,4515.29,4515.62,4514.01,4524.09,BUY,USD,1,1,1583663
D#1702350,XAUUSD,100,288230376152195438,288230376151950618,288230376153885107,288230376153884986,325,2026-05-22T18:13:13.000Z,2026-05-22T18:18:38.000Z,90.4,-93.2,76.4,-14,0,0.4,4513.94,4515.98,,4516.04,BUY,USD,1,1,1583663
D#1671055,XAUUSD,100,288230376152195535,288230376151948846,288230376153886830,288230376153868339,3911,2026-05-22T17:16:23.000Z,2026-05-22T18:21:34.000Z,17.15,-17.5,15.39,-1.76,0,0.05,4519.29,4516.08,4515.94,4500.22,SELL,USD,1,1,1583663
D#1702550,XAUUSD,100,288230376152195580,288230376151945848,288230376153887203,288230376153838959,9907,2026-05-22T15:38:07.000Z,2026-05-22T18:23:14.000Z,36.8,-37.5,33.3,-3.5,0,0.1,4520.57,4517.11,4530.07,4510.09,SELL,USD,1,1,1583663
D#1670989,XAUUSD,100,288230376152195676,288230376151950807,288230376153887724,288230376153887722,90,2026-05-22T18:25:51.000Z,2026-05-22T18:27:21.000Z,-20.24,18.7,-27.94,-7.7,0,0.22,4516.33,4517.47,4517.29,4508.41,SELL,USD,1,1,1583663
D#1670989,XAUUSD,100,288230376152195782,288230376151950848,288230376153888819,288230376153888512,72,2026-05-22T18:29:38.000Z,2026-05-22T18:30:50.000Z,30.8,-32.34,23.1,-7.7,0,0.22,4515.65,4514.47,4516.76,4504.6,SELL,USD,1,1,1583663
D#1671065,XAUUSD,100,288230376152195862,288230376151946169,288230376153889507,288230376153841895,10005,2026-05-22T15:47:15.000Z,2026-05-22T18:34:00.000Z,30,-30.7,26.5,-3.5,0,0.1,4518.46,4515.68,,4508.49,SELL,USD,1,1,1583663
D#1702511,XAUUSD,100,288230376152196010,288230376151950854,288230376153890007,288230376153888657,357,2026-05-22T18:30:16.000Z,2026-05-22T18:36:13.000Z,8.8,-9.5,5.3,-3.5,0,0.1,4515.27,4515.93,4511.51,4528.01,BUY,USD,1,1,1583663
D#1645671,XAUUSD,100,288230376152196029,288230376151947699,288230376153890120,288230376153857304,7090,2026-05-22T16:38:34.000Z,2026-05-22T18:36:44.000Z,18.6,-18.950000000000003,16.84,-1.76,0,0.05,4519.91,4516.41,4537.45,4475,SELL,USD,1,1,1583663
D#1670989,XAUUSD,100,288230376152196102,288230376151951014,288230376153890445,288230376153890343,25,2026-05-22T18:37:45.000Z,2026-05-22T18:38:10.000Z,23.98,-25.52,16.28,-7.7,0,0.22,4515.97,4515.1,4516.99,4507.74,SELL,USD,1,1,1583663
D#1702566,XAUUSD,100,288230376152196107,288230376151948381,288230376153890222,288230376153863691,5909,2026-05-22T16:59:51.000Z,2026-05-22T18:38:20.000Z,5.4,-6.800000000000001,-1.6,-7,0,0.2,4514.9,4514.95,4515.04,,BUY,USD,1,1,1583663
D#1702350,XAUUSD,100,288230376152196146,288230376151950913,288230376153889540,288230376153889465,338,2026-05-22T18:33:48.000Z,2026-05-22T18:39:26.000Z,170,-172.8,156.0,-14,0,0.4,4515.63,4519.66,,4517.58,BUY,USD,1,1,1583663
D#1702468,XAUUSD,100,288230376152196163,288230376151951033,288230376153890609,288230376153890607,30,2026-05-22T18:38:56.000Z,2026-05-22T18:39:26.000Z,-44.8,44.099999999999994,-48.3,-3.5,0,0.1,4515.34,4520.04,4518.4,4502.48,SELL,USD,1,1,1583663
D#1702566,XAUUSD,100,288230376152196200,288230376151951044,288230376153890809,288230376153890730,15,2026-05-22T18:39:27.000Z,2026-05-22T18:39:42.000Z,124.8,-127.53,111.14,-13.66,0,0.39,4520.2,4517.22,,,SELL,USD,1,1,1583663
D#1702566,XAUUSD,100,288230376152196272,288230376151951075,288230376153891063,288230376153891009,7,2026-05-22T18:40:20.000Z,2026-05-22T18:40:27.000Z,18.72,-21.45,5.06,-13.66,0,0.39,4518.53,4518.27,,,SELL,USD,1,1,1583663
D#1702659,XAUUSD,100,288230376152196381,288230376151950783,288230376153891506,288230376153887325,1096,2026-05-22T18:23:50.000Z,2026-05-22T18:42:06.000Z,-22.6,21.200000000000003,-29.6,-7,0,0.2,4517.08,4515.73,,4521.41,BUY,USD,1,1,1583663
D#1670989,XAUUSD,100,288230376152196480,288230376151951164,288230376153892136,288230376153891988,39,2026-05-22T18:44:09.000Z,2026-05-22T18:44:48.000Z,13.64,-15.18,5.94,-7.7,0,0.22,4515.51,4515.11,4517.01,4509.36,SELL,USD,1,1,1583663
D#1645671,XAUUSD,100,288230376152196511,288230376151950997,288230376153892266,288230376153890153,506,2026-05-22T18:36:53.000Z,2026-05-22T18:45:19.000Z,3.18,-3.6,1.08,-2.1,0,0.06,4516.12,4515.81,,,SELL,USD,1,1,1583663
D#1702636,XAUUSD,100,288230376152196592,288230376151947691,288230376153892491,288230376153857213,7665,2026-05-22T16:38:18.000Z,2026-05-22T18:46:03.000Z,35.34,-35.760000000000005,33.24,-2.1,0,0.06,4520.76,4515.09,4537.8,4480,SELL,USD,1,1,1583663
D#1645671,XAUUSD,100,288230376152196607,288230376151951184,288230376153892600,288230376153892285,69,2026-05-22T18:45:24.000Z,2026-05-22T18:46:33.000Z,7.8,-8.5,4.3,-3.5,0,0.1,4515.2,4514.64,,,SELL,USD,1,1,1583663
D#1702636,XAUUSD,100,288230376152196613,288230376151951214,288230376153892666,288230376153892513,39,2026-05-22T18:46:10.000Z,2026-05-22T18:46:49.000Z,6.6,-7.4399999999999995,2.4,-4.2,0,0.12,4514.82,4514.49,,,SELL,USD,1,1,1583663
D#1670989,XAUUSD,100,288230376152196655,288230376151951237,288230376153892911,288230376153892819,22,2026-05-22T18:47:36.000Z,2026-05-22T18:47:58.000Z,17.82,-19.36,10.12,-7.7,0,0.22,4513.88,4513.29,4514.94,4511.16,SELL,USD,1,1,1583663
D#1645671,XAUUSD,100,288230376152196667,288230376151951224,288230376153892979,288230376153892614,94,2026-05-22T18:46:36.000Z,2026-05-22T18:48:10.000Z,16.8,-17.85,11.54,-5.26,0,0.15,4514.65,4513.75,,,SELL,USD,1,1,1583663
D#1671062,XAUUSD,100,288230376152196726,288230376151943984,288230376153893507,288230376153823326,14028,2026-05-22T14:56:48.000Z,2026-05-22T18:50:36.000Z,-44.6,44.32,-46.0,-1.4,0,0.04,4502.2,4513.57,,,SELL,USD,1,1,1583663
D#1702598,XAUUSD,100,288230376152196728,288230376151949499,288230376153893521,288230376153874162,4597,2026-05-22T17:34:03.000Z,2026-05-22T18:50:40.000Z,87.8,-88.5,84.3,-3.5,0,0.1,4522.21,4513.65,4527.42,4510.82,SELL,USD,1,1,1583663
D#1670915,XAUUSD,100,288230376152196829,288230376151946542,288230376153894183,288230376153845696,10453,2026-05-22T15:59:37.000Z,2026-05-22T18:53:50.000Z,-66.7,66.0,-70.2,-3.5,0,0.1,4520.78,4513.89,,,BUY,USD,1,1,1583663
D#1702481,XAUUSD,100,288230376152196933,288230376151939962,288230376153894524,288230376153795124,17395,2026-05-22T14:05:04.000Z,2026-05-22T18:54:59.000Z,80,-80.7,76.5,-3.5,0,0.1,4507.66,4515.44,,4550.29,BUY,USD,1,1,1583663
D#1671050,XAUUSD,100,288230376152196988,288230376151944572,288230376153894794,288230376153828050,13647,2026-05-22T15:08:33.000Z,2026-05-22T18:56:00.000Z,-16.65,16.439999999999998,-17.71,-1.06,0,0.03,4509.17,4514.94,,,SELL,USD,1,1,1583663
D#1670989,XAUUSD,100,288230376152197115,288230376151951463,288230376153895336,288230376153895334,108,2026-05-22T18:58:04.000Z,2026-05-22T18:59:52.000Z,-18.04,16.5,-25.74,-7.7,0,0.22,4514.2,4515.24,4515.12,4508.01,SELL,USD,1,1,1583663
D#1702711,XAUUSD,100,288230376152197246,288230376151944839,288230376153896382,288230376153830594,13654,2026-05-22T15:15:03.000Z,2026-05-22T19:02:37.000Z,13.05,-13.4,11.29,-1.76,0,0.05,4511.48,4513.87,,,BUY,USD,1,1,1583663
D#1670936,XAUUSD,100,288230376152197269,288230376151949438,288230376153873905,288230376153873707,5400,2026-05-22T17:32:49.000Z,2026-05-22T19:02:49.000Z,-224.6,223.2,-231.6,-7,0,0.2,4523.06,4511.61,4511.97,4534.19,BUY,USD,1,1,1583663
D#1702355,XAUUSD,100,288230376152197326,288230376151950679,288230376153885882,288230376153885880,2751,2026-05-22T18:17:05.000Z,2026-05-22T19:02:56.000Z,-23.87,23.380000000000003,-26.33,-2.46,0,0.07,4514.89,4511.26,4511.47,4523.96,BUY,USD,1,1,1583663
D#1702470,XAUUSD,100,288230376152197330,288230376151950722,288230376153886547,288230376153886519,2579,2026-05-22T18:19:58.000Z,2026-05-22T19:02:57.000Z,76.4,-77.80000000000001,69.4,-7,0,0.2,4515.03,4511.43,,4511.31,SELL,USD,1,1,1583663
D#1702598,XAUUSD,100,288230376152197349,288230376151951356,288230376153894353,288230376153894349,512,2026-05-22T18:54:25.000Z,2026-05-22T19:02:57.000Z,-54.56,53.79,-58.42,-3.86,0,0.11,4515.92,4510.74,4511.09,4526.26,BUY,USD,1,1,1583663
D#1702511,XAUUSD,100,288230376152197391,288230376151951139,288230376153891678,288230376153891474,1265,2026-05-22T18:41:55.000Z,2026-05-22T19:03:00.000Z,-276,272.5,-293.5,-17.5,0,0.5,4516.11,4510.37,4510.35,4525.87,BUY,USD,1,1,1583663
D#1702481,XAUUSD,100,288230376152197409,288230376151951402,288230376153894892,288230376153894618,458,2026-05-22T18:55:24.000Z,2026-05-22T19:03:02.000Z,-259,255.5,-276.5,-17.5,0,0.5,4515.39,4509.99,4509.99,4522.02,BUY,USD,1,1,1583663
D#1671050,XAUUSD,100,288230376152197624,288230376151951429,288230376153897552,288230376153894927,588,2026-05-22T18:56:32.000Z,2026-05-22T19:06:20.000Z,15.06,-15.270000000000001,14.0,-1.06,0,0.03,4514.45,4509.65,,,SELL,USD,1,1,1583663
D#1702550,XAUUSD,100,288230376152197653,288230376151950779,288230376153887259,288230376153887258,2608,2026-05-22T18:23:32.000Z,2026-05-22T19:07:00.000Z,-164.2,162.79999999999998,-171.2,-7,0,0.2,4516.9,4508.47,4508.6,4522.16,BUY,USD,1,1,1583663
D#1702714,XAUUSD,100,288230376152197755,288230376151950382,288230376153898285,288230376153883041,3752,2026-05-22T18:06:17.000Z,2026-05-22T19:08:49.000Z,-64,63.3,-67.5,-3.5,0,0.1,4515.23,4508.61,,,BUY,USD,1,1,1583663
D#1702537,XAUUSD,100,288230376152197862,288230376151944910,288230376153898637,288230376153831131,14004,2026-05-22T15:16:29.000Z,2026-05-22T19:09:53.000Z,30.6,-31.3,27.1,-3.5,0,0.1,4511.44,4508.6,4528.97,4484.64,SELL,USD,1,1,1583663
D#1702537,XAUUSD,100,288230376152197876,288230376151951765,288230376153898695,288230376153898687,2,2026-05-22T19:10:05.000Z,2026-05-22T19:10:07.000Z,-0.2,-1.2000000000000002,-7.2,-7,0,0.2,4508.44,4508.21,,,BUY,USD,1,1,1583663
D#1702400,XAUUSD,100,288230376152198048,288230376151949895,288230376153878357,288230376153878241,5144,2026-05-22T17:48:22.000Z,2026-05-22T19:14:06.000Z,99.4,-99.89,96.94,-2.46,0,0.07,4521.59,4507.61,4524.71,4507.71,SELL,USD,1,1,1583663
D#1670989,XAUUSD,100,288230376152198509,288230376151952047,288230376153902695,288230376153902231,137,2026-05-22T19:24:32.000Z,2026-05-22T19:26:49.000Z,21.12,-22.66,13.42,-7.7,0,0.22,4507.75,4508.49,4506.11,4515.75,BUY,USD,1,1,1583663
D#1702536,XAUUSD,100,288230376152198752,288230376151947030,288230376153851151,288230376153850983,11510,2026-05-22T16:18:45.000Z,2026-05-22T19:30:35.000Z,-26.32,26.18,-27.02,-0.7,0,0.02,4518.27,4504.89,4505.48,4564.87,BUY,USD,1,1,1583663
D#1702533,XAUUSD,100,288230376152198760,288230376151951610,288230376153897068,288230376153897066,1554,2026-05-22T19:04:41.000Z,2026-05-22T19:30:35.000Z,-41.86,41.37,-44.32,-2.46,0,0.07,4511.09,4504.89,4505.38,4521.21,BUY,USD,1,1,1583663
D#1671062,XAUUSD,100,288230376152199034,288230376151951282,288230376153904906,288230376153893545,2658,2026-05-22T18:50:47.000Z,2026-05-22T19:35:05.000Z,154.17,-156.05999999999997,144.71,-9.46,0,0.27,4513.45,4507.96,,,SELL,USD,1,1,1583663
D#1702566,XAUUSD,100,288230376152199089,288230376151951143,288230376153893137,288230376153891525,3230,2026-05-22T18:42:12.000Z,2026-05-22T19:36:02.000Z,139.6,-141.0,132.6,-7,0,0.2,4515.88,4509.12,4508.95,4500.9,SELL,USD,1,1,1583663
D#1702468,XAUUSD,100,288230376152199354,288230376151951055,288230376153891073,288230376153890843,3687,2026-05-22T18:39:49.000Z,2026-05-22T19:41:16.000Z,75.4,-76.10000000000001,71.9,-3.5,0,0.1,4518.11,4510.79,4510.62,4499.38,SELL,USD,1,1,1583663
D#1670989,XAUUSD,100,288230376152199636,288230376151952527,288230376153907113,288230376153907112,146,2026-05-22T19:43:39.000Z,2026-05-22T19:46:05.000Z,-18.26,16.720000000000002,-25.96,-7.7,0,0.22,4509.61,4508.56,4508.71,4516.09,BUY,USD,1,1,1583663
D#1702653,XAUUSD,100,288230376152199707,288230376151949141,288230376153908002,288230376153871233,8443,2026-05-22T17:26:23.000Z,2026-05-22T19:47:06.000Z,53.34,-53.760000000000005,51.24,-2.1,0,0.06,4517.94,4509.27,,,SELL,USD,1,1,1583663
D#1702536,XAUUSD,100,288230376152199842,288230376151952640,288230376153908839,288230376153908819,4,2026-05-22T19:50:14.000Z,2026-05-22T19:50:18.000Z,0.36,-0.43,0.0,-0.36,0,0.01,4508.08,4508.22,,,BUY,USD,1,1,1583663
D#1702566,XAUUSD,100,288230376152200332,288230376151952847,288230376153911730,288230376153911601,35,2026-05-22T20:02:37.000Z,2026-05-22T20:03:12.000Z,-4.6,3.1999999999999993,-11.6,-7,0,0.2,4505.46,4505.91,,,SELL,USD,1,1,1583663
D#1671055,XAUUSD,100,288230376152200334,288230376151952603,288230376153911713,288230376153908321,906,2026-05-22T19:48:12.000Z,2026-05-22T20:03:18.000Z,9.95,-10.299999999999999,8.19,-1.76,0,0.05,4508.02,4506.25,4506.03,4488.75,SELL,USD,1,1,1583663
D#1702566,XAUUSD,100,288230376152200468,288230376151952857,288230376153912842,288230376153911815,347,2026-05-22T20:03:36.000Z,2026-05-22T20:09:23.000Z,15.91,-18.92,0.85,-15.06,0,0.43,4506.57,4506.42,,4502.83,SELL,USD,1,1,1583663
D#1670989,XAUUSD,100,288230376152200600,288230376151952651,288230376153913698,288230376153908857,1467,2026-05-22T19:50:21.000Z,2026-05-22T20:14:48.000Z,6.38,-7.92,-1.32,-7.7,0,0.22,4507.91,4507.84,4527,4493.46,SELL,USD,1,1,1583663
D#1670989,XAUUSD,100,288230376152200663,288230376151953014,288230376153914102,288230376153914008,34,2026-05-22T20:16:28.000Z,2026-05-22T20:17:02.000Z,-46.74,42.75,-66.7,-19.96,0,0.57,4508.02,4506.98,4503.05,4511.61,BUY,USD,1,1,1583663
D#1670989,XAUUSD,100,288230376152201019,288230376151953030,288230376153916097,288230376153914289,781,2026-05-22T20:18:05.000Z,2026-05-22T20:31:06.000Z,-63.28,59.36,-82.88,-19.6,0,0.56,4508.68,4507.33,4501.81,4512.93,BUY,USD,1,1,1583663
D#1670989,XAUUSD,100,288230376152201041,288230376151953165,288230376153916246,288230376153916209,13,2026-05-22T20:31:33.000Z,2026-05-22T20:31:46.000Z,11.31,-14.040000000000001,-2.35,-13.66,0,0.39,4508.74,4508.81,,,BUY,USD,1,1,1583663
D#1670989,XAUUSD,100,288230376152201363,288230376151953174,288230376153918402,288230376153916324,740,2026-05-22T20:32:04.000Z,2026-05-22T20:44:24.000Z,140,-143.5,122.5,-17.5,0,0.5,4508.14,4505.56,,,SELL,USD,1,1,1583663
D#1702598,XAUUSD,100,288230376152201420,288230376151951824,288230376153918738,288230376153899398,5612,2026-05-22T19:13:01.000Z,2026-05-22T20:46:33.000Z,42.35,-43.120000000000005,38.49,-3.86,0,0.11,4509.12,4505.49,4513.89,4498.77,SELL,USD,1,1,1583663
D#1670989,XAUUSD,100,288230376152201426,288230376151953325,288230376153918761,288230376153918419,129,2026-05-22T20:44:32.000Z,2026-05-22T20:46:41.000Z,-24.51,20.520000000000003,-44.47,-19.96,0,0.57,4505.13,4505.78,,,SELL,USD,1,1,1583663
