accountId,instrument,lotSize,closeTradeId,positionId,closeOrderId,openOrderId,durationSec,openDateTime,closeDateTime,profit,reverseProfit,netProfit,commission,swap,amount,openPrice,closePrice,slPrice,tpPrice,side,currency,openTradeCrossPrice,closeTradeCrossPrice,userGroupId
D#1670941,XAUUSD,100,288230376154251270,288230376152965050,288230376163440504,288230376163440289,59,2026-06-23T01:01:16.000Z,2026-06-23T01:02:15.000Z,1.65,-2.7,-3.61,-5.26,0,0.15,4193.84,4193.73,4194.08,4198.91,BUY,USD,1,1,1583663
D#1670993,XAUUSD,100,288230376154251375,288230376152965077,288230376163440626,288230376163440457,106,2026-06-23T01:01:37.000Z,2026-06-23T01:03:23.000Z,132,-134.1,121.5,-10.5,0,0.3,4196.07,4191.89,,4192.16,SELL,USD,1,1,1583663
D#1670970,XAUUSD,100,288230376154251385,288230376152965069,288230376163441086,288230376163440421,112,2026-06-23T01:01:32.000Z,2026-06-23T01:03:24.000Z,94,-95.4,87.0,-7,0,0.2,4195.75,4191.27,,4191.34,SELL,USD,1,1,1583663
D#1670969,XAUUSD,100,288230376154251394,288230376152965068,288230376163440557,288230376163440417,113,2026-06-23T01:01:32.000Z,2026-06-23T01:03:25.000Z,103.6,-105.0,96.6,-7,0,0.2,4195.63,4190.67,,4191.11,SELL,USD,1,1,1583663
D#1702590,XAUUSD,100,288230376154251455,288230376152965013,288230376163441413,288230376163440004,198,2026-06-23T01:00:36.000Z,2026-06-23T01:03:54.000Z,1.98,-2.05,1.62,-0.36,0,0.01,4194.2,4192.44,,,SELL,USD,1,1,1583663
D#1670941,XAUUSD,100,288230376154251547,288230376152965138,288230376163441520,288230376163441090,113,2026-06-23T01:03:13.000Z,2026-06-23T01:05:06.000Z,-72.6,71.55,-77.86,-5.26,0,0.15,4193.54,4188.48,4189.22,4198.93,BUY,USD,1,1,1583663
D#1702570,XAUUSD,100,288230376154251672,288230376152965220,288230376163442014,288230376163441778,85,2026-06-23T01:04:52.000Z,2026-06-23T01:06:17.000Z,117.3,-119.39999999999999,106.8,-10.5,0,0.3,4190.26,4186.57,,4186.34,SELL,USD,1,1,1583663
D#1702677,XAUUSD,100,288230376154251705,288230376152965110,288230376163440803,288230376163440673,245,2026-06-23T01:02:29.000Z,2026-06-23T01:06:34.000Z,101.6,-102.3,98.1,-3.5,0,0.1,4196.02,4186.08,4201.11,4186.11,SELL,USD,1,1,1583663
D#1702582,XAUUSD,100,288230376154251759,288230376152965310,288230376163442795,288230376163442461,54,2026-06-23T01:06:28.000Z,2026-06-23T01:07:22.000Z,-58.41,54.279999999999994,-79.07,-20.66,0,0.59,4186.36,4187.57,,,SELL,USD,1,1,1583663
D#1702471,XAUUSD,100,288230376154251770,288230376152965270,288230376163442904,288230376163442093,129,2026-06-23T01:05:31.000Z,2026-06-23T01:07:40.000Z,9.1,-9.45,7.34,-1.76,0,0.05,4188.53,4186.93,,,SELL,USD,1,1,1583663
D#1702350,XAUUSD,100,288230376154251914,288230376152965297,288230376163443363,288230376163442358,146,2026-06-23T01:06:15.000Z,2026-06-23T01:08:41.000Z,-138,135.2,-152.0,-14,0,0.4,4187.54,4191.21,,4184.58,SELL,USD,1,1,1583663
D#1702582,XAUUSD,100,288230376154251919,288230376152965380,288230376163443378,288230376163443081,37,2026-06-23T01:08:06.000Z,2026-06-23T01:08:43.000Z,-32.48,28.419999999999998,-52.78,-20.3,0,0.58,4191.72,4190.94,,,BUY,USD,1,1,1583663
D#1702644,XAUUSD,100,288230376154252006,288230376152965429,288230376163443431,288230376163443334,88,2026-06-23T01:08:39.000Z,2026-06-23T01:10:07.000Z,126.3,-128.4,115.8,-10.5,0,0.3,4190.96,4186.97,,4187.05,SELL,USD,1,1,1583663
D#1670970,XAUUSD,100,288230376154252010,288230376152965462,288230376163443883,288230376163443617,51,2026-06-23T01:09:17.000Z,2026-06-23T01:10:08.000Z,88.8,-90.2,81.8,-7,0,0.2,4191.2,4186.98,,4186.89,SELL,USD,1,1,1583663
D#1671070,XAUUSD,100,288230376154252038,288230376152965214,288230376163444050,288230376163441760,334,2026-06-23T01:04:50.000Z,2026-06-23T01:10:24.000Z,51,-52.4,44.0,-7,0,0.2,4190.12,4187.79,,,SELL,USD,1,1,1583663
D#1702624,XAUUSD,100,288230376154252137,288230376152965459,288230376163443570,288230376163443566,194,2026-06-23T01:09:09.000Z,2026-06-23T01:12:23.000Z,99.6,-101.0,92.6,-7,0,0.2,4190.7,4185.94,4195.36,4185.81,SELL,USD,1,1,1583663
D#1670970,XAUUSD,100,288230376154252282,288230376152965566,288230376163445081,288230376163444622,170,2026-06-23T01:12:04.000Z,2026-06-23T01:14:54.000Z,-28.2,26.8,-35.2,-7,0,0.2,4186.69,4185.06,4185.23,4191.02,BUY,USD,1,1,1583663
D#1702595,XAUUSD,100,288230376154252338,288230376152965350,288230376163442972,288230376163442853,454,2026-06-23T01:07:32.000Z,2026-06-23T01:15:06.000Z,113.4,-115.5,102.9,-10.5,0,0.3,4187.3,4183.74,,4183.38,SELL,USD,1,1,1583663
D#1702471,XAUUSD,100,288230376154252426,288230376152965357,288230376163445982,288230376163442955,489,2026-06-23T01:07:51.000Z,2026-06-23T01:16:00.000Z,98.55,-99.6,93.29,-5.26,0,0.15,4190,4183.65,,,SELL,USD,1,1,1583663
D#1702582,XAUUSD,100,288230376154252519,288230376152965480,288230376163446218,288230376163443798,407,2026-06-23T01:09:44.000Z,2026-06-23T01:16:31.000Z,459.42,-463.41,439.46,-19.96,0,0.57,4190.17,4182.33,4186,4180,SELL,USD,1,1,1583663
D#1670870,XAUUSD,100,288230376154252518,288230376152965576,288230376163446216,288230376163444756,244,2026-06-23T01:12:27.000Z,2026-06-23T01:16:31.000Z,114.7,-116.87,103.84,-10.86,0,0.31,4185.95,4182.47,4188.91,4180.31,SELL,USD,1,1,1583663
D#1670948,XAUUSD,100,288230376154252527,288230376152965034,288230376163441294,288230376163440156,940,2026-06-23T01:00:58.000Z,2026-06-23T01:16:38.000Z,122.5,-123.2,119.0,-3.5,0,0.1,4193.38,4181.35,4200.08,4181.69,SELL,USD,1,1,1583663
D#1702628,XAUUSD,100,288230376154252593,288230376152965564,288230376163444614,288230376163444611,314,2026-06-23T01:12:02.000Z,2026-06-23T01:17:16.000Z,98.25,-99.3,92.99,-5.26,0,0.15,4186.53,4180.2,4192.62,4180.28,SELL,USD,1,1,1583663
D#1702723,XAUUSD,100,288230376154252601,288230376152965593,288230376163445236,288230376163445003,248,2026-06-23T01:13:11.000Z,2026-06-23T01:17:19.000Z,120,-121.4,113.0,-7,0,0.2,4185.55,4179.77,4199.7,4180.08,SELL,USD,1,1,1583663
D#1670941,XAUUSD,100,288230376154252620,288230376152965640,288230376163445646,288230376163445506,156,2026-06-23T01:14:45.000Z,2026-06-23T01:17:21.000Z,105.45,-106.5,100.19,-5.26,0,0.15,4185.89,4179.08,4191.82,4179.27,SELL,USD,1,1,1583663
D#1670970,XAUUSD,100,288230376154252666,288230376152965644,288230376163446593,288230376163445572,145,2026-06-23T01:15:01.000Z,2026-06-23T01:17:26.000Z,-145.4,144.0,-152.4,-7,0,0.2,4185.4,4177.91,,4191.13,BUY,USD,1,1,1583663
D#1702582,XAUUSD,100,288230376154252742,288230376152965767,288230376163446737,288230376163446447,30,2026-06-23T01:17:10.000Z,2026-06-23T01:17:40.000Z,288.99,-292.98,269.03,-19.96,0,0.57,4181.24,4176.39,,,SELL,USD,1,1,1583663
D#1702711,XAUUSD,100,288230376154252745,288230376152965319,288230376163446757,288230376163442508,668,2026-06-23T01:06:35.000Z,2026-06-23T01:17:43.000Z,-190.2,188.79999999999998,-197.2,-7,0,0.2,4186.03,4176.3,4157.12,4233.46,BUY,USD,1,1,1583663
D#1702390,XAUUSD,100,288230376154252764,288230376152965768,288230376163446851,288230376163446448,46,2026-06-23T01:17:10.000Z,2026-06-23T01:17:56.000Z,67.35,-68.39999999999999,62.09,-5.26,0,0.15,4181.24,4176.97,,,SELL,USD,1,1,1583663
D#1671070,XAUUSD,100,288230376154252780,288230376152965601,288230376163446899,288230376163445114,269,2026-06-23T01:13:33.000Z,2026-06-23T01:18:02.000Z,180.8,-182.20000000000002,173.8,-7,0,0.2,4185.71,4176.89,,,SELL,USD,1,1,1583663
D#1702364,XAUUSD,100,288230376154252813,288230376152965833,288230376163446999,288230376163446968,5,2026-06-23T01:18:10.000Z,2026-06-23T01:18:15.000Z,45.45,-48.6,29.69,-15.76,0,0.45,4177.69,4176.9,,,SELL,USD,1,1,1583663
D#1702364,XAUUSD,100,288230376154252842,288230376152965841,288230376163447082,288230376163447050,6,2026-06-23T01:18:22.000Z,2026-06-23T01:18:28.000Z,22.5,-25.65,6.74,-15.76,0,0.45,4177.07,4176.79,,,SELL,USD,1,1,1583663
D#1702364,XAUUSD,100,288230376154252914,288230376152965875,288230376163447321,288230376163447289,4,2026-06-23T01:18:57.000Z,2026-06-23T01:19:01.000Z,51.3,-54.449999999999996,35.54,-15.76,0,0.45,4175.46,4174.54,,,SELL,USD,1,1,1583663
D#1702364,XAUUSD,100,288230376154252952,288230376152965890,288230376163447428,288230376163447405,2,2026-06-23T01:19:10.000Z,2026-06-23T01:19:12.000Z,26.1,-29.25,10.34,-15.76,0,0.45,4173.55,4173.19,,,SELL,USD,1,1,1583663
D#1702364,XAUUSD,100,288230376154252990,288230376152965899,288230376163447630,288230376163447479,21,2026-06-23T01:19:19.000Z,2026-06-23T01:19:40.000Z,18.45,-21.599999999999998,2.69,-15.76,0,0.45,4174.54,4174.35,,,SELL,USD,1,1,1583663
D#1670948,XAUUSD,100,288230376154253144,288230376152965940,288230376163448127,288230376163447857,62,2026-06-23T01:20:17.000Z,2026-06-23T01:21:19.000Z,1.1,-1.8000000000000003,-2.4,-3.5,0,0.1,4174.01,4174.12,4173.8,4162.61,SELL,USD,1,1,1583663
D#1670941,XAUUSD,100,288230376154253177,288230376152965820,288230376163448418,288230376163446891,222,2026-06-23T01:18:01.000Z,2026-06-23T01:21:43.000Z,9.3,-10.350000000000001,4.04,-5.26,0,0.15,4176.56,4176.16,4181.73,4169.44,SELL,USD,1,1,1583663
D#1702471,XAUUSD,100,288230376154253295,288230376152965836,288230376163448939,288230376163447024,285,2026-06-23T01:18:18.000Z,2026-06-23T01:23:03.000Z,-0.96,-0.72,-9.36,-8.4,0,0.24,4176.9,4176.64,,,BUY,USD,1,1,1583663
D#1670870,XAUUSD,100,288230376154253485,288230376152966012,288230376163449998,288230376163448537,247,2026-06-23T01:22:04.000Z,2026-06-23T01:26:11.000Z,35.96,-38.13,25.1,-10.86,0,0.31,4176.96,4177.9,4177.67,4181.93,BUY,USD,1,1,1583663
D#1702390,XAUUSD,100,288230376154253533,288230376152966080,288230376163449236,288230376163448982,236,2026-06-23T01:23:10.000Z,2026-06-23T01:27:06.000Z,65.85,-66.89999999999999,60.59,-5.26,0,0.15,4176.6,4180.77,,4180.68,BUY,USD,1,1,1583663
D#1670968,XAUUSD,100,288230376154253548,288230376152966196,288230376163450393,288230376163450362,4,2026-06-23T01:27:08.000Z,2026-06-23T01:27:12.000Z,-7.5,5.75,-16.26,-8.76,0,0.25,4180.41,4180.93,,,SELL,USD,1,1,1583663
D#1670968,XAUUSD,100,288230376154253674,288230376152966203,288230376163451114,288230376163450439,132,2026-06-23T01:27:19.000Z,2026-06-23T01:29:31.000Z,-60,58.25,-68.76,-8.76,0,0.25,4180.53,4177.91,4178.2,4184.94,BUY,USD,1,1,1583663
D#1702725,XAUUSD,100,288230376154253714,288230376152966230,288230376163450985,288230376163450670,132,2026-06-23T01:28:02.000Z,2026-06-23T01:30:14.000Z,-105.9,103.80000000000001,-116.4,-10.5,0,0.3,4179.36,4175.61,4175.91,4182.58,BUY,USD,1,1,1583663
D#1702364,XAUUSD,100,288230376154253715,288230376152966184,288230376163451397,288230376163450209,213,2026-06-23T01:26:42.000Z,2026-06-23T01:30:15.000Z,65.25,-68.4,49.49,-15.76,0,0.45,4177.02,4175.79,,,SELL,USD,1,1,1583663
D#1702351,XAUUSD,100,288230376154253806,288230376152966108,288230376163451766,288230376163449299,426,2026-06-23T01:24:05.000Z,2026-06-23T01:31:11.000Z,-52.8,52.099999999999994,-56.3,-3.5,0,0.1,4179.53,4174.03,,4199.42,BUY,USD,1,1,1583663
D#1702723,XAUUSD,100,288230376154253817,288230376152966120,288230376163449736,288230376163449395,410,2026-06-23T01:24:24.000Z,2026-06-23T01:31:14.000Z,136.4,-137.8,129.4,-7,0,0.2,4179.71,4173.11,4185.55,4173.37,SELL,USD,1,1,1583663
D#1702471,XAUUSD,100,288230376154253864,288230376152966079,288230376163451971,288230376163448979,514,2026-06-23T01:23:10.000Z,2026-06-23T01:31:44.000Z,78.96,-80.64,70.56,-8.4,0,0.24,4176.39,4173.32,,,SELL,USD,1,1,1583663
D#1702471,XAUUSD,100,288230376154253948,288230376152966393,288230376163452421,288230376163452060,62,2026-06-23T01:32:01.000Z,2026-06-23T01:33:03.000Z,29.7,-30.75,24.44,-5.26,0,0.15,4174.74,4172.98,,,SELL,USD,1,1,1583663
D#1702361,XAUUSD,100,288230376154253978,288230376152966181,288230376163450420,288230376163450151,416,2026-06-23T01:26:33.000Z,2026-06-23T01:33:29.000Z,-66.1,65.39999999999999,-69.6,-3.5,0,0.1,4178.19,4171.36,4171.64,4198.51,BUY,USD,1,1,1583663
D#1670970,XAUUSD,100,288230376154254027,288230376152965794,288230376163450098,288230376163446647,962,2026-06-23T01:17:33.000Z,2026-06-23T01:33:35.000Z,349,-352.5,331.5,-17.5,0,0.5,4176.69,4169.93,,4170,SELL,USD,1,1,1583663
D#1702628,XAUUSD,100,288230376154254049,288230376152965822,288230376163446912,288230376163446907,933,2026-06-23T01:18:03.000Z,2026-06-23T01:33:36.000Z,99.3,-100.35,94.04,-5.26,0,0.15,4176.49,4170.09,4182.8,4170.46,SELL,USD,1,1,1583663
D#1589456,XAUUSD,100,288230376154254043,288230376152966149,288230376163450112,288230376163449835,472,2026-06-23T01:25:44.000Z,2026-06-23T01:33:36.000Z,-44.6,44.25,-46.36,-1.76,0,0.05,4178.96,4169.82,4169.77,4192.87,BUY,USD,1,1,1583663
D#1670941,XAUUSD,100,288230376154254058,288230376152966167,288230376163450168,288230376163450023,442,2026-06-23T01:26:14.000Z,2026-06-23T01:33:36.000Z,122.25,-123.3,116.99,-5.26,0,0.15,4177.89,4169.96,,4170.8,SELL,USD,1,1,1583663
D#1670968,XAUUSD,100,288230376154254048,288230376152966400,288230376163452380,288230376163452125,84,2026-06-23T01:32:12.000Z,2026-06-23T01:33:36.000Z,123,-124.75,114.24,-8.76,0,0.25,4174.79,4170.09,,4170.44,SELL,USD,1,1,1583663
D#1702451,XAUUSD,100,288230376154254111,288230376152966131,288230376163449778,288230376163449560,523,2026-06-23T01:24:54.000Z,2026-06-23T01:33:37.000Z,-10.11,10.04,-10.47,-0.36,0,0.01,4178.91,4168.58,4168.78,4201.19,BUY,USD,1,1,1583663
D#1670941,XAUUSD,100,288230376154254163,288230376152966487,288230376163452856,288230376163452834,2,2026-06-23T01:33:55.000Z,2026-06-23T01:33:57.000Z,-0.45,-0.6000000000000001,-5.71,-5.26,0,0.15,4170.03,4170.28,,,SELL,USD,1,1,1583663
D#1702471,XAUUSD,100,288230376154254290,288230376152966440,288230376163453323,288230376163452596,93,2026-06-23T01:33:30.000Z,2026-06-23T01:35:03.000Z,33.5,-35.25,24.74,-8.76,0,0.25,4171.18,4170.06,,,SELL,USD,1,1,1583663
D#1702471,XAUUSD,100,288230376154254478,288230376152966587,288230376163454064,288230376163453536,78,2026-06-23T01:35:34.000Z,2026-06-23T01:36:52.000Z,72.6,-75.67999999999999,57.2,-15.4,0,0.44,4168.9,4167.47,,,SELL,USD,1,1,1583663
D#1702564,XAUUSD,100,288230376154254541,288230376152966419,288230376163454286,288230376163452342,272,2026-06-23T01:32:48.000Z,2026-06-23T01:37:20.000Z,-146.8,145.4,-153.8,-7,0,0.2,4173.25,4165.69,,,BUY,USD,1,1,1583663
D#1670948,XAUUSD,100,288230376154254584,288230376152966002,288230376163448730,288230376163448436,935,2026-06-23T01:21:46.000Z,2026-06-23T01:37:21.000Z,118.3,-119.0,114.8,-3.5,0,0.1,4175.88,4164.27,,4164.19,SELL,USD,1,1,1583663
D#1702496,XAUUSD,100,288230376154254601,288230376152966647,288230376163453974,288230376163453973,46,2026-06-23T01:36:37.000Z,2026-06-23T01:37:23.000Z,-50.8,50.099999999999994,-54.3,-3.5,0,0.1,4168.76,4163.46,4163.5,4215.25,BUY,USD,1,1,1583663
D#1670968,XAUUSD,100,288230376154254603,288230376152966663,288230376163454325,288230376163454074,31,2026-06-23T01:36:53.000Z,2026-06-23T01:37:24.000Z,88,-89.75,79.24,-8.76,0,0.25,4167.31,4164.01,,,SELL,USD,1,1,1583663
D#1702371,XAUUSD,100,288230376154254646,288230376152966406,288230376163454532,288230376163452203,324,2026-06-23T01:32:26.000Z,2026-06-23T01:37:50.000Z,-210,208.6,-217.0,-7,0,0.2,4174.57,4163.85,,4179,BUY,USD,1,1,1583663
D#1702725,XAUUSD,100,288230376154254647,288230376152966656,288230376163454538,288230376163454030,65,2026-06-23T01:36:46.000Z,2026-06-23T01:37:51.000Z,-105.9,103.80000000000001,-116.4,-10.5,0,0.3,4167.61,4163.86,,4167.34,BUY,USD,1,1,1583663
D#1702723,XAUUSD,100,288230376154254657,288230376152966641,288230376163454331,288230376163453939,80,2026-06-23T01:36:33.000Z,2026-06-23T01:37:53.000Z,105.8,-107.2,98.8,-7,0,0.2,4168.43,4163.36,4170.44,4163.44,SELL,USD,1,1,1583663
D#1702628,XAUUSD,100,288230376154254671,288230376152966586,288230376163453520,288230376163453517,143,2026-06-23T01:35:32.000Z,2026-06-23T01:37:55.000Z,86.1,-87.14999999999999,80.84,-5.26,0,0.15,4168.77,4163.25,4175.14,4163.14,SELL,USD,1,1,1583663
D#1702527,XAUUSD,100,288230376154254768,288230376152966698,288230376163454754,288230376163454424,39,2026-06-23T01:37:36.000Z,2026-06-23T01:38:15.000Z,2.78,-2.8499999999999996,2.42,-0.36,0,0.01,4164.63,4162.07,,,SELL,USD,1,1,1583663
D#1702390,XAUUSD,100,288230376154254952,288230376152966812,288230376163455672,288230376163455466,31,2026-06-23T01:40:06.000Z,2026-06-23T01:40:37.000Z,-53.4,52.35,-58.66,-5.26,0,0.15,4164.78,4161,,4168.76,BUY,USD,1,1,1583663
D#1702418,XAUUSD,100,288230376154255016,288230376152965623,288230376163456072,288230376163445351,1653,2026-06-23T01:14:17.000Z,2026-06-23T01:41:50.000Z,168.7,-169.19,166.24,-2.46,0,0.07,4186.52,4162.64,4191.89,,SELL,USD,1,1,1583663
D#1702390,XAUUSD,100,288230376154255066,288230376152966839,288230376163456186,288230376163455717,83,2026-06-23T01:40:45.000Z,2026-06-23T01:42:08.000Z,-48.75,47.7,-54.01,-5.26,0,0.15,4162.68,4159.21,,,BUY,USD,1,1,1583663
D#1702471,XAUUSD,100,288230376154255106,288230376152966759,288230376163456267,288230376163454919,220,2026-06-23T01:38:40.000Z,2026-06-23T01:42:20.000Z,-331.18,327.12,-351.48,-20.3,0,0.58,4163.44,4157.51,,,BUY,USD,1,1,1583663
D#1702595,XAUUSD,100,288230376154255108,288230376152966522,288230376163456270,288230376163453035,477,2026-06-23T01:34:24.000Z,2026-06-23T01:42:21.000Z,-380.1,378.0,-390.6,-10.5,0,0.3,4170.27,4157.38,,4173.98,BUY,USD,1,1,1583663
D#1702644,XAUUSD,100,288230376154255116,288230376152966576,288230376163456285,288230376163453419,426,2026-06-23T01:35:16.000Z,2026-06-23T01:42:22.000Z,-387.9,385.79999999999995,-398.4,-10.5,0,0.3,4169.67,4156.52,,4173.5,BUY,USD,1,1,1583663
D#1702622,XAUUSD,100,288230376154255162,288230376152966883,288230376163456445,288230376163445596,37,2026-06-23T01:42:07.000Z,2026-06-23T01:42:44.000Z,-3.96,3.82,-4.66,-0.7,0,0.02,4159.62,4157.42,4125,4255,BUY,USD,1,1,1583663
D#1702390,XAUUSD,100,288230376154255221,288230376152966889,288230376163456691,288230376163456214,66,2026-06-23T01:42:12.000Z,2026-06-23T01:43:18.000Z,24.75,-25.8,19.49,-5.26,0,0.15,4158.55,4157.12,,4153.2,SELL,USD,1,1,1583663
D#1702390,XAUUSD,100,288230376154255279,288230376152966954,288230376163457037,288230376163456751,43,2026-06-23T01:43:28.000Z,2026-06-23T01:44:11.000Z,0.3,-1.35,-4.96,-5.26,0,0.15,4156.35,4156.55,,,SELL,USD,1,1,1583663
D#1702483,XAUUSD,100,288230376154255352,288230376152966774,288230376163455707,288230376163455050,341,2026-06-23T01:38:58.000Z,2026-06-23T01:44:39.000Z,106.04,-106.81,102.18,-3.86,0,0.11,4163.81,4154.39,,4154,SELL,USD,1,1,1583663
D#1670993,XAUUSD,100,288230376154255383,288230376152966796,288230376163457343,288230376163455275,317,2026-06-23T01:39:33.000Z,2026-06-23T01:44:50.000Z,-291.6,289.5,-302.1,-10.5,0,0.3,4164.53,4154.59,,4168.33,BUY,USD,1,1,1583663
D#1702390,XAUUSD,100,288230376154255512,288230376152967052,288230376163457855,288230376163457664,25,2026-06-23T01:45:34.000Z,2026-06-23T01:45:59.000Z,-2.4,1.3499999999999999,-7.66,-5.26,0,0.15,4154.49,4154.11,,,BUY,USD,1,1,1583663
D#1702534,XAUUSD,100,288230376154255520,288230376152966921,288230376163457902,288230376163456436,202,2026-06-23T01:42:43.000Z,2026-06-23T01:46:05.000Z,24.4,-25.099999999999998,20.9,-3.5,0,0.1,4156.57,4154.35,4167.45,4149.02,SELL,USD,1,1,1583663
D#1702390,XAUUSD,100,288230376154255523,288230376152967078,288230376163457935,288230376163457884,7,2026-06-23T01:46:03.000Z,2026-06-23T01:46:10.000Z,0.3,-1.35,-4.96,-5.26,0,0.15,4154.02,4154.22,,,SELL,USD,1,1,1583663
D#1702540,XAUUSD,100,288230376154255567,288230376152967027,288230376163458076,288230376163457459,83,2026-06-23T01:45:06.000Z,2026-06-23T01:46:29.000Z,-178.64,174.57999999999998,-198.94,-20.3,0,0.58,4154.43,4151.13,,,BUY,USD,1,1,1583663
D#1702723,XAUUSD,100,288230376154255570,288230376152966984,288230376163457831,288230376163457086,132,2026-06-23T01:44:18.000Z,2026-06-23T01:46:30.000Z,83.2,-84.60000000000001,76.2,-7,0,0.2,4155.27,4151.33,4174.42,4151.24,SELL,USD,1,1,1583663
D#1702559,XAUUSD,100,288230376154255849,288230376152966283,288230376163459302,288230376163451183,1213,2026-06-23T01:29:38.000Z,2026-06-23T01:49:51.000Z,412.05,-413.1,406.79,-5.26,0,0.15,4177.98,4150.73,4180.42,4132.11,SELL,USD,1,1,1583663
D#1702341,XAUUSD,100,288230376154256168,288230376152967214,288230376163459120,288230376163459118,247,2026-06-23T01:49:20.000Z,2026-06-23T01:53:27.000Z,-147.6,145.5,-158.1,-10.5,0,0.3,4151.01,4156.15,4155.89,,SELL,USD,1,1,1583663
D#1670948,XAUUSD,100,288230376154256197,288230376152966898,288230376163457360,288230376163456259,681,2026-06-23T01:42:19.000Z,2026-06-23T01:53:40.000Z,9.3,-10.0,5.8,-3.5,0,0.1,4157.77,4157.06,4156.98,4146.1,SELL,USD,1,1,1583663
D#1702376,XAUUSD,100,288230376154256261,288230376152967389,288230376163461050,288230376163460729,48,2026-06-23T01:53:32.000Z,2026-06-23T01:54:20.000Z,-1.4,1.3299999999999998,-1.76,-0.36,0,0.01,4155.08,4156.7,,,SELL,USD,1,1,1583663
D#1670941,XAUUSD,100,288230376154256402,288230376152967278,288230376163459876,288230376163459729,368,2026-06-23T01:50:58.000Z,2026-06-23T01:57:06.000Z,108.6,-109.64999999999999,103.34,-5.26,0,0.15,4152.86,4159.88,4153.77,4159.66,BUY,USD,1,1,1583663
D#1702390,XAUUSD,100,288230376154256480,288230376152967120,288230376163458610,288230376163458272,659,2026-06-23T01:46:59.000Z,2026-06-23T01:57:58.000Z,109.05,-110.1,103.79,-5.26,0,0.15,4154.17,4161.22,,4161.33,BUY,USD,1,1,1583663
D#1702570,XAUUSD,100,288230376154256567,288230376152966936,288230376163456715,288230376163456584,989,2026-06-23T01:43:04.000Z,2026-06-23T01:59:33.000Z,142.5,-144.6,132.0,-10.5,0,0.3,4158.02,4162.55,,4161.83,BUY,USD,1,1,1583663
D#1702695,XAUUSD,100,288230376154256571,288230376152967520,288230376163462424,288230376163462073,145,2026-06-23T01:57:08.000Z,2026-06-23T01:59:33.000Z,98,-100.8,84.0,-14,0,0.4,4160.37,4162.6,,4162.65,BUY,USD,1,1,1583663
D#1702586,XAUUSD,100,288230376154256944,288230376152967584,288230376163463209,288230376163462786,385,2026-06-23T01:59:02.000Z,2026-06-23T02:05:27.000Z,79.8,-81.2,72.8,-7,0,0.2,4160.18,4156.41,,4156.44,SELL,USD,1,1,1583663
D#1645671,XAUUSD,100,288230376154256987,288230376152966980,288230376163461000,288230376163457047,1298,2026-06-23T01:44:13.000Z,2026-06-23T02:05:51.000Z,-13.6,13.04,-16.4,-2.8,0,0.08,4156.57,4154.65,4154.87,4170.37,BUY,USD,1,1,1583663
D#1702361,XAUUSD,100,288230376154256985,288230376152967155,288230376163459029,288230376163458563,1085,2026-06-23T01:47:46.000Z,2026-06-23T02:05:51.000Z,9.6,-10.299999999999999,6.1,-3.5,0,0.1,4154.07,4154.81,4155.12,4178.68,BUY,USD,1,1,1583663
D#1670968,XAUUSD,100,288230376154256988,288230376152967763,288230376163464739,288230376163464527,119,2026-06-23T02:03:52.000Z,2026-06-23T02:05:51.000Z,98.5,-100.25,89.74,-8.76,0,0.25,4158.57,4154.85,4157.85,4154.77,SELL,USD,1,1,1583663
D#1670941,XAUUSD,100,288230376154257138,288230376152967655,288230376163465797,288230376163463506,367,2026-06-23T02:01:00.000Z,2026-06-23T02:07:07.000Z,106.2,-107.25,100.94,-5.26,0,0.15,4159.24,4152.38,4158.29,4151.82,SELL,USD,1,1,1583663
D#1702695,XAUUSD,100,288230376154257144,288230376152967646,288230376163465836,288230376163463409,388,2026-06-23T02:00:42.000Z,2026-06-23T02:07:10.000Z,-358.8,356.0,-372.8,-14,0,0.4,4161.11,4151.92,,4163.09,BUY,USD,1,1,1583663
D#1702586,XAUUSD,100,288230376154257345,288230376152968022,288230376163466793,288230376163466771,4,2026-06-23T02:09:44.000Z,2026-06-23T02:09:48.000Z,-5.4,4.0,-12.4,-7,0,0.2,4151.85,4151.36,,,BUY,USD,1,1,1583663
D#1702483,XAUUSD,100,288230376154257390,288230376152967068,288230376163466997,288230376163457791,1472,2026-06-23T01:45:51.000Z,2026-06-23T02:10:23.000Z,31.02,-31.79,27.16,-3.86,0,0.11,4153.7,4151.1,,4143,SELL,USD,1,1,1583663
D#1702624,XAUUSD,100,288230376154257426,288230376152967803,288230376163465164,288230376163465036,334,2026-06-23T02:05:23.000Z,2026-06-23T02:10:57.000Z,151.8,-153.20000000000002,144.8,-7,0,0.2,4156.88,4149.51,4162.27,4149.83,SELL,USD,1,1,1583663
D#1702366,XAUUSD,100,288230376154257464,288230376152967576,288230376163467325,288230376163462701,751,2026-06-23T01:58:47.000Z,2026-06-23T02:11:18.000Z,-109.3,108.6,-112.8,-3.5,0,0.1,4160.96,4149.81,,,BUY,USD,1,1,1583663
D#1671051,XAUUSD,100,288230376154257472,288230376152968055,288230376163467386,288230376163467033,54,2026-06-23T02:10:30.000Z,2026-06-23T02:11:24.000Z,37.6,-39.0,30.6,-7,0,0.2,4151.41,4149.75,,,SELL,USD,1,1,1583663
D#1702422,XAUUSD,100,288230376154257476,288230376152968062,288230376163467402,288230376163467080,50,2026-06-23T02:10:37.000Z,2026-06-23T02:11:27.000Z,60.63,-63.64,45.57,-15.06,0,0.43,4151.03,4149.84,,,SELL,USD,1,1,1583663
D#1589424,XAUUSD,100,288230376154257624,288230376152968128,288230376163468319,288230376163467796,88,2026-06-23T02:12:34.000Z,2026-06-23T02:14:02.000Z,-0.25,0.18,-0.61,-0.36,0,0.01,4151.62,4151.15,,,BUY,USD,1,1,1583663
D#1671051,XAUUSD,100,288230376154257655,288230376152968107,288230376163468338,288230376163467550,156,2026-06-23T02:11:51.000Z,2026-06-23T02:14:27.000Z,-75,73.6,-82.0,-7,0,0.2,4149.33,4153.3,4153.16,,SELL,USD,1,1,1583663
D#1702364,XAUUSD,100,288230376154257785,288230376152968231,288230376163468994,288230376163468867,17,2026-06-23T02:15:41.000Z,2026-06-23T02:15:58.000Z,30.6,-33.75,14.84,-15.76,0,0.45,4155.53,4155.99,,,BUY,USD,1,1,1583663
D#1670968,XAUUSD,100,288230376154257804,288230376152968223,288230376163469006,288230376163468791,41,2026-06-23T02:15:28.000Z,2026-06-23T02:16:09.000Z,65,-66.75,56.24,-8.76,0,0.25,4154.61,4156.99,,4156.69,BUY,USD,1,1,1583663
D#1671051,XAUUSD,100,288230376154257820,288230376152968213,288230376163469153,288230376163468702,68,2026-06-23T02:15:12.000Z,2026-06-23T02:16:20.000Z,48.8,-50.199999999999996,41.8,-7,0,0.2,4154.12,4156.34,4154.36,,BUY,USD,1,1,1583663
D#1702379,XAUUSD,100,288230376154257902,288230376152968217,288230376163469747,288230376163468744,173,2026-06-23T02:15:19.000Z,2026-06-23T02:18:12.000Z,52.8,-54.199999999999996,45.8,-7,0,0.2,4154.3,4156.72,4151.76,4171.96,BUY,USD,1,1,1583663
D#1671089,XAUUSD,100,288230376154257942,288230376152968142,288230376163469927,288230376163467905,356,2026-06-23T02:12:49.000Z,2026-06-23T02:18:45.000Z,125.4,-126.80000000000001,118.4,-7,0,0.2,4152.35,4158.4,,,BUY,USD,1,1,1583663
D#1702570,XAUUSD,100,288230376154257953,288230376152967844,288230376163465397,288230376163465268,779,2026-06-23T02:05:55.000Z,2026-06-23T02:18:54.000Z,135.9,-138.0,125.4,-10.5,0,0.3,4154.94,4159.25,4124.57,4159.52,BUY,USD,1,1,1583663
D#1702635,XAUUSD,100,288230376154257973,288230376152968108,288230376163470068,288230376163467552,439,2026-06-23T02:11:51.000Z,2026-06-23T02:19:10.000Z,-211.6,210.2,-218.6,-7,0,0.2,4149.35,4160.15,,4144.07,SELL,USD,1,1,1583663
D#1702529,XAUUSD,100,288230376154258084,288230376152967914,288230376163470899,288230376163465809,868,2026-06-23T02:07:08.000Z,2026-06-23T02:21:36.000Z,43.82,-44.31,41.36,-2.46,0,0.07,4152.34,4158.38,,,BUY,USD,1,1,1583663
D#1671051,XAUUSD,100,288230376154258116,288230376152968414,288230376163471066,288230376163470933,43,2026-06-23T02:21:43.000Z,2026-06-23T02:22:26.000Z,2,-3.4000000000000004,-5.0,-7,0,0.2,4158.91,4158.79,4159.15,,BUY,USD,1,1,1583663
D#1702699,XAUUSD,100,288230376154258130,288230376152968328,288230376163471207,288230376163470085,207,2026-06-23T02:19:13.000Z,2026-06-23T02:22:40.000Z,-15.5,14.8,-19.0,-3.5,0,0.1,4160.36,4158.59,,,BUY,USD,1,1,1583663
D#1702422,XAUUSD,100,288230376154258133,288230376152968313,288230376163471244,288230376163469931,243,2026-06-23T02:18:46.000Z,2026-06-23T02:22:49.000Z,-8.17,5.16,-23.23,-15.06,0,0.43,4158.41,4158.82,,,SELL,USD,1,1,1583663
D#1670968,XAUUSD,100,288230376154258268,288230376152968458,288230376163471765,288230376163471550,144,2026-06-23T02:24:03.000Z,2026-06-23T02:26:27.000Z,54.25,-56.0,45.49,-8.76,0,0.25,4159.55,4161.5,4158.28,4161.48,BUY,USD,1,1,1583663
D#1702675,XAUUSD,100,288230376154258273,288230376152967742,288230376163472260,288230376163464304,1399,2026-06-23T02:03:11.000Z,2026-06-23T02:26:30.000Z,8.3,-8.65,6.54,-1.76,0,0.05,4160,4161.44,,,BUY,USD,1,1,1583663
D#1702422,XAUUSD,100,288230376154258272,288230376152968470,288230376163472259,288230376163471749,102,2026-06-23T02:24:48.000Z,2026-06-23T02:26:30.000Z,-82.99,79.97999999999999,-98.05,-15.06,0,0.43,4159.49,4161.64,,,SELL,USD,1,1,1583663
D#1671051,XAUUSD,100,288230376154258277,288230376152968471,288230376163472281,288230376163471771,101,2026-06-23T02:24:53.000Z,2026-06-23T02:26:34.000Z,31.4,-32.8,24.4,-7,0,0.2,4160.25,4161.6,,,BUY,USD,1,1,1583663
D#1702480,XAUUSD,100,288230376154258346,288230376152968146,288230376163472658,288230376163467943,886,2026-06-23T02:12:54.000Z,2026-06-23T02:27:40.000Z,-201.4,200.0,-208.4,-7,0,0.2,4152.24,4162.53,,,SELL,USD,1,1,1583663
D#1645671,XAUUSD,100,288230376154258428,288230376152968002,288230376163466865,288230376163466560,1226,2026-06-23T02:09:08.000Z,2026-06-23T02:29:34.000Z,96.32,-96.88,93.52,-2.8,0,0.08,4151.67,4163.49,4159.27,4163.52,BUY,USD,1,1,1583663
D#1702364,XAUUSD,100,288230376154258449,288230376152968598,288230376163473360,288230376163473278,18,2026-06-23T02:29:46.000Z,2026-06-23T02:30:04.000Z,113.85,-117.0,98.09,-15.76,0,0.45,4161.84,4159.53,,,SELL,USD,1,1,1583663
D#1702529,XAUUSD,100,288230376154258484,288230376152968569,288230376163473516,288230376163472953,112,2026-06-23T02:28:39.000Z,2026-06-23T02:30:31.000Z,35.2,-35.900000000000006,31.7,-3.5,0,0.1,4162.76,4159.46,,,SELL,USD,1,1,1583663
D#1702422,XAUUSD,100,288230376154258498,288230376152968542,288230376163473662,288230376163472624,204,2026-06-23T02:27:36.000Z,2026-06-23T02:31:00.000Z,76.11,-79.12,61.05,-15.06,0,0.43,4162.37,4160.82,,,SELL,USD,1,1,1583663
D#1670920,XAUUSD,100,288230376154258516,288230376152968551,288230376163473815,288230376163472731,213,2026-06-23T02:27:54.000Z,2026-06-23T02:31:27.000Z,-50.6,48.99,-58.66,-8.06,0,0.23,4161.73,4159.31,,,BUY,USD,1,1,1583663
D#1702529,XAUUSD,100,288230376154258598,288230376152968628,288230376163474291,288230376163473616,181,2026-06-23T02:30:50.000Z,2026-06-23T02:33:51.000Z,23.7,-24.4,20.2,-3.5,0,0.1,4160.47,4158.32,4164.98,4159.11,SELL,USD,1,1,1583663
D#1702437,XAUUSD,100,288230376154258651,288230376152968568,288230376163472949,288230376163472945,342,2026-06-23T02:28:39.000Z,2026-06-23T02:34:21.000Z,-49.3,48.599999999999994,-52.8,-3.5,0,0.1,4162.96,4157.81,4157.71,4176.1,BUY,USD,1,1,1583663
D#1702699,XAUUSD,100,288230376154258653,288230376152968644,288230376163474347,288230376163473827,172,2026-06-23T02:31:29.000Z,2026-06-23T02:34:21.000Z,-21.5,20.8,-25.0,-3.5,0,0.1,4160.18,4157.81,4157.4,4198,BUY,USD,1,1,1583663
D#1702364,XAUUSD,100,288230376154258655,288230376152968692,288230376163474728,288230376163474622,19,2026-06-23T02:34:03.000Z,2026-06-23T02:34:22.000Z,26.55,-29.7,10.79,-15.76,0,0.45,4158.05,4157.68,,,SELL,USD,1,1,1583663
D#1670968,XAUUSD,100,288230376154258699,288230376152968678,288230376163474867,288230376163474420,94,2026-06-23T02:33:27.000Z,2026-06-23T02:35:01.000Z,96.25,-98.0,87.49,-8.76,0,0.25,4160.23,4156.6,4159.67,4156.53,SELL,USD,1,1,1583663
D#1702570,XAUUSD,100,288230376154258715,288230376152968698,288230376163475001,288230376163474685,56,2026-06-23T02:34:14.000Z,2026-06-23T02:35:10.000Z,56.1,-58.2,45.6,-10.5,0,0.3,4158.14,4156.49,,4153.75,SELL,USD,1,1,1583663
D#1702454,XAUUSD,100,288230376154258751,288230376152968699,288230376163475277,288230376163474718,101,2026-06-23T02:34:20.000Z,2026-06-23T02:36:01.000Z,0.29,-0.36,-0.07,-0.36,0,0.01,4157.75,4157.68,,,SELL,USD,1,1,1583663
D#1671051,XAUUSD,100,288230376154258805,288230376152968740,288230376163475822,288230376163475033,170,2026-06-23T02:35:14.000Z,2026-06-23T02:38:04.000Z,-41,39.6,-48.0,-7,0,0.2,4156.67,4158.94,4158.52,,SELL,USD,1,1,1583663
D#1702361,XAUUSD,100,288230376154258873,288230376152968204,288230376163468768,288230376163468614,1548,2026-06-23T02:14:57.000Z,2026-06-23T02:40:45.000Z,17.9,-18.599999999999998,14.4,-3.5,0,0.1,4153.66,4155.23,4155.84,4189.54,BUY,USD,1,1,1583663
D#1702364,XAUUSD,100,288230376154258878,288230376152968728,288230376163476630,288230376163474967,341,2026-06-23T02:35:05.000Z,2026-06-23T02:40:46.000Z,40.5,-43.65,24.74,-15.76,0,0.45,4156.18,4155.5,,,SELL,USD,1,1,1583663
D#1702437,XAUUSD,100,288230376154258893,288230376152968744,288230376163475408,288230376163475085,332,2026-06-23T02:35:23.000Z,2026-06-23T02:40:55.000Z,-34.6,33.2,-41.6,-7,0,0.2,4156.98,4155.03,4155.18,4164.76,BUY,USD,1,1,1583663
D#1702379,XAUUSD,100,288230376154258912,288230376152968737,288230376163475116,288230376163475002,357,2026-06-23T02:35:10.000Z,2026-06-23T02:41:07.000Z,-49.6,48.2,-56.6,-7,0,0.2,4156.48,4153.78,4154.02,4159.54,BUY,USD,1,1,1583663
D#1670968,XAUUSD,100,288230376154258917,288230376152968763,288230376163475724,288230376163475387,284,2026-06-23T02:36:23.000Z,2026-06-23T02:41:07.000Z,19.6,-19.950000000000003,17.84,-1.76,0,0.05,4157.68,4153.98,4156.82,4153.87,SELL,USD,1,1,1583663
D#1702364,XAUUSD,100,288230376154258922,288230376152968837,288230376163476760,288230376163476705,10,2026-06-23T02:40:58.000Z,2026-06-23T02:41:08.000Z,22.5,-25.65,6.74,-15.76,0,0.45,4154.17,4153.89,,,SELL,USD,1,1,1583663
D#1702624,XAUUSD,100,288230376154258942,288230376152968650,288230376163473926,288230376163473923,575,2026-06-23T02:31:47.000Z,2026-06-23T02:41:22.000Z,139.6,-141.0,132.6,-7,0,0.2,4159.55,4152.79,4165,4152.64,SELL,USD,1,1,1583663
D#1645644,XAUUSD,100,288230376154258978,288230376152968844,288230376163477078,288230376163476765,57,2026-06-23T02:41:09.000Z,2026-06-23T02:42:06.000Z,-39.9,37.8,-50.4,-10.5,0,0.3,4153.51,4155.06,,,SELL,USD,1,1,1583663
D#1670971,XAUUSD,100,288230376154258984,288230376152968814,288230376163477107,288230376163476407,133,2026-06-23T02:39:59.000Z,2026-06-23T02:42:12.000Z,6.02,-6.159999999999999,5.32,-0.7,0,0.02,4158.06,4155.27,4157.82,,SELL,USD,1,1,1583663
D#1671051,XAUUSD,100,288230376154258986,288230376152968833,288230376163476924,288230376163476674,79,2026-06-23T02:40:54.000Z,2026-06-23T02:42:13.000Z,24.68,-26.08,17.68,-7,0,0.2,4155.46,4155.49,4155.22,,SELL,USD,1,1,1583663
D#1702364,XAUUSD,100,288230376154259078,288230376152968917,288230376163477980,288230376163477815,34,2026-06-23T02:44:29.000Z,2026-06-23T02:45:03.000Z,35.55,-38.699999999999996,19.79,-15.76,0,0.45,4154.24,4153.67,,,SELL,USD,1,1,1583663
D#1614619,XAUUSD,100,288230376154259119,288230376152968938,288230376163478451,288230376163478319,28,2026-06-23T02:46:15.000Z,2026-06-23T02:46:43.000Z,-2.58,2.37,-3.64,-1.06,0,0.03,4155.4,4154.32,,,BUY,USD,1,1,1583663
D#1702395,XAUUSD,100,288230376154259147,288230376152968891,288230376163477458,288230376163477330,267,2026-06-23T02:42:49.000Z,2026-06-23T02:47:16.000Z,-3.46,3.39,-3.82,-0.36,0,0.01,4155.98,4152.3,4152.62,4163.93,BUY,USD,1,1,1583663
D#1702437,XAUUSD,100,288230376154259150,288230376152968864,288230376163477290,288230376163477031,319,2026-06-23T02:41:58.000Z,2026-06-23T02:47:17.000Z,-47.4,46.0,-54.4,-7,0,0.2,4154.59,4152,4152.35,4162.3,BUY,USD,1,1,1583663
D#1670947,XAUUSD,100,288230376154259180,288230376152968904,288230376163478785,288230376163477565,250,2026-06-23T02:43:37.000Z,2026-06-23T02:47:47.000Z,83.7,-85.8,73.2,-10.5,0,0.3,4155.15,4152.58,,4152,SELL,USD,1,1,1583663
D#1670971,XAUUSD,100,288230376154259194,288230376152968918,288230376163478869,288230376163477827,212,2026-06-23T02:44:31.000Z,2026-06-23T02:48:03.000Z,22.77,-24.38,14.71,-8.06,0,0.23,4154.17,4153.4,,,SELL,USD,1,1,1583663
D#1702675,XAUUSD,100,288230376154259323,288230376152969032,288230376163480079,288230376163480008,14,2026-06-23T02:52:01.000Z,2026-06-23T02:52:15.000Z,9.7,-10.399999999999999,6.2,-3.5,0,0.1,4154.49,4155.24,,,BUY,USD,1,1,1583663
D#1670971,XAUUSD,100,288230376154259357,288230376152969030,288230376163480498,288230376163479985,117,2026-06-23T02:51:56.000Z,2026-06-23T02:53:53.000Z,2.07,-3.6799999999999997,-5.99,-8.06,0,0.23,4154.57,4154.7,,,SELL,USD,1,1,1583663
D#1670971,XAUUSD,100,288230376154259371,288230376152969056,288230376163480601,288230376163480550,12,2026-06-23T02:54:03.000Z,2026-06-23T02:54:15.000Z,28.98,-30.59,20.92,-8.06,0,0.23,4154.68,4153.64,,,SELL,USD,1,1,1583663
D#1670971,XAUUSD,100,288230376154259386,288230376152969065,288230376163480679,288230376163480646,7,2026-06-23T02:54:22.000Z,2026-06-23T02:54:29.000Z,1.61,-3.22,-6.45,-8.06,0,0.23,4153.33,4153.48,,,SELL,USD,1,1,1583663
D#1670971,XAUUSD,100,288230376154259401,288230376152969072,288230376163480743,288230376163480711,6,2026-06-23T02:54:34.000Z,2026-06-23T02:54:40.000Z,11.27,-12.879999999999999,3.21,-8.06,0,0.23,4152.79,4152.52,,,SELL,USD,1,1,1583663
D#1670971,XAUUSD,100,288230376154259584,288230376152969136,288230376163481752,288230376163481558,40,2026-06-23T02:57:06.000Z,2026-06-23T02:57:46.000Z,25.76,-27.37,17.7,-8.06,0,0.23,4153.33,4152.43,,,SELL,USD,1,1,1583663
D#1702422,XAUUSD,100,288230376154259611,288230376152968669,288230376163475208,288230376163474181,1522,2026-06-23T02:32:37.000Z,2026-06-23T02:57:59.000Z,447.12,-450.34000000000003,431.02,-16.1,0,0.46,4160.46,4150.96,,4150.59,SELL,USD,1,1,1583663
D#1702432,XAUUSD,100,288230376154259626,288230376152968208,288230376163481862,288230376163468647,2582,2026-06-23T02:15:04.000Z,2026-06-23T02:58:06.000Z,32,-32.7,28.5,-3.5,0,0.1,4153.8,4150.82,4179.12,4142.19,SELL,USD,1,1,1583663
D#1671051,XAUUSD,100,288230376154259650,288230376152969149,288230376163481950,288230376163481780,29,2026-06-23T02:57:53.000Z,2026-06-23T02:58:22.000Z,21,-22.4,14.0,-7,0,0.2,4151.99,4151.16,,,SELL,USD,1,1,1583663
D#1670920,XAUUSD,100,288230376154259676,288230376152968652,288230376163482091,288230376163473945,1615,2026-06-23T02:31:52.000Z,2026-06-23T02:58:47.000Z,280.2,-282.3,269.7,-10.5,0,0.3,4159.58,4150.46,4157.92,4149.94,SELL,USD,1,1,1583663
D#1589408,XAUUSD,100,288230376154259694,288230376152968446,288230376163471323,288230376163471322,2153,2026-06-23T02:23:08.000Z,2026-06-23T02:59:01.000Z,-42.55,42.199999999999996,-44.31,-1.76,0,0.05,4158.56,4149.83,4150.1,,BUY,USD,1,1,1583663
D#1645644,XAUUSD,100,288230376154259693,288230376152968872,288230376163482183,288230376163477112,1009,2026-06-23T02:42:12.000Z,2026-06-23T02:59:01.000Z,-164.7,162.6,-175.2,-10.5,0,0.3,4155.54,4149.83,,4162.22,BUY,USD,1,1,1583663
D#1702379,XAUUSD,100,288230376154259700,288230376152968960,288230376163478764,288230376163478644,701,2026-06-23T02:47:20.000Z,2026-06-23T02:59:01.000Z,-48.8,47.4,-55.8,-7,0,0.2,4152.49,4149.83,4150.13,4157.41,BUY,USD,1,1,1583663
D#1702529,XAUUSD,100,288230376154259715,288230376152968715,288230376163475121,288230376163474863,1458,2026-06-23T02:34:46.000Z,2026-06-23T02:59:04.000Z,-127.2,126.15,-132.46,-5.26,0,0.15,4157.48,4148.78,4149.34,4165.41,BUY,USD,1,1,1583663
D#1702382,XAUUSD,100,288230376154259718,288230376152968783,288230376163476198,288230376163475832,1268,2026-06-23T02:37:56.000Z,2026-06-23T02:59:04.000Z,444,-447.5,426.5,-17.5,0,0.5,4157.75,4149.09,,4149.32,SELL,USD,1,1,1583663
D#1702381,XAUUSD,100,288230376154259814,288230376152969113,288230376163482284,288230376163481279,178,2026-06-23T02:56:16.000Z,2026-06-23T02:59:14.000Z,-68.5,67.8,-72.0,-3.5,0,0.1,4155.04,4147.97,,,BUY,USD,1,1,1583663
D#1670947,XAUUSD,100,288230376154259852,288230376152969174,288230376163482346,288230376163481995,50,2026-06-23T02:58:31.000Z,2026-06-23T02:59:21.000Z,89.7,-91.8,79.2,-10.5,0,0.3,4150.7,4147.93,,,SELL,USD,1,1,1583663
D#1670977,XAUUSD,100,288230376154259878,288230376152969054,288230376163480948,288230376163480522,340,2026-06-23T02:53:58.000Z,2026-06-23T02:59:38.000Z,-36.2,35.85,-37.96,-1.76,0,0.05,4154.33,4146.87,4147,4177.7,BUY,USD,1,1,1583663
D#1702586,XAUUSD,100,288230376154259899,288230376152968029,288230376163466920,288230376163466817,2994,2026-06-23T02:09:53.000Z,2026-06-23T02:59:47.000Z,88.8,-90.2,81.8,-7,0,0.2,4151.16,4146.94,,4146.87,SELL,USD,1,1,1583663
D#1702495,XAUUSD,100,288230376154260032,288230376152968255,288230376163469097,288230376163469095,2697,2026-06-23T02:16:11.000Z,2026-06-23T03:01:08.000Z,-32.43,32.22,-33.49,-1.06,0,0.03,4157.27,4146.24,4146.46,4197.17,BUY,USD,1,1,1583663
D#1670941,XAUUSD,100,288230376154260081,288230376152968087,288230376163467572,288230376163467328,3015,2026-06-23T02:11:18.000Z,2026-06-23T03:01:33.000Z,75.15,-76.2,69.89,-5.26,0,0.15,4149.82,4145.03,,4145.02,SELL,USD,1,1,1583663
D#1702515,XAUUSD,100,288230376154260100,288230376152967575,288230376163483397,288230376163462696,3773,2026-06-23T01:58:47.000Z,2026-06-23T03:01:40.000Z,-159.6,158.9,-163.1,-3.5,0,0.1,4161.03,4144.85,4132.18,4179.3,BUY,USD,1,1,1583663
D#1670971,XAUUSD,100,288230376154260103,288230376152969316,288230376163483407,288230376163483188,28,2026-06-23T03:01:13.000Z,2026-06-23T03:01:41.000Z,48.3,-49.91,40.24,-8.06,0,0.23,4146.68,4144.8,,,SELL,USD,1,1,1583663
D#1702340,XAUUSD,100,288230376154260107,288230376152968393,288230376163471021,288230376163470719,2438,2026-06-23T02:21:06.000Z,2026-06-23T03:01:44.000Z,-91.07,90.58,-93.53,-2.46,0,0.07,4158.13,4144.9,4144.66,4172.4,BUY,USD,1,1,1583663
D#1670971,XAUUSD,100,288230376154260139,288230376152969345,288230376163483552,288230376163483457,12,2026-06-23T03:01:51.000Z,2026-06-23T03:02:03.000Z,1.61,-3.22,-6.45,-8.06,0,0.23,4144.48,4144.63,,,SELL,USD,1,1,1583663
D#1671066,XAUUSD,100,288230376154260193,288230376152968786,288230376163483681,288230376163475862,1458,2026-06-23T02:38:01.000Z,2026-06-23T03:02:19.000Z,427.5,-429.25,418.74,-8.76,0,0.25,4158.17,4141.29,,,SELL,USD,1,1,1583663
D#1702515,XAUUSD,100,288230376154260214,288230376152969342,288230376163483721,288230376163483437,37,2026-06-23T03:01:48.000Z,2026-06-23T03:02:25.000Z,116,-118.8,102.0,-14,0,0.4,4144.4,4141.72,,,SELL,USD,1,1,1583663
D#1670971,XAUUSD,100,288230376154260232,288230376152969379,288230376163483782,288230376163483712,10,2026-06-23T03:02:24.000Z,2026-06-23T03:02:34.000Z,-31.74,30.13,-39.8,-8.06,0,0.23,4141.25,4142.85,,,SELL,USD,1,1,1583663
D#1702456,XAUUSD,100,288230376154260297,288230376152969312,288230376163483543,288230376163483149,154,2026-06-23T03:01:07.000Z,2026-06-23T03:03:41.000Z,123,-124.4,116.0,-7,0,0.2,4146.46,4140.53,4148.18,4140.64,SELL,USD,1,1,1583663
D#1670971,XAUUSD,100,288230376154260304,288230376152969422,288230376163484204,288230376163484119,14,2026-06-23T03:03:28.000Z,2026-06-23T03:03:42.000Z,-90.25,88.5,-99.01,-8.76,0,0.25,4144.3,4140.47,,,BUY,USD,1,1,1583663
D#1670971,XAUUSD,100,288230376154260396,288230376152969428,288230376163484912,288230376163484214,137,2026-06-23T03:03:45.000Z,2026-06-23T03:06:02.000Z,-11.5,9.75,-20.26,-8.76,0,0.25,4140.32,4141,,,SELL,USD,1,1,1583663
D#1702379,XAUUSD,100,288230376154260413,288230376152969398,288230376163484152,288230376163483879,206,2026-06-23T03:02:47.000Z,2026-06-23T03:06:13.000Z,58.4,-59.8,51.4,-7,0,0.2,4142.71,4140.01,4145.32,4140.05,SELL,USD,1,1,1583663
D#1670971,XAUUSD,100,288230376154260426,288230376152969484,288230376163484992,288230376163484932,8,2026-06-23T03:06:06.000Z,2026-06-23T03:06:14.000Z,-28.5,26.75,-37.26,-8.76,0,0.25,4141.06,4139.7,,,BUY,USD,1,1,1583663
D#1670971,XAUUSD,100,288230376154260461,288230376152969498,288230376163485128,288230376163485012,22,2026-06-23T03:06:17.000Z,2026-06-23T03:06:39.000Z,-29,27.25,-37.76,-8.76,0,0.25,4139.89,4141.27,,,SELL,USD,1,1,1583663
D#1702456,XAUUSD,100,288230376154260500,288230376152969494,288230376163485202,288230376163484991,75,2026-06-23T03:06:14.000Z,2026-06-23T03:07:29.000Z,-52.2,50.800000000000004,-59.2,-7,0,0.2,4139.69,4142.52,4142.34,4133.98,SELL,USD,1,1,1583663
D#1702456,XAUUSD,100,288230376154260765,288230376152969580,288230376163486327,288230376163486044,161,2026-06-23T03:09:12.000Z,2026-06-23T03:11:53.000Z,118.4,-121.2,104.4,-14,0,0.4,4142.52,4139.78,4143.29,4139.68,SELL,USD,1,1,1583663
D#1670971,XAUUSD,100,288230376154260857,288230376152969657,288230376163487402,288230376163487024,66,2026-06-23T03:12:05.000Z,2026-06-23T03:13:11.000Z,-66.5,64.75,-75.26,-8.76,0,0.25,4139.39,4142.27,,,SELL,USD,1,1,1583663
D#1670975,XAUUSD,100,288230376154260862,288230376152969650,288230376163487150,288230376163486971,83,2026-06-23T03:11:57.000Z,2026-06-23T03:13:20.000Z,64.4,-65.80000000000001,57.4,-7,0,0.2,4140.01,4143.01,4136.26,4142.87,BUY,USD,1,1,1583663
D#1702379,XAUUSD,100,288230376154260925,288230376152969510,288230376163485310,288230376163485174,497,2026-06-23T03:06:48.000Z,2026-06-23T03:15:05.000Z,-50,48.6,-57.0,-7,0,0.2,4140.78,4143.5,4143.32,4138.06,SELL,USD,1,1,1583663
D#1702456,XAUUSD,100,288230376154260999,288230376152969729,288230376163488381,288230376163488120,75,2026-06-23T03:15:17.000Z,2026-06-23T03:16:32.000Z,123.6,-126.39999999999999,109.6,-14,0,0.4,4142.55,4139.68,4144.29,4139.78,SELL,USD,1,1,1583663
D#1702445,XAUUSD,100,288230376154261097,288230376152969795,288230376163488955,288230376163488880,11,2026-06-23T03:17:35.000Z,2026-06-23T03:17:46.000Z,11.6,-14.4,-2.4,-14,0,0.4,4138.74,4138.81,,,BUY,USD,1,1,1583663
D#1702753,XAUUSD,100,288230376154261136,288230376152969759,288230376163488901,288230376163488486,104,2026-06-23T03:16:25.000Z,2026-06-23T03:18:09.000Z,-8,7.86,-8.7,-0.7,0,0.02,4141.95,4137.73,4137.76,4176.21,BUY,USD,1,1,1583663
D#1670947,XAUUSD,100,288230376154261144,288230376152969486,288230376163489113,288230376163484942,724,2026-06-23T03:06:08.000Z,2026-06-23T03:18:12.000Z,86.1,-88.19999999999999,75.6,-10.5,0,0.3,4140.81,4138.16,4144.5,4137.6,SELL,USD,1,1,1583663
D#1670972,XAUUSD,100,288230376154261167,288230376152969176,288230376163482212,288230376163482012,1179,2026-06-23T02:58:34.000Z,2026-06-23T03:18:13.000Z,150.1,-150.79999999999998,146.6,-3.5,0,0.1,4150.7,4135.91,4171.6,4137.15,SELL,USD,1,1,1583663
D#1702495,XAUUSD,100,288230376154261156,288230376152969488,288230376163484955,288230376163484952,724,2026-06-23T03:06:09.000Z,2026-06-23T03:18:13.000Z,-14.19,13.979999999999999,-15.25,-1.06,0,0.03,4141.09,4136.14,4137,4176.53,BUY,USD,1,1,1583663
D#1702586,XAUUSD,100,288230376154261154,288230376152969533,288230376163485652,288230376163485467,635,2026-06-23T03:07:38.000Z,2026-06-23T03:18:13.000Z,117.6,-119.0,110.6,-7,0,0.2,4142.05,4136.39,,4137.22,SELL,USD,1,1,1583663
D#1702361,XAUUSD,100,288230376154261172,288230376152969596,288230376163486403,288230376163486176,518,2026-06-23T03:09:35.000Z,2026-06-23T03:18:13.000Z,-51,50.3,-54.5,-3.5,0,0.1,4141.46,4136.14,4136.79,4178.4,BUY,USD,1,1,1583663
D#1702366,XAUUSD,100,288230376154261220,288230376152969334,288230376163489184,288230376163468002,1009,2026-06-23T03:01:31.000Z,2026-06-23T03:18:20.000Z,-103.5,102.8,-107.0,-3.5,0,0.1,4145.74,4135.17,4134.15,4198.47,BUY,USD,1,1,1583663
D#1702492,XAUUSD,100,288230376154261222,288230376152969592,288230376163489188,288230376163486147,531,2026-06-23T03:09:30.000Z,2026-06-23T03:18:21.000Z,-303,299.5,-320.5,-17.5,0,0.5,4141.48,4135.2,,4148.71,BUY,USD,1,1,1583663
D#1702445,XAUUSD,100,288230376154261273,288230376152969809,288230376163489332,288230376163488986,52,2026-06-23T03:17:50.000Z,2026-06-23T03:18:42.000Z,156.4,-159.20000000000002,142.4,-14,0,0.4,4138.59,4134.9,,,SELL,USD,1,1,1583663
D#1671070,XAUUSD,100,288230376154261283,288230376152969019,288230376163489380,288230376163479745,1667,2026-06-23T02:51:03.000Z,2026-06-23T03:18:50.000Z,-420.4,419.0,-427.4,-7,0,0.2,4155.63,4134.39,,,BUY,USD,1,1,1583663
D#1670977,XAUUSD,100,288230376154261331,288230376152969403,288230376163484045,288230376163483943,981,2026-06-23T03:02:59.000Z,2026-06-23T03:19:20.000Z,-50.3,49.949999999999996,-52.06,-1.76,0,0.05,4143.19,4132.91,4133,4166.7,BUY,USD,1,1,1583663
D#1702586,XAUUSD,100,288230376154261474,288230376152969887,288230376163490417,288230376163489863,100,2026-06-23T03:20:09.000Z,2026-06-23T03:21:49.000Z,-37.2,35.800000000000004,-44.2,-7,0,0.2,4134.68,4132.6,,4137.55,BUY,USD,1,1,1583663
D#1702583,XAUUSD,100,288230376154261580,288230376152969964,288230376163491116,288230376163490909,35,2026-06-23T03:23:07.000Z,2026-06-23T03:23:42.000Z,0.8,-1.5,-2.7,-3.5,0,0.1,4133.08,4132.94,,,BUY,USD,1,1,1583663
D#1702520,XAUUSD,100,288230376154261725,288230376152969981,288230376163491304,288230376163491195,136,2026-06-23T03:23:56.000Z,2026-06-23T03:26:12.000Z,124.2,-126.3,113.7,-10.5,0,0.3,4133.01,4136.93,,4136.58,BUY,USD,1,1,1583663
D#1702379,XAUUSD,100,288230376154261728,288230376152969898,288230376163490105,288230376163489967,347,2026-06-23T03:20:27.000Z,2026-06-23T03:26:14.000Z,-50.8,49.4,-57.8,-7,0,0.2,4134.79,4137.55,4137.38,4130.01,SELL,USD,1,1,1583663
D#1702445,XAUUSD,100,288230376154261750,288230376152969907,288230376163491852,288230376163490153,340,2026-06-23T03:21:03.000Z,2026-06-23T03:26:43.000Z,123.2,-126.0,109.2,-14,0,0.4,4135.32,4138.18,,4138.3,BUY,USD,1,1,1583663
D#1614619,XAUUSD,100,288230376154261795,288230376152969926,288230376163491986,288230376163490334,345,2026-06-23T03:21:35.000Z,2026-06-23T03:27:20.000Z,22.68,-22.89,21.62,-1.06,0,0.03,4132.2,4139.54,,4139,BUY,USD,1,1,1583663
D#1702728,XAUUSD,100,288230376154261819,288230376152969915,288230376163492579,288230376163490234,384,2026-06-23T03:21:16.000Z,2026-06-23T03:27:40.000Z,-226.87,223.44,-244.03,-17.16,0,0.49,4134.54,4139.39,,4127.13,SELL,USD,1,1,1583663
D#1702583,XAUUSD,100,288230376154261845,288230376152969994,288230376163492758,288230376163491290,234,2026-06-23T03:24:12.000Z,2026-06-23T03:28:06.000Z,241.5,-245.0,224.0,-17.5,0,0.5,4132.73,4137.34,,4140.12,BUY,USD,1,1,1583663
D#1702583,XAUUSD,100,288230376154261866,288230376152970113,288230376163492902,288230376163492814,15,2026-06-23T03:28:16.000Z,2026-06-23T03:28:31.000Z,110.5,-114.0,93.0,-17.5,0,0.5,4137.85,4139.84,,,BUY,USD,1,1,1583663
D#1702583,XAUUSD,100,288230376154261885,288230376152970122,288230376163493034,288230376163492972,11,2026-06-23T03:28:44.000Z,2026-06-23T03:28:55.000Z,-17.5,14.0,-35.0,-17.5,0,0.5,4139.46,4140.03,,,SELL,USD,1,1,1583663
D#1702583,XAUUSD,100,288230376154261904,288230376152970135,288230376163493247,288230376163493072,29,2026-06-23T03:29:03.000Z,2026-06-23T03:29:32.000Z,-1.52,1.24,-2.92,-1.4,0,0.04,4139.52,4140.12,,4138.32,SELL,USD,1,1,1583663
D#1702364,XAUUSD,100,288230376154261913,288230376152970086,288230376163493286,288230376163492470,136,2026-06-23T03:27:21.000Z,2026-06-23T03:29:37.000Z,24.75,-27.9,8.99,-15.76,0,0.45,4140.13,4140.46,,,BUY,USD,1,1,1583663
D#1702583,XAUUSD,100,288230376154262025,288230376152970151,288230376163494126,288230376163493320,157,2026-06-23T03:29:43.000Z,2026-06-23T03:32:20.000Z,-2.52,2.24,-3.92,-1.4,0,0.04,4140.09,4140.94,,4137.91,SELL,USD,1,1,1583663
D#1589419,XAUUSD,100,288230376154262126,288230376152970244,288230376163494890,288230376163494480,78,2026-06-23T03:33:33.000Z,2026-06-23T03:34:51.000Z,54,-56.8,40.0,-14,0,0.4,4140.26,4139.13,4143.24,,SELL,USD,1,1,1583663
D#1589419,XAUUSD,100,288230376154262145,288230376152970290,288230376163495033,288230376163494997,7,2026-06-23T03:35:16.000Z,2026-06-23T03:35:23.000Z,-69.6,65.39999999999999,-90.6,-21,0,0.6,4139.27,4140.65,,,SELL,USD,1,1,1583663
D#1702374,XAUUSD,100,288230376154262148,288230376152970225,288230376163495045,288230376163494264,154,2026-06-23T03:32:52.000Z,2026-06-23T03:35:26.000Z,-105.61,101.48,-126.27,-20.66,0,0.59,4139.15,4141.16,,4132.27,SELL,USD,1,1,1583663
D#1671089,XAUUSD,100,288230376154262153,288230376152969925,288230376163495069,288230376163490326,836,2026-06-23T03:21:34.000Z,2026-06-23T03:35:30.000Z,-171.6,170.2,-178.6,-7,0,0.2,4132.32,4141.12,,,SELL,USD,1,1,1583663
D#1702379,XAUUSD,100,288230376154262241,288230376152970148,288230376163493427,288230376163493288,429,2026-06-23T03:29:37.000Z,2026-06-23T03:36:46.000Z,-52.2,50.800000000000004,-59.2,-7,0,0.2,4140.6,4137.77,4138.13,4145.53,BUY,USD,1,1,1583663
D#1702445,XAUUSD,100,288230376154262248,288230376152970083,288230376163494110,288230376163492449,570,2026-06-23T03:27:19.000Z,2026-06-23T03:36:49.000Z,-60.4,57.6,-74.4,-14,0,0.4,4138.76,4137.03,4137.27,4141.8,BUY,USD,1,1,1583663
D#1670955,XAUUSD,100,288230376154262267,288230376152970345,288230376163495582,288230376163495475,15,2026-06-23T03:36:43.000Z,2026-06-23T03:36:58.000Z,31,-34.5,13.5,-17.5,0,0.5,4138.57,4138.17,,,SELL,USD,1,1,1583663
D#1702395,XAUUSD,100,288230376154262332,288230376152970041,288230376163491919,288230376163491825,726,2026-06-23T03:25:42.000Z,2026-06-23T03:37:48.000Z,5.6,-6.3,2.1,-3.5,0,0.1,4135.18,4135.52,4135.67,4144.22,BUY,USD,1,1,1583663
D#1702583,XAUUSD,100,288230376154262337,288230376152970362,288230376163495892,288230376163495593,49,2026-06-23T03:37:00.000Z,2026-06-23T03:37:49.000Z,-130.9,127.05000000000001,-150.16,-19.26,0,0.55,4138.21,4135.61,,4141.67,BUY,USD,1,1,1583663
D#1614616,XAUUSD,100,288230376154262351,288230376152970370,288230376163495967,288230376163495653,51,2026-06-23T03:37:10.000Z,2026-06-23T03:38:01.000Z,10.9,-11.6,7.4,-3.5,0,0.1,4137.71,4136.84,,,SELL,USD,1,1,1583663
D#1702364,XAUUSD,100,288230376154262389,288230376152970405,288230376163496193,288230376163495921,48,2026-06-23T03:37:52.000Z,2026-06-23T03:38:40.000Z,33.75,-36.9,17.99,-15.76,0,0.45,4135.98,4135.45,,,SELL,USD,1,1,1583663
D#1702445,XAUUSD,100,288230376154262397,288230376152970367,288230376163495938,288230376163495630,98,2026-06-23T03:37:07.000Z,2026-06-23T03:38:45.000Z,124.8,-127.6,110.8,-14,0,0.4,4138.12,4135.22,,4135.2,SELL,USD,1,1,1583663
D#1702456,XAUUSD,100,288230376154262405,288230376152970372,288230376163495769,288230376163495675,94,2026-06-23T03:37:15.000Z,2026-06-23T03:38:49.000Z,133.77,-136.5,120.11,-13.66,0,0.39,4137.18,4133.97,4138.33,4134.22,SELL,USD,1,1,1583663
D#1702724,XAUUSD,100,288230376154262449,288230376152970040,288230376163496518,288230376163491823,824,2026-06-23T03:25:42.000Z,2026-06-23T03:39:26.000Z,-2,-1.5,-19.5,-17.5,0,0.5,4135.18,4134.92,,4146.59,BUY,USD,1,1,1583663
D#1702374,XAUUSD,100,288230376154262527,288230376152970359,288230376163496222,288230376163495573,244,2026-06-23T03:36:57.000Z,2026-06-23T03:41:01.000Z,102.06,-105.84,83.16,-18.9,0,0.54,4137.79,4136.12,4135.98,4133.36,SELL,USD,1,1,1583663
D#1671089,XAUUSD,100,288230376154262570,288230376152970511,288230376163497335,288230376163497106,39,2026-06-23T03:41:08.000Z,2026-06-23T03:41:47.000Z,-21.2,19.8,-28.2,-7,0,0.2,4135.24,4136.52,,,SELL,USD,1,1,1583663
D#1702379,XAUUSD,100,288230376154262571,288230376152970476,288230376163497353,288230376163496735,107,2026-06-23T03:40:03.000Z,2026-06-23T03:41:50.000Z,-11.8,10.4,-18.8,-7,0,0.2,4135.57,4136.38,4137.9,4130.77,SELL,USD,1,1,1583663
D#1702395,XAUUSD,100,288230376154262681,288230376152970431,288230376163496454,288230376163496226,326,2026-06-23T03:38:45.000Z,2026-06-23T03:44:11.000Z,-45.2,43.800000000000004,-52.2,-7,0,0.2,4135.02,4137.5,4137.33,4125.71,SELL,USD,1,1,1583663
D#1614616,XAUUSD,100,288230376154262719,288230376152970432,288230376163498298,288230376163496243,363,2026-06-23T03:38:47.000Z,2026-06-23T03:44:50.000Z,-239,235.5,-256.5,-17.5,0,0.5,4134.36,4139.36,,,SELL,USD,1,1,1583663
D#1702374,XAUUSD,100,288230376154262720,288230376152970510,288230376163498304,288230376163497100,224,2026-06-23T03:41:07.000Z,2026-06-23T03:44:51.000Z,-220.59,216.6,-240.55,-19.96,0,0.57,4135.22,4139.31,,4132.53,SELL,USD,1,1,1583663
D#1702495,XAUUSD,100,288230376154262823,288230376152970081,288230376163498990,288230376163492437,1185,2026-06-23T03:27:17.000Z,2026-06-23T03:47:02.000Z,-4.26,4.05,-5.32,-1.06,0,0.03,4138.56,4136.92,4125.34,4174.07,BUY,USD,1,1,1583663
D#1702435,XAUUSD,100,288230376154262846,288230376152970667,288230376163499057,288230376163498953,75,2026-06-23T03:46:55.000Z,2026-06-23T03:48:10.000Z,-1.17,1.0999999999999999,-1.53,-0.36,0,0.01,4137.27,4138.66,4138.35,4136.05,SELL,USD,1,1,1583663
D#1670955,XAUUSD,100,288230376154262878,288230376152970385,288230376163499516,288230376163495737,683,2026-06-23T03:37:25.000Z,2026-06-23T03:48:48.000Z,-97,93.5,-114.5,-17.5,0,0.5,4137.05,4139.21,,,SELL,USD,1,1,1583663
D#1589419,XAUUSD,100,288230376154262880,288230376152970417,288230376163499527,288230376163496030,637,2026-06-23T03:38:13.000Z,2026-06-23T03:48:50.000Z,-148.5,145.0,-166.0,-17.5,0,0.5,4136.06,4139.25,,,SELL,USD,1,1,1583663
D#1702724,XAUUSD,100,288230376154262895,288230376152970465,288230376163499624,288230376163496592,571,2026-06-23T03:39:39.000Z,2026-06-23T03:49:10.000Z,-222,218.5,-239.5,-17.5,0,0.5,4135.48,4140.14,,4126.26,SELL,USD,1,1,1583663
D#1702583,XAUUSD,100,288230376154262932,288230376152970406,288230376163499990,288230376163495929,754,2026-06-23T03:37:55.000Z,2026-06-23T03:50:29.000Z,204.6,-208.45,185.34,-19.26,0,0.55,4136.18,4139.68,,4141.68,BUY,USD,1,1,1583663
D#1670975,XAUUSD,100,288230376154262958,288230376152970668,288230376163499085,288230376163498972,247,2026-06-23T03:47:00.000Z,2026-06-23T03:51:07.000Z,62.6,-64.0,55.6,-7,0,0.2,4137.47,4140.38,4133.93,4140.41,BUY,USD,1,1,1583663
D#1702456,XAUUSD,100,288230376154263061,288230376152970750,288230376163500648,288230376163500222,121,2026-06-23T03:51:19.000Z,2026-06-23T03:53:20.000Z,-3.2,3.06,-3.9,-0.7,0,0.02,4139.78,4141.6,4141.18,4137.23,SELL,USD,1,1,1583663
D#1702583,XAUUSD,100,288230376154263093,288230376152970746,288230376163501067,288230376163500203,171,2026-06-23T03:51:13.000Z,2026-06-23T03:54:04.000Z,-95.15,91.30000000000001,-114.41,-19.26,0,0.55,4139.91,4141.86,,4138.12,SELL,USD,1,1,1583663
D#1702583,XAUUSD,100,288230376154263100,288230376152970797,288230376163501118,288230376163501075,6,2026-06-23T03:54:06.000Z,2026-06-23T03:54:12.000Z,-6.6,2.749999999999999,-25.86,-19.26,0,0.55,4141.7,4141.36,,,BUY,USD,1,1,1583663
D#1702583,XAUUSD,100,288230376154263145,288230376152970802,288230376163501458,288230376163501154,61,2026-06-23T03:54:21.000Z,2026-06-23T03:55:22.000Z,35.75,-39.6,16.49,-19.26,0,0.55,4141.47,4141.04,,4139.39,SELL,USD,1,1,1583663
D#1670920,XAUUSD,100,288230376154263212,288230376152970586,288230376163498644,288230376163497992,788,2026-06-23T03:43:49.000Z,2026-06-23T03:56:57.000Z,96,-98.1,85.5,-10.5,0,0.3,4136.77,4139.75,4139.93,,BUY,USD,1,1,1583663
D#1702567,XAUUSD,100,288230376154263247,288230376152970266,288230376163495109,288230376163494712,1394,2026-06-23T03:34:20.000Z,2026-06-23T03:57:34.000Z,-39.1,38.4,-42.6,-3.5,0,0.1,4139.05,4143.18,4142.35,4127.55,SELL,USD,1,1,1583663
D#1702445,XAUUSD,100,288230376154263248,288230376152970613,288230376163498512,288230376163498338,756,2026-06-23T03:44:58.000Z,2026-06-23T03:57:34.000Z,163.2,-166.0,149.2,-14,0,0.4,4139.05,4142.91,4136.65,4142.1,BUY,USD,1,1,1583663
D#1702456,XAUUSD,100,288230376154263254,288230376152970786,288230376163501021,288230376163500901,247,2026-06-23T03:53:28.000Z,2026-06-23T03:57:35.000Z,-6.63,6.42,-7.69,-1.06,0,0.03,4140.76,4143.19,4143.08,4134.14,SELL,USD,1,1,1583663
D#1702490,XAUUSD,100,288230376154263271,288230376152970418,288230376163502172,288230376163496038,1176,2026-06-23T03:38:15.000Z,2026-06-23T03:57:51.000Z,-206.7,204.6,-217.2,-10.5,0,0.3,4136.43,4143.54,,4121.26,SELL,USD,1,1,1583663
D#1702432,XAUUSD,100,288230376154263274,288230376152969401,288230376163502203,288230376163483932,3301,2026-06-23T03:02:57.000Z,2026-06-23T03:57:58.000Z,5.5,-6.2,2.0,-3.5,0,0.1,4142.85,4143.18,4127.42,4154.36,BUY,USD,1,1,1583663
D#1702583,XAUUSD,100,288230376154263306,288230376152970865,288230376163502368,288230376163502173,35,2026-06-23T03:57:51.000Z,2026-06-23T03:58:26.000Z,0,-3.8500000000000005,-19.26,-19.26,0,0.55,4143.34,4143.56,,4141.83,SELL,USD,1,1,1583663
D#1702395,XAUUSD,100,288230376154263338,288230376152970646,288230376163499001,288230376163498718,764,2026-06-23T03:46:13.000Z,2026-06-23T03:58:57.000Z,129.8,-131.20000000000002,122.8,-7,0,0.2,4137.98,4144.25,4136.65,4144.22,BUY,USD,1,1,1583663
D#1702435,XAUUSD,100,288230376154263339,288230376152970704,288230376163500260,288230376163499586,597,2026-06-23T03:49:00.000Z,2026-06-23T03:58:57.000Z,-74.25,73.2,-79.51,-5.26,0,0.15,4139.31,4144.48,4144.31,4131.05,SELL,USD,1,1,1583663
D#1702624,XAUUSD,100,288230376154263360,288230376152970647,288230376163498728,288230376163498726,767,2026-06-23T03:46:15.000Z,2026-06-23T03:59:02.000Z,-145.4,144.0,-152.4,-7,0,0.2,4137.68,4145.17,4145,4130.21,SELL,USD,1,1,1583663
D#1702380,XAUUSD,100,288230376154263434,288230376152970037,288230376163492035,288230376163491796,2085,2026-06-23T03:25:39.000Z,2026-06-23T04:00:24.000Z,115.5,-116.2,112.0,-3.5,0,0.1,4134.44,4145.77,4126.96,4145.45,BUY,USD,1,1,1583663
D#1589408,XAUUSD,100,288230376154263474,288230376152970447,288230376163498958,288230376163496370,1298,2026-06-23T03:39:02.000Z,2026-06-23T04:00:40.000Z,-92.24,91.67999999999999,-95.04,-2.8,0,0.08,4134.51,4146.26,4146.14,4120.97,SELL,USD,1,1,1583663
D#1671089,XAUUSD,100,288230376154263592,288230376152970741,288230376163503841,288230376163500054,745,2026-06-23T03:50:43.000Z,2026-06-23T04:03:08.000Z,119.6,-121.0,112.6,-7,0,0.2,4139.72,4145.48,,,BUY,USD,1,1,1583663
D#1702489,XAUUSD,100,288230376154263632,288230376152970868,288230376163504135,288230376163502206,373,2026-06-23T03:57:58.000Z,2026-06-23T04:04:11.000Z,1.24,-1.31,0.88,-0.36,0,0.01,4143.38,4144.4,,,BUY,USD,1,1,1583663
D#1702361,XAUUSD,100,288230376154263665,288230376152969974,288230376163504524,288230376163491066,2525,2026-06-23T03:23:33.000Z,2026-06-23T04:05:38.000Z,108.2,-108.9,104.7,-3.5,0,0.1,4133.53,4144.13,4129.71,4178.49,BUY,USD,1,1,1583663
D#1702435,XAUUSD,100,288230376154263669,288230376152971014,288230376163503903,288230376163503846,158,2026-06-23T04:03:08.000Z,2026-06-23T04:05:46.000Z,-44.25,42.5,-53.01,-8.76,0,0.25,4145.89,4143.9,4144.04,4148.72,BUY,USD,1,1,1583663
D#1702617,XAUUSD,100,288230376154263719,288230376152971087,288230376163504909,288230376163504906,4,2026-06-23T04:06:52.000Z,2026-06-23T04:06:56.000Z,0.65,-1.0,-1.11,-1.76,0,0.05,4144.3,4144.21,4130.36,4144.29,BUY,USD,1,1,1583663
D#1702416,XAUUSD,100,288230376154263732,288230376152971086,288230376163505041,288230376163504883,34,2026-06-23T04:06:46.000Z,2026-06-23T04:07:20.000Z,-71.5,68.0,-89.0,-17.5,0,0.5,4142.97,4144.62,,,SELL,USD,1,1,1583663
D#1702442,XAUUSD,100,288230376154263933,288230376152971201,288230376163506534,288230376163506379,32,2026-06-23T04:12:03.000Z,2026-06-23T04:12:35.000Z,0.46,-0.6000000000000001,-0.24,-0.7,0,0.02,4142.29,4142.28,,,SELL,USD,1,1,1583663
D#1671083,XAUUSD,100,288230376154263976,288230376152971228,288230376163506905,288230376163506733,42,2026-06-23T04:13:19.000Z,2026-06-23T04:14:01.000Z,-57.6,54.45,-73.36,-15.76,0,0.45,4142.27,4143.77,4143.65,4141.18,SELL,USD,1,1,1583663
D#1671083,XAUUSD,100,288230376154264014,288230376152971243,288230376163507339,288230376163506981,76,2026-06-23T04:14:11.000Z,2026-06-23T04:15:27.000Z,36,-39.15,20.24,-15.76,0,0.45,4143.42,4142.84,4143.88,4141.78,SELL,USD,1,1,1583663
D#1702567,XAUUSD,100,288230376154264020,288230376152970907,288230376163507387,288230376163502606,989,2026-06-23T03:59:08.000Z,2026-06-23T04:15:37.000Z,-20.5,19.8,-24.0,-3.5,0,0.1,4144.49,4142.22,4141.76,4155.56,BUY,USD,1,1,1583663
D#1671083,XAUUSD,100,288230376154264037,288230376152971264,288230376163507507,288230376163507350,46,2026-06-23T04:15:29.000Z,2026-06-23T04:16:15.000Z,-34.65,31.5,-50.41,-15.76,0,0.45,4142.87,4141.88,4142,4143.35,BUY,USD,1,1,1583663
D#1671094,XAUUSD,100,288230376154264041,288230376152970577,288230376163498948,288230376163497828,1978,2026-06-23T03:43:18.000Z,2026-06-23T04:16:16.000Z,115.23,-116.84,107.17,-8.06,0,0.23,4136.7,4141.49,4141.77,4154.81,BUY,USD,1,1,1583663
D#1702416,XAUUSD,100,288230376154264065,288230376152971210,288230376163507640,288230376163506457,250,2026-06-23T04:12:17.000Z,2026-06-23T04:16:27.000Z,48.5,-52.0,31.0,-17.5,0,0.5,4142.26,4141.51,,,SELL,USD,1,1,1583663
D#1702416,XAUUSD,100,288230376154264078,288230376152971300,288230376163507708,288230376163507694,4,2026-06-23T04:16:38.000Z,2026-06-23T04:16:42.000Z,25,-28.5,7.5,-17.5,0,0.5,4141.61,4141.89,,,BUY,USD,1,1,1583663
D#1671051,XAUUSD,100,288230376154264086,288230376152970161,288230376163502288,288230376163493441,2810,2026-06-23T03:30:03.000Z,2026-06-23T04:16:53.000Z,57.45,-58.85,50.44,-7.01,0,0.2,4140.36,4140.64,4140.99,4198.1,BUY,USD,1,1,1583663
D#1702355,XAUUSD,100,288230376154264085,288230376152971219,288230376163507028,288230376163506571,251,2026-06-23T04:12:42.000Z,2026-06-23T04:16:53.000Z,12.11,-12.6,9.65,-2.46,0,0.07,4142.35,4140.84,,4140.78,SELL,USD,1,1,1583663
D#1702624,XAUUSD,100,288230376154264095,288230376152971183,288230376163507785,288230376163506185,332,2026-06-23T04:11:24.000Z,2026-06-23T04:16:56.000Z,-53,51.6,-60.0,-7,0,0.2,4143.86,4140.99,4140,4150.92,BUY,USD,1,1,1583663
D#1645671,XAUUSD,100,288230376154264130,288230376152968857,288230376163507922,288230376163476910,5815,2026-06-23T02:41:35.000Z,2026-06-23T04:18:30.000Z,-111.68,111.12,-114.48,-2.8,0,0.08,4154.31,4140.13,4140.31,4166.4,BUY,USD,1,1,1583663
D#1671083,XAUUSD,100,288230376154264132,288230376152971293,288230376163507773,288230376163507644,122,2026-06-23T04:16:28.000Z,2026-06-23T04:18:30.000Z,-56.25,53.1,-72.01,-15.76,0,0.45,4141.58,4140.11,4140.41,4143.52,BUY,USD,1,1,1583663
D#1670947,XAUUSD,100,288230376154264150,288230376152971259,288230376163508259,288230376163507222,224,2026-06-23T04:15:04.000Z,2026-06-23T04:18:48.000Z,67.5,-69.6,57.0,-10.5,0,0.3,4142.91,4140.88,4146.04,4140.16,SELL,USD,1,1,1583663
D#1671083,XAUUSD,100,288230376154264197,288230376152971358,288230376163508505,288230376163508318,42,2026-06-23T04:18:59.000Z,2026-06-23T04:19:41.000Z,-37.35,34.2,-53.11,-15.76,0,0.45,4141.11,4140.06,4140.1,4143.19,BUY,USD,1,1,1583663
D#1702525,XAUUSD,100,288230376154264202,288230376152970633,288230376163498985,288230376163498524,2050,2026-06-23T03:45:36.000Z,2026-06-23T04:19:46.000Z,134.95,-137.75,120.94,-14.01,0,0.4,4138.69,4139.43,4139.65,4218.55,BUY,USD,1,1,1583663
D#1670975,XAUUSD,100,288230376154264204,288230376152970880,288230376163502513,288230376163502327,1287,2026-06-23T03:58:19.000Z,2026-06-23T04:19:46.000Z,64.6,-66.0,57.6,-7,0,0.2,4142.67,4139.66,4147.44,4139.55,SELL,USD,1,1,1583663
D#1702456,XAUUSD,100,288230376154264212,288230376152971223,288230376163506848,288230376163506655,407,2026-06-23T04:13:00.000Z,2026-06-23T04:19:47.000Z,29,-29.7,25.5,-3.5,0,0.1,4142.04,4139.36,4144.14,4139.31,SELL,USD,1,1,1583663
D#1702435,XAUUSD,100,288230376154264239,288230376152971280,288230376163507565,288230376163504787,248,2026-06-23T04:16:16.000Z,2026-06-23T04:20:24.000Z,-53.4,52.0,-60.4,-7,0,0.2,4141.69,4138.8,4139.18,4153.02,BUY,USD,1,1,1583663
D#1702355,XAUUSD,100,288230376154264298,288230376152971404,288230376163509138,288230376163509039,19,2026-06-23T04:21:26.000Z,2026-06-23T04:21:45.000Z,7.44,-8.280000000000001,3.24,-4.2,0,0.12,4139.01,4138.61,,,SELL,USD,1,1,1583663
D#1702364,XAUUSD,100,288230376154264300,288230376152970821,288230376163509147,288230376163501373,1599,2026-06-23T03:55:07.000Z,2026-06-23T04:21:46.000Z,83.7,-86.85000000000001,67.94,-15.76,0,0.45,4140.24,4138.6,,,SELL,USD,1,1,1583663
D#1702416,XAUUSD,100,288230376154264355,288230376152971416,288230376163509466,288230376163509173,54,2026-06-23T04:21:52.000Z,2026-06-23T04:22:46.000Z,34,-37.5,16.5,-17.5,0,0.5,4138.53,4138.07,,,SELL,USD,1,1,1583663
D#1702477,XAUUSD,100,288230376154264377,288230376152971374,288230376163509587,288230376163508525,203,2026-06-23T04:19:46.000Z,2026-06-23T04:23:09.000Z,7.3,-8.0,3.8,-3.5,0,0.1,4139.36,4138.85,,,SELL,USD,1,1,1583663
D#1702355,XAUUSD,100,288230376154264391,288230376152971441,288230376163509694,288230376163509421,52,2026-06-23T04:22:39.000Z,2026-06-23T04:23:31.000Z,-1.32,0.4800000000000001,-5.52,-4.2,0,0.12,4138.85,4139.18,,,SELL,USD,1,1,1583663
D#1671094,XAUUSD,100,288230376154264452,288230376152971428,288230376163510185,288230376163509297,177,2026-06-23T04:22:14.000Z,2026-06-23T04:25:11.000Z,-42.55,40.94,-50.61,-8.06,0,0.23,4138.51,4140.58,,4122.01,SELL,USD,1,1,1583663
D#1671094,XAUUSD,100,288230376154264599,288230376152971498,288230376163511098,288230376163510216,176,2026-06-23T04:25:18.000Z,2026-06-23T04:28:14.000Z,-49.22,47.61,-57.28,-8.06,0,0.23,4140.37,4138.01,,,BUY,USD,1,1,1583663
D#1702654,XAUUSD,100,288230376154264601,288230376152971505,288230376163511109,288230376163510271,165,2026-06-23T04:25:30.000Z,2026-06-23T04:28:15.000Z,-1.5,1.43,-1.86,-0.36,0,0.01,4139.87,4138.15,,,BUY,USD,1,1,1583663
D#1702476,XAUUSD,100,288230376154264665,288230376152971586,288230376163511448,288230376163511160,58,2026-06-23T04:28:23.000Z,2026-06-23T04:29:21.000Z,13.44,-14.28,9.24,-4.2,0,0.12,4139.04,4139.94,,,BUY,USD,1,1,1583663
D#1702654,XAUUSD,100,288230376154264669,288230376152971598,288230376163511463,288230376163511313,28,2026-06-23T04:28:55.000Z,2026-06-23T04:29:23.000Z,0.74,-0.81,0.38,-0.36,0,0.01,4139.54,4140.06,,,BUY,USD,1,1,1583663
D#1671094,XAUUSD,100,288230376154264679,288230376152971587,288230376163511526,288230376163511189,67,2026-06-23T04:28:29.000Z,2026-06-23T04:29:36.000Z,-52.8,50.699999999999996,-63.3,-10.5,0,0.3,4138.72,4140.7,,4125.07,SELL,USD,1,1,1583663
D#1702435,XAUUSD,100,288230376154264723,288230376152971648,288230376163511782,288230376163511746,8,2026-06-23T04:30:22.000Z,2026-06-23T04:30:30.000Z,5,-6.4,-2.0,-7,0,0.2,4138.7,4138.73,,,BUY,USD,1,1,1583663
D#1702365,XAUUSD,100,288230376154264731,288230376152971311,288230376163508041,288230376163507840,814,2026-06-23T04:17:11.000Z,2026-06-23T04:30:45.000Z,83.4,-84.80000000000001,76.4,-7,0,0.2,4141.18,4137.23,4143.83,4137.1,SELL,USD,1,1,1583663
D#1671094,XAUUSD,100,288230376154264734,288230376152971624,288230376163511868,288230376163511562,60,2026-06-23T04:29:46.000Z,2026-06-23T04:30:46.000Z,-86.49,84.32,-97.35,-10.86,0,0.31,4140.23,4137.22,,4154.17,BUY,USD,1,1,1583663
D#1702476,XAUUSD,100,288230376154264735,288230376152971633,288230376163511871,288230376163511684,37,2026-06-23T04:30:10.000Z,2026-06-23T04:30:47.000Z,19.68,-20.52,15.48,-4.2,0,0.12,4138.91,4137.49,,,SELL,USD,1,1,1583663
D#1702753,XAUUSD,100,288230376154264740,288230376152969859,288230376163511904,288230376163489554,4295,2026-06-23T03:19:19.000Z,2026-06-23T04:30:54.000Z,6.18,-6.319999999999999,5.48,-0.7,0,0.02,4135.06,4137.93,4130.25,4183.81,BUY,USD,1,1,1583663
D#1702476,XAUUSD,100,288230376154264798,288230376152971662,288230376163512285,288230376163512002,61,2026-06-23T04:31:18.000Z,2026-06-23T04:32:19.000Z,10.92,-11.76,6.72,-4.2,0,0.12,4137.55,4136.86,,,SELL,USD,1,1,1583663
D#1702476,XAUUSD,100,288230376154264848,288230376152971702,288230376163512704,288230376163512468,55,2026-06-23T04:32:55.000Z,2026-06-23T04:33:50.000Z,5.76,-6.6,1.56,-4.2,0,0.12,4137.78,4137.52,,,SELL,USD,1,1,1583663
D#1702442,XAUUSD,100,288230376154264851,288230376152971220,288230376163512740,288230376163506573,1276,2026-06-23T04:12:43.000Z,2026-06-23T04:33:59.000Z,44.1,-44.730000000000004,40.94,-3.16,0,0.09,4142.35,4137.67,,,SELL,USD,1,1,1583663
D#1702583,XAUUSD,100,288230376154264863,288230376152970888,288230376163512834,288230376163502381,2153,2026-06-23T03:58:28.000Z,2026-06-23T04:34:21.000Z,-386.65,382.79999999999995,-405.91,-19.26,0,0.55,4143.54,4136.29,,4148.09,BUY,USD,1,1,1583663
D#1671094,XAUUSD,100,288230376154264943,288230376152971654,288230376163513374,288230376163511891,330,2026-06-23T04:30:51.000Z,2026-06-23T04:36:21.000Z,-38.72,36.48,-49.92,-11.2,0,0.32,4137.57,4139,,4124.65,SELL,USD,1,1,1583663
D#1671089,XAUUSD,100,288230376154264968,288230376152971283,288230376163513562,288230376163507574,1240,2026-06-23T04:16:17.000Z,2026-06-23T04:36:57.000Z,41.8,-43.199999999999996,34.8,-7,0,0.2,4141.39,4139.52,,,SELL,USD,1,1,1583663
D#1702476,XAUUSD,100,288230376154264978,288230376152971733,288230376163513627,288230376163513048,124,2026-06-23T04:35:07.000Z,2026-06-23T04:37:11.000Z,-12.84,12.0,-17.04,-4.2,0,0.12,4136.52,4137.81,,,SELL,USD,1,1,1583663
D#1670920,XAUUSD,100,288230376154265037,288230376152971777,288230376163513909,288230376163513662,77,2026-06-23T04:37:18.000Z,2026-06-23T04:38:35.000Z,-44.1,42.0,-54.6,-10.5,0,0.3,4138.32,4136.63,4136.76,,BUY,USD,1,1,1583663
D#1702435,XAUUSD,100,288230376154265057,288230376152971782,288230376163514122,288230376163513692,81,2026-06-23T04:37:24.000Z,2026-06-23T04:38:45.000Z,27.9,-30.0,17.4,-10.5,0,0.3,4138.27,4137.56,,,SELL,USD,1,1,1583663
D#1702435,XAUUSD,100,288230376154265094,288230376152971831,288230376163514307,288230376163514211,19,2026-06-23T04:39:01.000Z,2026-06-23T04:39:20.000Z,21.6,-23.700000000000003,11.1,-10.5,0,0.3,4138.79,4138.29,,,SELL,USD,1,1,1583663
D#1702476,XAUUSD,100,288230376154265112,288230376152971775,288230376163514402,288230376163513642,144,2026-06-23T04:37:14.000Z,2026-06-23T04:39:38.000Z,12.72,-13.56,8.52,-4.2,0,0.12,4138.33,4139.17,,,BUY,USD,1,1,1583663
D#1702476,XAUUSD,100,288230376154265142,288230376152971864,288230376163514587,288230376163514557,6,2026-06-23T04:40:05.000Z,2026-06-23T04:40:11.000Z,-6.48,5.640000000000001,-10.68,-4.2,0,0.12,4138.74,4139.5,,,SELL,USD,1,1,1583663
D#1670974,XAUUSD,100,288230376154265177,288230376152971851,288230376163514706,288230376163514445,44,2026-06-23T04:39:46.000Z,2026-06-23T04:40:30.000Z,-0.24,-0.040000000000000036,-1.64,-1.4,0,0.04,4139.83,4139.55,,,BUY,USD,1,1,1583663
D#1702435,XAUUSD,100,288230376154265185,288230376152971871,288230376163514773,288230376163514600,30,2026-06-23T04:40:14.000Z,2026-06-23T04:40:44.000Z,12.3,-14.4,1.8,-10.5,0,0.3,4139.21,4139.02,,,SELL,USD,1,1,1583663
D#1671089,XAUUSD,100,288230376154265230,288230376152971890,288230376163514974,288230376163514682,66,2026-06-23T04:40:24.000Z,2026-06-23T04:41:30.000Z,-36.6,35.2,-43.6,-7,0,0.2,4140.34,4138.29,,,BUY,USD,1,1,1583663
D#1702355,XAUUSD,100,288230376154265248,288230376152971754,288230376163515129,288230376163513448,332,2026-06-23T04:36:37.000Z,2026-06-23T04:42:09.000Z,13.92,-14.76,9.72,-4.2,0,0.12,4138.42,4137.48,,4135.31,SELL,USD,1,1,1583663
D#1702534,XAUUSD,100,288230376154265343,288230376152971937,288230376163515726,288230376163515354,91,2026-06-23T04:43:00.000Z,2026-06-23T04:44:31.000Z,-6.5,5.8,-10.0,-3.5,0,0.1,4137.85,4138.72,4140.5,,SELL,USD,1,1,1583663
D#1702435,XAUUSD,100,288230376154265361,288230376152971919,288230376163515263,288230376163515030,198,2026-06-23T04:41:43.000Z,2026-06-23T04:45:01.000Z,19.5,-21.6,9.0,-10.5,0,0.3,4138.59,4139.02,,4138.97,BUY,USD,1,1,1583663
D#1702476,XAUUSD,100,288230376154265381,288230376152971872,288230376163515958,288230376163514602,309,2026-06-23T04:40:14.000Z,2026-06-23T04:45:23.000Z,10.56,-11.4,6.36,-4.2,0,0.12,4139.41,4140.07,,,BUY,USD,1,1,1583663
D#1702476,XAUUSD,100,288230376154265394,288230376152971999,288230376163516079,288230376163515992,17,2026-06-23T04:45:31.000Z,2026-06-23T04:45:48.000Z,4.2,-5.04,0.0,-4.2,0,0.12,4139.26,4139.39,,,BUY,USD,1,1,1583663
D#1702525,XAUUSD,100,288230376154265432,288230376152971495,288230376163516234,288230376163510179,1274,2026-06-23T04:25:10.000Z,2026-06-23T04:46:24.000Z,-91.5,88.0,-109.0,-17.5,0,0.5,4140.56,4138.51,,,BUY,USD,1,1,1583663
D#1702435,XAUUSD,100,288230376154265476,288230376152972010,288230376163516651,288230376163516190,107,2026-06-23T04:46:19.000Z,2026-06-23T04:48:06.000Z,30,-31.75,21.24,-8.76,0,0.25,4138.39,4139.37,,,BUY,USD,1,1,1583663
D#1702455,XAUUSD,100,288230376154265524,288230376152971891,288230376163517026,288230376163514684,558,2026-06-23T04:40:25.000Z,2026-06-23T04:49:43.000Z,-4.25,3.9,-6.01,-1.76,0,0.05,4140.01,4138.94,,,BUY,USD,1,1,1583663
D#1702358,XAUUSD,100,288230376154265557,288230376152972067,288230376163517280,288230376163517186,24,2026-06-23T04:50:20.000Z,2026-06-23T04:50:44.000Z,-0.35,0.27999999999999997,-0.71,-0.36,0,0.01,4139.43,4138.86,,,BUY,USD,1,1,1583663
D#1702435,XAUUSD,100,288230376154265571,288230376152972063,288230376163517105,288230376163516871,69,2026-06-23T04:50:03.000Z,2026-06-23T04:51:12.000Z,-16.75,15.0,-25.51,-8.76,0,0.25,4138.88,4137.99,4138.21,4140.63,BUY,USD,1,1,1583663
D#1702358,XAUUSD,100,288230376154265573,288230376152972075,288230376163517390,288230376163517312,21,2026-06-23T04:50:52.000Z,2026-06-23T04:51:13.000Z,-19.6,18.200000000000003,-26.6,-7,0,0.2,4139.14,4137.94,,,BUY,USD,1,1,1583663
D#1702455,XAUUSD,100,288230376154265582,288230376152972061,288230376163517447,288230376163517079,89,2026-06-23T04:49:57.000Z,2026-06-23T04:51:26.000Z,22.4,-23.799999999999997,15.4,-7,0,0.2,4138.84,4137.94,,,SELL,USD,1,1,1583663
D#1670920,XAUUSD,100,288230376154265685,288230376152971875,288230376163514770,288230376163514617,781,2026-06-23T04:40:16.000Z,2026-06-23T04:53:17.000Z,-102.3,100.2,-112.8,-10.5,0,0.3,4139.48,4135.85,4136.34,,BUY,USD,1,1,1583663
D#1702448,XAUUSD,100,288230376154265755,288230376152972127,288230376163518111,288230376163517942,51,2026-06-23T04:53:24.000Z,2026-06-23T04:54:15.000Z,-17,15.6,-24.0,-7,0,0.2,4136.37,4135.3,4135.43,,BUY,USD,1,1,1583663
D#1702361,XAUUSD,100,288230376154265794,288230376152971513,288230376163510454,288230376163510361,1731,2026-06-23T04:25:48.000Z,2026-06-23T04:54:39.000Z,-49.6,48.9,-53.1,-3.5,0,0.1,4139.62,4134.44,4135.05,4183.09,BUY,USD,1,1,1583663
D#1702365,XAUUSD,100,288230376154265793,288230376152971991,288230376163516058,288230376163515888,571,2026-06-23T04:45:08.000Z,2026-06-23T04:54:39.000Z,89.2,-90.60000000000001,82.2,-7,0,0.2,4138.98,4134.74,4141.68,4134.97,SELL,USD,1,1,1583663
D#1670947,XAUUSD,100,288230376154265797,288230376152971661,288230376163512172,288230376163511963,1413,2026-06-23T04:31:07.000Z,2026-06-23T04:54:40.000Z,100.5,-102.6,90.0,-10.5,0,0.3,4137.93,4134.8,,4134.72,SELL,USD,1,1,1583663
D#1670977,XAUUSD,100,288230376154265833,288230376152970018,288230376163491785,288230376163491590,5406,2026-06-23T03:25:00.000Z,2026-06-23T04:55:06.000Z,-8.1,7.75,-9.86,-1.76,0,0.05,4135.66,4133.82,4134,4159,BUY,USD,1,1,1583663
D#1702476,XAUUSD,100,288230376154265835,288230376152972008,288230376163518480,288230376163516157,539,2026-06-23T04:46:08.000Z,2026-06-23T04:55:07.000Z,-55.8,54.959999999999994,-60.0,-4.2,0,0.12,4138.78,4133.91,,,BUY,USD,1,1,1583663
D#1702573,XAUUSD,100,288230376154265848,288230376152971668,288230376163518519,288230376163512097,1415,2026-06-23T04:31:38.000Z,2026-06-23T04:55:13.000Z,211.14,-214.92,192.24,-18.9,0,0.54,4137.68,4133.99,4141.49,4131,SELL,USD,1,1,1583663
D#1702476,XAUUSD,100,288230376154265926,288230376152972206,288230376163518737,288230376163518593,23,2026-06-23T04:55:21.000Z,2026-06-23T04:55:44.000Z,7.08,-7.92,2.88,-4.2,0,0.12,4133.21,4132.84,,,SELL,USD,1,1,1583663
D#1670974,XAUUSD,100,288230376154265937,288230376152971894,288230376163518770,288230376163514730,914,2026-06-23T04:40:36.000Z,2026-06-23T04:55:50.000Z,-185.07,182.9,-195.93,-10.86,0,0.31,4139.37,4133.18,,4152.31,BUY,USD,1,1,1583663
D#1670969,XAUUSD,100,288230376154265945,288230376152971736,288230376163513171,288230376163513104,1235,2026-06-23T04:35:19.000Z,2026-06-23T04:55:54.000Z,74,-75.4,67.0,-7,0,0.2,4136.02,4132.54,,4132.52,SELL,USD,1,1,1583663
D#1702654,XAUUSD,100,288230376154265955,288230376152971630,288230376163512086,288230376163511648,1554,2026-06-23T04:30:03.000Z,2026-06-23T04:55:57.000Z,-75,74.3,-78.5,-3.5,0,0.1,4139.77,4132.05,4132,4155,BUY,USD,1,1,1583663
D#1702567,XAUUSD,100,288230376154266013,288230376152971269,288230376163507540,288230376163507404,2427,2026-06-23T04:15:40.000Z,2026-06-23T04:56:07.000Z,115.3,-116.0,111.8,-3.5,0,0.1,4142.38,4131.07,4142.32,4131.46,SELL,USD,1,1,1583663
D#1702363,XAUUSD,100,288230376154266007,288230376152971523,288230376163510764,288230376163510463,1794,2026-06-23T04:26:13.000Z,2026-06-23T04:56:07.000Z,-89.4,88.7,-92.9,-3.5,0,0.1,4140.03,4130.87,4131.18,4163.33,BUY,USD,1,1,1583663
D#1702730,XAUUSD,100,288230376154266005,288230376152971735,288230376163513542,288230376163513080,1254,2026-06-23T04:35:13.000Z,2026-06-23T04:56:07.000Z,-52.2,51.5,-55.7,-3.5,0,0.1,4136.31,4130.87,4130.99,4176.52,BUY,USD,1,1,1583663
D#1702753,XAUUSD,100,288230376154266015,288230376152971691,288230376163512955,288230376163512359,1416,2026-06-23T04:32:32.000Z,2026-06-23T04:56:08.000Z,-61.1,60.4,-64.6,-3.5,0,0.1,4137.18,4130.85,4131.04,4180.1,BUY,USD,1,1,1583663
D#1702448,XAUUSD,100,288230376154266033,288230376152972209,288230376163518722,288230376163518638,48,2026-06-23T04:55:28.000Z,2026-06-23T04:56:16.000Z,-36.8,35.4,-43.8,-7,0,0.2,4132.82,4130.76,4130.87,,BUY,USD,1,1,1583663
D#1702718,XAUUSD,100,288230376154266047,288230376152971025,288230376163504030,288230376163503933,3170,2026-06-23T04:03:28.000Z,2026-06-23T04:56:18.000Z,-203.28,202.3,-208.18,-4.9,0,0.14,4145.19,4130.45,4130.73,4153.17,BUY,USD,1,1,1583663
D#1702448,XAUUSD,100,288230376154266185,288230376152972244,288230376163519218,288230376163518975,24,2026-06-23T04:56:19.000Z,2026-06-23T04:56:43.000Z,2.6,-4.0,-4.4,-7,0,0.2,4130.44,4130.53,4131.45,,SELL,USD,1,1,1583663
D#1702380,XAUUSD,100,288230376154266221,288230376152971237,288230376163507068,288230376163506914,2570,2026-06-23T04:13:57.000Z,2026-06-23T04:56:47.000Z,-67.25,66.9,-69.01,-1.76,0,0.05,4143.49,4129.82,4129.93,4166.9,BUY,USD,1,1,1583663
D#1702636,XAUUSD,100,288230376154266223,288230376152971470,288230376163510886,288230376163509779,1980,2026-06-23T04:23:47.000Z,2026-06-23T04:56:47.000Z,-98.3,97.6,-101.8,-3.5,0,0.1,4139.87,4129.82,4130,4179.73,BUY,USD,1,1,1583663
D#1702448,XAUUSD,100,288230376154266368,288230376152972343,288230376163519373,288230376163519271,18,2026-06-23T04:56:47.000Z,2026-06-23T04:57:05.000Z,10.4,-13.200000000000001,-3.6,-14,0,0.4,4129.82,4129.78,4129.8,,SELL,USD,1,1,1583663
D#1670864,XAUUSD,100,288230376154266374,288230376152972391,288230376163519447,288230376163519399,4,2026-06-23T04:57:02.000Z,2026-06-23T04:57:06.000Z,0.09,-0.16,-0.27,-0.36,0,0.01,4129.7,4129.57,,,BUY,USD,1,1,1583663
D#1702525,XAUUSD,100,288230376154266399,288230376152972014,288230376163519498,288230376163516280,632,2026-06-23T04:46:38.000Z,2026-06-23T04:57:10.000Z,346.8,-349.6,332.8,-14,0,0.4,4138.62,4130.17,4150.12,4100.16,SELL,USD,1,1,1583663
D#1702435,XAUUSD,100,288230376154266453,288230376152972443,288230376163519610,288230376163519521,12,2026-06-23T04:57:13.000Z,2026-06-23T04:57:25.000Z,-19.75,18.0,-28.51,-8.76,0,0.25,4129.89,4130.9,,,SELL,USD,1,1,1583663
D#1702448,XAUUSD,100,288230376154266510,288230376152972488,288230376163519794,288230376163519643,31,2026-06-23T04:57:31.000Z,2026-06-23T04:58:02.000Z,-80.4,77.60000000000001,-94.4,-14,0,0.4,4130.64,4128.41,4128.66,,BUY,USD,1,1,1583663
D#1702677,XAUUSD,100,288230376154266513,288230376152971759,288230376163513496,288230376163513492,1278,2026-06-23T04:36:45.000Z,2026-06-23T04:58:03.000Z,101.2,-101.9,97.7,-3.5,0,0.1,4138.49,4128.59,4143.48,4128.48,SELL,USD,1,1,1583663
D#1702654,XAUUSD,100,288230376154266527,288230376152972249,288230376163519482,288230376163519074,99,2026-06-23T04:56:28.000Z,2026-06-23T04:58:07.000Z,-30,29.3,-33.5,-3.5,0,0.1,4130.79,4127.57,4127.98,4150,BUY,USD,1,1,1583663
D#1702586,XAUUSD,100,288230376154266536,288230376152969938,288230376163490591,288230376163490488,5768,2026-06-23T03:22:00.000Z,2026-06-23T04:58:08.000Z,106.8,-108.2,99.8,-7,0,0.2,4132.41,4127.29,,4127.34,SELL,USD,1,1,1583663
D#1702435,XAUUSD,100,288230376154266541,288230376152972504,288230376163519874,288230376163519774,16,2026-06-23T04:57:53.000Z,2026-06-23T04:58:09.000Z,51.5,-53.25,42.74,-8.76,0,0.25,4128.99,4127.15,,,SELL,USD,1,1,1583663
D#1589408,XAUUSD,100,288230376154266553,288230376152971583,288230376163519889,288230376163511095,1797,2026-06-23T04:28:14.000Z,2026-06-23T04:58:11.000Z,120.2,-120.9,116.7,-3.5,0,0.1,4138.11,4126.31,,,SELL,USD,1,1,1583663
D#1702476,XAUUSD,100,288230376154266633,288230376152972224,288230376163520113,288230376163518811,166,2026-06-23T04:55:56.000Z,2026-06-23T04:58:42.000Z,55.44,-56.28,51.24,-4.2,0,0.12,4132.07,4127.67,,,SELL,USD,1,1,1583663
D#1702448,XAUUSD,100,288230376154266634,288230376152972514,288230376163519896,288230376163519864,36,2026-06-23T04:58:07.000Z,2026-06-23T04:58:43.000Z,33.6,-36.4,19.6,-14,0,0.4,4128.1,4127.48,4127.61,,SELL,USD,1,1,1583663
D#1645671,XAUUSD,100,288230376154266668,288230376152971479,288230376163510839,288230376163509972,2079,2026-06-23T04:24:23.000Z,2026-06-23T04:59:02.000Z,117.76,-118.32000000000001,114.96,-2.8,0,0.08,4139.98,4125.48,,4125.59,SELL,USD,1,1,1583663
D#1702636,XAUUSD,100,288230376154266676,288230376152972455,288230376163520266,288230376163519547,107,2026-06-23T04:57:16.000Z,2026-06-23T04:59:03.000Z,-24.1,23.75,-25.86,-1.76,0,0.05,4130.22,4125.18,4120.9,4170.58,BUY,USD,1,1,1583663
D#1702355,XAUUSD,100,288230376154266680,288230376152972540,288230376163520279,288230376163520068,28,2026-06-23T04:58:36.000Z,2026-06-23T04:59:04.000Z,18,-18.84,13.8,-4.2,0,0.12,4126.57,4125.29,,,SELL,USD,1,1,1583663
D#1670920,XAUUSD,100,288230376154266694,288230376152972438,288230376163519955,288230376163519502,115,2026-06-23T04:57:11.000Z,2026-06-23T04:59:06.000Z,-165.54,163.37,-176.4,-10.86,0,0.31,4130.19,4124.63,4124.78,4139.16,BUY,USD,1,1,1583663
D#1702573,XAUUSD,100,288230376154266786,288230376152972522,288230376163520360,288230376163519904,56,2026-06-23T04:58:12.000Z,2026-06-23T04:59:08.000Z,343.44,-347.21999999999997,324.54,-18.9,0,0.54,4126.17,4120.03,,,SELL,USD,1,1,1583663
D#1702435,XAUUSD,100,288230376154266788,288230376152972569,288230376163520363,288230376163520270,5,2026-06-23T04:59:03.000Z,2026-06-23T04:59:08.000Z,142.5,-144.25,133.74,-8.76,0,0.25,4125.4,4119.92,,,SELL,USD,1,1,1583663
D#1702476,XAUUSD,100,288230376154266791,288230376152972570,288230376163520370,288230376163520275,5,2026-06-23T04:59:04.000Z,2026-06-23T04:59:09.000Z,73.56,-74.4,69.36,-4.2,0,0.12,4125.12,4119.21,,,SELL,USD,1,1,1583663
D#1702579,XAUUSD,100,288230376154266896,288230376152970968,288230376163520540,288230376163503197,3505,2026-06-23T04:00:57.000Z,2026-06-23T04:59:22.000Z,-271.4,270.7,-274.9,-3.5,0,0.1,4145.26,4117.9,,,BUY,USD,1,1,1583663
D#1702730,XAUUSD,100,288230376154266900,288230376152972480,288230376163520546,288230376163519611,117,2026-06-23T04:57:25.000Z,2026-06-23T04:59:22.000Z,-252.8,251.4,-259.8,-7,0,0.2,4130.9,4118.04,,,BUY,USD,1,1,1583663
D#1702534,XAUUSD,100,288230376154266908,288230376152972545,288230376163520584,288230376163520102,44,2026-06-23T04:58:42.000Z,2026-06-23T04:59:26.000Z,94.1,-94.8,90.6,-3.5,0,0.1,4127.3,4118.11,,4116.6,SELL,USD,1,1,1583663
D#1702448,XAUUSD,100,288230376154266916,288230376152972555,288230376163520627,288230376163520165,41,2026-06-23T04:58:50.000Z,2026-06-23T04:59:31.000Z,277.6,-280.40000000000003,263.6,-14,0,0.4,4126.63,4119.91,4126.6,,SELL,USD,1,1,1583663
D#1702476,XAUUSD,100,288230376154266945,288230376152972596,288230376163520788,288230376163520446,39,2026-06-23T04:59:16.000Z,2026-06-23T04:59:55.000Z,5.52,-6.359999999999999,1.32,-4.2,0,0.12,4118.15,4117.91,,,SELL,USD,1,1,1583663
D#1702476,XAUUSD,100,288230376154266965,288230376152972624,288230376163520855,288230376163520820,4,2026-06-23T04:59:59.000Z,2026-06-23T05:00:03.000Z,-9.72,8.88,-13.92,-4.2,0,0.12,4118.36,4117.33,,,BUY,USD,1,1,1583663
D#1702360,XAUUSD,100,288230376154266977,288230376152972086,288230376163520896,288230376163517617,476,2026-06-23T04:52:15.000Z,2026-06-23T05:00:11.000Z,-215.4,214.70000000000002,-218.9,-3.5,0,0.1,4138.68,4116.92,,,BUY,USD,1,1,1583663
D#1702448,XAUUSD,100,288230376154266981,288230376152972613,288230376163520764,288230376163520705,32,2026-06-23T04:59:43.000Z,2026-06-23T05:00:15.000Z,20.4,-23.2,6.4,-14,0,0.4,4119.22,4118.93,4118.66,,SELL,USD,1,1,1583663
D#1702448,XAUUSD,100,288230376154266996,288230376152972643,288230376163520970,288230376163520936,6,2026-06-23T05:00:17.000Z,2026-06-23T05:00:23.000Z,-41,38.13,-55.36,-14.36,0,0.41,4119.06,4117.84,,,BUY,USD,1,1,1583663
D#1702476,XAUUSD,100,288230376154267071,288230376152972634,288230376163521259,288230376163520866,57,2026-06-23T05:00:05.000Z,2026-06-23T05:01:02.000Z,-63.12,62.279999999999994,-67.32,-4.2,0,0.12,4115.79,4121.27,,,SELL,USD,1,1,1583663
D#1702476,XAUUSD,100,288230376154267085,288230376152972678,288230376163521336,288230376163521267,11,2026-06-23T05:01:04.000Z,2026-06-23T05:01:15.000Z,8.88,-9.72,4.68,-4.2,0,0.12,4121.52,4122.04,,,BUY,USD,1,1,1583663
D#1702448,XAUUSD,100,288230376154267099,288230376152972651,288230376163521312,288230376163520998,57,2026-06-23T05:00:28.000Z,2026-06-23T05:01:25.000Z,272.24,-275.11,257.88,-14.36,0,0.41,4118.29,4124.71,4115.38,4124.8,BUY,USD,1,1,1583663
D#1702457,XAUUSD,100,288230376154267102,288230376152972585,288230376163521418,288230376163518575,140,2026-06-23T04:59:07.000Z,2026-06-23T05:01:27.000Z,5.39,-5.46,5.03,-0.36,0,0.01,4119.09,4124.26,4119.98,,BUY,USD,1,1,1583663
D#1702476,XAUUSD,100,288230376154267119,288230376152972685,288230376163521513,288230376163521350,22,2026-06-23T05:01:18.000Z,2026-06-23T05:01:40.000Z,24.36,-25.2,20.16,-4.2,0,0.12,4122.35,4124.16,,,BUY,USD,1,1,1583663
D#1702476,XAUUSD,100,288230376154267169,288230376152972716,288230376163521777,288230376163521636,21,2026-06-23T05:01:53.000Z,2026-06-23T05:02:14.000Z,12.12,-12.959999999999999,7.92,-4.2,0,0.12,4126.58,4127.37,,,BUY,USD,1,1,1583663
D#1702448,XAUUSD,100,288230376154267176,288230376152972694,288230376163521503,288230376163521419,49,2026-06-23T05:01:27.000Z,2026-06-23T05:02:16.000Z,142.27,-145.14000000000001,127.91,-14.36,0,0.41,4124.48,4127.73,4121.26,4127.7,BUY,USD,1,1,1583663
D#1702476,XAUUSD,100,288230376154267199,288230376152972736,288230376163521891,288230376163521787,17,2026-06-23T05:02:16.000Z,2026-06-23T05:02:33.000Z,25.56,-26.4,21.36,-4.2,0,0.12,4127.91,4129.82,,,BUY,USD,1,1,1583663
D#1702435,XAUUSD,100,288230376154267201,288230376152972741,288230376163521904,288230376163521841,11,2026-06-23T05:02:25.000Z,2026-06-23T05:02:36.000Z,13.8,-15.9,3.3,-10.5,0,0.3,4130.02,4129.78,,,SELL,USD,1,1,1583663
D#1671090,XAUUSD,100,288230376154267299,288230376152972794,288230376163522545,288230376163522532,2,2026-06-23T05:04:28.000Z,2026-06-23T05:04:30.000Z,1.77,-1.98,0.71,-1.06,0,0.03,4134.28,4133.91,,,SELL,USD,1,1,1583663
D#1670920,XAUUSD,100,288230376154267300,288230376152972622,288230376163522549,288230376163520793,276,2026-06-23T04:59:55.000Z,2026-06-23T05:04:31.000Z,468.64,-470.66999999999996,458.48,-10.16,0,0.29,4117.69,4133.63,,,BUY,USD,1,1,1583663
D#1702410,XAUUSD,100,288230376154267352,288230376152972740,288230376163521932,288230376163521816,190,2026-06-23T05:02:21.000Z,2026-06-23T05:05:31.000Z,122.36,-123.34,117.46,-4.9,0,0.14,4128.22,4136.74,4113.79,4136.38,BUY,USD,1,1,1583663
D#1702636,XAUUSD,100,288230376154267367,288230376152972599,288230376163522938,288230376163520451,379,2026-06-23T04:59:17.000Z,2026-06-23T05:05:36.000Z,19.25,-19.32,18.89,-0.36,0,0.01,4118.28,4137.31,4103.63,4181.95,BUY,USD,1,1,1583663
D#1702654,XAUUSD,100,288230376154267401,288230376152972619,288230376163521126,288230376163520753,405,2026-06-23T04:59:49.000Z,2026-06-23T05:06:34.000Z,174.1,-174.79999999999998,170.6,-3.5,0,0.1,4118.36,4135.55,4136,4140,BUY,USD,1,1,1583663
D#1702355,XAUUSD,100,288230376154267425,288230376152972832,288230376163523458,288230376163523010,86,2026-06-23T05:05:49.000Z,2026-06-23T05:07:15.000Z,-36,35.16,-40.2,-4.2,0,0.12,4137.37,4134.15,,,BUY,USD,1,1,1583663
D#1702476,XAUUSD,100,288230376154267428,288230376152972746,288230376163523464,288230376163521923,277,2026-06-23T05:02:39.000Z,2026-06-23T05:07:16.000Z,49.56,-50.400000000000006,45.36,-4.2,0,0.12,4130.01,4133.92,,,BUY,USD,1,1,1583663
D#1702435,XAUUSD,100,288230376154267456,288230376152972860,288230376163523577,288230376163523433,22,2026-06-23T05:07:11.000Z,2026-06-23T05:07:33.000Z,33,-35.1,22.5,-10.5,0,0.3,4134.45,4133.57,,,SELL,USD,1,1,1583663
D#1702441,XAUUSD,100,288230376154267498,288230376152972824,288230376163523794,288230376163522826,168,2026-06-23T05:05:17.000Z,2026-06-23T05:08:05.000Z,-11.4,11.19,-12.46,-1.06,0,0.03,4135.54,4131.52,,,BUY,USD,1,1,1583663
D#1702567,XAUUSD,100,288230376154267517,288230376152972795,288230376163523930,288230376163522536,242,2026-06-23T05:04:28.000Z,2026-06-23T05:08:30.000Z,-15.2,14.85,-16.96,-1.76,0,0.05,4134.45,4131.19,4130.14,4155.23,BUY,USD,1,1,1583663
D#1702476,XAUUSD,100,288230376154267525,288230376152972867,288230376163523990,288230376163523495,82,2026-06-23T05:07:22.000Z,2026-06-23T05:08:44.000Z,27.96,-28.8,23.76,-4.2,0,0.12,4133.22,4131.11,,,SELL,USD,1,1,1583663
D#1702435,XAUUSD,100,288230376154267552,288230376152972908,288230376163524025,288230376163523847,77,2026-06-23T05:08:14.000Z,2026-06-23T05:09:31.000Z,-119.7,117.60000000000001,-130.2,-10.5,0,0.3,4132.04,4127.83,4128.58,4137.48,BUY,USD,1,1,1583663
D#1702654,XAUUSD,100,288230376154267557,288230376152972865,288230376163523880,288230376163523480,134,2026-06-23T05:07:19.000Z,2026-06-23T05:09:33.000Z,59.1,-59.800000000000004,55.6,-3.5,0,0.1,4133.86,4128.17,4128,4080,SELL,USD,1,1,1583663
D#1702476,XAUUSD,100,288230376154267613,288230376152972954,288230376163524630,288230376163524523,18,2026-06-23T05:10:14.000Z,2026-06-23T05:10:32.000Z,-4.32,3.4800000000000004,-8.52,-4.2,0,0.12,4128.54,4129.12,,,SELL,USD,1,1,1583663
D#1702439,XAUUSD,100,288230376154267815,288230376152972894,288230376163524928,288230376163523715,172,2026-06-23T05:07:56.000Z,2026-06-23T05:10:48.000Z,14.9,-15.25,13.14,-1.76,0,0.05,4132.18,4129.42,,,SELL,USD,1,1,1583663
D#1702476,XAUUSD,100,288230376154267821,288230376152972968,288230376163524967,288230376163524677,14,2026-06-23T05:10:40.000Z,2026-06-23T05:10:54.000Z,-10.68,9.84,-14.88,-4.2,0,0.12,4129.38,4128.27,,,BUY,USD,1,1,1583663
D#1671090,XAUUSD,100,288230376154267828,288230376152972975,288230376163525009,288230376163524945,12,2026-06-23T05:10:51.000Z,2026-06-23T05:11:03.000Z,-14.64,14.08,-17.44,-2.8,0,0.08,4129.02,4126.97,,,BUY,USD,1,1,1583663
D#1702476,XAUUSD,100,288230376154267874,288230376152972981,288230376163525467,288230376163524994,58,2026-06-23T05:11:00.000Z,2026-06-23T05:11:58.000Z,-7.08,6.24,-11.28,-4.2,0,0.12,4127.59,4128.4,,,SELL,USD,1,1,1583663
D#1702671,XAUUSD,100,288230376154267892,288230376152972924,288230376163525557,288230376163524053,202,2026-06-23T05:08:52.000Z,2026-06-23T05:12:14.000Z,14,-15.4,7.0,-7,0,0.2,4129.79,4129.31,,,SELL,USD,1,1,1583663
D#1702421,XAUUSD,100,288230376154267959,288230376152973005,288230376163525496,288230376163525494,122,2026-06-23T05:12:04.000Z,2026-06-23T05:14:06.000Z,-59.04,56.17,-73.4,-14.36,0,0.41,4128.91,4130.57,4130.46,4125.96,SELL,USD,1,1,1583663
D#1702588,XAUUSD,100,288230376154267962,288230376152972957,288230376163524906,288230376163524550,231,2026-06-23T05:10:18.000Z,2026-06-23T05:14:09.000Z,-75.6,72.8,-89.6,-14,0,0.4,4128.6,4130.71,4130.54,4125.88,SELL,USD,1,1,1583663
D#1670862,XAUUSD,100,288230376154267964,288230376152973047,288230376163526135,288230376163526103,6,2026-06-23T05:14:03.000Z,2026-06-23T05:14:09.000Z,56.71,-60.42,38.15,-18.56,0,0.53,4129.66,4130.51,,,BUY,USD,1,1,1583663
D#1702365,XAUUSD,100,288230376154267992,288230376152972979,288230376163525272,288230376163524975,219,2026-06-23T05:10:56.000Z,2026-06-23T05:14:35.000Z,-53,51.6,-60.0,-7,0,0.2,4128.11,4130.98,4130.84,4124.12,SELL,USD,1,1,1583663
D#1702435,XAUUSD,100,288230376154267995,288230376152972936,288230376163526302,288230376163524276,309,2026-06-23T05:09:32.000Z,2026-06-23T05:14:41.000Z,-90,87.9,-100.5,-10.5,0,0.3,4127.66,4130.88,4132.22,4121.2,SELL,USD,1,1,1583663
D#1702421,XAUUSD,100,288230376154268000,288230376152973051,288230376163526353,288230376163526140,38,2026-06-23T05:14:10.000Z,2026-06-23T05:14:48.000Z,-12.71,9.840000000000002,-27.07,-14.36,0,0.41,4130.33,4130.86,,,SELL,USD,1,1,1583663
D#1589405,XAUUSD,100,288230376154268012,288230376152973023,288230376163526431,288230376163525708,140,2026-06-23T05:12:43.000Z,2026-06-23T05:15:03.000Z,14.6,-16.0,7.6,-7,0,0.2,4129.31,4129.82,4120.38,4145.61,BUY,USD,1,1,1583663
D#1670947,XAUUSD,100,288230376154268013,288230376152973065,288230376163526435,288230376163526366,13,2026-06-23T05:14:50.000Z,2026-06-23T05:15:03.000Z,15.6,-17.7,5.1,-10.5,0,0.3,4130.41,4130.11,,,SELL,USD,1,1,1583663
D#1702421,XAUUSD,100,288230376154268052,288230376152973067,288230376163526583,288230376163526384,33,2026-06-23T05:14:55.000Z,2026-06-23T05:15:28.000Z,163,-166.5,145.5,-17.5,0,0.5,4130.44,4127.4,,,SELL,USD,1,1,1583663
D#1702421,XAUUSD,100,288230376154268064,288230376152973098,288230376163526674,288230376163526628,7,2026-06-23T05:15:37.000Z,2026-06-23T05:15:44.000Z,7.5,-11.0,-10.0,-17.5,0,0.5,4127.01,4127.08,,,SELL,USD,1,1,1583663
D#1702358,XAUUSD,100,288230376154268069,288230376152972727,288230376163526707,288230376163521717,827,2026-06-23T05:02:03.000Z,2026-06-23T05:15:50.000Z,36,-37.4,29.0,-7,0,0.2,4126.23,4127.81,,4147.05,BUY,USD,1,1,1583663
D#1702421,XAUUSD,100,288230376154268087,288230376152973104,288230376163526814,288230376163526685,24,2026-06-23T05:15:46.000Z,2026-06-23T05:16:10.000Z,3.5,-7.0,-14.0,-17.5,0,0.5,4126.96,4127.11,,,SELL,USD,1,1,1583663
D#1671051,XAUUSD,100,288230376154268110,288230376152972840,288230376163527025,288230376163523098,643,2026-06-23T05:06:06.000Z,2026-06-23T05:16:49.000Z,-196.8,195.4,-203.8,-7,0,0.2,4136.72,4126.66,,4156.34,BUY,USD,1,1,1583663
D#1702439,XAUUSD,100,288230376154268163,288230376152973041,288230376163527483,288230376163526024,284,2026-06-23T05:13:47.000Z,2026-06-23T05:18:31.000Z,28.12,-30.78,14.82,-13.3,0,0.38,4128.19,4127.67,,,SELL,USD,1,1,1583663
D#1671051,XAUUSD,100,288230376154268176,288230376152973134,288230376163527587,288230376163527094,106,2026-06-23T05:17:04.000Z,2026-06-23T05:18:50.000Z,-45,42.9,-55.5,-10.5,0,0.3,4127.27,4128.99,,,SELL,USD,1,1,1583663
D#1702534,XAUUSD,100,288230376154268189,288230376152973149,288230376163527676,288230376163527311,74,2026-06-23T05:17:51.000Z,2026-06-23T05:19:05.000Z,-27.1,26.400000000000002,-30.6,-3.5,0,0.1,4126.7,4129.63,4131.3,4120.38,SELL,USD,1,1,1583663
D#1702588,XAUUSD,100,288230376154268225,288230376152973138,288230376163527197,288230376163527127,154,2026-06-23T05:17:13.000Z,2026-06-23T05:19:47.000Z,-3.6,0.7999999999999998,-17.6,-14,0,0.4,4127.28,4126.97,4127.18,4129.96,BUY,USD,1,1,1583663
D#1670947,XAUUSD,100,288230376154268245,288230376152973103,288230376163527422,288230376163526681,281,2026-06-23T05:15:46.000Z,2026-06-23T05:20:27.000Z,-108.3,106.2,-118.8,-10.5,0,0.3,4126.95,4130.78,4130.44,4125.86,SELL,USD,1,1,1583663
D#1702567,XAUUSD,100,288230376154268280,288230376152972917,288230376163528414,288230376163523958,785,2026-06-23T05:08:37.000Z,2026-06-23T05:21:42.000Z,28.8,-29.5,25.3,-3.5,0,0.1,4131.42,4128.76,4131.37,4119.86,SELL,USD,1,1,1583663
D#1702476,XAUUSD,100,288230376154268313,288230376152973221,288230376163528659,288230376163528470,34,2026-06-23T05:21:54.000Z,2026-06-23T05:22:28.000Z,-12.96,12.120000000000001,-17.16,-4.2,0,0.12,4128.58,4127.28,,,BUY,USD,1,1,1583663
D#1702476,XAUUSD,100,288230376154268339,288230376152973240,288230376163528875,288230376163528666,41,2026-06-23T05:22:30.000Z,2026-06-23T05:23:11.000Z,0,-0.84,-4.2,-4.2,0,0.12,4127.29,4127.51,,,SELL,USD,1,1,1583663
D#1702476,XAUUSD,100,288230376154268350,288230376152973255,288230376163528948,288230376163528899,10,2026-06-23T05:23:16.000Z,2026-06-23T05:23:26.000Z,-6.6,5.76,-10.8,-4.2,0,0.12,4128.13,4127.36,,,BUY,USD,1,1,1583663
D#1670947,XAUUSD,100,288230376154268406,288230376152973209,288230376163528350,288230376163528229,268,2026-06-23T05:21:01.000Z,2026-06-23T05:25:29.000Z,110.4,-112.5,99.9,-10.5,0,0.3,4129.45,4125.99,4133.83,4125.92,SELL,USD,1,1,1583663
D#1702533,XAUUSD,100,288230376154268427,288230376152972641,288230376163529617,288230376163520930,1524,2026-06-23T05:00:16.000Z,2026-06-23T05:25:40.000Z,66.06,-66.69,62.9,-3.16,0,0.09,4119.15,4126.27,,,BUY,USD,1,1,1583663
D#1702624,XAUUSD,100,288230376154268437,288230376152972932,288230376163529663,288230376163524180,993,2026-06-23T05:09:16.000Z,2026-06-23T05:25:49.000Z,77,-78.4,70.0,-7,0,0.2,4129.72,4126.09,4140,4122.69,SELL,USD,1,1,1583663
D#1702439,XAUUSD,100,288230376154268489,288230376152973236,288230376163529852,288230376163528635,235,2026-06-23T05:22:22.000Z,2026-06-23T05:26:17.000Z,42.56,-45.22,29.26,-13.3,0,0.38,4127.41,4126.51,,,SELL,USD,1,1,1583663
D#1702753,XAUUSD,100,288230376154268524,288230376152973012,288230376163530019,288230376163525559,879,2026-06-23T05:12:14.000Z,2026-06-23T05:26:53.000Z,-25.05,24.0,-30.31,-5.26,0,0.15,4129.31,4127.42,4124.81,4159.81,BUY,USD,1,1,1583663
D#1702588,XAUUSD,100,288230376154268560,288230376152973337,288230376163530158,288230376163530066,37,2026-06-23T05:27:04.000Z,2026-06-23T05:27:41.000Z,-50.4,47.6,-64.4,-14,0,0.4,4125.63,4127.11,4126.98,,SELL,USD,1,1,1583663
D#1702697,XAUUSD,100,288230376154268562,288230376152973285,288230376163530288,288230376163529399,163,2026-06-23T05:25:06.000Z,2026-06-23T05:27:49.000Z,-2.53,2.46,-2.89,-0.36,0,0.01,4128.36,4125.61,4121.66,,BUY,USD,1,1,1583663
D#1702577,XAUUSD,100,288230376154268596,288230376152973171,288230376163527798,288230376163527693,565,2026-06-23T05:19:09.000Z,2026-06-23T05:28:34.000Z,90,-91.4,83.0,-7,0,0.2,4129.18,4124.9,,4124.8,SELL,USD,1,1,1583663
D#1589428,XAUUSD,100,288230376154268631,288230376152972881,288230376163523746,288230376163523565,1313,2026-06-23T05:07:31.000Z,2026-06-23T05:29:24.000Z,-28.29,28.08,-29.35,-1.06,0,0.03,4133.78,4124.13,4124.27,,BUY,USD,1,1,1583663
D#1670862,XAUUSD,100,288230376154268634,288230376152973351,288230376163530374,288230376163530304,96,2026-06-23T05:27:51.000Z,2026-06-23T05:29:27.000Z,96.99,-100.69999999999999,78.43,-18.56,0,0.53,4125.75,4124.14,,4124.07,SELL,USD,1,1,1583663
D#1702410,XAUUSD,100,288230376154268670,288230376152972880,288230376163523752,288230376163523560,1352,2026-06-23T05:07:30.000Z,2026-06-23T05:30:02.000Z,-165.9,164.92000000000002,-170.8,-4.9,0,0.14,4133.37,4121.3,4121.9,4141.04,BUY,USD,1,1,1583663
D#1670969,XAUUSD,100,288230376154268665,288230376152972992,288230376163525519,288230376163525295,1120,2026-06-23T05:11:22.000Z,2026-06-23T05:30:02.000Z,122.4,-123.80000000000001,115.4,-7,0,0.2,4127.66,4121.76,,4122.74,SELL,USD,1,1,1583663
D#1702697,XAUUSD,100,288230376154268676,288230376152973352,288230376163530977,288230376163530332,125,2026-06-23T05:27:58.000Z,2026-06-23T05:30:03.000Z,-46.7,46.0,-50.2,-3.5,0,0.1,4125.85,4120.96,4121.17,4143.09,BUY,USD,1,1,1583663
D#1702567,XAUUSD,100,288230376154268703,288230376152973275,288230376163529435,288230376163529221,336,2026-06-23T05:24:30.000Z,2026-06-23T05:30:06.000Z,96.8,-97.5,93.3,-3.5,0,0.1,4128.63,4119.17,4128.66,4120.33,SELL,USD,1,1,1583663
D#1702588,XAUUSD,100,288230376154268696,288230376152973390,288230376163531039,288230376163530785,41,2026-06-23T05:29:25.000Z,2026-06-23T05:30:06.000Z,103.8,-105.2,96.8,-7,0,0.2,4124.14,4119.17,4126.65,4119.08,SELL,USD,1,1,1583663
D#1702441,XAUUSD,100,288230376154268717,288230376152973370,288230376163531105,288230376163530544,97,2026-06-23T05:28:38.000Z,2026-06-23T05:30:15.000Z,16.68,-16.89,15.62,-1.06,0,0.03,4124.54,4119.2,,,SELL,USD,1,1,1583663
D#1702720,XAUUSD,100,288230376154268734,288230376152972756,288230376163522158,288230376163522054,1640,2026-06-23T05:03:00.000Z,2026-06-23T05:30:20.000Z,-123,122.3,-126.5,-3.5,0,0.1,4130.49,4117.97,4118.07,4178.76,BUY,USD,1,1,1583663
D#1702677,XAUUSD,100,288230376154268732,288230376152973161,288230376163527513,288230376163527510,703,2026-06-23T05:18:37.000Z,2026-06-23T05:30:20.000Z,98.9,-99.60000000000001,95.4,-3.5,0,0.1,4127.84,4118.17,4133,4118,SELL,USD,1,1,1583663
D#1702636,XAUUSD,100,288230376154268738,288230376152972972,288230376163531137,288230376163524915,1175,2026-06-23T05:10:46.000Z,2026-06-23T05:30:21.000Z,-118,117.3,-121.5,-3.5,0,0.1,4129.93,4117.91,4114.76,4182.23,BUY,USD,1,1,1583663
D#1702671,XAUUSD,100,288230376154268745,288230376152973019,288230376163531150,288230376163525659,1068,2026-06-23T05:12:33.000Z,2026-06-23T05:30:21.000Z,-240.2,238.79999999999998,-247.2,-7,0,0.2,4129.73,4117.5,,,BUY,USD,1,1,1583663
D#1670967,XAUUSD,100,288230376154268763,288230376152973312,288230376163531220,288230376163529728,280,2026-06-23T05:25:54.000Z,2026-06-23T05:30:34.000Z,59.5,-60.2,56.0,-3.5,0,0.1,4125.97,4120.24,,,SELL,USD,1,1,1583663
D#1671090,XAUUSD,100,288230376154268768,288230376152973011,288230376163531232,288230376163525543,1104,2026-06-23T05:12:12.000Z,2026-06-23T05:30:36.000Z,-33.04,32.76,-34.44,-1.4,0,0.04,4129.11,4120.63,4112.21,4194.47,BUY,USD,1,1,1583663
D#1702529,XAUUSD,100,288230376154268783,288230376152973259,288230376163531273,288230376163528982,427,2026-06-23T05:23:34.000Z,2026-06-23T05:30:41.000Z,-135.66,134.47,-141.62,-5.96,0,0.17,4127.69,4119.49,4114.31,4140.65,BUY,USD,1,1,1583663
D#1702596,XAUUSD,100,288230376154268806,288230376152973434,288230376163531320,288230376163531169,33,2026-06-23T05:30:24.000Z,2026-06-23T05:30:57.000Z,-28.5,27.8,-32.0,-3.5,0,0.1,4117.73,4120.8,4120.84,,SELL,USD,1,1,1583663
D#1702534,XAUUSD,100,288230376154268827,288230376152973401,288230376163531455,288230376163530954,69,2026-06-23T05:29:58.000Z,2026-06-23T05:31:07.000Z,51.2,-51.900000000000006,47.7,-3.5,0,0.1,4125.24,4120.34,4125.67,4115.18,SELL,USD,1,1,1583663
D#1702365,XAUUSD,100,288230376154268887,288230376152973431,288230376163531579,288230376163531160,93,2026-06-23T05:30:23.000Z,2026-06-23T05:31:56.000Z,-49.6,48.2,-56.6,-7,0,0.2,4117.44,4120.14,4120.05,,SELL,USD,1,1,1583663
D#1645671,XAUUSD,100,288230376154268971,288230376152972765,288230376163530578,288230376163522187,1815,2026-06-23T05:03:23.000Z,2026-06-23T05:33:38.000Z,55.12,-55.68,52.32,-2.8,0,0.08,4129.86,4123.19,4122.6,4116.19,SELL,USD,1,1,1583663
D#1702477,XAUUSD,100,288230376154268973,288230376152973375,288230376163530611,288230376163530609,287,2026-06-23T05:28:52.000Z,2026-06-23T05:33:39.000Z,20.6,-21.3,17.1,-3.5,0,0.1,4124.76,4122.92,4123.18,4104.91,SELL,USD,1,1,1583663
D#1702493,XAUUSD,100,288230376154268998,288230376152973536,288230376163532218,288230376163532216,44,2026-06-23T05:33:17.000Z,2026-06-23T05:34:01.000Z,-25.56,25.139999999999997,-27.66,-2.1,0,0.06,4121.12,4125.6,4125.43,,SELL,USD,1,1,1583663
D#1702466,XAUUSD,100,288230376154269033,288230376152973141,288230376163527780,288230376163527147,1033,2026-06-23T05:17:17.000Z,2026-06-23T05:34:30.000Z,8.8,-9.5,5.3,-3.5,0,0.1,4126.93,4126.27,4126,4117,SELL,USD,1,1,1583663
D#1702528,XAUUSD,100,288230376154269039,288230376152973551,288230376163532635,288230376163532416,39,2026-06-23T05:33:55.000Z,2026-06-23T05:34:34.000Z,-19.2,18.5,-22.7,-3.5,0,0.1,4123.87,4126.01,,,SELL,USD,1,1,1583663
D#1702753,XAUUSD,100,288230376154269085,288230376152973336,288230376163530465,288230376163530061,477,2026-06-23T05:27:03.000Z,2026-06-23T05:35:00.000Z,-71.55,70.5,-76.81,-5.26,0,0.15,4125.74,4130.73,4131.19,4087.33,SELL,USD,1,1,1583663
D#1702410,XAUUSD,100,288230376154269156,288230376152973453,288230376163533035,288230376163531385,279,2026-06-23T05:30:57.000Z,2026-06-23T05:35:36.000Z,158.9,-159.88,154.0,-4.9,0,0.14,4120.79,4131.92,4110.21,4137.23,BUY,USD,1,1,1583663
D#1702528,XAUUSD,100,288230376154269212,288230376152973569,288230376163533340,288230376163532653,105,2026-06-23T05:34:37.000Z,2026-06-23T05:36:22.000Z,46.1,-46.800000000000004,42.6,-3.5,0,0.1,4126.15,4130.54,4117.99,,BUY,USD,1,1,1583663
D#1702376,XAUUSD,100,288230376154269239,288230376152967451,288230376163533483,288230376163461247,13317,2026-06-23T01:54:50.000Z,2026-06-23T05:36:47.000Z,27.56,-27.63,27.2,-0.36,0,0.01,4157.3,4129.96,,,SELL,USD,1,1,1583663
D#1702567,XAUUSD,100,288230376154269306,288230376152973593,288230376163533322,288230376163532858,172,2026-06-23T05:35:07.000Z,2026-06-23T05:37:59.000Z,-45.5,44.8,-49.0,-3.5,0,0.1,4132.49,4127.72,4128.26,4137.55,BUY,USD,1,1,1583663
D#1702699,XAUUSD,100,288230376154269310,288230376152973406,288230376163533929,288230376163530987,479,2026-06-23T05:30:01.000Z,2026-06-23T05:38:00.000Z,45.1,-45.800000000000004,41.6,-3.5,0,0.1,4123.39,4127.68,,,BUY,USD,1,1,1583663
D#1702623,XAUUSD,100,288230376154269319,288230376152973664,288230376163533959,288230376163533562,62,2026-06-23T05:37:02.000Z,2026-06-23T05:38:04.000Z,86,-88.8,72.0,-14,0,0.4,4129.64,4127.71,4130.7,4127.24,SELL,USD,1,1,1583663
D#1670862,XAUUSD,100,288230376154269334,288230376152973694,288230376163534030,288230376163533886,22,2026-06-23T05:37:53.000Z,2026-06-23T05:38:15.000Z,90.1,-93.80999999999999,71.54,-18.56,0,0.53,4129.36,4127.88,,,SELL,USD,1,1,1583663
D#1670967,XAUUSD,100,288230376154269384,288230376152973699,288230376163534437,288230376163533939,80,2026-06-23T05:38:02.000Z,2026-06-23T05:39:22.000Z,-10.17,9.54,-13.33,-3.16,0,0.09,4127.36,4128.71,,,SELL,USD,1,1,1583663
D#1702699,XAUUSD,100,288230376154269390,288230376152973745,288230376163534471,288230376163534387,16,2026-06-23T05:39:11.000Z,2026-06-23T05:39:27.000Z,-2.55,2.1999999999999997,-4.31,-1.76,0,0.05,4128.43,4127.7,,,BUY,USD,1,1,1583663
D#1702416,XAUUSD,100,288230376154269397,288230376152973748,288230376163534516,288230376163534446,12,2026-06-23T05:39:23.000Z,2026-06-23T05:39:35.000Z,99.5,-103.0,82.0,-17.5,0,0.5,4128.38,4126.61,,,SELL,USD,1,1,1583663
D#1702439,XAUUSD,100,288230376154269489,288230376152973750,288230376163535094,288230376163534465,115,2026-06-23T05:39:26.000Z,2026-06-23T05:41:21.000Z,-223.2,220.39999999999998,-237.2,-14,0,0.4,4128.11,4122.31,,,BUY,USD,1,1,1583663
D#1702457,XAUUSD,100,288230376154269557,288230376152973741,288230376163535268,288230376163534330,264,2026-06-23T05:39:02.000Z,2026-06-23T05:43:26.000Z,36.3,-37.0,32.8,-3.5,0,0.1,4128.02,4124.61,4124.45,,SELL,USD,1,1,1583663
D#1670967,XAUUSD,100,288230376154269561,288230376152973761,288230376163535775,288230376163534620,212,2026-06-23T05:39:56.000Z,2026-06-23T05:43:28.000Z,11.52,-12.15,8.36,-3.16,0,0.09,4125.7,4124.64,,,SELL,USD,1,1,1583663
D#1702596,XAUUSD,100,288230376154269583,288230376152973465,288230376163535169,288230376163531463,773,2026-06-23T05:31:09.000Z,2026-06-23T05:44:02.000Z,-60.9,60.199999999999996,-64.4,-3.5,0,0.1,4120.19,4126.5,4126.33,,SELL,USD,1,1,1583663
D#1670975,XAUUSD,100,288230376154269585,288230376152973796,288230376163535289,288230376163535077,165,2026-06-23T05:41:17.000Z,2026-06-23T05:44:02.000Z,-94.6,93.19999999999999,-101.6,-7,0,0.2,4121.78,4126.73,4126.53,4118.48,SELL,USD,1,1,1583663
D#1702567,XAUUSD,100,288230376154269617,288230376152973703,288230376163535704,288230376163533952,394,2026-06-23T05:38:03.000Z,2026-06-23T05:44:37.000Z,-1.3,0.6,-4.8,-3.5,0,0.1,4127.5,4127.85,4127.67,4117.51,SELL,USD,1,1,1583663
D#1702383,XAUUSD,100,288230376154269620,288230376152973835,288230376163536167,288230376163535788,68,2026-06-23T05:43:31.000Z,2026-06-23T05:44:39.000Z,-131.6,128.79999999999998,-145.6,-14,0,0.4,4124.71,4128.22,,4122,SELL,USD,1,1,1583663
D#1702701,XAUUSD,100,288230376154269631,288230376152973864,288230376163536221,288230376163536101,20,2026-06-23T05:44:27.000Z,2026-06-23T05:44:47.000Z,44.02,-46.190000000000005,33.16,-10.86,0,0.31,4127.27,4128.47,,,BUY,USD,1,1,1583663
D#1702383,XAUUSD,100,288230376154269649,288230376152973873,288230376163536354,288230376163536196,28,2026-06-23T05:44:43.000Z,2026-06-23T05:45:11.000Z,-98.4,95.60000000000001,-112.4,-14,0,0.4,4129.09,4126.41,,,BUY,USD,1,1,1583663
D#1670967,XAUUSD,100,288230376154269674,288230376152973880,288230376163536560,288230376163536274,46,2026-06-23T05:44:57.000Z,2026-06-23T05:45:43.000Z,-33.9,33.199999999999996,-37.4,-3.5,0,0.1,4128.23,4124.62,,,BUY,USD,1,1,1583663
D#1670969,XAUUSD,100,288230376154269715,288230376152973896,288230376163536540,288230376163536432,61,2026-06-23T05:45:25.000Z,2026-06-23T05:46:26.000Z,96.8,-98.2,89.8,-7,0,0.2,4127.04,4122.42,,4123.19,SELL,USD,1,1,1583663
D#1702454,XAUUSD,100,288230376154269724,288230376152973906,288230376163536872,288230376163536562,51,2026-06-23T05:45:43.000Z,2026-06-23T05:46:34.000Z,140.5,-144.0,123.0,-17.5,0,0.5,4124.62,4122.03,,,SELL,USD,1,1,1583663
D#1670967,XAUUSD,100,288230376154269736,288230376152973919,288230376163536942,288230376163536683,48,2026-06-23T05:46:00.000Z,2026-06-23T05:46:48.000Z,33.48,-34.11,30.32,-3.16,0,0.09,4124.31,4120.81,,,SELL,USD,1,1,1583663
D#1702528,XAUUSD,100,288230376154269738,288230376152973712,288230376163536950,288230376163534020,516,2026-06-23T05:38:14.000Z,2026-06-23T05:46:50.000Z,-223.8,221.70000000000002,-234.3,-10.5,0,0.3,4127.96,4120.28,,4140.95,BUY,USD,1,1,1583663
D#1702720,XAUUSD,100,288230376154269741,288230376152973572,288230376163536957,288230376163532697,726,2026-06-23T05:34:45.000Z,2026-06-23T05:46:51.000Z,-72.6,71.89999999999999,-76.1,-3.5,0,0.1,4127.78,4120.3,4114.03,4178.73,BUY,USD,1,1,1583663
D#1702699,XAUUSD,100,288230376154269772,288230376152973927,288230376163537159,288230376163536837,63,2026-06-23T05:46:27.000Z,2026-06-23T05:47:30.000Z,50.4,-52.5,39.9,-10.5,0,0.3,4121.93,4120.47,,,SELL,USD,1,1,1583663
D#1702416,XAUUSD,100,288230376154269835,288230376152973953,288230376163537432,288230376163537174,43,2026-06-23T05:47:33.000Z,2026-06-23T05:48:16.000Z,-12,8.5,-29.5,-17.5,0,0.5,4120.84,4121.3,,,SELL,USD,1,1,1583663
D#1702624,XAUUSD,100,288230376154269851,288230376152973910,288230376163536589,288230376163536586,156,2026-06-23T05:45:47.000Z,2026-06-23T05:48:23.000Z,121.4,-122.80000000000001,114.4,-7,0,0.2,4124.41,4118.56,4136.39,4118.55,SELL,USD,1,1,1583663
D#1702701,XAUUSD,100,288230376154269873,288230376152973999,288230376163537590,288230376163537528,7,2026-06-23T05:48:30.000Z,2026-06-23T05:48:37.000Z,64.48,-66.65,53.62,-10.86,0,0.31,4118.09,4119.95,,,BUY,USD,1,1,1583663
D#1702416,XAUUSD,100,288230376154269877,288230376152974002,288230376163537636,288230376163537570,10,2026-06-23T05:48:35.000Z,2026-06-23T05:48:45.000Z,26.5,-30.0,9.0,-17.5,0,0.5,4119.59,4119.9,,,BUY,USD,1,1,1583663
D#1702596,XAUUSD,100,288230376154269927,288230376152973899,288230376163537985,288230376163536448,265,2026-06-23T05:45:27.000Z,2026-06-23T05:49:52.000Z,5.65,-5.720000000000001,5.29,-0.36,0,0.01,4126.6,4121.17,4138.4,,SELL,USD,1,1,1583663
D#1702416,XAUUSD,100,288230376154269933,288230376152974035,288230376163538036,288230376163537964,13,2026-06-23T05:49:47.000Z,2026-06-23T05:50:00.000Z,101.5,-105.0,84.0,-17.5,0,0.5,4121.02,4119.21,,,SELL,USD,1,1,1583663
D#1702623,XAUUSD,100,288230376154269986,288230376152974050,288230376163538149,288230376163538146,28,2026-06-23T05:50:17.000Z,2026-06-23T05:50:45.000Z,-37.6,34.800000000000004,-51.6,-14,0,0.4,4120.49,4121.65,4121.47,4118.29,SELL,USD,1,1,1583663
D#1702624,XAUUSD,100,288230376154270188,288230376152974092,288230376163539602,288230376163538565,171,2026-06-23T05:51:21.000Z,2026-06-23T05:54:12.000Z,7.9,-8.6,4.4,-3.5,0,0.1,4120.05,4120.62,4116.71,4122,BUY,USD,1,1,1583663
D#1702457,XAUUSD,100,288230376154270372,288230376152974138,288230376163539430,288230376163539019,313,2026-06-23T05:52:35.000Z,2026-06-23T05:57:48.000Z,-12.2,11.5,-15.7,-3.5,0,0.1,4118.12,4119.56,4119.36,,SELL,USD,1,1,1583663
D#1702623,XAUUSD,100,288230376154270532,288230376152974317,288230376163541210,288230376163541208,64,2026-06-23T05:58:48.000Z,2026-06-23T05:59:52.000Z,14,-16.8,0.0,-14,0,0.4,4121.3,4121.17,4121.06,4118.99,SELL,USD,1,1,1583663
D#1702488,XAUUSD,100,288230376154270590,288230376152974105,288230376163541879,288230376163538656,525,2026-06-23T05:51:35.000Z,2026-06-23T06:00:20.000Z,-223.5,220.0,-241.0,-17.5,0,0.5,4118.27,4122.96,,,SELL,USD,1,1,1583663
D#1702416,XAUUSD,100,288230376154270594,288230376152974281,288230376163541893,288230376163540741,169,2026-06-23T05:57:32.000Z,2026-06-23T06:00:21.000Z,-39.3,38.599999999999994,-42.8,-3.5,0,0.1,4117.99,4122.14,,,SELL,USD,1,1,1583663
D#1702477,XAUUSD,100,288230376154270609,288230376152974001,288230376163537553,288230376163537551,718,2026-06-23T05:48:33.000Z,2026-06-23T06:00:31.000Z,13.9,-14.6,10.4,-3.5,0,0.1,4119,4120.17,4120.36,4128.98,BUY,USD,1,1,1583663
D#1670967,XAUUSD,100,288230376154270626,288230376152974409,288230376163542005,288230376163541910,11,2026-06-23T06:00:24.000Z,2026-06-23T06:00:35.000Z,-34.92,33.660000000000004,-41.22,-6.3,0,0.18,4121.95,4119.79,,,BUY,USD,1,1,1583663
D#1671089,XAUUSD,100,288230376154270648,288230376152974387,288230376163542077,288230376163541723,43,2026-06-23T06:00:00.000Z,2026-06-23T06:00:43.000Z,-9.6,8.2,-16.6,-7,0,0.2,4121.24,4120.54,,,BUY,USD,1,1,1583663
D#1702503,XAUUSD,100,288230376154270726,288230376152974295,288230376163542441,288230376163540922,216,2026-06-23T05:58:03.000Z,2026-06-23T06:01:39.000Z,5.42,-5.56,4.72,-0.7,0,0.02,4120.1,4122.59,,,BUY,USD,1,1,1583663
D#1670967,XAUUSD,100,288230376154270729,288230376152974450,288230376163542450,288230376163542196,38,2026-06-23T06:01:02.000Z,2026-06-23T06:01:40.000Z,-30.78,29.52,-37.08,-6.3,0,0.18,4120.8,4122.73,,,SELL,USD,1,1,1583663
D#1702596,XAUUSD,100,288230376154270743,288230376152974191,288230376163539696,288230376163539587,455,2026-06-23T05:54:10.000Z,2026-06-23T06:01:45.000Z,-31.8,31.1,-35.3,-3.5,0,0.1,4120.52,4123.92,4123.78,,SELL,USD,1,1,1583663
D#1670862,XAUUSD,100,288230376154270827,288230376152974244,288230376163542703,288230376163540246,362,2026-06-23T05:56:08.000Z,2026-06-23T06:02:10.000Z,-398.03,394.32,-416.59,-18.56,0,0.53,4118.28,4126.01,,4116.42,SELL,USD,1,1,1583663
D#1702477,XAUUSD,100,288230376154270930,288230376152974437,288230376163542386,288230376163542095,128,2026-06-23T06:00:46.000Z,2026-06-23T06:02:54.000Z,21.4,-22.099999999999998,17.9,-3.5,0,0.1,4120.68,4122.6,4122.94,4133.17,BUY,USD,1,1,1583663
D#1670967,XAUUSD,100,288230376154270939,288230376152974508,288230376163543099,288230376163542612,60,2026-06-23T06:01:57.000Z,2026-06-23T06:02:57.000Z,44.28,-45.54,37.98,-6.3,0,0.18,4125.62,4123.38,,,SELL,USD,1,1,1583663
D#1702503,XAUUSD,100,288230376154271023,288230376152974501,288230376163543402,288230376163542567,99,2026-06-23T06:01:54.000Z,2026-06-23T06:03:33.000Z,11.14,-11.280000000000001,10.44,-0.7,0,0.02,4126.19,4120.84,,,SELL,USD,1,1,1583663
D#1702457,XAUUSD,100,288230376154271036,288230376152974394,288230376163541797,288230376163541795,207,2026-06-23T06:00:12.000Z,2026-06-23T06:03:39.000Z,-4.32,2.6400000000000006,-12.72,-8.4,0,0.24,4121.73,4122.13,4121.89,,SELL,USD,1,1,1583663
D#1702596,XAUUSD,100,288230376154271044,288230376152974536,288230376163543504,288230376163542778,88,2026-06-23T06:02:19.000Z,2026-06-23T06:03:47.000Z,-38.6,37.9,-42.1,-3.5,0,0.1,4126.14,4122.06,,,BUY,USD,1,1,1583663
D#1702416,XAUUSD,100,288230376154271047,288230376152974625,288230376163543512,288230376163543357,20,2026-06-23T06:03:29.000Z,2026-06-23T06:03:49.000Z,52.5,-54.6,42.0,-10.5,0,0.3,4120.85,4122.38,,,BUY,USD,1,1,1583663
D#1702376,XAUUSD,100,288230376154271143,288230376152974656,288230376163544083,288230376163543778,51,2026-06-23T06:04:36.000Z,2026-06-23T06:05:27.000Z,-1.77,1.7,-2.13,-0.36,0,0.01,4123.18,4121.19,,,BUY,USD,1,1,1583663
D#1702416,XAUUSD,100,288230376154271206,288230376152974718,288230376163544326,288230376163544278,9,2026-06-23T06:05:55.000Z,2026-06-23T06:06:04.000Z,49.5,-51.6,39.0,-10.5,0,0.3,4122.12,4120.69,,,SELL,USD,1,1,1583663
D#1702376,XAUUSD,100,288230376154271212,288230376152974705,288230376163544341,288230376163544162,30,2026-06-23T06:05:37.000Z,2026-06-23T06:06:07.000Z,-2.09,2.02,-2.45,-0.36,0,0.01,4122.67,4120.36,,,BUY,USD,1,1,1583663
D#1702477,XAUUSD,100,288230376154271226,288230376152974602,288230376163543297,288230376163543212,182,2026-06-23T06:03:12.000Z,2026-06-23T06:06:14.000Z,-75.2,73.8,-82.2,-7,0,0.2,4123.52,4119.54,4119.93,4135.06,BUY,USD,1,1,1583663
D#1670947,XAUUSD,100,288230376154271241,288230376152974313,288230376163544434,288230376163541172,457,2026-06-23T05:58:44.000Z,2026-06-23T06:06:21.000Z,31.2,-33.3,20.7,-10.5,0,0.3,4121.37,4120.55,,4119.18,SELL,USD,1,1,1583663
D#1702376,XAUUSD,100,288230376154271249,288230376152974731,288230376163544474,288230376163544392,10,2026-06-23T06:06:15.000Z,2026-06-23T06:06:25.000Z,-4.56,4.35,-5.62,-1.06,0,0.03,4119.45,4121.19,,,SELL,USD,1,1,1583663
D#1702596,XAUUSD,100,288230376154271341,288230376152974634,288230376163544815,288230376163543518,206,2026-06-23T06:03:50.000Z,2026-06-23T06:07:16.000Z,19.8,-20.5,16.3,-3.5,0,0.1,4121.81,4120.05,,,SELL,USD,1,1,1583663
D#1670980,XAUUSD,100,288230376154271395,288230376152974650,288230376163545040,288230376163543701,210,2026-06-23T06:04:21.000Z,2026-06-23T06:07:51.000Z,-215,211.5,-232.5,-17.5,0,0.5,4122.67,4118.15,,4124.97,BUY,USD,1,1,1583663
D#1702376,XAUUSD,100,288230376154271396,288230376152974755,288230376163545042,288230376163544526,77,2026-06-23T06:06:34.000Z,2026-06-23T06:07:51.000Z,24.42,-25.19,20.56,-3.86,0,0.11,4120.31,4118.31,,,SELL,USD,1,1,1583663
D#1702596,XAUUSD,100,288230376154271449,288230376152974796,288230376163545327,288230376163544839,80,2026-06-23T06:07:21.000Z,2026-06-23T06:08:41.000Z,19.1,-19.8,15.6,-3.5,0,0.1,4120.14,4118.45,,,SELL,USD,1,1,1583663
D#1645671,XAUUSD,100,288230376154271504,288230376152973805,288230376163545045,288230376163535227,1679,2026-06-23T05:41:42.000Z,2026-06-23T06:09:41.000Z,-47.04,46.48,-49.84,-2.8,0,0.08,4122.57,4116.47,4116.81,4136.46,BUY,USD,1,1,1583663
D#1702477,XAUUSD,100,288230376154271508,288230376152974745,288230376163544602,288230376163544460,197,2026-06-23T06:06:24.000Z,2026-06-23T06:09:41.000Z,-91.4,90.0,-98.4,-7,0,0.2,4121.26,4116.47,4117.04,4134.62,BUY,USD,1,1,1583663
D#1702457,XAUUSD,100,288230376154271512,288230376152974816,288230376163545679,288230376163545090,106,2026-06-23T06:07:58.000Z,2026-06-23T06:09:44.000Z,34.32,-36.0,25.92,-8.4,0,0.24,4118.59,4117.38,4121.36,,SELL,USD,1,1,1583663
D#1670972,XAUUSD,100,288230376154271553,288230376152972951,288230376163525254,288230376163524491,3587,2026-06-23T05:10:09.000Z,2026-06-23T06:09:56.000Z,136,-136.7,132.5,-3.5,0,0.1,4128.41,4115.03,4144.93,4114.89,SELL,USD,1,1,1583663
D#1670969,XAUUSD,100,288230376154271604,288230376152974872,288230376163545840,288230376163545694,16,2026-06-23T06:09:47.000Z,2026-06-23T06:10:03.000Z,60.4,-61.8,53.4,-7,0,0.2,4116.89,4114.09,,,SELL,USD,1,1,1583663
D#1702586,XAUUSD,100,288230376154271620,288230376152972614,288230376163545902,288230376163520714,4231,2026-06-23T04:59:43.000Z,2026-06-23T06:10:14.000Z,111.2,-112.60000000000001,104.2,-7,0,0.2,4118.69,4113.35,,4112.06,SELL,USD,1,1,1583663
D#1702477,XAUUSD,100,288230376154271634,288230376152974875,288230376163545954,288230376163545712,37,2026-06-23T06:09:50.000Z,2026-06-23T06:10:27.000Z,10.71,-12.180000000000001,3.35,-7.36,0,0.21,4115.38,4115.09,4114.76,,SELL,USD,1,1,1583663
D#1702441,XAUUSD,100,288230376154271672,288230376152974821,288230376163546129,288230376163545151,159,2026-06-23T06:08:09.000Z,2026-06-23T06:10:48.000Z,-16.65,16.439999999999998,-17.71,-1.06,0,0.03,4118.9,4113.13,,,BUY,USD,1,1,1583663
D#1670967,XAUUSD,100,288230376154271708,288230376152974878,288230376163546195,288230376163545721,67,2026-06-23T06:09:50.000Z,2026-06-23T06:10:57.000Z,55.98,-57.239999999999995,49.68,-6.3,0,0.18,4115.66,4112.77,,,SELL,USD,1,1,1583663
D#1702477,XAUUSD,100,288230376154271710,288230376152974917,288230376163546179,288230376163546058,24,2026-06-23T06:10:37.000Z,2026-06-23T06:11:01.000Z,14.49,-15.96,7.13,-7.36,0,0.21,4113.66,4113.19,4113.04,,SELL,USD,1,1,1583663
D#1702697,XAUUSD,100,288230376154271714,288230376152974600,288230376163546225,288230376163543206,473,2026-06-23T06:03:10.000Z,2026-06-23T06:11:03.000Z,91.2,-91.9,87.7,-3.5,0,0.1,4122.83,4113.93,4121.27,4101.4,SELL,USD,1,1,1583663
D#1702477,XAUUSD,100,288230376154271763,288230376152974940,288230376163546418,288230376163546264,35,2026-06-23T06:11:10.000Z,2026-06-23T06:11:45.000Z,6.93,-8.4,-0.43,-7.36,0,0.21,4115.15,4115.26,4115.68,,BUY,USD,1,1,1583663
D#1670916,XAUUSD,100,288230376154271794,288230376152972966,288230376163546704,288230376163524656,3706,2026-06-23T05:10:37.000Z,2026-06-23T06:12:23.000Z,87.92,-88.41,85.46,-2.46,0,0.07,4128.87,4116.53,4144,4100,SELL,USD,1,1,1583663
D#1702535,XAUUSD,100,288230376154271808,288230376152974963,288230376163546774,288230376163546582,26,2026-06-23T06:12:07.000Z,2026-06-23T06:12:33.000Z,199.5,-203.0,182.0,-17.5,0,0.5,4115.06,4118.83,4114.11,,BUY,USD,1,1,1583663
D#1671069,XAUUSD,100,288230376154271848,288230376152974812,288230376163546913,288230376163545024,304,2026-06-23T06:07:47.000Z,2026-06-23T06:12:51.000Z,-91.05,90.0,-96.31,-5.26,0,0.15,4118.19,4124.48,,,SELL,USD,1,1,1583663
D#1702376,XAUUSD,100,288230376154271849,288230376152974815,288230376163546917,288230376163545085,293,2026-06-23T06:07:58.000Z,2026-06-23T06:12:51.000Z,-265.55,262.26,-282.01,-16.46,0,0.47,4118.61,4124.48,,,SELL,USD,1,1,1583663
D#1702449,XAUUSD,100,288230376154271873,288230376152974894,288230376163547046,288230376163545831,189,2026-06-23T06:10:02.000Z,2026-06-23T06:13:11.000Z,-246.5,244.75,-255.26,-8.76,0,0.25,4113.4,4123.48,,4109.51,SELL,USD,1,1,1583663
D#1702685,XAUUSD,100,288230376154271968,288230376152974958,288230376163547574,288230376163546487,157,2026-06-23T06:11:47.000Z,2026-06-23T06:14:24.000Z,-38.7,38.35,-40.46,-1.76,0,0.05,4114.76,4122.72,,4096.92,SELL,USD,1,1,1583663
D#1702535,XAUUSD,100,288230376154271991,288230376152975001,288230376163547530,288230376163547016,101,2026-06-23T06:13:06.000Z,2026-06-23T06:14:47.000Z,-69,65.5,-86.5,-17.5,0,0.5,4122.76,4121.16,4121.61,4123.68,BUY,USD,1,1,1583663
D#1670967,XAUUSD,100,288230376154272058,288230376152974965,288230376163547961,288230376163546595,190,2026-06-23T06:12:08.000Z,2026-06-23T06:15:18.000Z,-150.3,149.04000000000002,-156.6,-6.3,0,0.18,4114.92,4123.49,,,SELL,USD,1,1,1583663
D#1702535,XAUUSD,100,288230376154272114,288230376152975138,288230376163548136,288230376163548133,9,2026-06-23T06:15:43.000Z,2026-06-23T06:15:52.000Z,-17.5,14.0,-35.0,-17.5,0,0.5,4123.72,4123.15,4123.3,,BUY,USD,1,1,1583663
D#1702477,XAUUSD,100,288230376154272156,288230376152975009,288230376163547294,288230376163547076,180,2026-06-23T06:13:15.000Z,2026-06-23T06:16:15.000Z,-29.37,28.6,-33.23,-3.86,0,0.11,4122.19,4125.08,4124.86,4085.8,SELL,USD,1,1,1583663
D#1702493,XAUUSD,100,288230376154272166,288230376152973766,288230376163534680,288230376163534675,2174,2026-06-23T05:40:06.000Z,2026-06-23T06:16:20.000Z,32.97,-33.39,30.86,-2.11,0,0.06,4125.7,4125.81,4125.58,4105.78,SELL,USD,1,1,1583663
D#1702365,XAUUSD,100,288230376154272167,288230376152975131,288230376163548413,288230376163548061,48,2026-06-23T06:15:32.000Z,2026-06-23T06:16:20.000Z,-60.2,58.800000000000004,-67.2,-7,0,0.2,4122.58,4125.81,4125.32,4118.87,SELL,USD,1,1,1583663
D#1702535,XAUUSD,100,288230376154272180,288230376152975181,288230376163548443,288230376163548432,2,2026-06-23T06:16:21.000Z,2026-06-23T06:16:23.000Z,44,-47.5,26.5,-17.5,0,0.5,4126.01,4126.67,4123.72,4126.76,BUY,USD,1,1,1583663
D#1670967,XAUUSD,100,288230376154272185,288230376152975165,288230376163548485,288230376163548330,19,2026-06-23T06:16:08.000Z,2026-06-23T06:16:27.000Z,57.78,-59.04,51.48,-6.3,0,0.18,4122.81,4125.8,,,BUY,USD,1,1,1583663
D#1702535,XAUUSD,100,288230376154272272,288230376152975206,288230376163548668,288230376163548666,25,2026-06-23T06:16:53.000Z,2026-06-23T06:17:18.000Z,-57,53.5,-74.5,-17.5,0,0.5,4124.62,4123.26,4123.4,4126.45,BUY,USD,1,1,1583663
D#1702477,XAUUSD,100,288230376154272283,288230376152975197,288230376163548864,288230376163548575,44,2026-06-23T06:16:41.000Z,2026-06-23T06:17:25.000Z,34,-37.5,16.5,-17.5,0,0.5,4124.48,4124.02,,,SELL,USD,1,1,1583663
D#1702430,XAUUSD,100,288230376154272289,288230376152975209,288230376163548897,288230376163548691,34,2026-06-23T06:16:57.000Z,2026-06-23T06:17:31.000Z,7.3,-8.0,3.8,-3.5,0,0.1,4124.4,4123.89,,,SELL,USD,1,1,1583663
D#1702477,XAUUSD,100,288230376154272322,288230376152975238,288230376163549137,288230376163548992,26,2026-06-23T06:17:44.000Z,2026-06-23T06:18:10.000Z,0.5,-4.0,-17.0,-17.5,0,0.5,4122.59,4122.8,,,SELL,USD,1,1,1583663
D#1702535,XAUUSD,100,288230376154272331,288230376152975232,288230376163549175,288230376163548934,43,2026-06-23T06:17:35.000Z,2026-06-23T06:18:18.000Z,62,-65.5,44.5,-17.5,0,0.5,4123.93,4122.91,4124.91,4121.89,SELL,USD,1,1,1583663
D#1670967,XAUUSD,100,288230376154272418,288230376152975242,288230376163549915,288230376163549055,161,2026-06-23T06:17:56.000Z,2026-06-23T06:20:37.000Z,-10.8,9.540000000000001,-17.1,-6.3,0,0.18,4123.15,4123.97,,,SELL,USD,1,1,1583663
D#1702535,XAUUSD,100,288230376154272436,288230376152975261,288230376163549367,288230376163549365,118,2026-06-23T06:18:50.000Z,2026-06-23T06:20:48.000Z,-50,46.5,-67.5,-17.5,0,0.5,4123.07,4124.29,4124.18,4121.16,SELL,USD,1,1,1583663
D#1702457,XAUUSD,100,288230376154272442,288230376152975273,288230376163549663,288230376163549539,84,2026-06-23T06:19:29.000Z,2026-06-23T06:20:53.000Z,38.88,-40.56,30.48,-8.4,0,0.24,4122.48,4123.88,4124.14,,BUY,USD,1,1,1583663
D#1702567,XAUUSD,100,288230376154272478,288230376152974156,288230376163549147,288230376163539127,1707,2026-06-23T05:52:47.000Z,2026-06-23T06:21:14.000Z,-47.5,46.8,-51.0,-3.5,0,0.1,4120.01,4124.98,4124.7,4109.12,SELL,USD,1,1,1583663
D#1702416,XAUUSD,100,288230376154272753,288230376152975418,288230376163551051,288230376163550744,49,2026-06-23T06:22:34.000Z,2026-06-23T06:23:23.000Z,-3,0.8999999999999999,-13.5,-10.5,0,0.3,4122.36,4122.68,,,SELL,USD,1,1,1583663
D#1670945,XAUUSD,100,288230376154272788,288230376152975291,288230376163550469,288230376163549801,215,2026-06-23T06:20:18.000Z,2026-06-23T06:23:53.000Z,-30.72,29.599999999999998,-36.32,-5.6,0,0.16,4122.87,4120.73,4121.11,4130.34,BUY,USD,1,1,1583663
D#1670975,XAUUSD,100,288230376154272809,288230376152975294,288230376163550027,288230376163549855,211,2026-06-23T06:20:27.000Z,2026-06-23T06:23:58.000Z,76.8,-78.2,69.8,-7,0,0.2,4122.85,4119.23,4127.14,4119.86,SELL,USD,1,1,1583663
D#1702596,XAUUSD,100,288230376154272821,288230376152975416,288230376163551308,288230376163550725,94,2026-06-23T06:22:32.000Z,2026-06-23T06:24:06.000Z,36.2,-36.900000000000006,32.7,-3.5,0,0.1,4122.49,4119.09,,,SELL,USD,1,1,1583663
D#1702535,XAUUSD,100,288230376154272832,288230376152975315,288230376163551342,288230376163550044,193,2026-06-23T06:20:58.000Z,2026-06-23T06:24:11.000Z,-278.5,275.0,-296.0,-17.5,0,0.5,4124.52,4118.73,,,BUY,USD,1,1,1583663
D#1702457,XAUUSD,100,288230376154272883,288230376152975490,288230376163551475,288230376163551353,32,2026-06-23T06:24:13.000Z,2026-06-23T06:24:45.000Z,-41.28,39.6,-49.68,-8.4,0,0.24,4119.17,4121.11,4120.84,,SELL,USD,1,1,1583663
D#1702621,XAUUSD,100,288230376154272916,288230376152975508,288230376163551713,288230376163551560,22,2026-06-23T06:24:45.000Z,2026-06-23T06:25:07.000Z,23.6,-25.0,16.6,-7,0,0.2,4121.11,4122.07,,,BUY,USD,1,1,1583663
D#1702421,XAUUSD,100,288230376154272934,288230376152975525,288230376163551732,288230376163551729,10,2026-06-23T06:25:10.000Z,2026-06-23T06:25:20.000Z,-49,45.5,-66.5,-17.5,0,0.5,4122.06,4120.86,4121.01,4124.41,BUY,USD,1,1,1583663
D#1702457,XAUUSD,100,288230376154272990,288230376152975516,288230376163552069,288230376163551624,73,2026-06-23T06:24:54.000Z,2026-06-23T06:26:07.000Z,69.84,-71.52000000000001,61.44,-8.4,0,0.24,4121.67,4118.98,4120.99,,SELL,USD,1,1,1583663
D#1702624,XAUUSD,100,288230376154273023,288230376152975493,288230376163551406,288230376163551405,128,2026-06-23T06:24:19.000Z,2026-06-23T06:26:27.000Z,-64,62.6,-71.0,-7,0,0.2,4119.87,4116.45,4116.6,4124.15,BUY,USD,1,1,1583663
D#1702621,XAUUSD,100,288230376154273032,288230376152975537,288230376163552227,288230376163551826,67,2026-06-23T06:25:25.000Z,2026-06-23T06:26:32.000Z,111.9,-114.0,101.4,-10.5,0,0.3,4121.07,4117.56,,,SELL,USD,1,1,1583663
D#1702416,XAUUSD,100,288230376154273036,288230376152975571,288230376163552239,288230376163552220,3,2026-06-23T06:26:31.000Z,2026-06-23T06:26:34.000Z,13.2,-15.299999999999999,2.7,-10.5,0,0.3,4117.31,4117.53,,,BUY,USD,1,1,1583663
D#1645671,XAUUSD,100,288230376154273123,288230376152975000,288230376163549050,288230376163547007,888,2026-06-23T06:13:05.000Z,2026-06-23T06:27:53.000Z,44.24,-44.800000000000004,41.44,-2.8,0,0.08,4122.67,4117.36,4117.08,4108.6,SELL,USD,1,1,1583663
D#1702441,XAUUSD,100,288230376154273128,288230376152975222,288230376163552765,288230376163548834,636,2026-06-23T06:17:21.000Z,2026-06-23T06:27:57.000Z,18.18,-18.39,17.12,-1.06,0,0.03,4123.4,4117.56,,,SELL,USD,1,1,1583663
D#1702457,XAUUSD,100,288230376154273145,288230376152975598,288230376163552609,288230376163552533,56,2026-06-23T06:27:21.000Z,2026-06-23T06:28:17.000Z,-38.4,36.72,-46.8,-8.4,0,0.24,4116.53,4118.35,4118.17,,SELL,USD,1,1,1583663
D#1702621,XAUUSD,100,288230376154273297,288230376152975666,288230376163553614,288230376163553401,84,2026-06-23T06:29:52.000Z,2026-06-23T06:31:16.000Z,22.8,-24.900000000000002,12.3,-10.5,0,0.3,4117.16,4116.62,4116.57,4106.81,SELL,USD,1,1,1583663
D#1702457,XAUUSD,100,288230376154273312,288230376152975709,288230376163553879,288230376163553818,34,2026-06-23T06:31:05.000Z,2026-06-23T06:31:39.000Z,-21.5,20.8,-25.0,-3.5,0,0.1,4115.26,4117.63,4117.53,,SELL,USD,1,1,1583663
D#1702365,XAUUSD,100,288230376154273327,288230376152975675,288230376163553657,288230376163553493,102,2026-06-23T06:30:08.000Z,2026-06-23T06:31:50.000Z,-55.4,54.0,-62.4,-7,0,0.2,4116.6,4119.59,4119.31,4112.39,SELL,USD,1,1,1583663
D#1702596,XAUUSD,100,288230376154273340,288230376152975698,288230376163554109,288230376163553700,78,2026-06-23T06:30:46.000Z,2026-06-23T06:32:04.000Z,10.6,-11.299999999999999,7.1,-3.5,0,0.1,4116.92,4117.76,,,BUY,USD,1,1,1583663
D#1702621,XAUUSD,100,288230376154273347,288230376152975723,288230376163554166,288230376163554041,23,2026-06-23T06:31:50.000Z,2026-06-23T06:32:13.000Z,-45.6,43.5,-56.1,-10.5,0,0.3,4119.55,4117.81,,,BUY,USD,1,1,1583663
D#1702621,XAUUSD,100,288230376154273381,288230376152975736,288230376163554405,288230376163554178,41,2026-06-23T06:32:15.000Z,2026-06-23T06:32:56.000Z,-73.2,71.10000000000001,-83.7,-10.5,0,0.3,4117.67,4120.33,,,SELL,USD,1,1,1583663
D#1702621,XAUUSD,100,288230376154273408,288230376152975759,288230376163554582,288230376163554493,18,2026-06-23T06:33:11.000Z,2026-06-23T06:33:29.000Z,-40.2,36.0,-61.2,-21,0,0.6,4120.5,4119.61,,,BUY,USD,1,1,1583663
D#1702624,XAUUSD,100,288230376154273414,288230376152975634,288230376163554634,288230376163552949,310,2026-06-23T06:28:27.000Z,2026-06-23T06:33:37.000Z,8.2,-9.6,1.2,-7,0,0.2,4118.03,4118.22,4114.46,4124.51,BUY,USD,1,1,1583663
D#1670967,XAUUSD,100,288230376154273434,288230376152975755,288230376163554824,288230376163554414,76,2026-06-23T06:32:57.000Z,2026-06-23T06:34:13.000Z,-53.28,52.02,-59.58,-6.3,0,0.18,4120.06,4116.88,,,BUY,USD,1,1,1583663
D#1702621,XAUUSD,100,288230376154273453,288230376152975770,288230376163554977,288230376163554658,61,2026-06-23T06:33:41.000Z,2026-06-23T06:34:42.000Z,-72.5,69.0,-90.0,-17.5,0,0.5,4118.11,4119.78,,,SELL,USD,1,1,1583663
D#1702621,XAUUSD,100,288230376154273478,288230376152975807,288230376163555160,288230376163555118,9,2026-06-23T06:35:08.000Z,2026-06-23T06:35:17.000Z,38.5,-42.0,21.0,-17.5,0,0.5,4119.08,4118.53,,,SELL,USD,1,1,1583663
D#1645671,XAUUSD,100,288230376154273485,288230376152975710,288230376163554355,288230376163553831,258,2026-06-23T06:31:08.000Z,2026-06-23T06:35:26.000Z,6.48,-7.040000000000001,3.68,-2.8,0,0.08,4115.82,4116.41,4116.56,4129.37,BUY,USD,1,1,1583663
D#1670979,XAUUSD,100,288230376154273514,288230376152975786,288230376163555271,288230376163554861,108,2026-06-23T06:34:20.000Z,2026-06-23T06:36:08.000Z,-75.9,73.80000000000001,-86.4,-10.5,0,0.3,4118.02,4115.27,4114.79,4123.09,BUY,USD,1,1,1583663
D#1671089,XAUUSD,100,288230376154273536,288230376152975195,288230376163555521,288230376163548565,1181,2026-06-23T06:16:39.000Z,2026-06-23T06:36:20.000Z,-188,186.6,-195.0,-7,0,0.2,4124.78,4115.16,,,BUY,USD,1,1,1583663
D#1670967,XAUUSD,100,288230376154273541,288230376152975796,288230376163555528,288230376163555057,85,2026-06-23T06:34:56.000Z,2026-06-23T06:36:21.000Z,-82.44,81.17999999999999,-88.74,-6.3,0,0.18,4119.9,4115.1,,,BUY,USD,1,1,1583663
D#1702395,XAUUSD,100,288230376154273547,288230376152975661,288230376163553417,288230376163553338,409,2026-06-23T06:29:42.000Z,2026-06-23T06:36:31.000Z,-68.2,66.8,-75.2,-7,0,0.2,4118.18,4114.55,4114.76,4127.81,BUY,USD,1,1,1583663
D#1702361,XAUUSD,100,288230376154273551,288230376152975084,288230376163548147,288230376163547697,1310,2026-06-23T06:14:42.000Z,2026-06-23T06:36:32.000Z,-78.8,78.1,-82.3,-3.5,0,0.1,4122.22,4114.12,4114.31,4178.5,BUY,USD,1,1,1583663
D#1702362,XAUUSD,100,288230376154273559,288230376152975835,288230376163555586,288230376163555526,13,2026-06-23T06:36:20.000Z,2026-06-23T06:36:33.000Z,3.08,-3.22,2.38,-0.7,0,0.02,4115.1,4113.78,,,SELL,USD,1,1,1583663
D#1702621,XAUUSD,100,288230376154273597,288230376152975813,288230376163555821,288230376163555209,114,2026-06-23T06:35:25.000Z,2026-06-23T06:37:19.000Z,60.5,-64.0,43.0,-17.5,0,0.5,4116.8,4115.81,,,SELL,USD,1,1,1583663
D#1702621,XAUUSD,100,288230376154273615,288230376152975853,288230376163555984,288230376163555865,22,2026-06-23T06:37:29.000Z,2026-06-23T06:37:51.000Z,16.5,-20.0,-1.0,-17.5,0,0.5,4115.92,4115.81,,,SELL,USD,1,1,1583663
D#1702621,XAUUSD,100,288230376154273624,288230376152975863,288230376163556032,288230376163555997,6,2026-06-23T06:37:53.000Z,2026-06-23T06:37:59.000Z,72.5,-76.0,55.0,-17.5,0,0.5,4115.61,4114.38,,,SELL,USD,1,1,1583663
D#1702621,XAUUSD,100,288230376154273633,288230376152975871,288230376163556095,288230376163556057,6,2026-06-23T06:38:02.000Z,2026-06-23T06:38:08.000Z,2.5,-6.0,-15.0,-17.5,0,0.5,4114.8,4114.97,,,SELL,USD,1,1,1583663
D#1702623,XAUUSD,100,288230376154273638,288230376152975872,288230376163556081,288230376163556076,14,2026-06-23T06:38:06.000Z,2026-06-23T06:38:20.000Z,-39.2,36.400000000000006,-53.2,-14,0,0.4,4114.62,4115.82,4115.71,,SELL,USD,1,1,1583663
D#1702621,XAUUSD,100,288230376154273653,288230376152975881,288230376163556326,288230376163556184,26,2026-06-23T06:38:27.000Z,2026-06-23T06:38:53.000Z,8,-11.5,-9.5,-17.5,0,0.5,4116.27,4116.21,,,BUY,USD,1,1,1583663
D#1702621,XAUUSD,100,288230376154273704,288230376152975891,288230376163556599,288230376163556407,38,2026-06-23T06:39:07.000Z,2026-06-23T06:39:45.000Z,-43.5,40.0,-61.0,-17.5,0,0.5,4115.13,4116.22,,,SELL,USD,1,1,1583663
D#1702621,XAUUSD,100,288230376154273722,288230376152975907,288230376163556730,288230376163556613,21,2026-06-23T06:39:47.000Z,2026-06-23T06:40:08.000Z,37,-40.5,19.5,-17.5,0,0.5,4116.28,4116.8,,,BUY,USD,1,1,1583663
D#1702677,XAUUSD,100,288230376154273728,288230376152975915,288230376163556793,288230376163556707,17,2026-06-23T06:40:05.000Z,2026-06-23T06:40:22.000Z,3,-3.7,-0.5,-3.5,0,0.1,4116.87,4116.79,4121.89,4104.89,SELL,USD,1,1,1583663
D#1702621,XAUUSD,100,288230376154273743,288230376152975916,288230376163556895,288230376163556756,22,2026-06-23T06:40:14.000Z,2026-06-23T06:40:36.000Z,24,-27.5,6.5,-17.5,0,0.5,4116.71,4116.97,,,BUY,USD,1,1,1583663
D#1702416,XAUUSD,100,288230376154273879,288230376152976010,288230376163557508,288230376163557491,4,2026-06-23T06:42:05.000Z,2026-06-23T06:42:09.000Z,20.4,-22.5,9.9,-10.5,0,0.3,4113.34,4112.88,,,SELL,USD,1,1,1583663
D#1702441,XAUUSD,100,288230376154273889,288230376152975694,288230376163557540,288230376163553683,691,2026-06-23T06:30:43.000Z,2026-06-23T06:42:14.000Z,12.36,-12.57,11.3,-1.06,0,0.03,4117.03,4113.13,,,SELL,USD,1,1,1583663
D#1702513,XAUUSD,100,288230376154273894,288230376152975799,288230376163557568,288230376163555075,441,2026-06-23T06:34:59.000Z,2026-06-23T06:42:20.000Z,-205.8,203.70000000000002,-216.3,-10.5,0,0.3,4120.07,4112.99,,4122.72,BUY,USD,1,1,1583663
D#1671090,XAUUSD,100,288230376154273906,288230376152975716,288230376163554348,288230376163553928,653,2026-06-23T06:31:29.000Z,2026-06-23T06:42:22.000Z,-18.52,18.24,-19.92,-1.4,0,0.04,4116.95,4112.1,4112.2,4139.81,BUY,USD,1,1,1583663
D#1702495,XAUUSD,100,288230376154273942,288230376152972119,288230376163518269,288230376163517909,6576,2026-06-23T04:53:19.000Z,2026-06-23T06:42:55.000Z,74.1,-74.30999999999999,73.04,-1.06,0,0.03,4136.21,4111.73,4134.67,4111.81,SELL,USD,1,1,1583663
D#1702611,XAUUSD,100,288230376154273941,288230376152975806,288230376163555361,288230376163555117,467,2026-06-23T06:35:08.000Z,2026-06-23T06:42:55.000Z,-97.24,96.33,-101.8,-4.56,0,0.13,4119.26,4111.56,4111.85,4130.57,BUY,USD,1,1,1583663
D#1702355,XAUUSD,100,288230376154273955,288230376152976023,288230376163557796,288230376163557625,35,2026-06-23T06:42:28.000Z,2026-06-23T06:43:03.000Z,8.4,-9.24,4.2,-4.2,0,0.12,4112.97,4112.49,,,SELL,USD,1,1,1583663
D#1670977,XAUUSD,100,288230376154273958,288230376152972611,288230376163557834,288230376163520700,6208,2026-06-23T04:59:42.000Z,2026-06-23T06:43:10.000Z,-34.85,34.5,-36.61,-1.76,0,0.05,4119.29,4112.1,,4142.75,BUY,USD,1,1,1583663
D#1670979,XAUUSD,100,288230376154273959,288230376152975840,288230376163557836,288230376163555557,405,2026-06-23T06:36:26.000Z,2026-06-23T06:43:11.000Z,-112.4,109.60000000000001,-126.4,-14,0,0.4,4115.15,4112.12,4111.23,4120.72,BUY,USD,1,1,1583663
D#1702391,XAUUSD,100,288230376154273984,288230376152975719,288230376163557932,288230376163553964,712,2026-06-23T06:31:34.000Z,2026-06-23T06:43:26.000Z,-19.92,19.64,-21.32,-1.4,0,0.04,4117.24,4112.04,,,BUY,USD,1,1,1583663
D#1702621,XAUUSD,100,288230376154274003,288230376152975934,288230376163557696,288230376163556945,182,2026-06-23T06:40:43.000Z,2026-06-23T06:43:45.000Z,92.5,-96.0,75.0,-17.5,0,0.5,4115.19,4113.56,4113.27,,SELL,USD,1,1,1583663
D#1702621,XAUUSD,100,288230376154274104,288230376152976066,288230376163558276,288230376163558177,93,2026-06-23T06:44:14.000Z,2026-06-23T06:45:47.000Z,-117,113.5,-134.5,-17.5,0,0.5,4112.89,4115.45,4115.15,4104.33,SELL,USD,1,1,1583663
D#1671089,XAUUSD,100,288230376154274141,288230376152976107,288230376163558933,288230376163558744,31,2026-06-23T06:45:49.000Z,2026-06-23T06:46:20.000Z,9.2,-10.6,2.2,-7,0,0.2,4115.73,4115.97,,,BUY,USD,1,1,1583663
D#1702621,XAUUSD,100,288230376154274140,288230376152976112,288230376163558925,288230376163558812,19,2026-06-23T06:46:01.000Z,2026-06-23T06:46:20.000Z,20.5,-24.0,3.0,-17.5,0,0.5,4115.79,4115.98,,,BUY,USD,1,1,1583663
D#1670946,XAUUSD,100,288230376154274149,288230376152976019,288230376163558989,288230376163557594,245,2026-06-23T06:42:24.000Z,2026-06-23T06:46:29.000Z,-182.8,180.0,-196.8,-14,0,0.4,4112.09,4116.88,,,SELL,USD,1,1,1583663
D#1702621,XAUUSD,100,288230376154274179,288230376152976130,288230376163559119,288230376163559030,14,2026-06-23T06:46:37.000Z,2026-06-23T06:46:51.000Z,-56,52.5,-73.5,-17.5,0,0.5,4116.29,4117.63,,,SELL,USD,1,1,1583663
D#1670946,XAUUSD,100,288230376154274193,288230376152976132,288230376163559229,288230376163559041,32,2026-06-23T06:46:38.000Z,2026-06-23T06:47:10.000Z,-78.8,76.0,-92.8,-14,0,0.4,4116.94,4114.75,,,BUY,USD,1,1,1583663
D#1702476,XAUUSD,100,288230376154274194,288230376152975836,288230376163559235,288230376163555527,651,2026-06-23T06:36:20.000Z,2026-06-23T06:47:11.000Z,2.4,-3.2399999999999998,-1.8,-4.2,0,0.12,4115.1,4115.12,,,SELL,USD,1,1,1583663
D#1645671,XAUUSD,100,288230376154274207,288230376152976039,288230376163558768,288230376163557793,267,2026-06-23T06:43:03.000Z,2026-06-23T06:47:30.000Z,13.12,-13.68,10.32,-2.8,0,0.08,4112.68,4114.1,4114.34,4126.67,BUY,USD,1,1,1583663
D#1702476,XAUUSD,100,288230376154274208,288230376152976160,288230376163559327,288230376163559277,13,2026-06-23T06:47:19.000Z,2026-06-23T06:47:32.000Z,5.2,-5.9,1.7,-3.5,0,0.1,4114.75,4114.45,,,SELL,USD,1,1,1583663
D#1670952,XAUUSD,100,288230376154274218,288230376152976142,288230376163559240,288230376163559130,64,2026-06-23T06:46:52.000Z,2026-06-23T06:47:56.000Z,-98.8,97.39999999999999,-105.8,-7,0,0.2,4117.65,4112.49,4112.73,4122.22,BUY,USD,1,1,1583663
D#1702476,XAUUSD,100,288230376154274225,288230376152976161,288230376163559483,288230376163559357,28,2026-06-23T06:47:35.000Z,2026-06-23T06:48:03.000Z,-26.3,25.6,-29.8,-3.5,0,0.1,4114.21,4111.36,,,BUY,USD,1,1,1583663
D#1702391,XAUUSD,100,288230376154274231,288230376152976085,288230376163559498,288230376163558476,180,2026-06-23T06:45:05.000Z,2026-06-23T06:48:05.000Z,-18.72,17.88,-22.92,-4.2,0,0.12,4113,4111.22,,,BUY,USD,1,1,1583663
D#1702577,XAUUSD,100,288230376154274257,288230376152973845,288230376163559591,288230376163535929,3863,2026-06-23T05:43:57.000Z,2026-06-23T06:48:20.000Z,-284.4,283.0,-291.4,-7,0,0.2,4125.28,4110.84,,4129.6,BUY,USD,1,1,1583663
D#1702476,XAUUSD,100,288230376154274287,288230376152976175,288230376163559659,288230376163559510,24,2026-06-23T06:48:07.000Z,2026-06-23T06:48:31.000Z,-4.7,4.0,-8.2,-3.5,0,0.1,4111.36,4112.05,,,SELL,USD,1,1,1583663
D#1702391,XAUUSD,100,288230376154274310,288230376152976177,288230376163559843,288230376163559535,54,2026-06-23T06:48:12.000Z,2026-06-23T06:49:06.000Z,-21.36,20.52,-25.56,-4.2,0,0.12,4111.4,4113.4,,,SELL,USD,1,1,1583663
D#1670952,XAUUSD,100,288230376154274353,288230376152976170,288230376163560163,288230376163559485,127,2026-06-23T06:48:04.000Z,2026-06-23T06:50:11.000Z,-103.6,102.19999999999999,-110.6,-7,0,0.2,4111.04,4116.44,4117.75,4106.49,SELL,USD,1,1,1583663
D#1670975,XAUUSD,100,288230376154274592,288230376152976219,288230376163560185,288230376163560042,334,2026-06-23T06:49:46.000Z,2026-06-23T06:55:20.000Z,-103.4,102.0,-110.4,-7,0,0.2,4114.78,4120.17,4119.96,4111.54,SELL,USD,1,1,1583663
D#1702668,XAUUSD,100,288230376154274599,288230376152976087,288230376163558493,288230376163558491,614,2026-06-23T06:45:09.000Z,2026-06-23T06:55:23.000Z,-59.2,58.64,-62.0,-2.8,0,0.08,4112.85,4120.47,4120.16,4105.07,SELL,USD,1,1,1583663
D#1671069,XAUUSD,100,288230376154274655,288230376152975473,288230376163562279,288230376163551245,1966,2026-06-23T06:23:58.000Z,2026-06-23T06:56:44.000Z,43.5,-44.55,38.24,-5.26,0,0.15,4119.99,4117.31,,4094.2,SELL,USD,1,1,1583663
D#1702640,XAUUSD,100,288230376154274699,288230376152976356,288230376163562030,288230376163561935,160,2026-06-23T06:55:40.000Z,2026-06-23T06:58:20.000Z,108,-110.8,94.0,-14,0,0.4,4119.3,4116.82,4122.01,4116.72,SELL,USD,1,1,1583663
D#1589428,XAUUSD,100,288230376154274704,288230376152975970,288230376163562421,288230376163557071,1051,2026-06-23T06:40:57.000Z,2026-06-23T06:58:28.000Z,1.29,-1.5,0.23,-1.06,0,0.03,4115.19,4115.4,4115.86,,BUY,USD,1,1,1583663
D#1702395,XAUUSD,100,288230376154274709,288230376152976211,288230376163560051,288230376163559924,548,2026-06-23T06:49:22.000Z,2026-06-23T06:58:30.000Z,2.4,-3.8,-4.6,-7,0,0.2,4115.03,4114.93,4115.28,4128.91,BUY,USD,1,1,1583663
D#1702391,XAUUSD,100,288230376154274721,288230376152976207,288230376163562861,288230376163559867,568,2026-06-23T06:49:12.000Z,2026-06-23T06:58:40.000Z,9.72,-10.56,5.52,-4.2,0,0.12,4113.95,4114.54,,,BUY,USD,1,1,1583663
D#1702649,XAUUSD,100,288230376154274752,288230376152975421,288230376163563051,288230376163550751,2195,2026-06-23T06:22:35.000Z,2026-06-23T06:59:10.000Z,-37.95,37.6,-39.71,-1.76,0,0.05,4122.63,4114.82,,,BUY,USD,1,1,1583663
D#1671050,XAUUSD,100,288230376154274763,288230376152975563,288230376163563100,288230376163552166,1976,2026-06-23T06:26:22.000Z,2026-06-23T06:59:18.000Z,52.6,-54.0,45.6,-7,0,0.2,4117.82,4115.41,4138.52,4111.08,SELL,USD,1,1,1583663
D#1702640,XAUUSD,100,288230376154274786,288230376152976412,288230376163563235,288230376163562832,67,2026-06-23T06:58:34.000Z,2026-06-23T06:59:41.000Z,-7.6,4.799999999999999,-21.6,-14,0,0.4,4115.21,4114.8,4112.63,4118.01,BUY,USD,1,1,1583663
D#1702391,XAUUSD,100,288230376154274793,288230376152976425,288230376163563313,288230376163562972,58,2026-06-23T06:58:57.000Z,2026-06-23T06:59:55.000Z,-1.05,0.0,-6.31,-5.26,0,0.15,4114.4,4114.11,,,BUY,USD,1,1,1583663
D#1702395,XAUUSD,100,288230376154274802,288230376152976436,288230376163563295,288230376163563078,46,2026-06-23T06:59:15.000Z,2026-06-23T07:00:01.000Z,-24.2,22.8,-31.2,-7,0,0.2,4115.09,4113.66,4113.71,4127.02,BUY,USD,1,1,1583663
D#1702640,XAUUSD,100,288230376154274843,288230376152976453,288230376163563367,288230376163563254,40,2026-06-23T06:59:45.000Z,2026-06-23T07:00:25.000Z,136.8,-139.60000000000002,122.8,-14,0,0.4,4115.07,4111.87,4117.09,4112.24,SELL,USD,1,1,1583663
D#1670975,XAUUSD,100,288230376154274875,288230376152976426,288230376163563080,288230376163562980,93,2026-06-23T06:58:58.000Z,2026-06-23T07:00:31.000Z,-69,67.6,-76.0,-7,0,0.2,4114.51,4110.84,4110.45,4117.4,BUY,USD,1,1,1583663
D#1702640,XAUUSD,100,288230376154274914,288230376152976496,288230376163563685,288230376163563602,10,2026-06-23T07:00:32.000Z,2026-06-23T07:00:42.000Z,-166,163.2,-180.0,-14,0,0.4,4110.64,4115.01,,,SELL,USD,1,1,1583663
D#1702391,XAUUSD,100,288230376154274917,288230376152976461,288230376163563693,288230376163563359,42,2026-06-23T07:00:01.000Z,2026-06-23T07:00:43.000Z,-10.2,9.149999999999999,-15.46,-5.26,0,0.15,4113.75,4114.65,,,SELL,USD,1,1,1583663
D#1702677,XAUUSD,100,288230376154274932,288230376152976096,288230376163563750,288230376163558609,924,2026-06-23T06:45:28.000Z,2026-06-23T07:00:52.000Z,14.1,-14.799999999999999,10.6,-3.5,0,0.1,4113.53,4114.72,4108.52,4125.52,BUY,USD,1,1,1583663
D#1670975,XAUUSD,100,288230376154274938,288230376152976504,288230376163563801,288230376163563655,21,2026-06-23T07:00:39.000Z,2026-06-23T07:01:00.000Z,54.4,-57.199999999999996,40.4,-14,0,0.4,4113.82,4114.96,,,BUY,USD,1,1,1583663
D#1702640,XAUUSD,100,288230376154275143,288230376152976516,288230376163563781,288230376163563729,96,2026-06-23T07:00:48.000Z,2026-06-23T07:02:24.000Z,125.6,-128.4,111.6,-14,0,0.4,4114.14,4117.06,4112.56,4117.18,BUY,USD,1,1,1583663
D#1702489,XAUUSD,100,288230376154275168,288230376152976358,288230376163564485,288230376163561945,420,2026-06-23T06:55:43.000Z,2026-06-23T07:02:43.000Z,-55.6,54.2,-62.6,-7,0,0.2,4119.64,4116.64,,,BUY,USD,1,1,1583663
D#1670975,XAUUSD,100,288230376154275196,288230376152976527,288230376163564596,288230376163563843,116,2026-06-23T07:01:05.000Z,2026-06-23T07:03:01.000Z,-124,121.2,-138.0,-14,0,0.4,4114.7,4118.02,,,SELL,USD,1,1,1583663
D#1702342,XAUUSD,100,288230376154275256,288230376152976438,288230376163565123,288230376163563099,315,2026-06-23T06:59:18.000Z,2026-06-23T07:04:33.000Z,102.8,-105.6,88.8,-14,0,0.4,4115.41,4117.76,,,BUY,USD,1,1,1583663
D#1702640,XAUUSD,100,288230376154275262,288230376152976592,288230376163565148,288230376163564552,99,2026-06-23T07:02:57.000Z,2026-06-23T07:04:36.000Z,22,-24.8,8.0,-14,0,0.4,4118.28,4117.95,4119.92,4115.53,SELL,USD,1,1,1583663
D#1670975,XAUUSD,100,288230376154275315,288230376152976608,288230376163565348,288230376163564668,120,2026-06-23T07:03:11.000Z,2026-06-23T07:05:11.000Z,-96.4,93.60000000000001,-110.4,-14,0,0.4,4116.66,4119.29,4120.91,4110.06,SELL,USD,1,1,1583663
D#1702640,XAUUSD,100,288230376154275337,288230376152976642,288230376163565526,288230376163565193,53,2026-06-23T07:04:45.000Z,2026-06-23T07:05:38.000Z,110.8,-113.6,96.8,-14,0,0.4,4117.93,4120.48,4116.12,4120.8,BUY,USD,1,1,1583663
D#1702649,XAUUSD,100,288230376154275339,288230376152976448,288230376163565542,288230376163563178,369,2026-06-23T06:59:32.000Z,2026-06-23T07:05:41.000Z,-24.05,23.7,-25.81,-1.76,0,0.05,4115.53,4120.56,,4009.5,SELL,USD,1,1,1583663
D#1645671,XAUUSD,100,288230376154275342,288230376152976249,288230376163561989,288230376163560474,877,2026-06-23T06:51:06.000Z,2026-06-23T07:05:43.000Z,-32.48,31.919999999999998,-35.28,-2.8,0,0.08,4116.71,4120.99,4120.71,4102.84,SELL,USD,1,1,1583663
D#1671090,XAUUSD,100,288230376154275367,288230376152976092,288230376163558728,288230376163558566,1235,2026-06-23T06:45:20.000Z,2026-06-23T07:05:55.000Z,-79.2,78.5,-82.7,-3.5,0,0.1,4113.43,4121.57,4121.44,,SELL,USD,1,1,1583663
D#1702476,XAUUSD,100,288230376154275366,288230376152976193,288230376163565638,288230376163559681,1041,2026-06-23T06:48:34.000Z,2026-06-23T07:05:55.000Z,-97.9,97.2,-101.4,-3.5,0,0.1,4111.56,4121.57,,,SELL,USD,1,1,1583663
D#1702660,XAUUSD,100,288230376154275376,288230376152975670,288230376163553986,288230376163553452,2154,2026-06-23T06:30:02.000Z,2026-06-23T07:05:56.000Z,-63.3,62.599999999999994,-66.8,-3.5,0,0.1,4115.61,4122.16,4122,4104.85,SELL,USD,1,1,1583663
D#1702416,XAUUSD,100,288230376154275394,288230376152976685,288230376163565725,288230376163565586,21,2026-06-23T07:05:47.000Z,2026-06-23T07:06:08.000Z,-3.6,1.5,-14.1,-10.5,0,0.3,4120.88,4121.22,,,SELL,USD,1,1,1583663
D#1702476,XAUUSD,100,288230376154275393,288230376152976695,288230376163565723,288230376163565656,11,2026-06-23T07:05:57.000Z,2026-06-23T07:06:08.000Z,-13,11.18,-22.1,-9.1,0,0.26,4121.78,4121.06,,,BUY,USD,1,1,1583663
D#1702640,XAUUSD,100,288230376154275399,288230376152976694,288230376163565742,288230376163565646,15,2026-06-23T07:05:55.000Z,2026-06-23T07:06:10.000Z,-29.2,26.4,-43.2,-14,0,0.4,4121.81,4120.86,,,BUY,USD,1,1,1583663
D#1702476,XAUUSD,100,288230376154275443,288230376152976709,288230376163565997,288230376163565740,45,2026-06-23T07:06:09.000Z,2026-06-23T07:06:54.000Z,29.9,-31.72,20.8,-9.1,0,0.26,4121.01,4121.94,,,BUY,USD,1,1,1583663
D#1702457,XAUUSD,100,288230376154275456,288230376152975721,288230376163554358,288230376163554007,2117,2026-06-23T06:31:44.000Z,2026-06-23T07:07:01.000Z,-49.8,49.099999999999994,-53.3,-3.5,0,0.1,4117.91,4123.11,4122.74,,SELL,USD,1,1,1583663
D#1702476,XAUUSD,100,288230376154275461,288230376152976729,288230376163566076,288230376163566050,5,2026-06-23T07:07:00.000Z,2026-06-23T07:07:05.000Z,3.6,-5.7,-6.9,-10.5,0,0.3,4122.65,4122.55,,,BUY,USD,1,1,1583663
D#1702476,XAUUSD,100,288230376154275475,288230376152976734,288230376163566132,288230376163566098,6,2026-06-23T07:07:08.000Z,2026-06-23T07:07:14.000Z,-12,9.9,-22.5,-10.5,0,0.3,4122.92,4122.3,,,BUY,USD,1,1,1583663
D#1702428,XAUUSD,100,288230376154275514,288230376152975828,288230376163566342,288230376163555437,1902,2026-06-23T06:36:06.000Z,2026-06-23T07:07:48.000Z,-62.8,62.099999999999994,-66.3,-3.5,0,0.1,4115.61,4122.11,4127.67,4106.34,SELL,USD,1,1,1583663
D#1702640,XAUUSD,100,288230376154275523,288230376152976715,288230376163566387,288230376163565842,90,2026-06-23T07:06:27.000Z,2026-06-23T07:07:57.000Z,-34,31.2,-48.0,-14,0,0.4,4121.3,4120.23,4119.3,4124.21,BUY,USD,1,1,1583663
D#1702416,XAUUSD,100,288230376154275545,288230376152976769,288230376163566531,288230376163566489,9,2026-06-23T07:08:14.000Z,2026-06-23T07:08:23.000Z,29.1,-31.200000000000003,18.6,-10.5,0,0.3,4120.27,4121.02,,,BUY,USD,1,1,1583663
D#1702640,XAUUSD,100,288230376154275555,288230376152976762,288230376163566580,288230376163566424,28,2026-06-23T07:08:03.000Z,2026-06-23T07:08:31.000Z,-72.8,70.0,-86.8,-14,0,0.4,4119.55,4121.59,,,SELL,USD,1,1,1583663
D#1670916,XAUUSD,100,288230376154275557,288230376152975004,288230376163566592,288230376163547039,3323,2026-06-23T06:13:10.000Z,2026-06-23T07:08:33.000Z,11.48,-11.97,9.02,-2.46,0,0.07,4123.2,4121.78,4145,4101,SELL,USD,1,1,1583663
D#1702640,XAUUSD,100,288230376154275606,288230376152976783,288230376163566788,288230376163566640,25,2026-06-23T07:08:39.000Z,2026-06-23T07:09:04.000Z,64,-66.8,50.0,-14,0,0.4,4121.82,4123.2,,,BUY,USD,1,1,1583663
D#1702416,XAUUSD,100,288230376154275609,288230376152976797,288230376163566806,288230376163566746,8,2026-06-23T07:08:57.000Z,2026-06-23T07:09:05.000Z,17.1,-19.200000000000003,6.6,-10.5,0,0.3,4123.73,4123.38,,,SELL,USD,1,1,1583663
D#1702640,XAUUSD,100,288230376154275700,288230376152976810,288230376163567116,288230376163566869,35,2026-06-23T07:09:15.000Z,2026-06-23T07:09:50.000Z,-62.8,60.0,-76.8,-14,0,0.4,4124.59,4122.8,,,BUY,USD,1,1,1583663
D#1702640,XAUUSD,100,288230376154275720,288230376152976841,288230376163567199,288230376163567132,10,2026-06-23T07:09:52.000Z,2026-06-23T07:10:02.000Z,-81.2,78.4,-95.2,-14,0,0.4,4122.79,4120.54,,,BUY,USD,1,1,1583663
D#1702476,XAUUSD,100,288230376154275724,288230376152976741,288230376163567210,288230376163566141,169,2026-06-23T07:07:15.000Z,2026-06-23T07:10:04.000Z,-45.3,43.199999999999996,-55.8,-10.5,0,0.3,4122.47,4120.74,,,BUY,USD,1,1,1583663
D#1702342,XAUUSD,100,288230376154275739,288230376152976788,288230376163567327,288230376163566676,96,2026-06-23T07:08:45.000Z,2026-06-23T07:10:21.000Z,110.4,-113.2,96.4,-14,0,0.4,4123.12,4120.58,,,SELL,USD,1,1,1583663
D#1702395,XAUUSD,100,288230376154275751,288230376152976542,288230376163564201,288230376163563957,550,2026-06-23T07:01:22.000Z,2026-06-23T07:10:32.000Z,74,-75.4,67.0,-7,0,0.2,4115.03,4118.51,4118.68,4128.94,BUY,USD,1,1,1583663
D#1702640,XAUUSD,100,288230376154275759,288230376152976851,288230376163567403,288230376163567207,30,2026-06-23T07:10:03.000Z,2026-06-23T07:10:33.000Z,111.2,-114.0,97.2,-14,0,0.4,4120.38,4117.82,,,SELL,USD,1,1,1583663
D#1702476,XAUUSD,100,288230376154275761,288230376152976855,288230376163567413,288230376163567226,29,2026-06-23T07:10:06.000Z,2026-06-23T07:10:35.000Z,108.3,-110.39999999999999,97.8,-10.5,0,0.3,4121.13,4117.74,,,SELL,USD,1,1,1583663
D#1702649,XAUUSD,100,288230376154275787,288230376152976683,288230376163567492,288230376163565563,305,2026-06-23T07:05:43.000Z,2026-06-23T07:10:48.000Z,-31.55,31.2,-33.31,-1.76,0,0.05,4120.99,4114.46,,,BUY,USD,1,1,1583663
D#1702640,XAUUSD,100,288230376154275790,288230376152976872,288230376163567500,288230376163567427,12,2026-06-23T07:10:38.000Z,2026-06-23T07:10:50.000Z,105.2,-108.0,91.2,-14,0,0.4,4117.6,4115.19,,,SELL,USD,1,1,1583663
D#1702476,XAUUSD,100,288230376154275797,288230376152976871,288230376163567525,288230376163567424,16,2026-06-23T07:10:38.000Z,2026-06-23T07:10:54.000Z,98.1,-100.19999999999999,87.6,-10.5,0,0.3,4117.6,4114.55,,,SELL,USD,1,1,1583663
D#1702391,XAUUSD,100,288230376154275804,288230376152976517,288230376163567548,288230376163563748,606,2026-06-23T07:00:52.000Z,2026-06-23T07:10:58.000Z,0.9,-1.9500000000000002,-4.36,-5.26,0,0.15,4114.91,4114.75,,,BUY,USD,1,1,1583663
D#1702476,XAUUSD,100,288230376154275809,288230376152976880,288230376163567577,288230376163567545,4,2026-06-23T07:10:58.000Z,2026-06-23T07:11:02.000Z,18,-20.1,7.5,-10.5,0,0.3,4114.75,4114.37,,,SELL,USD,1,1,1583663
D#1702640,XAUUSD,100,288230376154275810,288230376152976881,288230376163567583,288230376163567549,5,2026-06-23T07:10:58.000Z,2026-06-23T07:11:03.000Z,-2,-0.8000000000000003,-16.0,-14,0,0.4,4114.91,4114.64,,,BUY,USD,1,1,1583663
D#1702391,XAUUSD,100,288230376154275827,288230376152976890,288230376163567657,288230376163567633,5,2026-06-23T07:11:11.000Z,2026-06-23T07:11:16.000Z,-10.92,10.43,-13.38,-2.46,0,0.07,4114.67,4112.89,,,BUY,USD,1,1,1583663
D#1671069,XAUUSD,100,288230376154275833,288230376152976676,288230376163567692,288230376163565462,351,2026-06-23T07:05:30.000Z,2026-06-23T07:11:21.000Z,-102.9,101.85000000000001,-108.16,-5.26,0,0.15,4119.91,4112.83,,4128,BUY,USD,1,1,1583663
D#1702476,XAUUSD,100,288230376154275835,288230376152976891,288230376163567711,288230376163567638,13,2026-06-23T07:11:12.000Z,2026-06-23T07:11:25.000Z,73.8,-75.89999999999999,63.3,-10.5,0,0.3,4114.58,4112.34,,,SELL,USD,1,1,1583663
D#1702640,XAUUSD,100,288230376154275844,288230376152976884,288230376163567747,288230376163567592,26,2026-06-23T07:11:05.000Z,2026-06-23T07:11:31.000Z,50.4,-53.199999999999996,36.4,-14,0,0.4,4114.26,4113.22,,,SELL,USD,1,1,1583663
D#1702476,XAUUSD,100,288230376154275856,288230376152976901,288230376163567785,288230376163567759,5,2026-06-23T07:11:33.000Z,2026-06-23T07:11:38.000Z,-0.6,-1.5,-11.1,-10.5,0,0.3,4113.74,4113.98,,,SELL,USD,1,1,1583663
D#1645671,XAUUSD,100,288230376154275870,288230376152976803,288230376163567521,288230376163566782,172,2026-06-23T07:09:02.000Z,2026-06-23T07:11:54.000Z,66.72,-67.28,63.92,-2.8,0,0.08,4123.41,4115.29,4114.97,4109.6,SELL,USD,1,1,1583663
D#1702640,XAUUSD,100,288230376154275878,288230376152976905,288230376163567925,288230376163567782,22,2026-06-23T07:11:38.000Z,2026-06-23T07:12:00.000Z,38.8,-41.599999999999994,24.8,-14,0,0.4,4113.89,4114.64,,,BUY,USD,1,1,1583663
D#1702640,XAUUSD,100,288230376154275908,288230376152976928,288230376163568103,288230376163567968,21,2026-06-23T07:12:08.000Z,2026-06-23T07:12:29.000Z,13.2,-16.0,-0.8,-14,0,0.4,4114.34,4114.45,,,BUY,USD,1,1,1583663
D#1702476,XAUUSD,100,288230376154275910,288230376152976907,288230376163568108,288230376163567799,49,2026-06-23T07:11:41.000Z,2026-06-23T07:12:30.000Z,-14.7,12.6,-25.2,-10.5,0,0.3,4113.87,4114.58,,,SELL,USD,1,1,1583663
D#1702476,XAUUSD,100,288230376154275934,288230376152976956,288230376163568254,288230376163568186,11,2026-06-23T07:12:41.000Z,2026-06-23T07:12:52.000Z,8.7,-10.729999999999999,-1.46,-10.16,0,0.29,4114.82,4114.74,,,SELL,USD,1,1,1583663
D#1702391,XAUUSD,100,288230376154275952,288230376152976902,288230376163568324,288230376163567768,85,2026-06-23T07:11:35.000Z,2026-06-23T07:13:00.000Z,3.23,-4.42,-2.73,-5.96,0,0.17,4113.55,4113.52,,,BUY,USD,1,1,1583663
D#1702476,XAUUSD,100,288230376154275957,288230376152976967,288230376163568348,288230376163568289,5,2026-06-23T07:12:57.000Z,2026-06-23T07:13:02.000Z,10.73,-12.76,0.57,-10.16,0,0.29,4113.7,4113.55,,,SELL,USD,1,1,1583663
D#1702640,XAUUSD,100,288230376154275959,288230376152976955,288230376163568356,288230376163568152,28,2026-06-23T07:12:35.000Z,2026-06-23T07:13:03.000Z,58,-60.8,44.0,-14,0,0.4,4115.12,4113.89,,,SELL,USD,1,1,1583663
D#1702640,XAUUSD,100,288230376154275994,288230376152976991,288230376163568495,288230376163568456,8,2026-06-23T07:13:13.000Z,2026-06-23T07:13:21.000Z,-19.2,16.4,-33.2,-14,0,0.4,4114.1,4114.8,,,SELL,USD,1,1,1583663
D#1702640,XAUUSD,100,288230376154276003,288230376152976999,288230376163568538,288230376163568516,4,2026-06-23T07:13:24.000Z,2026-06-23T07:13:28.000Z,-10,7.199999999999999,-24.0,-14,0,0.4,4114.49,4114.02,,,BUY,USD,1,1,1583663
D#1702476,XAUUSD,100,288230376154276035,288230376152977007,288230376163568677,288230376163568581,16,2026-06-23T07:13:34.000Z,2026-06-23T07:13:50.000Z,18,-18.7,14.5,-3.5,0,0.1,4114.77,4113.19,,,SELL,USD,1,1,1583663
D#1702640,XAUUSD,100,288230376154276039,288230376152977004,288230376163568697,288230376163568558,23,2026-06-23T07:13:31.000Z,2026-06-23T07:13:54.000Z,39.2,-42.0,25.2,-14,0,0.4,4114.32,4113.56,,,SELL,USD,1,1,1583663
D#1702640,XAUUSD,100,288230376154276095,288230376152977034,288230376163568894,288230376163568781,15,2026-06-23T07:14:06.000Z,2026-06-23T07:14:21.000Z,-82,79.2,-96.0,-14,0,0.4,4114.07,4116.34,,,SELL,USD,1,1,1583663
D#1702640,XAUUSD,100,288230376154276110,288230376152977051,288230376163568961,288230376163568905,8,2026-06-23T07:14:23.000Z,2026-06-23T07:14:31.000Z,-29.2,26.4,-43.2,-14,0,0.4,4116.32,4117.27,,,SELL,USD,1,1,1583663
D#1702640,XAUUSD,100,288230376154276128,288230376152977058,288230376163569073,288230376163568986,11,2026-06-23T07:14:33.000Z,2026-06-23T07:14:44.000Z,-0.8,-2.0,-14.8,-14,0,0.4,4117.22,4116.98,,,BUY,USD,1,1,1583663
D#1702640,XAUUSD,100,288230376154276233,288230376152977074,288230376163569445,288230376163569117,41,2026-06-23T07:14:50.000Z,2026-06-23T07:15:31.000Z,-29.6,26.8,-43.6,-14,0,0.4,4116.22,4117.18,,,SELL,USD,1,1,1583663
D#1702640,XAUUSD,100,288230376154276268,288230376152977121,288230376163569669,288230376163569460,33,2026-06-23T07:15:32.000Z,2026-06-23T07:16:05.000Z,-30.8,28.0,-44.8,-14,0,0.4,4117.15,4116.16,,,BUY,USD,1,1,1583663
D#1645671,XAUUSD,100,288230376154276307,288230376152977094,288230376163569762,288230376163569276,90,2026-06-23T07:15:08.000Z,2026-06-23T07:16:38.000Z,-10.08,9.52,-12.88,-2.8,0,0.08,4116.9,4115.42,4115.69,4130,BUY,USD,1,1,1583663
D#1702476,XAUUSD,100,288230376154276339,288230376152977056,288230376163570031,288230376163568969,147,2026-06-23T07:14:32.000Z,2026-06-23T07:16:59.000Z,5.3,-6.0,1.8,-3.5,0,0.1,4117.18,4116.87,,,SELL,USD,1,1,1583663
D#1702640,XAUUSD,100,288230376154276362,288230376152977142,288230376163570154,288230376163569719,67,2026-06-23T07:16:11.000Z,2026-06-23T07:17:18.000Z,-32.4,29.599999999999998,-46.4,-14,0,0.4,4116.44,4115.41,,,BUY,USD,1,1,1583663
D#1702476,XAUUSD,100,288230376154276390,288230376152977175,288230376163570272,288230376163570060,31,2026-06-23T07:17:04.000Z,2026-06-23T07:17:35.000Z,7,-7.7,3.5,-3.5,0,0.1,4116.26,4115.78,,,SELL,USD,1,1,1583663
D#1702476,XAUUSD,100,288230376154276443,288230376152977209,288230376163570449,288230376163570287,23,2026-06-23T07:17:37.000Z,2026-06-23T07:18:00.000Z,-2.7,2.0,-6.2,-3.5,0,0.1,4115.42,4115.91,,,SELL,USD,1,1,1583663
D#1702476,XAUUSD,100,288230376154276468,288230376152977230,288230376163570546,288230376163570478,11,2026-06-23T07:18:03.000Z,2026-06-23T07:18:14.000Z,-1,0.29999999999999993,-4.5,-3.5,0,0.1,4116.5,4116.18,,,BUY,USD,1,1,1583663
D#1702640,XAUUSD,100,288230376154276492,288230376152977198,288230376163570669,288230376163570228,65,2026-06-23T07:17:28.000Z,2026-06-23T07:18:33.000Z,-3.6,0.7999999999999998,-17.6,-14,0,0.4,4115.39,4115.7,,,SELL,USD,1,1,1583663
D#1702640,XAUUSD,100,288230376154276552,288230376152977256,288230376163570951,288230376163570680,40,2026-06-23T07:18:35.000Z,2026-06-23T07:19:15.000Z,-35.6,32.800000000000004,-49.6,-14,0,0.4,4115.84,4114.73,,,BUY,USD,1,1,1583663
D#1702342,XAUUSD,100,288230376154276616,288230376152977241,288230376163571217,288230376163570580,90,2026-06-23T07:18:20.000Z,2026-06-23T07:19:50.000Z,32,-34.8,18.0,-14,0,0.4,4115.84,4116.42,,,BUY,USD,1,1,1583663
D#1702534,XAUUSD,100,288230376154276675,288230376152977154,288230376163571392,288230376163569841,228,2026-06-23T07:16:29.000Z,2026-06-23T07:20:17.000Z,31.6,-32.300000000000004,28.1,-3.5,0,0.1,4116.39,4119.33,4112.06,4120.62,BUY,USD,1,1,1583663
D#1702476,XAUUSD,100,288230376154276717,288230376152977242,288230376163571506,288230376163570596,133,2026-06-23T07:18:21.000Z,2026-06-23T07:20:34.000Z,-37.6,36.9,-41.1,-3.5,0,0.1,4115.69,4119.67,,,SELL,USD,1,1,1583663
D#1702476,XAUUSD,100,288230376154276818,288230376152977359,288230376163572222,288230376163571518,128,2026-06-23T07:20:36.000Z,2026-06-23T07:22:44.000Z,-18.1,17.400000000000002,-21.6,-3.5,0,0.1,4119.65,4121.68,,,SELL,USD,1,1,1583663
D#1702537,XAUUSD,100,288230376154276834,288230376152976904,288230376163572265,288230376163567779,673,2026-06-23T07:11:37.000Z,2026-06-23T07:22:50.000Z,-240.9,238.8,-251.4,-10.5,0,0.3,4113.73,4121.98,,4110.98,SELL,USD,1,1,1583663
D#1702677,XAUUSD,100,288230376154276839,288230376152977116,288230376163569434,288230376163569207,446,2026-06-23T07:15:30.000Z,2026-06-23T07:22:56.000Z,-48.1,47.4,-51.6,-3.5,0,0.1,4117.14,4122.17,4122,4105,SELL,USD,1,1,1583663
D#1702476,XAUUSD,100,288230376154276843,288230376152977411,288230376163572313,288230376163572256,11,2026-06-23T07:22:48.000Z,2026-06-23T07:22:59.000Z,-11.9,11.200000000000001,-15.4,-3.5,0,0.1,4121.39,4122.8,,,SELL,USD,1,1,1583663
D#1702541,XAUUSD,100,288230376154276858,288230376152977022,288230376163572386,288230376163568723,551,2026-06-23T07:13:59.000Z,2026-06-23T07:23:10.000Z,-92.3,91.6,-95.8,-3.5,0,0.1,4113.33,4122.78,,,SELL,USD,1,1,1583663
D#1702395,XAUUSD,100,288230376154276867,288230376152976920,288230376163572430,288230376163567894,683,2026-06-23T07:11:56.000Z,2026-06-23T07:23:19.000Z,145.2,-146.6,138.2,-7,0,0.2,4115.22,4122.26,4117.22,4128.82,BUY,USD,1,1,1583663
D#1702637,XAUUSD,100,288230376154276897,288230376152977336,288230376163572857,288230376163571324,233,2026-06-23T07:20:07.000Z,2026-06-23T07:24:00.000Z,139,-142.5,121.5,-17.5,0,0.5,4118.12,4120.68,,,BUY,USD,1,1,1583663
D#1645671,XAUUSD,100,288230376154277013,288230376152977418,288230376163573385,288230376163572399,203,2026-06-23T07:23:14.000Z,2026-06-23T07:26:37.000Z,18,-18.56,15.2,-2.8,0,0.08,4122.29,4120.26,4120.1,4108.34,SELL,USD,1,1,1583663
D#1702580,XAUUSD,100,288230376154277092,288230376152975717,288230376163553940,288230376163553939,3515,2026-06-23T06:31:31.000Z,2026-06-23T07:30:06.000Z,27.8,-28.5,24.29,-3.51,0,0.1,4117.26,4117.29,4117.53,4128.27,BUY,USD,1,1,1583663
D#1702342,XAUUSD,100,288230376154277097,288230376152977496,288230376163574412,288230376163573639,228,2026-06-23T07:26:23.000Z,2026-06-23T07:30:11.000Z,92.8,-95.6,78.8,-14,0,0.4,4119.23,4117.13,,4117.19,SELL,USD,1,1,1583663
D#1702628,XAUUSD,100,288230376154277131,288230376152977447,288230376163572927,288230376163572923,374,2026-06-23T07:24:12.000Z,2026-06-23T07:30:26.000Z,63.15,-64.2,57.89,-5.26,0,0.15,4119.96,4115.97,4126.1,4115.76,SELL,USD,1,1,1583663
D#1702707,XAUUSD,100,288230376154277165,288230376152977455,288230376163575105,288230376163572967,418,2026-06-23T07:24:18.000Z,2026-06-23T07:31:16.000Z,3.17,-3.2399999999999998,2.81,-0.36,0,0.01,4119.3,4116.35,4125.56,4105.74,SELL,USD,1,1,1583663
D#1702476,XAUUSD,100,288230376154277216,288230376152977413,288230376163575300,288230376163572328,527,2026-06-23T07:23:02.000Z,2026-06-23T07:31:49.000Z,54.5,-55.2,51.0,-3.5,0,0.1,4122.19,4116.96,,,SELL,USD,1,1,1583663
D#1702476,XAUUSD,100,288230376154277228,288230376152977616,288230376163575382,288230376163575320,12,2026-06-23T07:31:53.000Z,2026-06-23T07:32:05.000Z,-2.3,1.5999999999999996,-5.8,-3.5,0,0.1,4116.87,4117.32,,,SELL,USD,1,1,1583663
D#1702476,XAUUSD,100,288230376154277270,288230376152977623,288230376163575503,288230376163575387,22,2026-06-23T07:32:06.000Z,2026-06-23T07:32:28.000Z,8.8,-9.5,5.3,-3.5,0,0.1,4116.79,4116.13,,,SELL,USD,1,1,1583663
D#1702476,XAUUSD,100,288230376154277305,288230376152977640,288230376163575754,288230376163575533,37,2026-06-23T07:32:33.000Z,2026-06-23T07:33:10.000Z,9.88,-11.21,3.22,-6.66,0,0.19,4116.39,4116.09,,,SELL,USD,1,1,1583663
D#1702476,XAUUSD,100,288230376154277314,288230376152977666,288230376163575818,288230376163575803,2,2026-06-23T07:33:19.000Z,2026-06-23T07:33:21.000Z,1.33,-2.66,-5.33,-6.66,0,0.19,4115.5,4115.65,,,SELL,USD,1,1,1583663
D#1702716,XAUUSD,100,288230376154277320,288230376152977491,288230376163575864,288230376163573528,446,2026-06-23T07:26:02.000Z,2026-06-23T07:33:28.000Z,-73.5,71.4,-84.0,-10.5,0,0.3,4118.55,4115.88,4115.04,4125.22,BUY,USD,1,1,1583663
D#1702476,XAUUSD,100,288230376154277348,288230376152977681,288230376163576050,288230376163575930,23,2026-06-23T07:33:39.000Z,2026-06-23T07:34:02.000Z,-7.98,6.65,-14.64,-6.66,0,0.19,4115.72,4116.36,,,SELL,USD,1,1,1583663
D#1702677,XAUUSD,100,288230376154277420,288230376152977536,288230376163576553,288230376163574311,413,2026-06-23T07:28:42.000Z,2026-06-23T07:35:35.000Z,51.7,-52.400000000000006,48.2,-3.5,0,0.1,4120.09,4115.14,4125.2,4108.2,SELL,USD,1,1,1583663
D#1702737,XAUUSD,100,288230376154277435,288230376152977410,288230376163576659,288230376163572034,790,2026-06-23T07:22:42.000Z,2026-06-23T07:35:52.000Z,61.1,-61.800000000000004,57.6,-3.5,0,0.1,4120.93,4115.04,4126,4111,SELL,USD,1,1,1583663
D#1702391,XAUUSD,100,288230376154277442,288230376152976997,288230376163576705,288230376163568503,1357,2026-06-23T07:13:22.000Z,2026-06-23T07:35:59.000Z,5.8,-7.2,-1.2,-7,0,0.2,4114.77,4114.84,,,BUY,USD,1,1,1583663
D#1702391,XAUUSD,100,288230376154277504,288230376152977753,288230376163577286,288230376163576915,71,2026-06-23T07:36:35.000Z,2026-06-23T07:37:46.000Z,-24.6,23.200000000000003,-31.6,-7,0,0.2,4115.01,4113.56,,,BUY,USD,1,1,1583663
D#1702660,XAUUSD,100,288230376154277505,288230376152977125,288230376163569721,288230376163569549,1323,2026-06-23T07:15:45.000Z,2026-06-23T07:37:48.000Z,-40.7,40.0,-44.2,-3.5,0,0.1,4117.84,4113.55,4113.44,4128,BUY,USD,1,1,1583663
D#1702623,XAUUSD,100,288230376154277507,288230376152977777,288230376163577268,288230376163577267,5,2026-06-23T07:37:44.000Z,2026-06-23T07:37:49.000Z,0.4,-3.2,-13.6,-14,0,0.4,4113.82,4113.61,4113.44,,BUY,USD,1,1,1583663
D#1702716,XAUUSD,100,288230376154277517,288230376152977677,288230376163577335,288230376163575910,261,2026-06-23T07:33:35.000Z,2026-06-23T07:37:56.000Z,-67.5,64.0,-85.0,-17.5,0,0.5,4115.35,4113.78,4111.18,4123.93,BUY,USD,1,1,1583663
D#1702716,XAUUSD,100,288230376154277577,288230376152977783,288230376163577490,288230376163577352,21,2026-06-23T07:37:59.000Z,2026-06-23T07:38:20.000Z,-63.5,60.0,-81.0,-17.5,0,0.5,4114.19,4112.7,,,BUY,USD,1,1,1583663
D#1702391,XAUUSD,100,288230376154277689,288230376152977809,288230376163578379,288230376163577548,137,2026-06-23T07:38:30.000Z,2026-06-23T07:40:47.000Z,-15.2,13.799999999999999,-22.2,-7,0,0.2,4112.73,4111.75,,,BUY,USD,1,1,1583663
D#1671050,XAUUSD,100,288230376154277749,288230376152976444,288230376163563418,288230376163563147,2490,2026-06-23T06:59:27.000Z,2026-06-23T07:40:57.000Z,28.75,-29.45,25.24,-3.51,0,0.1,4116.15,4108.9,4109,4143.87,BUY,USD,1,1,1583663
D#1702611,XAUUSD,100,288230376154277785,288230376152976264,288230376163578562,288230376163560874,2926,2026-06-23T06:52:24.000Z,2026-06-23T07:41:10.000Z,-89.7,88.79,-94.26,-4.56,0,0.13,4117.18,4110.06,4104.08,4127.98,BUY,USD,1,1,1583663
D#1702642,XAUUSD,100,288230376154277787,288230376152977515,288230376163578566,288230376163573961,823,2026-06-23T07:27:28.000Z,2026-06-23T07:41:11.000Z,-207.46,205.92000000000002,-215.16,-7.7,0,0.22,4119.71,4110.06,,4147,BUY,USD,1,1,1583663
D#1702391,XAUUSD,100,288230376154277794,288230376152977866,288230376163578597,288230376163578419,23,2026-06-23T07:40:52.000Z,2026-06-23T07:41:15.000Z,-10,8.6,-17.0,-7,0,0.2,4110.47,4111.19,,,SELL,USD,1,1,1583663
D#1702589,XAUUSD,100,288230376154277851,288230376152970076,288230376163578832,288230376163492372,15281,2026-06-23T03:27:09.000Z,2026-06-23T07:41:50.000Z,-199.08,198.59,-201.54,-2.46,0,0.07,4137.54,4108.88,,4180.47,BUY,USD,1,1,1583663
D#1702541,XAUUSD,100,288230376154277933,288230376152977844,288230376163578950,288230376163578100,121,2026-06-23T07:40:02.000Z,2026-06-23T07:42:03.000Z,-39,38.3,-42.5,-3.5,0,0.1,4112.28,4108.16,,,BUY,USD,1,1,1583663
D#1702410,XAUUSD,100,288230376154277943,288230376152973658,288230376163533647,288230376163533506,7514,2026-06-23T05:36:51.000Z,2026-06-23T07:42:05.000Z,-304.08,303.09999999999997,-308.98,-4.9,0,0.14,4130,4108.06,4108.24,4138.14,BUY,USD,1,1,1583663
D#1702432,XAUUSD,100,288230376154277965,288230376152975200,288230376163548721,288230376163548608,5123,2026-06-23T06:16:45.000Z,2026-06-23T07:42:08.000Z,-164.7,164.0,-168.2,-3.5,0,0.1,4124.48,4107.79,4108.07,4135.25,BUY,USD,1,1,1583663
D#1702637,XAUUSD,100,288230376154277998,288230376152977460,288230376163579008,288230376163573018,1065,2026-06-23T07:24:25.000Z,2026-06-23T07:42:10.000Z,-347.4,345.29999999999995,-357.9,-10.5,0,0.3,4119.59,4107.79,,,BUY,USD,1,1,1583663
D#1702457,XAUUSD,100,288230376154278004,288230376152977891,288230376163579019,288230376163578647,49,2026-06-23T07:41:22.000Z,2026-06-23T07:42:11.000Z,24,-24.7,20.5,-3.5,0,0.1,4110.39,4108.21,4111.1,,SELL,USD,1,1,1583663
D#1702628,XAUUSD,100,288230376154278053,288230376152977811,288230376163577556,288230376163577552,247,2026-06-23T07:38:31.000Z,2026-06-23T07:42:38.000Z,85.95,-87.0,80.69,-5.26,0,0.15,4112.56,4107.05,4118.7,4107,SELL,USD,1,1,1583663
D#1670945,XAUUSD,100,288230376154278088,288230376152975556,288230376163579291,288230376163552067,4604,2026-06-23T06:26:06.000Z,2026-06-23T07:42:50.000Z,-204,202.88,-209.6,-5.6,0,0.16,4119,4106.03,,,BUY,USD,1,1,1583663
D#1702533,XAUUSD,100,288230376154278091,288230376152973311,288230376163579298,288230376163529721,8217,2026-06-23T05:25:54.000Z,2026-06-23T07:42:51.000Z,-277.76,276.78,-282.66,-4.9,0,0.14,4126.17,4106.11,,,BUY,USD,1,1,1583663
D#1702705,XAUUSD,100,288230376154278106,288230376152975852,288230376163556044,288230376163555825,3942,2026-06-23T06:37:20.000Z,2026-06-23T07:43:02.000Z,-101.6,100.89999999999999,-105.1,-3.5,0,0.1,4115.83,4105.45,4105.79,4126.56,BUY,USD,1,1,1583663
D#1702391,XAUUSD,100,288230376154278113,288230376152977896,288230376163579401,288230376163578702,95,2026-06-23T07:41:33.000Z,2026-06-23T07:43:08.000Z,88.2,-89.60000000000001,81.2,-7,0,0.2,4110.01,4105.82,,,SELL,USD,1,1,1583663
D#1702466,XAUUSD,100,288230376154278230,288230376152977752,288230376163577325,288230376163576904,456,2026-06-23T07:36:33.000Z,2026-06-23T07:44:09.000Z,105.1,-105.8,101.6,-3.5,0,0.1,4114.93,4104.64,4114,4105,SELL,USD,1,1,1583663
D#1670970,XAUUSD,100,288230376154278245,288230376152977924,288230376163579445,288230376163578939,128,2026-06-23T07:42:02.000Z,2026-06-23T07:44:10.000Z,-76.8,75.39999999999999,-83.8,-7,0,0.2,4108.45,4104.39,4104.57,,BUY,USD,1,1,1583663
D#1702580,XAUUSD,100,288230376154278247,288230376152977994,288230376163579768,288230376163579509,42,2026-06-23T07:43:28.000Z,2026-06-23T07:44:10.000Z,-104.5,101.0,-122.0,-17.5,0,0.5,4106.24,4103.93,4102.68,4117.61,BUY,USD,1,1,1583663
D#1702391,XAUUSD,100,288230376154278260,288230376152978014,288230376163579794,288230376163579702,14,2026-06-23T07:44:01.000Z,2026-06-23T07:44:15.000Z,29.4,-30.799999999999997,22.4,-7,0,0.2,4105.96,4104.71,,,SELL,USD,1,1,1583663
D#1702727,XAUUSD,100,288230376154278390,288230376152977565,288230376163580689,288230376163574787,988,2026-06-23T07:30:19.000Z,2026-06-23T07:46:47.000Z,31.77,-31.98,30.71,-1.06,0,0.03,4116.65,4106.28,4125.3,,SELL,USD,1,1,1583663
D#1670970,XAUUSD,100,288230376154278459,288230376152978097,288230376163581092,288230376163580601,84,2026-06-23T07:46:30.000Z,2026-06-23T07:47:54.000Z,13.4,-14.8,6.4,-7,0,0.2,4105.22,4105.67,,4113.53,BUY,USD,1,1,1583663
D#1702391,XAUUSD,100,288230376154278463,288230376152978091,288230376163581108,288230376163580565,92,2026-06-23T07:46:25.000Z,2026-06-23T07:47:57.000Z,9.4,-10.8,2.4,-7,0,0.2,4105.4,4105.65,,,BUY,USD,1,1,1583663
D#1671050,XAUUSD,100,288230376154278482,288230376152977943,288230376163581293,288230376163579087,363,2026-06-23T07:42:24.000Z,2026-06-23T07:48:27.000Z,-38.7,38.0,-42.2,-3.5,0,0.1,4109.56,4105.47,4089,4140,BUY,USD,1,1,1583663
D#1702596,XAUUSD,100,288230376154278484,288230376152978129,288230376163581298,288230376163580965,57,2026-06-23T07:47:31.000Z,2026-06-23T07:48:28.000Z,-11.4,10.700000000000001,-14.9,-3.5,0,0.1,4106.93,4105.57,,,BUY,USD,1,1,1583663
D#1702534,XAUUSD,100,288230376154278527,288230376152978133,288230376163581626,288230376163581001,113,2026-06-23T07:47:37.000Z,2026-06-23T07:49:30.000Z,7.9,-8.6,4.4,-3.5,0,0.1,4106.34,4105.77,4115.45,4101.07,SELL,USD,1,1,1583663
D#1589424,XAUUSD,100,288230376154278545,288230376152978102,288230376163581795,288230376163580683,195,2026-06-23T07:46:46.000Z,2026-06-23T07:50:01.000Z,-0.3,0.22999999999999998,-0.66,-0.36,0,0.01,4106.13,4106.65,,,SELL,USD,1,1,1583663
D#1702391,XAUUSD,100,288230376154278557,288230376152978174,288230376163581856,288230376163581450,78,2026-06-23T07:48:55.000Z,2026-06-23T07:50:13.000Z,1,-2.75,-7.76,-8.76,0,0.25,4105.45,4105.27,,,BUY,USD,1,1,1583663
D#1702623,XAUUSD,100,288230376154278565,288230376152978186,288230376163581829,288230376163581700,33,2026-06-23T07:49:46.000Z,2026-06-23T07:50:19.000Z,102.4,-105.2,88.4,-14,0,0.4,4107.07,4104.73,4106.83,4104.62,SELL,USD,1,1,1583663
D#1702653,XAUUSD,100,288230376154278586,288230376152978120,288230376163582036,288230376163580846,212,2026-06-23T07:47:09.000Z,2026-06-23T07:50:41.000Z,-65.2,63.800000000000004,-72.2,-7,0,0.2,4107.52,4104.04,4102.49,4117.55,BUY,USD,1,1,1583663
D#1702624,XAUUSD,100,288230376154278599,288230376152978157,288230376163581287,288230376163581285,139,2026-06-23T07:48:26.000Z,2026-06-23T07:50:45.000Z,-53.4,52.0,-60.4,-7,0,0.2,4106.02,4103.13,4103.39,4112,BUY,USD,1,1,1583663
D#1670937,XAUUSD,100,288230376154278619,288230376152977786,288230376163582110,288230376163568799,765,2026-06-23T07:38:05.000Z,2026-06-23T07:50:50.000Z,-183.6,182.2,-190.6,-7,0,0.2,4112.98,4103.58,4093,4118,BUY,USD,1,1,1583663
D#1702657,XAUUSD,100,288230376154278629,288230376152978051,288230376163582141,288230376163580031,361,2026-06-23T07:44:54.000Z,2026-06-23T07:50:55.000Z,67.6,-70.39999999999999,53.6,-14,0,0.4,4104.35,4102.88,,,SELL,USD,1,1,1583663
D#1670970,XAUUSD,100,288230376154278635,288230376152978155,288230376163582176,288230376163581260,158,2026-06-23T07:48:22.000Z,2026-06-23T07:51:00.000Z,-68.6,67.19999999999999,-75.6,-7,0,0.2,4106.19,4102.54,,4115.14,BUY,USD,1,1,1583663
D#1702365,XAUUSD,100,288230376154278685,288230376152978013,288230376163579836,288230376163579690,431,2026-06-23T07:44:00.000Z,2026-06-23T07:51:11.000Z,88.6,-90.0,81.6,-7,0,0.2,4105.84,4101.63,4108.65,4101.52,SELL,USD,1,1,1583663
D#1702660,XAUUSD,100,288230376154278708,288230376152977835,288230376163578055,288230376163577981,694,2026-06-23T07:39:42.000Z,2026-06-23T07:51:16.000Z,104.6,-105.3,101.1,-3.5,0,0.1,4111.44,4101.2,4111.4,4101.12,SELL,USD,1,1,1583663
D#1702391,XAUUSD,100,288230376154278710,288230376152978231,288230376163582312,288230376163582183,16,2026-06-23T07:51:00.000Z,2026-06-23T07:51:16.000Z,39,-40.75,30.24,-8.76,0,0.25,4102.51,4101.17,,,SELL,USD,1,1,1583663
D#1702689,XAUUSD,100,288230376154278712,288230376152976859,288230376163578659,288230376163567258,2466,2026-06-23T07:10:11.000Z,2026-06-23T07:51:17.000Z,-38.08,37.94,-38.78,-0.7,0,0.02,4120.31,4101.05,4101.16,,BUY,USD,1,1,1583663
D#1702384,XAUUSD,100,288230376154278733,288230376152969506,288230376163582362,288230376163485132,17080,2026-06-23T03:06:40.000Z,2026-06-23T07:51:20.000Z,-202.4,202.05,-204.16,-1.76,0,0.05,4141.27,4100.57,,4164.16,BUY,USD,1,1,1583663
D#1702663,XAUUSD,100,288230376154278738,288230376152977412,288230376163582372,288230376163572267,1711,2026-06-23T07:22:50.000Z,2026-06-23T07:51:21.000Z,-212.1,211.4,-215.6,-3.5,0,0.1,4122.01,4100.58,,,BUY,USD,1,1,1583663
D#1702430,XAUUSD,100,288230376154278767,288230376152975252,288230376163582472,288230376163549159,5597,2026-06-23T06:18:15.000Z,2026-06-23T07:51:32.000Z,212.5,-213.2,209.0,-3.5,0,0.1,4122.35,4101.32,,,SELL,USD,1,1,1583663
D#1589424,XAUUSD,100,288230376154278812,288230376152978209,288230376163582626,288230376163581928,89,2026-06-23T07:50:24.000Z,2026-06-23T07:51:53.000Z,31.6,-32.300000000000004,28.1,-3.5,0,0.1,4104.16,4101.22,,,SELL,USD,1,1,1583663
D#1702391,XAUUSD,100,288230376154278818,288230376152978304,288230376163582659,288230376163582571,12,2026-06-23T07:51:45.000Z,2026-06-23T07:51:57.000Z,-33,31.25,-41.76,-8.76,0,0.25,4102.12,4100.58,,,BUY,USD,1,1,1583663
D#1702596,XAUUSD,100,288230376154278823,288230376152978194,288230376163582671,288230376163581734,130,2026-06-23T07:49:50.000Z,2026-06-23T07:52:00.000Z,59.1,-59.800000000000004,55.6,-3.5,0,0.1,4106.79,4101.1,,,SELL,USD,1,1,1583663
D#1702391,XAUUSD,100,288230376154278837,288230376152978320,288230376163582799,288230376163582712,16,2026-06-23T07:52:08.000Z,2026-06-23T07:52:24.000Z,-17.25,15.5,-26.01,-8.76,0,0.25,4101.47,4100.56,,,BUY,USD,1,1,1583663
D#1670916,XAUUSD,100,288230376154278860,288230376152977019,288230376163569271,288230376163568707,2315,2026-06-23T07:13:56.000Z,2026-06-23T07:52:31.000Z,92.89,-93.38,90.43,-2.46,0,0.07,4113.19,4100.14,4130,4100,SELL,USD,1,1,1583663
D#1702381,XAUUSD,100,288230376154278888,288230376152969269,288230376163582913,288230376163482717,17553,2026-06-23T03:00:07.000Z,2026-06-23T07:52:40.000Z,485.5,-486.2,482.0,-3.5,0,0.1,4147.87,4099.54,,,SELL,USD,1,1,1583663
D#1702677,XAUUSD,100,288230376154278947,288230376152978033,288230376163579853,288230376163579851,508,2026-06-23T07:44:25.000Z,2026-06-23T07:52:53.000Z,-54.3,53.599999999999994,-57.8,-3.5,0,0.1,4104.87,4099.22,4099.26,4117.01,BUY,USD,1,1,1583663
D#1702457,XAUUSD,100,288230376154278998,288230376152977982,288230376163582479,288230376163579415,592,2026-06-23T07:43:12.000Z,2026-06-23T07:53:04.000Z,55.9,-56.6,52.4,-3.5,0,0.1,4105.62,4100.25,4100.05,,SELL,USD,1,1,1583663
D#1589424,XAUUSD,100,288230376154279050,288230376152978365,288230376163583459,288230376163583305,26,2026-06-23T07:53:43.000Z,2026-06-23T07:54:09.000Z,8.4,-9.1,4.9,-3.5,0,0.1,4100.54,4099.92,,,SELL,USD,1,1,1583663
D#1702493,XAUUSD,100,288230376154279072,288230376152978362,288230376163583263,288230376163583261,60,2026-06-23T07:53:34.000Z,2026-06-23T07:54:34.000Z,-20.4,19.7,-23.9,-3.5,0,0.1,4100.9,4098.64,4098.77,,BUY,USD,1,1,1583663
D#1702596,XAUUSD,100,288230376154279133,288230376152978357,288230376163583908,288230376163583196,128,2026-06-23T07:53:22.000Z,2026-06-23T07:55:30.000Z,17,-17.7,13.5,-3.5,0,0.1,4100.8,4099.32,,,SELL,USD,1,1,1583663
D#1670957,XAUUSD,100,288230376154279138,288230376152977697,288230376163583957,288230376163576158,1275,2026-06-23T07:34:22.000Z,2026-06-23T07:55:37.000Z,135.84,-136.4,133.04,-2.8,0,0.08,4117.11,4100.35,,,SELL,USD,1,1,1583663
D#1702339,XAUUSD,100,288230376154279165,288230376152978216,288230376163582317,288230376163582009,329,2026-06-23T07:50:36.000Z,2026-06-23T07:56:05.000Z,-5.98,5.91,-6.34,-0.36,0,0.01,4104.34,4098.14,4098.32,4125.15,BUY,USD,1,1,1583663
D#1702580,XAUUSD,100,288230376154279170,288230376152978031,288230376163579909,288230376163579828,706,2026-06-23T07:44:21.000Z,2026-06-23T07:56:07.000Z,-71.8,71.1,-75.3,-3.5,0,0.1,4105.23,4097.83,4098.08,4118.89,BUY,USD,1,1,1583663
D#1670970,XAUUSD,100,288230376154279179,288230376152978234,288230376163584119,288230376163582206,304,2026-06-23T07:51:04.000Z,2026-06-23T07:56:08.000Z,-235.5,232.0,-253.0,-17.5,0,0.5,4102.63,4097.7,,4107.95,BUY,USD,1,1,1583663
D#1702391,XAUUSD,100,288230376154279184,288230376152978356,288230376163584128,288230376163583186,169,2026-06-23T07:53:20.000Z,2026-06-23T07:56:09.000Z,-84.25,82.5,-93.01,-8.76,0,0.25,4100.88,4097.29,,,BUY,USD,1,1,1583663
D#1702496,XAUUSD,100,288230376154279190,288230376152972582,288230376163520321,288230376163485951,10624,2026-06-23T04:59:06.000Z,2026-06-23T07:56:10.000Z,-146.64,146.22,-148.74,-2.1,0,0.06,4121.85,4097.19,4097.27,4219.29,BUY,USD,1,1,1583663
D#1702505,XAUUSD,100,288230376154279224,288230376152974737,288230376163584212,288230376163544410,6602,2026-06-23T06:06:17.000Z,2026-06-23T07:56:19.000Z,135,-135.42,132.9,-2.1,0,0.06,4120.02,4097.74,4131.23,4096.48,SELL,USD,1,1,1583663
D#1702457,XAUUSD,100,288230376154279232,288230376152978359,288230376163584154,288230376163583221,176,2026-06-23T07:53:27.000Z,2026-06-23T07:56:23.000Z,24.7,-25.4,21.2,-3.5,0,0.1,4100.25,4098,4097.8,,SELL,USD,1,1,1583663
D#1670970,XAUUSD,100,288230376154279237,288230376152978468,288230376163584270,288230376163584230,9,2026-06-23T07:56:22.000Z,2026-06-23T07:56:31.000Z,-84.96,80.83,-105.62,-20.66,0,0.59,4097.85,4099.51,,,SELL,USD,1,1,1583663
D#1589424,XAUUSD,100,288230376154279251,288230376152978374,288230376163584395,288230376163583473,162,2026-06-23T07:54:11.000Z,2026-06-23T07:56:53.000Z,-19.2,15.0,-40.2,-21,0,0.6,4099.88,4100.42,4100.16,,SELL,USD,1,1,1583663
D#1702753,XAUUSD,100,288230376154279266,288230376152973598,288230376163575978,288230376163532908,8510,2026-06-23T05:35:16.000Z,2026-06-23T07:57:06.000Z,455.4,-456.45,450.14,-5.26,0,0.15,4131.31,4101.17,4101.06,4085.61,SELL,USD,1,1,1583663
D#1670970,XAUUSD,100,288230376154279306,288230376152978475,288230376163584688,288230376163584321,62,2026-06-23T07:56:38.000Z,2026-06-23T07:57:40.000Z,23.76,-27.540000000000003,4.86,-18.9,0,0.54,4098.97,4099.19,,,BUY,USD,1,1,1583663
D#1589424,XAUUSD,100,288230376154279331,288230376152978511,288230376163584929,288230376163584838,12,2026-06-23T07:58:09.000Z,2026-06-23T07:58:21.000Z,-64.8,60.599999999999994,-85.8,-21,0,0.6,4098.81,4100.11,,,SELL,USD,1,1,1583663
D#1589424,XAUUSD,100,288230376154279363,288230376152978524,288230376163585095,288230376163585016,13,2026-06-23T07:58:35.000Z,2026-06-23T07:58:48.000Z,79.5,-83.0,62.0,-17.5,0,0.5,4099.48,4098.11,,,SELL,USD,1,1,1583663
D#1702685,XAUUSD,100,288230376154279382,288230376152975123,288230376163585186,288230376163547982,6225,2026-06-23T06:15:20.000Z,2026-06-23T07:59:05.000Z,146.34,-146.76,144.24,-2.1,0,0.06,4123.36,4099.19,4135.43,4096.78,SELL,USD,1,1,1583663
D#1702740,XAUUSD,100,288230376154279474,288230376152977745,288230376163585672,288230376163576821,1449,2026-06-23T07:36:20.000Z,2026-06-23T08:00:29.000Z,48.33,-48.54,47.27,-1.06,0,0.03,4114.51,4098.62,,,SELL,USD,1,1,1583663
D#1589424,XAUUSD,100,288230376154279479,288230376152978571,288230376163585494,288230376163585402,50,2026-06-23T07:59:42.000Z,2026-06-23T08:00:32.000Z,-83.5,80.0,-101.0,-17.5,0,0.5,4098.24,4100.13,4099.57,,SELL,USD,1,1,1583663
D#1702753,XAUUSD,100,288230376154279519,288230376152978507,288230376163584951,288230376163584694,179,2026-06-23T07:57:42.000Z,2026-06-23T08:00:41.000Z,-31.95,30.9,-37.21,-5.26,0,0.15,4099.48,4097.13,4097.3,4110.98,BUY,USD,1,1,1583663
D#1702457,XAUUSD,100,288230376154279629,288230376152978546,288230376163586050,288230376163585228,129,2026-06-23T07:59:12.000Z,2026-06-23T08:01:21.000Z,24.9,-25.599999999999998,21.4,-3.5,0,0.1,4099.22,4096.95,4097.96,,SELL,USD,1,1,1583663
D#1702342,XAUUSD,100,288230376154279713,288230376152977961,288230376163586373,288230376163579232,1169,2026-06-23T07:42:42.000Z,2026-06-23T08:02:11.000Z,-475.6,472.8,-489.6,-14,0,0.4,4108.92,4096.81,,4110.56,BUY,USD,1,1,1583663
D#1591591,XAUUSD,100,288230376154279723,288230376152977366,288230376163571944,288230376163571569,2491,2026-06-23T07:20:45.000Z,2026-06-23T08:02:16.000Z,200.64,-201.2,197.84,-2.8,0,0.08,4119.96,4095.1,4140.03,4095.34,SELL,USD,1,1,1583663
D#1589424,XAUUSD,100,288230376154279729,288230376152978626,288230376163586411,288230376163585857,84,2026-06-23T08:00:54.000Z,2026-06-23T08:02:18.000Z,114.5,-118.0,97.0,-17.5,0,0.5,4096.92,4094.85,,,SELL,USD,1,1,1583663
D#1702433,XAUUSD,100,288230376154279730,288230376152978627,288230376163586413,288230376163585861,83,2026-06-23T08:00:55.000Z,2026-06-23T08:02:18.000Z,115,-118.5,97.5,-17.5,0,0.5,4096.89,4094.81,,,SELL,USD,1,1,1583663
D#1702596,XAUUSD,100,288230376154279746,288230376152978623,288230376163586501,288230376163585821,101,2026-06-23T08:00:50.000Z,2026-06-23T08:02:31.000Z,17.4,-18.099999999999998,13.9,-3.5,0,0.1,4097.08,4095.56,,,SELL,USD,1,1,1583663
D#1702657,XAUUSD,100,288230376154279787,288230376152978618,288230376163586587,288230376163585768,119,2026-06-23T08:00:42.000Z,2026-06-23T08:02:41.000Z,89.6,-92.39999999999999,75.6,-14,0,0.4,4097.27,4095.25,,,SELL,USD,1,1,1583663
D#1702689,XAUUSD,100,288230376154279808,288230376152978329,288230376163583770,288230376163582854,612,2026-06-23T07:52:32.000Z,2026-06-23T08:02:44.000Z,-6.23,6.16,-6.59,-0.36,0,0.01,4100.28,4093.83,4094.38,,BUY,USD,1,1,1583663
D#1670957,XAUUSD,100,288230376154279817,288230376152978424,288230376163586627,288230376163583991,422,2026-06-23T07:55:43.000Z,2026-06-23T08:02:45.000Z,57.2,-57.760000000000005,54.4,-2.8,0,0.08,4100.72,4093.79,,,SELL,USD,1,1,1583663
D#1702442,XAUUSD,100,288230376154279839,288230376152977822,288230376163586678,288230376163577727,1430,2026-06-23T07:39:01.000Z,2026-06-23T08:02:51.000Z,382.02,-383.41999999999996,375.02,-7,0,0.2,4113.21,4093.74,,4077.23,SELL,USD,1,1,1583663
D#1702653,XAUUSD,100,288230376154279856,288230376152978249,288230376163582445,288230376163582277,702,2026-06-23T07:51:13.000Z,2026-06-23T08:02:55.000Z,168,-169.4,161.0,-7,0,0.2,4101.4,4093.22,4108.66,4092.74,SELL,USD,1,1,1583663
D#1702665,XAUUSD,100,288230376154279872,288230376152978431,288230376163584598,288230376163584060,422,2026-06-23T07:55:57.000Z,2026-06-23T08:02:59.000Z,71.2,-71.9,67.7,-3.5,0,0.1,4099.19,4092.29,4104.3,4092.3,SELL,USD,1,1,1583663
D#1702624,XAUUSD,100,288230376154279880,288230376152978418,288230376163583881,288230376163583878,455,2026-06-23T07:55:25.000Z,2026-06-23T08:03:00.000Z,143.2,-144.6,136.2,-7,0,0.2,4099.31,4092.37,4106,4092.13,SELL,USD,1,1,1583663
D#1702361,XAUUSD,100,288230376154279879,288230376152978692,288230376163586505,288230376163586310,59,2026-06-23T08:02:01.000Z,2026-06-23T08:03:00.000Z,-44.5,43.8,-48.0,-3.5,0,0.1,4096.87,4092.2,4092.06,,BUY,USD,1,1,1583663
D#1702430,XAUUSD,100,288230376154279902,288230376152978437,288230376163586825,288230376163584100,423,2026-06-23T07:56:05.000Z,2026-06-23T08:03:08.000Z,27.35,-27.700000000000003,25.59,-1.76,0,0.05,4098.13,4092.88,,,SELL,USD,1,1,1583663
D#1589408,XAUUSD,100,288230376154279910,288230376152972976,288230376163586851,288230376163524948,10340,2026-06-23T05:10:51.000Z,2026-06-23T08:03:11.000Z,-180.35,180.0,-182.11,-1.76,0,0.05,4128.92,4092.63,,,BUY,USD,1,1,1583663
D#1702457,XAUUSD,100,288230376154279934,288230376152978691,288230376163586383,288230376163586304,78,2026-06-23T08:02:00.000Z,2026-06-23T08:03:18.000Z,18.5,-19.2,15.0,-3.5,0,0.1,4096.33,4094.7,4094.41,4079.45,SELL,USD,1,1,1583663
D#1702421,XAUUSD,100,288230376154279983,288230376152978770,288230376163587101,288230376163586852,32,2026-06-23T08:03:11.000Z,2026-06-23T08:03:43.000Z,-293.5,290.0,-311.0,-17.5,0,0.5,4092.68,4098.77,,,SELL,USD,1,1,1583663
D#1589424,XAUUSD,100,288230376154279993,288230376152978788,288230376163587155,288230376163586960,27,2026-06-23T08:03:23.000Z,2026-06-23T08:03:50.000Z,-187.5,184.0,-205.0,-17.5,0,0.5,4094.67,4098.64,,,SELL,USD,1,1,1583663
D#1702421,XAUUSD,100,288230376154279996,288230376152978806,288230376163587164,288230376163587118,6,2026-06-23T08:03:45.000Z,2026-06-23T08:03:51.000Z,-8.5,5.0,-26.0,-17.5,0,0.5,4098.58,4098.19,,,BUY,USD,1,1,1583663
D#1702702,XAUUSD,100,288230376154280085,288230376152978746,288230376163587476,288230376163586706,86,2026-06-23T08:02:55.000Z,2026-06-23T08:04:21.000Z,-40.3,39.599999999999994,-43.8,-3.5,0,0.1,4093.05,4097.3,4104.85,4086.65,SELL,USD,1,1,1583663
D#1702657,XAUUSD,100,288230376154280140,288230376152978862,288230376163587655,288230376163587523,13,2026-06-23T08:04:25.000Z,2026-06-23T08:04:38.000Z,78.4,-81.2,64.4,-14,0,0.4,4095.08,4093.34,,,SELL,USD,1,1,1583663
D#1702677,XAUUSD,100,288230376154280166,288230376152978820,288230376163587730,288230376163587234,49,2026-06-23T08:03:58.000Z,2026-06-23T08:04:47.000Z,57.3,-58.0,53.8,-3.5,0,0.1,4097.33,4091.82,4102.59,4085.59,SELL,USD,1,1,1583663
D#1702361,XAUUSD,100,288230376154280175,288230376152978785,288230376163587766,288230376163586941,91,2026-06-23T08:03:21.000Z,2026-06-23T08:04:52.000Z,-73.47,71.3,-84.33,-10.86,0,0.31,4094.78,4092.19,,4115.88,BUY,USD,1,1,1583663
D#1702649,XAUUSD,100,288230376154280178,288230376152976879,288230376163587773,288230376163567536,3237,2026-06-23T07:10:56.000Z,2026-06-23T08:04:53.000Z,105.9,-106.25,104.14,-1.76,0,0.05,4113.9,4092.94,,4091.25,SELL,USD,1,1,1583663
D#1702365,XAUUSD,100,288230376154280355,288230376152978914,288230376163588388,288230376163587816,108,2026-06-23T08:04:58.000Z,2026-06-23T08:06:46.000Z,-53,51.6,-60.0,-7,0,0.2,4092.36,4095.23,4095.06,4088.22,SELL,USD,1,1,1583663
D#1702702,XAUUSD,100,288230376154280511,288230376152978853,288230376163589247,288230376163587501,232,2026-06-23T08:04:23.000Z,2026-06-23T08:08:15.000Z,-35.8,35.099999999999994,-39.3,-3.5,0,0.1,4095.73,4091.93,4087.36,4108.26,BUY,USD,1,1,1583663
D#1702657,XAUUSD,100,288230376154280515,288230376152979002,288230376163589263,288230376163588561,97,2026-06-23T08:06:41.000Z,2026-06-23T08:08:18.000Z,110,-112.8,96.0,-14,0,0.4,4093.91,4091.38,,,SELL,USD,1,1,1583663
D#1670957,XAUUSD,100,288230376154280607,288230376152978856,288230376163589690,288230376163587512,290,2026-06-23T08:04:24.000Z,2026-06-23T08:09:14.000Z,5.52,-6.08,2.72,-2.8,0,0.08,4095.23,4094.76,,,SELL,USD,1,1,1583663
D#1702337,XAUUSD,100,288230376154280626,288230376152979109,288230376163589773,288230376163589314,64,2026-06-23T08:08:24.000Z,2026-06-23T08:09:28.000Z,-24.2,23.5,-27.7,-3.5,0,0.1,4092.19,4094.83,,,SELL,USD,1,1,1583663
D#1702385,XAUUSD,100,288230376154280647,288230376152970310,288230376163589915,288230376163495142,16447,2026-06-23T03:35:42.000Z,2026-06-23T08:09:49.000Z,-140.43,140.22,-141.49,-1.06,0,0.03,4140.97,4093.94,,4157.52,BUY,USD,1,1,1583663
D#1702337,XAUUSD,100,288230376154280662,288230376152979174,288230376163590011,288230376163589855,26,2026-06-23T08:09:41.000Z,2026-06-23T08:10:07.000Z,49.5,-51.6,39.0,-10.5,0,0.3,4093.56,4094.99,,,BUY,USD,1,1,1583663
D#1702502,XAUUSD,100,288230376154280756,288230376152978793,288230376163590830,288230376163587003,557,2026-06-23T08:03:29.000Z,2026-06-23T08:12:46.000Z,2.26,-2.3299999999999996,1.9,-0.36,0,0.01,4095.15,4093.11,4109.72,4039.28,SELL,USD,1,1,1583663
D#1702662,XAUUSD,100,288230376154280810,288230376152979196,288230376163591232,288230376163590119,219,2026-06-23T08:10:25.000Z,2026-06-23T08:14:04.000Z,0.53,-0.6000000000000001,0.17,-0.36,0,0.01,4095.11,4094.8,,,SELL,USD,1,1,1583663
D#1702337,XAUUSD,100,288230376154280892,288230376152979300,288230376163591968,288230376163591934,7,2026-06-23T08:16:27.000Z,2026-06-23T08:16:34.000Z,62.5,-66.0,45.0,-17.5,0,0.5,4093.92,4092.89,,,SELL,USD,1,1,1583663
D#1702677,XAUUSD,100,288230376154280900,288230376152979253,288230376163592000,288230376163591033,193,2026-06-23T08:13:26.000Z,2026-06-23T08:16:39.000Z,26.9,-27.599999999999998,23.4,-3.5,0,0.1,4095.4,4092.93,4100.43,4083.43,SELL,USD,1,1,1583663
D#1702657,XAUUSD,100,288230376154280990,288230376152979176,288230376163592458,288230376163589888,497,2026-06-23T08:09:45.000Z,2026-06-23T08:18:02.000Z,-18.8,18.1,-22.3,-3.5,0,0.1,4093.16,4095.26,,,SELL,USD,1,1,1583663
D#1702365,XAUUSD,100,288230376154281008,288230376152979285,288230376163591926,288230376163591666,170,2026-06-23T08:15:32.000Z,2026-06-23T08:18:22.000Z,-54.6,53.2,-61.6,-7,0,0.2,4094.42,4097.37,4097.11,4089.3,SELL,USD,1,1,1583663
D#1702662,XAUUSD,100,288230376154281070,288230376152979269,288230376163592136,288230376163591416,271,2026-06-23T08:14:44.000Z,2026-06-23T08:19:15.000Z,-34.1,33.4,-37.6,-3.5,0,0.1,4094.38,4098.01,4097.88,4088.08,SELL,USD,1,1,1583663
D#1702702,XAUUSD,100,288230376154281086,288230376152979106,288230376163589345,288230376163589273,669,2026-06-23T08:08:19.000Z,2026-06-23T08:19:28.000Z,-72.6,71.83,-76.46,-3.86,0,0.11,4091.47,4098.29,4098.03,,SELL,USD,1,1,1583663
D#1702555,XAUUSD,100,288230376154281092,288230376152979356,288230376163592544,288230376163592542,71,2026-06-23T08:18:18.000Z,2026-06-23T08:19:29.000Z,84.8,-87.6,70.8,-14,0,0.4,4097.12,4099.02,4094.72,4098.85,BUY,USD,1,1,1583663
D#1702581,XAUUSD,100,288230376154281106,288230376152979264,288230376163592993,288230376163591269,328,2026-06-23T08:14:12.000Z,2026-06-23T08:19:40.000Z,-293.85,290.70000000000005,-309.61,-15.76,0,0.45,4093.02,4099.77,,,SELL,USD,1,1,1583663
D#1670957,XAUUSD,100,288230376154281128,288230376152979213,288230376163593097,288230376163590422,513,2026-06-23T08:11:25.000Z,2026-06-23T08:19:58.000Z,-33.6,33.04,-36.4,-2.8,0,0.08,4093.82,4098.24,,,SELL,USD,1,1,1583663
D#1702555,XAUUSD,100,288230376154281209,288230376152979426,288230376163593657,288230376163593459,79,2026-06-23T08:21:08.000Z,2026-06-23T08:22:27.000Z,-74.8,72.0,-88.8,-14,0,0.4,4097.54,4099.63,4099.29,4096.6,SELL,USD,1,1,1583663
D#1702365,XAUUSD,100,288230376154281210,288230376152979423,288230376163593559,288230376163593412,88,2026-06-23T08:21:00.000Z,2026-06-23T08:22:28.000Z,-52.2,50.800000000000004,-59.2,-7,0,0.2,4096.81,4099.64,4099.49,4091.66,SELL,USD,1,1,1583663
D#1702623,XAUUSD,100,288230376154281211,288230376152979433,288230376163593579,288230376163593578,59,2026-06-23T08:21:29.000Z,2026-06-23T08:22:28.000Z,-43.6,40.800000000000004,-57.6,-14,0,0.4,4098.33,4099.64,4099.48,4095.78,SELL,USD,1,1,1583663
D#1702555,XAUUSD,100,288230376154281262,288230376152979453,288230376163594175,288230376163593971,39,2026-06-23T08:22:41.000Z,2026-06-23T08:23:20.000Z,-92.4,89.60000000000001,-106.4,-14,0,0.4,4099.79,4097.26,,4101.1,BUY,USD,1,1,1583663
D#1702740,XAUUSD,100,288230376154281265,288230376152978685,288230376163594184,288230376163586251,1290,2026-06-23T08:01:51.000Z,2026-06-23T08:23:21.000Z,1.45,-1.8,-0.31,-1.76,0,0.05,4097.26,4097.19,4105.36,4081.62,SELL,USD,1,1,1583663
D#1702753,XAUUSD,100,288230376154281272,288230376152979199,288230376163590367,288230376163590183,768,2026-06-23T08:10:38.000Z,2026-06-23T08:23:26.000Z,40.5,-41.55,35.24,-5.26,0,0.15,4094.18,4096.66,4096.95,4106.92,BUY,USD,1,1,1583663
D#1702596,XAUUSD,100,288230376154281282,288230376152978781,288230376163594281,288230376163586913,1221,2026-06-23T08:03:17.000Z,2026-06-23T08:23:38.000Z,-36.4,35.699999999999996,-39.9,-3.5,0,0.1,4093.61,4097.47,,,SELL,USD,1,1,1583663
D#1702502,XAUUSD,100,288230376154281325,288230376152979282,288230376163594517,288230376163591626,534,2026-06-23T08:15:24.000Z,2026-06-23T08:24:18.000Z,118.4,-121.2,104.4,-14,0,0.4,4093.69,4096.43,,,BUY,USD,1,1,1583663
D#1671050,XAUUSD,100,288230376154281355,288230376152978165,288230376163594622,288230376163581356,2158,2026-06-23T07:48:37.000Z,2026-06-23T08:24:35.000Z,72.5,-73.2,69.0,-3.5,0,0.1,4104.52,4096.93,4104.43,4082.19,SELL,USD,1,1,1583663
D#1702596,XAUUSD,100,288230376154281375,288230376152979481,288230376163594729,288230376163594312,71,2026-06-23T08:23:43.000Z,2026-06-23T08:24:54.000Z,-2.3,1.5999999999999996,-5.8,-3.5,0,0.1,4097.56,4097.11,,,BUY,USD,1,1,1583663
D#1702753,XAUUSD,100,288230376154281386,288230376152979485,288230376163594501,288230376163594379,72,2026-06-23T08:23:55.000Z,2026-06-23T08:25:07.000Z,-10.5,9.45,-15.76,-5.26,0,0.15,4097.06,4096.14,4096.27,,BUY,USD,1,1,1583663
D#1702457,XAUUSD,100,288230376154281391,288230376152979484,288230376163594462,288230376163594363,80,2026-06-23T08:23:51.000Z,2026-06-23T08:25:11.000Z,-16.9,16.2,-20.4,-3.5,0,0.1,4097.13,4095.22,4095.46,,BUY,USD,1,1,1583663
D#1670866,XAUUSD,100,288230376154281399,288230376152979447,288230376163594889,288230376163593907,170,2026-06-23T08:22:31.000Z,2026-06-23T08:25:21.000Z,-180,176.85,-195.76,-15.76,0,0.45,4099.93,4095.71,,,BUY,USD,1,1,1583663
D#1702555,XAUUSD,100,288230376154281480,288230376152979524,288230376163595031,288230376163594814,85,2026-06-23T08:25:07.000Z,2026-06-23T08:26:32.000Z,64.4,-67.2,50.4,-14,0,0.4,4096.27,4097.66,4094.96,4097.67,BUY,USD,1,1,1583663
D#1702487,XAUUSD,100,288230376154281610,288230376152979587,288230376163595966,288230376163595519,67,2026-06-23T08:27:06.000Z,2026-06-23T08:28:13.000Z,25.2,-28.349999999999998,9.44,-15.76,0,0.45,4097.51,4097.17,,,SELL,USD,1,1,1583663
D#1702487,XAUUSD,100,288230376154281626,288230376152979632,288230376163596116,288230376163596100,4,2026-06-23T08:28:41.000Z,2026-06-23T08:28:45.000Z,32.85,-36.0,17.09,-15.76,0,0.45,4097.84,4098.35,,,BUY,USD,1,1,1583663
D#1702502,XAUUSD,100,288230376154281654,288230376152979539,288230376163596260,288230376163594934,230,2026-06-23T08:25:26.000Z,2026-06-23T08:29:16.000Z,70.8,-73.6,56.8,-14,0,0.4,4095.57,4097.12,,4102.1,BUY,USD,1,1,1583663
D#1702555,XAUUSD,100,288230376154281672,288230376152979583,288230376163595505,288230376163595501,161,2026-06-23T08:27:05.000Z,2026-06-23T08:29:46.000Z,20,-22.8,6.0,-14,0,0.4,4097.8,4098.08,4096.23,4098.16,BUY,USD,1,1,1583663
D#1702457,XAUUSD,100,288230376154281722,288230376152979530,288230376163595002,288230376163594898,311,2026-06-23T08:25:22.000Z,2026-06-23T08:30:33.000Z,-28.6,27.900000000000002,-32.1,-3.5,0,0.1,4095.83,4098.91,4098.87,,SELL,USD,1,1,1583663
D#1702468,XAUUSD,100,288230376154281726,288230376152978594,288230376163596720,288230376163585609,1819,2026-06-23T08:00:18.000Z,2026-06-23T08:30:37.000Z,1,-1.7000000000000002,-2.5,-3.5,0,0.1,4098.88,4098.76,,4109.75,BUY,USD,1,1,1583663
D#1702468,XAUUSD,100,288230376154281773,288230376152979685,288230376163597036,288230376163596744,57,2026-06-23T08:30:42.000Z,2026-06-23T08:31:39.000Z,-0.3,0.09,-1.36,-1.06,0,0.03,4098.4,4098.72,,4070.16,SELL,USD,1,1,1583663
D#1702555,XAUUSD,100,288230376154281777,288230376152979672,288230376163596687,288230376163596560,95,2026-06-23T08:30:09.000Z,2026-06-23T08:31:44.000Z,87.2,-90.0,73.2,-14,0,0.4,4097.73,4099.69,4096.77,4099.69,BUY,USD,1,1,1583663
D#1702555,XAUUSD,100,288230376154281821,288230376152979722,288230376163597290,288230376163597285,20,2026-06-23T08:32:26.000Z,2026-06-23T08:32:46.000Z,54.8,-57.599999999999994,40.8,-14,0,0.4,4098.94,4100.09,,4100.02,BUY,USD,1,1,1583663
D#1702660,XAUUSD,100,288230376154281826,288230376152978411,288230376163583890,288230376163583796,2256,2026-06-23T07:55:11.000Z,2026-06-23T08:32:47.000Z,0.5,-1.2000000000000002,-3.0,-3.5,0,0.1,4100.65,4100.82,4100.36,4090.05,SELL,USD,1,1,1583663
D#1702686,XAUUSD,100,288230376154281825,288230376152978959,288230376163588393,288230376163588121,1627,2026-06-23T08:05:40.000Z,2026-06-23T08:32:47.000Z,-115.71,114.38,-122.37,-6.66,0,0.19,4094.51,4100.82,4100.25,4089.91,SELL,USD,1,1,1583663
D#1671069,XAUUSD,100,288230376154281867,288230376152977723,288230376163597635,288230376163576566,3476,2026-06-23T07:35:37.000Z,2026-06-23T08:33:33.000Z,204,-205.05,198.74,-5.26,0,0.15,4114.64,4101.26,,4079.89,SELL,USD,1,1,1583663
D#1645671,XAUUSD,100,288230376154281909,288230376152979501,288230376163597678,288230376163594578,573,2026-06-23T08:24:27.000Z,2026-06-23T08:34:00.000Z,30.64,-31.2,27.84,-2.8,0,0.08,4097.11,4100.72,4100.83,4111.29,BUY,USD,1,1,1583663
D#1702689,XAUUSD,100,288230376154281959,288230376152978982,288230376163598132,288230376163588376,1714,2026-06-23T08:06:17.000Z,2026-06-23T08:34:51.000Z,15.22,-15.360000000000001,14.52,-0.7,0,0.02,4093.94,4101.33,,,BUY,USD,1,1,1583663
D#1670916,XAUUSD,100,288230376154281963,288230376152979295,288230376163592262,288230376163591857,1123,2026-06-23T08:16:10.000Z,2026-06-23T08:34:53.000Z,-61.74,61.25,-64.2,-2.46,0,0.07,4093.21,4102.25,4102,4083,SELL,USD,1,1,1583663
D#1702677,XAUUSD,100,288230376154281966,288230376152979572,288230376163595379,288230376163595377,483,2026-06-23T08:26:51.000Z,2026-06-23T08:34:54.000Z,-50.8,50.099999999999994,-54.3,-3.5,0,0.1,4097.05,4102.35,4102.29,4085.29,SELL,USD,1,1,1583663
D#1702520,XAUUSD,100,288230376154281979,288230376152979463,288230376163594158,288230376163594084,721,2026-06-23T08:23:03.000Z,2026-06-23T08:35:04.000Z,114.1,-116.55,101.84,-12.26,0,0.35,4099.65,4102.69,,4102.69,BUY,USD,1,1,1583663
D#1702487,XAUUSD,100,288230376154281990,288230376152979638,288230376163598236,288230376163596187,370,2026-06-23T08:29:00.000Z,2026-06-23T08:35:10.000Z,-269.55,266.40000000000003,-285.31,-15.76,0,0.45,4096.89,4103.1,,,SELL,USD,1,1,1583663
D#1702580,XAUUSD,100,288230376154282027,288230376152978912,288230376163588118,288230376163587809,1830,2026-06-23T08:04:57.000Z,2026-06-23T08:35:27.000Z,83.8,-84.5,80.29,-3.51,0,0.1,4092.48,4103.6,4094.02,4103.7,BUY,USD,1,1,1583663
D#1702505,XAUUSD,100,288230376154282033,288230376152978987,288230376163588800,288230376163588434,1742,2026-06-23T08:06:25.000Z,2026-06-23T08:35:27.000Z,-104.6,103.89999999999999,-108.1,-3.5,0,0.1,4093.39,4104.07,4103.72,4083.44,SELL,USD,1,1,1583663
D#1702385,XAUUSD,100,288230376154282038,288230376152979181,288230376163590073,288230376163589929,1537,2026-06-23T08:09:51.000Z,2026-06-23T08:35:28.000Z,105.1,-105.8,101.6,-3.5,0,0.1,4094.08,4104.37,,4104.07,BUY,USD,1,1,1583663
D#1702413,XAUUSD,100,288230376154282070,288230376152978502,288230376163598466,288230376163584642,2289,2026-06-23T07:57:32.000Z,2026-06-23T08:35:41.000Z,-196.5,194.4,-207.0,-10.5,0,0.3,4098.37,4105.14,,,SELL,USD,1,1,1583663
D#1702555,XAUUSD,100,288230376154282102,288230376152979812,288230376163598274,288230376163598271,73,2026-06-23T08:35:15.000Z,2026-06-23T08:36:28.000Z,22,-24.8,8.0,-14,0,0.4,4103.41,4103.08,4105.74,4102.97,SELL,USD,1,1,1583663
D#1702505,XAUUSD,100,288230376154282105,288230376152979858,288230376163598780,288230376163598759,3,2026-06-23T08:36:30.000Z,2026-06-23T08:36:33.000Z,2.7,-3.4000000000000004,-0.8,-3.5,0,0.1,4102.88,4102.83,,,SELL,USD,1,1,1583663
D#1702702,XAUUSD,100,288230376154282136,288230376152979688,288230376163598981,288230376163596785,375,2026-06-23T08:30:50.000Z,2026-06-23T08:37:05.000Z,50.27,-51.040000000000006,46.41,-3.86,0,0.11,4099.28,4103.63,,,BUY,USD,1,1,1583663
D#1702657,XAUUSD,100,288230376154282161,288230376152979361,288230376163599210,288230376163592591,1158,2026-06-23T08:18:26.000Z,2026-06-23T08:37:44.000Z,4.12,-4.19,3.76,-0.36,0,0.01,4096.76,4100.66,,,BUY,USD,1,1,1583663
D#1702726,XAUUSD,100,288230376154282324,288230376152979850,288230376163600133,288230376163598641,249,2026-06-23T08:36:07.000Z,2026-06-23T08:40:16.000Z,63.45,-66.60000000000001,47.69,-15.76,0,0.45,4104.12,4105.31,,,BUY,USD,1,1,1583663
D#1702339,XAUUSD,100,288230376154282344,288230376152979913,288230376163600211,288230376163599373,137,2026-06-23T08:38:13.000Z,2026-06-23T08:40:30.000Z,-3.97,3.9000000000000004,-4.33,-0.36,0,0.01,4101.59,4105.78,,,SELL,USD,1,1,1583663
D#1702498,XAUUSD,100,288230376154282358,288230376152979900,288230376163600290,288230376163599220,177,2026-06-23T08:37:46.000Z,2026-06-23T08:40:43.000Z,-89.4,88.0,-96.4,-7,0,0.2,4100.67,4105.36,,,SELL,USD,1,1,1583663
D#1702726,XAUUSD,100,288230376154282376,288230376152979967,288230376163600389,288230376163600177,33,2026-06-23T08:40:24.000Z,2026-06-23T08:40:57.000Z,37.35,-40.5,21.59,-15.76,0,0.45,4105.27,4105.88,,,BUY,USD,1,1,1583663
D#1702416,XAUUSD,100,288230376154282400,288230376152979856,288230376163600508,288230376163598737,287,2026-06-23T08:36:26.000Z,2026-06-23T08:41:13.000Z,96,-98.1,85.5,-10.5,0,0.3,4103.26,4106.24,,,BUY,USD,1,1,1583663
D#1702687,XAUUSD,100,288230376154282408,288230376152979153,288230376163600550,288230376163589643,1934,2026-06-23T08:09:07.000Z,2026-06-23T08:41:21.000Z,416.85,-419.3,404.59,-12.26,0,0.35,4094.47,4106.16,,,BUY,USD,1,1,1583663
D#1702677,XAUUSD,100,288230376154282416,288230376152979884,288230376163599039,288230376163599036,248,2026-06-23T08:37:15.000Z,2026-06-23T08:41:23.000Z,-57.7,57.0,-61.2,-3.5,0,0.1,4102.11,4108.1,4108.02,4090.02,SELL,USD,1,1,1583663
D#1702753,XAUUSD,100,288230376154282425,288230376152979955,288230376163600352,288230376163600048,81,2026-06-23T08:40:03.000Z,2026-06-23T08:41:24.000Z,-88.2,87.15,-93.46,-5.26,0,0.15,4102.5,4108.6,4108.46,4086.68,SELL,USD,1,1,1583663
D#1702726,XAUUSD,100,288230376154282424,288230376152979999,288230376163600578,288230376163600462,18,2026-06-23T08:41:06.000Z,2026-06-23T08:41:24.000Z,110.7,-113.85000000000001,94.94,-15.76,0,0.45,4105.99,4108.23,,,BUY,USD,1,1,1583663
D#1702657,XAUUSD,100,288230376154282448,288230376152979917,288230376163600697,288230376163599458,197,2026-06-23T08:38:24.000Z,2026-06-23T08:41:41.000Z,149.1,-151.2,138.6,-10.5,0,0.3,4102.85,4107.6,,,BUY,USD,1,1,1583663
D#1645671,XAUUSD,100,288230376154282459,288230376152979924,288230376163600685,288230376163599557,185,2026-06-23T08:38:40.000Z,2026-06-23T08:41:45.000Z,-50.24,49.68,-53.04,-2.8,0,0.08,4102.53,4109.03,4108.85,4088.58,SELL,USD,1,1,1583663
D#1702726,XAUUSD,100,288230376154282461,288230376152980020,288230376163600736,288230376163600629,14,2026-06-23T08:41:32.000Z,2026-06-23T08:41:46.000Z,41.4,-44.55,25.64,-15.76,0,0.45,4108.11,4108.81,,,BUY,USD,1,1,1583663
D#1702751,XAUUSD,100,288230376154282493,288230376152979270,288230376163592080,288230376163591419,1635,2026-06-23T08:14:44.000Z,2026-06-23T08:41:59.000Z,-129.04,128.48,-131.84,-2.8,0,0.08,4094.4,4110.75,4109.91,4079.95,SELL,USD,1,1,1583663
D#1670916,XAUUSD,100,288230376154282489,288230376152979927,288230376163600171,288230376163599586,194,2026-06-23T08:38:45.000Z,2026-06-23T08:41:59.000Z,-57.96,57.47,-60.42,-2.46,0,0.07,4102.25,4110.75,4110,4086,SELL,USD,1,1,1583663
D#1702502,XAUUSD,100,288230376154282503,288230376152979840,288230376163600842,288230376163598552,367,2026-06-23T08:35:54.000Z,2026-06-23T08:42:01.000Z,267.6,-270.40000000000003,253.6,-14,0,0.4,4104.19,4110.66,4099.9,4110.88,BUY,USD,1,1,1583663
D#1702430,XAUUSD,100,288230376154282530,288230376152979686,288230376163600934,288230376163596743,688,2026-06-23T08:30:42.000Z,2026-06-23T08:42:10.000Z,108.3,-109.0,104.8,-3.5,0,0.1,4098.57,4109.18,,,BUY,USD,1,1,1583663
D#1702596,XAUUSD,100,288230376154282533,288230376152979520,288230376163600950,288230376163594752,1035,2026-06-23T08:24:57.000Z,2026-06-23T08:42:12.000Z,-119.9,119.2,-123.4,-3.5,0,0.1,4097.02,4109.23,,,SELL,USD,1,1,1583663
D#1702416,XAUUSD,100,288230376154282581,288230376152980054,288230376163601163,288230376163600972,26,2026-06-23T08:42:14.000Z,2026-06-23T08:42:40.000Z,-8.4,6.300000000000001,-18.9,-10.5,0,0.3,4108.67,4109.17,,,SELL,USD,1,1,1583663
D#1702555,XAUUSD,100,288230376154282641,288230376152980033,288230376163600891,288230376163600770,89,2026-06-23T08:41:51.000Z,2026-06-23T08:43:20.000Z,41.6,-44.4,27.6,-14,0,0.4,4108.94,4108.12,4111.32,4108.18,SELL,USD,1,1,1583663
D#1702520,XAUUSD,100,288230376154282661,288230376152980092,288230376163601510,288230376163601273,34,2026-06-23T08:42:54.000Z,2026-06-23T08:43:28.000Z,104.3,-106.75,92.04,-12.26,0,0.35,4110.31,4107.55,,,SELL,USD,1,1,1583663
D#1702416,XAUUSD,100,288230376154282672,288230376152980125,288230376163601560,288230376163601536,3,2026-06-23T08:43:31.000Z,2026-06-23T08:43:34.000Z,28.5,-30.6,18.0,-10.5,0,0.3,4107.34,4106.61,,,SELL,USD,1,1,1583663
D#1702689,XAUUSD,100,288230376154282706,288230376152980048,288230376163601697,288230376163600910,103,2026-06-23T08:42:08.000Z,2026-06-23T08:43:51.000Z,8.26,-8.4,7.56,-0.7,0,0.02,4110.46,4106.55,,,SELL,USD,1,1,1583663
D#1702416,XAUUSD,100,288230376154282867,288230376152980214,288230376163602387,288230376163602296,11,2026-06-23T08:45:04.000Z,2026-06-23T08:45:15.000Z,15.7,-16.4,12.2,-3.5,0,0.1,4108.34,4106.99,,,SELL,USD,1,1,1583663
D#1702555,XAUUSD,100,288230376154282937,288230376152980223,288230376163602880,288230376163602399,71,2026-06-23T08:45:17.000Z,2026-06-23T08:46:28.000Z,-128.8,126.00000000000001,-142.8,-14,0,0.4,4107.42,4103.98,,4109.26,BUY,USD,1,1,1583663
D#1702416,XAUUSD,100,288230376154282947,288230376152980265,288230376163602947,288230376163602881,9,2026-06-23T08:46:28.000Z,2026-06-23T08:46:37.000Z,10.5,-12.6,0.0,-10.5,0,0.3,4103.98,4103.85,,,SELL,USD,1,1,1583663
D#1702498,XAUUSD,100,288230376154282956,288230376152980193,288230376163603016,288230376163602141,126,2026-06-23T08:44:44.000Z,2026-06-23T08:46:50.000Z,-102.6,101.19999999999999,-109.6,-7,0,0.2,4109.16,4103.81,,,BUY,USD,1,1,1583663
D#1702753,XAUUSD,100,288230376154282977,288230376152980160,288230376163602194,288230376163601846,199,2026-06-23T08:44:10.000Z,2026-06-23T08:47:29.000Z,-68.55,67.5,-73.81,-5.26,0,0.15,4107.56,4102.77,4102.89,4131.04,BUY,USD,1,1,1583663
D#1702555,XAUUSD,100,288230376154282991,288230376152980266,288230376163603205,288230376163602898,78,2026-06-23T08:46:30.000Z,2026-06-23T08:47:48.000Z,-84,81.2,-98.0,-14,0,0.4,4104.58,4102.26,4102.38,4105.6,BUY,USD,1,1,1583663
D#1702686,XAUUSD,100,288230376154283026,288230376152980235,288230376163602681,288230376163602520,174,2026-06-23T08:45:35.000Z,2026-06-23T08:48:29.000Z,99.94,-101.27,93.28,-6.66,0,0.19,4107.17,4102.13,4113.62,4102.15,SELL,USD,1,1,1583663
D#1702726,XAUUSD,100,288230376154283039,288230376152980042,288230376163603684,288230376163600844,399,2026-06-23T08:42:01.000Z,2026-06-23T08:48:40.000Z,-379.35,376.20000000000005,-395.11,-15.76,0,0.45,4111.11,4102.46,,,BUY,USD,1,1,1583663
D#1671069,XAUUSD,100,288230376154283047,288230376152980324,288230376163603803,288230376163603654,23,2026-06-23T08:48:35.000Z,2026-06-23T08:48:58.000Z,-89.4,85.2,-110.4,-21,0,0.6,4102.22,4103.93,,,SELL,USD,1,1,1583663
D#1702555,XAUUSD,100,288230376154283097,288230376152980302,288230376163603475,288230376163603392,198,2026-06-23T08:47:53.000Z,2026-06-23T08:51:11.000Z,66,-68.8,52.0,-14,0,0.4,4102.89,4104.32,4101.96,4104.4,BUY,USD,1,1,1583663
D#1671069,XAUUSD,100,288230376154283123,288230376152980354,288230376163604726,288230376163604145,120,2026-06-23T08:50:10.000Z,2026-06-23T08:52:10.000Z,-113,109.5,-130.5,-17.5,0,0.5,4102.63,4105.11,,4092.52,SELL,USD,1,1,1583663
D#1702555,XAUUSD,100,288230376154283132,288230376152980375,288230376163604670,288230376163604583,45,2026-06-23T08:51:39.000Z,2026-06-23T08:52:24.000Z,33.2,-36.0,19.2,-14,0,0.4,4104.86,4105.47,4103.78,4105.54,BUY,USD,1,1,1583663
D#1670916,XAUUSD,100,288230376154283136,288230376152980328,288230376163604870,288230376163603688,240,2026-06-23T08:48:41.000Z,2026-06-23T08:52:41.000Z,-20.37,19.880000000000003,-22.83,-2.46,0,0.07,4102.52,4105.65,4111,4080,SELL,USD,1,1,1583663
D#1702457,XAUUSD,100,288230376154283172,288230376152980379,288230376163604892,288230376163604683,111,2026-06-23T08:52:01.000Z,2026-06-23T08:53:52.000Z,-15.8,15.100000000000001,-19.3,-3.5,0,0.1,4105.44,4107.24,4106.99,,SELL,USD,1,1,1583663
D#1702623,XAUUSD,100,288230376154283218,288230376152980418,288230376163605317,288230376163605315,35,2026-06-23T08:54:11.000Z,2026-06-23T08:54:46.000Z,-46.8,44.0,-60.8,-14,0,0.4,4106.94,4108.33,4108.21,4104.26,SELL,USD,1,1,1583663
D#1671062,XAUUSD,100,288230376154283229,288230376152980361,288230376163605520,288230376163604204,272,2026-06-23T08:50:19.000Z,2026-06-23T08:54:51.000Z,-226.8,223.65,-242.56,-15.76,0,0.45,4103.02,4108.28,,,SELL,USD,1,1,1583663
D#1702591,XAUUSD,100,288230376154283245,288230376152980404,288230376163605651,288230376163605111,103,2026-06-23T08:53:31.000Z,2026-06-23T08:55:14.000Z,-36,32.5,-53.5,-17.5,0,0.5,4106.18,4107.12,,,SELL,USD,1,1,1583663
D#1702457,XAUUSD,100,288230376154283244,288230376152980422,288230376163605594,288230376163605374,50,2026-06-23T08:54:24.000Z,2026-06-23T08:55:14.000Z,2.9,-3.6,-0.6,-3.5,0,0.1,4106.9,4106.97,4107.09,,BUY,USD,1,1,1583663
D#1702591,XAUUSD,100,288230376154283256,288230376152980443,288230376163605725,288230376163605700,3,2026-06-23T08:55:22.000Z,2026-06-23T08:55:25.000Z,11,-14.5,-6.5,-17.5,0,0.5,4107.3,4107.3,,,SELL,USD,1,1,1583663
D#1702457,XAUUSD,100,288230376154283346,288230376152980448,288230376163606165,288230376163605757,62,2026-06-23T08:55:29.000Z,2026-06-23T08:56:31.000Z,18,-18.7,14.5,-3.5,0,0.1,4107.3,4105.72,,,SELL,USD,1,1,1583663
D#1702555,XAUUSD,100,288230376154283383,288230376152980467,288230376163606401,288230376163605934,121,2026-06-23T08:55:57.000Z,2026-06-23T08:57:58.000Z,-98,95.2,-112.0,-14,0,0.4,4106.93,4104.26,4104.72,4106.18,BUY,USD,1,1,1583663
D#1702591,XAUUSD,100,288230376154283397,288230376152980445,288230376163606652,288230376163605744,164,2026-06-23T08:55:28.000Z,2026-06-23T08:58:12.000Z,-158.5,155.0,-176.0,-17.5,0,0.5,4107.64,4104.25,,,BUY,USD,1,1,1583663
D#1702555,XAUUSD,100,288230376154283428,288230376152980519,288230376163606803,288230376163606646,26,2026-06-23T08:58:11.000Z,2026-06-23T08:58:37.000Z,-29.6,26.8,-43.6,-14,0,0.4,4104.38,4103.42,,4105.33,BUY,USD,1,1,1583663
D#1702504,XAUUSD,100,288230376154283440,288230376152973363,288230376163606869,288230376163530483,12619,2026-06-23T05:28:29.000Z,2026-06-23T08:58:48.000Z,236.8,-237.5,233.3,-3.5,0,0.1,4126.3,4102.84,4149.34,4060.46,SELL,USD,1,1,1583663
D#1702690,XAUUSD,100,288230376154283465,288230376152980387,288230376163607132,288230376163604935,411,2026-06-23T08:52:54.000Z,2026-06-23T08:59:45.000Z,3.8,-4.1499999999999995,2.04,-1.76,0,0.05,4105.4,4104.86,,,SELL,USD,1,1,1583663
D#1702337,XAUUSD,100,288230376154283612,288230376152980621,288230376163607984,288230376163607812,28,2026-06-23T09:01:36.000Z,2026-06-23T09:02:04.000Z,-8.96,5.040000000000001,-28.56,-19.6,0,0.56,4106.46,4106.08,,,BUY,USD,1,1,1583663
D#1702337,XAUUSD,100,288230376154283755,288230376152980702,288230376163608548,288230376163608452,14,2026-06-23T09:03:14.000Z,2026-06-23T09:03:28.000Z,-64.4,60.480000000000004,-84.0,-19.6,0,0.56,4107.98,4106.61,,,BUY,USD,1,1,1583663
D#1702430,XAUUSD,100,288230376154283761,288230376152980371,288230376163608562,288230376163604478,733,2026-06-23T08:51:17.000Z,2026-06-23T09:03:30.000Z,20.3,-21.0,16.8,-3.5,0,0.1,4104.54,4106.35,,,BUY,USD,1,1,1583663
D#1702457,XAUUSD,100,288230376154283763,288230376152980535,288230376163607250,288230376163606867,283,2026-06-23T08:58:48.000Z,2026-06-23T09:03:31.000Z,36.1,-36.800000000000004,32.6,-3.5,0,0.1,4102.88,4106.27,4106.47,,BUY,USD,1,1,1583663
D#1702337,XAUUSD,100,288230376154283817,288230376152980720,288230376163608841,288230376163608559,48,2026-06-23T09:03:30.000Z,2026-06-23T09:04:18.000Z,66.08,-70.0,46.48,-19.6,0,0.56,4106.51,4107.47,,,BUY,USD,1,1,1583663
D#1702668,XAUUSD,100,288230376154283872,288230376152980243,288230376163602665,288230376163602661,1129,2026-06-23T08:46:00.000Z,2026-06-23T09:04:49.000Z,-26.2,25.5,-29.7,-3.5,0,0.1,4106.27,4109.11,4108.86,4099.41,SELL,USD,1,1,1583663
D#1702430,XAUUSD,100,288230376154283877,288230376152980768,288230376163609083,288230376163608929,21,2026-06-23T09:04:31.000Z,2026-06-23T09:04:52.000Z,7.2,-7.9,3.7,-3.5,0,0.1,4108.08,4108.58,,,BUY,USD,1,1,1583663
D#1702677,XAUUSD,100,288230376154283925,288230376152980264,288230376163602874,288230376163602872,1123,2026-06-23T08:46:27.000Z,2026-06-23T09:05:10.000Z,-65.5,64.8,-69.0,-3.5,0,0.1,4103.97,4110.74,4110.58,4091.58,SELL,USD,1,1,1583663
D#1702457,XAUUSD,100,288230376154283956,288230376152980736,288230376163608907,288230376163608671,94,2026-06-23T09:03:47.000Z,2026-06-23T09:05:21.000Z,29.5,-30.2,26.0,-3.5,0,0.1,4106.56,4109.29,4109.4,,BUY,USD,1,1,1583663
D#1702339,XAUUSD,100,288230376154283997,288230376152979992,288230376163600656,288230376163600400,1478,2026-06-23T08:40:59.000Z,2026-06-23T09:05:37.000Z,-25.35,25.0,-27.11,-1.76,0,0.05,4105.91,4111.2,4111.06,4085.61,SELL,USD,1,1,1583663
D#1670964,XAUUSD,100,288230376154284024,288230376152980113,288230376163601455,288230376163601454,1354,2026-06-23T08:43:21.000Z,2026-06-23T09:05:55.000Z,-14.04,13.76,-15.44,-1.4,0,0.04,4107.95,4111.68,4111.44,4088.06,SELL,USD,1,1,1583663
D#1702495,XAUUSD,100,288230376154284055,288230376152976071,288230376163558300,288230376163558298,8488,2026-06-23T06:44:39.000Z,2026-06-23T09:06:07.000Z,3.51,-3.7199999999999998,2.45,-1.06,0,0.03,4112.82,4111.87,4111.74,4079.37,SELL,USD,1,1,1583663
D#1702430,XAUUSD,100,288230376154284211,288230376152980812,288230376163610305,288230376163609243,142,2026-06-23T09:05:13.000Z,2026-06-23T09:07:35.000Z,10.5,-11.2,7.0,-3.5,0,0.1,4110.57,4111.4,,,BUY,USD,1,1,1583663
D#1645671,XAUUSD,100,288230376154284281,288230376152980224,288230376163609394,288230376163602417,1380,2026-06-23T08:45:20.000Z,2026-06-23T09:08:20.000Z,31.68,-32.24,28.88,-2.8,0,0.08,4106.72,4110.46,4110.75,4121.23,BUY,USD,1,1,1583663
D#1702690,XAUUSD,100,288230376154284282,288230376152980551,288230376163609965,288230376163607142,514,2026-06-23T08:59:46.000Z,2026-06-23T09:08:20.000Z,57.2,-57.900000000000006,53.7,-3.5,0,0.1,4104.96,4110.46,4110.52,,BUY,USD,1,1,1583663
D#1702457,XAUUSD,100,288230376154284364,288230376152980909,288230376163610579,288230376163610013,207,2026-06-23T09:06:51.000Z,2026-06-23T09:10:18.000Z,15.3,-16.0,11.8,-3.5,0,0.1,4111.56,4110.25,4110.12,,SELL,USD,1,1,1583663
D#1702457,XAUUSD,100,288230376154284405,288230376152981015,288230376163611561,288230376163611323,76,2026-06-23T09:10:42.000Z,2026-06-23T09:11:58.000Z,-0.8,0.09999999999999998,-4.3,-3.5,0,0.1,4110.82,4110.52,4110.76,,BUY,USD,1,1,1583663
D#1702534,XAUUSD,100,288230376154284463,288230376152981033,288230376163612189,288230376163611721,86,2026-06-23T09:12:02.000Z,2026-06-23T09:13:28.000Z,-19.1,18.400000000000002,-22.6,-3.5,0,0.1,4110.51,4112.64,4115.18,4105.5,SELL,USD,1,1,1583663
D#1645671,XAUUSD,100,288230376154284477,288230376152981034,288230376163612170,288230376163611722,93,2026-06-23T09:12:02.000Z,2026-06-23T09:13:35.000Z,-22.16,21.6,-24.96,-2.8,0,0.08,4110.52,4113.51,4113.06,4096.19,SELL,USD,1,1,1583663
D#1702505,XAUUSD,100,288230376154284511,288230376152979862,288230376163598991,288230376163598813,2247,2026-06-23T08:36:38.000Z,2026-06-23T09:14:05.000Z,-101.2,100.5,-104.7,-3.5,0,0.1,4103.47,4113.81,4113.65,4082.69,SELL,USD,1,1,1583663
D#1702337,XAUUSD,100,288230376154284676,288230376152981169,288230376163613100,288230376163613031,10,2026-06-23T09:15:36.000Z,2026-06-23T09:15:46.000Z,0,-3.9200000000000004,-19.6,-19.6,0,0.56,4110.89,4111.11,,,SELL,USD,1,1,1583663
D#1702337,XAUUSD,100,288230376154284699,288230376152981187,288230376163613203,288230376163613183,3,2026-06-23T09:15:58.000Z,2026-06-23T09:16:01.000Z,-3.36,-0.5600000000000005,-22.96,-19.6,0,0.56,4109.86,4110.14,,,SELL,USD,1,1,1583663
D#1702457,XAUUSD,100,288230376154284703,288230376152981130,288230376163612969,288230376163612827,54,2026-06-23T09:15:10.000Z,2026-06-23T09:16:04.000Z,-19.4,18.7,-22.9,-3.5,0,0.1,4111.96,4109.8,4109.92,,BUY,USD,1,1,1583663
D#1702337,XAUUSD,100,288230376154284748,288230376152981204,288230376163613480,288230376163613328,30,2026-06-23T09:16:22.000Z,2026-06-23T09:16:52.000Z,-55.44,51.519999999999996,-75.04,-19.6,0,0.56,4110.14,4111.35,,,SELL,USD,1,1,1583663
D#1589450,XAUUSD,100,288230376154284749,288230376152980512,288230376163613498,288230376163606574,1139,2026-06-23T08:57:55.000Z,2026-06-23T09:16:54.000Z,44.1,-44.59,41.64,-2.46,0,0.07,4105.04,4111.12,,4118.18,BUY,USD,1,1,1583663
D#1702457,XAUUSD,100,288230376154284756,288230376152981208,288230376163613477,288230376163613381,29,2026-06-23T09:16:33.000Z,2026-06-23T09:17:02.000Z,-20.1,19.400000000000002,-23.6,-3.5,0,0.1,4109.49,4111.72,4111.36,,SELL,USD,1,1,1583663
D#1702668,XAUUSD,100,288230376154284759,288230376152981188,288230376163613193,288230376163613191,65,2026-06-23T09:16:00.000Z,2026-06-23T09:17:05.000Z,-20.5,19.8,-24.0,-3.5,0,0.1,4109.93,4112.2,4112.05,4104.85,SELL,USD,1,1,1583663
D#1702457,XAUUSD,100,288230376154284788,288230376152981228,288230376163613684,288230376163613588,30,2026-06-23T09:17:10.000Z,2026-06-23T09:17:40.000Z,9.3,-10.0,5.8,-3.5,0,0.1,4112.22,4111.51,4111.38,,SELL,USD,1,1,1583663
D#1702689,XAUUSD,100,288230376154284802,288230376152980286,288230376163613901,288230376163603144,1857,2026-06-23T08:47:11.000Z,2026-06-23T09:18:08.000Z,7.87,-7.94,7.51,-0.36,0,0.01,4103.19,4110.84,,,BUY,USD,1,1,1583663
D#1670964,XAUUSD,100,288230376154284839,288230376152980988,288230376163614243,288230376163610576,607,2026-06-23T09:09:12.000Z,2026-06-23T09:19:19.000Z,17.44,-18.0,14.64,-2.8,0,0.08,4109.08,4111.04,4102.7,4123.98,BUY,USD,1,1,1583663
D#1702337,XAUUSD,100,288230376154284913,288230376152981216,288230376163614684,288230376163613499,239,2026-06-23T09:16:55.000Z,2026-06-23T09:20:54.000Z,198.24,-202.16,178.64,-19.6,0,0.56,4111.25,4114.57,,,BUY,USD,1,1,1583663
D#1702677,XAUUSD,100,288230376154284919,288230376152981007,288230376163614727,288230376163611245,633,2026-06-23T09:10:28.000Z,2026-06-23T09:21:01.000Z,47.8,-48.5,44.3,-3.5,0,0.1,4110.24,4114.8,4104.66,4121.02,BUY,USD,1,1,1583663
D#1702457,XAUUSD,100,288230376154285037,288230376152981316,288230376163615243,288230376163614761,144,2026-06-23T09:21:04.000Z,2026-06-23T09:23:28.000Z,-14.6,13.9,-18.1,-3.5,0,0.1,4115.31,4113.63,4113.81,,BUY,USD,1,1,1583663
D#1702355,XAUUSD,100,288230376154285053,288230376152981335,288230376163615557,288230376163614992,107,2026-06-23T09:21:49.000Z,2026-06-23T09:23:36.000Z,-0.36,-0.48,-4.56,-4.2,0,0.12,4113.65,4113.9,,,SELL,USD,1,1,1583663
D#1702457,XAUUSD,100,288230376154285408,288230376152981546,288230376163616916,288230376163616626,47,2026-06-23T09:26:08.000Z,2026-06-23T09:26:55.000Z,12.9,-13.6,9.4,-3.5,0,0.1,4115.05,4113.98,4113.96,,SELL,USD,1,1,1583663
D#1702355,XAUUSD,100,288230376154285489,288230376152981482,288230376163617781,288230376163616152,286,2026-06-23T09:25:06.000Z,2026-06-23T09:29:52.000Z,-51,50.16,-55.2,-4.2,0,0.12,4116.96,4112.49,,4118.2,BUY,USD,1,1,1583663
D#1702534,XAUUSD,100,288230376154285620,288230376152981362,288230376163619171,288230376163615262,716,2026-06-23T09:22:42.000Z,2026-06-23T09:34:38.000Z,11,-11.7,7.5,-3.5,0,0.1,4114.7,4115.58,4108.94,4119.54,BUY,USD,1,1,1583663
D#1702703,XAUUSD,100,288230376154285653,288230376152978481,288230376163614021,288230376163584419,5890,2026-06-23T07:56:55.000Z,2026-06-23T09:35:05.000Z,17.89,-17.96,17.53,-0.36,0,0.01,4100.33,4118,,4118,BUY,USD,1,1,1583663
D#1702355,XAUUSD,100,288230376154285652,288230376152981659,288230376163619309,288230376163618779,106,2026-06-23T09:33:19.000Z,2026-06-23T09:35:05.000Z,34.68,-35.52,30.48,-4.2,0,0.12,4115.36,4118.03,,,BUY,USD,1,1,1583663
D#1702457,XAUUSD,100,288230376154285719,288230376152981591,288230376163619775,288230376163617189,531,2026-06-23T09:27:41.000Z,2026-06-23T09:36:32.000Z,7.1,-7.8,3.6,-3.5,0,0.1,4115.97,4116.46,4115.83,,BUY,USD,1,1,1583663
D#1702457,XAUUSD,100,288230376154285732,288230376152981733,288230376163619887,288230376163619800,22,2026-06-23T09:36:36.000Z,2026-06-23T09:36:58.000Z,4.1,-4.8,0.6,-3.5,0,0.1,4116.11,4115.92,4115.69,,SELL,USD,1,1,1583663
D#1702668,XAUUSD,100,288230376154285743,288230376152981734,288230376163620069,288230376163619830,53,2026-06-23T09:36:41.000Z,2026-06-23T09:37:34.000Z,-8.2,7.499999999999999,-11.7,-3.5,0,0.1,4115.9,4116.94,4120.43,4111.23,SELL,USD,1,1,1583663
D#1702690,XAUUSD,100,288230376154285771,288230376152981276,288230376163620319,288230376163614266,1140,2026-06-23T09:19:25.000Z,2026-06-23T09:38:25.000Z,-72.7,72.0,-76.2,-3.5,0,0.1,4111.26,4118.75,,,SELL,USD,1,1,1583663
D#1702503,XAUUSD,100,288230376154285782,288230376152981660,288230376163620370,288230376163618781,316,2026-06-23T09:33:20.000Z,2026-06-23T09:38:36.000Z,13.3,-13.65,11.54,-1.76,0,0.05,4115.36,4117.8,,,BUY,USD,1,1,1583663
D#1702405,XAUUSD,100,288230376154285784,288230376152980415,288230376163620402,288230376163605269,2681,2026-06-23T08:54:03.000Z,2026-06-23T09:38:44.000Z,45.44,-45.72,44.04,-1.4,0,0.04,4106.92,4118.06,4100.31,4119.4,BUY,USD,1,1,1583663
D#1702623,XAUUSD,100,288230376154285796,288230376152981767,288230376163620493,288230376163620491,15,2026-06-23T09:39:05.000Z,2026-06-23T09:39:20.000Z,-40,37.2,-54.0,-14,0,0.4,4118,4119.22,4119.01,,SELL,USD,1,1,1583663
D#1702385,XAUUSD,100,288230376154285824,288230376152981205,288230376163620622,288230376163613348,1383,2026-06-23T09:16:26.000Z,2026-06-23T09:39:29.000Z,97.6,-98.3,94.1,-3.5,0,0.1,4110.25,4119.79,,4120.24,BUY,USD,1,1,1583663
D#1702468,XAUUSD,100,288230376154285858,288230376152979707,288230376163620711,288230376163597059,4077,2026-06-23T08:31:43.000Z,2026-06-23T09:39:40.000Z,-191.6,190.9,-195.1,-3.5,0,0.1,4099.45,4118.83,,4078.8,SELL,USD,1,1,1583663
D#1702457,XAUUSD,100,288230376154285859,288230376152981756,288230376163620483,288230376163620229,94,2026-06-23T09:38:06.000Z,2026-06-23T09:39:40.000Z,10.8,-11.5,7.3,-3.5,0,0.1,4117.8,4118.66,4118.97,,BUY,USD,1,1,1583663
D#1670916,XAUUSD,100,288230376154285930,288230376152980495,288230376163621520,288230376163606190,2753,2026-06-23T08:56:34.000Z,2026-06-23T09:42:27.000Z,86.87,-87.36,84.41,-2.46,0,0.07,4106.04,4118.23,4106,4140,BUY,USD,1,1,1583663
D#1671050,XAUUSD,100,288230376154285947,288230376152979511,288230376163621769,288230376163594684,4718,2026-06-23T08:24:47.000Z,2026-06-23T09:43:25.000Z,57.92,-58.620000000000005,54.41,-3.51,0,0.1,4097.22,4119.64,4096.66,4143.12,BUY,USD,1,1,1583663
D#1702737,XAUUSD,100,288230376154285959,288230376152980258,288230376163603436,288230376163602803,3436,2026-06-23T08:46:17.000Z,2026-06-23T09:43:33.000Z,-57.16,56.879999999999995,-58.56,-1.4,0,0.04,4105.57,4120.08,4120,4092,SELL,USD,1,1,1583663
D#1702430,XAUUSD,100,288230376154285960,288230376152981843,288230376163621814,288230376163621614,43,2026-06-23T09:42:50.000Z,2026-06-23T09:43:33.000Z,14.5,-15.2,11.0,-3.5,0,0.1,4118.74,4119.97,,,BUY,USD,1,1,1583663
D#1702503,XAUUSD,100,288230376154285967,288230376152981814,288230376163621869,288230376163621062,176,2026-06-23T09:40:50.000Z,2026-06-23T09:43:46.000Z,8.2,-8.549999999999999,6.44,-1.76,0,0.05,4117.98,4119.4,,,BUY,USD,1,1,1583663
D#1702503,XAUUSD,100,288230376154286042,288230376152981876,288230376163622521,288230376163622180,78,2026-06-23T09:44:53.000Z,2026-06-23T09:46:11.000Z,5.35,-5.699999999999999,3.59,-1.76,0,0.05,4117.13,4117.98,,,BUY,USD,1,1,1583663
D#1702567,XAUUSD,100,288230376154286068,288230376152981229,288230376163622761,288230376163613589,1792,2026-06-23T09:17:10.000Z,2026-06-23T09:47:02.000Z,56.6,-57.300000000000004,53.1,-3.5,0,0.1,4112.39,4117.83,,4122.5,BUY,USD,1,1,1583663
D#1702690,XAUUSD,100,288230376154286072,288230376152981759,288230376163622805,288230376163620335,524,2026-06-23T09:38:28.000Z,2026-06-23T09:47:12.000Z,-4.9,4.2,-8.4,-3.5,0,0.1,4118.35,4117.64,,,BUY,USD,1,1,1583663
D#1702430,XAUUSD,100,288230376154286074,288230376152981888,288230376163622823,288230376163622399,92,2026-06-23T09:45:45.000Z,2026-06-23T09:47:17.000Z,-6.4,5.7,-9.9,-3.5,0,0.1,4118.04,4117.18,,,BUY,USD,1,1,1583663
D#1702457,XAUUSD,100,288230376154286166,288230376152981905,288230376163623530,288230376163622680,242,2026-06-23T09:46:46.000Z,2026-06-23T09:50:48.000Z,-9.8,9.100000000000001,-13.3,-3.5,0,0.1,4117.2,4118.4,4118.3,,SELL,USD,1,1,1583663
D#1702476,XAUUSD,100,288230376154286178,288230376152981977,288230376163623886,288230376163623788,23,2026-06-23T09:50:57.000Z,2026-06-23T09:51:20.000Z,-5.32,3.99,-11.98,-6.66,0,0.19,4117.85,4117.35,,,BUY,USD,1,1,1583663
D#1702357,XAUUSD,100,288230376154286186,288230376152981747,288230376163623977,288230376163620088,847,2026-06-23T09:37:37.000Z,2026-06-23T09:51:44.000Z,4.55,-4.8999999999999995,2.79,-1.76,0,0.05,4117.25,4116.56,,,SELL,USD,1,1,1583663
D#1702647,XAUUSD,100,288230376154286196,288230376152981958,288230376163624105,288230376163623420,170,2026-06-23T09:49:23.000Z,2026-06-23T09:52:13.000Z,31.2,-34.839999999999996,13.0,-18.2,0,0.52,4117.12,4116.74,,,SELL,USD,1,1,1583663
D#1702660,XAUUSD,100,288230376154286226,288230376152981158,288230376163624416,288230376163612955,2281,2026-06-23T09:15:26.000Z,2026-06-23T09:53:27.000Z,48.1,-48.800000000000004,44.6,-3.5,0,0.1,4112,4116.59,4116.24,4122.95,BUY,USD,1,1,1583663
D#1589450,XAUUSD,100,288230376154286233,288230376152981366,288230376163624453,288230376163615321,1843,2026-06-23T09:22:55.000Z,2026-06-23T09:53:38.000Z,14.77,-15.26,12.31,-2.46,0,0.07,4114.77,4116.66,,4122.1,BUY,USD,1,1,1583663
D#1702476,XAUUSD,100,288230376154286256,288230376152982018,288230376163624621,288230376163624492,26,2026-06-23T09:53:47.000Z,2026-06-23T09:54:13.000Z,8.17,-9.5,1.51,-6.66,0,0.19,4116.81,4117.02,,,BUY,USD,1,1,1583663
D#1589409,XAUUSD,100,288230376154286280,288230376152981840,288230376163624857,288230376163621545,749,2026-06-23T09:42:35.000Z,2026-06-23T09:55:04.000Z,-67.2,65.10000000000001,-77.7,-10.5,0,0.3,4118.09,4115.63,,4121.71,BUY,USD,1,1,1583663
D#1702534,XAUUSD,100,288230376154286299,288230376152981946,288230376163624983,288230376163623180,418,2026-06-23T09:48:31.000Z,2026-06-23T09:55:29.000Z,-3.3,2.5999999999999996,-6.8,-3.5,0,0.1,4117.2,4116.65,4111.77,4119.75,BUY,USD,1,1,1583663
D#1702476,XAUUSD,100,288230376154286318,288230376152982034,288230376163625176,288230376163624785,79,2026-06-23T09:54:51.000Z,2026-06-23T09:56:10.000Z,46.93,-48.26,40.27,-6.66,0,0.19,4116.22,4118.47,,,BUY,USD,1,1,1583663
D#1702476,XAUUSD,100,288230376154286336,288230376152982066,288230376163625243,288230376163625198,9,2026-06-23T09:56:14.000Z,2026-06-23T09:56:23.000Z,-2.47,1.1400000000000001,-9.13,-6.66,0,0.19,4119.02,4118.67,,,BUY,USD,1,1,1583663
D#1702476,XAUUSD,100,288230376154286350,288230376152982076,288230376163625385,288230376163625315,14,2026-06-23T09:56:40.000Z,2026-06-23T09:56:54.000Z,13.11,-14.44,6.45,-6.66,0,0.19,4118.16,4118.63,,,BUY,USD,1,1,1583663
D#1702647,XAUUSD,100,288230376154286360,288230376152982022,288230376163624586,288230376163624583,179,2026-06-23T09:54:10.000Z,2026-06-23T09:57:09.000Z,-153.4,149.76000000000002,-171.6,-18.2,0,0.52,4116.77,4119.94,4119.4,4114.87,SELL,USD,1,1,1583663
D#1702457,XAUUSD,100,288230376154286359,288230376152982071,288230376163625322,288230376163625264,40,2026-06-23T09:56:29.000Z,2026-06-23T09:57:09.000Z,-11.8,11.100000000000001,-15.3,-3.5,0,0.1,4118.54,4119.94,4119.06,4101.84,SELL,USD,1,1,1583663
D#1702580,XAUUSD,100,288230376154286370,288230376152980052,288230376163625513,288230376163600949,4509,2026-06-23T08:42:11.000Z,2026-06-23T09:57:20.000Z,-105,104.3,-108.5,-3.5,0,0.1,4109.05,4119.77,4120.17,4097.8,SELL,USD,1,1,1583663
D#1702476,XAUUSD,100,288230376154286380,288230376152982084,288230376163625577,288230376163625551,5,2026-06-23T09:57:30.000Z,2026-06-23T09:57:35.000Z,-4.94,3.6100000000000003,-11.6,-6.66,0,0.19,4119.74,4120.22,,,SELL,USD,1,1,1583663
D#1670964,XAUUSD,100,288230376154286385,288230376152982006,288230376163624262,288230376163624258,291,2026-06-23T09:52:50.000Z,2026-06-23T09:57:41.000Z,-47.4,46.35,-52.66,-5.26,0,0.15,4116.97,4120.35,4120.24,4109.08,SELL,USD,1,1,1583663
D#1645671,XAUUSD,100,288230376154286390,288230376152981224,288230376163619573,288230376163613573,2440,2026-06-23T09:17:08.000Z,2026-06-23T09:57:48.000Z,-62.64,62.08,-65.44,-2.8,0,0.08,4112.36,4120.41,4120.26,4098.05,SELL,USD,1,1,1583663
D#1702541,XAUUSD,100,288230376154286391,288230376152981940,288230376163625632,288230376163623105,572,2026-06-23T09:48:16.000Z,2026-06-23T09:57:48.000Z,-36.4,35.699999999999996,-39.9,-3.5,0,0.1,4116.64,4120.5,,,SELL,USD,1,1,1583663
D#1702647,XAUUSD,100,288230376154286440,288230376152982080,288230376163625956,288230376163625477,101,2026-06-23T09:57:15.000Z,2026-06-23T09:58:56.000Z,99.32,-102.96,81.12,-18.2,0,0.52,4119.6,4117.91,,,SELL,USD,1,1,1583663
D#1702668,XAUUSD,100,288230376154286463,288230376152981902,288230376163622574,288230376163622571,792,2026-06-23T09:46:20.000Z,2026-06-23T09:59:32.000Z,-12.3,11.950000000000001,-14.06,-1.76,0,0.05,4117.86,4120.54,4120.43,4111.23,SELL,USD,1,1,1583663
D#1702476,XAUUSD,100,288230376154286473,288230376152982090,288230376163626179,288230376163625609,116,2026-06-23T09:57:43.000Z,2026-06-23T09:59:39.000Z,7.03,-8.36,0.37,-6.66,0,0.19,4120.14,4120.29,,,BUY,USD,1,1,1583663
D#1702541,XAUUSD,100,288230376154286474,288230376152982114,288230376163626181,288230376163625897,56,2026-06-23T09:58:44.000Z,2026-06-23T09:59:40.000Z,-42.6,41.2,-49.6,-7,0,0.2,4118.11,4120.46,,,SELL,USD,1,1,1583663
D#1702503,XAUUSD,100,288230376154286481,288230376152981985,288230376163624322,288230376163623916,498,2026-06-23T09:51:29.000Z,2026-06-23T09:59:47.000Z,-18.55,18.2,-20.31,-1.76,0,0.05,4117.3,4121.23,4121,4113,SELL,USD,1,1,1583663
D#1702476,XAUUSD,100,288230376154286500,288230376152982137,288230376163626231,288230376163626186,7,2026-06-23T09:59:42.000Z,2026-06-23T09:59:49.000Z,-20.52,19.189999999999998,-27.18,-6.66,0,0.19,4120.29,4121.59,,,SELL,USD,1,1,1583663
D#1670988,XAUUSD,100,288230376154286545,288230376152979375,288230376163593873,288230376163592789,6057,2026-06-23T08:19:04.000Z,2026-06-23T10:00:01.000Z,403.35,-404.40000000000003,398.09,-5.26,0,0.15,4096.75,4123.42,,4123.3,BUY,USD,1,1,1583663
D#1702339,XAUUSD,100,288230376154286535,288230376152980869,288230376163609949,288230376163609682,3232,2026-06-23T09:06:09.000Z,2026-06-23T10:00:01.000Z,-113.9,113.2,-117.4,-3.5,0,0.1,4111.69,4123.3,4123.06,4085.31,SELL,USD,1,1,1583663
D#1702536,XAUUSD,100,288230376154286532,288230376152981702,288230376163619313,288230376163606569,1496,2026-06-23T09:35:05.000Z,2026-06-23T10:00:01.000Z,-40.64,40.08,-43.44,-2.8,0,0.08,4118,4123.3,4123,4108,SELL,USD,1,1,1583663
D#1702495,XAUUSD,100,288230376154286536,288230376152981943,288230376163623146,288230376163623145,696,2026-06-23T09:48:25.000Z,2026-06-23T10:00:01.000Z,-19.65,19.439999999999998,-20.71,-1.06,0,0.03,4116.53,4123.3,4123.1,4082.82,SELL,USD,1,1,1583663
D#1614619,XAUUSD,100,288230376154286557,288230376152977470,288230376163573652,288230376163573290,9282,2026-06-23T07:25:21.000Z,2026-06-23T10:00:03.000Z,28.75,-29.1,26.99,-1.76,0,0.05,4119.54,4125.07,,4124,BUY,USD,1,1,1583663
D#1702504,XAUUSD,100,288230376154286562,288230376152980541,288230376163606949,288230376163606947,3657,2026-06-23T08:59:06.000Z,2026-06-23T10:00:03.000Z,-215.9,215.20000000000002,-219.4,-3.5,0,0.1,4103.22,4125.03,4123.97,4067.75,SELL,USD,1,1,1583663
D#1702677,XAUUSD,100,288230376154286563,288230376152981541,288230376163616587,288230376163616582,2038,2026-06-23T09:26:05.000Z,2026-06-23T10:00:03.000Z,-102.4,101.7,-105.9,-3.5,0,0.1,4114.82,4125.28,4124,4102.74,SELL,USD,1,1,1583663
D#1702660,XAUUSD,100,288230376154286561,288230376152982072,288230376163625340,288230376163625278,211,2026-06-23T09:56:32.000Z,2026-06-23T10:00:03.000Z,-60.7,60.0,-64.2,-3.5,0,0.1,4118.74,4125.03,4124.81,4108.32,SELL,USD,1,1,1583663
D#1702476,XAUUSD,100,288230376154286592,288230376152982142,288230376163626333,288230376163626242,14,2026-06-23T09:59:52.000Z,2026-06-23T10:00:06.000Z,62.89,-64.22,56.23,-6.66,0,0.19,4121.6,4124.69,,,BUY,USD,1,1,1583663
D#1702432,XAUUSD,100,288230376154286615,288230376152981728,288230376163626399,288230376163619737,1429,2026-06-23T09:36:25.000Z,2026-06-23T10:00:14.000Z,-86.8,86.1,-90.3,-3.5,0,0.1,4116.26,4125.16,4138.14,4105.07,SELL,USD,1,1,1583663
D#1702647,XAUUSD,100,288230376154286617,288230376152982129,288230376163626403,288230376163626127,46,2026-06-23T09:59:29.000Z,2026-06-23T10:00:15.000Z,-293.8,290.16,-312.0,-18.2,0,0.52,4119.5,4125.37,,,SELL,USD,1,1,1583663
D#1702753,XAUUSD,100,288230376154286622,288230376152980342,288230376163626438,288230376163603947,4257,2026-06-23T08:49:26.000Z,2026-06-23T10:00:23.000Z,320.7,-321.75,315.44,-5.26,0,0.15,4104.19,4125.35,4112.27,4132.22,BUY,USD,1,1,1583663
D#1702505,XAUUSD,100,288230376154286633,288230376152981749,288230376163620376,288230376163620112,1363,2026-06-23T09:37:42.000Z,2026-06-23T10:00:25.000Z,-130.5,129.45,-135.76,-5.26,0,0.15,4117.29,4126.21,4125.96,4083.97,SELL,USD,1,1,1583663
D#1702503,XAUUSD,100,288230376154286664,288230376152982149,288230376163626536,288230376163626314,35,2026-06-23T10:00:03.000Z,2026-06-23T10:00:38.000Z,12.2,-12.549999999999999,10.44,-1.76,0,0.05,4125,4127.22,,,BUY,USD,1,1,1583663
D#1702686,XAUUSD,100,288230376154286682,288230376152981829,288230376163626559,288230376163621306,1147,2026-06-23T09:41:34.000Z,2026-06-23T10:00:41.000Z,-193.04,191.70999999999998,-199.7,-6.66,0,0.19,4117.34,4127.72,4132.05,4112.4,SELL,USD,1,1,1583663
D#1702385,XAUUSD,100,288230376154286703,288230376152981791,288230376163620818,288230376163620715,1268,2026-06-23T09:39:41.000Z,2026-06-23T10:00:49.000Z,100,-100.7,96.5,-3.5,0,0.1,4118.69,4128.47,,4128.58,BUY,USD,1,1,1583663
D#1670916,XAUUSD,100,288230376154286712,288230376152981914,288230376163622879,288230376163622743,831,2026-06-23T09:46:59.000Z,2026-06-23T10:00:50.000Z,86.59,-87.08,84.13,-2.46,0,0.07,4117.96,4130.11,4111,4130,BUY,USD,1,1,1583663
D#1702430,XAUUSD,100,288230376154286725,288230376152982181,288230376163626628,288230376163626597,4,2026-06-23T10:00:48.000Z,2026-06-23T10:00:52.000Z,15.3,-16.0,11.8,-3.5,0,0.1,4128.17,4129.48,,,BUY,USD,1,1,1583663
D#1702476,XAUUSD,100,288230376154286765,288230376152982162,288230376163626742,288230376163626381,56,2026-06-23T10:00:12.000Z,2026-06-23T10:01:08.000Z,90.25,-91.58,83.59,-6.66,0,0.19,4124.92,4129.45,,,BUY,USD,1,1,1583663
D#1702690,XAUUSD,100,288230376154286768,288230376152981920,288230376163626754,288230376163622810,838,2026-06-23T09:47:13.000Z,2026-06-23T10:01:11.000Z,-116,115.3,-119.5,-3.5,0,0.1,4117.46,4129.28,,,SELL,USD,1,1,1583663
D#1702457,XAUUSD,100,288230376154286774,288230376152982099,288230376163625820,288230376163625710,192,2026-06-23T09:58:06.000Z,2026-06-23T10:01:18.000Z,86.3,-87.0,82.8,-3.5,0,0.1,4120.08,4128.49,4128.66,4140.89,BUY,USD,1,1,1583663
D#1670962,XAUUSD,100,288230376154286781,288230376152979612,288230376163626837,288230376163595773,5627,2026-06-23T08:27:39.000Z,2026-06-23T10:01:26.000Z,31.27,-31.34,30.91,-0.36,0,0.01,4097.4,4128.45,4102.91,4147.29,BUY,USD,1,1,1583663
D#1702668,XAUUSD,100,288230376154286791,288230376152982168,288230376163626887,288230376163626493,65,2026-06-23T10:00:31.000Z,2026-06-23T10:01:36.000Z,8.8,-9.15,7.04,-1.76,0,0.05,4126.76,4128.3,4125.72,4131.32,BUY,USD,1,1,1583663
D#1702665,XAUUSD,100,288230376154286794,288230376152982161,288230376163626849,288230376163626375,86,2026-06-23T10:00:11.000Z,2026-06-23T10:01:37.000Z,29.6,-30.3,26.1,-3.5,0,0.1,4124.95,4127.69,4127.84,4132.34,BUY,USD,1,1,1583663
D#1702339,XAUUSD,100,288230376154286817,288230376152982221,288230376163626985,288230376163626940,6,2026-06-23T10:01:45.000Z,2026-06-23T10:01:51.000Z,15.12,-16.59,7.76,-7.36,0,0.21,4127.85,4127.35,,,SELL,USD,1,1,1583663
D#1671067,XAUUSD,100,288230376154286849,288230376152975669,288230376163553807,288230376163553440,12743,2026-06-23T06:30:00.000Z,2026-06-23T10:02:23.000Z,-74.75,74.4,-76.51,-1.76,0,0.05,4116.53,4131.7,4131.56,,SELL,USD,1,1,1583663
D#1702740,XAUUSD,100,288230376154286857,288230376152982007,288230376163627205,288230376163624268,576,2026-06-23T09:52:51.000Z,2026-06-23T10:02:27.000Z,-72.4,72.05000000000001,-74.16,-1.76,0,0.05,4116.95,4131.65,,,SELL,USD,1,1,1583663
D#1702339,XAUUSD,100,288230376154286884,288230376152982238,288230376163627293,288230376163627119,29,2026-06-23T10:02:12.000Z,2026-06-23T10:02:41.000Z,-36.92,33.28,-55.12,-18.2,0,0.52,4129.04,4129.97,,,SELL,USD,1,1,1583663
D#1670922,XAUUSD,100,288230376154286949,288230376152981352,288230376163627821,288230376163615118,2521,2026-06-23T09:22:14.000Z,2026-06-23T10:04:15.000Z,-159,158.3,-162.5,-3.5,0,0.1,4115,4131.12,,,SELL,USD,1,1,1583663
D#1702430,XAUUSD,100,288230376154286972,288230376152982275,288230376163627999,288230376163627818,32,2026-06-23T10:04:14.000Z,2026-06-23T10:04:46.000Z,20.4,-21.099999999999998,16.9,-3.5,0,0.1,4131.12,4132.94,,,BUY,USD,1,1,1583663
D#1702534,XAUUSD,100,288230376154287032,288230376152982307,288230376163628567,288230376163628118,80,2026-06-23T10:05:06.000Z,2026-06-23T10:06:26.000Z,14.4,-15.1,10.9,-3.5,0,0.1,4131.55,4130.33,4135.79,4125.99,SELL,USD,1,1,1583663
D#1702476,XAUUSD,100,288230376154287045,288230376152982207,288230376163628793,288230376163626805,353,2026-06-23T10:01:20.000Z,2026-06-23T10:07:13.000Z,32.49,-33.82,25.83,-6.66,0,0.19,4128.61,4130.1,,,BUY,USD,1,1,1583663
D#1702677,XAUUSD,100,288230376154287050,288230376152982316,288230376163628856,288230376163628314,106,2026-06-23T10:05:41.000Z,2026-06-23T10:07:27.000Z,47,-48.4,40.0,-7,0,0.2,4132.02,4129.89,4137.3,4126.3,SELL,USD,1,1,1583663
D#1702668,XAUUSD,100,288230376154287069,288230376152982314,288230376163628226,288230376163628225,156,2026-06-23T10:05:25.000Z,2026-06-23T10:08:01.000Z,-33.3,32.599999999999994,-36.8,-3.5,0,0.1,4132.65,4129.1,4129.16,4137.94,BUY,USD,1,1,1583663
D#1702476,XAUUSD,100,288230376154287071,288230376152982348,288230376163629015,288230376163628823,45,2026-06-23T10:07:18.000Z,2026-06-23T10:08:03.000Z,-23.18,21.85,-29.84,-6.66,0,0.19,4130.4,4128.96,,,BUY,USD,1,1,1583663
D#1702697,XAUUSD,100,288230376154287094,288230376152978314,288230376163585975,288230376163582670,8182,2026-06-23T07:52:00.000Z,2026-06-23T10:08:22.000Z,271.2,-271.9,267.7,-3.5,0,0.1,4101.1,4128,4128.59,4141.67,BUY,USD,1,1,1583663
D#1702665,XAUUSD,100,288230376154287093,288230376152982315,288230376163629071,288230376163628262,172,2026-06-23T10:05:30.000Z,2026-06-23T10:08:22.000Z,-37.1,36.4,-40.6,-3.5,0,0.1,4131.93,4128,4128.82,4139.32,BUY,USD,1,1,1583663
D#1670922,XAUUSD,100,288230376154287104,288230376152982287,288230376163629207,288230376163627978,237,2026-06-23T10:04:43.000Z,2026-06-23T10:08:40.000Z,-40.9,40.199999999999996,-44.4,-3.5,0,0.1,4132.37,4128.06,,,BUY,USD,1,1,1583663
D#1702476,XAUUSD,100,288230376154287138,288230376152982368,288230376163629401,288230376163629168,44,2026-06-23T10:08:32.000Z,2026-06-23T10:09:16.000Z,3.42,-4.75,-3.24,-6.66,0,0.19,4128.45,4128.41,,,BUY,USD,1,1,1583663
D#1670935,XAUUSD,100,288230376154287159,288230376152975509,288230376163629560,288230376163551567,13503,2026-06-23T06:24:45.000Z,2026-06-23T10:09:48.000Z,36.2,-36.550000000000004,34.44,-1.76,0,0.05,4121.11,4128.13,,,BUY,USD,1,1,1583663
D#1702668,XAUUSD,100,288230376154287292,288230376152982427,288230376163629866,288230376163629864,164,2026-06-23T10:10:44.000Z,2026-06-23T10:13:28.000Z,-2.1,1.4,-5.6,-3.5,0,0.1,4127.8,4127.37,4127.49,4137.94,BUY,USD,1,1,1583663
D#1702660,XAUUSD,100,288230376154287441,288230376152982437,288230376163630070,288230376163630024,364,2026-06-23T10:11:16.000Z,2026-06-23T10:17:20.000Z,-50,49.3,-53.5,-3.5,0,0.1,4128.01,4133.23,4133.08,4117.49,SELL,USD,1,1,1583663
D#1702668,XAUUSD,100,288230376154287446,288230376152982503,288230376163630901,288230376163630897,193,2026-06-23T10:14:09.000Z,2026-06-23T10:17:22.000Z,26.6,-27.3,23.1,-3.5,0,0.1,4128.88,4131.32,4131.5,4139.57,BUY,USD,1,1,1583663
D#1702457,XAUUSD,100,288230376154287451,288230376152982555,288230376163631894,288230376163631744,38,2026-06-23T10:16:52.000Z,2026-06-23T10:17:30.000Z,-14.1,13.4,-17.6,-3.5,0,0.1,4132.39,4130.76,4131.08,,BUY,USD,1,1,1583663
D#1702668,XAUUSD,100,288230376154287497,288230376152982582,288230376163632302,288230376163632095,38,2026-06-23T10:18:01.000Z,2026-06-23T10:18:39.000Z,5,-5.7,1.5,-3.5,0,0.1,4130.06,4130.34,,,BUY,USD,1,1,1583663
D#1702457,XAUUSD,100,288230376154287509,288230376152982571,288230376163632398,288230376163631961,85,2026-06-23T10:17:35.000Z,2026-06-23T10:19:00.000Z,1.4,-2.1,-2.1,-3.5,0,0.1,4130.5,4130.42,4129.58,,BUY,USD,1,1,1583663
D#1589405,XAUUSD,100,288230376154287524,288230376152979378,288230376163632578,288230376163592836,7224,2026-06-23T08:19:12.000Z,2026-06-23T10:19:36.000Z,166.6,-166.95,164.84,-1.76,0,0.05,4097.74,4130.84,4076.96,4148.42,BUY,USD,1,1,1583663
D#1702476,XAUUSD,100,288230376154287543,288230376152982412,288230376163632722,288230376163629718,589,2026-06-23T10:10:14.000Z,2026-06-23T10:20:03.000Z,73.62,-74.88000000000001,67.32,-6.3,0,0.18,4128.21,4132.08,,,BUY,USD,1,1,1583663
D#1702476,XAUUSD,100,288230376154287585,288230376152982632,288230376163633009,288230376163632757,44,2026-06-23T10:20:09.000Z,2026-06-23T10:20:53.000Z,-6.84,5.58,-13.14,-6.3,0,0.18,4131.81,4131.21,,,BUY,USD,1,1,1583663
D#1702476,XAUUSD,100,288230376154287593,288230376152982647,288230376163633060,288230376163633026,6,2026-06-23T10:20:56.000Z,2026-06-23T10:21:02.000Z,1.44,-2.7,-4.86,-6.3,0,0.18,4131.63,4131.49,,,BUY,USD,1,1,1583663
D#1702476,XAUUSD,100,288230376154287617,288230376152982653,288230376163633212,288230376163633105,17,2026-06-23T10:21:10.000Z,2026-06-23T10:21:27.000Z,28.62,-29.880000000000003,22.32,-6.3,0,0.18,4130.39,4131.76,,,BUY,USD,1,1,1583663
D#1702567,XAUUSD,100,288230376154287631,288230376152981937,288230376163633400,288230376163623062,2034,2026-06-23T09:48:07.000Z,2026-06-23T10:22:01.000Z,-149.4,148.70000000000002,-152.9,-3.5,0,0.1,4117,4132.16,,4111.06,SELL,USD,1,1,1583663
D#1702476,XAUUSD,100,288230376154287638,288230376152982669,288230376163633496,288230376163633330,33,2026-06-23T10:21:47.000Z,2026-06-23T10:22:20.000Z,15.66,-16.92,9.36,-6.3,0,0.18,4131.1,4131.75,,,BUY,USD,1,1,1583663
D#1702685,XAUUSD,100,288230376154287682,288230376152982664,288230376163633978,288230376163633223,157,2026-06-23T10:21:28.000Z,2026-06-23T10:24:05.000Z,-17.1,16.400000000000002,-20.6,-3.5,0,0.1,4132.07,4130.14,,4203.15,BUY,USD,1,1,1583663
D#1702476,XAUUSD,100,288230376154287788,288230376152982741,288230376163634468,288230376163634432,7,2026-06-23T10:25:31.000Z,2026-06-23T10:25:38.000Z,12.78,-14.04,6.48,-6.3,0,0.18,4128.31,4128.8,,,BUY,USD,1,1,1583663
D#1670964,XAUUSD,100,288230376154287792,288230376152982579,288230376163634494,288230376163632057,471,2026-06-23T10:17:52.000Z,2026-06-23T10:25:43.000Z,-20.67,19.76,-25.23,-4.56,0,0.13,4130.62,4128.81,4126.85,4130.51,BUY,USD,1,1,1583663
D#1702685,XAUUSD,100,288230376154287884,288230376152982714,288230376163635162,288230376163634118,205,2026-06-23T10:24:35.000Z,2026-06-23T10:28:00.000Z,-166.5,163.0,-184.0,-17.5,0,0.5,4128.05,4131.6,,4111.97,SELL,USD,1,1,1583663
D#1702685,XAUUSD,100,288230376154287938,288230376152982800,288230376163635653,288230376163635207,91,2026-06-23T10:28:10.000Z,2026-06-23T10:29:41.000Z,-58.5,55.0,-76.0,-17.5,0,0.5,4131.67,4130.28,,4151.71,BUY,USD,1,1,1583663
D#1702534,XAUUSD,100,288230376154288232,288230376152982817,288230376163637075,288230376163635415,302,2026-06-23T10:28:51.000Z,2026-06-23T10:33:53.000Z,13.7,-14.399999999999999,10.2,-3.5,0,0.1,4130.52,4131.67,4119.59,4139.31,BUY,USD,1,1,1583663
D#1702649,XAUUSD,100,288230376154288309,288230376152979413,288230376163637590,288230376163593347,8087,2026-06-23T08:20:46.000Z,2026-06-23T10:35:33.000Z,-165.8,165.45000000000002,-167.56,-1.76,0,0.05,4098.27,4131.65,,,SELL,USD,1,1,1583663
D#1645671,XAUUSD,100,288230376154288553,288230376152982193,288230376163635141,288230376163626690,2240,2026-06-23T10:01:02.000Z,2026-06-23T10:38:22.000Z,3.52,-4.08,0.72,-2.8,0,0.08,4128.51,4128.29,4128.12,4114.26,SELL,USD,1,1,1583663
D#1702476,XAUUSD,100,288230376154288624,288230376152983172,288230376163639228,288230376163639192,7,2026-06-23T10:40:29.000Z,2026-06-23T10:40:36.000Z,6.12,-7.38,-0.18,-6.3,0,0.18,4129.35,4129.47,,,BUY,USD,1,1,1583663
D#1702476,XAUUSD,100,288230376154288658,288230376152983181,288230376163639489,288230376163639308,38,2026-06-23T10:40:50.000Z,2026-06-23T10:41:28.000Z,42.66,-43.919999999999995,36.36,-6.3,0,0.18,4129.7,4127.55,,,SELL,USD,1,1,1583663
D#1702645,XAUUSD,100,288230376154288745,288230376152982204,288230376163639771,288230376163626778,2465,2026-06-23T10:01:15.000Z,2026-06-23T10:42:20.000Z,-41.7,41.0,-45.2,-3.5,0,0.1,4129.54,4125.15,,,BUY,USD,1,1,1583663
D#1702677,XAUUSD,100,288230376154288742,288230376152982458,288230376163639766,288230376163630416,1778,2026-06-23T10:12:42.000Z,2026-06-23T10:42:20.000Z,84.4,-85.80000000000001,77.4,-7,0,0.2,4129.31,4125.31,4135.42,4123.42,SELL,USD,1,1,1583663
D#1702503,XAUUSD,100,288230376154288775,288230376152982176,288230376163639888,288230376163626562,2514,2026-06-23T10:00:42.000Z,2026-06-23T10:42:36.000Z,13.55,-13.9,11.79,-1.76,0,0.05,4127.78,4125.29,,,SELL,USD,1,1,1583663
D#1589409,XAUUSD,100,288230376154288781,288230376152982540,288230376163639912,288230376163631502,1595,2026-06-23T10:16:06.000Z,2026-06-23T10:42:41.000Z,-157.5,155.4,-168.0,-10.5,0,0.3,4130.42,4124.95,,4134.14,BUY,USD,1,1,1583663
D#1645671,XAUUSD,100,288230376154288873,288230376152983259,288230376163640673,288230376163640258,80,2026-06-23T10:43:47.000Z,2026-06-23T10:45:07.000Z,-11.12,10.559999999999999,-13.92,-2.8,0,0.08,4127.4,4125.79,4125.95,4138.79,BUY,USD,1,1,1583663
D#1702416,XAUUSD,100,288230376154288899,288230376152983285,288230376163640884,288230376163640622,44,2026-06-23T10:44:55.000Z,2026-06-23T10:45:39.000Z,50.4,-52.5,39.9,-10.5,0,0.3,4126.88,4125.42,,,SELL,USD,1,1,1583663
D#1702665,XAUUSD,100,288230376154288909,288230376152983310,288230376163640865,288230376163640861,19,2026-06-23T10:45:36.000Z,2026-06-23T10:45:55.000Z,4.2,-4.9,0.7,-3.5,0,0.1,4125.56,4125.36,4126.13,4125.18,SELL,USD,1,1,1583663
D#1702576,XAUUSD,100,288230376154288956,288230376152982807,288230376163636031,288230376163635269,1099,2026-06-23T10:28:21.000Z,2026-06-23T10:46:40.000Z,-30.6,30.25,-32.36,-1.76,0,0.05,4130.44,4124.1,4124.07,4176.89,BUY,USD,1,1,1583663
D#1702668,XAUUSD,100,288230376154289107,288230376152983406,288230376163641884,288230376163641882,14,2026-06-23T10:48:34.000Z,2026-06-23T10:48:48.000Z,-11.4,10.700000000000001,-14.9,-3.5,0,0.1,4124.44,4125.8,4125.85,4121.82,SELL,USD,1,1,1583663
D#1702416,XAUUSD,100,288230376154289217,288230376152983454,288230376163642499,288230376163642482,4,2026-06-23T10:50:21.000Z,2026-06-23T10:50:25.000Z,6.9,-9.0,-3.6,-10.5,0,0.3,4124.48,4124.49,,,BUY,USD,1,1,1583663
D#1702416,XAUUSD,100,288230376154289258,288230376152983469,288230376163642721,288230376163642660,8,2026-06-23T10:50:56.000Z,2026-06-23T10:51:04.000Z,39.3,-41.4,28.8,-10.5,0,0.3,4123.81,4122.72,,,SELL,USD,1,1,1583663
D#1702740,XAUUSD,100,288230376154289321,288230376152982247,288230376163642870,288230376163627274,2927,2026-06-23T10:02:37.000Z,2026-06-23T10:51:24.000Z,-35.15,34.8,-36.91,-1.76,0,0.05,4129.6,4122.35,,,BUY,USD,1,1,1583663
D#1702531,XAUUSD,100,288230376154289480,288230376152983457,288230376163643458,288230376163642526,132,2026-06-23T10:50:31.000Z,2026-06-23T10:52:43.000Z,20.8,-22.2,13.8,-7,0,0.2,4124.9,4124.08,,4120.48,SELL,USD,1,1,1583663
D#1702476,XAUUSD,100,288230376154289493,288230376152983201,288230376163643503,288230376163639630,651,2026-06-23T10:41:59.000Z,2026-06-23T10:52:50.000Z,40.86,-42.12,34.56,-6.3,0,0.18,4126.81,4124.76,,,SELL,USD,1,1,1583663
D#1702337,XAUUSD,100,288230376154289664,288230376152982585,288230376163644098,288230376163632144,2178,2026-06-23T10:18:09.000Z,2026-06-23T10:54:27.000Z,269.1,-272.25,253.34,-15.76,0,0.45,4129.55,4123.79,,,SELL,USD,1,1,1583663
D#1670964,XAUUSD,100,288230376154289941,288230376152983155,288230376163638907,288230376163638511,1046,2026-06-23T10:39:07.000Z,2026-06-23T10:56:33.000Z,123.36,-124.48,117.76,-5.6,0,0.16,4129.05,4121.56,4132.26,4121.66,SELL,USD,1,1,1583663
D#1645671,XAUUSD,100,288230376154289949,288230376152983421,288230376163644518,288230376163642056,451,2026-06-23T10:49:02.000Z,2026-06-23T10:56:33.000Z,-31.84,31.28,-34.64,-2.8,0,0.08,4125.62,4121.42,4122.05,4139.97,BUY,USD,1,1,1583663
D#1702697,XAUUSD,100,288230376154290031,288230376152983444,288230376163642681,288230376163642281,448,2026-06-23T10:49:42.000Z,2026-06-23T10:57:10.000Z,-30.5,29.8,-34.0,-3.5,0,0.1,4124.32,4121.05,4121.18,4135.32,BUY,USD,1,1,1583663
D#1702639,XAUUSD,100,288230376154290048,288230376152982838,288230376163636621,288230376163635718,1641,2026-06-23T10:29:55.000Z,2026-06-23T10:57:16.000Z,19.48,-19.62,18.78,-0.7,0,0.02,4130.5,4120.98,4133.35,4120.9,SELL,USD,1,1,1583663
D#1670935,XAUUSD,100,288230376154290267,288230376152982414,288230376163646509,288230376163629721,3009,2026-06-23T10:10:15.000Z,2026-06-23T11:00:24.000Z,35.05,-35.4,33.29,-1.76,0,0.05,4128.06,4121.27,,,SELL,USD,1,1,1583663
D#1702416,XAUUSD,100,288230376154290270,288230376152983922,288230376163646529,288230376163646428,14,2026-06-23T11:00:12.000Z,2026-06-23T11:00:26.000Z,6.9,-9.0,-3.6,-10.5,0,0.3,4121.15,4121.14,,,SELL,USD,1,1,1583663
D#1702567,XAUUSD,100,288230376154290278,288230376152982672,288230376163646576,288230376163633425,2308,2026-06-23T10:22:06.000Z,2026-06-23T11:00:34.000Z,-111.2,110.5,-114.7,-3.5,0,0.1,4131.25,4119.91,,4142.01,BUY,USD,1,1,1583663
D#1702677,XAUUSD,100,288230376154290354,288230376152983387,288230376163641640,288230376163641637,831,2026-06-23T10:47:50.000Z,2026-06-23T11:01:41.000Z,-102.2,100.8,-109.2,-7,0,0.2,4124.3,4118.97,4119.14,4130.14,BUY,USD,1,1,1583663
D#1670916,XAUUSD,100,288230376154290363,288230376152982331,288230376163628674,288230376163628506,3328,2026-06-23T10:06:16.000Z,2026-06-23T11:01:44.000Z,94.15,-94.64,91.69,-2.46,0,0.07,4131.27,4118.04,4131,4118,SELL,USD,1,1,1583663
D#1702416,XAUUSD,100,288230376154290378,288230376152983986,288230376163647061,288230376163647033,5,2026-06-23T11:01:48.000Z,2026-06-23T11:01:53.000Z,22.2,-24.3,11.7,-10.5,0,0.3,4118.47,4118.99,,,BUY,USD,1,1,1583663
D#1671050,XAUUSD,100,288230376154290503,288230376152983191,288230376163647904,288230376163639409,1398,2026-06-23T10:41:10.000Z,2026-06-23T11:04:28.000Z,95.55,-96.95,88.54,-7.01,0,0.2,4128.41,4119.99,4127.19,4112.88,SELL,USD,1,1,1583663
D#1702668,XAUUSD,100,288230376154290617,288230376152983723,288230376163644529,288230376163644528,676,2026-06-23T10:55:21.000Z,2026-06-23T11:06:37.000Z,-4.38,3.96,-6.48,-2.1,0,0.06,4122.36,4123.31,4122.64,4110.28,SELL,USD,1,1,1583663
D#1702665,XAUUSD,100,288230376154290642,288230376152983391,288230376163641676,288230376163641675,1129,2026-06-23T10:47:59.000Z,2026-06-23T11:06:48.000Z,0.3,-1.0,-3.2,-3.5,0,0.1,4124.56,4124.75,4124.67,4117.19,SELL,USD,1,1,1583663
D#1702660,XAUUSD,100,288230376154290641,288230376152983784,288230376163645121,288230376163645026,619,2026-06-23T10:56:29.000Z,2026-06-23T11:06:48.000Z,-24,23.3,-27.5,-3.5,0,0.1,4122.13,4124.75,4124.77,4112.01,SELL,USD,1,1,1583663
D#1702337,XAUUSD,100,288230376154290648,288230376152983864,288230376163648723,288230376163645726,523,2026-06-23T10:58:07.000Z,2026-06-23T11:06:50.000Z,195.75,-198.9,179.99,-15.76,0,0.45,4121.18,4125.31,,,BUY,USD,1,1,1583663
D#1702503,XAUUSD,100,288230376154290647,288230376152984033,288230376163648721,288230376163647557,205,2026-06-23T11:03:25.000Z,2026-06-23T11:06:50.000Z,29.75,-30.1,27.99,-1.76,0,0.05,4119.58,4125.31,,,BUY,USD,1,1,1583663
D#1702354,XAUUSD,100,288230376154290650,288230376152983932,288230376163646588,288230376163646505,387,2026-06-23T11:00:24.000Z,2026-06-23T11:06:51.000Z,-41.9,41.199999999999996,-45.4,-3.5,0,0.1,4121.09,4125.5,4125.33,4110.86,SELL,USD,1,1,1583663
D#1702567,XAUUSD,100,288230376154290652,288230376152983942,288230376163648729,288230376163646608,373,2026-06-23T11:00:38.000Z,2026-06-23T11:06:51.000Z,-56.1,55.4,-59.6,-3.5,0,0.1,4119.21,4125.04,,4109.18,SELL,USD,1,1,1583663
D#1702624,XAUUSD,100,288230376154290654,288230376152984095,288230376163648733,288230376163648405,50,2026-06-23T11:06:02.000Z,2026-06-23T11:06:52.000Z,95.2,-96.60000000000001,88.2,-7,0,0.2,4120.28,4124.82,4118,4127.89,BUY,USD,1,1,1583663
D#1670935,XAUUSD,100,288230376154290738,288230376152983947,288230376163649196,288230376163646654,440,2026-06-23T11:00:45.000Z,2026-06-23T11:08:05.000Z,63.3,-64.0,59.8,-3.5,0,0.1,4119.7,4125.81,3983.65,,BUY,USD,1,1,1583663
D#1702416,XAUUSD,100,288230376154290751,288230376152984068,288230376163649254,288230376163648115,184,2026-06-23T11:05:08.000Z,2026-06-23T11:08:12.000Z,-212.7,210.6,-223.2,-10.5,0,0.3,4118.56,4125.87,,,SELL,USD,1,1,1583663
D#1702476,XAUUSD,100,288230376154290800,288230376152983594,288230376163649531,288230376163643541,958,2026-06-23T10:52:56.000Z,2026-06-23T11:08:54.000Z,-5.8,5.1,-9.3,-3.5,0,0.1,4124.42,4125.22,,,SELL,USD,1,1,1583663
D#1702476,XAUUSD,100,288230376154290850,288230376152984202,288230376163649820,288230376163649542,43,2026-06-23T11:08:56.000Z,2026-06-23T11:09:39.000Z,13,-13.7,9.5,-3.5,0,0.1,4125.17,4126.25,,,BUY,USD,1,1,1583663
D#1702677,XAUUSD,100,288230376154290880,288230376152984111,288230376163648552,288230376163648548,210,2026-06-23T11:06:22.000Z,2026-06-23T11:09:52.000Z,120.8,-122.2,113.8,-7,0,0.2,4120.87,4126.69,4115.79,4126.79,BUY,USD,1,1,1583663
D#1702476,XAUUSD,100,288230376154290910,288230376152984248,288230376163650116,288230376163649958,22,2026-06-23T11:10:01.000Z,2026-06-23T11:10:23.000Z,8.9,-9.6,5.4,-3.5,0,0.1,4126.19,4126.86,,,BUY,USD,1,1,1583663
D#1702416,XAUUSD,100,288230376154290994,288230376152984308,288230376163650624,288230376163650493,24,2026-06-23T11:11:36.000Z,2026-06-23T11:12:00.000Z,-70.5,67.0,-88.0,-17.5,0,0.5,4125.18,4126.81,,,SELL,USD,1,1,1583663
D#1702416,XAUUSD,100,288230376154291014,288230376152984325,288230376163650766,288230376163650692,14,2026-06-23T11:12:14.000Z,2026-06-23T11:12:28.000Z,32.5,-36.0,15.0,-17.5,0,0.5,4127.08,4127.51,,,BUY,USD,1,1,1583663
D#1702692,XAUUSD,100,288230376154291017,288230376152984304,288230376163650796,288230376163650447,70,2026-06-23T11:11:24.000Z,2026-06-23T11:12:34.000Z,1.16,-1.23,0.8,-0.36,0,0.01,4126.13,4127.07,,,BUY,USD,1,1,1583663
D#1702416,XAUUSD,100,288230376154291057,288230376152984351,288230376163650987,288230376163650932,11,2026-06-23T11:12:58.000Z,2026-06-23T11:13:09.000Z,20.5,-24.0,3.0,-17.5,0,0.5,4127.83,4127.64,,,SELL,USD,1,1,1583663
D#1702476,XAUUSD,100,288230376154291081,288230376152984273,288230376163651051,288230376163650182,161,2026-06-23T11:10:36.000Z,2026-06-23T11:13:17.000Z,20.3,-21.0,16.8,-3.5,0,0.1,4126.58,4128.39,,,BUY,USD,1,1,1583663
D#1702416,XAUUSD,100,288230376154291121,288230376152984363,288230376163651291,288230376163651066,46,2026-06-23T11:13:20.000Z,2026-06-23T11:14:06.000Z,-40,36.5,-57.5,-17.5,0,0.5,4128.62,4127.6,,,BUY,USD,1,1,1583663
D#1645671,XAUUSD,100,288230376154291205,288230376152983916,288230376163651541,288230376163646385,926,2026-06-23T11:00:04.000Z,2026-06-23T11:15:30.000Z,60.08,-60.64,57.28,-2.8,0,0.08,4120.41,4127.7,4127.98,4135.13,BUY,USD,1,1,1583663
D#1702416,XAUUSD,100,288230376154291214,288230376152984427,288230376163651758,288230376163651659,20,2026-06-23T11:15:17.000Z,2026-06-23T11:15:37.000Z,57,-60.5,39.5,-17.5,0,0.5,4128.12,4127.2,,,SELL,USD,1,1,1583663
D#1702433,XAUUSD,100,288230376154291225,288230376152984356,288230376163651828,288230376163650952,171,2026-06-23T11:13:03.000Z,2026-06-23T11:15:54.000Z,50.5,-54.0,33.0,-17.5,0,0.5,4127.81,4127.02,,,SELL,USD,1,1,1583663
D#1702365,XAUUSD,100,288230376154291239,288230376152984316,288230376163651907,288230376163650544,263,2026-06-23T11:11:45.000Z,2026-06-23T11:16:08.000Z,-3.64,3.5,-4.34,-0.7,0,0.02,4125.17,4127.21,4130.15,4114.61,SELL,USD,1,1,1583663
D#1702365,XAUUSD,100,288230376154291254,288230376152984452,288230376163652036,288230376163651952,17,2026-06-23T11:16:18.000Z,2026-06-23T11:16:35.000Z,14.5,-18.0,-3.0,-17.5,0,0.5,4127.47,4127.54,,,BUY,USD,1,1,1583663
D#1702365,XAUUSD,100,288230376154291265,288230376152984460,288230376163652101,288230376163652047,9,2026-06-23T11:16:38.000Z,2026-06-23T11:16:47.000Z,4.5,-8.0,-13.0,-17.5,0,0.5,4127.68,4127.55,,,BUY,USD,1,1,1583663
D#1702476,XAUUSD,100,288230376154291268,288230376152984382,288230376163652121,288230376163651275,169,2026-06-23T11:14:02.000Z,2026-06-23T11:16:51.000Z,-5.6,4.8999999999999995,-9.1,-3.5,0,0.1,4128.28,4127.5,,,BUY,USD,1,1,1583663
D#1702417,XAUUSD,100,288230376154291297,288230376152984451,288230376163652229,288230376163651950,52,2026-06-23T11:16:18.000Z,2026-06-23T11:17:10.000Z,-0.14,0.07,-0.5,-0.36,0,0.01,4127.23,4127.59,,,SELL,USD,1,1,1583663
D#1702416,XAUUSD,100,288230376154291345,288230376152984444,288230376163652388,288230376163651883,88,2026-06-23T11:16:05.000Z,2026-06-23T11:17:33.000Z,57,-60.5,39.5,-17.5,0,0.5,4127.32,4126.4,,,SELL,USD,1,1,1583663
D#1702417,XAUUSD,100,288230376154291381,288230376152984491,288230376163652502,288230376163652274,32,2026-06-23T11:17:17.000Z,2026-06-23T11:17:49.000Z,22.7,-23.4,19.2,-3.5,0,0.1,4127.96,4125.91,,,SELL,USD,1,1,1583663
D#1702476,XAUUSD,100,288230376154291525,288230376152984471,288230376163653125,288230376163652133,155,2026-06-23T11:16:54.000Z,2026-06-23T11:19:29.000Z,-2.5,1.7999999999999998,-6.0,-3.5,0,0.1,4127.68,4127.21,,,BUY,USD,1,1,1583663
D#1645671,XAUUSD,100,288230376154291665,288230376152984567,288230376163653552,288230376163652843,103,2026-06-23T11:18:41.000Z,2026-06-23T11:20:24.000Z,-10.32,9.76,-13.12,-2.8,0,0.08,4126.2,4127.71,,,SELL,USD,1,1,1583663
D#1702416,XAUUSD,100,288230376154291700,288230376152984596,288230376163653671,288230376163653066,81,2026-06-23T11:19:19.000Z,2026-06-23T11:20:40.000Z,105.5,-109.0,88.0,-17.5,0,0.5,4127.01,4125.12,,,SELL,USD,1,1,1583663
D#1702668,XAUUSD,100,288230376154291737,288230376152984447,288230376163651895,288230376163651893,289,2026-06-23T11:16:07.000Z,2026-06-23T11:20:56.000Z,-11.6,10.9,-15.1,-3.5,0,0.1,4127.21,4128.59,4128.58,4120.55,SELL,USD,1,1,1583663
D#1702354,XAUUSD,100,288230376154291767,288230376152984257,288230376163650109,288230376163650011,649,2026-06-23T11:10:09.000Z,2026-06-23T11:20:58.000Z,-33.4,32.699999999999996,-36.9,-3.5,0,0.1,4126.32,4129.88,4130.16,4115.6,SELL,USD,1,1,1583663
D#1671050,XAUUSD,100,288230376154291782,288230376152984526,288230376163652605,288230376163652475,194,2026-06-23T11:17:45.000Z,2026-06-23T11:20:59.000Z,-33,31.6,-40.0,-7,0,0.2,4126.46,4131.53,4131,4121,SELL,USD,1,1,1583663
D#1702483,XAUUSD,100,288230376154291821,288230376152983814,288230376163645700,288230376163645211,1452,2026-06-23T10:56:52.000Z,2026-06-23T11:21:04.000Z,106.26,-107.03,102.4,-3.86,0,0.11,4122.09,4131.53,,4132,BUY,USD,1,1,1583663
D#1702677,XAUUSD,100,288230376154291816,288230376152984561,288230376163652802,288230376163652800,152,2026-06-23T11:18:32.000Z,2026-06-23T11:21:04.000Z,-106.4,105.0,-113.4,-7,0,0.2,4126.55,4132.09,4131.57,4120.57,SELL,USD,1,1,1583663
D#1702417,XAUUSD,100,288230376154291835,288230376152984539,288230376163653925,288230376163652593,189,2026-06-23T11:18:01.000Z,2026-06-23T11:21:10.000Z,-191.76,188.19,-209.62,-17.86,0,0.51,4125.48,4129.46,,4122.37,SELL,USD,1,1,1583663
D#1702433,XAUUSD,100,288230376154291847,288230376152984685,288230376163653935,288230376163653729,23,2026-06-23T11:20:48.000Z,2026-06-23T11:21:11.000Z,-179.5,176.0,-197.0,-17.5,0,0.5,4124.91,4128.72,,,SELL,USD,1,1,1583663
D#1702405,XAUUSD,100,288230376154292125,288230376152984746,288230376163655281,288230376163654218,160,2026-06-23T11:21:55.000Z,2026-06-23T11:24:35.000Z,5.64,-5.92,4.24,-1.4,0,0.04,4127.57,4128.76,4115.02,4138.34,BUY,USD,1,1,1583663
D#1702416,XAUUSD,100,288230376154292296,288230376152984911,288230376163656220,288230376163655685,106,2026-06-23T11:25:37.000Z,2026-06-23T11:27:23.000Z,55.5,-59.0,38.0,-17.5,0,0.5,4128.58,4127.69,,,SELL,USD,1,1,1583663
D#1702675,XAUUSD,100,288230376154292316,288230376152984871,288230376163656313,288230376163655330,181,2026-06-23T11:24:40.000Z,2026-06-23T11:27:41.000Z,27.7,-28.4,24.2,-3.5,0,0.1,4129.16,4126.61,,,SELL,USD,1,1,1583663
D#1702677,XAUUSD,100,288230376154292337,288230376152984928,288230376163656429,288230376163655902,95,2026-06-23T11:26:23.000Z,2026-06-23T11:27:58.000Z,44,-45.4,37.0,-7,0,0.2,4128.77,4126.79,4133.85,4122.85,SELL,USD,1,1,1583663
D#1702697,XAUUSD,100,288230376154292414,288230376152984011,288230376163647376,288230376163647289,1621,2026-06-23T11:02:37.000Z,2026-06-23T11:29:38.000Z,75.6,-76.3,72.1,-3.5,0,0.1,4118.01,4125.35,4125.43,4132.9,BUY,USD,1,1,1583663
D#1702668,XAUUSD,100,288230376154292437,288230376152984972,288230376163656351,288230376163656349,136,2026-06-23T11:27:44.000Z,2026-06-23T11:30:00.000Z,-4.5,4.08,-6.6,-2.1,0,0.06,4126.45,4127.42,4127.14,4119.46,SELL,USD,1,1,1583663
D#1671050,XAUUSD,100,288230376154292578,288230376152984731,288230376163654152,288230376163654022,654,2026-06-23T11:21:24.000Z,2026-06-23T11:32:18.000Z,20.6,-22.0,13.59,-7.01,0,0.2,4127.5,4128.85,4128.71,4122.59,SELL,USD,1,1,1583663
D#1702668,XAUUSD,100,288230376154292582,288230376152985041,288230376163657860,288230376163657121,131,2026-06-23T11:30:09.000Z,2026-06-23T11:32:20.000Z,-15.3,14.88,-17.4,-2.1,0,0.06,4126.16,4128.93,,,SELL,USD,1,1,1583663
D#1702675,XAUUSD,100,288230376154292624,288230376152985125,288230376163658189,288230376163658074,18,2026-06-23T11:32:59.000Z,2026-06-23T11:33:17.000Z,13.1,-13.799999999999999,9.6,-3.5,0,0.1,4127.18,4128.27,,,BUY,USD,1,1,1583663
D#1670964,XAUUSD,100,288230376154292681,288230376152984873,288230376163655355,288230376163655350,575,2026-06-23T11:24:44.000Z,2026-06-23T11:34:19.000Z,-46.9,46.199999999999996,-50.4,-3.5,0,0.1,4129.27,4124.36,4124.61,4140.16,BUY,USD,1,1,1583663
D#1702503,XAUUSD,100,288230376154292718,288230376152985149,288230376163658652,288230376163658435,41,2026-06-23T11:34:01.000Z,2026-06-23T11:34:42.000Z,12.1,-12.45,10.34,-1.76,0,0.05,4126.51,4124.31,,,SELL,USD,1,1,1583663
D#1670916,XAUUSD,100,288230376154292740,288230376152984667,288230376163653726,288230376163653545,887,2026-06-23T11:20:23.000Z,2026-06-23T11:35:10.000Z,33.32,-33.81,30.86,-2.46,0,0.07,4127.44,4122.9,4135,4123.5,SELL,USD,1,1,1583663
D#1702675,XAUUSD,100,288230376154292772,288230376152985195,288230376163659011,288230376163658991,5,2026-06-23T11:35:48.000Z,2026-06-23T11:35:53.000Z,11.1,-11.799999999999999,7.6,-3.5,0,0.1,4124.22,4125.11,,,BUY,USD,1,1,1583663
D#1702416,XAUUSD,100,288230376154292776,288230376152985183,288230376163659032,288230376163658813,43,2026-06-23T11:35:13.000Z,2026-06-23T11:35:56.000Z,19,-22.5,1.5,-17.5,0,0.5,4123.22,4123.06,,,SELL,USD,1,1,1583663
D#1702699,XAUUSD,100,288230376154292863,288230376152985164,288230376163659475,288230376163658611,169,2026-06-23T11:34:33.000Z,2026-06-23T11:37:22.000Z,92.7,-94.8,82.2,-10.5,0,0.3,4123.95,4121.08,,,SELL,USD,1,1,1583663
D#1702466,XAUUSD,100,288230376154292873,288230376152985075,288230376163658032,288230376163657528,369,2026-06-23T11:31:18.000Z,2026-06-23T11:37:27.000Z,109.4,-110.80000000000001,102.4,-7,0,0.2,4125.82,4120.57,,4120.5,SELL,USD,1,1,1583663
D#1670935,XAUUSD,100,288230376154292877,288230376152984181,288230376163659519,288230376163649379,1738,2026-06-23T11:08:30.000Z,2026-06-23T11:37:28.000Z,44.2,-44.900000000000006,40.7,-3.5,0,0.1,4124.96,4120.76,4388.41,,SELL,USD,1,1,1583663
D#1702503,XAUUSD,100,288230376154292981,288230376152985235,288230376163659990,288230376163659370,101,2026-06-23T11:37:03.000Z,2026-06-23T11:38:44.000Z,16.5,-16.85,14.74,-1.76,0,0.05,4121.5,4124.58,,,BUY,USD,1,1,1583663
D#1671050,XAUUSD,100,288230376154293066,288230376152985225,288230376163660403,288230376163658680,207,2026-06-23T11:36:27.000Z,2026-06-23T11:39:54.000Z,63.32,-64.72,56.32,-7,0,0.2,4122.11,4125.74,4115,4145,BUY,USD,1,1,1583663
D#1702466,XAUUSD,100,288230376154293082,288230376152985335,288230376163660555,288230376163660456,18,2026-06-23T11:40:04.000Z,2026-06-23T11:40:22.000Z,-23.8,23.1,-27.3,-3.5,0,0.1,4125.98,4123.38,,,BUY,USD,1,1,1583663
D#1702520,XAUUSD,100,288230376154293191,288230376152985295,288230376163660050,288230376163659977,235,2026-06-23T11:38:41.000Z,2026-06-23T11:42:36.000Z,107.8,-110.25,95.54,-12.26,0,0.35,4124.27,4121.41,,4121.31,SELL,USD,1,1,1583663
D#1702466,XAUUSD,100,288230376154293227,288230376152985383,288230376163661186,288230376163661036,98,2026-06-23T11:41:47.000Z,2026-06-23T11:43:25.000Z,-25.7,25.0,-29.2,-3.5,0,0.1,4122.91,4120.12,4120.27,4135.8,BUY,USD,1,1,1583663
D#1614622,XAUUSD,100,288230376154293245,288230376152984266,288230376163650750,288230376163650105,2000,2026-06-23T11:10:22.000Z,2026-06-23T11:43:42.000Z,-36.05,35.699999999999996,-37.81,-1.76,0,0.05,4126.9,4119.47,4119.6,4150.48,BUY,USD,1,1,1583663
D#1702677,XAUUSD,100,288230376154293246,288230376152985170,288230376163658686,288230376163658684,535,2026-06-23T11:34:47.000Z,2026-06-23T11:43:42.000Z,-101.4,100.0,-108.4,-7,0,0.2,4124.7,4119.41,4119.58,4130.84,BUY,USD,1,1,1583663
D#1645671,XAUUSD,100,288230376154293269,288230376152984859,288230376163661585,288230376163655224,1168,2026-06-23T11:24:26.000Z,2026-06-23T11:43:54.000Z,61.12,-61.68,58.32,-2.8,0,0.08,4128.39,4120.97,4120.69,4114.18,SELL,USD,1,1,1583663
D#1702405,XAUUSD,100,288230376154293283,288230376152985441,288230376163661837,288230376163661823,3,2026-06-23T11:44:09.000Z,2026-06-23T11:44:12.000Z,-0.4,0.12,-1.8,-1.4,0,0.04,4121.33,4121.01,,,BUY,USD,1,1,1583663
D#1702355,XAUUSD,100,288230376154293630,288230376152985568,288230376163663913,288230376163663438,85,2026-06-23T11:49:11.000Z,2026-06-23T11:50:36.000Z,-30,29.16,-34.2,-4.2,0,0.12,4119.76,4122.48,,,SELL,USD,1,1,1583663
D#1702503,XAUUSD,100,288230376154293660,288230376152985419,288230376163664136,288230376163661566,473,2026-06-23T11:43:23.000Z,2026-06-23T11:51:16.000Z,12.05,-12.4,10.29,-1.76,0,0.05,4120.55,4122.74,,,BUY,USD,1,1,1583663
D#1671090,XAUUSD,100,288230376154293764,288230376152985650,288230376163664514,288230376163664343,33,2026-06-23T11:51:48.000Z,2026-06-23T11:52:21.000Z,-89,85.5,-106.5,-17.5,0,0.5,4119.41,4121.41,,,SELL,USD,1,1,1583663
D#1702623,XAUUSD,100,288230376154293788,288230376152985649,288230376163664398,288230376163664334,58,2026-06-23T11:51:47.000Z,2026-06-23T11:52:45.000Z,114,-116.8,100.0,-14,0,0.4,4119.25,4121.88,4119.31,4121.99,BUY,USD,1,1,1583663
D#1702665,XAUUSD,100,288230376154293821,288230376152985483,288230376163662303,288230376163662301,459,2026-06-23T11:45:30.000Z,2026-06-23T11:53:09.000Z,-48.4,47.0,-55.4,-7,0,0.2,4121.29,4123.93,4123.56,4116.06,SELL,USD,1,1,1583663
D#1645671,XAUUSD,100,288230376154293871,288230376152985526,288230376163664656,288230376163663040,367,2026-06-23T11:48:00.000Z,2026-06-23T11:54:07.000Z,14.8,-15.360000000000001,12.0,-2.8,0,0.08,4118.99,4120.62,4120.72,4132.36,BUY,USD,1,1,1583663
D#1670882,XAUUSD,100,288230376154293984,288230376152985688,288230376163664681,288230376163664677,200,2026-06-23T11:52:51.000Z,2026-06-23T11:56:11.000Z,28.7,-29.4,25.2,-3.5,0,0.1,4122.7,4120.05,4135,4120,SELL,USD,1,1,1583663
D#1702623,XAUUSD,100,288230376154294070,288230376152985786,288230376163665917,288230376163665779,57,2026-06-23T11:56:04.000Z,2026-06-23T11:57:01.000Z,102.8,-105.6,88.8,-14,0,0.4,4120.77,4123.12,4120.97,4123.2,BUY,USD,1,1,1583663
D#1670964,XAUUSD,100,288230376154294182,288230376152985303,288230376163666595,288230376163659423,1169,2026-06-23T11:38:52.000Z,2026-06-23T11:58:21.000Z,0.84,-1.82,-4.06,-4.9,0,0.14,4125.29,4125.45,4128.94,4116.82,SELL,USD,1,1,1583663
D#1702489,XAUUSD,100,288230376154294244,288230376152985022,288230376163667015,288230376163656910,1818,2026-06-23T11:29:28.000Z,2026-06-23T11:59:46.000Z,49.2,-50.6,42.2,-7,0,0.2,4125.52,4123.28,,,SELL,USD,1,1,1583663
D#1702354,XAUUSD,100,288230376154294292,288230376152985038,288230376163657194,288230376163657102,1839,2026-06-23T11:30:06.000Z,2026-06-23T12:00:45.000Z,-1.1,0.4,-4.6,-3.5,0,0.1,4126.5,4126.83,4126.44,4116.31,SELL,USD,1,1,1583663
D#1702677,XAUUSD,100,288230376154294297,288230376152985508,288230376163666227,288230376163662758,824,2026-06-23T11:47:01.000Z,2026-06-23T12:00:45.000Z,131.2,-132.6,124.2,-7,0,0.2,4120.52,4126.86,4115.09,4126.66,BUY,USD,1,1,1583663
D#1702675,XAUUSD,100,288230376154294311,288230376152985199,288230376163667389,288230376163659037,1491,2026-06-23T11:35:57.000Z,2026-06-23T12:00:48.000Z,44,-44.7,40.5,-3.5,0,0.1,4122.82,4127,,,BUY,USD,1,1,1583663
D#1702531,XAUUSD,100,288230376154294485,288230376152985716,288230376163668537,288230376163664860,655,2026-06-23T11:53:15.000Z,2026-06-23T12:04:10.000Z,-49.8,48.4,-56.8,-7,0,0.2,4123.03,4125.74,,,SELL,USD,1,1,1583663
D#1702576,XAUUSD,100,288230376154294490,288230376152986027,288230376163668601,288230376163668479,25,2026-06-23T12:04:01.000Z,2026-06-23T12:04:26.000Z,-40.26,35.989999999999995,-61.62,-21.36,0,0.61,4125.47,4124.59,,,BUY,USD,1,1,1583663
D#1702405,XAUUSD,100,288230376154294493,288230376152985625,288230376163668633,288230376163664063,808,2026-06-23T11:51:04.000Z,2026-06-23T12:04:32.000Z,13.95,-14.299999999999999,12.19,-1.76,0,0.05,4122.37,4124.94,4116,4132,BUY,USD,1,1,1583663
D#1702623,XAUUSD,100,288230376154294521,288230376152986042,288230376163668732,288230376163668730,7,2026-06-23T12:04:49.000Z,2026-06-23T12:04:56.000Z,-47.2,44.400000000000006,-61.2,-14,0,0.4,4123.98,4122.58,4122.78,4126.18,BUY,USD,1,1,1583663
D#1702576,XAUUSD,100,288230376154294534,288230376152986033,288230376163668797,288230376163668643,26,2026-06-23T12:04:33.000Z,2026-06-23T12:04:59.000Z,-139.24,135.11,-159.9,-20.66,0,0.59,4125,4122.42,,,BUY,USD,1,1,1583663
D#1670964,XAUUSD,100,288230376154294585,288230376152985883,288230376163669184,288230376163666805,424,2026-06-23T11:59:10.000Z,2026-06-23T12:06:14.000Z,-0.66,-0.10999999999999999,-4.52,-3.86,0,0.11,4123.18,4122.9,4118.58,4133.97,BUY,USD,1,1,1583663
D#1670935,XAUUSD,100,288230376154294589,288230376152985258,288230376163669205,288230376163659599,1718,2026-06-23T11:37:39.000Z,2026-06-23T12:06:17.000Z,27.3,-28.0,23.8,-3.5,0,0.1,4121.03,4123.54,4090.87,,BUY,USD,1,1,1583663
D#1702677,XAUUSD,100,288230376154294594,288230376152986074,288230376163669237,288230376163669109,22,2026-06-23T12:06:01.000Z,2026-06-23T12:06:23.000Z,49,-52.5,31.5,-17.5,0,0.5,4122.88,4123.64,4118.88,,BUY,USD,1,1,1583663
D#1702697,XAUUSD,100,288230376154294723,288230376152985773,288230376163665905,288230376163665563,827,2026-06-23T11:55:23.000Z,2026-06-23T12:09:10.000Z,0,-0.7000000000000001,-3.5,-3.5,0,0.1,4121.63,4121.41,4121.54,4127.83,BUY,USD,1,1,1583663
D#1702576,XAUUSD,100,288230376154294724,288230376152986053,288230376163670110,288230376163668850,241,2026-06-23T12:05:09.000Z,2026-06-23T12:09:10.000Z,-60.9,56.839999999999996,-81.2,-20.3,0,0.58,4122.7,4121.43,,,BUY,USD,1,1,1583663
D#1702354,XAUUSD,100,288230376154294756,288230376152986039,288230376163668805,288230376163668699,297,2026-06-23T12:04:44.000Z,2026-06-23T12:09:41.000Z,-37.5,36.8,-41.0,-3.5,0,0.1,4123.63,4119.66,4119.82,4134.66,BUY,USD,1,1,1583663
D#1670973,XAUUSD,100,288230376154294880,288230376152983872,288230376163645966,288230376163645772,4378,2026-06-23T10:58:15.000Z,2026-06-23T12:11:13.000Z,-30.1,29.400000000000002,-33.6,-3.5,0,0.1,4120.81,4117.58,4117.83,4130.91,BUY,USD,1,1,1583663
D#1702697,XAUUSD,100,288230376154294879,288230376152986174,288230376163670506,288230376163670326,84,2026-06-23T12:09:49.000Z,2026-06-23T12:11:13.000Z,-21.1,20.400000000000002,-24.6,-3.5,0,0.1,4119.91,4117.58,4117.87,4126.45,BUY,USD,1,1,1583663
D#1702745,XAUUSD,100,288230376154294915,288230376152984237,288230376163650027,288230376163649822,3707,2026-06-23T11:09:39.000Z,2026-06-23T12:11:26.000Z,-94,93.3,-97.5,-3.5,0,0.1,4126.38,4116.76,4117.15,4138.07,BUY,USD,1,1,1583663
D#1702691,XAUUSD,100,288230376154294939,288230376152982235,288230376163671002,288230376163627059,7772,2026-06-23T10:02:03.000Z,2026-06-23T12:11:35.000Z,21.12,-21.26,20.42,-0.7,0,0.02,4127.17,4116.83,,,SELL,USD,1,1,1583663
D#1670964,XAUUSD,100,288230376154294950,288230376152986119,288230376163669602,288230376163669476,250,2026-06-23T12:07:31.000Z,2026-06-23T12:11:41.000Z,119.85,-120.89999999999999,114.59,-5.26,0,0.15,4124.05,4116.28,4127.43,4116.14,SELL,USD,1,1,1583663
D#1670972,XAUUSD,100,288230376154294983,288230376152982468,288230376163671137,288230376163630546,7122,2026-06-23T10:13:08.000Z,2026-06-23T12:11:50.000Z,124.2,-124.9,120.7,-3.5,0,0.1,4128.69,4116.49,4148.34,4114.81,SELL,USD,1,1,1583663
D#1671050,XAUUSD,100,288230376154295162,288230376152985376,288230376163661223,288230376163660612,1917,2026-06-23T11:41:30.000Z,2026-06-23T12:13:27.000Z,-164.6,163.2,-171.6,-7,0,0.2,4123.38,4114.93,4115,4133.29,BUY,USD,1,1,1583663
D#1702531,XAUUSD,100,288230376154295179,288230376152986072,288230376163671034,288230376163669084,454,2026-06-23T12:05:56.000Z,2026-06-23T12:13:30.000Z,-161.8,160.4,-168.8,-7,0,0.2,4123.02,4114.71,4114.8,,BUY,USD,1,1,1583663
D#1702617,XAUUSD,100,288230376154295210,288230376152984610,288230376163653688,288230376163653168,3243,2026-06-23T11:19:38.000Z,2026-06-23T12:13:41.000Z,-64.5,64.15,-66.26,-1.76,0,0.05,4127.6,4114.48,4114.57,4149.11,BUY,USD,1,1,1583663
D#1702697,XAUUSD,100,288230376154295209,288230376152986335,288230376163671754,288230376163671610,38,2026-06-23T12:13:03.000Z,2026-06-23T12:13:41.000Z,-26.1,25.400000000000002,-29.6,-3.5,0,0.1,4117.31,4114.48,4114.56,,BUY,USD,1,1,1583663
D#1702355,XAUUSD,100,288230376154295347,288230376152986407,288230376163672331,288230376163672001,40,2026-06-23T12:13:48.000Z,2026-06-23T12:14:28.000Z,20.8,-22.2,13.8,-7,0,0.2,4114.5,4113.68,,,SELL,USD,1,1,1583663
D#1645671,XAUUSD,100,288230376154295349,288230376152985854,288230376163672297,288230376163666561,975,2026-06-23T11:58:14.000Z,2026-06-23T12:14:29.000Z,90.96,-91.52,88.16,-2.8,0,0.08,4125.06,4113.91,4113.8,4111.43,SELL,USD,1,1,1583663
D#1702428,XAUUSD,100,288230376154295446,288230376152983388,288230376163641853,288230376163641639,5245,2026-06-23T10:47:50.000Z,2026-06-23T12:15:15.000Z,118.9,-119.60000000000001,115.4,-3.5,0,0.1,4124.18,4112.51,4133.03,4112.4,SELL,USD,1,1,1583663
D#1702362,XAUUSD,100,288230376154295447,288230376152985204,288230376163659104,288230376163659100,2346,2026-06-23T11:36:09.000Z,2026-06-23T12:15:15.000Z,110.3,-111.0,106.8,-3.5,0,0.1,4123.32,4112.51,,4112.48,SELL,USD,1,1,1583663
D#1702677,XAUUSD,100,288230376154295448,288230376152986178,288230376163670613,288230376163670379,317,2026-06-23T12:09:58.000Z,2026-06-23T12:15:15.000Z,-147.4,146.0,-154.4,-7,0,0.2,4119.93,4112.34,4112.32,4126.07,BUY,USD,1,1,1583663
D#1670935,XAUUSD,100,288230376154295467,288230376152986085,288230376163672749,288230376163669247,534,2026-06-23T12:06:26.000Z,2026-06-23T12:15:20.000Z,117.4,-118.10000000000001,113.9,-3.5,0,0.1,4123.55,4112.03,4374.34,,SELL,USD,1,1,1583663
D#1702476,XAUUSD,100,288230376154295622,288230376152986432,288230376163673399,288230376163672154,166,2026-06-23T12:14:05.000Z,2026-06-23T12:16:51.000Z,-22.2,21.5,-25.7,-3.5,0,0.1,4114.44,4116.88,,,SELL,USD,1,1,1583663
D#1702522,XAUUSD,100,288230376154295659,288230376152986579,288230376163673598,288230376163673285,38,2026-06-23T12:16:36.000Z,2026-06-23T12:17:14.000Z,1.61,-1.6800000000000002,1.25,-0.36,0,0.01,4114.74,4116.13,,,BUY,USD,1,1,1583663
D#1702677,XAUUSD,100,288230376154295693,288230376152986582,288230376163673768,288230376163673317,61,2026-06-23T12:16:40.000Z,2026-06-23T12:17:41.000Z,1.6,-3.0,-5.4,-7,0,0.2,4115.17,4115.31,,,SELL,USD,1,1,1583663
D#1702522,XAUUSD,100,288230376154295751,288230376152986651,288230376163674123,288230376163674000,18,2026-06-23T12:18:13.000Z,2026-06-23T12:18:31.000Z,0.55,-0.6200000000000001,0.19,-0.36,0,0.01,4115.72,4115.39,,,SELL,USD,1,1,1583663
D#1702476,XAUUSD,100,288230376154295825,288230376152986594,288230376163674452,288230376163673420,140,2026-06-23T12:16:53.000Z,2026-06-23T12:19:13.000Z,10.4,-11.1,6.9,-3.5,0,0.1,4116.82,4117.64,,,BUY,USD,1,1,1583663
D#1702476,XAUUSD,100,288230376154295984,288230376152986772,288230376163674937,288230376163674758,20,2026-06-23T12:19:47.000Z,2026-06-23T12:20:07.000Z,-4.8,4.1,-8.3,-3.5,0,0.1,4118.36,4117.66,,,BUY,USD,1,1,1583663
D#1702476,XAUUSD,100,288230376154296051,288230376152986802,288230376163675116,288230376163674949,16,2026-06-23T12:20:09.000Z,2026-06-23T12:20:25.000Z,14.4,-15.1,10.9,-3.5,0,0.1,4117.16,4115.94,,,SELL,USD,1,1,1583663
D#1702476,XAUUSD,100,288230376154296105,288230376152986837,288230376163675222,288230376163675156,5,2026-06-23T12:20:28.000Z,2026-06-23T12:20:33.000Z,21.5,-22.2,18.0,-3.5,0,0.1,4116.36,4114.43,,,SELL,USD,1,1,1583663
D#1702677,XAUUSD,100,288230376154296174,288230376152986648,288230376163675465,288230376163673988,163,2026-06-23T12:18:11.000Z,2026-06-23T12:20:54.000Z,92.5,-96.0,75.0,-17.5,0,0.5,4115.67,4114.04,,,SELL,USD,1,1,1583663
D#1702476,XAUUSD,100,288230376154296183,288230376152986854,288230376163675511,288230376163675262,25,2026-06-23T12:20:35.000Z,2026-06-23T12:21:00.000Z,5.7,-6.4,2.2,-3.5,0,0.1,4114.36,4114.01,,,SELL,USD,1,1,1583663
D#1702623,XAUUSD,100,288230376154296223,288230376152986891,288230376163675554,288230376163675551,11,2026-06-23T12:21:05.000Z,2026-06-23T12:21:16.000Z,-38.8,36.0,-52.8,-14,0,0.4,4114.12,4112.93,4113.1,4116.78,BUY,USD,1,1,1583663
D#1702476,XAUUSD,100,288230376154296245,288230376152986897,288230376163675689,288230376163675601,13,2026-06-23T12:21:11.000Z,2026-06-23T12:21:24.000Z,11.6,-12.299999999999999,8.1,-3.5,0,0.1,4114,4113.06,,,SELL,USD,1,1,1583663
D#1702689,XAUUSD,100,288230376154296306,288230376152981272,288230376163676002,288230376163614148,10992,2026-06-23T09:18:55.000Z,2026-06-23T12:22:07.000Z,-9.66,9.45,-10.72,-1.06,0,0.03,4110.23,4113.67,,,SELL,USD,1,1,1583663
D#1645671,XAUUSD,100,288230376154296439,288230376152986652,288230376163675498,288230376163674002,273,2026-06-23T12:18:14.000Z,2026-06-23T12:22:47.000Z,4.08,-4.640000000000001,1.28,-2.8,0,0.08,4115.72,4115.43,4115.19,4102.17,SELL,USD,1,1,1583663
D#1702665,XAUUSD,100,288230376154296542,288230376152986492,288230376163672584,288230376163672583,541,2026-06-23T12:15:01.000Z,2026-06-23T12:24:02.000Z,-102.4,101.0,-109.4,-7,0,0.2,4114,4119.34,4119.19,4109.19,SELL,USD,1,1,1583663
D#1702534,XAUUSD,100,288230376154296818,288230376152986612,288230376163677802,288230376163673631,528,2026-06-23T12:17:22.000Z,2026-06-23T12:26:10.000Z,11,-11.7,7.5,-3.5,0,0.1,4116.21,4115.33,4124.2,4107.4,SELL,USD,1,1,1583663
D#1702476,XAUUSD,100,288230376154296832,288230376152986943,288230376163677848,288230376163675870,269,2026-06-23T12:21:48.000Z,2026-06-23T12:26:17.000Z,-20.1,19.400000000000002,-23.6,-3.5,0,0.1,4113.76,4115.99,,,SELL,USD,1,1,1583663
D#1702476,XAUUSD,100,288230376154297028,288230376152987268,288230376163679139,288230376163678457,140,2026-06-23T12:27:35.000Z,2026-06-23T12:29:55.000Z,9.9,-10.6,6.4,-3.5,0,0.1,4115.77,4115,,,SELL,USD,1,1,1583663
D#1702476,XAUUSD,100,288230376154297079,288230376152987340,288230376163679428,288230376163679229,29,2026-06-23T12:30:07.000Z,2026-06-23T12:30:36.000Z,-33.4,32.699999999999996,-36.9,-3.5,0,0.1,4114.75,4118.31,,,SELL,USD,1,1,1583663
D#1702476,XAUUSD,100,288230376154297179,288230376152987369,288230376163679753,288230376163679458,39,2026-06-23T12:30:39.000Z,2026-06-23T12:31:18.000Z,10.5,-11.2,7.0,-3.5,0,0.1,4117.96,4118.79,,,BUY,USD,1,1,1583663
D#1702476,XAUUSD,100,288230376154297239,288230376152987433,288230376163679897,288230376163679779,13,2026-06-23T12:31:20.000Z,2026-06-23T12:31:33.000Z,4.4,-5.1000000000000005,0.9,-3.5,0,0.1,4118.98,4119.2,,,BUY,USD,1,1,1583663
D#1614619,XAUUSD,100,288230376154297272,288230376152987314,288230376163679996,288230376163678974,148,2026-06-23T12:29:19.000Z,2026-06-23T12:31:47.000Z,-2.32,2.25,-2.68,-0.36,0,0.01,4115.18,4117.72,,,SELL,USD,1,1,1583663
D#1702677,XAUUSD,100,288230376154297569,288230376152986961,288230376163676089,288230376163676086,705,2026-06-23T12:22:19.000Z,2026-06-23T12:34:04.000Z,-126.2,124.8,-133.2,-7,0,0.2,4113.73,4120.26,4120.09,4107.59,SELL,USD,1,1,1583663
D#1702476,XAUUSD,100,288230376154297584,288230376152987471,288230376163681108,288230376163679982,142,2026-06-23T12:31:45.000Z,2026-06-23T12:34:07.000Z,17.5,-18.2,14.0,-3.5,0,0.1,4118.18,4119.71,,,BUY,USD,1,1,1583663
D#1670955,XAUUSD,100,288230376154297585,288230376152987569,288230376163681112,288230376163680736,46,2026-06-23T12:33:21.000Z,2026-06-23T12:34:07.000Z,87.5,-91.0,70.0,-17.5,0,0.5,4118.05,4119.58,,,BUY,USD,1,1,1583663
D#1702476,XAUUSD,100,288230376154297946,288230376152987631,288230376163682345,288230376163681125,161,2026-06-23T12:34:10.000Z,2026-06-23T12:36:51.000Z,-10.2,9.5,-13.7,-3.5,0,0.1,4119.9,4118.66,,,BUY,USD,1,1,1583663
D#1702476,XAUUSD,100,288230376154298069,288230376152987825,288230376163682788,288230376163682377,54,2026-06-23T12:36:55.000Z,2026-06-23T12:37:49.000Z,-8.2,7.499999999999999,-11.7,-3.5,0,0.1,4118.84,4119.88,,,SELL,USD,1,1,1583663
D#1670955,XAUUSD,100,288230376154298092,288230376152987691,288230376163682884,288230376163681498,183,2026-06-23T12:35:01.000Z,2026-06-23T12:38:04.000Z,-168.5,165.0,-186.0,-17.5,0,0.5,4116.58,4120.17,,,SELL,USD,1,1,1583663
D#1702662,XAUUSD,100,288230376154298110,288230376152987329,288230376163680106,288230376163679162,492,2026-06-23T12:29:59.000Z,2026-06-23T12:38:11.000Z,-85.95,84.9,-91.21,-5.26,0,0.15,4115.07,4121.02,4120.5,4109.6,SELL,USD,1,1,1583663
D#1702476,XAUUSD,100,288230376154298208,288230376152987904,288230376163683277,288230376163682942,42,2026-06-23T12:38:13.000Z,2026-06-23T12:38:55.000Z,-3.2,2.5,-6.7,-3.5,0,0.1,4121.06,4120.52,,,BUY,USD,1,1,1583663
D#1670964,XAUUSD,100,288230376154298225,288230376152987267,288230376163678427,288230376163678425,691,2026-06-23T12:27:31.000Z,2026-06-23T12:39:02.000Z,-50.08,49.519999999999996,-52.88,-2.8,0,0.08,4115.58,4122.06,4121.82,4115.54,SELL,USD,1,1,1583663
D#1671050,XAUUSD,100,288230376154298298,288230376152986520,288230376163683492,288230376163672781,1436,2026-06-23T12:15:24.000Z,2026-06-23T12:39:20.000Z,-303.3,301.2,-313.8,-10.5,0,0.3,4111.99,4122.32,4130,4095.56,SELL,USD,1,1,1583663
D#1702476,XAUUSD,100,288230376154298319,288230376152987963,288230376163683586,288230376163683336,33,2026-06-23T12:39:03.000Z,2026-06-23T12:39:36.000Z,0.2,-0.9000000000000001,-3.3,-3.5,0,0.1,4121.97,4121.77,,,BUY,USD,1,1,1583663
D#1702476,XAUUSD,100,288230376154298386,288230376152988023,288230376163683908,288230376163683754,23,2026-06-23T12:40:01.000Z,2026-06-23T12:40:24.000Z,-15.5,14.8,-19.0,-3.5,0,0.1,4121.82,4120.05,,,BUY,USD,1,1,1583663
D#1702476,XAUUSD,100,288230376154298933,288230376152988044,288230376163685814,288230376163683928,240,2026-06-23T12:40:26.000Z,2026-06-23T12:44:26.000Z,2.5,-3.2,-1.0,-3.5,0,0.1,4119.78,4119.75,,,SELL,USD,1,1,1583663
D#1702476,XAUUSD,100,288230376154299010,288230376152988332,288230376163686048,288230376163685830,28,2026-06-23T12:44:29.000Z,2026-06-23T12:44:57.000Z,-10.7,10.0,-14.2,-3.5,0,0.1,4119.4,4118.11,,,BUY,USD,1,1,1583663
D#1702476,XAUUSD,100,288230376154299055,288230376152988379,288230376163686193,288230376163686067,15,2026-06-23T12:44:58.000Z,2026-06-23T12:45:13.000Z,-3.4,2.6999999999999997,-6.9,-3.5,0,0.1,4117.8,4118.36,,,SELL,USD,1,1,1583663
D#1702476,XAUUSD,100,288230376154299071,288230376152988400,288230376163686244,288230376163686207,4,2026-06-23T12:45:15.000Z,2026-06-23T12:45:19.000Z,-11.6,10.9,-15.1,-3.5,0,0.1,4118.37,4116.99,,,BUY,USD,1,1,1583663
D#1702639,XAUUSD,100,288230376154299161,288230376152988095,288230376163684752,288230376163684247,278,2026-06-23T12:41:11.000Z,2026-06-23T12:45:49.000Z,-111,109.6,-118.0,-7,0,0.2,4121.32,4115.55,4115.72,4133.22,BUY,USD,1,1,1583663
D#1702677,XAUUSD,100,288230376154299380,288230376152988415,288230376163686758,288230376163686305,98,2026-06-23T12:45:23.000Z,2026-06-23T12:47:01.000Z,156.5,-160.0,139.0,-17.5,0,0.5,4116.74,4113.83,4119.85,4113.85,SELL,USD,1,1,1583663
D#1702355,XAUUSD,100,288230376154299412,288230376152988545,288230376163687240,288230376163687137,13,2026-06-23T12:46:58.000Z,2026-06-23T12:47:11.000Z,16.6,-18.0,9.6,-7,0,0.2,4114.74,4114.13,,,SELL,USD,1,1,1583663
D#1702534,XAUUSD,100,288230376154299439,288230376152987758,288230376163687341,288230376163681929,692,2026-06-23T12:35:51.000Z,2026-06-23T12:47:23.000Z,54.3,-55.0,50.8,-3.5,0,0.1,4119.63,4114.42,4135.18,4108.46,SELL,USD,1,1,1583663
D#1702476,XAUUSD,100,288230376154299471,288230376152988409,288230376163687530,288230376163686274,148,2026-06-23T12:45:21.000Z,2026-06-23T12:47:49.000Z,25.7,-26.4,22.2,-3.5,0,0.1,4116.69,4114.34,,,SELL,USD,1,1,1583663
D#1702677,XAUUSD,100,288230376154299650,288230376152988579,288230376163688321,288230376163687359,139,2026-06-23T12:47:26.000Z,2026-06-23T12:49:45.000Z,118,-121.5,100.5,-17.5,0,0.5,4115.25,4117.39,4112.14,4118.14,BUY,USD,1,1,1583663
D#1702719,XAUUSD,100,288230376154299699,288230376152987803,288230376163688484,288230376163682206,816,2026-06-23T12:36:27.000Z,2026-06-23T12:50:03.000Z,44.4,-46.5,33.9,-10.5,0,0.3,4119.37,4118.11,4119.3,4111.82,SELL,USD,1,1,1583663
D#1702476,XAUUSD,100,288230376154299739,288230376152988602,288230376163688591,288230376163687546,144,2026-06-23T12:47:52.000Z,2026-06-23T12:50:16.000Z,-38.5,37.8,-42.0,-3.5,0,0.1,4114.32,4118.39,,,SELL,USD,1,1,1583663
D#1702476,XAUUSD,100,288230376154299767,288230376152988750,288230376163688670,288230376163688615,5,2026-06-23T12:50:19.000Z,2026-06-23T12:50:24.000Z,-3.1,2.4,-6.6,-3.5,0,0.1,4118.1,4117.57,,,BUY,USD,1,1,1583663
D#1702476,XAUUSD,100,288230376154299875,288230376152988767,288230376163689149,288230376163688780,45,2026-06-23T12:50:41.000Z,2026-06-23T12:51:26.000Z,-25.8,25.1,-29.3,-3.5,0,0.1,4116.66,4119.46,,,SELL,USD,1,1,1583663
D#1702677,XAUUSD,100,288230376154299943,288230376152988733,288230376163688728,288230376163688509,109,2026-06-23T12:50:06.000Z,2026-06-23T12:51:55.000Z,-162,158.5,-179.5,-17.5,0,0.5,4118.12,4121.58,4121.23,4115.23,SELL,USD,1,1,1583663
D#1702719,XAUUSD,100,288230376154299955,288230376152988791,288230376163689433,288230376163688983,52,2026-06-23T12:51:08.000Z,2026-06-23T12:52:00.000Z,-122.1,120.0,-132.6,-10.5,0,0.3,4117.51,4121.8,,,SELL,USD,1,1,1583663
D#1702476,XAUUSD,100,288230376154299963,288230376152988817,288230376163689455,288230376163689158,34,2026-06-23T12:51:28.000Z,2026-06-23T12:52:02.000Z,18.1,-18.8,14.6,-3.5,0,0.1,4119.78,4121.37,,,BUY,USD,1,1,1583663
D#1702677,XAUUSD,100,288230376154300219,288230376152988863,288230376163690785,288230376163689504,210,2026-06-23T12:52:08.000Z,2026-06-23T12:55:38.000Z,-58.2,54.0,-79.2,-21,0,0.6,4120.25,4121.44,4123.69,4117.02,SELL,USD,1,1,1583663
D#1645671,XAUUSD,100,288230376154300232,288230376152987910,288230376163687416,288230376163682988,1042,2026-06-23T12:38:20.000Z,2026-06-23T12:55:42.000Z,-2.56,2.0,-5.36,-2.8,0,0.08,4120.9,4120.36,4120.62,4134.83,BUY,USD,1,1,1583663
D#1702476,XAUUSD,100,288230376154300272,288230376152988869,288230376163691022,288230376163689534,238,2026-06-23T12:52:11.000Z,2026-06-23T12:56:09.000Z,-14.2,13.5,-17.7,-3.5,0,0.1,4120.57,4118.93,,,BUY,USD,1,1,1583663
D#1702476,XAUUSD,100,288230376154300306,288230376152989020,288230376163691143,288230376163691048,11,2026-06-23T12:56:14.000Z,2026-06-23T12:56:25.000Z,-17.2,15.799999999999999,-24.2,-7,0,0.2,4119.15,4118.07,,,BUY,USD,1,1,1583663
D#1702476,XAUUSD,100,288230376154300404,288230376152989041,288230376163691521,288230376163691167,48,2026-06-23T12:56:27.000Z,2026-06-23T12:57:15.000Z,3.6,-5.0,-3.4,-7,0,0.2,4117.74,4117.78,,,SELL,USD,1,1,1583663
D#1702476,XAUUSD,100,288230376154300412,288230376152989092,288230376163691626,288230376163691582,9,2026-06-23T12:57:26.000Z,2026-06-23T12:57:35.000Z,8,-9.4,1.0,-7,0,0.2,4117.15,4116.97,,,SELL,USD,1,1,1583663
D#1702476,XAUUSD,100,288230376154300446,288230376152989099,288230376163691746,288230376163691683,9,2026-06-23T12:57:42.000Z,2026-06-23T12:57:51.000Z,14,-15.4,7.0,-7,0,0.2,4116.33,4115.85,,,SELL,USD,1,1,1583663
D#1702476,XAUUSD,100,288230376154300473,288230376152989112,288230376163691837,288230376163691772,11,2026-06-23T12:57:54.000Z,2026-06-23T12:58:05.000Z,9.8,-11.200000000000001,2.8,-7,0,0.2,4115.63,4115.36,,,SELL,USD,1,1,1583663
D#1702639,XAUUSD,100,288230376154300512,288230376152988702,288230376163691905,288230376163688306,508,2026-06-23T12:49:42.000Z,2026-06-23T12:58:10.000Z,-111.5,108.0,-129.0,-17.5,0,0.5,4117.82,4115.37,4113.3,4142.13,BUY,USD,1,1,1583663
D#1702476,XAUUSD,100,288230376154300552,288230376152989134,288230376163692042,288230376163691941,12,2026-06-23T12:58:14.000Z,2026-06-23T12:58:26.000Z,18.4,-19.799999999999997,11.4,-7,0,0.2,4115.53,4114.83,,,SELL,USD,1,1,1583663
D#1702476,XAUUSD,100,288230376154300594,288230376152989162,288230376163692246,288230376163692129,15,2026-06-23T12:58:37.000Z,2026-06-23T12:58:52.000Z,4,-5.4,-3.0,-7,0,0.2,4114.61,4114.63,,,SELL,USD,1,1,1583663
D#1702745,XAUUSD,100,288230376154300704,288230376152987162,288230376163692485,288230376163677547,2020,2026-06-23T12:25:37.000Z,2026-06-23T12:59:17.000Z,-24.5,23.8,-28.0,-3.5,0,0.1,4116.26,4113.59,4110.89,4128,BUY,USD,1,1,1583663
D#1702526,XAUUSD,100,288230376154300846,288230376152985974,288230376163668528,288230376163667830,3494,2026-06-23T12:02:00.000Z,2026-06-23T13:00:14.000Z,-30.54,30.4,-31.24,-0.7,0,0.02,4126.72,4111.23,4111.48,4178.08,BUY,USD,1,1,1583663
D#1702405,XAUUSD,100,288230376154300849,288230376152987960,288230376163683313,288230376163683310,1274,2026-06-23T12:39:00.000Z,2026-06-23T13:00:14.000Z,-51.3,50.949999999999996,-53.06,-1.76,0,0.05,4121.71,4111.23,4111.42,4130.75,BUY,USD,1,1,1583663
D#1670949,XAUUSD,100,288230376154300856,288230376152987999,288230376163692956,288230376163683585,1238,2026-06-23T12:39:36.000Z,2026-06-23T13:00:14.000Z,-162.9,161.85,-168.16,-5.26,0,0.15,4121.91,4110.83,,4149.99,BUY,USD,1,1,1583663
D#1702476,XAUUSD,100,288230376154300883,288230376152989184,288230376163693014,288230376163692339,77,2026-06-23T12:59:03.000Z,2026-06-23T13:00:20.000Z,30.4,-31.799999999999997,23.4,-7,0,0.2,4112.85,4111.55,,,SELL,USD,1,1,1583663
D#1702476,XAUUSD,100,288230376154300942,288230376152989308,288230376163693237,288230376163693035,23,2026-06-23T13:00:23.000Z,2026-06-23T13:00:46.000Z,11.2,-12.6,4.2,-7,0,0.2,4111.68,4111.34,,,SELL,USD,1,1,1583663
D#1589455,XAUUSD,100,288230376154300955,288230376152986773,288230376163674906,288230376163674765,2465,2026-06-23T12:19:49.000Z,2026-06-23T13:00:54.000Z,-76.5,75.8,-80.0,-3.5,0,0.1,4118.38,4110.51,4110.61,4128.84,BUY,USD,1,1,1583663
D#1702476,XAUUSD,100,288230376154301040,288230376152989342,288230376163693495,288230376163693267,27,2026-06-23T13:00:51.000Z,2026-06-23T13:01:18.000Z,18.2,-19.599999999999998,11.2,-7,0,0.2,4110.72,4110.03,,,SELL,USD,1,1,1583663
D#1702515,XAUUSD,100,288230376154301060,288230376152988959,288230376163693544,288230376163690512,384,2026-06-23T12:54:58.000Z,2026-06-23T13:01:22.000Z,195.6,-197.0,188.6,-7,0,0.2,4119.48,4109.92,,4105.52,SELL,USD,1,1,1583663
D#1702654,XAUUSD,100,288230376154301092,288230376152983884,288230376163646732,288230376163646015,7351,2026-06-23T10:58:59.000Z,2026-06-23T13:01:30.000Z,-125.4,124.7,-128.9,-3.5,0,0.1,4121.19,4108.43,4109,4140,BUY,USD,1,1,1583663
D#1702476,XAUUSD,100,288230376154301113,288230376152989395,288230376163693635,288230376163693568,8,2026-06-23T13:01:25.000Z,2026-06-23T13:01:33.000Z,14.2,-15.6,7.2,-7,0,0.2,4109.37,4108.88,,,SELL,USD,1,1,1583663
D#1670949,XAUUSD,100,288230376154301137,288230376152989325,288230376163693721,288230376163693161,65,2026-06-23T13:00:37.000Z,2026-06-23T13:01:42.000Z,52.05,-53.099999999999994,46.79,-5.26,0,0.15,4111.51,4108.26,,4098.77,SELL,USD,1,1,1583663
D#1702385,XAUUSD,100,288230376154301166,288230376152982410,288230376163693848,288230376163629699,10310,2026-06-23T10:10:10.000Z,2026-06-23T13:02:00.000Z,-184.7,184.0,-188.2,-3.5,0,0.1,4128.08,4109.39,,4137.97,BUY,USD,1,1,1583663
D#1702476,XAUUSD,100,288230376154301193,288230376152989420,288230376163693936,288230376163693748,23,2026-06-23T13:01:47.000Z,2026-06-23T13:02:10.000Z,12.6,-14.0,5.6,-7,0,0.2,4109.68,4110.09,,,BUY,USD,1,1,1583663
D#1702476,XAUUSD,100,288230376154301532,288230376152989631,288230376163695119,288230376163694995,14,2026-06-23T13:04:01.000Z,2026-06-23T13:04:15.000Z,13.8,-15.200000000000001,6.8,-7,0,0.2,4110.2,4110.67,,,BUY,USD,1,1,1583663
D#1702476,XAUUSD,100,288230376154301658,288230376152989674,288230376163695616,288230376163695347,36,2026-06-23T13:04:45.000Z,2026-06-23T13:05:21.000Z,-29.2,27.8,-36.2,-7,0,0.2,4111.39,4113.07,,,SELL,USD,1,1,1583663
D#1670973,XAUUSD,100,288230376154301664,288230376152987632,288230376163681253,288230376163681127,1872,2026-06-23T12:34:10.000Z,2026-06-23T13:05:22.000Z,59,-59.7,55.5,-3.5,0,0.1,4119.57,4113.89,4113.38,4099.02,SELL,USD,1,1,1583663
D#1702719,XAUUSD,100,288230376154301677,288230376152988894,288230376163693790,288230376163689789,753,2026-06-23T12:52:52.000Z,2026-06-23T13:05:25.000Z,156.9,-159.0,146.4,-10.5,0,0.3,4119.88,4114.87,4114.5,,SELL,USD,1,1,1583663
D#1670949,XAUUSD,100,288230376154301696,288230376152989458,288230376163695711,288230376163693962,198,2026-06-23T13:02:13.000Z,2026-06-23T13:05:31.000Z,73.2,-74.25,67.94,-5.26,0,0.15,4110.14,4114.8,,4140.43,BUY,USD,1,1,1583663
D#1702476,XAUUSD,100,288230376154301697,288230376152989715,288230376163695715,288230376163695625,10,2026-06-23T13:05:22.000Z,2026-06-23T13:05:32.000Z,29.2,-30.599999999999998,22.2,-7,0,0.2,4113.5,4114.74,,,BUY,USD,1,1,1583663
D#1702476,XAUUSD,100,288230376154301761,288230376152989735,288230376163695974,288230376163695748,30,2026-06-23T13:05:35.000Z,2026-06-23T13:06:05.000Z,15,-16.4,8.0,-7,0,0.2,4115.14,4115.67,,,BUY,USD,1,1,1583663
D#1702428,XAUUSD,100,288230376154301805,288230376152988765,288230376163689101,288230376163688771,943,2026-06-23T12:50:39.000Z,2026-06-23T13:06:22.000Z,-8,7.3,-11.5,-3.5,0,0.1,4116.62,4117.64,4116.75,4105.44,SELL,USD,1,1,1583663
D#1702476,XAUUSD,100,288230376154301807,288230376152989784,288230376163696140,288230376163696089,5,2026-06-23T13:06:17.000Z,2026-06-23T13:06:22.000Z,-34.4,33.0,-41.4,-7,0,0.2,4115.7,4117.64,,,SELL,USD,1,1,1583663
D#1702355,XAUUSD,100,288230376154301819,288230376152989743,288230376163696165,288230376163695851,35,2026-06-23T13:05:49.000Z,2026-06-23T13:06:24.000Z,58,-59.4,51.0,-7,0,0.2,4115.89,4118.57,,,BUY,USD,1,1,1583663
D#1702503,XAUUSD,100,288230376154301845,288230376152989204,288230376163696247,288230376163692448,439,2026-06-23T12:59:13.000Z,2026-06-23T13:06:32.000Z,18.95,-19.3,17.19,-1.76,0,0.05,4113.88,4117.45,,,BUY,USD,1,1,1583663
D#1702476,XAUUSD,100,288230376154301867,288230376152989789,288230376163696310,288230376163696146,15,2026-06-23T13:06:23.000Z,2026-06-23T13:06:38.000Z,21.8,-23.2,14.8,-7,0,0.2,4117.74,4118.61,,,BUY,USD,1,1,1583663
D#1702699,XAUUSD,100,288230376154301870,288230376152989581,288230376163696336,288230376163694739,189,2026-06-23T13:03:33.000Z,2026-06-23T13:06:42.000Z,81.8,-82.5,78.3,-3.5,0,0.1,4110.16,4118.12,,,BUY,USD,1,1,1583663
D#1702385,XAUUSD,100,288230376154301879,288230376152989451,288230376163696393,288230376163693940,279,2026-06-23T13:02:11.000Z,2026-06-23T13:06:50.000Z,-168.2,166.79999999999998,-175.2,-7,0,0.2,4110.09,4118.72,,4105.15,SELL,USD,1,1,1583663
D#1671084,XAUUSD,100,288230376154301951,288230376152989774,288230376163696361,288230376163696021,68,2026-06-23T13:06:08.000Z,2026-06-23T13:07:16.000Z,2.12,-2.4000000000000004,0.72,-1.4,0,0.04,4115.66,4115.97,4116.16,4128.22,BUY,USD,1,1,1583663
D#1702476,XAUUSD,100,288230376154302105,288230376152989818,288230376163697142,288230376163696396,89,2026-06-23T13:06:51.000Z,2026-06-23T13:08:20.000Z,-36.8,35.4,-43.8,-7,0,0.2,4118.85,4116.79,,,BUY,USD,1,1,1583663
D#1702476,XAUUSD,100,288230376154302361,288230376152989964,288230376163698130,288230376163697306,108,2026-06-23T13:08:34.000Z,2026-06-23T13:10:22.000Z,-22.5,21.8,-26.0,-3.5,0,0.1,4117.12,4114.65,,,BUY,USD,1,1,1583663
D#1645671,XAUUSD,100,288230376154302377,288230376152989293,288230376163695848,288230376163692365,612,2026-06-23T13:00:14.000Z,2026-06-23T13:10:26.000Z,25.76,-26.32,22.96,-2.8,0,0.08,4111.32,4114.32,4114.46,4125.42,BUY,USD,1,1,1583663
D#1702476,XAUUSD,100,288230376154302409,288230376152990081,288230376163698238,288230376163698150,9,2026-06-23T13:10:24.000Z,2026-06-23T13:10:33.000Z,5.9,-6.6000000000000005,2.4,-3.5,0,0.1,4114.39,4114.02,,,SELL,USD,1,1,1583663
D#1702476,XAUUSD,100,288230376154302471,288230376152990100,288230376163698528,288230376163698314,29,2026-06-23T13:10:43.000Z,2026-06-23T13:11:12.000Z,-7.9,7.2,-11.4,-3.5,0,0.1,4113.02,4114.03,,,SELL,USD,1,1,1583663
D#1702677,XAUUSD,100,288230376154302480,288230376152989074,288230376163698564,288230376163691430,856,2026-06-23T12:57:01.000Z,2026-06-23T13:11:17.000Z,146,-149.5,128.5,-17.5,0,0.5,4116.85,4114.15,,,SELL,USD,1,1,1583663
D#1702740,XAUUSD,100,288230376154302485,288230376152986077,288230376163698577,288230376163669137,3914,2026-06-23T12:06:05.000Z,2026-06-23T13:11:19.000Z,43.05,-43.4,41.29,-1.76,0,0.05,4123.02,4114.63,,,SELL,USD,1,1,1583663
D#1702405,XAUUSD,100,288230376154302751,288230376152989997,288230376163699557,288230376163697511,257,2026-06-23T13:08:58.000Z,2026-06-23T13:13:15.000Z,11.16,-11.370000000000001,10.1,-1.06,0,0.03,4118.05,4114.55,4122.02,4102.51,SELL,USD,1,1,1583663
D#1702677,XAUUSD,100,288230376154302944,288230376152990164,288230376163700209,288230376163698804,167,2026-06-23T13:11:48.000Z,2026-06-23T13:14:35.000Z,24,-28.2,3.0,-21,0,0.6,4113.45,4113.27,,,SELL,USD,1,1,1583663
D#1702677,XAUUSD,100,288230376154303069,288230376152990411,288230376163700532,288230376163700367,15,2026-06-23T13:14:51.000Z,2026-06-23T13:15:06.000Z,37.8,-42.0,16.8,-21,0,0.6,4113.17,4113.58,,,BUY,USD,1,1,1583663
D#1614622,XAUUSD,100,288230376154303124,288230376152989725,288230376163695970,288230376163695685,595,2026-06-23T13:05:28.000Z,2026-06-23T13:15:23.000Z,-12.75,12.4,-14.51,-1.76,0,0.05,4114.43,4111.66,4111.92,4137.52,BUY,USD,1,1,1583663
D#1702677,XAUUSD,100,288230376154303198,288230376152990469,288230376163700816,288230376163700670,14,2026-06-23T13:15:24.000Z,2026-06-23T13:15:38.000Z,-102,97.8,-123.0,-21,0,0.6,4111.56,4109.64,,,BUY,USD,1,1,1583663
D#1702515,XAUUSD,100,288230376154303253,288230376152990412,288230376163700924,288230376163700368,57,2026-06-23T13:14:51.000Z,2026-06-23T13:15:48.000Z,155.6,-158.4,141.6,-14,0,0.4,4113.05,4109.38,,,SELL,USD,1,1,1583663
D#1702672,XAUUSD,100,288230376154303261,288230376152990146,288230376163700938,288230376163698693,255,2026-06-23T13:11:34.000Z,2026-06-23T13:15:49.000Z,113.1,-115.19999999999999,102.6,-10.5,0,0.3,4113.33,4109.78,,,SELL,USD,1,1,1583663
D#1702556,XAUUSD,100,288230376154303382,288230376152989988,288230376163701248,288230376163697415,451,2026-06-23T13:08:44.000Z,2026-06-23T13:16:15.000Z,126.72,-127.84,121.12,-5.6,0,0.16,4117.24,4109.54,,,SELL,USD,1,1,1583663
D#1670949,XAUUSD,100,288230376154303475,288230376152989880,288230376163701496,288230376163696729,551,2026-06-23T13:07:29.000Z,2026-06-23T13:16:40.000Z,-166.8,165.4,-173.8,-7,0,0.2,4116.32,4107.76,,4140.25,BUY,USD,1,1,1583663
D#1702719,XAUUSD,100,288230376154303803,288230376152990242,288230376163702563,288230376163699223,362,2026-06-23T13:12:36.000Z,2026-06-23T13:18:38.000Z,201.9,-204.0,191.4,-10.5,0,0.3,4113.69,4107.18,,,SELL,USD,1,1,1583663
D#1702438,XAUUSD,100,288230376154304098,288230376152990231,288230376163699337,288230376163699137,521,2026-06-23T13:12:27.000Z,2026-06-23T13:21:08.000Z,-6.69,6.62,-7.05,-0.36,0,0.01,4113.3,4106.39,4106.39,4132.81,BUY,USD,1,1,1583663
D#1670948,XAUUSD,100,288230376154304168,288230376152987665,288230376163681912,288230376163681333,2811,2026-06-23T12:34:39.000Z,2026-06-23T13:21:30.000Z,119,-119.7,115.5,-3.5,0,0.1,4117.4,4105.72,4124.05,4105.66,SELL,USD,1,1,1583663
D#1670973,XAUUSD,100,288230376154304210,288230376152989799,288230376163704028,288230376163696239,912,2026-06-23T13:06:31.000Z,2026-06-23T13:21:43.000Z,111,-111.7,107.5,-3.5,0,0.1,4117.64,4106.76,4113.18,4097.53,SELL,USD,1,1,1583663
D#1702503,XAUUSD,100,288230376154304443,288230376152990489,288230376163704837,288230376163700782,466,2026-06-23T13:15:35.000Z,2026-06-23T13:23:21.000Z,13.7,-14.049999999999999,11.94,-1.76,0,0.05,4109.38,4111.9,,,BUY,USD,1,1,1583663
D#1671084,XAUUSD,100,288230376154304454,288230376152989894,288230376163696920,288230376163696801,944,2026-06-23T13:07:39.000Z,2026-06-23T13:23:23.000Z,23.76,-24.32,20.96,-2.8,0,0.08,4116.02,4113.27,4112.99,4103.43,SELL,USD,1,1,1583663
D#1702457,XAUUSD,100,288230376154304573,288230376152991127,288230376163705207,288230376163705035,31,2026-06-23T13:23:42.000Z,2026-06-23T13:24:13.000Z,36.6,-38.7,26.1,-10.5,0,0.3,4115.35,4114.35,4114.23,,SELL,USD,1,1,1583663
D#1670882,XAUUSD,100,288230376154304580,288230376152986856,288230376163705308,288230376163675259,3823,2026-06-23T12:20:35.000Z,2026-06-23T13:24:18.000Z,-14.8,14.100000000000001,-18.3,-3.5,0,0.1,4114.36,4116.06,4135,4034,SELL,USD,1,1,1583663
D#1702457,XAUUSD,100,288230376154304650,288230376152991150,288230376163705526,288230376163705324,28,2026-06-23T13:24:20.000Z,2026-06-23T13:24:48.000Z,5.4,-7.5,-5.1,-10.5,0,0.3,4115.87,4115.91,,,SELL,USD,1,1,1583663
D#1702457,XAUUSD,100,288230376154304788,288230376152991204,288230376163705889,288230376163705693,27,2026-06-23T13:25:03.000Z,2026-06-23T13:25:30.000Z,18.3,-20.400000000000002,7.8,-10.5,0,0.3,4117.31,4116.92,4116.67,,SELL,USD,1,1,1583663
D#1702672,XAUUSD,100,288230376154304919,288230376152990893,288230376163706360,288230376163703321,367,2026-06-23T13:20:14.000Z,2026-06-23T13:26:21.000Z,-277.5,275.4,-288.0,-10.5,0,0.3,4107.67,4117.14,,4103.68,SELL,USD,1,1,1583663
D#1589455,XAUUSD,100,288230376154304955,288230376152990601,288230376163701904,288230376163701416,601,2026-06-23T13:16:32.000Z,2026-06-23T13:26:33.000Z,111,-111.7,107.5,-3.5,0,0.1,4107.97,4118.85,4103.97,4118.49,BUY,USD,1,1,1583663
D#1702457,XAUUSD,100,288230376154305048,288230376152991352,288230376163706771,288230376163706596,20,2026-06-23T13:26:50.000Z,2026-06-23T13:27:10.000Z,30.3,-31.0,26.8,-3.5,0,0.1,4118.89,4116.08,4117.58,,SELL,USD,1,1,1583663
D#1645671,XAUUSD,100,288230376154305086,288230376152990454,288230376163701549,288230376163700574,736,2026-06-23T13:15:11.000Z,2026-06-23T13:27:27.000Z,11.76,-12.32,8.96,-2.8,0,0.08,4113.97,4115.22,4115.46,4128.25,BUY,USD,1,1,1583663
D#1614619,XAUUSD,100,288230376154305175,288230376152991166,288230376163707314,288230376163705431,226,2026-06-23T13:24:36.000Z,2026-06-23T13:28:22.000Z,-1.62,1.55,-1.98,-0.36,0,0.01,4116.4,4114.56,,,BUY,USD,1,1,1583663
D#1702503,XAUUSD,100,288230376154305401,288230376152991269,288230376163708270,288230376163706107,257,2026-06-23T13:25:57.000Z,2026-06-23T13:30:14.000Z,17.25,-17.6,15.49,-1.76,0,0.05,4116.16,4112.93,,,SELL,USD,1,1,1583663
D#1702534,XAUUSD,100,288230376154305523,288230376152991501,288230376163708279,288230376163707844,48,2026-06-23T13:29:36.000Z,2026-06-23T13:30:24.000Z,48.2,-48.900000000000006,44.7,-3.5,0,0.1,4115.75,4111.15,4122.74,4110.98,SELL,USD,1,1,1583663
D#1702457,XAUUSD,100,288230376154305562,288230376152991422,288230376163708560,288230376163707087,159,2026-06-23T13:27:49.000Z,2026-06-23T13:30:28.000Z,32.9,-33.6,29.4,-3.5,0,0.1,4115.12,4112.05,4113.74,4105.58,SELL,USD,1,1,1583663
D#1671084,XAUUSD,100,288230376154305624,288230376152991256,288230376163706117,288230376163706025,296,2026-06-23T13:25:47.000Z,2026-06-23T13:30:43.000Z,31.2,-31.9,27.7,-3.5,0,0.1,4116.53,4113.63,4113.38,4108.49,SELL,USD,1,1,1583663
D#1702745,XAUUSD,100,288230376154306119,288230376152989218,288230376163692757,288230376163692522,1974,2026-06-23T12:59:21.000Z,2026-06-23T13:32:15.000Z,-54.8,54.099999999999994,-58.3,-3.5,0,0.1,4114.35,4120.05,4119.99,4092.29,SELL,USD,1,1,1583663
D#1670964,XAUUSD,100,288230376154306122,288230376152991113,288230376163704938,288230376163701616,524,2026-06-23T13:23:31.000Z,2026-06-23T13:32:15.000Z,-51.04,50.48,-53.84,-2.8,0,0.08,4113.45,4120.05,4119.61,4099.54,SELL,USD,1,1,1583663
D#1702457,XAUUSD,100,288230376154306121,288230376152991839,288230376163709611,288230376163709426,31,2026-06-23T13:31:44.000Z,2026-06-23T13:32:15.000Z,-28.2,27.5,-31.7,-3.5,0,0.1,4117.01,4120.05,4119.56,,SELL,USD,1,1,1583663
D#1702493,XAUUSD,100,288230376154306259,288230376152990014,288230376163697837,288230376163697624,1395,2026-06-23T13:09:11.000Z,2026-06-23T13:32:26.000Z,-5.46,5.39,-5.82,-0.36,0,0.01,4117.16,4122.84,4122.15,4090.87,SELL,USD,1,1,1583663
D#1670935,XAUUSD,100,288230376154306487,288230376152986599,288230376163710663,288230376163673500,4560,2026-06-23T12:17:03.000Z,2026-06-23T13:33:03.000Z,21.3,-22.0,17.8,-3.5,0,0.1,4116.92,4118.83,3915.68,4124.54,BUY,USD,1,1,1583663
D#1702503,XAUUSD,100,288230376154306575,288230376152992011,288230376163710858,288230376163710099,50,2026-06-23T13:32:26.000Z,2026-06-23T13:33:16.000Z,23.5,-23.85,21.74,-1.76,0,0.05,4122.61,4118.13,,,SELL,USD,1,1,1583663
D#1702457,XAUUSD,100,288230376154307477,288230376152992015,288230376163710409,288230376163710102,205,2026-06-23T13:32:27.000Z,2026-06-23T13:35:52.000Z,-40.8,40.099999999999994,-44.3,-3.5,0,0.1,4123.36,4119.06,4119.25,,BUY,USD,1,1,1583663
D#1702503,XAUUSD,100,288230376154307503,288230376152992440,288230376163713171,288230376163712144,71,2026-06-23T13:34:44.000Z,2026-06-23T13:35:55.000Z,27.6,-28.3,24.1,-3.5,0,0.1,4122.17,4119.63,,,SELL,USD,1,1,1583663
D#1702457,XAUUSD,100,288230376154307981,288230376152992664,288230376163714328,288230376163713209,75,2026-06-23T13:35:58.000Z,2026-06-23T13:37:13.000Z,-52,51.3,-55.5,-3.5,0,0.1,4118.78,4124.2,,,SELL,USD,1,1,1583663
D#1671084,XAUUSD,100,288230376154308121,288230376152992273,288230376163711663,288230376163711381,238,2026-06-23T13:33:52.000Z,2026-06-23T13:37:50.000Z,-2,0.5999999999999999,-9.0,-7,0,0.2,4121.25,4120.93,4121.2,4133.53,BUY,USD,1,1,1583663
D#1702503,XAUUSD,100,288230376154308167,288230376152992857,288230376163714932,288230376163714182,54,2026-06-23T13:37:05.000Z,2026-06-23T13:37:59.000Z,31.2,-31.9,27.7,-3.5,0,0.1,4123.73,4120.83,,,SELL,USD,1,1,1583663
D#1670978,XAUUSD,100,288230376154308180,288230376152992413,288230376163714963,288230376163712017,205,2026-06-23T13:34:37.000Z,2026-06-23T13:38:02.000Z,-1.54,1.47,-1.9,-0.36,0,0.01,4122.15,4120.39,,,BUY,USD,1,1,1583663
D#1702534,XAUUSD,100,288230376154308297,288230376152992193,288230376163715317,288230376163710962,308,2026-06-23T13:33:23.000Z,2026-06-23T13:38:31.000Z,6.3,-7.0,2.8,-3.5,0,0.1,4119,4118.59,4139.49,4113.69,SELL,USD,1,1,1583663
D#1702457,XAUUSD,100,288230376154308684,288230376152992906,288230376163715075,288230376163714375,146,2026-06-23T13:37:17.000Z,2026-06-23T13:39:43.000Z,39.9,-40.6,36.4,-3.5,0,0.1,4124.04,4120.27,4119.89,,SELL,USD,1,1,1583663
D#1702665,XAUUSD,100,288230376154309054,288230376152987265,288230376163678391,288230376163678389,4395,2026-06-23T12:27:25.000Z,2026-06-23T13:40:40.000Z,-106.8,106.1,-110.3,-3.5,0,0.1,4115.48,4126.38,4125.59,4105.29,SELL,USD,1,1,1583663
D#1589455,XAUUSD,100,288230376154309039,288230376152991538,288230376163708337,288230376163708076,637,2026-06-23T13:30:03.000Z,2026-06-23T13:40:40.000Z,101.8,-102.5,98.3,-3.5,0,0.1,4115.45,4125.41,4107.95,4125.45,BUY,USD,1,1,1583663
D#1702719,XAUUSD,100,288230376154309126,288230376152993401,288230376163717302,288230376163716919,23,2026-06-23T13:40:24.000Z,2026-06-23T13:40:47.000Z,47.12,-49.29,36.26,-10.86,0,0.31,4123.36,4124.66,4123.94,,BUY,USD,1,1,1583663
D#1702732,XAUUSD,100,288230376154309403,288230376152993454,288230376163717980,288230376163717128,46,2026-06-23T13:40:37.000Z,2026-06-23T13:41:23.000Z,-33.6,29.400000000000002,-54.6,-21,0,0.6,4124.89,4124.11,,,BUY,USD,1,1,1583663
D#1702732,XAUUSD,100,288230376154309527,288230376152993665,288230376163718298,288230376163718210,7,2026-06-23T13:41:36.000Z,2026-06-23T13:41:43.000Z,6,-6.7,2.5,-3.5,0,0.1,4124.59,4124.97,,,BUY,USD,1,1,1583663
D#1702489,XAUUSD,100,288230376154309775,288230376152986167,288230376163718963,288230376163670247,5587,2026-06-23T12:09:37.000Z,2026-06-23T13:42:44.000Z,-98.8,97.39999999999999,-105.8,-7,0,0.2,4119.91,4125.07,,,SELL,USD,1,1,1583663
D#1702495,XAUUSD,100,288230376154309896,288230376152983092,288230376163638069,288230376163638068,11183,2026-06-23T10:36:47.000Z,2026-06-23T13:43:10.000Z,0.63,-0.84,-0.43,-1.06,0,0.03,4128.14,4128.15,4128.01,4088.62,SELL,USD,1,1,1583663
D#1614619,XAUUSD,100,288230376154309899,288230376152991454,288230376163707637,288230376163707380,880,2026-06-23T13:28:31.000Z,2026-06-23T13:43:11.000Z,64.45,-64.8,62.69,-1.76,0,0.05,4115.32,4127.99,4092.01,4128.01,BUY,USD,1,1,1583663
D#1702373,XAUUSD,100,288230376154310014,288230376152987097,288230376163677352,288230376163677058,4746,2026-06-23T12:24:29.000Z,2026-06-23T13:43:35.000Z,-45.88,45.6,-47.28,-1.4,0,0.04,4117.27,4128.96,4128.65,,SELL,USD,1,1,1583663
D#1702457,XAUUSD,100,288230376154310021,288230376152993459,288230376163719629,288230376163717143,177,2026-06-23T13:40:39.000Z,2026-06-23T13:43:36.000Z,-197.06,192.93,-217.72,-20.66,0,0.59,4125.28,4128.84,4129.13,,SELL,USD,1,1,1583663
D#1671084,XAUUSD,100,288230376154310042,288230376152993853,288230376163719445,288230376163719262,32,2026-06-23T13:43:08.000Z,2026-06-23T13:43:40.000Z,-3.4,1.9999999999999998,-10.4,-7,0,0.2,4127.58,4127.19,4127.82,4131.68,BUY,USD,1,1,1583663
D#1702416,XAUUSD,100,288230376154310113,288230376152993820,288230376163719913,288230376163719047,67,2026-06-23T13:42:53.000Z,2026-06-23T13:44:00.000Z,19,-22.5,1.5,-17.5,0,0.5,4126.84,4126.68,,,SELL,USD,1,1,1583663
D#1702489,XAUUSD,100,288230376154310164,288230376152993869,288230376163720061,288230376163719329,57,2026-06-23T13:43:13.000Z,2026-06-23T13:44:10.000Z,-143,139.5,-160.5,-17.5,0,0.5,4128.22,4125.14,,,BUY,USD,1,1,1583663
D#1702546,XAUUSD,100,288230376154310462,288230376152985465,288230376163662334,288230376163662133,7230,2026-06-23T11:44:57.000Z,2026-06-23T13:45:27.000Z,-38.9,38.55,-40.66,-1.76,0,0.05,4121.14,4129.14,4129.05,4099.33,SELL,USD,1,1,1583663
D#1702719,XAUUSD,100,288230376154310492,288230376152993544,288230376163718202,288230376163717562,272,2026-06-23T13:41:01.000Z,2026-06-23T13:45:33.000Z,130.2,-132.36999999999998,119.34,-10.86,0,0.31,4125.05,4129.03,,4129.2,BUY,USD,1,1,1583663
D#1702522,XAUUSD,100,288230376154310498,288230376152986771,288230376163674745,288230376163674712,5148,2026-06-23T12:19:46.000Z,2026-06-23T13:45:34.000Z,-11.36,11.29,-11.72,-0.36,0,0.01,4118.23,4129.81,4129.57,4101.55,SELL,USD,1,1,1583663
D#1702416,XAUUSD,100,288230376154310822,288230376152994063,288230376163721773,288230376163720567,91,2026-06-23T13:45:08.000Z,2026-06-23T13:46:39.000Z,23.5,-27.0,6.0,-17.5,0,0.5,4126.63,4126.38,,,SELL,USD,1,1,1583663
D#1702398,XAUUSD,100,288230376154310898,288230376152991397,288230376163722034,288230376163706916,1178,2026-06-23T13:27:25.000Z,2026-06-23T13:47:03.000Z,30.3,-30.51,29.24,-1.06,0,0.03,4115.86,4125.74,,,BUY,USD,1,1,1583663
D#1702737,XAUUSD,100,288230376154311463,288230376152987321,288230376163680382,288230376163679042,4747,2026-06-23T12:29:33.000Z,2026-06-23T13:48:40.000Z,64.96,-65.24,63.56,-1.4,0,0.04,4114.98,4131,4101,4131.02,BUY,USD,1,1,1583663
D#1702740,XAUUSD,100,288230376154311491,288230376152990178,288230376163723413,288230376163698864,2212,2026-06-23T13:11:54.000Z,2026-06-23T13:48:46.000Z,-93.5,93.15,-95.26,-1.76,0,0.05,4112.88,4131.8,,,SELL,USD,1,1,1583663
D#1591591,XAUUSD,100,288230376154311620,288230376152981449,288230376163617793,288230376163615967,15855,2026-06-23T09:24:39.000Z,2026-06-23T13:48:54.000Z,-166.48,165.92,-169.28,-2.8,0,0.08,4114.4,4135.43,4135,4099.03,SELL,USD,1,1,1583663
D#1702732,XAUUSD,100,288230376154311653,288230376152993704,288230376163723556,288230376163718376,426,2026-06-23T13:41:49.000Z,2026-06-23T13:48:55.000Z,460.5,-464.0,443.0,-17.5,0,0.5,4125.11,4134.1,,,BUY,USD,1,1,1583663
D#1702719,XAUUSD,100,288230376154311748,288230376152994655,288230376163723804,288230376163723651,14,2026-06-23T13:49:00.000Z,2026-06-23T13:49:14.000Z,-20.15,17.979999999999997,-31.01,-10.86,0,0.31,4133.83,4132.96,,,BUY,USD,1,1,1583663
D#1702362,XAUUSD,100,288230376154311882,288230376152991700,288230376163724160,288230376163708680,1148,2026-06-23T13:30:40.000Z,2026-06-23T13:49:48.000Z,-219.23,218.45999999999998,-223.09,-3.86,0,0.11,4111.8,4131.95,,4101.75,SELL,USD,1,1,1583663
D#1702740,XAUUSD,100,288230376154312027,288230376152994808,288230376163724576,288230376163724492,9,2026-06-23T13:50:15.000Z,2026-06-23T13:50:24.000Z,0.91,-0.98,0.55,-0.36,0,0.01,4131.7,4132.39,,,BUY,USD,1,1,1583663
D#1702416,XAUUSD,100,288230376154312130,288230376152994322,288230376163724916,288230376163721916,241,2026-06-23T13:46:54.000Z,2026-06-23T13:50:55.000Z,-362.5,359.0,-380.0,-17.5,0,0.5,4125.43,4132.9,,,SELL,USD,1,1,1583663
D#1702719,XAUUSD,100,288230376154312150,288230376152994695,288230376163724200,288230376163723924,104,2026-06-23T13:49:24.000Z,2026-06-23T13:51:08.000Z,55.49,-57.660000000000004,44.63,-10.86,0,0.31,4133.06,4134.63,,4134.36,BUY,USD,1,1,1583663
D#1702457,XAUUSD,100,288230376154312191,288230376152994002,288230376163725068,288230376163720192,407,2026-06-23T13:44:23.000Z,2026-06-23T13:51:10.000Z,-84.1,83.39999999999999,-87.6,-3.5,0,0.1,4127.05,4135.68,,,SELL,USD,1,1,1583663
D#1702408,XAUUSD,100,288230376154312239,288230376152976413,288230376163725205,288230376163562843,24764,2026-06-23T06:58:37.000Z,2026-06-23T13:51:21.000Z,-205.8,205.10000000000002,-209.3,-3.5,0,0.1,4114.73,4135.53,,,SELL,USD,1,1,1583663
D#1702476,XAUUSD,100,288230376154312298,288230376152990151,288230376163725359,288230376163698722,2400,2026-06-23T13:11:37.000Z,2026-06-23T13:51:37.000Z,208.2,-208.89999999999998,204.7,-3.5,0,0.1,4114.03,4134.63,,,BUY,USD,1,1,1583663
D#1702416,XAUUSD,100,288230376154312342,288230376152994946,288230376163725496,288230376163725398,10,2026-06-23T13:51:40.000Z,2026-06-23T13:51:50.000Z,-37,33.5,-54.5,-17.5,0,0.5,4135.53,4134.57,,,BUY,USD,1,1,1583663
D#1702732,XAUUSD,100,288230376154312405,288230376152994790,288230376163725676,288230376163724424,117,2026-06-23T13:50:09.000Z,2026-06-23T13:52:06.000Z,-3.15,3.08,-3.51,-0.36,0,0.01,4131.83,4135.2,,,SELL,USD,1,1,1583663
D#1702708,XAUUSD,100,288230376154312502,288230376152968800,288230376163725954,288230376163476151,40402,2026-06-23T02:39:02.000Z,2026-06-23T13:52:24.000Z,22.64,-22.71,22.28,-0.36,0,0.01,4158.91,4136.49,4215.15,4059,SELL,USD,1,1,1583663
D#1702483,XAUUSD,100,288230376154312542,288230376152984736,288230376163654493,288230376163654095,9056,2026-06-23T11:21:34.000Z,2026-06-23T13:52:30.000Z,110.66,-111.42999999999999,106.8,-3.86,0,0.11,4127.78,4137.62,,4138,BUY,USD,1,1,1583663
D#1702357,XAUUSD,100,288230376154312752,288230376152982023,288230376163726577,288230376163624585,14341,2026-06-23T09:54:10.000Z,2026-06-23T13:53:11.000Z,-197.3,196.60000000000002,-200.8,-3.5,0,0.1,4116.91,4136.86,,,SELL,USD,1,1,1583663
D#1702702,XAUUSD,100,288230376154312882,288230376152982423,288230376163629912,288230376163629802,13381,2026-06-23T10:10:31.000Z,2026-06-23T13:53:32.000Z,-121.22,120.45,-125.08,-3.86,0,0.11,4128.31,4139.55,4139.02,4092.24,SELL,USD,1,1,1583663
D#1670973,XAUUSD,100,288230376154312928,288230376152994593,288230376163723391,288230376163719858,291,2026-06-23T13:48:44.000Z,2026-06-23T13:53:35.000Z,-86.3,85.6,-89.8,-3.5,0,0.1,4131.28,4140.13,4139.89,4105.78,SELL,USD,1,1,1583663
D#1702500,XAUUSD,100,288230376154312944,288230376152969549,288230376163521330,288230376163485719,38716,2026-06-23T03:08:20.000Z,2026-06-23T13:53:36.000Z,0.58,-0.6499999999999999,0.22,-0.36,0,0.01,4140.13,4139.77,4140,4054.69,SELL,USD,1,1,1583663
D#1702654,XAUUSD,100,288230376154312939,288230376152991439,288230376163707700,288230376163707259,1521,2026-06-23T13:28:15.000Z,2026-06-23T13:53:36.000Z,252.6,-253.29999999999998,249.1,-3.5,0,0.1,4114.77,4139.81,4106,4140,BUY,USD,1,1,1583663
D#1702732,XAUUSD,100,288230376154313347,288230376152995032,288230376163728029,288230376163725794,174,2026-06-23T13:52:14.000Z,2026-06-23T13:55:08.000Z,1.35,-1.4200000000000002,0.99,-0.36,0,0.01,4135.82,4136.95,,,BUY,USD,1,1,1583663
D#1702534,XAUUSD,100,288230376154313534,288230376152995139,288230376163728524,288230376163726427,167,2026-06-23T13:53:00.000Z,2026-06-23T13:55:47.000Z,-4,3.3,-7.5,-3.5,0,0.1,4137.74,4137.12,4118.11,4144.91,BUY,USD,1,1,1583663
D#1702623,XAUUSD,100,288230376154313713,288230376152995527,288230376163728881,288230376163728722,38,2026-06-23T13:56:03.000Z,2026-06-23T13:56:41.000Z,111.6,-114.39999999999999,97.6,-14,0,0.4,4137.05,4134.48,4138.23,4134.59,SELL,USD,1,1,1583663
D#1702689,XAUUSD,100,288230376154313718,288230376152986960,288230376163729131,288230376163676084,5664,2026-06-23T12:22:19.000Z,2026-06-23T13:56:43.000Z,41.3,-41.44,40.6,-0.7,0,0.02,4113.9,4134.33,,,BUY,USD,1,1,1583663
D#1702708,XAUUSD,100,288230376154314102,288230376152995109,288230376163730262,288230376163726270,339,2026-06-23T13:52:48.000Z,2026-06-23T13:58:27.000Z,-1.22,1.08,-1.92,-0.7,0,0.02,4136.43,4137.26,4144.16,4107.52,SELL,USD,1,1,1583663
D#1702476,XAUUSD,100,288230376154314121,288230376152994974,288230376163730321,288230376163725541,397,2026-06-23T13:51:55.000Z,2026-06-23T13:58:32.000Z,9.1,-9.799999999999999,5.6,-3.5,0,0.1,4135.82,4136.51,,,BUY,USD,1,1,1583663
D#1702476,XAUUSD,100,288230376154314259,288230376152995846,288230376163730707,288230376163730494,20,2026-06-23T13:58:50.000Z,2026-06-23T13:59:10.000Z,-19.9,19.2,-23.4,-3.5,0,0.1,4137.02,4139.23,,,SELL,USD,1,1,1583663
D#1702732,XAUUSD,100,288230376154314283,288230376152995690,288230376163730787,288230376163729630,107,2026-06-23T13:57:29.000Z,2026-06-23T13:59:16.000Z,5.55,-5.62,5.19,-0.36,0,0.01,4133.4,4138.73,,,BUY,USD,1,1,1583663
D#1702623,XAUUSD,100,288230376154314467,288230376152995999,288230376163731352,288230376163731347,1,2026-06-23T14:00:09.000Z,2026-06-23T14:00:10.000Z,-24.4,21.599999999999998,-38.4,-14,0,0.4,4137.43,4138.26,4137.8,,SELL,USD,1,1,1583663
D#1702464,XAUUSD,100,288230376154314561,288230376152995664,288230376163731532,288230376163727919,182,2026-06-23T13:57:18.000Z,2026-06-23T14:00:20.000Z,405.5,-409.0,388.0,-17.5,0,0.5,4132.21,4140.1,,4180.32,BUY,USD,1,1,1583663
D#1702740,XAUUSD,100,288230376154315119,288230376152994846,288230376163733084,288230376163724686,717,2026-06-23T13:50:34.000Z,2026-06-23T14:02:31.000Z,15.92,-16.2,14.52,-1.4,0,0.04,4131.79,4135.55,,,BUY,USD,1,1,1583663
D#1702534,XAUUSD,100,288230376154315409,288230376152995805,288230376163733895,288230376163730272,320,2026-06-23T13:58:28.000Z,2026-06-23T14:03:48.000Z,7.4,-8.1,3.9,-3.5,0,0.1,4137.32,4137.84,4129.91,4144.47,BUY,USD,1,1,1583663
D#1702623,XAUUSD,100,288230376154315555,288230376152996493,288230376163734078,288230376163734074,34,2026-06-23T14:04:07.000Z,2026-06-23T14:04:41.000Z,-54,51.2,-68.0,-14,0,0.4,4138.28,4139.85,4139.31,4135.49,SELL,USD,1,1,1583663
D#1670870,XAUUSD,100,288230376154315789,288230376152996626,288230376163735199,288230376163734838,35,2026-06-23T14:05:22.000Z,2026-06-23T14:05:57.000Z,72.85,-75.02,61.99,-10.86,0,0.31,4138.3,4136.17,4140.27,4135.13,SELL,USD,1,1,1583663
D#1702699,XAUUSD,100,288230376154316447,288230376152996281,288230376163733345,288230376163732832,439,2026-06-23T14:02:10.000Z,2026-06-23T14:09:29.000Z,-55.5,54.8,-59.0,-3.5,0,0.1,4136.32,4142.09,4141.34,4111.04,SELL,USD,1,1,1583663
D#1670964,XAUUSD,100,288230376154316492,288230376152993981,288230376163720236,288230376163719911,1522,2026-06-23T13:44:08.000Z,2026-06-23T14:09:30.000Z,128.73,-129.22,126.27,-2.46,0,0.07,4125.32,4143.49,4118.24,4142.92,BUY,USD,1,1,1583663
D#1702527,XAUUSD,100,288230376154316497,288230376152972029,288230376163516855,288230376163516593,33699,2026-06-23T04:47:52.000Z,2026-06-23T14:09:31.000Z,9.24,-9.38,8.54,-0.7,0,0.02,4139.16,4143.56,,4142.98,BUY,USD,1,1,1583663
D#1670957,XAUUSD,100,288230376154316552,288230376152980296,288230376163737348,288230376163603306,19321,2026-06-23T08:47:40.000Z,2026-06-23T14:09:41.000Z,-360.54,359.91,-363.7,-3.16,0,0.09,4102.69,4142.97,,,SELL,USD,1,1,1583663
D#1702534,XAUUSD,100,288230376154316721,288230376152996770,288230376163736264,288230376163735798,184,2026-06-23T14:07:09.000Z,2026-06-23T14:10:13.000Z,-53.6,52.9,-57.1,-3.5,0,0.1,4139.17,4144.75,4144.39,4130.59,SELL,USD,1,1,1583663
D#1702732,XAUUSD,100,288230376154317791,288230376152997397,288230376163741308,288230376163739344,212,2026-06-23T14:12:42.000Z,2026-06-23T14:16:14.000Z,2.93,-3.0,2.57,-0.36,0,0.01,4134.2,4136.91,,,BUY,USD,1,1,1583663
D#1702623,XAUUSD,100,288230376154318273,288230376152997917,288230376163742761,288230376163742760,15,2026-06-23T14:19:12.000Z,2026-06-23T14:19:27.000Z,-52,49.2,-66.0,-14,0,0.4,4138.12,4139.64,4139.28,,SELL,USD,1,1,1583663
D#1671068,XAUUSD,100,288230376154318782,288230376152998110,288230376163744424,288230376163744194,31,2026-06-23T14:22:01.000Z,2026-06-23T14:22:32.000Z,113.5,-117.0,96.0,-17.5,0,0.5,4138.56,4136.51,,,SELL,USD,1,1,1583663
D#1589428,XAUUSD,100,288230376154318838,288230376152976595,288230376163744548,288230376163564568,26386,2026-06-23T07:02:59.000Z,2026-06-23T14:22:45.000Z,54.81,-55.02,53.75,-1.06,0,0.03,4118.22,4136.27,4120.25,4414.12,BUY,USD,1,1,1583663
D#1671068,XAUUSD,100,288230376154318861,288230376152998153,288230376163744618,288230376163744459,20,2026-06-23T14:22:34.000Z,2026-06-23T14:22:54.000Z,112,-115.5,94.5,-17.5,0,0.5,4136.88,4134.86,,,SELL,USD,1,1,1583663
D#1671068,XAUUSD,100,288230376154318959,288230376152998216,288230376163744895,288230376163744835,5,2026-06-23T14:23:17.000Z,2026-06-23T14:23:22.000Z,41.5,-45.0,24.0,-17.5,0,0.5,4138.93,4139.54,,,BUY,USD,1,1,1583663
D#1671068,XAUUSD,100,288230376154319115,288230376152998287,288230376163745392,288230376163745315,10,2026-06-23T14:24:08.000Z,2026-06-23T14:24:18.000Z,111,-114.5,93.5,-17.5,0,0.5,4138.88,4136.88,,,SELL,USD,1,1,1583663
D#1589428,XAUUSD,100,288230376154319162,288230376152998240,288230376163745586,288230376163744994,69,2026-06-23T14:23:34.000Z,2026-06-23T14:24:43.000Z,-122.7,120.60000000000001,-133.2,-10.5,0,0.3,4140.5,4136.19,4135.88,4168.91,BUY,USD,1,1,1583663
D#1702476,XAUUSD,100,288230376154319259,288230376152995886,288230376163745971,288230376163730719,1580,2026-06-23T13:59:11.000Z,2026-06-23T14:25:31.000Z,-46.9,46.199999999999996,-50.4,-3.5,0,0.1,4139.34,4134.43,,,BUY,USD,1,1,1583663
D#1671068,XAUUSD,100,288230376154319279,288230376152998370,288230376163746015,288230376163745892,12,2026-06-23T14:25:23.000Z,2026-06-23T14:25:35.000Z,-52,48.5,-69.5,-17.5,0,0.5,4135.43,4134.17,,,BUY,USD,1,1,1583663
D#1614603,XAUUSD,100,288230376154319381,288230376152996025,288230376163732741,288230376163731462,1559,2026-06-23T14:00:17.000Z,2026-06-23T14:26:16.000Z,-8.22,8.15,-8.58,-0.36,0,0.01,4140.33,4131.89,4132,4160,BUY,USD,1,1,1583663
D#1670973,XAUUSD,100,288230376154319416,288230376152995889,288230376163731685,288230376163730733,1629,2026-06-23T13:59:13.000Z,2026-06-23T14:26:22.000Z,-72.5,71.8,-76.0,-3.5,0,0.1,4138.9,4131.43,4131.77,4151.17,BUY,USD,1,1,1583663
D#1702476,XAUUSD,100,288230376154319498,288230376152998390,288230376163746719,288230376163745984,72,2026-06-23T14:25:33.000Z,2026-06-23T14:26:45.000Z,29.6,-30.3,26.1,-3.5,0,0.1,4134.49,4131.75,,,SELL,USD,1,1,1583663
D#1645671,XAUUSD,100,288230376154319502,288230376152996539,288230376163745968,288230376163734356,1331,2026-06-23T14:04:35.000Z,2026-06-23T14:26:46.000Z,47.36,-47.92,44.56,-2.8,0,0.08,4138.45,4132.75,4132.49,4124.16,SELL,USD,1,1,1583663
D#1671068,XAUUSD,100,288230376154319649,288230376152998555,288230376163747226,288230376163747124,10,2026-06-23T14:27:32.000Z,2026-06-23T14:27:42.000Z,82,-85.5,64.5,-17.5,0,0.5,4132.26,4130.84,,,SELL,USD,1,1,1583663
D#1702732,XAUUSD,100,288230376154319686,288230376152997824,288230376163747345,288230376163742292,577,2026-06-23T14:18:19.000Z,2026-06-23T14:27:56.000Z,4.52,-4.59,4.16,-0.36,0,0.01,4134.37,4130.07,,,SELL,USD,1,1,1583663
D#1671068,XAUUSD,100,288230376154319721,288230376152998598,288230376163747454,288230376163747416,3,2026-06-23T14:28:02.000Z,2026-06-23T14:28:05.000Z,48.5,-52.0,31.0,-17.5,0,0.5,4130.25,4129.5,,,SELL,USD,1,1,1583663
D#1702428,XAUUSD,100,288230376154319733,288230376152996396,288230376163733954,288230376163733433,1504,2026-06-23T14:03:03.000Z,2026-06-23T14:28:07.000Z,-57.2,56.5,-60.7,-3.5,0,0.1,4134.89,4128.95,4129.13,4145.51,BUY,USD,1,1,1583663
D#1702405,XAUUSD,100,288230376154319898,288230376152998033,288230376163748194,288230376163743574,524,2026-06-23T14:20:36.000Z,2026-06-23T14:29:20.000Z,-26.16,25.95,-27.22,-1.06,0,0.03,4139.89,4130.95,4127.51,4147.08,BUY,USD,1,1,1583663
D#1671068,XAUUSD,100,288230376154319902,288230376152998697,288230376163748218,288230376163748171,7,2026-06-23T14:29:16.000Z,2026-06-23T14:29:23.000Z,22,-25.5,4.5,-17.5,0,0.5,4130.96,4131.18,,,BUY,USD,1,1,1583663
D#1702546,XAUUSD,100,288230376154320143,288230376152995328,288230376163727922,288230376163727625,2182,2026-06-23T13:54:35.000Z,2026-06-23T14:30:57.000Z,-49.3,48.949999999999996,-51.06,-1.76,0,0.05,4138.44,4128.36,4128.51,,BUY,USD,1,1,1583663
D#1671068,XAUUSD,100,288230376154320247,288230376152998852,288230376163749371,288230376163749158,17,2026-06-23T14:31:05.000Z,2026-06-23T14:31:22.000Z,23.5,-27.0,6.0,-17.5,0,0.5,4129.38,4129.13,,,SELL,USD,1,1,1583663
D#1670973,XAUUSD,100,288230376154320551,288230376152998524,288230376163747479,288230376163746871,348,2026-06-23T14:27:01.000Z,2026-06-23T14:32:49.000Z,-56.7,56.0,-60.2,-3.5,0,0.1,4133.18,4127.29,4127.39,4145.09,BUY,USD,1,1,1583663
D#1702405,XAUUSD,100,288230376154320627,288230376152998940,288230376163750556,288230376163749636,84,2026-06-23T14:31:49.000Z,2026-06-23T14:33:13.000Z,3.69,-3.9,2.63,-1.06,0,0.03,4129.12,4128.11,4143.43,4118.82,SELL,USD,1,1,1583663
D#1671068,XAUUSD,100,288230376154320639,288230376152999002,288230376163750598,288230376163749939,63,2026-06-23T14:32:14.000Z,2026-06-23T14:33:17.000Z,24.5,-28.0,7.0,-17.5,0,0.5,4128.47,4128.2,,,SELL,USD,1,1,1583663
D#1670874,XAUUSD,100,288230376154320711,288230376152998898,288230376163749593,288230376163749403,155,2026-06-23T14:31:25.000Z,2026-06-23T14:34:00.000Z,96.5,-100.0,79.0,-17.5,0,0.5,4128.63,4126.92,,4126.77,SELL,USD,1,1,1583663
D#1589428,XAUUSD,100,288230376154320717,288230376152998583,288230376163750934,288230376163747287,371,2026-06-23T14:27:50.000Z,2026-06-23T14:34:01.000Z,-103.5,101.4,-114.0,-10.5,0,0.3,4130.5,4126.83,,4165.34,BUY,USD,1,1,1583663
D#1702526,XAUUSD,100,288230376154320722,288230376152995074,288230376163726432,288230376163726070,2491,2026-06-23T13:52:32.000Z,2026-06-23T14:34:03.000Z,-22.88,22.74,-23.58,-0.7,0,0.02,4137.82,4126.16,4126.76,4198.17,BUY,USD,1,1,1583663
D#1670964,XAUUSD,100,288230376154320749,288230376152997471,288230376163739750,288230376163739537,1240,2026-06-23T14:13:25.000Z,2026-06-23T14:34:05.000Z,-49.36,49.08,-50.76,-1.4,0,0.04,4136.93,4124.37,4124.73,4166.82,BUY,USD,1,1,1583663
D#1671068,XAUUSD,100,288230376154320764,288230376152999135,288230376163750999,288230376163750966,3,2026-06-23T14:34:03.000Z,2026-06-23T14:34:06.000Z,36.5,-40.0,19.0,-17.5,0,0.5,4125.95,4125.44,,,SELL,USD,1,1,1583663
D#1702362,XAUUSD,100,288230376154320799,288230376152994839,288230376163751118,288230376163724642,2631,2026-06-23T13:50:30.000Z,2026-06-23T14:34:21.000Z,-95.55,94.5,-100.81,-5.26,0,0.15,4132.2,4125.61,,,BUY,USD,1,1,1583663
D#1702699,XAUUSD,100,288230376154320831,288230376152997585,288230376163751274,288230376163740436,1202,2026-06-23T14:14:39.000Z,2026-06-23T14:34:41.000Z,111.6,-112.3,108.1,-3.5,0,0.1,4136.75,4125.81,4136.89,4108.11,SELL,USD,1,1,1583663
D#1702396,XAUUSD,100,288230376154320877,288230376152997640,288230376163751457,288230376163740790,1183,2026-06-23T14:15:17.000Z,2026-06-23T14:35:00.000Z,69.84,-70.4,67.04,-2.8,0,0.08,4135.61,4127.1,,,SELL,USD,1,1,1583663
D#1702476,XAUUSD,100,288230376154320975,288230376152998510,288230376163751795,288230376163746773,530,2026-06-23T14:26:50.000Z,2026-06-23T14:35:40.000Z,58,-58.7,54.5,-3.5,0,0.1,4132.53,4126.95,,,SELL,USD,1,1,1583663
D#1671068,XAUUSD,100,288230376154321063,288230376152999285,288230376163752071,288230376163751964,11,2026-06-23T14:35:58.000Z,2026-06-23T14:36:09.000Z,45,-48.5,27.5,-17.5,0,0.5,4127.99,4128.67,,,BUY,USD,1,1,1583663
D#1702355,XAUUSD,100,288230376154321272,288230376152999152,288230376163752767,288230376163751065,187,2026-06-23T14:34:13.000Z,2026-06-23T14:37:20.000Z,-44.8,43.4,-51.8,-7,0,0.2,4125.27,4127.73,,,SELL,USD,1,1,1583663
D#1671052,XAUUSD,100,288230376154321357,288230376152999428,288230376163753215,288230376163752974,34,2026-06-23T14:37:40.000Z,2026-06-23T14:38:14.000Z,4.6,-5.3,1.1,-3.5,0,0.1,4127.51,4127.27,,,SELL,USD,1,1,1583663
D#1671084,XAUUSD,100,288230376154321601,288230376152995945,288230376163753749,288230376163731068,2365,2026-06-23T13:59:45.000Z,2026-06-23T14:39:10.000Z,249.2,-250.6,242.2,-7,0,0.2,4136.32,4124.08,4146.26,4109.36,SELL,USD,1,1,1583663
D#1645671,XAUUSD,100,288230376154321680,288230376152998766,288230376163749952,288230376163748690,559,2026-06-23T14:30:19.000Z,2026-06-23T14:39:38.000Z,55.2,-55.760000000000005,52.4,-2.8,0,0.08,4131.57,4124.89,4124.84,4119.33,SELL,USD,1,1,1583663
D#1671052,XAUUSD,100,288230376154321787,288230376152999570,288230376163754200,288230376163753777,61,2026-06-23T14:39:13.000Z,2026-06-23T14:40:14.000Z,-67.5,65.75,-76.26,-8.76,0,0.25,4124.19,4127.11,4126.77,4119.79,SELL,USD,1,1,1583663
D#1671068,XAUUSD,100,288230376154321788,288230376152999624,288230376163754382,288230376163754204,19,2026-06-23T14:39:55.000Z,2026-06-23T14:40:14.000Z,-127,123.5,-144.5,-17.5,0,0.5,4124.22,4126.98,,,SELL,USD,1,1,1583663
D#1671068,XAUUSD,100,288230376154321858,288230376152999660,288230376163754576,288230376163754429,10,2026-06-23T14:40:18.000Z,2026-06-23T14:40:28.000Z,-116,112.5,-133.5,-17.5,0,0.5,4126.13,4123.59,,,BUY,USD,1,1,1583663
D#1671068,XAUUSD,100,288230376154321889,288230376152999695,288230376163754699,288230376163754600,11,2026-06-23T14:40:30.000Z,2026-06-23T14:40:41.000Z,24.5,-28.0,7.0,-17.5,0,0.5,4124.19,4123.92,,,SELL,USD,1,1,1583663
D#1702355,XAUUSD,100,288230376154321894,288230376152999654,288230376163754728,288230376163754383,32,2026-06-23T14:40:14.000Z,2026-06-23T14:40:46.000Z,-51.6,50.2,-58.6,-7,0,0.2,4126.69,4123.89,,,BUY,USD,1,1,1583663
D#1702476,XAUUSD,100,288230376154322502,288230376152999975,288230376163757219,288230376163756839,53,2026-06-23T14:45:05.000Z,2026-06-23T14:45:58.000Z,-0.1,-0.6000000000000001,-3.6,-3.5,0,0.1,4126.26,4126.03,,,BUY,USD,1,1,1583663
D#1702476,XAUUSD,100,288230376154322539,288230376153000027,288230376163757388,288230376163757252,16,2026-06-23T14:46:00.000Z,2026-06-23T14:46:16.000Z,-19.6,18.900000000000002,-23.1,-3.5,0,0.1,4125.9,4128.08,,,SELL,USD,1,1,1583663
D#1670988,XAUUSD,100,288230376154322548,288230376153000017,288230376163757430,288230376163757176,30,2026-06-23T14:45:51.000Z,2026-06-23T14:46:21.000Z,3.6,-3.74,2.9,-0.7,0,0.02,4126.49,4128.07,,,BUY,USD,1,1,1583663
D#1702476,XAUUSD,100,288230376154322621,288230376153000046,288230376163757712,288230376163757415,35,2026-06-23T14:46:19.000Z,2026-06-23T14:46:54.000Z,-7.4,6.7,-10.9,-3.5,0,0.1,4128.17,4127.21,,,BUY,USD,1,1,1583663
D#1702623,XAUUSD,100,288230376154322763,288230376153000115,288230376163757969,288230376163757966,55,2026-06-23T14:47:22.000Z,2026-06-23T14:48:17.000Z,-23.6,20.8,-37.6,-14,0,0.4,4126.51,4125.7,4125.24,4129.37,BUY,USD,1,1,1583663
D#1702625,XAUUSD,100,288230376154322765,288230376153000059,288230376163758360,288230376163757493,111,2026-06-23T14:46:27.000Z,2026-06-23T14:48:18.000Z,-52.44,50.83,-60.5,-8.06,0,0.23,4128.27,4125.77,4124.78,4133.33,BUY,USD,1,1,1583663
D#1702550,XAUUSD,100,288230376154322767,288230376153000118,288230376163758372,288230376163757999,52,2026-06-23T14:47:28.000Z,2026-06-23T14:48:20.000Z,-1.62,1.55,-1.98,-0.36,0,0.01,4127.47,4125.63,,,BUY,USD,1,1,1583663
D#1702558,XAUUSD,100,288230376154323059,288230376153000097,288230376163757809,288230376163757807,192,2026-06-23T14:47:06.000Z,2026-06-23T14:50:18.000Z,-60.6,59.2,-67.6,-7,0,0.2,4127.34,4124.09,4124.29,4132.76,BUY,USD,1,1,1583663
D#1702625,XAUUSD,100,288230376154323093,288230376153000153,288230376163759487,288230376163758389,127,2026-06-23T14:48:23.000Z,2026-06-23T14:50:30.000Z,-26.5,24.75,-35.26,-8.76,0,0.25,4126.06,4124.78,4123.72,4130.84,BUY,USD,1,1,1583663
D#1671052,XAUUSD,100,288230376154323314,288230376152999766,288230376163760007,288230376163755345,552,2026-06-23T14:42:04.000Z,2026-06-23T14:51:16.000Z,176,-178.8,162.0,-14,0,0.4,4124.49,4128.67,4121.37,4130.34,BUY,USD,1,1,1583663
D#1702625,XAUUSD,100,288230376154323339,288230376153000365,288230376163759752,288230376163759551,43,2026-06-23T14:50:36.000Z,2026-06-23T14:51:19.000Z,130.75,-132.5,121.99,-8.76,0,0.25,4124.9,4129.91,4123.53,4129.62,BUY,USD,1,1,1583663
D#1702550,XAUUSD,100,288230376154323346,288230376153000157,288230376163760054,288230376163758411,174,2026-06-23T14:48:27.000Z,2026-06-23T14:51:21.000Z,69.4,-70.80000000000001,62.4,-7,0,0.2,4126.69,4129.94,4123.16,4131.7,BUY,USD,1,1,1583663
D#1702675,XAUUSD,100,288230376154323347,288230376153000306,288230376163760057,288230376163759280,74,2026-06-23T14:50:07.000Z,2026-06-23T14:51:21.000Z,55.02,-56.0,50.12,-4.9,0,0.14,4126.16,4129.87,,,BUY,USD,1,1,1583663
D#1645671,XAUUSD,100,288230376154323489,288230376152999843,288230376163760186,288230376163755921,532,2026-06-23T14:43:16.000Z,2026-06-23T14:52:08.000Z,7.44,-8.0,4.64,-2.8,0,0.08,4127.47,4128.18,4128.25,4135.88,BUY,USD,1,1,1583663
D#1702625,XAUUSD,100,288230376154323668,288230376153000492,288230376163761154,288230376163760192,102,2026-06-23T14:51:36.000Z,2026-06-23T14:53:18.000Z,20.75,-22.5,11.99,-8.76,0,0.25,4129.1,4129.71,4127.1,4133.77,BUY,USD,1,1,1583663
D#1702625,XAUUSD,100,288230376154323841,288230376153000652,288230376163761391,288230376163761166,54,2026-06-23T14:53:20.000Z,2026-06-23T14:54:14.000Z,-68.73,66.7,-78.89,-10.16,0,0.29,4129.8,4127.21,4127.79,4133.92,BUY,USD,1,1,1583663
D#1702625,XAUUSD,100,288230376154324198,288230376153000733,288230376163761818,288230376163761681,136,2026-06-23T14:54:17.000Z,2026-06-23T14:56:33.000Z,-55.42,53.04,-67.32,-11.9,0,0.34,4127.32,4125.47,4125.89,4130.78,BUY,USD,1,1,1583663
D#1702625,XAUUSD,100,288230376154324442,288230376153000947,288230376163763894,288230376163763292,88,2026-06-23T14:57:14.000Z,2026-06-23T14:58:42.000Z,29.28,-31.94,15.98,-13.3,0,0.38,4127.3,4127.79,4125.76,4131.6,BUY,USD,1,1,1583663
D#1702363,XAUUSD,100,288230376154324455,288230376152978443,288230376163763990,288230376163528716,25371,2026-06-23T07:56:08.000Z,2026-06-23T14:58:59.000Z,316.2,-316.9,312.7,-3.5,0,0.1,4097.84,4129.24,,,BUY,USD,1,1,1583663
D#1645671,XAUUSD,100,288230376154324506,288230376153000795,288230376163763725,288230376163762122,282,2026-06-23T14:55:06.000Z,2026-06-23T14:59:48.000Z,-12.88,12.32,-15.68,-2.8,0,0.08,4128.23,4130.06,4129.86,4123.04,SELL,USD,1,1,1583663
D#1702625,XAUUSD,100,288230376154324590,288230376153001020,288230376163764029,288230376163763910,99,2026-06-23T14:58:44.000Z,2026-06-23T15:00:23.000Z,129.2,-132.0,115.2,-14,0,0.4,4128.1,4131.11,4127.18,4131.12,BUY,USD,1,1,1583663
D#1589455,XAUUSD,100,288230376154324608,288230376152999141,288230376163751112,288230376163751001,1581,2026-06-23T14:34:06.000Z,2026-06-23T15:00:27.000Z,-65.3,64.6,-68.8,-3.5,0,0.1,4125.32,4132.07,4131.94,4114.96,SELL,USD,1,1,1583663
D#1702625,XAUUSD,100,288230376154324712,288230376153001126,288230376163764956,288230376163764857,15,2026-06-23T15:00:58.000Z,2026-06-23T15:01:13.000Z,123.2,-126.0,109.2,-14,0,0.4,4129.93,4132.79,4129.34,4132.86,BUY,USD,1,1,1583663
D#1702558,XAUUSD,100,288230376154324717,288230376153000423,288230376163759840,288230376163759830,610,2026-06-23T14:51:04.000Z,2026-06-23T15:01:14.000Z,110.4,-111.80000000000001,103.4,-7,0,0.2,4127.69,4132.99,4126.33,4133.08,BUY,USD,1,1,1583663
D#1670951,XAUUSD,100,288230376154324742,288230376152997387,288230376163748178,288230376163739259,2925,2026-06-23T14:12:31.000Z,2026-06-23T15:01:16.000Z,1.8,-2.5,-1.7,-3.5,0,0.1,4133.86,4133.9,4133.61,4105.8,SELL,USD,1,1,1583663
D#1702705,XAUUSD,100,288230376154324780,288230376152999209,288230376163765054,288230376163751449,1581,2026-06-23T14:35:00.000Z,2026-06-23T15:01:21.000Z,-106.65,105.60000000000001,-111.91,-5.26,0,0.15,4126.91,4134.24,,4119.84,SELL,USD,1,1,1583663
D#1614603,XAUUSD,100,288230376154324791,288230376153000946,288230376163765088,288230376163763290,252,2026-06-23T14:57:14.000Z,2026-06-23T15:01:26.000Z,99.1,-100.5,92.1,-7,0,0.2,4127.3,4133.16,,,BUY,USD,1,1,1583663
D#1702355,XAUUSD,100,288230376154324869,288230376153001174,288230376163765449,288230376163765097,45,2026-06-23T15:01:27.000Z,2026-06-23T15:02:12.000Z,5.8,-7.2,-1.2,-7,0,0.2,4133.29,4133.36,,,BUY,USD,1,1,1583663
D#1671052,XAUUSD,100,288230376154324888,288230376153000534,288230376163765559,288230376163760432,629,2026-06-23T14:51:57.000Z,2026-06-23T15:02:26.000Z,-232,229.2,-246.0,-14,0,0.4,4128.37,4134.39,,4124.58,SELL,USD,1,1,1583663
D#1702675,XAUUSD,100,288230376154325018,288230376153000552,288230376163766159,288230376163760547,692,2026-06-23T14:52:11.000Z,2026-06-23T15:03:43.000Z,122.43,-123.9,115.07,-7.36,0,0.21,4127.96,4133.57,4119.46,4145.79,BUY,USD,1,1,1583663
D#1671052,XAUUSD,100,288230376154325367,288230376153001236,288230376163767412,288230376163765681,218,2026-06-23T15:02:42.000Z,2026-06-23T15:06:20.000Z,-22.8,20.0,-36.8,-14,0,0.4,4133.38,4132.59,,4144.28,BUY,USD,1,1,1583663
D#1702625,XAUUSD,100,288230376154325401,288230376153001179,288230376163765358,288230376163765161,297,2026-06-23T15:01:35.000Z,2026-06-23T15:06:32.000Z,-44.45,42.0,-56.71,-12.26,0,0.35,4132.7,4131.21,4131.34,4136.18,BUY,USD,1,1,1583663
D#1702515,XAUUSD,100,288230376154325417,288230376153001213,288230376163766001,288230376163765452,265,2026-06-23T15:02:12.000Z,2026-06-23T15:06:37.000Z,159.6,-162.4,145.6,-14,0,0.4,4133.36,4129.59,,4129.55,SELL,USD,1,1,1583663
D#1589455,XAUUSD,100,288230376154325519,288230376153001162,288230376163765138,288230376163765040,361,2026-06-23T15:01:20.000Z,2026-06-23T15:07:21.000Z,-51.1,50.4,-54.6,-3.5,0,0.1,4134.31,4128.98,4128.79,4145.39,BUY,USD,1,1,1583663
D#1645671,XAUUSD,100,288230376154325539,288230376153001257,288230376163767875,288230376163765863,261,2026-06-23T15:03:05.000Z,2026-06-23T15:07:26.000Z,31.84,-32.4,29.04,-2.8,0,0.08,4133.59,4129.83,4129.93,4124.74,SELL,USD,1,1,1583663
D#1702625,XAUUSD,100,288230376154325609,288230376153001498,288230376163767691,288230376163767605,105,2026-06-23T15:06:43.000Z,2026-06-23T15:08:28.000Z,-93.98,91.39,-106.94,-12.96,0,0.37,4130.27,4127.51,4128.34,4133.47,BUY,USD,1,1,1583663
D#1702697,XAUUSD,100,288230376154325621,288230376153001558,288230376163768391,288230376163768159,33,2026-06-23T15:07:57.000Z,2026-06-23T15:08:30.000Z,-64.4,63.00000000000001,-71.4,-7,0,0.2,4130.52,4127.08,4126.83,,BUY,USD,1,1,1583663
D#1702403,XAUUSD,100,288230376154325746,288230376153001401,288230376163767096,288230376163766990,236,2026-06-23T15:05:26.000Z,2026-06-23T15:09:22.000Z,100.5,-101.2,97.0,-3.5,0,0.1,4134.36,4124.53,4139.23,4124.35,SELL,USD,1,1,1583663
D#1670882,XAUUSD,100,288230376154325784,288230376153001314,288230376163768970,288230376163766428,322,2026-06-23T15:04:17.000Z,2026-06-23T15:09:39.000Z,-93,92.3,-96.5,-3.5,0,0.1,4133.46,4123.94,,,BUY,USD,1,1,1583663
D#1702428,XAUUSD,100,288230376154325807,288230376152999882,288230376163756341,288230376163756138,1580,2026-06-23T14:43:40.000Z,2026-06-23T15:10:00.000Z,-37.2,36.5,-40.7,-3.5,0,0.1,4128.15,4124.21,4123.79,4136.19,BUY,USD,1,1,1583663
D#1702438,XAUUSD,100,288230376154326009,288230376152996608,288230376163770021,288230376163734750,4010,2026-06-23T14:05:14.000Z,2026-06-23T15:12:04.000Z,24.82,-24.96,24.12,-0.7,0,0.02,4138.11,4125.92,4147.31,4114.83,SELL,USD,1,1,1583663
D#1702558,XAUUSD,100,288230376154326212,288230376153001811,288230376163770129,288230376163770124,135,2026-06-23T15:12:16.000Z,2026-06-23T15:14:31.000Z,-40.8,39.4,-47.8,-7,0,0.2,4126.08,4128.34,4128.23,4120.9,SELL,USD,1,1,1583663
D#1645671,XAUUSD,100,288230376154326265,288230376153001740,288230376163770293,288230376163769605,248,2026-06-23T15:11:03.000Z,2026-06-23T15:15:11.000Z,10.96,-11.520000000000001,8.16,-2.8,0,0.08,4126.91,4128.06,4128.27,4132.26,BUY,USD,1,1,1583663
D#1702625,XAUUSD,100,288230376154326326,288230376153001593,288230376163768842,288230376163768480,435,2026-06-23T15:08:38.000Z,2026-06-23T15:15:53.000Z,125.43,-128.02,112.47,-12.96,0,0.37,4126.24,4129.41,4123.61,4129.49,BUY,USD,1,1,1583663
D#1589455,XAUUSD,100,288230376154326332,288230376153001592,288230376163768623,288230376163768479,437,2026-06-23T15:08:38.000Z,2026-06-23T15:15:55.000Z,-34.9,34.199999999999996,-38.4,-3.5,0,0.1,4126.26,4129.97,4129.84,4115.44,SELL,USD,1,1,1583663
D#1702625,XAUUSD,100,288230376154326391,288230376153001981,288230376163771758,288230376163771688,63,2026-06-23T15:16:00.000Z,2026-06-23T15:17:03.000Z,-38.48,35.89,-51.44,-12.96,0,0.37,4129.13,4130.39,4130.09,4125.9,SELL,USD,1,1,1583663
D#1645671,XAUUSD,100,288230376154326584,288230376153001968,288230376163772821,288230376163771529,186,2026-06-23T15:15:39.000Z,2026-06-23T15:18:45.000Z,-4.24,3.68,-7.04,-2.8,0,0.08,4127.86,4128.61,,,SELL,USD,1,1,1583663
D#1702625,XAUUSD,100,288230376154326662,288230376153002028,288230376163773090,288230376163772178,120,2026-06-23T15:17:17.000Z,2026-06-23T15:19:17.000Z,83.85,-86.58,70.19,-13.66,0,0.39,4129.72,4127.79,4131.21,4126.63,SELL,USD,1,1,1583663
D#1702558,XAUUSD,100,288230376154326688,288230376153001963,288230376163772889,288230376163771414,247,2026-06-23T15:15:23.000Z,2026-06-23T15:19:30.000Z,-30,28.6,-37.0,-7,0,0.2,4127.43,4129.15,4129.04,4122.29,SELL,USD,1,1,1583663
D#1702625,XAUUSD,100,288230376154326825,288230376153002193,288230376163773697,288230376163773317,54,2026-06-23T15:19:54.000Z,2026-06-23T15:20:48.000Z,49.53,-52.26,35.87,-13.66,0,0.39,4127.64,4128.69,4126.78,4130.69,BUY,USD,1,1,1583663
D#1702625,XAUUSD,100,288230376154326866,288230376153002261,288230376163773891,288230376163773827,23,2026-06-23T15:21:04.000Z,2026-06-23T15:21:27.000Z,-37.83,35.1,-51.49,-13.66,0,0.39,4128.46,4127.27,4127.39,,BUY,USD,1,1,1583663
D#1702625,XAUUSD,100,288230376154327029,288230376153002305,288230376163774368,288230376163774184,70,2026-06-23T15:21:53.000Z,2026-06-23T15:23:03.000Z,-49.14,46.410000000000004,-62.8,-13.66,0,0.39,4125.62,4124.14,4124.52,4128.65,BUY,USD,1,1,1583663
D#1702751,XAUUSD,100,288230376154327064,288230376153002047,288230376163774782,288230376163772359,335,2026-06-23T15:17:46.000Z,2026-06-23T15:23:21.000Z,-38.08,37.519999999999996,-40.88,-2.8,0,0.08,4129.55,4124.57,,4143.71,BUY,USD,1,1,1583663
D#1589455,XAUUSD,100,288230376154327079,288230376153002145,288230376163774848,288230376163772987,269,2026-06-23T15:19:04.000Z,2026-06-23T15:23:33.000Z,107.7,-109.8,97.2,-10.5,0,0.3,4127.73,4124.36,4132.12,4123.94,SELL,USD,1,1,1583663
D#1702625,XAUUSD,100,288230376154327087,288230376153002370,288230376163774814,288230376163774753,21,2026-06-23T15:23:15.000Z,2026-06-23T15:23:36.000Z,-43.29,40.56,-56.95,-13.66,0,0.39,4125.28,4123.95,4124.08,,BUY,USD,1,1,1583663
D#1702558,XAUUSD,100,288230376154327109,288230376153002252,288230376163775062,288230376163773766,193,2026-06-23T15:20:57.000Z,2026-06-23T15:24:10.000Z,84.4,-85.80000000000001,77.4,-7,0,0.2,4128.68,4124.68,,4123.29,SELL,USD,1,1,1583663
D#1702625,XAUUSD,100,288230376154327150,288230376153002384,288230376163775180,288230376163774964,35,2026-06-23T15:23:53.000Z,2026-06-23T15:24:28.000Z,4.68,-8.32,-13.52,-18.2,0,0.52,4124.4,4124.53,4125.13,4123.11,SELL,USD,1,1,1583663
D#1702625,XAUUSD,100,288230376154327199,288230376153002410,288230376163775394,288230376163775207,30,2026-06-23T15:24:32.000Z,2026-06-23T15:25:02.000Z,-48.45,44.46,-68.41,-19.96,0,0.57,4124.45,4125.52,,,SELL,USD,1,1,1583663
D#1702625,XAUUSD,100,288230376154327268,288230376153002447,288230376163775601,288230376163775500,23,2026-06-23T15:25:15.000Z,2026-06-23T15:25:38.000Z,-66.69,62.699999999999996,-86.65,-19.96,0,0.57,4124.3,4125.69,4125.46,,SELL,USD,1,1,1583663
D#1702625,XAUUSD,100,288230376154327285,288230376153002463,288230376163775728,288230376163775705,4,2026-06-23T15:25:46.000Z,2026-06-23T15:25:50.000Z,-10.45,6.599999999999999,-29.71,-19.26,0,0.55,4125.19,4125.6,,,SELL,USD,1,1,1583663
D#1702466,XAUUSD,100,288230376154327319,288230376153002132,288230376163775837,288230376163772903,430,2026-06-23T15:18:57.000Z,2026-06-23T15:26:07.000Z,19.6,-21.0,12.6,-7,0,0.2,4127.62,4126.86,4127.3,4122.5,SELL,USD,1,1,1583663
D#1702476,XAUUSD,100,288230376154327355,288230376153000087,288230376163776037,288230376163757728,2382,2026-06-23T14:46:56.000Z,2026-06-23T15:26:38.000Z,6.9,-7.6000000000000005,3.4,-3.5,0,0.1,4127.24,4126.77,,,SELL,USD,1,1,1583663
D#1702751,XAUUSD,100,288230376154327467,288230376153002378,288230376163776613,288230376163774845,278,2026-06-23T15:23:33.000Z,2026-06-23T15:28:11.000Z,-16.56,15.999999999999998,-19.36,-2.8,0,0.08,4124.54,4126.83,,4109.97,SELL,USD,1,1,1583663
D#1702404,XAUUSD,100,288230376154327625,288230376153002362,288230376163774973,288230376163774720,442,2026-06-23T15:23:10.000Z,2026-06-23T15:30:32.000Z,-26.75,26.4,-28.51,-1.76,0,0.05,4124.56,4130.13,4130.16,4113.48,SELL,USD,1,1,1583663
D#1645671,XAUUSD,100,288230376154327657,288230376153002311,288230376163777525,288230376163774251,518,2026-06-23T15:22:03.000Z,2026-06-23T15:30:41.000Z,37.28,-37.84,34.48,-2.8,0,0.08,4125.7,4130.14,,,BUY,USD,1,1,1583663
D#1589455,XAUUSD,100,288230376154327673,288230376153002485,288230376163776079,288230376163775985,253,2026-06-23T15:26:31.000Z,2026-06-23T15:30:44.000Z,-108.3,106.2,-118.8,-10.5,0,0.3,4127.13,4130.96,4130.78,4123.83,SELL,USD,1,1,1583663
D#1702697,XAUUSD,100,288230376154327964,288230376153001601,288230376163769104,288230376163768555,1458,2026-06-23T15:08:47.000Z,2026-06-23T15:33:05.000Z,206.8,-208.20000000000002,199.8,-7,0,0.2,4124.72,4134.84,4121.93,4134.64,BUY,USD,1,1,1583663
D#1702403,XAUUSD,100,288230376154327962,288230376153001955,288230376163771460,288230376163771359,1070,2026-06-23T15:15:15.000Z,2026-06-23T15:33:05.000Z,-68.3,67.6,-71.8,-3.5,0,0.1,4127.99,4135.04,4134.75,4117.96,SELL,USD,1,1,1583663
D#1670964,XAUUSD,100,288230376154328006,288230376153002629,288230376163777374,288230376163777012,168,2026-06-23T15:30:19.000Z,2026-06-23T15:33:07.000Z,-50.47,49.98,-52.93,-2.46,0,0.07,4128.85,4136.28,4135.81,4111.39,SELL,USD,1,1,1583663
D#1702428,XAUUSD,100,288230376154328009,288230376153002424,288230376163776000,288230376163775301,500,2026-06-23T15:24:48.000Z,2026-06-23T15:33:08.000Z,109,-109.7,105.5,-3.5,0,0.1,4125.29,4135.97,4122.13,4135.5,BUY,USD,1,1,1583663
D#1702454,XAUUSD,100,288230376154328021,288230376153002617,288230376163778634,288230376163777288,184,2026-06-23T15:30:07.000Z,2026-06-23T15:33:11.000Z,-410,406.5,-427.5,-17.5,0,0.5,4126.82,4135.24,,,SELL,USD,1,1,1583663
D#1702373,XAUUSD,100,288230376154328145,288230376153002800,288230376163779129,288230376163778696,64,2026-06-23T15:33:18.000Z,2026-06-23T15:34:22.000Z,3.04,-3.3200000000000003,1.64,-1.4,0,0.04,4134.69,4134.15,4138.26,,SELL,USD,1,1,1583663
D#1702708,XAUUSD,100,288230376154328154,288230376152995926,288230376163779178,288230376163730959,5696,2026-06-23T13:59:34.000Z,2026-06-23T15:34:30.000Z,5.8,-5.9399999999999995,5.1,-0.7,0,0.02,4136.7,4134.02,4145.7,4051.02,SELL,USD,1,1,1583663
D#1702405,XAUUSD,100,288230376154328385,288230376152999203,288230376163780432,288230376163751404,3776,2026-06-23T14:34:56.000Z,2026-06-23T15:37:52.000Z,-22.2,21.99,-23.26,-1.06,0,0.03,4126.88,4134.5,4143.43,4109.93,SELL,USD,1,1,1583663
D#1702404,XAUUSD,100,288230376154328668,288230376153002753,288230376163778705,288230376163778337,431,2026-06-23T15:32:35.000Z,2026-06-23T15:39:46.000Z,-28.9,28.549999999999997,-30.66,-1.76,0,0.05,4131.04,4137.04,4136.84,4119.15,SELL,USD,1,1,1583663
D#1702373,XAUUSD,100,288230376154328707,288230376153002854,288230376163779335,288230376163779186,329,2026-06-23T15:34:31.000Z,2026-06-23T15:40:00.000Z,-38.9,38.199999999999996,-42.4,-3.5,0,0.1,4133.67,4137.78,4137.46,,SELL,USD,1,1,1583663
D#1702675,XAUUSD,100,288230376154328773,288230376153001446,288230376163781580,288230376163767320,2052,2026-06-23T15:06:09.000Z,2026-06-23T15:40:21.000Z,150,-151.75,141.24,-8.76,0,0.25,4132.34,4138.12,4106.26,4143.49,BUY,USD,1,1,1583663
D#1670973,XAUUSD,100,288230376154328816,288230376153000060,288230376163781779,288230376163757494,3264,2026-06-23T14:46:27.000Z,2026-06-23T15:40:51.000Z,-99.8,99.1,-103.3,-3.5,0,0.1,4128.1,4138.3,4141.05,4106,SELL,USD,1,1,1583663
D#1702438,XAUUSD,100,288230376154328834,288230376153001798,288230376163770243,288230376163770050,1739,2026-06-23T15:12:08.000Z,2026-06-23T15:41:07.000Z,51.36,-51.64,49.96,-1.4,0,0.04,4126.23,4138.85,4116.14,4138.9,BUY,USD,1,1,1583663
D#1702558,XAUUSD,100,288230376154329036,288230376153002517,288230376163782685,288230376163776275,937,2026-06-23T15:27:14.000Z,2026-06-23T15:42:51.000Z,-208.8,207.75,-214.06,-5.26,0,0.15,4126.72,4140.86,,4119.49,SELL,USD,1,1,1583663
D#1702428,XAUUSD,100,288230376154329497,288230376153003313,288230376163785141,288230376163783313,309,2026-06-23T15:44:22.000Z,2026-06-23T15:49:31.000Z,-64.9,64.2,-68.4,-3.5,0,0.1,4140.76,4134.05,,,BUY,USD,1,1,1583663
D#1702428,XAUUSD,100,288230376154329513,288230376153003500,288230376163785258,288230376163785248,2,2026-06-23T15:49:49.000Z,2026-06-23T15:49:51.000Z,6,-10.2,-15.0,-21,0,0.6,4135.12,4135,,,BUY,USD,1,1,1583663
D#1589455,XAUUSD,100,288230376154329983,288230376153003498,288230376163785289,288230376163785226,484,2026-06-23T15:49:46.000Z,2026-06-23T15:57:50.000Z,-111,108.9,-121.5,-10.5,0,0.3,4134.89,4138.81,4138.73,4131.35,SELL,USD,1,1,1583663
D#1589455,XAUUSD,100,288230376154330219,288230376153003823,288230376163789229,288230376163788895,58,2026-06-23T16:00:43.000Z,2026-06-23T16:01:41.000Z,-37.2,35.1,-47.7,-10.5,0,0.3,4139.48,4138.02,4136.32,4142.94,BUY,USD,1,1,1583663
D#1670882,XAUUSD,100,288230376154330228,288230376153002773,288230376163789310,288230376163778471,1745,2026-06-23T15:32:53.000Z,2026-06-23T16:01:58.000Z,33.85,-34.2,32.09,-1.76,0,0.05,4131.91,4138.46,4125,4150,BUY,USD,1,1,1583663
D#1614609,XAUUSD,100,288230376154330281,288230376153003819,288230376163789034,288230376163788865,130,2026-06-23T16:00:39.000Z,2026-06-23T16:02:49.000Z,-119.5,116.0,-137.0,-17.5,0,0.5,4139.37,4136.76,4136.9,4142.77,BUY,USD,1,1,1583663
D#1702403,XAUUSD,100,288230376154330309,288230376153003552,288230376163789775,288230376163785868,701,2026-06-23T15:51:44.000Z,2026-06-23T16:03:25.000Z,7.7,-8.4,4.2,-3.5,0,0.1,4136.88,4137.43,4128.74,4148.5,BUY,USD,1,1,1583663
D#1702561,XAUUSD,100,288230376154330516,288230376153003940,288230376163790653,288230376163790191,78,2026-06-23T16:04:37.000Z,2026-06-23T16:05:55.000Z,2.9,-3.6,-0.6,-3.5,0,0.1,4136.42,4136.35,,,SELL,USD,1,1,1583663
D#1614609,XAUUSD,100,288230376154330897,288230376153003907,288230376163792426,288230376163789768,467,2026-06-23T16:03:24.000Z,2026-06-23T16:11:11.000Z,106.5,-110.0,89.0,-17.5,0,0.5,4137.44,4135.53,4138.98,4130.31,SELL,USD,1,1,1583663
D#1702476,XAUUSD,100,288230376154330918,288230376153002501,288230376163792501,288230376163776114,2677,2026-06-23T15:26:48.000Z,2026-06-23T16:11:25.000Z,86.7,-87.4,83.2,-3.5,0,0.1,4127.62,4136.07,,,BUY,USD,1,1,1583663
D#1670924,XAUUSD,100,288230376154330986,288230376153004218,288230376163792647,288230376163792610,7,2026-06-23T16:11:35.000Z,2026-06-23T16:11:42.000Z,-0.12,-0.020000000000000018,-0.82,-0.7,0,0.02,4136.13,4135.85,,,BUY,USD,1,1,1583663
D#1702476,XAUUSD,100,288230376154331007,288230376153004223,288230376163792757,288230376163792621,23,2026-06-23T16:11:38.000Z,2026-06-23T16:12:01.000Z,7.6,-8.299999999999999,4.1,-3.5,0,0.1,4135.92,4135.38,,,SELL,USD,1,1,1583663
D#1670924,XAUUSD,100,288230376154331009,288230376153004230,288230376163792766,288230376163792695,12,2026-06-23T16:11:51.000Z,2026-06-23T16:12:03.000Z,-0.35,-5.551115123125783e-17,-2.11,-1.76,0,0.05,4135.68,4135.39,,,BUY,USD,1,1,1583663
D#1614609,XAUUSD,100,288230376154331023,288230376153004159,288230376163792641,288230376163792455,61,2026-06-23T16:11:17.000Z,2026-06-23T16:12:18.000Z,-56,52.5,-73.5,-17.5,0,0.5,4135.94,4134.6,4134.81,4139.93,BUY,USD,1,1,1583663
D#1702495,XAUUSD,100,288230376154331037,288230376152994649,288230376163792918,288230376163723617,8615,2026-06-23T13:48:58.000Z,2026-06-23T16:12:33.000Z,2.55,-2.76,1.49,-1.06,0,0.03,4134.32,4134.95,4114.08,4170.92,BUY,USD,1,1,1583663
D#1670924,XAUUSD,100,288230376154331075,288230376153004242,288230376163793171,288230376163792791,77,2026-06-23T16:12:07.000Z,2026-06-23T16:13:24.000Z,-28,24.5,-45.5,-17.5,0,0.5,4135.57,4134.79,,,BUY,USD,1,1,1583663
D#1670924,XAUUSD,100,288230376154331110,288230376153004271,288230376163793415,288230376163793181,56,2026-06-23T16:13:26.000Z,2026-06-23T16:14:22.000Z,-39,35.5,-56.5,-17.5,0,0.5,4134.75,4135.75,,,SELL,USD,1,1,1583663
D#1702355,XAUUSD,100,288230376154331119,288230376153004161,288230376163793179,288230376163792478,198,2026-06-23T16:11:22.000Z,2026-06-23T16:14:40.000Z,5.2,-6.6000000000000005,-1.8,-7,0,0.2,4136.24,4136.28,,4136.38,BUY,USD,1,1,1583663
D#1614609,XAUUSD,100,288230376154331184,288230376153004259,288230376163793191,288230376163792959,207,2026-06-23T16:12:40.000Z,2026-06-23T16:16:07.000Z,-65.5,62.0,-83.0,-17.5,0,0.5,4135.23,4133.7,4133.9,4139.59,BUY,USD,1,1,1583663
D#1670924,XAUUSD,100,288230376154331190,288230376153004288,288230376163793954,288230376163793456,96,2026-06-23T16:14:33.000Z,2026-06-23T16:16:09.000Z,-109.62,105.56,-129.92,-20.3,0,0.58,4135.88,4133.77,,,BUY,USD,1,1,1583663
D#1702403,XAUUSD,100,288230376154331474,288230376153004003,288230376163795026,288230376163790777,751,2026-06-23T16:06:15.000Z,2026-06-23T16:18:46.000Z,-39.6,37.5,-50.1,-10.5,0,0.3,4134.57,4136.11,4137.09,4131.08,SELL,USD,1,1,1583663
D#1670872,XAUUSD,100,288230376154331531,288230376153004373,288230376163795182,288230376163794327,120,2026-06-23T16:17:08.000Z,2026-06-23T16:19:08.000Z,-220.5,217.0,-238.0,-17.5,0,0.5,4133.55,4138.18,,,SELL,USD,1,1,1583663
D#1670948,XAUUSD,100,288230376154331610,288230376152991495,288230376163795585,288230376163707782,10243,2026-06-23T13:29:27.000Z,2026-06-23T16:20:10.000Z,-224.5,223.8,-228.0,-3.5,0,0.1,4115.46,4138.13,,4109.54,SELL,USD,1,1,1583663
D#1670948,XAUUSD,100,288230376154331692,288230376153004533,288230376163796092,288230376163795622,79,2026-06-23T16:20:16.000Z,2026-06-23T16:21:35.000Z,-13.7,13.0,-17.2,-3.5,0,0.1,4137.77,4136.18,,4149.27,BUY,USD,1,1,1583663
D#1670948,XAUUSD,100,288230376154331732,288230376153004597,288230376163796230,288230376163796123,13,2026-06-23T16:21:39.000Z,2026-06-23T16:21:52.000Z,-4.2,3.5,-7.7,-3.5,0,0.1,4136.27,4136.91,,,SELL,USD,1,1,1583663
D#1670872,XAUUSD,100,288230376154331940,288230376153004486,288230376163797025,288230376163795198,262,2026-06-23T16:19:10.000Z,2026-06-23T16:23:32.000Z,-63.5,60.0,-81.0,-17.5,0,0.5,4138.35,4136.86,,,BUY,USD,1,1,1583663
D#1670962,XAUUSD,100,288230376154332013,288230376152995605,288230376163797444,288230376163729197,8873,2026-06-23T13:56:49.000Z,2026-06-23T16:24:42.000Z,12.18,-12.67,9.72,-2.46,0,0.07,4135,4136.52,4114.56,4206.31,BUY,USD,1,1,1583663
D#1670923,XAUUSD,100,288230376154332063,288230376153004761,288230376163797821,288230376163797416,81,2026-06-23T16:24:38.000Z,2026-06-23T16:25:59.000Z,25,-28.5,7.5,-17.5,0,0.5,4136.14,4136.42,,,BUY,USD,1,1,1583663
D#1702403,XAUUSD,100,288230376154332197,288230376153004496,288230376163795435,288230376163795332,638,2026-06-23T16:19:32.000Z,2026-06-23T16:30:10.000Z,-66.9,64.80000000000001,-77.4,-10.5,0,0.3,4137.8,4135.35,4135.5,4140.99,BUY,USD,1,1,1583663
D#1702655,XAUUSD,100,288230376154332428,288230376153003117,288230376163783392,288230376163765970,3149,2026-06-23T15:40:00.000Z,2026-06-23T16:32:29.000Z,-0.9,0.8300000000000001,-1.26,-0.36,0,0.01,4137.88,4139,4138.63,4127.27,SELL,USD,1,1,1583663
D#1702403,XAUUSD,100,288230376154332485,288230376153004926,288230376163799530,288230376163799428,88,2026-06-23T16:31:18.000Z,2026-06-23T16:32:46.000Z,112.2,-114.3,101.7,-10.5,0,0.3,4136.79,4140.31,4135.27,4140.44,BUY,USD,1,1,1583663
D#1670923,XAUUSD,100,288230376154332503,288230376153004791,288230376163800044,288230376163797838,408,2026-06-23T16:26:04.000Z,2026-06-23T16:32:52.000Z,-209.5,206.0,-227.0,-17.5,0,0.5,4135.86,4140.27,,,SELL,USD,1,1,1583663
D#1702466,XAUUSD,100,288230376154332551,288230376153004848,288230376163799199,288230376163798822,214,2026-06-23T16:29:35.000Z,2026-06-23T16:33:09.000Z,108,-109.4,101.0,-7,0,0.2,4136.4,4141.58,,4141.5,BUY,USD,1,1,1583663
D#1702405,XAUUSD,100,288230376154332609,288230376153003995,288230376163790659,288230376163790657,1651,2026-06-23T16:05:55.000Z,2026-06-23T16:33:26.000Z,-22.84,22.56,-24.24,-1.4,0,0.04,4136.29,4142.22,4142.09,4123.41,SELL,USD,1,1,1583663
D#1702396,XAUUSD,100,288230376154332956,288230376153005155,288230376163801543,288230376163801198,149,2026-06-23T16:35:40.000Z,2026-06-23T16:38:09.000Z,-23.4,21.299999999999997,-33.9,-10.5,0,0.3,4141.72,4140.72,4141.08,,BUY,USD,1,1,1583663
D#1702588,XAUUSD,100,288230376154333457,288230376153005129,288230376163801061,288230376163800870,591,2026-06-23T16:34:46.000Z,2026-06-23T16:44:37.000Z,-64,61.2,-78.0,-14,0,0.4,4141.73,4143.55,4143.18,4139.03,SELL,USD,1,1,1583663
D#1702403,XAUUSD,100,288230376154333486,288230376153005145,288230376163801102,288230376163801012,577,2026-06-23T16:35:08.000Z,2026-06-23T16:44:45.000Z,100.2,-102.3,89.7,-10.5,0,0.3,4140.54,4143.66,4138.58,4143.77,BUY,USD,1,1,1583663
D#1702495,XAUUSD,100,288230376154333513,288230376153004269,288230376163793127,288230376163793126,1907,2026-06-23T16:13:14.000Z,2026-06-23T16:45:01.000Z,-44.2,43.85,-45.96,-1.76,0,0.05,4134.74,4143.8,4143.83,4116.01,SELL,USD,1,1,1583663
D#1702588,XAUUSD,100,288230376154333616,288230376153005492,288230376163804409,288230376163804348,70,2026-06-23T16:45:01.000Z,2026-06-23T16:46:11.000Z,114.8,-117.6,100.8,-14,0,0.4,4143.76,4141.11,4143.89,4141.03,SELL,USD,1,1,1583663
D#1670882,XAUUSD,100,288230376154333950,288230376153004532,288230376163806265,288230376163795614,1804,2026-06-23T16:20:15.000Z,2026-06-23T16:50:19.000Z,8.9,-9.25,7.14,-1.76,0,0.05,4137.77,4139.33,4125,4150,BUY,USD,1,1,1583663
D#1702588,XAUUSD,100,288230376154333982,288230376153005733,288230376163806358,288230376163806337,2,2026-06-23T16:50:28.000Z,2026-06-23T16:50:30.000Z,-2.8,-4.440892098500626e-16,-16.8,-14,0,0.4,4138.93,4139.22,,,SELL,USD,1,1,1583663
D#1702737,XAUUSD,100,288230376154334206,288230376153002521,288230376163807219,288230376163776316,5130,2026-06-23T15:27:21.000Z,2026-06-23T16:52:51.000Z,28.24,-28.38,27.54,-0.7,0,0.02,4126.81,4140.71,4127.05,4145.15,BUY,USD,1,1,1583663
D#1614622,XAUUSD,100,288230376154334377,288230376152993422,288230376163718104,288230376163717026,11736,2026-06-23T13:40:30.000Z,2026-06-23T16:56:06.000Z,70.8,-71.14999999999999,69.04,-1.76,0,0.05,4123.75,4137.69,4137.79,4147.26,BUY,USD,1,1,1583663
D#1702355,XAUUSD,100,288230376154334410,288230376153005916,288230376163808322,288230376163808220,19,2026-06-23T16:56:14.000Z,2026-06-23T16:56:33.000Z,14.4,-15.8,7.4,-7,0,0.2,4138.03,4137.53,,,SELL,USD,1,1,1583663
D#1670962,XAUUSD,100,288230376154334414,288230376153004836,288230376163798720,288230376163798654,1659,2026-06-23T16:28:55.000Z,2026-06-23T16:56:34.000Z,7.84,-8.4,5.04,-2.8,0,0.08,4136.51,4137.27,4137.4,4173.53,BUY,USD,1,1,1583663
D#1702403,XAUUSD,100,288230376154334415,288230376153005741,288230376163806485,288230376163806368,362,2026-06-23T16:50:32.000Z,2026-06-23T16:56:34.000Z,-51,48.9,-61.5,-10.5,0,0.3,4139.19,4137.27,4137.45,4142.98,BUY,USD,1,1,1583663
D#1702588,XAUUSD,100,288230376154334426,288230376153005788,288230376163806817,288230376163806642,333,2026-06-23T16:51:07.000Z,2026-06-23T16:56:40.000Z,120,-122.8,106.0,-14,0,0.4,4139.64,4136.86,4141.14,4136.88,SELL,USD,1,1,1583663
D#1670964,XAUUSD,100,288230376154334511,288230376153005901,288230376163808073,288230376163807243,84,2026-06-23T16:55:48.000Z,2026-06-23T16:57:12.000Z,-49.23,48.599999999999994,-52.39,-3.16,0,0.09,4138.52,4132.83,4132.99,4149.67,BUY,USD,1,1,1583663
D#1702476,XAUUSD,100,288230376154334568,288230376153004239,288230376163808804,288230376163792769,2735,2026-06-23T16:12:03.000Z,2026-06-23T16:57:38.000Z,23.1,-23.8,19.6,-3.5,0,0.1,4135.39,4133.3,,,SELL,USD,1,1,1583663
D#1702403,XAUUSD,100,288230376154334575,288230376153005940,288230376163808854,288230376163808464,52,2026-06-23T16:56:52.000Z,2026-06-23T16:57:44.000Z,58.5,-60.6,48.0,-10.5,0,0.3,4135.16,4133.43,4137.57,4131.45,SELL,USD,1,1,1583663
D#1670948,XAUUSD,100,288230376154334696,288230376153004631,288230376163809366,288230376163796355,2203,2026-06-23T16:22:09.000Z,2026-06-23T16:58:52.000Z,-41.8,41.099999999999994,-45.3,-3.5,0,0.1,4136.94,4132.54,,4148.63,BUY,USD,1,1,1583663
D#1702588,XAUUSD,100,288230376154334730,288230376153005999,288230376163809239,288230376163809001,66,2026-06-23T16:58:04.000Z,2026-06-23T16:59:10.000Z,-47.2,44.400000000000006,-61.2,-14,0,0.4,4132.96,4134.36,4134.11,4130.36,SELL,USD,1,1,1583663
D#1702744,XAUUSD,100,288230376154334734,288230376153005806,288230376163809490,288230376163806781,463,2026-06-23T16:51:28.000Z,2026-06-23T16:59:11.000Z,26.45,-26.8,24.69,-1.76,0,0.05,4139.25,4134.18,4138.54,4123.83,SELL,USD,1,1,1583663
D#1702403,XAUUSD,100,288230376154334772,288230376153005989,288230376163809606,288230376163808915,96,2026-06-23T16:57:52.000Z,2026-06-23T16:59:28.000Z,-85,81.5,-102.5,-17.5,0,0.5,4133.42,4135.34,4136.02,4131.53,SELL,USD,1,1,1583663
D#1702403,XAUUSD,100,288230376154334974,288230376153006065,288230376163809960,288230376163809621,68,2026-06-23T16:59:31.000Z,2026-06-23T17:00:39.000Z,-173.5,170.0,-191.0,-17.5,0,0.5,4135.05,4131.36,4131.68,4137.07,BUY,USD,1,1,1583663
D#1702588,XAUUSD,100,288230376154334973,288230376153006120,288230376163810052,288230376163809896,36,2026-06-23T17:00:03.000Z,2026-06-23T17:00:39.000Z,116.4,-119.2,102.4,-14,0,0.4,4134.25,4131.56,4135.68,4131.59,SELL,USD,1,1,1583663
D#1702660,XAUUSD,100,288230376154335623,288230376153006304,288230376163813195,288230376163811145,367,2026-06-23T17:02:28.000Z,2026-06-23T17:08:35.000Z,-18,14.5,-35.5,-17.5,0,0.5,4133.26,4132.68,,4135.21,BUY,USD,1,1,1583663
D#1702588,XAUUSD,100,288230376154335646,288230376153006278,288230376163811115,288230376163810980,415,2026-06-23T17:02:06.000Z,2026-06-23T17:09:01.000Z,115.6,-118.39999999999999,101.6,-14,0,0.4,4133.62,4130.95,4135.06,4130.9,SELL,USD,1,1,1583663
D#1702660,XAUUSD,100,288230376154335666,288230376153006502,288230376163813404,288230376163813226,32,2026-06-23T17:08:39.000Z,2026-06-23T17:09:11.000Z,87.5,-91.0,70.0,-17.5,0,0.5,4132.64,4131.11,4134.53,4129.37,SELL,USD,1,1,1583663
D#1702396,XAUUSD,100,288230376154335683,288230376153006514,288230376163813524,288230376163813363,28,2026-06-23T17:09:02.000Z,2026-06-23T17:09:30.000Z,-65.4,61.2,-86.4,-21,0,0.6,4130.33,4131.64,,,SELL,USD,1,1,1583663
D#1702588,XAUUSD,100,288230376154335759,288230376153006525,288230376163813572,288230376163813476,91,2026-06-23T17:09:22.000Z,2026-06-23T17:10:53.000Z,110.8,-113.6,96.8,-14,0,0.4,4131.33,4133.88,4130.09,4133.99,BUY,USD,1,1,1583663
D#1702660,XAUUSD,100,288230376154335766,288230376153006518,288230376163814060,288230376163813424,112,2026-06-23T17:09:15.000Z,2026-06-23T17:11:07.000Z,-142.5,139.0,-160.0,-17.5,0,0.5,4131.17,4134.24,,4129.13,SELL,USD,1,1,1583663
D#1702588,XAUUSD,100,288230376154335884,288230376153006613,288230376163814572,288230376163814437,44,2026-06-23T17:12:08.000Z,2026-06-23T17:12:52.000Z,-62.4,59.6,-76.4,-14,0,0.4,4135.24,4137.02,4136.49,4132.67,SELL,USD,1,1,1583663
D#1702455,XAUUSD,100,288230376154335892,288230376153006533,288230376163814560,288230376163813670,178,2026-06-23T17:09:56.000Z,2026-06-23T17:12:54.000Z,-144.9,142.8,-155.4,-10.5,0,0.3,4132.51,4137.56,4137.3,4125.8,SELL,USD,1,1,1583663
D#1670882,XAUUSD,100,288230376154335964,288230376153006003,288230376163815059,288230376163809017,944,2026-06-23T16:58:06.000Z,2026-06-23T17:13:50.000Z,-61.4,60.699999999999996,-64.9,-3.5,0,0.1,4132.92,4139.28,4140,4122,SELL,USD,1,1,1583663
D#1702736,XAUUSD,100,288230376154335969,288230376152995977,288230376163815129,288230376163731264,11643,2026-06-23T14:00:03.000Z,2026-06-23T17:14:06.000Z,2.11,-2.1799999999999997,1.75,-0.36,0,0.01,4136.96,4138.85,,,BUY,USD,1,1,1583663
D#1702354,XAUUSD,100,288230376154336032,288230376153006629,288230376163814867,288230376163814656,150,2026-06-23T17:12:48.000Z,2026-06-23T17:15:18.000Z,109,-112.5,91.5,-17.5,0,0.5,4135.57,4137.53,4137.76,,BUY,USD,1,1,1583663
D#1702455,XAUUSD,100,288230376154336046,288230376153006649,288230376163815652,288230376163814792,155,2026-06-23T17:13:06.000Z,2026-06-23T17:15:41.000Z,-42,39.9,-52.5,-10.5,0,0.3,4139.5,4137.88,,,BUY,USD,1,1,1583663
D#1702588,XAUUSD,100,288230376154336115,288230376153006670,288230376163815273,288230376163815131,207,2026-06-23T17:14:07.000Z,2026-06-23T17:17:34.000Z,118.4,-121.2,104.4,-14,0,0.4,4138.95,4136.21,4140.33,4136.19,SELL,USD,1,1,1583663
D#1702354,XAUUSD,100,288230376154336328,288230376153006707,288230376163815786,288230376163815545,524,2026-06-23T17:15:22.000Z,2026-06-23T17:24:06.000Z,-127,123.5,-144.5,-17.5,0,0.5,4137.96,4135.2,4135.32,4140.19,BUY,USD,1,1,1583663
D#1702588,XAUUSD,100,288230376154336348,288230376153006774,288230376163816826,288230376163816710,311,2026-06-23T17:19:06.000Z,2026-06-23T17:24:17.000Z,111.6,-114.39999999999999,97.6,-14,0,0.4,4137.25,4134.68,4138.38,4134.59,SELL,USD,1,1,1583663
D#1702396,XAUUSD,100,288230376154336438,288230376153006851,288230376163818583,288230376163817732,170,2026-06-23T17:22:44.000Z,2026-06-23T17:25:34.000Z,209.5,-213.0,192.0,-17.5,0,0.5,4136.4,4132.43,,,SELL,USD,1,1,1583663
D#1702354,XAUUSD,100,288230376154336534,288230376153006905,288230376163819252,288230376163818598,140,2026-06-23T17:25:36.000Z,2026-06-23T17:27:56.000Z,66.5,-70.0,49.0,-17.5,0,0.5,4131.98,4130.87,,,SELL,USD,1,1,1583663
D#1702354,XAUUSD,100,288230376154336546,288230376153006958,288230376163819368,288230376163819274,22,2026-06-23T17:27:59.000Z,2026-06-23T17:28:21.000Z,-72.5,69.0,-90.0,-17.5,0,0.5,4130.48,4132.15,,,SELL,USD,1,1,1583663
D#1702404,XAUUSD,100,288230376154336617,288230376153003114,288230376163781739,288230376163781408,6614,2026-06-23T15:39:58.000Z,2026-06-23T17:30:12.000Z,-34.55,34.199999999999996,-36.31,-1.76,0,0.05,4137.3,4130.17,4130.12,4150.09,BUY,USD,1,1,1583663
D#1702495,XAUUSD,100,288230376154336657,288230376153005632,288230376163805673,288230376163805671,2519,2026-06-23T16:48:43.000Z,2026-06-23T17:30:42.000Z,-51.45,51.1,-53.21,-1.76,0,0.05,4139.96,4129.45,4129.97,4151.49,BUY,USD,1,1,1583663
D#1702476,XAUUSD,100,288230376154336686,288230376153005987,288230376163820156,288230376163808898,1983,2026-06-23T16:57:49.000Z,2026-06-23T17:30:52.000Z,27.5,-28.2,24.0,-3.5,0,0.1,4133.67,4131.14,,,SELL,USD,1,1,1583663
D#1702396,XAUUSD,100,288230376154336807,288230376153006947,288230376163820936,288230376163819119,337,2026-06-23T17:27:27.000Z,2026-06-23T17:33:04.000Z,68,-71.5,50.5,-17.5,0,0.5,4131.01,4129.87,4133.91,,SELL,USD,1,1,1583663
D#1702736,XAUUSD,100,288230376154336934,288230376153006680,288230376163821698,288230376163815291,1251,2026-06-23T17:14:37.000Z,2026-06-23T17:35:28.000Z,8.7,-8.77,8.34,-0.36,0,0.01,4138.66,4130.18,,,SELL,USD,1,1,1583663
D#1702561,XAUUSD,100,288230376154337208,288230376153004751,288230376163824034,288230376163797332,4776,2026-06-23T16:24:26.000Z,2026-06-23T17:44:02.000Z,53.6,-54.300000000000004,50.1,-3.5,0,0.1,4136.15,4131.01,,4126.3,SELL,USD,1,1,1583663
D#1670882,XAUUSD,100,288230376154337265,288230376153007178,288230376163823235,288230376163821856,531,2026-06-23T17:35:57.000Z,2026-06-23T17:44:48.000Z,-26.9,26.2,-30.4,-3.5,0,0.1,4129.26,4132.17,4132.01,,SELL,USD,1,1,1583663
D#1702736,XAUUSD,100,288230376154337309,288230376153007313,288230376163824680,288230376163823931,155,2026-06-23T17:43:38.000Z,2026-06-23T17:46:13.000Z,5.25,-5.46,4.19,-1.06,0,0.03,4130.97,4132.5,,,BUY,USD,1,1,1583663
D#1702740,XAUUSD,100,288230376154337404,288230376152996551,288230376163825428,288230376163734422,13453,2026-06-23T14:04:41.000Z,2026-06-23T17:48:54.000Z,-40.55,40.199999999999996,-42.31,-1.76,0,0.05,4139.41,4131.08,,4260.44,BUY,USD,1,1,1583663
D#1702740,XAUUSD,100,288230376154337410,288230376153007408,288230376163825477,288230376163825445,8,2026-06-23T17:48:58.000Z,2026-06-23T17:49:06.000Z,0.47,-0.54,0.11,-0.36,0,0.01,4131.32,4131.57,,,BUY,USD,1,1,1583663
D#1702736,XAUUSD,100,288230376154337848,288230376153007537,288230376163828346,288230376163827226,226,2026-06-23T17:55:26.000Z,2026-06-23T17:59:12.000Z,1.16,-1.44,-0.24,-1.4,0,0.04,4129.01,4129.08,,,BUY,USD,1,1,1583663
D#1702479,XAUUSD,100,288230376154337968,288230376153007597,288230376163828735,288230376163828114,109,2026-06-23T17:58:26.000Z,2026-06-23T18:00:15.000Z,0.46,-0.53,0.1,-0.36,0,0.01,4128.75,4128.51,,,SELL,USD,1,1,1583663
D#1702736,XAUUSD,100,288230376154338109,288230376153007720,288230376163829181,288230376163829029,18,2026-06-23T18:00:58.000Z,2026-06-23T18:01:16.000Z,2.96,-3.24,1.56,-1.4,0,0.04,4130.06,4130.58,,,BUY,USD,1,1,1583663
D#1702736,XAUUSD,100,288230376154338353,288230376153007837,288230376163830326,288230376163830239,17,2026-06-23T18:04:21.000Z,2026-06-23T18:04:38.000Z,0.64,-0.92,-0.76,-1.4,0,0.04,4126.87,4126.93,,,SELL,USD,1,1,1583663
D#1702740,XAUUSD,100,288230376154338354,288230376153007411,288230376163830338,288230376163825501,929,2026-06-23T17:49:11.000Z,2026-06-23T18:04:40.000Z,-53.2,52.5,-56.7,-3.5,0,0.1,4132.19,4126.65,,,BUY,USD,1,1,1583663
D#1614622,XAUUSD,100,288230376154338528,288230376153006531,288230376163813816,288230376163813625,3419,2026-06-23T17:09:47.000Z,2026-06-23T18:06:46.000Z,-33,32.65,-34.76,-1.76,0,0.05,4132.65,4125.83,4126.09,4155.67,BUY,USD,1,1,1583663
D#1702398,XAUUSD,100,288230376154338738,288230376153007820,288230376163831088,288230376163830137,231,2026-06-23T18:04:07.000Z,2026-06-23T18:07:58.000Z,10.47,-10.680000000000001,9.41,-1.06,0,0.03,4128.24,4124.97,,4125.01,SELL,USD,1,1,1583663
D#1702736,XAUUSD,100,288230376154338775,288230376153007985,288230376163831671,288230376163831379,37,2026-06-23T18:07:28.000Z,2026-06-23T18:08:05.000Z,4.68,-4.96,3.28,-1.4,0,0.04,4125.52,4124.57,,,SELL,USD,1,1,1583663
D#1702438,XAUUSD,100,288230376154338856,288230376153004041,288230376163791218,288230376163789842,7271,2026-06-23T16:07:33.000Z,2026-06-23T18:08:44.000Z,-40.88,40.6,-42.28,-1.4,0,0.04,4134.36,4123.92,4124.25,4147.89,BUY,USD,1,1,1583663
D#1670964,XAUUSD,100,288230376154338854,288230376153006639,288230376163814710,288230376163809598,3349,2026-06-23T17:12:55.000Z,2026-06-23T18:08:44.000Z,110.72,-111.28,107.92,-2.8,0,0.08,4137.81,4124.19,4144.04,4124.23,SELL,USD,1,1,1583663
D#1702736,XAUUSD,100,288230376154339485,288230376153008070,288230376163834350,288230376163831959,376,2026-06-23T18:08:46.000Z,2026-06-23T18:15:02.000Z,-0.52,0.24,-1.92,-1.4,0,0.04,4124.19,4124.54,,,SELL,USD,1,1,1583663
D#1702708,XAUUSD,100,288230376154339994,288230376153006495,288230376163813176,288230376163812856,4310,2026-06-23T17:08:32.000Z,2026-06-23T18:20:22.000Z,-18.16,18.02,-18.86,-0.7,0,0.02,4132.73,4123.43,4123.68,4156.35,BUY,USD,1,1,1583663
D#1670882,XAUUSD,100,288230376154340077,288230376153007475,288230376163836463,288230376163826446,1681,2026-06-23T17:52:50.000Z,2026-06-23T18:20:51.000Z,7.09,-7.16,6.73,-0.36,0,0.01,4130.6,4123.73,4140,,SELL,USD,1,1,1583663
D#1702736,XAUUSD,100,288230376154340413,288230376153008680,288230376163837515,288230376163836712,116,2026-06-23T18:21:26.000Z,2026-06-23T18:23:22.000Z,0.76,-1.04,-0.64,-1.4,0,0.04,4123.85,4123.88,,,SELL,USD,1,1,1583663
D#1702483,XAUUSD,100,288230376154340466,288230376153007167,288230376163837695,288230376163821747,2895,2026-06-23T17:35:36.000Z,2026-06-23T18:23:51.000Z,68.3,-69.0,64.8,-3.5,0,0.1,4129.72,4123.11,,4122,SELL,USD,1,1,1583663
D#1702631,XAUUSD,100,288230376154340576,288230376153004770,288230376163798942,288230376163797565,7213,2026-06-23T16:25:06.000Z,2026-06-23T18:25:19.000Z,-138.6,137.9,-142.1,-3.5,0,0.1,4136.65,4122.57,4122.8,4178.54,BUY,USD,1,1,1583663
D#1670962,XAUUSD,100,288230376154340755,288230376153006627,288230376163814714,288230376163814618,4499,2026-06-23T17:12:36.000Z,2026-06-23T18:27:35.000Z,-111.28,110.72,-114.08,-2.8,0,0.08,4135.56,4121.43,4121.57,4197.95,BUY,USD,1,1,1583663
D#1670948,XAUUSD,100,288230376154340907,288230376153006032,288230376163810615,288230376163809370,5467,2026-06-23T16:58:53.000Z,2026-06-23T18:30:00.000Z,119.1,-119.8,115.6,-3.5,0,0.1,4132.54,4120.85,,4120.76,SELL,USD,1,1,1583663
D#1702669,XAUUSD,100,288230376154340979,288230376153006955,288230376163839914,288230376163819209,3754,2026-06-23T17:27:46.000Z,2026-06-23T18:30:20.000Z,-208.6,207.2,-215.6,-7,0,0.2,4130.51,4119.86,,,BUY,USD,1,1,1583663
D#1670950,XAUUSD,100,288230376154341535,288230376153007018,288230376163820144,288230376163820142,4187,2026-06-23T17:30:50.000Z,2026-06-23T18:40:37.000Z,110.8,-111.5,107.3,-3.5,0,0.1,4130.43,4119.57,,4119.39,SELL,USD,1,1,1583663
D#1670882,XAUUSD,100,288230376154341597,288230376153009266,288230376163842891,288230376163842890,29,2026-06-23T18:40:29.000Z,2026-06-23T18:40:58.000Z,-2.28,2.07,-3.34,-1.06,0,0.03,4119.97,4118.99,4119,,BUY,USD,1,1,1583663
D#1702466,XAUUSD,100,288230376154341756,288230376153009167,288230376163842480,288230376163841837,330,2026-06-23T18:37:05.000Z,2026-06-23T18:42:35.000Z,101.6,-103.0,94.6,-7,0,0.2,4122.38,4117.52,4122,4117.49,SELL,USD,1,1,1583663
D#1702654,XAUUSD,100,288230376154341971,288230376152995726,288230376163844602,288230376163729828,17253,2026-06-23T13:57:47.000Z,2026-06-23T18:45:20.000Z,171.9,-172.6,168.4,-3.5,0,0.1,4132.89,4115.92,,4100,SELL,USD,1,1,1583663
D#1591591,XAUUSD,100,288230376154342291,288230376152994828,288230376163725107,288230376163724577,17859,2026-06-23T13:50:24.000Z,2026-06-23T18:48:03.000Z,-156,155.44,-158.8,-2.8,0,0.08,4132.57,4112.85,4113.02,4176.59,BUY,USD,1,1,1583663
D#1702736,XAUUSD,100,288230376154342463,288230376153008811,288230376163846335,288230376163837839,1566,2026-06-23T18:24:18.000Z,2026-06-23T18:50:24.000Z,28.88,-29.16,27.48,-1.4,0,0.04,4123.14,4116.14,,,SELL,USD,1,1,1583663
D#1702691,XAUUSD,100,288230376154342465,288230376152994737,288230376163846341,288230376163724121,18041,2026-06-23T13:49:44.000Z,2026-06-23T18:50:25.000Z,130.72,-131.28,127.92,-2.8,0,0.08,4132.36,4116.24,,,SELL,USD,1,1,1583663
D#1702503,XAUUSD,100,288230376154342573,288230376152993396,288230376163846919,288230376163716888,18705,2026-06-23T13:40:23.000Z,2026-06-23T18:52:08.000Z,63.3,-64.0,59.8,-3.5,0,0.1,4123.06,4116.95,,,SELL,USD,1,1,1583663
D#1670935,XAUUSD,100,288230376154342639,288230376152992162,288230376163847349,288230376163710827,19210,2026-06-23T13:33:15.000Z,2026-06-23T18:53:25.000Z,35.4,-36.1,31.9,-3.5,0,0.1,4118.32,4115,4256.93,,SELL,USD,1,1,1583663
D#1670882,XAUUSD,100,288230376154343056,288230376153009448,288230376163849214,288230376163844659,787,2026-06-23T18:45:33.000Z,2026-06-23T18:58:40.000Z,-7.15,6.800000000000001,-8.91,-1.76,0,0.05,4115.72,4117.37,4123,,SELL,USD,1,1,1583663
D#1702466,XAUUSD,100,288230376154343079,288230376153009712,288230376163848060,288230376163847524,288,2026-06-23T18:54:00.000Z,2026-06-23T18:58:48.000Z,-64.8,63.4,-71.8,-7,0,0.2,4114.14,4117.6,4117.49,4111,SELL,USD,1,1,1583663
D#1670962,XAUUSD,100,288230376154343170,288230376153009041,288230376163849672,288230376163840103,1748,2026-06-23T18:30:49.000Z,2026-06-23T18:59:57.000Z,18.24,-18.799999999999997,15.44,-2.8,0,0.08,4119.92,4117.86,4132.53,4057.53,SELL,USD,1,1,1583663
D#1670874,XAUUSD,100,288230376154343284,288230376153009511,288230376163850177,288230376163845303,837,2026-06-23T18:47:24.000Z,2026-06-23T19:01:21.000Z,-288.5,285.0,-306.0,-17.5,0,0.5,4114,4119.99,,4112,SELL,USD,1,1,1583663
D#1670935,XAUUSD,100,288230376154343288,288230376153009711,288230376163850184,288230376163847503,445,2026-06-23T18:53:56.000Z,2026-06-23T19:01:21.000Z,57.5,-58.2,54.0,-3.5,0,0.1,4114.3,4119.83,3890.65,,BUY,USD,1,1,1583663
D#1670948,XAUUSD,100,288230376154343302,288230376153009130,288230376163845810,288230376163841216,1593,2026-06-23T18:34:52.000Z,2026-06-23T19:01:25.000Z,14.2,-14.899999999999999,10.7,-3.5,0,0.1,4121.67,4120.47,4120.31,4109.8,SELL,USD,1,1,1583663
D#1702398,XAUUSD,100,288230376154343684,288230376153009442,288230376163851859,288230376163844528,1274,2026-06-23T18:45:08.000Z,2026-06-23T19:06:22.000Z,-84.8,84.1,-88.3,-3.5,0,0.1,4115.83,4124.53,,4110.4,SELL,USD,1,1,1583663
D#1702736,XAUUSD,100,288230376154344328,288230376153010397,288230376163856156,288230376163854832,267,2026-06-23T19:15:52.000Z,2026-06-23T19:20:19.000Z,7.08,-7.36,5.68,-1.4,0,0.04,4120.37,4118.82,,,SELL,USD,1,1,1583663
D#1670950,XAUUSD,100,288230376154344490,288230376153010488,288230376163857047,288230376163856048,209,2026-06-23T19:19:57.000Z,2026-06-23T19:23:26.000Z,-28.6,27.830000000000002,-32.46,-3.86,0,0.11,4117.52,4120.34,,,SELL,USD,1,1,1583663
D#1702466,XAUUSD,100,288230376154344521,288230376153010310,288230376163854350,288230376163853707,695,2026-06-23T19:12:01.000Z,2026-06-23T19:23:36.000Z,30.4,-31.799999999999997,23.4,-7,0,0.2,4122.95,4121.65,4121.2,4117.15,SELL,USD,1,1,1583663
D#1702503,XAUUSD,100,288230376154344547,288230376153009677,288230376163857161,288230376163846956,1888,2026-06-23T18:52:16.000Z,2026-06-23T19:23:44.000Z,47.2,-47.900000000000006,43.7,-3.5,0,0.1,4116.88,4121.38,,,BUY,USD,1,1,1583663
D#1670948,XAUUSD,100,288230376154345040,288230376153010168,288230376163853728,288230376163852066,1766,2026-06-23T19:07:01.000Z,2026-06-23T19:36:27.000Z,1.7,-2.4,-1.8,-3.5,0,0.1,4123.96,4124.01,4123.72,4113.35,SELL,USD,1,1,1583663
D#1702736,XAUUSD,100,288230376154345763,288230376153010564,288230376163864686,288230376163856866,1576,2026-06-23T19:22:46.000Z,2026-06-23T19:49:02.000Z,2.45,-2.8000000000000003,0.69,-1.76,0,0.05,4119.03,4118.76,,,SELL,USD,1,1,1583663
D#1591591,XAUUSD,100,288230376154345993,288230376153010727,288230376163865967,288230376163859060,1383,2026-06-23T19:30:18.000Z,2026-06-23T19:53:21.000Z,-71.84,71.28,-74.64,-2.8,0,0.08,4123.22,4114.02,4108.33,4179.43,BUY,USD,1,1,1583663
D#1702503,XAUUSD,100,288230376154346018,288230376153010591,288230376163866139,288230376163857178,1811,2026-06-23T19:23:47.000Z,2026-06-23T19:53:58.000Z,65.8,-66.5,62.3,-3.5,0,0.1,4121.21,4114.85,,4112.01,SELL,USD,1,1,1583663
D#1702736,XAUUSD,100,288230376154346049,288230376153011181,288230376163866294,288230376163864916,281,2026-06-23T19:49:50.000Z,2026-06-23T19:54:31.000Z,18.2,-18.55,16.44,-1.76,0,0.05,4119.74,4116.32,,,SELL,USD,1,1,1583663
D#1702503,XAUUSD,100,288230376154346053,288230376153011284,288230376163866312,288230376163866159,32,2026-06-23T19:54:02.000Z,2026-06-23T19:54:34.000Z,16.3,-17.0,12.8,-3.5,0,0.1,4114.76,4116.17,,,BUY,USD,1,1,1583663
D#1702503,XAUUSD,100,288230376154346114,288230376153011310,288230376163866718,288230376163866412,63,2026-06-23T19:54:54.000Z,2026-06-23T19:55:57.000Z,6,-6.7,2.5,-3.5,0,0.1,4115.61,4115.99,,,BUY,USD,1,1,1583663
D#1702736,XAUUSD,100,288230376154346144,288230376153011303,288230376163867139,288230376163866352,163,2026-06-23T19:54:42.000Z,2026-06-23T19:57:25.000Z,6.65,-7.0,4.89,-1.76,0,0.05,4115.38,4114.27,,,SELL,USD,1,1,1583663
D#1702495,XAUUSD,100,288230376154346185,288230376153009311,288230376163867426,288230376163843223,4625,2026-06-23T18:41:19.000Z,2026-06-23T19:58:24.000Z,37.9,-38.6,34.4,-3.5,0,0.1,4118.08,4114.51,4126.65,4109.56,SELL,USD,1,1,1583663
D#1670964,XAUUSD,100,288230376154346254,288230376153010405,288230376163854937,288230376163852760,2617,2026-06-23T19:16:15.000Z,2026-06-23T19:59:52.000Z,-54.32,53.76,-57.12,-2.8,0,0.08,4119.5,4112.49,4112.91,4133.26,BUY,USD,1,1,1583663
D#1702438,XAUUSD,100,288230376154346266,288230376153010482,288230376163855988,288230376163855276,2404,2026-06-23T19:19:48.000Z,2026-06-23T19:59:52.000Z,-21.88,21.599999999999998,-23.28,-1.4,0,0.04,4118.13,4112.44,4112.88,4129.12,BUY,USD,1,1,1583663
D#1670882,XAUUSD,100,288230376154346298,288230376153010145,288230376163852138,288230376163851675,3249,2026-06-23T19:05:51.000Z,2026-06-23T20:00:00.000Z,-37.77,37.56,-38.83,-1.06,0,0.03,4124.87,4112.06,4112,4150,BUY,USD,1,1,1583663
D#1702495,XAUUSD,100,288230376154346313,288230376153011357,288230376163867520,288230376163867518,82,2026-06-23T19:58:42.000Z,2026-06-23T20:00:04.000Z,-25.6,24.900000000000002,-29.1,-3.5,0,0.1,4114.18,4111.4,4111.67,4120.69,BUY,USD,1,1,1583663
D#1702398,XAUUSD,100,288230376154346345,288230376153010394,288230376163855389,288230376163854797,2669,2026-06-23T19:15:46.000Z,2026-06-23T20:00:15.000Z,103.8,-104.5,100.3,-3.5,0,0.1,4120.37,4110.21,4126.13,4110.36,SELL,USD,1,1,1583663
D#1702736,XAUUSD,100,288230376154346471,288230376153011353,288230376163868695,288230376163867368,257,2026-06-23T19:58:14.000Z,2026-06-23T20:02:31.000Z,12.45,-12.799999999999999,10.69,-1.76,0,0.05,4113.74,4111.47,,,SELL,USD,1,1,1583663
D#1670948,XAUUSD,100,288230376154346825,288230376153010988,288230376163870028,288230376163862917,1879,2026-06-23T19:44:00.000Z,2026-06-23T20:15:19.000Z,118.3,-119.0,114.8,-3.5,0,0.1,4121.37,4109.76,4119.39,4109.66,SELL,USD,1,1,1583663
D#1670950,XAUUSD,100,288230376154346858,288230376153010671,288230376163871769,288230376163858081,2936,2026-06-23T19:26:44.000Z,2026-06-23T20:15:40.000Z,-278.46,276.98999999999995,-285.82,-7.36,0,0.21,4121.86,4108.38,,4138.41,BUY,USD,1,1,1583663
D#1702495,XAUUSD,100,288230376154347075,288230376153011422,288230376163868195,288230376163868193,1309,2026-06-23T20:00:43.000Z,2026-06-23T20:22:32.000Z,-30.5,29.8,-34.0,-3.5,0,0.1,4110.74,4107.47,4107.6,4119.79,BUY,USD,1,1,1583663
D#1670948,XAUUSD,100,288230376154347212,288230376153011734,288230376163873229,288230376163872966,302,2026-06-23T20:21:16.000Z,2026-06-23T20:26:18.000Z,2.2,-2.9000000000000004,-1.3,-3.5,0,0.1,4110.43,4110.43,4110.19,4098.7,SELL,USD,1,1,1583663
D#1702398,XAUUSD,100,288230376154347604,288230376153011983,288230376163877514,288230376163877402,37,2026-06-23T20:43:12.000Z,2026-06-23T20:43:49.000Z,-1.18,1.04,-1.88,-0.7,0,0.02,4111.93,4111.12,,,BUY,USD,1,1,1583663
D#1670962,XAUUSD,100,288230376154348353,288230376153010804,288230376163882241,288230376163860217,9149,2026-06-23T19:34:20.000Z,2026-06-23T22:06:49.000Z,70.72,-71.28,67.92,-2.8,0,0.08,4122.48,4113.86,4117.42,4054.68,SELL,USD,1,1,1583663
D#1702363,XAUUSD,100,288230376154349188,288230376153009182,288230376163842450,288230376163842000,13514,2026-06-23T18:37:41.000Z,2026-06-23T22:22:55.000Z,-170,169.3,-173.5,-3.5,0,0.1,4122.57,4105.35,4105.57,4151.74,BUY,USD,1,1,1583663
D#1670948,XAUUSD,100,288230376154349444,288230376153011822,288230376163885720,288230376163874222,7180,2026-06-23T20:26:50.000Z,2026-06-23T22:26:30.000Z,2.4,-3.1,-1.1,-3.5,0,0.1,4109.74,4109.72,4109.5,4098.27,SELL,USD,1,1,1583663
D#1702722,XAUUSD,100,288230376154349799,288230376153011326,288230376163867034,288230376163866612,9471,2026-06-23T19:55:35.000Z,2026-06-23T22:33:26.000Z,-91.04,90.48,-93.84,-2.8,0,0.08,4115.47,4103.87,4104.78,4146.1,BUY,USD,1,1,1583663
D#1670948,XAUUSD,100,288230376154349832,288230376153012966,288230376163889800,288230376163888267,317,2026-06-23T22:28:11.000Z,2026-06-23T22:33:28.000Z,-58.1,57.4,-61.6,-3.5,0,0.1,4110.07,4104.04,,,BUY,USD,1,1,1583663
D#1702617,XAUUSD,100,288230376154349919,288230376153000569,288230376163890081,288230376163760657,27711,2026-06-23T14:52:20.000Z,2026-06-23T22:34:11.000Z,-133.3,132.95000000000002,-135.06,-1.76,0,0.05,4128.88,4102,,,BUY,USD,1,1,1583663
D#1702721,XAUUSD,100,288230376154349981,288230376152984081,288230376163648870,288230376163648242,41332,2026-06-23T11:05:30.000Z,2026-06-23T22:34:22.000Z,-61.17,60.96,-62.23,-1.06,0,0.03,4120.48,4099.87,4100.11,4170.12,BUY,USD,1,1,1583663
D#1702522,XAUUSD,100,288230376154350017,288230376153003145,288230376163781644,288230376163781642,24841,2026-06-23T15:40:28.000Z,2026-06-23T22:34:29.000Z,-39.08,39.01,-39.44,-0.36,0,0.01,4138.52,4099.22,4099.41,4169.63,BUY,USD,1,1,1583663
D#1702534,XAUUSD,100,288230376154350134,288230376152997537,288230376163890478,288230376163740138,30043,2026-06-23T14:14:08.000Z,2026-06-23T22:34:51.000Z,-388.1,387.40000000000003,-391.6,-3.5,0,0.1,4137.73,4098.7,,4145.76,BUY,USD,1,1,1583663
D#1670948,XAUUSD,100,288230376154350739,288230376153013138,288230376163891005,288230376163889819,681,2026-06-23T22:33:32.000Z,2026-06-23T22:44:53.000Z,3.5,-4.2,0.0,-3.5,0,0.1,4104.18,4104.05,4103.94,4092.51,SELL,USD,1,1,1583663
D#1670948,XAUUSD,100,288230376154351348,288230376153013584,288230376163895220,288230376163893758,687,2026-06-23T22:44:56.000Z,2026-06-23T22:56:23.000Z,-0.4,-0.30000000000000004,-3.9,-3.5,0,0.1,4104.04,4103.78,4104.28,4115.8,BUY,USD,1,1,1583663
D#1670948,XAUUSD,100,288230376154351399,288230376153013916,288230376163897606,288230376163897216,88,2026-06-23T22:56:26.000Z,2026-06-23T22:57:54.000Z,-33.1,32.4,-36.6,-3.5,0,0.1,4103.84,4107.37,,,SELL,USD,1,1,1583663
D#1670948,XAUUSD,100,288230376154351429,288230376153013951,288230376163897837,288230376163897630,48,2026-06-23T22:58:00.000Z,2026-06-23T22:58:48.000Z,-15,14.3,-18.5,-3.5,0,0.1,4107.17,4105.45,,,BUY,USD,1,1,1583663
D#1670948,XAUUSD,100,288230376154352117,288230376153013968,288230376163900584,288230376163897854,504,2026-06-23T22:58:52.000Z,2026-06-23T23:07:16.000Z,77.3,-78.0,73.8,-3.5,0,0.1,4105.5,4097.99,,4094.06,SELL,USD,1,1,1583663
D#1702731,XAUUSD,100,288230376154352882,288230376153014653,288230376163905848,288230376163905246,166,2026-06-23T23:23:50.000Z,2026-06-23T23:26:36.000Z,1.4,-1.75,-0.36,-1.76,0,0.05,4099.45,4099.51,,4100.13,BUY,USD,1,1,1583663
D#1670948,XAUUSD,100,288230376154353245,288230376153014280,288230376163904118,288230376163900709,1601,2026-06-23T23:07:39.000Z,2026-06-23T23:34:20.000Z,43.1,-43.800000000000004,39.6,-3.5,0,0.1,4098.03,4093.94,,4093.83,SELL,USD,1,1,1583663
D#1702731,XAUUSD,100,288230376154353302,288230376153014709,288230376163908391,288230376163905924,527,2026-06-23T23:26:56.000Z,2026-06-23T23:35:43.000Z,16.75,-17.1,14.99,-1.76,0,0.05,4097.83,4094.7,,,SELL,USD,1,1,1583663
D#1670864,XAUUSD,100,288230376154353402,288230376152982290,288230376163628008,288230376163566042,48783,2026-06-23T10:04:47.000Z,2026-06-23T23:37:50.000Z,81.46,-81.6,80.76,-0.7,0,0.02,4133.17,4092.66,4147.5,4093.52,SELL,USD,1,1,1583663
D#1702622,XAUUSD,100,288230376154353517,288230376152989380,288230376163693484,288230376163630580,38217,2026-06-23T13:01:16.000Z,2026-06-23T23:38:13.000Z,-42.48,42.339999999999996,-43.18,-0.7,0,0.02,4110.1,4088.64,4090,4160,BUY,USD,1,1,1583663
D#1702722,XAUUSD,100,288230376154353511,288230376153013238,288230376163890728,288230376163890511,3797,2026-06-23T22:34:56.000Z,2026-06-23T23:38:13.000Z,-80.64,80.08,-83.44,-2.8,0,0.08,4098.94,4088.64,4091.32,4146.35,BUY,USD,1,1,1583663
D#1702504,XAUUSD,100,288230376154353602,288230376152983046,288230376163909290,288230376163637725,46947,2026-06-23T10:35:54.000Z,2026-06-23T23:38:21.000Z,406.1,-406.8,402.6,-3.5,0,0.1,4129.53,4089.14,4149.15,,SELL,USD,1,1,1583663
D#1702526,XAUUSD,100,288230376154353724,288230376153014816,288230376163907401,288230376163899058,375,2026-06-23T23:32:43.000Z,2026-06-23T23:38:58.000Z,-20.64,20.5,-21.34,-0.7,0,0.02,4094.57,4084.03,4084.39,4186.24,BUY,USD,1,1,1583663
D#1702511,XAUUSD,100,288230376154353743,288230376153014574,288230376163909677,288230376163904190,1199,2026-06-23T23:19:12.000Z,2026-06-23T23:39:11.000Z,435.24,-437.41,424.38,-10.86,0,0.31,4099.18,4085.36,,,SELL,USD,1,1,1583663
D#1670962,XAUUSD,100,288230376154354014,288230376153014796,288230376163910726,288230376163907130,589,2026-06-23T23:31:53.000Z,2026-06-23T23:41:42.000Z,87.52,-88.08,84.72,-2.8,0,0.08,4095.28,4084.56,4108.53,4077.59,SELL,USD,1,1,1583663
D#1670948,XAUUSD,100,288230376154354307,288230376153014990,288230376163910527,288230376163909271,447,2026-06-23T23:38:18.000Z,2026-06-23T23:45:45.000Z,5.9,-6.6000000000000005,2.4,-3.5,0,0.1,4089.49,4089.12,4089.25,4077.49,SELL,USD,1,1,1583663
D#1702731,XAUUSD,100,288230376154354776,288230376153015347,288230376163914557,288230376163912834,284,2026-06-23T23:47:06.000Z,2026-06-23T23:51:50.000Z,-233.5,230.0,-251.0,-17.5,0,0.5,4093.98,4098.87,,,SELL,USD,1,1,1583663
D#1670948,XAUUSD,100,288230376154354928,288230376153015273,288230376163915690,288230376163912199,564,2026-06-23T23:45:49.000Z,2026-06-23T23:55:13.000Z,67.9,-68.60000000000001,64.4,-3.5,0,0.1,4089.84,4096.41,4090.08,4101.88,BUY,USD,1,1,1583663
D#1670948,XAUUSD,100,288230376154355007,288230376153015599,288230376163916307,288230376163915710,102,2026-06-23T23:55:16.000Z,2026-06-23T23:56:58.000Z,-36.5,35.8,-40.0,-3.5,0,0.1,4096.59,4100.46,,,SELL,USD,1,1,1583663
D#1670962,XAUUSD,100,288230376154356115,288230376153015728,288230376163921311,288230376163917696,482,2026-06-24T00:00:29.000Z,2026-06-24T00:08:31.000Z,97.72,-98.21,95.26,-2.46,0,0.07,4096.34,4110.08,4103.12,4156.39,BUY,USD,1,1,1583663
D#1589410,XAUUSD,100,288230376154358449,288230376152976916,288230376163934270,288230376163567872,63101,2026-06-23T07:11:53.000Z,2026-06-24T00:43:34.000Z,-71.36,71.08,-72.76,-1.4,0,0.04,4114.86,4096.8,,,BUY,USD,1,1,1583663
D#1614622,XAUUSD,100,288230376154358761,288230376153009946,288230376163936591,288230376163849682,21081,2026-06-23T18:59:59.000Z,2026-06-24T00:51:20.000Z,193.6,-194.29999999999998,190.1,-3.5,0,0.1,4117.77,4098.63,4128.26,4040.98,SELL,USD,1,1,1583663
D#1702737,XAUUSD,100,288230376154359128,288230376153017723,288230376163938706,288230376163938135,95,2026-06-24T00:55:49.000Z,2026-06-24T00:57:24.000Z,-1.77,1.56,-2.83,-1.06,0,0.03,4096.55,4095.74,,4107.09,BUY,USD,1,1,1583663
