accountId,instrument,lotSize,closeTradeId,positionId,closeOrderId,openOrderId,durationSec,openDateTime,closeDateTime,profit,reverseProfit,netProfit,commission,swap,amount,openPrice,closePrice,slPrice,tpPrice,side,currency,openTradeCrossPrice,closeTradeCrossPrice,userGroupId
D#1589457,XAUUSD,100,2.8823E+17,2.8823E+17,2.8823E+17,2.8823E+17,116,2026-07-03T01:00:35.000Z,2026-07-03T01:02:31.000Z,-44.4,43.35,-49.66,-5.26,0,0.15,4149.22,4152.4,,4143.89,SELL,USD,1,1,1583663
D#1670932,XAUUSD,100,2.8823E+17,2.8823E+17,2.8823E+17,2.8823E+17,109,2026-07-03T01:00:42.000Z,2026-07-03T01:02:31.000Z,-39.24,38.4,-43.44,-4.2,0,0.12,4149.6,4153.09,4152.93,4146.18,SELL,USD,1,1,1583663
D#1614593,XAUUSD,100,2.8823E+17,2.8823E+17,2.8823E+17,2.8823E+17,162,2026-07-03T01:00:22.000Z,2026-07-03T01:03:04.000Z,-145.2,143.1,-155.7,-10.5,0,0.3,4148.04,4153.1,,4144.41,SELL,USD,1,1,1583663
D#1702452,XAUUSD,100,2.8823E+17,2.8823E+17,2.8823E+17,2.8823E+17,137,2026-07-03T01:00:59.000Z,2026-07-03T01:03:16.000Z,-59.51,58.74,-63.37,-3.86,0,0.11,4149.53,4155.16,4155,,SELL,USD,1,1,1583663
D#1670932,XAUUSD,100,2.8823E+17,2.8823E+17,2.8823E+17,2.8823E+17,31,2026-07-03T01:02:45.000Z,2026-07-03T01:03:16.000Z,-43.89,42.56,-50.55,-6.66,0,0.19,4152.16,4154.69,,,SELL,USD,1,1,1583663
D#1702395,XAUUSD,100,2.8823E+17,2.8823E+17,2.8823E+17,2.8823E+17,98,2026-07-03T01:02:04.000Z,2026-07-03T01:03:42.000Z,141.3,-142.35,136.04,-5.26,0,0.15,4149.54,4158.74,,,BUY,USD,1,1,1583663
D#1702395,XAUUSD,100,2.8823E+17,2.8823E+17,2.8823E+17,2.8823E+17,30,2026-07-03T01:04:19.000Z,2026-07-03T01:04:49.000Z,21.75,-22.8,16.49,-5.26,0,0.15,4159.67,4160.9,,,BUY,USD,1,1,1583663
D#1589457,XAUUSD,100,2.8823E+17,2.8823E+17,2.8823E+17,2.8823E+17,137,2026-07-03T01:02:34.000Z,2026-07-03T01:04:51.000Z,-155.8,154.4,-162.8,-7,0,0.2,4152.9,4160.91,,4146.52,SELL,USD,1,1,1583663
D#1670932,XAUUSD,100,2.8823E+17,2.8823E+17,2.8823E+17,2.8823E+17,76,2026-07-03T01:03:53.000Z,2026-07-03T01:05:09.000Z,-28.12,26.79,-34.78,-6.66,0,0.19,4159.72,4161.42,,,SELL,USD,1,1,1583663
D#1670932,XAUUSD,100,2.8823E+17,2.8823E+17,2.8823E+17,2.8823E+17,46,2026-07-03T01:05:30.000Z,2026-07-03T01:06:16.000Z,-49.4,48.49,-53.96,-4.56,0,0.13,4159.39,4163.41,,,SELL,USD,1,1,1583663
D#1702452,XAUUSD,100,2.8823E+17,2.8823E+17,2.8823E+17,2.8823E+17,4,2026-07-03T01:07:49.000Z,2026-07-03T01:07:53.000Z,-27.17,26.4,-31.03,-3.86,0,0.11,4162.61,4165.3,4165,,SELL,USD,1,1,1583663
D#1614593,XAUUSD,100,2.8823E+17,2.8823E+17,2.8823E+17,2.8823E+17,71,2026-07-03T01:06:55.000Z,2026-07-03T01:08:06.000Z,-35.2,34.85,-36.96,-1.76,0,0.05,4160.94,4168.2,4168.04,4138.65,SELL,USD,1,1,1583663
D#1702395,XAUUSD,100,2.8823E+17,2.8823E+17,2.8823E+17,2.8823E+17,58,2026-07-03T01:07:12.000Z,2026-07-03T01:08:10.000Z,-118.5,117.45,-123.76,-5.26,0,0.15,4160.2,4168.32,,,SELL,USD,1,1,1583663
D#1702599,XAUUSD,100,2.8823E+17,2.8823E+17,2.8823E+17,2.8823E+17,82,2026-07-03T01:07:07.000Z,2026-07-03T01:08:29.000Z,-76.85,76.5,-78.61,-1.76,0,0.05,4159.74,4175.33,4172,4143,SELL,USD,1,1,1583663
D#1671055,XAUUSD,100,2.8823E+17,2.8823E+17,2.8823E+17,2.8823E+17,4,2026-07-03T01:08:27.000Z,2026-07-03T01:08:31.000Z,-81.07,80.3,-84.93,-3.86,0,0.11,4168.26,4175.85,,,SELL,USD,1,1,1583663
D#1702566,XAUUSD,100,2.8823E+17,2.8823E+17,2.8823E+17,2.8823E+17,101,2026-07-03T01:07:00.000Z,2026-07-03T01:08:41.000Z,-93.9,93.2,-97.4,-3.5,0,0.1,4160.52,4170.13,,,SELL,USD,1,1,1583663
D#1671055,XAUUSD,100,2.8823E+17,2.8823E+17,2.8823E+17,2.8823E+17,28,2026-07-03T01:08:51.000Z,2026-07-03T01:09:19.000Z,-17.16,16.39,-21.02,-3.86,0,0.11,4169.67,4171.45,,,SELL,USD,1,1,1583663
D#1702513,XAUUSD,100,2.8823E+17,2.8823E+17,2.8823E+17,2.8823E+17,319,2026-07-03T01:04:07.000Z,2026-07-03T01:09:26.000Z,123,-123.7,119.5,-3.5,0,0.1,4160.39,4172.47,4153.88,4172.13,BUY,USD,1,1,1583663
D#1702647,XAUUSD,100,2.8823E+17,2.8823E+17,2.8823E+17,2.8823E+17,275,2026-07-03T01:04:54.000Z,2026-07-03T01:09:29.000Z,258.2,-259.6,251.2,-7,0,0.2,4161.53,4174.22,,,BUY,USD,1,1,1583663
D#1670986,XAUUSD,100,2.8823E+17,2.8823E+17,2.8823E+17,2.8823E+17,284,2026-07-03T01:04:56.000Z,2026-07-03T01:09:40.000Z,87.48,-87.9,85.38,-2.1,0,0.06,4161.49,4175.85,4147.3,4174.8,BUY,USD,1,1,1583663
D#1702395,XAUUSD,100,2.8823E+17,2.8823E+17,2.8823E+17,2.8823E+17,81,2026-07-03T01:08:24.000Z,2026-07-03T01:09:45.000Z,101.1,-102.15,95.84,-5.26,0,0.15,4168.26,4174.78,,,BUY,USD,1,1,1583663
D#1671055,XAUUSD,100,2.8823E+17,2.8823E+17,2.8823E+17,2.8823E+17,23,2026-07-03T01:09:43.000Z,2026-07-03T01:10:06.000Z,82.11,-83.58,74.75,-7.36,0,0.21,4175.28,4171.59,,,SELL,USD,1,1,1583663
D#1702709,XAUUSD,100,2.8823E+17,2.8823E+17,2.8823E+17,2.8823E+17,49,2026-07-03T01:09:31.000Z,2026-07-03T01:10:20.000Z,-224.5,221,-242,-17.5,0,0.5,4174.28,4169.57,4169.51,,BUY,USD,1,1,1583663
D#1702647,XAUUSD,100,2.8823E+17,2.8823E+17,2.8823E+17,2.8823E+17,104,2026-07-03T01:09:47.000Z,2026-07-03T01:11:31.000Z,-2.8,1.4,-9.8,-7,0,0.2,4175.02,4174.66,,,BUY,USD,1,1,1583663
D#1702395,XAUUSD,100,2.8823E+17,2.8823E+17,2.8823E+17,2.8823E+17,124,2026-07-03T01:09:53.000Z,2026-07-03T01:11:57.000Z,11.4,-12.45,6.14,-5.26,0,0.15,4173.63,4174.17,,,BUY,USD,1,1,1583663
D#1702592,XAUUSD,100,2.8823E+17,2.8823E+17,2.8823E+17,2.8823E+17,19,2026-07-03T01:12:28.000Z,2026-07-03T01:12:47.000Z,0.46,-0.6,-0.24,-0.7,0,0.02,4177.04,4177.05,,,BUY,USD,1,1,1583663
D#1671055,XAUUSD,100,2.8823E+17,2.8823E+17,2.8823E+17,2.8823E+17,81,2026-07-03T01:11:37.000Z,2026-07-03T01:12:58.000Z,-116.34,114.87,-123.7,-7.36,0,0.21,4173.6,4179.36,,,SELL,USD,1,1,1583663
D#1702720,XAUUSD,100,2.8823E+17,2.8823E+17,2.8823E+17,2.8823E+17,74,2026-07-03T01:11:48.000Z,2026-07-03T01:13:02.000Z,30.66,-31.08,28.56,-2.1,0,0.06,4173.46,4178.35,4166.57,,BUY,USD,1,1,1583663
D#1702691,XAUUSD,100,2.8823E+17,2.8823E+17,2.8823E+17,2.8823E+17,73,2026-07-03T01:12:14.000Z,2026-07-03T01:13:27.000Z,142,-145.5,124.5,-17.5,0,0.5,4174.97,4177.59,4177.99,,BUY,USD,1,1,1583663
D#1671055,XAUUSD,100,2.8823E+17,2.8823E+17,2.8823E+17,2.8823E+17,47,2026-07-03T01:13:10.000Z,2026-07-03T01:13:57.000Z,40.32,-41.3,35.42,-4.9,0,0.14,4178.5,4175.84,,,SELL,USD,1,1,1583663
D#1671055,XAUUSD,100,2.8823E+17,2.8823E+17,2.8823E+17,2.8823E+17,70,2026-07-03T01:14:15.000Z,2026-07-03T01:15:25.000Z,-46.07,44.88,-52.03,-5.96,0,0.17,4175.12,4178.05,,,SELL,USD,1,1,1583663
D#1614593,XAUUSD,100,2.8823E+17,2.8823E+17,2.8823E+17,2.8823E+17,229,2026-07-03T01:11:45.000Z,2026-07-03T01:15:34.000Z,-6.84,6.77,-7.2,-0.36,0,0.01,4173.57,4180.63,4180.68,3973.68,SELL,USD,1,1,1583663
D#1702452,XAUUSD,100,2.8823E+17,2.8823E+17,2.8823E+17,2.8823E+17,159,2026-07-03T01:12:56.000Z,2026-07-03T01:15:35.000Z,-45.65,44.88,-49.51,-3.86,0,0.11,4177.75,4182.12,4181,,SELL,USD,1,1,1583663
D#1671055,XAUUSD,100,2.8823E+17,2.8823E+17,2.8823E+17,2.8823E+17,30,2026-07-03T01:15:39.000Z,2026-07-03T01:16:09.000Z,29.2,-29.76,26.4,-2.8,0,0.08,4180.68,4177.25,,,SELL,USD,1,1,1583663
D#1702733,XAUUSD,100,2.8823E+17,2.8823E+17,2.8823E+17,2.8823E+17,43,2026-07-03T01:15:51.000Z,2026-07-03T01:16:34.000Z,19.25,-20.02,15.39,-3.86,0,0.11,4177.7,4176.17,4182.1,4168.25,SELL,USD,1,1,1583663
D#1671055,XAUUSD,100,2.8823E+17,2.8823E+17,2.8823E+17,2.8823E+17,29,2026-07-03T01:16:21.000Z,2026-07-03T01:16:50.000Z,44.94,-46.41,37.58,-7.36,0,0.21,4176.78,4174.86,,,SELL,USD,1,1,1583663
D#1614593,XAUUSD,100,2.8823E+17,2.8823E+17,2.8823E+17,2.8823E+17,16,2026-07-03T01:17:35.000Z,2026-07-03T01:17:51.000Z,-1.32,1.25,-1.68,-0.36,0,0.01,4175.16,4176.7,,,SELL,USD,1,1,1583663
D#1671055,XAUUSD,100,2.8823E+17,2.8823E+17,2.8823E+17,2.8823E+17,40,2026-07-03T01:17:26.000Z,2026-07-03T01:18:06.000Z,-47.67,46.2,-55.03,-7.36,0,0.21,4175.98,4178.47,,,SELL,USD,1,1,1583663
D#1671055,XAUUSD,100,2.8823E+17,2.8823E+17,2.8823E+17,2.8823E+17,32,2026-07-03T01:18:25.000Z,2026-07-03T01:18:57.000Z,-14.56,13.44,-20.16,-5.6,0,0.16,4177.09,4178.22,,,SELL,USD,1,1,1583663
D#1702647,XAUUSD,100,2.8823E+17,2.8823E+17,2.8823E+17,2.8823E+17,371,2026-07-03T01:13:03.000Z,2026-07-03T01:19:14.000Z,8.4,-9.8,1.4,-7,0,0.2,4178.72,4178.92,,,BUY,USD,1,1,1583663
D#1702592,XAUUSD,100,2.8823E+17,2.8823E+17,2.8823E+17,2.8823E+17,405,2026-07-03T01:13:00.000Z,2026-07-03T01:19:45.000Z,22.2,-23.6,15.2,-7,0,0.2,4178.85,4179.74,,,BUY,USD,1,1,1583663
D#1702452,XAUUSD,100,2.8823E+17,2.8823E+17,2.8823E+17,2.8823E+17,50,2026-07-03T01:19:20.000Z,2026-07-03T01:20:10.000Z,-34.43,33.66,-38.29,-3.86,0,0.11,4177.8,4181.15,4181,,SELL,USD,1,1,1583663
D#1702513,XAUUSD,100,2.8823E+17,2.8823E+17,2.8823E+17,2.8823E+17,308,2026-07-03T01:15:10.000Z,2026-07-03T01:20:18.000Z,-63.6,62.9,-67.1,-3.5,0,0.1,4175.58,4182.16,4181.79,4163.88,SELL,USD,1,1,1583663
D#1671055,XAUUSD,100,2.8823E+17,2.8823E+17,2.8823E+17,2.8823E+17,43,2026-07-03T01:19:38.000Z,2026-07-03T01:20:21.000Z,-42.56,41.44,-48.16,-5.6,0,0.16,4179.2,4182.08,,,SELL,USD,1,1,1583663
D#1702599,XAUUSD,100,2.8823E+17,2.8823E+17,2.8823E+17,2.8823E+17,214,2026-07-03T01:16:57.000Z,2026-07-03T01:20:31.000Z,-76.3,75.6,-79.8,-3.5,0,0.1,4175.2,4183.05,4183,4153,SELL,USD,1,1,1583663
D#1702463,XAUUSD,100,2.8823E+17,2.8823E+17,2.8823E+17,2.8823E+17,363,2026-07-03T01:14:36.000Z,2026-07-03T01:20:39.000Z,-82,81.44,-84.8,-2.8,0,0.08,4175.21,4185.68,4185.3,4124.99,SELL,USD,1,1,1583663
D#1702691,XAUUSD,100,2.8823E+17,2.8823E+17,2.8823E+17,2.8823E+17,21,2026-07-03T01:20:54.000Z,2026-07-03T01:21:15.000Z,55,-58.5,37.5,-17.5,0,0.5,4185.6,4186.48,,,BUY,USD,1,1,1583663
D#1702424,XAUUSD,100,2.8823E+17,2.8823E+17,2.8823E+17,2.8823E+17,244,2026-07-03T01:17:17.000Z,2026-07-03T01:21:21.000Z,-209.2,207.8,-216.2,-7,0,0.2,4176.07,4186.75,,,SELL,USD,1,1,1583663
D#1702373,XAUUSD,100,2.8823E+17,2.8823E+17,2.8823E+17,2.8823E+17,150,2026-07-03T01:20:28.000Z,2026-07-03T01:22:58.000Z,78.8,-80.2,71.8,-7,0,0.2,4182.61,4186.33,,,BUY,USD,1,1,1583663
D#1702592,XAUUSD,100,2.8823E+17,2.8823E+17,2.8823E+17,2.8823E+17,196,2026-07-03T01:20:10.000Z,2026-07-03T01:23:26.000Z,115.4,-116.8,108.4,-7,0,0.2,4181.17,4186.72,,,BUY,USD,1,1,1583663
D#1702647,XAUUSD,100,2.8823E+17,2.8823E+17,2.8823E+17,2.8823E+17,168,2026-07-03T01:20:41.000Z,2026-07-03T01:23:29.000Z,1.4,-2.8,-5.6,-7,0,0.2,4186.12,4185.97,,,BUY,USD,1,1,1583663
D#1670958,XAUUSD,100,2.8823E+17,2.8823E+17,2.8823E+17,2.8823E+17,634,2026-07-03T01:12:57.000Z,2026-07-03T01:23:31.000Z,39.84,-40.26,37.74,-2.1,0,0.06,4179.01,4185.43,4182.16,4195.46,BUY,USD,1,1,1583663
D#1702452,XAUUSD,100,2.8823E+17,2.8823E+17,2.8823E+17,2.8823E+17,40,2026-07-03T01:23:36.000Z,2026-07-03T01:24:16.000Z,-39.05,38.28,-42.91,-3.86,0,0.11,4184.81,4188.58,4188,,SELL,USD,1,1,1583663
D#1671080,XAUUSD,100,2.8823E+17,2.8823E+17,2.8823E+17,2.8823E+17,340,2026-07-03T01:18:42.000Z,2026-07-03T01:24:22.000Z,108.8,-109.5,105.3,-3.5,0,0.1,4177.81,4188.47,,,BUY,USD,1,1,1583663
D#1670932,XAUUSD,100,2.8823E+17,2.8823E+17,2.8823E+17,2.8823E+17,219,2026-07-03T01:21:01.000Z,2026-07-03T01:24:40.000Z,-36.26,35.77,-38.72,-2.46,0,0.07,4185.65,4191.05,,,SELL,USD,1,1,1583663
D#1702691,XAUUSD,100,2.8823E+17,2.8823E+17,2.8823E+17,2.8823E+17,19,2026-07-03T01:24:36.000Z,2026-07-03T01:24:55.000Z,101.5,-105,84,-17.5,0,0.5,4190.89,4192.7,,,BUY,USD,1,1,1583663
D#1702720,XAUUSD,100,2.8823E+17,2.8823E+17,2.8823E+17,2.8823E+17,116,2026-07-03T01:23:01.000Z,2026-07-03T01:24:57.000Z,39.36,-39.78,37.26,-2.1,0,0.06,4186.24,4192.58,4165.57,,BUY,USD,1,1,1583663
D#1702361,XAUUSD,100,2.8823E+17,2.8823E+17,2.8823E+17,2.8823E+17,129,2026-07-03T01:24:28.000Z,2026-07-03T01:26:37.000Z,0.82,-0.89,0.46,-0.36,0,0.01,4188.53,4189.13,,,BUY,USD,1,1,1583663
D#1702373,XAUUSD,100,2.8823E+17,2.8823E+17,2.8823E+17,2.8823E+17,196,2026-07-03T01:24:21.000Z,2026-07-03T01:27:37.000Z,11.6,-13,4.6,-7,0,0.2,4188.63,4188.99,,,BUY,USD,1,1,1583663
D#1702534,XAUUSD,100,2.8823E+17,2.8823E+17,2.8823E+17,2.8823E+17,87,2026-07-03T01:26:13.000Z,2026-07-03T01:27:40.000Z,-84.48,82.8,-92.88,-8.4,0,0.24,4186.92,4190.66,,,SELL,USD,1,1,1583663
D#1702534,XAUUSD,100,2.8823E+17,2.8823E+17,2.8823E+17,2.8823E+17,24,2026-07-03T01:28:08.000Z,2026-07-03T01:28:32.000Z,-39.96,38.7,-46.26,-6.3,0,0.18,4189.92,4192.36,,,SELL,USD,1,1,1583663
D#1702534,XAUUSD,100,2.8823E+17,2.8823E+17,2.8823E+17,2.8823E+17,16,2026-07-03T01:28:44.000Z,2026-07-03T01:29:00.000Z,-1.26,0,-7.56,-6.3,0,0.18,4192.51,4192.8,,,SELL,USD,1,1,1583663
D#1702534,XAUUSD,100,2.8823E+17,2.8823E+17,2.8823E+17,2.8823E+17,15,2026-07-03T01:29:11.000Z,2026-07-03T01:29:26.000Z,25.56,-26.82,19.26,-6.3,0,0.18,4190.75,4189.55,,,SELL,USD,1,1,1583663
D#1702534,XAUUSD,100,2.8823E+17,2.8823E+17,2.8823E+17,2.8823E+17,15,2026-07-03T01:29:55.000Z,2026-07-03T01:30:10.000Z,43.94,-45.76,34.84,-9.1,0,0.26,4187.3,4185.83,,,SELL,USD,1,1,1583663
D#1702455,XAUUSD,100,2.8823E+17,2.8823E+17,2.8823E+17,2.8823E+17,146,2026-07-03T01:27:51.000Z,2026-07-03T01:30:17.000Z,125.6,-127,118.6,-7,0,0.2,4189.99,4183.93,,4184.31,SELL,USD,1,1,1583663
D#1702647,XAUUSD,100,2.8823E+17,2.8823E+17,2.8823E+17,2.8823E+17,327,2026-07-03T01:25:08.000Z,2026-07-03T01:30:35.000Z,-169.4,168,-176.4,-7,0,0.2,4191.77,4183.08,4183.3,4195.98,BUY,USD,1,1,1583663
D#1702534,XAUUSD,100,2.8823E+17,2.8823E+17,2.8823E+17,2.8823E+17,6,2026-07-03T01:30:43.000Z,2026-07-03T01:30:49.000Z,10.66,-12.48,1.56,-9.1,0,0.26,4185.47,4185.66,,,BUY,USD,1,1,1583663
D#1702534,XAUUSD,100,2.8823E+17,2.8823E+17,2.8823E+17,2.8823E+17,21,2026-07-03T01:31:07.000Z,2026-07-03T01:31:28.000Z,52.52,-54.34,43.42,-9.1,0,0.26,4188.99,4187.19,,,SELL,USD,1,1,1583663
D#1702698,XAUUSD,100,2.8823E+17,2.8823E+17,2.8823E+17,2.8823E+17,87,2026-07-03T01:30:32.000Z,2026-07-03T01:31:59.000Z,-30.95,30.6,-32.71,-1.76,0,0.05,4183.54,4189.95,,4174.57,SELL,USD,1,1,1583663
D#1702647,XAUUSD,100,2.8823E+17,2.8823E+17,2.8823E+17,2.8823E+17,74,2026-07-03T01:30:45.000Z,2026-07-03T01:31:59.000Z,-88,86.6,-95,-7,0,0.2,4185.33,4189.95,,,SELL,USD,1,1,1583663
D#1702733,XAUUSD,100,2.8823E+17,2.8823E+17,2.8823E+17,2.8823E+17,123,2026-07-03T01:30:03.000Z,2026-07-03T01:32:06.000Z,-31.22,30.73,-33.68,-2.46,0,0.07,4187.67,4192.35,4191.88,4174.93,SELL,USD,1,1,1583663
D#1702534,XAUUSD,100,2.8823E+17,2.8823E+17,2.8823E+17,2.8823E+17,16,2026-07-03T01:31:52.000Z,2026-07-03T01:32:08.000Z,-79.82,78,-88.92,-9.1,0,0.26,4188.37,4191.66,,,SELL,USD,1,1,1583663
D#1702599,XAUUSD,100,2.8823E+17,2.8823E+17,2.8823E+17,2.8823E+17,26,2026-07-03T01:31:45.000Z,2026-07-03T01:32:11.000Z,-44.3,43.6,-47.8,-3.5,0,0.1,4186.53,4191.18,4197,,SELL,USD,1,1,1583663
D#1702552,XAUUSD,100,2.8823E+17,2.8823E+17,2.8823E+17,2.8823E+17,16,2026-07-03T01:32:24.000Z,2026-07-03T01:32:40.000Z,-1.17,1.1,-1.53,-0.36,0,0.01,4190.14,4188.75,,,BUY,USD,1,1,1583663
D#1702552,XAUUSD,100,2.8823E+17,2.8823E+17,2.8823E+17,2.8823E+17,4,2026-07-03T01:32:54.000Z,2026-07-03T01:32:58.000Z,13.4,-14.8,6.4,-7,0,0.2,4190.91,4191.36,,,BUY,USD,1,1,1583663
D#1702733,XAUUSD,100,2.8823E+17,2.8823E+17,2.8823E+17,2.8823E+17,124,2026-07-03T01:32:34.000Z,2026-07-03T01:34:38.000Z,-0.18,-0.24,-2.28,-2.1,0,0.06,4189.48,4189.73,4200.04,4170.25,SELL,USD,1,1,1583663
D#1702534,XAUUSD,100,2.8823E+17,2.8823E+17,2.8823E+17,2.8823E+17,148,2026-07-03T01:32:15.000Z,2026-07-03T01:34:43.000Z,-27.82,26,-36.92,-9.1,0,0.26,4190.13,4191.42,,,SELL,USD,1,1,1583663
D#1614602,XAUUSD,100,2.8823E+17,2.8823E+17,2.8823E+17,2.8823E+17,809,2026-07-03T01:21:41.000Z,2026-07-03T01:35:10.000Z,84.4,-85.1,80.9,-3.5,0,0.1,4186.49,4194.71,4180.26,4194.18,BUY,USD,1,1,1583663
D#1702373,XAUUSD,100,2.8823E+17,2.8823E+17,2.8823E+17,2.8823E+17,304,2026-07-03T01:30:06.000Z,2026-07-03T01:35:10.000Z,-170,168.6,-177,-7,0,0.2,4186.16,4194.88,,,SELL,USD,1,1,1583663
D#1702534,XAUUSD,100,2.8823E+17,2.8823E+17,2.8823E+17,2.8823E+17,41,2026-07-03T01:35:15.000Z,2026-07-03T01:35:56.000Z,10.95,-11.3,9.19,-1.76,0,0.05,4194.57,4192.6,,,SELL,USD,1,1,1583663
D#1702702,XAUUSD,100,2.8823E+17,2.8823E+17,2.8823E+17,2.8823E+17,55,2026-07-03T01:35:22.000Z,2026-07-03T01:36:17.000Z,-77,75.6,-84,-7,0,0.2,4195.25,4191.18,,,BUY,USD,1,1,1583663
D#1702534,XAUUSD,100,2.8823E+17,2.8823E+17,2.8823E+17,2.8823E+17,32,2026-07-03T01:36:04.000Z,2026-07-03T01:36:36.000Z,18.04,-18.81,14.18,-3.86,0,0.11,4192.12,4190.7,,,SELL,USD,1,1,1583663
D#1702373,XAUUSD,100,2.8823E+17,2.8823E+17,2.8823E+17,2.8823E+17,91,2026-07-03T01:35:19.000Z,2026-07-03T01:36:50.000Z,-114.2,112.8,-121.2,-7,0,0.2,4194.98,4189.05,,,BUY,USD,1,1,1583663
D#1702708,XAUUSD,100,2.8823E+17,2.8823E+17,2.8823E+17,2.8823E+17,70,2026-07-03T01:36:14.000Z,2026-07-03T01:37:24.000Z,58.5,-59.55,53.24,-5.26,0,0.15,4191.35,4187.67,,,SELL,USD,1,1,1583663
D#1702647,XAUUSD,100,2.8823E+17,2.8823E+17,2.8823E+17,2.8823E+17,317,2026-07-03T01:32:13.000Z,2026-07-03T01:37:30.000Z,-82.32,80.85,-89.68,-7.36,0,0.21,4190.8,4186.66,4186.91,4202.61,BUY,USD,1,1,1583663
D#1702534,XAUUSD,100,2.8823E+17,2.8823E+17,2.8823E+17,2.8823E+17,59,2026-07-03T01:36:48.000Z,2026-07-03T01:37:47.000Z,68.86,-70.4,61.16,-7.7,0,0.22,4188.77,4185.86,,,SELL,USD,1,1,1583663
D#1702534,XAUUSD,100,2.8823E+17,2.8823E+17,2.8823E+17,2.8823E+17,19,2026-07-03T01:38:00.000Z,2026-07-03T01:38:19.000Z,14.08,-15.62,6.38,-7.7,0,0.22,4186.45,4186.87,,,BUY,USD,1,1,1583663
D#1614602,XAUUSD,100,2.8823E+17,2.8823E+17,2.8823E+17,2.8823E+17,122,2026-07-03T01:36:44.000Z,2026-07-03T01:38:46.000Z,-49.9,49.2,-53.4,-3.5,0,0.1,4190.1,4184.89,4185.28,4197.98,BUY,USD,1,1,1583663
D#1702534,XAUUSD,100,2.8823E+17,2.8823E+17,2.8823E+17,2.8823E+17,23,2026-07-03T01:38:43.000Z,2026-07-03T01:39:06.000Z,24.86,-26.4,17.16,-7.7,0,0.22,4185.37,4186.28,,,BUY,USD,1,1,1583663
D#1702702,XAUUSD,100,2.8823E+17,2.8823E+17,2.8823E+17,2.8823E+17,165,2026-07-03T01:37:06.000Z,2026-07-03T01:39:51.000Z,80.2,-81.6,73.2,-7,0,0.2,4188.86,4185.07,,,SELL,USD,1,1,1583663
D#1670921,XAUUSD,100,2.8823E+17,2.8823E+17,2.8823E+17,2.8823E+17,105,2026-07-03T01:38:44.000Z,2026-07-03T01:40:29.000Z,-9.8,9.45,-11.56,-1.76,0,0.05,4185.34,4183.16,4184,4266,BUY,USD,1,1,1583663
D#1702534,XAUUSD,100,2.8823E+17,2.8823E+17,2.8823E+17,2.8823E+17,54,2026-07-03T01:39:39.000Z,2026-07-03T01:40:33.000Z,-56.68,54.86,-65.78,-9.1,0,0.26,4185.53,4183.13,,,BUY,USD,1,1,1583663
D#1702455,XAUUSD,100,2.8823E+17,2.8823E+17,2.8823E+17,2.8823E+17,333,2026-07-03T01:36:32.000Z,2026-07-03T01:42:05.000Z,105.8,-106.5,102.3,-3.5,0,0.1,4191.51,4181.15,,4181.6,SELL,USD,1,1,1583663
D#1670926,XAUUSD,100,2.8823E+17,2.8823E+17,2.8823E+17,2.8823E+17,178,2026-07-03T01:39:07.000Z,2026-07-03T01:42:05.000Z,48.1,-48.8,44.6,-3.5,0,0.1,4186.32,4181.73,,,SELL,USD,1,1,1583663
D#1702702,XAUUSD,100,2.8823E+17,2.8823E+17,2.8823E+17,2.8823E+17,86,2026-07-03T01:41:37.000Z,2026-07-03T01:43:03.000Z,4.6,-6,-2.4,-7,0,0.2,4182.83,4182.82,,,SELL,USD,1,1,1583663
D#1702534,XAUUSD,100,2.8823E+17,2.8823E+17,2.8823E+17,2.8823E+17,173,2026-07-03T01:40:47.000Z,2026-07-03T01:43:40.000Z,-108.85,106.4,-121.11,-12.26,0,0.35,4183.4,4180.07,,,BUY,USD,1,1,1583663
D#1702702,XAUUSD,100,2.8823E+17,2.8823E+17,2.8823E+17,2.8823E+17,15,2026-07-03T01:43:31.000Z,2026-07-03T01:43:46.000Z,5.2,-6.6,-1.8,-7,0,0.2,4180.52,4180.48,,,SELL,USD,1,1,1583663
D#1702361,XAUUSD,100,2.8823E+17,2.8823E+17,2.8823E+17,2.8823E+17,608,2026-07-03T01:35:00.000Z,2026-07-03T01:45:08.000Z,-14.87,14.8,-15.23,-0.36,0,0.01,4193.22,4178.13,4178.26,4375.2,BUY,USD,1,1,1583663
D#1702737,XAUUSD,100,2.8823E+17,2.8823E+17,2.8823E+17,2.8823E+17,50,2026-07-03T01:44:26.000Z,2026-07-03T01:45:16.000Z,74.1,-76.2,63.6,-10.5,0,0.3,4179.91,4177.66,,4177.56,SELL,USD,1,1,1583663
D#1702502,XAUUSD,100,2.8823E+17,2.8823E+17,2.8823E+17,2.8823E+17,308,2026-07-03T01:40:13.000Z,2026-07-03T01:45:21.000Z,-274.4,271.6,-288.4,-14,0,0.4,4184.57,4177.49,,,BUY,USD,1,1,1583663
D#1702505,XAUUSD,100,2.8823E+17,2.8823E+17,2.8823E+17,2.8823E+17,62,2026-07-03T01:44:25.000Z,2026-07-03T01:45:27.000Z,-36.5,35.8,-40,-3.5,0,0.1,4180.43,4176.56,,,BUY,USD,1,1,1583663
D#1702505,XAUUSD,100,2.8823E+17,2.8823E+17,2.8823E+17,2.8823E+17,17,2026-07-03T01:45:42.000Z,2026-07-03T01:45:59.000Z,2.7,-3.4,-0.8,-3.5,0,0.1,4176.87,4176.92,,,BUY,USD,1,1,1583663
D#1702737,XAUUSD,100,2.8823E+17,2.8823E+17,2.8823E+17,2.8823E+17,108,2026-07-03T01:47:12.000Z,2026-07-03T01:49:00.000Z,-113.4,111.3,-123.9,-10.5,0,0.3,4177.63,4181.63,4181.55,4175.31,SELL,USD,1,1,1583663
D#1702647,XAUUSD,100,2.8823E+17,2.8823E+17,2.8823E+17,2.8823E+17,675,2026-07-03T01:37:54.000Z,2026-07-03T01:49:09.000Z,86.52,-87.99,79.16,-7.36,0,0.21,4186.04,4182.14,4189.43,4170.19,SELL,USD,1,1,1583663
D#1702391,XAUUSD,100,2.8823E+17,2.8823E+17,2.8823E+17,2.8823E+17,780,2026-07-03T01:36:43.000Z,2026-07-03T01:49:43.000Z,131.4,-132.45,126.14,-5.26,0,0.15,4190.17,4181.63,,,SELL,USD,1,1,1583663
D#1702697,XAUUSD,100,2.8823E+17,2.8823E+17,2.8823E+17,2.8823E+17,806,2026-07-03T01:36:30.000Z,2026-07-03T01:49:56.000Z,-10.8,10.73,-11.16,-0.36,0,0.01,4191.41,4180.39,,,BUY,USD,1,1,1583663
D#1702737,XAUUSD,100,2.8823E+17,2.8823E+17,2.8823E+17,2.8823E+17,62,2026-07-03T01:49:29.000Z,2026-07-03T01:50:31.000Z,79.5,-81.6,69,-10.5,0,0.3,4181.81,4179.38,4184.91,4179.56,SELL,USD,1,1,1583663
D#1702647,XAUUSD,100,2.8823E+17,2.8823E+17,2.8823E+17,2.8823E+17,83,2026-07-03T01:49:19.000Z,2026-07-03T01:50:42.000Z,-84,82.53,-91.36,-7.36,0,0.21,4182.04,4177.82,,,BUY,USD,1,1,1583663
D#1702391,XAUUSD,100,2.8823E+17,2.8823E+17,2.8823E+17,2.8823E+17,83,2026-07-03T01:49:52.000Z,2026-07-03T01:51:15.000Z,35.1,-36.15,29.84,-5.26,0,0.15,4179.84,4177.72,,,SELL,USD,1,1,1583663
D#1702611,XAUUSD,100,2.8823E+17,2.8823E+17,2.8823E+17,2.8823E+17,85,2026-07-03T01:50:15.000Z,2026-07-03T01:51:40.000Z,-210.8,208,-224.8,-14,0,0.4,4181.81,4176.32,,,BUY,USD,1,1,1583663
D#1702708,XAUUSD,100,2.8823E+17,2.8823E+17,2.8823E+17,2.8823E+17,121,2026-07-03T01:50:36.000Z,2026-07-03T01:52:37.000Z,46.2,-47.25,40.94,-5.26,0,0.15,4179.16,4176.3,,,SELL,USD,1,1,1583663
D#1702464,XAUUSD,100,2.8823E+17,2.8823E+17,2.8823E+17,2.8823E+17,1352,2026-07-03T01:30:48.000Z,2026-07-03T01:53:20.000Z,100.7,-101.4,97.2,-3.5,0,0.1,4185.63,4175.78,,,SELL,USD,1,1,1583663
D#1702702,XAUUSD,100,2.8823E+17,2.8823E+17,2.8823E+17,2.8823E+17,233,2026-07-03T01:50:37.000Z,2026-07-03T01:54:30.000Z,13.8,-15.2,6.8,-7,0,0.2,4178.39,4177.92,,,SELL,USD,1,1,1583663
D#1702737,XAUUSD,100,2.8823E+17,2.8823E+17,2.8823E+17,2.8823E+17,155,2026-07-03T01:52:38.000Z,2026-07-03T01:55:13.000Z,-83.2,81.8,-90.2,-7,0,0.2,4176.17,4180.55,4180.5,4172.68,SELL,USD,1,1,1583663
D#1702647,XAUUSD,100,2.8823E+17,2.8823E+17,2.8823E+17,2.8823E+17,277,2026-07-03T01:50:49.000Z,2026-07-03T01:55:26.000Z,-57.96,56.49,-65.32,-7.36,0,0.21,4178.24,4181.22,4181,4160.62,SELL,USD,1,1,1583663
D#1671083,XAUUSD,100,2.8823E+17,2.8823E+17,2.8823E+17,2.8823E+17,272,2026-07-03T01:51:42.000Z,2026-07-03T01:56:14.000Z,-120.8,119.4,-127.8,-7,0,0.2,4176.26,4182.52,4182.32,4171.96,SELL,USD,1,1,1583663
D#1702702,XAUUSD,100,2.8823E+17,2.8823E+17,2.8823E+17,2.8823E+17,18,2026-07-03T02:00:19.000Z,2026-07-03T02:00:37.000Z,26.4,-27.8,19.4,-7,0,0.2,4182.78,4183.88,,,BUY,USD,1,1,1583663
D#1702551,XAUUSD,100,2.8823E+17,2.8823E+17,2.8823E+17,2.8823E+17,429,2026-07-03T01:53:58.000Z,2026-07-03T02:01:07.000Z,23.25,-23.6,21.49,-1.76,0,0.05,4176.59,4181.02,,,BUY,USD,1,1,1583663
D#1702702,XAUUSD,100,2.8823E+17,2.8823E+17,2.8823E+17,2.8823E+17,10,2026-07-03T02:01:12.000Z,2026-07-03T02:01:22.000Z,23.4,-24.8,16.4,-7,0,0.2,4180.65,4179.7,,,SELL,USD,1,1,1583663
D#1702737,XAUUSD,100,2.8823E+17,2.8823E+17,2.8823E+17,2.8823E+17,355,2026-07-03T01:56:23.000Z,2026-07-03T02:02:18.000Z,72.8,-74.2,65.8,-7,0,0.2,4181.04,4177.62,4184.89,4177.63,SELL,USD,1,1,1583663
D#1702702,XAUUSD,100,2.8823E+17,2.8823E+17,2.8823E+17,2.8823E+17,136,2026-07-03T02:02:22.000Z,2026-07-03T02:04:38.000Z,-44.4,43,-51.4,-7,0,0.2,4177.24,4179.68,,,SELL,USD,1,1,1583663
D#1702462,XAUUSD,100,2.8823E+17,2.8823E+17,2.8823E+17,2.8823E+17,10,2026-07-03T02:05:02.000Z,2026-07-03T02:05:12.000Z,23.4,-24.45,18.14,-5.26,0,0.15,4179.36,4180.7,,,BUY,USD,1,1,1583663
D#1702702,XAUUSD,100,2.8823E+17,2.8823E+17,2.8823E+17,2.8823E+17,146,2026-07-03T02:07:36.000Z,2026-07-03T02:10:02.000Z,8.4,-9.8,1.4,-7,0,0.2,4179.84,4179.64,,,SELL,USD,1,1,1583663
D#1670956,XAUUSD,100,2.8823E+17,2.8823E+17,2.8823E+17,2.8823E+17,1415,2026-07-03T01:49:12.000Z,2026-07-03T02:12:47.000Z,-5.73,5.52,-6.79,-1.06,0,0.03,4182.14,4180.01,4174.77,4196.23,BUY,USD,1,1,1583663
D#1702708,XAUUSD,100,2.8823E+17,2.8823E+17,2.8823E+17,2.8823E+17,239,2026-07-03T02:12:06.000Z,2026-07-03T02:16:05.000Z,-10.2,9.15,-15.46,-5.26,0,0.15,4179.78,4180.68,,,SELL,USD,1,1,1583663
D#1702551,XAUUSD,100,2.8823E+17,2.8823E+17,2.8823E+17,2.8823E+17,74,2026-07-03T02:17:08.000Z,2026-07-03T02:18:22.000Z,2.12,-2.19,1.76,-0.36,0,0.01,4180.55,4178.65,,,SELL,USD,1,1,1583663
D#1702698,XAUUSD,100,2.8823E+17,2.8823E+17,2.8823E+17,2.8823E+17,2476,2026-07-03T01:37:44.000Z,2026-07-03T02:19:00.000Z,35.44,-35.79,33.68,-1.76,0,0.05,4186.76,4178.48,4186.91,4150.43,SELL,USD,1,1,1583663
D#1645641,XAUUSD,100,2.8823E+17,2.8823E+17,2.8823E+17,2.8823E+17,1191,2026-07-03T01:59:16.000Z,2026-07-03T02:19:07.000Z,-37,36.3,-40.5,-3.5,0,0.1,4182.1,4178.18,4176.86,4191.03,BUY,USD,1,1,1583663
D#1702737,XAUUSD,100,2.8823E+17,2.8823E+17,2.8823E+17,2.8823E+17,807,2026-07-03T02:06:02.000Z,2026-07-03T02:19:29.000Z,72.8,-74.2,65.8,-7,0,0.2,4180.42,4177,4184.42,4177.01,SELL,USD,1,1,1583663
D#1702592,XAUUSD,100,2.8823E+17,2.8823E+17,2.8823E+17,2.8823E+17,1216,2026-07-03T01:59:50.000Z,2026-07-03T02:20:06.000Z,-103.2,101.8,-110.2,-7,0,0.2,4182.52,4177.14,,,BUY,USD,1,1,1583663
D#1702531,XAUUSD,100,2.8823E+17,2.8823E+17,2.8823E+17,2.8823E+17,1144,2026-07-03T02:01:09.000Z,2026-07-03T02:20:13.000Z,56.2,-57.6,49.2,-7,0,0.2,4180.44,4177.85,,,SELL,USD,1,1,1583663
D#1702702,XAUUSD,100,2.8823E+17,2.8823E+17,2.8823E+17,2.8823E+17,84,2026-07-03T02:18:52.000Z,2026-07-03T02:20:16.000Z,10.6,-12,3.6,-7,0,0.2,4178.17,4177.86,,,SELL,USD,1,1,1583663
D#1702592,XAUUSD,100,2.8823E+17,2.8823E+17,2.8823E+17,2.8823E+17,0,2026-07-03T02:20:19.000Z,2026-07-03T02:20:19.000Z,-1,-0.4,-8,-7,0,0.2,4178.41,4178.14,,,BUY,USD,1,1,1583663
D#1702616,XAUUSD,100,2.8823E+17,2.8823E+17,2.8823E+17,2.8823E+17,376,2026-07-03T02:17:44.000Z,2026-07-03T02:24:00.000Z,1.86,-2,1.16,-0.7,0,0.02,4180.49,4179.78,4198.86,,SELL,USD,1,1,1583663
D#1671057,XAUUSD,100,2.8823E+17,2.8823E+17,2.8823E+17,2.8823E+17,154,2026-07-03T02:23:43.000Z,2026-07-03T02:26:17.000Z,107,-110.5,89.5,-17.5,0,0.5,4179.56,4177.64,4177.53,4172.18,SELL,USD,1,1,1583663
D#1702702,XAUUSD,100,2.8823E+17,2.8823E+17,2.8823E+17,2.8823E+17,205,2026-07-03T02:23:17.000Z,2026-07-03T02:26:42.000Z,9.8,-11.2,2.8,-7,0,0.2,4179.49,4179.22,,,SELL,USD,1,1,1583663
D#1702391,XAUUSD,100,2.8823E+17,2.8823E+17,2.8823E+17,2.8823E+17,2105,2026-07-03T01:53:04.000Z,2026-07-03T02:28:09.000Z,-14.55,13.5,-19.81,-5.26,0,0.15,4176.62,4177.81,,,SELL,USD,1,1,1583663
D#1702688,XAUUSD,100,2.8823E+17,2.8823E+17,2.8823E+17,2.8823E+17,383,2026-07-03T02:21:53.000Z,2026-07-03T02:28:16.000Z,-16.6,15.9,-20.1,-3.5,0,0.1,4180.07,4178.19,,,BUY,USD,1,1,1583663
D#1702702,XAUUSD,100,2.8823E+17,2.8823E+17,2.8823E+17,2.8823E+17,102,2026-07-03T02:28:07.000Z,2026-07-03T02:29:49.000Z,-28.4,27,-35.4,-7,0,0.2,4177.64,4179.28,,,SELL,USD,1,1,1583663
D#1702430,XAUUSD,100,2.8823E+17,2.8823E+17,2.8823E+17,2.8823E+17,11,2026-07-03T02:30:39.000Z,2026-07-03T02:30:50.000Z,1.4,-2.1,-2.1,-3.5,0,0.1,4178.46,4178.54,,,SELL,USD,1,1,1583663
D#1702702,XAUUSD,100,2.8823E+17,2.8823E+17,2.8823E+17,2.8823E+17,50,2026-07-03T02:30:22.000Z,2026-07-03T02:31:12.000Z,-53.8,52.4,-60.8,-7,0,0.2,4178.45,4181.36,,,SELL,USD,1,1,1583663
D#1702648,XAUUSD,100,2.8823E+17,2.8823E+17,2.8823E+17,2.8823E+17,50,2026-07-03T02:30:48.000Z,2026-07-03T02:31:38.000Z,-15.5,14.8,-19,-3.5,0,0.1,4178.45,4180.22,,,SELL,USD,1,1,1583663
D#1702702,XAUUSD,100,2.8823E+17,2.8823E+17,2.8823E+17,2.8823E+17,65,2026-07-03T02:31:57.000Z,2026-07-03T02:33:02.000Z,-12.6,11.2,-19.6,-7,0,0.2,4181.31,4180.46,,,BUY,USD,1,1,1583663
D#1702740,XAUUSD,100,2.8823E+17,2.8823E+17,2.8823E+17,2.8823E+17,1614,2026-07-03T02:08:24.000Z,2026-07-03T02:35:18.000Z,-10.35,9.3,-15.61,-5.26,0,0.15,4179.58,4180.49,4183.08,,SELL,USD,1,1,1583663
D#1702568,XAUUSD,100,2.8823E+17,2.8823E+17,2.8823E+17,2.8823E+17,491,2026-07-03T02:27:27.000Z,2026-07-03T02:35:38.000Z,-60.48,59.22,-66.78,-6.3,0,0.18,4177.77,4181.35,,4169.09,SELL,USD,1,1,1583663
D#1702702,XAUUSD,100,2.8823E+17,2.8823E+17,2.8823E+17,2.8823E+17,41,2026-07-03T02:35:12.000Z,2026-07-03T02:35:53.000Z,-25.6,24.2,-32.6,-7,0,0.2,4180.12,4181.62,,,SELL,USD,1,1,1583663
D#1702740,XAUUSD,100,2.8823E+17,2.8823E+17,2.8823E+17,2.8823E+17,48,2026-07-03T02:35:36.000Z,2026-07-03T02:36:24.000Z,41.4,-43.5,30.9,-10.5,0,0.3,4180.95,4182.11,,,BUY,USD,1,1,1583663
D#1702740,XAUUSD,100,2.8823E+17,2.8823E+17,2.8823E+17,2.8823E+17,6,2026-07-03T02:36:37.000Z,2026-07-03T02:36:43.000Z,10.8,-12.9,0.3,-10.5,0,0.3,4181.13,4180.99,,,SELL,USD,1,1,1583663
D#1702430,XAUUSD,100,2.8823E+17,2.8823E+17,2.8823E+17,2.8823E+17,379,2026-07-03T02:31:21.000Z,2026-07-03T02:37:40.000Z,5.5,-6.2,2,-3.5,0,0.1,4180.12,4179.79,4185.08,4157.06,SELL,USD,1,1,1583663
D#1671057,XAUUSD,100,2.8823E+17,2.8823E+17,2.8823E+17,2.8823E+17,388,2026-07-03T02:31:16.000Z,2026-07-03T02:37:44.000Z,12,-13.4,5,-7,0,0.2,4180.53,4180.15,4179.97,4167.59,SELL,USD,1,1,1583663
D#1702729,XAUUSD,100,2.8823E+17,2.8823E+17,2.8823E+17,2.8823E+17,2184,2026-07-03T02:01:45.000Z,2026-07-03T02:38:09.000Z,-178.5,175,-196,-17.5,0,0.5,4179.07,4182.86,4182.73,4168.47,SELL,USD,1,1,1583663
D#1671083,XAUUSD,100,2.8823E+17,2.8823E+17,2.8823E+17,2.8823E+17,2135,2026-07-03T02:02:35.000Z,2026-07-03T02:38:10.000Z,109,-110.4,102,-7,0,0.2,4178.07,4183.3,4175.03,4183.06,BUY,USD,1,1,1583663
D#1702372,XAUUSD,100,2.8823E+17,2.8823E+17,2.8823E+17,2.8823E+17,1376,2026-07-03T02:15:14.000Z,2026-07-03T02:38:10.000Z,-40.4,39.7,-43.9,-3.5,0,0.1,4179.24,4183.5,4183.05,4138.43,SELL,USD,1,1,1583663
D#1702531,XAUUSD,100,2.8823E+17,2.8823E+17,2.8823E+17,2.8823E+17,1050,2026-07-03T02:20:42.000Z,2026-07-03T02:38:12.000Z,-90.8,89.4,-97.8,-7,0,0.2,4178.68,4183.44,,,SELL,USD,1,1,1583663
D#1702699,XAUUSD,100,2.8823E+17,2.8823E+17,2.8823E+17,2.8823E+17,1164,2026-07-03T02:18:49.000Z,2026-07-03T02:38:13.000Z,107.6,-109,100.6,-7,0,0.2,4178.64,4183.8,4174.39,4183.56,BUY,USD,1,1,1583663
D#1702673,XAUUSD,100,2.8823E+17,2.8823E+17,2.8823E+17,2.8823E+17,317,2026-07-03T02:32:58.000Z,2026-07-03T02:38:15.000Z,-76.2,74.8,-83.2,-7,0,0.2,4180.28,4184.31,4184.22,4177.26,SELL,USD,1,1,1583663
D#1702727,XAUUSD,100,2.8823E+17,2.8823E+17,2.8823E+17,2.8823E+17,2487,2026-07-03T01:56:49.000Z,2026-07-03T02:38:16.000Z,-96.2,94.8,-103.2,-7,0,0.2,4179.61,4184.64,4184.51,4158.05,SELL,USD,1,1,1583663
D#1614602,XAUUSD,100,2.8823E+17,2.8823E+17,2.8823E+17,2.8823E+17,3368,2026-07-03T01:42:10.000Z,2026-07-03T02:38:18.000Z,-35.7,35,-39.2,-3.5,0,0.1,4181.43,4185.22,4185.28,4174.4,SELL,USD,1,1,1583663
D#1670921,XAUUSD,100,2.8823E+17,2.8823E+17,2.8823E+17,2.8823E+17,3367,2026-07-03T01:42:11.000Z,2026-07-03T02:38:18.000Z,-18.05,17.7,-19.81,-1.76,0,0.05,4181.42,4185.25,4185,4100,SELL,USD,1,1,1583663
D#1702737,XAUUSD,100,2.8823E+17,2.8823E+17,2.8823E+17,2.8823E+17,123,2026-07-03T02:36:19.000Z,2026-07-03T02:38:22.000Z,71.6,-73,64.6,-7,0,0.2,4181.98,4185.34,4177.86,4185.33,BUY,USD,1,1,1583663
D#1702733,XAUUSD,100,2.8823E+17,2.8823E+17,2.8823E+17,2.8823E+17,3676,2026-07-03T01:37:07.000Z,2026-07-03T02:38:23.000Z,24.85,-25.34,22.39,-2.46,0,0.07,4188.86,4185.53,4189.45,4171.96,SELL,USD,1,1,1583663
D#1702391,XAUUSD,100,2.8823E+17,2.8823E+17,2.8823E+17,2.8823E+17,593,2026-07-03T02:28:43.000Z,2026-07-03T02:38:36.000Z,-106.05,105,-111.31,-5.26,0,0.15,4177.18,4184.47,,,SELL,USD,1,1,1583663
D#1702430,XAUUSD,100,2.8823E+17,2.8823E+17,2.8823E+17,2.8823E+17,6,2026-07-03T02:38:30.000Z,2026-07-03T02:38:36.000Z,3.5,-4.2,0,-3.5,0,0.1,4184.66,4184.53,,,SELL,USD,1,1,1583663
D#1702740,XAUUSD,100,2.8823E+17,2.8823E+17,2.8823E+17,2.8823E+17,86,2026-07-03T02:37:17.000Z,2026-07-03T02:38:43.000Z,125.7,-127.8,115.2,-10.5,0,0.3,4180.57,4184.54,,,BUY,USD,1,1,1583663
D#1702552,XAUUSD,100,2.8823E+17,2.8823E+17,2.8823E+17,2.8823E+17,3285,2026-07-03T01:44:29.000Z,2026-07-03T02:39:14.000Z,-55.5,54.8,-59,-3.5,0,0.1,4180.18,4185.95,4185.75,4147.48,SELL,USD,1,1,1583663
D#1670884,XAUUSD,100,2.8823E+17,2.8823E+17,2.8823E+17,2.8823E+17,1210,2026-07-03T02:19:36.000Z,2026-07-03T02:39:46.000Z,-198.2,196.8,-205.2,-7,0,0.2,4176.62,4186.75,4186.61,4158.57,SELL,USD,1,1,1583663
D#1702702,XAUUSD,100,2.8823E+17,2.8823E+17,2.8823E+17,2.8823E+17,152,2026-07-03T02:38:14.000Z,2026-07-03T02:40:46.000Z,26.2,-27.6,19.2,-7,0,0.2,4184.04,4185.13,,,BUY,USD,1,1,1583663
D#1702727,XAUUSD,100,2.8823E+17,2.8823E+17,2.8823E+17,2.8823E+17,65,2026-07-03T02:41:21.000Z,2026-07-03T02:42:26.000Z,-51,48.9,-61.5,-10.5,0,0.3,4186.35,4184.43,,4211.92,BUY,USD,1,1,1583663
D#1702740,XAUUSD,100,2.8823E+17,2.8823E+17,2.8823E+17,2.8823E+17,209,2026-07-03T02:39:10.000Z,2026-07-03T02:42:39.000Z,30.9,-33,20.4,-10.5,0,0.3,4185.1,4184.29,,4182.03,SELL,USD,1,1,1583663
D#1671057,XAUUSD,100,2.8823E+17,2.8823E+17,2.8823E+17,2.8823E+17,290,2026-07-03T02:38:18.000Z,2026-07-03T02:43:08.000Z,-54.4,53,-61.4,-7,0,0.2,4184.72,4181.78,4182.3,4195.23,BUY,USD,1,1,1583663
D#1702531,XAUUSD,100,2.8823E+17,2.8823E+17,2.8823E+17,2.8823E+17,285,2026-07-03T02:38:24.000Z,2026-07-03T02:43:09.000Z,-117.15,114.84,-128.71,-11.56,0,0.33,4185.55,4181.78,,,BUY,USD,1,1,1583663
D#1702372,XAUUSD,100,2.8823E+17,2.8823E+17,2.8823E+17,2.8823E+17,255,2026-07-03T02:39:03.000Z,2026-07-03T02:43:18.000Z,-26.2,25.5,-29.7,-3.5,0,0.1,4185.4,4182.56,4179.02,4219.9,BUY,USD,1,1,1583663
D#1702740,XAUUSD,100,2.8823E+17,2.8823E+17,2.8823E+17,2.8823E+17,140,2026-07-03T02:42:56.000Z,2026-07-03T02:45:16.000Z,37.5,-39.6,27,-10.5,0,0.3,4183.18,4184.21,,,BUY,USD,1,1,1583663
D#1645696,XAUUSD,100,2.8823E+17,2.8823E+17,2.8823E+17,2.8823E+17,96,2026-07-03T02:45:15.000Z,2026-07-03T02:46:51.000Z,118.8,-121.6,104.8,-14,0,0.4,4184.26,4181.51,4183.06,4181.5,SELL,USD,1,1,1583663
D#1702718,XAUUSD,100,2.8823E+17,2.8823E+17,2.8823E+17,2.8823E+17,303,2026-07-03T02:41:49.000Z,2026-07-03T02:46:52.000Z,56.2,-56.9,52.7,-3.5,0,0.1,4186.56,4181.16,,4181.12,SELL,USD,1,1,1583663
D#1671057,XAUUSD,100,2.8823E+17,2.8823E+17,2.8823E+17,2.8823E+17,148,2026-07-03T02:44:24.000Z,2026-07-03T02:46:52.000Z,-49.8,48.4,-56.8,-7,0,0.2,4183.65,4180.94,4181.27,4194.24,BUY,USD,1,1,1583663
D#1645641,XAUUSD,100,2.8823E+17,2.8823E+17,2.8823E+17,2.8823E+17,1493,2026-07-03T02:22:18.000Z,2026-07-03T02:47:11.000Z,-0.9,0.2,-4.4,-3.5,0,0.1,4180.62,4180.31,4180.86,4189.66,BUY,USD,1,1,1583663
D#1702672,XAUUSD,100,2.8823E+17,2.8823E+17,2.8823E+17,2.8823E+17,13,2026-07-03T02:47:25.000Z,2026-07-03T02:47:38.000Z,-0.8,0.73,-1.16,-0.36,0,0.01,4179.96,4180.98,,,SELL,USD,1,1,1583663
D#1702673,XAUUSD,100,2.8823E+17,2.8823E+17,2.8823E+17,2.8823E+17,244,2026-07-03T02:44:14.000Z,2026-07-03T02:48:18.000Z,-93.4,92,-100.4,-7,0,0.2,4183.77,4178.88,4179.2,4192.24,BUY,USD,1,1,1583663
D#1670956,XAUUSD,100,2.8823E+17,2.8823E+17,2.8823E+17,2.8823E+17,92,2026-07-03T02:46:56.000Z,2026-07-03T02:48:28.000Z,29,-30.4,22,-7,0,0.2,4180.74,4179.51,4184.12,4178.74,SELL,USD,1,1,1583663
D#1702430,XAUUSD,100,2.8823E+17,2.8823E+17,2.8823E+17,2.8823E+17,584,2026-07-03T02:38:46.000Z,2026-07-03T02:48:30.000Z,47.1,-47.8,43.6,-3.5,0,0.1,4183.86,4179.37,4183.99,4153.24,SELL,USD,1,1,1583663
D#1702727,XAUUSD,100,2.8823E+17,2.8823E+17,2.8823E+17,2.8823E+17,376,2026-07-03T02:42:28.000Z,2026-07-03T02:48:44.000Z,111.9,-114,101.4,-10.5,0,0.3,4184.51,4181,,4158.07,SELL,USD,1,1,1583663
D#1702702,XAUUSD,100,2.8823E+17,2.8823E+17,2.8823E+17,2.8823E+17,171,2026-07-03T02:46:07.000Z,2026-07-03T02:48:58.000Z,43.4,-44.8,36.4,-7,0,0.2,4182.87,4180.92,,,SELL,USD,1,1,1583663
D#1702377,XAUUSD,100,2.8823E+17,2.8823E+17,2.8823E+17,2.8823E+17,1069,2026-07-03T02:31:36.000Z,2026-07-03T02:49:25.000Z,-0.04,-0.03,-0.4,-0.36,0,0.01,4180.07,4180.33,4194.42,4103.45,SELL,USD,1,1,1583663
D#1702729,XAUUSD,100,2.8823E+17,2.8823E+17,2.8823E+17,2.8823E+17,32,2026-07-03T02:49:08.000Z,2026-07-03T02:49:40.000Z,-6,2.5,-23.5,-17.5,0,0.5,4180.34,4180.68,4187.08,4159.94,SELL,USD,1,1,1583663
D#1670956,XAUUSD,100,2.8823E+17,2.8823E+17,2.8823E+17,2.8823E+17,105,2026-07-03T02:48:46.000Z,2026-07-03T02:50:31.000Z,-42.6,40.5,-53.1,-10.5,0,0.3,4180.98,4179.34,,4182.68,BUY,USD,1,1,1583663
D#1702592,XAUUSD,100,2.8823E+17,2.8823E+17,2.8823E+17,2.8823E+17,1781,2026-07-03T02:21:33.000Z,2026-07-03T02:51:14.000Z,33,-34.4,26,-7,0,0.2,4178.7,4180.13,,,BUY,USD,1,1,1583663
D#1702672,XAUUSD,100,2.8823E+17,2.8823E+17,2.8823E+17,2.8823E+17,219,2026-07-03T02:47:57.000Z,2026-07-03T02:51:36.000Z,-36.6,35.2,-43.6,-7,0,0.2,4179.85,4181.9,4181.59,4160.28,SELL,USD,1,1,1583663
D#1670956,XAUUSD,100,2.8823E+17,2.8823E+17,2.8823E+17,2.8823E+17,58,2026-07-03T02:50:40.000Z,2026-07-03T02:51:38.000Z,-120.5,117,-138,-17.5,0,0.5,4179.24,4181.87,,4177.74,SELL,USD,1,1,1583663
D#1702718,XAUUSD,100,2.8823E+17,2.8823E+17,2.8823E+17,2.8823E+17,207,2026-07-03T02:48:23.000Z,2026-07-03T02:51:50.000Z,24.7,-25.4,21.2,-3.5,0,0.1,4179.37,4181.62,,4182.9,BUY,USD,1,1,1583663
D#1670956,XAUUSD,100,2.8823E+17,2.8823E+17,2.8823E+17,2.8823E+17,45,2026-07-03T02:51:41.000Z,2026-07-03T02:52:26.000Z,97,-100.5,79.5,-17.5,0,0.5,4181.72,4183.44,,4183.7,BUY,USD,1,1,1583663
D#1702372,XAUUSD,100,2.8823E+17,2.8823E+17,2.8823E+17,2.8823E+17,539,2026-07-03T02:43:43.000Z,2026-07-03T02:52:42.000Z,-5.6,4.9,-9.1,-3.5,0,0.1,4181.9,4182.68,4188.68,4134.66,SELL,USD,1,1,1583663
D#1670926,XAUUSD,100,2.8823E+17,2.8823E+17,2.8823E+17,2.8823E+17,294,2026-07-03T02:48:07.000Z,2026-07-03T02:53:01.000Z,-79.4,78,-86.4,-7,0,0.2,4179.96,4184.15,,,SELL,USD,1,1,1583663
D#1670956,XAUUSD,100,2.8823E+17,2.8823E+17,2.8823E+17,2.8823E+17,22,2026-07-03T02:53:02.000Z,2026-07-03T02:53:24.000Z,49,-52.5,31.5,-17.5,0,0.5,4184.39,4185.15,,4186.75,BUY,USD,1,1,1583663
D#1671057,XAUUSD,100,2.8823E+17,2.8823E+17,2.8823E+17,2.8823E+17,350,2026-07-03T02:47:55.000Z,2026-07-03T02:53:45.000Z,112.2,-113.6,105.2,-7,0,0.2,4180.43,4185.82,4185.79,4192.45,BUY,USD,1,1,1583663
D#1702702,XAUUSD,100,2.8823E+17,2.8823E+17,2.8823E+17,2.8823E+17,114,2026-07-03T02:52:23.000Z,2026-07-03T02:54:17.000Z,4,-5.4,-3,-7,0,0.2,4183.57,4183.55,,,BUY,USD,1,1,1583663
D#1670926,XAUUSD,100,2.8823E+17,2.8823E+17,2.8823E+17,2.8823E+17,27,2026-07-03T02:53:50.000Z,2026-07-03T02:54:17.000Z,105.57,-109.14,87.71,-17.86,0,0.51,4185.59,4183.74,,,SELL,USD,1,1,1583663
D#1702372,XAUUSD,100,2.8823E+17,2.8823E+17,2.8823E+17,2.8823E+17,51,2026-07-03T02:53:34.000Z,2026-07-03T02:54:25.000Z,-14.5,13.8,-18,-3.5,0,0.1,4185.39,4183.72,,,BUY,USD,1,1,1583663
D#1702377,XAUUSD,100,2.8823E+17,2.8823E+17,2.8823E+17,2.8823E+17,298,2026-07-03T02:49:33.000Z,2026-07-03T02:54:31.000Z,26.37,-27,23.21,-3.16,0,0.09,4180.78,4183.49,4180.98,4193.51,BUY,USD,1,1,1583663
D#1670956,XAUUSD,100,2.8823E+17,2.8823E+17,2.8823E+17,2.8823E+17,19,2026-07-03T02:54:16.000Z,2026-07-03T02:54:35.000Z,5.61,-9.18,-12.25,-17.86,0,0.51,4183.66,4183.77,,,SELL,USD,1,1,1583663
D#1670926,XAUUSD,100,2.8823E+17,2.8823E+17,2.8823E+17,2.8823E+17,12,2026-07-03T02:54:58.000Z,2026-07-03T02:55:10.000Z,70.5,-74,53,-17.5,0,0.5,4183.72,4184.91,,,BUY,USD,1,1,1583663
D#1702702,XAUUSD,100,2.8823E+17,2.8823E+17,2.8823E+17,2.8823E+17,30,2026-07-03T02:55:12.000Z,2026-07-03T02:55:42.000Z,-33.6,32.2,-40.6,-7,0,0.2,4184.85,4182.95,,,BUY,USD,1,1,1583663
D#1702592,XAUUSD,100,2.8823E+17,2.8823E+17,2.8823E+17,2.8823E+17,275,2026-07-03T02:51:27.000Z,2026-07-03T02:56:02.000Z,41.8,-43.2,34.8,-7,0,0.2,4181.26,4183.13,,,BUY,USD,1,1,1583663
D#1702702,XAUUSD,100,2.8823E+17,2.8823E+17,2.8823E+17,2.8823E+17,28,2026-07-03T02:56:19.000Z,2026-07-03T02:56:47.000Z,-31.8,30.4,-38.8,-7,0,0.2,4183,4184.81,,,SELL,USD,1,1,1583663
D#1702568,XAUUSD,100,2.8823E+17,2.8823E+17,2.8823E+17,2.8823E+17,1272,2026-07-03T02:35:41.000Z,2026-07-03T02:56:53.000Z,140.75,-142.5,131.99,-8.76,0,0.25,4180.72,4186.13,,4186.1,BUY,USD,1,1,1583663
D#1702391,XAUUSD,100,2.8823E+17,2.8823E+17,2.8823E+17,2.8823E+17,1037,2026-07-03T02:40:01.000Z,2026-07-03T02:57:18.000Z,7.25,-9,-1.51,-8.76,0,0.25,4185.73,4185.66,,,SELL,USD,1,1,1583663
D#1702702,XAUUSD,100,2.8823E+17,2.8823E+17,2.8823E+17,2.8823E+17,29,2026-07-03T02:56:52.000Z,2026-07-03T02:57:21.000Z,0.4,-1.8,-6.6,-7,0,0.2,4186.05,4185.85,,,BUY,USD,1,1,1583663
D#1671071,XAUUSD,100,2.8823E+17,2.8823E+17,2.8823E+17,2.8823E+17,152,2026-07-03T02:56:54.000Z,2026-07-03T02:59:26.000Z,-36.6,35.2,-43.6,-7,0,0.2,4186.08,4184.03,4184.15,,BUY,USD,1,1,1583663
D#1702688,XAUUSD,100,2.8823E+17,2.8823E+17,2.8823E+17,2.8823E+17,11,2026-07-03T03:00:07.000Z,2026-07-03T03:00:18.000Z,-6.15,5.8,-7.91,-1.76,0,0.05,4184.3,4182.85,,,BUY,USD,1,1,1583663
D#1671057,XAUUSD,100,2.8823E+17,2.8823E+17,2.8823E+17,2.8823E+17,157,2026-07-03T02:57:44.000Z,2026-07-03T03:00:21.000Z,-91.5,89.4,-102,-10.5,0,0.3,4185.61,4182.34,4182.8,4196.69,BUY,USD,1,1,1583663
D#1670956,XAUUSD,100,2.8823E+17,2.8823E+17,2.8823E+17,2.8823E+17,370,2026-07-03T02:55:10.000Z,2026-07-03T03:01:20.000Z,-165.24,161.67,-183.1,-17.86,0,0.51,4185.16,4181.7,,4195.13,BUY,USD,1,1,1583663
D#1702727,XAUUSD,100,2.8823E+17,2.8823E+17,2.8823E+17,2.8823E+17,785,2026-07-03T02:48:48.000Z,2026-07-03T03:01:53.000Z,8.1,-10.2,-2.4,-10.5,0,0.3,4181.03,4181.08,4181.22,4195.75,BUY,USD,1,1,1583663
D#1702467,XAUUSD,100,2.8823E+17,2.8823E+17,2.8823E+17,2.8823E+17,492,2026-07-03T02:53:46.000Z,2026-07-03T03:01:58.000Z,-50.9,50.2,-54.4,-3.5,0,0.1,4185.97,4180.66,4180.9,4194.68,BUY,USD,1,1,1583663
D#1702531,XAUUSD,100,2.8823E+17,2.8823E+17,2.8823E+17,2.8823E+17,146,2026-07-03T02:59:33.000Z,2026-07-03T03:01:59.000Z,111.21,-113.52,99.65,-11.56,0,0.33,4183.98,4180.83,,,SELL,USD,1,1,1583663
D#1645696,XAUUSD,100,2.8823E+17,2.8823E+17,2.8823E+17,2.8823E+17,65,2026-07-03T03:03:51.000Z,2026-07-03T03:04:56.000Z,-88.2,84,-109.2,-21,0,0.6,4180.5,4182.19,,4179.9,SELL,USD,1,1,1583663
D#1702648,XAUUSD,100,2.8823E+17,2.8823E+17,2.8823E+17,2.8823E+17,2006,2026-07-03T02:31:42.000Z,2026-07-03T03:05:08.000Z,3.8,-4.5,0.3,-3.5,0,0.1,4180.55,4180.71,4146.46,4222.73,BUY,USD,1,1,1583663
D#1702592,XAUUSD,100,2.8823E+17,2.8823E+17,2.8823E+17,2.8823E+17,617,2026-07-03T02:56:46.000Z,2026-07-03T03:07:03.000Z,69,-70.4,62,-7,0,0.2,4184.52,4181.29,,,SELL,USD,1,1,1583663
D#1702489,XAUUSD,100,2.8823E+17,2.8823E+17,2.8823E+17,2.8823E+17,483,2026-07-03T02:59:21.000Z,2026-07-03T03:07:24.000Z,34.8,-35.5,31.3,-3.5,0,0.1,4184.58,4181.32,4197.42,4172.32,SELL,USD,1,1,1583663
D#1702495,XAUUSD,100,2.8823E+17,2.8823E+17,2.8823E+17,2.8823E+17,1330,2026-07-03T02:47:38.000Z,2026-07-03T03:09:48.000Z,-13.8,13.1,-17.3,-3.5,0,0.1,4180.78,4182.38,,4173.56,SELL,USD,1,1,1583663
D#1702740,XAUUSD,100,2.8823E+17,2.8823E+17,2.8823E+17,2.8823E+17,85,2026-07-03T03:12:22.000Z,2026-07-03T03:13:47.000Z,36.9,-39,26.4,-10.5,0,0.3,4181.96,4182.97,,,BUY,USD,1,1,1583663
D#1702592,XAUUSD,100,2.8823E+17,2.8823E+17,2.8823E+17,2.8823E+17,475,2026-07-03T03:07:21.000Z,2026-07-03T03:15:16.000Z,41.2,-42.6,34.2,-7,0,0.2,4181.49,4183.33,,,BUY,USD,1,1,1583663
D#1702672,XAUUSD,100,2.8823E+17,2.8823E+17,2.8823E+17,2.8823E+17,182,2026-07-03T03:12:53.000Z,2026-07-03T03:15:55.000Z,1.2,-2.6,-5.8,-7,0,0.2,4182.16,4182,4182.36,,BUY,USD,1,1,1583663
D#1702528,XAUUSD,100,2.8823E+17,2.8823E+17,2.8823E+17,2.8823E+17,62,2026-07-03T03:19:35.000Z,2026-07-03T03:20:37.000Z,14.21,-17.64,-2.95,-17.16,0,0.49,4181.78,4181.71,,,SELL,USD,1,1,1583663
D#1702672,XAUUSD,100,2.8823E+17,2.8823E+17,2.8823E+17,2.8823E+17,210,2026-07-03T03:17:35.000Z,2026-07-03T03:21:05.000Z,-22.2,20.1,-32.7,-10.5,0,0.3,4182.09,4183.05,4182.91,,SELL,USD,1,1,1583663
D#1702644,XAUUSD,100,2.8823E+17,2.8823E+17,2.8823E+17,2.8823E+17,430,2026-07-03T03:14:14.000Z,2026-07-03T03:21:24.000Z,-64.5,62.4,-75,-10.5,0,0.3,4183.46,4181.09,4181.36,4194.09,BUY,USD,1,1,1583663
D#1702727,XAUUSD,100,2.8823E+17,2.8823E+17,2.8823E+17,2.8823E+17,1106,2026-07-03T03:03:06.000Z,2026-07-03T03:21:32.000Z,11.6,-14.4,-2.4,-14,0,0.4,4180.68,4180.75,4180.96,4194.88,BUY,USD,1,1,1583663
D#1702690,XAUUSD,100,2.8823E+17,2.8823E+17,2.8823E+17,2.8823E+17,700,2026-07-03T03:10:01.000Z,2026-07-03T03:21:41.000Z,-35.8,34.4,-42.8,-7,0,0.2,4182.34,4180.33,4180.32,4214.33,BUY,USD,1,1,1583663
D#1702528,XAUUSD,100,2.8823E+17,2.8823E+17,2.8823E+17,2.8823E+17,14,2026-07-03T03:22:11.000Z,2026-07-03T03:22:25.000Z,20.58,-24.01,3.42,-17.16,0,0.49,4180.64,4180.84,,,BUY,USD,1,1,1583663
D#1702448,XAUUSD,100,2.8823E+17,2.8823E+17,2.8823E+17,2.8823E+17,53,2026-07-03T03:21:45.000Z,2026-07-03T03:22:38.000Z,-23.4,21.3,-33.9,-10.5,0,0.3,4180.31,4181.31,,,SELL,USD,1,1,1583663
D#1702531,XAUUSD,100,2.8823E+17,2.8823E+17,2.8823E+17,2.8823E+17,1066,2026-07-03T03:04:59.000Z,2026-07-03T03:22:45.000Z,20.79,-23.1,9.23,-11.56,0,0.33,4181.92,4181.51,,,SELL,USD,1,1,1583663
D#1702672,XAUUSD,100,2.8823E+17,2.8823E+17,2.8823E+17,2.8823E+17,75,2026-07-03T03:21:46.000Z,2026-07-03T03:23:01.000Z,-36.9,34.8,-47.4,-10.5,0,0.3,4180.3,4181.75,4181.56,,SELL,USD,1,1,1583663
D#1702740,XAUUSD,100,2.8823E+17,2.8823E+17,2.8823E+17,2.8823E+17,501,2026-07-03T03:15:36.000Z,2026-07-03T03:23:57.000Z,-106.2,104.1,-116.7,-10.5,0,0.3,4183.53,4179.77,,,BUY,USD,1,1,1583663
D#1645641,XAUUSD,100,2.8823E+17,2.8823E+17,2.8823E+17,2.8823E+17,1782,2026-07-03T02:54:25.000Z,2026-07-03T03:24:07.000Z,-41.7,41,-45.2,-3.5,0,0.1,4183.92,4179.53,4179.64,4193.82,BUY,USD,1,1,1583663
D#1702690,XAUUSD,100,2.8823E+17,2.8823E+17,2.8823E+17,2.8823E+17,89,2026-07-03T03:22:39.000Z,2026-07-03T03:24:08.000Z,-32,30.6,-39,-7,0,0.2,4181.35,4179.53,4179.65,,BUY,USD,1,1,1583663
D#1702528,XAUUSD,100,2.8823E+17,2.8823E+17,2.8823E+17,2.8823E+17,29,2026-07-03T03:24:04.000Z,2026-07-03T03:24:33.000Z,9.31,-12.74,-7.85,-17.16,0,0.49,4180.11,4180.08,,,BUY,USD,1,1,1583663
D#1702673,XAUUSD,100,2.8823E+17,2.8823E+17,2.8823E+17,2.8823E+17,63,2026-07-03T03:24:08.000Z,2026-07-03T03:25:11.000Z,-8.2,6.8,-15.2,-7,0,0.2,4179.5,4180.13,4181.58,4177.01,SELL,USD,1,1,1583663
D#1702528,XAUUSD,100,2.8823E+17,2.8823E+17,2.8823E+17,2.8823E+17,18,2026-07-03T03:25:10.000Z,2026-07-03T03:25:28.000Z,19.11,-22.54,1.95,-17.16,0,0.49,4180.01,4180.18,,,BUY,USD,1,1,1583663
D#1702528,XAUUSD,100,2.8823E+17,2.8823E+17,2.8823E+17,2.8823E+17,28,2026-07-03T03:26:01.000Z,2026-07-03T03:26:29.000Z,18.62,-22.05,1.46,-17.16,0,0.49,4180.81,4180.65,,,SELL,USD,1,1,1583663
D#1702430,XAUUSD,100,2.8823E+17,2.8823E+17,2.8823E+17,2.8823E+17,11,2026-07-03T03:26:42.000Z,2026-07-03T03:26:53.000Z,4,-4.7,0.5,-3.5,0,0.1,4181.1,4180.92,,,SELL,USD,1,1,1583663
D#1702531,XAUUSD,100,2.8823E+17,2.8823E+17,2.8823E+17,2.8823E+17,229,2026-07-03T03:24:20.000Z,2026-07-03T03:28:09.000Z,66.33,-68.64,54.77,-11.56,0,0.33,4180.16,4181.95,,,BUY,USD,1,1,1583663
D#1702531,XAUUSD,100,2.8823E+17,2.8823E+17,2.8823E+17,2.8823E+17,41,2026-07-03T03:29:40.000Z,2026-07-03T03:30:21.000Z,49.17,-51.48,37.61,-11.56,0,0.33,4181.8,4180.53,,,SELL,USD,1,1,1583663
D#1702528,XAUUSD,100,2.8823E+17,2.8823E+17,2.8823E+17,2.8823E+17,214,2026-07-03T03:26:48.000Z,2026-07-03T03:30:22.000Z,20.58,-24.01,3.42,-17.16,0,0.49,4180.77,4180.57,,,SELL,USD,1,1,1583663
D#1702448,XAUUSD,100,2.8823E+17,2.8823E+17,2.8823E+17,2.8823E+17,107,2026-07-03T03:29:03.000Z,2026-07-03T03:30:50.000Z,21,-21.7,17.5,-3.5,0,0.1,4182.06,4180.18,,,SELL,USD,1,1,1583663
D#1702430,XAUUSD,100,2.8823E+17,2.8823E+17,2.8823E+17,2.8823E+17,92,2026-07-03T03:29:27.000Z,2026-07-03T03:30:59.000Z,10.5,-10.85,8.74,-1.76,0,0.05,4182.16,4180.28,4186.48,4176.64,SELL,USD,1,1,1583663
D#1702655,XAUUSD,100,2.8823E+17,2.8823E+17,2.8823E+17,2.8823E+17,1447,2026-07-03T03:07:05.000Z,2026-07-03T03:31:12.000Z,0.39,-0.46,0.03,-0.36,0,0.01,4181.2,4181.03,4196.73,4161.15,SELL,USD,1,1,1583663
D#1702644,XAUUSD,100,2.8823E+17,2.8823E+17,2.8823E+17,2.8823E+17,538,2026-07-03T03:23:20.000Z,2026-07-03T03:32:18.000Z,-53.55,51.1,-65.81,-12.26,0,0.35,4181.11,4179.36,4179.5,4193.99,BUY,USD,1,1,1583663
D#1702690,XAUUSD,100,2.8823E+17,2.8823E+17,2.8823E+17,2.8823E+17,418,2026-07-03T03:25:20.000Z,2026-07-03T03:32:18.000Z,-15,13.6,-22,-7,0,0.2,4180.33,4179.36,4179.75,4195.64,BUY,USD,1,1,1583663
D#1702391,XAUUSD,100,2.8823E+17,2.8823E+17,2.8823E+17,2.8823E+17,195,2026-07-03T03:30:04.000Z,2026-07-03T03:33:19.000Z,1,-2.75,-7.76,-8.76,0,0.25,4181.4,4181.58,,,SELL,USD,1,1,1583663
D#1702720,XAUUSD,100,2.8823E+17,2.8823E+17,2.8823E+17,2.8823E+17,1889,2026-07-03T03:02:03.000Z,2026-07-03T03:33:32.000Z,-12.48,12.06,-14.58,-2.1,0,0.06,4180.57,4182.87,4187.57,4161.6,SELL,USD,1,1,1583663
D#1702391,XAUUSD,100,2.8823E+17,2.8823E+17,2.8823E+17,2.8823E+17,139,2026-07-03T03:34:33.000Z,2026-07-03T03:36:52.000Z,7.5,-9.25,-1.26,-8.76,0,0.25,4182.17,4182.09,,,SELL,USD,1,1,1583663
D#1702531,XAUUSD,100,2.8823E+17,2.8823E+17,2.8823E+17,2.8823E+17,46,2026-07-03T03:36:25.000Z,2026-07-03T03:37:11.000Z,40.92,-43.23,29.36,-11.56,0,0.33,4181.01,4182.03,,,BUY,USD,1,1,1583663
D#1671070,XAUUSD,100,2.8823E+17,2.8823E+17,2.8823E+17,2.8823E+17,2770,2026-07-03T02:51:23.000Z,2026-07-03T03:37:33.000Z,29.2,-30.6,22.2,-7,0,0.2,4180.31,4181.55,4162.11,4200.87,BUY,USD,1,1,1583663
D#1702361,XAUUSD,100,2.8823E+17,2.8823E+17,2.8823E+17,2.8823E+17,5617,2026-07-03T02:04:47.000Z,2026-07-03T03:38:24.000Z,1.4,-1.47,1.04,-0.36,0,0.01,4179.82,4181,,,BUY,USD,1,1,1583663
D#1645696,XAUUSD,100,2.8823E+17,2.8823E+17,2.8823E+17,2.8823E+17,1463,2026-07-03T03:14:24.000Z,2026-07-03T03:38:47.000Z,138,-141.5,120.5,-17.5,0,0.5,4183.75,4181.21,4186.95,4173.97,SELL,USD,1,1,1583663
D#1702672,XAUUSD,100,2.8823E+17,2.8823E+17,2.8823E+17,2.8823E+17,37,2026-07-03T03:38:15.000Z,2026-07-03T03:38:52.000Z,-29.7,27.6,-40.2,-10.5,0,0.3,4181.64,4180.43,4180.58,,BUY,USD,1,1,1583663
D#1702448,XAUUSD,100,2.8823E+17,2.8823E+17,2.8823E+17,2.8823E+17,220,2026-07-03T03:35:32.000Z,2026-07-03T03:39:12.000Z,22.6,-23.3,19.1,-3.5,0,0.1,4182.05,4180.01,,,SELL,USD,1,1,1583663
D#1702690,XAUUSD,100,2.8823E+17,2.8823E+17,2.8823E+17,2.8823E+17,400,2026-07-03T03:32:38.000Z,2026-07-03T03:39:18.000Z,-32,30.6,-39,-7,0,0.2,4181.13,4179.31,4179.45,4196.13,BUY,USD,1,1,1583663
D#1702668,XAUUSD,100,2.8823E+17,2.8823E+17,2.8823E+17,2.8823E+17,6,2026-07-03T03:39:27.000Z,2026-07-03T03:39:33.000Z,0.65,-0.72,0.29,-0.36,0,0.01,4179.64,4180.07,,,BUY,USD,1,1,1583663
D#1702467,XAUUSD,100,2.8823E+17,2.8823E+17,2.8823E+17,2.8823E+17,2108,2026-07-03T03:04:38.000Z,2026-07-03T03:39:46.000Z,0.5,-1.2,-3,-3.5,0,0.1,4180.42,4180.59,4185.93,4164.36,SELL,USD,1,1,1583663
D#1702391,XAUUSD,100,2.8823E+17,2.8823E+17,2.8823E+17,2.8823E+17,177,2026-07-03T03:38:20.000Z,2026-07-03T03:41:17.000Z,-10.75,9,-19.51,-8.76,0,0.25,4181.09,4181.74,,,SELL,USD,1,1,1583663
D#1702467,XAUUSD,100,2.8823E+17,2.8823E+17,2.8823E+17,2.8823E+17,113,2026-07-03T03:39:58.000Z,2026-07-03T03:41:51.000Z,4.9,-5.6,1.4,-3.5,0,0.1,4180.48,4180.75,4176.79,4184.97,BUY,USD,1,1,1583663
D#1702672,XAUUSD,100,2.8823E+17,2.8823E+17,2.8823E+17,2.8823E+17,41,2026-07-03T03:41:11.000Z,2026-07-03T03:41:52.000Z,-34.5,32.4,-45,-10.5,0,0.3,4181.78,4180.41,4180.77,,BUY,USD,1,1,1583663
D#1589407,XAUUSD,100,2.8823E+17,2.8823E+17,2.8823E+17,2.8823E+17,50,2026-07-03T03:41:03.000Z,2026-07-03T03:41:53.000Z,-46,43.2,-60,-14,0,0.4,4181.67,4180.3,4180.46,4182.87,BUY,USD,1,1,1583663
D#1671083,XAUUSD,100,2.8823E+17,2.8823E+17,2.8823E+17,2.8823E+17,1968,2026-07-03T03:10:37.000Z,2026-07-03T03:43:25.000Z,-75.2,73.8,-82.2,-7,0,0.2,4182.46,4178.48,4178.78,4186.59,BUY,USD,1,1,1583663
D#1702699,XAUUSD,100,2.8823E+17,2.8823E+17,2.8823E+17,2.8823E+17,725,2026-07-03T03:31:20.000Z,2026-07-03T03:43:25.000Z,-40,38.6,-47,-7,0,0.2,4180.92,4178.7,4178.91,4185.46,BUY,USD,1,1,1583663
D#1702727,XAUUSD,100,2.8823E+17,2.8823E+17,2.8823E+17,2.8823E+17,1241,2026-07-03T03:22:45.000Z,2026-07-03T03:43:26.000Z,-137.6,134.8,-151.6,-14,0,0.4,4181.5,4177.84,4178.46,4195.87,BUY,USD,1,1,1583663
D#1702531,XAUUSD,100,2.8823E+17,2.8823E+17,2.8823E+17,2.8823E+17,58,2026-07-03T03:42:29.000Z,2026-07-03T03:43:27.000Z,70.95,-73.26,59.39,-11.56,0,0.33,4179.97,4178.04,,,SELL,USD,1,1,1583663
D#1702567,XAUUSD,100,2.8823E+17,2.8823E+17,2.8823E+17,2.8823E+17,948,2026-07-03T03:27:43.000Z,2026-07-03T03:43:31.000Z,59.4,-60.66,53.1,-6.3,0,0.18,4181.37,4178.29,4186.99,,SELL,USD,1,1,1583663
D#1670917,XAUUSD,100,2.8823E+17,2.8823E+17,2.8823E+17,2.8823E+17,2037,2026-07-03T03:09:43.000Z,2026-07-03T03:43:40.000Z,-213.5,210,-231,-17.5,0,0.5,4182.33,4177.84,4174.49,4184.26,BUY,USD,1,1,1583663
D#1671057,XAUUSD,100,2.8823E+17,2.8823E+17,2.8823E+17,2.8823E+17,2556,2026-07-03T03:01:11.000Z,2026-07-03T03:43:47.000Z,-193.95,190.8,-209.71,-15.76,0,0.45,4182.58,4178.05,,4192.44,BUY,USD,1,1,1583663
D#1702678,XAUUSD,100,2.8823E+17,2.8823E+17,2.8823E+17,2.8823E+17,1490,2026-07-03T03:19:20.000Z,2026-07-03T03:44:10.000Z,-204,200.5,-221.5,-17.5,0,0.5,4181.86,4177.56,,4183.78,BUY,USD,1,1,1583663
D#1702668,XAUUSD,100,2.8823E+17,2.8823E+17,2.8823E+17,2.8823E+17,111,2026-07-03T03:42:40.000Z,2026-07-03T03:44:31.000Z,-10.5,10.15,-12.26,-1.76,0,0.05,4179.79,4177.47,4160.79,4195.91,BUY,USD,1,1,1583663
D#1702718,XAUUSD,100,2.8823E+17,2.8823E+17,2.8823E+17,2.8823E+17,3171,2026-07-03T02:52:11.000Z,2026-07-03T03:45:02.000Z,43.6,-44.3,40.1,-3.5,0,0.1,4181.73,4177.59,,4169.27,SELL,USD,1,1,1583663
D#1589407,XAUUSD,100,2.8823E+17,2.8823E+17,2.8823E+17,2.8823E+17,147,2026-07-03T03:43:40.000Z,2026-07-03T03:46:07.000Z,-14.4,11.6,-28.4,-14,0,0.4,4178.04,4177.46,4176.49,4181.09,BUY,USD,1,1,1583663
D#1702638,XAUUSD,100,2.8823E+17,2.8823E+17,2.8823E+17,2.8823E+17,3800,2026-07-03T02:42:59.000Z,2026-07-03T03:46:19.000Z,81.45,-82.5,76.19,-5.26,0,0.15,4183.21,4178,4191.47,4176.59,SELL,USD,1,1,1583663
D#1702467,XAUUSD,100,2.8823E+17,2.8823E+17,2.8823E+17,2.8823E+17,146,2026-07-03T03:43:57.000Z,2026-07-03T03:46:23.000Z,1,-1.7,-2.5,-3.5,0,0.1,4177.88,4177.76,4173.24,4180.93,BUY,USD,1,1,1583663
D#1702507,XAUUSD,100,2.8823E+17,2.8823E+17,2.8823E+17,2.8823E+17,98,2026-07-03T03:44:56.000Z,2026-07-03T03:46:34.000Z,2.4,-3.8,-4.6,-7,0,0.2,4177.42,4177.52,4182.78,4168.62,SELL,USD,1,1,1583663
D#1702567,XAUUSD,100,2.8823E+17,2.8823E+17,2.8823E+17,2.8823E+17,239,2026-07-03T03:43:36.000Z,2026-07-03T03:47:35.000Z,-16.92,15.66,-23.22,-6.3,0,0.18,4177.85,4179.01,4178.94,4172.32,SELL,USD,1,1,1583663
D#1671050,XAUUSD,100,2.8823E+17,2.8823E+17,2.8823E+17,2.8823E+17,58,2026-07-03T03:46:47.000Z,2026-07-03T03:47:45.000Z,-82.5,79,-100,-17.5,0,0.5,4176.74,4178.61,,,SELL,USD,1,1,1583663
D#1702454,XAUUSD,100,2.8823E+17,2.8823E+17,2.8823E+17,2.8823E+17,164,2026-07-03T03:45:08.000Z,2026-07-03T03:47:52.000Z,-0.87,0.8,-1.23,-0.36,0,0.01,4177.63,4178.72,,,SELL,USD,1,1,1583663
D#1589407,XAUUSD,100,2.8823E+17,2.8823E+17,2.8823E+17,2.8823E+17,4,2026-07-03T03:48:01.000Z,2026-07-03T03:48:05.000Z,6.4,-9.2,-7.6,-14,0,0.4,4178.44,4178.5,,,SELL,USD,1,1,1583663
D#1702644,XAUUSD,100,2.8823E+17,2.8823E+17,2.8823E+17,2.8823E+17,95,2026-07-03T03:47:36.000Z,2026-07-03T03:49:11.000Z,-81.55,79.1,-93.81,-12.26,0,0.35,4178.9,4176.35,4176.71,4193.8,BUY,USD,1,1,1583663
D#1702567,XAUUSD,100,2.8823E+17,2.8823E+17,2.8823E+17,2.8823E+17,63,2026-07-03T03:48:16.000Z,2026-07-03T03:49:19.000Z,60.61,-62.64,50.45,-10.16,0,0.29,4178.66,4176.79,4179.45,4173.62,SELL,USD,1,1,1583663
D#1702381,XAUUSD,100,2.8823E+17,2.8823E+17,2.8823E+17,2.8823E+17,2972,2026-07-03T03:00:16.000Z,2026-07-03T03:49:48.000Z,43.96,-44.45,41.5,-2.46,0,0.07,4182.93,4176.87,4187.2,4173.02,SELL,USD,1,1,1583663
D#1702430,XAUUSD,100,2.8823E+17,2.8823E+17,2.8823E+17,2.8823E+17,57,2026-07-03T03:50:49.000Z,2026-07-03T03:51:46.000Z,-2.3,1.95,-4.06,-1.76,0,0.05,4176.77,4177.45,,,SELL,USD,1,1,1583663
D#1702433,XAUUSD,100,2.8823E+17,2.8823E+17,2.8823E+17,2.8823E+17,8588,2026-07-03T01:30:30.000Z,2026-07-03T03:53:38.000Z,-21.03,20.82,-22.09,-1.06,0,0.03,4183.79,4176.56,,,BUY,USD,1,1,1583663
D#1702467,XAUUSD,100,2.8823E+17,2.8823E+17,2.8823E+17,2.8823E+17,375,2026-07-03T03:47:47.000Z,2026-07-03T03:54:02.000Z,16.7,-17.4,13.2,-3.5,0,0.1,4178.67,4177.22,4183.35,4163.97,SELL,USD,1,1,1583663
D#1702495,XAUUSD,100,2.8823E+17,2.8823E+17,2.8823E+17,2.8823E+17,2266,2026-07-03T03:16:23.000Z,2026-07-03T03:54:09.000Z,71.96,-72.94,67.06,-4.9,0,0.14,4181.75,4176.83,,4176.1,SELL,USD,1,1,1583663
D#1702448,XAUUSD,100,2.8823E+17,2.8823E+17,2.8823E+17,2.8823E+17,263,2026-07-03T03:51:15.000Z,2026-07-03T03:55:38.000Z,8.1,-8.8,4.6,-3.5,0,0.1,4177.33,4176.74,,,SELL,USD,1,1,1583663
D#1702472,XAUUSD,100,2.8823E+17,2.8823E+17,2.8823E+17,2.8823E+17,7175,2026-07-03T01:56:34.000Z,2026-07-03T03:56:09.000Z,-38.76,37.92,-42.96,-4.2,0,0.12,4179.39,4175.94,4176.33,,BUY,USD,1,1,1583663
D#1702454,XAUUSD,100,2.8823E+17,2.8823E+17,2.8823E+17,2.8823E+17,463,2026-07-03T03:48:26.000Z,2026-07-03T03:56:09.000Z,-3.29,3.22,-3.65,-0.36,0,0.01,4179.45,4175.94,4176.06,4182.36,BUY,USD,1,1,1583663
D#1702430,XAUUSD,100,2.8823E+17,2.8823E+17,2.8823E+17,2.8823E+17,251,2026-07-03T03:52:08.000Z,2026-07-03T03:56:19.000Z,5.7,-6.05,3.94,-1.76,0,0.05,4177.41,4176.49,4180.75,4157.62,SELL,USD,1,1,1583663
D#1671070,XAUUSD,100,2.8823E+17,2.8823E+17,2.8823E+17,2.8823E+17,1105,2026-07-03T03:37:57.000Z,2026-07-03T03:56:22.000Z,-173.29,171.12,-184.15,-10.86,0,0.31,4181.38,4175.57,4175.68,,BUY,USD,1,1,1583663
D#1702567,XAUUSD,100,2.8823E+17,2.8823E+17,2.8823E+17,2.8823E+17,434,2026-07-03T03:49:39.000Z,2026-07-03T03:56:53.000Z,24.49,-26.66,13.63,-10.86,0,0.31,4176.72,4176.15,4178.59,4167.83,SELL,USD,1,1,1583663
D#1702518,XAUUSD,100,2.8823E+17,2.8823E+17,2.8823E+17,2.8823E+17,142,2026-07-03T03:54:44.000Z,2026-07-03T03:57:06.000Z,4.2,-4.55,2.44,-1.76,0,0.05,4176.7,4176.08,4189,4168,SELL,USD,1,1,1583663
D#1702567,XAUUSD,100,2.8823E+17,2.8823E+17,2.8823E+17,2.8823E+17,34,2026-07-03T03:56:56.000Z,2026-07-03T03:57:30.000Z,-16.74,14.57,-27.6,-10.86,0,0.31,4175.66,4176.42,4176.31,4172.08,SELL,USD,1,1,1583663
D#1702467,XAUUSD,100,2.8823E+17,2.8823E+17,2.8823E+17,2.8823E+17,50,2026-07-03T03:57:02.000Z,2026-07-03T03:57:52.000Z,5.9,-6.6,2.4,-3.5,0,0.1,4175.88,4176.25,4173.45,4177.36,BUY,USD,1,1,1583663
D#1670920,XAUUSD,100,2.8823E+17,2.8823E+17,2.8823E+17,2.8823E+17,1156,2026-07-03T03:39:48.000Z,2026-07-03T03:59:04.000Z,102.8,-104.2,95.8,-7,0,0.2,4180.41,4175.49,4190.49,4175.46,SELL,USD,1,1,1583663
D#1702489,XAUUSD,100,2.8823E+17,2.8823E+17,2.8823E+17,2.8823E+17,790,2026-07-03T03:45:54.000Z,2026-07-03T03:59:04.000Z,-20,19.3,-23.5,-3.5,0,0.1,4177.51,4175.29,4175.42,4188.59,BUY,USD,1,1,1583663
D#1645644,XAUUSD,100,2.8823E+17,2.8823E+17,2.8823E+17,2.8823E+17,4507,2026-07-03T02:44:05.000Z,2026-07-03T03:59:12.000Z,400.4,-404.25,381.14,-19.26,0,0.55,4182.52,4175.46,,4175.35,SELL,USD,1,1,1583663
D#1589407,XAUUSD,100,2.8823E+17,2.8823E+17,2.8823E+17,2.8823E+17,22,2026-07-03T03:58:51.000Z,2026-07-03T03:59:13.000Z,-17.5,14,-35,-17.5,0,0.5,4175.83,4175.26,,,BUY,USD,1,1,1583663
D#1702567,XAUUSD,100,2.8823E+17,2.8823E+17,2.8823E+17,2.8823E+17,133,2026-07-03T03:57:39.000Z,2026-07-03T03:59:52.000Z,20.65,-23.1,8.39,-12.26,0,0.35,4176.32,4175.95,4177.72,4166.07,SELL,USD,1,1,1583663
D#1702648,XAUUSD,100,2.8823E+17,2.8823E+17,2.8823E+17,2.8823E+17,2090,2026-07-03T03:25:55.000Z,2026-07-03T04:00:45.000Z,-115.83,113.94,-125.29,-9.46,0,0.27,4180.38,4175.87,4167.64,4196.78,BUY,USD,1,1,1583663
D#1702430,XAUUSD,100,2.8823E+17,2.8823E+17,2.8823E+17,2.8823E+17,222,2026-07-03T03:57:50.000Z,2026-07-03T04:01:32.000Z,2.35,-2.7,0.59,-1.76,0,0.05,4176.25,4176,4184.64,4164.85,SELL,USD,1,1,1583663
D#1702526,XAUUSD,100,2.8823E+17,2.8823E+17,2.8823E+17,2.8823E+17,985,2026-07-03T03:45:40.000Z,2026-07-03T04:02:05.000Z,102.4,-105.2,88.4,-14,0,0.4,4177.65,4175.31,4179.5,4175.2,SELL,USD,1,1,1583663
D#1702691,XAUUSD,100,2.8823E+17,2.8823E+17,2.8823E+17,2.8823E+17,94,2026-07-03T04:01:03.000Z,2026-07-03T04:02:37.000Z,6.5,-10,-11,-17.5,0,0.5,4175.71,4175.8,4175.7,,SELL,USD,1,1,1583663
D#1671083,XAUUSD,100,2.8823E+17,2.8823E+17,2.8823E+17,2.8823E+17,1129,2026-07-03T03:44:02.000Z,2026-07-03T04:02:51.000Z,-52,50.6,-59,-7,0,0.2,4177.73,4174.91,4175.14,4181.97,BUY,USD,1,1,1583663
D#1589407,XAUUSD,100,2.8823E+17,2.8823E+17,2.8823E+17,2.8823E+17,200,2026-07-03T04:00:01.000Z,2026-07-03T04:03:21.000Z,-95,91.5,-112.5,-17.5,0,0.5,4176.19,4174.07,4174.55,4179.33,BUY,USD,1,1,1583663
D#1702472,XAUUSD,100,2.8823E+17,2.8823E+17,2.8823E+17,2.8823E+17,76,2026-07-03T04:02:07.000Z,2026-07-03T04:03:23.000Z,-24.2,22.8,-31.2,-7,0,0.2,4175.45,4174.02,,,BUY,USD,1,1,1583663
D#1589407,XAUUSD,100,2.8823E+17,2.8823E+17,2.8823E+17,2.8823E+17,4,2026-07-03T04:03:27.000Z,2026-07-03T04:03:31.000Z,14.5,-18,-3,-17.5,0,0.5,4174.62,4174.55,,,SELL,USD,1,1,1583663
D#1702699,XAUUSD,100,2.8823E+17,2.8823E+17,2.8823E+17,2.8823E+17,570,2026-07-03T03:54:37.000Z,2026-07-03T04:04:07.000Z,118.4,-121.2,104.4,-14,0,0.4,4176.36,4173.62,4177.94,4173.63,SELL,USD,1,1,1583663
D#1702472,XAUUSD,100,2.8823E+17,2.8823E+17,2.8823E+17,2.8823E+17,41,2026-07-03T04:03:27.000Z,2026-07-03T04:04:08.000Z,-24.4,23,-31.4,-7,0,0.2,4174.82,4173.38,,,BUY,USD,1,1,1583663
D#1702467,XAUUSD,100,2.8823E+17,2.8823E+17,2.8823E+17,2.8823E+17,276,2026-07-03T03:59:43.000Z,2026-07-03T04:04:19.000Z,20.2,-20.9,16.7,-3.5,0,0.1,4175.52,4173.72,4179.11,4171.26,SELL,USD,1,1,1583663
D#1702691,XAUUSD,100,2.8823E+17,2.8823E+17,2.8823E+17,2.8823E+17,92,2026-07-03T04:03:05.000Z,2026-07-03T04:04:37.000Z,47.5,-51,30,-17.5,0,0.5,4175.15,4174.42,4174.19,,SELL,USD,1,1,1583663
D#1671085,XAUUSD,100,2.8823E+17,2.8823E+17,2.8823E+17,2.8823E+17,324,2026-07-03T03:59:26.000Z,2026-07-03T04:04:50.000Z,1.05,-1.12,0.69,-0.36,0,0.01,4175.56,4174.73,4198.97,,SELL,USD,1,1,1583663
D#1671083,XAUUSD,100,2.8823E+17,2.8823E+17,2.8823E+17,2.8823E+17,34,2026-07-03T04:06:06.000Z,2026-07-03T04:06:40.000Z,-41.6,38.8,-55.6,-14,0,0.4,4174.1,4175.36,,,SELL,USD,1,1,1583663
D#1702708,XAUUSD,100,2.8823E+17,2.8823E+17,2.8823E+17,2.8823E+17,6110,2026-07-03T02:25:08.000Z,2026-07-03T04:06:58.000Z,31.2,-32.25,25.94,-5.26,0,0.15,4177.72,4175.86,,,SELL,USD,1,1,1583663
D#1702740,XAUUSD,100,2.8823E+17,2.8823E+17,2.8823E+17,2.8823E+17,2559,2026-07-03T03:24:49.000Z,2026-07-03T04:07:28.000Z,120,-122.1,109.5,-10.5,0,0.3,4180.19,4176.41,4176.91,,SELL,USD,1,1,1583663
D#1702388,XAUUSD,100,2.8823E+17,2.8823E+17,2.8823E+17,2.8823E+17,19,2026-07-03T04:07:30.000Z,2026-07-03T04:07:49.000Z,-0.16,0.09,-0.52,-0.36,0,0.01,4176.38,4176,,,BUY,USD,1,1,1583663
D#1702567,XAUUSD,100,2.8823E+17,2.8823E+17,2.8823E+17,2.8823E+17,579,2026-07-03T03:59:56.000Z,2026-07-03T04:09:35.000Z,-53.9,51.45,-66.16,-12.26,0,0.35,4175.72,4177.48,4177.3,4168.85,SELL,USD,1,1,1583663
D#1702648,XAUUSD,100,2.8823E+17,2.8823E+17,2.8823E+17,2.8823E+17,533,2026-07-03T04:01:17.000Z,2026-07-03T04:10:10.000Z,-54.75,53,-63.51,-8.76,0,0.25,4175.67,4178.08,4182.88,4158.6,SELL,USD,1,1,1583663
D#1702592,XAUUSD,100,2.8823E+17,2.8823E+17,2.8823E+17,2.8823E+17,1196,2026-07-03T03:51:05.000Z,2026-07-03T04:11:01.000Z,1.6,-3,-5.4,-7,0,0.2,4177.73,4177.59,,,BUY,USD,1,1,1583663
D#1671070,XAUUSD,100,2.8823E+17,2.8823E+17,2.8823E+17,2.8823E+17,817,2026-07-03T03:57:59.000Z,2026-07-03T04:11:36.000Z,-36.08,34.54,-43.78,-7.7,0,0.22,4176.58,4178.44,4184.24,4160.1,SELL,USD,1,1,1583663
D#1702722,XAUUSD,100,2.8823E+17,2.8823E+17,2.8823E+17,2.8823E+17,9172,2026-07-03T01:39:52.000Z,2026-07-03T04:12:44.000Z,53.84,-54.4,51.04,-2.8,0,0.08,4184.78,4178.27,4193.99,4170.24,SELL,USD,1,1,1583663
D#1702528,XAUUSD,100,2.8823E+17,2.8823E+17,2.8823E+17,2.8823E+17,11,2026-07-03T04:13:14.000Z,2026-07-03T04:13:25.000Z,22.05,-25.48,4.89,-17.16,0,0.49,4177.83,4178.06,,,BUY,USD,1,1,1583663
D#1702528,XAUUSD,100,2.8823E+17,2.8823E+17,2.8823E+17,2.8823E+17,10,2026-07-03T04:14:15.000Z,2026-07-03T04:14:25.000Z,23.52,-26.95,6.36,-17.16,0,0.49,4177.96,4178.22,,,BUY,USD,1,1,1583663
D#1702472,XAUUSD,100,2.8823E+17,2.8823E+17,2.8823E+17,2.8823E+17,661,2026-07-03T04:04:23.000Z,2026-07-03T04:15:24.000Z,83.6,-85,76.6,-7,0,0.2,4173.74,4177.7,,,BUY,USD,1,1,1583663
D#1702722,XAUUSD,100,2.8823E+17,2.8823E+17,2.8823E+17,2.8823E+17,20,2026-07-03T04:16:25.000Z,2026-07-03T04:16:45.000Z,-1.36,0.8,-4.16,-2.8,0,0.08,4178.07,4177.68,,,BUY,USD,1,1,1583663
D#1702472,XAUUSD,100,2.8823E+17,2.8823E+17,2.8823E+17,2.8823E+17,92,2026-07-03T04:15:32.000Z,2026-07-03T04:17:04.000Z,-4.2,2.8,-11.2,-7,0,0.2,4177.66,4178.09,4179.08,,SELL,USD,1,1,1583663
D#1702472,XAUUSD,100,2.8823E+17,2.8823E+17,2.8823E+17,2.8823E+17,92,2026-07-03T04:17:27.000Z,2026-07-03T04:18:59.000Z,10,-11.4,3,-7,0,0.2,4178.58,4178.86,4176.76,,BUY,USD,1,1,1583663
D#1702552,XAUUSD,100,2.8823E+17,2.8823E+17,2.8823E+17,2.8823E+17,4664,2026-07-03T03:01:38.000Z,2026-07-03T04:19:22.000Z,50.4,-51.8,43.4,-7,0,0.2,4181.79,4179.49,4179.33,4162.09,SELL,USD,1,1,1583663
D#1702567,XAUUSD,100,2.8823E+17,2.8823E+17,2.8823E+17,2.8823E+17,550,2026-07-03T04:10:14.000Z,2026-07-03T04:19:24.000Z,-77,73.5,-94.5,-17.5,0,0.5,4177.82,4179.58,4179.41,4169.52,SELL,USD,1,1,1583663
D#1702531,XAUUSD,100,2.8823E+17,2.8823E+17,2.8823E+17,2.8823E+17,2109,2026-07-03T03:44:16.000Z,2026-07-03T04:19:25.000Z,-23.8,23.1,-27.3,-3.5,0,0.1,4177.41,4180.01,4179.48,4171.8,SELL,USD,1,1,1583663
D#1702507,XAUUSD,100,2.8823E+17,2.8823E+17,2.8823E+17,2.8823E+17,1754,2026-07-03T03:50:11.000Z,2026-07-03T04:19:25.000Z,-3.55,3.48,-3.91,-0.36,0,0.01,4176.42,4180.19,4179.58,4152.39,SELL,USD,1,1,1583663
D#1671050,XAUUSD,100,2.8823E+17,2.8823E+17,2.8823E+17,2.8823E+17,1879,2026-07-03T03:48:07.000Z,2026-07-03T04:19:26.000Z,-35.8,34.4,-42.8,-7,0,0.2,4178.39,4180.4,4180.19,4171.19,SELL,USD,1,1,1583663
D#1702559,XAUUSD,100,2.8823E+17,2.8823E+17,2.8823E+17,2.8823E+17,183,2026-07-03T04:16:23.000Z,2026-07-03T04:19:26.000Z,-14.77,14.28,-17.23,-2.46,0,0.07,4177.88,4180.21,4180.08,,SELL,USD,1,1,1583663
D#1702430,XAUUSD,100,2.8823E+17,2.8823E+17,2.8823E+17,2.8823E+17,183,2026-07-03T04:16:47.000Z,2026-07-03T04:19:50.000Z,-15.8,15.45,-17.56,-1.76,0,0.05,4177.68,4181.06,4180.92,4174.75,SELL,USD,1,1,1583663
D#1702467,XAUUSD,100,2.8823E+17,2.8823E+17,2.8823E+17,2.8823E+17,239,2026-07-03T04:15:52.000Z,2026-07-03T04:19:51.000Z,-41.3,40.6,-44.8,-3.5,0,0.1,4177.07,4181.42,4181.26,4172.89,SELL,USD,1,1,1583663
D#1702526,XAUUSD,100,2.8823E+17,2.8823E+17,2.8823E+17,2.8823E+17,134,2026-07-03T04:17:37.000Z,2026-07-03T04:19:51.000Z,108.8,-111.6,94.8,-14,0,0.4,4178.72,4181.22,4176.7,4181.3,BUY,USD,1,1,1583663
D#1702393,XAUUSD,100,2.8823E+17,2.8823E+17,2.8823E+17,2.8823E+17,1128,2026-07-03T04:02:30.000Z,2026-07-03T04:21:18.000Z,-65.6,64.9,-69.1,-3.5,0,0.1,4175.24,4182.02,,,SELL,USD,1,1,1583663
D#1702567,XAUUSD,100,2.8823E+17,2.8823E+17,2.8823E+17,2.8823E+17,103,2026-07-03T04:19:36.000Z,2026-07-03T04:21:19.000Z,-81.64,78,-99.84,-18.2,0,0.52,4180.46,4182.25,4182.03,4170.58,SELL,USD,1,1,1583663
D#1702559,XAUUSD,100,2.8823E+17,2.8823E+17,2.8823E+17,2.8823E+17,76,2026-07-03T04:20:03.000Z,2026-07-03T04:21:19.000Z,-8.2,7.5,-11.7,-3.5,0,0.1,4181.22,4182.26,4182.16,,SELL,USD,1,1,1583663
D#1702698,XAUUSD,100,2.8823E+17,2.8823E+17,2.8823E+17,2.8823E+17,2258,2026-07-03T03:44:26.000Z,2026-07-03T04:22:04.000Z,-17.6,17.25,-19.36,-1.76,0,0.05,4177.64,4181.38,4182.98,4163.05,SELL,USD,1,1,1583663
D#1702448,XAUUSD,100,2.8823E+17,2.8823E+17,2.8823E+17,2.8823E+17,91,2026-07-03T04:21:29.000Z,2026-07-03T04:23:00.000Z,-22.6,21.9,-26.1,-3.5,0,0.1,4182.09,4179.61,,,BUY,USD,1,1,1583663
D#1702472,XAUUSD,100,2.8823E+17,2.8823E+17,2.8823E+17,2.8823E+17,242,2026-07-03T04:19:16.000Z,2026-07-03T04:23:18.000Z,-5.25,2.8,-17.51,-12.26,0,0.35,4179.37,4179,,,BUY,USD,1,1,1583663
D#1671050,XAUUSD,100,2.8823E+17,2.8823E+17,2.8823E+17,2.8823E+17,26,2026-07-03T04:22:55.000Z,2026-07-03T04:23:21.000Z,-81.76,77.84,-101.36,-19.6,0,0.56,4180.53,4178.85,,,BUY,USD,1,1,1583663
D#1702559,XAUUSD,100,2.8823E+17,2.8823E+17,2.8823E+17,2.8823E+17,184,2026-07-03T04:21:35.000Z,2026-07-03T04:24:39.000Z,100.8,-102.9,90.3,-10.5,0,0.3,4182.31,4179.17,4184.27,4178.47,SELL,USD,1,1,1583663
D#1702472,XAUUSD,100,2.8823E+17,2.8823E+17,2.8823E+17,2.8823E+17,169,2026-07-03T04:23:39.000Z,2026-07-03T04:26:28.000Z,-13.65,11.2,-25.91,-12.26,0,0.35,4178.97,4179.58,,4170.14,SELL,USD,1,1,1583663
D#1702448,XAUUSD,100,2.8823E+17,2.8823E+17,2.8823E+17,2.8823E+17,73,2026-07-03T04:25:38.000Z,2026-07-03T04:26:51.000Z,27.9,-30,17.4,-10.5,0,0.3,4178.72,4179.43,,,BUY,USD,1,1,1583663
D#1702472,XAUUSD,100,2.8823E+17,2.8823E+17,2.8823E+17,2.8823E+17,132,2026-07-03T04:26:39.000Z,2026-07-03T04:28:51.000Z,-13.5,10,-31,-17.5,0,0.5,4179.15,4178.66,,,BUY,USD,1,1,1583663
D#1702489,XAUUSD,100,2.8823E+17,2.8823E+17,2.8823E+17,2.8823E+17,1349,2026-07-03T04:07:30.000Z,2026-07-03T04:29:59.000Z,23.6,-24.3,20.1,-3.5,0,0.1,4176.38,4178.52,4173.34,4187.17,BUY,USD,1,1,1583663
D#1702559,XAUUSD,100,2.8823E+17,2.8823E+17,2.8823E+17,2.8823E+17,320,2026-07-03T04:25:22.000Z,2026-07-03T04:30:42.000Z,-27.9,25.8,-38.4,-10.5,0,0.3,4178.39,4177.24,4177.21,4181.32,BUY,USD,1,1,1583663
D#1670872,XAUUSD,100,2.8823E+17,2.8823E+17,2.8823E+17,2.8823E+17,517,2026-07-03T04:22:14.000Z,2026-07-03T04:30:51.000Z,117.3,-119.4,106.8,-10.5,0,0.3,4180.62,4176.93,4180.67,4176.98,SELL,USD,1,1,1583663
D#1702472,XAUUSD,100,2.8823E+17,2.8823E+17,2.8823E+17,2.8823E+17,133,2026-07-03T04:29:08.000Z,2026-07-03T04:31:21.000Z,-78.5,75,-96,-17.5,0,0.5,4178.58,4176.79,,4188.21,BUY,USD,1,1,1583663
D#1702364,XAUUSD,100,2.8823E+17,2.8823E+17,2.8823E+17,2.8823E+17,76,2026-07-03T04:31:02.000Z,2026-07-03T04:32:18.000Z,-9.5,7.75,-18.26,-8.76,0,0.25,4177.04,4176.44,4169.95,4185.15,BUY,USD,1,1,1583663
D#1702364,XAUUSD,100,2.8823E+17,2.8823E+17,2.8823E+17,2.8823E+17,33,2026-07-03T04:32:19.000Z,2026-07-03T04:32:52.000Z,2,-3.75,-6.76,-8.76,0,0.25,4176.64,4176.78,,,SELL,USD,1,1,1583663
D#1702375,XAUUSD,100,2.8823E+17,2.8823E+17,2.8823E+17,2.8823E+17,6326,2026-07-03T02:47:54.000Z,2026-07-03T04:33:20.000Z,-28.88,28.32,-31.68,-2.8,0,0.08,4180.48,4176.65,4173,4192,BUY,USD,1,1,1583663
D#1702735,XAUUSD,100,2.8823E+17,2.8823E+17,2.8823E+17,2.8823E+17,34,2026-07-03T04:32:50.000Z,2026-07-03T04:33:24.000Z,-27.26,23.2,-47.56,-20.3,0,0.58,4176.78,4176.09,,,BUY,USD,1,1,1583663
D#1702531,XAUUSD,100,2.8823E+17,2.8823E+17,2.8823E+17,2.8823E+17,605,2026-07-03T04:23:21.000Z,2026-07-03T04:33:26.000Z,94.71,-97.02,83.15,-11.56,0,0.33,4178.85,4176.2,,,SELL,USD,1,1,1583663
D#1702559,XAUUSD,100,2.8823E+17,2.8823E+17,2.8823E+17,2.8823E+17,165,2026-07-03T04:30:55.000Z,2026-07-03T04:33:40.000Z,-43,39.5,-60.5,-17.5,0,0.5,4176.92,4175.84,4175.61,4179.1,BUY,USD,1,1,1583663
D#1671071,XAUUSD,100,2.8823E+17,2.8823E+17,2.8823E+17,2.8823E+17,930,2026-07-03T04:18:14.000Z,2026-07-03T04:33:44.000Z,-54.2,52.8,-61.2,-7,0,0.2,4178.78,4175.85,4173.18,,BUY,USD,1,1,1583663
D#1702718,XAUUSD,100,2.8823E+17,2.8823E+17,2.8823E+17,2.8823E+17,334,2026-07-03T04:28:10.000Z,2026-07-03T04:33:44.000Z,25.4,-26.1,21.9,-3.5,0,0.1,4178.36,4176.04,,4174.32,SELL,USD,1,1,1583663
D#1702364,XAUUSD,100,2.8823E+17,2.8823E+17,2.8823E+17,2.8823E+17,63,2026-07-03T04:33:02.000Z,2026-07-03T04:34:05.000Z,-13.5,10,-31,-17.5,0,0.5,4176.67,4177.16,,4172.7,SELL,USD,1,1,1583663
D#1702430,XAUUSD,100,2.8823E+17,2.8823E+17,2.8823E+17,2.8823E+17,858,2026-07-03T04:20:03.000Z,2026-07-03T04:34:21.000Z,17.8,-18.15,16.04,-1.76,0,0.05,4181.24,4177.9,4179.42,4167.39,SELL,USD,1,1,1583663
D#1702740,XAUUSD,100,2.8823E+17,2.8823E+17,2.8823E+17,2.8823E+17,479,2026-07-03T04:26:43.000Z,2026-07-03T04:34:42.000Z,27.4,-28.8,20.4,-7,0,0.2,4179.04,4177.89,,,SELL,USD,1,1,1583663
D#1702726,XAUUSD,100,2.8823E+17,2.8823E+17,2.8823E+17,2.8823E+17,734,2026-07-03T04:24:04.000Z,2026-07-03T04:36:18.000Z,9.75,-10.1,7.99,-1.76,0,0.05,4179.23,4177.5,4179,4152.38,SELL,USD,1,1,1583663
D#1702430,XAUUSD,100,2.8823E+17,2.8823E+17,2.8823E+17,2.8823E+17,32,2026-07-03T04:36:29.000Z,2026-07-03T04:37:01.000Z,2.2,-2.55,0.44,-1.76,0,0.05,4177.46,4177.24,,,SELL,USD,1,1,1583663
D#1702364,XAUUSD,100,2.8823E+17,2.8823E+17,2.8823E+17,2.8823E+17,200,2026-07-03T04:34:08.000Z,2026-07-03T04:37:28.000Z,-56,52.5,-73.5,-17.5,0,0.5,4177.41,4176.07,4175.84,4181.5,BUY,USD,1,1,1583663
D#1702699,XAUUSD,100,2.8823E+17,2.8823E+17,2.8823E+17,2.8823E+17,905,2026-07-03T04:22:57.000Z,2026-07-03T04:38:02.000Z,95,-96.4,88,-7,0,0.2,4180.19,4175.66,4183.27,4175.69,SELL,USD,1,1,1583663
D#1702698,XAUUSD,100,2.8823E+17,2.8823E+17,2.8823E+17,2.8823E+17,745,2026-07-03T04:25:37.000Z,2026-07-03T04:38:02.000Z,-30.4,29.7,-33.9,-3.5,0,0.1,4178.73,4175.47,4175.82,4193.58,BUY,USD,1,1,1583663
D#1702526,XAUUSD,100,2.8823E+17,2.8823E+17,2.8823E+17,2.8823E+17,536,2026-07-03T04:29:06.000Z,2026-07-03T04:38:02.000Z,113.2,-116,99.2,-14,0,0.4,4178.27,4175.66,4180,4175.8,SELL,USD,1,1,1583663
D#1702559,XAUUSD,100,2.8823E+17,2.8823E+17,2.8823E+17,2.8823E+17,238,2026-07-03T04:34:04.000Z,2026-07-03T04:38:02.000Z,-72,68.5,-89.5,-17.5,0,0.5,4177.13,4175.47,4175.62,4179.3,BUY,USD,1,1,1583663
D#1702689,XAUUSD,100,2.8823E+17,2.8823E+17,2.8823E+17,2.8823E+17,4261,2026-07-03T03:27:15.000Z,2026-07-03T04:38:16.000Z,-55,54.3,-58.5,-3.5,0,0.1,4181.29,4175.57,4168.97,4192.63,BUY,USD,1,1,1583663
D#1702751,XAUUSD,100,2.8823E+17,2.8823E+17,2.8823E+17,2.8823E+17,913,2026-07-03T04:23:07.000Z,2026-07-03T04:38:20.000Z,-184.11,180.54,-201.97,-17.86,0,0.51,4179.69,4175.86,,,BUY,USD,1,1,1583663
D#1702364,XAUUSD,100,2.8823E+17,2.8823E+17,2.8823E+17,2.8823E+17,93,2026-07-03T04:37:36.000Z,2026-07-03T04:39:09.000Z,-19.14,15.08,-39.44,-20.3,0,0.58,4176.07,4176.62,,4172.42,SELL,USD,1,1,1583663
D#1702462,XAUUSD,100,2.8823E+17,2.8823E+17,2.8823E+17,2.8823E+17,9007,2026-07-03T02:10:54.000Z,2026-07-03T04:41:01.000Z,69.75,-70.8,64.49,-5.26,0,0.15,4180.74,4176.31,,4172.95,SELL,USD,1,1,1583663
D#1702740,XAUUSD,100,2.8823E+17,2.8823E+17,2.8823E+17,2.8823E+17,408,2026-07-03T04:36:22.000Z,2026-07-03T04:43:10.000Z,1.8,-3.9,-8.7,-10.5,0,0.3,4177.37,4177.53,4177.26,,SELL,USD,1,1,1583663
D#1702698,XAUUSD,100,2.8823E+17,2.8823E+17,2.8823E+17,2.8823E+17,275,2026-07-03T04:38:44.000Z,2026-07-03T04:43:19.000Z,-71.5,68,-89,-17.5,0,0.5,4175.87,4177.52,,4173,SELL,USD,1,1,1583663
D#1702559,XAUUSD,100,2.8823E+17,2.8823E+17,2.8823E+17,2.8823E+17,318,2026-07-03T04:38:10.000Z,2026-07-03T04:43:28.000Z,114,-117.5,96.5,-17.5,0,0.5,4175.55,4177.61,4175.06,4177.68,BUY,USD,1,1,1583663
D#1702528,XAUUSD,100,2.8823E+17,2.8823E+17,2.8823E+17,2.8823E+17,31,2026-07-03T04:42:59.000Z,2026-07-03T04:43:30.000Z,47.53,-50.96,30.37,-17.16,0,0.49,4177.06,4177.81,,,BUY,USD,1,1,1583663
D#1702470,XAUUSD,100,2.8823E+17,2.8823E+17,2.8823E+17,2.8823E+17,7006,2026-07-03T02:47:34.000Z,2026-07-03T04:44:20.000Z,39.68,-40.8,34.08,-5.6,0,0.16,4180.34,4178.08,4177.94,4173.11,SELL,USD,1,1,1583663
D#1702686,XAUUSD,100,2.8823E+17,2.8823E+17,2.8823E+17,2.8823E+17,300,2026-07-03T04:42:15.000Z,2026-07-03T04:47:15.000Z,29.6,-31,22.6,-7,0,0.2,4176.35,4177.61,4175.39,4182.13,BUY,USD,1,1,1583663
D#1702445,XAUUSD,100,2.8823E+17,2.8823E+17,2.8823E+17,2.8823E+17,225,2026-07-03T04:44:37.000Z,2026-07-03T04:48:22.000Z,0.83,-0.9,0.47,-0.36,0,0.01,4177.53,4176.92,,,SELL,USD,1,1,1583663
D#1702495,XAUUSD,100,2.8823E+17,2.8823E+17,2.8823E+17,2.8823E+17,3286,2026-07-03T03:54:35.000Z,2026-07-03T04:49:21.000Z,-4.35,3.3,-9.61,-5.26,0,0.15,4176.36,4176.87,,4169.12,SELL,USD,1,1,1583663
D#1702559,XAUUSD,100,2.8823E+17,2.8823E+17,2.8823E+17,2.8823E+17,401,2026-07-03T04:43:40.000Z,2026-07-03T04:50:21.000Z,110,-113.5,92.5,-17.5,0,0.5,4177.73,4175.75,4179,4175.74,SELL,USD,1,1,1583663
D#1702740,XAUUSD,100,2.8823E+17,2.8823E+17,2.8823E+17,2.8823E+17,237,2026-07-03T04:46:24.000Z,2026-07-03T04:50:21.000Z,-63.6,61.5,-74.1,-10.5,0,0.3,4177.96,4175.62,4175.82,4181.14,BUY,USD,1,1,1583663
D#1702495,XAUUSD,100,2.8823E+17,2.8823E+17,2.8823E+17,2.8823E+17,51,2026-07-03T04:49:30.000Z,2026-07-03T04:50:21.000Z,-22.2,20.8,-29.2,-7,0,0.2,4176.87,4175.54,,,BUY,USD,1,1,1583663
D#1702393,XAUUSD,100,2.8823E+17,2.8823E+17,2.8823E+17,2.8823E+17,1771,2026-07-03T04:21:34.000Z,2026-07-03T04:51:05.000Z,-73.3,72.6,-76.8,-3.5,0,0.1,4182.49,4174.94,4175.08,4194.32,BUY,USD,1,1,1583663
D#1702430,XAUUSD,100,2.8823E+17,2.8823E+17,2.8823E+17,2.8823E+17,286,2026-07-03T04:46:38.000Z,2026-07-03T04:51:24.000Z,13.45,-13.8,11.69,-1.76,0,0.05,4177.69,4175.22,4179.46,4173.55,SELL,USD,1,1,1583663
D#1702735,XAUUSD,100,2.8823E+17,2.8823E+17,2.8823E+17,2.8823E+17,1063,2026-07-03T04:33:52.000Z,2026-07-03T04:51:35.000Z,-104.98,100.92,-125.28,-20.3,0,0.58,4176.69,4174.66,,,BUY,USD,1,1,1583663
D#1702698,XAUUSD,100,2.8823E+17,2.8823E+17,2.8823E+17,2.8823E+17,428,2026-07-03T04:44:51.000Z,2026-07-03T04:51:59.000Z,147,-150.5,129.5,-17.5,0,0.5,4177.53,4174.81,4178.39,4174.7,SELL,USD,1,1,1583663
D#1702505,XAUUSD,100,2.8823E+17,2.8823E+17,2.8823E+17,2.8823E+17,11171,2026-07-03T01:46:08.000Z,2026-07-03T04:52:19.000Z,20.1,-20.8,16.6,-3.5,0,0.1,4177.3,4175.51,,4167,SELL,USD,1,1,1583663
D#1702528,XAUUSD,100,2.8823E+17,2.8823E+17,2.8823E+17,2.8823E+17,20,2026-07-03T04:53:30.000Z,2026-07-03T04:53:50.000Z,17.64,-21.07,0.48,-17.16,0,0.49,4175.96,4175.82,,,SELL,USD,1,1,1583663
D#1702437,XAUUSD,100,2.8823E+17,2.8823E+17,2.8823E+17,2.8823E+17,11636,2026-07-03T01:42:48.000Z,2026-07-03T04:56:44.000Z,59.1,-59.8,55.6,-3.5,0,0.1,4182.81,4177.12,4177,4170,SELL,USD,1,1,1583663
D#1589410,XAUUSD,100,2.8823E+17,2.8823E+17,2.8823E+17,2.8823E+17,298,2026-07-03T04:51:54.000Z,2026-07-03T04:56:52.000Z,-25,24.3,-28.5,-3.5,0,0.1,4174.67,4177.39,,,SELL,USD,1,1,1583663
D#1702470,XAUUSD,100,2.8823E+17,2.8823E+17,2.8823E+17,2.8823E+17,762,2026-07-03T04:45:02.000Z,2026-07-03T04:57:44.000Z,-19.52,18.4,-25.12,-5.6,0,0.16,4177.21,4178.65,4178.41,4171,SELL,USD,1,1,1583663
D#1702689,XAUUSD,100,2.8823E+17,2.8823E+17,2.8823E+17,2.8823E+17,558,2026-07-03T04:48:26.000Z,2026-07-03T04:57:44.000Z,-26.55,25.5,-31.81,-5.26,0,0.15,4176.66,4178.65,4178.46,,SELL,USD,1,1,1583663
D#1702698,XAUUSD,100,2.8823E+17,2.8823E+17,2.8823E+17,2.8823E+17,153,2026-07-03T04:57:33.000Z,2026-07-03T05:00:06.000Z,-30,28.6,-37,-7,0,0.2,4177.98,4179.7,4179.65,4174.67,SELL,USD,1,1,1583663
D#1702559,XAUUSD,100,2.8823E+17,2.8823E+17,2.8823E+17,2.8823E+17,140,2026-07-03T04:57:46.000Z,2026-07-03T05:00:06.000Z,-54.5,51,-72,-17.5,0,0.5,4178.41,4179.72,4179.61,4176.28,SELL,USD,1,1,1583663
D#1702559,XAUUSD,100,2.8823E+17,2.8823E+17,2.8823E+17,2.8823E+17,25,2026-07-03T05:00:09.000Z,2026-07-03T05:00:34.000Z,-22,18.5,-39.5,-17.5,0,0.5,4179.38,4180.04,,,SELL,USD,1,1,1583663
D#1702528,XAUUSD,100,2.8823E+17,2.8823E+17,2.8823E+17,2.8823E+17,88,2026-07-03T04:59:09.000Z,2026-07-03T05:00:37.000Z,52.43,-55.86,35.27,-17.16,0,0.49,4178.96,4179.81,,,BUY,USD,1,1,1583663
D#1702559,XAUUSD,100,2.8823E+17,2.8823E+17,2.8823E+17,2.8823E+17,127,2026-07-03T05:00:36.000Z,2026-07-03T05:02:43.000Z,125,-128.5,107.5,-17.5,0,0.5,4179.82,4177.54,,4177.69,SELL,USD,1,1,1583663
D#1702551,XAUUSD,100,2.8823E+17,2.8823E+17,2.8823E+17,2.8823E+17,751,2026-07-03T04:50:18.000Z,2026-07-03T05:02:49.000Z,3.5,-3.85,1.74,-1.76,0,0.05,4176.65,4177.13,,,BUY,USD,1,1,1583663
D#1702526,XAUUSD,100,2.8823E+17,2.8823E+17,2.8823E+17,2.8823E+17,214,2026-07-03T04:59:15.000Z,2026-07-03T05:02:49.000Z,-57.6,54.8,-71.6,-14,0,0.4,4178.81,4177.15,4177.3,4180.3,BUY,USD,1,1,1583663
D#1702397,XAUUSD,100,2.8823E+17,2.8823E+17,2.8823E+17,2.8823E+17,431,2026-07-03T04:55:40.000Z,2026-07-03T05:02:51.000Z,16.4,-17.1,12.9,-3.5,0,0.1,4175.75,4177.17,4162.04,4212.23,BUY,USD,1,1,1583663
D#1702686,XAUUSD,100,2.8823E+17,2.8823E+17,2.8823E+17,2.8823E+17,376,2026-07-03T04:57:18.000Z,2026-07-03T05:03:34.000Z,-5.8,4.4,-12.8,-7,0,0.2,4178.01,4177.5,4174.08,4183.59,BUY,USD,1,1,1583663
D#1702470,XAUUSD,100,2.8823E+17,2.8823E+17,2.8823E+17,2.8823E+17,95,2026-07-03T05:03:12.000Z,2026-07-03T05:04:47.000Z,-42.4,41.28,-48,-5.6,0,0.16,4177.4,4180.27,4180.09,4172.84,SELL,USD,1,1,1583663
D#1702567,XAUUSD,100,2.8823E+17,2.8823E+17,2.8823E+17,2.8823E+17,2600,2026-07-03T04:21:31.000Z,2026-07-03T05:04:51.000Z,60.28,-63.36,44.88,-15.4,0,0.44,4182.03,4180.88,4180.21,4168.06,SELL,USD,1,1,1583663
D#1702559,XAUUSD,100,2.8823E+17,2.8823E+17,2.8823E+17,2.8823E+17,26,2026-07-03T05:04:27.000Z,2026-07-03T05:04:53.000Z,-94.5,91,-112,-17.5,0,0.5,4178.94,4181.05,,,SELL,USD,1,1,1583663
D#1702393,XAUUSD,100,2.8823E+17,2.8823E+17,2.8823E+17,2.8823E+17,822,2026-07-03T04:51:28.000Z,2026-07-03T05:05:10.000Z,-51.6,50.9,-55.1,-3.5,0,0.1,4174.94,4180.32,4203.31,4154.03,SELL,USD,1,1,1583663
D#1702559,XAUUSD,100,2.8823E+17,2.8823E+17,2.8823E+17,2.8823E+17,130,2026-07-03T05:05:02.000Z,2026-07-03T05:07:12.000Z,-32.5,29,-50,-17.5,0,0.5,4180.5,4181.37,4181.07,4178.43,SELL,USD,1,1,1583663
D#1702543,XAUUSD,100,2.8823E+17,2.8823E+17,2.8823E+17,2.8823E+17,757,2026-07-03T04:56:26.000Z,2026-07-03T05:09:03.000Z,26.04,-26.53,23.58,-2.46,0,0.07,4176.62,4180.12,,,BUY,USD,1,1,1583663
D#1702397,XAUUSD,100,2.8823E+17,2.8823E+17,2.8823E+17,2.8823E+17,475,2026-07-03T05:03:23.000Z,2026-07-03T05:11:18.000Z,6.2,-6.9,2.7,-3.5,0,0.1,4177.42,4177.82,4178.02,4202.98,BUY,USD,1,1,1583663
D#1670972,XAUUSD,100,2.8823E+17,2.8823E+17,2.8823E+17,2.8823E+17,156,2026-07-03T05:09:14.000Z,2026-07-03T05:11:50.000Z,18.45,-19.08,15.29,-3.16,0,0.09,4180.07,4178.24,4185.57,4163.33,SELL,USD,1,1,1583663
D#1702650,XAUUSD,100,2.8823E+17,2.8823E+17,2.8823E+17,2.8823E+17,77,2026-07-03T05:12:10.000Z,2026-07-03T05:13:27.000Z,1.5,-2.2,-2,-3.5,0,0.1,4178.01,4177.94,4174.8,4182.9,BUY,USD,1,1,1583663
D#1702718,XAUUSD,100,2.8823E+17,2.8823E+17,2.8823E+17,2.8823E+17,875,2026-07-03T05:00:11.000Z,2026-07-03T05:14:46.000Z,9.9,-10.6,6.4,-3.5,0,0.1,4179.41,4178.64,,4168.88,SELL,USD,1,1,1583663
D#1670936,XAUUSD,100,2.8823E+17,2.8823E+17,2.8823E+17,2.8823E+17,2364,2026-07-03T04:36:16.000Z,2026-07-03T05:15:40.000Z,103.88,-107.59,85.32,-18.56,0,0.53,4177.4,4179.14,,4179.22,BUY,USD,1,1,1583663
D#1670872,XAUUSD,100,2.8823E+17,2.8823E+17,2.8823E+17,2.8823E+17,101,2026-07-03T05:14:28.000Z,2026-07-03T05:16:09.000Z,-21.9,19.8,-32.4,-10.5,0,0.3,4178.8,4177.85,4178.08,4182.35,BUY,USD,1,1,1583663
D#1702470,XAUUSD,100,2.8823E+17,2.8823E+17,2.8823E+17,2.8823E+17,682,2026-07-03T05:04:59.000Z,2026-07-03T05:16:21.000Z,-68.16,67.04,-73.76,-5.6,0,0.16,4180.87,4176.39,4177.01,4188.28,BUY,USD,1,1,1583663
D#1702559,XAUUSD,100,2.8823E+17,2.8823E+17,2.8823E+17,2.8823E+17,386,2026-07-03T05:09:55.000Z,2026-07-03T05:16:21.000Z,-86.5,83,-104,-17.5,0,0.5,4178.81,4176.86,4177.16,4181,BUY,USD,1,1,1583663
D#1670926,XAUUSD,100,2.8823E+17,2.8823E+17,2.8823E+17,2.8823E+17,543,2026-07-03T05:07:19.000Z,2026-07-03T05:16:22.000Z,-268.54,264.48,-288.84,-20.3,0,0.58,4181.26,4176.41,,,BUY,USD,1,1,1583663
D#1702455,XAUUSD,100,2.8823E+17,2.8823E+17,2.8823E+17,2.8823E+17,9008,2026-07-03T02:46:26.000Z,2026-07-03T05:16:34.000Z,-59.7,59,-63.2,-3.5,0,0.1,4182.91,4176.72,,4193.81,BUY,USD,1,1,1583663
D#1702559,XAUUSD,100,2.8823E+17,2.8823E+17,2.8823E+17,2.8823E+17,4,2026-07-03T05:16:36.000Z,2026-07-03T05:16:40.000Z,-4,0.5,-21.5,-17.5,0,0.5,4176.95,4176.65,,,BUY,USD,1,1,1583663
D#1614607,XAUUSD,100,2.8823E+17,2.8823E+17,2.8823E+17,2.8823E+17,2970,2026-07-03T04:27:50.000Z,2026-07-03T05:17:20.000Z,-24.1,23.4,-27.6,-3.5,0,0.1,4179.14,4176.51,4173.16,4190.96,BUY,USD,1,1,1583663
D#1702592,XAUUSD,100,2.8823E+17,2.8823E+17,2.8823E+17,2.8823E+17,1107,2026-07-03T04:59:07.000Z,2026-07-03T05:17:34.000Z,-47.8,46.4,-54.8,-7,0,0.2,4178.96,4176.35,,,BUY,USD,1,1,1583663
D#1702375,XAUUSD,100,2.8823E+17,2.8823E+17,2.8823E+17,2.8823E+17,2366,2026-07-03T04:39:42.000Z,2026-07-03T05:19:08.000Z,-19.28,18.72,-22.08,-2.8,0,0.08,4176.54,4179.17,4186,4164,SELL,USD,1,1,1583663
D#1702531,XAUUSD,100,2.8823E+17,2.8823E+17,2.8823E+17,2.8823E+17,671,2026-07-03T05:08:57.000Z,2026-07-03T05:20:08.000Z,32.2,-33.6,25.2,-7,0,0.2,4180.48,4179.09,,,SELL,USD,1,1,1583663
D#1670872,XAUUSD,100,2.8823E+17,2.8823E+17,2.8823E+17,2.8823E+17,78,2026-07-03T05:20:16.000Z,2026-07-03T05:21:34.000Z,112,-114.8,98,-14,0,0.4,4178.96,4176.38,4179.05,4176.41,SELL,USD,1,1,1583663
D#1702689,XAUUSD,100,2.8823E+17,2.8823E+17,2.8823E+17,2.8823E+17,531,2026-07-03T05:13:34.000Z,2026-07-03T05:22:25.000Z,43.95,-45,38.69,-5.26,0,0.15,4178.07,4175.36,4181.22,,SELL,USD,1,1,1583663
D#1702650,XAUUSD,100,2.8823E+17,2.8823E+17,2.8823E+17,2.8823E+17,546,2026-07-03T05:13:31.000Z,2026-07-03T05:22:37.000Z,-114.6,112.5,-125.1,-10.5,0,0.3,4178.07,4174.03,4174.9,4182.66,BUY,USD,1,1,1583663
D#1702686,XAUUSD,100,2.8823E+17,2.8823E+17,2.8823E+17,2.8823E+17,219,2026-07-03T05:18:58.000Z,2026-07-03T05:22:37.000Z,-86.6,85.2,-93.6,-7,0,0.2,4178.58,4174.03,4174.53,4184.11,BUY,USD,1,1,1583663
D#1702638,XAUUSD,100,2.8823E+17,2.8823E+17,2.8823E+17,2.8823E+17,5652,2026-07-03T03:48:33.000Z,2026-07-03T05:22:45.000Z,83.1,-84.15,77.84,-5.26,0,0.15,4179.03,4173.71,4186.5,4173.65,SELL,USD,1,1,1583663
D#1702446,XAUUSD,100,2.8823E+17,2.8823E+17,2.8823E+17,2.8823E+17,3734,2026-07-03T04:20:32.000Z,2026-07-03T05:22:46.000Z,-13.48,13.34,-14.18,-0.7,0,0.02,4180.2,4173.24,4173.35,4214.9,BUY,USD,1,1,1583663
D#1702489,XAUUSD,100,2.8823E+17,2.8823E+17,2.8823E+17,2.8823E+17,2956,2026-07-03T04:33:30.000Z,2026-07-03T05:22:46.000Z,-52.4,51,-59.4,-7,0,0.2,4176.05,4173.21,4173.39,4181.76,BUY,USD,1,1,1583663
D#1645641,XAUUSD,100,2.8823E+17,2.8823E+17,2.8823E+17,2.8823E+17,2217,2026-07-03T04:45:49.000Z,2026-07-03T05:22:46.000Z,-64.87,63.96,-69.43,-4.56,0,0.13,4178.42,4173.21,4173.33,4187.58,BUY,USD,1,1,1583663
D#1670955,XAUUSD,100,2.8823E+17,2.8823E+17,2.8823E+17,2.8823E+17,2109,2026-07-03T04:47:37.000Z,2026-07-03T05:22:46.000Z,-96.6,94.5,-107.1,-10.5,0,0.3,4176.68,4173.24,4173.38,4185.72,BUY,USD,1,1,1583663
D#1702625,XAUUSD,100,2.8823E+17,2.8823E+17,2.8823E+17,2.8823E+17,4594,2026-07-03T04:06:13.000Z,2026-07-03T05:22:47.000Z,-23.4,22,-30.4,-7,0,0.2,4174.53,4173.14,4173.31,4187,BUY,USD,1,1,1583663
D#1645696,XAUUSD,100,2.8823E+17,2.8823E+17,2.8823E+17,2.8823E+17,2966,2026-07-03T04:33:21.000Z,2026-07-03T05:22:47.000Z,-148,144.5,-165.5,-17.5,0,0.5,4176.32,4173.14,4173.31,4185.7,BUY,USD,1,1,1583663
D#1702733,XAUUSD,100,2.8823E+17,2.8823E+17,2.8823E+17,2.8823E+17,9844,2026-07-03T02:38:48.000Z,2026-07-03T05:22:52.000Z,76.72,-77.21,74.26,-2.46,0,0.07,4184.53,4173.79,4184.65,4170.88,SELL,USD,1,1,1583663
D#1670972,XAUUSD,100,2.8823E+17,2.8823E+17,2.8823E+17,2.8823E+17,398,2026-07-03T05:16:15.000Z,2026-07-03T05:22:53.000Z,64.2,-65.6,57.2,-7,0,0.2,4177.1,4174.11,4184.12,4172.33,SELL,USD,1,1,1583663
D#1670971,XAUUSD,100,2.8823E+17,2.8823E+17,2.8823E+17,2.8823E+17,5779,2026-07-03T03:47:44.000Z,2026-07-03T05:24:03.000Z,-54.8,54.1,-58.3,-3.5,0,0.1,4178.98,4173.28,,4187.94,BUY,USD,1,1,1583663
D#1702441,XAUUSD,100,2.8823E+17,2.8823E+17,2.8823E+17,2.8823E+17,21,2026-07-03T05:23:45.000Z,2026-07-03T05:24:06.000Z,-1.84,1.7,-2.54,-0.7,0,0.02,4174.57,4173.43,,,BUY,USD,1,1,1583663
D#1702718,XAUUSD,100,2.8823E+17,2.8823E+17,2.8823E+17,2.8823E+17,254,2026-07-03T05:21:01.000Z,2026-07-03T05:25:15.000Z,-23.8,23.1,-27.3,-3.5,0,0.1,4177.38,4174.78,,4178.76,BUY,USD,1,1,1583663
D#1702543,XAUUSD,100,2.8823E+17,2.8823E+17,2.8823E+17,2.8823E+17,716,2026-07-03T05:13:24.000Z,2026-07-03T05:25:20.000Z,24.15,-24.64,21.69,-2.46,0,0.07,4177.97,4174.74,,,SELL,USD,1,1,1583663
D#1702733,XAUUSD,100,2.8823E+17,2.8823E+17,2.8823E+17,2.8823E+17,24,2026-07-03T05:25:21.000Z,2026-07-03T05:25:45.000Z,0.77,-1.26,-1.69,-2.46,0,0.07,4174.63,4174.52,4165.03,4179.73,BUY,USD,1,1,1583663
D#1702592,XAUUSD,100,2.8823E+17,2.8823E+17,2.8823E+17,2.8823E+17,650,2026-07-03T05:17:42.000Z,2026-07-03T05:28:32.000Z,8.4,-9.8,1.4,-7,0,0.2,4176.54,4176.34,,,SELL,USD,1,1,1583663
D#1702503,XAUUSD,100,2.8823E+17,2.8823E+17,2.8823E+17,2.8823E+17,27,2026-07-03T05:28:12.000Z,2026-07-03T05:28:39.000Z,29.44,-31.68,18.24,-11.2,0,0.32,4175.35,4176.05,,,BUY,USD,1,1,1583663
D#1702591,XAUUSD,100,2.8823E+17,2.8823E+17,2.8823E+17,2.8823E+17,223,2026-07-03T05:25:00.000Z,2026-07-03T05:28:43.000Z,3.6,-3.74,2.9,-0.7,0,0.02,4174.61,4176.19,4172.55,4177.36,BUY,USD,1,1,1583663
D#1702650,XAUUSD,100,2.8823E+17,2.8823E+17,2.8823E+17,2.8823E+17,173,2026-07-03T05:26:17.000Z,2026-07-03T05:29:10.000Z,-64.2,62.1,-74.7,-10.5,0,0.3,4174.59,4176.95,,,SELL,USD,1,1,1583663
D#1702733,XAUUSD,100,2.8823E+17,2.8823E+17,2.8823E+17,2.8823E+17,134,2026-07-03T05:27:01.000Z,2026-07-03T05:29:15.000Z,17.8,-18.5,14.3,-3.5,0,0.1,4175.16,4176.72,4168.9,4187.89,BUY,USD,1,1,1583663
D#1702686,XAUUSD,100,2.8823E+17,2.8823E+17,2.8823E+17,2.8823E+17,368,2026-07-03T05:23:10.000Z,2026-07-03T05:29:18.000Z,93.6,-96.4,79.6,-14,0,0.4,4174.6,4176.72,,,BUY,USD,1,1,1583663
D#1702567,XAUUSD,100,2.8823E+17,2.8823E+17,2.8823E+17,2.8823E+17,1463,2026-07-03T05:04:58.000Z,2026-07-03T05:29:21.000Z,208.21,-211.5,191.75,-16.46,0,0.47,4180.75,4176.54,4180.19,4168.47,SELL,USD,1,1,1583663
D#1702445,XAUUSD,100,2.8823E+17,2.8823E+17,2.8823E+17,2.8823E+17,232,2026-07-03T05:26:11.000Z,2026-07-03T05:30:03.000Z,0.9,-1.11,-0.16,-1.06,0,0.03,4175.2,4175.28,4175.35,,BUY,USD,1,1,1583663
D#1670936,XAUUSD,100,2.8823E+17,2.8823E+17,2.8823E+17,2.8823E+17,15,2026-07-03T05:29:49.000Z,2026-07-03T05:30:04.000Z,37.1,-40.81,18.54,-18.56,0,0.53,4176.12,4175.64,,,SELL,USD,1,1,1583663
D#1702698,XAUUSD,100,2.8823E+17,2.8823E+17,2.8823E+17,2.8823E+17,258,2026-07-03T05:26:07.000Z,2026-07-03T05:30:25.000Z,153.2,-156,139.2,-14,0,0.4,4174.82,4178.43,4173.51,4178.45,BUY,USD,1,1,1583663
D#1702686,XAUUSD,100,2.8823E+17,2.8823E+17,2.8823E+17,2.8823E+17,17,2026-07-03T05:30:08.000Z,2026-07-03T05:30:25.000Z,124.8,-127.6,110.8,-14,0,0.4,4176.19,4179.09,,4178.75,BUY,USD,1,1,1583663
D#1702350,XAUUSD,100,2.8823E+17,2.8823E+17,2.8823E+17,2.8823E+17,257,2026-07-03T05:26:09.000Z,2026-07-03T05:30:26.000Z,-91.2,89.8,-98.2,-7,0,0.2,4174.63,4179.41,4179.24,4170,SELL,USD,1,1,1583663
D#1671071,XAUUSD,100,2.8823E+17,2.8823E+17,2.8823E+17,2.8823E+17,465,2026-07-03T05:22:42.000Z,2026-07-03T05:30:27.000Z,-112.2,110.8,-119.2,-7,0,0.2,4173.6,4179.43,4179.3,,SELL,USD,1,1,1583663
D#1702489,XAUUSD,100,2.8823E+17,2.8823E+17,2.8823E+17,2.8823E+17,427,2026-07-03T05:23:27.000Z,2026-07-03T05:30:34.000Z,114.8,-116.2,107.8,-7,0,0.2,4174.06,4179.58,4171.55,4179.46,BUY,USD,1,1,1583663
D#1702509,XAUUSD,100,2.8823E+17,2.8823E+17,2.8823E+17,2.8823E+17,286,2026-07-03T05:25:51.000Z,2026-07-03T05:30:37.000Z,-54.9,54.2,-58.4,-3.5,0,0.1,4174.49,4180.2,4179.87,4163.67,SELL,USD,1,1,1583663
D#1589410,XAUUSD,100,2.8823E+17,2.8823E+17,2.8823E+17,2.8823E+17,28,2026-07-03T05:30:10.000Z,2026-07-03T05:30:38.000Z,-48.1,47.4,-51.6,-3.5,0,0.1,4175.86,4180.89,,,SELL,USD,1,1,1583663
D#1670971,XAUUSD,100,2.8823E+17,2.8823E+17,2.8823E+17,2.8823E+17,324,2026-07-03T05:25:26.000Z,2026-07-03T05:30:50.000Z,-128.8,127.4,-135.8,-7,0,0.2,4174.13,4180.79,,4169.63,SELL,USD,1,1,1583663
D#1702567,XAUUSD,100,2.8823E+17,2.8823E+17,2.8823E+17,2.8823E+17,83,2026-07-03T05:29:28.000Z,2026-07-03T05:30:51.000Z,-204.33,200.9,-221.49,-17.16,0,0.49,4176.39,4180.78,,,SELL,USD,1,1,1583663
D#1702375,XAUUSD,100,2.8823E+17,2.8823E+17,2.8823E+17,2.8823E+17,483,2026-07-03T05:23:05.000Z,2026-07-03T05:31:08.000Z,-48.96,48.4,-51.76,-2.8,0,0.08,4174.04,4180.38,4185,4162,SELL,USD,1,1,1583663
D#1702689,XAUUSD,100,2.8823E+17,2.8823E+17,2.8823E+17,2.8823E+17,296,2026-07-03T05:26:25.000Z,2026-07-03T05:31:21.000Z,88.65,-89.7,83.39,-5.26,0,0.15,4174.68,4180.37,4173.01,,BUY,USD,1,1,1583663
D#1702503,XAUUSD,100,2.8823E+17,2.8823E+17,2.8823E+17,2.8823E+17,153,2026-07-03T05:29:30.000Z,2026-07-03T05:32:03.000Z,-106.24,104,-117.44,-11.2,0,0.32,4176.38,4179.92,,,SELL,USD,1,1,1583663
D#1702397,XAUUSD,100,2.8823E+17,2.8823E+17,2.8823E+17,2.8823E+17,1188,2026-07-03T05:12:42.000Z,2026-07-03T05:32:30.000Z,10.65,-11.7,5.39,-5.26,0,0.15,4177.79,4178.28,4172.16,4195.89,BUY,USD,1,1,1583663
D#1702733,XAUUSD,100,2.8823E+17,2.8823E+17,2.8823E+17,2.8823E+17,39,2026-07-03T05:32:48.000Z,2026-07-03T05:33:27.000Z,0,-0.7,-3.5,-3.5,0,0.1,4179,4178.78,4170.45,4190.82,BUY,USD,1,1,1583663
D#1645641,XAUUSD,100,2.8823E+17,2.8823E+17,2.8823E+17,2.8823E+17,37,2026-07-03T05:33:12.000Z,2026-07-03T05:33:49.000Z,-0.62,0.55,-0.98,-0.36,0,0.01,4179.89,4179.05,,,BUY,USD,1,1,1583663
D#1702733,XAUUSD,100,2.8823E+17,2.8823E+17,2.8823E+17,2.8823E+17,76,2026-07-03T05:34:03.000Z,2026-07-03T05:35:19.000Z,-2.1,1.4,-5.6,-3.5,0,0.1,4179.3,4178.87,4170.8,4190.24,BUY,USD,1,1,1583663
D#1702686,XAUUSD,100,2.8823E+17,2.8823E+17,2.8823E+17,2.8823E+17,257,2026-07-03T05:31:54.000Z,2026-07-03T05:36:11.000Z,115.2,-118,101.2,-14,0,0.4,4179.74,4177.08,,4176.98,SELL,USD,1,1,1583663
D#1702470,XAUUSD,100,2.8823E+17,2.8823E+17,2.8823E+17,2.8823E+17,368,2026-07-03T05:30:12.000Z,2026-07-03T05:36:20.000Z,2.08,-3.2,-3.52,-5.6,0,0.16,4176.34,4176.25,4176.55,4183.44,BUY,USD,1,1,1583663
D#1702350,XAUUSD,100,2.8823E+17,2.8823E+17,2.8823E+17,2.8823E+17,336,2026-07-03T05:30:44.000Z,2026-07-03T05:36:20.000Z,-105,103.6,-112,-7,0,0.2,4181.82,4176.35,4171.82,4199.57,BUY,USD,1,1,1583663
D#1702503,XAUUSD,100,2.8823E+17,2.8823E+17,2.8823E+17,2.8823E+17,255,2026-07-03T05:32:06.000Z,2026-07-03T05:36:21.000Z,-104.32,102.08,-115.52,-11.2,0,0.32,4179.83,4176.35,,,BUY,USD,1,1,1583663
D#1702733,XAUUSD,100,2.8823E+17,2.8823E+17,2.8823E+17,2.8823E+17,168,2026-07-03T05:35:34.000Z,2026-07-03T05:38:22.000Z,23.2,-23.76,20.4,-2.8,0,0.08,4178.4,4175.72,4188.73,4165.7,SELL,USD,1,1,1583663
D#1702686,XAUUSD,100,2.8823E+17,2.8823E+17,2.8823E+17,2.8823E+17,71,2026-07-03T05:37:14.000Z,2026-07-03T05:38:25.000Z,-58.4,55.6,-72.4,-14,0,0.4,4177.25,4175.57,,4179.98,BUY,USD,1,1,1583663
D#1702691,XAUUSD,100,2.8823E+17,2.8823E+17,2.8823E+17,2.8823E+17,120,2026-07-03T05:36:34.000Z,2026-07-03T05:38:34.000Z,71.54,-74.97,54.38,-17.16,0,0.49,4176.55,4175.31,,,SELL,USD,1,1,1583663
D#1702592,XAUUSD,100,2.8823E+17,2.8823E+17,2.8823E+17,2.8823E+17,343,2026-07-03T05:33:13.000Z,2026-07-03T05:38:56.000Z,108.2,-109.6,101.2,-7,0,0.2,4179.62,4174.43,,,SELL,USD,1,1,1583663
D#1702526,XAUUSD,100,2.8823E+17,2.8823E+17,2.8823E+17,2.8823E+17,176,2026-07-03T05:36:34.000Z,2026-07-03T05:39:30.000Z,94.8,-97.6,80.8,-14,0,0.4,4176.51,4174.36,,4174.25,SELL,USD,1,1,1583663
D#1671085,XAUUSD,100,2.8823E+17,2.8823E+17,2.8823E+17,2.8823E+17,5658,2026-07-03T04:05:43.000Z,2026-07-03T05:40:01.000Z,1.85,-2.2,0.09,-1.76,0,0.05,4174.69,4174.54,4202.2,,SELL,USD,1,1,1583663
D#1589410,XAUUSD,100,2.8823E+17,2.8823E+17,2.8823E+17,2.8823E+17,288,2026-07-03T05:36:17.000Z,2026-07-03T05:41:05.000Z,-34,33.3,-37.5,-3.5,0,0.1,4176.89,4173.27,,,BUY,USD,1,1,1583663
D#1589405,XAUUSD,100,2.8823E+17,2.8823E+17,2.8823E+17,2.8823E+17,405,2026-07-03T05:34:23.000Z,2026-07-03T05:41:08.000Z,-102.8,101.4,-109.8,-7,0,0.2,4178.77,4173.41,4172,4195,BUY,USD,1,1,1583663
D#1702470,XAUUSD,100,2.8823E+17,2.8823E+17,2.8823E+17,2.8823E+17,41,2026-07-03T05:40:45.000Z,2026-07-03T05:41:26.000Z,-4.4,3,-11.4,-7,0,0.2,4174.75,4175.19,4174.7,4168.88,SELL,USD,1,1,1583663
D#1670972,XAUUSD,100,2.8823E+17,2.8823E+17,2.8823E+17,2.8823E+17,549,2026-07-03T05:32:36.000Z,2026-07-03T05:41:45.000Z,50.8,-52.2,43.8,-7,0,0.2,4178.07,4175.75,4183.35,4168.91,SELL,USD,1,1,1583663
D#1702445,XAUUSD,100,2.8823E+17,2.8823E+17,2.8823E+17,2.8823E+17,59,2026-07-03T05:41:00.000Z,2026-07-03T05:41:59.000Z,-10.9,10.55,-12.66,-1.76,0,0.05,4174.09,4176.49,4176.35,,SELL,USD,1,1,1583663
D#1702520,XAUUSD,100,2.8823E+17,2.8823E+17,2.8823E+17,2.8823E+17,7,2026-07-03T05:42:09.000Z,2026-07-03T05:42:16.000Z,0.66,-0.8,-0.04,-0.7,0,0.02,4175.59,4175.48,,,SELL,USD,1,1,1583663
D#1670958,XAUUSD,100,2.8823E+17,2.8823E+17,2.8823E+17,2.8823E+17,14294,2026-07-03T01:45:07.000Z,2026-07-03T05:43:21.000Z,15.2,-15.48,13.8,-1.4,0,0.04,4178.28,4174.7,4189.24,4153.68,SELL,USD,1,1,1583663
D#1702528,XAUUSD,100,2.8823E+17,2.8823E+17,2.8823E+17,2.8823E+17,153,2026-07-03T05:42:31.000Z,2026-07-03T05:45:04.000Z,23.03,-26.46,5.87,-17.16,0,0.49,4175.15,4175.4,,,BUY,USD,1,1,1583663
D#1702528,XAUUSD,100,2.8823E+17,2.8823E+17,2.8823E+17,2.8823E+17,23,2026-07-03T05:45:34.000Z,2026-07-03T05:45:57.000Z,25.97,-29.4,8.81,-17.16,0,0.49,4176.04,4175.73,,,SELL,USD,1,1,1583663
D#1702473,XAUUSD,100,2.8823E+17,2.8823E+17,2.8823E+17,2.8823E+17,3063,2026-07-03T04:56:03.000Z,2026-07-03T05:47:06.000Z,-34.5,33.8,-38,-3.5,0,0.1,4176.69,4173.02,4173.19,4187.22,BUY,USD,1,1,1583663
D#1702489,XAUUSD,100,2.8823E+17,2.8823E+17,2.8823E+17,2.8823E+17,659,2026-07-03T05:36:07.000Z,2026-07-03T05:47:06.000Z,-81.6,80.2,-88.6,-7,0,0.2,4177.32,4173.02,4173.17,4182.81,BUY,USD,1,1,1583663
D#1702374,XAUUSD,100,2.8823E+17,2.8823E+17,2.8823E+17,2.8823E+17,116,2026-07-03T05:45:10.000Z,2026-07-03T05:47:06.000Z,-24.8,24.1,-28.3,-3.5,0,0.1,4175.74,4173.04,4173.31,4178.78,BUY,USD,1,1,1583663
D#1702462,XAUUSD,100,2.8823E+17,2.8823E+17,2.8823E+17,2.8823E+17,3874,2026-07-03T04:42:41.000Z,2026-07-03T05:47:15.000Z,-58.35,57.3,-63.61,-5.26,0,0.15,4176.95,4172.84,4172.96,4184.33,BUY,USD,1,1,1583663
D#1645641,XAUUSD,100,2.8823E+17,2.8823E+17,2.8823E+17,2.8823E+17,799,2026-07-03T05:33:56.000Z,2026-07-03T05:47:15.000Z,-39.72,39.3,-41.82,-2.1,0,0.06,4179.68,4172.84,4173.08,4205,BUY,USD,1,1,1583663
D#1702470,XAUUSD,100,2.8823E+17,2.8823E+17,2.8823E+17,2.8823E+17,335,2026-07-03T05:41:40.000Z,2026-07-03T05:47:15.000Z,-52.2,50.8,-59.2,-7,0,0.2,4175.67,4172.84,4173,4181.55,BUY,USD,1,1,1583663
D#1702445,XAUUSD,100,2.8823E+17,2.8823E+17,2.8823E+17,2.8823E+17,305,2026-07-03T05:42:10.000Z,2026-07-03T05:47:15.000Z,-14.45,14.1,-16.21,-1.76,0,0.05,4175.95,4172.84,4173.01,4183.9,BUY,USD,1,1,1583663
D#1702705,XAUUSD,100,2.8823E+17,2.8823E+17,2.8823E+17,2.8823E+17,5351,2026-07-03T04:18:05.000Z,2026-07-03T05:47:16.000Z,-36.84,36.42,-38.94,-2.1,0,0.06,4178.95,4172.59,4172.79,4187.12,BUY,USD,1,1,1583663
D#1702528,XAUUSD,100,2.8823E+17,2.8823E+17,2.8823E+17,2.8823E+17,96,2026-07-03T05:46:09.000Z,2026-07-03T05:47:45.000Z,-92.12,88.69,-109.28,-17.16,0,0.49,4174.94,4172.84,,,BUY,USD,1,1,1583663
D#1702520,XAUUSD,100,2.8823E+17,2.8823E+17,2.8823E+17,2.8823E+17,340,2026-07-03T05:42:24.000Z,2026-07-03T05:48:04.000Z,59,-60.4,52,-7,0,0.2,4175.41,4172.68,4178.2,4172.61,SELL,USD,1,1,1583663
D#1702674,XAUUSD,100,2.8823E+17,2.8823E+17,2.8823E+17,2.8823E+17,5077,2026-07-03T04:23:30.000Z,2026-07-03T05:48:07.000Z,103.8,-104.85,98.54,-5.26,0,0.15,4178.93,4172.23,4182.41,4172.41,SELL,USD,1,1,1583663
D#1702495,XAUUSD,100,2.8823E+17,2.8823E+17,2.8823E+17,2.8823E+17,3465,2026-07-03T04:50:27.000Z,2026-07-03T05:48:12.000Z,102.6,-104.7,92.1,-10.5,0,0.3,4175.12,4171.92,,4171.92,SELL,USD,1,1,1583663
D#1702686,XAUUSD,100,2.8823E+17,2.8823E+17,2.8823E+17,2.8823E+17,566,2026-07-03T05:38:48.000Z,2026-07-03T05:48:14.000Z,124,-126.8,110,-14,0,0.4,4174.47,4171.59,,4171.77,SELL,USD,1,1,1583663
D#1702528,XAUUSD,100,2.8823E+17,2.8823E+17,2.8823E+17,2.8823E+17,26,2026-07-03T05:47:52.000Z,2026-07-03T05:48:18.000Z,78.89,-82.32,61.73,-17.16,0,0.49,4172.69,4171.3,,,SELL,USD,1,1,1583663
D#1702649,XAUUSD,100,2.8823E+17,2.8823E+17,2.8823E+17,2.8823E+17,7949,2026-07-03T03:35:51.000Z,2026-07-03T05:48:20.000Z,-217.4,216,-224.4,-7,0,0.2,4182.09,4171,,4186.48,BUY,USD,1,1,1583663
D#1702718,XAUUSD,100,2.8823E+17,2.8823E+17,2.8823E+17,2.8823E+17,1226,2026-07-03T05:27:54.000Z,2026-07-03T05:48:20.000Z,40.1,-40.8,36.6,-3.5,0,0.1,4175.3,4171.51,,4168.71,SELL,USD,1,1,1583663
D#1702476,XAUUSD,100,2.8823E+17,2.8823E+17,2.8823E+17,2.8823E+17,1849,2026-07-03T05:17:35.000Z,2026-07-03T05:48:24.000Z,117,-118.4,110,-7,0,0.2,4176.38,4170.75,4186.63,4170.92,SELL,USD,1,1,1583663
D#1702631,XAUUSD,100,2.8823E+17,2.8823E+17,2.8823E+17,2.8823E+17,957,2026-07-03T05:32:27.000Z,2026-07-03T05:48:24.000Z,123.45,-124.5,118.19,-5.26,0,0.15,4178.74,4170.73,4182.38,4170.91,SELL,USD,1,1,1583663
D#1702701,XAUUSD,100,2.8823E+17,2.8823E+17,2.8823E+17,2.8823E+17,6671,2026-07-03T03:57:20.000Z,2026-07-03T05:48:31.000Z,84.3,-85.35,79.04,-5.26,0,0.15,4175.73,4170.33,4185.95,4170.23,SELL,USD,1,1,1583663
D#1670992,XAUUSD,100,2.8823E+17,2.8823E+17,2.8823E+17,2.8823E+17,4067,2026-07-03T04:40:44.000Z,2026-07-03T05:48:31.000Z,63,-63.7,59.5,-3.5,0,0.1,4176.41,4170.33,4196.42,4170.52,SELL,USD,1,1,1583663
D#1670872,XAUUSD,100,2.8823E+17,2.8823E+17,2.8823E+17,2.8823E+17,82,2026-07-03T05:47:09.000Z,2026-07-03T05:48:31.000Z,116,-118.8,102,-14,0,0.4,4173.01,4170.33,4174.24,4170.39,SELL,USD,1,1,1583663
D#1702461,XAUUSD,100,2.8823E+17,2.8823E+17,2.8823E+17,2.8823E+17,15561,2026-07-03T01:29:11.000Z,2026-07-03T05:48:32.000Z,-208.5,207.8,-212,-3.5,0,0.1,4190.95,4169.88,4170,4230.9,BUY,USD,1,1,1583663
D#1670920,XAUUSD,100,2.8823E+17,2.8823E+17,2.8823E+17,2.8823E+17,6135,2026-07-03T04:06:21.000Z,2026-07-03T05:48:36.000Z,99.4,-100.8,92.4,-7,0,0.2,4174.39,4169.64,4188.91,4169.77,SELL,USD,1,1,1583663
D#1702638,XAUUSD,100,2.8823E+17,2.8823E+17,2.8823E+17,2.8823E+17,1295,2026-07-03T05:27:04.000Z,2026-07-03T05:48:39.000Z,83.1,-84.15,77.84,-5.26,0,0.15,4174.97,4169.65,4183.22,4169.49,SELL,USD,1,1,1583663
D#1670967,XAUUSD,100,2.8823E+17,2.8823E+17,2.8823E+17,2.8823E+17,11002,2026-07-03T02:45:18.000Z,2026-07-03T05:48:40.000Z,-218.4,217.35,-223.66,-5.26,0,0.15,4184.28,4169.5,,,BUY,USD,1,1,1583663
D#1702531,XAUUSD,100,2.8823E+17,2.8823E+17,2.8823E+17,2.8823E+17,46,2026-07-03T05:48:04.000Z,2026-07-03T05:48:50.000Z,63.4,-64.8,56.4,-7,0,0.2,4172.51,4169.56,,,SELL,USD,1,1,1583663
D#1702497,XAUUSD,100,2.8823E+17,2.8823E+17,2.8823E+17,2.8823E+17,796,2026-07-03T05:35:45.000Z,2026-07-03T05:49:01.000Z,-169.8,168.4,-176.8,-7,0,0.2,4178.73,4170.02,,4183.1,BUY,USD,1,1,1583663
D#1702543,XAUUSD,100,2.8823E+17,2.8823E+17,2.8823E+17,2.8823E+17,810,2026-07-03T05:35:33.000Z,2026-07-03T05:49:03.000Z,39.77,-40.26,37.31,-2.46,0,0.07,4178.59,4170.26,4183.9,,SELL,USD,1,1,1583663
D#1702528,XAUUSD,100,2.8823E+17,2.8823E+17,2.8823E+17,2.8823E+17,34,2026-07-03T05:48:33.000Z,2026-07-03T05:49:07.000Z,12.25,-15.68,-4.91,-17.16,0,0.49,4170.12,4170.15,,,BUY,USD,1,1,1583663
D#1702740,XAUUSD,100,2.8823E+17,2.8823E+17,2.8823E+17,2.8823E+17,34,2026-07-03T05:48:55.000Z,2026-07-03T05:49:29.000Z,0,-2.1,-10.5,-10.5,0,0.3,4169.66,4169.88,,,SELL,USD,1,1,1583663
D#1614622,XAUUSD,100,2.8823E+17,2.8823E+17,2.8823E+17,2.8823E+17,870,2026-07-03T05:35:38.000Z,2026-07-03T05:50:08.000Z,140.8,-142.2,133.8,-7,0,0.2,4178.63,4171.81,4173.12,4158,SELL,USD,1,1,1583663
D#1702592,XAUUSD,100,2.8823E+17,2.8823E+17,2.8823E+17,2.8823E+17,347,2026-07-03T05:45:12.000Z,2026-07-03T05:50:59.000Z,-89.4,88,-96.4,-7,0,0.2,4175.74,4171.05,,,BUY,USD,1,1,1583663
D#1702740,XAUUSD,100,2.8823E+17,2.8823E+17,2.8823E+17,2.8823E+17,85,2026-07-03T05:49:42.000Z,2026-07-03T05:51:07.000Z,-19.2,17.1,-29.7,-10.5,0,0.3,4170.41,4171.27,,,SELL,USD,1,1,1583663
D#1702397,XAUUSD,100,2.8823E+17,2.8823E+17,2.8823E+17,2.8823E+17,16,2026-07-03T05:51:47.000Z,2026-07-03T05:52:03.000Z,-1.01,0.94,-1.37,-0.36,0,0.01,4171.74,4172.97,,,SELL,USD,1,1,1583663
D#1702497,XAUUSD,100,2.8823E+17,2.8823E+17,2.8823E+17,2.8823E+17,186,2026-07-03T05:49:05.000Z,2026-07-03T05:52:11.000Z,-46.6,45.2,-53.6,-7,0,0.2,4170.41,4172.96,,4165.59,SELL,USD,1,1,1583663
D#1589405,XAUUSD,100,2.8823E+17,2.8823E+17,2.8823E+17,2.8823E+17,100,2026-07-03T05:50:36.000Z,2026-07-03T05:52:16.000Z,-33.2,31.8,-40.2,-7,0,0.2,4171.03,4172.91,,4144,SELL,USD,1,1,1583663
D#1614622,XAUUSD,100,2.8823E+17,2.8823E+17,2.8823E+17,2.8823E+17,103,2026-07-03T05:51:09.000Z,2026-07-03T05:52:52.000Z,-34.8,33.4,-41.8,-7,0,0.2,4171.26,4173.22,4173,,SELL,USD,1,1,1583663
D#1702520,XAUUSD,100,2.8823E+17,2.8823E+17,2.8823E+17,2.8823E+17,113,2026-07-03T05:51:01.000Z,2026-07-03T05:52:54.000Z,-46,44.6,-53,-7,0,0.2,4170.85,4173.37,4173.16,4167.98,SELL,USD,1,1,1583663
D#1702596,XAUUSD,100,2.8823E+17,2.8823E+17,2.8823E+17,2.8823E+17,377,2026-07-03T05:46:58.000Z,2026-07-03T05:53:15.000Z,-0.24,-0.32,-3.04,-2.8,0,0.08,4173.55,4173.8,4173.66,,SELL,USD,1,1,1583663
D#1702705,XAUUSD,100,2.8823E+17,2.8823E+17,2.8823E+17,2.8823E+17,160,2026-07-03T05:50:36.000Z,2026-07-03T05:53:16.000Z,-13.86,13.44,-15.96,-2.1,0,0.06,4171.3,4173.83,4174.53,4150,SELL,USD,1,1,1583663
D#1671085,XAUUSD,100,2.8823E+17,2.8823E+17,2.8823E+17,2.8823E+17,780,2026-07-03T05:40:44.000Z,2026-07-03T05:53:44.000Z,13.1,-13.45,11.34,-1.76,0,0.05,4174.75,4172.35,4199,,SELL,USD,1,1,1583663
D#1702740,XAUUSD,100,2.8823E+17,2.8823E+17,2.8823E+17,2.8823E+17,128,2026-07-03T05:51:39.000Z,2026-07-03T05:53:47.000Z,-20.4,18.3,-30.9,-10.5,0,0.3,4171.73,4172.63,,,SELL,USD,1,1,1583663
D#1614622,XAUUSD,100,2.8823E+17,2.8823E+17,2.8823E+17,2.8823E+17,161,2026-07-03T05:53:16.000Z,2026-07-03T05:55:57.000Z,-50.2,48.8,-57.2,-7,0,0.2,4173.8,4171.07,,,BUY,USD,1,1,1583663
D#1702698,XAUUSD,100,2.8823E+17,2.8823E+17,2.8823E+17,2.8823E+17,182,2026-07-03T05:53:32.000Z,2026-07-03T05:56:34.000Z,39.9,-42,29.4,-10.5,0,0.3,4172.78,4171.67,,4167.94,SELL,USD,1,1,1583663
D#1702668,XAUUSD,100,2.8823E+17,2.8823E+17,2.8823E+17,2.8823E+17,7937,2026-07-03T03:44:35.000Z,2026-07-03T05:56:52.000Z,29.8,-30.15,28.04,-1.76,0,0.05,4177.47,4171.73,4192.49,4167.93,SELL,USD,1,1,1583663
D#1702686,XAUUSD,100,2.8823E+17,2.8823E+17,2.8823E+17,2.8823E+17,359,2026-07-03T05:53:26.000Z,2026-07-03T05:59:25.000Z,45.6,-48.4,31.6,-14,0,0.4,4172.81,4171.89,,4170.11,SELL,USD,1,1,1583663
D#1702591,XAUUSD,100,2.8823E+17,2.8823E+17,2.8823E+17,2.8823E+17,362,2026-07-03T05:55:14.000Z,2026-07-03T06:01:16.000Z,1.1,-1.24,0.4,-0.7,0,0.02,4171.21,4170.88,4174.45,4146.65,SELL,USD,1,1,1583663
D#1702351,XAUUSD,100,2.8823E+17,2.8823E+17,2.8823E+17,2.8823E+17,580,2026-07-03T05:51:54.000Z,2026-07-03T06:01:34.000Z,-29.6,28.9,-33.1,-3.5,0,0.1,4172.43,4169.25,4169.37,4181.83,BUY,USD,1,1,1583663
D#1702445,XAUUSD,100,2.8823E+17,2.8823E+17,2.8823E+17,2.8823E+17,511,2026-07-03T05:53:04.000Z,2026-07-03T06:01:35.000Z,-38.9,38.2,-42.4,-3.5,0,0.1,4173.36,4169.25,4169.37,4183.91,BUY,USD,1,1,1583663
D#1702681,XAUUSD,100,2.8823E+17,2.8823E+17,2.8823E+17,2.8823E+17,14693,2026-07-03T01:56:43.000Z,2026-07-03T06:01:36.000Z,106.6,-107.3,103.1,-3.5,0,0.1,4179.68,4169.24,4196.73,4169.26,SELL,USD,1,1,1583663
D#1702466,XAUUSD,100,2.8823E+17,2.8823E+17,2.8823E+17,2.8823E+17,17468,2026-07-03T01:10:43.000Z,2026-07-03T06:01:51.000Z,8.5,-9.2,5,-3.5,0,0.1,4168.04,4168.67,4168.9,4207.91,BUY,USD,1,1,1583663
D#1702513,XAUUSD,100,2.8823E+17,2.8823E+17,2.8823E+17,2.8823E+17,144,2026-07-03T05:59:39.000Z,2026-07-03T06:02:03.000Z,-16.5,15.8,-20,-3.5,0,0.1,4171.59,4169.72,4166.5,4183.19,BUY,USD,1,1,1583663
D#1702668,XAUUSD,100,2.8823E+17,2.8823E+17,2.8823E+17,2.8823E+17,29,2026-07-03T06:01:35.000Z,2026-07-03T06:02:04.000Z,-13.78,11.96,-22.88,-9.1,0,0.26,4169.25,4170,4172.28,4167.6,SELL,USD,1,1,1583663
D#1702526,XAUUSD,100,2.8823E+17,2.8823E+17,2.8823E+17,2.8823E+17,833,2026-07-03T05:48:33.000Z,2026-07-03T06:02:26.000Z,65.2,-68,51.2,-14,0,0.4,4169.92,4168.51,,4168.5,SELL,USD,1,1,1583663
D#1670920,XAUUSD,100,2.8823E+17,2.8823E+17,2.8823E+17,2.8823E+17,536,2026-07-03T05:53:32.000Z,2026-07-03T06:02:28.000Z,95.6,-97,88.6,-7,0,0.2,4172.78,4168.22,4190.37,4168.24,SELL,USD,1,1,1583663
D#1702476,XAUUSD,100,2.8823E+17,2.8823E+17,2.8823E+17,2.8823E+17,513,2026-07-03T05:54:05.000Z,2026-07-03T06:02:38.000Z,92,-93.4,85,-7,0,0.2,4172.19,4167.81,4187.78,4167.63,SELL,USD,1,1,1583663
D#1702531,XAUUSD,100,2.8823E+17,2.8823E+17,2.8823E+17,2.8823E+17,132,2026-07-03T06:00:35.000Z,2026-07-03T06:02:47.000Z,52.2,-53.6,45.2,-7,0,0.2,4170.14,4167.75,,,SELL,USD,1,1,1583663
D#1702518,XAUUSD,100,2.8823E+17,2.8823E+17,2.8823E+17,2.8823E+17,7576,2026-07-03T03:57:14.000Z,2026-07-03T06:03:30.000Z,90.3,-91,86.8,-3.5,0,0.1,4175.88,4167.07,4189,4167,SELL,USD,1,1,1583663
D#1702668,XAUUSD,100,2.8823E+17,2.8823E+17,2.8823E+17,2.8823E+17,18,2026-07-03T06:03:12.000Z,2026-07-03T06:03:30.000Z,28.08,-29.9,18.98,-9.1,0,0.26,4168,4167.14,,,SELL,USD,1,1,1583663
D#1702638,XAUUSD,100,2.8823E+17,2.8823E+17,2.8823E+17,2.8823E+17,779,2026-07-03T05:51:26.000Z,2026-07-03T06:04:25.000Z,87.45,-88.5,82.19,-5.26,0,0.15,4171.2,4165.59,4178.7,4165.55,SELL,USD,1,1,1583663
D#1702631,XAUUSD,100,2.8823E+17,2.8823E+17,2.8823E+17,2.8823E+17,588,2026-07-03T05:54:37.000Z,2026-07-03T06:04:25.000Z,114,-115.4,107,-7,0,0.2,4171.07,4165.59,4180.06,4165.62,SELL,USD,1,1,1583663
D#1702718,XAUUSD,100,2.8823E+17,2.8823E+17,2.8823E+17,2.8823E+17,953,2026-07-03T05:48:54.000Z,2026-07-03T06:04:47.000Z,42.7,-43.4,39.2,-3.5,0,0.1,4169.64,4165.59,,4165.23,SELL,USD,1,1,1583663
D#1702686,XAUUSD,100,2.8823E+17,2.8823E+17,2.8823E+17,2.8823E+17,88,2026-07-03T06:03:23.000Z,2026-07-03T06:04:51.000Z,102.4,-105.2,88.4,-14,0,0.4,4167.84,4165.5,,4165.04,SELL,USD,1,1,1583663
D#1671064,XAUUSD,100,2.8823E+17,2.8823E+17,2.8823E+17,2.8823E+17,11502,2026-07-03T02:53:14.000Z,2026-07-03T06:04:56.000Z,301,-304.5,283.5,-17.5,0,0.5,4185.34,4165.06,4190.5,4165,SELL,USD,1,1,1583663
D#1645749,XAUUSD,100,2.8823E+17,2.8823E+17,2.8823E+17,2.8823E+17,6071,2026-07-03T04:23:46.000Z,2026-07-03T06:04:57.000Z,-70.1,69.75,-71.86,-1.76,0,0.05,4179.09,4164.85,4165.02,4199.84,BUY,USD,1,1,1583663
D#1702691,XAUUSD,100,2.8823E+17,2.8823E+17,2.8823E+17,2.8823E+17,45,2026-07-03T06:04:27.000Z,2026-07-03T06:05:12.000Z,-75.95,72.52,-93.11,-17.16,0,0.49,4165.44,4167.21,4166.87,,SELL,USD,1,1,1583663
D#1702528,XAUUSD,100,2.8823E+17,2.8823E+17,2.8823E+17,2.8823E+17,967,2026-07-03T05:49:19.000Z,2026-07-03T06:05:26.000Z,101.43,-104.86,84.27,-17.16,0,0.49,4169.88,4168.03,,,SELL,USD,1,1,1583663
D#1702513,XAUUSD,100,2.8823E+17,2.8823E+17,2.8823E+17,2.8823E+17,232,2026-07-03T06:02:09.000Z,2026-07-03T06:06:01.000Z,3.24,-3.87,0.08,-3.16,0,0.09,4169.19,4169.05,4168.78,4156.27,SELL,USD,1,1,1583663
D#1702688,XAUUSD,100,2.8823E+17,2.8823E+17,2.8823E+17,2.8823E+17,701,2026-07-03T05:54:22.000Z,2026-07-03T06:06:03.000Z,17.25,-17.6,15.49,-1.76,0,0.05,4172.17,4168.94,,,SELL,USD,1,1,1583663
D#1702668,XAUUSD,100,2.8823E+17,2.8823E+17,2.8823E+17,2.8823E+17,154,2026-07-03T06:03:41.000Z,2026-07-03T06:06:15.000Z,-56.68,54.86,-65.78,-9.1,0,0.26,4166.68,4169.08,4169.01,4160.87,SELL,USD,1,1,1583663
D#1702528,XAUUSD,100,2.8823E+17,2.8823E+17,2.8823E+17,2.8823E+17,42,2026-07-03T06:05:56.000Z,2026-07-03T06:06:38.000Z,66.15,-69.58,48.99,-17.16,0,0.49,4168.47,4169.6,,,BUY,USD,1,1,1583663
D#1702688,XAUUSD,100,2.8823E+17,2.8823E+17,2.8823E+17,2.8823E+17,41,2026-07-03T06:06:20.000Z,2026-07-03T06:07:01.000Z,-4.4,4.05,-6.16,-1.76,0,0.05,4169.24,4168.14,,,BUY,USD,1,1,1583663
D#1702507,XAUUSD,100,2.8823E+17,2.8823E+17,2.8823E+17,2.8823E+17,56,2026-07-03T06:06:25.000Z,2026-07-03T06:07:21.000Z,28,-29.4,21,-7,0,0.2,4169.24,4170.42,,,BUY,USD,1,1,1583663
D#1589405,XAUUSD,100,2.8823E+17,2.8823E+17,2.8823E+17,2.8823E+17,685,2026-07-03T05:56:02.000Z,2026-07-03T06:07:27.000Z,10.8,-12.2,3.8,-7,0,0.2,4170.88,4170.56,,4145,SELL,USD,1,1,1583663
D#1702591,XAUUSD,100,2.8823E+17,2.8823E+17,2.8823E+17,2.8823E+17,131,2026-07-03T06:05:37.000Z,2026-07-03T06:07:48.000Z,9.75,-9.96,8.69,-1.06,0,0.03,4167.74,4170.77,4167.71,,BUY,USD,1,1,1583663
D#1702668,XAUUSD,100,2.8823E+17,2.8823E+17,2.8823E+17,2.8823E+17,45,2026-07-03T06:07:18.000Z,2026-07-03T06:08:03.000Z,-12,11.3,-15.5,-3.5,0,0.1,4170.9,4169.48,,,BUY,USD,1,1,1583663
D#1702698,XAUUSD,100,2.8823E+17,2.8823E+17,2.8823E+17,2.8823E+17,40,2026-07-03T06:07:51.000Z,2026-07-03T06:08:31.000Z,-56.8,54,-70.8,-14,0,0.4,4170.77,4169.13,,4174.43,BUY,USD,1,1,1583663
D#1702462,XAUUSD,100,2.8823E+17,2.8823E+17,2.8823E+17,2.8823E+17,1255,2026-07-03T05:48:15.000Z,2026-07-03T06:09:10.000Z,8.85,-9.9,3.59,-5.26,0,0.15,4171.43,4171.06,,4163.92,SELL,USD,1,1,1583663
D#1702698,XAUUSD,100,2.8823E+17,2.8823E+17,2.8823E+17,2.8823E+17,93,2026-07-03T06:08:35.000Z,2026-07-03T06:10:08.000Z,-35.6,32.8,-49.6,-14,0,0.4,4169.72,4168.61,4168.81,4173.76,BUY,USD,1,1,1583663
D#1702528,XAUUSD,100,2.8823E+17,2.8823E+17,2.8823E+17,2.8823E+17,204,2026-07-03T06:07:13.000Z,2026-07-03T06:10:37.000Z,56.35,-59.78,39.19,-17.16,0,0.49,4169.55,4168.62,,,SELL,USD,1,1,1583663
D#1702668,XAUUSD,100,2.8823E+17,2.8823E+17,2.8823E+17,2.8823E+17,79,2026-07-03T06:09:24.000Z,2026-07-03T06:10:43.000Z,-27.4,26.7,-30.9,-3.5,0,0.1,4171.02,4168.06,,,BUY,USD,1,1,1583663
D#1702462,XAUUSD,100,2.8823E+17,2.8823E+17,2.8823E+17,2.8823E+17,45,2026-07-03T06:10:09.000Z,2026-07-03T06:10:54.000Z,18.9,-19.95,13.64,-5.26,0,0.15,4169.53,4168.49,,,SELL,USD,1,1,1583663
D#1702531,XAUUSD,100,2.8823E+17,2.8823E+17,2.8823E+17,2.8823E+17,82,2026-07-03T06:09:49.000Z,2026-07-03T06:11:11.000Z,68.4,-69.8,61.4,-7,0,0.2,4170.15,4166.95,,,SELL,USD,1,1,1583663
D#1589405,XAUUSD,100,2.8823E+17,2.8823E+17,2.8823E+17,2.8823E+17,76,2026-07-03T06:10:04.000Z,2026-07-03T06:11:20.000Z,-43.6,42.2,-50.6,-7,0,0.2,4170.19,4167.79,,4195,BUY,USD,1,1,1583663
D#1702686,XAUUSD,100,2.8823E+17,2.8823E+17,2.8823E+17,2.8823E+17,344,2026-07-03T06:06:06.000Z,2026-07-03T06:11:50.000Z,46.41,-49.14,32.75,-13.66,0,0.39,4168.16,4167.19,,4165.42,SELL,USD,1,1,1583663
D#1702381,XAUUSD,100,2.8823E+17,2.8823E+17,2.8823E+17,2.8823E+17,288,2026-07-03T06:07:17.000Z,2026-07-03T06:12:05.000Z,-32.13,31.64,-34.59,-2.46,0,0.07,4170.87,4166.06,4166.29,4181.25,BUY,USD,1,1,1583663
D#1702495,XAUUSD,100,2.8823E+17,2.8823E+17,2.8823E+17,2.8823E+17,127,2026-07-03T06:10:06.000Z,2026-07-03T06:12:13.000Z,-103.5,101.4,-114,-10.5,0,0.3,4169.82,4166.15,,4172.06,BUY,USD,1,1,1583663
D#1702445,XAUUSD,100,2.8823E+17,2.8823E+17,2.8823E+17,2.8823E+17,313,2026-07-03T06:07:03.000Z,2026-07-03T06:12:16.000Z,-164.5,161,-182,-17.5,0,0.5,4169.09,4165.58,4165.93,4187.17,BUY,USD,1,1,1583663
D#1702543,XAUUSD,100,2.8823E+17,2.8823E+17,2.8823E+17,2.8823E+17,80,2026-07-03T06:10:56.000Z,2026-07-03T06:12:16.000Z,-8.8,8.52,-10.2,-1.4,0,0.04,4167.97,4165.55,4166,,BUY,USD,1,1,1583663
D#1645696,XAUUSD,100,2.8823E+17,2.8823E+17,2.8823E+17,2.8823E+17,363,2026-07-03T06:06:17.000Z,2026-07-03T06:12:20.000Z,-168,164.5,-185.5,-17.5,0,0.5,4169.31,4165.73,4164.65,4180.98,BUY,USD,1,1,1583663
D#1702691,XAUUSD,100,2.8823E+17,2.8823E+17,2.8823E+17,2.8823E+17,53,2026-07-03T06:11:31.000Z,2026-07-03T06:12:24.000Z,57.82,-61.25,40.66,-17.16,0,0.49,4167.26,4166.3,,,SELL,USD,1,1,1583663
D#1702638,XAUUSD,100,2.8823E+17,2.8823E+17,2.8823E+17,2.8823E+17,301,2026-07-03T06:07:43.000Z,2026-07-03T06:12:44.000Z,79.2,-80.25,73.94,-5.26,0,0.15,4170.67,4165.61,4177.41,4165.5,SELL,USD,1,1,1583663
D#1670989,XAUUSD,100,2.8823E+17,2.8823E+17,2.8823E+17,2.8823E+17,5288,2026-07-03T04:45:13.000Z,2026-07-03T06:13:21.000Z,104.16,-104.72,101.36,-2.8,0,0.08,4177.29,4164.49,4172,4164.35,SELL,USD,1,1,1583663
D#1702722,XAUUSD,100,2.8823E+17,2.8823E+17,2.8823E+17,2.8823E+17,5617,2026-07-03T04:39:52.000Z,2026-07-03T06:13:29.000Z,100.8,-101.36,98,-2.8,0,0.08,4176.47,4164.09,,4164.03,SELL,USD,1,1,1583663
D#1670986,XAUUSD,100,2.8823E+17,2.8823E+17,2.8823E+17,2.8823E+17,7347,2026-07-03T04:11:03.000Z,2026-07-03T06:13:30.000Z,-86.34,85.92,-88.44,-2.1,0,0.06,4177.73,4163.12,4163.43,4190.93,BUY,USD,1,1,1583663
D#1702718,XAUUSD,100,2.8823E+17,2.8823E+17,2.8823E+17,2.8823E+17,479,2026-07-03T06:05:31.000Z,2026-07-03T06:13:30.000Z,40.5,-41.2,37,-3.5,0,0.1,4167.38,4163.55,,4163.25,SELL,USD,1,1,1583663
D#1702509,XAUUSD,100,2.8823E+17,2.8823E+17,2.8823E+17,2.8823E+17,2068,2026-07-03T05:40:10.000Z,2026-07-03T06:14:38.000Z,116.1,-116.8,112.6,-3.5,0,0.1,4174.56,4163.17,4171.42,4162.93,SELL,USD,1,1,1583663
D#1702495,XAUUSD,100,2.8823E+17,2.8823E+17,2.8823E+17,2.8823E+17,141,2026-07-03T06:12:17.000Z,2026-07-03T06:14:38.000Z,88.77,-91.08,77.21,-11.56,0,0.33,4165.64,4163.17,,4163.11,SELL,USD,1,1,1583663
D#1614607,XAUUSD,100,2.8823E+17,2.8823E+17,2.8823E+17,2.8823E+17,3431,2026-07-03T05:17:28.000Z,2026-07-03T06:14:39.000Z,140.7,-141.4,137.2,-3.5,0,0.1,4176.66,4162.81,4189.43,4162.8,SELL,USD,1,1,1583663
D#1702688,XAUUSD,100,2.8823E+17,2.8823E+17,2.8823E+17,2.8823E+17,393,2026-07-03T06:08:28.000Z,2026-07-03T06:15:01.000Z,38.65,-39,36.89,-1.76,0,0.05,4169.03,4161.52,4166.74,4161.6,SELL,USD,1,1,1583663
D#1702720,XAUUSD,100,2.8823E+17,2.8823E+17,2.8823E+17,2.8823E+17,502,2026-07-03T06:06:42.000Z,2026-07-03T06:15:04.000Z,49.38,-49.8,47.28,-2.1,0,0.06,4170.06,4162.05,4176.93,4156.55,SELL,USD,1,1,1583663
D#1702492,XAUUSD,100,2.8823E+17,2.8823E+17,2.8823E+17,2.8823E+17,9034,2026-07-03T03:44:32.000Z,2026-07-03T06:15:06.000Z,159.9,-160.6,156.4,-3.5,0,0.1,4177.49,4161.72,,,SELL,USD,1,1,1583663
D#1670958,XAUUSD,100,2.8823E+17,2.8823E+17,2.8823E+17,2.8823E+17,1768,2026-07-03T05:45:51.000Z,2026-07-03T06:15:19.000Z,76.68,-77.1,74.58,-2.1,0,0.06,4175.49,4162.93,4173.74,4160.59,SELL,USD,1,1,1583663
D#1702495,XAUUSD,100,2.8823E+17,2.8823E+17,2.8823E+17,2.8823E+17,53,2026-07-03T06:14:47.000Z,2026-07-03T06:15:40.000Z,-32.34,30.03,-43.9,-11.56,0,0.33,4162.19,4163.39,,,SELL,USD,1,1,1583663
D#1702711,XAUUSD,100,2.8823E+17,2.8823E+17,2.8823E+17,2.8823E+17,764,2026-07-03T06:03:41.000Z,2026-07-03T06:16:25.000Z,27.68,-28.24,24.88,-2.8,0,0.08,4166.7,4163.46,4172.38,4143.67,SELL,USD,1,1,1583663
D#1702495,XAUUSD,100,2.8823E+17,2.8823E+17,2.8823E+17,2.8823E+17,50,2026-07-03T06:15:43.000Z,2026-07-03T06:16:33.000Z,-52.02,49.64,-63.92,-11.9,0,0.34,4163.32,4161.57,,4166.21,BUY,USD,1,1,1583663
D#1670972,XAUUSD,100,2.8823E+17,2.8823E+17,2.8823E+17,2.8823E+17,41,2026-07-03T06:15:54.000Z,2026-07-03T06:16:35.000Z,-1.31,1.24,-1.67,-0.36,0,0.01,4163.05,4161.52,,,BUY,USD,1,1,1583663
D#1702638,XAUUSD,100,2.8823E+17,2.8823E+17,2.8823E+17,2.8823E+17,29,2026-07-03T06:16:12.000Z,2026-07-03T06:16:41.000Z,23.25,-24.3,17.99,-5.26,0,0.15,4163.15,4161.82,,,SELL,USD,1,1,1583663
D#1702691,XAUUSD,100,2.8823E+17,2.8823E+17,2.8823E+17,2.8823E+17,26,2026-07-03T06:16:16.000Z,2026-07-03T06:16:42.000Z,95.04,-98.4,78.24,-16.8,0,0.48,4163.3,4161.54,,,SELL,USD,1,1,1583663
D#1702375,XAUUSD,100,2.8823E+17,2.8823E+17,2.8823E+17,2.8823E+17,2302,2026-07-03T05:38:22.000Z,2026-07-03T06:16:44.000Z,117.68,-118.24,114.88,-2.8,0,0.08,4175.52,4161.03,4185,4161,SELL,USD,1,1,1583663
D#1614622,XAUUSD,100,2.8823E+17,2.8823E+17,2.8823E+17,2.8823E+17,1229,2026-07-03T05:56:15.000Z,2026-07-03T06:16:44.000Z,200.2,-201.6,193.2,-7,0,0.2,4170.82,4161.03,4174.43,4160.93,SELL,USD,1,1,1583663
D#1702352,XAUUSD,100,2.8823E+17,2.8823E+17,2.8823E+17,2.8823E+17,1111,2026-07-03T05:58:17.000Z,2026-07-03T06:16:48.000Z,51.75,-52.1,49.99,-1.76,0,0.05,4170.81,4160.68,4170.56,4160.72,SELL,USD,1,1,1583663
D#1645749,XAUUSD,100,2.8823E+17,2.8823E+17,2.8823E+17,2.8823E+17,570,2026-07-03T06:07:18.000Z,2026-07-03T06:16:48.000Z,-50.9,50.55,-52.66,-1.76,0,0.05,4170.91,4160.51,4160.69,4211.41,BUY,USD,1,1,1583663
D#1702697,XAUUSD,100,2.8823E+17,2.8823E+17,2.8823E+17,2.8823E+17,15627,2026-07-03T01:56:25.000Z,2026-07-03T06:16:52.000Z,-187.8,187.1,-191.3,-3.5,0,0.1,4180.01,4161.01,,,BUY,USD,1,1,1583663
D#1702592,XAUUSD,100,2.8823E+17,2.8823E+17,2.8823E+17,2.8823E+17,1550,2026-07-03T05:51:14.000Z,2026-07-03T06:17:04.000Z,173.4,-174.8,166.4,-7,0,0.2,4170.94,4162.49,,,SELL,USD,1,1,1583663
D#1702397,XAUUSD,100,2.8823E+17,2.8823E+17,2.8823E+17,2.8823E+17,1505,2026-07-03T05:52:05.000Z,2026-07-03T06:17:10.000Z,101.4,-102.1,97.9,-3.5,0,0.1,4172.66,4162.74,4185.7,4144.93,SELL,USD,1,1,1583663
D#1702596,XAUUSD,100,2.8823E+17,2.8823E+17,2.8823E+17,2.8823E+17,1414,2026-07-03T05:53:43.000Z,2026-07-03T06:17:17.000Z,71.36,-71.92,68.56,-2.8,0,0.08,4172.07,4163.37,4172.8,,SELL,USD,1,1,1583663
D#1702495,XAUUSD,100,2.8823E+17,2.8823E+17,2.8823E+17,2.8823E+17,47,2026-07-03T06:16:35.000Z,2026-07-03T06:17:22.000Z,-64.94,62.56,-76.84,-11.9,0,0.34,4161.52,4163.65,,4158.63,SELL,USD,1,1,1583663
D#1702655,XAUUSD,100,2.8823E+17,2.8823E+17,2.8823E+17,2.8823E+17,8544,2026-07-03T03:56:42.000Z,2026-07-03T06:19:06.000Z,51.8,-52.15,50.04,-1.76,0,0.05,4175.56,4165.42,4174.31,4155.15,SELL,USD,1,1,1583663
D#1702495,XAUUSD,100,2.8823E+17,2.8823E+17,2.8823E+17,2.8823E+17,265,2026-07-03T06:17:24.000Z,2026-07-03T06:21:49.000Z,123.08,-125.46,111.18,-11.9,0,0.34,4163.64,4167.04,,4167.08,BUY,USD,1,1,1583663
D#1702513,XAUUSD,100,2.8823E+17,2.8823E+17,2.8823E+17,2.8823E+17,94,2026-07-03T06:21:12.000Z,2026-07-03T06:22:46.000Z,-6.75,6.12,-9.91,-3.16,0,0.09,4166.3,4165.33,,,BUY,USD,1,1,1583663
D#1702698,XAUUSD,100,2.8823E+17,2.8823E+17,2.8823E+17,2.8823E+17,15,2026-07-03T06:22:52.000Z,2026-07-03T06:23:07.000Z,-28,25.2,-42,-14,0,0.4,4165.83,4166.75,4166.69,4162.54,SELL,USD,1,1,1583663
D#1702513,XAUUSD,100,2.8823E+17,2.8823E+17,2.8823E+17,2.8823E+17,25,2026-07-03T06:23:11.000Z,2026-07-03T06:23:36.000Z,-15.3,14.67,-18.46,-3.16,0,0.09,4165.87,4163.95,,,BUY,USD,1,1,1583663
D#1702513,XAUUSD,100,2.8823E+17,2.8823E+17,2.8823E+17,2.8823E+17,41,2026-07-03T06:23:40.000Z,2026-07-03T06:24:21.000Z,-6.75,6.12,-9.91,-3.16,0,0.09,4164.17,4165.14,,,SELL,USD,1,1,1583663
D#1702359,XAUUSD,100,2.8823E+17,2.8823E+17,2.8823E+17,2.8823E+17,320,2026-07-03T06:19:59.000Z,2026-07-03T06:25:19.000Z,-29.64,27.82,-38.74,-9.1,0,0.26,4165.73,4164.37,4163.13,,BUY,USD,1,1,1583663
D#1702592,XAUUSD,100,2.8823E+17,2.8823E+17,2.8823E+17,2.8823E+17,322,2026-07-03T06:21:43.000Z,2026-07-03T06:27:05.000Z,36,-37.4,29,-7,0,0.2,4166.37,4164.79,,,SELL,USD,1,1,1583663
D#1702677,XAUUSD,100,2.8823E+17,2.8823E+17,2.8823E+17,2.8823E+17,226,2026-07-03T06:23:22.000Z,2026-07-03T06:27:08.000Z,4,-4.7,0.5,-3.5,0,0.1,4165.65,4165.47,4165.3,4162.25,SELL,USD,1,1,1583663
D#1614622,XAUUSD,100,2.8823E+17,2.8823E+17,2.8823E+17,2.8823E+17,249,2026-07-03T06:23:11.000Z,2026-07-03T06:27:20.000Z,1.5,-3.6,-9,-10.5,0,0.3,4165.72,4165.89,4168.16,4159.49,SELL,USD,1,1,1583663
D#1702698,XAUUSD,100,2.8823E+17,2.8823E+17,2.8823E+17,2.8823E+17,267,2026-07-03T06:23:12.000Z,2026-07-03T06:27:39.000Z,-37,33.5,-54.5,-17.5,0,0.5,4165.52,4166.48,4166.22,4160.55,SELL,USD,1,1,1583663
D#1702698,XAUUSD,100,2.8823E+17,2.8823E+17,2.8823E+17,2.8823E+17,169,2026-07-03T06:27:55.000Z,2026-07-03T06:30:44.000Z,-26.5,23,-44,-17.5,0,0.5,4165.77,4166.52,4166.41,4160.95,SELL,USD,1,1,1583663
D#1702495,XAUUSD,100,2.8823E+17,2.8823E+17,2.8823E+17,2.8823E+17,283,2026-07-03T06:26:58.000Z,2026-07-03T06:31:41.000Z,62.9,-65.28,51,-11.9,0,0.34,4164.65,4166.28,,4166.99,BUY,USD,1,1,1583663
D#1670872,XAUUSD,100,2.8823E+17,2.8823E+17,2.8823E+17,2.8823E+17,774,2026-07-03T06:19:02.000Z,2026-07-03T06:31:56.000Z,-69.6,66.8,-83.6,-14,0,0.4,4165.23,4167.19,4167.08,4162.64,SELL,USD,1,1,1583663
D#1702698,XAUUSD,100,2.8823E+17,2.8823E+17,2.8823E+17,2.8823E+17,54,2026-07-03T06:31:12.000Z,2026-07-03T06:32:06.000Z,-67,63.5,-84.5,-17.5,0,0.5,4166.11,4167.67,,,SELL,USD,1,1,1583663
D#1614622,XAUUSD,100,2.8823E+17,2.8823E+17,2.8823E+17,2.8823E+17,241,2026-07-03T06:28:07.000Z,2026-07-03T06:32:08.000Z,-70.2,68.1,-80.7,-10.5,0,0.3,4165.28,4167.84,4167.72,4158.72,SELL,USD,1,1,1583663
D#1702381,XAUUSD,100,2.8823E+17,2.8823E+17,2.8823E+17,2.8823E+17,1079,2026-07-03T06:14:43.000Z,2026-07-03T06:32:42.000Z,98,-99.4,91,-7,0,0.2,4162.96,4167.64,4159.93,4173.75,BUY,USD,1,1,1583663
D#1702377,XAUUSD,100,2.8823E+17,2.8823E+17,2.8823E+17,2.8823E+17,9041,2026-07-03T04:02:21.000Z,2026-07-03T06:33:02.000Z,77.4,-78.03,74.24,-3.16,0,0.09,4175.31,4166.93,,,SELL,USD,1,1,1583663
D#1670872,XAUUSD,100,2.8823E+17,2.8823E+17,2.8823E+17,2.8823E+17,60,2026-07-03T06:33:04.000Z,2026-07-03T06:34:04.000Z,-58.4,55.6,-72.4,-14,0,0.4,4166.93,4168.61,4168.47,4164.47,SELL,USD,1,1,1583663
D#1702536,XAUUSD,100,2.8823E+17,2.8823E+17,2.8823E+17,2.8823E+17,1568,2026-07-03T06:07:57.000Z,2026-07-03T06:34:05.000Z,36.2,-37.6,29.2,-7,0,0.2,4170.22,4168.63,4168.48,4160.3,SELL,USD,1,1,1583663
D#1702509,XAUUSD,100,2.8823E+17,2.8823E+17,2.8823E+17,2.8823E+17,869,2026-07-03T06:19:46.000Z,2026-07-03T06:34:15.000Z,-33.1,32.4,-36.6,-3.5,0,0.1,4165.34,4168.87,4168.73,4153.57,SELL,USD,1,1,1583663
D#1702495,XAUUSD,100,2.8823E+17,2.8823E+17,2.8823E+17,2.8823E+17,142,2026-07-03T06:31:53.000Z,2026-07-03T06:34:15.000Z,67.32,-69.7,55.42,-11.9,0,0.34,4167.03,4168.79,,4168.89,BUY,USD,1,1,1583663
D#1702722,XAUUSD,100,2.8823E+17,2.8823E+17,2.8823E+17,2.8823E+17,1139,2026-07-03T06:15:19.000Z,2026-07-03T06:34:18.000Z,-52.56,52,-55.36,-2.8,0,0.08,4162.76,4169.55,4169.12,4150.37,SELL,USD,1,1,1583663
D#1702489,XAUUSD,100,2.8823E+17,2.8823E+17,2.8823E+17,2.8823E+17,1012,2026-07-03T06:17:26.000Z,2026-07-03T06:34:18.000Z,120,-121.4,113,-7,0,0.2,4163.6,4169.38,4158.47,4169.26,BUY,USD,1,1,1583663
D#1702352,XAUUSD,100,2.8823E+17,2.8823E+17,2.8823E+17,2.8823E+17,866,2026-07-03T06:19:52.000Z,2026-07-03T06:34:18.000Z,-19.5,19.15,-21.26,-1.76,0,0.05,4165.43,4169.55,4169,4152.43,SELL,USD,1,1,1583663
D#1614619,XAUUSD,100,2.8823E+17,2.8823E+17,2.8823E+17,2.8823E+17,355,2026-07-03T06:28:49.000Z,2026-07-03T06:34:44.000Z,-265.14,261.36,-284.04,-18.9,0,0.54,4165.47,4170.6,,,SELL,USD,1,1,1583663
D#1702526,XAUUSD,100,2.8823E+17,2.8823E+17,2.8823E+17,2.8823E+17,1456,2026-07-03T06:10:29.000Z,2026-07-03T06:34:45.000Z,99.2,-102,85.2,-14,0,0.4,4168.57,4170.83,,4170.65,BUY,USD,1,1,1583663
D#1702701,XAUUSD,100,2.8823E+17,2.8823E+17,2.8823E+17,2.8823E+17,377,2026-07-03T06:28:30.000Z,2026-07-03T06:34:47.000Z,85.5,-86.55,80.24,-5.26,0,0.15,4165.71,4171.19,4147.72,4171.3,BUY,USD,1,1,1583663
D#1670920,XAUUSD,100,2.8823E+17,2.8823E+17,2.8823E+17,2.8823E+17,1718,2026-07-03T06:06:14.000Z,2026-07-03T06:34:52.000Z,33.2,-34.6,26.2,-7,0,0.2,4168.67,4170.11,4159.94,4173.11,BUY,USD,1,1,1583663
D#1702554,XAUUSD,100,2.8823E+17,2.8823E+17,2.8823E+17,2.8823E+17,424,2026-07-03T06:27:48.000Z,2026-07-03T06:34:52.000Z,-219,215.5,-236.5,-17.5,0,0.5,4165.78,4170.38,,,SELL,USD,1,1,1583663
D#1702543,XAUUSD,100,2.8823E+17,2.8823E+17,2.8823E+17,2.8823E+17,1003,2026-07-03T06:19:06.000Z,2026-07-03T06:35:49.000Z,-22.24,21.96,-23.64,-1.4,0,0.04,4165.4,4171.18,,,SELL,USD,1,1,1583663
D#1670964,XAUUSD,100,2.8823E+17,2.8823E+17,2.8823E+17,2.8823E+17,1938,2026-07-03T06:03:46.000Z,2026-07-03T06:36:04.000Z,-50.7,50,-54.2,-3.5,0,0.1,4166.27,4171.56,4171.38,4156.08,SELL,USD,1,1,1583663
D#1702740,XAUUSD,100,2.8823E+17,2.8823E+17,2.8823E+17,2.8823E+17,935,2026-07-03T06:20:33.000Z,2026-07-03T06:36:08.000Z,-198.45,196,-210.71,-12.26,0,0.35,4165.78,4171.67,,,SELL,USD,1,1,1583663
D#1702552,XAUUSD,100,2.8823E+17,2.8823E+17,2.8823E+17,2.8823E+17,2797,2026-07-03T05:49:38.000Z,2026-07-03T06:36:15.000Z,-18.7,18,-22.2,-3.5,0,0.1,4170.41,4172.5,4172.38,4147.41,SELL,USD,1,1,1583663
D#1702359,XAUUSD,100,2.8823E+17,2.8823E+17,2.8823E+17,2.8823E+17,511,2026-07-03T06:27:49.000Z,2026-07-03T06:36:20.000Z,-202.2,200.1,-212.7,-10.5,0,0.3,4165.92,4172.88,4173.89,,SELL,USD,1,1,1583663
D#1702528,XAUUSD,100,2.8823E+17,2.8823E+17,2.8823E+17,2.8823E+17,1511,2026-07-03T06:11:10.000Z,2026-07-03T06:36:21.000Z,275.38,-278.81,258.22,-17.16,0,0.49,4167.31,4172.71,,,BUY,USD,1,1,1583663
D#1702495,XAUUSD,100,2.8823E+17,2.8823E+17,2.8823E+17,2.8823E+17,116,2026-07-03T06:34:48.000Z,2026-07-03T06:36:44.000Z,83.98,-86.36,72.08,-11.9,0,0.34,4171.15,4173.4,,4173.39,BUY,USD,1,1,1583663
D#1702592,XAUUSD,100,2.8823E+17,2.8823E+17,2.8823E+17,2.8823E+17,543,2026-07-03T06:27:51.000Z,2026-07-03T06:36:54.000Z,-136.6,135.2,-143.6,-7,0,0.2,4165.77,4172.82,,,SELL,USD,1,1,1583663
D#1670958,XAUUSD,100,2.8823E+17,2.8823E+17,2.8823E+17,2.8823E+17,502,2026-07-03T06:30:03.000Z,2026-07-03T06:38:25.000Z,21.27,-21.48,20.21,-1.06,0,0.03,4165.11,4171.98,4159.81,4195.64,BUY,USD,1,1,1583663
D#1702476,XAUUSD,100,2.8823E+17,2.8823E+17,2.8823E+17,2.8823E+17,1902,2026-07-03T06:06:47.000Z,2026-07-03T06:38:29.000Z,49.8,-51.2,42.8,-7,0,0.2,4169.66,4171.93,4160.08,4174.16,BUY,USD,1,1,1583663
D#1702705,XAUUSD,100,2.8823E+17,2.8823E+17,2.8823E+17,2.8823E+17,47,2026-07-03T06:40:19.000Z,2026-07-03T06:41:06.000Z,-16.1,15.4,-19.6,-3.5,0,0.1,4171.17,4169.34,4169.76,4175.86,BUY,USD,1,1,1583663
D#1702718,XAUUSD,100,2.8823E+17,2.8823E+17,2.8823E+17,2.8823E+17,1570,2026-07-03T06:15:20.000Z,2026-07-03T06:41:30.000Z,-72.4,71.7,-75.9,-3.5,0,0.1,4162.28,4169.74,,4153.03,SELL,USD,1,1,1583663
D#1702448,XAUUSD,100,2.8823E+17,2.8823E+17,2.8823E+17,2.8823E+17,48,2026-07-03T06:40:48.000Z,2026-07-03T06:41:36.000Z,-12.8,12.1,-16.3,-3.5,0,0.1,4170.82,4169.32,,,BUY,USD,1,1,1583663
D#1702579,XAUUSD,100,2.8823E+17,2.8823E+17,2.8823E+17,2.8823E+17,101,2026-07-03T06:40:30.000Z,2026-07-03T06:42:11.000Z,-71.39,67.26,-92.05,-20.66,0,0.59,4170.25,4171.68,,,SELL,USD,1,1,1583663
D#1702448,XAUUSD,100,2.8823E+17,2.8823E+17,2.8823E+17,2.8823E+17,35,2026-07-03T06:41:38.000Z,2026-07-03T06:42:13.000Z,-20.3,19.6,-23.8,-3.5,0,0.1,4169.31,4171.56,,,SELL,USD,1,1,1583663
D#1702733,XAUUSD,100,2.8823E+17,2.8823E+17,2.8823E+17,2.8823E+17,418,2026-07-03T06:35:40.000Z,2026-07-03T06:42:38.000Z,4.24,-4.8,1.44,-2.8,0,0.08,4170.92,4171.23,4160.18,4182.53,BUY,USD,1,1,1583663
D#1702543,XAUUSD,100,2.8823E+17,2.8823E+17,2.8823E+17,2.8823E+17,260,2026-07-03T06:38:25.000Z,2026-07-03T06:42:45.000Z,1.4,-1.89,-1.06,-2.46,0,0.07,4171.97,4171.99,4171.72,,SELL,USD,1,1,1583663
D#1702579,XAUUSD,100,2.8823E+17,2.8823E+17,2.8823E+17,2.8823E+17,18,2026-07-03T06:42:54.000Z,2026-07-03T06:43:12.000Z,72.39,-76.38,52.43,-19.96,0,0.57,4171.98,4170.93,,,SELL,USD,1,1,1583663
D#1702579,XAUUSD,100,2.8823E+17,2.8823E+17,2.8823E+17,2.8823E+17,35,2026-07-03T06:43:32.000Z,2026-07-03T06:44:07.000Z,28.91,-33.04,8.25,-20.66,0,0.59,4171.58,4171.85,,,BUY,USD,1,1,1583663
D#1702462,XAUUSD,100,2.8823E+17,2.8823E+17,2.8823E+17,2.8823E+17,655,2026-07-03T06:34:45.000Z,2026-07-03T06:45:40.000Z,2.4,-3.45,-2.86,-5.26,0,0.15,4170.83,4170.89,,,SELL,USD,1,1,1583663
D#1702531,XAUUSD,100,2.8823E+17,2.8823E+17,2.8823E+17,2.8823E+17,261,2026-07-03T06:41:58.000Z,2026-07-03T06:46:19.000Z,-31,29.6,-38,-7,0,0.2,4170.12,4171.89,,,SELL,USD,1,1,1583663
D#1670872,XAUUSD,100,2.8823E+17,2.8823E+17,2.8823E+17,2.8823E+17,67,2026-07-03T06:45:32.000Z,2026-07-03T06:46:39.000Z,-61.2,58.4,-75.2,-14,0,0.4,4170.6,4172.35,4171.94,4168.01,SELL,USD,1,1,1583663
D#1702579,XAUUSD,100,2.8823E+17,2.8823E+17,2.8823E+17,2.8823E+17,135,2026-07-03T06:44:30.000Z,2026-07-03T06:46:45.000Z,92.04,-96.17,71.38,-20.66,0,0.59,4170.95,4172.29,,,BUY,USD,1,1,1583663
D#1670872,XAUUSD,100,2.8823E+17,2.8823E+17,2.8823E+17,2.8823E+17,3,2026-07-03T06:47:06.000Z,2026-07-03T06:47:09.000Z,2.8,-5.6,-11.2,-14,0,0.4,4172.5,4172.65,,,SELL,USD,1,1,1583663
D#1702543,XAUUSD,100,2.8823E+17,2.8823E+17,2.8823E+17,2.8823E+17,264,2026-07-03T06:42:56.000Z,2026-07-03T06:47:20.000Z,-2.73,2.24,-5.19,-2.46,0,0.07,4171.87,4172.48,4175.5,,SELL,USD,1,1,1583663
D#1702579,XAUUSD,100,2.8823E+17,2.8823E+17,2.8823E+17,2.8823E+17,54,2026-07-03T06:47:15.000Z,2026-07-03T06:48:09.000Z,47.2,-51.33,26.54,-20.66,0,0.59,4172.32,4171.74,,,SELL,USD,1,1,1583663
D#1702509,XAUUSD,100,2.8823E+17,2.8823E+17,2.8823E+17,2.8823E+17,477,2026-07-03T06:41:05.000Z,2026-07-03T06:49:02.000Z,-32.8,32.1,-36.3,-3.5,0,0.1,4169.67,4173.17,4173.08,4158.53,SELL,USD,1,1,1583663
D#1670870,XAUUSD,100,2.8823E+17,2.8823E+17,2.8823E+17,2.8823E+17,583,2026-07-03T06:39:20.000Z,2026-07-03T06:49:03.000Z,-86.8,84.35,-99.06,-12.26,0,0.35,4170.43,4173.13,4173.14,4167.85,SELL,USD,1,1,1583663
D#1670955,XAUUSD,100,2.8823E+17,2.8823E+17,2.8823E+17,2.8823E+17,394,2026-07-03T06:43:06.000Z,2026-07-03T06:49:40.000Z,-79.5,77.4,-90,-10.5,0,0.3,4170.71,4173.58,4181.73,4128.18,SELL,USD,1,1,1583663
D#1702441,XAUUSD,100,2.8823E+17,2.8823E+17,2.8823E+17,2.8823E+17,827,2026-07-03T06:36:30.000Z,2026-07-03T06:50:17.000Z,0.96,-1.1,0.26,-0.7,0,0.02,4172.54,4172.8,4168.14,4175.01,BUY,USD,1,1,1583663
D#1702579,XAUUSD,100,2.8823E+17,2.8823E+17,2.8823E+17,2.8823E+17,176,2026-07-03T06:48:32.000Z,2026-07-03T06:51:28.000Z,0.59,-4.72,-20.07,-20.66,0,0.59,4171.99,4172.2,4171.74,,SELL,USD,1,1,1583663
D#1702740,XAUUSD,100,2.8823E+17,2.8823E+17,2.8823E+17,2.8823E+17,425,2026-07-03T06:44:35.000Z,2026-07-03T06:51:40.000Z,51,-54.5,33.5,-17.5,0,0.5,4170.94,4171.74,4171.87,4178.37,BUY,USD,1,1,1583663
D#1702579,XAUUSD,100,2.8823E+17,2.8823E+17,2.8823E+17,2.8823E+17,19,2026-07-03T06:51:49.000Z,2026-07-03T06:52:08.000Z,83.78,-87.91,63.12,-20.66,0,0.59,4171.98,4173.18,,,BUY,USD,1,1,1583663
D#1670872,XAUUSD,100,2.8823E+17,2.8823E+17,2.8823E+17,2.8823E+17,354,2026-07-03T06:47:13.000Z,2026-07-03T06:53:07.000Z,-60.4,57.6,-74.4,-14,0,0.4,4172.3,4174.03,4173.85,4169.77,SELL,USD,1,1,1583663
D#1702586,XAUUSD,100,2.8823E+17,2.8823E+17,2.8823E+17,2.8823E+17,51,2026-07-03T06:52:40.000Z,2026-07-03T06:53:31.000Z,-23.5,20,-41,-17.5,0,0.5,4173.42,4174.11,,4171.45,SELL,USD,1,1,1583663
D#1702740,XAUUSD,100,2.8823E+17,2.8823E+17,2.8823E+17,2.8823E+17,226,2026-07-03T06:52:09.000Z,2026-07-03T06:55:55.000Z,51.5,-55,34,-17.5,0,0.5,4173.27,4172.46,,,SELL,USD,1,1,1583663
D#1702586,XAUUSD,100,2.8823E+17,2.8823E+17,2.8823E+17,2.8823E+17,170,2026-07-03T06:53:40.000Z,2026-07-03T06:56:30.000Z,111,-114.5,93.5,-17.5,0,0.5,4174.22,4172.22,,4172.2,SELL,USD,1,1,1583663
D#1702579,XAUUSD,100,2.8823E+17,2.8823E+17,2.8823E+17,2.8823E+17,19,2026-07-03T06:56:56.000Z,2026-07-03T06:57:15.000Z,59,-63.13,38.34,-20.66,0,0.59,4171.33,4172.11,,,BUY,USD,1,1,1583663
D#1614622,XAUUSD,100,2.8823E+17,2.8823E+17,2.8823E+17,2.8823E+17,1512,2026-07-03T06:33:20.000Z,2026-07-03T06:58:32.000Z,-169.2,167.1,-179.7,-10.5,0,0.3,4166.79,4172.65,,4156.9,SELL,USD,1,1,1583663
D#1702740,XAUUSD,100,2.8823E+17,2.8823E+17,2.8823E+17,2.8823E+17,242,2026-07-03T06:56:15.000Z,2026-07-03T07:00:17.000Z,10.5,-14,-7,-17.5,0,0.5,4173.07,4173.06,,,BUY,USD,1,1,1583663
D#1702473,XAUUSD,100,2.8823E+17,2.8823E+17,2.8823E+17,2.8823E+17,2273,2026-07-03T06:25:43.000Z,2026-07-03T07:03:36.000Z,92.3,-93,88.8,-3.5,0,0.1,4163.97,4172.98,4164.67,4175.27,BUY,USD,1,1,1583663
D#1702699,XAUUSD,100,2.8823E+17,2.8823E+17,2.8823E+17,2.8823E+17,1543,2026-07-03T06:39:02.000Z,2026-07-03T07:04:45.000Z,-59,57.6,-66,-7,0,0.2,4171.6,4174.77,4174.59,4167.2,SELL,USD,1,1,1583663
D#1702495,XAUUSD,100,2.8823E+17,2.8823E+17,2.8823E+17,2.8823E+17,1673,2026-07-03T06:37:04.000Z,2026-07-03T07:04:57.000Z,75.48,-77.86,63.58,-11.9,0,0.34,4172.85,4174.85,,4174.99,BUY,USD,1,1,1583663
D#1670870,XAUUSD,100,2.8823E+17,2.8823E+17,2.8823E+17,2.8823E+17,874,2026-07-03T06:50:23.000Z,2026-07-03T07:04:57.000Z,-72.1,69.65,-84.36,-12.26,0,0.35,4172.71,4174.99,4174.95,4169.82,SELL,USD,1,1,1583663
D#1702552,XAUUSD,100,2.8823E+17,2.8823E+17,2.8823E+17,2.8823E+17,824,2026-07-03T06:51:29.000Z,2026-07-03T07:05:13.000Z,-148,144.5,-165.5,-17.5,0,0.5,4172.11,4175.29,,,SELL,USD,1,1,1583663
D#1702579,XAUUSD,100,2.8823E+17,2.8823E+17,2.8823E+17,2.8823E+17,463,2026-07-03T06:57:33.000Z,2026-07-03T07:05:16.000Z,-218.3,214.17,-238.96,-20.66,0,0.59,4171.87,4175.79,,4171.22,SELL,USD,1,1,1583663
D#1702621,XAUUSD,100,2.8823E+17,2.8823E+17,2.8823E+17,2.8823E+17,2180,2026-07-03T06:29:00.000Z,2026-07-03T07:05:20.000Z,-204.8,203.4,-211.8,-7,0,0.2,4165.27,4175.73,4177.66,4135.97,SELL,USD,1,1,1583663
D#1670935,XAUUSD,100,2.8823E+17,2.8823E+17,2.8823E+17,2.8823E+17,4711,2026-07-03T05:47:01.000Z,2026-07-03T07:05:32.000Z,-27.9,27.2,-31.4,-3.5,0,0.1,4173.34,4176.35,4176.21,4129.29,SELL,USD,1,1,1583663
D#1702722,XAUUSD,100,2.8823E+17,2.8823E+17,2.8823E+17,2.8823E+17,1550,2026-07-03T06:39:42.000Z,2026-07-03T07:05:32.000Z,-50.32,49.76,-53.12,-2.8,0,0.08,4169.94,4176.45,4176.31,4157.56,SELL,USD,1,1,1583663
D#1702581,XAUUSD,100,2.8823E+17,2.8823E+17,2.8823E+17,2.8823E+17,201,2026-07-03T07:02:11.000Z,2026-07-03T07:05:32.000Z,-147.15,144,-162.91,-15.76,0,0.45,4172.85,4176.34,4176.07,4170.53,SELL,USD,1,1,1583663
D#1670922,XAUUSD,100,2.8823E+17,2.8823E+17,2.8823E+17,2.8823E+17,3932,2026-07-03T06:00:01.000Z,2026-07-03T07:05:33.000Z,-52,51.3,-55.5,-3.5,0,0.1,4171.28,4176.7,4176.58,4144.49,SELL,USD,1,1,1583663
D#1671068,XAUUSD,100,2.8823E+17,2.8823E+17,2.8823E+17,2.8823E+17,1503,2026-07-03T06:40:30.000Z,2026-07-03T07:05:33.000Z,-31,30.65,-32.76,-1.76,0,0.05,4170.25,4176.67,4176.47,4147.67,SELL,USD,1,1,1583663
D#1702552,XAUUSD,100,2.8823E+17,2.8823E+17,2.8823E+17,2.8823E+17,15,2026-07-03T07:05:25.000Z,2026-07-03T07:05:40.000Z,59,-62.5,41.5,-17.5,0,0.5,4175.72,4176.68,,,BUY,USD,1,1,1583663
D#1702586,XAUUSD,100,2.8823E+17,2.8823E+17,2.8823E+17,2.8823E+17,589,2026-07-03T06:56:31.000Z,2026-07-03T07:06:20.000Z,-225,221.5,-242.5,-17.5,0,0.5,4171.73,4176.45,,4169.81,SELL,USD,1,1,1583663
D#1702448,XAUUSD,100,2.8823E+17,2.8823E+17,2.8823E+17,2.8823E+17,538,2026-07-03T06:57:52.000Z,2026-07-03T07:06:50.000Z,-45.7,45,-49.2,-3.5,0,0.1,4171.76,4176.55,,,SELL,USD,1,1,1583663
D#1702531,XAUUSD,100,2.8823E+17,2.8823E+17,2.8823E+17,2.8823E+17,304,2026-07-03T07:01:47.000Z,2026-07-03T07:06:51.000Z,-46.4,45,-53.4,-7,0,0.2,4174.01,4176.55,,,SELL,USD,1,1,1583663
D#1670989,XAUUSD,100,2.8823E+17,2.8823E+17,2.8823E+17,2.8823E+17,2888,2026-07-03T06:18:50.000Z,2026-07-03T07:06:58.000Z,104.24,-104.8,101.44,-2.8,0,0.08,4165.2,4178.01,4168.85,4177.71,BUY,USD,1,1,1583663
D#1702462,XAUUSD,100,2.8823E+17,2.8823E+17,2.8823E+17,2.8823E+17,1262,2026-07-03T06:45:56.000Z,2026-07-03T07:06:58.000Z,109.2,-110.25,103.94,-5.26,0,0.15,4170.95,4178.01,,4177.6,BUY,USD,1,1,1583663
D#1702701,XAUUSD,100,2.8823E+17,2.8823E+17,2.8823E+17,2.8823E+17,674,2026-07-03T06:55:44.000Z,2026-07-03T07:06:58.000Z,83.7,-84.75,78.44,-5.26,0,0.15,4172.65,4178.01,4158.35,4177.66,BUY,USD,1,1,1583663
D#1702513,XAUUSD,100,2.8823E+17,2.8823E+17,2.8823E+17,2.8823E+17,2553,2026-07-03T06:24:26.000Z,2026-07-03T07:06:59.000Z,119.34,-119.97,116.18,-3.16,0,0.09,4164.92,4177.96,4165.16,4177.92,BUY,USD,1,1,1583663
D#1702375,XAUUSD,100,2.8823E+17,2.8823E+17,2.8823E+17,2.8823E+17,1687,2026-07-03T06:38:52.000Z,2026-07-03T07:06:59.000Z,-46.88,46.32,-49.68,-2.8,0,0.08,4172.28,4178.36,4178,4158,SELL,USD,1,1,1583663
D#1670972,XAUUSD,100,2.8823E+17,2.8823E+17,2.8823E+17,2.8823E+17,1892,2026-07-03T06:35:39.000Z,2026-07-03T07:07:11.000Z,142,-143.4,135,-7,0,0.2,4170.85,4177.73,4166.17,4179.82,BUY,USD,1,1,1583663
D#1702448,XAUUSD,100,2.8823E+17,2.8823E+17,2.8823E+17,2.8823E+17,54,2026-07-03T07:06:56.000Z,2026-07-03T07:07:50.000Z,45.6,-47.7,35.1,-10.5,0,0.3,4176.62,4177.92,,,BUY,USD,1,1,1583663
D#1702592,XAUUSD,100,2.8823E+17,2.8823E+17,2.8823E+17,2.8823E+17,1856,2026-07-03T06:37:09.000Z,2026-07-03T07:08:05.000Z,-124.8,123.4,-131.8,-7,0,0.2,4172.23,4178.69,,,SELL,USD,1,1,1583663
D#1670872,XAUUSD,100,2.8823E+17,2.8823E+17,2.8823E+17,2.8823E+17,51,2026-07-03T07:07:16.000Z,2026-07-03T07:08:07.000Z,-68,65.2,-82,-14,0,0.4,4177.41,4179.33,4179.07,4174.82,SELL,USD,1,1,1583663
D#1702579,XAUUSD,100,2.8823E+17,2.8823E+17,2.8823E+17,2.8823E+17,124,2026-07-03T07:06:05.000Z,2026-07-03T07:08:09.000Z,-134.96,131.04,-154.56,-19.6,0,0.56,4176.49,4179.12,,,SELL,USD,1,1,1583663
D#1702718,XAUUSD,100,2.8823E+17,2.8823E+17,2.8823E+17,2.8823E+17,1195,2026-07-03T06:48:49.000Z,2026-07-03T07:08:44.000Z,-56.3,55.6,-59.8,-3.5,0,0.1,4172.43,4178.28,,4158.08,SELL,USD,1,1,1583663
D#1670968,XAUUSD,100,2.8823E+17,2.8823E+17,2.8823E+17,2.8823E+17,593,2026-07-03T06:58:57.000Z,2026-07-03T07:08:50.000Z,-48.36,47.52,-52.56,-4.2,0,0.12,4174.34,4178.59,,,SELL,USD,1,1,1583663
D#1702726,XAUUSD,100,2.8823E+17,2.8823E+17,2.8823E+17,2.8823E+17,384,2026-07-03T07:02:44.000Z,2026-07-03T07:09:08.000Z,-49.02,48.6,-51.12,-2.1,0,0.06,4171.44,4179.83,4179.32,4146.42,SELL,USD,1,1,1583663
D#1702492,XAUUSD,100,2.8823E+17,2.8823E+17,2.8823E+17,2.8823E+17,3236,2026-07-03T06:15:24.000Z,2026-07-03T07:09:20.000Z,-365.6,364.2,-372.6,-7,0,0.2,4161.66,4180.16,,,SELL,USD,1,1,1583663
D#1702524,XAUUSD,100,2.8823E+17,2.8823E+17,2.8823E+17,2.8823E+17,1730,2026-07-03T06:40:43.000Z,2026-07-03T07:09:33.000Z,-96.8,96.1,-100.3,-3.5,0,0.1,4170.24,4180.14,4180.35,4140.67,SELL,USD,1,1,1583663
D#1702477,XAUUSD,100,2.8823E+17,2.8823E+17,2.8823E+17,2.8823E+17,17,2026-07-03T07:09:16.000Z,2026-07-03T07:09:33.000Z,14.5,-18,-3,-17.5,0,0.5,4179.85,4179.92,,,BUY,USD,1,1,1583663
D#1702448,XAUUSD,100,2.8823E+17,2.8823E+17,2.8823E+17,2.8823E+17,76,2026-07-03T07:08:49.000Z,2026-07-03T07:10:05.000Z,-66.6,64.5,-77.1,-10.5,0,0.3,4178.2,4180.64,,,SELL,USD,1,1,1583663
D#1702507,XAUUSD,100,2.8823E+17,2.8823E+17,2.8823E+17,2.8823E+17,3745,2026-07-03T06:07:56.000Z,2026-07-03T07:10:21.000Z,-219,217.6,-226,-7,0,0.2,4170.09,4181.26,4180.78,4150.23,SELL,USD,1,1,1583663
D#1702616,XAUUSD,100,2.8823E+17,2.8823E+17,2.8823E+17,2.8823E+17,2119,2026-07-03T06:35:02.000Z,2026-07-03T07:10:21.000Z,-23.38,23.24,-24.08,-0.7,0,0.02,4169.39,4181.3,4181.13,4158.21,SELL,USD,1,1,1583663
D#1702428,XAUUSD,100,2.8823E+17,2.8823E+17,2.8823E+17,2.8823E+17,64,2026-07-03T07:09:20.000Z,2026-07-03T07:10:24.000Z,13.4,-14.8,6.4,-7,0,0.2,4180.16,4180.61,,,BUY,USD,1,1,1583663
D#1702655,XAUUSD,100,2.8823E+17,2.8823E+17,2.8823E+17,2.8823E+17,430,2026-07-03T07:03:29.000Z,2026-07-03T07:10:39.000Z,58.7,-59.4,55.2,-3.5,0,0.1,4173.09,4178.74,4178.86,4183.46,BUY,USD,1,1,1583663
D#1702477,XAUUSD,100,2.8823E+17,2.8823E+17,2.8823E+17,2.8823E+17,39,2026-07-03T07:10:11.000Z,2026-07-03T07:10:50.000Z,-100,96.5,-117.5,-17.5,0,0.5,4180.58,4178.36,,,BUY,USD,1,1,1583663
D#1702448,XAUUSD,100,2.8823E+17,2.8823E+17,2.8823E+17,2.8823E+17,58,2026-07-03T07:10:23.000Z,2026-07-03T07:11:21.000Z,-80.7,78.6,-91.2,-10.5,0,0.3,4180.85,4177.94,,,BUY,USD,1,1,1583663
D#1702531,XAUUSD,100,2.8823E+17,2.8823E+17,2.8823E+17,2.8823E+17,85,2026-07-03T07:10:37.000Z,2026-07-03T07:12:02.000Z,56.1,-58.2,45.6,-10.5,0,0.3,4179.18,4177.53,,,SELL,USD,1,1,1583663
D#1702711,XAUUSD,100,2.8823E+17,2.8823E+17,2.8823E+17,2.8823E+17,2284,2026-07-03T06:34:41.000Z,2026-07-03T07:12:45.000Z,45.2,-45.76,42.4,-2.8,0,0.08,4170.44,4175.87,4176.02,4195,BUY,USD,1,1,1583663
D#1702705,XAUUSD,100,2.8823E+17,2.8823E+17,2.8823E+17,2.8823E+17,91,2026-07-03T07:11:19.000Z,2026-07-03T07:12:50.000Z,29.3,-30,25.8,-3.5,0,0.1,4178.08,4175.37,4179.72,4175.53,SELL,USD,1,1,1583663
D#1670936,XAUUSD,100,2.8823E+17,2.8823E+17,2.8823E+17,2.8823E+17,245,2026-07-03T07:08:46.000Z,2026-07-03T07:12:51.000Z,-166.95,163.24,-185.51,-18.56,0,0.53,4178.57,4175.2,4175.42,4186.62,BUY,USD,1,1,1583663
D#1702718,XAUUSD,100,2.8823E+17,2.8823E+17,2.8823E+17,2.8823E+17,163,2026-07-03T07:10:09.000Z,2026-07-03T07:12:52.000Z,51.7,-52.4,48.2,-3.5,0,0.1,4180.41,4175.46,,4172.03,SELL,USD,1,1,1583663
D#1702428,XAUUSD,100,2.8823E+17,2.8823E+17,2.8823E+17,2.8823E+17,96,2026-07-03T07:11:16.000Z,2026-07-03T07:12:52.000Z,61.2,-62.6,54.2,-7,0,0.2,4178.3,4175.46,,,SELL,USD,1,1,1583663
D#1702446,XAUUSD,100,2.8823E+17,2.8823E+17,2.8823E+17,2.8823E+17,844,2026-07-03T06:58:57.000Z,2026-07-03T07:13:01.000Z,0.24,-0.38,-0.46,-0.7,0,0.02,4174.55,4174.45,4174.44,,BUY,USD,1,1,1583663
D#1670986,XAUUSD,100,2.8823E+17,2.8823E+17,2.8823E+17,2.8823E+17,1086,2026-07-03T06:54:57.000Z,2026-07-03T07:13:03.000Z,3.84,-4.26,1.74,-2.1,0,0.06,4173.3,4173.72,4173.97,4191.5,BUY,USD,1,1,1583663
D#1702457,XAUUSD,100,2.8823E+17,2.8823E+17,2.8823E+17,2.8823E+17,210,2026-07-03T07:10:11.000Z,2026-07-03T07:13:41.000Z,-228.3,226.2,-238.8,-10.5,0,0.3,4180.59,4172.76,,4182.73,BUY,USD,1,1,1583663
D#1702397,XAUUSD,100,2.8823E+17,2.8823E+17,2.8823E+17,2.8823E+17,10,2026-07-03T07:14:16.000Z,2026-07-03T07:14:26.000Z,-0.8,0.1,-4.3,-3.5,0,0.1,4174.58,4174.28,,,BUY,USD,1,1,1583663
D#1589410,XAUUSD,100,2.8823E+17,2.8823E+17,2.8823E+17,2.8823E+17,35,2026-07-03T07:15:22.000Z,2026-07-03T07:15:57.000Z,-9.5,8.8,-13,-3.5,0,0.1,4174.47,4173.3,,,BUY,USD,1,1,1583663
D#1702441,XAUUSD,100,2.8823E+17,2.8823E+17,2.8823E+17,2.8823E+17,21,2026-07-03T07:15:42.000Z,2026-07-03T07:16:03.000Z,6.55,-6.9,4.79,-1.76,0,0.05,4174.2,4173.11,,,SELL,USD,1,1,1583663
D#1702336,XAUUSD,100,2.8823E+17,2.8823E+17,2.8823E+17,2.8823E+17,2470,2026-07-03T06:35:51.000Z,2026-07-03T07:17:01.000Z,7.38,-7.8,5.28,-2.1,0,0.06,4171.32,4172.33,4167.48,4183.8,BUY,USD,1,1,1583663
D#1702718,XAUUSD,100,2.8823E+17,2.8823E+17,2.8823E+17,2.8823E+17,162,2026-07-03T07:14:42.000Z,2026-07-03T07:17:24.000Z,25.3,-26,21.8,-3.5,0,0.1,4174.4,4172.09,,4171.54,SELL,USD,1,1,1583663
D#1670882,XAUUSD,100,2.8823E+17,2.8823E+17,2.8823E+17,2.8823E+17,544,2026-07-03T07:08:22.000Z,2026-07-03T07:17:26.000Z,-55.09,54.6,-57.55,-2.46,0,0.07,4179.07,4170.98,4171.78,4191.12,BUY,USD,1,1,1583663
D#1702691,XAUUSD,100,2.8823E+17,2.8823E+17,2.8823E+17,2.8823E+17,7,2026-07-03T07:17:21.000Z,2026-07-03T07:17:28.000Z,48.5,-52,31,-17.5,0,0.5,4172.11,4171.36,,,SELL,USD,1,1,1583663
D#1670936,XAUUSD,100,2.8823E+17,2.8823E+17,2.8823E+17,2.8823E+17,208,2026-07-03T07:14:12.000Z,2026-07-03T07:17:40.000Z,-137.8,134.09,-156.36,-18.56,0,0.53,4174.31,4171.49,,4187.1,BUY,USD,1,1,1583663
D#1702595,XAUUSD,100,2.8823E+17,2.8823E+17,2.8823E+17,2.8823E+17,255,2026-07-03T07:17:49.000Z,2026-07-03T07:22:04.000Z,-25.2,23.8,-32.2,-7,0,0.2,4172.23,4170.75,4170.86,4180.25,BUY,USD,1,1,1583663
D#1702352,XAUUSD,100,2.8823E+17,2.8823E+17,2.8823E+17,2.8823E+17,2485,2026-07-03T06:41:04.000Z,2026-07-03T07:22:29.000Z,1.84,-2.4,-0.96,-2.8,0,0.08,4169.85,4169.86,4170.09,4190,BUY,USD,1,1,1583663
D#1670872,XAUUSD,100,2.8823E+17,2.8823E+17,2.8823E+17,2.8823E+17,316,2026-07-03T07:17:19.000Z,2026-07-03T07:22:35.000Z,116.8,-119.6,102.8,-14,0,0.4,4172.26,4169.56,4174.24,4169.63,SELL,USD,1,1,1583663
D#1702632,XAUUSD,100,2.8823E+17,2.8823E+17,2.8823E+17,2.8823E+17,250,2026-07-03T07:18:29.000Z,2026-07-03T07:22:39.000Z,-80.1,78,-90.6,-10.5,0,0.3,4172.63,4169.74,,4174.27,BUY,USD,1,1,1583663
D#1702467,XAUUSD,100,2.8823E+17,2.8823E+17,2.8823E+17,2.8823E+17,716,2026-07-03T07:10:51.000Z,2026-07-03T07:22:47.000Z,84.2,-84.9,80.7,-3.5,0,0.1,4178.36,4170.16,4184.05,4162.83,SELL,USD,1,1,1583663
D#1670920,XAUUSD,100,2.8823E+17,2.8823E+17,2.8823E+17,2.8823E+17,2639,2026-07-03T06:38:49.000Z,2026-07-03T07:22:48.000Z,43.8,-45.2,36.8,-7,0,0.2,4172.16,4170.19,4181.97,4167.59,SELL,USD,1,1,1583663
D#1702613,XAUUSD,100,2.8823E+17,2.8823E+17,2.8823E+17,2.8823E+17,6998,2026-07-03T05:26:41.000Z,2026-07-03T07:23:19.000Z,8.08,-8.22,7.38,-0.7,0,0.02,4175.42,4171.6,4188,4139.54,SELL,USD,1,1,1583663
D#1702705,XAUUSD,100,2.8823E+17,2.8823E+17,2.8823E+17,2.8823E+17,31,2026-07-03T07:23:27.000Z,2026-07-03T07:23:58.000Z,-10,9.3,-13.5,-3.5,0,0.1,4170.62,4171.84,4171.75,4165.92,SELL,USD,1,1,1583663
D#1702509,XAUUSD,100,2.8823E+17,2.8823E+17,2.8823E+17,2.8823E+17,626,2026-07-03T07:13:43.000Z,2026-07-03T07:24:09.000Z,3.9,-6,-6.6,-10.5,0,0.3,4172.72,4172.81,4172.7,4169.13,SELL,USD,1,1,1583663
D#1702733,XAUUSD,100,2.8823E+17,2.8823E+17,2.8823E+17,2.8823E+17,2274,2026-07-03T06:46:38.000Z,2026-07-03T07:24:32.000Z,-7.92,7.36,-10.72,-2.8,0,0.08,4171.67,4172.88,4182.81,4159.48,SELL,USD,1,1,1583663
D#1702632,XAUUSD,100,2.8823E+17,2.8823E+17,2.8823E+17,2.8823E+17,98,2026-07-03T07:23:11.000Z,2026-07-03T07:24:49.000Z,59.1,-61.2,48.6,-10.5,0,0.3,4171.62,4173.37,,,BUY,USD,1,1,1583663
D#1702480,XAUUSD,100,2.8823E+17,2.8823E+17,2.8823E+17,2.8823E+17,19,2026-07-03T07:24:47.000Z,2026-07-03T07:25:06.000Z,0.25,-0.6,-1.51,-1.76,0,0.05,4173.55,4173.38,,,BUY,USD,1,1,1583663
D#1702592,XAUUSD,100,2.8823E+17,2.8823E+17,2.8823E+17,2.8823E+17,997,2026-07-03T07:08:35.000Z,2026-07-03T07:25:12.000Z,95.6,-97,88.6,-7,0,0.2,4178.23,4173.67,,,SELL,USD,1,1,1583663
D#1670972,XAUUSD,100,2.8823E+17,2.8823E+17,2.8823E+17,2.8823E+17,162,2026-07-03T07:22:33.000Z,2026-07-03T07:25:15.000Z,-75.6,74.2,-82.6,-7,0,0.2,4169.75,4173.75,4174.26,4153.7,SELL,USD,1,1,1583663
D#1670872,XAUUSD,100,2.8823E+17,2.8823E+17,2.8823E+17,2.8823E+17,140,2026-07-03T07:23:11.000Z,2026-07-03T07:25:31.000Z,119.6,-122.4,105.6,-14,0,0.4,4171.62,4174.39,4170.14,4174.21,BUY,USD,1,1,1583663
D#1702431,XAUUSD,100,2.8823E+17,2.8823E+17,2.8823E+17,2.8823E+17,18824,2026-07-03T02:12:02.000Z,2026-07-03T07:25:46.000Z,45.3,-46,41.8,-3.5,0,0.1,4178.85,4174.54,,,SELL,USD,1,1,1583663
D#1702477,XAUUSD,100,2.8823E+17,2.8823E+17,2.8823E+17,2.8823E+17,1054,2026-07-03T07:11:04.000Z,2026-07-03T07:28:38.000Z,136.5,-140,119,-17.5,0,0.5,4178.35,4175.84,4175.46,,SELL,USD,1,1,1583663
D#1702689,XAUUSD,100,2.8823E+17,2.8823E+17,2.8823E+17,2.8823E+17,266,2026-07-03T07:24:17.000Z,2026-07-03T07:28:43.000Z,46.95,-48,41.69,-5.26,0,0.15,4172.78,4175.69,4169.41,4176.14,BUY,USD,1,1,1583663
D#1702480,XAUUSD,100,2.8823E+17,2.8823E+17,2.8823E+17,2.8823E+17,204,2026-07-03T07:25:20.000Z,2026-07-03T07:28:44.000Z,92,-95.5,74.5,-17.5,0,0.5,4174.15,4175.77,,4176,BUY,USD,1,1,1583663
D#1702509,XAUUSD,100,2.8823E+17,2.8823E+17,2.8823E+17,2.8823E+17,254,2026-07-03T07:25:22.000Z,2026-07-03T07:29:36.000Z,22.5,-24.6,12,-10.5,0,0.3,4174.24,4174.77,4171.79,4177.93,BUY,USD,1,1,1583663
D#1702595,XAUUSD,100,2.8823E+17,2.8823E+17,2.8823E+17,2.8823E+17,470,2026-07-03T07:22:18.000Z,2026-07-03T07:30:08.000Z,-129.12,127.44,-137.52,-8.4,0,0.24,4170.37,4175.97,,,SELL,USD,1,1,1583663
D#1702477,XAUUSD,100,2.8823E+17,2.8823E+17,2.8823E+17,2.8823E+17,83,2026-07-03T07:28:46.000Z,2026-07-03T07:30:09.000Z,30.5,-34,13,-17.5,0,0.5,4175.46,4175.85,,,BUY,USD,1,1,1583663
D#1702632,XAUUSD,100,2.8823E+17,2.8823E+17,2.8823E+17,2.8823E+17,302,2026-07-03T07:25:28.000Z,2026-07-03T07:30:30.000Z,49.8,-51.9,39.3,-10.5,0,0.3,4174.2,4175.64,,4176.96,BUY,USD,1,1,1583663
D#1670918,XAUUSD,100,2.8823E+17,2.8823E+17,2.8823E+17,2.8823E+17,12,2026-07-03T07:30:24.000Z,2026-07-03T07:30:36.000Z,1.42,-1.56,0.72,-0.7,0,0.02,4175.86,4176.35,,,BUY,USD,1,1,1583663
D#1589410,XAUUSD,100,2.8823E+17,2.8823E+17,2.8823E+17,2.8823E+17,563,2026-07-03T07:21:14.000Z,2026-07-03T07:30:37.000Z,-50.4,49.7,-53.9,-3.5,0,0.1,4171.66,4176.92,4176.77,4161,SELL,USD,1,1,1583663
D#1702336,XAUUSD,100,2.8823E+17,2.8823E+17,2.8823E+17,2.8823E+17,800,2026-07-03T07:17:37.000Z,2026-07-03T07:30:57.000Z,-10.72,10.58,-11.42,-0.7,0,0.02,4171.45,4177.03,4177.13,4165.74,SELL,USD,1,1,1583663
D#1702477,XAUUSD,100,2.8823E+17,2.8823E+17,2.8823E+17,2.8823E+17,24,2026-07-03T07:30:39.000Z,2026-07-03T07:31:03.000Z,-8,7.3,-11.5,-3.5,0,0.1,4176.94,4175.92,,,BUY,USD,1,1,1583663
D#1702677,XAUUSD,100,2.8823E+17,2.8823E+17,2.8823E+17,2.8823E+17,180,2026-07-03T07:28:20.000Z,2026-07-03T07:31:20.000Z,11.4,-12.8,4.4,-7,0,0.2,4174.5,4174.85,4175.06,4178.92,BUY,USD,1,1,1583663
D#1702489,XAUUSD,100,2.8823E+17,2.8823E+17,2.8823E+17,2.8823E+17,11,2026-07-03T07:31:23.000Z,2026-07-03T07:31:34.000Z,5.8,-7.2,-1.2,-7,0,0.2,4175.33,4175.26,,,SELL,USD,1,1,1583663
D#1702513,XAUUSD,100,2.8823E+17,2.8823E+17,2.8823E+17,2.8823E+17,325,2026-07-03T07:26:22.000Z,2026-07-03T07:31:47.000Z,1,-1.7,-2.5,-3.5,0,0.1,4174.16,4174.04,4174.4,4185.92,BUY,USD,1,1,1583663
D#1702595,XAUUSD,100,2.8823E+17,2.8823E+17,2.8823E+17,2.8823E+17,85,2026-07-03T07:30:25.000Z,2026-07-03T07:31:50.000Z,-70.5,67,-88,-17.5,0,0.5,4175.84,4174.21,,,BUY,USD,1,1,1583663
D#1702690,XAUUSD,100,2.8823E+17,2.8823E+17,2.8823E+17,2.8823E+17,99,2026-07-03T07:30:12.000Z,2026-07-03T07:31:51.000Z,-64,61.2,-78,-14,0,0.4,4176.01,4174.19,,4187.09,BUY,USD,1,1,1583663
D#1702701,XAUUSD,100,2.8823E+17,2.8823E+17,2.8823E+17,2.8823E+17,961,2026-07-03T07:18:12.000Z,2026-07-03T07:34:13.000Z,76.05,-77.1,70.79,-5.26,0,0.15,4172.82,4177.67,4160.59,4177.57,BUY,USD,1,1,1583663
D#1670935,XAUUSD,100,2.8823E+17,2.8823E+17,2.8823E+17,2.8823E+17,786,2026-07-03T07:21:07.000Z,2026-07-03T07:34:13.000Z,-61.7,61,-65.2,-3.5,0,0.1,4171.54,4177.93,4177.68,4160.87,SELL,USD,1,1,1583663
D#1702509,XAUUSD,100,2.8823E+17,2.8823E+17,2.8823E+17,2.8823E+17,270,2026-07-03T07:29:43.000Z,2026-07-03T07:34:13.000Z,133.5,-137,116,-17.5,0,0.5,4175.23,4177.68,4172.97,4177.33,BUY,USD,1,1,1583663
D#1702377,XAUUSD,100,2.8823E+17,2.8823E+17,2.8823E+17,2.8823E+17,1382,2026-07-03T07:11:12.000Z,2026-07-03T07:34:14.000Z,0.57,-0.78,-0.49,-1.06,0,0.03,4178.08,4178.11,4177.89,4162.7,SELL,USD,1,1,1583663
D#1702467,XAUUSD,100,2.8823E+17,2.8823E+17,2.8823E+17,2.8823E+17,100,2026-07-03T07:32:50.000Z,2026-07-03T07:34:30.000Z,17.7,-18.4,14.2,-3.5,0,0.1,4175.85,4177.4,4171.46,4179.1,BUY,USD,1,1,1583663
D#1670958,XAUUSD,100,2.8823E+17,2.8823E+17,2.8823E+17,2.8823E+17,2459,2026-07-03T06:54:16.000Z,2026-07-03T07:35:15.000Z,10.08,-10.29,9.02,-1.06,0,0.03,4173.88,4177.02,4163.15,4190.41,BUY,USD,1,1,1583663
D#1702718,XAUUSD,100,2.8823E+17,2.8823E+17,2.8823E+17,2.8823E+17,545,2026-07-03T07:26:20.000Z,2026-07-03T07:35:25.000Z,-29.8,29.1,-33.3,-3.5,0,0.1,4174.09,4177.29,,4166.67,SELL,USD,1,1,1583663
D#1702391,XAUUSD,100,2.8823E+17,2.8823E+17,2.8823E+17,2.8823E+17,138,2026-07-03T07:34:05.000Z,2026-07-03T07:36:23.000Z,24,-25.75,15.24,-8.76,0,0.25,4176.21,4176.95,,,BUY,USD,1,1,1583663
D#1670872,XAUUSD,100,2.8823E+17,2.8823E+17,2.8823E+17,2.8823E+17,141,2026-07-03T07:37:14.000Z,2026-07-03T07:39:35.000Z,-49.6,46.8,-63.6,-14,0,0.4,4177.15,4178.61,4178.36,4174.64,SELL,USD,1,1,1583663
D#1702726,XAUUSD,100,2.8823E+17,2.8823E+17,2.8823E+17,2.8823E+17,1515,2026-07-03T07:14:22.000Z,2026-07-03T07:39:37.000Z,-48.2,47.5,-51.7,-3.5,0,0.1,4173.96,4179,4178.76,4153.16,SELL,USD,1,1,1583663
D#1702632,XAUUSD,100,2.8823E+17,2.8823E+17,2.8823E+17,2.8823E+17,529,2026-07-03T07:30:58.000Z,2026-07-03T07:39:47.000Z,81,-83.1,70.5,-10.5,0,0.3,4177,4179.48,,4179.59,BUY,USD,1,1,1583663
D#1589410,XAUUSD,100,2.8823E+17,2.8823E+17,2.8823E+17,2.8823E+17,80,2026-07-03T07:38:28.000Z,2026-07-03T07:39:48.000Z,-18,17.3,-21.5,-3.5,0,0.1,4177.48,4179.5,,,SELL,USD,1,1,1583663
D#1702705,XAUUSD,100,2.8823E+17,2.8823E+17,2.8823E+17,2.8823E+17,873,2026-07-03T07:25:19.000Z,2026-07-03T07:39:52.000Z,53.1,-53.8,49.6,-3.5,0,0.1,4174.11,4179.2,4171.75,4180.65,BUY,USD,1,1,1583663
D#1702477,XAUUSD,100,2.8823E+17,2.8823E+17,2.8823E+17,2.8823E+17,11,2026-07-03T07:40:21.000Z,2026-07-03T07:40:32.000Z,48.14,-52.2,27.84,-20.3,0,0.58,4178.36,4177.75,,,SELL,USD,1,1,1583663
D#1702477,XAUUSD,100,2.8823E+17,2.8823E+17,2.8823E+17,2.8823E+17,18,2026-07-03T07:41:09.000Z,2026-07-03T07:41:27.000Z,39.44,-43.5,19.14,-20.3,0,0.58,4178.1,4177.64,,,SELL,USD,1,1,1583663
D#1702391,XAUUSD,100,2.8823E+17,2.8823E+17,2.8823E+17,2.8823E+17,12,2026-07-03T07:42:40.000Z,2026-07-03T07:42:52.000Z,10.75,-12.5,1.99,-8.76,0,0.25,4177.54,4177.75,,,BUY,USD,1,1,1583663
D#1702722,XAUUSD,100,2.8823E+17,2.8823E+17,2.8823E+17,2.8823E+17,1204,2026-07-03T07:25:13.000Z,2026-07-03T07:45:17.000Z,-50,49.44,-52.8,-2.8,0,0.08,4173.51,4179.98,4179.86,4161.11,SELL,USD,1,1,1583663
D#1702691,XAUUSD,100,2.8823E+17,2.8823E+17,2.8823E+17,2.8823E+17,22,2026-07-03T07:45:24.000Z,2026-07-03T07:45:46.000Z,38,-41.5,20.5,-17.5,0,0.5,4179.68,4180.22,,,BUY,USD,1,1,1583663
D#1670926,XAUUSD,100,2.8823E+17,2.8823E+17,2.8823E+17,2.8823E+17,18,2026-07-03T07:46:32.000Z,2026-07-03T07:46:50.000Z,-11.13,7.42,-29.69,-18.56,0,0.53,4179.42,4179.85,,,SELL,USD,1,1,1583663
D#1702356,XAUUSD,100,2.8823E+17,2.8823E+17,2.8823E+17,2.8823E+17,213,2026-07-03T07:43:48.000Z,2026-07-03T07:47:21.000Z,34.74,-36,28.44,-6.3,0,0.18,4177.83,4179.54,,,BUY,USD,1,1,1583663
D#1670964,XAUUSD,100,2.8823E+17,2.8823E+17,2.8823E+17,2.8823E+17,1113,2026-07-03T07:30:08.000Z,2026-07-03T07:48:41.000Z,101.4,-102.8,94.4,-7,0,0.2,4175.97,4180.82,4176.01,4181.01,BUY,USD,1,1,1583663
D#1702340,XAUUSD,100,2.8823E+17,2.8823E+17,2.8823E+17,2.8823E+17,128,2026-07-03T07:46:38.000Z,2026-07-03T07:48:46.000Z,-40,36.5,-57.5,-17.5,0,0.5,4179.59,4180.61,,,SELL,USD,1,1,1583663
D#1702441,XAUUSD,100,2.8823E+17,2.8823E+17,2.8823E+17,2.8823E+17,1390,2026-07-03T07:27:35.000Z,2026-07-03T07:50:45.000Z,-35.1,34.75,-36.86,-1.76,0,0.05,4173.87,4181.11,4181,4160,SELL,USD,1,1,1583663
D#1702375,XAUUSD,100,2.8823E+17,2.8823E+17,2.8823E+17,2.8823E+17,2402,2026-07-03T07:11:02.000Z,2026-07-03T07:51:04.000Z,-9.44,8.88,-12.24,-2.8,0,0.08,4178.87,4180.27,4186,4165,SELL,USD,1,1,1583663
D#1614622,XAUUSD,100,2.8823E+17,2.8823E+17,2.8823E+17,2.8823E+17,3259,2026-07-03T06:58:40.000Z,2026-07-03T07:52:59.000Z,137.4,-139.5,126.9,-10.5,0,0.3,4173.21,4177.57,,4189,BUY,USD,1,1,1583663
D#1702619,XAUUSD,100,2.8823E+17,2.8823E+17,2.8823E+17,2.8823E+17,432,2026-07-03T07:45:49.000Z,2026-07-03T07:53:01.000Z,-25.9,25.2,-29.4,-3.5,0,0.1,4180.3,4177.49,4177.61,4191.4,BUY,USD,1,1,1583663
D#1702531,XAUUSD,100,2.8823E+17,2.8823E+17,2.8823E+17,2.8823E+17,93,2026-07-03T07:51:37.000Z,2026-07-03T07:53:10.000Z,55.8,-57.9,45.3,-10.5,0,0.3,4179.24,4177.6,,,SELL,USD,1,1,1583663
D#1702718,XAUUSD,100,2.8823E+17,2.8823E+17,2.8823E+17,2.8823E+17,128,2026-07-03T07:51:28.000Z,2026-07-03T07:53:36.000Z,-13,12.3,-16.5,-3.5,0,0.1,4179.62,4178.1,,4183.66,BUY,USD,1,1,1583663
D#1670988,XAUUSD,100,2.8823E+17,2.8823E+17,2.8823E+17,2.8823E+17,32,2026-07-03T07:54:25.000Z,2026-07-03T07:54:57.000Z,-0.42,0.35,-0.78,-0.36,0,0.01,4178.61,4177.97,,,BUY,USD,1,1,1583663
D#1670988,XAUUSD,100,2.8823E+17,2.8823E+17,2.8823E+17,2.8823E+17,4,2026-07-03T07:55:31.000Z,2026-07-03T07:55:35.000Z,0.18,-0.25,-0.18,-0.36,0,0.01,4178.64,4178.6,,,BUY,USD,1,1,1583663
D#1670988,XAUUSD,100,2.8823E+17,2.8823E+17,2.8823E+17,2.8823E+17,10,2026-07-03T07:55:46.000Z,2026-07-03T07:55:56.000Z,-0.86,0.79,-1.22,-0.36,0,0.01,4178.21,4177.13,,,BUY,USD,1,1,1583663
D#1670988,XAUUSD,100,2.8823E+17,2.8823E+17,2.8823E+17,2.8823E+17,9,2026-07-03T07:56:06.000Z,2026-07-03T07:56:15.000Z,0.07,-0.14,-0.29,-0.36,0,0.01,4177.43,4177.28,,,BUY,USD,1,1,1583663
D#1702613,XAUUSD,100,2.8823E+17,2.8823E+17,2.8823E+17,2.8823E+17,1970,2026-07-03T07:23:37.000Z,2026-07-03T07:56:27.000Z,60.75,-61.38,57.59,-3.16,0,0.09,4170.9,4177.43,4173.26,4183.58,BUY,USD,1,1,1583663
D#1670988,XAUUSD,100,2.8823E+17,2.8823E+17,2.8823E+17,2.8823E+17,8,2026-07-03T07:56:21.000Z,2026-07-03T07:56:29.000Z,-0.05,-0.02,-0.41,-0.36,0,0.01,4177.53,4177.26,,,BUY,USD,1,1,1583663
D#1671085,XAUUSD,100,2.8823E+17,2.8823E+17,2.8823E+17,2.8823E+17,1261,2026-07-03T07:36:58.000Z,2026-07-03T07:57:59.000Z,4.1,-4.45,2.34,-1.76,0,0.05,4177.51,4176.91,4209.15,,SELL,USD,1,1,1583663
D#1702352,XAUUSD,100,2.8823E+17,2.8823E+17,2.8823E+17,2.8823E+17,222,2026-07-03T07:54:43.000Z,2026-07-03T07:58:25.000Z,-16.96,16.4,-19.76,-2.8,0,0.08,4178.13,4175.79,4176,4188.02,BUY,USD,1,1,1583663
D#1702655,XAUUSD,100,2.8823E+17,2.8823E+17,2.8823E+17,2.8823E+17,575,2026-07-03T07:49:06.000Z,2026-07-03T07:58:41.000Z,-48.8,48.1,-52.3,-3.5,0,0.1,4180.49,4175.39,4175.81,4190.75,BUY,USD,1,1,1583663
D#1670872,XAUUSD,100,2.8823E+17,2.8823E+17,2.8823E+17,2.8823E+17,378,2026-07-03T07:52:24.000Z,2026-07-03T07:58:42.000Z,113.6,-116.4,99.6,-14,0,0.4,4177.89,4175.27,4179.18,4175.27,SELL,USD,1,1,1583663
D#1702480,XAUUSD,100,2.8823E+17,2.8823E+17,2.8823E+17,2.8823E+17,974,2026-07-03T07:42:35.000Z,2026-07-03T07:58:49.000Z,103,-106.5,85.5,-17.5,0,0.5,4177.04,4175.2,,4175,SELL,USD,1,1,1583663
D#1702680,XAUUSD,100,2.8823E+17,2.8823E+17,2.8823E+17,2.8823E+17,669,2026-07-03T07:48:19.000Z,2026-07-03T07:59:28.000Z,-58.05,57,-63.31,-5.26,0,0.15,4179.87,4175.78,4174.05,4187.56,BUY,USD,1,1,1583663
D#1702441,XAUUSD,100,2.8823E+17,2.8823E+17,2.8823E+17,2.8823E+17,318,2026-07-03T07:54:42.000Z,2026-07-03T08:00:00.000Z,0.85,-1.2,-0.91,-1.76,0,0.05,4177.99,4178.04,4177.93,4168.73,SELL,USD,1,1,1583663
D#1702688,XAUUSD,100,2.8823E+17,2.8823E+17,2.8823E+17,2.8823E+17,538,2026-07-03T07:51:04.000Z,2026-07-03T08:00:02.000Z,13.14,-13.77,9.98,-3.16,0,0.09,4180.09,4178.85,,,SELL,USD,1,1,1583663
D#1671084,XAUUSD,100,2.8823E+17,2.8823E+17,2.8823E+17,2.8823E+17,154,2026-07-03T07:57:38.000Z,2026-07-03T08:00:12.000Z,-245.1,241.11,-265.06,-19.96,0,0.57,4176.66,4181.18,,,SELL,USD,1,1,1583663
D#1670964,XAUUSD,100,2.8823E+17,2.8823E+17,2.8823E+17,2.8823E+17,313,2026-07-03T07:55:03.000Z,2026-07-03T08:00:16.000Z,-65,63.6,-72,-7,0,0.2,4177.41,4180.88,,4172.37,SELL,USD,1,1,1583663
D#1702494,XAUUSD,100,2.8823E+17,2.8823E+17,2.8823E+17,2.8823E+17,6241,2026-07-03T06:16:39.000Z,2026-07-03T08:00:40.000Z,-196.5,195.8,-200,-3.5,0,0.1,4161.14,4181.01,,4151.01,SELL,USD,1,1,1583663
D#1702489,XAUUSD,100,2.8823E+17,2.8823E+17,2.8823E+17,2.8823E+17,1479,2026-07-03T07:36:10.000Z,2026-07-03T08:00:49.000Z,-91.8,90.4,-98.8,-7,0,0.2,4177.18,4181.99,4181.83,4172.1,SELL,USD,1,1,1583663
D#1702680,XAUUSD,100,2.8823E+17,2.8823E+17,2.8823E+17,2.8823E+17,86,2026-07-03T07:59:39.000Z,2026-07-03T08:01:05.000Z,-76.65,75.6,-81.91,-5.26,0,0.15,4175.98,4181.31,4184.3,4168.31,SELL,USD,1,1,1583663
D#1702391,XAUUSD,100,2.8823E+17,2.8823E+17,2.8823E+17,2.8823E+17,1062,2026-07-03T07:43:46.000Z,2026-07-03T08:01:28.000Z,-84.75,83,-93.51,-8.76,0,0.25,4177.66,4181.27,,,SELL,USD,1,1,1583663
D#1702720,XAUUSD,100,2.8823E+17,2.8823E+17,2.8823E+17,2.8823E+17,5173,2026-07-03T06:36:10.000Z,2026-07-03T08:02:23.000Z,-65.1,64.68,-67.2,-2.1,0,0.06,4171.94,4183.01,4182.82,4154.91,SELL,USD,1,1,1583663
D#1670989,XAUUSD,100,2.8823E+17,2.8823E+17,2.8823E+17,2.8823E+17,3226,2026-07-03T07:08:37.000Z,2026-07-03T08:02:23.000Z,-37.12,36.56,-39.92,-2.8,0,0.08,4178.22,4183.08,4182.06,4165.25,SELL,USD,1,1,1583663
D#1702524,XAUUSD,100,2.8823E+17,2.8823E+17,2.8823E+17,2.8823E+17,1889,2026-07-03T07:30:54.000Z,2026-07-03T08:02:23.000Z,-59.6,58.9,-63.1,-3.5,0,0.1,4176.83,4183.01,4182.89,4147.09,SELL,USD,1,1,1583663
D#1702351,XAUUSD,100,2.8823E+17,2.8823E+17,2.8823E+17,2.8823E+17,134,2026-07-03T08:00:09.000Z,2026-07-03T08:02:23.000Z,-27.3,26.6,-30.8,-3.5,0,0.1,4180.06,4183.01,4182.16,4169.44,SELL,USD,1,1,1583663
D#1702592,XAUUSD,100,2.8823E+17,2.8823E+17,2.8823E+17,2.8823E+17,1073,2026-07-03T07:44:36.000Z,2026-07-03T08:02:29.000Z,-61,59.6,-68,-7,0,0.2,4179.41,4182.68,,,SELL,USD,1,1,1583663
D#1614607,XAUUSD,100,2.8823E+17,2.8823E+17,2.8823E+17,2.8823E+17,6268,2026-07-03T06:18:06.000Z,2026-07-03T08:02:34.000Z,-93.1,92.75,-94.86,-1.76,0,0.05,4164.36,4183.2,4183.15,4141.01,SELL,USD,1,1,1583663
D#1670935,XAUUSD,100,2.8823E+17,2.8823E+17,2.8823E+17,2.8823E+17,833,2026-07-03T07:48:41.000Z,2026-07-03T08:02:34.000Z,-18.7,18,-22.2,-3.5,0,0.1,4181.11,4183.2,4183.13,4161.02,SELL,USD,1,1,1583663
D#1670882,XAUUSD,100,2.8823E+17,2.8823E+17,2.8823E+17,2.8823E+17,2556,2026-07-03T07:20:11.000Z,2026-07-03T08:02:47.000Z,89.74,-90.23,87.28,-2.46,0,0.07,4171.89,4184.49,4172.95,4184.31,BUY,USD,1,1,1583663
D#1702616,XAUUSD,100,2.8823E+17,2.8823E+17,2.8823E+17,2.8823E+17,2470,2026-07-03T07:21:37.000Z,2026-07-03T08:02:47.000Z,-26.3,26.16,-27,-0.7,0,0.02,4171.27,4184.64,4184.33,4154.19,SELL,USD,1,1,1583663
D#1702391,XAUUSD,100,2.8823E+17,2.8823E+17,2.8823E+17,2.8823E+17,75,2026-07-03T08:01:34.000Z,2026-07-03T08:02:49.000Z,-99,97.25,-107.76,-8.76,0,0.25,4180.6,4184.78,,,SELL,USD,1,1,1583663
D#1702488,XAUUSD,100,2.8823E+17,2.8823E+17,2.8823E+17,2.8823E+17,331,2026-07-03T07:57:19.000Z,2026-07-03T08:02:50.000Z,479.37,-483.36,459.41,-19.96,0,0.57,4176.33,4184.52,,,BUY,USD,1,1,1583663
D#1702632,XAUUSD,100,2.8823E+17,2.8823E+17,2.8823E+17,2.8823E+17,9,2026-07-03T08:02:41.000Z,2026-07-03T08:02:50.000Z,55.2,-57.3,44.7,-10.5,0,0.3,4182.89,4184.51,,,BUY,USD,1,1,1583663
D#1702668,XAUUSD,100,2.8823E+17,2.8823E+17,2.8823E+17,2.8823E+17,2323,2026-07-03T07:24:08.000Z,2026-07-03T08:02:51.000Z,-117.5,116.8,-121,-3.5,0,0.1,4172.74,4184.71,4206.63,4163,SELL,USD,1,1,1583663
D#1702722,XAUUSD,100,2.8823E+17,2.8823E+17,2.8823E+17,2.8823E+17,522,2026-07-03T07:54:12.000Z,2026-07-03T08:02:54.000Z,-50.64,50.08,-53.44,-2.8,0,0.08,4178.33,4184.88,4184.68,4165.93,SELL,USD,1,1,1583663
D#1702711,XAUUSD,100,2.8823E+17,2.8823E+17,2.8823E+17,2.8823E+17,1056,2026-07-03T07:45:19.000Z,2026-07-03T08:02:55.000Z,40.24,-40.8,37.44,-2.8,0,0.08,4179.83,4184.64,4172,4201,BUY,USD,1,1,1583663
D#1702743,XAUUSD,100,2.8823E+17,2.8823E+17,2.8823E+17,2.8823E+17,193,2026-07-03T08:00:44.000Z,2026-07-03T08:03:57.000Z,20.4,-21.8,13.4,-7,0,0.2,4181.81,4182.61,,,BUY,USD,1,1,1583663
D#1702505,XAUUSD,100,2.8823E+17,2.8823E+17,2.8823E+17,2.8823E+17,11576,2026-07-03T04:52:24.000Z,2026-07-03T08:05:20.000Z,94.6,-95.3,91.1,-3.5,0,0.1,4175.73,4184.97,,4185,BUY,USD,1,1,1583663
D#1702728,XAUUSD,100,2.8823E+17,2.8823E+17,2.8823E+17,2.8823E+17,440,2026-07-03T07:58:00.000Z,2026-07-03T08:05:20.000Z,-40.9,40.55,-42.66,-1.76,0,0.05,4176.75,4185.15,4184.93,,SELL,USD,1,1,1583663
D#1702391,XAUUSD,100,2.8823E+17,2.8823E+17,2.8823E+17,2.8823E+17,137,2026-07-03T08:03:04.000Z,2026-07-03T08:05:21.000Z,-30.25,28.5,-39.01,-8.76,0,0.25,4183.71,4185.14,,,SELL,USD,1,1,1583663
D#1702381,XAUUSD,100,2.8823E+17,2.8823E+17,2.8823E+17,2.8823E+17,181,2026-07-03T08:02:23.000Z,2026-07-03T08:05:24.000Z,-48,46.6,-55,-7,0,0.2,4182.73,4185.35,4185.22,4172.73,SELL,USD,1,1,1583663
D#1702473,XAUUSD,100,2.8823E+17,2.8823E+17,2.8823E+17,2.8823E+17,3415,2026-07-03T07:08:30.000Z,2026-07-03T08:05:25.000Z,-70.1,69.4,-73.6,-3.5,0,0.1,4178.14,4185.37,4185.25,4167.12,SELL,USD,1,1,1583663
D#1702745,XAUUSD,100,2.8823E+17,2.8823E+17,2.8823E+17,2.8823E+17,172,2026-07-03T08:02:50.000Z,2026-07-03T08:05:42.000Z,0.61,-0.68,0.25,-0.36,0,0.01,4184.7,4185.09,,,BUY,USD,1,1,1583663
D#1702733,XAUUSD,100,2.8823E+17,2.8823E+17,2.8823E+17,2.8823E+17,2424,2026-07-03T07:25:27.000Z,2026-07-03T08:05:51.000Z,-89.68,89.12,-92.48,-2.8,0,0.08,4174.01,4185.44,4186.12,4160.36,SELL,USD,1,1,1583663
D#1702718,XAUUSD,100,2.8823E+17,2.8823E+17,2.8823E+17,2.8823E+17,346,2026-07-03T08:00:05.000Z,2026-07-03T08:05:51.000Z,-69.4,68.7,-72.9,-3.5,0,0.1,4178.3,4185.46,,,SELL,USD,1,1,1583663
D#1702743,XAUUSD,100,2.8823E+17,2.8823E+17,2.8823E+17,2.8823E+17,127,2026-07-03T08:04:50.000Z,2026-07-03T08:06:57.000Z,23.7,-25.8,13.2,-10.5,0,0.3,4183.35,4183.92,,,BUY,USD,1,1,1583663
D#1702348,XAUUSD,100,2.8823E+17,2.8823E+17,2.8823E+17,2.8823E+17,7,2026-07-03T08:07:02.000Z,2026-07-03T08:07:09.000Z,-0.05,-0.02,-0.41,-0.36,0,0.01,4183.96,4183.69,,,BUY,USD,1,1,1583663
D#1702348,XAUUSD,100,2.8823E+17,2.8823E+17,2.8823E+17,2.8823E+17,6,2026-07-03T08:07:19.000Z,2026-07-03T08:07:25.000Z,-0.48,0.41,-0.84,-0.36,0,0.01,4183.5,4182.8,,,BUY,USD,1,1,1583663
D#1702348,XAUUSD,100,2.8823E+17,2.8823E+17,2.8823E+17,2.8823E+17,4,2026-07-03T08:07:34.000Z,2026-07-03T08:07:38.000Z,-0.09,0.02,-0.45,-0.36,0,0.01,4182.54,4182.85,,,SELL,USD,1,1,1583663
D#1702348,XAUUSD,100,2.8823E+17,2.8823E+17,2.8823E+17,2.8823E+17,5,2026-07-03T08:07:48.000Z,2026-07-03T08:07:53.000Z,0.22,-0.29,-0.14,-0.36,0,0.01,4183.37,4183.37,,,BUY,USD,1,1,1583663
D#1702348,XAUUSD,100,2.8823E+17,2.8823E+17,2.8823E+17,2.8823E+17,5,2026-07-03T08:08:03.000Z,2026-07-03T08:08:08.000Z,-0.56,0.49,-0.92,-0.36,0,0.01,4183.6,4182.82,,,BUY,USD,1,1,1583663
D#1671080,XAUUSD,100,2.8823E+17,2.8823E+17,2.8823E+17,2.8823E+17,22325,2026-07-03T01:56:17.000Z,2026-07-03T08:08:22.000Z,2.8,-3.5,-0.7,-3.5,0,0.1,4182.62,4182.68,,,BUY,USD,1,1,1583663
D#1702718,XAUUSD,100,2.8823E+17,2.8823E+17,2.8823E+17,2.8823E+17,85,2026-07-03T08:08:31.000Z,2026-07-03T08:09:56.000Z,-8.8,8.1,-12.3,-3.5,0,0.1,4182.98,4181.88,,,BUY,USD,1,1,1583663
D#1702346,XAUUSD,100,2.8823E+17,2.8823E+17,2.8823E+17,2.8823E+17,46,2026-07-03T08:09:30.000Z,2026-07-03T08:10:16.000Z,-5.1,4.4,-8.6,-3.5,0,0.1,4181.94,4182.67,4186.04,,SELL,USD,1,1,1583663
D#1702412,XAUUSD,100,2.8823E+17,2.8823E+17,2.8823E+17,2.8823E+17,3137,2026-07-03T07:18:06.000Z,2026-07-03T08:10:23.000Z,52.75,-53.1,50.99,-1.76,0,0.05,4172.43,4182.76,4160.18,4214.18,BUY,USD,1,1,1583663
D#1670964,XAUUSD,100,2.8823E+17,2.8823E+17,2.8823E+17,2.8823E+17,611,2026-07-03T08:00:52.000Z,2026-07-03T08:11:03.000Z,1,-2.4,-6,-7,0,0.2,4181.49,4181.32,4181.53,4186.53,BUY,USD,1,1,1583663
D#1671067,XAUUSD,100,2.8823E+17,2.8823E+17,2.8823E+17,2.8823E+17,57,2026-07-03T08:11:11.000Z,2026-07-03T08:12:08.000Z,36.2,-37.6,29.2,-7,0,0.2,4182.13,4183.72,,,BUY,USD,1,1,1583663
D#1702705,XAUUSD,100,2.8823E+17,2.8823E+17,2.8823E+17,2.8823E+17,94,2026-07-03T08:10:36.000Z,2026-07-03T08:12:10.000Z,-25.1,24.4,-28.6,-3.5,0,0.1,4181.95,4184.68,4184.01,4176.45,SELL,USD,1,1,1583663
D#1670872,XAUUSD,100,2.8823E+17,2.8823E+17,2.8823E+17,2.8823E+17,264,2026-07-03T08:07:50.000Z,2026-07-03T08:12:14.000Z,-50.8,48,-64.8,-14,0,0.4,4183.45,4184.94,4184.79,4180.79,SELL,USD,1,1,1583663
D#1702375,XAUUSD,100,2.8823E+17,2.8823E+17,2.8823E+17,2.8823E+17,983,2026-07-03T07:56:08.000Z,2026-07-03T08:12:31.000Z,-58.4,57.84,-61.2,-2.8,0,0.08,4177.08,4184.6,4186,4163,SELL,USD,1,1,1583663
D#1702743,XAUUSD,100,2.8823E+17,2.8823E+17,2.8823E+17,2.8823E+17,81,2026-07-03T08:12:33.000Z,2026-07-03T08:13:54.000Z,-26.7,24.6,-37.2,-10.5,0,0.3,4184.74,4183.63,,,BUY,USD,1,1,1583663
D#1702460,XAUUSD,100,2.8823E+17,2.8823E+17,2.8823E+17,2.8823E+17,2162,2026-07-03T07:41:08.000Z,2026-07-03T08:17:10.000Z,118.4,-119.8,111.4,-7,0,0.2,4178.31,4184.01,4161.8,4199.05,BUY,USD,1,1,1583663
D#1670872,XAUUSD,100,2.8823E+17,2.8823E+17,2.8823E+17,2.8823E+17,87,2026-07-03T08:18:09.000Z,2026-07-03T08:19:36.000Z,-58,55.2,-72,-14,0,0.4,4183.64,4185.31,4185.07,4181.12,SELL,USD,1,1,1583663
D#1702531,XAUUSD,100,2.8823E+17,2.8823E+17,2.8823E+17,2.8823E+17,499,2026-07-03T08:11:19.000Z,2026-07-03T08:19:38.000Z,-88.2,86.1,-98.7,-10.5,0,0.3,4182.24,4185.4,,,SELL,USD,1,1,1583663
D#1702467,XAUUSD,100,2.8823E+17,2.8823E+17,2.8823E+17,2.8823E+17,1631,2026-07-03T07:55:25.000Z,2026-07-03T08:22:36.000Z,48.7,-49.4,45.2,-3.5,0,0.1,4178.64,4183.29,4174.45,4191.6,BUY,USD,1,1,1583663
D#1702596,XAUUSD,100,2.8823E+17,2.8823E+17,2.8823E+17,2.8823E+17,225,2026-07-03T08:18:52.000Z,2026-07-03T08:22:37.000Z,-12.1,11.4,-15.6,-3.5,0,0.1,4184.61,4183.18,4183.29,,BUY,USD,1,1,1583663
D#1702705,XAUUSD,100,2.8823E+17,2.8823E+17,2.8823E+17,2.8823E+17,129,2026-07-03T08:22:58.000Z,2026-07-03T08:25:07.000Z,-13.5,12.8,-17,-3.5,0,0.1,4182.6,4184.17,4184.06,4177.68,SELL,USD,1,1,1583663
D#1702346,XAUUSD,100,2.8823E+17,2.8823E+17,2.8823E+17,2.8823E+17,759,2026-07-03T08:13:05.000Z,2026-07-03T08:25:44.000Z,80,-83.5,62.5,-17.5,0,0.5,4183.7,4182.32,,4182.18,SELL,USD,1,1,1583663
D#1702346,XAUUSD,100,2.8823E+17,2.8823E+17,2.8823E+17,2.8823E+17,29,2026-07-03T08:26:04.000Z,2026-07-03T08:26:33.000Z,-31.8,27.6,-52.8,-21,0,0.6,4183.03,4182.28,,,BUY,USD,1,1,1583663
D#1670972,XAUUSD,100,2.8823E+17,2.8823E+17,2.8823E+17,2.8823E+17,3349,2026-07-03T07:30:47.000Z,2026-07-03T08:26:36.000Z,111.2,-112.6,104.2,-7,0,0.2,4177.02,4182.36,,,BUY,USD,1,1,1583663
D#1702743,XAUUSD,100,2.8823E+17,2.8823E+17,2.8823E+17,2.8823E+17,365,2026-07-03T08:20:32.000Z,2026-07-03T08:26:37.000Z,-80.4,78.3,-90.9,-10.5,0,0.3,4185.46,4182.56,,,BUY,USD,1,1,1583663
D#1702489,XAUUSD,100,2.8823E+17,2.8823E+17,2.8823E+17,2.8823E+17,21,2026-07-03T08:28:01.000Z,2026-07-03T08:28:22.000Z,7.8,-9.2,0.8,-7,0,0.2,4181.98,4182.15,,,BUY,USD,1,1,1583663
D#1670970,XAUUSD,100,2.8823E+17,2.8823E+17,2.8823E+17,2.8823E+17,44,2026-07-03T08:27:43.000Z,2026-07-03T08:28:27.000Z,-0.17,0.1,-0.53,-0.36,0,0.01,4182.12,4182.51,,,SELL,USD,1,1,1583663
D#1670970,XAUUSD,100,2.8823E+17,2.8823E+17,2.8823E+17,2.8823E+17,23,2026-07-03T08:28:31.000Z,2026-07-03T08:28:54.000Z,0.31,-0.38,-0.05,-0.36,0,0.01,4182.37,4182.28,,,SELL,USD,1,1,1583663
D#1702346,XAUUSD,100,2.8823E+17,2.8823E+17,2.8823E+17,2.8823E+17,19,2026-07-03T08:30:11.000Z,2026-07-03T08:30:30.000Z,87,-91.06,66.7,-20.3,0,0.58,4183.47,4182.19,,,SELL,USD,1,1,1583663
D#1702625,XAUUSD,100,2.8823E+17,2.8823E+17,2.8823E+17,2.8823E+17,41,2026-07-03T08:29:50.000Z,2026-07-03T08:30:31.000Z,-6.6,5.2,-13.6,-7,0,0.2,4182.49,4181.94,4181.37,,BUY,USD,1,1,1583663
D#1702596,XAUUSD,100,2.8823E+17,2.8823E+17,2.8823E+17,2.8823E+17,85,2026-07-03T08:29:27.000Z,2026-07-03T08:30:52.000Z,-9.7,9,-13.2,-3.5,0,0.1,4182.88,4181.69,4181.77,,BUY,USD,1,1,1583663
D#1702728,XAUUSD,100,2.8823E+17,2.8823E+17,2.8823E+17,2.8823E+17,1428,2026-07-03T08:07:20.000Z,2026-07-03T08:31:08.000Z,-10.85,10.5,-12.61,-1.76,0,0.05,4183.5,4181.11,4181.22,4194.42,BUY,USD,1,1,1583663
D#1702689,XAUUSD,100,2.8823E+17,2.8823E+17,2.8823E+17,2.8823E+17,439,2026-07-03T08:23:57.000Z,2026-07-03T08:31:16.000Z,35.4,-36.45,30.14,-5.26,0,0.15,4183.73,4181.59,4186.24,4179.82,SELL,USD,1,1,1583663
D#1671069,XAUUSD,100,2.8823E+17,2.8823E+17,2.8823E+17,2.8823E+17,13358,2026-07-03T04:48:45.000Z,2026-07-03T08:31:23.000Z,47.9,-48.6,44.4,-3.5,0,0.1,4176.92,4181.49,,,BUY,USD,1,1,1583663
D#1670970,XAUUSD,100,2.8823E+17,2.8823E+17,2.8823E+17,2.8823E+17,121,2026-07-03T08:29:27.000Z,2026-07-03T08:31:28.000Z,1.25,-1.32,0.89,-0.36,0,0.01,4182.71,4181.68,,,SELL,USD,1,1,1583663
D#1702346,XAUUSD,100,2.8823E+17,2.8823E+17,2.8823E+17,2.8823E+17,88,2026-07-03T08:31:00.000Z,2026-07-03T08:32:28.000Z,93.38,-97.44,73.08,-20.3,0,0.58,4181.84,4183.23,,,BUY,USD,1,1,1583663
D#1702596,XAUUSD,100,2.8823E+17,2.8823E+17,2.8823E+17,2.8823E+17,66,2026-07-03T08:31:40.000Z,2026-07-03T08:32:46.000Z,-22.6,21.9,-26.1,-3.5,0,0.1,4181.47,4183.95,,,SELL,USD,1,1,1583663
D#1702625,XAUUSD,100,2.8823E+17,2.8823E+17,2.8823E+17,2.8823E+17,109,2026-07-03T08:31:04.000Z,2026-07-03T08:32:53.000Z,-52,50.6,-59,-7,0,0.2,4181.36,4184.18,4184.73,4162.28,SELL,USD,1,1,1583663
D#1670970,XAUUSD,100,2.8823E+17,2.8823E+17,2.8823E+17,2.8823E+17,71,2026-07-03T08:31:49.000Z,2026-07-03T08:33:00.000Z,-2.05,1.98,-2.41,-0.36,0,0.01,4181.74,4184.01,,,SELL,USD,1,1,1583663
D#1702471,XAUUSD,100,2.8823E+17,2.8823E+17,2.8823E+17,2.8823E+17,3,2026-07-03T08:33:00.000Z,2026-07-03T08:33:03.000Z,-0.05,-0.02,-0.41,-0.36,0,0.01,4183.89,4184.16,,,SELL,USD,1,1,1583663
D#1671048,XAUUSD,100,2.8823E+17,2.8823E+17,2.8823E+17,2.8823E+17,78,2026-07-03T08:31:47.000Z,2026-07-03T08:33:05.000Z,-2.02,1.95,-2.38,-0.36,0,0.01,4181.9,4184.14,,,SELL,USD,1,1,1583663
D#1702471,XAUUSD,100,2.8823E+17,2.8823E+17,2.8823E+17,2.8823E+17,3,2026-07-03T08:33:06.000Z,2026-07-03T08:33:09.000Z,0.15,-0.22,-0.21,-0.36,0,0.01,4183.97,4184.04,,,SELL,USD,1,1,1583663
D#1702471,XAUUSD,100,2.8823E+17,2.8823E+17,2.8823E+17,2.8823E+17,2,2026-07-03T08:33:15.000Z,2026-07-03T08:33:17.000Z,0.03,-0.1,-0.33,-0.36,0,0.01,4183.93,4184.12,,,SELL,USD,1,1,1583663
D#1702471,XAUUSD,100,2.8823E+17,2.8823E+17,2.8823E+17,2.8823E+17,5,2026-07-03T08:33:22.000Z,2026-07-03T08:33:27.000Z,0.28,-0.35,-0.08,-0.36,0,0.01,4183.96,4183.9,,,SELL,USD,1,1,1583663
D#1671048,XAUUSD,100,2.8823E+17,2.8823E+17,2.8823E+17,2.8823E+17,22,2026-07-03T08:33:12.000Z,2026-07-03T08:33:34.000Z,-0.54,0.47,-0.9,-0.36,0,0.01,4184.02,4183.26,,,BUY,USD,1,1,1583663
D#1670970,XAUUSD,100,2.8823E+17,2.8823E+17,2.8823E+17,2.8823E+17,29,2026-07-03T08:33:09.000Z,2026-07-03T08:33:38.000Z,-0.53,0.46,-0.89,-0.36,0,0.01,4184.03,4183.28,,,BUY,USD,1,1,1583663
D#1702495,XAUUSD,100,2.8823E+17,2.8823E+17,2.8823E+17,2.8823E+17,637,2026-07-03T08:23:20.000Z,2026-07-03T08:33:57.000Z,82.28,-84.66,70.38,-11.9,0,0.34,4183.26,4185.46,,4185.52,BUY,USD,1,1,1583663
D#1702736,XAUUSD,100,2.8823E+17,2.8823E+17,2.8823E+17,2.8823E+17,571,2026-07-03T08:24:26.000Z,2026-07-03T08:33:57.000Z,-18.9,18.2,-22.4,-3.5,0,0.1,4183.52,4185.63,4185.39,4160.49,SELL,USD,1,1,1583663
D#1702467,XAUUSD,100,2.8823E+17,2.8823E+17,2.8823E+17,2.8823E+17,299,2026-07-03T08:29:00.000Z,2026-07-03T08:33:59.000Z,-39.1,38.4,-42.6,-3.5,0,0.1,4182.07,4186.2,4185.82,4173.04,SELL,USD,1,1,1583663
D#1670970,XAUUSD,100,2.8823E+17,2.8823E+17,2.8823E+17,2.8823E+17,16,2026-07-03T08:33:43.000Z,2026-07-03T08:33:59.000Z,-2.58,2.51,-2.94,-0.36,0,0.01,4183.36,4186.16,,,SELL,USD,1,1,1583663
D#1671048,XAUUSD,100,2.8823E+17,2.8823E+17,2.8823E+17,2.8823E+17,16,2026-07-03T08:33:45.000Z,2026-07-03T08:34:01.000Z,-2.1,2.03,-2.46,-0.36,0,0.01,4183.58,4185.9,,,SELL,USD,1,1,1583663
D#1702471,XAUUSD,100,2.8823E+17,2.8823E+17,2.8823E+17,2.8823E+17,5,2026-07-03T08:34:03.000Z,2026-07-03T08:34:08.000Z,-0.36,0.29,-0.72,-0.36,0,0.01,4186.18,4185.6,,,BUY,USD,1,1,1583663
D#1645648,XAUUSD,100,2.8823E+17,2.8823E+17,2.8823E+17,2.8823E+17,932,2026-07-03T08:18:50.000Z,2026-07-03T08:34:22.000Z,-65.7,63.6,-76.2,-10.5,0,0.3,4184.03,4186.44,4186.24,4177.39,SELL,USD,1,1,1583663
D#1702699,XAUUSD,100,2.8823E+17,2.8823E+17,2.8823E+17,2.8823E+17,625,2026-07-03T08:23:57.000Z,2026-07-03T08:34:22.000Z,-49.8,48.4,-56.8,-7,0,0.2,4183.73,4186.44,4186.21,4178.43,SELL,USD,1,1,1583663
D#1702520,XAUUSD,100,2.8823E+17,2.8823E+17,2.8823E+17,2.8823E+17,108,2026-07-03T08:32:34.000Z,2026-07-03T08:34:22.000Z,-59.6,58.2,-66.6,-7,0,0.2,4183.24,4186.44,4186.16,4180.54,SELL,USD,1,1,1583663
D#1702667,XAUUSD,100,2.8823E+17,2.8823E+17,2.8823E+17,2.8823E+17,80,2026-07-03T08:33:07.000Z,2026-07-03T08:34:27.000Z,-12.25,11.9,-14.01,-1.76,0,0.05,4183.98,4186.65,4186.49,4169.37,SELL,USD,1,1,1583663
D#1670970,XAUUSD,100,2.8823E+17,2.8823E+17,2.8823E+17,2.8823E+17,22,2026-07-03T08:34:10.000Z,2026-07-03T08:34:32.000Z,-0.65,0.58,-1.01,-0.36,0,0.01,4185.49,4186.36,,,SELL,USD,1,1,1583663
D#1671048,XAUUSD,100,2.8823E+17,2.8823E+17,2.8823E+17,2.8823E+17,22,2026-07-03T08:34:13.000Z,2026-07-03T08:34:35.000Z,-0.47,0.4,-0.83,-0.36,0,0.01,4185.6,4186.29,,,SELL,USD,1,1,1583663
D#1702431,XAUUSD,100,2.8823E+17,2.8823E+17,2.8823E+17,2.8823E+17,4129,2026-07-03T07:25:54.000Z,2026-07-03T08:34:43.000Z,353.1,-355.2,342.6,-10.5,0,0.3,4174.3,4185.85,,,BUY,USD,1,1,1583663
D#1670970,XAUUSD,100,2.8823E+17,2.8823E+17,2.8823E+17,2.8823E+17,55,2026-07-03T08:35:03.000Z,2026-07-03T08:35:58.000Z,-0.26,0.19,-0.62,-0.36,0,0.01,4185.69,4185.21,,,BUY,USD,1,1,1583663
D#1671048,XAUUSD,100,2.8823E+17,2.8823E+17,2.8823E+17,2.8823E+17,63,2026-07-03T08:35:05.000Z,2026-07-03T08:36:08.000Z,0.79,-0.86,0.43,-0.36,0,0.01,4185.69,4185.12,,,SELL,USD,1,1,1583663
D#1670873,XAUUSD,100,2.8823E+17,2.8823E+17,2.8823E+17,2.8823E+17,182,2026-07-03T08:34:24.000Z,2026-07-03T08:37:26.000Z,-39.6,36.8,-53.6,-14,0,0.4,4186.18,4184.97,,,BUY,USD,1,1,1583663
D#1702743,XAUUSD,100,2.8823E+17,2.8823E+17,2.8823E+17,2.8823E+17,120,2026-07-03T08:36:40.000Z,2026-07-03T08:38:40.000Z,-125.5,122,-143,-17.5,0,0.5,4186.44,4183.71,,,BUY,USD,1,1,1583663
D#1702688,XAUUSD,100,2.8823E+17,2.8823E+17,2.8823E+17,2.8823E+17,541,2026-07-03T08:30:01.000Z,2026-07-03T08:39:02.000Z,1.71,-2.34,-1.45,-3.16,0,0.09,4183.05,4183.02,4183.08,4195.45,BUY,USD,1,1,1583663
D#1670873,XAUUSD,100,2.8823E+17,2.8823E+17,2.8823E+17,2.8823E+17,97,2026-07-03T08:37:29.000Z,2026-07-03T08:39:06.000Z,87.2,-90,73.2,-14,0,0.4,4185,4183.04,,,SELL,USD,1,1,1583663
D#1702632,XAUUSD,100,2.8823E+17,2.8823E+17,2.8823E+17,2.8823E+17,239,2026-07-03T08:36:01.000Z,2026-07-03T08:40:00.000Z,-90.9,88.8,-101.4,-10.5,0,0.3,4185.39,4182.14,,4187.93,BUY,USD,1,1,1583663
D#1670970,XAUUSD,100,2.8823E+17,2.8823E+17,2.8823E+17,2.8823E+17,229,2026-07-03T08:36:14.000Z,2026-07-03T08:40:03.000Z,-2.68,2.61,-3.04,-0.36,0,0.01,4184.99,4182.09,,,BUY,USD,1,1,1583663
D#1671048,XAUUSD,100,2.8823E+17,2.8823E+17,2.8823E+17,2.8823E+17,230,2026-07-03T08:36:15.000Z,2026-07-03T08:40:05.000Z,2.83,-2.9,2.47,-0.36,0,0.01,4184.86,4182.25,,,SELL,USD,1,1,1583663
D#1702471,XAUUSD,100,2.8823E+17,2.8823E+17,2.8823E+17,2.8823E+17,347,2026-07-03T08:34:23.000Z,2026-07-03T08:40:10.000Z,-191.5,188,-209,-17.5,0,0.5,4186.31,4182.26,,,BUY,USD,1,1,1583663
D#1702346,XAUUSD,100,2.8823E+17,2.8823E+17,2.8823E+17,2.8823E+17,423,2026-07-03T08:33:11.000Z,2026-07-03T08:40:14.000Z,100.34,-104.4,80.04,-20.3,0,0.58,4183.88,4182.37,,4182.01,SELL,USD,1,1,1583663
D#1702495,XAUUSD,100,2.8823E+17,2.8823E+17,2.8823E+17,2.8823E+17,363,2026-07-03T08:34:17.000Z,2026-07-03T08:40:20.000Z,-131.92,129.54,-143.82,-11.9,0,0.34,4185.95,4181.85,,4187.64,BUY,USD,1,1,1583663
D#1702596,XAUUSD,100,2.8823E+17,2.8823E+17,2.8823E+17,2.8823E+17,125,2026-07-03T08:38:22.000Z,2026-07-03T08:40:27.000Z,-29.8,29.1,-33.3,-3.5,0,0.1,4184.05,4180.85,4181.34,,BUY,USD,1,1,1583663
D#1589419,XAUUSD,100,2.8823E+17,2.8823E+17,2.8823E+17,2.8823E+17,47,2026-07-03T08:39:40.000Z,2026-07-03T08:40:27.000Z,-52.8,50.7,-63.3,-10.5,0,0.3,4182.81,4180.83,4180.96,,BUY,USD,1,1,1583663
D#1670873,XAUUSD,100,2.8823E+17,2.8823E+17,2.8823E+17,2.8823E+17,82,2026-07-03T08:39:07.000Z,2026-07-03T08:40:29.000Z,84,-86.8,70,-14,0,0.4,4182.81,4180.93,,,SELL,USD,1,1,1583663
D#1702495,XAUUSD,100,2.8823E+17,2.8823E+17,2.8823E+17,2.8823E+17,39,2026-07-03T08:40:22.000Z,2026-07-03T08:41:01.000Z,-36.38,34,-48.28,-11.9,0,0.34,4181.69,4182.98,,,SELL,USD,1,1,1583663
D#1702428,XAUUSD,100,2.8823E+17,2.8823E+17,2.8823E+17,2.8823E+17,33,2026-07-03T08:40:29.000Z,2026-07-03T08:41:02.000Z,-41.8,40.4,-48.8,-7,0,0.2,4180.78,4183.09,,,SELL,USD,1,1,1583663
D#1645648,XAUUSD,100,2.8823E+17,2.8823E+17,2.8823E+17,2.8823E+17,33,2026-07-03T08:40:32.000Z,2026-07-03T08:41:05.000Z,-74.7,72.6,-85.2,-10.5,0,0.3,4180.74,4183.45,,,SELL,USD,1,1,1583663
D#1702632,XAUUSD,100,2.8823E+17,2.8823E+17,2.8823E+17,2.8823E+17,11,2026-07-03T08:40:54.000Z,2026-07-03T08:41:05.000Z,-37.8,35.7,-48.3,-10.5,0,0.3,4181.97,4183.45,,,SELL,USD,1,1,1583663
D#1702428,XAUUSD,100,2.8823E+17,2.8823E+17,2.8823E+17,2.8823E+17,38,2026-07-03T08:41:06.000Z,2026-07-03T08:41:44.000Z,-23.4,22,-30.4,-7,0,0.2,4183.53,4182.14,,,BUY,USD,1,1,1583663
D#1702495,XAUUSD,100,2.8823E+17,2.8823E+17,2.8823E+17,2.8823E+17,62,2026-07-03T08:41:03.000Z,2026-07-03T08:42:05.000Z,-37.4,35.02,-49.3,-11.9,0,0.34,4183.09,4181.77,,4185.85,BUY,USD,1,1,1583663
D#1702677,XAUUSD,100,2.8823E+17,2.8823E+17,2.8823E+17,2.8823E+17,105,2026-07-03T08:40:42.000Z,2026-07-03T08:42:27.000Z,3.2,-4.6,-3.8,-7,0,0.2,4181.89,4181.83,4181.36,,BUY,USD,1,1,1583663
D#1702428,XAUUSD,100,2.8823E+17,2.8823E+17,2.8823E+17,2.8823E+17,87,2026-07-03T08:42:03.000Z,2026-07-03T08:43:30.000Z,-22,20.6,-29,-7,0,0.2,4181.81,4183.13,,,SELL,USD,1,1,1583663
D#1702632,XAUUSD,100,2.8823E+17,2.8823E+17,2.8823E+17,2.8823E+17,175,2026-07-03T08:41:53.000Z,2026-07-03T08:44:48.000Z,-52.78,50.75,-62.94,-10.16,0,0.29,4181.81,4183.85,,4179.22,SELL,USD,1,1,1583663
D#1702473,XAUUSD,100,2.8823E+17,2.8823E+17,2.8823E+17,2.8823E+17,2290,2026-07-03T08:06:44.000Z,2026-07-03T08:44:54.000Z,5.4,-6.1,1.9,-3.5,0,0.1,4184.65,4184.33,4184.23,4173.67,SELL,USD,1,1,1583663
D#1670990,XAUUSD,100,2.8823E+17,2.8823E+17,2.8823E+17,2.8823E+17,115,2026-07-03T08:43:05.000Z,2026-07-03T08:45:00.000Z,98.8,-101.6,84.8,-14,0,0.4,4182.32,4184.57,4181.19,4184.68,BUY,USD,1,1,1583663
D#1645648,XAUUSD,100,2.8823E+17,2.8823E+17,2.8823E+17,2.8823E+17,160,2026-07-03T08:42:42.000Z,2026-07-03T08:45:22.000Z,-50.8,49.4,-57.8,-7,0,0.2,4181.75,4184.51,,4177.21,SELL,USD,1,1,1583663
D#1702346,XAUUSD,100,2.8823E+17,2.8823E+17,2.8823E+17,2.8823E+17,262,2026-07-03T08:41:17.000Z,2026-07-03T08:45:39.000Z,86.42,-90.48,66.12,-20.3,0,0.58,4183.66,4184.93,,4185.04,BUY,USD,1,1,1583663
D#1702632,XAUUSD,100,2.8823E+17,2.8823E+17,2.8823E+17,2.8823E+17,60,2026-07-03T08:44:58.000Z,2026-07-03T08:45:58.000Z,4.06,-6.09,-6.1,-10.16,0,0.29,4184.31,4184.23,,4185.85,BUY,USD,1,1,1583663
D#1702495,XAUUSD,100,2.8823E+17,2.8823E+17,2.8823E+17,2.8823E+17,246,2026-07-03T08:42:07.000Z,2026-07-03T08:46:13.000Z,-87.38,85,-99.28,-11.9,0,0.34,4181.77,4184.56,,,SELL,USD,1,1,1583663
D#1589419,XAUUSD,100,2.8823E+17,2.8823E+17,2.8823E+17,2.8823E+17,341,2026-07-03T08:41:00.000Z,2026-07-03T08:46:41.000Z,-22.5,20.4,-33,-10.5,0,0.3,4182.9,4181.93,4182.19,4190.27,BUY,USD,1,1,1583663
D#1702632,XAUUSD,100,2.8823E+17,2.8823E+17,2.8823E+17,2.8823E+17,37,2026-07-03T08:46:04.000Z,2026-07-03T08:46:41.000Z,58,-60.03,47.84,-10.16,0,0.29,4183.91,4182.13,,4182.92,SELL,USD,1,1,1583663
D#1702346,XAUUSD,100,2.8823E+17,2.8823E+17,2.8823E+17,2.8823E+17,36,2026-07-03T08:46:05.000Z,2026-07-03T08:46:41.000Z,109.62,-113.68,89.32,-20.3,0,0.58,4183.8,4182.13,,4182.89,SELL,USD,1,1,1583663
D#1702625,XAUUSD,100,2.8823E+17,2.8823E+17,2.8823E+17,2.8823E+17,274,2026-07-03T08:42:10.000Z,2026-07-03T08:46:44.000Z,2.25,-4,-6.51,-8.76,0,0.25,4181.94,4181.81,4181.93,4186.84,BUY,USD,1,1,1583663
D#1702596,XAUUSD,100,2.8823E+17,2.8823E+17,2.8823E+17,2.8823E+17,363,2026-07-03T08:40:42.000Z,2026-07-03T08:46:45.000Z,-0.7,-1.11E-16,-4.2,-3.5,0,0.1,4181.89,4181.6,4181.84,,BUY,USD,1,1,1583663
D#1702531,XAUUSD,100,2.8823E+17,2.8823E+17,2.8823E+17,2.8823E+17,591,2026-07-03T08:37:03.000Z,2026-07-03T08:46:54.000Z,-144,141.9,-154.5,-10.5,0,0.3,4185.92,4180.9,,,BUY,USD,1,1,1583663
D#1702442,XAUUSD,100,2.8823E+17,2.8823E+17,2.8823E+17,2.8823E+17,451,2026-07-03T08:39:26.000Z,2026-07-03T08:46:57.000Z,-9.8,9.45,-11.56,-1.76,0,0.05,4182.75,4180.57,4180.76,4192.94,BUY,USD,1,1,1583663
D#1702699,XAUUSD,100,2.8823E+17,2.8823E+17,2.8823E+17,2.8823E+17,404,2026-07-03T08:40:14.000Z,2026-07-03T08:46:58.000Z,-34.2,32.8,-41.2,-7,0,0.2,4182.37,4180.44,4180.65,4187.22,BUY,USD,1,1,1583663
D#1702495,XAUUSD,100,2.8823E+17,2.8823E+17,2.8823E+17,2.8823E+17,46,2026-07-03T08:46:14.000Z,2026-07-03T08:47:00.000Z,-128.86,126.48,-140.76,-11.9,0,0.34,4184.56,4180.55,,4186.87,BUY,USD,1,1,1583663
D#1702352,XAUUSD,100,2.8823E+17,2.8823E+17,2.8823E+17,2.8823E+17,149,2026-07-03T08:44:43.000Z,2026-07-03T08:47:12.000Z,-17.4,17.05,-19.16,-1.76,0,0.05,4183.64,4179.94,4180,,BUY,USD,1,1,1583663
D#1702495,XAUUSD,100,2.8823E+17,2.8823E+17,2.8823E+17,2.8823E+17,17,2026-07-03T08:47:02.000Z,2026-07-03T08:47:19.000Z,-5.1,2.72,-17,-11.9,0,0.34,4180.71,4181.08,,,SELL,USD,1,1,1583663
D#1702495,XAUUSD,100,2.8823E+17,2.8823E+17,2.8823E+17,2.8823E+17,4,2026-07-03T08:47:21.000Z,2026-07-03T08:47:25.000Z,10.2,-12.58,-1.7,-11.9,0,0.34,4180.64,4180.56,,,SELL,USD,1,1,1583663
D#1702495,XAUUSD,100,2.8823E+17,2.8823E+17,2.8823E+17,2.8823E+17,9,2026-07-03T08:47:26.000Z,2026-07-03T08:47:35.000Z,1.36,-3.74,-10.54,-11.9,0,0.34,4180.34,4180.52,,,SELL,USD,1,1,1583663
D#1702495,XAUUSD,100,2.8823E+17,2.8823E+17,2.8823E+17,2.8823E+17,4,2026-07-03T08:47:37.000Z,2026-07-03T08:47:41.000Z,16.32,-18.7,4.42,-11.9,0,0.34,4180.37,4180.11,,,SELL,USD,1,1,1583663
D#1702619,XAUUSD,100,2.8823E+17,2.8823E+17,2.8823E+17,2.8823E+17,2628,2026-07-03T08:04:04.000Z,2026-07-03T08:47:52.000Z,-37,36.3,-40.5,-3.5,0,0.1,4183.1,4179.18,4179.5,4193.89,BUY,USD,1,1,1583663
D#1702674,XAUUSD,100,2.8823E+17,2.8823E+17,2.8823E+17,2.8823E+17,679,2026-07-03T08:36:33.000Z,2026-07-03T08:47:52.000Z,101.55,-102.6,96.29,-5.26,0,0.15,4185.96,4179.41,4189.38,4179.32,SELL,USD,1,1,1583663
D#1702625,XAUUSD,100,2.8823E+17,2.8823E+17,2.8823E+17,2.8823E+17,76,2026-07-03T08:47:04.000Z,2026-07-03T08:48:20.000Z,-22.75,21,-31.51,-8.76,0,0.25,4180.31,4179.18,,,BUY,USD,1,1,1583663
D#1670873,XAUUSD,100,2.8823E+17,2.8823E+17,2.8823E+17,2.8823E+17,476,2026-07-03T08:40:30.000Z,2026-07-03T08:48:26.000Z,74.8,-77.6,60.8,-14,0,0.4,4180.79,4179.14,,,SELL,USD,1,1,1583663
D#1702480,XAUUSD,100,2.8823E+17,2.8823E+17,2.8823E+17,2.8823E+17,1035,2026-07-03T08:31:14.000Z,2026-07-03T08:48:29.000Z,113,-116.5,95.5,-17.5,0,0.5,4180.94,4178.9,,4179,SELL,USD,1,1,1583663
D#1671069,XAUUSD,100,2.8823E+17,2.8823E+17,2.8823E+17,2.8823E+17,993,2026-07-03T08:32:09.000Z,2026-07-03T08:48:42.000Z,146.5,-150,129,-17.5,0,0.5,4182.12,4179.41,,,SELL,USD,1,1,1583663
D#1702513,XAUUSD,100,2.8823E+17,2.8823E+17,2.8823E+17,2.8823E+17,4595,2026-07-03T07:33:05.000Z,2026-07-03T08:49:40.000Z,20.3,-21,16.8,-3.5,0,0.1,4175.73,4177.54,4178.11,4187.38,BUY,USD,1,1,1583663
D#1702632,XAUUSD,100,2.8823E+17,2.8823E+17,2.8823E+17,2.8823E+17,166,2026-07-03T08:46:54.000Z,2026-07-03T08:49:40.000Z,78.3,-80.33,68.14,-10.16,0,0.29,4180.91,4178.43,,4177.63,SELL,USD,1,1,1583663
D#1702699,XAUUSD,100,2.8823E+17,2.8823E+17,2.8823E+17,2.8823E+17,127,2026-07-03T08:47:33.000Z,2026-07-03T08:49:40.000Z,-53.8,52.4,-60.8,-7,0,0.2,4180.53,4177.62,4177.85,4184.91,BUY,USD,1,1,1583663
D#1670970,XAUUSD,100,2.8823E+17,2.8823E+17,2.8823E+17,2.8823E+17,535,2026-07-03T08:40:46.000Z,2026-07-03T08:49:41.000Z,-233.13,229.14,-253.09,-19.96,0,0.57,4182.09,4177.78,,,BUY,USD,1,1,1583663
D#1702705,XAUUSD,100,2.8823E+17,2.8823E+17,2.8823E+17,2.8823E+17,825,2026-07-03T08:35:57.000Z,2026-07-03T08:49:42.000Z,75.4,-76.1,71.9,-3.5,0,0.1,4185.11,4177.79,4187.19,4177.57,SELL,USD,1,1,1583663
D#1702662,XAUUSD,100,2.8823E+17,2.8823E+17,2.8823E+17,2.8823E+17,16847,2026-07-03T04:09:04.000Z,2026-07-03T08:49:51.000Z,0.37,-0.44,0.01,-0.36,0,0.01,4177.21,4177.36,4177.45,4229.5,BUY,USD,1,1,1583663
D#1702718,XAUUSD,100,2.8823E+17,2.8823E+17,2.8823E+17,2.8823E+17,1930,2026-07-03T08:17:42.000Z,2026-07-03T08:49:52.000Z,62.1,-62.8,58.6,-3.5,0,0.1,4183.57,4177.58,4188.35,4174.81,SELL,USD,1,1,1583663
D#1670958,XAUUSD,100,2.8823E+17,2.8823E+17,2.8823E+17,2.8823E+17,4472,2026-07-03T07:35:28.000Z,2026-07-03T08:50:00.000Z,-1.44,1.02,-3.54,-2.1,0,0.06,4177.56,4177.1,4177.31,4193.2,BUY,USD,1,1,1583663
D#1702531,XAUUSD,100,2.8823E+17,2.8823E+17,2.8823E+17,2.8823E+17,186,2026-07-03T08:47:00.000Z,2026-07-03T08:50:06.000Z,86.7,-88.8,76.2,-10.5,0,0.3,4180.56,4177.89,,,SELL,USD,1,1,1583663
D#1702361,XAUUSD,100,2.8823E+17,2.8823E+17,2.8823E+17,2.8823E+17,299,2026-07-03T08:45:12.000Z,2026-07-03T08:50:11.000Z,-166.25,164.5,-175.01,-8.76,0,0.25,4184.67,4177.8,,,BUY,USD,1,1,1583663
D#1702680,XAUUSD,100,2.8823E+17,2.8823E+17,2.8823E+17,2.8823E+17,2941,2026-07-03T08:01:11.000Z,2026-07-03T08:50:12.000Z,-46.5,45.45,-51.76,-5.26,0,0.15,4180.92,4177.6,4176.84,4188.81,BUY,USD,1,1,1583663
D#1670924,XAUUSD,100,2.8823E+17,2.8823E+17,2.8823E+17,2.8823E+17,104,2026-07-03T08:48:35.000Z,2026-07-03T08:50:19.000Z,3.81,-4.02,2.75,-1.06,0,0.03,4178.8,4177.75,,,SELL,USD,1,1,1583663
D#1702592,XAUUSD,100,2.8823E+17,2.8823E+17,2.8823E+17,2.8823E+17,2871,2026-07-03T08:02:37.000Z,2026-07-03T08:50:28.000Z,-99.8,98.4,-106.8,-7,0,0.2,4183.15,4177.94,,,BUY,USD,1,1,1583663
D#1702688,XAUUSD,100,2.8823E+17,2.8823E+17,2.8823E+17,2.8823E+17,336,2026-07-03T08:48:15.000Z,2026-07-03T08:53:51.000Z,0.18,-0.81,-2.98,-3.16,0,0.09,4179.27,4179.47,4179.06,4174.31,SELL,USD,1,1,1583663
D#1670873,XAUUSD,100,2.8823E+17,2.8823E+17,2.8823E+17,2.8823E+17,213,2026-07-03T08:50:18.000Z,2026-07-03T08:53:51.000Z,-70.4,67.6,-84.4,-14,0,0.4,4177.56,4179.54,,,SELL,USD,1,1,1583663
D#1702632,XAUUSD,100,2.8823E+17,2.8823E+17,2.8823E+17,2.8823E+17,225,2026-07-03T08:50:07.000Z,2026-07-03T08:53:52.000Z,70.76,-72.79,60.6,-10.16,0,0.29,4177.76,4179.98,,4179.97,BUY,USD,1,1,1583663
D#1671086,XAUUSD,100,2.8823E+17,2.8823E+17,2.8823E+17,2.8823E+17,261,2026-07-03T08:50:54.000Z,2026-07-03T08:55:15.000Z,-65.8,63.35,-78.06,-12.26,0,0.35,4177.88,4179.98,,4172.41,SELL,USD,1,1,1583663
D#1671086,XAUUSD,100,2.8823E+17,2.8823E+17,2.8823E+17,2.8823E+17,7,2026-07-03T08:55:23.000Z,2026-07-03T08:55:30.000Z,-0.01,-0.06,-0.37,-0.36,0,0.01,4179.95,4179.72,,,BUY,USD,1,1,1583663
D#1671086,XAUUSD,100,2.8823E+17,2.8823E+17,2.8823E+17,2.8823E+17,3,2026-07-03T08:55:33.000Z,2026-07-03T08:55:36.000Z,0.05,-0.12,-0.31,-0.36,0,0.01,4179.96,4179.79,,,BUY,USD,1,1,1583663
D#1671086,XAUUSD,100,2.8823E+17,2.8823E+17,2.8823E+17,2.8823E+17,2,2026-07-03T08:55:39.000Z,2026-07-03T08:55:41.000Z,0.34,-0.41,-0.02,-0.36,0,0.01,4179.97,4180.09,,,BUY,USD,1,1,1583663
D#1671086,XAUUSD,100,2.8823E+17,2.8823E+17,2.8823E+17,2.8823E+17,2,2026-07-03T08:55:45.000Z,2026-07-03T08:55:47.000Z,0.11,-0.18,-0.25,-0.36,0,0.01,4180.22,4180.11,,,BUY,USD,1,1,1583663
D#1671086,XAUUSD,100,2.8823E+17,2.8823E+17,2.8823E+17,2.8823E+17,2,2026-07-03T08:55:50.000Z,2026-07-03T08:55:52.000Z,0.54,-0.61,0.18,-0.36,0,0.01,4180.47,4180.79,,,BUY,USD,1,1,1583663
D#1670872,XAUUSD,100,2.8823E+17,2.8823E+17,2.8823E+17,2.8823E+17,156,2026-07-03T08:53:21.000Z,2026-07-03T08:55:57.000Z,110.8,-113.6,96.8,-14,0,0.4,4178.54,4181.09,4178.39,4181.18,BUY,USD,1,1,1583663
D#1670968,XAUUSD,100,2.8823E+17,2.8823E+17,2.8823E+17,2.8823E+17,6503,2026-07-03T07:09:19.000Z,2026-07-03T08:57:42.000Z,6.24,-7.08,2.04,-4.2,0,0.12,4180.23,4180.53,,,BUY,USD,1,1,1583663
D#1702346,XAUUSD,100,2.8823E+17,2.8823E+17,2.8823E+17,2.8823E+17,640,2026-07-03T08:47:21.000Z,2026-07-03T08:58:01.000Z,44.8,-47.6,30.8,-14,0,0.4,4180.81,4181.71,,4181.75,BUY,USD,1,1,1583663
D#1702681,XAUUSD,100,2.8823E+17,2.8823E+17,2.8823E+17,2.8823E+17,2401,2026-07-03T08:18:04.000Z,2026-07-03T08:58:05.000Z,16.3,-17,12.8,-3.5,0,0.1,4183.65,4182.24,4181.95,4173.73,SELL,USD,1,1,1583663
D#1670873,XAUUSD,100,2.8823E+17,2.8823E+17,2.8823E+17,2.8823E+17,253,2026-07-03T08:53:54.000Z,2026-07-03T08:58:07.000Z,102.8,-105.6,88.8,-14,0,0.4,4179.89,4182.24,,,BUY,USD,1,1,1583663
D#1702473,XAUUSD,100,2.8823E+17,2.8823E+17,2.8823E+17,2.8823E+17,388,2026-07-03T08:52:36.000Z,2026-07-03T08:59:04.000Z,35.2,-35.9,31.7,-3.5,0,0.1,4178.16,4181.46,4174.22,4187.7,BUY,USD,1,1,1583663
D#1702596,XAUUSD,100,2.8823E+17,2.8823E+17,2.8823E+17,2.8823E+17,374,2026-07-03T08:52:52.000Z,2026-07-03T08:59:06.000Z,116.2,-118.65,103.94,-12.26,0,0.35,4178.27,4181.37,4179.42,,BUY,USD,1,1,1583663
D#1702489,XAUUSD,100,2.8823E+17,2.8823E+17,2.8823E+17,2.8823E+17,1008,2026-07-03T08:42:36.000Z,2026-07-03T08:59:24.000Z,-11.4,10,-18.4,-7,0,0.2,4181.96,4181.17,,4186.68,BUY,USD,1,1,1583663
D#1702677,XAUUSD,100,2.8823E+17,2.8823E+17,2.8823E+17,2.8823E+17,6,2026-07-03T08:59:36.000Z,2026-07-03T08:59:42.000Z,-12.6,11.2,-19.6,-7,0,0.2,4181.9,4181.05,4181.15,,BUY,USD,1,1,1583663
D#1670873,XAUUSD,100,2.8823E+17,2.8823E+17,2.8823E+17,2.8823E+17,124,2026-07-03T08:58:09.000Z,2026-07-03T09:00:13.000Z,-44.8,42,-58.8,-14,0,0.4,4182.18,4180.84,,,BUY,USD,1,1,1583663
D#1670872,XAUUSD,100,2.8823E+17,2.8823E+17,2.8823E+17,2.8823E+17,313,2026-07-03T08:56:12.000Z,2026-07-03T09:01:25.000Z,-4,1.2,-18,-14,0,0.4,4180.25,4179.93,4180.19,4182.8,BUY,USD,1,1,1583663
D#1702728,XAUUSD,100,2.8823E+17,2.8823E+17,2.8823E+17,2.8823E+17,822,2026-07-03T08:48:18.000Z,2026-07-03T09:02:00.000Z,1.6,-1.95,-0.16,-1.76,0,0.05,4179.38,4179.48,4179.62,,BUY,USD,1,1,1583663
D#1671086,XAUUSD,100,2.8823E+17,2.8823E+17,2.8823E+17,2.8823E+17,389,2026-07-03T08:55:58.000Z,2026-07-03T09:02:27.000Z,-36.9,34.8,-47.4,-10.5,0,0.3,4181.06,4179.61,4176.9,4200.29,BUY,USD,1,1,1583663
D#1702489,XAUUSD,100,2.8823E+17,2.8823E+17,2.8823E+17,2.8823E+17,138,2026-07-03T09:01:53.000Z,2026-07-03T09:04:11.000Z,23.2,-24.6,16.2,-7,0,0.2,4179.96,4180.9,,4185.64,BUY,USD,1,1,1583663
D#1702381,XAUUSD,100,2.8823E+17,2.8823E+17,2.8823E+17,2.8823E+17,3564,2026-07-03T08:06:47.000Z,2026-07-03T09:06:11.000Z,71,-72.4,64,-7,0,0.2,4184.54,4181.21,4186.93,4174.17,SELL,USD,1,1,1583663
D#1702480,XAUUSD,100,2.8823E+17,2.8823E+17,2.8823E+17,2.8823E+17,315,2026-07-03T09:01:48.000Z,2026-07-03T09:07:03.000Z,86,-89.5,68.5,-17.5,0,0.5,4180.04,4181.54,,4181.9,BUY,USD,1,1,1583663
D#1702596,XAUUSD,100,2.8823E+17,2.8823E+17,2.8823E+17,2.8823E+17,81,2026-07-03T09:05:42.000Z,2026-07-03T09:07:03.000Z,-19.25,16.8,-31.51,-12.26,0,0.35,4180.9,4181.67,4181.96,,SELL,USD,1,1,1583663
D#1702677,XAUUSD,100,2.8823E+17,2.8823E+17,2.8823E+17,2.8823E+17,495,2026-07-03T09:00:04.000Z,2026-07-03T09:08:19.000Z,5.6,-7,-1.4,-7,0,0.2,4180.68,4180.62,4182.43,4177.62,SELL,USD,1,1,1583663
D#1702632,XAUUSD,100,2.8823E+17,2.8823E+17,2.8823E+17,2.8823E+17,278,2026-07-03T09:03:59.000Z,2026-07-03T09:08:37.000Z,-26.97,24.94,-37.13,-10.16,0,0.29,4180.84,4179.69,,4182.62,BUY,USD,1,1,1583663
D#1702699,XAUUSD,100,2.8823E+17,2.8823E+17,2.8823E+17,2.8823E+17,737,2026-07-03T08:56:57.000Z,2026-07-03T09:09:14.000Z,-44.1,42,-54.6,-10.5,0,0.3,4180.15,4178.46,4179.06,4183.62,BUY,USD,1,1,1583663
D#1670990,XAUUSD,100,2.8823E+17,2.8823E+17,2.8823E+17,2.8823E+17,510,2026-07-03T09:00:44.000Z,2026-07-03T09:09:14.000Z,-85.2,82.4,-99.2,-14,0,0.4,4180.84,4178.49,4178.74,4183.32,BUY,USD,1,1,1583663
D#1670873,XAUUSD,100,2.8823E+17,2.8823E+17,2.8823E+17,2.8823E+17,540,2026-07-03T09:00:15.000Z,2026-07-03T09:09:15.000Z,90.8,-93.6,76.8,-14,0,0.4,4180.86,4178.81,,,SELL,USD,1,1,1583663
D#1702375,XAUUSD,100,2.8823E+17,2.8823E+17,2.8823E+17,2.8823E+17,3147,2026-07-03T08:17:06.000Z,2026-07-03T09:09:33.000Z,-44.24,43.68,-47.04,-2.8,0,0.08,4184.16,4178.41,4174,4197,BUY,USD,1,1,1583663
D#1702473,XAUUSD,100,2.8823E+17,2.8823E+17,2.8823E+17,2.8823E+17,218,2026-07-03T09:06:04.000Z,2026-07-03T09:09:42.000Z,-31.1,30.4,-34.6,-3.5,0,0.1,4181.35,4178.02,4178.39,4191.46,BUY,USD,1,1,1583663
D#1702432,XAUUSD,100,2.8823E+17,2.8823E+17,2.8823E+17,2.8823E+17,158,2026-07-03T09:07:04.000Z,2026-07-03T09:09:42.000Z,32,-32.7,28.5,-3.5,0,0.1,4181.48,4178.5,4181.53,4177.02,SELL,USD,1,1,1583663
D#1702718,XAUUSD,100,2.8823E+17,2.8823E+17,2.8823E+17,2.8823E+17,1012,2026-07-03T08:52:53.000Z,2026-07-03T09:09:45.000Z,2.1,-2.8,-1.4,-3.5,0,0.1,4178.12,4178.13,,,SELL,USD,1,1,1583663
D#1702632,XAUUSD,100,2.8823E+17,2.8823E+17,2.8823E+17,2.8823E+17,72,2026-07-03T09:08:45.000Z,2026-07-03T09:09:57.000Z,59.74,-61.77,49.58,-10.16,0,0.29,4179.57,4177.73,,4177.71,SELL,USD,1,1,1583663
D#1671069,XAUUSD,100,2.8823E+17,2.8823E+17,2.8823E+17,2.8823E+17,190,2026-07-03T09:07:02.000Z,2026-07-03T09:10:12.000Z,244,-247.5,226.5,-17.5,0,0.5,4181.94,4177.28,,,SELL,USD,1,1,1583663
D#1702689,XAUUSD,100,2.8823E+17,2.8823E+17,2.8823E+17,2.8823E+17,893,2026-07-03T08:55:21.000Z,2026-07-03T09:10:14.000Z,-43.5,42.45,-48.76,-5.26,0,0.15,4179.93,4176.81,4176.99,4183.2,BUY,USD,1,1,1583663
D#1702531,XAUUSD,100,2.8823E+17,2.8823E+17,2.8823E+17,2.8823E+17,550,2026-07-03T09:01:05.000Z,2026-07-03T09:10:15.000Z,119.79,-122.1,108.23,-11.56,0,0.33,4180.4,4176.99,,,SELL,USD,1,1,1583663
D#1670873,XAUUSD,100,2.8823E+17,2.8823E+17,2.8823E+17,2.8823E+17,48,2026-07-03T09:09:30.000Z,2026-07-03T09:10:18.000Z,60.4,-63.2,46.4,-14,0,0.4,4178.41,4177.12,,,SELL,USD,1,1,1583663
D#1702655,XAUUSD,100,2.8823E+17,2.8823E+17,2.8823E+17,2.8823E+17,3601,2026-07-03T08:10:25.000Z,2026-07-03T09:10:26.000Z,-60.9,60.2,-64.4,-3.5,0,0.1,4182.76,4176.45,4176.68,4193.35,BUY,USD,1,1,1583663
D#1702681,XAUUSD,100,2.8823E+17,2.8823E+17,2.8823E+17,2.8823E+17,613,2026-07-03T09:00:13.000Z,2026-07-03T09:10:26.000Z,87.6,-89,80.6,-7,0,0.2,4180.84,4176.68,4183.91,4176.59,SELL,USD,1,1,1583663
D#1702632,XAUUSD,100,2.8823E+17,2.8823E+17,2.8823E+17,2.8823E+17,50,2026-07-03T09:10:13.000Z,2026-07-03T09:11:03.000Z,13.63,-15.66,3.47,-10.16,0,0.29,4177.13,4176.88,,4175.21,SELL,USD,1,1,1583663
D#1671069,XAUUSD,100,2.8823E+17,2.8823E+17,2.8823E+17,2.8823E+17,19,2026-07-03T09:10:45.000Z,2026-07-03T09:11:04.000Z,5.1,-5.8,1.6,-3.5,0,0.1,4176.49,4176.78,,,BUY,USD,1,1,1583663
D#1702596,XAUUSD,100,2.8823E+17,2.8823E+17,2.8823E+17,2.8823E+17,237,2026-07-03T09:07:18.000Z,2026-07-03T09:11:15.000Z,146.25,-149.4,130.49,-15.76,0,0.45,4180.26,4177.23,4177.98,,SELL,USD,1,1,1583663
D#1670873,XAUUSD,100,2.8823E+17,2.8823E+17,2.8823E+17,2.8823E+17,57,2026-07-03T09:10:32.000Z,2026-07-03T09:11:29.000Z,-45.2,42.4,-59.2,-14,0,0.4,4176.3,4177.65,,,SELL,USD,1,1,1583663
D#1702704,XAUUSD,100,2.8823E+17,2.8823E+17,2.8823E+17,2.8823E+17,4829,2026-07-03T07:51:02.000Z,2026-07-03T09:11:31.000Z,31.2,-31.9,27.7,-3.5,0,0.1,4180.3,4177.4,4186.64,4170.41,SELL,USD,1,1,1583663
D#1670964,XAUUSD,100,2.8823E+17,2.8823E+17,2.8823E+17,2.8823E+17,117,2026-07-03T09:10:18.000Z,2026-07-03T09:12:15.000Z,-32.2,30.8,-39.2,-7,0,0.2,4176.9,4178.73,4178.51,4172.86,SELL,USD,1,1,1583663
D#1670873,XAUUSD,100,2.8823E+17,2.8823E+17,2.8823E+17,2.8823E+17,82,2026-07-03T09:11:31.000Z,2026-07-03T09:12:53.000Z,65.2,-68,51.2,-14,0,0.4,4177.39,4178.8,,,BUY,USD,1,1,1583663
D#1670873,XAUUSD,100,2.8823E+17,2.8823E+17,2.8823E+17,2.8823E+17,82,2026-07-03T09:12:55.000Z,2026-07-03T09:14:17.000Z,4,-6.8,-10,-14,0,0.4,4179.22,4179.1,,,BUY,USD,1,1,1583663
D#1702718,XAUUSD,100,2.8823E+17,2.8823E+17,2.8823E+17,2.8823E+17,233,2026-07-03T09:10:36.000Z,2026-07-03T09:14:29.000Z,31,-31.7,27.5,-3.5,0,0.1,4176.57,4179.45,,4181.15,BUY,USD,1,1,1583663
D#1702340,XAUUSD,100,2.8823E+17,2.8823E+17,2.8823E+17,2.8823E+17,141,2026-07-03T09:12:38.000Z,2026-07-03T09:14:59.000Z,96.5,-100,79,-17.5,0,0.5,4178.61,4180.32,,4180.82,BUY,USD,1,1,1583663
D#1702739,XAUUSD,100,2.8823E+17,2.8823E+17,2.8823E+17,2.8823E+17,106,2026-07-03T09:14:39.000Z,2026-07-03T09:16:25.000Z,82,-85.5,64.5,-17.5,0,0.5,4179.39,4177.97,4180.64,4177.9,SELL,USD,1,1,1583663
D#1670873,XAUUSD,100,2.8823E+17,2.8823E+17,2.8823E+17,2.8823E+17,114,2026-07-03T09:14:40.000Z,2026-07-03T09:16:34.000Z,82.4,-85.2,68.4,-14,0,0.4,4179.44,4177.6,,,SELL,USD,1,1,1583663
D#1702753,XAUUSD,100,2.8823E+17,2.8823E+17,2.8823E+17,2.8823E+17,123,2026-07-03T09:14:34.000Z,2026-07-03T09:16:37.000Z,-111.5,108,-129,-17.5,0,0.5,4179.59,4177.14,4177.27,4188.8,BUY,USD,1,1,1583663
D#1702681,XAUUSD,100,2.8823E+17,2.8823E+17,2.8823E+17,2.8823E+17,160,2026-07-03T09:14:00.000Z,2026-07-03T09:16:40.000Z,104,-106.8,90,-14,0,0.4,4179.09,4176.71,4184.09,4176.63,SELL,USD,1,1,1583663
D#1702704,XAUUSD,100,2.8823E+17,2.8823E+17,2.8823E+17,2.8823E+17,297,2026-07-03T09:11:47.000Z,2026-07-03T09:16:44.000Z,113.5,-117,96,-17.5,0,0.5,4178.11,4176.06,,4176.22,SELL,USD,1,1,1583663
D#1702432,XAUUSD,100,2.8823E+17,2.8823E+17,2.8823E+17,2.8823E+17,37,2026-07-03T09:16:07.000Z,2026-07-03T09:16:44.000Z,-15.65,15.3,-17.41,-1.76,0,0.05,4179.24,4175.89,4176,,BUY,USD,1,1,1583663
D#1702667,XAUUSD,100,2.8823E+17,2.8823E+17,2.8823E+17,2.8823E+17,2525,2026-07-03T08:34:43.000Z,2026-07-03T09:16:48.000Z,-51.3,50.95,-53.06,-1.76,0,0.05,4186.01,4175.53,4175.87,4249.27,BUY,USD,1,1,1583663
D#1702466,XAUUSD,100,2.8823E+17,2.8823E+17,2.8823E+17,2.8823E+17,903,2026-07-03T09:01:45.000Z,2026-07-03T09:16:48.000Z,-212,208.5,-229.5,-17.5,0,0.5,4179.99,4175.53,4175.87,4187.88,BUY,USD,1,1,1583663
D#1671048,XAUUSD,100,2.8823E+17,2.8823E+17,2.8823E+17,2.8823E+17,2177,2026-07-03T08:40:46.000Z,2026-07-03T09:17:03.000Z,353.97,-357.96,334.01,-19.96,0,0.57,4181.97,4175.98,,,SELL,USD,1,1,1583663
D#1670873,XAUUSD,100,2.8823E+17,2.8823E+17,2.8823E+17,2.8823E+17,37,2026-07-03T09:17:34.000Z,2026-07-03T09:18:11.000Z,-39.6,36.8,-53.6,-14,0,0.4,4175.78,4176.99,,,SELL,USD,1,1,1583663
D#1702462,XAUUSD,100,2.8823E+17,2.8823E+17,2.8823E+17,2.8823E+17,1026,2026-07-03T09:02:36.000Z,2026-07-03T09:19:42.000Z,46.95,-48,41.69,-5.26,0,0.15,4179.56,4176.65,,4173.01,SELL,USD,1,1,1583663
D#1589378,XAUUSD,100,2.8823E+17,2.8823E+17,2.8823E+17,2.8823E+17,182,2026-07-03T09:17:35.000Z,2026-07-03T09:20:37.000Z,-28.38,26.07,-39.94,-11.56,0,0.33,4175.89,4176.97,4179.6,4171.88,SELL,USD,1,1,1583663
D#1702689,XAUUSD,100,2.8823E+17,2.8823E+17,2.8823E+17,2.8823E+17,252,2026-07-03T09:17:41.000Z,2026-07-03T09:21:53.000Z,-19.8,18.75,-25.06,-5.26,0,0.15,4176.11,4177.65,4182.51,4172.49,SELL,USD,1,1,1583663
D#1671048,XAUUSD,100,2.8823E+17,2.8823E+17,2.8823E+17,2.8823E+17,272,2026-07-03T09:17:52.000Z,2026-07-03T09:22:24.000Z,26.22,-30.21,6.26,-19.96,0,0.57,4176.62,4176.86,4177,,BUY,USD,1,1,1583663
D#1670873,XAUUSD,100,2.8823E+17,2.8823E+17,2.8823E+17,2.8823E+17,323,2026-07-03T09:18:12.000Z,2026-07-03T09:23:35.000Z,-26,23.2,-40,-14,0,0.4,4176.71,4175.84,,,BUY,USD,1,1,1583663
D#1589378,XAUUSD,100,2.8823E+17,2.8823E+17,2.8823E+17,2.8823E+17,131,2026-07-03T09:21:25.000Z,2026-07-03T09:23:36.000Z,46.2,-48.51,34.64,-11.56,0,0.33,4176.75,4175.57,4178.9,4175.65,SELL,USD,1,1,1583663
D#1702746,XAUUSD,100,2.8823E+17,2.8823E+17,2.8823E+17,2.8823E+17,6620,2026-07-03T07:33:17.000Z,2026-07-03T09:23:37.000Z,2.16,-2.58,0.06,-2.1,0,0.06,4175.31,4175.45,4175.55,4220,BUY,USD,1,1,1583663
D#1702632,XAUUSD,100,2.8823E+17,2.8823E+17,2.8823E+17,2.8823E+17,53,2026-07-03T09:22:48.000Z,2026-07-03T09:23:41.000Z,47.27,-49.3,37.11,-10.16,0,0.29,4176.57,4175.16,,4175.19,SELL,USD,1,1,1583663
D#1702505,XAUUSD,100,2.8823E+17,2.8823E+17,2.8823E+17,2.8823E+17,4659,2026-07-03T08:06:03.000Z,2026-07-03T09:23:42.000Z,103.6,-104.3,100.1,-3.5,0,0.1,4184.87,4174.73,,4175,SELL,USD,1,1,1583663
D#1702613,XAUUSD,100,2.8823E+17,2.8823E+17,2.8823E+17,2.8823E+17,4501,2026-07-03T08:08:41.000Z,2026-07-03T09:23:42.000Z,70.74,-71.37,67.58,-3.16,0,0.09,4182.37,4174.73,4186.69,4174.72,SELL,USD,1,1,1583663
D#1670882,XAUUSD,100,2.8823E+17,2.8823E+17,2.8823E+17,2.8823E+17,3270,2026-07-03T08:29:12.000Z,2026-07-03T09:23:42.000Z,-53.62,53.13,-56.08,-2.46,0,0.07,4182.44,4174.56,4174.98,4194.56,BUY,USD,1,1,1583663
D#1702728,XAUUSD,100,2.8823E+17,2.8823E+17,2.8823E+17,2.8823E+17,1015,2026-07-03T09:06:47.000Z,2026-07-03T09:23:42.000Z,-64.3,63.6,-67.8,-3.5,0,0.1,4181.34,4174.69,4174.83,4191.85,BUY,USD,1,1,1583663
D#1702739,XAUUSD,100,2.8823E+17,2.8823E+17,2.8823E+17,2.8823E+17,349,2026-07-03T09:17:53.000Z,2026-07-03T09:23:42.000Z,91.5,-95,74,-17.5,0,0.5,4176.31,4174.7,4177.85,4174.82,SELL,USD,1,1,1583663
D#1702351,XAUUSD,100,2.8823E+17,2.8823E+17,2.8823E+17,2.8823E+17,4798,2026-07-03T08:03:45.000Z,2026-07-03T09:23:43.000Z,-88.4,87.7,-91.9,-3.5,0,0.1,4183.28,4174.22,4174.57,4193.89,BUY,USD,1,1,1583663
D#1702699,XAUUSD,100,2.8823E+17,2.8823E+17,2.8823E+17,2.8823E+17,821,2026-07-03T09:10:02.000Z,2026-07-03T09:23:43.000Z,-97.2,95.1,-107.7,-10.5,0,0.3,4177.68,4174.22,4174.61,4181.08,BUY,USD,1,1,1583663
D#1702705,XAUUSD,100,2.8823E+17,2.8823E+17,2.8823E+17,2.8823E+17,1347,2026-07-03T09:01:22.000Z,2026-07-03T09:23:49.000Z,68.6,-69.3,65.1,-3.5,0,0.1,4180.37,4173.73,4182.19,4173.98,SELL,USD,1,1,1583663
D#1702753,XAUUSD,100,2.8823E+17,2.8823E+17,2.8823E+17,2.8823E+17,391,2026-07-03T09:17:18.000Z,2026-07-03T09:23:49.000Z,-137.5,134,-155,-17.5,0,0.5,4176.53,4173.56,4174.29,4186.57,BUY,USD,1,1,1583663
D#1670873,XAUUSD,100,2.8823E+17,2.8823E+17,2.8823E+17,2.8823E+17,14,2026-07-03T09:23:37.000Z,2026-07-03T09:23:51.000Z,64.8,-67.6,50.8,-14,0,0.4,4175.32,4173.92,,,SELL,USD,1,1,1583663
D#1671048,XAUUSD,100,2.8823E+17,2.8823E+17,2.8823E+17,2.8823E+17,9,2026-07-03T09:23:45.000Z,2026-07-03T09:23:54.000Z,30.78,-34.77,10.82,-19.96,0,0.57,4174.26,4173.94,,,SELL,USD,1,1,1583663
D#1702704,XAUUSD,100,2.8823E+17,2.8823E+17,2.8823E+17,2.8823E+17,468,2026-07-03T09:16:48.000Z,2026-07-03T09:24:36.000Z,82.5,-86,65,-17.5,0,0.5,4175.57,4174.14,,,SELL,USD,1,1,1583663
D#1702674,XAUUSD,100,2.8823E+17,2.8823E+17,2.8823E+17,2.8823E+17,905,2026-07-03T09:09:52.000Z,2026-07-03T09:24:57.000Z,63.15,-64.2,57.89,-5.26,0,0.15,4177.82,4173.83,4181.4,4171.27,SELL,USD,1,1,1583663
D#1614603,XAUUSD,100,2.8823E+17,2.8823E+17,2.8823E+17,2.8823E+17,5782,2026-07-03T07:48:38.000Z,2026-07-03T09:25:00.000Z,-35.8,35.45,-37.56,-1.76,0,0.05,4180.59,4173.21,4173.33,4194.85,BUY,USD,1,1,1583663
D#1702432,XAUUSD,100,2.8823E+17,2.8823E+17,2.8823E+17,2.8823E+17,529,2026-07-03T09:17:24.000Z,2026-07-03T09:26:13.000Z,-35.2,34.5,-38.7,-3.5,0,0.1,4176.56,4172.82,4172.97,4186.4,BUY,USD,1,1,1583663
D#1702728,XAUUSD,100,2.8823E+17,2.8823E+17,2.8823E+17,2.8823E+17,55,2026-07-03T09:25:18.000Z,2026-07-03T09:26:13.000Z,-4.4,3.7,-7.9,-3.5,0,0.1,4173.74,4173.08,,,BUY,USD,1,1,1583663
D#1589378,XAUUSD,100,2.8823E+17,2.8823E+17,2.8823E+17,2.8823E+17,75,2026-07-03T09:25:27.000Z,2026-07-03T09:26:42.000Z,-31.35,29.04,-42.91,-11.56,0,0.33,4174.05,4172.88,4173.07,4177.57,BUY,USD,1,1,1583663
D#1702733,XAUUSD,100,2.8823E+17,2.8823E+17,2.8823E+17,2.8823E+17,4842,2026-07-03T08:06:06.000Z,2026-07-03T09:26:48.000Z,105.36,-105.92,102.56,-2.8,0,0.08,4185.73,4172.78,4196.04,4172.53,SELL,USD,1,1,1583663
D#1671048,XAUUSD,100,2.8823E+17,2.8823E+17,2.8823E+17,2.8823E+17,160,2026-07-03T09:24:09.000Z,2026-07-03T09:26:49.000Z,-57,53.01,-76.96,-19.96,0,0.57,4173.85,4172.63,4172.81,,BUY,USD,1,1,1583663
D#1702701,XAUUSD,100,2.8823E+17,2.8823E+17,2.8823E+17,2.8823E+17,3783,2026-07-03T08:23:57.000Z,2026-07-03T09:27:00.000Z,-173.1,172.05,-178.36,-5.26,0,0.15,4183.91,4172.15,4172.36,4189.52,BUY,USD,1,1,1583663
D#1702699,XAUUSD,100,2.8823E+17,2.8823E+17,2.8823E+17,2.8823E+17,185,2026-07-03T09:23:55.000Z,2026-07-03T09:27:00.000Z,-47.7,45.6,-58.2,-10.5,0,0.3,4173.96,4172.15,4172.26,4177.43,BUY,USD,1,1,1583663
D#1702739,XAUUSD,100,2.8823E+17,2.8823E+17,2.8823E+17,2.8823E+17,74,2026-07-03T09:25:46.000Z,2026-07-03T09:27:00.000Z,-72,68.5,-89.5,-17.5,0,0.5,4173.81,4172.15,4172.42,4175.3,BUY,USD,1,1,1583663
D#1702658,XAUUSD,100,2.8823E+17,2.8823E+17,2.8823E+17,2.8823E+17,1633,2026-07-03T08:59:48.000Z,2026-07-03T09:27:01.000Z,99.22,-99.99,95.36,-3.86,0,0.11,4181.06,4172.26,4185.62,4172.07,SELL,USD,1,1,1583663
D#1702340,XAUUSD,100,2.8823E+17,2.8823E+17,2.8823E+17,2.8823E+17,204,2026-07-03T09:23:51.000Z,2026-07-03T09:27:15.000Z,103.5,-107,86,-17.5,0,0.5,4173.79,4171.94,4175.95,4171.93,SELL,USD,1,1,1583663
D#1702632,XAUUSD,100,2.8823E+17,2.8823E+17,2.8823E+17,2.8823E+17,130,2026-07-03T09:25:05.000Z,2026-07-03T09:27:15.000Z,58.87,-60.9,48.71,-10.16,0,0.29,4173.75,4171.94,,4171.84,SELL,USD,1,1,1583663
D#1670873,XAUUSD,100,2.8823E+17,2.8823E+17,2.8823E+17,2.8823E+17,213,2026-07-03T09:23:52.000Z,2026-07-03T09:27:25.000Z,45.2,-48,31.2,-14,0,0.4,4173.81,4172.9,,,SELL,USD,1,1,1583663
D#1671048,XAUUSD,100,2.8823E+17,2.8823E+17,2.8823E+17,2.8823E+17,33,2026-07-03T09:26:59.000Z,2026-07-03T09:27:32.000Z,4.56,-8.55,-15.4,-19.96,0,0.57,4172.33,4172.47,,,SELL,USD,1,1,1583663
D#1671048,XAUUSD,100,2.8823E+17,2.8823E+17,2.8823E+17,2.8823E+17,29,2026-07-03T09:27:47.000Z,2026-07-03T09:28:16.000Z,-95.76,91.77,-115.72,-19.96,0,0.57,4172.01,4173.91,,,SELL,USD,1,1,1583663
D#1614603,XAUUSD,100,2.8823E+17,2.8823E+17,2.8823E+17,2.8823E+17,150,2026-07-03T09:26:16.000Z,2026-07-03T09:28:46.000Z,-5.9,5.2,-9.4,-3.5,0,0.1,4173.08,4173.89,4177.93,4162.94,SELL,USD,1,1,1583663
D#1671048,XAUUSD,100,2.8823E+17,2.8823E+17,2.8823E+17,2.8823E+17,62,2026-07-03T09:28:19.000Z,2026-07-03T09:29:21.000Z,-73.53,69.54,-93.49,-19.96,0,0.57,4173.92,4172.41,,,BUY,USD,1,1,1583663
D#1702699,XAUUSD,100,2.8823E+17,2.8823E+17,2.8823E+17,2.8823E+17,13,2026-07-03T09:29:12.000Z,2026-07-03T09:29:25.000Z,14.4,-16.5,3.9,-10.5,0,0.3,4172.57,4172.31,,4169.99,SELL,USD,1,1,1583663
D#1702699,XAUUSD,100,2.8823E+17,2.8823E+17,2.8823E+17,2.8823E+17,9,2026-07-03T09:29:32.000Z,2026-07-03T09:29:41.000Z,17.1,-19.2,6.6,-10.5,0,0.3,4172.24,4171.89,,4169.55,SELL,USD,1,1,1583663
D#1702632,XAUUSD,100,2.8823E+17,2.8823E+17,2.8823E+17,2.8823E+17,95,2026-07-03T09:28:09.000Z,2026-07-03T09:29:44.000Z,-45.53,43.5,-55.69,-10.16,0,0.29,4173.74,4171.95,,4175.69,BUY,USD,1,1,1583663
D#1702689,XAUUSD,100,2.8823E+17,2.8823E+17,2.8823E+17,2.8823E+17,365,2026-07-03T09:23:40.000Z,2026-07-03T09:29:45.000Z,47.4,-48.45,42.14,-5.26,0,0.15,4175.21,4172.27,4177.94,4170.13,SELL,USD,1,1,1583663
D#1671048,XAUUSD,100,2.8823E+17,2.8823E+17,2.8823E+17,2.8823E+17,30,2026-07-03T09:29:24.000Z,2026-07-03T09:29:54.000Z,-20.52,16.53,-40.48,-19.96,0,0.57,4172.14,4172.72,4172.31,,SELL,USD,1,1,1583663
D#1670958,XAUUSD,100,2.8823E+17,2.8823E+17,2.8823E+17,2.8823E+17,1608,2026-07-03T09:03:08.000Z,2026-07-03T09:29:56.000Z,45.9,-46.32,43.8,-2.1,0,0.06,4180.01,4172.58,4188.04,4162.17,SELL,USD,1,1,1583663
D#1702711,XAUUSD,100,2.8823E+17,2.8823E+17,2.8823E+17,2.8823E+17,2393,2026-07-03T08:50:26.000Z,2026-07-03T09:30:19.000Z,53.04,-53.6,50.24,-2.8,0,0.08,4177.92,4171.51,4186,4159,SELL,USD,1,1,1583663
D#1670873,XAUUSD,100,2.8823E+17,2.8823E+17,2.8823E+17,2.8823E+17,174,2026-07-03T09:27:27.000Z,2026-07-03T09:30:21.000Z,55.2,-58,41.2,-14,0,0.4,4172.66,4171.5,,,SELL,USD,1,1,1583663
D#1671048,XAUUSD,100,2.8823E+17,2.8823E+17,2.8823E+17,2.8823E+17,23,2026-07-03T09:29:59.000Z,2026-07-03T09:30:22.000Z,49.59,-53.58,29.63,-19.96,0,0.57,4172.42,4171.77,4171.65,,SELL,USD,1,1,1583663
D#1614607,XAUUSD,100,2.8823E+17,2.8823E+17,2.8823E+17,2.8823E+17,3820,2026-07-03T08:27:20.000Z,2026-07-03T09:31:00.000Z,115.9,-116.6,112.4,-3.5,0,0.1,4182.13,4170.76,4187.38,4170.63,SELL,USD,1,1,1583663
D#1670920,XAUUSD,100,2.8823E+17,2.8823E+17,2.8823E+17,2.8823E+17,7499,2026-07-03T07:26:12.000Z,2026-07-03T09:31:11.000Z,39.6,-41,32.6,-7,0,0.2,4174,4172.24,4200.6,4170.26,SELL,USD,1,1,1583663
D#1671048,XAUUSD,100,2.8823E+17,2.8823E+17,2.8823E+17,2.8823E+17,47,2026-07-03T09:30:27.000Z,2026-07-03T09:31:14.000Z,-41.61,37.62,-61.57,-19.96,0,0.57,4171.46,4172.41,4172.22,,SELL,USD,1,1,1583663
D#1702583,XAUUSD,100,2.8823E+17,2.8823E+17,2.8823E+17,2.8823E+17,17374,2026-07-03T04:42:12.000Z,2026-07-03T09:31:46.000Z,40.8,-41.5,37.3,-3.5,0,0.1,4176.06,4172.2,,,SELL,USD,1,1,1583663
D#1670873,XAUUSD,100,2.8823E+17,2.8823E+17,2.8823E+17,2.8823E+17,128,2026-07-03T09:30:28.000Z,2026-07-03T09:32:36.000Z,-46,43.2,-60,-14,0,0.4,4171.52,4172.89,,,SELL,USD,1,1,1583663
D#1702340,XAUUSD,100,2.8823E+17,2.8823E+17,2.8823E+17,2.8823E+17,10,2026-07-03T09:33:10.000Z,2026-07-03T09:33:20.000Z,-40,36.5,-57.5,-17.5,0,0.5,4172.82,4171.8,,,BUY,USD,1,1,1583663
D#1702632,XAUUSD,100,2.8823E+17,2.8823E+17,2.8823E+17,2.8823E+17,128,2026-07-03T09:31:20.000Z,2026-07-03T09:33:28.000Z,-38.86,36.83,-49.02,-10.16,0,0.29,4172.79,4171.23,,4174.14,BUY,USD,1,1,1583663
D#1702511,XAUUSD,100,2.8823E+17,2.8823E+17,2.8823E+17,2.8823E+17,1299,2026-07-03T09:12:01.000Z,2026-07-03T09:33:40.000Z,159.4,-160.8,152.4,-7,0,0.2,4178.04,4170.29,4182.68,4170.39,SELL,USD,1,1,1583663
D#1702432,XAUUSD,100,2.8823E+17,2.8823E+17,2.8823E+17,2.8823E+17,374,2026-07-03T09:27:26.000Z,2026-07-03T09:33:40.000Z,-25.2,24.5,-28.7,-3.5,0,0.1,4172.86,4170.12,4170.46,4183.22,BUY,USD,1,1,1583663
D#1670873,XAUUSD,100,2.8823E+17,2.8823E+17,2.8823E+17,2.8823E+17,65,2026-07-03T09:32:37.000Z,2026-07-03T09:33:42.000Z,-102.4,99.6,-116.4,-14,0,0.4,4172.9,4170.12,,,BUY,USD,1,1,1583663
D#1671067,XAUUSD,100,2.8823E+17,2.8823E+17,2.8823E+17,2.8823E+17,2485,2026-07-03T08:52:29.000Z,2026-07-03T09:33:54.000Z,166.8,-168.2,159.8,-7,0,0.2,4177.39,4169.27,4186.51,4169.36,SELL,USD,1,1,1583663
D#1670973,XAUUSD,100,2.8823E+17,2.8823E+17,2.8823E+17,2.8823E+17,760,2026-07-03T09:21:14.000Z,2026-07-03T09:33:54.000Z,120.9,-121.95,115.64,-5.26,0,0.15,4177.11,4169.27,4186.6,4169.2,SELL,USD,1,1,1583663
D#1614603,XAUUSD,100,2.8823E+17,2.8823E+17,2.8823E+17,2.8823E+17,282,2026-07-03T09:29:12.000Z,2026-07-03T09:33:54.000Z,-109.44,106.92,-122.04,-12.6,0,0.36,4172.36,4169.1,4169.33,4181.25,BUY,USD,1,1,1583663
D#1702480,XAUUSD,100,2.8823E+17,2.8823E+17,2.8823E+17,2.8823E+17,1159,2026-07-03T09:14:51.000Z,2026-07-03T09:34:10.000Z,-546,542.5,-563.5,-17.5,0,0.5,4180.09,4168.95,,4182,BUY,USD,1,1,1583663
D#1702591,XAUUSD,100,2.8823E+17,2.8823E+17,2.8823E+17,2.8823E+17,180,2026-07-03T09:31:20.000Z,2026-07-03T09:34:20.000Z,-10.62,10.41,-11.68,-1.06,0,0.03,4172.79,4169.03,,,BUY,USD,1,1,1583663
D#1614603,XAUUSD,100,2.8823E+17,2.8823E+17,2.8823E+17,2.8823E+17,32,2026-07-03T09:34:08.000Z,2026-07-03T09:34:40.000Z,-65,61.36,-83.2,-18.2,0,0.52,4168.86,4170.33,,,SELL,USD,1,1,1583663
D#1702701,XAUUSD,100,2.8823E+17,2.8823E+17,2.8823E+17,2.8823E+17,306,2026-07-03T09:29:52.000Z,2026-07-03T09:34:58.000Z,-31.05,30,-36.31,-5.26,0,0.15,4172.06,4169.77,4163.21,4177.11,BUY,USD,1,1,1583663
D#1702543,XAUUSD,100,2.8823E+17,2.8823E+17,2.8823E+17,2.8823E+17,2351,2026-07-03T08:57:37.000Z,2026-07-03T09:36:48.000Z,51.32,-51.81,48.86,-2.46,0,0.07,4180.53,4169.7,,,SELL,USD,1,1,1583663
D#1702718,XAUUSD,100,2.8823E+17,2.8823E+17,2.8823E+17,2.8823E+17,377,2026-07-03T09:30:43.000Z,2026-07-03T09:37:00.000Z,21,-21.7,17.5,-3.5,0,0.1,4171.64,4169.76,,4164.21,SELL,USD,1,1,1583663
D#1702726,XAUUSD,100,2.8823E+17,2.8823E+17,2.8823E+17,2.8823E+17,4017,2026-07-03T08:30:10.000Z,2026-07-03T09:37:07.000Z,138.2,-138.9,134.7,-3.5,0,0.1,4183.62,4170.02,4182.97,4158.1,SELL,USD,1,1,1583663
D#1670935,XAUUSD,100,2.8823E+17,2.8823E+17,2.8823E+17,2.8823E+17,3196,2026-07-03T08:44:02.000Z,2026-07-03T09:37:18.000Z,129.3,-130,125.8,-3.5,0,0.1,4182.87,4170.16,4187.59,4160.95,SELL,USD,1,1,1583663
D#1589378,XAUUSD,100,2.8823E+17,2.8823E+17,2.8823E+17,2.8823E+17,667,2026-07-03T09:26:53.000Z,2026-07-03T09:38:00.000Z,-114.18,111.87,-125.74,-11.56,0,0.33,4172.94,4169.26,,,BUY,USD,1,1,1583663
D#1702363,XAUUSD,100,2.8823E+17,2.8823E+17,2.8823E+17,2.8823E+17,280,2026-07-03T09:33:25.000Z,2026-07-03T09:38:05.000Z,104.8,-107.6,90.8,-14,0,0.4,4171.54,4169.14,,4168.84,SELL,USD,1,1,1583663
D#1702340,XAUUSD,100,2.8823E+17,2.8823E+17,2.8823E+17,2.8823E+17,277,2026-07-03T09:33:31.000Z,2026-07-03T09:38:08.000Z,104,-107.5,86.5,-17.5,0,0.5,4171,4169.14,,4165.81,SELL,USD,1,1,1583663
D#1702348,XAUUSD,100,2.8823E+17,2.8823E+17,2.8823E+17,2.8823E+17,5307,2026-07-03T08:09:53.000Z,2026-07-03T09:38:20.000Z,-192.75,191.7,-198.01,-5.26,0,0.15,4182.05,4168.98,,4208.62,BUY,USD,1,1,1583663
D#1702356,XAUUSD,100,2.8823E+17,2.8823E+17,2.8823E+17,2.8823E+17,6528,2026-07-03T07:49:33.000Z,2026-07-03T09:38:21.000Z,-228.2,226.8,-235.2,-7,0,0.2,4180.62,4168.99,,,BUY,USD,1,1,1583663
D#1702632,XAUUSD,100,2.8823E+17,2.8823E+17,2.8823E+17,2.8823E+17,297,2026-07-03T09:33:47.000Z,2026-07-03T09:38:44.000Z,-10.44,8.41,-20.6,-10.16,0,0.29,4169.7,4170.28,,4166.78,SELL,USD,1,1,1583663
D#1702739,XAUUSD,100,2.8823E+17,2.8823E+17,2.8823E+17,2.8823E+17,170,2026-07-03T09:36:37.000Z,2026-07-03T09:39:27.000Z,-63,59.5,-80.5,-17.5,0,0.5,4169.76,4171.24,4171.11,4168.05,SELL,USD,1,1,1583663
D#1702677,XAUUSD,100,2.8823E+17,2.8823E+17,2.8823E+17,2.8823E+17,154,2026-07-03T09:36:53.000Z,2026-07-03T09:39:27.000Z,-39.4,38,-46.4,-7,0,0.2,4169.25,4171.44,4171.19,4161.7,SELL,USD,1,1,1583663
D#1702718,XAUUSD,100,2.8823E+17,2.8823E+17,2.8823E+17,2.8823E+17,149,2026-07-03T09:39:06.000Z,2026-07-03T09:41:35.000Z,-2.4,1.7,-5.9,-3.5,0,0.1,4170.27,4170.73,,,SELL,USD,1,1,1583663
D#1702485,XAUUSD,100,2.8823E+17,2.8823E+17,2.8823E+17,2.8823E+17,973,2026-07-03T09:27:42.000Z,2026-07-03T09:43:55.000Z,3.96,-4.24,2.56,-1.4,0,0.04,4172.05,4171.28,4173.99,4163.62,SELL,USD,1,1,1583663
D#1702721,XAUUSD,100,2.8823E+17,2.8823E+17,2.8823E+17,2.8823E+17,195,2026-07-03T09:41:07.000Z,2026-07-03T09:44:22.000Z,98,-101.5,80.5,-17.5,0,0.5,4170.67,4172.41,,,BUY,USD,1,1,1583663
D#1702739,XAUUSD,100,2.8823E+17,2.8823E+17,2.8823E+17,2.8823E+17,401,2026-07-03T09:39:31.000Z,2026-07-03T09:46:12.000Z,83.5,-87,66,-17.5,0,0.5,4171.3,4172.75,4171.2,4172.79,BUY,USD,1,1,1583663
D#1702363,XAUUSD,100,2.8823E+17,2.8823E+17,2.8823E+17,2.8823E+17,452,2026-07-03T09:39:22.000Z,2026-07-03T09:46:54.000Z,114.4,-117.2,100.4,-14,0,0.4,4170.4,4173.04,,4172.95,BUY,USD,1,1,1583663
D#1702632,XAUUSD,100,2.8823E+17,2.8823E+17,2.8823E+17,2.8823E+17,510,2026-07-03T09:39:01.000Z,2026-07-03T09:47:31.000Z,43.5,-45.53,33.34,-10.16,0,0.29,4170.99,4172.27,,4174.08,BUY,USD,1,1,1583663
D#1702583,XAUUSD,100,2.8823E+17,2.8823E+17,2.8823E+17,2.8823E+17,782,2026-07-03T09:34:33.000Z,2026-07-03T09:47:35.000Z,42,-43.4,35,-7,0,0.2,4170.44,4172.32,,,BUY,USD,1,1,1583663
D#1702739,XAUUSD,100,2.8823E+17,2.8823E+17,2.8823E+17,2.8823E+17,71,2026-07-03T09:47:15.000Z,2026-07-03T09:48:26.000Z,-5,1.5,-22.5,-17.5,0,0.5,4173.13,4173.45,4173.24,4171.64,SELL,USD,1,1,1583663
D#1702721,XAUUSD,100,2.8823E+17,2.8823E+17,2.8823E+17,2.8823E+17,131,2026-07-03T09:48:30.000Z,2026-07-03T09:50:41.000Z,77,-80.5,59.5,-17.5,0,0.5,4173.49,4172.17,4173.58,4172.08,SELL,USD,1,1,1583663
D#1702739,XAUUSD,100,2.8823E+17,2.8823E+17,2.8823E+17,2.8823E+17,105,2026-07-03T09:48:57.000Z,2026-07-03T09:50:42.000Z,79,-82.5,61.5,-17.5,0,0.5,4173.47,4172.11,4173.57,4171.99,SELL,USD,1,1,1583663
D#1702739,XAUUSD,100,2.8823E+17,2.8823E+17,2.8823E+17,2.8823E+17,62,2026-07-03T09:50:54.000Z,2026-07-03T09:51:56.000Z,80,-83.5,62.5,-17.5,0,0.5,4171.82,4173.2,4171.27,4173.31,BUY,USD,1,1,1583663
D#1702721,XAUUSD,100,2.8823E+17,2.8823E+17,2.8823E+17,2.8823E+17,61,2026-07-03T09:51:02.000Z,2026-07-03T09:52:03.000Z,81,-84.5,63.5,-17.5,0,0.5,4171.98,4173.38,4171.91,4173.49,BUY,USD,1,1,1583663
D#1702632,XAUUSD,100,2.8823E+17,2.8823E+17,2.8823E+17,2.8823E+17,168,2026-07-03T09:51:50.000Z,2026-07-03T09:54:38.000Z,51.33,-53.36,41.17,-10.16,0,0.29,4172.94,4174.49,,4174.56,BUY,USD,1,1,1583663
D#1702739,XAUUSD,100,2.8823E+17,2.8823E+17,2.8823E+17,2.8823E+17,130,2026-07-03T09:52:49.000Z,2026-07-03T09:54:59.000Z,70.5,-74,53,-17.5,0,0.5,4173.6,4174.79,4172.97,4174.99,BUY,USD,1,1,1583663
D#1670986,XAUUSD,100,2.8823E+17,2.8823E+17,2.8823E+17,2.8823E+17,2228,2026-07-03T09:17:54.000Z,2026-07-03T09:55:02.000Z,8.16,-8.58,6.06,-2.1,0,0.06,4176.3,4175.16,4174.92,4158.1,SELL,USD,1,1,1583663
D#1702701,XAUUSD,100,2.8823E+17,2.8823E+17,2.8823E+17,2.8823E+17,1069,2026-07-03T09:37:13.000Z,2026-07-03T09:55:02.000Z,78,-79.05,72.74,-5.26,0,0.15,4170.05,4175.03,4156.08,4175.15,BUY,USD,1,1,1583663
D#1702340,XAUUSD,100,2.8823E+17,2.8823E+17,2.8823E+17,2.8823E+17,922,2026-07-03T09:39:40.000Z,2026-07-03T09:55:02.000Z,-198.5,195,-216,-17.5,0,0.5,4170.97,4175.16,4174.96,4167.93,SELL,USD,1,1,1583663
D#1702718,XAUUSD,100,2.8823E+17,2.8823E+17,2.8823E+17,2.8823E+17,187,2026-07-03T09:51:58.000Z,2026-07-03T09:55:05.000Z,-17.2,16.5,-20.7,-3.5,0,0.1,4173.25,4175.19,,4170.16,SELL,USD,1,1,1583663
D#1671080,XAUUSD,100,2.8823E+17,2.8823E+17,2.8823E+17,2.8823E+17,443,2026-07-03T09:48:38.000Z,2026-07-03T09:56:01.000Z,14.25,-15.3,8.99,-5.26,0,0.15,4173.66,4174.39,,,BUY,USD,1,1,1583663
D#1702721,XAUUSD,100,2.8823E+17,2.8823E+17,2.8823E+17,2.8823E+17,118,2026-07-03T09:55:00.000Z,2026-07-03T09:56:58.000Z,92.5,-96,75,-17.5,0,0.5,4174.82,4173.19,4174.88,4173.33,SELL,USD,1,1,1583663
D#1702739,XAUUSD,100,2.8823E+17,2.8823E+17,2.8823E+17,2.8823E+17,117,2026-07-03T09:55:01.000Z,2026-07-03T09:56:58.000Z,92.5,-96,75,-17.5,0,0.5,4174.82,4173.19,4175.66,4173.33,SELL,USD,1,1,1583663
D#1702473,XAUUSD,100,2.8823E+17,2.8823E+17,2.8823E+17,2.8823E+17,1856,2026-07-03T09:26:26.000Z,2026-07-03T09:57:22.000Z,-11.6,10.9,-15.1,-3.5,0,0.1,4173.99,4172.61,4167.98,4185.17,BUY,USD,1,1,1583663
D#1702470,XAUUSD,100,2.8823E+17,2.8823E+17,2.8823E+17,2.8823E+17,1188,2026-07-03T09:39:22.000Z,2026-07-03T09:59:10.000Z,47.8,-49.2,40.8,-7,0,0.2,4170.4,4172.57,4172.74,4176.07,BUY,USD,1,1,1583663
D#1702721,XAUUSD,100,2.8823E+17,2.8823E+17,2.8823E+17,2.8823E+17,70,2026-07-03T09:58:01.000Z,2026-07-03T09:59:11.000Z,-17.5,14,-35,-17.5,0,0.5,4173.14,4172.57,4172.73,4174.66,BUY,USD,1,1,1583663
D#1702739,XAUUSD,100,2.8823E+17,2.8823E+17,2.8823E+17,2.8823E+17,148,2026-07-03T09:57:29.000Z,2026-07-03T09:59:57.000Z,-28.5,25,-46,-17.5,0,0.5,4172.83,4172.04,4172.21,4174.35,BUY,USD,1,1,1583663
D#1702340,XAUUSD,100,2.8823E+17,2.8823E+17,2.8823E+17,2.8823E+17,282,2026-07-03T09:55:29.000Z,2026-07-03T10:00:11.000Z,-151.5,148,-169,-17.5,0,0.5,4174.72,4171.47,,4180.59,BUY,USD,1,1,1583663
D#1702689,XAUUSD,100,2.8823E+17,2.8823E+17,2.8823E+17,2.8823E+17,918,2026-07-03T09:45:03.000Z,2026-07-03T10:00:21.000Z,9.15,-10.2,3.89,-5.26,0,0.15,4172.19,4171.8,,,SELL,USD,1,1,1583663
D#1702739,XAUUSD,100,2.8823E+17,2.8823E+17,2.8823E+17,2.8823E+17,27,2026-07-03T10:00:10.000Z,2026-07-03T10:00:37.000Z,-52,48.5,-69.5,-17.5,0,0.5,4171.47,4172.73,4172.5,,SELL,USD,1,1,1583663
D#1702721,XAUUSD,100,2.8823E+17,2.8823E+17,2.8823E+17,2.8823E+17,43,2026-07-03T10:00:01.000Z,2026-07-03T10:00:44.000Z,82.5,-86,65,-17.5,0,0.5,4171.5,4172.93,4170.96,4173.01,BUY,USD,1,1,1583663
D#1671048,XAUUSD,100,2.8823E+17,2.8823E+17,2.8823E+17,2.8823E+17,107,2026-07-03T09:59:36.000Z,2026-07-03T10:01:23.000Z,-127.02,122.96,-147.32,-20.3,0,0.58,4172.46,4174.87,,,SELL,USD,1,1,1583663
D#1702592,XAUUSD,100,2.8823E+17,2.8823E+17,2.8823E+17,2.8823E+17,4270,2026-07-03T08:50:38.000Z,2026-07-03T10:01:48.000Z,59.6,-61,52.6,-7,0,0.2,4177.97,4175.21,,,SELL,USD,1,1,1583663
D#1702619,XAUUSD,100,2.8823E+17,2.8823E+17,2.8823E+17,2.8823E+17,982,2026-07-03T09:45:28.000Z,2026-07-03T10:01:50.000Z,-28.2,27.5,-31.7,-3.5,0,0.1,4172.42,4175.46,4175.37,4161,SELL,USD,1,1,1583663
D#1702704,XAUUSD,100,2.8823E+17,2.8823E+17,2.8823E+17,2.8823E+17,2134,2026-07-03T09:26:26.000Z,2026-07-03T10:02:00.000Z,102,-105.5,84.5,-17.5,0,0.5,4173.97,4175.79,,4175.86,BUY,USD,1,1,1583663
D#1702681,XAUUSD,100,2.8823E+17,2.8823E+17,2.8823E+17,2.8823E+17,2118,2026-07-03T09:26:42.000Z,2026-07-03T10:02:00.000Z,118.8,-121.6,104.8,-14,0,0.4,4173.04,4175.79,4166.33,4175.78,BUY,USD,1,1,1583663
D#1702390,XAUUSD,100,2.8823E+17,2.8823E+17,2.8823E+17,2.8823E+17,283,2026-07-03T09:57:17.000Z,2026-07-03T10:02:00.000Z,-50.4,49,-57.4,-7,0,0.2,4173.08,4175.82,4175.67,4163.8,SELL,USD,1,1,1583663
D#1671080,XAUUSD,100,2.8823E+17,2.8823E+17,2.8823E+17,2.8823E+17,114,2026-07-03T10:00:08.000Z,2026-07-03T10:02:02.000Z,-87.4,86,-94.4,-7,0,0.2,4171.44,4176.03,4175.88,,SELL,USD,1,1,1583663
D#1702583,XAUUSD,100,2.8823E+17,2.8823E+17,2.8823E+17,2.8823E+17,777,2026-07-03T09:49:59.000Z,2026-07-03T10:02:56.000Z,28.2,-29.6,21.2,-7,0,0.2,4173.21,4174.4,,,BUY,USD,1,1,1583663
D#1702721,XAUUSD,100,2.8823E+17,2.8823E+17,2.8823E+17,2.8823E+17,53,2026-07-03T10:02:04.000Z,2026-07-03T10:02:57.000Z,80.5,-84,63,-17.5,0,0.5,4175.91,4174.52,4176.79,4174.37,SELL,USD,1,1,1583663
D#1702577,XAUUSD,100,2.8823E+17,2.8823E+17,2.8823E+17,2.8823E+17,173,2026-07-03T10:01:49.000Z,2026-07-03T10:04:42.000Z,6.5,-7.2,3,-3.5,0,0.1,4175.21,4175.64,,,BUY,USD,1,1,1583663
D#1702721,XAUUSD,100,2.8823E+17,2.8823E+17,2.8823E+17,2.8823E+17,65,2026-07-03T10:03:39.000Z,2026-07-03T10:04:44.000Z,-17.5,14,-35,-17.5,0,0.5,4175.25,4175.82,4175.71,4174.36,SELL,USD,1,1,1583663
D#1702625,XAUUSD,100,2.8823E+17,2.8823E+17,2.8823E+17,2.8823E+17,143,2026-07-03T10:02:30.000Z,2026-07-03T10:04:53.000Z,-22,20.25,-30.76,-8.76,0,0.25,4175.03,4176.13,4176.02,4161.06,SELL,USD,1,1,1583663
D#1702739,XAUUSD,100,2.8823E+17,2.8823E+17,2.8823E+17,2.8823E+17,204,2026-07-03T10:01:57.000Z,2026-07-03T10:05:21.000Z,-35.5,32,-53,-17.5,0,0.5,4175.45,4176.38,4176.22,4173.96,SELL,USD,1,1,1583663
D#1702577,XAUUSD,100,2.8823E+17,2.8823E+17,2.8823E+17,2.8823E+17,117,2026-07-03T10:04:45.000Z,2026-07-03T10:06:42.000Z,12.4,-13.1,8.9,-3.5,0,0.1,4175.84,4176.86,,,BUY,USD,1,1,1583663
D#1702677,XAUUSD,100,2.8823E+17,2.8823E+17,2.8823E+17,2.8823E+17,1607,2026-07-03T09:40:22.000Z,2026-07-03T10:07:09.000Z,92.8,-94.2,85.8,-7,0,0.2,4172.05,4176.47,4168.75,4179.54,BUY,USD,1,1,1583663
D#1702577,XAUUSD,100,2.8823E+17,2.8823E+17,2.8823E+17,2.8823E+17,41,2026-07-03T10:06:44.000Z,2026-07-03T10:07:25.000Z,2.5,-3.2,-1,-3.5,0,0.1,4177.01,4177.04,,,BUY,USD,1,1,1583663
D#1702625,XAUUSD,100,2.8823E+17,2.8823E+17,2.8823E+17,2.8823E+17,29,2026-07-03T10:07:07.000Z,2026-07-03T10:07:36.000Z,-6.75,5,-15.51,-8.76,0,0.25,4176.43,4176.92,,,SELL,USD,1,1,1583663
D#1702577,XAUUSD,100,2.8823E+17,2.8823E+17,2.8823E+17,2.8823E+17,11,2026-07-03T10:07:28.000Z,2026-07-03T10:07:39.000Z,3.3,-4,-0.2,-3.5,0,0.1,4177.05,4176.94,,,SELL,USD,1,1,1583663
D#1702625,XAUUSD,100,2.8823E+17,2.8823E+17,2.8823E+17,2.8823E+17,13,2026-07-03T10:07:40.000Z,2026-07-03T10:07:53.000Z,-5.75,4,-14.51,-8.76,0,0.25,4176.82,4177.27,,,SELL,USD,1,1,1583663
D#1702739,XAUUSD,100,2.8823E+17,2.8823E+17,2.8823E+17,2.8823E+17,156,2026-07-03T10:05:30.000Z,2026-07-03T10:08:06.000Z,86,-89.5,68.5,-17.5,0,0.5,4176.43,4177.93,4175.6,4177.93,BUY,USD,1,1,1583663
D#1702721,XAUUSD,100,2.8823E+17,2.8823E+17,2.8823E+17,2.8823E+17,88,2026-07-03T10:06:38.000Z,2026-07-03T10:08:06.000Z,-25.5,22,-43,-17.5,0,0.5,4177.01,4177.74,4177.57,4175.49,SELL,USD,1,1,1583663
D#1702596,XAUUSD,100,2.8823E+17,2.8823E+17,2.8823E+17,2.8823E+17,66,2026-07-03T10:07:03.000Z,2026-07-03T10:08:09.000Z,-70.65,67.5,-86.41,-15.76,0,0.45,4176.49,4178.28,4178.15,,SELL,USD,1,1,1583663
D#1702625,XAUUSD,100,2.8823E+17,2.8823E+17,2.8823E+17,2.8823E+17,4,2026-07-03T10:08:07.000Z,2026-07-03T10:08:11.000Z,-2.75,1,-11.51,-8.76,0,0.25,4177.93,4178.26,,,SELL,USD,1,1,1583663
D#1670873,XAUUSD,100,2.8823E+17,2.8823E+17,2.8823E+17,2.8823E+17,2077,2026-07-03T09:33:44.000Z,2026-07-03T10:08:21.000Z,-324,321.2,-338,-14,0,0.4,4169.91,4178.23,,,SELL,USD,1,1,1583663
D#1670972,XAUUSD,100,2.8823E+17,2.8823E+17,2.8823E+17,2.8823E+17,1321,2026-07-03T09:46:26.000Z,2026-07-03T10:08:27.000Z,104,-105.4,97,-7,0,0.2,4172.84,4177.82,4166.34,4179.73,BUY,USD,1,1,1583663
D#1702662,XAUUSD,100,2.8823E+17,2.8823E+17,2.8823E+17,2.8823E+17,3367,2026-07-03T09:12:24.000Z,2026-07-03T10:08:31.000Z,0.37,-0.44,0.01,-0.36,0,0.01,4178.57,4178.42,4178.32,4146.91,SELL,USD,1,1,1583663
D#1702473,XAUUSD,100,2.8823E+17,2.8823E+17,2.8823E+17,2.8823E+17,647,2026-07-03T09:57:44.000Z,2026-07-03T10:08:31.000Z,-49.5,48.8,-53,-3.5,0,0.1,4173.25,4178.42,4178.29,4162.57,SELL,USD,1,1,1583663
D#1702681,XAUUSD,100,2.8823E+17,2.8823E+17,2.8823E+17,2.8823E+17,270,2026-07-03T10:04:04.000Z,2026-07-03T10:08:34.000Z,-66.8,65.4,-73.8,-7,0,0.2,4175.17,4178.73,4178.5,4174.1,SELL,USD,1,1,1583663
D#1702701,XAUUSD,100,2.8823E+17,2.8823E+17,2.8823E+17,2.8823E+17,596,2026-07-03T09:58:39.000Z,2026-07-03T10:08:35.000Z,79.65,-80.7,74.39,-5.26,0,0.15,4173.48,4178.57,4153.06,4178.68,BUY,USD,1,1,1583663
D#1702748,XAUUSD,100,2.8823E+17,2.8823E+17,2.8823E+17,2.8823E+17,188,2026-07-03T10:05:30.000Z,2026-07-03T10:08:38.000Z,-20.8,20.1,-24.3,-3.5,0,0.1,4176.53,4178.83,4191.64,4136.64,SELL,USD,1,1,1583663
D#1614602,XAUUSD,100,2.8823E+17,2.8823E+17,2.8823E+17,2.8823E+17,1023,2026-07-03T09:52:01.000Z,2026-07-03T10:09:04.000Z,75.6,-76.44,71.4,-4.2,0,0.12,4173.48,4179.56,4170.75,4179.58,BUY,USD,1,1,1583663
D#1702739,XAUUSD,100,2.8823E+17,2.8823E+17,2.8823E+17,2.8823E+17,9,2026-07-03T10:08:59.000Z,2026-07-03T10:09:08.000Z,-56,52.5,-73.5,-17.5,0,0.5,4179.04,4180.38,4180.21,,SELL,USD,1,1,1583663
D#1702689,XAUUSD,100,2.8823E+17,2.8823E+17,2.8823E+17,2.8823E+17,356,2026-07-03T10:03:13.000Z,2026-07-03T10:09:09.000Z,75.75,-76.8,70.49,-5.26,0,0.15,4175.38,4180.21,4168.66,4180.33,BUY,USD,1,1,1583663
D#1702467,XAUUSD,100,2.8823E+17,2.8823E+17,2.8823E+17,2.8823E+17,703,2026-07-03T09:57:38.000Z,2026-07-03T10:09:21.000Z,68.2,-68.9,64.7,-3.5,0,0.1,4173.22,4179.82,4168.9,4184.16,BUY,USD,1,1,1583663
D#1702739,XAUUSD,100,2.8823E+17,2.8823E+17,2.8823E+17,2.8823E+17,24,2026-07-03T10:09:16.000Z,2026-07-03T10:09:40.000Z,83,-86.5,65.5,-17.5,0,0.5,4180.2,4178.76,4180.98,4178.65,SELL,USD,1,1,1583663
D#1671048,XAUUSD,100,2.8823E+17,2.8823E+17,2.8823E+17,2.8823E+17,36,2026-07-03T10:09:14.000Z,2026-07-03T10:09:50.000Z,20.6,-21.3,17.1,-3.5,0,0.1,4180.5,4178.66,,,SELL,USD,1,1,1583663
D#1702721,XAUUSD,100,2.8823E+17,2.8823E+17,2.8823E+17,2.8823E+17,79,2026-07-03T10:09:03.000Z,2026-07-03T10:10:22.000Z,80.5,-84,63,-17.5,0,0.5,4179.44,4178.05,4179.51,4177.68,SELL,USD,1,1,1583663
D#1702674,XAUUSD,100,2.8823E+17,2.8823E+17,2.8823E+17,2.8823E+17,282,2026-07-03T10:08:05.000Z,2026-07-03T10:12:47.000Z,30.3,-31.35,25.04,-5.26,0,0.15,4177.55,4179.35,4174.1,4184.1,BUY,USD,1,1,1583663
D#1702728,XAUUSD,100,2.8823E+17,2.8823E+17,2.8823E+17,2.8823E+17,137,2026-07-03T10:10:34.000Z,2026-07-03T10:12:51.000Z,12.4,-13.1,8.9,-3.5,0,0.1,4178.41,4179.43,4174.81,,BUY,USD,1,1,1583663
D#1702596,XAUUSD,100,2.8823E+17,2.8823E+17,2.8823E+17,2.8823E+17,204,2026-07-03T10:09:34.000Z,2026-07-03T10:12:58.000Z,-41,37.5,-58.5,-17.5,0,0.5,4179.19,4180.23,4179.84,,SELL,USD,1,1,1583663
D#1702739,XAUUSD,100,2.8823E+17,2.8823E+17,2.8823E+17,2.8823E+17,183,2026-07-03T10:09:58.000Z,2026-07-03T10:13:01.000Z,81,-84.5,63.5,-17.5,0,0.5,4178.74,4180.14,4177.36,4180.24,BUY,USD,1,1,1583663
D#1671048,XAUUSD,100,2.8823E+17,2.8823E+17,2.8823E+17,2.8823E+17,196,2026-07-03T10:09:54.000Z,2026-07-03T10:13:10.000Z,-45,42.9,-55.5,-10.5,0,0.3,4178.56,4180.28,,,SELL,USD,1,1,1583663
D#1670958,XAUUSD,100,2.8823E+17,2.8823E+17,2.8823E+17,2.8823E+17,2046,2026-07-03T09:40:16.000Z,2026-07-03T10:14:22.000Z,44.65,-45,42.89,-1.76,0,0.05,4171.82,4180.53,4174.97,4187.13,BUY,USD,1,1,1583663
D#1702721,XAUUSD,100,2.8823E+17,2.8823E+17,2.8823E+17,2.8823E+17,207,2026-07-03T10:13:35.000Z,2026-07-03T10:17:02.000Z,50,-53.5,32.5,-17.5,0,0.5,4180.62,4179.84,4180.71,4179.39,SELL,USD,1,1,1583663
D#1702739,XAUUSD,100,2.8823E+17,2.8823E+17,2.8823E+17,2.8823E+17,225,2026-07-03T10:13:45.000Z,2026-07-03T10:17:30.000Z,73,-76.5,55.5,-17.5,0,0.5,4180.76,4179.52,4181.29,4179.24,SELL,USD,1,1,1583663
D#1702390,XAUUSD,100,2.8823E+17,2.8823E+17,2.8823E+17,2.8823E+17,884,2026-07-03T10:03:16.000Z,2026-07-03T10:18:00.000Z,122.26,-124.36,111.76,-10.5,0,0.3,4175.35,4179.07,4170.53,4183.77,BUY,USD,1,1,1583663
D#1702470,XAUUSD,100,2.8823E+17,2.8823E+17,2.8823E+17,2.8823E+17,893,2026-07-03T10:03:20.000Z,2026-07-03T10:18:13.000Z,67.6,-69,60.6,-7,0,0.2,4175.1,4178.26,4175.31,4180.98,BUY,USD,1,1,1583663
D#1702748,XAUUSD,100,2.8823E+17,2.8823E+17,2.8823E+17,2.8823E+17,581,2026-07-03T10:08:41.000Z,2026-07-03T10:18:22.000Z,-6.5,5.8,-10,-3.5,0,0.1,4179.03,4178.16,,4221.92,BUY,USD,1,1,1583663
D#1702739,XAUUSD,100,2.8823E+17,2.8823E+17,2.8823E+17,2.8823E+17,22,2026-07-03T10:18:15.000Z,2026-07-03T10:18:37.000Z,77,-80.5,59.5,-17.5,0,0.5,4178.37,4179.69,4177.49,4179.89,BUY,USD,1,1,1583663
D#1702718,XAUUSD,100,2.8823E+17,2.8823E+17,2.8823E+17,2.8823E+17,606,2026-07-03T10:09:07.000Z,2026-07-03T10:19:13.000Z,3.1,-3.8,-0.4,-3.5,0,0.1,4179.9,4179.81,4182.48,4177.05,SELL,USD,1,1,1583663
D#1702489,XAUUSD,100,2.8823E+17,2.8823E+17,2.8823E+17,2.8823E+17,4219,2026-07-03T09:09:14.000Z,2026-07-03T10:19:33.000Z,29.2,-30.6,22.2,-7,0,0.2,4178.66,4179.9,,4184.65,BUY,USD,1,1,1583663
D#1702728,XAUUSD,100,2.8823E+17,2.8823E+17,2.8823E+17,2.8823E+17,375,2026-07-03T10:13:37.000Z,2026-07-03T10:19:52.000Z,3.9,-4.6,0.4,-3.5,0,0.1,4180.64,4180.47,4180.31,,SELL,USD,1,1,1583663
D#1702748,XAUUSD,100,2.8823E+17,2.8823E+17,2.8823E+17,2.8823E+17,88,2026-07-03T10:18:25.000Z,2026-07-03T10:19:53.000Z,-20.5,19.8,-24,-3.5,0,0.1,4178.15,4180.42,,,SELL,USD,1,1,1583663
D#1702748,XAUUSD,100,2.8823E+17,2.8823E+17,2.8823E+17,2.8823E+17,23,2026-07-03T10:19:56.000Z,2026-07-03T10:20:19.000Z,-2,1.3,-5.5,-3.5,0,0.1,4180.4,4179.98,,,BUY,USD,1,1,1583663
D#1702596,XAUUSD,100,2.8823E+17,2.8823E+17,2.8823E+17,2.8823E+17,471,2026-07-03T10:14:32.000Z,2026-07-03T10:22:23.000Z,-41,37.5,-58.5,-17.5,0,0.5,4179.98,4181.02,4180.92,,SELL,USD,1,1,1583663
D#1702591,XAUUSD,100,2.8823E+17,2.8823E+17,2.8823E+17,2.8823E+17,2472,2026-07-03T09:41:57.000Z,2026-07-03T10:23:09.000Z,39.84,-40.12,38.44,-1.4,0,0.04,4170.76,4180.5,4170.78,4184.37,BUY,USD,1,1,1583663
D#1702728,XAUUSD,100,2.8823E+17,2.8823E+17,2.8823E+17,2.8823E+17,146,2026-07-03T10:20:54.000Z,2026-07-03T10:23:20.000Z,2.6,-4,-4.4,-7,0,0.2,4180.48,4180.39,4180.51,,BUY,USD,1,1,1583663
D#1702718,XAUUSD,100,2.8823E+17,2.8823E+17,2.8823E+17,2.8823E+17,138,2026-07-03T10:21:24.000Z,2026-07-03T10:23:42.000Z,3.5,-4.2,0,-3.5,0,0.1,4180.41,4180.28,,4178.16,SELL,USD,1,1,1583663
D#1702336,XAUUSD,100,2.8823E+17,2.8823E+17,2.8823E+17,2.8823E+17,239,2026-07-03T10:20:08.000Z,2026-07-03T10:24:07.000Z,1,-1.7,-2.5,-3.5,0,0.1,4179.95,4180.07,4184.99,4175.89,SELL,USD,1,1,1583663
D#1702739,XAUUSD,100,2.8823E+17,2.8823E+17,2.8823E+17,2.8823E+17,321,2026-07-03T10:18:47.000Z,2026-07-03T10:24:08.000Z,-8.5,5,-26,-17.5,0,0.5,4179.87,4179.48,4179.78,4181.37,BUY,USD,1,1,1583663
D#1702336,XAUUSD,100,2.8823E+17,2.8823E+17,2.8823E+17,2.8823E+17,11,2026-07-03T10:24:22.000Z,2026-07-03T10:24:33.000Z,-6.86,3.43,-24.02,-17.16,0,0.49,4180.04,4180.4,4181.16,4179.22,SELL,USD,1,1,1583663
D#1702336,XAUUSD,100,2.8823E+17,2.8823E+17,2.8823E+17,2.8823E+17,4,2026-07-03T10:24:38.000Z,2026-07-03T10:24:42.000Z,4.9,-8.33,-12.26,-17.16,0,0.49,4180.23,4180.35,,,SELL,USD,1,1,1583663
D#1702728,XAUUSD,100,2.8823E+17,2.8823E+17,2.8823E+17,2.8823E+17,49,2026-07-03T10:24:09.000Z,2026-07-03T10:24:58.000Z,14.2,-15.6,7.2,-7,0,0.2,4179.68,4180.17,4178.58,,BUY,USD,1,1,1583663
D#1702726,XAUUSD,100,2.8823E+17,2.8823E+17,2.8823E+17,2.8823E+17,2333,2026-07-03T09:46:11.000Z,2026-07-03T10:25:04.000Z,80.3,-81,76.8,-3.5,0,0.1,4172.71,4180.52,4174.03,4187.72,BUY,USD,1,1,1583663
D#1589378,XAUUSD,100,2.8823E+17,2.8823E+17,2.8823E+17,2.8823E+17,2574,2026-07-03T09:44:06.000Z,2026-07-03T10:27:00.000Z,244.45,-247.25,230.44,-14.01,0,0.4,4171.67,4180.58,4172.29,4183.02,BUY,USD,1,1,1583663
D#1702336,XAUUSD,100,2.8823E+17,2.8823E+17,2.8823E+17,2.8823E+17,196,2026-07-03T10:24:58.000Z,2026-07-03T10:28:14.000Z,-12.72,9.01,-31.28,-18.56,0,0.53,4180.17,4180.63,4181.16,4179.22,SELL,USD,1,1,1583663
D#1702390,XAUUSD,100,2.8823E+17,2.8823E+17,2.8823E+17,2.8823E+17,185,2026-07-03T10:25:36.000Z,2026-07-03T10:28:41.000Z,-13.44,11.97,-20.8,-7.36,0,0.21,4180.86,4180,4179.36,4184.17,BUY,USD,1,1,1583663
D#1702336,XAUUSD,100,2.8823E+17,2.8823E+17,2.8823E+17,2.8823E+17,25,2026-07-03T10:29:21.000Z,2026-07-03T10:29:46.000Z,18.04,-20.91,3.68,-14.36,0,0.41,4178.76,4178.54,4180.07,,SELL,USD,1,1,1583663
D#1702689,XAUUSD,100,2.8823E+17,2.8823E+17,2.8823E+17,2.8823E+17,527,2026-07-03T10:21:29.000Z,2026-07-03T10:30:16.000Z,-36.3,35.25,-41.56,-5.26,0,0.15,4180.86,4178.22,4175.04,4185.5,BUY,USD,1,1,1583663
D#1702728,XAUUSD,100,2.8823E+17,2.8823E+17,2.8823E+17,2.8823E+17,111,2026-07-03T10:28:28.000Z,2026-07-03T10:30:19.000Z,-45,43.6,-52,-7,0,0.2,4180.64,4178.17,4178.29,,BUY,USD,1,1,1583663
D#1702704,XAUUSD,100,2.8823E+17,2.8823E+17,2.8823E+17,2.8823E+17,855,2026-07-03T10:16:05.000Z,2026-07-03T10:30:20.000Z,108.5,-112,91,-17.5,0,0.5,4179.99,4178.04,,4178.1,SELL,USD,1,1,1583663
D#1702748,XAUUSD,100,2.8823E+17,2.8823E+17,2.8823E+17,2.8823E+17,594,2026-07-03T10:20:28.000Z,2026-07-03T10:30:22.000Z,-32.85,31.8,-38.11,-5.26,0,0.15,4180.25,4177.84,,4210.8,BUY,USD,1,1,1583663
D#1702336,XAUUSD,100,2.8823E+17,2.8823E+17,2.8823E+17,2.8823E+17,29,2026-07-03T10:30:12.000Z,2026-07-03T10:30:41.000Z,17.76,-21.12,0.96,-16.8,0,0.48,4178.23,4178.08,4179.38,4177.29,SELL,USD,1,1,1583663
D#1702740,XAUUSD,100,2.8823E+17,2.8823E+17,2.8823E+17,2.8823E+17,76,2026-07-03T10:30:11.000Z,2026-07-03T10:31:27.000Z,15.5,-19,-2,-17.5,0,0.5,4178.23,4178.14,,,SELL,USD,1,1,1583663
D#1702336,XAUUSD,100,2.8823E+17,2.8823E+17,2.8823E+17,2.8823E+17,16,2026-07-03T10:31:33.000Z,2026-07-03T10:31:49.000Z,-50.46,46.4,-70.76,-20.3,0,0.58,4177.86,4178.95,4178.84,4177.33,SELL,USD,1,1,1583663
D#1702581,XAUUSD,100,2.8823E+17,2.8823E+17,2.8823E+17,2.8823E+17,67,2026-07-03T10:31:03.000Z,2026-07-03T10:32:10.000Z,-12.15,9,-27.91,-15.76,0,0.45,4178,4178.49,,4175.83,SELL,USD,1,1,1583663
D#1702681,XAUUSD,100,2.8823E+17,2.8823E+17,2.8823E+17,2.8823E+17,1246,2026-07-03T10:12:04.000Z,2026-07-03T10:32:50.000Z,88.4,-91.2,74.4,-14,0,0.4,4179.56,4177.57,4182.9,4177.16,SELL,USD,1,1,1583663
D#1702336,XAUUSD,100,2.8823E+17,2.8823E+17,2.8823E+17,2.8823E+17,59,2026-07-03T10:32:17.000Z,2026-07-03T10:33:16.000Z,9.75,-10.66,5.19,-4.56,0,0.13,4178.31,4177.78,4179.13,4177.33,SELL,USD,1,1,1583663
D#1702711,XAUUSD,100,2.8823E+17,2.8823E+17,2.8823E+17,2.8823E+17,1529,2026-07-03T10:08:19.000Z,2026-07-03T10:33:48.000Z,-4.2,3.5,-7.7,-3.5,0,0.1,4178.19,4177.55,4171,4188,BUY,USD,1,1,1583663
D#1670957,XAUUSD,100,2.8823E+17,2.8823E+17,2.8823E+17,2.8823E+17,33,2026-07-03T10:34:03.000Z,2026-07-03T10:34:36.000Z,28,-31.5,10.5,-17.5,0,0.5,4177.79,4177.45,,,SELL,USD,1,1,1583663
D#1702412,XAUUSD,100,2.8823E+17,2.8823E+17,2.8823E+17,2.8823E+17,2724,2026-07-03T09:49:27.000Z,2026-07-03T10:34:51.000Z,25.45,-25.8,23.69,-1.76,0,0.05,4172.5,4177.37,4160.84,4214.82,BUY,USD,1,1,1583663
D#1702739,XAUUSD,100,2.8823E+17,2.8823E+17,2.8823E+17,2.8823E+17,144,2026-07-03T10:32:42.000Z,2026-07-03T10:35:06.000Z,-47.5,44,-65,-17.5,0,0.5,4177.69,4176.52,4176.78,4179.19,BUY,USD,1,1,1583663
D#1702674,XAUUSD,100,2.8823E+17,2.8823E+17,2.8823E+17,2.8823E+17,689,2026-07-03T10:23:42.000Z,2026-07-03T10:35:11.000Z,58.8,-59.85,53.54,-5.26,0,0.15,4180.15,4176.45,4183.58,4171.91,SELL,USD,1,1,1583663
D#1702358,XAUUSD,100,2.8823E+17,2.8823E+17,2.8823E+17,2.8823E+17,974,2026-07-03T10:20:10.000Z,2026-07-03T10:36:24.000Z,-38.7,38,-42.2,-3.5,0,0.1,4180.13,4176.04,4176.15,4186.11,BUY,USD,1,1,1583663
D#1670957,XAUUSD,100,2.8823E+17,2.8823E+17,2.8823E+17,2.8823E+17,64,2026-07-03T10:35:21.000Z,2026-07-03T10:36:25.000Z,21.5,-25,4,-17.5,0,0.5,4176.37,4176.16,,,SELL,USD,1,1,1583663
D#1702632,XAUUSD,100,2.8823E+17,2.8823E+17,2.8823E+17,2.8823E+17,420,2026-07-03T10:30:06.000Z,2026-07-03T10:37:06.000Z,80.1,-82.2,69.6,-10.5,0,0.3,4178.48,4176.03,,4175.58,SELL,USD,1,1,1583663
D#1670957,XAUUSD,100,2.8823E+17,2.8823E+17,2.8823E+17,2.8823E+17,23,2026-07-03T10:37:02.000Z,2026-07-03T10:37:25.000Z,13,-16.5,-4.5,-17.5,0,0.5,4176.06,4176.02,,,SELL,USD,1,1,1583663
D#1702740,XAUUSD,100,2.8823E+17,2.8823E+17,2.8823E+17,2.8823E+17,374,2026-07-03T10:31:45.000Z,2026-07-03T10:37:59.000Z,99.5,-103,82,-17.5,0,0.5,4178.33,4176.56,4176.42,,SELL,USD,1,1,1583663
D#1671080,XAUUSD,100,2.8823E+17,2.8823E+17,2.8823E+17,2.8823E+17,1912,2026-07-03T10:06:17.000Z,2026-07-03T10:38:09.000Z,-8,6.6,-15,-7,0,0.2,4176.59,4177.21,,,SELL,USD,1,1,1583663
D#1702390,XAUUSD,100,2.8823E+17,2.8823E+17,2.8823E+17,2.8823E+17,567,2026-07-03T10:29:05.000Z,2026-07-03T10:38:32.000Z,111.6,-114.4,97.6,-14,0,0.4,4179.3,4177.02,4178.71,4172.22,SELL,USD,1,1,1583663
D#1702739,XAUUSD,100,2.8823E+17,2.8823E+17,2.8823E+17,2.8823E+17,226,2026-07-03T10:36:29.000Z,2026-07-03T10:40:15.000Z,82,-85.5,64.5,-17.5,0,0.5,4176.08,4177.5,4176.07,4177.58,BUY,USD,1,1,1583663
D#1702583,XAUUSD,100,2.8823E+17,2.8823E+17,2.8823E+17,2.8823E+17,2185,2026-07-03T10:03:58.000Z,2026-07-03T10:40:23.000Z,-46.8,45.4,-53.8,-7,0,0.2,4175.06,4177.62,,,SELL,USD,1,1,1583663
D#1702596,XAUUSD,100,2.8823E+17,2.8823E+17,2.8823E+17,2.8823E+17,1007,2026-07-03T10:23:37.000Z,2026-07-03T10:40:24.000Z,137.5,-141,120,-17.5,0,0.5,4180.14,4177.61,4177.99,4172.09,SELL,USD,1,1,1583663
D#1702336,XAUUSD,100,2.8823E+17,2.8823E+17,2.8823E+17,2.8823E+17,398,2026-07-03T10:33:49.000Z,2026-07-03T10:40:27.000Z,3.42,-6.08,-9.88,-13.3,0,0.38,4177.52,4177.65,4177.53,4174.89,SELL,USD,1,1,1583663
D#1670957,XAUUSD,100,2.8823E+17,2.8823E+17,2.8823E+17,2.8823E+17,180,2026-07-03T10:37:35.000Z,2026-07-03T10:40:35.000Z,-55.5,52,-73,-17.5,0,0.5,4176.23,4177.56,4178.11,4174.9,SELL,USD,1,1,1583663
D#1702455,XAUUSD,100,2.8823E+17,2.8823E+17,2.8823E+17,2.8823E+17,1573,2026-07-03T10:14:28.000Z,2026-07-03T10:40:41.000Z,53.6,-55,46.6,-7,0,0.2,4179.98,4177.52,,4174.62,SELL,USD,1,1,1583663
D#1670957,XAUUSD,100,2.8823E+17,2.8823E+17,2.8823E+17,2.8823E+17,21,2026-07-03T10:40:40.000Z,2026-07-03T10:41:01.000Z,-28.5,25,-46,-17.5,0,0.5,4177.55,4176.76,,,BUY,USD,1,1,1583663
D#1702705,XAUUSD,100,2.8823E+17,2.8823E+17,2.8823E+17,2.8823E+17,66,2026-07-03T10:40:11.000Z,2026-07-03T10:41:17.000Z,-7,6.3,-10.5,-3.5,0,0.1,4177.2,4176.28,4176.58,4182.7,BUY,USD,1,1,1583663
D#1702390,XAUUSD,100,2.8823E+17,2.8823E+17,2.8823E+17,2.8823E+17,53,2026-07-03T10:40:25.000Z,2026-07-03T10:41:18.000Z,-32.4,30.3,-42.9,-10.5,0,0.3,4177.61,4176.31,4175.67,4183.97,BUY,USD,1,1,1583663
D#1702489,XAUUSD,100,2.8823E+17,2.8823E+17,2.8823E+17,2.8823E+17,355,2026-07-03T10:36:08.000Z,2026-07-03T10:42:03.000Z,0.4,-1.8,-6.6,-7,0,0.2,4176.6,4176.4,,,BUY,USD,1,1,1583663
D#1702596,XAUUSD,100,2.8823E+17,2.8823E+17,2.8823E+17,2.8823E+17,94,2026-07-03T10:41:04.000Z,2026-07-03T10:42:38.000Z,-18,14.5,-35.5,-17.5,0,0.5,4176.7,4177.28,4177.12,,SELL,USD,1,1,1583663
D#1702679,XAUUSD,100,2.8823E+17,2.8823E+17,2.8823E+17,2.8823E+17,356,2026-07-03T10:38:05.000Z,2026-07-03T10:44:01.000Z,10.6,-12,3.6,-7,0,0.2,4177.37,4177.68,,,BUY,USD,1,1,1583663
D#1702704,XAUUSD,100,2.8823E+17,2.8823E+17,2.8823E+17,2.8823E+17,398,2026-07-03T10:38:12.000Z,2026-07-03T10:44:50.000Z,37,-40.5,19.5,-17.5,0,0.5,4177.17,4177.69,,4178.46,BUY,USD,1,1,1583663
D#1702739,XAUUSD,100,2.8823E+17,2.8823E+17,2.8823E+17,2.8823E+17,292,2026-07-03T10:40:18.000Z,2026-07-03T10:45:10.000Z,-23.5,20,-41,-17.5,0,0.5,4177.5,4178.19,4178.05,4177.23,SELL,USD,1,1,1583663
D#1670972,XAUUSD,100,2.8823E+17,2.8823E+17,2.8823E+17,2.8823E+17,229,2026-07-03T10:41:25.000Z,2026-07-03T10:45:14.000Z,-13.32,12.69,-16.48,-3.16,0,0.09,4176.48,4178.18,,,SELL,USD,1,1,1583663
D#1702596,XAUUSD,100,2.8823E+17,2.8823E+17,2.8823E+17,2.8823E+17,166,2026-07-03T10:43:53.000Z,2026-07-03T10:46:39.000Z,-10.5,7,-28,-17.5,0,0.5,4177.82,4177.39,4177.28,,BUY,USD,1,1,1583663
D#1702477,XAUUSD,100,2.8823E+17,2.8823E+17,2.8823E+17,2.8823E+17,409,2026-07-03T10:40:06.000Z,2026-07-03T10:46:55.000Z,1.5,-5,-16,-17.5,0,0.5,4177.33,4177.14,4177.28,4181.15,BUY,USD,1,1,1583663
D#1671080,XAUUSD,100,2.8823E+17,2.8823E+17,2.8823E+17,2.8823E+17,226,2026-07-03T10:43:16.000Z,2026-07-03T10:47:02.000Z,8.75,-10.5,-0.01,-8.76,0,0.25,4176.93,4177.06,4177.1,,BUY,USD,1,1,1583663
D#1702739,XAUUSD,100,2.8823E+17,2.8823E+17,2.8823E+17,2.8823E+17,111,2026-07-03T10:45:19.000Z,2026-07-03T10:47:10.000Z,81,-84.5,63.5,-17.5,0,0.5,4178.23,4176.83,4179.1,4176.74,SELL,USD,1,1,1583663
D#1702477,XAUUSD,100,2.8823E+17,2.8823E+17,2.8823E+17,2.8823E+17,17,2026-07-03T10:47:11.000Z,2026-07-03T10:47:28.000Z,3,-6.5,-14.5,-17.5,0,0.5,4176.53,4176.69,,,SELL,USD,1,1,1583663
D#1702739,XAUUSD,100,2.8823E+17,2.8823E+17,2.8823E+17,2.8823E+17,16,2026-07-03T10:47:57.000Z,2026-07-03T10:48:13.000Z,-19,15.5,-36.5,-17.5,0,0.5,4176.54,4175.94,4176.11,,BUY,USD,1,1,1583663
D#1614602,XAUUSD,100,2.8823E+17,2.8823E+17,2.8823E+17,2.8823E+17,2316,2026-07-03T10:10:07.000Z,2026-07-03T10:48:43.000Z,-30.72,29.88,-34.92,-4.2,0,0.12,4178.26,4175.48,4175.73,4184.57,BUY,USD,1,1,1583663
D#1702336,XAUUSD,100,2.8823E+17,2.8823E+17,2.8823E+17,2.8823E+17,466,2026-07-03T10:40:57.000Z,2026-07-03T10:48:43.000Z,-55.5,52.91,-68.46,-12.96,0,0.37,4177.2,4175.48,4175.77,4181.23,BUY,USD,1,1,1583663
D#1702390,XAUUSD,100,2.8823E+17,2.8823E+17,2.8823E+17,2.8823E+17,388,2026-07-03T10:42:15.000Z,2026-07-03T10:48:43.000Z,-72.5,69,-90,-17.5,0,0.5,4177.15,4175.48,4175.69,4183.91,BUY,USD,1,1,1583663
D#1702443,XAUUSD,100,2.8823E+17,2.8823E+17,2.8823E+17,2.8823E+17,1735,2026-07-03T10:19:51.000Z,2026-07-03T10:48:46.000Z,-53.1,52.4,-56.6,-3.5,0,0.1,4180.41,4174.88,4175.3,4187.8,BUY,USD,1,1,1583663
D#1670957,XAUUSD,100,2.8823E+17,2.8823E+17,2.8823E+17,2.8823E+17,463,2026-07-03T10:41:06.000Z,2026-07-03T10:48:49.000Z,79.5,-83,62,-17.5,0,0.5,4176.58,4175.21,,,SELL,USD,1,1,1583663
D#1702739,XAUUSD,100,2.8823E+17,2.8823E+17,2.8823E+17,2.8823E+17,145,2026-07-03T10:48:48.000Z,2026-07-03T10:51:13.000Z,79.5,-83,62,-17.5,0,0.5,4175.2,4176.57,4174.48,4176.68,BUY,USD,1,1,1583663
D#1702705,XAUUSD,100,2.8823E+17,2.8823E+17,2.8823E+17,2.8823E+17,67,2026-07-03T10:50:06.000Z,2026-07-03T10:51:13.000Z,-7.5,6.8,-11,-3.5,0,0.1,4175.74,4176.71,4176.49,4173.58,SELL,USD,1,1,1583663
D#1702596,XAUUSD,100,2.8823E+17,2.8823E+17,2.8823E+17,2.8823E+17,249,2026-07-03T10:47:28.000Z,2026-07-03T10:51:37.000Z,0,-4.2,-21,-21,0,0.6,4176.54,4176.76,4176.65,,SELL,USD,1,1,1583663
D#1702739,XAUUSD,100,2.8823E+17,2.8823E+17,2.8823E+17,2.8823E+17,30,2026-07-03T10:51:18.000Z,2026-07-03T10:51:48.000Z,-24.5,21,-42,-17.5,0,0.5,4176.45,4177.16,4177,,SELL,USD,1,1,1583663
D#1702477,XAUUSD,100,2.8823E+17,2.8823E+17,2.8823E+17,2.8823E+17,142,2026-07-03T10:49:28.000Z,2026-07-03T10:51:50.000Z,-86,82.5,-103.5,-17.5,0,0.5,4175.29,4177.23,,,SELL,USD,1,1,1583663
D#1702748,XAUUSD,100,2.8823E+17,2.8823E+17,2.8823E+17,2.8823E+17,1283,2026-07-03T10:30:31.000Z,2026-07-03T10:51:54.000Z,12.6,-14,5.6,-7,0,0.2,4177.64,4177.23,,4152.75,SELL,USD,1,1,1583663
D#1702390,XAUUSD,100,2.8823E+17,2.8823E+17,2.8823E+17,2.8823E+17,190,2026-07-03T10:48:48.000Z,2026-07-03T10:51:58.000Z,-136.5,133,-154,-17.5,0,0.5,4175.03,4177.98,4178.24,4169.41,SELL,USD,1,1,1583663
D#1670957,XAUUSD,100,2.8823E+17,2.8823E+17,2.8823E+17,2.8823E+17,188,2026-07-03T10:49:03.000Z,2026-07-03T10:52:11.000Z,-144,140.5,-161.5,-17.5,0,0.5,4174.83,4177.93,,,SELL,USD,1,1,1583663
D#1702662,XAUUSD,100,2.8823E+17,2.8823E+17,2.8823E+17,2.8823E+17,246,2026-07-03T10:48:07.000Z,2026-07-03T10:52:13.000Z,-1.29,1.22,-1.65,-0.36,0,0.01,4176.45,4177.96,,,SELL,USD,1,1,1583663
D#1702748,XAUUSD,100,2.8823E+17,2.8823E+17,2.8823E+17,2.8823E+17,34,2026-07-03T10:52:05.000Z,2026-07-03T10:52:39.000Z,-54,50.5,-71.5,-17.5,0,0.5,4178.64,4177.34,,4188.93,BUY,USD,1,1,1583663
D#1702390,XAUUSD,100,2.8823E+17,2.8823E+17,2.8823E+17,2.8823E+17,37,2026-07-03T10:52:04.000Z,2026-07-03T10:52:41.000Z,-51.5,48,-69,-17.5,0,0.5,4178.58,4177.33,4174.42,,BUY,USD,1,1,1583663
D#1702596,XAUUSD,100,2.8823E+17,2.8823E+17,2.8823E+17,2.8823E+17,55,2026-07-03T10:52:15.000Z,2026-07-03T10:53:10.000Z,-13.2,9,-34.2,-21,0,0.6,4177.81,4178.25,4178.67,,SELL,USD,1,1,1583663
D#1702739,XAUUSD,100,2.8823E+17,2.8823E+17,2.8823E+17,2.8823E+17,72,2026-07-03T10:52:13.000Z,2026-07-03T10:53:25.000Z,-42.5,39,-60,-17.5,0,0.5,4177.98,4176.91,4177.05,4179.47,BUY,USD,1,1,1583663
D#1702477,XAUUSD,100,2.8823E+17,2.8823E+17,2.8823E+17,2.8823E+17,111,2026-07-03T10:51:59.000Z,2026-07-03T10:53:50.000Z,-111.5,108,-129,-17.5,0,0.5,4178.44,4175.99,,,BUY,USD,1,1,1583663
D#1702740,XAUUSD,100,2.8823E+17,2.8823E+17,2.8823E+17,2.8823E+17,946,2026-07-03T10:38:06.000Z,2026-07-03T10:53:52.000Z,61,-64.5,43.5,-17.5,0,0.5,4177.22,4176.22,,4168.26,SELL,USD,1,1,1583663
D#1702596,XAUUSD,100,2.8823E+17,2.8823E+17,2.8823E+17,2.8823E+17,121,2026-07-03T10:53:28.000Z,2026-07-03T10:55:29.000Z,-11.21,7.08,-31.87,-20.66,0,0.59,4176.99,4177.4,4177.84,,SELL,USD,1,1,1583663
D#1702718,XAUUSD,100,2.8823E+17,2.8823E+17,2.8823E+17,2.8823E+17,1449,2026-07-03T10:31:41.000Z,2026-07-03T10:55:50.000Z,8.2,-8.9,4.7,-3.5,0,0.1,4178.01,4177.41,,4171.47,SELL,USD,1,1,1583663
D#1702473,XAUUSD,100,2.8823E+17,2.8823E+17,2.8823E+17,2.8823E+17,2819,2026-07-03T10:10:03.000Z,2026-07-03T10:57:02.000Z,3,-3.7,-0.5,-3.5,0,0.1,4177.93,4177.85,4177.69,4167.52,SELL,USD,1,1,1583663
D#1702400,XAUUSD,100,2.8823E+17,2.8823E+17,2.8823E+17,2.8823E+17,90,2026-07-03T10:55:39.000Z,2026-07-03T10:57:09.000Z,25,-28.5,7.5,-17.5,0,0.5,4177.43,4177.71,,,BUY,USD,1,1,1583663
D#1702739,XAUUSD,100,2.8823E+17,2.8823E+17,2.8823E+17,2.8823E+17,185,2026-07-03T10:54:06.000Z,2026-07-03T10:57:11.000Z,75,-78.5,57.5,-17.5,0,0.5,4176.39,4177.67,4176.34,4177.9,BUY,USD,1,1,1583663
D#1702748,XAUUSD,100,2.8823E+17,2.8823E+17,2.8823E+17,2.8823E+17,273,2026-07-03T10:52:47.000Z,2026-07-03T10:57:20.000Z,-17,13.5,-34.5,-17.5,0,0.5,4177.34,4177.9,,4165.45,SELL,USD,1,1,1583663
D#1702470,XAUUSD,100,2.8823E+17,2.8823E+17,2.8823E+17,2.8823E+17,964,2026-07-03T10:42:39.000Z,2026-07-03T10:58:43.000Z,0.6,-2,-6.4,-7,0,0.2,4177.32,4177.13,4177.24,4183.18,BUY,USD,1,1,1583663
D#1671080,XAUUSD,100,2.8823E+17,2.8823E+17,2.8823E+17,2.8823E+17,553,2026-07-03T10:49:35.000Z,2026-07-03T10:58:48.000Z,35.5,-37.25,26.74,-8.76,0,0.25,4175.76,4176.96,4177.12,,BUY,USD,1,1,1583663
D#1702400,XAUUSD,100,2.8823E+17,2.8823E+17,2.8823E+17,2.8823E+17,43,2026-07-03T10:58:05.000Z,2026-07-03T10:58:48.000Z,-24.5,21,-42,-17.5,0,0.5,4177.64,4176.93,,,BUY,USD,1,1,1583663
D#1671094,XAUUSD,100,2.8823E+17,2.8823E+17,2.8823E+17,2.8823E+17,9,2026-07-03T10:58:56.000Z,2026-07-03T10:59:05.000Z,0.6,-0.95,-1.16,-1.76,0,0.05,4177.37,4177.27,,,BUY,USD,1,1,1583663
D#1702739,XAUUSD,100,2.8823E+17,2.8823E+17,2.8823E+17,2.8823E+17,48,2026-07-03T10:59:21.000Z,2026-07-03T11:00:09.000Z,90.5,-94,73,-17.5,0,0.5,4177.48,4175.89,4177.91,4175.99,SELL,USD,1,1,1583663
D#1614602,XAUUSD,100,2.8823E+17,2.8823E+17,2.8823E+17,2.8823E+17,137,2026-07-03T10:57:53.000Z,2026-07-03T11:00:10.000Z,-21.6,20.76,-25.8,-4.2,0,0.12,4177.62,4175.6,4175.73,4184.57,BUY,USD,1,1,1583663
D#1702400,XAUUSD,100,2.8823E+17,2.8823E+17,2.8823E+17,2.8823E+17,128,2026-07-03T10:59:00.000Z,2026-07-03T11:01:08.000Z,-45,41.5,-62.5,-17.5,0,0.5,4177.42,4176.3,,,BUY,USD,1,1,1583663
D#1702596,XAUUSD,100,2.8823E+17,2.8823E+17,2.8823E+17,2.8823E+17,342,2026-07-03T10:57:34.000Z,2026-07-03T11:03:16.000Z,-12.98,8.85,-33.64,-20.66,0,0.59,4177.51,4177.95,4177.62,,SELL,USD,1,1,1583663
D#1702740,XAUUSD,100,2.8823E+17,2.8823E+17,2.8823E+17,2.8823E+17,282,2026-07-03T11:00:04.000Z,2026-07-03T11:04:46.000Z,85,-88.5,67.5,-17.5,0,0.5,4176.84,4178.32,,4178.43,BUY,USD,1,1,1583663
D#1671080,XAUUSD,100,2.8823E+17,2.8823E+17,2.8823E+17,2.8823E+17,274,2026-07-03T11:00:12.000Z,2026-07-03T11:04:46.000Z,-52.75,51,-61.51,-8.76,0,0.25,4176.16,4178.49,4178.3,,SELL,USD,1,1,1583663
D#1702400,XAUUSD,100,2.8823E+17,2.8823E+17,2.8823E+17,2.8823E+17,220,2026-07-03T11:01:11.000Z,2026-07-03T11:04:51.000Z,-123,119.5,-140.5,-17.5,0,0.5,4176.32,4179,,4176.08,SELL,USD,1,1,1583663
D#1670870,XAUUSD,100,2.8823E+17,2.8823E+17,2.8823E+17,2.8823E+17,840,2026-07-03T10:50:52.000Z,2026-07-03T11:04:52.000Z,100.1,-102.55,87.84,-12.26,0,0.35,4176.4,4179.04,4174.73,4179.13,BUY,USD,1,1,1583663
D#1702711,XAUUSD,100,2.8823E+17,2.8823E+17,2.8823E+17,2.8823E+17,552,2026-07-03T10:55:40.000Z,2026-07-03T11:04:52.000Z,-16.1,15.4,-19.6,-3.5,0,0.1,4177.31,4179.14,4179,4166,SELL,USD,1,1,1583663
D#1702358,XAUUSD,100,2.8823E+17,2.8823E+17,2.8823E+17,2.8823E+17,597,2026-07-03T10:55:05.000Z,2026-07-03T11:05:02.000Z,-24.3,23.6,-27.8,-3.5,0,0.1,4176.68,4179.33,4179.2,4173.62,SELL,USD,1,1,1583663
D#1702596,XAUUSD,100,2.8823E+17,2.8823E+17,2.8823E+17,2.8823E+17,69,2026-07-03T11:03:53.000Z,2026-07-03T11:05:02.000Z,-77.72,73.66,-98.02,-20.3,0,0.58,4177.65,4179.21,,,SELL,USD,1,1,1583663
D#1702478,XAUUSD,100,2.8823E+17,2.8823E+17,2.8823E+17,2.8823E+17,583,2026-07-03T10:55:25.000Z,2026-07-03T11:05:08.000Z,-88.2,85.05,-103.96,-15.76,0,0.45,4177.26,4179.44,4179.33,4173.52,SELL,USD,1,1,1583663
D#1702473,XAUUSD,100,2.8823E+17,2.8823E+17,2.8823E+17,2.8823E+17,345,2026-07-03T11:01:07.000Z,2026-07-03T11:06:52.000Z,-17.9,17.2,-21.4,-3.5,0,0.1,4176.27,4178.28,4180.2,4165.94,SELL,USD,1,1,1583663
D#1702740,XAUUSD,100,2.8823E+17,2.8823E+17,2.8823E+17,2.8823E+17,88,2026-07-03T11:05:27.000Z,2026-07-03T11:06:55.000Z,52.5,-56,35,-17.5,0,0.5,4179.36,4178.53,,4177.97,SELL,USD,1,1,1583663
D#1702473,XAUUSD,100,2.8823E+17,2.8823E+17,2.8823E+17,2.8823E+17,102,2026-07-03T11:06:56.000Z,2026-07-03T11:08:38.000Z,-7.5,6.8,-11,-3.5,0,0.1,4178.62,4177.65,4173.55,4189.22,BUY,USD,1,1,1583663
D#1671080,XAUUSD,100,2.8823E+17,2.8823E+17,2.8823E+17,2.8823E+17,331,2026-07-03T11:05:50.000Z,2026-07-03T11:11:21.000Z,-23.4,21.3,-33.9,-10.5,0,0.3,4178.99,4179.99,4179.88,,SELL,USD,1,1,1583663
D#1702739,XAUUSD,100,2.8823E+17,2.8823E+17,2.8823E+17,2.8823E+17,87,2026-07-03T11:10:35.000Z,2026-07-03T11:12:02.000Z,-17.5,14,-35,-17.5,0,0.5,4179.59,4180.16,4180.11,4178.75,SELL,USD,1,1,1583663
D#1702736,XAUUSD,100,2.8823E+17,2.8823E+17,2.8823E+17,2.8823E+17,9152,2026-07-03T08:40:12.000Z,2026-07-03T11:12:44.000Z,15.5,-16.2,12,-3.5,0,0.1,4182.25,4180.92,4180.48,4137.79,SELL,USD,1,1,1583663
D#1702489,XAUUSD,100,2.8823E+17,2.8823E+17,2.8823E+17,2.8823E+17,1438,2026-07-03T10:48:46.000Z,2026-07-03T11:12:44.000Z,119,-120.4,112,-7,0,0.2,4175.05,4180.78,4171.02,4180.88,BUY,USD,1,1,1583663
D#1702522,XAUUSD,100,2.8823E+17,2.8823E+17,2.8823E+17,2.8823E+17,28,2026-07-03T11:12:17.000Z,2026-07-03T11:12:45.000Z,-62.15,58.3,-81.41,-19.26,0,0.55,4179.61,4180.96,,,SELL,USD,1,1,1583663
D#1702739,XAUUSD,100,2.8823E+17,2.8823E+17,2.8823E+17,2.8823E+17,36,2026-07-03T11:12:13.000Z,2026-07-03T11:12:49.000Z,63,-66.5,45.5,-17.5,0,0.5,4179.9,4180.94,4179.85,4181.08,BUY,USD,1,1,1583663
D#1702740,XAUUSD,100,2.8823E+17,2.8823E+17,2.8823E+17,2.8823E+17,134,2026-07-03T11:10:49.000Z,2026-07-03T11:13:03.000Z,93.5,-97,76,-17.5,0,0.5,4179.67,4181.32,,4181.37,BUY,USD,1,1,1583663
D#1702381,XAUUSD,100,2.8823E+17,2.8823E+17,2.8823E+17,2.8823E+17,1803,2026-07-03T10:43:02.000Z,2026-07-03T11:13:05.000Z,136.5,-138.6,126,-10.5,0,0.3,4176.88,4181.21,4174.8,4187.23,BUY,USD,1,1,1583663
D#1702416,XAUUSD,100,2.8823E+17,2.8823E+17,2.8823E+17,2.8823E+17,26,2026-07-03T11:12:44.000Z,2026-07-03T11:13:10.000Z,-15.2,13.8,-22.2,-7,0,0.2,4180.78,4181.76,4181.6,4160.27,SELL,USD,1,1,1583663
D#1671086,XAUUSD,100,2.8823E+17,2.8823E+17,2.8823E+17,2.8823E+17,7846,2026-07-03T09:02:35.000Z,2026-07-03T11:13:21.000Z,-61.2,58.4,-75.2,-14,0,0.4,4179.57,4181.32,,4161.94,SELL,USD,1,1,1583663
D#1702577,XAUUSD,100,2.8823E+17,2.8823E+17,2.8823E+17,2.8823E+17,3928,2026-07-03T10:07:54.000Z,2026-07-03T11:13:22.000Z,-202.4,199.18,-218.5,-16.1,0,0.46,4176.8,4181.42,,,SELL,USD,1,1,1583663
D#1670870,XAUUSD,100,2.8823E+17,2.8823E+17,2.8823E+17,2.8823E+17,231,2026-07-03T11:10:10.000Z,2026-07-03T11:14:01.000Z,105.7,-108.15,93.44,-12.26,0,0.35,4179.56,4182.36,4178.03,4182.32,BUY,USD,1,1,1583663
D#1702351,XAUUSD,100,2.8823E+17,2.8823E+17,2.8823E+17,2.8823E+17,5217,2026-07-03T09:47:06.000Z,2026-07-03T11:14:03.000Z,102.3,-103,98.8,-3.5,0,0.1,4173.03,4183.04,4170.87,4183.04,BUY,USD,1,1,1583663
D#1702496,XAUUSD,100,2.8823E+17,2.8823E+17,2.8823E+17,2.8823E+17,4016,2026-07-03T10:07:07.000Z,2026-07-03T11:14:03.000Z,-198.9,196.8,-209.4,-10.5,0,0.3,4176.45,4183.3,4182.79,4173,SELL,USD,1,1,1583663
D#1702568,XAUUSD,100,2.8823E+17,2.8823E+17,2.8823E+17,2.8823E+17,3710,2026-07-03T10:12:15.000Z,2026-07-03T11:14:05.000Z,103.25,-105,94.49,-8.76,0,0.25,4179.59,4183.5,,4183.52,BUY,USD,1,1,1583663
D#1671080,XAUUSD,100,2.8823E+17,2.8823E+17,2.8823E+17,2.8823E+17,138,2026-07-03T11:11:48.000Z,2026-07-03T11:14:06.000Z,154.98,-157.85,140.62,-14.36,0,0.41,4179.88,4183.44,,,BUY,USD,1,1,1583663
D#1702522,XAUUSD,100,2.8823E+17,2.8823E+17,2.8823E+17,2.8823E+17,21,2026-07-03T11:14:00.000Z,2026-07-03T11:14:21.000Z,-106.15,102.3,-125.41,-19.26,0,0.55,4181.3,4183.45,,,SELL,USD,1,1,1583663
D#1702473,XAUUSD,100,2.8823E+17,2.8823E+17,2.8823E+17,2.8823E+17,302,2026-07-03T11:10:04.000Z,2026-07-03T11:15:06.000Z,-44.6,43.9,-48.1,-3.5,0,0.1,4179.37,4184.05,4183.86,4168.34,SELL,USD,1,1,1583663
D#1614602,XAUUSD,100,2.8823E+17,2.8823E+17,2.8823E+17,2.8823E+17,594,2026-07-03T11:05:14.000Z,2026-07-03T11:15:08.000Z,62.16,-63,57.96,-4.2,0,0.12,4179.47,4184.43,4176.86,4184.14,BUY,USD,1,1,1583663
D#1670973,XAUUSD,100,2.8823E+17,2.8823E+17,2.8823E+17,2.8823E+17,860,2026-07-03T11:00:56.000Z,2026-07-03T11:15:16.000Z,-120.6,119.55,-125.86,-5.26,0,0.15,4176.42,4184.68,4184.58,4174.44,SELL,USD,1,1,1583663
D#1702375,XAUUSD,100,2.8823E+17,2.8823E+17,2.8823E+17,2.8823E+17,7286,2026-07-03T09:13:55.000Z,2026-07-03T11:15:21.000Z,-42.72,42.16,-45.52,-2.8,0,0.08,4179.01,4184.57,4185,4165,SELL,USD,1,1,1583663
D#1702470,XAUUSD,100,2.8823E+17,2.8823E+17,2.8823E+17,2.8823E+17,714,2026-07-03T11:05:04.000Z,2026-07-03T11:16:58.000Z,117.8,-119.2,110.8,-7,0,0.2,4179.16,4184.83,4175.51,4184.81,BUY,USD,1,1,1583663
D#1702596,XAUUSD,100,2.8823E+17,2.8823E+17,2.8823E+17,2.8823E+17,19,2026-07-03T11:16:52.000Z,2026-07-03T11:17:11.000Z,-23.1,19.25,-42.36,-19.26,0,0.55,4184.01,4184.65,,,SELL,USD,1,1,1583663
D#1702592,XAUUSD,100,2.8823E+17,2.8823E+17,2.8823E+17,2.8823E+17,4506,2026-07-03T10:02:15.000Z,2026-07-03T11:17:21.000Z,-194.6,193.2,-201.6,-7,0,0.2,4175.14,4185.09,,,SELL,USD,1,1,1583663
D#1702740,XAUUSD,100,2.8823E+17,2.8823E+17,2.8823E+17,2.8823E+17,430,2026-07-03T11:13:31.000Z,2026-07-03T11:20:41.000Z,-116.5,113,-134,-17.5,0,0.5,4181.41,4183.96,,4179.87,SELL,USD,1,1,1583663
D#1702740,XAUUSD,100,2.8823E+17,2.8823E+17,2.8823E+17,2.8823E+17,44,2026-07-03T11:21:52.000Z,2026-07-03T11:22:36.000Z,32,-35.5,14.5,-17.5,0,0.5,4183.23,4183.65,,,BUY,USD,1,1,1583663
D#1702701,XAUUSD,100,2.8823E+17,2.8823E+17,2.8823E+17,2.8823E+17,4073,2026-07-03T10:15:16.000Z,2026-07-03T11:23:09.000Z,83.4,-84.45,78.14,-5.26,0,0.15,4180.13,4185.47,4167.22,4185.53,BUY,USD,1,1,1583663
D#1702722,XAUUSD,100,2.8823E+17,2.8823E+17,2.8823E+17,2.8823E+17,7712,2026-07-03T09:14:41.000Z,2026-07-03T11:23:13.000Z,-50.88,50.32,-53.68,-2.8,0,0.08,4179.45,4186.03,4185.8,4167.05,SELL,USD,1,1,1583663
D#1702531,XAUUSD,100,2.8823E+17,2.8823E+17,2.8823E+17,2.8823E+17,548,2026-07-03T11:14:05.000Z,2026-07-03T11:23:13.000Z,78.54,-80.85,66.98,-11.56,0,0.33,4183.64,4185.8,,,BUY,USD,1,1,1583663
D#1671080,XAUUSD,100,2.8823E+17,2.8823E+17,2.8823E+17,2.8823E+17,492,2026-07-03T11:15:06.000Z,2026-07-03T11:23:18.000Z,81.18,-84.05,66.82,-14.36,0,0.41,4184.05,4185.81,4181.22,,BUY,USD,1,1,1583663
D#1670964,XAUUSD,100,2.8823E+17,2.8823E+17,2.8823E+17,2.8823E+17,1973,2026-07-03T10:50:34.000Z,2026-07-03T11:23:27.000Z,103,-103.7,99.5,-3.5,0,0.1,4175.97,4186.05,,4186.16,BUY,USD,1,1,1583663
D#1670882,XAUUSD,100,2.8823E+17,2.8823E+17,2.8823E+17,2.8823E+17,2781,2026-07-03T10:39:42.000Z,2026-07-03T11:26:03.000Z,56.91,-57.4,54.45,-2.46,0,0.07,4177.1,4185.01,4169.69,4189.05,BUY,USD,1,1,1583663
D#1702470,XAUUSD,100,2.8823E+17,2.8823E+17,2.8823E+17,2.8823E+17,505,2026-07-03T11:21:36.000Z,2026-07-03T11:30:01.000Z,-33.2,31.8,-40.2,-7,0,0.2,4184.52,4182.64,4182.77,4190.34,BUY,USD,1,1,1583663
D#1702739,XAUUSD,100,2.8823E+17,2.8823E+17,2.8823E+17,2.8823E+17,40,2026-07-03T11:29:21.000Z,2026-07-03T11:30:01.000Z,-32,28.5,-49.5,-17.5,0,0.5,4183.5,4182.64,4182.81,4185.02,BUY,USD,1,1,1583663
D#1702478,XAUUSD,100,2.8823E+17,2.8823E+17,2.8823E+17,2.8823E+17,1122,2026-07-03T11:13:21.000Z,2026-07-03T11:32:03.000Z,12.35,-12.7,10.59,-1.76,0,0.05,4181.34,4183.59,4181.62,4193.13,BUY,USD,1,1,1583663
D#1702632,XAUUSD,100,2.8823E+17,2.8823E+17,2.8823E+17,2.8823E+17,188,2026-07-03T11:30:01.000Z,2026-07-03T11:33:09.000Z,-67.5,65.4,-78,-10.5,0,0.3,4182.78,4185.25,,4180.55,SELL,USD,1,1,1583663
D#1702739,XAUUSD,100,2.8823E+17,2.8823E+17,2.8823E+17,2.8823E+17,92,2026-07-03T11:33:08.000Z,2026-07-03T11:34:40.000Z,57.5,-61,40,-17.5,0,0.5,4185.08,4184.15,4185.1,4183.68,SELL,USD,1,1,1583663
D#1702632,XAUUSD,100,2.8823E+17,2.8823E+17,2.8823E+17,2.8823E+17,84,2026-07-03T11:34:52.000Z,2026-07-03T11:36:16.000Z,-34.5,32.4,-45,-10.5,0,0.3,4183.96,4185.33,,4181.31,SELL,USD,1,1,1583663
D#1702462,XAUUSD,100,2.8823E+17,2.8823E+17,2.8823E+17,2.8823E+17,4791,2026-07-03T10:18:06.000Z,2026-07-03T11:37:57.000Z,97.8,-98.85,92.54,-5.26,0,0.15,4179.26,4185.56,,4186.2,BUY,USD,1,1,1583663
D#1702358,XAUUSD,100,2.8823E+17,2.8823E+17,2.8823E+17,2.8823E+17,968,2026-07-03T11:24:40.000Z,2026-07-03T11:40:48.000Z,-2.94,2.52,-5.04,-2.1,0,0.06,4185.79,4185.08,4182.51,4193.12,BUY,USD,1,1,1583663
D#1614607,XAUUSD,100,2.8823E+17,2.8823E+17,2.8823E+17,2.8823E+17,168,2026-07-03T11:39:16.000Z,2026-07-03T11:42:04.000Z,0.9,-1.6,-2.6,-3.5,0,0.1,4185.48,4185.35,4180.72,4197.07,BUY,USD,1,1,1583663
D#1702470,XAUUSD,100,2.8823E+17,2.8823E+17,2.8823E+17,2.8823E+17,357,2026-07-03T11:39:12.000Z,2026-07-03T11:45:09.000Z,-26.8,25.4,-33.8,-7,0,0.2,4184.79,4186.35,4186.21,4178.95,SELL,USD,1,1,1583663
D#1702689,XAUUSD,100,2.8823E+17,2.8823E+17,2.8823E+17,2.8823E+17,1278,2026-07-03T11:24:48.000Z,2026-07-03T11:46:06.000Z,-4.8,3.75,-10.06,-5.26,0,0.15,4185.47,4184.93,4173.03,,BUY,USD,1,1,1583663
D#1702551,XAUUSD,100,2.8823E+17,2.8823E+17,2.8823E+17,2.8823E+17,24264,2026-07-03T05:03:06.000Z,2026-07-03T11:47:30.000Z,76.8,-77.5,73.3,-3.5,0,0.1,4177.83,4185.29,,,BUY,USD,1,1,1583663
D#1614607,XAUUSD,100,2.8823E+17,2.8823E+17,2.8823E+17,2.8823E+17,92,2026-07-03T11:46:06.000Z,2026-07-03T11:47:38.000Z,-5.25,4.2,-10.51,-5.26,0,0.15,4184.9,4185.47,4186.55,4182.79,SELL,USD,1,1,1583663
D#1614607,XAUUSD,100,2.8823E+17,2.8823E+17,2.8823E+17,2.8823E+17,43,2026-07-03T11:49:15.000Z,2026-07-03T11:49:58.000Z,-27.25,25.5,-36.01,-8.76,0,0.25,4185.38,4184.07,4184.3,,BUY,USD,1,1,1583663
D#1702632,XAUUSD,100,2.8823E+17,2.8823E+17,2.8823E+17,2.8823E+17,726,2026-07-03T11:37:53.000Z,2026-07-03T11:49:59.000Z,-42.3,40.2,-52.8,-10.5,0,0.3,4185.71,4184.08,,4187.45,BUY,USD,1,1,1583663
D#1702658,XAUUSD,100,2.8823E+17,2.8823E+17,2.8823E+17,2.8823E+17,6343,2026-07-03T10:04:50.000Z,2026-07-03T11:50:33.000Z,84.4,-85.1,80.9,-3.5,0,0.1,4176.01,4184.23,4174.86,4187.9,BUY,USD,1,1,1583663
D#1702632,XAUUSD,100,2.8823E+17,2.8823E+17,2.8823E+17,2.8823E+17,82,2026-07-03T11:50:11.000Z,2026-07-03T11:51:33.000Z,26.7,-28.8,16.2,-10.5,0,0.3,4184.26,4183.59,,4182.69,SELL,USD,1,1,1583663
D#1702689,XAUUSD,100,2.8823E+17,2.8823E+17,2.8823E+17,2.8823E+17,126,2026-07-03T11:49:30.000Z,2026-07-03T11:51:36.000Z,22.05,-23.1,16.79,-5.26,0,0.15,4185.01,4183.76,4186.3,,SELL,USD,1,1,1583663
D#1614602,XAUUSD,100,2.8823E+17,2.8823E+17,2.8823E+17,2.8823E+17,2092,2026-07-03T11:17:25.000Z,2026-07-03T11:52:17.000Z,-24.6,23.76,-28.8,-4.2,0,0.12,4184.59,4182.32,4182.64,4192.32,BUY,USD,1,1,1583663
D#1702726,XAUUSD,100,2.8823E+17,2.8823E+17,2.8823E+17,2.8823E+17,1688,2026-07-03T11:24:10.000Z,2026-07-03T11:52:18.000Z,-33.2,32.5,-36.7,-3.5,0,0.1,4185.61,4182.07,4182.24,4195.79,BUY,USD,1,1,1583663
D#1702737,XAUUSD,100,2.8823E+17,2.8823E+17,2.8823E+17,2.8823E+17,742,2026-07-03T11:39:57.000Z,2026-07-03T11:52:19.000Z,71.2,-72.6,64.2,-7,0,0.2,4185.35,4182.01,4189.33,4181.96,SELL,USD,1,1,1583663
D#1702632,XAUUSD,100,2.8823E+17,2.8823E+17,2.8823E+17,2.8823E+17,17,2026-07-03T11:52:02.000Z,2026-07-03T11:52:19.000Z,50.1,-52.2,39.6,-10.5,0,0.3,4183.46,4182.01,,4181.91,SELL,USD,1,1,1583663
D#1702520,XAUUSD,100,2.8823E+17,2.8823E+17,2.8823E+17,2.8823E+17,2228,2026-07-03T11:15:14.000Z,2026-07-03T11:52:22.000Z,60.4,-61.8,53.4,-7,0,0.2,4184.41,4181.61,4186.92,4181.72,SELL,USD,1,1,1583663
D#1702511,XAUUSD,100,2.8823E+17,2.8823E+17,2.8823E+17,2.8823E+17,6541,2026-07-03T10:04:50.000Z,2026-07-03T11:53:51.000Z,130.2,-131.6,123.2,-7,0,0.2,4176,4182.29,4169.13,4187.41,BUY,USD,1,1,1583663
D#1702478,XAUUSD,100,2.8823E+17,2.8823E+17,2.8823E+17,2.8823E+17,27,2026-07-03T11:53:32.000Z,2026-07-03T11:53:59.000Z,0.9,-1.25,-0.86,-1.76,0,0.05,4182.21,4182.25,4200.33,,SELL,USD,1,1,1583663
D#1702440,XAUUSD,100,2.8823E+17,2.8823E+17,2.8823E+17,2.8823E+17,1003,2026-07-03T11:38:08.000Z,2026-07-03T11:54:51.000Z,-189.5,186,-207,-17.5,0,0.5,4185.69,4181.68,,,BUY,USD,1,1,1583663
D#1702632,XAUUSD,100,2.8823E+17,2.8823E+17,2.8823E+17,2.8823E+17,134,2026-07-03T11:52:45.000Z,2026-07-03T11:54:59.000Z,46.2,-48.3,35.7,-10.5,0,0.3,4182.93,4181.61,,4181.4,SELL,USD,1,1,1583663
D#1671080,XAUUSD,100,2.8823E+17,2.8823E+17,2.8823E+17,2.8823E+17,1243,2026-07-03T11:35:29.000Z,2026-07-03T11:56:12.000Z,106.4,-109.2,92.4,-14,0,0.4,4183.6,4181.16,,,SELL,USD,1,1,1583663
D#1702692,XAUUSD,100,2.8823E+17,2.8823E+17,2.8823E+17,2.8823E+17,3372,2026-07-03T11:01:04.000Z,2026-07-03T11:57:16.000Z,108.9,-111,98.4,-10.5,0,0.3,4176.45,4179.86,4180,4199.99,BUY,USD,1,1,1583663
D#1614602,XAUUSD,100,2.8823E+17,2.8823E+17,2.8823E+17,2.8823E+17,158,2026-07-03T11:54:41.000Z,2026-07-03T11:57:19.000Z,-26.52,25.68,-30.72,-4.2,0,0.12,4182.02,4179.59,4179.7,4189.53,BUY,USD,1,1,1583663
D#1702632,XAUUSD,100,2.8823E+17,2.8823E+17,2.8823E+17,2.8823E+17,69,2026-07-03T11:56:15.000Z,2026-07-03T11:57:24.000Z,39.6,-41.7,29.1,-10.5,0,0.3,4181.07,4179.97,,4179.02,SELL,USD,1,1,1583663
D#1702705,XAUUSD,100,2.8823E+17,2.8823E+17,2.8823E+17,2.8823E+17,1932,2026-07-03T11:25:14.000Z,2026-07-03T11:57:26.000Z,54.7,-55.4,51.2,-3.5,0,0.1,4184.61,4179.36,4188.82,4179.32,SELL,USD,1,1,1583663
D#1670972,XAUUSD,100,2.8823E+17,2.8823E+17,2.8823E+17,2.8823E+17,2554,2026-07-03T11:15:16.000Z,2026-07-03T11:57:50.000Z,-112.4,111,-119.4,-7,0,0.2,4184.59,4178.75,,,BUY,USD,1,1,1583663
D#1702455,XAUUSD,100,2.8823E+17,2.8823E+17,2.8823E+17,2.8823E+17,2608,2026-07-03T11:14:37.000Z,2026-07-03T11:58:05.000Z,86.6,-88,79.6,-7,0,0.2,4183.13,4179.02,,4178.16,SELL,USD,1,1,1583663
D#1702478,XAUUSD,100,2.8823E+17,2.8823E+17,2.8823E+17,2.8823E+17,291,2026-07-03T11:54:29.000Z,2026-07-03T11:59:20.000Z,30.94,-31.85,26.38,-4.56,0,0.13,4181.84,4179.68,4188.82,4173.54,SELL,USD,1,1,1583663
D#1702351,XAUUSD,100,2.8823E+17,2.8823E+17,2.8823E+17,2.8823E+17,737,2026-07-03T11:47:20.000Z,2026-07-03T11:59:37.000Z,53.2,-53.9,49.7,-3.5,0,0.1,4185.08,4179.98,4189.18,4174.81,SELL,USD,1,1,1583663
D#1702679,XAUUSD,100,2.8823E+17,2.8823E+17,2.8823E+17,2.8823E+17,1812,2026-07-03T11:30:18.000Z,2026-07-03T12:00:30.000Z,70.9,-72.3,63.9,-7,0,0.2,4183.15,4180.39,,,SELL,USD,1,1,1583663
D#1670872,XAUUSD,100,2.8823E+17,2.8823E+17,2.8823E+17,2.8823E+17,271,2026-07-03T11:59:17.000Z,2026-07-03T12:03:48.000Z,-7.6,4.8,-21.6,-14,0,0.4,4179.74,4179.33,4179.63,4182.27,BUY,USD,1,1,1583663
D#1702632,XAUUSD,100,2.8823E+17,2.8823E+17,2.8823E+17,2.8823E+17,230,2026-07-03T12:00:04.000Z,2026-07-03T12:03:54.000Z,-76.8,74.7,-87.3,-10.5,0,0.3,4181.43,4178.65,,4182.86,BUY,USD,1,1,1583663
D#1670870,XAUUSD,100,2.8823E+17,2.8823E+17,2.8823E+17,2.8823E+17,268,2026-07-03T11:59:43.000Z,2026-07-03T12:04:11.000Z,-74.9,72.45,-87.16,-12.26,0,0.35,4180.38,4178.02,4178.36,4183.21,BUY,USD,1,1,1583663
D#1702632,XAUUSD,100,2.8823E+17,2.8823E+17,2.8823E+17,2.8823E+17,12,2026-07-03T12:04:01.000Z,2026-07-03T12:04:13.000Z,21.3,-23.4,10.8,-10.5,0,0.3,4178.64,4178.15,,,SELL,USD,1,1,1583663
D#1702493,XAUUSD,100,2.8823E+17,2.8823E+17,2.8823E+17,2.8823E+17,47,2026-07-03T12:05:48.000Z,2026-07-03T12:06:35.000Z,-41.6,38.8,-55.6,-14,0,0.4,4178.58,4179.84,,,SELL,USD,1,1,1583663
D#1702632,XAUUSD,100,2.8823E+17,2.8823E+17,2.8823E+17,2.8823E+17,146,2026-07-03T12:04:34.000Z,2026-07-03T12:07:00.000Z,70.2,-72.3,59.7,-10.5,0,0.3,4178.72,4180.84,,4180.85,BUY,USD,1,1,1583663
D#1702520,XAUUSD,100,2.8823E+17,2.8823E+17,2.8823E+17,2.8823E+17,94,2026-07-03T12:05:29.000Z,2026-07-03T12:07:03.000Z,-40.2,38.8,-47.2,-7,0,0.2,4179.22,4181.45,4181.27,4176.31,SELL,USD,1,1,1583663
D#1702531,XAUUSD,100,2.8823E+17,2.8823E+17,2.8823E+17,2.8823E+17,65,2026-07-03T12:06:03.000Z,2026-07-03T12:07:08.000Z,51.4,-52.8,44.4,-7,0,0.2,4179.13,4181.48,,,BUY,USD,1,1,1583663
D#1670964,XAUUSD,100,2.8823E+17,2.8823E+17,2.8823E+17,2.8823E+17,2226,2026-07-03T11:30:07.000Z,2026-07-03T12:07:13.000Z,17.1,-18.15,11.84,-5.26,0,0.15,4182.88,4181.96,4181.65,4176.12,SELL,USD,1,1,1583663
D#1702358,XAUUSD,100,2.8823E+17,2.8823E+17,2.8823E+17,2.8823E+17,99,2026-07-03T12:05:34.000Z,2026-07-03T12:07:13.000Z,-25.6,24.9,-29.1,-3.5,0,0.1,4179.15,4181.93,4181.66,4175.03,SELL,USD,1,1,1583663
D#1702493,XAUUSD,100,2.8823E+17,2.8823E+17,2.8823E+17,2.8823E+17,37,2026-07-03T12:06:37.000Z,2026-07-03T12:07:14.000Z,78.8,-81.6,64.8,-14,0,0.4,4179.86,4181.61,,,BUY,USD,1,1,1583663
D#1702708,XAUUSD,100,2.8823E+17,2.8823E+17,2.8823E+17,2.8823E+17,4035,2026-07-03T11:00:09.000Z,2026-07-03T12:07:24.000Z,-87.75,86.7,-93.01,-5.26,0,0.15,4175.69,4181.76,,,SELL,USD,1,1,1583663
D#1702470,XAUUSD,100,2.8823E+17,2.8823E+17,2.8823E+17,2.8823E+17,923,2026-07-03T11:52:06.000Z,2026-07-03T12:07:29.000Z,25.4,-26.8,18.4,-7,0,0.2,4183.2,4182.15,4186.48,4177.3,SELL,USD,1,1,1583663
D#1614607,XAUUSD,100,2.8823E+17,2.8823E+17,2.8823E+17,2.8823E+17,211,2026-07-03T12:07:10.000Z,2026-07-03T12:10:41.000Z,-21.75,20,-30.51,-8.76,0,0.25,4181.61,4180.52,4177.99,4186.19,BUY,USD,1,1,1583663
D#1702662,XAUUSD,100,2.8823E+17,2.8823E+17,2.8823E+17,2.8823E+17,4734,2026-07-03T10:52:20.000Z,2026-07-03T12:11:14.000Z,2.82,-2.89,2.46,-0.36,0,0.01,4177.97,4180.57,,,BUY,USD,1,1,1583663
D#1702692,XAUUSD,100,2.8823E+17,2.8823E+17,2.8823E+17,2.8823E+17,375,2026-07-03T12:05:31.000Z,2026-07-03T12:11:46.000Z,12.4,-15.2,-1.6,-14,0,0.4,4179.42,4179.51,4179.66,,BUY,USD,1,1,1583663
D#1702473,XAUUSD,100,2.8823E+17,2.8823E+17,2.8823E+17,2.8823E+17,2720,2026-07-03T11:26:30.000Z,2026-07-03T12:11:50.000Z,52.2,-52.9,48.7,-3.5,0,0.1,4185.07,4180.07,4193.58,4173.88,SELL,USD,1,1,1583663
D#1702493,XAUUSD,100,2.8823E+17,2.8823E+17,2.8823E+17,2.8823E+17,177,2026-07-03T12:09:32.000Z,2026-07-03T12:12:29.000Z,90.4,-93.2,76.4,-14,0,0.4,4181.55,4179.51,,,SELL,USD,1,1,1583663
D#1670870,XAUUSD,100,2.8823E+17,2.8823E+17,2.8823E+17,2.8823E+17,332,2026-07-03T12:07:08.000Z,2026-07-03T12:12:40.000Z,-93.8,91.35,-106.06,-12.26,0,0.35,4181.65,4178.75,4179.26,4184.36,BUY,USD,1,1,1583663
D#1702493,XAUUSD,100,2.8823E+17,2.8823E+17,2.8823E+17,2.8823E+17,21,2026-07-03T12:12:30.000Z,2026-07-03T12:12:51.000Z,27.2,-30,13.2,-14,0,0.4,4179.38,4178.92,,,SELL,USD,1,1,1583663
D#1670882,XAUUSD,100,2.8823E+17,2.8823E+17,2.8823E+17,2.8823E+17,2235,2026-07-03T11:37:47.000Z,2026-07-03T12:15:02.000Z,-54.04,53.55,-56.5,-2.46,0,0.07,4185.84,4177.9,4178.03,4194.6,BUY,USD,1,1,1583663
D#1702363,XAUUSD,100,2.8823E+17,2.8823E+17,2.8823E+17,2.8823E+17,1112,2026-07-03T11:56:48.000Z,2026-07-03T12:15:20.000Z,128.8,-131.6,114.8,-14,0,0.4,4180.7,4177.7,,,SELL,USD,1,1,1583663
D#1702473,XAUUSD,100,2.8823E+17,2.8823E+17,2.8823E+17,2.8823E+17,197,2026-07-03T12:12:09.000Z,2026-07-03T12:15:26.000Z,-30.1,29.4,-33.6,-3.5,0,0.1,4180.7,4177.47,4177.53,4188.33,BUY,USD,1,1,1583663
D#1702689,XAUUSD,100,2.8823E+17,2.8823E+17,2.8823E+17,2.8823E+17,926,2026-07-03T12:00:09.000Z,2026-07-03T12:15:35.000Z,-61.5,60.45,-66.76,-5.26,0,0.15,4181.4,4177.08,4174.65,,BUY,USD,1,1,1583663
D#1702441,XAUUSD,100,2.8823E+17,2.8823E+17,2.8823E+17,2.8823E+17,9408,2026-07-03T09:38:55.000Z,2026-07-03T12:15:43.000Z,71.42,-71.91,68.95,-2.47,0,0.07,4170.78,4176.88,4171.89,4212,BUY,USD,1,1,1583663
D#1702631,XAUUSD,100,2.8823E+17,2.8823E+17,2.8823E+17,2.8823E+17,1044,2026-07-03T11:58:20.000Z,2026-07-03T12:15:44.000Z,-38.2,36.8,-45.2,-7,0,0.2,4178.89,4176.76,4176.92,4184.44,BUY,USD,1,1,1583663
D#1702511,XAUUSD,100,2.8823E+17,2.8823E+17,2.8823E+17,2.8823E+17,1300,2026-07-03T11:54:11.000Z,2026-07-03T12:15:51.000Z,117.6,-119,110.6,-7,0,0.2,4181.92,4176.26,4186.56,4176.28,SELL,USD,1,1,1583663
D#1702478,XAUUSD,100,2.8823E+17,2.8823E+17,2.8823E+17,2.8823E+17,975,2026-07-03T11:59:38.000Z,2026-07-03T12:15:53.000Z,73.34,-74.67,66.68,-6.66,0,0.19,4179.84,4176.2,4184.62,4176.1,SELL,USD,1,1,1583663
D#1614602,XAUUSD,100,2.8823E+17,2.8823E+17,2.8823E+17,2.8823E+17,1051,2026-07-03T11:58:23.000Z,2026-07-03T12:15:54.000Z,-33.72,32.88,-37.92,-4.2,0,0.12,4178.85,4175.82,4176.09,4186.38,BUY,USD,1,1,1583663
D#1614607,XAUUSD,100,2.8823E+17,2.8823E+17,2.8823E+17,2.8823E+17,306,2026-07-03T12:10:48.000Z,2026-07-03T12:15:54.000Z,120.75,-122.5,111.99,-8.76,0,0.25,4180.6,4175.99,4181.78,4176.02,SELL,USD,1,1,1583663
D#1670973,XAUUSD,100,2.8823E+17,2.8823E+17,2.8823E+17,2.8823E+17,3432,2026-07-03T11:19:10.000Z,2026-07-03T12:16:22.000Z,114.9,-115.95,109.64,-5.26,0,0.15,4183.35,4175.91,4190.73,4175.81,SELL,USD,1,1,1583663
D#1702351,XAUUSD,100,2.8823E+17,2.8823E+17,2.8823E+17,2.8823E+17,1045,2026-07-03T11:59:43.000Z,2026-07-03T12:17:08.000Z,-51,50.3,-54.5,-3.5,0,0.1,4180.81,4175.49,4175.6,4191.56,BUY,USD,1,1,1583663
D#1702740,XAUUSD,100,2.8823E+17,2.8823E+17,2.8823E+17,2.8823E+17,740,2026-07-03T12:06:08.000Z,2026-07-03T12:18:28.000Z,188.5,-192,171,-17.5,0,0.5,4178.83,4175.28,,4175.36,SELL,USD,1,1,1583663
D#1702705,XAUUSD,100,2.8823E+17,2.8823E+17,2.8823E+17,2.8823E+17,892,2026-07-03T12:03:51.000Z,2026-07-03T12:18:43.000Z,33.5,-34.2,30,-3.5,0,0.1,4179.06,4175.93,4184.08,4173.71,SELL,USD,1,1,1583663
D#1702493,XAUUSD,100,2.8823E+17,2.8823E+17,2.8823E+17,2.8823E+17,39,2026-07-03T12:18:42.000Z,2026-07-03T12:19:21.000Z,-11.2,8.4,-25.2,-14,0,0.4,4175.77,4176.27,,,SELL,USD,1,1,1583663
D#1702493,XAUUSD,100,2.8823E+17,2.8823E+17,2.8823E+17,2.8823E+17,22,2026-07-03T12:19:25.000Z,2026-07-03T12:19:47.000Z,-12.8,10,-26.8,-14,0,0.4,4176.33,4175.79,,,BUY,USD,1,1,1583663
D#1702746,XAUUSD,100,2.8823E+17,2.8823E+17,2.8823E+17,2.8823E+17,3150,2026-07-03T11:27:34.000Z,2026-07-03T12:20:04.000Z,-54.06,53.64,-56.16,-2.1,0,0.06,4183.71,4174.48,4175,4230,BUY,USD,1,1,1583663
D#1702460,XAUUSD,100,2.8823E+17,2.8823E+17,2.8823E+17,2.8823E+17,1664,2026-07-03T11:52:20.000Z,2026-07-03T12:20:04.000Z,-143.8,142.4,-150.8,-7,0,0.2,4181.97,4174.56,4174.88,4197.57,BUY,USD,1,1,1583663
D#1702632,XAUUSD,100,2.8823E+17,2.8823E+17,2.8823E+17,2.8823E+17,240,2026-07-03T12:16:04.000Z,2026-07-03T12:20:04.000Z,48.6,-50.7,38.1,-10.5,0,0.3,4176.13,4174.73,,4174.87,SELL,USD,1,1,1583663
D#1614602,XAUUSD,100,2.8823E+17,2.8823E+17,2.8823E+17,2.8823E+17,192,2026-07-03T12:16:53.000Z,2026-07-03T12:20:05.000Z,-42,40.6,-49,-7,0,0.2,4176.62,4174.3,4174.6,4180.78,BUY,USD,1,1,1583663
D#1702511,XAUUSD,100,2.8823E+17,2.8823E+17,2.8823E+17,2.8823E+17,165,2026-07-03T12:17:20.000Z,2026-07-03T12:20:05.000Z,-11.6,10.9,-15.1,-3.5,0,0.1,4175.68,4174.3,4174.5,4180.88,BUY,USD,1,1,1583663
D#1702443,XAUUSD,100,2.8823E+17,2.8823E+17,2.8823E+17,2.8823E+17,4229,2026-07-03T11:09:39.000Z,2026-07-03T12:20:08.000Z,-56.7,56,-60.2,-3.5,0,0.1,4179.66,4173.77,4174.23,4186.59,BUY,USD,1,1,1583663
D#1702473,XAUUSD,100,2.8823E+17,2.8823E+17,2.8823E+17,2.8823E+17,245,2026-07-03T12:16:03.000Z,2026-07-03T12:20:08.000Z,-22,21.3,-25.5,-3.5,0,0.1,4176.22,4173.8,4174.23,4186.37,BUY,USD,1,1,1583663
D#1702489,XAUUSD,100,2.8823E+17,2.8823E+17,2.8823E+17,2.8823E+17,1237,2026-07-03T11:59:32.000Z,2026-07-03T12:20:09.000Z,-123.2,121.8,-130.2,-7,0,0.2,4179.91,4173.53,4173.68,4185.55,BUY,USD,1,1,1583663
D#1702493,XAUUSD,100,2.8823E+17,2.8823E+17,2.8823E+17,2.8823E+17,15,2026-07-03T12:19:55.000Z,2026-07-03T12:20:10.000Z,88.4,-91.2,74.4,-14,0,0.4,4175.6,4173.61,,,SELL,USD,1,1,1583663
D#1702667,XAUUSD,100,2.8823E+17,2.8823E+17,2.8823E+17,2.8823E+17,8126,2026-07-03T10:05:42.000Z,2026-07-03T12:21:08.000Z,-14.8,14.45,-16.56,-1.76,0,0.05,4176.57,4173.39,4173.52,4195.51,BUY,USD,1,1,1583663
D#1702740,XAUUSD,100,2.8823E+17,2.8823E+17,2.8823E+17,2.8823E+17,83,2026-07-03T12:21:16.000Z,2026-07-03T12:22:39.000Z,61.5,-65,44,-17.5,0,0.5,4173.62,4174.63,,4175.61,BUY,USD,1,1,1583663
D#1702693,XAUUSD,100,2.8823E+17,2.8823E+17,2.8823E+17,2.8823E+17,90,2026-07-03T12:21:24.000Z,2026-07-03T12:22:54.000Z,-1.71,1.64,-2.07,-0.36,0,0.01,4173.37,4175.3,4175.11,4165.54,SELL,USD,1,1,1583663
D#1702718,XAUUSD,100,2.8823E+17,2.8823E+17,2.8823E+17,2.8823E+17,612,2026-07-03T12:12:51.000Z,2026-07-03T12:23:03.000Z,-36.7,36,-40.2,-3.5,0,0.1,4178.76,4174.87,,4183.34,BUY,USD,1,1,1583663
D#1702493,XAUUSD,100,2.8823E+17,2.8823E+17,2.8823E+17,2.8823E+17,193,2026-07-03T12:20:12.000Z,2026-07-03T12:23:25.000Z,-62.8,60,-76.8,-14,0,0.4,4173.45,4175.24,,,SELL,USD,1,1,1583663
D#1702632,XAUUSD,100,2.8823E+17,2.8823E+17,2.8823E+17,2.8823E+17,211,2026-07-03T12:20:10.000Z,2026-07-03T12:23:41.000Z,-32.4,30.3,-42.9,-10.5,0,0.3,4173.44,4174.74,,4171.78,SELL,USD,1,1,1583663
D#1702531,XAUUSD,100,2.8823E+17,2.8823E+17,2.8823E+17,2.8823E+17,39,2026-07-03T12:23:08.000Z,2026-07-03T12:23:47.000Z,8.4,-9.8,1.4,-7,0,0.2,4174.77,4174.57,,,SELL,USD,1,1,1583663
D#1702493,XAUUSD,100,2.8823E+17,2.8823E+17,2.8823E+17,2.8823E+17,32,2026-07-03T12:23:32.000Z,2026-07-03T12:24:04.000Z,-19.6,16.8,-33.6,-14,0,0.4,4174.89,4174.18,,,BUY,USD,1,1,1583663
D#1702689,XAUUSD,100,2.8823E+17,2.8823E+17,2.8823E+17,2.8823E+17,392,2026-07-03T12:18:36.000Z,2026-07-03T12:25:08.000Z,13.95,-15,8.69,-5.26,0,0.15,4175.43,4174.72,,,SELL,USD,1,1,1583663
D#1702726,XAUUSD,100,2.8823E+17,2.8823E+17,2.8823E+17,2.8823E+17,1609,2026-07-03T11:59:56.000Z,2026-07-03T12:26:45.000Z,70.7,-71.4,67.2,-3.5,0,0.1,4180.94,4174.09,4184.82,4164.78,SELL,USD,1,1,1583663
D#1702397,XAUUSD,100,2.8823E+17,2.8823E+17,2.8823E+17,2.8823E+17,3578,2026-07-03T11:27:32.000Z,2026-07-03T12:27:10.000Z,100.5,-101.2,97,-3.5,0,0.1,4183.61,4173.78,4192.17,4164.25,SELL,USD,1,1,1583663
D#1702473,XAUUSD,100,2.8823E+17,2.8823E+17,2.8823E+17,2.8823E+17,390,2026-07-03T12:20:47.000Z,2026-07-03T12:27:17.000Z,-10.2,9.5,-13.7,-3.5,0,0.1,4174.33,4173.09,4173.21,4180.55,BUY,USD,1,1,1583663
D#1702470,XAUUSD,100,2.8823E+17,2.8823E+17,2.8823E+17,2.8823E+17,239,2026-07-03T12:23:19.000Z,2026-07-03T12:27:18.000Z,-36.4,35,-43.4,-7,0,0.2,4175.07,4173.03,4173.18,4180.82,BUY,USD,1,1,1583663
D#1702619,XAUUSD,100,2.8823E+17,2.8823E+17,2.8823E+17,2.8823E+17,2200,2026-07-03T11:50:44.000Z,2026-07-03T12:27:24.000Z,111.7,-112.4,108.2,-3.5,0,0.1,4183.53,4172.58,4178.83,4172.57,SELL,USD,1,1,1583663
D#1702520,XAUUSD,100,2.8823E+17,2.8823E+17,2.8823E+17,2.8823E+17,130,2026-07-03T12:25:16.000Z,2026-07-03T12:27:26.000Z,-45.4,44,-52.4,-7,0,0.2,4174.82,4172.33,4172.44,4177.66,BUY,USD,1,1,1583663
D#1614602,XAUUSD,100,2.8823E+17,2.8823E+17,2.8823E+17,2.8823E+17,175,2026-07-03T12:24:33.000Z,2026-07-03T12:27:28.000Z,-33,31.6,-40,-7,0,0.2,4174.11,4172.24,4172.42,4178.42,BUY,USD,1,1,1583663
D#1702473,XAUUSD,100,2.8823E+17,2.8823E+17,2.8823E+17,2.8823E+17,30,2026-07-03T12:27:20.000Z,2026-07-03T12:27:50.000Z,-3.8,3.1,-7.3,-3.5,0,0.1,4173,4173.6,4175.49,4167.98,SELL,USD,1,1,1583663
D#1702632,XAUUSD,100,2.8823E+17,2.8823E+17,2.8823E+17,2.8823E+17,182,2026-07-03T12:26:57.000Z,2026-07-03T12:29:59.000Z,-24,21.9,-34.5,-10.5,0,0.3,4173.91,4174.93,,4171.01,SELL,USD,1,1,1583663
D#1702632,XAUUSD,100,2.8823E+17,2.8823E+17,2.8823E+17,2.8823E+17,15,2026-07-03T12:30:19.000Z,2026-07-03T12:30:34.000Z,24.6,-26.7,14.1,-10.5,0,0.3,4173.69,4173.09,,,SELL,USD,1,1,1583663
D#1702708,XAUUSD,100,2.8823E+17,2.8823E+17,2.8823E+17,2.8823E+17,684,2026-07-03T12:19:12.000Z,2026-07-03T12:30:36.000Z,-50.7,49.65,-55.96,-5.26,0,0.15,4176.66,4173.06,,,BUY,USD,1,1,1583663
D#1702478,XAUUSD,100,2.8823E+17,2.8823E+17,2.8823E+17,2.8823E+17,584,2026-07-03T12:22:47.000Z,2026-07-03T12:32:31.000Z,3.2,-5.44,-8,-11.2,0,0.32,4174.76,4174.88,4177.95,4171.7,SELL,USD,1,1,1583663
D#1702718,XAUUSD,100,2.8823E+17,2.8823E+17,2.8823E+17,2.8823E+17,83,2026-07-03T12:31:15.000Z,2026-07-03T12:32:38.000Z,20.4,-21.45,15.14,-5.26,0,0.15,4173.45,4174.59,,4183.31,BUY,USD,1,1,1583663
D#1702689,XAUUSD,100,2.8823E+17,2.8823E+17,2.8823E+17,2.8823E+17,170,2026-07-03T12:30:19.000Z,2026-07-03T12:33:09.000Z,-19.05,18,-24.31,-5.26,0,0.15,4173.69,4175.18,4175.07,,SELL,USD,1,1,1583663
D#1670990,XAUUSD,100,2.8823E+17,2.8823E+17,2.8823E+17,2.8823E+17,347,2026-07-03T12:27:29.000Z,2026-07-03T12:33:16.000Z,101.2,-104,87.2,-14,0,0.4,4172.93,4175.24,4169.99,4175.29,BUY,USD,1,1,1583663
D#1614622,XAUUSD,100,2.8823E+17,2.8823E+17,2.8823E+17,2.8823E+17,16806,2026-07-03T07:53:18.000Z,2026-07-03T12:33:24.000Z,59.7,-61.8,49.2,-10.5,0,0.3,4177.43,4175.66,4175.54,4164.2,SELL,USD,1,1,1583663
D#1702619,XAUUSD,100,2.8823E+17,2.8823E+17,2.8823E+17,2.8823E+17,171,2026-07-03T12:30:33.000Z,2026-07-03T12:33:24.000Z,-24.6,23.9,-28.1,-3.5,0,0.1,4172.98,4175.66,4175.49,4162.12,SELL,USD,1,1,1583663
D#1702358,XAUUSD,100,2.8823E+17,2.8823E+17,2.8823E+17,2.8823E+17,87,2026-07-03T12:32:01.000Z,2026-07-03T12:33:28.000Z,-22,21.3,-25.5,-3.5,0,0.1,4173.19,4175.61,4176.93,4169.46,SELL,USD,1,1,1583663
D#1702493,XAUUSD,100,2.8823E+17,2.8823E+17,2.8823E+17,2.8823E+17,566,2026-07-03T12:24:05.000Z,2026-07-03T12:33:31.000Z,-58.4,55.6,-72.4,-14,0,0.4,4174.17,4175.85,,,SELL,USD,1,1,1583663
D#1702511,XAUUSD,100,2.8823E+17,2.8823E+17,2.8823E+17,2.8823E+17,843,2026-07-03T12:20:37.000Z,2026-07-03T12:34:40.000Z,-22.2,21.5,-25.7,-3.5,0,0.1,4174.41,4176.85,4176.74,4169.16,SELL,USD,1,1,1583663
D#1702632,XAUUSD,100,2.8823E+17,2.8823E+17,2.8823E+17,2.8823E+17,98,2026-07-03T12:33:21.000Z,2026-07-03T12:34:59.000Z,60.6,-62.7,50.1,-10.5,0,0.3,4175.41,4177.21,,4177.32,BUY,USD,1,1,1583663
D#1702692,XAUUSD,100,2.8823E+17,2.8823E+17,2.8823E+17,2.8823E+17,807,2026-07-03T12:23:30.000Z,2026-07-03T12:36:57.000Z,-2,-1.5,-19.5,-17.5,0,0.5,4175.43,4175.17,4175.32,4200,BUY,USD,1,1,1583663
D#1614622,XAUUSD,100,2.8823E+17,2.8823E+17,2.8823E+17,2.8823E+17,191,2026-07-03T12:37:51.000Z,2026-07-03T12:41:02.000Z,-32.7,30.6,-43.2,-10.5,0,0.3,4173.61,4174.92,,,SELL,USD,1,1,1583663
D#1702632,XAUUSD,100,2.8823E+17,2.8823E+17,2.8823E+17,2.8823E+17,92,2026-07-03T12:39:43.000Z,2026-07-03T12:41:15.000Z,-24.6,22.5,-35.1,-10.5,0,0.3,4175.19,4174.15,,4176.9,BUY,USD,1,1,1583663
D#1702631,XAUUSD,100,2.8823E+17,2.8823E+17,2.8823E+17,2.8823E+17,259,2026-07-03T12:37:21.000Z,2026-07-03T12:41:40.000Z,11.4,-12.8,4.4,-7,0,0.2,4174.17,4174.52,4170.94,4179.87,BUY,USD,1,1,1583663
D#1702726,XAUUSD,100,2.8823E+17,2.8823E+17,2.8823E+17,2.8823E+17,938,2026-07-03T12:27:34.000Z,2026-07-03T12:43:12.000Z,3.3,-4,-0.2,-3.5,0,0.1,4173.42,4173.53,4169.15,4184.22,BUY,USD,1,1,1583663
D#1702689,XAUUSD,100,2.8823E+17,2.8823E+17,2.8823E+17,2.8823E+17,388,2026-07-03T12:37:07.000Z,2026-07-03T12:43:35.000Z,8.25,-9.3,2.99,-5.26,0,0.15,4174.96,4174.63,,,SELL,USD,1,1,1583663
D#1702632,XAUUSD,100,2.8823E+17,2.8823E+17,2.8823E+17,2.8823E+17,134,2026-07-03T12:43:06.000Z,2026-07-03T12:45:20.000Z,-16.2,14.1,-26.7,-10.5,0,0.3,4173.85,4174.61,,4172.66,SELL,USD,1,1,1583663
D#1591594,XAUUSD,100,2.8823E+17,2.8823E+17,2.8823E+17,2.8823E+17,26480,2026-07-03T05:25:04.000Z,2026-07-03T12:46:24.000Z,-4,3.3,-7.5,-3.5,0,0.1,4174.43,4175.05,4183.58,4170.95,SELL,USD,1,1,1583663
D#1702631,XAUUSD,100,2.8823E+17,2.8823E+17,2.8823E+17,2.8823E+17,438,2026-07-03T12:41:50.000Z,2026-07-03T12:49:08.000Z,-46.6,45.2,-53.6,-7,0,0.2,4174.8,4177.35,,4172.56,SELL,USD,1,1,1583663
D#1702520,XAUUSD,100,2.8823E+17,2.8823E+17,2.8823E+17,2.8823E+17,340,2026-07-03T12:45:15.000Z,2026-07-03T12:50:55.000Z,-56.2,54.8,-63.2,-7,0,0.2,4174.49,4177.52,4177.38,4171.53,SELL,USD,1,1,1583663
D#1702619,XAUUSD,100,2.8823E+17,2.8823E+17,2.8823E+17,2.8823E+17,565,2026-07-03T12:41:41.000Z,2026-07-03T12:51:06.000Z,-30.1,29.4,-33.6,-3.5,0,0.1,4174.49,4177.72,4177.59,4163.61,SELL,USD,1,1,1583663
D#1702679,XAUUSD,100,2.8823E+17,2.8823E+17,2.8823E+17,2.8823E+17,1076,2026-07-03T12:33:11.000Z,2026-07-03T12:51:07.000Z,41.6,-43,34.6,-7,0,0.2,4175.25,4177.57,,,BUY,USD,1,1,1583663
D#1702632,XAUUSD,100,2.8823E+17,2.8823E+17,2.8823E+17,2.8823E+17,350,2026-07-03T12:45:28.000Z,2026-07-03T12:51:18.000Z,54.3,-56.4,43.8,-10.5,0,0.3,4175.69,4177.28,,4178.35,BUY,USD,1,1,1583663
D#1702358,XAUUSD,100,2.8823E+17,2.8823E+17,2.8823E+17,2.8823E+17,39,2026-07-03T12:52:38.000Z,2026-07-03T12:53:17.000Z,-7.9,7.2,-11.4,-3.5,0,0.1,4176.01,4175,4175.12,4184.2,BUY,USD,1,1,1583663
D#1702689,XAUUSD,100,2.8823E+17,2.8823E+17,2.8823E+17,2.8823E+17,466,2026-07-03T12:45:35.000Z,2026-07-03T12:53:21.000Z,-3.6,2.55,-8.86,-5.26,0,0.15,4175.62,4175.16,4170.92,,BUY,USD,1,1,1583663
D#1702631,XAUUSD,100,2.8823E+17,2.8823E+17,2.8823E+17,2.8823E+17,249,2026-07-03T12:49:20.000Z,2026-07-03T12:53:29.000Z,-58.2,56.1,-68.7,-10.5,0,0.3,4177.31,4175.15,4173.92,4178.99,BUY,USD,1,1,1583663
D#1614607,XAUUSD,100,2.8823E+17,2.8823E+17,2.8823E+17,2.8823E+17,2033,2026-07-03T12:20:17.000Z,2026-07-03T12:54:10.000Z,-3,1.6,-10,-7,0,0.2,4174.51,4174.14,4171.04,4180.16,BUY,USD,1,1,1583663
D#1591594,XAUUSD,100,2.8823E+17,2.8823E+17,2.8823E+17,2.8823E+17,299,2026-07-03T12:49:20.000Z,2026-07-03T12:54:19.000Z,-164.08,160.16,-183.68,-19.6,0,0.56,4177.31,4174.16,4173.63,4180.97,BUY,USD,1,1,1583663
D#1702470,XAUUSD,100,2.8823E+17,2.8823E+17,2.8823E+17,2.8823E+17,1504,2026-07-03T12:29:37.000Z,2026-07-03T12:54:41.000Z,2.8,-4.2,-4.2,-7,0,0.2,4174.62,4174.54,,,BUY,USD,1,1,1583663
D#1670990,XAUUSD,100,2.8823E+17,2.8823E+17,2.8823E+17,2.8823E+17,404,2026-07-03T12:49:38.000Z,2026-07-03T12:56:22.000Z,-94.8,92,-108.8,-14,0,0.4,4176.71,4174.12,4174.23,4179.19,BUY,USD,1,1,1583663
D#1670918,XAUUSD,100,2.8823E+17,2.8823E+17,2.8823E+17,2.8823E+17,1389,2026-07-03T12:33:30.000Z,2026-07-03T12:56:39.000Z,1.95,-2.65,-1.56,-3.51,0,0.1,4175.57,4173.94,4174.06,4185.47,BUY,USD,1,1,1583663
D#1702520,XAUUSD,100,2.8823E+17,2.8823E+17,2.8823E+17,2.8823E+17,197,2026-07-03T12:53:23.000Z,2026-07-03T12:56:40.000Z,-21.4,20,-28.4,-7,0,0.2,4175.28,4173.99,4172.44,4177.7,BUY,USD,1,1,1583663
D#1702613,XAUUSD,100,2.8823E+17,2.8823E+17,2.8823E+17,2.8823E+17,8984,2026-07-03T10:27:40.000Z,2026-07-03T12:57:24.000Z,66.24,-66.87,63.08,-3.16,0,0.09,4180.92,4173.78,4178.62,4169.33,SELL,USD,1,1,1583663
D#1670964,XAUUSD,100,2.8823E+17,2.8823E+17,2.8823E+17,2.8823E+17,1377,2026-07-03T12:35:02.000Z,2026-07-03T12:57:59.000Z,-70.8,69.4,-77.8,-7,0,0.2,4177.12,4173.36,4173.51,4181.16,BUY,USD,1,1,1583663
D#1702632,XAUUSD,100,2.8823E+17,2.8823E+17,2.8823E+17,2.8823E+17,55,2026-07-03T12:57:23.000Z,2026-07-03T12:58:18.000Z,31.8,-33.9,21.3,-10.5,0,0.3,4174.01,4173.17,,4173.07,SELL,USD,1,1,1583663
D#1702631,XAUUSD,100,2.8823E+17,2.8823E+17,2.8823E+17,2.8823E+17,297,2026-07-03T12:53:36.000Z,2026-07-03T12:58:33.000Z,88.2,-90.3,77.7,-10.5,0,0.3,4175.19,4172.47,4177.84,4172.44,SELL,USD,1,1,1583663
D#1702493,XAUUSD,100,2.8823E+17,2.8823E+17,2.8823E+17,2.8823E+17,1509,2026-07-03T12:33:32.000Z,2026-07-03T12:58:41.000Z,-150.4,147.6,-164.4,-14,0,0.4,4176.31,4172.33,,,BUY,USD,1,1,1583663
D#1702689,XAUUSD,100,2.8823E+17,2.8823E+17,2.8823E+17,2.8823E+17,323,2026-07-03T12:53:28.000Z,2026-07-03T12:58:51.000Z,43.05,-44.1,37.79,-5.26,0,0.15,4175.15,4172.5,4177.84,,SELL,USD,1,1,1583663
D#1702631,XAUUSD,100,2.8823E+17,2.8823E+17,2.8823E+17,2.8823E+17,26,2026-07-03T12:58:44.000Z,2026-07-03T12:59:10.000Z,76.8,-78.9,66.3,-10.5,0,0.3,4172.49,4174.83,,,BUY,USD,1,1,1583663
D#1702726,XAUUSD,100,2.8823E+17,2.8823E+17,2.8823E+17,2.8823E+17,257,2026-07-03T12:55:41.000Z,2026-07-03T12:59:58.000Z,-49.4,48,-56.4,-7,0,0.2,4174.66,4177.35,4176.85,4165.96,SELL,USD,1,1,1583663
D#1702619,XAUUSD,100,2.8823E+17,2.8823E+17,2.8823E+17,2.8823E+17,254,2026-07-03T12:55:44.000Z,2026-07-03T12:59:58.000Z,-25.2,24.5,-28.7,-3.5,0,0.1,4174.68,4177.42,4176.62,4163.64,SELL,USD,1,1,1583663
D#1702632,XAUUSD,100,2.8823E+17,2.8823E+17,2.8823E+17,2.8823E+17,48,2026-07-03T12:59:10.000Z,2026-07-03T12:59:58.000Z,72,-74.1,61.5,-10.5,0,0.3,4175,4177.18,,4176.55,BUY,USD,1,1,1583663
D#1702478,XAUUSD,100,2.8823E+17,2.8823E+17,2.8823E+17,2.8823E+17,1640,2026-07-03T12:32:45.000Z,2026-07-03T13:00:05.000Z,-23.87,23.38,-26.33,-2.46,0,0.07,4174.67,4178.3,4177.95,4171.7,SELL,USD,1,1,1583663
D#1702736,XAUUSD,100,2.8823E+17,2.8823E+17,2.8823E+17,2.8823E+17,1285,2026-07-03T12:38:40.000Z,2026-07-03T13:00:05.000Z,-42.7,42,-46.2,-3.5,0,0.1,4173.78,4178.27,4177.97,,SELL,USD,1,1,1583663
D#1614607,XAUUSD,100,2.8823E+17,2.8823E+17,2.8823E+17,2.8823E+17,287,2026-07-03T12:55:18.000Z,2026-07-03T13:00:05.000Z,-80,78.25,-88.76,-8.76,0,0.25,4174.85,4178.27,4178.18,4170.32,SELL,USD,1,1,1583663
D#1702674,XAUUSD,100,2.8823E+17,2.8823E+17,2.8823E+17,2.8823E+17,1555,2026-07-03T12:34:12.000Z,2026-07-03T13:00:07.000Z,-45.75,44.7,-51.01,-5.26,0,0.15,4175.73,4179,4179.12,4170.17,SELL,USD,1,1,1583663
D#1702631,XAUUSD,100,2.8823E+17,2.8823E+17,2.8823E+17,2.8823E+17,63,2026-07-03T12:59:15.000Z,2026-07-03T13:00:18.000Z,120.6,-122.7,110.1,-10.5,0,0.3,4175.33,4179.13,,,BUY,USD,1,1,1583663
D#1670990,XAUUSD,100,2.8823E+17,2.8823E+17,2.8823E+17,2.8823E+17,79,2026-07-03T12:59:08.000Z,2026-07-03T13:00:27.000Z,77.2,-80,63.2,-14,0,0.4,4174.93,4176.64,,,BUY,USD,1,1,1583663
D#1702632,XAUUSD,100,2.8823E+17,2.8823E+17,2.8823E+17,2.8823E+17,55,2026-07-03T13:00:08.000Z,2026-07-03T13:01:03.000Z,-127.5,125.4,-138,-10.5,0,0.3,4179.27,4174.8,,4181.12,BUY,USD,1,1,1583663
D#1702632,XAUUSD,100,2.8823E+17,2.8823E+17,2.8823E+17,2.8823E+17,5,2026-07-03T13:01:17.000Z,2026-07-03T13:01:22.000Z,28.8,-30.9,18.3,-10.5,0,0.3,4175.4,4174.66,,,SELL,USD,1,1,1583663
D#1702632,XAUUSD,100,2.8823E+17,2.8823E+17,2.8823E+17,2.8823E+17,7,2026-07-03T13:01:28.000Z,2026-07-03T13:01:35.000Z,27.9,-30,17.4,-10.5,0,0.3,4173.82,4173.11,,,SELL,USD,1,1,1583663
D#1702726,XAUUSD,100,2.8823E+17,2.8823E+17,2.8823E+17,2.8823E+17,102,2026-07-03T13:00:05.000Z,2026-07-03T13:01:47.000Z,-100,98.6,-107,-7,0,0.2,4178.37,4173.15,,,BUY,USD,1,1,1583663
D#1702632,XAUUSD,100,2.8823E+17,2.8823E+17,2.8823E+17,2.8823E+17,6,2026-07-03T13:02:06.000Z,2026-07-03T13:02:12.000Z,27.9,-30,17.4,-10.5,0,0.3,4174.28,4173.57,,,SELL,USD,1,1,1583663
D#1702632,XAUUSD,100,2.8823E+17,2.8823E+17,2.8823E+17,2.8823E+17,57,2026-07-03T13:02:52.000Z,2026-07-03T13:03:49.000Z,37.2,-39.3,26.7,-10.5,0,0.3,4174.35,4173.33,,4173.03,SELL,USD,1,1,1583663
D#1702374,XAUUSD,100,2.8823E+17,2.8823E+17,2.8823E+17,2.8823E+17,234,2026-07-03T13:00:03.000Z,2026-07-03T13:03:57.000Z,-40.15,39.38,-44.01,-3.86,0,0.11,4176.34,4172.47,4172.63,4184.28,BUY,USD,1,1,1583663
D#1702351,XAUUSD,100,2.8823E+17,2.8823E+17,2.8823E+17,2.8823E+17,2181,2026-07-03T12:29:04.000Z,2026-07-03T13:05:25.000Z,-21,20.3,-24.5,-3.5,0,0.1,4174.12,4171.8,4172.21,4184.16,BUY,USD,1,1,1583663
D#1702442,XAUUSD,100,2.8823E+17,2.8823E+17,2.8823E+17,2.8823E+17,1820,2026-07-03T12:35:05.000Z,2026-07-03T13:05:25.000Z,-26.2,25.85,-27.96,-1.76,0,0.05,4177.39,4171.93,4171.98,4186.41,BUY,USD,1,1,1583663
D#1702658,XAUUSD,100,2.8823E+17,2.8823E+17,2.8823E+17,2.8823E+17,1708,2026-07-03T12:36:57.000Z,2026-07-03T13:05:25.000Z,-53.76,52.64,-59.36,-5.6,0,0.16,4175.38,4171.8,4172.29,4182.92,BUY,USD,1,1,1583663
D#1702511,XAUUSD,100,2.8823E+17,2.8823E+17,2.8823E+17,2.8823E+17,1159,2026-07-03T12:46:06.000Z,2026-07-03T13:05:25.000Z,-37,36.3,-40.5,-3.5,0,0.1,4175.72,4171.8,4172.21,4186.16,BUY,USD,1,1,1583663
D#1702428,XAUUSD,100,2.8823E+17,2.8823E+17,2.8823E+17,2.8823E+17,74,2026-07-03T13:04:12.000Z,2026-07-03T13:05:26.000Z,-30.2,28.8,-37.2,-7,0,0.2,4173.49,4171.76,,,BUY,USD,1,1,1583663
D#1670915,XAUUSD,100,2.8823E+17,2.8823E+17,2.8823E+17,2.8823E+17,4320,2026-07-03T11:53:41.000Z,2026-07-03T13:05:41.000Z,-202,200.6,-209,-7,0,0.2,4182.41,4172.09,,,BUY,USD,1,1,1583663
D#1614607,XAUUSD,100,2.8823E+17,2.8823E+17,2.8823E+17,2.8823E+17,310,2026-07-03T13:00:31.000Z,2026-07-03T13:05:41.000Z,115.75,-117.5,106.99,-8.76,0,0.25,4175.93,4171.52,4179.58,4171.44,SELL,USD,1,1,1583663
D#1702489,XAUUSD,100,2.8823E+17,2.8823E+17,2.8823E+17,2.8823E+17,2727,2026-07-03T12:20:15.000Z,2026-07-03T13:05:42.000Z,-77.2,75.8,-84.2,-7,0,0.2,4174.44,4170.36,4170.85,4180.32,BUY,USD,1,1,1583663
D#1702663,XAUUSD,100,2.8823E+17,2.8823E+17,2.8823E+17,2.8823E+17,1995,2026-07-03T12:32:27.000Z,2026-07-03T13:05:42.000Z,-88,86.6,-95,-7,0,0.2,4174.91,4170.29,4171.18,4180.62,BUY,USD,1,1,1583663
D#1702631,XAUUSD,100,2.8823E+17,2.8823E+17,2.8823E+17,2.8823E+17,298,2026-07-03T13:00:44.000Z,2026-07-03T13:05:42.000Z,-55.6,54.9,-59.1,-3.5,0,0.1,4176.07,4170.29,4170.98,4184.98,BUY,USD,1,1,1583663
D#1702632,XAUUSD,100,2.8823E+17,2.8823E+17,2.8823E+17,2.8823E+17,101,2026-07-03T13:04:01.000Z,2026-07-03T13:05:42.000Z,83.7,-85.8,73.2,-10.5,0,0.3,4173.16,4170.59,,4170.54,SELL,USD,1,1,1583663
D#1702575,XAUUSD,100,2.8823E+17,2.8823E+17,2.8823E+17,2.8823E+17,779,2026-07-03T12:52:52.000Z,2026-07-03T13:05:51.000Z,-205.2,202.4,-219.2,-14,0,0.4,4176.06,4170.71,,4186.09,BUY,USD,1,1,1583663
D#1702740,XAUUSD,100,2.8823E+17,2.8823E+17,2.8823E+17,2.8823E+17,2290,2026-07-03T12:27:42.000Z,2026-07-03T13:05:52.000Z,119.5,-123,102,-17.5,0,0.5,4173.22,4171.05,,4170.22,SELL,USD,1,1,1583663
D#1702430,XAUUSD,100,2.8823E+17,2.8823E+17,2.8823E+17,2.8823E+17,517,2026-07-03T12:57:28.000Z,2026-07-03T13:06:05.000Z,12.7,-13.05,10.94,-1.76,0,0.05,4173.52,4171.2,4186.38,4161.25,SELL,USD,1,1,1583663
D#1702450,XAUUSD,100,2.8823E+17,2.8823E+17,2.8823E+17,2.8823E+17,7014,2026-07-03T11:09:33.000Z,2026-07-03T13:06:27.000Z,-174.4,173,-181.4,-7,0,0.2,4179.05,4170.11,4170.33,4200.34,BUY,USD,1,1,1583663
D#1670968,XAUUSD,100,2.8823E+17,2.8823E+17,2.8823E+17,2.8823E+17,14061,2026-07-03T09:13:06.000Z,2026-07-03T13:07:27.000Z,79.47,-80.1,76.31,-3.16,0,0.09,4179.2,4170.59,,,SELL,USD,1,1,1583663
D#1702428,XAUUSD,100,2.8823E+17,2.8823E+17,2.8823E+17,2.8823E+17,60,2026-07-03T13:07:01.000Z,2026-07-03T13:08:01.000Z,10.4,-11.8,3.4,-7,0,0.2,4171.63,4171.33,,,SELL,USD,1,1,1583663
D#1702428,XAUUSD,100,2.8823E+17,2.8823E+17,2.8823E+17,2.8823E+17,31,2026-07-03T13:08:28.000Z,2026-07-03T13:08:59.000Z,14,-15.4,7,-7,0,0.2,4170.57,4170.09,,,SELL,USD,1,1,1583663
D#1702358,XAUUSD,100,2.8823E+17,2.8823E+17,2.8823E+17,2.8823E+17,517,2026-07-03T13:00:32.000Z,2026-07-03T13:09:09.000Z,53.92,-54.48,51.12,-2.8,0,0.08,4175.88,4169.36,4179.29,4169.28,SELL,USD,1,1,1583663
D#1702416,XAUUSD,100,2.8823E+17,2.8823E+17,2.8823E+17,2.8823E+17,6915,2026-07-03T11:13:55.000Z,2026-07-03T13:09:10.000Z,260.4,-261.8,253.4,-7,0,0.2,4181.82,4169.02,4186.61,4168.99,SELL,USD,1,1,1583663
D#1702533,XAUUSD,100,2.8823E+17,2.8823E+17,2.8823E+17,2.8823E+17,18630,2026-07-03T07:58:42.000Z,2026-07-03T13:09:12.000Z,-137.6,136.2,-144.6,-7,0,0.2,4175.27,4168.17,4168.49,4195.38,BUY,USD,1,1,1583663
D#1702632,XAUUSD,100,2.8823E+17,2.8823E+17,2.8823E+17,2.8823E+17,70,2026-07-03T13:08:02.000Z,2026-07-03T13:09:12.000Z,-95.7,93.6,-106.2,-10.5,0,0.3,4171.61,4168.2,,4172.91,BUY,USD,1,1,1583663
D#1702351,XAUUSD,100,2.8823E+17,2.8823E+17,2.8823E+17,2.8823E+17,43,2026-07-03T13:08:29.000Z,2026-07-03T13:09:12.000Z,-17.7,17,-21.2,-3.5,0,0.1,4170.21,4168.22,4168.29,4181.17,BUY,USD,1,1,1583663
D#1702718,XAUUSD,100,2.8823E+17,2.8823E+17,2.8823E+17,2.8823E+17,2040,2026-07-03T12:35:18.000Z,2026-07-03T13:09:18.000Z,-83.4,82.7,-86.9,-3.5,0,0.1,4177.05,4168.49,,4180.44,BUY,USD,1,1,1583663
D#1702443,XAUUSD,100,2.8823E+17,2.8823E+17,2.8823E+17,2.8823E+17,2157,2026-07-03T12:33:24.000Z,2026-07-03T13:09:21.000Z,75.3,-76,71.8,-3.5,0,0.1,4175.55,4168.24,4180.33,4168.12,SELL,USD,1,1,1583663
D#1702352,XAUUSD,100,2.8823E+17,2.8823E+17,2.8823E+17,2.8823E+17,12142,2026-07-03T09:47:06.000Z,2026-07-03T13:09:28.000Z,0.7,-1.4,-2.81,-3.51,0,0.1,4173.03,4167.77,4168,4192.92,BUY,USD,1,1,1583663
D#1671094,XAUUSD,100,2.8823E+17,2.8823E+17,2.8823E+17,2.8823E+17,7827,2026-07-03T10:59:13.000Z,2026-07-03T13:09:40.000Z,-209.8,208.4,-216.8,-7,0,0.2,4177.49,4166.78,4161.64,4198.37,BUY,USD,1,1,1583663
D#1702692,XAUUSD,100,2.8823E+17,2.8823E+17,2.8823E+17,2.8823E+17,1921,2026-07-03T12:37:49.000Z,2026-07-03T13:09:50.000Z,357,-360.5,339.5,-17.5,0,0.5,4173.55,4166.63,,,SELL,USD,1,1,1583663
D#1702632,XAUUSD,100,2.8823E+17,2.8823E+17,2.8823E+17,2.8823E+17,30,2026-07-03T13:09:30.000Z,2026-07-03T13:10:00.000Z,21.6,-23.7,11.1,-10.5,0,0.3,4167.3,4166.8,,,SELL,USD,1,1,1583663
D#1702711,XAUUSD,100,2.8823E+17,2.8823E+17,2.8823E+17,2.8823E+17,78,2026-07-03T13:09:38.000Z,2026-07-03T13:10:56.000Z,-71.5,68,-89,-17.5,0,0.5,4166.95,4168.6,,,SELL,USD,1,1,1583663
D#1702428,XAUUSD,100,2.8823E+17,2.8823E+17,2.8823E+17,2.8823E+17,59,2026-07-03T13:10:01.000Z,2026-07-03T13:11:00.000Z,42.4,-43.8,35.4,-7,0,0.2,4166.72,4168.62,,,BUY,USD,1,1,1583663
D#1702632,XAUUSD,100,2.8823E+17,2.8823E+17,2.8823E+17,2.8823E+17,12,2026-07-03T13:11:00.000Z,2026-07-03T13:11:12.000Z,-48.6,46.5,-59.1,-10.5,0,0.3,4168.75,4166.91,,,BUY,USD,1,1,1583663
D#1702711,XAUUSD,100,2.8823E+17,2.8823E+17,2.8823E+17,2.8823E+17,17,2026-07-03T13:11:41.000Z,2026-07-03T13:11:58.000Z,-26.4,22.2,-47.4,-21,0,0.6,4167.54,4166.88,,,BUY,USD,1,1,1583663
D#1702399,XAUUSD,100,2.8823E+17,2.8823E+17,2.8823E+17,2.8823E+17,3031,2026-07-03T12:21:39.000Z,2026-07-03T13:12:10.000Z,108.78,-109.76,103.88,-4.9,0,0.14,4173.49,4165.94,,4166.03,SELL,USD,1,1,1583663
D#1670986,XAUUSD,100,2.8823E+17,2.8823E+17,2.8823E+17,2.8823E+17,10561,2026-07-03T10:16:10.000Z,2026-07-03T13:12:11.000Z,-85.26,84.84,-87.36,-2.1,0,0.06,4180.2,4165.77,4165.89,4198.39,BUY,USD,1,1,1583663
D#1702476,XAUUSD,100,2.8823E+17,2.8823E+17,2.8823E+17,2.8823E+17,23450,2026-07-03T06:41:22.000Z,2026-07-03T13:12:12.000Z,81,-82.4,74,-7,0,0.2,4169.46,4165.63,4190.72,4165.53,SELL,USD,1,1,1583663
D#1670912,XAUUSD,100,2.8823E+17,2.8823E+17,2.8823E+17,2.8823E+17,415,2026-07-03T13:05:25.000Z,2026-07-03T13:12:20.000Z,-177.6,175.5,-188.1,-10.5,0,0.3,4172.11,4165.97,,4210,BUY,USD,1,1,1583663
D#1614607,XAUUSD,100,2.8823E+17,2.8823E+17,2.8823E+17,2.8823E+17,423,2026-07-03T13:06:07.000Z,2026-07-03T13:13:10.000Z,120,-121.4,113,-7,0,0.2,4171.08,4165.3,4174.81,4165.38,SELL,USD,1,1,1583663
D#1702632,XAUUSD,100,2.8823E+17,2.8823E+17,2.8823E+17,2.8823E+17,90,2026-07-03T13:11:42.000Z,2026-07-03T13:13:12.000Z,74.1,-76.2,63.6,-10.5,0,0.3,4167.37,4165.12,,4164.95,SELL,USD,1,1,1583663
D#1702711,XAUUSD,100,2.8823E+17,2.8823E+17,2.8823E+17,2.8823E+17,30,2026-07-03T13:12:42.000Z,2026-07-03T13:13:12.000Z,-127.5,124,-145,-17.5,0,0.5,4167.33,4164.56,4164.71,4179,BUY,USD,1,1,1583663
D#1614622,XAUUSD,100,2.8823E+17,2.8823E+17,2.8823E+17,2.8823E+17,1928,2026-07-03T12:41:05.000Z,2026-07-03T13:13:13.000Z,-302.4,300.3,-312.9,-10.5,0,0.3,4174.82,4164.52,,4182.58,BUY,USD,1,1,1583663
D#1702724,XAUUSD,100,2.8823E+17,2.8823E+17,2.8823E+17,2.8823E+17,16793,2026-07-03T08:33:38.000Z,2026-07-03T13:13:31.000Z,-192.83,192.06,-196.69,-3.86,0,0.11,4183.42,4165.67,,,BUY,USD,1,1,1583663
D#1614622,XAUUSD,100,2.8823E+17,2.8823E+17,2.8823E+17,2.8823E+17,11,2026-07-03T13:13:20.000Z,2026-07-03T13:13:31.000Z,4.8,-7.6,-9.2,-14,0,0.4,4165.7,4165.6,,,BUY,USD,1,1,1583663
D#1702476,XAUUSD,100,2.8823E+17,2.8823E+17,2.8823E+17,2.8823E+17,3,2026-07-03T13:14:05.000Z,2026-07-03T13:14:08.000Z,-1.6,0.2,-8.6,-7,0,0.2,4167.14,4167.44,,,SELL,USD,1,1,1583663
D#1702711,XAUUSD,100,2.8823E+17,2.8823E+17,2.8823E+17,2.8823E+17,30,2026-07-03T13:13:40.000Z,2026-07-03T13:14:10.000Z,-74,71.2,-88,-14,0,0.4,4165.71,4167.78,4168.5,,SELL,USD,1,1,1583663
D#1702632,XAUUSD,100,2.8823E+17,2.8823E+17,2.8823E+17,2.8823E+17,33,2026-07-03T13:14:14.000Z,2026-07-03T13:14:47.000Z,43.5,-45.6,33,-10.5,0,0.3,4167.95,4166.72,,,SELL,USD,1,1,1583663
D#1702632,XAUUSD,100,2.8823E+17,2.8823E+17,2.8823E+17,2.8823E+17,25,2026-07-03T13:15:42.000Z,2026-07-03T13:16:07.000Z,-72.9,70.8,-83.4,-10.5,0,0.3,4167.79,4170.44,,4165.59,SELL,USD,1,1,1583663
D#1702632,XAUUSD,100,2.8823E+17,2.8823E+17,2.8823E+17,2.8823E+17,89,2026-07-03T13:16:25.000Z,2026-07-03T13:17:54.000Z,-102.9,100.8,-113.4,-10.5,0,0.3,4170.75,4167.1,,,BUY,USD,1,1,1583663
D#1670935,XAUUSD,100,2.8823E+17,2.8823E+17,2.8823E+17,2.8823E+17,6561,2026-07-03T11:30:19.000Z,2026-07-03T13:19:40.000Z,145.6,-146.3,142.1,-3.5,0,0.1,4183.1,4168.76,4188.94,4136.07,SELL,USD,1,1,1583663
D#1702619,XAUUSD,100,2.8823E+17,2.8823E+17,2.8823E+17,2.8823E+17,872,2026-07-03T13:05:22.000Z,2026-07-03T13:19:54.000Z,33,-33.7,29.5,-3.5,0,0.1,4172.69,4169.61,4169.44,4161.59,SELL,USD,1,1,1583663
D#1702718,XAUUSD,100,2.8823E+17,2.8823E+17,2.8823E+17,2.8823E+17,592,2026-07-03T13:10:30.000Z,2026-07-03T13:20:22.000Z,-56,54.88,-61.6,-5.6,0,0.16,4167.25,4170.97,,4163.17,SELL,USD,1,1,1583663
D#1702632,XAUUSD,100,2.8823E+17,2.8823E+17,2.8823E+17,2.8823E+17,149,2026-07-03T13:18:09.000Z,2026-07-03T13:20:38.000Z,-85.8,83.7,-96.3,-10.5,0,0.3,4168.1,4171.18,,4165.61,SELL,USD,1,1,1583663
D#1702689,XAUUSD,100,2.8823E+17,2.8823E+17,2.8823E+17,2.8823E+17,174,2026-07-03T13:17:55.000Z,2026-07-03T13:20:49.000Z,-53.7,52.65,-58.96,-5.26,0,0.15,4167.09,4170.89,,,SELL,USD,1,1,1583663
D#1702718,XAUUSD,100,2.8823E+17,2.8823E+17,2.8823E+17,2.8823E+17,59,2026-07-03T13:20:42.000Z,2026-07-03T13:21:41.000Z,28.16,-30.4,16.96,-11.2,0,0.32,4170.94,4170.28,,,SELL,USD,1,1,1583663
D#1702632,XAUUSD,100,2.8823E+17,2.8823E+17,2.8823E+17,2.8823E+17,95,2026-07-03T13:21:21.000Z,2026-07-03T13:22:56.000Z,75.9,-78,65.4,-10.5,0,0.3,4170.34,4168.03,,4168.46,SELL,USD,1,1,1583663
D#1591594,XAUUSD,100,2.8823E+17,2.8823E+17,2.8823E+17,2.8823E+17,14,2026-07-03T13:24:36.000Z,2026-07-03T13:24:50.000Z,6.16,-10.08,-13.44,-19.6,0,0.56,4168.47,4168.36,,,BUY,USD,1,1,1583663
D#1702632,XAUUSD,100,2.8823E+17,2.8823E+17,2.8823E+17,2.8823E+17,13,2026-07-03T13:24:47.000Z,2026-07-03T13:25:00.000Z,45.3,-47.4,34.8,-10.5,0,0.3,4168.45,4169.74,,,BUY,USD,1,1,1583663
D#1702663,XAUUSD,100,2.8823E+17,2.8823E+17,2.8823E+17,2.8823E+17,161,2026-07-03T13:23:45.000Z,2026-07-03T13:26:26.000Z,-68.4,66.3,-78.9,-10.5,0,0.3,4168.58,4171.08,4170.73,4165.59,SELL,USD,1,1,1583663
D#1614607,XAUUSD,100,2.8823E+17,2.8823E+17,2.8823E+17,2.8823E+17,530,2026-07-03T13:17:40.000Z,2026-07-03T13:26:30.000Z,-33.75,32,-42.51,-8.76,0,0.25,4169.92,4171.49,4172.36,4165.38,SELL,USD,1,1,1583663
D#1702718,XAUUSD,100,2.8823E+17,2.8823E+17,2.8823E+17,2.8823E+17,65,2026-07-03T13:25:35.000Z,2026-07-03T13:26:40.000Z,64.96,-67.2,53.76,-11.2,0,0.32,4169.76,4171.57,,4175.43,BUY,USD,1,1,1583663
D#1670872,XAUUSD,100,2.8823E+17,2.8823E+17,2.8823E+17,2.8823E+17,174,2026-07-03T13:24:59.000Z,2026-07-03T13:27:53.000Z,105.6,-108.4,91.6,-14,0,0.4,4169.59,4172.01,4169.91,4172.14,BUY,USD,1,1,1583663
D#1702632,XAUUSD,100,2.8823E+17,2.8823E+17,2.8823E+17,2.8823E+17,6,2026-07-03T13:30:07.000Z,2026-07-03T13:30:13.000Z,24.3,-26.4,13.8,-10.5,0,0.3,4170.67,4170.08,,,SELL,USD,1,1,1583663
D#1614607,XAUUSD,100,2.8823E+17,2.8823E+17,2.8823E+17,2.8823E+17,74,2026-07-03T13:29:17.000Z,2026-07-03T13:30:31.000Z,-58.6,57.2,-65.6,-7,0,0.2,4172.19,4169.04,4169.06,4177.9,BUY,USD,1,1,1583663
D#1702632,XAUUSD,100,2.8823E+17,2.8823E+17,2.8823E+17,2.8823E+17,10,2026-07-03T13:30:31.000Z,2026-07-03T13:30:41.000Z,31.2,-33.3,20.7,-10.5,0,0.3,4169.04,4168.22,,,SELL,USD,1,1,1583663
D#1670990,XAUUSD,100,2.8823E+17,2.8823E+17,2.8823E+17,2.8823E+17,352,2026-07-03T13:25:09.000Z,2026-07-03T13:31:01.000Z,-98.8,96,-112.8,-14,0,0.4,4170.05,4167.36,4167.51,4172.63,BUY,USD,1,1,1583663
D#1702438,XAUUSD,100,2.8823E+17,2.8823E+17,2.8823E+17,2.8823E+17,90,2026-07-03T13:29:41.000Z,2026-07-03T13:31:11.000Z,-231,227.5,-248.5,-17.5,0,0.5,4171.91,4167.07,,,BUY,USD,1,1,1583663
D#1702632,XAUUSD,100,2.8823E+17,2.8823E+17,2.8823E+17,2.8823E+17,24,2026-07-03T13:31:03.000Z,2026-07-03T13:31:27.000Z,0.6,-2.7,-9.9,-10.5,0,0.3,4167.72,4167.92,,,SELL,USD,1,1,1583663
D#1702718,XAUUSD,100,2.8823E+17,2.8823E+17,2.8823E+17,2.8823E+17,303,2026-07-03T13:27:24.000Z,2026-07-03T13:32:27.000Z,-112,109.76,-123.2,-11.2,0,0.32,4171.21,4167.49,,4175.49,BUY,USD,1,1,1583663
D#1702718,XAUUSD,100,2.8823E+17,2.8823E+17,2.8823E+17,2.8823E+17,11,2026-07-03T13:33:09.000Z,2026-07-03T13:33:20.000Z,15.36,-17.6,4.16,-11.2,0,0.32,4167.39,4167.13,,,SELL,USD,1,1,1583663
D#1702374,XAUUSD,100,2.8823E+17,2.8823E+17,2.8823E+17,2.8823E+17,451,2026-07-03T13:25:58.000Z,2026-07-03T13:33:29.000Z,-36.74,35.97,-40.6,-3.86,0,0.11,4170.03,4166.47,4166.73,4175.9,BUY,USD,1,1,1583663
D#1670913,XAUUSD,100,2.8823E+17,2.8823E+17,2.8823E+17,2.8823E+17,100,2026-07-03T13:32:05.000Z,2026-07-03T13:33:45.000Z,69,-72.5,51.5,-17.5,0,0.5,4167.91,4166.75,,,SELL,USD,1,1,1583663
D#1702476,XAUUSD,100,2.8823E+17,2.8823E+17,2.8823E+17,2.8823E+17,792,2026-07-03T13:21:11.000Z,2026-07-03T13:34:23.000Z,85.4,-86.8,78.4,-7,0,0.2,4170.47,4166.42,4192.38,4165.87,SELL,USD,1,1,1583663
D#1702437,XAUUSD,100,2.8823E+17,2.8823E+17,2.8823E+17,2.8823E+17,19226,2026-07-03T08:14:01.000Z,2026-07-03T13:34:27.000Z,-173,172.3,-176.5,-3.5,0,0.1,4183.74,4166.22,,,BUY,USD,1,1,1583663
D#1702641,XAUUSD,100,2.8823E+17,2.8823E+17,2.8823E+17,2.8823E+17,99,2026-07-03T13:33:10.000Z,2026-07-03T13:34:49.000Z,9.6,-11,2.6,-7,0,0.2,4167.4,4167.14,,,SELL,USD,1,1,1583663
D#1702718,XAUUSD,100,2.8823E+17,2.8823E+17,2.8823E+17,2.8823E+17,57,2026-07-03T13:34:43.000Z,2026-07-03T13:35:40.000Z,-8.7,8,-12.2,-3.5,0,0.1,4167.12,4166.03,,,BUY,USD,1,1,1583663
D#1702632,XAUUSD,100,2.8823E+17,2.8823E+17,2.8823E+17,2.8823E+17,340,2026-07-03T13:31:32.000Z,2026-07-03T13:37:12.000Z,-61.2,59.1,-71.7,-10.5,0,0.3,4168.05,4165.79,,4170.24,BUY,USD,1,1,1583663
D#1702737,XAUUSD,100,2.8823E+17,2.8823E+17,2.8823E+17,2.8823E+17,1026,2026-07-03T13:20:07.000Z,2026-07-03T13:37:13.000Z,-92.4,91,-99.4,-7,0,0.2,4170.24,4165.4,4165.79,4173.76,BUY,USD,1,1,1583663
D#1645756,XAUUSD,100,2.8823E+17,2.8823E+17,2.8823E+17,2.8823E+17,196,2026-07-03T13:34:17.000Z,2026-07-03T13:37:33.000Z,2.5,-3.2,-1,-3.5,0,0.1,4166.25,4166.22,,,SELL,USD,1,1,1583663
D#1702718,XAUUSD,100,2.8823E+17,2.8823E+17,2.8823E+17,2.8823E+17,91,2026-07-03T13:36:22.000Z,2026-07-03T13:37:53.000Z,2.1,-4.2,-8.4,-10.5,0,0.3,4166.62,4166.77,,4159.53,SELL,USD,1,1,1583663
D#1702641,XAUUSD,100,2.8823E+17,2.8823E+17,2.8823E+17,2.8823E+17,111,2026-07-03T13:36:06.000Z,2026-07-03T13:37:57.000Z,16.8,-18.2,9.8,-7,0,0.2,4166.95,4167.57,,,BUY,USD,1,1,1583663
D#1702632,XAUUSD,100,2.8823E+17,2.8823E+17,2.8823E+17,2.8823E+17,51,2026-07-03T13:37:16.000Z,2026-07-03T13:38:07.000Z,-98.1,96,-108.6,-10.5,0,0.3,4165.24,4168.73,,4163.5,SELL,USD,1,1,1583663
D#1702632,XAUUSD,100,2.8823E+17,2.8823E+17,2.8823E+17,2.8823E+17,34,2026-07-03T13:38:17.000Z,2026-07-03T13:38:51.000Z,-25.8,23.7,-36.3,-10.5,0,0.3,4168.45,4167.37,,4169.88,BUY,USD,1,1,1583663
D#1702718,XAUUSD,100,2.8823E+17,2.8823E+17,2.8823E+17,2.8823E+17,72,2026-07-03T13:38:26.000Z,2026-07-03T13:39:38.000Z,34.2,-36.3,23.7,-10.5,0,0.3,4168.09,4167.17,,,SELL,USD,1,1,1583663
D#1702736,XAUUSD,100,2.8823E+17,2.8823E+17,2.8823E+17,2.8823E+17,100,2026-07-03T13:38:11.000Z,2026-07-03T13:39:51.000Z,-12.6,11.9,-16.1,-3.5,0,0.1,4168.22,4166.74,4165.08,4179.09,BUY,USD,1,1,1583663
D#1702689,XAUUSD,100,2.8823E+17,2.8823E+17,2.8823E+17,2.8823E+17,406,2026-07-03T13:33:18.000Z,2026-07-03T13:40:04.000Z,-16.95,15.9,-22.21,-5.26,0,0.15,4166.87,4168.22,,,SELL,USD,1,1,1583663
D#1702720,XAUUSD,100,2.8823E+17,2.8823E+17,2.8823E+17,2.8823E+17,755,2026-07-03T13:27:53.000Z,2026-07-03T13:40:28.000Z,29.46,-29.88,27.36,-2.1,0,0.06,4172.01,4167.32,4182.6,4151.69,SELL,USD,1,1,1583663
D#1702428,XAUUSD,100,2.8823E+17,2.8823E+17,2.8823E+17,2.8823E+17,151,2026-07-03T13:38:01.000Z,2026-07-03T13:40:32.000Z,-26.8,25.4,-33.8,-7,0,0.2,4168.16,4166.6,,,BUY,USD,1,1,1583663
D#1702708,XAUUSD,100,2.8823E+17,2.8823E+17,2.8823E+17,2.8823E+17,2882,2026-07-03T12:54:14.000Z,2026-07-03T13:42:16.000Z,105.3,-106.35,100.04,-5.26,0,0.15,4174.15,4167.35,,,SELL,USD,1,1,1583663
D#1702428,XAUUSD,100,2.8823E+17,2.8823E+17,2.8823E+17,2.8823E+17,207,2026-07-03T13:41:18.000Z,2026-07-03T13:44:45.000Z,-18.6,17.2,-25.6,-7,0,0.2,4166.64,4167.79,,,SELL,USD,1,1,1583663
D#1702689,XAUUSD,100,2.8823E+17,2.8823E+17,2.8823E+17,2.8823E+17,176,2026-07-03T13:44:54.000Z,2026-07-03T13:47:50.000Z,-30.3,29.25,-35.56,-5.26,0,0.15,4167.75,4165.51,4160.67,,BUY,USD,1,1,1583663
D#1670938,XAUUSD,100,2.8823E+17,2.8823E+17,2.8823E+17,2.8823E+17,458,2026-07-03T13:40:19.000Z,2026-07-03T13:47:57.000Z,-52.4,51,-59.4,-7,0,0.2,4167.54,4164.7,4164.92,4213.53,BUY,USD,1,1,1583663
D#1702470,XAUUSD,100,2.8823E+17,2.8823E+17,2.8823E+17,2.8823E+17,2019,2026-07-03T13:14:19.000Z,2026-07-03T13:47:58.000Z,-61.4,60,-68.4,-7,0,0.2,4168.1,4164.81,4164.59,4173.87,BUY,USD,1,1,1583663
D#1702443,XAUUSD,100,2.8823E+17,2.8823E+17,2.8823E+17,2.8823E+17,1205,2026-07-03T13:27:53.000Z,2026-07-03T13:47:58.000Z,72.9,-73.6,69.4,-3.5,0,0.1,4172.01,4164.94,4177.12,4164.73,SELL,USD,1,1,1583663
D#1670913,XAUUSD,100,2.8823E+17,2.8823E+17,2.8823E+17,2.8823E+17,852,2026-07-03T13:33:47.000Z,2026-07-03T13:47:59.000Z,62.5,-66,45,-17.5,0,0.5,4166.2,4165.17,,,SELL,USD,1,1,1583663
D#1702718,XAUUSD,100,2.8823E+17,2.8823E+17,2.8823E+17,2.8823E+17,483,2026-07-03T13:40:21.000Z,2026-07-03T13:48:24.000Z,-60.3,58.2,-70.8,-10.5,0,0.3,4167.45,4165.22,,4169.74,BUY,USD,1,1,1583663
D#1702511,XAUUSD,100,2.8823E+17,2.8823E+17,2.8823E+17,2.8823E+17,1301,2026-07-03T13:27:07.000Z,2026-07-03T13:48:48.000Z,-68.9,68.2,-72.4,-3.5,0,0.1,4171.36,4164.25,4164.53,4181.47,BUY,USD,1,1,1583663
D#1702631,XAUUSD,100,2.8823E+17,2.8823E+17,2.8823E+17,2.8823E+17,951,2026-07-03T13:32:57.000Z,2026-07-03T13:48:48.000Z,112.5,-114.6,102,-10.5,0,0.3,4167.98,4164.45,,4164.24,SELL,USD,1,1,1583663
D#1702730,XAUUSD,100,2.8823E+17,2.8823E+17,2.8823E+17,2.8823E+17,453,2026-07-03T13:41:15.000Z,2026-07-03T13:48:48.000Z,54,-55.4,47,-7,0,0.2,4166.93,4164.45,,4164.33,SELL,USD,1,1,1583663
D#1702718,XAUUSD,100,2.8823E+17,2.8823E+17,2.8823E+17,2.8823E+17,17,2026-07-03T13:48:35.000Z,2026-07-03T13:48:52.000Z,37.8,-39.9,27.3,-10.5,0,0.3,4165.12,4164.08,,,SELL,USD,1,1,1583663
D#1670990,XAUUSD,100,2.8823E+17,2.8823E+17,2.8823E+17,2.8823E+17,409,2026-07-03T13:42:06.000Z,2026-07-03T13:48:55.000Z,98,-100.8,84,-14,0,0.4,4166.21,4163.98,4169.15,4163.7,SELL,USD,1,1,1583663
D#1670913,XAUUSD,100,2.8823E+17,2.8823E+17,2.8823E+17,2.8823E+17,54,2026-07-03T13:48:01.000Z,2026-07-03T13:48:55.000Z,62.5,-66,45,-17.5,0,0.5,4165.03,4164,,,SELL,USD,1,1,1583663
D#1702726,XAUUSD,100,2.8823E+17,2.8823E+17,2.8823E+17,2.8823E+17,2831,2026-07-03T13:01:59.000Z,2026-07-03T13:49:10.000Z,-170.4,169,-177.4,-7,0,0.2,4173.37,4164.63,,,BUY,USD,1,1,1583663
D#1702708,XAUUSD,100,2.8823E+17,2.8823E+17,2.8823E+17,2.8823E+17,189,2026-07-03T13:47:01.000Z,2026-07-03T13:50:10.000Z,29.25,-30.3,23.99,-5.26,0,0.15,4167.34,4165.61,,,SELL,USD,1,1,1583663
D#1702689,XAUUSD,100,2.8823E+17,2.8823E+17,2.8823E+17,2.8823E+17,191,2026-07-03T13:47:54.000Z,2026-07-03T13:51:05.000Z,-22.5,21.45,-27.76,-5.26,0,0.15,4165.06,4166.78,4169.09,,SELL,USD,1,1,1583663
D#1670958,XAUUSD,100,2.8823E+17,2.8823E+17,2.8823E+17,2.8823E+17,11979,2026-07-03T10:33:26.000Z,2026-07-03T13:53:05.000Z,53.05,-53.4,51.29,-1.76,0,0.05,4177.31,4166.92,4166.93,4157.88,SELL,USD,1,1,1583663
D#1702730,XAUUSD,100,2.8823E+17,2.8823E+17,2.8823E+17,2.8823E+17,88,2026-07-03T13:51:41.000Z,2026-07-03T13:53:09.000Z,-39.3,37.2,-49.8,-10.5,0,0.3,4166.01,4167.54,,4164.25,SELL,USD,1,1,1583663
D#1702718,XAUUSD,100,2.8823E+17,2.8823E+17,2.8823E+17,2.8823E+17,233,2026-07-03T13:49:27.000Z,2026-07-03T13:53:20.000Z,-71.7,69.6,-82.2,-10.5,0,0.3,4164.9,4167.51,,4160.26,SELL,USD,1,1,1583663
D#1670990,XAUUSD,100,2.8823E+17,2.8823E+17,2.8823E+17,2.8823E+17,372,2026-07-03T13:50:18.000Z,2026-07-03T13:56:30.000Z,-95.9,93.45,-108.16,-12.26,0,0.35,4165.27,4168.23,4168.11,4162.68,SELL,USD,1,1,1583663
D#1614607,XAUUSD,100,2.8823E+17,2.8823E+17,2.8823E+17,2.8823E+17,1587,2026-07-03T13:31:00.000Z,2026-07-03T13:57:27.000Z,-25.2,23.8,-32.2,-7,0,0.2,4167.48,4168.96,4169.46,4161.68,SELL,USD,1,1,1583663
D#1702705,XAUUSD,100,2.8823E+17,2.8823E+17,2.8823E+17,2.8823E+17,126,2026-07-03T13:56:00.000Z,2026-07-03T13:58:06.000Z,-12,11.3,-15.5,-3.5,0,0.1,4167.54,4166.12,4166.3,4171.34,BUY,USD,1,1,1583663
D#1702730,XAUUSD,100,2.8823E+17,2.8823E+17,2.8823E+17,2.8823E+17,293,2026-07-03T13:53:33.000Z,2026-07-03T13:58:26.000Z,76.2,-78.3,65.7,-10.5,0,0.3,4167.04,4164.72,,4165.28,SELL,USD,1,1,1583663
D#1702689,XAUUSD,100,2.8823E+17,2.8823E+17,2.8823E+17,2.8823E+17,483,2026-07-03T13:51:11.000Z,2026-07-03T13:59:14.000Z,-24.3,23.25,-29.56,-5.26,0,0.15,4166.46,4164.62,4163.78,,BUY,USD,1,1,1583663
D#1702508,XAUUSD,100,2.8823E+17,2.8823E+17,2.8823E+17,2.8823E+17,1717,2026-07-03T13:31:54.000Z,2026-07-03T14:00:31.000Z,-27.1,26.4,-30.61,-3.51,0,0.1,4168.03,4163.12,4163.41,4176.33,BUY,USD,1,1,1583663
D#1702619,XAUUSD,100,2.8823E+17,2.8823E+17,2.8823E+17,2.8823E+17,1587,2026-07-03T13:34:04.000Z,2026-07-03T14:00:31.000Z,-30.5,29.8,-34,-3.5,0,0.1,4166.39,4163.12,4163.27,4177.78,BUY,USD,1,1,1583663
D#1702646,XAUUSD,100,2.8823E+17,2.8823E+17,2.8823E+17,2.8823E+17,8991,2026-07-03T11:30:42.000Z,2026-07-03T14:00:33.000Z,392.2,-393.6,385.2,-7,0,0.2,4183.66,4164.27,,,SELL,USD,1,1,1583663
D#1670988,XAUUSD,100,2.8823E+17,2.8823E+17,2.8823E+17,2.8823E+17,21746,2026-07-03T07:58:15.000Z,2026-07-03T14:00:41.000Z,-170.7,169.65,-175.96,-5.26,0,0.15,4176.75,4165.15,,4203.28,BUY,USD,1,1,1583663
D#1702583,XAUUSD,100,2.8823E+17,2.8823E+17,2.8823E+17,2.8823E+17,6190,2026-07-03T12:17:32.000Z,2026-07-03T14:00:42.000Z,-210.6,209.2,-217.6,-7,0,0.2,4175.89,4165.14,,,BUY,USD,1,1,1583663
D#1702560,XAUUSD,100,2.8823E+17,2.8823E+17,2.8823E+17,2.8823E+17,39616,2026-07-03T03:02:22.000Z,2026-07-03T14:02:38.000Z,80.7,-81.05,78.94,-1.76,0,0.05,4180.68,4164.76,,4160,SELL,USD,1,1,1583663
D#1671067,XAUUSD,100,2.8823E+17,2.8823E+17,2.8823E+17,2.8823E+17,13391,2026-07-03T10:19:55.000Z,2026-07-03T14:03:06.000Z,-155.2,154.5,-158.7,-3.5,0,0.1,4180.44,4164.7,,,BUY,USD,1,1,1583663
D#1702646,XAUUSD,100,2.8823E+17,2.8823E+17,2.8823E+17,2.8823E+17,144,2026-07-03T14:00:54.000Z,2026-07-03T14:03:18.000Z,-21.6,20.2,-28.6,-7,0,0.2,4164.85,4163.55,,,BUY,USD,1,1,1583663
D#1671067,XAUUSD,100,2.8823E+17,2.8823E+17,2.8823E+17,2.8823E+17,33,2026-07-03T14:03:11.000Z,2026-07-03T14:03:44.000Z,1.5,-2.2,-2,-3.5,0,0.1,4164.12,4164.19,,4130.3,SELL,USD,1,1,1583663
D#1671067,XAUUSD,100,2.8823E+17,2.8823E+17,2.8823E+17,2.8823E+17,2,2026-07-03T14:03:45.000Z,2026-07-03T14:03:47.000Z,1.1,-1.8,-2.4,-3.5,0,0.1,4164.12,4164.23,,,SELL,USD,1,1,1583663
D#1702646,XAUUSD,100,2.8823E+17,2.8823E+17,2.8823E+17,2.8823E+17,21,2026-07-03T14:03:49.000Z,2026-07-03T14:04:10.000Z,31.8,-33.2,24.8,-7,0,0.2,4164.22,4165.59,,,BUY,USD,1,1,1583663
D#1702560,XAUUSD,100,2.8823E+17,2.8823E+17,2.8823E+17,2.8823E+17,100,2026-07-03T14:03:16.000Z,2026-07-03T14:04:56.000Z,104.1,-106.2,93.6,-10.5,0,0.3,4163.82,4167.07,,4167.04,BUY,USD,1,1,1583663
D#1702482,XAUUSD,100,2.8823E+17,2.8823E+17,2.8823E+17,2.8823E+17,6861,2026-07-03T12:10:36.000Z,2026-07-03T14:04:57.000Z,69.2,-69.55,67.44,-1.76,0,0.05,4180.86,4167.24,4180.46,4160.1,SELL,USD,1,1,1583663
D#1702631,XAUUSD,100,2.8823E+17,2.8823E+17,2.8823E+17,2.8823E+17,441,2026-07-03T13:57:38.000Z,2026-07-03T14:04:59.000Z,11.1,-11.8,7.6,-3.5,0,0.1,4167.61,4166.72,4168.78,4162.06,SELL,USD,1,1,1583663
D#1670872,XAUUSD,100,2.8823E+17,2.8823E+17,2.8823E+17,2.8823E+17,107,2026-07-03T14:04:06.000Z,2026-07-03T14:05:53.000Z,-10,7.2,-24,-14,0,0.4,4165.51,4165.04,4165.28,4168.19,BUY,USD,1,1,1583663
D#1702591,XAUUSD,100,2.8823E+17,2.8823E+17,2.8823E+17,2.8823E+17,316,2026-07-03T14:00:38.000Z,2026-07-03T14:05:54.000Z,-0.2,-0.08,-1.6,-1.4,0,0.04,4165.11,4164.84,4165.08,,BUY,USD,1,1,1583663
D#1702380,XAUUSD,100,2.8823E+17,2.8823E+17,2.8823E+17,2.8823E+17,80,2026-07-03T14:05:05.000Z,2026-07-03T14:06:25.000Z,-144,141.2,-158,-14,0,0.4,4166.72,4162.9,4163.16,4171.85,BUY,USD,1,1,1583663
D#1702631,XAUUSD,100,2.8823E+17,2.8823E+17,2.8823E+17,2.8823E+17,47,2026-07-03T14:05:38.000Z,2026-07-03T14:06:25.000Z,-100.2,98.1,-110.7,-10.5,0,0.3,4166.49,4162.93,,4167.76,BUY,USD,1,1,1583663
D#1670938,XAUUSD,100,2.8823E+17,2.8823E+17,2.8823E+17,2.8823E+17,59,2026-07-03T14:05:27.000Z,2026-07-03T14:06:26.000Z,-71.8,70.4,-78.8,-7,0,0.2,4166.56,4162.75,4163.01,,BUY,USD,1,1,1583663
D#1614607,XAUUSD,100,2.8823E+17,2.8823E+17,2.8823E+17,2.8823E+17,463,2026-07-03T13:59:05.000Z,2026-07-03T14:06:48.000Z,-36,34.6,-43,-7,0,0.2,4165.09,4163.07,4162.72,4170.89,BUY,USD,1,1,1583663
D#1702674,XAUUSD,100,2.8823E+17,2.8823E+17,2.8823E+17,2.8823E+17,3495,2026-07-03T13:08:59.000Z,2026-07-03T14:07:14.000Z,122.85,-123.9,117.59,-5.26,0,0.15,4169.98,4162.01,4173.56,4161.89,SELL,USD,1,1,1583663
D#1702476,XAUUSD,100,2.8823E+17,2.8823E+17,2.8823E+17,2.8823E+17,1847,2026-07-03T13:36:27.000Z,2026-07-03T14:07:14.000Z,23.55,-23.9,21.79,-1.76,0,0.05,4166.69,4162.2,,4162.27,SELL,USD,1,1,1583663
D#1670872,XAUUSD,100,2.8823E+17,2.8823E+17,2.8823E+17,2.8823E+17,22,2026-07-03T14:06:52.000Z,2026-07-03T14:07:14.000Z,-46,43.2,-60,-14,0,0.4,4163.4,4162.03,4162.34,4166.33,BUY,USD,1,1,1583663
D#1614602,XAUUSD,100,2.8823E+17,2.8823E+17,2.8823E+17,2.8823E+17,1894,2026-07-03T13:35:41.000Z,2026-07-03T14:07:15.000Z,91.8,-93.2,84.8,-7,0,0.2,4166.05,4161.68,,4161.46,SELL,USD,1,1,1583663
D#1702730,XAUUSD,100,2.8823E+17,2.8823E+17,2.8823E+17,2.8823E+17,431,2026-07-03T14:00:04.000Z,2026-07-03T14:07:15.000Z,77.1,-79.2,66.6,-10.5,0,0.3,4164.03,4161.68,,4161.52,SELL,USD,1,1,1583663
D#1670996,XAUUSD,100,2.8823E+17,2.8823E+17,2.8823E+17,2.8823E+17,2023,2026-07-03T13:33:37.000Z,2026-07-03T14:07:20.000Z,-259,255.5,-276.5,-17.5,0,0.5,4167.21,4161.81,,,BUY,USD,1,1,1583663
D#1702543,XAUUSD,100,2.8823E+17,2.8823E+17,2.8823E+17,2.8823E+17,479,2026-07-03T13:59:50.000Z,2026-07-03T14:07:49.000Z,-26.7,26,-30.2,-3.5,0,0.1,4164.48,4161.59,,,BUY,USD,1,1,1583663
D#1702591,XAUUSD,100,2.8823E+17,2.8823E+17,2.8823E+17,2.8823E+17,61,2026-07-03T14:07:11.000Z,2026-07-03T14:08:12.000Z,1.76,-2.04,0.36,-1.4,0,0.04,4162.52,4162.3,4164.71,,SELL,USD,1,1,1583663
D#1702613,XAUUSD,100,2.8823E+17,2.8823E+17,2.8823E+17,2.8823E+17,2398,2026-07-03T13:28:22.000Z,2026-07-03T14:08:20.000Z,96.66,-97.29,93.5,-3.16,0,0.09,4171.76,4161.24,4169.17,4161.24,SELL,USD,1,1,1583663
D#1702370,XAUUSD,100,2.8823E+17,2.8823E+17,2.8823E+17,2.8823E+17,3533,2026-07-03T13:09:28.000Z,2026-07-03T14:08:21.000Z,-69.7,69,-73.2,-3.5,0,0.1,4167.94,4160.75,4160.97,4180.02,BUY,USD,1,1,1583663
D#1702631,XAUUSD,100,2.8823E+17,2.8823E+17,2.8823E+17,2.8823E+17,102,2026-07-03T14:06:40.000Z,2026-07-03T14:08:22.000Z,83.4,-85.5,72.9,-10.5,0,0.3,4163.51,4160.95,,,SELL,USD,1,1,1583663
D#1702460,XAUUSD,100,2.8823E+17,2.8823E+17,2.8823E+17,2.8823E+17,3552,2026-07-03T13:09:12.000Z,2026-07-03T14:08:24.000Z,-151.8,150.4,-158.8,-7,0,0.2,4168.34,4160.53,4160.73,4195.77,BUY,USD,1,1,1583663
D#1702374,XAUUSD,100,2.8823E+17,2.8823E+17,2.8823E+17,2.8823E+17,1964,2026-07-03T13:35:41.000Z,2026-07-03T14:08:25.000Z,60.72,-61.49,56.86,-3.86,0,0.11,4166.06,4160.76,4166.01,4160.57,SELL,USD,1,1,1583663
D#1670958,XAUUSD,100,2.8823E+17,2.8823E+17,2.8823E+17,2.8823E+17,451,2026-07-03T14:00:54.000Z,2026-07-03T14:08:25.000Z,20.85,-21.2,19.09,-1.76,0,0.05,4164.71,4160.76,4164.84,4156.02,SELL,USD,1,1,1583663
D#1702428,XAUUSD,100,2.8823E+17,2.8823E+17,2.8823E+17,2.8823E+17,21,2026-07-03T14:08:04.000Z,2026-07-03T14:08:25.000Z,-24.2,22.8,-31.2,-7,0,0.2,4162.02,4160.59,,,BUY,USD,1,1,1583663
D#1702634,XAUUSD,100,2.8823E+17,2.8823E+17,2.8823E+17,2.8823E+17,1642,2026-07-03T13:41:04.000Z,2026-07-03T14:08:26.000Z,-37.55,37.2,-39.31,-1.76,0,0.05,4167.85,4160.12,4160.22,4182.78,BUY,USD,1,1,1583663
D#1702563,XAUUSD,100,2.8823E+17,2.8823E+17,2.8823E+17,2.8823E+17,2595,2026-07-03T13:25:26.000Z,2026-07-03T14:08:41.000Z,111.1,-111.8,107.6,-3.5,0,0.1,4169.74,4158.85,4169.5,4158.85,SELL,USD,1,1,1583663
D#1702412,XAUUSD,100,2.8823E+17,2.8823E+17,2.8823E+17,2.8823E+17,1300,2026-07-03T13:47:01.000Z,2026-07-03T14:08:41.000Z,-42.45,42.1,-44.21,-1.76,0,0.05,4167.43,4158.72,4159.06,,BUY,USD,1,1,1583663
D#1702482,XAUUSD,100,2.8823E+17,2.8823E+17,2.8823E+17,2.8823E+17,205,2026-07-03T14:05:16.000Z,2026-07-03T14:08:41.000Z,-66.87,66.24,-70.03,-3.16,0,0.09,4166.76,4159.11,4159.8,4181.78,BUY,USD,1,1,1583663
D#1614607,XAUUSD,100,2.8823E+17,2.8823E+17,2.8823E+17,2.8823E+17,103,2026-07-03T14:06:58.000Z,2026-07-03T14:08:41.000Z,135,-137.1,124.5,-10.5,0,0.3,4163.13,4158.85,4165.69,4159.37,SELL,USD,1,1,1583663
D#1702351,XAUUSD,100,2.8823E+17,2.8823E+17,2.8823E+17,2.8823E+17,3065,2026-07-03T13:17:45.000Z,2026-07-03T14:08:50.000Z,-106.1,105.4,-109.6,-3.5,0,0.1,4169.92,4159.09,,4179.91,BUY,USD,1,1,1583663
D#1702730,XAUUSD,100,2.8823E+17,2.8823E+17,2.8823E+17,2.8823E+17,30,2026-07-03T14:08:25.000Z,2026-07-03T14:08:55.000Z,77.4,-79.5,66.9,-10.5,0,0.3,4160.59,4158.23,,4158.25,SELL,USD,1,1,1583663
D#1670935,XAUUSD,100,2.8823E+17,2.8823E+17,2.8823E+17,2.8823E+17,29,2026-07-03T14:08:26.000Z,2026-07-03T14:08:55.000Z,-23.76,22.92,-27.96,-4.2,0,0.12,4160.37,4158.17,4158.31,4186.27,BUY,USD,1,1,1583663
D#1670992,XAUUSD,100,2.8823E+17,2.8823E+17,2.8823E+17,2.8823E+17,27768,2026-07-03T06:26:09.000Z,2026-07-03T14:08:57.000Z,63.5,-64.2,60,-3.5,0,0.1,4164,4157.87,4190.01,4158.11,SELL,USD,1,1,1583663
D#1702513,XAUUSD,100,2.8823E+17,2.8823E+17,2.8823E+17,2.8823E+17,633,2026-07-03T13:58:24.000Z,2026-07-03T14:08:57.000Z,-78.6,77.9,-82.1,-3.5,0,0.1,4165.78,4157.7,4157.59,4177.44,BUY,USD,1,1,1583663
D#1670882,XAUUSD,100,2.8823E+17,2.8823E+17,2.8823E+17,2.8823E+17,2707,2026-07-03T13:23:57.000Z,2026-07-03T14:09:04.000Z,84.77,-85.26,82.31,-2.46,0,0.07,4168.14,4156.25,4173.99,4156.09,SELL,USD,1,1,1583663
D#1702443,XAUUSD,100,2.8823E+17,2.8823E+17,2.8823E+17,2.8823E+17,349,2026-07-03T14:03:17.000Z,2026-07-03T14:09:06.000Z,76.4,-77.1,72.9,-3.5,0,0.1,4163.35,4155.93,4168.51,4155.95,SELL,USD,1,1,1583663
D#1645756,XAUUSD,100,2.8823E+17,2.8823E+17,2.8823E+17,2.8823E+17,1871,2026-07-03T13:38:00.000Z,2026-07-03T14:09:11.000Z,-224.8,223.4,-231.8,-7,0,0.2,4167.87,4156.41,,,BUY,USD,1,1,1583663
D#1670913,XAUUSD,100,2.8823E+17,2.8823E+17,2.8823E+17,2.8823E+17,1215,2026-07-03T13:48:57.000Z,2026-07-03T14:09:12.000Z,356,-359.5,338.5,-17.5,0,0.5,4163.91,4157.01,,,SELL,USD,1,1,1583663
D#1702543,XAUUSD,100,2.8823E+17,2.8823E+17,2.8823E+17,2.8823E+17,59,2026-07-03T14:08:13.000Z,2026-07-03T14:09:12.000Z,-103.4,102,-110.4,-7,0,0.2,4162.23,4156.84,,,BUY,USD,1,1,1583663
D#1702428,XAUUSD,100,2.8823E+17,2.8823E+17,2.8823E+17,2.8823E+17,60,2026-07-03T14:09:00.000Z,2026-07-03T14:10:00.000Z,38,-39.4,31,-7,0,0.2,4157.25,4158.93,,,BUY,USD,1,1,1583663
D#1702641,XAUUSD,100,2.8823E+17,2.8823E+17,2.8823E+17,2.8823E+17,1807,2026-07-03T13:40:07.000Z,2026-07-03T14:10:14.000Z,-164.2,162.8,-171.2,-7,0,0.2,4167.97,4159.54,,,BUY,USD,1,1,1583663
D#1702428,XAUUSD,100,2.8823E+17,2.8823E+17,2.8823E+17,2.8823E+17,15,2026-07-03T14:10:26.000Z,2026-07-03T14:10:41.000Z,31.8,-33.2,24.8,-7,0,0.2,4160.07,4161.44,,,BUY,USD,1,1,1583663
D#1671080,XAUUSD,100,2.8823E+17,2.8823E+17,2.8823E+17,2.8823E+17,37,2026-07-03T14:10:22.000Z,2026-07-03T14:10:59.000Z,132,-134.8,118,-14,0,0.4,4160.38,4163.46,,,BUY,USD,1,1,1583663
D#1702380,XAUUSD,100,2.8823E+17,2.8823E+17,2.8823E+17,2.8823E+17,208,2026-07-03T14:07:43.000Z,2026-07-03T14:11:11.000Z,-36,33.2,-50,-14,0,0.4,4161.56,4162.68,4167.27,,SELL,USD,1,1,1583663
D#1702689,XAUUSD,100,2.8823E+17,2.8823E+17,2.8823E+17,2.8823E+17,131,2026-07-03T14:09:01.000Z,2026-07-03T14:11:12.000Z,-85.95,84.9,-91.21,-5.26,0,0.15,4156.7,4162.65,4169.24,,SELL,USD,1,1,1583663
D#1702372,XAUUSD,100,2.8823E+17,2.8823E+17,2.8823E+17,2.8823E+17,40579,2026-07-03T02:55:01.000Z,2026-07-03T14:11:20.000Z,211.4,-212.1,207.9,-3.5,0,0.1,4183.56,4162.64,4188.84,4135.12,SELL,USD,1,1,1583663
D#1702437,XAUUSD,100,2.8823E+17,2.8823E+17,2.8823E+17,2.8823E+17,2201,2026-07-03T13:34:40.000Z,2026-07-03T14:11:21.000Z,-21.15,20.8,-22.91,-1.76,0,0.05,4166.98,4162.53,,,BUY,USD,1,1,1583663
D#1702560,XAUUSD,100,2.8823E+17,2.8823E+17,2.8823E+17,2.8823E+17,168,2026-07-03T14:12:25.000Z,2026-07-03T14:15:13.000Z,102,-104.1,91.5,-10.5,0,0.3,4160.67,4163.85,,4163.89,BUY,USD,1,1,1583663
D#1614607,XAUUSD,100,2.8823E+17,2.8823E+17,2.8823E+17,2.8823E+17,230,2026-07-03T14:11:41.000Z,2026-07-03T14:15:31.000Z,-33.8,32.4,-40.8,-7,0,0.2,4161.81,4163.72,4165.87,4156.22,SELL,USD,1,1,1583663
D#1702591,XAUUSD,100,2.8823E+17,2.8823E+17,2.8823E+17,2.8823E+17,111,2026-07-03T14:14:04.000Z,2026-07-03T14:15:55.000Z,3.96,-4.17,2.9,-1.06,0,0.03,4163.27,4164.37,4158.16,,BUY,USD,1,1,1583663
D#1702428,XAUUSD,100,2.8823E+17,2.8823E+17,2.8823E+17,2.8823E+17,116,2026-07-03T14:14:01.000Z,2026-07-03T14:15:57.000Z,32.2,-33.6,25.2,-7,0,0.2,4162.97,4164.36,,,BUY,USD,1,1,1583663
D#1702720,XAUUSD,100,2.8823E+17,2.8823E+17,2.8823E+17,2.8823E+17,351,2026-07-03T14:10:53.000Z,2026-07-03T14:16:44.000Z,26,-27.4,19,-7,0,0.2,4162.68,4163.76,4155,4168.35,BUY,USD,1,1,1583663
D#1702646,XAUUSD,100,2.8823E+17,2.8823E+17,2.8823E+17,2.8823E+17,661,2026-07-03T14:06:19.000Z,2026-07-03T14:17:20.000Z,25,-26.4,18,-7,0,0.2,4163.9,4164.93,,,BUY,USD,1,1,1583663
D#1702543,XAUUSD,100,2.8823E+17,2.8823E+17,2.8823E+17,2.8823E+17,253,2026-07-03T14:14:00.000Z,2026-07-03T14:18:13.000Z,-2.2,0.8,-9.2,-7,0,0.2,4162.99,4162.66,4163.23,,BUY,USD,1,1,1583663
D#1702428,XAUUSD,100,2.8823E+17,2.8823E+17,2.8823E+17,2.8823E+17,13,2026-07-03T14:18:01.000Z,2026-07-03T14:18:14.000Z,-39.2,37.8,-46.2,-7,0,0.2,4164.71,4162.53,,,BUY,USD,1,1,1583663
D#1702563,XAUUSD,100,2.8823E+17,2.8823E+17,2.8823E+17,2.8823E+17,352,2026-07-03T14:12:32.000Z,2026-07-03T14:18:24.000Z,3.2,-3.9,-0.3,-3.5,0,0.1,4162.09,4162.19,4162.33,4171.98,BUY,USD,1,1,1583663
D#1702428,XAUUSD,100,2.8823E+17,2.8823E+17,2.8823E+17,2.8823E+17,26,2026-07-03T14:18:47.000Z,2026-07-03T14:19:13.000Z,-3.4,2,-10.4,-7,0,0.2,4162.61,4163,,,SELL,USD,1,1,1583663
D#1614607,XAUUSD,100,2.8823E+17,2.8823E+17,2.8823E+17,2.8823E+17,262,2026-07-03T14:15:36.000Z,2026-07-03T14:19:58.000Z,-23.8,22.4,-30.8,-7,0,0.2,4163.72,4162.31,4160.06,4169.48,BUY,USD,1,1,1583663
D#1702701,XAUUSD,100,2.8823E+17,2.8823E+17,2.8823E+17,2.8823E+17,33,2026-07-03T14:19:40.000Z,2026-07-03T14:20:13.000Z,3.75,-4.8,-1.51,-5.26,0,0.15,4162.79,4162.82,,,BUY,USD,1,1,1583663
D#1702428,XAUUSD,100,2.8823E+17,2.8823E+17,2.8823E+17,2.8823E+17,61,2026-07-03T14:20:03.000Z,2026-07-03T14:21:04.000Z,9,-10.4,2,-7,0,0.2,4162.56,4162.79,,,BUY,USD,1,1,1583663
D#1702730,XAUUSD,100,2.8823E+17,2.8823E+17,2.8823E+17,2.8823E+17,122,2026-07-03T14:19:44.000Z,2026-07-03T14:21:46.000Z,-36.9,34.8,-47.4,-10.5,0,0.3,4162.92,4161.47,,4164.3,BUY,USD,1,1,1583663
D#1702631,XAUUSD,100,2.8823E+17,2.8823E+17,2.8823E+17,2.8823E+17,620,2026-07-03T14:12:12.000Z,2026-07-03T14:22:32.000Z,-72.3,70.2,-82.8,-10.5,0,0.3,4161.39,4164.02,4164.64,4158.68,SELL,USD,1,1,1583663
D#1614607,XAUUSD,100,2.8823E+17,2.8823E+17,2.8823E+17,2.8823E+17,148,2026-07-03T14:20:08.000Z,2026-07-03T14:22:36.000Z,-27,24.9,-37.5,-10.5,0,0.3,4162.87,4163.99,4165.85,4159.17,SELL,USD,1,1,1583663
D#1702428,XAUUSD,100,2.8823E+17,2.8823E+17,2.8823E+17,2.8823E+17,60,2026-07-03T14:22:01.000Z,2026-07-03T14:23:01.000Z,17,-18.4,10,-7,0,0.2,4162.62,4163.25,,,BUY,USD,1,1,1583663
D#1614607,XAUUSD,100,2.8823E+17,2.8823E+17,2.8823E+17,2.8823E+17,178,2026-07-03T14:22:40.000Z,2026-07-03T14:25:38.000Z,-32.4,30.3,-42.9,-10.5,0,0.3,4164,4162.7,4162.21,4167.77,BUY,USD,1,1,1583663
D#1614607,XAUUSD,100,2.8823E+17,2.8823E+17,2.8823E+17,2.8823E+17,31,2026-07-03T14:25:48.000Z,2026-07-03T14:26:19.000Z,-26.4,24.3,-36.9,-10.5,0,0.3,4162.99,4164.09,4163.98,,SELL,USD,1,1,1583663
D#1702428,XAUUSD,100,2.8823E+17,2.8823E+17,2.8823E+17,2.8823E+17,61,2026-07-03T14:25:58.000Z,2026-07-03T14:26:59.000Z,27.6,-29,20.6,-7,0,0.2,4163.55,4164.71,,,BUY,USD,1,1,1583663
D#1702628,XAUUSD,100,2.8823E+17,2.8823E+17,2.8823E+17,2.8823E+17,3250,2026-07-03T13:33:37.000Z,2026-07-03T14:27:47.000Z,9.6,-9.95,7.84,-1.76,0,0.05,4167.17,4165.47,4220.95,,SELL,USD,1,1,1583663
D#1702730,XAUUSD,100,2.8823E+17,2.8823E+17,2.8823E+17,2.8823E+17,365,2026-07-03T14:21:49.000Z,2026-07-03T14:27:54.000Z,-131.1,129,-141.6,-10.5,0,0.3,4161.39,4165.98,,4158.91,SELL,USD,1,1,1583663
D#1702543,XAUUSD,100,2.8823E+17,2.8823E+17,2.8823E+17,2.8823E+17,529,2026-07-03T14:19:08.000Z,2026-07-03T14:27:57.000Z,-75,73.6,-82,-7,0,0.2,4162.38,4166.35,4166,,SELL,USD,1,1,1583663
D#1702428,XAUUSD,100,2.8823E+17,2.8823E+17,2.8823E+17,2.8823E+17,12,2026-07-03T14:29:01.000Z,2026-07-03T14:29:13.000Z,-4.8,3.4,-11.8,-7,0,0.2,4166.32,4165.86,,,BUY,USD,1,1,1583663
D#1702397,XAUUSD,100,2.8823E+17,2.8823E+17,2.8823E+17,2.8823E+17,2658,2026-07-03T13:45:12.000Z,2026-07-03T14:29:30.000Z,2.5,-2.85,0.74,-1.76,0,0.05,4166.92,4166.64,4166.53,4146.04,SELL,USD,1,1,1583663
D#1702631,XAUUSD,100,2.8823E+17,2.8823E+17,2.8823E+17,2.8823E+17,362,2026-07-03T14:23:31.000Z,2026-07-03T14:29:33.000Z,80.1,-82.2,69.6,-10.5,0,0.3,4164.05,4166.5,4161.95,4167.8,BUY,USD,1,1,1583663
D#1702730,XAUUSD,100,2.8823E+17,2.8823E+17,2.8823E+17,2.8823E+17,149,2026-07-03T14:28:07.000Z,2026-07-03T14:30:36.000Z,-31.2,29.1,-41.7,-10.5,0,0.3,4165.77,4167.03,,4163.39,SELL,USD,1,1,1583663
D#1670958,XAUUSD,100,2.8823E+17,2.8823E+17,2.8823E+17,2.8823E+17,944,2026-07-03T14:15:07.000Z,2026-07-03T14:30:51.000Z,6.1,-6.24,5.4,-0.7,0,0.02,4163.78,4166.61,4156.99,4178.79,BUY,USD,1,1,1583663
D#1702428,XAUUSD,100,2.8823E+17,2.8823E+17,2.8823E+17,2.8823E+17,80,2026-07-03T14:29:41.000Z,2026-07-03T14:31:01.000Z,-10,8.6,-17,-7,0,0.2,4166.72,4166,,,BUY,USD,1,1,1583663
D#1702730,XAUUSD,100,2.8823E+17,2.8823E+17,2.8823E+17,2.8823E+17,28,2026-07-03T14:30:41.000Z,2026-07-03T14:31:09.000Z,-44.7,42.6,-55.2,-10.5,0,0.3,4166.79,4165.08,,4168.13,BUY,USD,1,1,1583663
D#1614607,XAUUSD,100,2.8823E+17,2.8823E+17,2.8823E+17,2.8823E+17,322,2026-07-03T14:27:46.000Z,2026-07-03T14:33:08.000Z,3,-5.1,-7.5,-10.5,0,0.3,4165.48,4165.36,4163.92,4169.31,BUY,USD,1,1,1583663
D#1702428,XAUUSD,100,2.8823E+17,2.8823E+17,2.8823E+17,2.8823E+17,82,2026-07-03T14:32:40.000Z,2026-07-03T14:34:02.000Z,22.6,-24,15.6,-7,0,0.2,4165.36,4164.45,,,SELL,USD,1,1,1583663
D#1702730,XAUUSD,100,2.8823E+17,2.8823E+17,2.8823E+17,2.8823E+17,205,2026-07-03T14:31:12.000Z,2026-07-03T14:34:37.000Z,46.8,-48.9,36.3,-10.5,0,0.3,4165.43,4164.09,,4163.28,SELL,USD,1,1,1583663
D#1702372,XAUUSD,100,2.8823E+17,2.8823E+17,2.8823E+17,2.8823E+17,131,2026-07-03T14:33:03.000Z,2026-07-03T14:35:14.000Z,0.9,-1.6,-2.6,-3.5,0,0.1,4165.35,4165.48,4165.12,4157.1,SELL,USD,1,1,1583663
D#1702428,XAUUSD,100,2.8823E+17,2.8823E+17,2.8823E+17,2.8823E+17,58,2026-07-03T14:34:17.000Z,2026-07-03T14:35:15.000Z,-5.6,4.2,-12.6,-7,0,0.2,4164.23,4164.73,,,SELL,USD,1,1,1583663
D#1702730,XAUUSD,100,2.8823E+17,2.8823E+17,2.8823E+17,2.8823E+17,81,2026-07-03T14:34:58.000Z,2026-07-03T14:36:19.000Z,24.9,-27,14.4,-10.5,0,0.3,4165.06,4165.67,,4166.29,BUY,USD,1,1,1583663
D#1670872,XAUUSD,100,2.8823E+17,2.8823E+17,2.8823E+17,2.8823E+17,239,2026-07-03T14:32:26.000Z,2026-07-03T14:36:25.000Z,1.2,-4,-12.8,-14,0,0.4,4165.87,4166.06,4165.9,4163.17,SELL,USD,1,1,1583663
D#1702428,XAUUSD,100,2.8823E+17,2.8823E+17,2.8823E+17,2.8823E+17,34,2026-07-03T14:35:58.000Z,2026-07-03T14:36:32.000Z,14.8,-16.2,7.8,-7,0,0.2,4165.17,4165.69,,,BUY,USD,1,1,1583663
D#1614607,XAUUSD,100,2.8823E+17,2.8823E+17,2.8823E+17,2.8823E+17,132,2026-07-03T14:34:37.000Z,2026-07-03T14:36:49.000Z,-61.5,59.4,-72,-10.5,0,0.3,4163.95,4166.22,4166.43,4160.14,SELL,USD,1,1,1583663
D#1702358,XAUUSD,100,2.8823E+17,2.8823E+17,2.8823E+17,2.8823E+17,74,2026-07-03T14:35:39.000Z,2026-07-03T14:36:53.000Z,-3.09,2.88,-4.15,-1.06,0,0.03,4164.96,4166.21,4167.56,4157.05,SELL,USD,1,1,1583663
D#1702381,XAUUSD,100,2.8823E+17,2.8823E+17,2.8823E+17,2.8823E+17,56,2026-07-03T14:36:02.000Z,2026-07-03T14:36:58.000Z,27,-29.1,16.5,-10.5,0,0.3,4165.21,4165.89,4163.62,4172.6,BUY,USD,1,1,1583663
D#1702631,XAUUSD,100,2.8823E+17,2.8823E+17,2.8823E+17,2.8823E+17,216,2026-07-03T14:34:44.000Z,2026-07-03T14:38:20.000Z,11.4,-13.5,0.9,-10.5,0,0.3,4164.43,4164.59,4164.06,4167.47,BUY,USD,1,1,1583663
D#1702428,XAUUSD,100,2.8823E+17,2.8823E+17,2.8823E+17,2.8823E+17,38,2026-07-03T14:38:12.000Z,2026-07-03T14:38:50.000Z,-20,18.6,-27,-7,0,0.2,4164.58,4165.8,,,SELL,USD,1,1,1583663
D#1670872,XAUUSD,100,2.8823E+17,2.8823E+17,2.8823E+17,2.8823E+17,103,2026-07-03T14:37:15.000Z,2026-07-03T14:38:58.000Z,17.6,-20.4,3.6,-14,0,0.4,4166.01,4165.79,4165.89,4163.42,SELL,USD,1,1,1583663
D#1702428,XAUUSD,100,2.8823E+17,2.8823E+17,2.8823E+17,2.8823E+17,60,2026-07-03T14:39:01.000Z,2026-07-03T14:40:01.000Z,10.6,-12,3.6,-7,0,0.2,4165.59,4165.28,,,SELL,USD,1,1,1583663
D#1702631,XAUUSD,100,2.8823E+17,2.8823E+17,2.8823E+17,2.8823E+17,53,2026-07-03T14:39:10.000Z,2026-07-03T14:40:03.000Z,-11.4,9.3,-21.9,-10.5,0,0.3,4165.75,4165.15,,,BUY,USD,1,1,1583663
D#1702631,XAUUSD,100,2.8823E+17,2.8823E+17,2.8823E+17,2.8823E+17,67,2026-07-03T14:40:08.000Z,2026-07-03T14:41:15.000Z,-36.9,34.8,-47.4,-10.5,0,0.3,4165.2,4166.65,,,SELL,USD,1,1,1583663
D#1702428,XAUUSD,100,2.8823E+17,2.8823E+17,2.8823E+17,2.8823E+17,15,2026-07-03T14:41:00.000Z,2026-07-03T14:41:15.000Z,-21,19.25,-29.76,-8.76,0,0.25,4165.58,4166.64,,,SELL,USD,1,1,1583663
D#1702730,XAUUSD,100,2.8823E+17,2.8823E+17,2.8823E+17,2.8823E+17,307,2026-07-03T14:36:53.000Z,2026-07-03T14:42:00.000Z,28.2,-30.3,17.7,-10.5,0,0.3,4166.21,4166.93,,4168.02,BUY,USD,1,1,1583663
D#1702628,XAUUSD,100,2.8823E+17,2.8823E+17,2.8823E+17,2.8823E+17,353,2026-07-03T14:36:48.000Z,2026-07-03T14:42:41.000Z,2.86,-3.63,-1,-3.86,0,0.11,4166.11,4166.07,,,SELL,USD,1,1,1583663
D#1702428,XAUUSD,100,2.8823E+17,2.8823E+17,2.8823E+17,2.8823E+17,131,2026-07-03T14:41:28.000Z,2026-07-03T14:43:39.000Z,5.5,-7.25,-3.26,-8.76,0,0.25,4166.11,4166.11,,,SELL,USD,1,1,1583663
D#1702730,XAUUSD,100,2.8823E+17,2.8823E+17,2.8823E+17,2.8823E+17,123,2026-07-03T14:42:19.000Z,2026-07-03T14:44:22.000Z,45,-47.1,34.5,-10.5,0,0.3,4166.16,4164.88,,4164.95,SELL,USD,1,1,1583663
D#1702631,XAUUSD,100,2.8823E+17,2.8823E+17,2.8823E+17,2.8823E+17,186,2026-07-03T14:41:27.000Z,2026-07-03T14:44:33.000Z,-51.6,49.5,-62.1,-10.5,0,0.3,4166.24,4164.3,,,BUY,USD,1,1,1583663
D#1702677,XAUUSD,100,2.8823E+17,2.8823E+17,2.8823E+17,2.8823E+17,2109,2026-07-03T14:09:33.000Z,2026-07-03T14:44:42.000Z,223.6,-226.4,209.6,-14,0,0.4,4158.15,4163.52,4163.81,4171.75,BUY,USD,1,1,1583663
D#1702563,XAUUSD,100,2.8823E+17,2.8823E+17,2.8823E+17,2.8823E+17,1342,2026-07-03T14:22:20.000Z,2026-07-03T14:44:42.000Z,2,-2.7,-1.5,-3.5,0,0.1,4163.54,4163.52,4163.78,4173.43,BUY,USD,1,1,1583663
D#1702730,XAUUSD,100,2.8823E+17,2.8823E+17,2.8823E+17,2.8823E+17,14,2026-07-03T14:44:31.000Z,2026-07-03T14:44:45.000Z,28.2,-30.3,17.7,-10.5,0,0.3,4164.53,4163.81,,,SELL,USD,1,1,1583663
D#1702631,XAUUSD,100,2.8823E+17,2.8823E+17,2.8823E+17,2.8823E+17,64,2026-07-03T14:45:05.000Z,2026-07-03T14:46:09.000Z,28.2,-30.3,17.7,-10.5,0,0.3,4164.19,4164.91,,,BUY,USD,1,1,1583663
D#1702428,XAUUSD,100,2.8823E+17,2.8823E+17,2.8823E+17,2.8823E+17,87,2026-07-03T14:44:59.000Z,2026-07-03T14:46:26.000Z,22.75,-24.5,13.99,-8.76,0,0.25,4164.1,4164.79,,,BUY,USD,1,1,1583663
D#1702631,XAUUSD,100,2.8823E+17,2.8823E+17,2.8823E+17,2.8823E+17,45,2026-07-03T14:46:13.000Z,2026-07-03T14:46:58.000Z,12.3,-14.4,1.8,-10.5,0,0.3,4164.93,4164.74,,4161.22,SELL,USD,1,1,1583663
D#1702730,XAUUSD,100,2.8823E+17,2.8823E+17,2.8823E+17,2.8823E+17,77,2026-07-03T14:46:30.000Z,2026-07-03T14:47:47.000Z,-64.8,62.7,-75.3,-10.5,0,0.3,4164.62,4167,,4163.35,SELL,USD,1,1,1583663
D#1702631,XAUUSD,100,2.8823E+17,2.8823E+17,2.8823E+17,2.8823E+17,50,2026-07-03T14:47:04.000Z,2026-07-03T14:47:54.000Z,-25.8,25.1,-29.3,-3.5,0,0.1,4164.49,4167.29,,,SELL,USD,1,1,1583663
D#1702730,XAUUSD,100,2.8823E+17,2.8823E+17,2.8823E+17,2.8823E+17,10,2026-07-03T14:47:49.000Z,2026-07-03T14:47:59.000Z,19.2,-21.3,8.7,-10.5,0,0.3,4167.35,4167.77,,,BUY,USD,1,1,1583663
D#1702428,XAUUSD,100,2.8823E+17,2.8823E+17,2.8823E+17,2.8823E+17,71,2026-07-03T14:47:00.000Z,2026-07-03T14:48:11.000Z,-76,74.25,-84.76,-8.76,0,0.25,4164.64,4167.9,,,SELL,USD,1,1,1583663
D#1702730,XAUUSD,100,2.8823E+17,2.8823E+17,2.8823E+17,2.8823E+17,38,2026-07-03T14:48:25.000Z,2026-07-03T14:49:03.000Z,26,-29.5,8.5,-17.5,0,0.5,4167.16,4166.86,,,SELL,USD,1,1,1583663
D#1702674,XAUUSD,100,2.8823E+17,2.8823E+17,2.8823E+17,2.8823E+17,46,2026-07-03T14:48:32.000Z,2026-07-03T14:49:18.000Z,13.2,-14.25,7.94,-5.26,0,0.15,4166.96,4166.3,4170.51,4158.51,SELL,USD,1,1,1583663
D#1702730,XAUUSD,100,2.8823E+17,2.8823E+17,2.8823E+17,2.8823E+17,23,2026-07-03T14:49:54.000Z,2026-07-03T14:50:17.000Z,31,-34.5,13.5,-17.5,0,0.5,4167.11,4167.51,,,BUY,USD,1,1,1583663
D#1702705,XAUUSD,100,2.8823E+17,2.8823E+17,2.8823E+17,2.8823E+17,955,2026-07-03T14:34:49.000Z,2026-07-03T14:50:44.000Z,-38,37.3,-41.5,-3.5,0,0.1,4164.61,4168.63,4168.52,4159.79,SELL,USD,1,1,1583663
D#1702730,XAUUSD,100,2.8823E+17,2.8823E+17,2.8823E+17,2.8823E+17,18,2026-07-03T14:50:28.000Z,2026-07-03T14:50:46.000Z,51.5,-55,34,-17.5,0,0.5,4167.83,4168.64,,,BUY,USD,1,1,1583663
D#1702730,XAUUSD,100,2.8823E+17,2.8823E+17,2.8823E+17,2.8823E+17,4,2026-07-03T14:51:53.000Z,2026-07-03T14:51:57.000Z,8,-11.5,-9.5,-17.5,0,0.5,4167.86,4167.8,,,BUY,USD,1,1,1583663
D#1702730,XAUUSD,100,2.8823E+17,2.8823E+17,2.8823E+17,2.8823E+17,93,2026-07-03T14:52:23.000Z,2026-07-03T14:53:56.000Z,-34,30.5,-51.5,-17.5,0,0.5,4167.63,4166.73,,,BUY,USD,1,1,1583663
D#1702730,XAUUSD,100,2.8823E+17,2.8823E+17,2.8823E+17,2.8823E+17,7,2026-07-03T14:54:00.000Z,2026-07-03T14:54:07.000Z,-43.5,40,-61,-17.5,0,0.5,4167.02,4168.11,,,SELL,USD,1,1,1583663
D#1702730,XAUUSD,100,2.8823E+17,2.8823E+17,2.8823E+17,2.8823E+17,45,2026-07-03T14:54:16.000Z,2026-07-03T14:55:01.000Z,-37.5,34,-55,-17.5,0,0.5,4167.75,4168.72,,4166.87,SELL,USD,1,1,1583663
D#1702730,XAUUSD,100,2.8823E+17,2.8823E+17,2.8823E+17,2.8823E+17,72,2026-07-03T14:55:08.000Z,2026-07-03T14:56:20.000Z,-35.5,32,-53,-17.5,0,0.5,4168.72,4167.79,,,BUY,USD,1,1,1583663
D#1702441,XAUUSD,100,2.8823E+17,2.8823E+17,2.8823E+17,2.8823E+17,5634,2026-07-03T13:23:25.000Z,2026-07-03T14:57:19.000Z,0.86,-1.07,-0.2,-1.06,0,0.03,4168.92,4168.94,4168.77,4128,SELL,USD,1,1,1583663
D#1702631,XAUUSD,100,2.8823E+17,2.8823E+17,2.8823E+17,2.8823E+17,541,2026-07-03T14:48:29.000Z,2026-07-03T14:57:30.000Z,55.5,-57.6,45,-10.5,0,0.3,4167.41,4169.04,,4168.9,BUY,USD,1,1,1583663
D#1702543,XAUUSD,100,2.8823E+17,2.8823E+17,2.8823E+17,2.8823E+17,822,2026-07-03T14:43:59.000Z,2026-07-03T14:57:41.000Z,-61.8,60.4,-68.8,-7,0,0.2,4166.09,4169.4,4170.5,,SELL,USD,1,1,1583663
D#1614607,XAUUSD,100,2.8823E+17,2.8823E+17,2.8823E+17,2.8823E+17,258,2026-07-03T14:53:23.000Z,2026-07-03T14:57:41.000Z,-43.8,41.7,-54.3,-10.5,0,0.3,4167.77,4169.45,4169.35,4163.96,SELL,USD,1,1,1583663
D#1670918,XAUUSD,100,2.8823E+17,2.8823E+17,2.8823E+17,2.8823E+17,3461,2026-07-03T14:00:02.000Z,2026-07-03T14:57:43.000Z,-50.1,49.4,-53.6,-3.5,0,0.1,4164.41,4169.64,4169.53,4145.24,SELL,USD,1,1,1583663
D#1670964,XAUUSD,100,2.8823E+17,2.8823E+17,2.8823E+17,2.8823E+17,2518,2026-07-03T14:17:02.000Z,2026-07-03T14:59:00.000Z,116.2,-117.6,109.2,-7,0,0.2,4163.98,4169.57,,4170.02,BUY,USD,1,1,1583663
D#1670921,XAUUSD,100,2.8823E+17,2.8823E+17,2.8823E+17,2.8823E+17,37707,2026-07-03T04:30:38.000Z,2026-07-03T14:59:05.000Z,46.8,-47.22,44.7,-2.1,0,0.06,4177.72,4170.14,4170,4111,SELL,USD,1,1,1583663
D#1702720,XAUUSD,100,2.8823E+17,2.8823E+17,2.8823E+17,2.8823E+17,1553,2026-07-03T14:33:14.000Z,2026-07-03T14:59:07.000Z,114.4,-115.8,107.4,-7,0,0.2,4164.83,4170.33,4160.41,4170.5,BUY,USD,1,1,1583663
D#1702372,XAUUSD,100,2.8823E+17,2.8823E+17,2.8823E+17,2.8823E+17,1426,2026-07-03T14:35:21.000Z,2026-07-03T14:59:07.000Z,-58,57.3,-61.5,-3.5,0,0.1,4164.48,4170.5,4170.16,4154.61,SELL,USD,1,1,1583663
D#1670882,XAUUSD,100,2.8823E+17,2.8823E+17,2.8823E+17,2.8823E+17,2696,2026-07-03T14:14:12.000Z,2026-07-03T14:59:08.000Z,-52.5,52.01,-54.96,-2.46,0,0.07,4162.81,4170.53,4170.39,4151.07,SELL,USD,1,1,1583663
D#1702655,XAUUSD,100,2.8823E+17,2.8823E+17,2.8823E+17,2.8823E+17,3990,2026-07-03T13:52:41.000Z,2026-07-03T14:59:11.000Z,-59.4,58.7,-62.9,-3.5,0,0.1,4164.79,4170.95,4170.67,4154.62,SELL,USD,1,1,1583663
D#1702399,XAUUSD,100,2.8823E+17,2.8823E+17,2.8823E+17,2.8823E+17,3331,2026-07-03T14:03:40.000Z,2026-07-03T14:59:11.000Z,101.64,-102.62,96.74,-4.9,0,0.14,4164.12,4171.16,,4171.15,BUY,USD,1,1,1583663
D#1645644,XAUUSD,100,2.8823E+17,2.8823E+17,2.8823E+17,2.8823E+17,2816,2026-07-03T14:12:28.000Z,2026-07-03T14:59:24.000Z,-545.05,541.2,-564.31,-19.26,0,0.55,4161.01,4171.14,,4159.3,SELL,USD,1,1,1583663
D#1702708,XAUUSD,100,2.8823E+17,2.8823E+17,2.8823E+17,2.8823E+17,3869,2026-07-03T13:55:06.000Z,2026-07-03T14:59:35.000Z,55.95,-57,50.69,-5.26,0,0.15,4166.95,4170.46,,,BUY,USD,1,1,1583663
D#1645644,XAUUSD,100,2.8823E+17,2.8823E+17,2.8823E+17,2.8823E+17,19,2026-07-03T14:59:32.000Z,2026-07-03T14:59:51.000Z,-19.04,15.12,-38.64,-19.6,0,0.56,4170.75,4170.19,,,BUY,USD,1,1,1583663
D#1702358,XAUUSD,100,2.8823E+17,2.8823E+17,2.8823E+17,2.8823E+17,1501,2026-07-03T14:37:39.000Z,2026-07-03T15:02:40.000Z,40.88,-41.44,38.08,-2.8,0,0.08,4165.05,4169.94,4163.24,4171.57,BUY,USD,1,1,1583663
D#1702372,XAUUSD,100,2.8823E+17,2.8823E+17,2.8823E+17,2.8823E+17,109,2026-07-03T15:01:23.000Z,2026-07-03T15:03:12.000Z,-36.8,35.4,-43.8,-7,0,0.2,4169.43,4171.49,4171.39,4169.49,SELL,USD,1,1,1583663
D#1702508,XAUUSD,100,2.8823E+17,2.8823E+17,2.8823E+17,2.8823E+17,2646,2026-07-03T14:20:18.000Z,2026-07-03T15:04:24.000Z,112.97,-113.74,109.11,-3.86,0,0.11,4162.85,4172.9,4154.7,4172.87,BUY,USD,1,1,1583663
D#1702746,XAUUSD,100,2.8823E+17,2.8823E+17,2.8823E+17,2.8823E+17,8726,2026-07-03T12:38:59.000Z,2026-07-03T15:04:25.000Z,2.52,-3.01,0.06,-2.46,0,0.07,4173.18,4173.04,4172.93,4122,SELL,USD,1,1,1583663
D#1702372,XAUUSD,100,2.8823E+17,2.8823E+17,2.8823E+17,2.8823E+17,135,2026-07-03T15:05:31.000Z,2026-07-03T15:07:46.000Z,-9.8,8.4,-16.8,-7,0,0.2,4171.73,4172.44,4173.28,4155.66,SELL,USD,1,1,1583663
D#1702463,XAUUSD,100,2.8823E+17,2.8823E+17,2.8823E+17,2.8823E+17,49273,2026-07-03T01:26:54.000Z,2026-07-03T15:08:07.000Z,113.19,-113.68,110.73,-2.46,0,0.07,4188.5,4172.55,4200.03,4117.37,SELL,USD,1,1,1583663
D#1702634,XAUUSD,100,2.8823E+17,2.8823E+17,2.8823E+17,2.8823E+17,113,2026-07-03T15:07:56.000Z,2026-07-03T15:09:49.000Z,-4.65,4.3,-6.41,-1.76,0,0.05,4172.54,4171.39,,,BUY,USD,1,1,1583663
D#1702372,XAUUSD,100,2.8823E+17,2.8823E+17,2.8823E+17,2.8823E+17,79,2026-07-03T15:09:22.000Z,2026-07-03T15:10:41.000Z,-25.6,24.2,-32.6,-7,0,0.2,4171.97,4173.47,4173.31,4155.64,SELL,USD,1,1,1583663
D#1702513,XAUUSD,100,2.8823E+17,2.8823E+17,2.8823E+17,2.8823E+17,3555,2026-07-03T14:11:32.000Z,2026-07-03T15:10:47.000Z,120.9,-121.6,117.4,-3.5,0,0.1,4161.96,4173.83,4162.2,4173.78,BUY,USD,1,1,1583663
D#1702482,XAUUSD,100,2.8823E+17,2.8823E+17,2.8823E+17,2.8823E+17,3003,2026-07-03T14:20:44.000Z,2026-07-03T15:10:47.000Z,105.12,-105.75,101.96,-3.16,0,0.09,4162.37,4173.83,4156.71,4173.7,BUY,USD,1,1,1583663
D#1670990,XAUUSD,100,2.8823E+17,2.8823E+17,2.8823E+17,2.8823E+17,212,2026-07-03T15:07:16.000Z,2026-07-03T15:10:48.000Z,109.35,-112.5,93.59,-15.76,0,0.45,4171.72,4173.93,4169.63,4173.94,BUY,USD,1,1,1583663
D#1702358,XAUUSD,100,2.8823E+17,2.8823E+17,2.8823E+17,2.8823E+17,290,2026-07-03T15:06:01.000Z,2026-07-03T15:10:51.000Z,-13.65,13.3,-15.41,-1.76,0,0.05,4171.31,4174.26,4174.13,4159.24,SELL,USD,1,1,1583663
D#1702733,XAUUSD,100,2.8823E+17,2.8823E+17,2.8823E+17,2.8823E+17,210,2026-07-03T15:09:40.000Z,2026-07-03T15:13:10.000Z,-11.16,10.53,-14.32,-3.16,0,0.09,4171.65,4173.11,4180.89,4160.78,SELL,USD,1,1,1583663
D#1702631,XAUUSD,100,2.8823E+17,2.8823E+17,2.8823E+17,2.8823E+17,1000,2026-07-03T14:59:42.000Z,2026-07-03T15:16:22.000Z,-100.2,98.1,-110.7,-10.5,0,0.3,4170.61,4174.17,,4167.04,SELL,USD,1,1,1583663
D#1702705,XAUUSD,100,2.8823E+17,2.8823E+17,2.8823E+17,2.8823E+17,1193,2026-07-03T14:57:32.000Z,2026-07-03T15:17:25.000Z,43.9,-44.6,40.4,-3.5,0,0.1,4169.12,4173.29,4170.03,4175.94,BUY,USD,1,1,1583663
D#1702703,XAUUSD,100,2.8823E+17,2.8823E+17,2.8823E+17,2.8823E+17,643,2026-07-03T15:07:18.000Z,2026-07-03T15:18:01.000Z,38.7,-40.8,28.2,-10.5,0,0.3,4171.7,4172.77,4172.95,4175.48,BUY,USD,1,1,1583663
D#1702450,XAUUSD,100,2.8823E+17,2.8823E+17,2.8823E+17,2.8823E+17,522,2026-07-03T15:10:09.000Z,2026-07-03T15:18:51.000Z,-27.2,24.4,-41.2,-14,0,0.4,4172.32,4171.42,,4195.32,BUY,USD,1,1,1583663
D#1702371,XAUUSD,100,2.8823E+17,2.8823E+17,2.8823E+17,2.8823E+17,382,2026-07-03T15:12:31.000Z,2026-07-03T15:18:53.000Z,109.5,-113,92,-17.5,0,0.5,4173.29,4171.32,,4171.32,SELL,USD,1,1,1583663
D#1670986,XAUUSD,100,2.8823E+17,2.8823E+17,2.8823E+17,2.8823E+17,1290,2026-07-03T14:58:04.000Z,2026-07-03T15:19:34.000Z,17.76,-18.18,15.66,-2.1,0,0.06,4168.98,4171.72,4154.71,4187.21,BUY,USD,1,1,1583663
D#1702489,XAUUSD,100,2.8823E+17,2.8823E+17,2.8823E+17,2.8823E+17,183,2026-07-03T15:17:38.000Z,2026-07-03T15:20:41.000Z,120,-122.1,109.5,-10.5,0,0.3,4173.28,4169.5,,4169.46,SELL,USD,1,1,1583663
D#1671080,XAUUSD,100,2.8823E+17,2.8823E+17,2.8823E+17,2.8823E+17,73,2026-07-03T15:19:31.000Z,2026-07-03T15:20:44.000Z,21.4,-22.1,17.9,-3.5,0,0.1,4171.46,4169.54,4174.95,,SELL,USD,1,1,1583663
D#1702703,XAUUSD,100,2.8823E+17,2.8823E+17,2.8823E+17,2.8823E+17,42,2026-07-03T15:20:02.000Z,2026-07-03T15:20:44.000Z,72.9,-75,62.4,-10.5,0,0.3,4171.75,4169.54,,,SELL,USD,1,1,1583663
D#1670958,XAUUSD,100,2.8823E+17,2.8823E+17,2.8823E+17,2.8823E+17,3093,2026-07-03T14:34:10.000Z,2026-07-03T15:25:43.000Z,19.85,-20.2,18.09,-1.76,0,0.05,4164.61,4168.36,4168.82,4180.07,BUY,USD,1,1,1583663
D#1702631,XAUUSD,100,2.8823E+17,2.8823E+17,2.8823E+17,2.8823E+17,561,2026-07-03T15:19:11.000Z,2026-07-03T15:28:32.000Z,114.9,-117,104.4,-10.5,0,0.3,4170.99,4167.38,,4167.32,SELL,USD,1,1,1583663
D#1702705,XAUUSD,100,2.8823E+17,2.8823E+17,2.8823E+17,2.8823E+17,174,2026-07-03T15:25:38.000Z,2026-07-03T15:28:32.000Z,17.1,-17.8,13.6,-3.5,0,0.1,4168.96,4167.47,4171.24,4163.03,SELL,USD,1,1,1583663
D#1702437,XAUUSD,100,2.8823E+17,2.8823E+17,2.8823E+17,2.8823E+17,905,2026-07-03T15:13:35.000Z,2026-07-03T15:28:40.000Z,-62.1,61.4,-65.6,-3.5,0,0.1,4173.64,4167.21,4145,4188,BUY,USD,1,1,1583663
D#1670964,XAUUSD,100,2.8823E+17,2.8823E+17,2.8823E+17,2.8823E+17,1837,2026-07-03T14:59:25.000Z,2026-07-03T15:30:02.000Z,-69.4,68,-76.4,-7,0,0.2,4171.04,4167.35,,4176.93,BUY,USD,1,1,1583663
D#1702667,XAUUSD,100,2.8823E+17,2.8823E+17,2.8823E+17,2.8823E+17,1300,2026-07-03T15:08:26.000Z,2026-07-03T15:30:06.000Z,-25.6,25.25,-27.36,-1.76,0,0.05,4171.96,4166.62,4166.85,4183.76,BUY,USD,1,1,1583663
D#1702511,XAUUSD,100,2.8823E+17,2.8823E+17,2.8823E+17,2.8823E+17,591,2026-07-03T15:21:25.000Z,2026-07-03T15:31:16.000Z,33.2,-34.6,26.2,-7,0,0.2,4170.04,4168.6,4168.64,4166.21,SELL,USD,1,1,1583663
D#1670964,XAUUSD,100,2.8823E+17,2.8823E+17,2.8823E+17,2.8823E+17,37,2026-07-03T15:30:51.000Z,2026-07-03T15:31:28.000Z,-48.8,46,-62.8,-14,0,0.4,4168.43,4166.99,,4170.32,BUY,USD,1,1,1583663
D#1702489,XAUUSD,100,2.8823E+17,2.8823E+17,2.8823E+17,2.8823E+17,616,2026-07-03T15:21:37.000Z,2026-07-03T15:31:53.000Z,119.1,-121.2,108.6,-10.5,0,0.3,4170.07,4166.32,4174.67,4166.25,SELL,USD,1,1,1583663
D#1702703,XAUUSD,100,2.8823E+17,2.8823E+17,2.8823E+17,2.8823E+17,107,2026-07-03T15:30:50.000Z,2026-07-03T15:32:37.000Z,8.4,-10.5,-2.1,-10.5,0,0.3,4167.94,4167.88,4167.62,,SELL,USD,1,1,1583663
D#1702358,XAUUSD,100,2.8823E+17,2.8823E+17,2.8823E+17,2.8823E+17,277,2026-07-03T15:28:27.000Z,2026-07-03T15:33:04.000Z,0.3,-0.72,-1.8,-2.1,0,0.06,4167.73,4167.9,4174.79,4159.24,SELL,USD,1,1,1583663
D#1702551,XAUUSD,100,2.8823E+17,2.8823E+17,2.8823E+17,2.8823E+17,13661,2026-07-03T11:47:37.000Z,2026-07-03T15:35:18.000Z,-183.6,182.9,-187.1,-3.5,0,0.1,4185.49,4166.91,,,BUY,USD,1,1,1583663
D#1702511,XAUUSD,100,2.8823E+17,2.8823E+17,2.8823E+17,2.8823E+17,391,2026-07-03T15:31:23.000Z,2026-07-03T15:37:54.000Z,6,-7.4,-1,-7,0,0.2,4167.8,4167.72,4170.02,4163.88,SELL,USD,1,1,1583663
D#1670882,XAUUSD,100,2.8823E+17,2.8823E+17,2.8823E+17,2.8823E+17,1209,2026-07-03T15:22:06.000Z,2026-07-03T15:42:15.000Z,-26.3,25.6,-29.8,-3.5,0,0.1,4170.39,4167.54,4165.69,4178.89,BUY,USD,1,1,1583663
D#1702551,XAUUSD,100,2.8823E+17,2.8823E+17,2.8823E+17,2.8823E+17,483,2026-07-03T15:35:27.000Z,2026-07-03T15:43:30.000Z,35.4,-36.8,28.4,-7,0,0.2,4166.92,4168.47,,,BUY,USD,1,1,1583663
D#1702551,XAUUSD,100,2.8823E+17,2.8823E+17,2.8823E+17,2.8823E+17,229,2026-07-03T15:43:33.000Z,2026-07-03T15:47:22.000Z,6.3,-8.4,-4.2,-10.5,0,0.3,4168.52,4168.53,,,SELL,USD,1,1,1583663
D#1671061,XAUUSD,100,2.8823E+17,2.8823E+17,2.8823E+17,2.8823E+17,35192,2026-07-03T06:02:50.000Z,2026-07-03T15:49:22.000Z,-2.75,2.4,-4.51,-1.76,0,0.05,4167.75,4168.52,4174.83,4137.86,SELL,USD,1,1,1583663
D#1702508,XAUUSD,100,2.8823E+17,2.8823E+17,2.8823E+17,2.8823E+17,2417,2026-07-03T15:10:47.000Z,2026-07-03T15:51:04.000Z,142.4,-143.8,135.4,-7,0,0.2,4173.91,4167.01,4181.44,4160.09,SELL,USD,1,1,1583663
D#1702511,XAUUSD,100,2.8823E+17,2.8823E+17,2.8823E+17,2.8823E+17,786,2026-07-03T15:39:00.000Z,2026-07-03T15:52:06.000Z,-59.5,56,-77,-17.5,0,0.5,4167.55,4166.14,4166.41,4169.49,BUY,USD,1,1,1583663
D#1702363,XAUUSD,100,2.8823E+17,2.8823E+17,2.8823E+17,2.8823E+17,876,2026-07-03T15:37:34.000Z,2026-07-03T15:52:10.000Z,118,-120.8,104,-14,0,0.4,4168.57,4165.84,,4165.79,SELL,USD,1,1,1583663
D#1702631,XAUUSD,100,2.8823E+17,2.8823E+17,2.8823E+17,2.8823E+17,65,2026-07-03T15:51:09.000Z,2026-07-03T15:52:14.000Z,9.6,-11.7,-0.9,-10.5,0,0.3,4166.51,4166.41,,,SELL,USD,1,1,1583663
D#1702551,XAUUSD,100,2.8823E+17,2.8823E+17,2.8823E+17,2.8823E+17,186,2026-07-03T15:49:10.000Z,2026-07-03T15:52:16.000Z,66.3,-68.4,55.8,-10.5,0,0.3,4168.51,4166.52,,,SELL,USD,1,1,1583663
D#1645646,XAUUSD,100,2.8823E+17,2.8823E+17,2.8823E+17,2.8823E+17,5,2026-07-03T15:52:40.000Z,2026-07-03T15:52:45.000Z,-1.8,-0.3,-12.3,-10.5,0,0.3,4165.83,4166.11,4166,,SELL,USD,1,1,1583663
D#1702511,XAUUSD,100,2.8823E+17,2.8823E+17,2.8823E+17,2.8823E+17,70,2026-07-03T15:52:52.000Z,2026-07-03T15:54:02.000Z,70,-73.5,52.5,-17.5,0,0.5,4166.02,4167.2,4164.86,,BUY,USD,1,1,1583663
D#1702511,XAUUSD,100,2.8823E+17,2.8823E+17,2.8823E+17,2.8823E+17,27,2026-07-03T15:54:16.000Z,2026-07-03T15:54:43.000Z,17.5,-21,0,-17.5,0,0.5,4167.11,4166.98,4168.3,,SELL,USD,1,1,1583663
D#1702511,XAUUSD,100,2.8823E+17,2.8823E+17,2.8823E+17,2.8823E+17,9,2026-07-03T15:54:50.000Z,2026-07-03T15:54:59.000Z,19.5,-23,2,-17.5,0,0.5,4166.89,4167.06,,,BUY,USD,1,1,1583663
D#1702551,XAUUSD,100,2.8823E+17,2.8823E+17,2.8823E+17,2.8823E+17,160,2026-07-03T15:52:44.000Z,2026-07-03T15:55:24.000Z,21,-24.5,3.5,-17.5,0,0.5,4166.07,4166.27,,,BUY,USD,1,1,1583663
D#1702716,XAUUSD,100,2.8823E+17,2.8823E+17,2.8823E+17,2.8823E+17,165,2026-07-03T15:52:40.000Z,2026-07-03T15:55:25.000Z,-2.96,2.4,-5.76,-2.8,0,0.08,4165.81,4166.4,4180.15,4155,SELL,USD,1,1,1583663
D#1614602,XAUUSD,100,2.8823E+17,2.8823E+17,2.8823E+17,2.8823E+17,46,2026-07-03T15:54:49.000Z,2026-07-03T15:55:35.000Z,-36,33.2,-50,-14,0,0.4,4166.89,4165.77,4165.96,4169.04,BUY,USD,1,1,1583663
D#1702737,XAUUSD,100,2.8823E+17,2.8823E+17,2.8823E+17,2.8823E+17,342,2026-07-03T15:49:57.000Z,2026-07-03T15:55:39.000Z,-61,59.6,-68,-7,0,0.2,4168.61,4165.34,4165.56,4172.03,BUY,USD,1,1,1583663
D#1702511,XAUUSD,100,2.8823E+17,2.8823E+17,2.8823E+17,2.8823E+17,22,2026-07-03T15:55:19.000Z,2026-07-03T15:55:41.000Z,97.34,-101.68,75.64,-21.7,0,0.62,4166.77,4165.42,,,SELL,USD,1,1,1583663
D#1702371,XAUUSD,100,2.8823E+17,2.8823E+17,2.8823E+17,2.8823E+17,2213,2026-07-03T15:18:57.000Z,2026-07-03T15:55:50.000Z,-297.5,294,-315,-17.5,0,0.5,4171.27,4165.1,,4173.03,BUY,USD,1,1,1583663
D#1702412,XAUUSD,100,2.8823E+17,2.8823E+17,2.8823E+17,2.8823E+17,5338,2026-07-03T14:27:07.000Z,2026-07-03T15:56:05.000Z,0.35,-0.7,-1.41,-1.76,0,0.05,4164.84,4164.69,4164.77,4214.38,BUY,USD,1,1,1583663
D#1702513,XAUUSD,100,2.8823E+17,2.8823E+17,2.8823E+17,2.8823E+17,1535,2026-07-03T15:30:39.000Z,2026-07-03T15:56:14.000Z,-26.4,25.7,-29.9,-3.5,0,0.1,4167.59,4164.73,4164.43,4179.29,BUY,USD,1,1,1583663
D#1702511,XAUUSD,100,2.8823E+17,2.8823E+17,2.8823E+17,2.8823E+17,24,2026-07-03T15:56:17.000Z,2026-07-03T15:56:41.000Z,5.58,-9.92,-16.12,-21.7,0,0.62,4164.75,4164.88,,,SELL,USD,1,1,1583663
D#1614602,XAUUSD,100,2.8823E+17,2.8823E+17,2.8823E+17,2.8823E+17,63,2026-07-03T15:56:09.000Z,2026-07-03T15:57:12.000Z,-33.6,30.8,-47.6,-14,0,0.4,4164.84,4165.9,4165.73,4162.56,SELL,USD,1,1,1583663
D#1702511,XAUUSD,100,2.8823E+17,2.8823E+17,2.8823E+17,2.8823E+17,64,2026-07-03T15:56:46.000Z,2026-07-03T15:57:50.000Z,19.22,-23.56,-2.48,-21.7,0,0.62,4164.87,4164.96,,,BUY,USD,1,1,1583663
D#1702631,XAUUSD,100,2.8823E+17,2.8823E+17,2.8823E+17,2.8823E+17,225,2026-07-03T15:55:41.000Z,2026-07-03T15:59:26.000Z,-12.3,10.2,-22.8,-10.5,0,0.3,4165.32,4164.69,4164.87,4168.79,BUY,USD,1,1,1583663
D#1702511,XAUUSD,100,2.8823E+17,2.8823E+17,2.8823E+17,2.8823E+17,123,2026-07-03T15:58:02.000Z,2026-07-03T16:00:05.000Z,15.5,-19.84,-6.2,-21.7,0,0.62,4165.02,4165.05,,,BUY,USD,1,1,1583663
D#1702395,XAUUSD,100,2.8823E+17,2.8823E+17,2.8823E+17,2.8823E+17,53231,2026-07-03T01:14:25.000Z,2026-07-03T16:01:36.000Z,151.65,-152.7,146.39,-5.26,0,0.15,4175.02,4165.13,,,SELL,USD,1,1,1583663
D#1670922,XAUUSD,100,2.8823E+17,2.8823E+17,2.8823E+17,2.8823E+17,74,2026-07-03T16:00:39.000Z,2026-07-03T16:01:53.000Z,1.8,-2.5,-1.7,-3.5,0,0.1,4164.73,4164.77,,,SELL,USD,1,1,1583663
D#1702703,XAUUSD,100,2.8823E+17,2.8823E+17,2.8823E+17,2.8823E+17,1805,2026-07-03T15:32:59.000Z,2026-07-03T16:03:04.000Z,75,-77.1,64.5,-10.5,0,0.3,4167.58,4165.3,4165.16,4164,SELL,USD,1,1,1583663
D#1702511,XAUUSD,100,2.8823E+17,2.8823E+17,2.8823E+17,2.8823E+17,235,2026-07-03T16:00:31.000Z,2026-07-03T16:04:26.000Z,6.82,-11.16,-14.88,-21.7,0,0.62,4164.84,4164.95,4165.57,4163.75,SELL,USD,1,1,1583663
D#1702613,XAUUSD,100,2.8823E+17,2.8823E+17,2.8823E+17,2.8823E+17,2534,2026-07-03T15:23:44.000Z,2026-07-03T16:05:58.000Z,56.07,-56.7,52.91,-3.16,0,0.09,4170.17,4164.16,4175.55,4164.11,SELL,USD,1,1,1583663
D#1702511,XAUUSD,100,2.8823E+17,2.8823E+17,2.8823E+17,2.8823E+17,96,2026-07-03T16:05:07.000Z,2026-07-03T16:06:43.000Z,-35.84,33.6,-47.04,-11.2,0,0.32,4164.78,4163.44,4163.64,4172.74,BUY,USD,1,1,1583663
D#1671080,XAUUSD,100,2.8823E+17,2.8823E+17,2.8823E+17,2.8823E+17,570,2026-07-03T15:57:20.000Z,2026-07-03T16:06:50.000Z,10.9,-11.25,9.14,-1.76,0,0.05,4165.34,4163.38,,,SELL,USD,1,1,1583663
D#1614602,XAUUSD,100,2.8823E+17,2.8823E+17,2.8823E+17,2.8823E+17,566,2026-07-03T15:57:25.000Z,2026-07-03T16:06:51.000Z,88,-90.8,74,-14,0,0.4,4165.31,4163.33,4166.29,4163.22,SELL,USD,1,1,1583663
D#1702701,XAUUSD,100,2.8823E+17,2.8823E+17,2.8823E+17,2.8823E+17,6387,2026-07-03T14:20:26.000Z,2026-07-03T16:06:53.000Z,-7.2,6.15,-12.46,-5.26,0,0.15,4162.69,4163.39,4175.73,4156.92,SELL,USD,1,1,1583663
D#1702708,XAUUSD,100,2.8823E+17,2.8823E+17,2.8823E+17,2.8823E+17,1877,2026-07-03T15:35:38.000Z,2026-07-03T16:06:55.000Z,51.6,-52.65,46.34,-5.26,0,0.15,4166.71,4163.49,,,SELL,USD,1,1,1583663
D#1702614,XAUUSD,100,2.8823E+17,2.8823E+17,2.8823E+17,2.8823E+17,6,2026-07-03T16:08:15.000Z,2026-07-03T16:08:21.000Z,-0.3,-0.4,-3.8,-3.5,0,0.1,4163.97,4163.72,,,BUY,USD,1,1,1583663
D#1702677,XAUUSD,100,2.8823E+17,2.8823E+17,2.8823E+17,2.8823E+17,130,2026-07-03T16:07:03.000Z,2026-07-03T16:09:13.000Z,27.2,-30,13.2,-14,0,0.4,4164.11,4164.57,4161.2,4168.79,BUY,USD,1,1,1583663
D#1702395,XAUUSD,100,2.8823E+17,2.8823E+17,2.8823E+17,2.8823E+17,451,2026-07-03T16:01:47.000Z,2026-07-03T16:09:18.000Z,0.6,-1.65,-4.66,-5.26,0,0.15,4164.76,4164.94,,,SELL,USD,1,1,1583663
D#1670958,XAUUSD,100,2.8823E+17,2.8823E+17,2.8823E+17,2.8823E+17,2470,2026-07-03T15:28:13.000Z,2026-07-03T16:09:23.000Z,14.6,-14.95,12.84,-1.76,0,0.05,4168.05,4165.35,4165.14,4157.4,SELL,USD,1,1,1583663
D#1614602,XAUUSD,100,2.8823E+17,2.8823E+17,2.8823E+17,2.8823E+17,12,2026-07-03T16:09:14.000Z,2026-07-03T16:09:26.000Z,-21.6,18.45,-37.36,-15.76,0,0.45,4164.82,4165.52,4165.44,4162.17,SELL,USD,1,1,1583663
D#1670922,XAUUSD,100,2.8823E+17,2.8823E+17,2.8823E+17,2.8823E+17,25,2026-07-03T16:09:52.000Z,2026-07-03T16:10:17.000Z,6,-9.5,-11.5,-17.5,0,0.5,4165.42,4165.32,,,BUY,USD,1,1,1583663
D#1670922,XAUUSD,100,2.8823E+17,2.8823E+17,2.8823E+17,2.8823E+17,72,2026-07-03T16:11:33.000Z,2026-07-03T16:12:45.000Z,-9,5.5,-26.5,-17.5,0,0.5,4164.64,4165.04,,,SELL,USD,1,1,1583663
D#1670979,XAUUSD,100,2.8823E+17,2.8823E+17,2.8823E+17,2.8823E+17,3534,2026-07-03T15:15:49.000Z,2026-07-03T16:14:43.000Z,-89.2,88.5,-92.7,-3.5,0,0.1,4173.31,4164.17,,,BUY,USD,1,1,1583663
D#1614602,XAUUSD,100,2.8823E+17,2.8823E+17,2.8823E+17,2.8823E+17,522,2026-07-03T16:09:42.000Z,2026-07-03T16:18:24.000Z,106.2,-109.35,90.44,-15.76,0,0.45,4165.25,4163.11,4166.11,4163.05,SELL,USD,1,1,1583663
D#1702412,XAUUSD,100,2.8823E+17,2.8823E+17,2.8823E+17,2.8823E+17,1048,2026-07-03T16:00:57.000Z,2026-07-03T16:18:25.000Z,-10.55,10.2,-12.31,-1.76,0,0.05,4165.26,4162.93,4163.11,4214.53,BUY,USD,1,1,1583663
D#1702703,XAUUSD,100,2.8823E+17,2.8823E+17,2.8823E+17,2.8823E+17,872,2026-07-03T16:04:35.000Z,2026-07-03T16:19:07.000Z,19.5,-21.6,9,-10.5,0,0.3,4164.84,4164.41,,4162.18,SELL,USD,1,1,1583663
D#1702478,XAUUSD,100,2.8823E+17,2.8823E+17,2.8823E+17,2.8823E+17,18,2026-07-03T16:18:58.000Z,2026-07-03T16:19:16.000Z,34.17,-37.74,16.31,-17.86,0,0.51,4164.12,4164.57,4153.45,4164.61,BUY,USD,1,1,1583663
D#1614602,XAUUSD,100,2.8823E+17,2.8823E+17,2.8823E+17,2.8823E+17,44,2026-07-03T16:18:45.000Z,2026-07-03T16:19:29.000Z,78.3,-81.45,62.54,-15.76,0,0.45,4163.15,4164.67,,,BUY,USD,1,1,1583663
D#1702701,XAUUSD,100,2.8823E+17,2.8823E+17,2.8823E+17,2.8823E+17,739,2026-07-03T16:07:31.000Z,2026-07-03T16:19:50.000Z,7.35,-8.4,2.09,-5.26,0,0.15,4164.44,4164.71,4155.84,4170.23,BUY,USD,1,1,1583663
D#1702478,XAUUSD,100,2.8823E+17,2.8823E+17,2.8823E+17,2.8823E+17,71,2026-07-03T16:19:59.000Z,2026-07-03T16:21:10.000Z,-39.44,35.38,-59.74,-20.3,0,0.58,4164.94,4165.84,4173.62,4163.7,SELL,USD,1,1,1583663
D#1614602,XAUUSD,100,2.8823E+17,2.8823E+17,2.8823E+17,2.8823E+17,83,2026-07-03T16:19:52.000Z,2026-07-03T16:21:15.000Z,-44.55,41.4,-60.31,-15.76,0,0.45,4164.77,4165.98,4165.85,4162.82,SELL,USD,1,1,1583663
D#1670964,XAUUSD,100,2.8823E+17,2.8823E+17,2.8823E+17,2.8823E+17,3065,2026-07-03T15:31:45.000Z,2026-07-03T16:22:50.000Z,41.4,-43.5,30.9,-10.5,0,0.3,4166.76,4165.6,4167.53,4162.87,SELL,USD,1,1,1583663
D#1614602,XAUUSD,100,2.8823E+17,2.8823E+17,2.8823E+17,2.8823E+17,92,2026-07-03T16:21:44.000Z,2026-07-03T16:23:16.000Z,-29.7,26.55,-45.46,-15.76,0,0.45,4165.17,4166.05,4165.85,4163.01,SELL,USD,1,1,1583663
D#1645646,XAUUSD,100,2.8823E+17,2.8823E+17,2.8823E+17,2.8823E+17,1754,2026-07-03T15:54:06.000Z,2026-07-03T16:23:20.000Z,45.9,-48,35.4,-10.5,0,0.3,4167.12,4166.17,4166,4141,SELL,USD,1,1,1583663
D#1702478,XAUUSD,100,2.8823E+17,2.8823E+17,2.8823E+17,2.8823E+17,74,2026-07-03T16:22:06.000Z,2026-07-03T16:23:20.000Z,65.34,-69.12,46.44,-18.9,0,0.54,4165.03,4166.02,4146.69,4166.12,BUY,USD,1,1,1583663
D#1702703,XAUUSD,100,2.8823E+17,2.8823E+17,2.8823E+17,2.8823E+17,138,2026-07-03T16:22:15.000Z,2026-07-03T16:24:33.000Z,72,-74.1,61.5,-10.5,0,0.3,4165.33,4167.51,,4167.45,BUY,USD,1,1,1583663
D#1614602,XAUUSD,100,2.8823E+17,2.8823E+17,2.8823E+17,2.8823E+17,38,2026-07-03T16:23:55.000Z,2026-07-03T16:24:33.000Z,-38.25,35.1,-54.01,-15.76,0,0.45,4166.12,4167.19,4166.8,4163.73,SELL,USD,1,1,1583663
D#1702478,XAUUSD,100,2.8823E+17,2.8823E+17,2.8823E+17,2.8823E+17,34,2026-07-03T16:23:59.000Z,2026-07-03T16:24:33.000Z,68.34,-71.91,50.48,-17.86,0,0.51,4166.26,4167.38,4146.69,4167.09,BUY,USD,1,1,1583663
D#1670922,XAUUSD,100,2.8823E+17,2.8823E+17,2.8823E+17,2.8823E+17,703,2026-07-03T16:13:07.000Z,2026-07-03T16:24:50.000Z,-141.5,138,-159,-17.5,0,0.5,4164.46,4167.51,,4144.61,SELL,USD,1,1,1583663
D#1702395,XAUUSD,100,2.8823E+17,2.8823E+17,2.8823E+17,2.8823E+17,837,2026-07-03T16:10:55.000Z,2026-07-03T16:24:52.000Z,38.1,-39.15,32.84,-5.26,0,0.15,4165.03,4167.35,,,BUY,USD,1,1,1583663
D#1702677,XAUUSD,100,2.8823E+17,2.8823E+17,2.8823E+17,2.8823E+17,270,2026-07-03T16:20:26.000Z,2026-07-03T16:24:56.000Z,100.8,-103.6,86.8,-14,0,0.4,4165.17,4167.47,4164.47,4169.89,BUY,USD,1,1,1583663
D#1702563,XAUUSD,100,2.8823E+17,2.8823E+17,2.8823E+17,2.8823E+17,3717,2026-07-03T15:23:18.000Z,2026-07-03T16:25:15.000Z,23.5,-24.2,20,-3.5,0,0.1,4169.59,4167.46,4169.35,4157.7,SELL,USD,1,1,1583663
D#1702478,XAUUSD,100,2.8823E+17,2.8823E+17,2.8823E+17,2.8823E+17,91,2026-07-03T16:24:42.000Z,2026-07-03T16:26:13.000Z,-34.56,31.2,-51.36,-16.8,0,0.48,4167.39,4166.45,4146.69,4167.96,BUY,USD,1,1,1583663
D#1702551,XAUUSD,100,2.8823E+17,2.8823E+17,2.8823E+17,2.8823E+17,1908,2026-07-03T15:55:47.000Z,2026-07-03T16:27:35.000Z,77.5,-81,60,-17.5,0,0.5,4165.28,4166.61,,,BUY,USD,1,1,1583663
D#1702464,XAUUSD,100,2.8823E+17,2.8823E+17,2.8823E+17,2.8823E+17,52455,2026-07-03T01:53:30.000Z,2026-07-03T16:27:45.000Z,95.3,-96,91.8,-3.5,0,0.1,4175.76,4166.45,,,SELL,USD,1,1,1583663
D#1702508,XAUUSD,100,2.8823E+17,2.8823E+17,2.8823E+17,2.8823E+17,2182,2026-07-03T15:51:35.000Z,2026-07-03T16:27:57.000Z,11,-12.4,4,-7,0,0.2,4166.6,4166.27,4173.76,4156.67,SELL,USD,1,1,1583663
D#1702467,XAUUSD,100,2.8823E+17,2.8823E+17,2.8823E+17,2.8823E+17,307,2026-07-03T16:24:54.000Z,2026-07-03T16:30:01.000Z,-6.1,5.4,-9.6,-3.5,0,0.1,4167.54,4166.71,4164.89,4172.83,BUY,USD,1,1,1583663
D#1702478,XAUUSD,100,2.8823E+17,2.8823E+17,2.8823E+17,2.8823E+17,183,2026-07-03T16:27:05.000Z,2026-07-03T16:30:08.000Z,-36.3,32.45,-55.56,-19.26,0,0.55,4166.59,4167.47,4184.74,4165.79,SELL,USD,1,1,1583663
D#1670990,XAUUSD,100,2.8823E+17,2.8823E+17,2.8823E+17,2.8823E+17,142,2026-07-03T16:27:56.000Z,2026-07-03T16:30:18.000Z,89.1,-92.25,73.34,-15.76,0,0.45,4166.27,4168.03,4165.53,4168.12,BUY,USD,1,1,1583663
D#1702551,XAUUSD,100,2.8823E+17,2.8823E+17,2.8823E+17,2.8823E+17,168,2026-07-03T16:27:38.000Z,2026-07-03T16:30:26.000Z,90.5,-94,73,-17.5,0,0.5,4166.72,4168.31,,,BUY,USD,1,1,1583663
D#1702703,XAUUSD,100,2.8823E+17,2.8823E+17,2.8823E+17,2.8823E+17,356,2026-07-03T16:26:06.000Z,2026-07-03T16:32:02.000Z,44.1,-46.2,33.6,-10.5,0,0.3,4166.78,4168.03,,,BUY,USD,1,1,1583663
D#1671061,XAUUSD,100,2.8823E+17,2.8823E+17,2.8823E+17,2.8823E+17,2062,2026-07-03T15:59:48.000Z,2026-07-03T16:34:10.000Z,-49.1,48.4,-52.6,-3.5,0,0.1,4164.83,4169.96,4169.03,4156.93,SELL,USD,1,1,1583663
D#1670964,XAUUSD,100,2.8823E+17,2.8823E+17,2.8823E+17,2.8823E+17,646,2026-07-03T16:23:24.000Z,2026-07-03T16:34:10.000Z,146.8,-149.6,132.8,-14,0,0.4,4166.37,4169.82,,4169.13,BUY,USD,1,1,1583663
D#1702658,XAUUSD,100,2.8823E+17,2.8823E+17,2.8823E+17,2.8823E+17,505,2026-07-03T16:25:45.000Z,2026-07-03T16:34:10.000Z,-75.6,73.15,-87.86,-12.26,0,0.35,4167.58,4169.96,4169.08,4164.26,SELL,USD,1,1,1583663
D#1614602,XAUUSD,100,2.8823E+17,2.8823E+17,2.8823E+17,2.8823E+17,477,2026-07-03T16:26:13.000Z,2026-07-03T16:34:10.000Z,153.9,-157.05,138.14,-15.76,0,0.45,4166.61,4169.81,4165.62,4169.1,BUY,USD,1,1,1583663
D#1702372,XAUUSD,100,2.8823E+17,2.8823E+17,2.8823E+17,2.8823E+17,4890,2026-07-03T15:12:41.000Z,2026-07-03T16:34:11.000Z,61.4,-62.8,54.4,-7,0,0.2,4173.1,4170.25,4169.94,4147.17,SELL,USD,1,1,1583663
D#1702478,XAUUSD,100,2.8823E+17,2.8823E+17,2.8823E+17,2.8823E+17,213,2026-07-03T16:30:38.000Z,2026-07-03T16:34:11.000Z,87.42,-90.71,70.96,-16.46,0,0.47,4168.45,4170.09,4147.25,4170.03,BUY,USD,1,1,1583663
D#1702551,XAUUSD,100,2.8823E+17,2.8823E+17,2.8823E+17,2.8823E+17,227,2026-07-03T16:30:29.000Z,2026-07-03T16:34:16.000Z,67,-70.5,49.5,-17.5,0,0.5,4168.64,4169.76,,,BUY,USD,1,1,1583663
D#1645646,XAUUSD,100,2.8823E+17,2.8823E+17,2.8823E+17,2.8823E+17,205,2026-07-03T16:31:03.000Z,2026-07-03T16:34:28.000Z,105,-108.5,87.5,-17.5,0,0.5,4167.47,4169.35,4166,4174,BUY,USD,1,1,1583663
D#1702720,XAUUSD,100,2.8823E+17,2.8823E+17,2.8823E+17,2.8823E+17,4106,2026-07-03T15:28:33.000Z,2026-07-03T16:36:59.000Z,34,-35.4,27,-7,0,0.2,4167.38,4168.86,4162.6,4173.19,BUY,USD,1,1,1583663
D#1589419,XAUUSD,100,2.8823E+17,2.8823E+17,2.8823E+17,2.8823E+17,189,2026-07-03T16:33:50.000Z,2026-07-03T16:36:59.000Z,10.2,-12.3,-0.3,-10.5,0,0.3,4168.74,4168.86,,4180.75,BUY,USD,1,1,1583663
D#1614602,XAUUSD,100,2.8823E+17,2.8823E+17,2.8823E+17,2.8823E+17,223,2026-07-03T16:34:29.000Z,2026-07-03T16:38:12.000Z,-34.2,31.05,-49.96,-15.76,0,0.45,4169.48,4168.5,4168.61,4171.76,BUY,USD,1,1,1583663
D#1670958,XAUUSD,100,2.8823E+17,2.8823E+17,2.8823E+17,2.8823E+17,1394,2026-07-03T16:15:31.000Z,2026-07-03T16:38:45.000Z,24.3,-24.72,22.2,-2.1,0,0.06,4164.12,4167.95,4168.25,4174.06,BUY,USD,1,1,1583663
D#1702677,XAUUSD,100,2.8823E+17,2.8823E+17,2.8823E+17,2.8823E+17,84,2026-07-03T16:37:22.000Z,2026-07-03T16:38:46.000Z,-47.2,44.4,-61.2,-14,0,0.4,4169.35,4167.95,4168.09,,BUY,USD,1,1,1583663
D#1702478,XAUUSD,100,2.8823E+17,2.8823E+17,2.8823E+17,2.8823E+17,566,2026-07-03T16:35:14.000Z,2026-07-03T16:44:40.000Z,41.83,-45.12,25.37,-16.46,0,0.47,4169.74,4170.41,4159.14,4170.36,BUY,USD,1,1,1583663
D#1702374,XAUUSD,100,2.8823E+17,2.8823E+17,2.8823E+17,2.8823E+17,404,2026-07-03T16:38:19.000Z,2026-07-03T16:45:03.000Z,-68.31,66,-79.87,-11.56,0,0.33,4168.39,4170.68,4170.54,4162.23,SELL,USD,1,1,1583663
D#1702372,XAUUSD,100,2.8823E+17,2.8823E+17,2.8823E+17,2.8823E+17,366,2026-07-03T16:39:08.000Z,2026-07-03T16:45:14.000Z,-97.6,94.8,-111.6,-14,0,0.4,4168.21,4170.87,4170.97,4156.98,SELL,USD,1,1,1583663
D#1702701,XAUUSD,100,2.8823E+17,2.8823E+17,2.8823E+17,2.8823E+17,1400,2026-07-03T16:21:56.000Z,2026-07-03T16:45:16.000Z,97.35,-98.4,92.09,-5.26,0,0.15,4164.79,4171.06,4157.91,4170.83,BUY,USD,1,1,1583663
D#1702737,XAUUSD,100,2.8823E+17,2.8823E+17,2.8823E+17,2.8823E+17,851,2026-07-03T16:31:05.000Z,2026-07-03T16:45:16.000Z,-74.8,73.4,-81.8,-7,0,0.2,4167.29,4171.25,4170.9,4163.8,SELL,USD,1,1,1583663
D#1702560,XAUUSD,100,2.8823E+17,2.8823E+17,2.8823E+17,2.8823E+17,665,2026-07-03T16:34:11.000Z,2026-07-03T16:45:16.000Z,-28.2,26.1,-38.7,-10.5,0,0.3,4170.09,4171.25,4171.07,4167.73,SELL,USD,1,1,1583663
D#1589419,XAUUSD,100,2.8823E+17,2.8823E+17,2.8823E+17,2.8823E+17,458,2026-07-03T16:37:38.000Z,2026-07-03T16:45:16.000Z,-55.2,53.1,-65.7,-10.5,0,0.3,4169.16,4171.22,4170.92,4158.84,SELL,USD,1,1,1583663
D#1614602,XAUUSD,100,2.8823E+17,2.8823E+17,2.8823E+17,2.8823E+17,401,2026-07-03T16:38:35.000Z,2026-07-03T16:45:16.000Z,105.3,-108.45,89.54,-15.76,0,0.45,4168.94,4171.06,4167.89,4171.1,BUY,USD,1,1,1583663
D#1702551,XAUUSD,100,2.8823E+17,2.8823E+17,2.8823E+17,2.8823E+17,645,2026-07-03T16:34:35.000Z,2026-07-03T16:45:20.000Z,83,-86.5,65.5,-17.5,0,0.5,4169.5,4170.94,,,BUY,USD,1,1,1583663
D#1702613,XAUUSD,100,2.8823E+17,2.8823E+17,2.8823E+17,2.8823E+17,337,2026-07-03T16:39:48.000Z,2026-07-03T16:45:25.000Z,-19.08,18.45,-22.24,-3.16,0,0.09,4169.01,4171.35,4171.24,4162.08,SELL,USD,1,1,1583663
D#1670882,XAUUSD,100,2.8823E+17,2.8823E+17,2.8823E+17,2.8823E+17,3782,2026-07-03T15:42:28.000Z,2026-07-03T16:45:30.000Z,-45.1,44.4,-48.6,-3.5,0,0.1,4167.3,4172.03,4171.74,4158.61,SELL,USD,1,1,1583663
D#1702703,XAUUSD,100,2.8823E+17,2.8823E+17,2.8823E+17,2.8823E+17,597,2026-07-03T16:35:34.000Z,2026-07-03T16:45:31.000Z,70.8,-72.9,60.3,-10.5,0,0.3,4169.77,4171.91,,,BUY,USD,1,1,1583663
D#1702677,XAUUSD,100,2.8823E+17,2.8823E+17,2.8823E+17,2.8823E+17,356,2026-07-03T16:39:41.000Z,2026-07-03T16:45:37.000Z,114.8,-117.6,100.8,-14,0,0.4,4169.14,4171.79,4167.82,4173.36,BUY,USD,1,1,1583663
D#1702551,XAUUSD,100,2.8823E+17,2.8823E+17,2.8823E+17,2.8823E+17,30,2026-07-03T16:45:44.000Z,2026-07-03T16:46:14.000Z,55.5,-59,38,-17.5,0,0.5,4171.72,4170.83,,,SELL,USD,1,1,1583663
D#1702540,XAUUSD,100,2.8823E+17,2.8823E+17,2.8823E+17,2.8823E+17,32,2026-07-03T16:46:46.000Z,2026-07-03T16:47:18.000Z,0.17,-0.24,-0.19,-0.36,0,0.01,4171.3,4171.35,,,SELL,USD,1,1,1583663
D#1614602,XAUUSD,100,2.8823E+17,2.8823E+17,2.8823E+17,2.8823E+17,180,2026-07-03T16:45:27.000Z,2026-07-03T16:48:27.000Z,-74.7,71.55,-90.46,-15.76,0,0.45,4171.57,4169.69,4169.81,4173.26,BUY,USD,1,1,1583663
D#1702551,XAUUSD,100,2.8823E+17,2.8823E+17,2.8823E+17,2.8823E+17,110,2026-07-03T16:48:25.000Z,2026-07-03T16:50:15.000Z,79.5,-83,62,-17.5,0,0.5,4170.04,4171.41,,,BUY,USD,1,1,1583663
D#1702372,XAUUSD,100,2.8823E+17,2.8823E+17,2.8823E+17,2.8823E+17,138,2026-07-03T16:48:04.000Z,2026-07-03T16:50:22.000Z,-61.6,58.8,-75.6,-14,0,0.4,4170.12,4171.88,4172.73,4156.66,SELL,USD,1,1,1583663
D#1702395,XAUUSD,100,2.8823E+17,2.8823E+17,2.8823E+17,2.8823E+17,1469,2026-07-03T16:26:04.000Z,2026-07-03T16:50:33.000Z,74.85,-75.9,69.59,-5.26,0,0.15,4166.8,4171.57,,,BUY,USD,1,1,1583663
D#1702720,XAUUSD,100,2.8823E+17,2.8823E+17,2.8823E+17,2.8823E+17,406,2026-07-03T16:43:51.000Z,2026-07-03T16:50:37.000Z,70.8,-72.2,63.8,-7,0,0.2,4168.39,4171.71,4163.24,4174.07,BUY,USD,1,1,1583663
D#1702395,XAUUSD,100,2.8823E+17,2.8823E+17,2.8823E+17,2.8823E+17,8,2026-07-03T16:51:06.000Z,2026-07-03T16:51:14.000Z,4.05,-5.1,-1.21,-5.26,0,0.15,4171.42,4171.37,,,SELL,USD,1,1,1583663
D#1702560,XAUUSD,100,2.8823E+17,2.8823E+17,2.8823E+17,2.8823E+17,136,2026-07-03T16:49:59.000Z,2026-07-03T16:52:15.000Z,-42.9,40.8,-53.4,-10.5,0,0.3,4170.68,4172.33,4172.19,4167.49,SELL,USD,1,1,1583663
D#1614602,XAUUSD,100,2.8823E+17,2.8823E+17,2.8823E+17,2.8823E+17,204,2026-07-03T16:48:52.000Z,2026-07-03T16:52:16.000Z,93.6,-96.75,77.84,-15.76,0,0.45,4170.37,4172.23,4170.61,4172.34,BUY,USD,1,1,1583663
D#1670973,XAUUSD,100,2.8823E+17,2.8823E+17,2.8823E+17,2.8823E+17,2561,2026-07-03T16:09:38.000Z,2026-07-03T16:52:19.000Z,110.85,-111.9,105.59,-5.26,0,0.15,4165.42,4172.59,4158.4,4172.69,BUY,USD,1,1,1583663
D#1702677,XAUUSD,100,2.8823E+17,2.8823E+17,2.8823E+17,2.8823E+17,310,2026-07-03T16:47:10.000Z,2026-07-03T16:52:20.000Z,65.6,-68.4,51.6,-14,0,0.4,4171.35,4172.77,4169.46,4173,BUY,USD,1,1,1583663
D#1702387,XAUUSD,100,2.8823E+17,2.8823E+17,2.8823E+17,2.8823E+17,218,2026-07-03T16:48:42.000Z,2026-07-03T16:52:20.000Z,-125,121.5,-142.5,-17.5,0,0.5,4170.19,4172.91,4172.79,4162.12,SELL,USD,1,1,1583663
D#1702733,XAUUSD,100,2.8823E+17,2.8823E+17,2.8823E+17,2.8823E+17,5894,2026-07-03T15:14:22.000Z,2026-07-03T16:52:36.000Z,-0.27,-0.36,-3.43,-3.16,0,0.09,4172.88,4173.13,4172.99,4160.19,SELL,USD,1,1,1583663
D#1702716,XAUUSD,100,2.8823E+17,2.8823E+17,2.8823E+17,2.8823E+17,3422,2026-07-03T15:55:35.000Z,2026-07-03T16:52:37.000Z,-97.58,96.6,-102.48,-4.9,0,0.14,4165.74,4172.93,4180.13,4152.37,SELL,USD,1,1,1583663
D#1702705,XAUUSD,100,2.8823E+17,2.8823E+17,2.8823E+17,2.8823E+17,4256,2026-07-03T15:41:45.000Z,2026-07-03T16:52:41.000Z,51.3,-52,47.8,-3.5,0,0.1,4167.92,4172.83,4152.15,4173.98,BUY,USD,1,1,1583663
D#1702540,XAUUSD,100,2.8823E+17,2.8823E+17,2.8823E+17,2.8823E+17,305,2026-07-03T16:47:40.000Z,2026-07-03T16:52:45.000Z,23.49,-24.12,20.33,-3.16,0,0.09,4170.51,4172.9,,,BUY,USD,1,1,1583663
D#1671080,XAUUSD,100,2.8823E+17,2.8823E+17,2.8823E+17,2.8823E+17,166,2026-07-03T16:49:59.000Z,2026-07-03T16:52:45.000Z,19.8,-20.5,16.3,-3.5,0,0.1,4171.14,4172.9,,,BUY,USD,1,1,1583663
D#1670964,XAUUSD,100,2.8823E+17,2.8823E+17,2.8823E+17,2.8823E+17,1012,2026-07-03T16:35:58.000Z,2026-07-03T16:52:50.000Z,136.8,-139.6,122.8,-14,0,0.4,4169.7,4172.9,,,BUY,USD,1,1,1583663
D#1670992,XAUUSD,100,2.8823E+17,2.8823E+17,2.8823E+17,2.8823E+17,4404,2026-07-03T15:39:29.000Z,2026-07-03T16:52:53.000Z,60.9,-61.6,57.4,-3.5,0,0.1,4167.88,4173.75,4137.77,4173.77,BUY,USD,1,1,1583663
D#1702508,XAUUSD,100,2.8823E+17,2.8823E+17,2.8823E+17,2.8823E+17,1125,2026-07-03T16:34:10.000Z,2026-07-03T16:52:55.000Z,-101.75,100,-110.51,-8.76,0,0.25,4169.82,4174.11,4173.93,,SELL,USD,1,1,1583663
D#1702443,XAUUSD,100,2.8823E+17,2.8823E+17,2.8823E+17,2.8823E+17,8558,2026-07-03T14:30:32.000Z,2026-07-03T16:53:10.000Z,76.3,-77,72.8,-3.5,0,0.1,4167.16,4174.57,4161.81,4174.55,BUY,USD,1,1,1583663
D#1702667,XAUUSD,100,2.8823E+17,2.8823E+17,2.8823E+17,2.8823E+17,4790,2026-07-03T15:33:20.000Z,2026-07-03T16:53:10.000Z,-34.55,34.2,-36.31,-1.76,0,0.05,4167.53,4174.66,4174.37,4155.52,SELL,USD,1,1,1583663
D#1702446,XAUUSD,100,2.8823E+17,2.8823E+17,2.8823E+17,2.8823E+17,1333,2026-07-03T16:30:57.000Z,2026-07-03T16:53:10.000Z,-7.34,7.27,-7.7,-0.36,0,0.01,4167.2,4174.76,4174.44,4101.15,SELL,USD,1,1,1583663
D#1702489,XAUUSD,100,2.8823E+17,2.8823E+17,2.8823E+17,2.8823E+17,1072,2026-07-03T16:35:18.000Z,2026-07-03T16:53:10.000Z,-148.8,146.7,-159.3,-10.5,0,0.3,4169.6,4174.78,4174.48,4165.94,SELL,USD,1,1,1583663
D#1702658,XAUUSD,100,2.8823E+17,2.8823E+17,2.8823E+17,2.8823E+17,447,2026-07-03T16:45:43.000Z,2026-07-03T16:53:10.000Z,-53.58,52.25,-60.24,-6.66,0,0.19,4171.72,4174.76,4174.47,4165.51,SELL,USD,1,1,1583663
D#1702358,XAUUSD,100,2.8823E+17,2.8823E+17,2.8823E+17,2.8823E+17,4758,2026-07-03T15:33:56.000Z,2026-07-03T16:53:14.000Z,-21.06,20.85,-22.12,-1.06,0,0.03,4167.69,4174.93,4174.79,4151.38,SELL,USD,1,1,1583663
D#1702720,XAUUSD,100,2.8823E+17,2.8823E+17,2.8823E+17,2.8823E+17,34,2026-07-03T16:52:41.000Z,2026-07-03T16:53:15.000Z,105,-108.5,87.5,-17.5,0,0.5,4172.95,4174.83,4169.89,,BUY,USD,1,1,1583663
D#1702541,XAUUSD,100,2.8823E+17,2.8823E+17,2.8823E+17,2.8823E+17,3986,2026-07-03T15:47:18.000Z,2026-07-03T16:53:44.000Z,-63.5,62.8,-67,-3.5,0,0.1,4168.3,4174.87,,,SELL,USD,1,1,1583663
D#1702661,XAUUSD,100,2.8823E+17,2.8823E+17,2.8823E+17,2.8823E+17,9924,2026-07-03T14:08:23.000Z,2026-07-03T16:53:47.000Z,-151,150.3,-154.5,-3.5,0,0.1,4160.54,4175.86,4175,,SELL,USD,1,1,1583663
D#1702631,XAUUSD,100,2.8823E+17,2.8823E+17,2.8823E+17,2.8823E+17,2572,2026-07-03T16:10:55.000Z,2026-07-03T16:53:47.000Z,-108,107.3,-111.5,-3.5,0,0.1,4164.88,4175.9,4175.5,4153.56,SELL,USD,1,1,1583663
D#1614602,XAUUSD,100,2.8823E+17,2.8823E+17,2.8823E+17,2.8823E+17,49,2026-07-03T16:52:58.000Z,2026-07-03T16:53:47.000Z,88.2,-91.35,72.44,-15.76,0,0.45,4173.97,4175.71,4172.48,4175.8,BUY,USD,1,1,1583663
D#1671067,XAUUSD,100,2.8823E+17,2.8823E+17,2.8823E+17,2.8823E+17,10228,2026-07-03T14:03:53.000Z,2026-07-03T16:54:21.000Z,-217.2,215.8,-224.2,-7,0,0.2,4164.25,4175.33,,4143.41,SELL,USD,1,1,1583663
D#1670958,XAUUSD,100,2.8823E+17,2.8823E+17,2.8823E+17,2.8823E+17,628,2026-07-03T16:45:03.000Z,2026-07-03T16:55:31.000Z,18.64,-18.92,17.24,-1.4,0,0.04,4170.6,4175.04,4166.33,4179.4,BUY,USD,1,1,1583663
D#1702720,XAUUSD,100,2.8823E+17,2.8823E+17,2.8823E+17,2.8823E+17,60,2026-07-03T16:55:07.000Z,2026-07-03T16:56:07.000Z,51.6,-55.8,30.6,-21,0,0.6,4175.2,4175.84,4171.69,,BUY,USD,1,1,1583663
D#1702513,XAUUSD,100,2.8823E+17,2.8823E+17,2.8823E+17,2.8823E+17,3043,2026-07-03T16:05:28.000Z,2026-07-03T16:56:11.000Z,117.2,-117.9,113.7,-3.5,0,0.1,4164.36,4175.86,4164.58,4175.97,BUY,USD,1,1,1583663
D#1702619,XAUUSD,100,2.8823E+17,2.8823E+17,2.8823E+17,2.8823E+17,8684,2026-07-03T14:31:28.000Z,2026-07-03T16:56:12.000Z,109.5,-110.2,106,-3.5,0,0.1,4165.47,4176.2,4162.58,4176.07,BUY,USD,1,1,1583663
D#1671080,XAUUSD,100,2.8823E+17,2.8823E+17,2.8823E+17,2.8823E+17,17,2026-07-03T16:55:58.000Z,2026-07-03T16:56:15.000Z,3.1,-3.8,-0.4,-3.5,0,0.1,4175.76,4175.85,,,BUY,USD,1,1,1583663
D#1702387,XAUUSD,100,2.8823E+17,2.8823E+17,2.8823E+17,2.8823E+17,169,2026-07-03T16:53:32.000Z,2026-07-03T16:56:21.000Z,-56,52.5,-73.5,-17.5,0,0.5,4174.68,4176.02,,4163.82,SELL,USD,1,1,1583663
D#1702716,XAUUSD,100,2.8823E+17,2.8823E+17,2.8823E+17,2.8823E+17,149,2026-07-03T16:54:08.000Z,2026-07-03T16:56:37.000Z,7.1,-7.8,3.6,-3.5,0,0.1,4175.6,4176.09,4165.49,4185.49,BUY,USD,1,1,1583663
D#1702395,XAUUSD,100,2.8823E+17,2.8823E+17,2.8823E+17,2.8823E+17,188,2026-07-03T16:53:38.000Z,2026-07-03T16:56:46.000Z,31.8,-33.2,24.8,-7,0,0.2,4174.94,4176.31,,,BUY,USD,1,1,1583663
D#1614602,XAUUSD,100,2.8823E+17,2.8823E+17,2.8823E+17,2.8823E+17,220,2026-07-03T16:54:00.000Z,2026-07-03T16:57:40.000Z,-49.95,46.8,-65.71,-15.76,0,0.45,4175.57,4174.24,4174.36,4178.09,BUY,USD,1,1,1583663
D#1702563,XAUUSD,100,2.8823E+17,2.8823E+17,2.8823E+17,2.8823E+17,1897,2026-07-03T16:26:14.000Z,2026-07-03T16:57:51.000Z,73.5,-74.2,70,-3.5,0,0.1,4166.61,4173.74,,,BUY,USD,1,1,1583663
D#1702703,XAUUSD,100,2.8823E+17,2.8823E+17,2.8823E+17,2.8823E+17,223,2026-07-03T16:55:11.000Z,2026-07-03T16:58:54.000Z,3.9,-6,-6.6,-10.5,0,0.3,4175.21,4175.12,,4178.2,BUY,USD,1,1,1583663
D#1702381,XAUUSD,100,2.8823E+17,2.8823E+17,2.8823E+17,2.8823E+17,23,2026-07-03T16:58:36.000Z,2026-07-03T16:58:59.000Z,-7.5,5.4,-18,-10.5,0,0.3,4175.27,4175.74,,,SELL,USD,1,1,1583663
D#1702508,XAUUSD,100,2.8823E+17,2.8823E+17,2.8823E+17,2.8823E+17,13,2026-07-03T16:59:10.000Z,2026-07-03T16:59:23.000Z,4,-5.75,-4.76,-8.76,0,0.25,4175.63,4175.69,,,SELL,USD,1,1,1583663
D#1671080,XAUUSD,100,2.8823E+17,2.8823E+17,2.8823E+17,2.8823E+17,169,2026-07-03T16:56:49.000Z,2026-07-03T16:59:38.000Z,-8.4,7.7,-11.9,-3.5,0,0.1,4176.54,4175.48,,,BUY,USD,1,1,1583663
D#1702513,XAUUSD,100,2.8823E+17,2.8823E+17,2.8823E+17,2.8823E+17,84,2026-07-03T16:58:27.000Z,2026-07-03T16:59:51.000Z,2.1,-2.8,-1.4,-3.5,0,0.1,4174.91,4174.9,4175.03,4185.93,BUY,USD,1,1,1583663
