accountId,instrument,lotSize,closeTradeId,positionId,closeOrderId,openOrderId,durationSec,openDateTime,closeDateTime,profit,reverseProfit,netProfit,commission,swap,amount,openPrice,closePrice,slPrice,tpPrice,side,currency,openTradeCrossPrice,closeTradeCrossPrice,userGroupId
D#1702458,XAUUSD,100,288230376153292962,288230376152492046,288230376158742173,288230376158739669,321,2026-06-09T01:00:02.000Z,2026-06-09T01:05:23.000Z,137.1,-139.2,126.6,-10.5,0,0.3,4319.95,4324.3,,4327,BUY,USD,1,1,1583663
D#1702488,XAUUSD,100,288230376153293123,288230376152492331,288230376158742625,288230376158741628,133,2026-06-09T01:04:08.000Z,2026-06-09T01:06:21.000Z,-212,208.5,-220.75,-8.75,0,0.5,4321.47,4325.93,,,SELL,USD,1,1,1583663
D#1670988,XAUUSD,100,288230376153293191,288230376152492321,288230376158742807,288230376158741520,171,2026-06-09T01:03:50.000Z,2026-06-09T01:06:41.000Z,-212,208.5,-229.5,-17.5,0,0.5,4322.29,4326.75,4330,4200,SELL,USD,1,1,1583663
D#1702713,XAUUSD,100,288230376153293562,288230376152492616,288230376158744429,288230376158743903,80,2026-06-09T01:09:06.000Z,2026-06-09T01:10:26.000Z,1.87,-2.64,-1.99,-3.86,0,0.11,4325.46,4325.41,4318.72,4340.89,BUY,USD,1,1,1583663
D#1702701,XAUUSD,100,288230376153293664,288230376152492629,288230376158744187,288230376158744043,83,2026-06-09T01:09:27.000Z,2026-06-09T01:10:50.000Z,-95.4,93.30000000000001,-105.9,-10.5,0,0.3,4325.62,4322.22,4322.42,4339.36,BUY,USD,1,1,1583663
D#1702492,XAUUSD,100,288230376153293839,288230376152492746,288230376158745442,288230376158745102,46,2026-06-09T01:12:03.000Z,2026-06-09T01:12:49.000Z,53.5,-55.25,44.74,-8.76,0,0.25,4323.81,4325.73,,,BUY,USD,1,1,1583663
D#1589409,XAUUSD,100,288230376153293844,288230376152492739,288230376158745466,288230376158745049,59,2026-06-09T01:11:54.000Z,2026-06-09T01:12:53.000Z,67.28,-69.31,57.12,-10.16,0,0.29,4323.53,4325.63,,,BUY,USD,1,1,1583663
D#1702349,XAUUSD,100,288230376153294171,288230376152492875,288230376158746542,288230376158746134,47,2026-06-09T01:14:27.000Z,2026-06-09T01:15:14.000Z,2.09,-2.1599999999999997,1.73,-0.36,0,0.01,4324.16,4326.03,4322.65,4327.67,BUY,USD,1,1,1583663
D#1702350,XAUUSD,100,288230376153294279,288230376152493048,288230376158746962,288230376158746959,10,2026-06-09T01:16:02.000Z,2026-06-09T01:16:12.000Z,-48.4,45.6,-62.4,-14,0,0.4,4326.3,4327.73,4327.19,4324.06,SELL,USD,1,1,1583663
D#1671067,XAUUSD,100,288230376153294339,288230376152492382,288230376158742253,288230376158742051,679,2026-06-09T01:05:09.000Z,2026-06-09T01:16:28.000Z,-172.8,170.70000000000002,-183.3,-10.5,0,0.3,4322.83,4328.81,4328.71,4315.16,SELL,USD,1,1,1583663
D#1702713,XAUUSD,100,288230376153294378,288230376152492735,288230376158747234,288230376158744904,306,2026-06-09T01:11:27.000Z,2026-06-09T01:16:33.000Z,-115.4,114.0,-122.4,-7,0,0.2,4323.35,4329.34,,,SELL,USD,1,1,1583663
D#1670977,XAUUSD,100,288230376153294387,288230376152492341,288230376158741730,288230376158741728,731,2026-06-09T01:04:23.000Z,2026-06-09T01:16:34.000Z,109.95,-111.0,104.69,-5.26,0,0.15,4322.36,4329.47,,4329.46,BUY,USD,1,1,1583663
D#1702700,XAUUSD,100,288230376153294415,288230376152492979,288230376158747308,288230376158746523,93,2026-06-09T01:15:10.000Z,2026-06-09T01:16:43.000Z,-12.57,12.36,-13.63,-1.06,0,0.03,4324.57,4328.98,4335.35,,SELL,USD,1,1,1583663
D#1671067,XAUUSD,100,288230376153294444,288230376152493102,288230376158747502,288230376158747368,21,2026-06-09T01:16:50.000Z,2026-06-09T01:17:11.000Z,-34.2,32.1,-44.7,-10.5,0,0.3,4328.08,4329.44,,,SELL,USD,1,1,1583663
D#1671070,XAUUSD,100,288230376153294469,288230376152492809,288230376158747155,288230376158745629,243,2026-06-09T01:13:20.000Z,2026-06-09T01:17:23.000Z,102.6,-104.0,95.6,-7,0,0.2,4324.97,4329.88,4319.86,4329.86,BUY,USD,1,1,1583663
D#1702349,XAUUSD,100,288230376153294661,288230376152493168,288230376158748343,288230376158748025,45,2026-06-09T01:18:06.000Z,2026-06-09T01:18:51.000Z,8.2,-8.549999999999999,6.44,-1.76,0,0.05,4327.24,4325.82,,,SELL,USD,1,1,1583663
D#1702559,XAUUSD,100,288230376153294701,288230376152493088,288230376158748499,288230376158747245,156,2026-06-09T01:16:34.000Z,2026-06-09T01:19:10.000Z,-231.5,228.0,-249.0,-17.5,0,0.5,4329.68,4324.83,,,BUY,USD,1,1,1583663
D#1702701,XAUUSD,100,288230376153294703,288230376152493164,288230376158748508,288230376158747945,75,2026-06-09T01:17:56.000Z,2026-06-09T01:19:11.000Z,-169,165.5,-186.5,-17.5,0,0.5,4328.09,4324.49,,4337.72,BUY,USD,1,1,1583663
D#1702381,XAUUSD,100,288230376153294727,288230376152492479,288230376158748642,288230376158742725,778,2026-06-09T01:06:33.000Z,2026-06-09T01:19:31.000Z,-4.36,4.220000000000001,-5.06,-0.7,0,0.02,4326.67,4324.27,,,BUY,USD,1,1,1583663
D#1702511,XAUUSD,100,288230376153294958,288230376152493266,288230376158748841,288230376158748835,136,2026-06-09T01:19:57.000Z,2026-06-09T01:22:13.000Z,138.4,-141.20000000000002,124.4,-14,0,0.4,4324.67,4327.91,4324.71,4327.02,BUY,USD,1,1,1583663
D#1702458,XAUUSD,100,288230376153294961,288230376152493176,288230376158749423,288230376158748095,240,2026-06-09T01:18:14.000Z,2026-06-09T01:22:14.000Z,46.5,-48.6,36.0,-10.5,0,0.3,4327.22,4328.55,,4328,BUY,USD,1,1,1583663
D#1671048,XAUUSD,100,288230376153294997,288230376152493278,288230376158749052,288230376158748910,134,2026-06-09T01:20:06.000Z,2026-06-09T01:22:20.000Z,82.29,-83.2,77.73,-4.56,0,0.13,4324.04,4330.15,,4329.54,BUY,USD,1,1,1583663
D#1702613,XAUUSD,100,288230376153295003,288230376152493301,288230376158749355,288230376158749168,94,2026-06-09T01:20:46.000Z,2026-06-09T01:22:20.000Z,118.2,-119.60000000000001,111.2,-7,0,0.2,4324.83,4330.52,,4329.83,BUY,USD,1,1,1583663
D#1702572,XAUUSD,100,288230376153295129,288230376152492641,288230376158749970,288230376158744130,780,2026-06-09T01:09:39.000Z,2026-06-09T01:22:39.000Z,-58.74,57.97,-62.6,-3.86,0,0.11,4325.82,4331.38,,,SELL,USD,1,1,1583663
D#1614616,XAUUSD,100,288230376153295131,288230376152492417,288230376158749976,288230376158742282,1024,2026-06-09T01:05:36.000Z,2026-06-09T01:22:40.000Z,-244.5,242.4,-255.0,-10.5,0,0.3,4323.42,4331.79,,4320.43,SELL,USD,1,1,1583663
D#1702713,XAUUSD,100,288230376153295134,288230376152493161,288230376158749982,288230376158747916,290,2026-06-09T01:17:51.000Z,2026-06-09T01:22:41.000Z,-115.8,113.7,-126.3,-10.5,0,0.3,4328.14,4332.22,,,SELL,USD,1,1,1583663
D#1702735,XAUUSD,100,288230376153295143,288230376152492625,288230376158750023,288230376158743966,811,2026-06-09T01:09:15.000Z,2026-06-09T01:22:46.000Z,91.42,-92.4,86.52,-4.9,0,0.14,4325.21,4331.52,,,BUY,USD,1,1,1583663
D#1702598,XAUUSD,100,288230376153295328,288230376152493289,288230376158750778,288230376158749026,230,2026-06-09T01:20:24.000Z,2026-06-09T01:24:14.000Z,50.7,-51.61,46.14,-4.56,0,0.13,4324.45,4328.13,,4346.28,BUY,USD,1,1,1583663
D#1702735,XAUUSD,100,288230376153295399,288230376152493404,288230376158751259,288230376158750126,140,2026-06-09T01:22:57.000Z,2026-06-09T01:25:17.000Z,35.14,-36.12,30.24,-4.9,0,0.14,4332.21,4329.92,,,SELL,USD,1,1,1583663
D#1702355,XAUUSD,100,288230376153295560,288230376152493479,288230376158752095,288230376158751053,154,2026-06-09T01:24:42.000Z,2026-06-09T01:27:16.000Z,65.4,-66.80000000000001,58.4,-7,0,0.2,4327.54,4330.59,4324.27,4336.9,BUY,USD,1,1,1583663
D#1702511,XAUUSD,100,288230376153295580,288230376152493475,288230376158751017,288230376158751013,172,2026-06-09T01:24:38.000Z,2026-06-09T01:27:30.000Z,-186.8,184.0,-200.8,-14,0,0.4,4327.04,4331.93,4331.95,4324.2,SELL,USD,1,1,1583663
D#1702391,XAUUSD,100,288230376153295620,288230376152492820,288230376158746271,288230376158745776,837,2026-06-09T01:13:40.000Z,2026-06-09T01:27:37.000Z,116.1,-117.14999999999999,110.84,-5.26,0,0.15,4325.6,4333.12,4325.48,4333.03,BUY,USD,1,1,1583663
D#1670945,XAUUSD,100,288230376153295602,288230376152493169,288230376158748199,288230376158748038,569,2026-06-09T01:18:08.000Z,2026-06-09T01:27:37.000Z,119.6,-121.0,112.6,-7,0,0.2,4327.5,4333.26,,4332.62,BUY,USD,1,1,1583663
D#1702430,XAUUSD,100,288230376153295717,288230376152493003,288230376158746862,288230376158746645,793,2026-06-09T01:15:27.000Z,2026-06-09T01:28:40.000Z,244.8,-246.9,239.55,-5.25,0,0.3,4325.83,4333.77,4313.38,4333.99,BUY,USD,1,1,1583663
D#1702591,XAUUSD,100,288230376153295760,288230376152492084,288230376158740543,288230376158739915,1700,2026-06-09T01:00:32.000Z,2026-06-09T01:28:52.000Z,367.25,-369.0,358.49,-8.76,0,0.25,4320.88,4335.35,,4335.39,BUY,USD,1,1,1583663
D#1702572,XAUUSD,100,288230376153295897,288230376152493588,288230376158753277,288230376158752380,89,2026-06-09T01:27:55.000Z,2026-06-09T01:29:24.000Z,38.72,-39.49,34.86,-3.86,0,0.11,4333,4336.3,,,BUY,USD,1,1,1583663
D#1702735,XAUUSD,100,288230376153295899,288230376152493499,288230376158753286,288230376158751350,237,2026-06-09T01:25:28.000Z,2026-06-09T01:29:25.000Z,107.55,-108.6,102.29,-5.26,0,0.15,4329.16,4336.11,,,BUY,USD,1,1,1583663
D#1702735,XAUUSD,100,288230376153295957,288230376152493693,288230376158753540,288230376158753537,1,2026-06-09T01:30:00.000Z,2026-06-09T01:30:01.000Z,10.65,-11.700000000000001,5.39,-5.26,0,0.15,4335.68,4336.17,,4336.17,BUY,USD,1,1,1583663
D#1702647,XAUUSD,100,288230376153295977,288230376152493607,288230376158753617,288230376158752594,100,2026-06-09T01:28:27.000Z,2026-06-09T01:30:07.000Z,5.4,-6.1000000000000005,1.9,-3.5,0,0.1,4333.61,4333.93,,,BUY,USD,1,1,1583663
D#1670958,XAUUSD,100,288230376153296109,288230376152493762,288230376158754300,288230376158754296,33,2026-06-09T01:31:47.000Z,2026-06-09T01:32:20.000Z,63.48,-66.7,47.38,-16.1,0,0.46,4336.17,4337.33,,4337.33,BUY,USD,1,1,1583663
D#1670873,XAUUSD,100,288230376153296204,288230376152493356,288230376158755146,288230376158749793,705,2026-06-09T01:22:19.000Z,2026-06-09T01:34:04.000Z,150.4,-151.8,143.4,-7,0,0.2,4329,4336.3,4329.24,4342.17,BUY,USD,1,1,1583663
D#1670958,XAUUSD,100,288230376153296263,288230376152493830,288230376158755571,288230376158755009,102,2026-06-09T01:33:41.000Z,2026-06-09T01:35:23.000Z,1.38,-4.6,-14.72,-16.1,0,0.46,4337.39,4337.2,,4338.86,BUY,USD,1,1,1583663
D#1702735,XAUUSD,100,288230376153296296,288230376152493705,288230376158755840,288230376158753603,358,2026-06-09T01:30:06.000Z,2026-06-09T01:36:04.000Z,38.1,-39.15,32.84,-5.26,0,0.15,4334.68,4337,,,BUY,USD,1,1,1583663
D#1670958,XAUUSD,100,288230376153296330,288230376152493896,288230376158755983,288230376158755900,20,2026-06-09T01:36:16.000Z,2026-06-09T01:36:36.000Z,50.6,-53.82,34.5,-16.1,0,0.46,4337.44,4338.32,,4338.49,BUY,USD,1,1,1583663
D#1702700,XAUUSD,100,288230376153296349,288230376152493105,288230376158748126,288230376158747409,1186,2026-06-09T01:16:54.000Z,2026-06-09T01:36:40.000Z,-42.08,41.8,-43.48,-1.4,0,0.04,4328.27,4339.01,4338.91,4273.64,SELL,USD,1,1,1583663
D#1702647,XAUUSD,100,288230376153296440,288230376152493747,288230376158756659,288230376158754009,444,2026-06-09T01:31:02.000Z,2026-06-09T01:38:26.000Z,11.22,-14.790000000000001,-6.64,-17.86,0,0.51,4334.69,4334.69,4328.1,4346.69,BUY,USD,1,1,1583663
D#1670958,XAUUSD,100,288230376153296541,288230376152493977,288230376158756912,288230376158756910,64,2026-06-09T01:39:02.000Z,2026-06-09T01:40:06.000Z,76.82,-80.03999999999999,60.72,-16.1,0,0.46,4335.22,4336.67,4334.67,4336.53,BUY,USD,1,1,1583663
D#1702591,XAUUSD,100,288230376153296639,288230376152493988,288230376158757806,288230376158757036,116,2026-06-09T01:39:25.000Z,2026-06-09T01:41:21.000Z,6.3,-6.6499999999999995,4.54,-1.76,0,0.05,4335.68,4336.72,,,BUY,USD,1,1,1583663
D#1670958,XAUUSD,100,288230376153296678,288230376152494054,288230376158757701,288230376158757638,124,2026-06-09T01:40:54.000Z,2026-06-09T01:42:58.000Z,28.06,-31.279999999999998,11.96,-16.1,0,0.46,4336.59,4336.2,,4336.08,SELL,USD,1,1,1583663
D#1670873,XAUUSD,100,288230376153296679,288230376152494075,288230376158758067,288230376158757907,79,2026-06-09T01:41:40.000Z,2026-06-09T01:42:59.000Z,-44,41.2,-58.0,-14,0,0.4,4337.18,4335.86,4336.01,4342.06,BUY,USD,1,1,1583663
D#1702598,XAUUSD,100,288230376153296703,288230376152493545,288230376158758379,288230376158752002,965,2026-06-09T01:27:00.000Z,2026-06-09T01:43:05.000Z,52.13,-53.04,47.57,-4.56,0,0.13,4330.23,4334.02,4326.64,4345.56,BUY,USD,1,1,1583663
D#1702381,XAUUSD,100,288230376153296760,288230376152493341,288230376158758658,288230376158749641,1316,2026-06-09T01:21:55.000Z,2026-06-09T01:43:51.000Z,16.04,-16.18,15.34,-0.7,0,0.02,4326.07,4333.87,,,BUY,USD,1,1,1583663
D#1671048,XAUUSD,100,288230376153296766,288230376152493933,288230376158758725,288230376158756397,387,2026-06-09T01:37:36.000Z,2026-06-09T01:44:03.000Z,26.52,-27.43,21.96,-4.56,0,0.13,4335.36,4333.54,,4318.31,SELL,USD,1,1,1583663
D#1702680,XAUUSD,100,288230376153296797,288230376152493322,288230376158758879,288230376158749472,1372,2026-06-09T01:21:30.000Z,2026-06-09T01:44:22.000Z,97.02,-97.72,93.51,-3.51,0,0.1,4325.5,4334.43,4325.74,,BUY,USD,1,1,1583663
D#1702591,XAUUSD,100,288230376153296858,288230376152494113,288230376158759237,288230376158758513,115,2026-06-09T01:43:29.000Z,2026-06-09T01:45:24.000Z,23.8,-24.150000000000002,22.04,-1.76,0,0.05,4333.4,4337.94,,,BUY,USD,1,1,1583663
D#1670958,XAUUSD,100,288230376153296888,288230376152494189,288230376158759321,288230376158759277,36,2026-06-09T01:45:30.000Z,2026-06-09T01:46:06.000Z,81.88,-85.1,65.78,-16.1,0,0.46,4337.33,4335.77,,4335.74,SELL,USD,1,1,1583663
D#1670948,XAUUSD,100,288230376153296980,288230376152494194,288230376158760145,288230376158759343,139,2026-06-09T01:45:42.000Z,2026-06-09T01:48:01.000Z,7.2,-7.9,3.7,-3.5,0,0.1,4336.43,4336.93,,4340.33,BUY,USD,1,1,1583663
D#1670873,XAUUSD,100,288230376153296983,288230376152494124,288230376158760172,288230376158758612,261,2026-06-09T01:43:45.000Z,2026-06-09T01:48:06.000Z,115.65,-118.80000000000001,99.89,-15.76,0,0.45,4333.92,4336.27,4332.75,4341.69,BUY,USD,1,1,1583663
D#1670948,XAUUSD,100,288230376153297093,288230376152494306,288230376158760601,288230376158760543,8,2026-06-09T01:49:05.000Z,2026-06-09T01:49:13.000Z,57.6,-60.4,43.6,-14,0,0.4,4335.58,4334.36,,,SELL,USD,1,1,1583663
D#1702591,XAUUSD,100,288230376153297133,288230376152494230,288230376158760832,288230376158759741,177,2026-06-09T01:46:52.000Z,2026-06-09T01:49:49.000Z,-17.2,16.849999999999998,-18.96,-1.76,0,0.05,4338.15,4334.49,,,BUY,USD,1,1,1583663
D#1670958,XAUUSD,100,288230376153297176,288230376152494347,288230376158760962,288230376158760960,41,2026-06-09T01:50:12.000Z,2026-06-09T01:50:53.000Z,34.5,-37.72,18.4,-16.1,0,0.46,4334.91,4334.38,,4334.17,SELL,USD,1,1,1583663
D#1702492,XAUUSD,100,288230376153297188,288230376152493755,288230376158761255,288230376158754102,1191,2026-06-09T01:31:15.000Z,2026-06-09T01:51:06.000Z,10,-11.75,1.24,-8.76,0,0.25,4334.75,4334.57,,,SELL,USD,1,1,1583663
D#1670948,XAUUSD,100,288230376153297281,288230376152494409,288230376158762004,288230376158761826,37,2026-06-09T01:52:52.000Z,2026-06-09T01:53:29.000Z,7.14,-10.08,-7.56,-14.7,0,0.42,4335.89,4335.94,,,SELL,USD,1,1,1583663
D#1702647,XAUUSD,100,288230376153297291,288230376152494014,288230376158762107,288230376158757266,827,2026-06-09T01:40:02.000Z,2026-06-09T01:53:49.000Z,-1.53,-2.04,-19.39,-17.86,0,0.51,4335.63,4335.38,4329.54,4345.68,BUY,USD,1,1,1583663
D#1670948,XAUUSD,100,288230376153297302,288230376152494429,288230376158762164,288230376158762131,6,2026-06-09T01:53:53.000Z,2026-06-09T01:53:59.000Z,27,-30.5,9.5,-17.5,0,0.5,4335.41,4335.09,,,SELL,USD,1,1,1583663
D#1702458,XAUUSD,100,288230376153297487,288230376152494446,288230376158763789,288230376158762397,260,2026-06-09T01:54:47.000Z,2026-06-09T01:59:07.000Z,2.1,-2.8000000000000003,-1.4,-3.5,0,0.1,4337.31,4337.3,,,BUY,USD,1,1,1583663
D#1702671,XAUUSD,100,288230376153297494,288230376152493765,288230376158763820,288230376158754303,1644,2026-06-09T01:31:48.000Z,2026-06-09T01:59:12.000Z,108,-111.5,90.5,-17.5,0,0.5,4335.93,4337.87,,4344.82,BUY,USD,1,1,1583663
D#1702360,XAUUSD,100,288230376153297527,288230376152494086,288230376158764032,288230376158758206,1036,2026-06-09T01:42:36.000Z,2026-06-09T01:59:52.000Z,-15.75,12.6,-31.51,-15.76,0,0.45,4337.18,4336.61,,4339.44,BUY,USD,1,1,1583663
D#1670937,XAUUSD,100,288230376153297544,288230376152494513,288230376158764180,288230376158763730,81,2026-06-09T01:58:54.000Z,2026-06-09T02:00:15.000Z,-0.2,-0.5,-3.7,-3.5,0,0.1,4336.49,4336.73,,,SELL,USD,1,1,1583663
D#1670948,XAUUSD,100,288230376153297598,288230376152494552,288230376158764654,288230376158764222,73,2026-06-09T02:00:21.000Z,2026-06-09T02:01:34.000Z,64,-67.5,46.5,-17.5,0,0.5,4336.09,4335.03,,,SELL,USD,1,1,1583663
D#1702647,XAUUSD,100,288230376153297637,288230376152494504,288230376158764878,288230376158763557,229,2026-06-09T01:58:22.000Z,2026-06-09T02:02:11.000Z,-164.73,161.16,-182.59,-17.86,0,0.51,4336.71,4333.26,,,BUY,USD,1,1,1583663
D#1670937,XAUUSD,100,288230376153297651,288230376152494567,288230376158764973,288230376158764469,85,2026-06-09T02:01:01.000Z,2026-06-09T02:02:26.000Z,2.23,-2.3,1.87,-0.36,0,0.01,4335.5,4333.49,,,SELL,USD,1,1,1583663
D#1671048,XAUUSD,100,288230376153297701,288230376152494616,288230376158765293,288230376158765024,45,2026-06-09T02:02:34.000Z,2026-06-09T02:03:19.000Z,-8.97,8.06,-13.53,-4.56,0,0.13,4333.26,4332.35,4332.28,4337.39,BUY,USD,1,1,1583663
D#1645644,XAUUSD,100,288230376153297708,288230376152493796,288230376158754717,288230376158754715,1836,2026-06-09T01:32:54.000Z,2026-06-09T02:03:30.000Z,-47.8,47.099999999999994,-51.3,-3.5,0,0.1,4337,4332,4332.22,4347.22,BUY,USD,1,1,1583663
D#1671070,XAUUSD,100,288230376153297724,288230376152493783,288230376158755677,288230376158754517,1870,2026-06-09T01:32:23.000Z,2026-06-09T02:03:33.000Z,120.6,-122.0,113.6,-7,0,0.2,4337.66,4331.85,4343.77,4331.77,SELL,USD,1,1,1583663
D#1670873,XAUUSD,100,288230376153297825,288230376152494388,288230376158761623,288230376158761504,813,2026-06-09T01:51:52.000Z,2026-06-09T02:05:25.000Z,-43.42,42.510000000000005,-47.98,-4.56,0,0.13,4334.87,4331.31,4331.39,4343,BUY,USD,1,1,1583663
D#1702360,XAUUSD,100,288230376153297843,288230376152494558,288230376158766158,288230376158764312,303,2026-06-09T02:00:37.000Z,2026-06-09T02:05:40.000Z,-177.3,174.15,-193.06,-15.76,0,0.45,4335.73,4331.57,,4337.8,BUY,USD,1,1,1583663
D#1702671,XAUUSD,100,288230376153297844,288230376152494535,288230376158766161,288230376158763941,367,2026-06-09T01:59:34.000Z,2026-06-09T02:05:41.000Z,-296,292.5,-313.5,-17.5,0,0.5,4337.67,4331.53,,4346.56,BUY,USD,1,1,1583663
D#1702448,XAUUSD,100,288230376153297849,288230376152494215,288230376158759547,288230376158759542,1167,2026-06-09T01:46:18.000Z,2026-06-09T02:05:45.000Z,-62.52,61.68,-66.72,-4.2,0,0.12,4336.41,4330.98,4331.21,4344.97,BUY,USD,1,1,1583663
D#1671069,XAUUSD,100,288230376153297853,288230376152493857,288230376158755424,288230376158755372,1859,2026-06-09T01:34:47.000Z,2026-06-09T02:05:46.000Z,-201.9,199.8,-212.4,-10.5,0,0.3,4337.27,4330.32,4330.63,4351.11,BUY,USD,1,1,1583663
D#1670937,XAUUSD,100,288230376153297865,288230376152494652,288230376158766205,288230376158765373,137,2026-06-09T02:03:32.000Z,2026-06-09T02:05:49.000Z,10.75,-11.1,8.99,-1.76,0,0.05,4332.02,4330.09,,4330.13,SELL,USD,1,1,1583663
D#1671048,XAUUSD,100,288230376153297864,288230376152494664,288230376158766215,288230376158765483,121,2026-06-09T02:03:48.000Z,2026-06-09T02:05:49.000Z,-38.35,37.440000000000005,-42.91,-4.56,0,0.13,4333.15,4329.98,,,BUY,USD,1,1,1583663
D#1671084,XAUUSD,100,288230376153297888,288230376152494677,288230376158766301,288230376158765579,119,2026-06-09T02:04:02.000Z,2026-06-09T02:06:01.000Z,52.95,-54.0,47.69,-5.26,0,0.15,4333.39,4330.08,,,SELL,USD,1,1,1583663
D#1670937,XAUUSD,100,288230376153297891,288230376152494728,288230376158766309,288230376158766225,12,2026-06-09T02:05:50.000Z,2026-06-09T02:06:02.000Z,1.4,-1.75,-0.36,-1.76,0,0.05,4329.83,4329.89,,,BUY,USD,1,1,1583663
D#1645749,XAUUSD,100,288230376153297908,288230376152494528,288230376158766388,288230376158763869,415,2026-06-09T01:59:20.000Z,2026-06-09T02:06:15.000Z,154.4,-155.8,147.4,-7,0,0.2,4337.75,4330.25,4334.73,4323.46,SELL,USD,1,1,1583663
D#1702591,XAUUSD,100,288230376153297910,288230376152494391,288230376158766399,288230376158761540,859,2026-06-09T01:51:58.000Z,2026-06-09T02:06:17.000Z,-56.1,55.4,-59.6,-3.5,0,0.1,4335.53,4329.7,,4339.5,BUY,USD,1,1,1583663
D#1702680,XAUUSD,100,288230376153297925,288230376152494161,288230376158759188,288230376158758945,1314,2026-06-09T01:44:32.000Z,2026-06-09T02:06:26.000Z,-59.6,58.9,-63.1,-3.5,0,0.1,4334.78,4328.6,4329.03,4365.98,BUY,USD,1,1,1583663
D#1670937,XAUUSD,100,288230376153298054,288230376152494779,288230376158767229,288230376158766829,74,2026-06-09T02:07:23.000Z,2026-06-09T02:08:37.000Z,1.6,-1.9500000000000002,-0.16,-1.76,0,0.05,4330.17,4330.07,,4327.16,SELL,USD,1,1,1583663
D#1614593,XAUUSD,100,288230376153298062,288230376152494714,288230376158767030,288230376158766054,205,2026-06-09T02:05:24.000Z,2026-06-09T02:08:49.000Z,17.02,-20.24,0.92,-16.1,0,0.46,4331.5,4331.35,4331.26,,SELL,USD,1,1,1583663
D#1614593,XAUUSD,100,288230376153298103,288230376152494832,288230376158767533,288230376158767470,10,2026-06-09T02:09:20.000Z,2026-06-09T02:09:30.000Z,48.3,-51.519999999999996,32.2,-16.1,0,0.46,4330.98,4331.81,,,BUY,USD,1,1,1583663
D#1702437,XAUUSD,100,288230376153298164,288230376152494693,288230376158766563,288230376158765823,350,2026-06-09T02:04:45.000Z,2026-06-09T02:10:35.000Z,-26.7,26.0,-30.2,-3.5,0,0.1,4333.21,4330.32,4330.51,,BUY,USD,1,1,1583663
D#1589428,XAUUSD,100,288230376153298187,288230376152494838,288230376158768165,288230376158767544,97,2026-06-09T02:09:32.000Z,2026-06-09T02:11:09.000Z,-81,77.5,-98.5,-17.5,0,0.5,4331.91,4330.07,,,BUY,USD,1,1,1583663
D#1702506,XAUUSD,100,288230376153298191,288230376152494831,288230376158767701,288230376158767444,119,2026-06-09T02:09:16.000Z,2026-06-09T02:11:15.000Z,-44.4,41.6,-58.4,-14,0,0.4,4331.08,4329.75,4330.01,4341.93,BUY,USD,1,1,1583663
D#1614593,XAUUSD,100,288230376153298211,288230376152494878,288230376158768393,288230376158768013,74,2026-06-09T02:10:41.000Z,2026-06-09T02:11:55.000Z,9.66,-12.88,-6.44,-16.1,0,0.46,4330.55,4330.56,,4318.5,SELL,USD,1,1,1583663
D#1702391,XAUUSD,100,288230376153298242,288230376152494160,288230376158768733,288230376158758921,1720,2026-06-09T01:44:28.000Z,2026-06-09T02:13:08.000Z,50.4,-51.449999999999996,45.14,-5.26,0,0.15,4334.83,4331.69,4334.98,4327.42,SELL,USD,1,1,1583663
D#1670958,XAUUSD,100,288230376153298244,288230376152494893,288230376158768757,288230376158768312,95,2026-06-09T02:11:38.000Z,2026-06-09T02:13:13.000Z,-77.74,74.52,-93.84,-16.1,0,0.46,4329.82,4331.73,,4329.49,SELL,USD,1,1,1583663
D#1589428,XAUUSD,100,288230376153298254,288230376152494888,288230376158768847,288230376158768189,136,2026-06-09T02:11:14.000Z,2026-06-09T02:13:30.000Z,-85.5,82.0,-103.0,-17.5,0,0.5,4330.15,4332.08,,,SELL,USD,1,1,1583663
D#1670937,XAUUSD,100,288230376153298303,288230376152494884,288230376158769125,288230376158768113,197,2026-06-09T02:11:01.000Z,2026-06-09T02:14:18.000Z,-14.05,13.700000000000001,-15.81,-1.76,0,0.05,4330.19,4333.22,,4328.36,SELL,USD,1,1,1583663
D#1614593,XAUUSD,100,288230376153298305,288230376152494904,288230376158769136,288230376158768546,116,2026-06-09T02:12:25.000Z,2026-06-09T02:14:21.000Z,68.54,-71.76,52.44,-16.1,0,0.46,4331.68,4332.95,,,BUY,USD,1,1,1583663
D#1670937,XAUUSD,100,288230376153298340,288230376152494954,288230376158769439,288230376158769202,43,2026-06-09T02:14:38.000Z,2026-06-09T02:15:21.000Z,1.45,-1.8,-0.31,-1.76,0,0.05,4332.93,4332.86,,4332.1,SELL,USD,1,1,1583663
D#1670937,XAUUSD,100,288230376153298414,288230376152495021,288230376158769790,288230376158769758,7,2026-06-09T02:16:10.000Z,2026-06-09T02:16:17.000Z,4.85,-5.199999999999999,3.09,-1.76,0,0.05,4331.53,4330.78,,,SELL,USD,1,1,1583663
D#1702726,XAUUSD,100,288230376153298567,288230376152494934,288230376158770815,288230376158768945,325,2026-06-09T02:13:45.000Z,2026-06-09T02:19:10.000Z,-5.4,4.98,-7.5,-2.1,0,0.06,4333.47,4332.35,,,BUY,USD,1,1,1583663
D#1670937,XAUUSD,100,288230376153298662,288230376152495041,288230376158771508,288230376158769908,293,2026-06-09T02:16:37.000Z,2026-06-09T02:21:30.000Z,1.05,-1.4000000000000001,-0.71,-1.76,0,0.05,4332.57,4332.58,,4328.42,SELL,USD,1,1,1583663
D#1670948,XAUUSD,100,288230376153298698,288230376152495183,288230376158771861,288230376158771474,103,2026-06-09T02:21:22.000Z,2026-06-09T02:23:05.000Z,10.92,-14.56,-7.28,-18.2,0,0.52,4332.49,4332.48,4332.68,4334.51,BUY,USD,1,1,1583663
D#1670937,XAUUSD,100,288230376153298714,288230376152495190,288230376158772044,288230376158771640,70,2026-06-09T02:22:00.000Z,2026-06-09T02:23:10.000Z,1.3,-1.6500000000000001,-0.46,-1.76,0,0.05,4332.65,4332.61,,,SELL,USD,1,1,1583663
D#1671084,XAUUSD,100,288230376153298717,288230376152495181,288230376158772059,288230376158771414,125,2026-06-09T02:21:09.000Z,2026-06-09T02:23:14.000Z,-22.35,21.3,-27.61,-5.26,0,0.15,4332.29,4334,,,SELL,USD,1,1,1583663
D#1670948,XAUUSD,100,288230376153298733,288230376152495216,288230376158772122,288230376158772056,15,2026-06-09T02:23:13.000Z,2026-06-09T02:23:28.000Z,97.76,-101.4,79.56,-18.2,0,0.52,4334,4335.66,,,BUY,USD,1,1,1583663
D#1670937,XAUUSD,100,288230376153298747,288230376152495224,288230376158772169,288230376158772147,4,2026-06-09T02:23:31.000Z,2026-06-09T02:23:35.000Z,1.1,-1.4500000000000002,-0.66,-1.76,0,0.05,4335.22,4335.22,,,SELL,USD,1,1,1583663
D#1670937,XAUUSD,100,288230376153298754,288230376152495229,288230376158772215,288230376158772183,6,2026-06-09T02:23:38.000Z,2026-06-09T02:23:44.000Z,0.3,-0.65,-1.46,-1.76,0,0.05,4335.19,4335.35,,,SELL,USD,1,1,1583663
D#1671050,XAUUSD,100,288230376153298762,288230376152495037,288230376158772255,288230376158769880,440,2026-06-09T02:16:32.000Z,2026-06-09T02:23:52.000Z,45.15,-46.199999999999996,39.89,-5.26,0,0.15,4332.22,4335.01,,4336.14,BUY,USD,1,1,1583663
D#1671048,XAUUSD,100,288230376153298772,288230376152494745,288230376158772370,288230376158766458,1073,2026-06-09T02:06:26.000Z,2026-06-09T02:24:19.000Z,-82.2,81.15,-87.46,-5.26,0,0.15,4329.07,4334.77,,4323.43,SELL,USD,1,1,1583663
D#1702391,XAUUSD,100,288230376153298779,288230376152494965,288230376158772453,288230376158769320,579,2026-06-09T02:14:59.000Z,2026-06-09T02:24:38.000Z,-33.4,32.0,-40.4,-7,0,0.2,4333.01,4334.9,,4327.26,SELL,USD,1,1,1583663
D#1702505,XAUUSD,100,288230376153298902,288230376152495306,288230376158773298,288230376158773248,9,2026-06-09T02:27:12.000Z,2026-06-09T02:27:21.000Z,-3.3,2.9499999999999997,-5.06,-1.76,0,0.05,4332.5,4333.38,,,SELL,USD,1,1,1583663
D#1702437,XAUUSD,100,288230376153298940,288230376152494946,288230376158772716,288230376158769070,852,2026-06-09T02:14:05.000Z,2026-06-09T02:28:17.000Z,-11,10.3,-14.5,-3.5,0,0.1,4332.92,4334.24,4334.14,4323.46,SELL,USD,1,1,1583663
D#1671048,XAUUSD,100,288230376153298984,288230376152495293,288230376158773771,288230376158773079,136,2026-06-09T02:26:39.000Z,2026-06-09T02:28:55.000Z,68.2,-69.60000000000001,61.2,-7,0,0.2,4332.62,4335.81,,,BUY,USD,1,1,1583663
D#1702391,XAUUSD,100,288230376153298999,288230376152495250,288230376158773839,288230376158772485,261,2026-06-09T02:24:46.000Z,2026-06-09T02:29:07.000Z,-28.25,26.5,-37.01,-8.76,0,0.25,4334.89,4336.24,,4330.38,SELL,USD,1,1,1583663
D#1670937,XAUUSD,100,288230376153299008,288230376152495244,288230376158773891,288230376158772404,289,2026-06-09T02:24:27.000Z,2026-06-09T02:29:16.000Z,4,-4.35,2.24,-1.76,0,0.05,4335.16,4335.74,4332.14,4338.43,BUY,USD,1,1,1583663
D#1670993,XAUUSD,100,288230376153299030,288230376152495251,288230376158774048,288230376158772492,290,2026-06-09T02:24:48.000Z,2026-06-09T02:29:38.000Z,51,-54.5,33.5,-17.5,0,0.5,4335.08,4335.88,,,BUY,USD,1,1,1583663
D#1702391,XAUUSD,100,288230376153299056,288230376152495362,288230376158774209,288230376158773866,55,2026-06-09T02:29:12.000Z,2026-06-09T02:30:07.000Z,-45.3,43.199999999999996,-55.8,-10.5,0,0.3,4336.35,4334.62,,4340.22,BUY,USD,1,1,1583663
D#1702722,XAUUSD,100,288230376153299068,288230376152494584,288230376158774263,288230376158760556,1704,2026-06-09T02:01:51.000Z,2026-06-09T02:30:15.000Z,9.75,-10.1,7.99,-1.76,0,0.05,4333.03,4334.76,4313.75,4379.19,BUY,USD,1,1,1583663
D#1702680,XAUUSD,100,288230376153299075,288230376152495340,288230376158773754,288230376158773591,122,2026-06-09T02:28:16.000Z,2026-06-09T02:30:18.000Z,14,-17.5,-3.5,-17.5,0,0.5,4334.04,4334.1,4334.28,,BUY,USD,1,1,1583663
D#1702534,XAUUSD,100,288230376153299152,288230376152495387,288230376158774525,288230376158774152,72,2026-06-09T02:29:59.000Z,2026-06-09T02:31:11.000Z,-17.1,15.000000000000002,-27.6,-10.5,0,0.3,4335.49,4336.28,4336.14,,SELL,USD,1,1,1583663
D#1670937,XAUUSD,100,288230376153299158,288230376152495403,288230376158774663,288230376158774293,55,2026-06-09T02:30:18.000Z,2026-06-09T02:31:13.000Z,11.5,-11.85,9.74,-1.76,0,0.05,4334.41,4336.49,4331.87,4336.55,BUY,USD,1,1,1583663
D#1671048,XAUUSD,100,288230376153299211,288230376152495394,288230376158774371,288230376158774230,80,2026-06-09T02:30:11.000Z,2026-06-09T02:31:31.000Z,131.52,-133.76000000000002,120.32,-11.2,0,0.32,4334.95,4338.84,,4338.66,BUY,USD,1,1,1583663
D#1702597,XAUUSD,100,288230376153299234,288230376152494561,288230376158765101,288230376158764378,1849,2026-06-09T02:00:45.000Z,2026-06-09T02:31:34.000Z,-41.1,40.4,-44.6,-3.5,0,0.1,4335.24,4339.57,4339.34,4315.78,SELL,USD,1,1,1583663
D#1702598,XAUUSD,100,288230376153299269,288230376152494131,288230376158758862,288230376158758691,2869,2026-06-09T01:43:58.000Z,2026-06-09T02:31:47.000Z,-204.6,202.5,-215.1,-10.5,0,0.3,4333.24,4340.28,4339.75,4328.9,SELL,USD,1,1,1583663
D#1702591,XAUUSD,100,288230376153299257,288230376152495240,288230376158774898,288230376158772323,460,2026-06-09T02:24:07.000Z,2026-06-09T02:31:47.000Z,152.7,-154.79999999999998,142.2,-10.5,0,0.3,4334.97,4339.84,,,BUY,USD,1,1,1583663
D#1670948,XAUUSD,100,288230376153299272,288230376152495248,288230376158772549,288230376158772470,425,2026-06-09T02:24:42.000Z,2026-06-09T02:31:47.000Z,261.56,-265.2,243.36,-18.2,0,0.52,4335.02,4339.83,4335.48,4339.91,BUY,USD,1,1,1583663
D#1702637,XAUUSD,100,288230376153299261,288230376152495380,288230376158774112,288230376158774057,128,2026-06-09T02:29:39.000Z,2026-06-09T02:31:47.000Z,-83.8,82.39999999999999,-90.8,-7,0,0.2,4335.77,4340.18,4339.7,4329.89,SELL,USD,1,1,1583663
D#1670937,XAUUSD,100,288230376153299308,288230376152495470,288230376158775080,288230376158775030,6,2026-06-09T02:32:04.000Z,2026-06-09T02:32:10.000Z,-0.2,-0.15000000000000002,-1.96,-1.76,0,0.05,4339.16,4339.42,,,SELL,USD,1,1,1583663
D#1702520,XAUUSD,100,288230376153299309,288230376152495421,288230376158775087,288230376158774511,77,2026-06-09T02:30:54.000Z,2026-06-09T02:32:11.000Z,108.4,-109.80000000000001,101.4,-7,0,0.2,4334.04,4339.24,4328.35,,BUY,USD,1,1,1583663
D#1670937,XAUUSD,100,288230376153299344,288230376152495478,288230376158775238,288230376158775148,14,2026-06-09T02:32:22.000Z,2026-06-09T02:32:36.000Z,3.25,-3.6,1.49,-1.76,0,0.05,4338.59,4338.16,,,SELL,USD,1,1,1583663
D#1702544,XAUUSD,100,288230376153299345,288230376152495246,288230376158775244,288230376158772425,486,2026-06-09T02:24:32.000Z,2026-06-09T02:32:38.000Z,103.95,-106.4,91.69,-12.26,0,0.35,4335.14,4337.89,,,BUY,USD,1,1,1583663
D#1702735,XAUUSD,100,288230376153299346,288230376152493894,288230376158775252,288230376158755893,3385,2026-06-09T01:36:15.000Z,2026-06-09T02:32:40.000Z,14.7,-15.75,9.44,-5.26,0,0.15,4337.37,4338.13,,4341.48,BUY,USD,1,1,1583663
D#1671048,XAUUSD,100,288230376153299373,288230376152495472,288230376158775412,288230376158775078,53,2026-06-09T02:32:10.000Z,2026-06-09T02:33:03.000Z,34.88,-37.120000000000005,23.68,-11.2,0,0.32,4339.22,4338.35,4338.75,4334.44,SELL,USD,1,1,1583663
D#1702624,XAUUSD,100,288230376153299391,288230376152494902,288230376158775563,288230376158768475,1277,2026-06-09T02:12:11.000Z,2026-06-09T02:33:28.000Z,80.2,-80.9,76.7,-3.5,0,0.1,4330.66,4338.46,,4340,BUY,USD,1,1,1583663
D#1671084,XAUUSD,100,288230376153299442,288230376152495513,288230376158775950,288230376158775561,66,2026-06-09T02:33:28.000Z,2026-06-09T02:34:34.000Z,-12.15,11.1,-17.41,-5.26,0,0.15,4338.67,4337.64,,,BUY,USD,1,1,1583663
D#1702680,XAUUSD,100,288230376153299461,288230376152495412,288230376158774568,288230376158774398,272,2026-06-09T02:30:33.000Z,2026-06-09T02:35:05.000Z,12.25,-14.0,3.49,-8.76,0,0.25,4334.66,4334.93,4335.23,4350.97,BUY,USD,1,1,1583663
D#1671084,XAUUSD,100,288230376153299524,288230376152495563,288230376158776388,288230376158776168,37,2026-06-09T02:35:13.000Z,2026-06-09T02:35:50.000Z,-21.45,20.4,-26.71,-5.26,0,0.15,4334.88,4333.23,,,BUY,USD,1,1,1583663
D#1702637,XAUUSD,100,288230376153299539,288230376152495480,288230376158775326,288230376158775191,212,2026-06-09T02:32:30.000Z,2026-06-09T02:36:02.000Z,116.6,-118.0,109.6,-7,0,0.2,4338.33,4332.72,4340.66,4332.45,SELL,USD,1,1,1583663
D#1702680,XAUUSD,100,288230376153299541,288230376152495576,288230376158776456,288230376158776307,25,2026-06-09T02:35:37.000Z,2026-06-09T02:36:02.000Z,-75.2,72.4,-89.2,-14,0,0.4,4334.62,4332.52,4332.37,,BUY,USD,1,1,1583663
D#1702534,XAUUSD,100,288230376153299560,288230376152495450,288230376158776549,288230376158774844,273,2026-06-09T02:31:38.000Z,2026-06-09T02:36:11.000Z,-208.5,206.4,-219.0,-10.5,0,0.3,4339.58,4332.41,,,BUY,USD,1,1,1583663
D#1670937,XAUUSD,100,288230376153299579,288230376152495500,288230376158776660,288230376158775430,202,2026-06-09T02:33:06.000Z,2026-06-09T02:36:28.000Z,23.55,-23.900000000000002,21.79,-1.76,0,0.05,4337.79,4333.3,4340.87,4328.37,SELL,USD,1,1,1583663
D#1671084,XAUUSD,100,288230376153299759,288230376152495594,288230376158778149,288230376158776523,290,2026-06-09T02:36:07.000Z,2026-06-09T02:40:57.000Z,16.65,-17.7,11.39,-5.26,0,0.15,4332.74,4333.63,,,BUY,USD,1,1,1583663
D#1670932,XAUUSD,100,288230376153299787,288230376152495721,288230376158778512,288230376158778181,52,2026-06-09T02:41:26.000Z,2026-06-09T02:42:18.000Z,0.16,-0.23,-0.2,-0.36,0,0.01,4334.99,4334.93,,,BUY,USD,1,1,1583663
D#1670937,XAUUSD,100,288230376153299837,288230376152495633,288230376158778882,288230376158776914,372,2026-06-09T02:37:18.000Z,2026-06-09T02:43:30.000Z,-21.9,21.549999999999997,-23.66,-1.76,0,0.05,4332.64,4337.24,,4330.15,SELL,USD,1,1,1583663
D#1702437,XAUUSD,100,288230376153299840,288230376152495564,288230376158778900,288230376158776172,499,2026-06-09T02:35:14.000Z,2026-06-09T02:43:33.000Z,22.7,-23.4,19.2,-3.5,0,0.1,4334.58,4336.63,,,BUY,USD,1,1,1583663
D#1671048,XAUUSD,100,288230376153299841,288230376152495719,288230376158778703,288230376158778275,129,2026-06-09T02:41:24.000Z,2026-06-09T02:43:33.000Z,83.52,-85.75999999999999,72.32,-11.2,0,0.32,4334.31,4336.7,4336.93,4339.87,BUY,USD,1,1,1583663
D#1670937,XAUUSD,100,288230376153299867,288230376152495758,288230376158779065,288230376158778924,19,2026-06-09T02:43:37.000Z,2026-06-09T02:43:56.000Z,-2.85,2.5,-4.61,-1.76,0,0.05,4336.86,4337.65,,,SELL,USD,1,1,1583663
D#1702434,XAUUSD,100,288230376153299899,288230376152495731,288230376158778878,288230376158778507,159,2026-06-09T02:42:17.000Z,2026-06-09T02:44:56.000Z,35.1,-35.800000000000004,31.6,-3.5,0,0.1,4334.95,4338.24,,4338.13,BUY,USD,1,1,1583663
D#1645644,XAUUSD,100,288230376153299906,288230376152495663,288230376158777911,288230376158777486,364,2026-06-09T02:38:56.000Z,2026-06-09T02:45:00.000Z,-52.2,51.5,-55.7,-3.5,0,0.1,4333.68,4339.12,4338.73,4323.89,SELL,USD,1,1,1583663
D#1671053,XAUUSD,100,288230376153299917,288230376152495716,288230376158778292,288230376158778239,224,2026-06-09T02:41:17.000Z,2026-06-09T02:45:01.000Z,108,-109.4,101.0,-7,0,0.2,4334.32,4339.5,,4339.55,BUY,USD,1,1,1583663
D#1645749,XAUUSD,100,288230376153299914,288230376152495769,288230376158778993,288230376158778787,79,2026-06-09T02:43:42.000Z,2026-06-09T02:45:01.000Z,-51.8,49.839999999999996,-61.6,-9.8,0,0.28,4337.44,4339.51,4339.19,4331.8,SELL,USD,1,1,1583663
D#1702613,XAUUSD,100,288230376153299956,288230376152494168,288230376158759245,288230376158759024,3627,2026-06-09T01:44:47.000Z,2026-06-09T02:45:14.000Z,107.4,-108.80000000000001,100.4,-7,0,0.2,4335.17,4340.32,,4340.29,BUY,USD,1,1,1583663
D#1702396,XAUUSD,100,288230376153299961,288230376152494867,288230376158768003,288230376158767871,2093,2026-06-09T02:10:21.000Z,2026-06-09T02:45:14.000Z,461,-464.5,443.5,-17.5,0,0.5,4331.32,4340.32,,4340.21,BUY,USD,1,1,1583663
D#1671084,XAUUSD,100,288230376153299967,288230376152495720,288230376158779506,288230376158778280,233,2026-06-09T02:41:25.000Z,2026-06-09T02:45:18.000Z,87.9,-88.95,82.64,-5.26,0,0.15,4334.74,4340.38,,,BUY,USD,1,1,1583663
D#1670945,XAUUSD,100,288230376153299997,288230376152493761,288230376158754310,288230376158754207,4439,2026-06-09T01:31:30.000Z,2026-06-09T02:45:29.000Z,94.2,-95.60000000000001,87.2,-7,0,0.2,4336.19,4340.68,,4341.15,BUY,USD,1,1,1583663
D#1702544,XAUUSD,100,288230376153300010,288230376152495589,288230376158779663,288230376158776479,577,2026-06-09T02:36:03.000Z,2026-06-09T02:45:40.000Z,-267.05,264.6,-279.31,-12.26,0,0.35,4332.44,4340.29,,,SELL,USD,1,1,1583663
D#1645644,XAUUSD,100,288230376153300127,288230376152495804,288230376158779832,288230376158779432,273,2026-06-09T02:45:06.000Z,2026-06-09T02:49:39.000Z,-39.3,37.199999999999996,-49.8,-10.5,0,0.3,4339.3,4337.77,4338,4342.2,BUY,USD,1,1,1583663
D#1702448,XAUUSD,100,288230376153300159,288230376152495717,288230376158781148,288230376158778243,543,2026-06-09T02:41:18.000Z,2026-06-09T02:50:21.000Z,51.84,-52.68000000000001,47.64,-4.2,0,0.12,4334.3,4338.4,4329.52,4343.7,BUY,USD,1,1,1583663
D#1702680,XAUUSD,100,288230376153300202,288230376152495614,288230376158781513,288230376158776712,892,2026-06-09T02:36:37.000Z,2026-06-09T02:51:29.000Z,110,-112.8,96.0,-14,0,0.4,4333.98,4336.51,4335.68,4347.64,BUY,USD,1,1,1583663
D#1645644,XAUUSD,100,288230376153300292,288230376152495903,288230376158781481,288230376158781026,221,2026-06-09T02:49:57.000Z,2026-06-09T02:53:38.000Z,-20.4,18.299999999999997,-30.9,-10.5,0,0.3,4337.59,4338.49,4338.45,,SELL,USD,1,1,1583663
D#1671084,XAUUSD,100,288230376153300299,288230376152495884,288230376158782209,288230376158780780,273,2026-06-09T02:49:06.000Z,2026-06-09T02:53:39.000Z,7.95,-9.0,2.69,-5.26,0,0.15,4339.44,4339.13,,,SELL,USD,1,1,1583663
D#1645644,XAUUSD,100,288230376153300382,288230376152495999,288230376158782590,288230376158782251,53,2026-06-09T02:53:47.000Z,2026-06-09T02:54:40.000Z,-10.5,8.4,-21.0,-10.5,0,0.3,4338.98,4339.55,,,SELL,USD,1,1,1583663
D#1671048,XAUUSD,100,288230376153300551,288230376152495808,288230376158783653,288230376158779489,753,2026-06-09T02:45:14.000Z,2026-06-09T02:57:47.000Z,110.08,-112.32,98.88,-11.2,0,0.32,4340.26,4337.04,,4335.58,SELL,USD,1,1,1583663
D#1702395,XAUUSD,100,288230376153300639,288230376152495920,288230376158781528,288230376158781281,529,2026-06-09T02:50:48.000Z,2026-06-09T02:59:37.000Z,-66.64,64.68,-76.44,-9.8,0,0.28,4337.64,4335.04,4335.11,4346.81,BUY,USD,1,1,1583663
D#1671084,XAUUSD,100,288230376153300648,288230376152496058,288230376158784316,288230376158782770,288,2026-06-09T02:55:06.000Z,2026-06-09T02:59:54.000Z,37.5,-38.55,32.24,-5.26,0,0.15,4338.29,4336.01,,,SELL,USD,1,1,1583663
D#1702437,XAUUSD,100,288230376153300700,288230376152495868,288230376158782635,288230376158780472,800,2026-06-09T02:48:08.000Z,2026-06-09T03:01:28.000Z,24,-24.7,20.5,-3.5,0,0.1,4339.16,4336.98,4336.75,4329.71,SELL,USD,1,1,1583663
D#1702735,XAUUSD,100,288230376153300702,288230376152495505,288230376158784812,288230376158775461,1700,2026-06-09T02:33:11.000Z,2026-06-09T03:01:31.000Z,18.75,-19.8,13.49,-5.26,0,0.15,4337.68,4336.65,,,SELL,USD,1,1,1583663
D#1702598,XAUUSD,100,288230376153300791,288230376152495834,288230376158779938,288230376158779793,1047,2026-06-09T02:46:05.000Z,2026-06-09T03:03:32.000Z,174.9,-177.0,164.4,-10.5,0,0.3,4339.54,4333.93,4341.61,4334.09,SELL,USD,1,1,1583663
D#1589405,XAUUSD,100,288230376153300800,288230376152496041,288230376158785433,288230376158782643,524,2026-06-09T02:54:48.000Z,2026-06-09T03:03:32.000Z,-71.63,70.72,-76.19,-4.56,0,0.13,4339.15,4333.42,,,BUY,USD,1,1,1583663
D#1671084,XAUUSD,100,288230376153300825,288230376152496191,288230376158785482,288230376158784404,212,2026-06-09T03:00:09.000Z,2026-06-09T03:03:41.000Z,-43.2,42.150000000000006,-48.46,-5.26,0,0.15,4336.58,4333.48,,,BUY,USD,1,1,1583663
D#1671048,XAUUSD,100,288230376153300834,288230376152496144,288230376158785505,288230376158783842,321,2026-06-09T02:58:25.000Z,2026-06-09T03:03:46.000Z,-55.8,54.4,-62.8,-7,0,0.2,4336.69,4333.68,,4340.34,BUY,USD,1,1,1583663
D#1645749,XAUUSD,100,288230376153300842,288230376152496194,288230376158784502,288230376158784448,222,2026-06-09T03:00:17.000Z,2026-06-09T03:03:59.000Z,-40.35,39.300000000000004,-45.61,-5.26,0,0.15,4335.95,4333.04,4333.07,4347.68,BUY,USD,1,1,1583663
D#1671084,XAUUSD,100,288230376153300943,288230376152496316,288230376158786266,288230376158785920,63,2026-06-09T03:05:02.000Z,2026-06-09T03:06:05.000Z,-67.2,65.8,-74.2,-7,0,0.2,4332.59,4336.17,,,SELL,USD,1,1,1583663
D#1671048,XAUUSD,100,288230376153300961,288230376152496303,288230376158786349,288230376158785759,109,2026-06-09T03:04:30.000Z,2026-06-09T03:06:19.000Z,153.28,-155.52,142.08,-11.2,0,0.32,4333.4,4337.97,,4339.13,BUY,USD,1,1,1583663
D#1702395,XAUUSD,100,288230376153300963,288230376152496182,288230376158786360,288230376158784335,382,2026-06-09T02:59:59.000Z,2026-06-09T03:06:21.000Z,-78,75.2,-92.0,-14,0,0.4,4335.95,4338.12,,4331.04,SELL,USD,1,1,1583663
D#1702430,XAUUSD,100,288230376153301420,288230376152494717,288230376158766362,288230376158766070,4216,2026-06-09T02:05:27.000Z,2026-06-09T03:15:43.000Z,106.2,-106.9,102.7,-3.5,0,0.1,4331.63,4342.03,4318.92,4342.12,BUY,USD,1,1,1583663
D#1702560,XAUUSD,100,288230376153301417,288230376152495518,288230376158775919,288230376158775679,2515,2026-06-09T02:33:48.000Z,2026-06-09T03:15:43.000Z,88,-89.75,79.24,-8.76,0,0.25,4338.3,4341.6,,4341.7,BUY,USD,1,1,1583663
D#1702669,XAUUSD,100,288230376153301500,288230376152496590,288230376158789559,288230376158789557,77,2026-06-09T03:16:09.000Z,2026-06-09T03:17:26.000Z,-52.8,50.0,-66.8,-14,0,0.4,4341.02,4339.48,4339.66,4343.35,BUY,USD,1,1,1583663
D#1702726,XAUUSD,100,288230376153301566,288230376152495128,288230376158790452,288230376158770841,3585,2026-06-09T02:19:14.000Z,2026-06-09T03:18:59.000Z,51.48,-51.9,49.38,-2.1,0,0.06,4332.52,4340.88,,,BUY,USD,1,1,1583663
D#1670873,XAUUSD,100,288230376153301602,288230376152496613,288230376158790500,288230376158789907,165,2026-06-09T03:17:15.000Z,2026-06-09T03:20:00.000Z,-45,42.9,-55.5,-10.5,0,0.3,4341.1,4339.38,4339.59,4347.72,BUY,USD,1,1,1583663
D#1702437,XAUUSD,100,288230376153301651,288230376152496639,288230376158790838,288230376158790280,180,2026-06-09T03:18:22.000Z,2026-06-09T03:21:22.000Z,-18.3,17.6,-21.8,-3.5,0,0.1,4340.39,4338.34,4338.68,4349.8,BUY,USD,1,1,1583663
D#1702560,XAUUSD,100,288230376153301688,288230376152496610,288230376158790112,288230376158789886,281,2026-06-09T03:17:11.000Z,2026-06-09T03:21:52.000Z,94.25,-96.0,85.49,-8.76,0,0.25,4340.86,4337.31,,4337.34,SELL,USD,1,1,1583663
D#1670977,XAUUSD,100,288230376153301686,288230376152496653,288230376158790628,288230376158790437,177,2026-06-09T03:18:55.000Z,2026-06-09T03:21:52.000Z,-79,77.6,-86.0,-7,0,0.2,4341.28,4337.11,4337.28,4346.04,BUY,USD,1,1,1583663
D#1702637,XAUUSD,100,288230376153301712,288230376152495862,288230376158788170,288230376158780371,2052,2026-06-09T02:47:56.000Z,2026-06-09T03:22:08.000Z,-64.4,63.00000000000001,-71.4,-7,0,0.2,4340.02,4336.58,4336.71,4345.69,BUY,USD,1,1,1583663
D#1702434,XAUUSD,100,288230376153301718,288230376152496482,288230376158791408,288230376158788179,628,2026-06-09T03:11:44.000Z,2026-06-09T03:22:12.000Z,8.5,-9.2,5.0,-3.5,0,0.1,4337.46,4336.83,,4335.33,SELL,USD,1,1,1583663
D#1702506,XAUUSD,100,288230376153301783,288230376152496690,288230376158791168,288230376158790966,178,2026-06-09T03:20:47.000Z,2026-06-09T03:23:45.000Z,172,-174.8,158.0,-14,0,0.4,4339.62,4335.54,4340.23,4335.31,SELL,USD,1,1,1583663
D#1670945,XAUUSD,100,288230376153301804,288230376152496624,288230376158790191,288230376158790084,381,2026-06-09T03:17:45.000Z,2026-06-09T03:24:06.000Z,103.4,-104.80000000000001,96.4,-7,0,0.2,4339.94,4334.99,,4335.06,SELL,USD,1,1,1583663
D#1702570,XAUUSD,100,288230376153301822,288230376152496489,288230376158792084,288230376158788286,733,2026-06-09T03:12:07.000Z,2026-06-09T03:24:20.000Z,-211.65,208.08,-229.51,-17.86,0,0.51,4338.93,4334.56,,,BUY,USD,1,1,1583663
D#1670977,XAUUSD,100,288230376153301907,288230376152496731,288230376158792720,288230376158791591,206,2026-06-09T03:22:48.000Z,2026-06-09T03:26:14.000Z,-31.5,30.45,-36.76,-5.26,0,0.15,4336.82,4334.5,4331.91,4344.31,BUY,USD,1,1,1583663
D#1702349,XAUUSD,100,288230376153301929,288230376152496838,288230376158792934,288230376158792890,8,2026-06-09T03:26:46.000Z,2026-06-09T03:26:54.000Z,-0.3,-0.050000000000000044,-2.06,-1.76,0,0.05,4336.21,4335.93,,,BUY,USD,1,1,1583663
D#1671084,XAUUSD,100,288230376153301960,288230376152496747,288230376158793235,288230376158791787,269,2026-06-09T03:23:28.000Z,2026-06-09T03:27:57.000Z,-22.6,21.200000000000003,-29.6,-7,0,0.2,4336.04,4337.39,,,SELL,USD,1,1,1583663
D#1614593,XAUUSD,100,288230376153301959,288230376152496836,288230376158793233,288230376158792869,76,2026-06-09T03:26:41.000Z,2026-06-09T03:27:57.000Z,-62.92,59.28,-81.12,-18.2,0,0.52,4335.96,4337.39,,,SELL,USD,1,1,1583663
D#1671084,XAUUSD,100,288230376153302000,288230376152496871,288230376158793768,288230376158793487,63,2026-06-09T03:29:01.000Z,2026-06-09T03:30:04.000Z,-14,12.6,-21.0,-7,0,0.2,4336.48,4337.4,,,SELL,USD,1,1,1583663
D#1671065,XAUUSD,100,288230376153302019,288230376152496632,288230376158790597,288230376158790164,744,2026-06-09T03:18:00.000Z,2026-06-09T03:30:24.000Z,2.24,-2.31,1.88,-0.36,0,0.01,4339.69,4337.67,4337.72,4312,SELL,USD,1,1,1583663
D#1671084,XAUUSD,100,288230376153302157,288230376152496928,288230376158794921,288230376158794445,102,2026-06-09T03:32:22.000Z,2026-06-09T03:34:04.000Z,33.4,-34.8,26.4,-7,0,0.2,4336.09,4334.64,,,SELL,USD,1,1,1583663
D#1670873,XAUUSD,100,288230376153302213,288230376152496683,288230376158795336,288230376158790874,913,2026-06-09T03:20:22.000Z,2026-06-09T03:35:35.000Z,299,-302.5,281.5,-17.5,0,0.5,4339.98,4334.22,4337.89,4333.38,SELL,USD,1,1,1583663
D#1702349,XAUUSD,100,288230376153302270,288230376152496985,288230376158795804,288230376158795263,146,2026-06-09T03:35:18.000Z,2026-06-09T03:37:44.000Z,-12.6,12.25,-14.36,-1.76,0,0.05,4333.73,4336.47,4336.31,4323.14,SELL,USD,1,1,1583663
D#1702366,XAUUSD,100,288230376153302272,288230376152496999,288230376158795913,288230376158795570,82,2026-06-09T03:36:27.000Z,2026-06-09T03:37:49.000Z,-90,86.85,-105.76,-15.76,0,0.45,4334.45,4336.67,,,SELL,USD,1,1,1583663
D#1702551,XAUUSD,100,288230376153302353,288230376152496850,288230376158796457,288230376158793105,744,2026-06-09T03:27:27.000Z,2026-06-09T03:39:51.000Z,4.6,-5.3,1.1,-3.5,0,0.1,4335.88,4335.64,,,SELL,USD,1,1,1583663
D#1702349,XAUUSD,100,288230376153302408,288230376152497026,288230376158797020,288230376158795968,254,2026-06-09T03:37:58.000Z,2026-06-09T03:42:12.000Z,3.8,-4.08,2.4,-1.4,0,0.04,4336.38,4335.65,,,SELL,USD,1,1,1583663
D#1702366,XAUUSD,100,288230376153302455,288230376152497029,288230376158796156,288230376158796019,303,2026-06-09T03:38:09.000Z,2026-06-09T03:43:12.000Z,-14.85,11.7,-30.61,-15.76,0,0.45,4335.43,4334.88,4334.97,4337.2,BUY,USD,1,1,1583663
D#1702366,XAUUSD,100,288230376153302505,288230376152497118,288230376158797569,288230376158797361,53,2026-06-09T03:43:27.000Z,2026-06-09T03:44:20.000Z,87.75,-90.9,71.99,-15.76,0,0.45,4335.91,4337.64,4335,4337.62,BUY,USD,1,1,1583663
D#1702349,XAUUSD,100,288230376153302509,288230376152497089,288230376158797617,288230376158797077,115,2026-06-09T03:42:26.000Z,2026-06-09T03:44:21.000Z,13.68,-14.31,10.52,-3.16,0,0.09,4335.94,4337.24,,,BUY,USD,1,1,1583663
D#1702430,XAUUSD,100,288230376153302548,288230376152496987,288230376158797767,288230376158795292,566,2026-06-09T03:35:25.000Z,2026-06-09T03:44:51.000Z,39.2,-39.900000000000006,35.7,-3.5,0,0.1,4334.11,4337.81,4316.35,4339.38,BUY,USD,1,1,1583663
D#1702669,XAUUSD,100,288230376153302566,288230376152496750,288230376158791813,288230376158791810,1303,2026-06-09T03:23:33.000Z,2026-06-09T03:45:16.000Z,-82.2,80.10000000000001,-92.7,-10.5,0,0.3,4335.86,4338.82,4338.45,4333.08,SELL,USD,1,1,1583663
D#1702434,XAUUSD,100,288230376153302623,288230376152496771,288230376158792197,288230376158792002,1330,2026-06-09T03:24:05.000Z,2026-06-09T03:46:15.000Z,51.9,-52.6,48.4,-3.5,0,0.1,4335.3,4340.27,,4340.63,BUY,USD,1,1,1583663
D#1670945,XAUUSD,100,288230376153302625,288230376152496806,288230376158792645,288230376158792465,1251,2026-06-09T03:25:24.000Z,2026-06-09T03:46:15.000Z,102.8,-104.2,95.8,-7,0,0.2,4335.35,4340.27,,4340,BUY,USD,1,1,1583663
D#1671053,XAUUSD,100,288230376153302624,288230376152497013,288230376158795814,288230376158795759,543,2026-06-09T03:37:12.000Z,2026-06-09T03:46:15.000Z,109.6,-111.0,102.6,-7,0,0.2,4335.01,4340.27,,4340.04,BUY,USD,1,1,1583663
D#1702563,XAUUSD,100,288230376153302619,288230376152497140,288230376158797776,288230376158797674,105,2026-06-09T03:44:30.000Z,2026-06-09T03:46:15.000Z,107.52,-110.88,90.72,-16.8,0,0.48,4337.85,4339.87,,4339.75,BUY,USD,1,1,1583663
D#1670862,XAUUSD,100,288230376153302627,288230376152496733,288230376158798184,288230376158791612,1404,2026-06-09T03:22:53.000Z,2026-06-09T03:46:17.000Z,-20.3,18.900000000000002,-27.3,-7,0,0.2,4336.56,4340.44,,,SELL,USD,1,1,1583663
D#1702735,XAUUSD,100,288230376153302635,288230376152496215,288230376158798231,288230376158784839,2688,2026-06-09T03:01:36.000Z,2026-06-09T03:46:24.000Z,48.75,-49.8,43.49,-5.26,0,0.15,4337.21,4340.24,,,BUY,USD,1,1,1583663
D#1702366,XAUUSD,100,288230376153302659,288230376152497196,288230376158798382,288230376158798338,17,2026-06-09T03:46:44.000Z,2026-06-09T03:47:01.000Z,75.15,-78.30000000000001,59.39,-15.76,0,0.45,4340.44,4341.89,,4341.71,BUY,USD,1,1,1583663
D#1702366,XAUUSD,100,288230376153302718,288230376152497209,288230376158798731,288230376158798527,41,2026-06-09T03:47:21.000Z,2026-06-09T03:48:02.000Z,-85.05,81.89999999999999,-100.81,-15.76,0,0.45,4341.41,4339.3,,4342.19,BUY,USD,1,1,1583663
D#1614607,XAUUSD,100,288230376153302747,288230376152497139,288230376158798032,288230376158797673,279,2026-06-09T03:44:30.000Z,2026-06-09T03:49:09.000Z,9.6,-10.299999999999999,6.1,-3.5,0,0.1,4337.85,4338.59,4338.85,4343.07,BUY,USD,1,1,1583663
D#1702366,XAUUSD,100,288230376153302789,288230376152497237,288230376158798902,288230376158798773,184,2026-06-09T03:48:10.000Z,2026-06-09T03:51:14.000Z,86.4,-89.55000000000001,70.64,-15.76,0,0.45,4339.39,4337.69,4340.1,4337.76,SELL,USD,1,1,1583663
D#1702669,XAUUSD,100,288230376153302792,288230376152497247,288230376158799570,288230376158799052,132,2026-06-09T03:49:08.000Z,2026-06-09T03:51:20.000Z,-37.8,35.699999999999996,-48.3,-10.5,0,0.3,4339.35,4337.87,4337.25,4342.89,BUY,USD,1,1,1583663
D#1702366,XAUUSD,100,288230376153302821,288230376152497275,288230376158799816,288230376158799605,55,2026-06-09T03:51:29.000Z,2026-06-09T03:52:24.000Z,-17.55,14.4,-33.31,-15.76,0,0.45,4338.05,4337.44,,,BUY,USD,1,1,1583663
D#1702637,XAUUSD,100,288230376153302824,288230376152497183,288230376158799834,288230376158798192,369,2026-06-09T03:46:19.000Z,2026-06-09T03:52:28.000Z,-49.6,48.2,-56.6,-7,0,0.2,4340.12,4337.42,,,BUY,USD,1,1,1583663
D#1702471,XAUUSD,100,288230376153302832,288230376152496732,288230376158799877,288230376158791611,1784,2026-06-09T03:22:53.000Z,2026-06-09T03:52:37.000Z,-18.92,17.380000000000003,-26.62,-7.7,0,0.22,4336.56,4337.64,4345.64,4318.24,SELL,USD,1,1,1583663
D#1702563,XAUUSD,100,288230376153302880,288230376152497220,288230376158800366,288230376158798601,419,2026-06-09T03:47:35.000Z,2026-06-09T03:54:34.000Z,-3.3,2.88,-5.4,-2.1,0,0.06,4341.12,4340.35,,,BUY,USD,1,1,1583663
D#1702437,XAUUSD,100,288230376153302887,288230376152496832,288230376158795165,288230376158792818,1709,2026-06-09T03:26:33.000Z,2026-06-09T03:55:02.000Z,32.4,-33.1,28.9,-3.5,0,0.1,4335.93,4338.95,4339.2,4345.19,BUY,USD,1,1,1583663
D#1702366,XAUUSD,100,288230376153302917,288230376152497353,288230376158800640,288230376158800638,23,2026-06-09T03:55:46.000Z,2026-06-09T03:56:09.000Z,53.55,-56.699999999999996,37.79,-15.76,0,0.45,4338.84,4339.81,,4339.74,BUY,USD,1,1,1583663
D#1702366,XAUUSD,100,288230376153302958,288230376152497376,288230376158801146,288230376158801074,27,2026-06-09T03:57:42.000Z,2026-06-09T03:58:09.000Z,51.3,-54.449999999999996,35.54,-15.76,0,0.45,4338.5,4337.58,,4337.38,SELL,USD,1,1,1583663
D#1671084,XAUUSD,100,288230376153302998,288230376152497236,288230376158801320,288230376158798726,631,2026-06-09T03:48:01.000Z,2026-06-09T03:58:32.000Z,91.6,-93.0,84.6,-7,0,0.2,4339.39,4335.03,,,SELL,USD,1,1,1583663
D#1614593,XAUUSD,100,288230376153303005,288230376152496859,288230376158801358,288230376158793267,1835,2026-06-09T03:28:06.000Z,2026-06-09T03:58:41.000Z,-142.48,138.84,-160.68,-18.2,0,0.52,4337.53,4334.57,,,BUY,USD,1,1,1583663
D#1702398,XAUUSD,100,288230376153303009,288230376152497180,288230376158801399,288230376158798120,765,2026-06-09T03:46:05.000Z,2026-06-09T03:58:50.000Z,62.56,-63.75,56.6,-5.96,0,0.17,4338.71,4335.25,,,SELL,USD,1,1,1583663
D#1671084,XAUUSD,100,288230376153303052,288230376152497398,288230376158801710,288230376158801453,59,2026-06-09T03:59:02.000Z,2026-06-09T04:00:01.000Z,9.4,-10.1,5.9,-3.5,0,0.1,4335.53,4336.25,,,BUY,USD,1,1,1583663
D#1702348,XAUUSD,100,288230376153303071,288230376152497365,288230376158801583,288230376158800854,225,2026-06-09T03:56:47.000Z,2026-06-09T04:00:32.000Z,-25.4,25.119999999999997,-26.8,-1.4,0,0.04,4340.01,4333.44,4333.66,,BUY,USD,1,1,1583663
D#1702366,XAUUSD,100,288230376153303175,288230376152497424,288230376158802068,288230376158801741,274,2026-06-09T04:00:07.000Z,2026-06-09T04:04:41.000Z,-11.25,8.1,-27.01,-15.76,0,0.45,4335.43,4334.96,4334.65,4336.8,BUY,USD,1,1,1583663
D#1702437,XAUUSD,100,288230376153303222,288230376152497484,288230376158803546,288230376158802587,286,2026-06-09T04:03:21.000Z,2026-06-09T04:08:07.000Z,7,-7.7,3.5,-3.5,0,0.1,4334.96,4335.44,4335.58,4344.36,BUY,USD,1,1,1583663
D#1702430,XAUUSD,100,288230376153303234,288230376152497454,288230376158802260,288230376158802050,445,2026-06-09T04:01:12.000Z,2026-06-09T04:08:37.000Z,17.2,-17.9,13.7,-3.5,0,0.1,4335.1,4336.6,4328.77,4336.55,BUY,USD,1,1,1583663
D#1702366,XAUUSD,100,288230376153303236,288230376152497504,288230376158803076,288230376158802949,232,2026-06-09T04:04:45.000Z,2026-06-09T04:08:37.000Z,70.2,-73.35000000000001,54.44,-15.76,0,0.45,4335.11,4336.45,4335.09,4336.79,BUY,USD,1,1,1583663
D#1702597,XAUUSD,100,288230376153303251,288230376152497455,288230376158802212,288230376158802054,469,2026-06-09T04:01:12.000Z,2026-06-09T04:09:01.000Z,-58.8,57.4,-65.8,-7,0,0.2,4334.64,4337.8,4337.57,,SELL,USD,1,1,1583663
D#1702476,XAUUSD,100,288230376153303256,288230376152497480,288230376158803933,288230376158802422,391,2026-06-09T04:02:34.000Z,2026-06-09T04:09:05.000Z,95.68,-97.92,84.48,-11.2,0,0.32,4334.47,4337.24,,,BUY,USD,1,1,1583663
D#1614607,XAUUSD,100,288230376153303258,288230376152497450,288230376158802329,288230376158802005,500,2026-06-09T04:01:01.000Z,2026-06-09T04:09:21.000Z,-50.85,49.800000000000004,-56.11,-5.26,0,0.15,4334.38,4337.99,4337.83,4331.13,SELL,USD,1,1,1583663
D#1702348,XAUUSD,100,288230376153303265,288230376152497532,288230376158804025,288230376158803604,106,2026-06-09T04:07:40.000Z,2026-06-09T04:09:26.000Z,5.08,-5.36,3.68,-1.4,0,0.04,4336.25,4337.3,4333.3,,BUY,USD,1,1,1583663
D#1702366,XAUUSD,100,288230376153303315,288230376152497562,288230376158804294,288230376158804177,83,2026-06-09T04:10:03.000Z,2026-06-09T04:11:26.000Z,-24.75,21.6,-40.51,-15.76,0,0.45,4336.98,4337.75,4337.54,4336.4,SELL,USD,1,1,1583663
D#1614607,XAUUSD,100,288230376153303390,288230376152497571,288230376158804360,288230376158804293,169,2026-06-09T04:10:28.000Z,2026-06-09T04:13:17.000Z,-28.8,27.75,-34.06,-5.26,0,0.15,4337.24,4335.1,4335.23,4340.28,BUY,USD,1,1,1583663
D#1614596,XAUUSD,100,288230376153303433,288230376152497366,288230376158800869,288230376158800868,1069,2026-06-09T03:56:50.000Z,2026-06-09T04:14:39.000Z,-35.05,34.699999999999996,-36.81,-1.76,0,0.05,4340.05,4332.82,4332.95,,BUY,USD,1,1,1583663
D#1702469,XAUUSD,100,288230376153303450,288230376152497324,288230376158805394,288230376158800271,1239,2026-06-09T03:54:11.000Z,2026-06-09T04:14:50.000Z,-220.8,218.70000000000002,-231.3,-10.5,0,0.3,4340.13,4332.55,,,BUY,USD,1,1,1583663
D#1670873,XAUUSD,100,288230376153303511,288230376152497552,288230376158804120,288230376158803993,408,2026-06-09T04:09:21.000Z,2026-06-09T04:16:09.000Z,-47.6,47.04,-50.4,-2.8,0,0.08,4337.99,4331.82,4332.04,4343.22,BUY,USD,1,1,1583663
D#1702637,XAUUSD,100,288230376153303521,288230376152497302,288230376158800289,288230376158799959,1411,2026-06-09T03:52:59.000Z,2026-06-09T04:16:30.000Z,126.8,-128.2,119.8,-7,0,0.2,4337.61,4331.49,4342.25,4331.85,SELL,USD,1,1,1583663
D#1702625,XAUUSD,100,288230376153303520,288230376152497512,288230376158803127,288230376158802950,663,2026-06-09T04:05:27.000Z,2026-06-09T04:16:30.000Z,-69.48,68.22,-75.78,-6.3,0,0.18,4335.38,4331.3,4331.54,4339.85,BUY,USD,1,1,1583663
D#1670977,XAUUSD,100,288230376153303623,288230376152496825,288230376158792990,288230376158792756,3141,2026-06-09T03:26:20.000Z,2026-06-09T04:18:41.000Z,98,-99.4,91.0,-7,0,0.2,4334.64,4329.96,,4330.11,SELL,USD,1,1,1583663
D#1702680,XAUUSD,100,288230376153303639,288230376152495956,288230376158781707,288230376158781704,5198,2026-06-09T02:52:05.000Z,2026-06-09T04:18:43.000Z,-218.4,215.6,-232.4,-14,0,0.4,4335.47,4329.79,4329.92,4345.35,BUY,USD,1,1,1583663
D#1702463,XAUUSD,100,288230376153303659,288230376152492505,288230376158806548,288230376158742943,11519,2026-06-09T01:07:00.000Z,2026-06-09T04:18:59.000Z,-29.9,29.2,-33.4,-3.5,0,0.1,4326.89,4330.1,,4318,SELL,USD,1,1,1583663
D#1589405,XAUUSD,100,288230376153303702,288230376152496345,288230376158806893,288230376158786299,4449,2026-06-09T03:06:10.000Z,2026-06-09T04:20:19.000Z,-85.41,84.5,-89.97,-4.56,0,0.13,4336.81,4330.02,,4400.03,BUY,USD,1,1,1583663
D#1614607,XAUUSD,100,288230376153303710,288230376152497762,288230376158807005,288230376158806753,61,2026-06-09T04:19:45.000Z,2026-06-09T04:20:46.000Z,8.7,-9.75,3.44,-5.26,0,0.15,4330.28,4329.92,,4323.44,SELL,USD,1,1,1583663
D#1702642,XAUUSD,100,288230376153303727,288230376152497691,288230376158807151,288230376158805813,295,2026-06-09T04:16:29.000Z,2026-06-09T04:21:24.000Z,106.4,-109.2,92.4,-14,0,0.4,4331.9,4329.46,,,SELL,USD,1,1,1583663
D#1589405,XAUUSD,100,288230376153303811,288230376152497785,288230376158807660,288230376158807083,131,2026-06-09T04:21:06.000Z,2026-06-09T04:23:17.000Z,-15.73,14.82,-20.29,-4.56,0,0.13,4329.71,4331.14,,,SELL,USD,1,1,1583663
D#1670945,XAUUSD,100,288230376153303862,288230376152497828,288230376158808102,288230376158807714,96,2026-06-09T04:23:30.000Z,2026-06-09T04:25:06.000Z,9.76,-10.32,6.96,-2.8,0,0.08,4330.65,4331.65,,4331.73,BUY,USD,1,1,1583663
D#1702520,XAUUSD,100,288230376153303919,288230376152495670,288230376158808630,288230376158777539,6481,2026-06-09T02:39:07.000Z,2026-06-09T04:27:08.000Z,74.6,-76.0,67.6,-7,0,0.2,4334.02,4330.51,4343.47,4328.76,SELL,USD,1,1,1583663
D#1589405,XAUUSD,100,288230376153303964,288230376152497827,288230376158809012,288230376158807686,317,2026-06-09T04:23:23.000Z,2026-06-09T04:28:40.000Z,-14.24,13.120000000000001,-19.84,-5.6,0,0.16,4330.76,4329.65,,,BUY,USD,1,1,1583663
D#1702625,XAUUSD,100,288230376153304028,288230376152497859,288230376158808132,288230376158808030,337,2026-06-09T04:25:06.000Z,2026-06-09T04:30:43.000Z,-113.75,111.3,-126.01,-12.26,0,0.35,4331.83,4328.36,4328.93,4335.65,BUY,USD,1,1,1583663
D#1702387,XAUUSD,100,288230376153304034,288230376152497187,288230376158801455,288230376158798216,2662,2026-06-09T03:46:22.000Z,2026-06-09T04:30:44.000Z,-57.95,57.6,-59.71,-1.76,0,0.05,4340.09,4328.28,4328.5,,BUY,USD,1,1,1583663
D#1670862,XAUUSD,100,288230376153304032,288230376152497288,288230376158800273,288230376158799733,2324,2026-06-09T03:52:00.000Z,2026-06-09T04:30:44.000Z,-48.55,48.199999999999996,-50.31,-1.76,0,0.05,4338.21,4328.28,4328.48,,BUY,USD,1,1,1583663
D#1670958,XAUUSD,100,288230376153304030,288230376152497916,288230376158809074,288230376158808974,131,2026-06-09T04:28:33.000Z,2026-06-09T04:30:44.000Z,52.44,-55.66,36.34,-16.1,0,0.46,4329.43,4328.51,,4328.79,SELL,USD,1,1,1583663
D#1670935,XAUUSD,100,288230376153304061,288230376152495732,288230376158800301,288230376158778514,6510,2026-06-09T02:42:18.000Z,2026-06-09T04:30:48.000Z,-213,210.9,-223.5,-10.5,0,0.3,4335.1,4327.78,4328,4350,BUY,USD,1,1,1583663
D#1702583,XAUUSD,100,288230376153304144,288230376152497687,288230376158805835,288230376158805744,919,2026-06-09T04:16:12.000Z,2026-06-09T04:31:31.000Z,95.6,-97.0,88.6,-7,0,0.2,4331.85,4327.29,,4327.34,SELL,USD,1,1,1583663
D#1702560,XAUUSD,100,288230376153304141,288230376152497700,288230376158806115,288230376158805887,889,2026-06-09T04:16:42.000Z,2026-06-09T04:31:31.000Z,91.75,-93.5,82.99,-8.76,0,0.25,4330.69,4327.24,,4327.22,SELL,USD,1,1,1583663
D#1702563,XAUUSD,100,288230376153304143,288230376152497789,288230376158807202,288230376158807117,615,2026-06-09T04:21:16.000Z,2026-06-09T04:31:31.000Z,115.2,-118.56,98.4,-16.8,0,0.48,4329.47,4327.29,,4327.4,SELL,USD,1,1,1583663
D#1589409,XAUUSD,100,288230376153304157,288230376152497768,288230376158808480,288230376158806802,694,2026-06-09T04:19:58.000Z,2026-06-09T04:31:32.000Z,99.18,-101.21000000000001,89.02,-10.16,0,0.29,4330.14,4326.94,,4327,SELL,USD,1,1,1583663
D#1702648,XAUUSD,100,288230376153304158,288230376152497926,288230376158809184,288230376158809136,139,2026-06-09T04:29:13.000Z,2026-06-09T04:31:32.000Z,104.1,-106.19999999999999,93.6,-10.5,0,0.3,4330.19,4326.94,4334.13,4326.87,SELL,USD,1,1,1583663
D#1702572,XAUUSD,100,288230376153304178,288230376152497660,288230376158809829,288230376158805422,1002,2026-06-09T04:14:57.000Z,2026-06-09T04:31:39.000Z,-63.14,62.37,-67.0,-3.86,0,0.11,4332.52,4326.56,,,BUY,USD,1,1,1583663
D#1702513,XAUUSD,100,288230376153304200,288230376152497860,288230376158809896,288230376158808145,402,2026-06-09T04:25:09.000Z,2026-06-09T04:31:51.000Z,-212.38,209.51,-226.74,-14.36,0,0.41,4331.73,4326.33,,4342.27,BUY,USD,1,1,1583663
D#1670936,XAUUSD,100,288230376153304324,288230376152497683,288230376158805756,288230376158805678,1052,2026-06-09T04:15:56.000Z,2026-06-09T04:33:28.000Z,-80.41,79.64,-84.27,-3.86,0,0.11,4332.73,4325.2,4325.43,4338.16,BUY,USD,1,1,1583663
D#1702397,XAUUSD,100,288230376153304351,288230376152495345,288230376158810590,288230376158773645,7530,2026-06-09T02:28:28.000Z,2026-06-09T04:33:58.000Z,-61.88,61.39,-64.34,-2.46,0,0.07,4334.12,4325.06,4322,4400,BUY,USD,1,1,1583663
D#1702659,XAUUSD,100,288230376153304370,288230376152497999,288230376158810684,288230376158808126,150,2026-06-09T04:31:45.000Z,2026-06-09T04:34:15.000Z,-29.8,28.400000000000002,-36.8,-7,0,0.2,4326.7,4324.99,4323.3,4352.33,BUY,USD,1,1,1583663
D#1671070,XAUUSD,100,288230376153304379,288230376152495706,288230376158778392,288230376158778075,6815,2026-06-09T02:40:43.000Z,2026-06-09T04:34:18.000Z,-200.2,198.79999999999998,-207.2,-7,0,0.2,4334.77,4324.54,4324.66,4344.66,BUY,USD,1,1,1583663
D#1670958,XAUUSD,100,288230376153304424,288230376152498061,288230376158810450,288230376158810395,67,2026-06-09T04:33:21.000Z,2026-06-09T04:34:28.000Z,55.2,-58.42,39.1,-16.1,0,0.46,4325.74,4324.76,,4324.62,SELL,USD,1,1,1583663
D#1702672,XAUUSD,100,288230376153304438,288230376152497861,288230376158810854,288230376158808149,571,2026-06-09T04:25:10.000Z,2026-06-09T04:34:41.000Z,-203.4,201.3,-213.9,-10.5,0,0.3,4331.73,4324.73,4323.72,4350.51,BUY,USD,1,1,1583663
D#1702354,XAUUSD,100,288230376153304459,288230376152498036,288230376158810203,288230376158810202,138,2026-06-09T04:32:44.000Z,2026-06-09T04:35:02.000Z,-11.7,8.969999999999999,-25.36,-13.66,0,0.39,4326.09,4326.61,4326.09,4323.63,SELL,USD,1,1,1583663
D#1702642,XAUUSD,100,288230376153304466,288230376152497825,288230376158810994,288230376158807622,715,2026-06-09T04:23:12.000Z,2026-06-09T04:35:07.000Z,-178.8,176.0,-192.8,-14,0,0.4,4330.89,4326.2,,,BUY,USD,1,1,1583663
D#1702680,XAUUSD,100,288230376153304529,288230376152498070,288230376158811329,288230376158810475,153,2026-06-09T04:33:33.000Z,2026-06-09T04:36:06.000Z,5.48,-5.62,4.78,-0.7,0,0.02,4325.29,4327.81,,,BUY,USD,1,1,1583663
D#1702391,XAUUSD,100,288230376153304547,288230376152495393,288230376158811445,288230376158774227,7579,2026-06-09T02:30:10.000Z,2026-06-09T04:36:29.000Z,204.3,-206.4,193.8,-10.5,0,0.3,4334.78,4328.19,,4324.18,SELL,USD,1,1,1583663
D#1702734,XAUUSD,100,288230376153304587,288230376152498110,288230376158811665,288230376158810985,125,2026-06-09T04:35:06.000Z,2026-06-09T04:37:11.000Z,79.8,-81.89999999999999,69.3,-10.5,0,0.3,4326.25,4328.69,,,BUY,USD,1,1,1583663
D#1702680,XAUUSD,100,288230376153304605,288230376152498147,288230376158811800,288230376158811388,85,2026-06-09T04:36:16.000Z,2026-06-09T04:37:41.000Z,5.58,-6.0,3.48,-2.1,0,0.06,4328.27,4328.98,4326.59,,BUY,USD,1,1,1583663
D#1702642,XAUUSD,100,288230376153304607,288230376152498112,288230376158811813,288230376158811005,155,2026-06-09T04:35:10.000Z,2026-06-09T04:37:45.000Z,101.6,-104.39999999999999,87.6,-14,0,0.4,4326.54,4328.86,,,BUY,USD,1,1,1583663
D#1702597,XAUUSD,100,288230376153304623,288230376152497989,288230376158811854,288230376158809760,380,2026-06-09T04:31:31.000Z,2026-06-09T04:37:51.000Z,-72,68.5,-89.5,-17.5,0,0.5,4327.25,4328.91,,,SELL,USD,1,1,1583663
D#1645696,XAUUSD,100,288230376153304640,288230376152495350,288230376158773875,288230376158773720,7746,2026-06-09T02:28:48.000Z,2026-06-09T04:37:54.000Z,40.74,-41.230000000000004,38.28,-2.46,0,0.07,4335.29,4329.69,4329.46,4321.8,SELL,USD,1,1,1583663
D#1702507,XAUUSD,100,288230376153304675,288230376152498048,288230376158810530,288230376158810330,306,2026-06-09T04:33:12.000Z,2026-06-09T04:38:18.000Z,-31.04,30.48,-33.84,-2.8,0,0.08,4326.14,4330.24,4329.7,4322.68,SELL,USD,1,1,1583663
D#1671053,XAUUSD,100,288230376153304684,288230376152498097,288230376158810888,288230376158810824,230,2026-06-09T04:34:35.000Z,2026-06-09T04:38:25.000Z,110.2,-111.60000000000001,103.2,-7,0,0.2,4325.17,4330.46,,4330.36,BUY,USD,1,1,1583663
D#1702430,XAUUSD,100,288230376153304707,288230376152497946,288230376158812173,288230376158805890,477,2026-06-09T04:30:44.000Z,2026-06-09T04:38:41.000Z,16.3,-17.0,12.8,-3.5,0,0.1,4328.51,4329.92,4319.75,4332.41,BUY,USD,1,1,1583663
D#1670958,XAUUSD,100,288230376153304759,288230376152498203,288230376158812408,288230376158811958,73,2026-06-09T04:38:08.000Z,2026-06-09T04:39:21.000Z,-86.48,83.26,-102.58,-16.1,0,0.46,4327.91,4330.01,,4326.84,SELL,USD,1,1,1583663
D#1702492,XAUUSD,100,288230376153304816,288230376152498259,288230376158812792,288230376158812561,50,2026-06-09T04:39:46.000Z,2026-06-09T04:40:36.000Z,35.5,-37.25,26.74,-8.76,0,0.25,4330.27,4329.07,,,SELL,USD,1,1,1583663
D#1702680,XAUUSD,100,288230376153304902,288230376152498188,288230376158813162,288230376158811852,330,2026-06-09T04:37:50.000Z,2026-06-09T04:43:20.000Z,-13.6,12.2,-20.6,-7,0,0.2,4328.92,4328.02,4328.17,,BUY,USD,1,1,1583663
D#1670958,XAUUSD,100,288230376153304901,288230376152498276,288230376158813157,288230376158812829,158,2026-06-09T04:40:42.000Z,2026-06-09T04:43:20.000Z,-47.84,44.620000000000005,-63.94,-16.1,0,0.46,4329.19,4327.93,4328.01,4330.4,BUY,USD,1,1,1583663
D#1702659,XAUUSD,100,288230376153304910,288230376152498125,288230376158811263,288230376158811114,482,2026-06-09T04:35:28.000Z,2026-06-09T04:43:30.000Z,-14.2,12.799999999999999,-21.2,-7,0,0.2,4327.88,4326.95,4327.1,4350.42,BUY,USD,1,1,1583663
D#1702492,XAUUSD,100,288230376153304932,288230376152498300,288230376158813700,288230376158813319,85,2026-06-09T04:42:40.000Z,2026-06-09T04:44:05.000Z,25.25,-27.0,16.49,-8.76,0,0.25,4328.2,4327.41,,,SELL,USD,1,1,1583663
D#1702563,XAUUSD,100,288230376153304965,288230376152498246,288230376158814070,288230376158812412,372,2026-06-09T04:39:22.000Z,2026-06-09T04:45:34.000Z,-49.28,47.74,-56.98,-7.7,0,0.22,4330.09,4327.63,,4333.68,BUY,USD,1,1,1583663
D#1702654,XAUUSD,100,288230376153304982,288230376152498167,288230376158814228,288230376158811604,554,2026-06-09T04:36:58.000Z,2026-06-09T04:46:12.000Z,4.4,-5.17,0.54,-3.86,0,0.11,4328.32,4328.14,,,SELL,USD,1,1,1583663
D#1670958,XAUUSD,100,288230376153304983,288230376152498337,288230376158814125,288230376158813763,116,2026-06-09T04:44:21.000Z,2026-06-09T04:46:17.000Z,-27.14,23.92,-43.24,-16.1,0,0.46,4328.14,4328.95,4328.51,4326.73,SELL,USD,1,1,1583663
D#1671084,XAUUSD,100,288230376153304984,288230376152498333,288230376158814258,288230376158813689,138,2026-06-09T04:44:01.000Z,2026-06-09T04:46:19.000Z,-19.1,18.400000000000002,-22.6,-3.5,0,0.1,4327.22,4329.35,,,SELL,USD,1,1,1583663
D#1670958,XAUUSD,100,288230376153305107,288230376152498383,288230376158814522,288230376158814489,90,2026-06-09T04:47:05.000Z,2026-06-09T04:48:35.000Z,17.02,-20.24,0.92,-16.1,0,0.46,4328.85,4328.7,4329.5,4328.53,SELL,USD,1,1,1583663
D#1670958,XAUUSD,100,288230376153305179,288230376152498409,288230376158815204,288230376158815014,77,2026-06-09T04:49:09.000Z,2026-06-09T04:50:26.000Z,-28.52,25.3,-44.62,-16.1,0,0.46,4328.92,4329.76,4329.56,4327.3,SELL,USD,1,1,1583663
D#1702354,XAUUSD,100,288230376153305201,288230376152498175,288230376158811778,288230376158811695,797,2026-06-09T04:37:19.000Z,2026-06-09T04:50:36.000Z,-103.74,101.00999999999999,-117.4,-13.66,0,0.39,4328.73,4331.61,4331.45,4326.27,SELL,USD,1,1,1583663
D#1670958,XAUUSD,100,288230376153305196,288230376152498432,288230376158815373,288230376158815336,6,2026-06-09T04:50:30.000Z,2026-06-09T04:50:36.000Z,66.24,-69.46,50.14,-16.1,0,0.46,4329.77,4330.99,,4330.67,BUY,USD,1,1,1583663
D#1702507,XAUUSD,100,288230376153305204,288230376152498381,288230376158814545,288230376158814470,215,2026-06-09T04:47:02.000Z,2026-06-09T04:50:37.000Z,-24.9,24.2,-28.4,-3.5,0,0.1,4328.98,4331.69,4331.68,4326.11,SELL,USD,1,1,1583663
D#1702691,XAUUSD,100,288230376153305232,288230376152498431,288230376158815557,288230376158815324,48,2026-06-09T04:50:26.000Z,2026-06-09T04:51:14.000Z,0.95,-1.3,-0.81,-1.76,0,0.05,4329.58,4329.61,,,SELL,USD,1,1,1583663
D#1671084,XAUUSD,100,288230376153305233,288230376152498443,288230376158815566,288230376158815470,20,2026-06-09T04:50:56.000Z,2026-06-09T04:51:16.000Z,-21.6,20.200000000000003,-28.6,-7,0,0.2,4330.49,4329.19,,,BUY,USD,1,1,1583663
D#1702691,XAUUSD,100,288230376153305249,288230376152498453,288230376158815684,288230376158815595,18,2026-06-09T04:51:22.000Z,2026-06-09T04:51:40.000Z,5.7,-7.800000000000001,-4.8,-10.5,0,0.3,4328.93,4328.96,,,SELL,USD,1,1,1583663
D#1702659,XAUUSD,100,288230376153305307,288230376152498473,288230376158815968,288230376158815848,83,2026-06-09T04:52:11.000Z,2026-06-09T04:53:34.000Z,-29.4,28.0,-36.4,-7,0,0.2,4329.68,4327.99,4328.27,4353.09,BUY,USD,1,1,1583663
D#1702654,XAUUSD,100,288230376153305369,288230376152498371,288230376158816509,288230376158814329,483,2026-06-09T04:46:34.000Z,2026-06-09T04:54:37.000Z,12.21,-12.98,8.35,-3.86,0,0.11,4328.74,4327.85,,,SELL,USD,1,1,1583663
D#1671065,XAUUSD,100,288230376153305381,288230376152498412,288230376158816560,288230376158815070,325,2026-06-09T04:49:22.000Z,2026-06-09T04:54:47.000Z,14.3,-15.07,10.44,-3.86,0,0.11,4328.67,4327.59,,,SELL,USD,1,1,1583663
D#1670958,XAUUSD,100,288230376153305386,288230376152498516,288230376158816571,288230376158816434,27,2026-06-09T04:54:23.000Z,2026-06-09T04:54:50.000Z,-29.44,26.220000000000002,-45.54,-16.1,0,0.46,4328.27,4327.41,,4329.48,BUY,USD,1,1,1583663
D#1670868,XAUUSD,100,288230376153305429,288230376152498216,288230376158812376,288230376158812140,1004,2026-06-09T04:38:35.000Z,2026-06-09T04:55:19.000Z,102.9,-105.0,92.4,-10.5,0,0.3,4329.82,4326.61,4335,4326.56,SELL,USD,1,1,1583663
D#1702354,XAUUSD,100,288230376153305421,288230376152498449,288230376158815624,288230376158815543,248,2026-06-09T04:51:11.000Z,2026-06-09T04:55:19.000Z,117.78,-120.51,104.12,-13.66,0,0.39,4329.67,4326.87,4328.33,4327.13,SELL,USD,1,1,1583663
D#1702691,XAUUSD,100,288230376153305422,288230376152498461,288230376158816564,288230376158815695,217,2026-06-09T04:51:42.000Z,2026-06-09T04:55:19.000Z,111,-114.5,93.5,-17.5,0,0.5,4328.87,4326.87,,4326.74,SELL,USD,1,1,1583663
D#1671093,XAUUSD,100,288230376153305448,288230376152498494,288230376158816851,288230376158816221,123,2026-06-09T04:53:35.000Z,2026-06-09T04:55:38.000Z,11.88,-12.510000000000002,8.72,-3.16,0,0.09,4327.95,4326.85,4334.72,4322.51,SELL,USD,1,1,1583663
D#1702572,XAUUSD,100,288230376153305452,288230376152498198,288230376158816880,288230376158811946,1058,2026-06-09T04:38:07.000Z,2026-06-09T04:55:45.000Z,8.52,-8.94,6.42,-2.1,0,0.06,4328.2,4327,,,SELL,USD,1,1,1583663
D#1614607,XAUUSD,100,288230376153305469,288230376152498530,288230376158816737,288230376158816586,69,2026-06-09T04:54:53.000Z,2026-06-09T04:56:02.000Z,-38.16,36.9,-44.46,-6.3,0,0.18,4327.43,4329.77,4328.99,4324.34,SELL,USD,1,1,1583663
D#1702691,XAUUSD,100,288230376153305468,288230376152498549,288230376158816902,288230376158816774,38,2026-06-09T04:55:24.000Z,2026-06-09T04:56:02.000Z,159.5,-163.0,142.0,-17.5,0,0.5,4326.6,4329.57,,4328.49,BUY,USD,1,1,1583663
D#1670958,XAUUSD,100,288230376153305485,288230376152498547,288230376158817051,288230376158816763,60,2026-06-09T04:55:20.000Z,2026-06-09T04:56:20.000Z,-142.14,138.92,-158.24,-16.1,0,0.46,4326.36,4329.67,,4325.31,SELL,USD,1,1,1583663
D#1702381,XAUUSD,100,288230376153305549,288230376152494697,288230376158817602,288230376158765874,10413,2026-06-09T02:04:56.000Z,2026-06-09T04:58:29.000Z,7.28,-7.42,6.58,-0.7,0,0.02,4333.18,4329.76,,,SELL,USD,1,1,1583663
D#1702659,XAUUSD,100,288230376153305551,288230376152498565,288230376158817137,288230376158817001,146,2026-06-09T04:56:11.000Z,2026-06-09T04:58:37.000Z,-6.2,4.8,-13.2,-7,0,0.2,4329.33,4328.8,4329.26,,BUY,USD,1,1,1583663
D#1702579,XAUUSD,100,288230376153305585,288230376152498153,288230376158816110,288230376158811472,1359,2026-06-09T04:36:36.000Z,2026-06-09T04:59:15.000Z,-70,68.25,-78.76,-8.76,0,0.25,4328.06,4331.08,4330.71,,SELL,USD,1,1,1583663
D#1670946,XAUUSD,100,288230376153305589,288230376152498290,288230376158817649,288230376158813140,1037,2026-06-09T04:41:58.000Z,2026-06-09T04:59:15.000Z,-95.2,92.4,-109.2,-14,0,0.4,4328.81,4331.41,4331.32,,SELL,USD,1,1,1583663
D#1671084,XAUUSD,100,288230376153305591,288230376152498539,288230376158817849,288230376158816656,252,2026-06-09T04:55:04.000Z,2026-06-09T04:59:16.000Z,-72.4,71.0,-79.4,-7,0,0.2,4327.53,4331.37,,,SELL,USD,1,1,1583663
D#1671082,XAUUSD,100,288230376153305592,288230376152498620,288230376158817827,288230376158817084,4,2026-06-09T04:59:12.000Z,2026-06-09T04:59:16.000Z,-59,55.5,-76.5,-17.5,0,0.5,4330.33,4331.73,4331.59,4328.27,SELL,USD,1,1,1583663
D#1671058,XAUUSD,100,288230376153305594,288230376152498010,288230376158809946,288230376158809944,1638,2026-06-09T04:31:59.000Z,2026-06-09T04:59:17.000Z,-81.15,80.10000000000001,-86.41,-5.26,0,0.15,4326.37,4332,4331.77,4321.1,SELL,USD,1,1,1583663
D#1702354,XAUUSD,100,288230376153305608,288230376152498573,288230376158817086,288230376158817082,176,2026-06-09T04:56:25.000Z,2026-06-09T04:59:21.000Z,-122.07,119.33999999999999,-135.73,-13.66,0,0.39,4329.1,4332.45,4332.24,4326.51,SELL,USD,1,1,1583663
D#1670945,XAUUSD,100,288230376153305614,288230376152497870,288230376158808354,288230376158808248,2032,2026-06-09T04:25:31.000Z,2026-06-09T04:59:23.000Z,2.66,-2.8000000000000003,1.96,-0.7,0,0.02,4331.64,4332.75,,4332.75,BUY,USD,1,1,1583663
D#1702648,XAUUSD,100,288230376153305612,288230376152498204,288230376158812162,288230376158811964,1274,2026-06-09T04:38:09.000Z,2026-06-09T04:59:23.000Z,-142.8,140.70000000000002,-153.3,-10.5,0,0.3,4327.97,4332.95,4332.53,4324.52,SELL,USD,1,1,1583663
D#1614607,XAUUSD,100,288230376153305628,288230376152498568,288230376158817969,288230376158817030,198,2026-06-09T04:56:16.000Z,2026-06-09T04:59:34.000Z,36.72,-37.98,30.42,-6.3,0,0.18,4330.29,4332.11,4327.96,4336.07,BUY,USD,1,1,1583663
D#1670868,XAUUSD,100,288230376153305721,288230376152498563,288230376158817149,288230376158816981,276,2026-06-09T04:56:05.000Z,2026-06-09T05:00:41.000Z,-202.2,200.1,-212.7,-10.5,0,0.3,4329.15,4336.11,4335.27,4325.7,SELL,USD,1,1,1583663
D#1702579,XAUUSD,100,288230376153305727,288230376152498626,288230376158818060,288230376158817913,77,2026-06-09T04:59:25.000Z,2026-06-09T05:00:42.000Z,80.5,-82.25,71.74,-8.76,0,0.25,4332.79,4335.79,,4335.65,BUY,USD,1,1,1583663
D#1702563,XAUUSD,100,288230376153305744,288230376152498362,288230376158818444,288230376158814123,903,2026-06-09T04:45:48.000Z,2026-06-09T05:00:51.000Z,-325.5,322.56,-340.2,-14.7,0,0.42,4327.16,4335.13,,4324.72,SELL,USD,1,1,1583663
D#1702642,XAUUSD,100,288230376153305791,288230376152498393,288230376158818635,288230376158814692,805,2026-06-09T04:48:00.000Z,2026-06-09T05:01:25.000Z,210.8,-213.60000000000002,196.8,-14,0,0.4,4328.95,4334,,,BUY,USD,1,1,1583663
D#1702691,XAUUSD,100,288230376153305793,288230376152498569,288230376158818643,288230376158817039,309,2026-06-09T04:56:17.000Z,2026-06-09T05:01:26.000Z,-232,228.5,-249.5,-17.5,0,0.5,4329.56,4334.42,,4320.43,SELL,USD,1,1,1583663
D#1702734,XAUUSD,100,288230376153305841,288230376152498550,288230376158819094,288230376158816777,467,2026-06-09T04:55:24.000Z,2026-06-09T05:03:11.000Z,-255.3,253.20000000000002,-265.8,-10.5,0,0.3,4326.36,4335.09,,,SELL,USD,1,1,1583663
D#1702437,XAUUSD,100,288230376153305888,288230376152497669,288230376158819462,288230376158805477,2968,2026-06-09T04:15:06.000Z,2026-06-09T05:04:34.000Z,24.4,-25.099999999999998,20.9,-3.5,0,0.1,4332.45,4334.67,4334.81,4342.16,BUY,USD,1,1,1583663
D#1670873,XAUUSD,100,288230376153305916,288230376152498342,288230376158819681,288230376158813879,1219,2026-06-09T04:44:52.000Z,2026-06-09T05:05:11.000Z,89.1,-89.86999999999999,85.24,-3.86,0,0.11,4328.2,4336.08,4324.39,4337.67,BUY,USD,1,1,1583663
D#1702354,XAUUSD,100,288230376153305917,288230376152498746,288230376158819685,288230376158819370,66,2026-06-09T05:04:06.000Z,2026-06-09T05:05:12.000Z,-19.89,17.16,-33.55,-13.66,0,0.39,4335.51,4336.24,4337.6,,SELL,USD,1,1,1583663
D#1702387,XAUUSD,100,288230376153305997,288230376152497952,288230376158820100,288230376158809520,2161,2026-06-09T04:30:49.000Z,2026-06-09T05:06:50.000Z,-33.05,32.349999999999994,-36.56,-3.51,0,0.1,4327.79,4336.23,4339.5,,SELL,USD,1,1,1583663
D#1702659,XAUUSD,100,288230376153306038,288230376152498610,288230376158820391,288230376158817667,536,2026-06-09T04:58:46.000Z,2026-06-09T05:07:42.000Z,134.2,-135.6,127.2,-7,0,0.2,4328.91,4335.4,4331.48,4342.09,BUY,USD,1,1,1583663
D#1671084,XAUUSD,100,288230376153306098,288230376152498709,288230376158820930,288230376158818807,459,2026-06-09T05:02:01.000Z,2026-06-09T05:09:40.000Z,-19.6,18.200000000000003,-26.6,-7,0,0.2,4335.08,4333.88,,,BUY,USD,1,1,1583663
D#1670938,XAUUSD,100,288230376153306110,288230376152498864,288230376158820879,288230376158820752,54,2026-06-09T05:09:01.000Z,2026-06-09T05:09:55.000Z,-50.53,48.36,-61.39,-10.86,0,0.31,4334.89,4333.04,4333.15,4336.83,BUY,USD,1,1,1583663
D#1702642,XAUUSD,100,288230376153306118,288230376152498700,288230376158821061,288230376158818700,505,2026-06-09T05:01:39.000Z,2026-06-09T05:10:04.000Z,-82,79.2,-96.0,-14,0,0.4,4334.76,4332.49,,,BUY,USD,1,1,1583663
D#1702437,XAUUSD,100,288230376153306156,288230376152498851,288230376158821371,288230376158820612,181,2026-06-09T05:08:28.000Z,2026-06-09T05:11:29.000Z,9.9,-10.6,6.4,-3.5,0,0.1,4335.15,4334.38,4334.07,4325.82,SELL,USD,1,1,1583663
D#1671065,XAUUSD,100,288230376153306202,288230376152498914,288230376158821757,288230376158821614,24,2026-06-09T05:12:05.000Z,2026-06-09T05:12:29.000Z,15.4,-16.17,11.54,-3.86,0,0.11,4333.45,4332.27,,,SELL,USD,1,1,1583663
D#1670938,XAUUSD,100,288230376153306211,288230376152498888,288230376158821280,288230376158821111,143,2026-06-09T05:10:14.000Z,2026-06-09T05:12:37.000Z,-45.57,43.4,-56.43,-10.86,0,0.31,4333.49,4331.8,4331.99,4335.81,BUY,USD,1,1,1583663
D#1702598,XAUUSD,100,288230376153306255,288230376152498711,288230376158818958,288230376158818819,684,2026-06-09T05:02:04.000Z,2026-06-09T05:13:28.000Z,-111,108.9,-121.5,-10.5,0,0.3,4335.07,4331.15,4331.46,4340.72,BUY,USD,1,1,1583663
D#1702515,XAUUSD,100,288230376153306294,288230376152497702,288230376158822425,288230376158805898,3486,2026-06-09T04:16:43.000Z,2026-06-09T05:14:49.000Z,-7,5.6,-14.0,-7,0,0.2,4330.75,4331.32,4336.69,,SELL,USD,1,1,1583663
D#1702721,XAUUSD,100,288230376153306303,288230376152498606,288230376158822530,288230376158817556,1013,2026-06-09T04:58:16.000Z,2026-06-09T05:15:09.000Z,1.6,-1.6700000000000002,1.24,-0.36,0,0.01,4329.95,4331.33,,,BUY,USD,1,1,1583663
D#1702532,XAUUSD,100,288230376153306334,288230376152498983,288230376158822715,288230376158822363,65,2026-06-09T05:14:39.000Z,2026-06-09T05:15:44.000Z,-1.15,1.0799999999999998,-1.51,-0.36,0,0.01,4331.38,4332.75,,,SELL,USD,1,1,1583663
D#1671084,XAUUSD,100,288230376153306338,288230376152498877,288230376158822739,288230376158820969,360,2026-06-09T05:09:48.000Z,2026-06-09T05:15:48.000Z,24,-25.4,17.0,-7,0,0.2,4333.57,4332.59,,,SELL,USD,1,1,1583663
D#1645756,XAUUSD,100,288230376153306394,288230376152498906,288230376158823068,288230376158821495,326,2026-06-09T05:11:40.000Z,2026-06-09T05:17:06.000Z,39.6,-41.14,31.9,-7.7,0,0.22,4334.14,4332.56,,,SELL,USD,1,1,1583663
D#1702532,XAUUSD,100,288230376153306412,288230376152499016,288230376158823168,288230376158822768,92,2026-06-09T05:15:55.000Z,2026-06-09T05:17:27.000Z,1.38,-1.45,1.02,-0.36,0,0.01,4332.36,4331.2,4332.11,,SELL,USD,1,1,1583663
D#1702532,XAUUSD,100,288230376153306434,288230376152499061,288230376158823291,288230376158823241,9,2026-06-09T05:17:43.000Z,2026-06-09T05:17:52.000Z,0.21,-0.28,-0.15,-0.36,0,0.01,4331.72,4331.73,,,SELL,USD,1,1,1583663
D#1702575,XAUUSD,100,288230376153306455,288230376152498674,288230376158823444,288230376158817106,1065,2026-06-09T05:00:41.000Z,2026-06-09T05:18:26.000Z,56.8,-58.199999999999996,49.8,-7,0,0.2,4335.01,4332.39,4340.02,4329.07,SELL,USD,1,1,1583663
D#1702532,XAUUSD,100,288230376153306474,288230376152499078,288230376158823573,288230376158823479,21,2026-06-09T05:18:33.000Z,2026-06-09T05:18:54.000Z,1.19,-1.26,0.83,-0.36,0,0.01,4332.53,4333.5,,,BUY,USD,1,1,1583663
D#1702417,XAUUSD,100,288230376153306476,288230376152498848,288230376158823588,288230376158820542,645,2026-06-09T05:08:11.000Z,2026-06-09T05:18:56.000Z,63.3,-65.39999999999999,52.8,-10.5,0,0.3,4335.94,4334.05,4337.72,4326.05,SELL,USD,1,1,1583663
D#1671084,XAUUSD,100,288230376153306477,288230376152499055,288230376158823589,288230376158823178,89,2026-06-09T05:17:28.000Z,2026-06-09T05:18:57.000Z,-55.2,53.800000000000004,-62.2,-7,0,0.2,4331.07,4334.05,,,SELL,USD,1,1,1583663
D#1645641,XAUUSD,100,288230376153306517,288230376152499066,288230376158823757,288230376158823292,97,2026-06-09T05:17:52.000Z,2026-06-09T05:19:29.000Z,55.2,-56.6,48.2,-7,0,0.2,4331.73,4334.27,,4337.29,BUY,USD,1,1,1583663
D#1702532,XAUUSD,100,288230376153306519,288230376152499090,288230376158823777,288230376158823671,25,2026-06-09T05:19:09.000Z,2026-06-09T05:19:34.000Z,0.04,-0.11000000000000001,-0.32,-0.36,0,0.01,4334.49,4334.31,,,BUY,USD,1,1,1583663
D#1671084,XAUUSD,100,288230376153306546,288230376152499094,288230376158823918,288230376158823701,44,2026-06-09T05:19:16.000Z,2026-06-09T05:20:00.000Z,-16,14.6,-23.0,-7,0,0.2,4334.42,4333.4,,,BUY,USD,1,1,1583663
D#1702437,XAUUSD,100,288230376153306630,288230376152498995,288230376158823958,288230376158822558,394,2026-06-09T05:15:15.000Z,2026-06-09T05:21:49.000Z,17.3,-18.0,13.8,-3.5,0,0.1,4331.63,4333.14,4333.3,4341,BUY,USD,1,1,1583663
D#1671084,XAUUSD,100,288230376153306633,288230376152499119,288230376158824467,288230376158824035,85,2026-06-09T05:20:26.000Z,2026-06-09T05:21:51.000Z,-37.2,35.800000000000004,-44.2,-7,0,0.2,4334.98,4332.9,,,BUY,USD,1,1,1583663
D#1671084,XAUUSD,100,288230376153306653,288230376152499171,288230376158824558,288230376158824521,11,2026-06-09T05:21:59.000Z,2026-06-09T05:22:10.000Z,-2.8,1.3999999999999997,-9.8,-7,0,0.2,4333.14,4333.5,,,SELL,USD,1,1,1583663
D#1702532,XAUUSD,100,288230376153306705,288230376152499156,288230376158824800,288230376158824416,76,2026-06-09T05:21:41.000Z,2026-06-09T05:22:57.000Z,-2.05,1.9799999999999998,-2.41,-0.36,0,0.01,4334.23,4331.96,,,BUY,USD,1,1,1583663
D#1671065,XAUUSD,100,288230376153306728,288230376152499106,288230376158825059,288230376158823825,252,2026-06-09T05:19:42.000Z,2026-06-09T05:23:54.000Z,12.54,-13.309999999999999,8.68,-3.86,0,0.11,4334.01,4333.09,,,SELL,USD,1,1,1583663
D#1702532,XAUUSD,100,288230376153306766,288230376152499208,288230376158825326,288230376158825012,62,2026-06-09T05:23:43.000Z,2026-06-09T05:24:45.000Z,-1.06,0.99,-1.42,-0.36,0,0.01,4332.57,4333.85,,,SELL,USD,1,1,1583663
D#1702532,XAUUSD,100,288230376153306941,288230376152499239,288230376158826685,288230376158825377,271,2026-06-09T05:24:55.000Z,2026-06-09T05:29:26.000Z,0.08,-0.15000000000000002,-0.28,-0.36,0,0.01,4333.54,4333.4,,,BUY,USD,1,1,1583663
D#1702506,XAUUSD,100,288230376153307055,288230376152499361,288230376158827317,288230376158826889,99,2026-06-09T05:30:05.000Z,2026-06-09T05:31:44.000Z,44,-46.8,30.0,-14,0,0.4,4334,4334.88,4333,4334.73,BUY,USD,1,1,1583663
D#1645749,XAUUSD,100,288230376153307065,288230376152498737,288230376158819304,288230376158818799,1670,2026-06-09T05:03:56.000Z,2026-06-09T05:31:46.000Z,15.21,-16.12,10.65,-4.56,0,0.13,4336.7,4335.75,4335.31,4324.33,SELL,USD,1,1,1583663
D#1702507,XAUUSD,100,288230376153307069,288230376152498810,288230376158821554,288230376158820122,1495,2026-06-09T05:06:53.000Z,2026-06-09T05:31:48.000Z,7.37,-8.14,3.51,-3.86,0,0.11,4336.4,4335.95,4336.04,4331.38,SELL,USD,1,1,1583663
D#1670862,XAUUSD,100,288230376153307100,288230376152497959,288230376158809688,288230376158809564,3660,2026-06-09T04:30:56.000Z,2026-06-09T05:31:56.000Z,-38.55,37.849999999999994,-42.06,-3.51,0,0.1,4328.3,4338.04,4337.37,4280.44,SELL,USD,1,1,1583663
D#1702471,XAUUSD,100,288230376153307104,288230376152498663,288230376158818260,288230376158806615,1893,2026-06-09T05:00:23.000Z,2026-06-09T05:31:56.000Z,-166.5,163.35,-182.26,-15.76,0,0.45,4334.06,4337.98,4337.56,4323.1,SELL,USD,1,1,1583663
D#1702642,XAUUSD,100,288230376153307130,288230376152498894,288230376158827620,288230376158821138,1305,2026-06-09T05:10:18.000Z,2026-06-09T05:32:03.000Z,-110.8,108.0,-124.8,-14,0,0.4,4333.28,4336.27,,,SELL,USD,1,1,1583663
D#1702487,XAUUSD,100,288230376153307129,288230376152499410,288230376158827619,288230376158827578,5,2026-06-09T05:31:58.000Z,2026-06-09T05:32:03.000Z,-30.2,28.8,-37.2,-7,0,0.2,4337.75,4336.02,,,BUY,USD,1,1,1583663
D#1702526,XAUUSD,100,288230376153307185,288230376152497756,288230376158806848,288230376158806694,4376,2026-06-09T04:19:28.000Z,2026-06-09T05:32:24.000Z,-89,88.3,-92.5,-3.5,0,0.1,4330.04,4339.16,4338.45,4318.19,SELL,USD,1,1,1583663
D#1670936,XAUUSD,100,288230376153307187,288230376152498228,288230376158812260,288230376158812256,3207,2026-06-09T04:38:57.000Z,2026-06-09T05:32:24.000Z,112.71,-113.61999999999999,108.15,-4.56,0,0.13,4330.47,4338.92,4322.5,4338.71,BUY,USD,1,1,1583663
D#1671093,XAUUSD,100,288230376153307176,288230376152498682,288230376158818543,288230376158818464,1889,2026-06-09T05:00:55.000Z,2026-06-09T05:32:24.000Z,35.37,-36.0,32.21,-3.16,0,0.09,4335.21,4338.92,4327.33,4338.43,BUY,USD,1,1,1583663
D#1702356,XAUUSD,100,288230376153307179,288230376152498696,288230376158818775,288230376158818642,1859,2026-06-09T05:01:25.000Z,2026-06-09T05:32:24.000Z,-51.92,51.15,-55.78,-3.86,0,0.11,4334.22,4339.16,4338.99,,SELL,USD,1,1,1583663
D#1702637,XAUUSD,100,288230376153307175,288230376152498867,288230376158820972,288230376158820790,1394,2026-06-09T05:09:10.000Z,2026-06-09T05:32:24.000Z,-87,85.6,-94.0,-7,0,0.2,4334.58,4339.15,4337.96,4328.84,SELL,USD,1,1,1583663
D#1702552,XAUUSD,100,288230376153307181,288230376152499289,288230376158826067,288230376158826066,300,2026-06-09T05:27:24.000Z,2026-06-09T05:32:24.000Z,-48.48,47.919999999999995,-51.28,-2.8,0,0.08,4332.88,4339.16,4338.61,4320.78,SELL,USD,1,1,1583663
D#1702434,XAUUSD,100,288230376153307211,288230376152497457,288230376158802226,288230376158802060,5472,2026-06-09T04:01:14.000Z,2026-06-09T05:32:26.000Z,53.7,-54.400000000000006,50.2,-3.5,0,0.1,4334.91,4340.06,,4340.06,BUY,USD,1,1,1583663
D#1702463,XAUUSD,100,288230376153307206,288230376152497748,288230376158807092,288230376158806593,4399,2026-06-09T04:19:07.000Z,2026-06-09T05:32:26.000Z,97.1,-97.8,93.6,-3.5,0,0.1,4330.58,4340.07,,4340,BUY,USD,1,1,1583663
D#1645641,XAUUSD,100,288230376153307203,288230376152499153,288230376158824477,288230376158824386,651,2026-06-09T05:21:35.000Z,2026-06-09T05:32:26.000Z,113.8,-115.2,106.8,-7,0,0.2,4334.6,4340.07,4330.12,4339.68,BUY,USD,1,1,1583663
D#1702487,XAUUSD,100,288230376153307219,288230376152499421,288230376158827826,288230376158827647,20,2026-06-09T05:32:07.000Z,2026-06-09T05:32:27.000Z,55.8,-57.199999999999996,48.8,-7,0,0.2,4337.5,4340.07,,,BUY,USD,1,1,1583663
D#1702417,XAUUSD,100,288230376153307222,288230376152499095,288230376158823993,288230376158823723,788,2026-06-09T05:19:21.000Z,2026-06-09T05:32:29.000Z,202.2,-204.29999999999998,191.7,-10.5,0,0.3,4334.43,4340.95,,4340.98,BUY,USD,1,1,1583663
D#1702410,XAUUSD,100,288230376153307293,288230376152495332,288230376158773816,288230376158773490,11074,2026-06-09T02:27:56.000Z,2026-06-09T05:32:30.000Z,-192,190.6,-199.0,-7,0,0.2,4333.1,4342.92,4342.71,4308,SELL,USD,1,1,1583663
D#1702735,XAUUSD,100,288230376153307283,288230376152497194,288230376158798299,288230376158798298,6354,2026-06-09T03:46:36.000Z,2026-06-09T05:32:30.000Z,36.9,-37.949999999999996,31.64,-5.26,0,0.15,4340.4,4342.64,,4342.2,BUY,USD,1,1,1583663
D#1645696,XAUUSD,100,288230376153307280,288230376152498220,288230376158812234,288230376158812179,3228,2026-06-09T04:38:42.000Z,2026-06-09T05:32:30.000Z,101.2,-101.76,98.4,-2.8,0,0.08,4330.24,4342.67,4324.98,4342.49,BUY,USD,1,1,1583663
D#1671058,XAUUSD,100,288230376153307295,288230376152498729,288230376158819231,288230376158819226,1731,2026-06-09T05:03:39.000Z,2026-06-09T05:32:30.000Z,108.6,-109.64999999999999,103.34,-5.26,0,0.15,4335.62,4342.64,4328.84,4342.17,BUY,USD,1,1,1583663
D#1702556,XAUUSD,100,288230376153307254,288230376152498896,288230376158821186,288230376158821182,1321,2026-06-09T05:10:29.000Z,2026-06-09T05:32:30.000Z,9.73,-9.8,9.37,-0.36,0,0.01,4333.33,4342.84,4324.31,4341.94,BUY,USD,1,1,1583663
D#1702446,XAUUSD,100,288230376153307282,288230376152499298,288230376158826377,288230376158826221,274,2026-06-09T05:27:56.000Z,2026-06-09T05:32:30.000Z,98.3,-99.0,94.8,-3.5,0,0.1,4333.03,4342.64,4323.11,4342.27,BUY,USD,1,1,1583663
D#1671054,XAUUSD,100,288230376153307322,288230376152495031,288230376158771926,288230376158769817,11770,2026-06-09T02:16:21.000Z,2026-06-09T05:32:31.000Z,-194.4,193.35,-199.66,-5.26,0,0.15,4330.32,4343.5,4343.39,4306.39,SELL,USD,1,1,1583663
D#1702532,XAUUSD,100,288230376153307311,288230376152499372,288230376158827878,288230376158827091,111,2026-06-09T05:30:40.000Z,2026-06-09T05:32:31.000Z,-9.63,9.56,-9.99,-0.36,0,0.01,4333.77,4343.62,,,SELL,USD,1,1,1583663
D#1702515,XAUUSD,100,288230376153307335,288230376152498996,288230376158827938,288230376158822559,1042,2026-06-09T05:15:15.000Z,2026-06-09T05:32:37.000Z,-317.7,315.59999999999997,-328.2,-10.5,0,0.3,4331.45,4342.26,,,SELL,USD,1,1,1583663
D#1702492,XAUUSD,100,288230376153307354,288230376152498990,288230376158827972,288230376158822498,1058,2026-06-09T05:15:03.000Z,2026-06-09T05:32:41.000Z,-275,273.25,-283.76,-8.76,0,0.25,4331.3,4342.52,,,SELL,USD,1,1,1583663
D#1702642,XAUUSD,100,288230376153307360,288230376152499420,288230376158827998,288230376158827645,38,2026-06-09T05:32:07.000Z,2026-06-09T05:32:45.000Z,-149.6,146.79999999999998,-163.6,-14,0,0.4,4337.24,4341.2,,,SELL,USD,1,1,1583663
D#1702721,XAUUSD,100,288230376153307361,288230376152499021,288230376158828005,288230376158822797,1005,2026-06-09T05:16:01.000Z,2026-06-09T05:32:46.000Z,261,-263.1,250.5,-10.5,0,0.3,4332.31,4340.79,,,BUY,USD,1,1,1583663
D#1702579,XAUUSD,100,288230376153307364,288230376152498751,288230376158828016,288230376158819448,1702,2026-06-09T05:04:25.000Z,2026-06-09T05:32:47.000Z,-143,141.25,-151.76,-8.76,0,0.25,4334.97,4340.91,4347.36,4318.05,SELL,USD,1,1,1583663
D#1702583,XAUUSD,100,288230376153307369,288230376152498419,288230376158828037,288230376158815185,2576,2026-06-09T04:49:54.000Z,2026-06-09T05:32:50.000Z,-224.4,223.0,-231.4,-7,0,0.2,4329.17,4340.61,,4324.41,SELL,USD,1,1,1583663
D#1702691,XAUUSD,100,288230376153307374,288230376152498716,288230376158828049,288230376158818857,1838,2026-06-09T05:02:13.000Z,2026-06-09T05:32:51.000Z,-307.5,304.0,-325.0,-17.5,0,0.5,4334.58,4340.95,,4328.69,SELL,USD,1,1,1583663
D#1702642,XAUUSD,100,288230376153307372,288230376152499476,288230376158828045,288230376158828026,3,2026-06-09T05:32:48.000Z,2026-06-09T05:32:51.000Z,-6.4,3.6,-20.4,-14,0,0.4,4340.66,4341.04,,,SELL,USD,1,1,1583663
D#1702572,XAUUSD,100,288230376153307401,288230376152498792,288230376158828200,288230376158819876,1637,2026-06-09T05:05:56.000Z,2026-06-09T05:33:13.000Z,-45.68,45.12,-48.48,-2.8,0,0.08,4336.38,4342.31,,,SELL,USD,1,1,1583663
D#1670926,XAUUSD,100,288230376153307408,288230376152495035,288230376158769858,288230376158769856,11807,2026-06-09T02:16:28.000Z,2026-06-09T05:33:15.000Z,-77.16,76.74,-79.26,-2.1,0,0.06,4331.02,4344.1,4343.96,4313.96,SELL,USD,1,1,1583663
D#1702427,XAUUSD,100,288230376153307515,288230376152499530,288230376158828793,288230376158828530,40,2026-06-09T05:33:57.000Z,2026-06-09T05:34:37.000Z,100.8,-102.89999999999999,90.3,-10.5,0,0.3,4339.4,4342.54,,,BUY,USD,1,1,1583663
D#1702532,XAUUSD,100,288230376153307548,288230376152499464,288230376158828997,288230376158827917,147,2026-06-09T05:32:35.000Z,2026-06-09T05:35:02.000Z,1.3,-1.37,0.94,-0.36,0,0.01,4342.05,4343.13,,,BUY,USD,1,1,1583663
D#1702387,XAUUSD,100,288230376153307567,288230376152499446,288230376158829086,288230376158827833,163,2026-06-09T05:32:29.000Z,2026-06-09T05:35:12.000Z,61.2,-63.300000000000004,50.7,-10.5,0,0.3,4340.88,4342.7,,,BUY,USD,1,1,1583663
D#1702506,XAUUSD,100,288230376153307666,288230376152499595,288230376158829414,288230376158829214,84,2026-06-09T05:35:35.000Z,2026-06-09T05:36:59.000Z,-31.2,29.8,-38.2,-7,0,0.2,4343.08,4341.3,4341.36,4348.28,BUY,USD,1,1,1583663
D#1702392,XAUUSD,100,288230376153307735,288230376152499673,288230376158830212,288230376158830101,17,2026-06-09T05:38:07.000Z,2026-06-09T05:38:24.000Z,100.8,-103.6,86.8,-14,0,0.4,4342.53,4340.23,,,SELL,USD,1,1,1583663
D#1702417,XAUUSD,100,288230376153307739,288230376152499543,288230376158830229,288230376158828660,252,2026-06-09T05:34:17.000Z,2026-06-09T05:38:29.000Z,-29.7,27.599999999999998,-40.2,-10.5,0,0.3,4341.25,4340.04,,4344.47,BUY,USD,1,1,1583663
D#1702535,XAUUSD,100,288230376153307809,288230376152498270,288230376158812978,288230376158812713,3582,2026-06-09T04:40:19.000Z,2026-06-09T05:40:01.000Z,72.7,-73.05,70.94,-1.76,0,0.05,4330.02,4344.34,4324.18,4344.32,BUY,USD,1,1,1583663
D#1702637,XAUUSD,100,288230376153307811,288230376152499481,288230376158828167,288230376158828066,427,2026-06-09T05:32:54.000Z,2026-06-09T05:40:01.000Z,-72,70.6,-79.0,-7,0,0.2,4340.52,4344.34,4344.17,4334.74,SELL,USD,1,1,1583663
D#1702725,XAUUSD,100,288230376153307854,288230376152497771,288230376158806956,288230376158806840,4798,2026-06-09T04:20:07.000Z,2026-06-09T05:40:05.000Z,-72.4,72.05000000000001,-74.16,-1.76,0,0.05,4330.53,4345.23,4344.49,,SELL,USD,1,1,1583663
D#1702705,XAUUSD,100,288230376153307895,288230376152498834,288230376158830907,288230376158820363,1970,2026-06-09T05:07:36.000Z,2026-06-09T05:40:26.000Z,-71.9,71.2,-75.4,-3.5,0,0.1,4335.47,4342.88,,4325.45,SELL,USD,1,1,1583663
D#1671065,XAUUSD,100,288230376153307959,288230376152499234,288230376158825454,288230376158825300,1003,2026-06-09T05:24:39.000Z,2026-06-09T05:41:22.000Z,-11.91,11.84,-12.27,-0.36,0,0.01,4333.58,4345.71,4345.43,4313.5,SELL,USD,1,1,1583663
D#1702417,XAUUSD,100,288230376153307996,288230376152499691,288230376158831369,288230376158830280,178,2026-06-09T05:38:39.000Z,2026-06-09T05:41:37.000Z,-158.7,156.6,-169.2,-10.5,0,0.3,4340.15,4345.66,,4333.59,SELL,USD,1,1,1583663
D#1671070,XAUUSD,100,288230376153308000,288230376152498863,288230376158831387,288230376158820732,1965,2026-06-09T05:08:55.000Z,2026-06-09T05:41:40.000Z,-205.8,204.4,-212.8,-7,0,0.2,4334.81,4345.32,,,SELL,USD,1,1,1583663
D#1702618,XAUUSD,100,288230376153308001,288230376152494908,288230376158831393,288230376158768575,12552,2026-06-09T02:12:29.000Z,2026-06-09T05:41:41.000Z,-211.65,210.6,-216.91,-5.26,0,0.15,4330.89,4345.22,4346.13,4315.09,SELL,USD,1,1,1583663
D#1702637,XAUUSD,100,288230376153308043,288230376152499810,288230376158831421,288230376158831341,18,2026-06-09T05:41:33.000Z,2026-06-09T05:41:51.000Z,-36.6,35.2,-43.6,-7,0,0.2,4344.56,4346.61,4346.46,,SELL,USD,1,1,1583663
D#1702373,XAUUSD,100,288230376153308107,288230376152493576,288230376158752259,288230376158744214,15264,2026-06-09T01:27:37.000Z,2026-06-09T05:42:01.000Z,-77.55,77.2,-79.31,-1.76,0,0.05,4333.12,4348.85,4346.75,4268.14,SELL,USD,1,1,1583663
D#1702727,XAUUSD,100,288230376153308116,288230376152499444,288230376158827809,288230376158821404,575,2026-06-09T05:32:26.000Z,2026-06-09T05:42:01.000Z,-51.24,50.82,-53.34,-2.1,0,0.06,4340.07,4348.83,4347.5,4320,SELL,USD,1,1,1583663
D#1702708,XAUUSD,100,288230376153308127,288230376152499457,288230376158827872,288230376158789420,571,2026-06-09T05:32:30.000Z,2026-06-09T05:42:01.000Z,-59.7,59.0,-63.2,-3.5,0,0.1,4342.64,4348.83,4347.7,4327.78,SELL,USD,1,1,1583663
D#1702624,XAUUSD,100,288230376153308167,288230376152495523,288230376158776263,288230376158775707,11290,2026-06-09T02:33:52.000Z,2026-06-09T05:42:02.000Z,103.5,-104.2,100.0,-3.5,0,0.1,4338.7,4348.83,,4349,BUY,USD,1,1,1583663
D#1702552,XAUUSD,100,288230376153308138,288230376152499540,288230376158828623,288230376158828621,470,2026-06-09T05:34:12.000Z,2026-06-09T05:42:02.000Z,-66.48,65.92,-69.28,-2.8,0,0.08,4340.72,4349.25,4347.68,4326.11,SELL,USD,1,1,1583663
D#1702693,XAUUSD,100,288230376153308191,288230376152499816,288230376158831636,288230376158831375,27,2026-06-09T05:41:39.000Z,2026-06-09T05:42:06.000Z,90,-92.1,79.5,-10.5,0,0.3,4345.41,4348.19,,,BUY,USD,1,1,1583663
D#1670946,XAUUSD,100,288230376153308207,288230376152499831,288230376158831679,288230376158831477,19,2026-06-09T05:41:51.000Z,2026-06-09T05:42:10.000Z,-46.4,43.6,-60.4,-14,0,0.4,4346.37,4347.75,,,SELL,USD,1,1,1583663
D#1702560,XAUUSD,100,288230376153308215,288230376152498373,288230376158831706,288230376158814362,3332,2026-06-09T04:46:42.000Z,2026-06-09T05:42:14.000Z,-463.75,462.0,-472.51,-8.76,0,0.25,4328.75,4347.52,,4325.19,SELL,USD,1,1,1583663
D#1702392,XAUUSD,100,288230376153308214,288230376152499695,288230376158831701,288230376158830304,211,2026-06-09T05:38:43.000Z,2026-06-09T05:42:14.000Z,-281.6,278.8,-295.6,-14,0,0.4,4340.23,4347.49,,,SELL,USD,1,1,1583663
D#1702536,XAUUSD,100,288230376153308222,288230376152499556,288230376158831737,288230376158828863,453,2026-06-09T05:34:45.000Z,2026-06-09T05:42:18.000Z,-46.24,45.68,-49.04,-2.8,0,0.08,4341.72,4347.72,4350,4330,SELL,USD,1,1,1583663
D#1670977,XAUUSD,100,288230376153308261,288230376152499619,288230376158829670,288230376158829497,402,2026-06-09T05:36:23.000Z,2026-06-09T05:43:05.000Z,106.95,-108.0,101.69,-5.26,0,0.15,4342.61,4349.52,,4349.55,BUY,USD,1,1,1583663
D#1702700,XAUUSD,100,288230376153308359,288230376152497731,288230376158806605,288230376158806405,5114,2026-06-09T04:18:29.000Z,2026-06-09T05:43:43.000Z,-80.12,79.84,-81.52,-1.4,0,0.04,4330.91,4351.16,4350.77,4274.85,SELL,USD,1,1,1583663
D#1702391,XAUUSD,100,288230376153308376,288230376152498813,288230376158832344,288230376158820144,2214,2026-06-09T05:06:57.000Z,2026-06-09T05:43:51.000Z,-428.7,426.59999999999997,-439.2,-10.5,0,0.3,4336.34,4350.85,,4329.37,SELL,USD,1,1,1583663
D#1702387,XAUUSD,100,288230376153308421,288230376152499813,288230376158832513,288230376158831367,157,2026-06-09T05:41:37.000Z,2026-06-09T05:44:14.000Z,47.85,-48.9,42.59,-5.26,0,0.15,4345.63,4348.6,,,BUY,USD,1,1,1583663
D#1702417,XAUUSD,100,288230376153308523,288230376152499835,288230376158833125,288230376158831507,229,2026-06-09T05:41:55.000Z,2026-06-09T05:45:44.000Z,44.1,-46.2,33.6,-10.5,0,0.3,4345.62,4346.87,4344.51,4355.51,BUY,USD,1,1,1583663
D#1702721,XAUUSD,100,288230376153308534,288230376152499889,288230376158833154,288230376158831974,166,2026-06-09T05:43:02.000Z,2026-06-09T05:45:48.000Z,115.2,-117.3,104.7,-10.5,0,0.3,4348.48,4344.86,,,SELL,USD,1,1,1583663
D#1702533,XAUUSD,100,288230376153308538,288230376152499930,288230376158833162,288230376158832296,126,2026-06-09T05:43:43.000Z,2026-06-09T05:45:49.000Z,-70.51,69.74000000000001,-74.37,-3.86,0,0.11,4351.1,4344.47,,,BUY,USD,1,1,1583663
D#1702417,XAUUSD,100,288230376153308625,288230376152500005,288230376158833691,288230376158833226,75,2026-06-09T05:45:58.000Z,2026-06-09T05:47:13.000Z,34,-37.5,16.5,-17.5,0,0.5,4344.52,4344.98,,4344.99,BUY,USD,1,1,1583663
D#1671065,XAUUSD,100,288230376153308672,288230376152500085,288230376158833987,288230376158833931,8,2026-06-09T05:48:01.000Z,2026-06-09T05:48:09.000Z,10.89,-11.66,7.03,-3.86,0,0.11,4344.44,4343.67,,,SELL,USD,1,1,1583663
D#1702417,XAUUSD,100,288230376153308710,288230376152500068,288230376158833946,288230376158833773,83,2026-06-09T05:47:28.000Z,2026-06-09T05:48:51.000Z,6,-9.5,-11.5,-17.5,0,0.5,4344.71,4344.61,,4344.88,BUY,USD,1,1,1583663
D#1671065,XAUUSD,100,288230376153308751,288230376152500116,288230376158834445,288230376158834254,37,2026-06-09T05:48:58.000Z,2026-06-09T05:49:35.000Z,26.5,-30.0,9.0,-17.5,0,0.5,4345.04,4345.35,,,BUY,USD,1,1,1583663
D#1702657,XAUUSD,100,288230376153308767,288230376152499966,288230376158832791,288230376158832788,295,2026-06-09T05:44:54.000Z,2026-06-09T05:49:49.000Z,9.7,-10.399999999999999,6.2,-3.5,0,0.1,4347.66,4346.91,4346.52,4335.93,SELL,USD,1,1,1583663
D#1702659,XAUUSD,100,288230376153308766,288230376152500007,288230376158833372,288230376158833242,229,2026-06-09T05:46:00.000Z,2026-06-09T05:49:49.000Z,-62,60.6,-69.0,-7,0,0.2,4343.66,4346.98,4346.29,,SELL,USD,1,1,1583663
D#1702349,XAUUSD,100,288230376153308887,288230376152500119,288230376158835144,288230376158834319,147,2026-06-09T05:49:13.000Z,2026-06-09T05:51:40.000Z,1.36,-1.9200000000000002,-1.44,-2.8,0,0.08,4344.37,4344.42,,,SELL,USD,1,1,1583663
D#1671065,XAUUSD,100,288230376153308891,288230376152500165,288230376158835190,288230376158834752,87,2026-06-09T05:50:22.000Z,2026-06-09T05:51:49.000Z,5,-8.5,-12.5,-17.5,0,0.5,4344.4,4344.28,,,BUY,USD,1,1,1583663
D#1671088,XAUUSD,100,288230376153308980,288230376152496218,288230376158835726,288230376158784916,10298,2026-06-09T03:01:51.000Z,2026-06-09T05:53:29.000Z,73.6,-74.3,70.1,-3.5,0,0.1,4337.15,4344.29,,,BUY,USD,1,1,1583663
D#1702533,XAUUSD,100,288230376153309019,288230376152500063,288230376158836019,288230376158833747,422,2026-06-09T05:47:22.000Z,2026-06-09T05:54:24.000Z,13.02,-14.0,8.12,-4.9,0,0.14,4345.1,4345.81,,,BUY,USD,1,1,1583663
D#1702417,XAUUSD,100,288230376153309059,288230376152500200,288230376158836206,288230376158835111,207,2026-06-09T05:51:29.000Z,2026-06-09T05:54:56.000Z,-75,71.5,-92.5,-17.5,0,0.5,4344.35,4346.07,,4343.58,SELL,USD,1,1,1583663
D#1671058,XAUUSD,100,288230376153309082,288230376152499957,288230376158832656,288230376158832654,641,2026-06-09T05:44:37.000Z,2026-06-09T05:55:18.000Z,-92.4,91.35000000000001,-97.66,-5.26,0,0.15,4349.21,4342.83,4342.67,4356,BUY,USD,1,1,1583663
D#1671088,XAUUSD,100,288230376153309111,288230376152500248,288230376158836435,288230376158836004,67,2026-06-09T05:54:23.000Z,2026-06-09T05:55:30.000Z,138.8,-141.60000000000002,124.8,-14,0,0.4,4345.34,4342.09,,,SELL,USD,1,1,1583663
D#1671093,XAUUSD,100,288230376153309115,288230376152500087,288230376158836445,288230376158833940,449,2026-06-09T05:48:03.000Z,2026-06-09T05:55:32.000Z,17.64,-18.27,14.48,-3.16,0,0.09,4344.16,4342.42,4353.15,4340.94,SELL,USD,1,1,1583663
D#1702533,XAUUSD,100,288230376153309123,288230376152500267,288230376158836489,288230376158836174,50,2026-06-09T05:54:51.000Z,2026-06-09T05:55:41.000Z,-124.41,122.1,-135.97,-11.56,0,0.33,4346.07,4342.08,,,BUY,USD,1,1,1583663
D#1670862,XAUUSD,100,288230376153309154,288230376152500171,288230376158836755,288230376158834851,357,2026-06-09T05:50:38.000Z,2026-06-09T05:56:35.000Z,47.7,-49.800000000000004,37.2,-10.5,0,0.3,4343.61,4342.24,4342.82,4340.26,SELL,USD,1,1,1583663
D#1702659,XAUUSD,100,288230376153309202,288230376152500157,288230376158834762,288230376158834669,495,2026-06-09T05:50:10.000Z,2026-06-09T05:58:25.000Z,-4.6,3.1999999999999993,-11.6,-7,0,0.2,4344.52,4344.97,4344.59,4330.97,SELL,USD,1,1,1583663
D#1645641,XAUUSD,100,288230376153309203,288230376152500303,288230376158837087,288230376158836656,131,2026-06-09T05:56:14.000Z,2026-06-09T05:58:25.000Z,-59.6,58.2,-66.6,-7,0,0.2,4341.91,4345.11,4344.87,4338.86,SELL,USD,1,1,1583663
D#1702405,XAUUSD,100,288230376153309243,288230376152500359,288230376158837726,288230376158837546,33,2026-06-09T05:59:17.000Z,2026-06-09T05:59:50.000Z,9.9,-12.0,-0.6,-10.5,0,0.3,4343.55,4343.44,,,SELL,USD,1,1,1583663
D#1702659,XAUUSD,100,288230376153309263,288230376152500347,288230376158837591,288230376158837335,93,2026-06-09T05:58:35.000Z,2026-06-09T06:00:08.000Z,-28.8,27.400000000000002,-35.8,-7,0,0.2,4344.4,4346.06,4345.68,4331.76,SELL,USD,1,1,1583663
D#1702735,XAUUSD,100,288230376153309274,288230376152500298,288230376158837863,288230376158836544,260,2026-06-09T05:55:52.000Z,2026-06-09T06:00:12.000Z,56.55,-57.599999999999994,51.29,-5.26,0,0.15,4342.01,4345.56,,,BUY,USD,1,1,1583663
D#1702349,XAUUSD,100,288230376153309357,288230376152500212,288230376158838336,288230376158835286,558,2026-06-09T05:52:09.000Z,2026-06-09T06:01:27.000Z,-5.6,5.039999999999999,-8.4,-2.8,0,0.08,4344.72,4345.64,,,SELL,USD,1,1,1583663
D#1702659,XAUUSD,100,288230376153309368,288230376152500413,288230376158838220,288230376158838143,44,2026-06-09T06:00:59.000Z,2026-06-09T06:01:43.000Z,-31.6,30.200000000000003,-38.6,-7,0,0.2,4345.33,4347.13,4346.98,,SELL,USD,1,1,1583663
D#1671065,XAUUSD,100,288230376153309374,288230376152500316,288230376158838453,288230376158836849,297,2026-06-09T05:56:53.000Z,2026-06-09T06:01:50.000Z,-209,205.15,-228.26,-19.26,0,0.55,4342.93,4346.95,,,SELL,USD,1,1,1583663
D#1645646,XAUUSD,100,288230376153309394,288230376152500421,288230376158838540,288230376158838202,61,2026-06-09T06:01:06.000Z,2026-06-09T06:02:07.000Z,-92.8,90.0,-106.8,-14,0,0.4,4345.74,4348.28,,,SELL,USD,1,1,1583663
D#1671082,XAUUSD,100,288230376153309406,288230376152500437,288230376158838559,288230376158838465,30,2026-06-09T06:01:52.000Z,2026-06-09T06:02:22.000Z,3.5,-7.0,-14.0,-17.5,0,0.5,4346.79,4346.64,4346.96,,BUY,USD,1,1,1583663
D#1702405,XAUUSD,100,288230376153309412,288230376152500412,288230376158838665,288230376158838137,88,2026-06-09T06:00:59.000Z,2026-06-09T06:02:27.000Z,9.35,-9.7,7.59,-1.76,0,0.05,4345.51,4347.16,,,BUY,USD,1,1,1583663
D#1645646,XAUUSD,100,288230376153309539,288230376152500483,288230376158839594,288230376158839074,92,2026-06-09T06:03:35.000Z,2026-06-09T06:05:07.000Z,76,-79.5,58.5,-17.5,0,0.5,4346.83,4345.53,,,SELL,USD,1,1,1583663
D#1702403,XAUUSD,100,288230376153309587,288230376152497404,288230376158840049,288230376158801497,7629,2026-06-09T03:59:15.000Z,2026-06-09T06:06:24.000Z,-32.73,32.519999999999996,-33.79,-1.06,0,0.03,4334.99,4346.12,4353.02,4315.15,SELL,USD,1,1,1583663
D#1702387,XAUUSD,100,288230376153309609,288230376152500435,288230376158840232,288230376158838413,312,2026-06-09T06:01:42.000Z,2026-06-09T06:06:54.000Z,-36,34.25,-44.76,-8.76,0,0.25,4346.96,4345.3,,,BUY,USD,1,1,1583663
D#1702362,XAUUSD,100,288230376153309678,288230376152500510,288230376158840920,288230376158839561,246,2026-06-09T06:05:00.000Z,2026-06-09T06:09:06.000Z,-22.5,19.0,-40.0,-17.5,0,0.5,4344.6,4345.27,,,SELL,USD,1,1,1583663
D#1671088,XAUUSD,100,288230376153309688,288230376152500586,288230376158840999,288230376158840664,64,2026-06-09T06:08:16.000Z,2026-06-09T06:09:20.000Z,64.8,-67.6,50.8,-14,0,0.4,4345.51,4344.11,,,SELL,USD,1,1,1583663
D#1702417,XAUUSD,100,288230376153309692,288230376152500274,288230376158839365,288230376158836278,860,2026-06-09T05:55:08.000Z,2026-06-09T06:09:28.000Z,10,-13.5,-7.5,-17.5,0,0.5,4343.78,4343.76,4344.02,4361.33,BUY,USD,1,1,1583663
D#1671082,XAUUSD,100,288230376153309704,288230376152500501,288230376158839322,288230376158838942,326,2026-06-09T06:04:16.000Z,2026-06-09T06:09:42.000Z,-114,110.5,-131.5,-17.5,0,0.5,4345.94,4343.44,4343.56,4348.16,BUY,USD,1,1,1583663
D#1702405,XAUUSD,100,288230376153309776,288230376152500485,288230376158841702,288230376158839104,466,2026-06-09T06:03:40.000Z,2026-06-09T06:11:26.000Z,-54.72,53.879999999999995,-58.92,-4.2,0,0.12,4347.53,4342.75,,,BUY,USD,1,1,1583663
D#1702674,XAUUSD,100,288230376153309789,288230376152500652,288230376158841756,288230376158841667,16,2026-06-09T06:11:20.000Z,2026-06-09T06:11:36.000Z,10.9,-11.6,7.4,-3.5,0,0.1,4343.35,4342.48,,,SELL,USD,1,1,1583663
D#1670975,XAUUSD,100,288230376153309836,288230376152500573,288230376158842011,288230376158840330,313,2026-06-09T06:07:09.000Z,2026-06-09T06:12:22.000Z,29.5,-30.2,26.0,-3.5,0,0.1,4345.68,4342.95,4348.84,4339.66,SELL,USD,1,1,1583663
D#1702405,XAUUSD,100,288230376153309915,288230376152500684,288230376158842446,288230376158842065,69,2026-06-09T06:12:30.000Z,2026-06-09T06:13:39.000Z,-71.61,69.3,-83.17,-11.56,0,0.33,4343.58,4341.19,,,BUY,USD,1,1,1583663
D#1702648,XAUUSD,100,288230376153309927,288230376152500251,288230376158836202,288230376158836033,1159,2026-06-09T05:54:27.000Z,2026-06-09T06:13:46.000Z,-162,159.9,-172.5,-10.5,0,0.3,4346,4340.38,4340.52,4349.58,BUY,USD,1,1,1583663
D#1670862,XAUUSD,100,288230376153309937,288230376152500663,288230376158842539,288230376158841789,129,2026-06-09T06:11:41.000Z,2026-06-09T06:13:50.000Z,57.9,-60.0,47.4,-10.5,0,0.3,4342.67,4340.96,4348.84,,SELL,USD,1,1,1583663
D#1702362,XAUUSD,100,288230376153309938,288230376152500607,288230376158842543,288230376158841013,267,2026-06-09T06:09:24.000Z,2026-06-09T06:13:51.000Z,-162.5,159.0,-180.0,-17.5,0,0.5,4344.26,4340.79,,4348.5,BUY,USD,1,1,1583663
D#1702417,XAUUSD,100,288230376153309939,288230376152500618,288230376158842550,288230376158841203,232,2026-06-09T06:09:59.000Z,2026-06-09T06:13:51.000Z,-154,150.5,-171.5,-17.5,0,0.5,4344.19,4340.89,,4348.76,BUY,USD,1,1,1583663
D#1702387,XAUUSD,100,288230376153309940,288230376152500661,288230376158842555,288230376158841779,133,2026-06-09T06:11:40.000Z,2026-06-09T06:13:53.000Z,61.25,-63.7,48.99,-12.26,0,0.35,4342.84,4341.31,,,SELL,USD,1,1,1583663
D#1645646,XAUUSD,100,288230376153309952,288230376152500541,288230376158842728,288230376158839941,485,2026-06-09T06:06:07.000Z,2026-06-09T06:14:12.000Z,214.5,-218.0,197.0,-17.5,0,0.5,4345.64,4341.57,,,SELL,USD,1,1,1583663
D#1702674,XAUUSD,100,288230376153309955,288230376152500703,288230376158842751,288230376158842350,54,2026-06-09T06:13:20.000Z,2026-06-09T06:14:14.000Z,15.2,-15.899999999999999,11.7,-3.5,0,0.1,4343.12,4341.82,4351.81,4337.07,SELL,USD,1,1,1583663
D#1702405,XAUUSD,100,288230376153310100,288230376152500763,288230376158843652,288230376158843268,73,2026-06-09T06:15:42.000Z,2026-06-09T06:16:55.000Z,17.49,-19.799999999999997,5.93,-11.56,0,0.33,4342.65,4342.96,,,BUY,USD,1,1,1583663
D#1702659,XAUUSD,100,288230376153310297,288230376152500631,288230376158841479,288230376158841365,685,2026-06-09T06:10:25.000Z,2026-06-09T06:21:50.000Z,17.1,-19.200000000000003,6.6,-10.5,0,0.3,4344.14,4343.79,4343.62,4331.9,SELL,USD,1,1,1583663
D#1702405,XAUUSD,100,288230376153310319,288230376152500822,288230376158845226,288230376158844148,212,2026-06-09T06:18:32.000Z,2026-06-09T06:22:04.000Z,53.79,-56.1,42.23,-11.56,0,0.33,4342.82,4344.23,,,BUY,USD,1,1,1583663
D#1702702,XAUUSD,100,288230376153310491,288230376152500874,288230376158845625,288230376158844934,329,2026-06-09T06:21:05.000Z,2026-06-09T06:26:34.000Z,1.5,-3.6,-9.0,-10.5,0,0.3,4343.19,4343.02,4343.28,4346.92,BUY,USD,1,1,1583663
D#1702405,XAUUSD,100,288230376153310515,288230376152500943,288230376158846824,288230376158845929,181,2026-06-09T06:24:14.000Z,2026-06-09T06:27:15.000Z,-64,61.2,-78.0,-14,0,0.4,4345,4343.18,,,BUY,USD,1,1,1583663
D#1702659,XAUUSD,100,288230376153310528,288230376152500987,288230376158846706,288230376158846664,77,2026-06-09T06:26:42.000Z,2026-06-09T06:27:59.000Z,-41.1,39.0,-51.6,-10.5,0,0.3,4343.13,4341.54,4342.16,4351.42,BUY,USD,1,1,1583663
D#1670914,XAUUSD,100,288230376153310568,288230376152499955,288230376158847200,288230376158832636,2631,2026-06-09T05:44:35.000Z,2026-06-09T06:28:26.000Z,41,-41.35,39.24,-1.76,0,0.05,4349.35,4341.37,,4338.46,SELL,USD,1,1,1583663
D#1702405,XAUUSD,100,288230376153310590,288230376152501017,288230376158847323,288230376158847165,31,2026-06-09T06:28:19.000Z,2026-06-09T06:28:50.000Z,-88.2,84.77000000000001,-105.36,-17.16,0,0.49,4341.78,4339.76,,,BUY,USD,1,1,1583663
D#1702472,XAUUSD,100,288230376153310597,288230376152500646,288230376158841801,288230376158841587,1067,2026-06-09T06:11:04.000Z,2026-06-09T06:28:51.000Z,5.57,-5.640000000000001,5.21,-0.36,0,0.01,4344.75,4339.4,,4339.42,SELL,USD,1,1,1583663
D#1702714,XAUUSD,100,288230376153310593,288230376152500668,288230376158842266,288230376158841880,1016,2026-06-09T06:11:55.000Z,2026-06-09T06:28:51.000Z,129.6,-132.75,113.84,-15.76,0,0.45,4342.05,4339.39,,4339.6,SELL,USD,1,1,1583663
D#1671093,XAUUSD,100,288230376153310594,288230376152500840,288230376158844486,288230376158844372,577,2026-06-09T06:19:14.000Z,2026-06-09T06:28:51.000Z,30.69,-31.32,27.53,-3.16,0,0.09,4342.58,4339.39,4350.46,4339.36,SELL,USD,1,1,1583663
D#1702721,XAUUSD,100,288230376153310603,288230376152500749,288230376158847346,288230376158843028,832,2026-06-09T06:15:03.000Z,2026-06-09T06:28:55.000Z,48.3,-50.4,37.8,-10.5,0,0.3,4341.12,4339.73,,,SELL,USD,1,1,1583663
D#1645641,XAUUSD,100,288230376153310616,288230376152500349,288230376158837465,288230376158837373,1814,2026-06-09T05:58:45.000Z,2026-06-09T06:28:59.000Z,110.2,-111.60000000000001,103.2,-7,0,0.2,4344.11,4338.82,,4338.78,SELL,USD,1,1,1583663
D#1670921,XAUUSD,100,288230376153310621,288230376152500991,288230376158846893,288230376158846722,127,2026-06-09T06:26:53.000Z,2026-06-09T06:29:00.000Z,-97,95.6,-104.0,-7,0,0.2,4343.29,4338.22,4338.4,4344.18,BUY,USD,1,1,1583663
D#1702514,XAUUSD,100,288230376153310706,288230376152500082,288230376158834180,288230376158833870,2552,2026-06-09T05:47:47.000Z,2026-06-09T06:30:19.000Z,104.25,-105.3,98.99,-5.26,0,0.15,4344.68,4337.95,4352.47,4337.94,SELL,USD,1,1,1583663
D#1702427,XAUUSD,100,288230376153310714,288230376152499975,288230376158832980,288230376158832839,2720,2026-06-09T05:45:01.000Z,2026-06-09T06:30:21.000Z,-107.8,107.1,-111.3,-3.5,0,0.1,4348.78,4337.78,4337.88,4360.21,BUY,USD,1,1,1583663
D#1645696,XAUUSD,100,288230376153310715,288230376152500673,288230376158842472,288230376158841920,1098,2026-06-09T06:12:03.000Z,2026-06-09T06:30:21.000Z,-33.18,32.69,-35.64,-2.46,0,0.07,4342.74,4337.78,4337.73,4353,BUY,USD,1,1,1583663
D#1702535,XAUUSD,100,288230376153310728,288230376152500912,288230376158845635,288230376158845512,449,2026-06-09T06:23:00.000Z,2026-06-09T06:30:29.000Z,-37.7,37.35,-39.46,-1.76,0,0.05,4344.78,4337.02,4337.26,4365.47,BUY,USD,1,1,1583663
D#1614603,XAUUSD,100,288230376153310747,288230376152500852,288230376158844908,288230376158844619,627,2026-06-09T06:20:04.000Z,2026-06-09T06:30:31.000Z,197.7,-199.79999999999998,187.2,-10.5,0,0.3,4343.03,4336.66,4347.65,4336.46,SELL,USD,1,1,1583663
D#1671058,XAUUSD,100,288230376153310752,288230376152500318,288230376158836934,288230376158836930,2001,2026-06-09T05:57:12.000Z,2026-06-09T06:30:33.000Z,101.55,-102.6,96.29,-5.26,0,0.15,4342.97,4336.42,4349.7,4336.37,SELL,USD,1,1,1583663
D#1645646,XAUUSD,100,288230376153310765,288230376152500826,288230376158846162,288230376158844177,723,2026-06-09T06:18:36.000Z,2026-06-09T06:30:39.000Z,291.2,-294.0,277.2,-14,0,0.4,4342.54,4335.48,,4335.64,SELL,USD,1,1,1583663
D#1670936,XAUUSD,100,288230376153310784,288230376152499571,288230376158829007,288230376158829004,3339,2026-06-09T05:35:02.000Z,2026-06-09T06:30:41.000Z,105.82,-106.72999999999999,101.26,-4.56,0,0.13,4343.29,4335.37,4351.81,4335.14,SELL,USD,1,1,1583663
D#1702461,XAUUSD,100,288230376153310783,288230376152500836,288230376158844460,288230376158844267,710,2026-06-09T06:18:51.000Z,2026-06-09T06:30:41.000Z,-79.9,79.2,-83.4,-3.5,0,0.1,4343.41,4335.2,4335.23,4352.39,BUY,USD,1,1,1583663
D#1670862,XAUUSD,100,288230376153310794,288230376152501065,288230376158848104,288230376158847806,40,2026-06-09T06:30:06.000Z,2026-06-09T06:30:46.000Z,95.1,-97.19999999999999,84.6,-10.5,0,0.3,4338.67,4335.72,4341.88,,SELL,USD,1,1,1583663
D#1702575,XAUUSD,100,288230376153310806,288230376152500770,288230376158843560,288230376158843383,890,2026-06-09T06:16:04.000Z,2026-06-09T06:30:54.000Z,114.9,-115.95,109.64,-5.26,0,0.15,4342.91,4335.47,4348.51,4335.02,SELL,USD,1,1,1583663
D#1702745,XAUUSD,100,288230376153310821,288230376152498904,288230376158821456,288230376158821455,4770,2026-06-09T05:11:32.000Z,2026-06-09T06:31:02.000Z,-0.8,0.24,-3.6,-2.8,0,0.08,4334.45,4334.13,4334.33,4353.13,BUY,USD,1,1,1583663
D#1702463,XAUUSD,100,288230376153310833,288230376152499569,288230376158830057,288230376158828566,3363,2026-06-09T05:35:02.000Z,2026-06-09T06:31:05.000Z,94.5,-95.2,91.0,-3.5,0,0.1,4343.27,4334.04,,4334,SELL,USD,1,1,1583663
D#1670914,XAUUSD,100,288230376153310841,288230376152501021,288230376158847293,288230376158847237,153,2026-06-09T06:28:34.000Z,2026-06-09T06:31:07.000Z,41.9,-42.25,40.14,-1.76,0,0.05,4341.38,4333.22,,4333.29,SELL,USD,1,1,1583663
D#1702387,XAUUSD,100,288230376153310862,288230376152501025,288230376158848300,288230376158847311,146,2026-06-09T06:28:49.000Z,2026-06-09T06:31:15.000Z,99,-100.4,92.0,-7,0,0.2,4339.74,4335.01,,,SELL,USD,1,1,1583663
D#1702572,XAUUSD,100,288230376153310869,288230376152500682,288230376158848335,288230376158842037,1134,2026-06-09T06:12:26.000Z,2026-06-09T06:31:20.000Z,-63.28,62.72,-66.08,-2.8,0,0.08,4342.6,4334.47,,,BUY,USD,1,1,1583663
D#1702529,XAUUSD,100,288230376153310924,288230376152500878,288230376158848554,288230376158845009,632,2026-06-09T06:21:19.000Z,2026-06-09T06:31:51.000Z,436.05,-439.62,418.19,-17.86,0,0.51,4342.3,4333.97,,,SELL,USD,1,1,1583663
D#1702741,XAUUSD,100,288230376153310973,288230376152500677,288230376158842318,288230376158841982,1230,2026-06-09T06:12:17.000Z,2026-06-09T06:32:47.000Z,96,-96.7,92.5,-3.5,0,0.1,4342.35,4332.97,4335.96,4333.02,SELL,USD,1,1,1583663
D#1702659,XAUUSD,100,288230376153310994,288230376152501014,288230376158849004,288230376158847119,294,2026-06-09T06:28:12.000Z,2026-06-09T06:33:06.000Z,217.2,-219.29999999999998,206.7,-10.5,0,0.3,4341.04,4334.02,4336.2,4325.74,SELL,USD,1,1,1583663
D#1645671,XAUUSD,100,288230376153311002,288230376152499850,288230376158849101,288230376158831400,3080,2026-06-09T05:42:02.000Z,2026-06-09T06:33:22.000Z,163.7,-165.1,156.69,-7.01,0,0.2,4349.01,4333.83,4348.51,4301.92,SELL,USD,1,1,1583663
D#1702397,XAUUSD,100,288230376153311026,288230376152498193,288230376158849262,288230376158811911,6944,2026-06-09T04:38:00.000Z,2026-06-09T06:33:44.000Z,32.48,-32.97,30.02,-2.46,0,0.07,4328.97,4333.39,4320,4430,BUY,USD,1,1,1583663
D#1702506,XAUUSD,100,288230376153311045,288230376152501109,288230376158848483,288230376158848175,189,2026-06-09T06:30:56.000Z,2026-06-09T06:34:05.000Z,13.2,-14.6,6.2,-7,0,0.2,4334.77,4334.33,4334.05,4330.25,SELL,USD,1,1,1583663
D#1702702,XAUUSD,100,288230376153311072,288230376152501099,288230376158848253,288230376158848106,237,2026-06-09T06:30:46.000Z,2026-06-09T06:34:43.000Z,110.1,-112.19999999999999,99.6,-10.5,0,0.3,4335.59,4332.14,4335.64,4332.05,SELL,USD,1,1,1583663
D#1702693,XAUUSD,100,288230376153311079,288230376152501190,288230376158849620,288230376158849087,89,2026-06-09T06:33:19.000Z,2026-06-09T06:34:48.000Z,39.3,-41.4,28.8,-10.5,0,0.3,4333.49,4332.4,,,SELL,USD,1,1,1583663
D#1670926,XAUUSD,100,288230376153311086,288230376152499744,288230376158849644,288230376158830808,3277,2026-06-09T05:40:13.000Z,2026-06-09T06:34:50.000Z,-72.42,72.0,-74.52,-2.1,0,0.06,4344.36,4332.07,4331.79,4361.79,BUY,USD,1,1,1583663
D#1702705,XAUUSD,100,288230376153311087,288230376152499802,288230376158849647,288230376158831290,3206,2026-06-09T05:41:25.000Z,2026-06-09T06:34:51.000Z,-128.8,128.10000000000002,-132.3,-3.5,0,0.1,4345.17,4332.07,,4355.43,BUY,USD,1,1,1583663
D#1702741,XAUUSD,100,288230376153311141,288230376152501218,288230376158849897,288230376158849570,52,2026-06-09T06:34:41.000Z,2026-06-09T06:35:33.000Z,-33.3,32.599999999999994,-36.8,-3.5,0,0.1,4332.5,4336.05,4335.78,4329.11,SELL,USD,1,1,1583663
D#1702725,XAUUSD,100,288230376153311165,288230376152501048,288230376158850001,288230376158847623,368,2026-06-09T06:29:39.000Z,2026-06-09T06:35:47.000Z,14.05,-14.4,12.29,-1.76,0,0.05,4338.92,4336.33,4353.38,4271.92,SELL,USD,1,1,1583663
D#1702598,XAUUSD,100,288230376153311167,288230376152501228,288230376158850017,288230376158849714,48,2026-06-09T06:35:01.000Z,2026-06-09T06:35:49.000Z,106.2,-108.3,95.7,-10.5,0,0.3,4333.92,4337.24,4330.76,4339.85,BUY,USD,1,1,1583663
D#1702427,XAUUSD,100,288230376153311197,288230376152501129,288230376158848618,288230376158848378,282,2026-06-09T06:31:24.000Z,2026-06-09T06:36:06.000Z,-106.75,105.0,-115.51,-8.76,0,0.25,4335.08,4339.57,4339.14,4330.43,SELL,USD,1,1,1583663
D#1702636,XAUUSD,100,288230376153311212,288230376152501238,288230376158850203,288230376158849773,61,2026-06-09T06:35:12.000Z,2026-06-09T06:36:13.000Z,45.5,-46.2,42.0,-3.5,0,0.1,4333.85,4338.18,4334.09,,BUY,USD,1,1,1583663
D#1702349,XAUUSD,100,288230376153311242,288230376152500938,288230376158850462,288230376158845836,781,2026-06-09T06:23:55.000Z,2026-06-09T06:36:56.000Z,-52.72,52.16,-55.52,-2.8,0,0.08,4344.56,4337.75,,,BUY,USD,1,1,1583663
D#1702427,XAUUSD,100,288230376153311472,288230376152501306,288230376158852454,288230376158850391,413,2026-06-09T06:36:47.000Z,2026-06-09T06:43:40.000Z,-79.25,77.5,-88.01,-8.76,0,0.25,4338.35,4334.96,4333.53,4343.03,BUY,USD,1,1,1583663
D#1670921,XAUUSD,100,288230376153311478,288230376152501441,288230376158852476,288230376158852232,54,2026-06-09T06:42:49.000Z,2026-06-09T06:43:43.000Z,41.2,-42.6,34.2,-7,0,0.2,4336.79,4334.95,,,SELL,USD,1,1,1583663
D#1702659,XAUUSD,100,288230376153311482,288230376152501194,288230376158849210,288230376158849122,623,2026-06-09T06:33:24.000Z,2026-06-09T06:43:47.000Z,21.3,-23.400000000000002,10.8,-10.5,0,0.3,4333.99,4334.48,4334.62,4348.64,BUY,USD,1,1,1583663
D#1645648,XAUUSD,100,288230376153311510,288230376152501438,288230376158852713,288230376158852212,106,2026-06-09T06:42:47.000Z,2026-06-09T06:44:33.000Z,2.5,-2.64,1.8,-0.7,0,0.02,4337.37,4336.34,,,SELL,USD,1,1,1583663
D#1702659,XAUUSD,100,288230376153311511,288230376152501475,288230376158852717,288230376158852689,6,2026-06-09T06:44:28.000Z,2026-06-09T06:44:34.000Z,1.2,-3.3,-9.3,-10.5,0,0.3,4336.2,4336.38,,,SELL,USD,1,1,1583663
D#1702437,XAUUSD,100,288230376153311679,288230376152499515,288230376158853996,288230376158828333,4557,2026-06-09T05:33:29.000Z,2026-06-09T06:49:26.000Z,2.7,-3.4000000000000004,-0.8,-3.5,0,0.1,4339.62,4339.57,4339.25,4330.19,SELL,USD,1,1,1583663
D#1645641,XAUUSD,100,288230376153311696,288230376152501163,288230376158848927,288230376158848789,1027,2026-06-09T06:32:31.000Z,2026-06-09T06:49:38.000Z,117.6,-119.0,110.6,-7,0,0.2,4334.53,4340.19,4331.68,4340.3,BUY,USD,1,1,1583663
D#1702714,XAUUSD,100,288230376153311699,288230376152501175,288230376158854233,288230376158848911,1009,2026-06-09T06:32:51.000Z,2026-06-09T06:49:40.000Z,-357.5,354.0,-375.0,-17.5,0,0.5,4332.79,4340.16,,4210.37,SELL,USD,1,1,1583663
D#1702387,XAUUSD,100,288230376153311722,288230376152501501,288230376158854384,288230376158852957,292,2026-06-09T06:45:18.000Z,2026-06-09T06:50:10.000Z,24,-26.1,13.5,-10.5,0,0.3,4338.83,4339.41,,,BUY,USD,1,1,1583663
D#1670921,XAUUSD,100,288230376153311784,288230376152501506,288230376158854799,288230376158853014,358,2026-06-09T06:45:31.000Z,2026-06-09T06:51:29.000Z,33.2,-34.6,26.2,-7,0,0.2,4338.53,4337.09,,,SELL,USD,1,1,1583663
D#1670919,XAUUSD,100,288230376153311793,288230376152501401,288230376158854938,288230376158851694,665,2026-06-09T06:40:53.000Z,2026-06-09T06:51:58.000Z,1.72,-1.8599999999999999,1.02,-0.7,0,0.02,4337.81,4337.17,,,SELL,USD,1,1,1583663
D#1702620,XAUUSD,100,288230376153311861,288230376152501588,288230376158855564,288230376158854245,274,2026-06-09T06:49:42.000Z,2026-06-09T06:54:16.000Z,-173.25,170.1,-189.01,-15.76,0,0.45,4340.34,4336.27,,4349.6,BUY,USD,1,1,1583663
D#1702659,XAUUSD,100,288230376153311915,288230376152501477,288230376158852946,288230376158852754,636,2026-06-09T06:44:40.000Z,2026-06-09T06:55:16.000Z,-45.9,43.8,-56.4,-10.5,0,0.3,4336.48,4334.73,4334.91,4351.07,BUY,USD,1,1,1583663
D#1671088,XAUUSD,100,288230376153311919,288230376152501476,288230376158855911,288230376158852692,650,2026-06-09T06:44:29.000Z,2026-06-09T06:55:19.000Z,54.4,-57.199999999999996,40.4,-14,0,0.4,4336.2,4335.06,,,SELL,USD,1,1,1583663
D#1702741,XAUUSD,100,288230376153311931,288230376152501388,288230376158851642,288230376158851495,902,2026-06-09T06:40:20.000Z,2026-06-09T06:55:22.000Z,-42.7,42.0,-46.2,-3.5,0,0.1,4338.66,4334.17,4334.35,4348.36,BUY,USD,1,1,1583663
D#1670937,XAUUSD,100,288230376153311978,288230376152501681,288230376158856115,288230376158855638,83,2026-06-09T06:54:31.000Z,2026-06-09T06:55:54.000Z,40.4,-41.8,33.4,-7,0,0.2,4336.58,4334.78,,4332.03,SELL,USD,1,1,1583663
D#1702455,XAUUSD,100,288230376153312004,288230376152501640,288230376158856311,288230376158855015,244,2026-06-09T06:52:16.000Z,2026-06-09T06:56:20.000Z,-187,183.5,-204.5,-17.5,0,0.5,4337.97,4334.01,,4339,BUY,USD,1,1,1583663
D#1702558,XAUUSD,100,288230376153312011,288230376152501635,288230376158854899,288230376158854895,281,2026-06-09T06:51:48.000Z,2026-06-09T06:56:29.000Z,35.7,-36.400000000000006,32.2,-3.5,0,0.1,4337.04,4333.69,4339.83,4333.66,SELL,USD,1,1,1583663
D#1589409,XAUUSD,100,288230376153312032,288230376152501488,288230376158853151,288230376158852860,719,2026-06-09T06:45:04.000Z,2026-06-09T06:57:03.000Z,111.94,-113.97,101.78,-10.16,0,0.29,4337.23,4333.59,,4333.49,SELL,USD,1,1,1583663
D#1645648,XAUUSD,100,288230376153312048,288230376152501638,288230376158856705,288230376158854950,340,2026-06-09T06:52:00.000Z,2026-06-09T06:57:40.000Z,14.45,-14.799999999999999,12.69,-1.76,0,0.05,4336.99,4334.32,,,SELL,USD,1,1,1583663
D#1702659,XAUUSD,100,288230376153312078,288230376152501728,288230376158856968,288230376158856151,156,2026-06-09T06:55:59.000Z,2026-06-09T06:58:35.000Z,27.6,-29.700000000000003,17.1,-10.5,0,0.3,4334.47,4333.77,4335.39,4327.24,SELL,USD,1,1,1583663
D#1670985,XAUUSD,100,288230376153312090,288230376152501494,288230376158857003,288230376158852918,806,2026-06-09T06:45:13.000Z,2026-06-09T06:58:39.000Z,-50.7,50.0,-54.2,-3.5,0,0.1,4338.11,4332.82,4331,4364,BUY,USD,1,1,1583663
D#1702721,XAUUSD,100,288230376153312097,288230376152501773,288230376158857058,288230376158856847,38,2026-06-09T06:58:08.000Z,2026-06-09T06:58:46.000Z,13.5,-14.2,10.0,-3.5,0,0.1,4333.8,4332.67,,,SELL,USD,1,1,1583663
D#1702674,XAUUSD,100,288230376153312110,288230376152501382,288230376158851441,288230376158851439,1123,2026-06-09T06:40:10.000Z,2026-06-09T06:58:53.000Z,-32,31.65,-33.76,-1.76,0,0.05,4338.45,4331.83,4332.04,4349.69,BUY,USD,1,1,1583663
D#1702741,XAUUSD,100,288230376153312117,288230376152501780,288230376158856978,288230376158856721,20,2026-06-09T06:58:36.000Z,2026-06-09T06:58:56.000Z,-9.4,8.700000000000001,-12.9,-3.5,0,0.1,4332.88,4331.72,4331.92,4342,BUY,USD,1,1,1583663
D#1670977,XAUUSD,100,288230376153312135,288230376152501503,288230376158853073,288230376158852972,818,2026-06-09T06:45:22.000Z,2026-06-09T06:59:00.000Z,107.1,-108.14999999999999,101.84,-5.26,0,0.15,4338.3,4331.38,,4331.36,SELL,USD,1,1,1583663
D#1702452,XAUUSD,100,288230376153312155,288230376152501164,288230376158853363,288230376158848791,1591,2026-06-09T06:32:31.000Z,2026-06-09T06:59:02.000Z,-40.4,39.699999999999996,-43.9,-3.5,0,0.1,4334.53,4330.27,4330.69,4352.78,BUY,USD,1,1,1583663
D#1671093,XAUUSD,100,288230376153312151,288230376152501274,288230376158850483,288230376158850082,1383,2026-06-09T06:35:59.000Z,2026-06-09T06:59:02.000Z,-72.45,71.82000000000001,-75.61,-3.16,0,0.09,4338.54,4330.27,4330.66,4341.76,BUY,USD,1,1,1583663
D#1671058,XAUUSD,100,288230376153312153,288230376152501432,288230376158852092,288230376158852087,1001,2026-06-09T06:42:21.000Z,2026-06-09T06:59:02.000Z,107.4,-108.45,102.14,-5.26,0,0.15,4337.41,4330.47,4344.22,4330.89,SELL,USD,1,1,1583663
D#1702520,XAUUSD,100,288230376153312154,288230376152501552,288230376158854014,288230376158853821,649,2026-06-09T06:48:13.000Z,2026-06-09T06:59:02.000Z,143,-144.4,136.0,-7,0,0.2,4337.4,4330.47,4345.8,4331.03,SELL,USD,1,1,1583663
D#1670862,XAUUSD,100,288230376153312166,288230376152501703,288230376158857200,288230376158855903,227,2026-06-09T06:55:18.000Z,2026-06-09T06:59:05.000Z,107.4,-109.5,96.9,-10.5,0,0.3,4334.69,4331.33,4334.91,,SELL,USD,1,1,1583663
D#1702507,XAUUSD,100,288230376153312192,288230376152500184,288230376158857309,288230376158834998,4094,2026-06-09T05:51:06.000Z,2026-06-09T06:59:20.000Z,-138.93,138.16,-142.79,-3.86,0,0.11,4344.08,4331.23,,4349.46,BUY,USD,1,1,1583663
D#1645696,XAUUSD,100,288230376153312218,288230376152501271,288230376158850154,288230376158850021,1450,2026-06-09T06:35:50.000Z,2026-06-09T07:00:00.000Z,-56.8,56.239999999999995,-59.6,-2.8,0,0.08,4337.37,4330.05,4330.31,4350.3,BUY,USD,1,1,1583663
D#1670936,XAUUSD,100,288230376153312219,288230376152501393,288230376158851552,288230376158851551,1171,2026-06-09T06:40:29.000Z,2026-06-09T07:00:00.000Z,-109.46,108.55,-114.02,-4.56,0,0.13,4338.69,4330.05,4330.34,4347.01,BUY,USD,1,1,1583663
D#1702461,XAUUSD,100,288230376153312251,288230376152501379,288230376158852049,288230376158851403,1200,2026-06-09T06:40:02.000Z,2026-06-09T07:00:02.000Z,-92.3,91.6,-95.8,-3.5,0,0.1,4338.03,4328.58,4329.49,4347.93,BUY,USD,1,1,1583663
D#1702659,XAUUSD,100,288230376153312289,288230376152501786,288230376158857221,288230376158857045,87,2026-06-09T06:58:45.000Z,2026-06-09T07:00:12.000Z,25.2,-27.3,14.7,-10.5,0,0.3,4332.65,4332.03,4331.9,,SELL,USD,1,1,1583663
D#1702556,XAUUSD,100,288230376153312345,288230376152500876,288230376158858044,288230376158844961,2388,2026-06-09T06:21:10.000Z,2026-06-09T07:00:58.000Z,-108.4,107.7,-111.9,-3.5,0,0.1,4343.16,4332.1,,,BUY,USD,1,1,1583663
D#1702725,XAUUSD,100,288230376153312386,288230376152501275,288230376158858283,288230376158850083,1532,2026-06-09T06:35:59.000Z,2026-06-09T07:01:31.000Z,-77.6,76.89999999999999,-81.1,-3.5,0,0.1,4338.54,4330.56,,,BUY,USD,1,1,1583663
D#1702390,XAUUSD,100,288230376153312431,288230376152497820,288230376158858549,288230376158807531,9567,2026-06-09T04:22:48.000Z,2026-06-09T07:02:15.000Z,0.74,-0.88,0.04,-0.7,0,0.02,4330.04,4330.19,4327.41,4360.69,BUY,USD,1,1,1583663
D#1702420,XAUUSD,100,288230376153312488,288230376152501919,288230376158858906,288230376158858256,102,2026-06-09T07:01:27.000Z,2026-06-09T07:03:09.000Z,78.4,-81.2,64.4,-14,0,0.4,4330.91,4332.65,,,BUY,USD,1,1,1583663
D#1702590,XAUUSD,100,288230376153312497,288230376152501969,288230376158858962,288230376158858797,26,2026-06-09T07:02:53.000Z,2026-06-09T07:03:19.000Z,62.8,-65.6,48.8,-14,0,0.4,4331.55,4332.9,,,BUY,USD,1,1,1583663
D#1702502,XAUUSD,100,288230376153312600,288230376152501863,288230376158859631,288230376158857707,287,2026-06-09T07:00:15.000Z,2026-06-09T07:05:02.000Z,-0.21,0.13999999999999999,-0.57,-0.36,0,0.01,4331.99,4331.56,4322.11,4363.33,BUY,USD,1,1,1583663
D#1702420,XAUUSD,100,288230376153312714,288230376152502050,288230376158860322,288230376158859684,99,2026-06-09T07:05:09.000Z,2026-06-09T07:06:48.000Z,39.2,-42.0,25.2,-14,0,0.4,4331.52,4330.76,,,SELL,USD,1,1,1583663
D#1702403,XAUUSD,100,288230376153312814,288230376152500571,288230376158860915,288230376158840306,3679,2026-06-09T06:07:04.000Z,2026-06-09T07:08:23.000Z,-72.65,72.30000000000001,-74.41,-1.76,0,0.05,4346.64,4331.89,,,BUY,USD,1,1,1583663
D#1702590,XAUUSD,100,288230376153312915,288230376152502125,288230376158861692,288230376158860552,186,2026-06-09T07:07:29.000Z,2026-06-09T07:10:35.000Z,70.4,-73.2,56.4,-14,0,0.4,4332.28,4330.74,,,SELL,USD,1,1,1583663
D#1645641,XAUUSD,100,288230376153312935,288230376152502069,288230376158860374,288230376158859836,319,2026-06-09T07:05:31.000Z,2026-06-09T07:10:50.000Z,-41.2,39.800000000000004,-48.2,-7,0,0.2,4331.78,4329.5,4329.62,4334.22,BUY,USD,1,1,1583663
D#1702659,XAUUSD,100,288230376153312946,288230376152502064,288230376158859976,288230376158859781,335,2026-06-09T07:05:22.000Z,2026-06-09T07:10:57.000Z,-67.2,65.10000000000001,-77.7,-10.5,0,0.3,4331.18,4328.72,4328.88,4351.18,BUY,USD,1,1,1583663
D#1702558,XAUUSD,100,288230376153312953,288230376152501912,288230376158858197,288230376158858193,580,2026-06-09T07:01:20.000Z,2026-06-09T07:11:00.000Z,-19.2,18.5,-22.7,-3.5,0,0.1,4330.84,4328.7,4328.7,4335,BUY,USD,1,1,1583663
D#1671088,XAUUSD,100,288230376153312967,288230376152501947,288230376158861938,288230376158858541,533,2026-06-09T07:02:13.000Z,2026-06-09T07:11:06.000Z,28.4,-31.2,14.4,-14,0,0.4,4329.93,4329.44,,,SELL,USD,1,1,1583663
D#1670926,XAUUSD,100,288230376153312973,288230376152501489,288230376158861959,288230376158852866,1565,2026-06-09T06:45:05.000Z,2026-06-09T07:11:10.000Z,-42.96,42.54,-45.06,-2.1,0,0.06,4337.54,4330.16,4323.89,4353.89,BUY,USD,1,1,1583663
D#1702461,XAUUSD,100,288230376153312974,288230376152502168,288230376158861963,288230376158861011,151,2026-06-09T07:08:40.000Z,2026-06-09T07:11:11.000Z,-15.7,15.0,-19.2,-3.5,0,0.1,4331.88,4330.09,4326.33,4339.95,BUY,USD,1,1,1583663
D#1702502,XAUUSD,100,288230376153312996,288230376152502212,288230376158862116,288230376158861520,94,2026-06-09T07:10:05.000Z,2026-06-09T07:11:39.000Z,-1.96,1.89,-2.32,-0.36,0,0.01,4332.15,4329.97,4325.68,4351.11,BUY,USD,1,1,1583663
D#1702463,XAUUSD,100,288230376153313039,288230376152501189,288230376158862464,288230376158849077,2360,2026-06-09T06:33:18.000Z,2026-06-09T07:12:38.000Z,30.3,-31.0,26.8,-3.5,0,0.1,4333.21,4330.4,,4327,SELL,USD,1,1,1583663
D#1702552,XAUUSD,100,288230376153313113,288230376152500176,288230376158834916,288230376158834911,4982,2026-06-09T05:50:51.000Z,2026-06-09T07:13:53.000Z,121.92,-122.48,119.12,-2.8,0,0.08,4343.72,4328.7,4353.11,4328.56,SELL,USD,1,1,1583663
D#1670937,XAUUSD,100,288230376153313110,288230376152502184,288230376158861742,288230376158861325,252,2026-06-09T07:09:41.000Z,2026-06-09T07:13:53.000Z,-72.8,71.39999999999999,-79.8,-7,0,0.2,4332.39,4328.53,4328.56,4337.08,BUY,USD,1,1,1583663
D#1702420,XAUUSD,100,288230376153313138,288230376152502262,288230376158863050,288230376158862034,175,2026-06-09T07:11:21.000Z,2026-06-09T07:14:16.000Z,42,-44.8,28.0,-14,0,0.4,4330.36,4329.53,,,SELL,USD,1,1,1583663
D#1702590,XAUUSD,100,288230376153313144,288230376152502294,288230376158863085,288230376158862467,103,2026-06-09T07:12:39.000Z,2026-06-09T07:14:22.000Z,51.6,-54.4,37.6,-14,0,0.4,4330.37,4329.3,,,SELL,USD,1,1,1583663
D#1670919,XAUUSD,100,288230376153313157,288230376152501653,288230376158863180,288230376158855235,1294,2026-06-09T06:53:03.000Z,2026-06-09T07:14:37.000Z,-168.4,167.0,-175.4,-7,0,0.2,4337.48,4328.84,,,BUY,USD,1,1,1583663
D#1702702,XAUUSD,100,288230376153313221,288230376152501377,288230376158863295,288230376158851380,2093,2026-06-09T06:39:57.000Z,2026-06-09T07:14:50.000Z,-298.5,296.4,-309.0,-10.5,0,0.3,4338.02,4327.85,,4341.79,BUY,USD,1,1,1583663
D#1702703,XAUUSD,100,288230376153313256,288230376152499537,288230376158829010,288230376158828606,6051,2026-06-09T05:34:09.000Z,2026-06-09T07:15:00.000Z,-139.5,138.8,-143.0,-3.5,0,0.1,4340.46,4326.29,4326.96,4352.89,BUY,USD,1,1,1583663
D#1702356,XAUUSD,100,288230376153313259,288230376152501331,288230376158850968,288230376158850641,2257,2026-06-09T06:37:23.000Z,2026-06-09T07:15:00.000Z,248.38,-249.92,240.68,-7.7,0,0.22,4337.54,4326.47,4337.3,4327.25,SELL,USD,1,1,1583663
D#1702373,XAUUSD,100,288230376153313269,288230376152501340,288230376158851484,288230376158850803,2225,2026-06-09T06:37:55.000Z,2026-06-09T07:15:00.000Z,-86.72,86.16,-89.52,-2.8,0,0.08,4337.85,4326.79,4326.32,4389.01,BUY,USD,1,1,1583663
D#1702506,XAUUSD,100,288230376153313263,288230376152502258,288230376158862368,288230376158862013,222,2026-06-09T07:11:18.000Z,2026-06-09T07:15:00.000Z,41.1,-41.800000000000004,37.6,-3.5,0,0.1,4330.44,4326.55,4331.16,4326.57,SELL,USD,1,1,1583663
D#1645694,XAUUSD,100,288230376153313273,288230376152501796,288230376158857320,288230376158857144,964,2026-06-09T06:58:57.000Z,2026-06-09T07:15:01.000Z,55.35,-55.980000000000004,52.19,-3.16,0,0.09,4331.54,4325.61,4336.3,4325.76,SELL,USD,1,1,1583663
D#1645696,XAUUSD,100,288230376153313274,288230376152501871,288230376158857989,288230376158857774,877,2026-06-09T07:00:24.000Z,2026-06-09T07:15:01.000Z,-50.96,50.4,-53.76,-2.8,0,0.08,4331.99,4325.4,4326.05,4343.74,BUY,USD,1,1,1583663
D#1645641,XAUUSD,100,288230376153313276,288230376152502257,288230376158862247,288230376158862011,223,2026-06-09T07:11:18.000Z,2026-06-09T07:15:01.000Z,105,-106.4,98.0,-7,0,0.2,4330.64,4325.61,4332.98,4325.6,SELL,USD,1,1,1583663
D#1614596,XAUUSD,100,288230376153313286,288230376152497749,288230376158806655,288230376158806594,10555,2026-06-09T04:19:07.000Z,2026-06-09T07:15:02.000Z,-23.9,23.549999999999997,-25.66,-1.76,0,0.05,4330.58,4325.58,4325.47,4350.47,BUY,USD,1,1,1583663
D#1702415,XAUUSD,100,288230376153313297,288230376152502008,288230376158860251,288230376158859257,663,2026-06-09T07:04:00.000Z,2026-06-09T07:15:03.000Z,474.5,-478.0,457.0,-17.5,0,0.5,4333.42,4324.15,,4325.33,SELL,USD,1,1,1583663
D#1702397,XAUUSD,100,288230376153313356,288230376152501206,288230376158849445,288230376158849315,2470,2026-06-09T06:33:54.000Z,2026-06-09T07:15:04.000Z,-68.67,68.18,-71.13,-2.46,0,0.07,4333.37,4323.34,4324,4412,BUY,USD,1,1,1583663
D#1670997,XAUUSD,100,288230376153313320,288230376152501779,288230376158856974,288230376158852914,988,2026-06-09T06:58:36.000Z,2026-06-09T07:15:04.000Z,-28.23,28.02,-29.29,-1.06,0,0.03,4332.88,4323.25,4325,4350,BUY,USD,1,1,1583663
D#1670936,XAUUSD,100,288230376153313339,288230376152501887,288230376158857939,288230376158857935,860,2026-06-09T07:00:44.000Z,2026-06-09T07:15:04.000Z,-109.07,108.16,-113.63,-4.56,0,0.13,4331.98,4323.37,4323.41,4340.18,BUY,USD,1,1,1583663
D#1702390,XAUUSD,100,288230376153313327,288230376152501971,288230376158859607,288230376158858824,726,2026-06-09T07:02:58.000Z,2026-06-09T07:15:04.000Z,-24.48,24.27,-25.54,-1.06,0,0.03,4331.63,4323.25,4324.84,4352.92,BUY,USD,1,1,1583663
D#1671058,XAUUSD,100,288230376153313348,288230376152502306,288230376158862654,288230376158862651,112,2026-06-09T07:13:12.000Z,2026-06-09T07:15:04.000Z,104.85,-105.89999999999999,99.59,-5.26,0,0.15,4330.34,4323.57,4336.78,4323.45,SELL,USD,1,1,1583663
D#1702698,XAUUSD,100,288230376153313407,288230376152501763,288230376158863583,288230376158856718,1057,2026-06-09T06:57:44.000Z,2026-06-09T07:15:21.000Z,534.5,-538.0,517.0,-17.5,0,0.5,4334.02,4323.55,,,SELL,USD,1,1,1583663
D#1702387,XAUUSD,100,288230376153313427,288230376152502240,288230376158863655,288230376158861888,272,2026-06-09T07:10:59.000Z,2026-06-09T07:15:31.000Z,124.5,-126.6,114.0,-10.5,0,0.3,4328.73,4324.8,,,SELL,USD,1,1,1583663
D#1702502,XAUUSD,100,288230376153313511,288230376152502407,288230376158864082,288230376158863484,79,2026-06-09T07:15:10.000Z,2026-06-09T07:16:29.000Z,-0.68,0.6100000000000001,-1.04,-0.36,0,0.01,4324.11,4325.01,4332.55,4294.11,SELL,USD,1,1,1583663
D#1702420,XAUUSD,100,288230376153313537,288230376152502436,288230376158864264,288230376158863739,66,2026-06-09T07:15:44.000Z,2026-06-09T07:16:50.000Z,120.8,-123.6,106.8,-14,0,0.4,4323.76,4326.56,,,BUY,USD,1,1,1583663
D#1702590,XAUUSD,100,288230376153313544,288230376152502438,288230376158864317,288230376158863761,72,2026-06-09T07:15:46.000Z,2026-06-09T07:16:58.000Z,101.2,-104.0,87.2,-14,0,0.4,4324.42,4326.73,,,BUY,USD,1,1,1583663
D#1702381,XAUUSD,100,288230376153313600,288230376152498619,288230376158864601,288230376158817806,8312,2026-06-09T04:59:08.000Z,2026-06-09T07:17:40.000Z,11.04,-11.319999999999999,9.64,-1.4,0,0.04,4328.85,4326.31,,,SELL,USD,1,1,1583663
D#1702659,XAUUSD,100,288230376153313611,288230376152502516,288230376158864661,288230376158864514,29,2026-06-09T07:17:24.000Z,2026-06-09T07:17:53.000Z,-35.4,33.3,-45.9,-10.5,0,0.3,4326.03,4327.43,4327.22,,SELL,USD,1,1,1583663
D#1702558,XAUUSD,100,288230376153313628,288230376152502404,288230376158863473,288230376158863466,179,2026-06-09T07:15:08.000Z,2026-06-09T07:18:07.000Z,-56.54,55.769999999999996,-60.4,-3.86,0,0.11,4323.7,4329.06,4328.92,4318.34,SELL,USD,1,1,1583663
D#1702526,XAUUSD,100,288230376153313665,288230376152502267,288230376158864950,288230376158862119,410,2026-06-09T07:11:39.000Z,2026-06-09T07:18:29.000Z,6.1,-6.8,2.6,-3.5,0,0.1,4329.98,4329.59,,,SELL,USD,1,1,1583663
D#1702659,XAUUSD,100,288230376153313691,288230376152502547,288230376158864995,288230376158864821,46,2026-06-09T07:18:11.000Z,2026-06-09T07:18:57.000Z,-15.6,13.5,-26.1,-10.5,0,0.3,4329.78,4329.04,4329.01,,BUY,USD,1,1,1583663
D#1670937,XAUUSD,100,288230376153313703,288230376152502572,288230376158865253,288230376158865126,21,2026-06-09T07:18:53.000Z,2026-06-09T07:19:14.000Z,3.8,-5.2,-3.2,-7,0,0.2,4329.2,4329.23,,,SELL,USD,1,1,1583663
D#1702502,XAUUSD,100,288230376153313716,288230376152502585,288230376158865372,288230376158865289,17,2026-06-09T07:19:19.000Z,2026-06-09T07:19:36.000Z,0.17,-0.24000000000000002,-0.19,-0.36,0,0.01,4328.63,4328.58,,,BUY,USD,1,1,1583663
D#1670937,XAUUSD,100,288230376153313761,288230376152502586,288230376158865743,288230376158865305,82,2026-06-09T07:19:22.000Z,2026-06-09T07:20:44.000Z,-29.8,28.400000000000002,-36.8,-7,0,0.2,4328.37,4330.08,,,SELL,USD,1,1,1583663
D#1645694,XAUUSD,100,288230376153313775,288230376152502607,288230376158865817,288230376158865629,36,2026-06-09T07:20:22.000Z,2026-06-09T07:20:58.000Z,-28.71,27.94,-32.57,-3.86,0,0.11,4330.32,4327.49,4326.7,4335.11,BUY,USD,1,1,1583663
D#1702659,XAUUSD,100,288230376153313833,288230376152502615,288230376158865851,288230376158865777,73,2026-06-09T07:20:51.000Z,2026-06-09T07:22:04.000Z,12.6,-14.7,2.1,-10.5,0,0.3,4328.55,4328.35,4328.47,4322.23,SELL,USD,1,1,1583663
D#1670937,XAUUSD,100,288230376153313865,288230376152502622,288230376158866361,288230376158865864,92,2026-06-09T07:21:04.000Z,2026-06-09T07:22:36.000Z,-91.4,90.0,-98.4,-7,0,0.2,4326.1,4330.89,4330.68,4322.73,SELL,USD,1,1,1583663
D#1702502,XAUUSD,100,288230376153313903,288230376152502678,288230376158866628,288230376158866527,13,2026-06-09T07:22:51.000Z,2026-06-09T07:23:04.000Z,0.47,-0.54,0.11,-0.36,0,0.01,4329.51,4329.76,,,BUY,USD,1,1,1583663
D#1702526,XAUUSD,100,288230376153313910,288230376152502562,288230376158866673,288230376158864971,281,2026-06-09T07:18:32.000Z,2026-06-09T07:23:13.000Z,5.3,-6.0,1.8,-3.5,0,0.1,4329.56,4329.87,,,BUY,USD,1,1,1583663
D#1702659,XAUUSD,100,288230376153314061,288230376152502720,288230376158867053,288230376158866995,95,2026-06-09T07:24:03.000Z,2026-06-09T07:25:38.000Z,11.7,-13.799999999999999,1.2,-10.5,0,0.3,4329.51,4329.68,4329.82,,BUY,USD,1,1,1583663
D#1670997,XAUUSD,100,288230376153314159,288230376152502703,288230376158868027,288230376158866786,186,2026-06-09T07:23:31.000Z,2026-06-09T07:26:37.000Z,5.8,-6.5,2.3,-3.5,0,0.1,4329.83,4330.19,,,BUY,USD,1,1,1583663
D#1702576,XAUUSD,100,288230376153314205,288230376152502626,288230376158868275,288230376158865891,369,2026-06-09T07:21:08.000Z,2026-06-09T07:27:17.000Z,-90.8,88.0,-104.8,-14,0,0.4,4326.94,4329.43,,,SELL,USD,1,1,1583663
D#1702381,XAUUSD,100,288230376153314250,288230376152502576,288230376158868570,288230376158865166,554,2026-06-09T07:18:59.000Z,2026-06-09T07:28:13.000Z,-5,4.65,-6.76,-1.76,0,0.05,4329.13,4330.35,,,SELL,USD,1,1,1583663
D#1670997,XAUUSD,100,288230376153314459,288230376152502884,288230376158869815,288230376158868666,178,2026-06-09T07:28:33.000Z,2026-06-09T07:31:31.000Z,-25.2,24.5,-28.7,-3.5,0,0.1,4331.03,4328.29,,,BUY,USD,1,1,1583663
D#1670937,XAUUSD,100,288230376153314465,288230376152502672,288230376158869872,288230376158866477,539,2026-06-09T07:22:42.000Z,2026-06-09T07:31:41.000Z,-20.6,19.200000000000003,-27.6,-7,0,0.2,4329.58,4328.33,4323.06,4340.45,BUY,USD,1,1,1583663
D#1702576,XAUUSD,100,288230376153314467,288230376152502919,288230376158869875,288230376158869268,100,2026-06-09T07:30:02.000Z,2026-06-09T07:31:42.000Z,-105.2,102.4,-119.2,-14,0,0.4,4331.18,4328.33,,,BUY,USD,1,1,1583663
D#1702428,XAUUSD,100,288230376153314514,288230376152502894,288230376158869846,288230376158868909,183,2026-06-09T07:29:10.000Z,2026-06-09T07:32:13.000Z,-95.6,94.19999999999999,-102.6,-7,0,0.2,4331.41,4326.41,4327.2,4338.04,BUY,USD,1,1,1583663
D#1702556,XAUUSD,100,288230376153314526,288230376152502786,288230376158870129,288230376158867610,403,2026-06-09T07:25:38.000Z,2026-06-09T07:32:21.000Z,-113.04,110.52000000000001,-125.64,-12.6,0,0.36,4329.79,4326.43,4322.92,4345.82,BUY,USD,1,1,1583663
D#1702506,XAUUSD,100,288230376153314573,288230376152502490,288230376158866069,288230376158864282,980,2026-06-09T07:16:52.000Z,2026-06-09T07:33:12.000Z,-12.6,11.9,-16.1,-3.5,0,0.1,4327.12,4325.64,4325.92,4340.35,BUY,USD,1,1,1583663
D#1702741,XAUUSD,100,288230376153314572,288230376152502744,288230376158867497,288230376158867274,502,2026-06-09T07:24:50.000Z,2026-06-09T07:33:12.000Z,-38.2,37.5,-41.7,-3.5,0,0.1,4329.68,4325.64,4325.82,4336.28,BUY,USD,1,1,1583663
D#1702432,XAUUSD,100,288230376153314598,288230376152502825,288230376158870585,288230376158867887,429,2026-06-09T07:26:16.000Z,2026-06-09T07:33:25.000Z,-38.1,37.4,-41.6,-3.5,0,0.1,4330.32,4326.29,4323.23,4350.75,BUY,USD,1,1,1583663
D#1702420,XAUUSD,100,288230376153314654,288230376152502778,288230376158870912,288230376158867549,531,2026-06-09T07:25:29.000Z,2026-06-09T07:34:20.000Z,75.8,-77.2,68.8,-7,0,0.2,4330.04,4326.47,,,SELL,USD,1,1,1583663
D#1671088,XAUUSD,100,288230376153314658,288230376152502717,288230376158870923,288230376158866976,620,2026-06-09T07:24:01.000Z,2026-06-09T07:34:21.000Z,86,-88.8,72.0,-14,0,0.4,4328.44,4326.51,,,SELL,USD,1,1,1583663
D#1702590,XAUUSD,100,288230376153314689,288230376152502781,288230376158871171,288230376158867565,573,2026-06-09T07:25:32.000Z,2026-06-09T07:35:05.000Z,83,-84.4,76.0,-7,0,0.2,4329.97,4326.04,,,SELL,USD,1,1,1583663
D#1702659,XAUUSD,100,288230376153314715,288230376152502946,288230376158871330,288230376158869579,276,2026-06-09T07:30:55.000Z,2026-06-09T07:35:31.000Z,140.7,-142.79999999999998,130.2,-10.5,0,0.3,4329.71,4325.24,4327.7,4320.94,SELL,USD,1,1,1583663
D#1702558,XAUUSD,100,288230376153314730,288230376152502938,288230376158871384,288230376158869470,303,2026-06-09T07:30:35.000Z,2026-06-09T07:35:38.000Z,60.17,-60.940000000000005,56.31,-3.86,0,0.11,4329.64,4324.39,4333.6,4323.53,SELL,USD,1,1,1583663
D#1702659,XAUUSD,100,288230376153314781,288230376152503131,288230376158871759,288230376158871426,56,2026-06-09T07:35:46.000Z,2026-06-09T07:36:42.000Z,30.9,-33.0,20.4,-10.5,0,0.3,4325.15,4325.96,4323.76,,BUY,USD,1,1,1583663
D#1702727,XAUUSD,100,288230376153314848,288230376152499950,288230376158872213,288230376158832507,6832,2026-06-09T05:44:14.000Z,2026-06-09T07:38:06.000Z,355.65,-356.7,350.39,-5.26,0,0.15,4348.65,4325.16,,4320.13,SELL,USD,1,1,1583663
D#1614603,XAUUSD,100,288230376153314895,288230376152501893,288230376158865471,288230376158858015,2300,2026-06-09T07:00:54.000Z,2026-06-09T07:39:14.000Z,-136.65,135.6,-141.91,-5.26,0,0.15,4332.03,4322.7,4323.02,4353.13,BUY,USD,1,1,1583663
D#1702390,XAUUSD,100,288230376153314920,288230376152502543,288230376158865072,288230376158864801,1267,2026-06-09T07:18:08.000Z,2026-06-09T07:39:15.000Z,-20.4,20.189999999999998,-21.46,-1.06,0,0.03,4329.33,4322.31,4322.44,4349.79,BUY,USD,1,1,1583663
D#1702452,XAUUSD,100,288230376153314914,288230376152502592,288230376158865855,288230376158865417,1170,2026-06-09T07:19:45.000Z,2026-06-09T07:39:15.000Z,-58.6,57.9,-62.1,-3.5,0,0.1,4328.61,4322.53,4322.7,4353.4,BUY,USD,1,1,1583663
D#1702432,XAUUSD,100,288230376153314926,288230376152503111,288230376158872613,288230376158871234,241,2026-06-09T07:35:15.000Z,2026-06-09T07:39:16.000Z,26.6,-27.3,23.1,-3.5,0,0.1,4325.09,4322.65,4329.26,4313.77,SELL,USD,1,1,1583663
D#1702741,XAUUSD,100,288230376153314952,288230376152503172,288230376158872408,288230376158871942,162,2026-06-09T07:37:16.000Z,2026-06-09T07:39:58.000Z,2.1,-2.8000000000000003,-1.4,-3.5,0,0.1,4325.79,4325.8,4325.69,4316.91,SELL,USD,1,1,1583663
D#1702387,XAUUSD,100,288230376153314953,288230376152503226,288230376158872828,288230376158872611,43,2026-06-09T07:39:16.000Z,2026-06-09T07:39:59.000Z,-78.5,76.75,-87.26,-8.76,0,0.25,4322.47,4325.83,,,SELL,USD,1,1,1583663
D#1702659,XAUUSD,100,288230376153314980,288230376152503214,288230376158872991,288230376158872416,107,2026-06-09T07:38:39.000Z,2026-06-09T07:40:26.000Z,20.1,-22.200000000000003,9.6,-10.5,0,0.3,4325.43,4325.88,,,BUY,USD,1,1,1583663
D#1702479,XAUUSD,100,288230376153315020,288230376152502254,288230376158873319,288230376158861951,1820,2026-06-09T07:11:08.000Z,2026-06-09T07:41:28.000Z,13.35,-13.7,11.59,-1.76,0,0.05,4329.21,4326.76,4339.32,4306.32,SELL,USD,1,1,1583663
D#1702428,XAUUSD,100,288230376153315274,288230376152503066,288230376158874818,288230376158870734,726,2026-06-09T07:33:51.000Z,2026-06-09T07:45:57.000Z,17.85,-18.34,15.39,-2.46,0,0.07,4327.04,4329.37,,4343.74,BUY,USD,1,1,1583663
D#1702659,XAUUSD,100,288230376153315479,288230376152503262,288230376158873138,288230376158873025,577,2026-06-09T07:40:33.000Z,2026-06-09T07:50:10.000Z,6,-8.1,-4.5,-10.5,0,0.3,4325.76,4325.74,4325.88,4340.07,BUY,USD,1,1,1583663
D#1702545,XAUUSD,100,288230376153315523,288230376152503528,288230376158876545,288230376158876138,83,2026-06-09T07:50:05.000Z,2026-06-09T07:51:28.000Z,-8.88,8.600000000000001,-10.28,-1.4,0,0.04,4326.24,4328.68,,,SELL,USD,1,1,1583663
D#1645756,XAUUSD,100,288230376153315561,288230376152499068,288230376158876855,288230376158823373,9261,2026-06-09T05:18:10.000Z,2026-06-09T07:52:31.000Z,40.96,-41.52,38.16,-2.8,0,0.08,4332.11,4327.21,4351.98,4281.94,SELL,USD,1,1,1583663
D#1702387,XAUUSD,100,288230376153315772,288230376152503545,288230376158878195,288230376158876437,359,2026-06-09T07:51:05.000Z,2026-06-09T07:57:04.000Z,-34.65,32.199999999999996,-46.91,-12.26,0,0.35,4328.46,4327.25,,,BUY,USD,1,1,1583663
D#1702428,XAUUSD,100,288230376153315778,288230376152503580,288230376158878233,288230376158876936,265,2026-06-09T07:52:46.000Z,2026-06-09T07:57:11.000Z,20.2,-21.599999999999998,13.2,-7,0,0.2,4325.93,4326.72,,4331.28,BUY,USD,1,1,1583663
D#1702366,XAUUSD,100,288230376153315855,288230376152503713,288230376158878683,288230376158878577,55,2026-06-09T07:58:26.000Z,2026-06-09T07:59:21.000Z,-40.5,37.35,-56.26,-15.76,0,0.45,4327.5,4326.38,4326.51,4328.86,BUY,USD,1,1,1583663
D#1702659,XAUUSD,100,288230376153315930,288230376152503544,288230376158876519,288230376158876433,598,2026-06-09T07:51:04.000Z,2026-06-09T08:01:02.000Z,-102.6,100.5,-113.1,-10.5,0,0.3,4328.49,4324.85,4324.5,4342.23,BUY,USD,1,1,1583663
D#1614603,XAUUSD,100,288230376153315941,288230376152503397,288230376158875033,288230376158874579,952,2026-06-09T07:45:16.000Z,2026-06-09T08:01:08.000Z,-100,98.6,-107.0,-7,0,0.2,4328.78,4323.56,4324.12,4352.16,BUY,USD,1,1,1583663
D#1702366,XAUUSD,100,288230376153315955,288230376152503727,288230376158879439,288230376158878899,92,2026-06-09T07:59:37.000Z,2026-06-09T08:01:09.000Z,-127.8,124.64999999999999,-143.56,-15.76,0,0.45,4326.79,4323.73,,4328.66,BUY,USD,1,1,1583663
D#1702452,XAUUSD,100,288230376153315957,288230376152503301,288230376158879447,288230376158873510,1144,2026-06-09T07:42:07.000Z,2026-06-09T08:01:11.000Z,-148.95,145.79999999999998,-164.71,-15.76,0,0.45,4327.39,4323.86,4318.66,4339.06,BUY,USD,1,1,1583663
D#1702367,XAUUSD,100,288230376153315960,288230376152494568,288230376158879455,288230376158764473,21610,2026-06-09T02:01:02.000Z,2026-06-09T08:01:12.000Z,-36.27,36.06,-37.33,-1.06,0,0.03,4335.7,4323.39,,,BUY,USD,1,1,1583663
D#1702598,XAUUSD,100,288230376153315981,288230376152503373,288230376158874413,288230376158874346,1004,2026-06-09T07:44:36.000Z,2026-06-09T08:01:20.000Z,124.8,-126.89999999999999,114.3,-10.5,0,0.3,4327.45,4323.51,4331.8,4323.19,SELL,USD,1,1,1583663
D#1702659,XAUUSD,100,288230376153316054,288230376152503798,288230376158879721,288230376158879653,55,2026-06-09T08:01:42.000Z,2026-06-09T08:02:37.000Z,11,-14.5,-6.5,-17.5,0,0.5,4324.05,4324.05,4324.46,4332.76,BUY,USD,1,1,1583663
D#1702659,XAUUSD,100,288230376153316097,288230376152503832,288230376158880238,288230376158880127,27,2026-06-09T08:03:05.000Z,2026-06-09T08:03:32.000Z,-94,90.5,-111.5,-17.5,0,0.5,4323.89,4325.99,4325.84,,SELL,USD,1,1,1583663
D#1702659,XAUUSD,100,288230376153316117,288230376152503845,288230376158880374,288230376158880301,14,2026-06-09T08:03:36.000Z,2026-06-09T08:03:50.000Z,7.5,-11.0,-10.0,-17.5,0,0.5,4325.78,4325.85,,,SELL,USD,1,1,1583663
D#1702589,XAUUSD,100,288230376153316165,288230376152503722,288230376158880648,288230376158878789,334,2026-06-09T07:59:09.000Z,2026-06-09T08:04:43.000Z,16.25,-16.6,14.49,-1.76,0,0.05,4326.71,4323.68,4356.14,4287.71,SELL,USD,1,1,1583663
D#1614603,XAUUSD,100,288230376153316177,288230376152503843,288230376158880394,288230376158880294,86,2026-06-09T08:03:35.000Z,2026-06-09T08:05:01.000Z,62.6,-64.0,55.6,-7,0,0.2,4325.73,4322.82,,4322.72,SELL,USD,1,1,1583663
D#1702741,XAUUSD,100,288230376153316210,288230376152503249,288230376158873017,288230376158872893,1497,2026-06-09T07:40:09.000Z,2026-06-09T08:05:06.000Z,-39.8,39.099999999999994,-43.3,-3.5,0,0.1,4326.37,4322.17,4322.22,4336.89,BUY,USD,1,1,1583663
D#1671058,XAUUSD,100,288230376153316227,288230376152502593,288230376158865463,288230376158865460,2712,2026-06-09T07:19:55.000Z,2026-06-09T08:05:07.000Z,100.35,-101.39999999999999,95.09,-5.26,0,0.15,4328.49,4322.02,4335.24,4321.91,SELL,USD,1,1,1583663
D#1645671,XAUUSD,100,288230376153316237,288230376152502989,288230376158870247,288230376158869980,1991,2026-06-09T07:31:59.000Z,2026-06-09T08:05:10.000Z,-55.3,54.599999999999994,-58.8,-3.5,0,0.1,4327.52,4321.77,4321.92,4360.46,BUY,USD,1,1,1583663
D#1702446,XAUUSD,100,288230376153316247,288230376152502730,288230376158874034,288230376158867099,2452,2026-06-09T07:24:21.000Z,2026-06-09T08:05:13.000Z,-73.4,72.7,-76.9,-3.5,0,0.1,4329.22,4321.66,4321.74,4338.86,BUY,USD,1,1,1583663
D#1702428,XAUUSD,100,288230376153316288,288230376152503761,288230376158880900,288230376158879258,276,2026-06-09T08:00:45.000Z,2026-06-09T08:05:21.000Z,-135.36,133.12,-146.56,-11.2,0,0.32,4325.78,4321.33,,4330.07,BUY,USD,1,1,1583663
D#1671061,XAUUSD,100,288230376153316328,288230376152502768,288230376158881078,288230376158867472,2431,2026-06-09T07:25:18.000Z,2026-06-09T08:05:49.000Z,-43.4,43.05,-45.16,-1.76,0,0.05,4330.77,4321.87,,,BUY,USD,1,1,1583663
D#1702582,XAUUSD,100,288230376153316371,288230376152503492,288230376158881383,288230376158875684,1098,2026-06-09T07:48:30.000Z,2026-06-09T08:06:48.000Z,170.33,-172.64000000000001,158.77,-11.56,0,0.33,4327.08,4322.56,,4318.49,SELL,USD,1,1,1583663
D#1702387,XAUUSD,100,288230376153316450,288230376152503883,288230376158881855,288230376158880742,189,2026-06-09T08:05:02.000Z,2026-06-09T08:08:11.000Z,-72.4,69.60000000000001,-86.4,-14,0,0.4,4322.51,4324.54,,,SELL,USD,1,1,1583663
D#1702486,XAUUSD,100,288230376153316503,288230376152503857,288230376158882102,288230376158880416,293,2026-06-09T08:03:59.000Z,2026-06-09T08:08:52.000Z,0.64,-0.71,0.28,-0.36,0,0.01,4325.31,4325.73,,4335.91,BUY,USD,1,1,1583663
D#1702504,XAUUSD,100,288230376153316571,288230376152503320,288230376158881358,288230376158873738,1619,2026-06-09T07:42:51.000Z,2026-06-09T08:09:50.000Z,11.4,-12.1,7.9,-3.5,0,0.1,4327.71,4326.79,4326.62,4269.47,SELL,USD,1,1,1583663
D#1702674,XAUUSD,100,288230376153316619,288230376152503946,288230376158881513,288230376158881256,232,2026-06-09T08:06:23.000Z,2026-06-09T08:10:15.000Z,-21.75,21.4,-23.51,-1.76,0,0.05,4323.14,4327.71,4327.45,4318.2,SELL,USD,1,1,1583663
D#1702545,XAUUSD,100,288230376153316709,288230376152503728,288230376158883002,288230376158878907,690,2026-06-09T07:59:39.000Z,2026-06-09T08:11:09.000Z,-6.04,5.76,-7.44,-1.4,0,0.04,4326.6,4328.33,,,SELL,USD,1,1,1583663
D#1702598,XAUUSD,100,288230376153316769,288230376152503812,288230376158879986,288230376158879785,585,2026-06-09T08:02:03.000Z,2026-06-09T08:11:48.000Z,149.7,-151.79999999999998,139.2,-10.5,0,0.3,4325.84,4330.61,4318.03,4330.72,BUY,USD,1,1,1583663
D#1702339,XAUUSD,100,288230376153316842,288230376152504039,288230376158883688,288230376158882178,207,2026-06-09T08:09:03.000Z,2026-06-09T08:12:30.000Z,172.67,-174.83999999999997,161.81,-10.86,0,0.31,4326.15,4331.5,,,BUY,USD,1,1,1583663
D#1702432,XAUUSD,100,288230376153316871,288230376152503250,288230376158873714,288230376158872896,1944,2026-06-09T07:40:09.000Z,2026-06-09T08:12:33.000Z,-192.6,190.5,-203.1,-10.5,0,0.3,4326.2,4332.84,4332.81,4312.3,SELL,USD,1,1,1583663
D#1670977,XAUUSD,100,288230376153316859,288230376152503374,288230376158874507,288230376158874351,1676,2026-06-09T07:44:37.000Z,2026-06-09T08:12:33.000Z,82.95,-84.0,77.69,-5.26,0,0.15,4327.61,4332.92,,4332.4,BUY,USD,1,1,1583663
D#1670864,XAUUSD,100,288230376153316901,288230376152502320,288230376158862896,288230376158862816,3521,2026-06-09T07:13:53.000Z,2026-06-09T08:12:34.000Z,-63,62.3,-66.5,-3.5,0,0.1,4328.53,4335.05,4333.82,4318.82,SELL,USD,1,1,1583663
D#1645696,XAUUSD,100,288230376153316903,288230376152502469,288230376158864181,288230376158864033,3373,2026-06-09T07:16:21.000Z,2026-06-09T08:12:34.000Z,103,-103.7,99.5,-3.5,0,0.1,4324.77,4334.85,4315.63,4334.26,BUY,USD,1,1,1583663
D#1645694,XAUUSD,100,288230376153316894,288230376152502621,288230376158865920,288230376158865860,3091,2026-06-09T07:21:03.000Z,2026-06-09T08:12:34.000Z,-103.08,102.24,-107.28,-4.2,0,0.12,4326.21,4335.02,4333.92,4318.94,SELL,USD,1,1,1583663
D#1702540,XAUUSD,100,288230376153316902,288230376152503015,288230376158870628,288230376158870096,2419,2026-06-09T07:32:15.000Z,2026-06-09T08:12:34.000Z,-42,41.65,-43.76,-1.76,0,0.05,4326.43,4335.05,4333.74,4302.09,SELL,USD,1,1,1583663
D#1670936,XAUUSD,100,288230376153316910,288230376152503292,288230376158873414,288230376158873410,1847,2026-06-09T07:41:47.000Z,2026-06-09T08:12:34.000Z,105.95,-106.86,101.39,-4.56,0,0.13,4326.48,4334.41,4317.6,4334.92,BUY,USD,1,1,1583663
D#1702703,XAUUSD,100,288230376153316906,288230376152503653,288230376158877942,288230376158877800,1013,2026-06-09T07:55:41.000Z,2026-06-09T08:12:34.000Z,-70.7,70.0,-74.2,-3.5,0,0.1,4327.51,4334.8,4333.94,4314.13,SELL,USD,1,1,1583663
D#1702545,XAUUSD,100,288230376153316959,288230376152504156,288230376158883833,288230376158883252,67,2026-06-09T08:11:34.000Z,2026-06-09T08:12:41.000Z,47.8,-48.5,44.3,-3.5,0,0.1,4329.97,4334.53,,,BUY,USD,1,1,1583663
D#1702437,XAUUSD,100,288230376153316996,288230376152502483,288230376158864683,288230376158864221,3368,2026-06-09T07:16:44.000Z,2026-06-09T08:12:52.000Z,99.2,-99.9,95.7,-3.5,0,0.1,4325.61,4335.31,,4335.32,BUY,USD,1,1,1583663
D#1702526,XAUUSD,100,288230376153316999,288230376152502697,288230376158870936,288230376158866690,2976,2026-06-09T07:23:16.000Z,2026-06-09T08:12:52.000Z,-55.7,55.0,-59.2,-3.5,0,0.1,4329.69,4335.48,4335.27,4317.83,SELL,USD,1,1,1583663
D#1670950,XAUUSD,100,288230376153317064,288230376152504123,288230376158884115,288230376158882869,146,2026-06-09T08:10:49.000Z,2026-06-09T08:13:15.000Z,137,-138.4,130.0,-7,0,0.2,4328.48,4335.11,,,BUY,USD,1,1,1583663
D#1702387,XAUUSD,100,288230376153317081,288230376152504153,288230376158884191,288230376158883221,116,2026-06-09T08:11:28.000Z,2026-06-09T08:13:24.000Z,250,-253.5,232.5,-17.5,0,0.5,4329.9,4334.68,,,BUY,USD,1,1,1583663
D#1670985,XAUUSD,100,288230376153317162,288230376152503571,288230376158884492,288230376158876808,1300,2026-06-09T07:52:22.000Z,2026-06-09T08:14:02.000Z,44.2,-44.900000000000006,40.7,-3.5,0,0.1,4327.19,4331.39,,4337,BUY,USD,1,1,1583663
D#1702545,XAUUSD,100,288230376153317374,288230376152504225,288230376158885462,288230376158883920,192,2026-06-09T08:12:52.000Z,2026-06-09T08:16:04.000Z,-0.7,-1.1102230246251565e-16,-4.2,-3.5,0,0.1,4334.89,4334.6,,,BUY,USD,1,1,1583663
D#1702463,XAUUSD,100,288230376153317565,288230376152502318,288230376158886236,288230376158862875,3833,2026-06-09T07:13:51.000Z,2026-06-09T08:17:44.000Z,31.4,-32.1,27.9,-3.5,0,0.1,4330.13,4333.05,,4338,BUY,USD,1,1,1583663
D#1702504,XAUUSD,100,288230376153317702,288230376152504558,288230376158887165,288230376158886771,74,2026-06-09T08:19:09.000Z,2026-06-09T08:20:23.000Z,9,-10.4,2.0,-7,0,0.2,4332.6,4332.83,,4352,BUY,USD,1,1,1583663
D#1702414,XAUUSD,100,288230376153317744,288230376152499281,288230376158887491,288230376158825958,10465,2026-06-09T05:26:58.000Z,2026-06-09T08:21:23.000Z,-4.44,4.16,-5.84,-1.4,0,0.04,4333.13,4334.46,,,SELL,USD,1,1,1583663
D#1702486,XAUUSD,100,288230376153317881,288230376152504181,288230376158888586,288230376158883593,742,2026-06-09T08:12:17.000Z,2026-06-09T08:24:39.000Z,53.2,-56.0,39.2,-14,0,0.4,4331.35,4332.46,,4341.76,BUY,USD,1,1,1583663
D#1671050,XAUUSD,100,288230376153317970,288230376152504702,288230376158889262,288230376158888750,99,2026-06-09T08:25:07.000Z,2026-06-09T08:26:46.000Z,20.85,-21.900000000000002,15.59,-5.26,0,0.15,4332.21,4333.38,,,BUY,USD,1,1,1583663
D#1670950,XAUUSD,100,288230376153318101,288230376152504766,288230376158890256,288230376158889618,106,2026-06-09T08:27:58.000Z,2026-06-09T08:29:44.000Z,9.4,-10.8,2.4,-7,0,0.2,4334.49,4334.74,,,BUY,USD,1,1,1583663
D#1702636,XAUUSD,100,288230376153318112,288230376152502291,288230376158890341,288230376158862437,4646,2026-06-09T07:12:34.000Z,2026-06-09T08:30:00.000Z,40.8,-41.5,37.3,-3.5,0,0.1,4330.96,4334.82,4319.14,,BUY,USD,1,1,1583663
D#1702381,XAUUSD,100,288230376153318177,288230376152502877,288230376158890841,288230376158868589,3801,2026-06-09T07:28:17.000Z,2026-06-09T08:31:38.000Z,22.95,-23.3,21.19,-1.76,0,0.05,4330.4,4334.77,4310.71,,BUY,USD,1,1,1583663
D#1702486,XAUUSD,100,288230376153318206,288230376152504773,288230376158891024,288230376158889706,243,2026-06-09T08:28:11.000Z,2026-06-09T08:32:14.000Z,9.6,-12.4,-4.4,-14,0,0.4,4334.12,4334.14,,4344.68,BUY,USD,1,1,1583663
D#1702545,XAUUSD,100,288230376153318216,288230376152504848,288230376158891106,288230376158890985,28,2026-06-09T08:32:05.000Z,2026-06-09T08:32:33.000Z,28.4,-31.2,14.4,-14,0,0.4,4334.38,4334.87,,,BUY,USD,1,1,1583663
D#1702387,XAUUSD,100,288230376153318229,288230376152504825,288230376158891192,288230376158890610,117,2026-06-09T08:30:50.000Z,2026-06-09T08:32:47.000Z,-79.6,76.8,-93.6,-14,0,0.4,4336.08,4333.87,,,BUY,USD,1,1,1583663
D#1702500,XAUUSD,100,288230376153318314,288230376152500306,288230376158890041,288230376158836687,9522,2026-06-09T05:56:20.000Z,2026-06-09T08:35:02.000Z,-54.1,53.75,-55.86,-1.76,0,0.05,4342.03,4330.99,4331.21,4364.06,BUY,USD,1,1,1583663
D#1702589,XAUUSD,100,288230376153318407,288230376152504903,288230376158892256,288230376158891816,85,2026-06-09T08:34:59.000Z,2026-06-09T08:36:24.000Z,2.25,-2.6,0.49,-1.76,0,0.05,4331.17,4330.94,,,SELL,USD,1,1,1583663
D#1702486,XAUUSD,100,288230376153318419,288230376152504940,288230376158892324,288230376158892278,9,2026-06-09T08:36:29.000Z,2026-06-09T08:36:38.000Z,-7.6,4.799999999999999,-21.6,-14,0,0.4,4331.05,4331.46,,,SELL,USD,1,1,1583663
D#1670970,XAUUSD,100,288230376153318426,288230376152504869,288230376158892385,288230376158891278,230,2026-06-09T08:33:02.000Z,2026-06-09T08:36:52.000Z,32.6,-33.300000000000004,29.1,-3.5,0,0.1,4334.52,4331.48,4339.91,,SELL,USD,1,1,1583663
D#1645671,XAUUSD,100,288230376153318456,288230376152504931,288230376158892658,288230376158892167,104,2026-06-09T08:36:05.000Z,2026-06-09T08:37:49.000Z,-9.5,8.8,-13.0,-3.5,0,0.1,4331.1,4332.27,,,SELL,USD,1,1,1583663
D#1702388,XAUUSD,100,288230376153318461,288230376152504718,288230376158892668,288230376158888928,730,2026-06-09T08:25:41.000Z,2026-06-09T08:37:51.000Z,4.92,-5.76,0.72,-4.2,0,0.12,4332.42,4332.23,4336.39,4330.54,SELL,USD,1,1,1583663
D#1702387,XAUUSD,100,288230376153318523,288230376152504902,288230376158893079,288230376158891811,263,2026-06-09T08:34:58.000Z,2026-06-09T08:39:21.000Z,-126.5,122.65,-145.76,-19.26,0,0.55,4331.13,4333.65,,,SELL,USD,1,1,1583663
D#1670970,XAUUSD,100,288230376153318532,288230376152504999,288230376158893038,288230376158893036,12,2026-06-09T08:39:12.000Z,2026-06-09T08:39:24.000Z,-80.5,77.0,-98.0,-17.5,0,0.5,4332.94,4334.77,4334.07,,SELL,USD,1,1,1583663
D#1670970,XAUUSD,100,288230376153318653,288230376152505015,288230376158893175,288230376158893173,170,2026-06-09T08:39:38.000Z,2026-06-09T08:42:28.000Z,-52,48.5,-69.5,-17.5,0,0.5,4334.6,4335.86,4335.7,,SELL,USD,1,1,1583663
D#1670862,XAUUSD,100,288230376153318677,288230376152504912,288230376158894109,288230376158891970,452,2026-06-09T08:35:25.000Z,2026-06-09T08:42:57.000Z,-209.2,206.39999999999998,-223.2,-14,0,0.4,4330.59,4336.04,4336.42,,SELL,USD,1,1,1583663
D#1671053,XAUUSD,100,288230376153318692,288230376152502209,288230376158861593,288230376158861497,5581,2026-06-09T07:10:02.000Z,2026-06-09T08:43:03.000Z,86.4,-87.80000000000001,79.4,-7,0,0.2,4332.21,4336.31,,4336.35,BUY,USD,1,1,1583663
D#1702388,XAUUSD,100,288230376153318689,288230376152504992,288230376158892972,288230376158892788,247,2026-06-09T08:38:56.000Z,2026-06-09T08:43:03.000Z,-51.3,50.04,-57.6,-6.3,0,0.18,4333.42,4336.49,4336.15,,SELL,USD,1,1,1583663
D#1670970,XAUUSD,100,288230376153318702,288230376152505089,288230376158894026,288230376158894024,24,2026-06-09T08:42:41.000Z,2026-06-09T08:43:05.000Z,-68.5,65.0,-86.0,-17.5,0,0.5,4335.32,4336.91,4336.47,,SELL,USD,1,1,1583663
D#1670970,XAUUSD,100,288230376153318726,288230376152505116,288230376158894253,288230376158894214,7,2026-06-09T08:43:13.000Z,2026-06-09T08:43:20.000Z,14,-17.5,-3.5,-17.5,0,0.5,4335.76,4335.7,4336.79,,SELL,USD,1,1,1583663
D#1702387,XAUUSD,100,288230376153318779,288230376152505074,288230376158894591,288230376158893586,125,2026-06-09T08:42:15.000Z,2026-06-09T08:44:20.000Z,75.99,-79.56,58.13,-17.86,0,0.51,4335.22,4336.49,,,BUY,USD,1,1,1583663
D#1670993,XAUUSD,100,288230376153318809,288230376152505161,288230376158894830,288230376158894675,33,2026-06-09T08:44:33.000Z,2026-06-09T08:45:06.000Z,30.5,-34.0,13.0,-17.5,0,0.5,4335.54,4335.15,,,SELL,USD,1,1,1583663
D#1670993,XAUUSD,100,288230376153318875,288230376152505194,288230376158895153,288230376158895030,21,2026-06-09T08:45:45.000Z,2026-06-09T08:46:06.000Z,81,-84.5,63.5,-17.5,0,0.5,4334.89,4333.49,,,SELL,USD,1,1,1583663
D#1702502,XAUUSD,100,288230376153318889,288230376152503664,288230376158895260,288230376158877910,3018,2026-06-09T07:56:08.000Z,2026-06-09T08:46:26.000Z,4.56,-4.63,4.2,-0.36,0,0.01,4328.36,4332.7,,,BUY,USD,1,1,1583663
D#1670862,XAUUSD,100,288230376153318906,288230376152505112,288230376158895361,288230376158894172,224,2026-06-09T08:43:06.000Z,2026-06-09T08:46:50.000Z,-136.2,134.1,-146.7,-10.5,0,0.3,4336.73,4331.97,,,BUY,USD,1,1,1583663
D#1670864,XAUUSD,100,288230376153318941,288230376152505106,288230376158894137,288230376158892888,278,2026-06-09T08:43:03.000Z,2026-06-09T08:47:41.000Z,-53.1,52.4,-56.6,-3.5,0,0.1,4336.49,4330.96,4331.17,4343.35,BUY,USD,1,1,1583663
D#1702388,XAUUSD,100,288230376153318962,288230376152505213,288230376158895149,288230376158895147,115,2026-06-09T08:46:05.000Z,2026-06-09T08:48:00.000Z,-53.89,52.7,-59.85,-5.96,0,0.17,4333.75,4330.36,4330.62,,BUY,USD,1,1,1583663
D#1702387,XAUUSD,100,288230376153319007,288230376152505254,288230376158895894,288230376158895663,44,2026-06-09T08:47:53.000Z,2026-06-09T08:48:37.000Z,67.32,-70.88999999999999,49.46,-17.86,0,0.51,4330.57,4329.47,,,SELL,USD,1,1,1583663
D#1670884,XAUUSD,100,288230376153319008,288230376152504916,288230376158895900,288230376158892015,785,2026-06-09T08:35:34.000Z,2026-06-09T08:48:39.000Z,33.4,-34.8,26.4,-7,0,0.2,4330.92,4329.47,,,SELL,USD,1,1,1583663
D#1702653,XAUUSD,100,288230376153319022,288230376152504590,288230376158887468,288230376158887272,1681,2026-06-09T08:20:41.000Z,2026-06-09T08:48:42.000Z,-205.15,201.3,-224.41,-19.26,0,0.55,4332.31,4328.36,4328.51,4340.21,BUY,USD,1,1,1583663
D#1670936,XAUUSD,100,288230376153319070,288230376152504815,288230376158890386,288230376158890383,1161,2026-06-09T08:30:06.000Z,2026-06-09T08:49:27.000Z,-98.28,97.37,-102.84,-4.56,0,0.13,4335.28,4327.5,4327.69,4343.7,BUY,USD,1,1,1583663
D#1702545,XAUUSD,100,288230376153319069,288230376152505217,288230376158895220,288230376158895219,189,2026-06-09T08:46:18.000Z,2026-06-09T08:49:27.000Z,-221.2,218.39999999999998,-235.2,-14,0,0.4,4333.21,4327.46,4327.61,4341.42,BUY,USD,1,1,1583663
D#1589409,XAUUSD,100,288230376153319072,288230376152505273,288230376158896196,288230376158895836,68,2026-06-09T08:48:25.000Z,2026-06-09T08:49:33.000Z,79.2,-82.0,65.2,-14,0,0.4,4329.56,4327.8,,,SELL,USD,1,1,1583663
D#1702582,XAUUSD,100,288230376153319079,288230376152504528,288230376158896254,288230376158886383,1899,2026-06-09T08:18:09.000Z,2026-06-09T08:49:48.000Z,79.2,-80.60000000000001,72.2,-7,0,0.2,4332.38,4328.64,,,SELL,USD,1,1,1583663
D#1702589,XAUUSD,100,288230376153319120,288230376152504947,288230376158896450,288230376158892336,816,2026-06-09T08:36:41.000Z,2026-06-09T08:50:17.000Z,117.6,-119.69999999999999,107.1,-10.5,0,0.3,4331.17,4327.47,4353.29,4315.51,SELL,USD,1,1,1583663
D#1702598,XAUUSD,100,288230376153319130,288230376152504358,288230376158884993,288230376158884890,2127,2026-06-09T08:14:54.000Z,2026-06-09T08:50:21.000Z,134.1,-136.2,123.6,-10.5,0,0.3,4331.3,4327.05,4336.88,4326.95,SELL,USD,1,1,1583663
D#1702399,XAUUSD,100,288230376153319159,288230376152504634,288230376158889092,288230376158887817,1691,2026-06-09T08:22:24.000Z,2026-06-09T08:50:35.000Z,-134,132.6,-141.0,-7,0,0.2,4332.8,4325.88,4325.99,4343,BUY,USD,1,1,1583663
D#1702545,XAUUSD,100,288230376153319164,288230376152505320,288230376158896600,288230376158896357,32,2026-06-09T08:50:05.000Z,2026-06-09T08:50:37.000Z,75.5,-79.0,58.0,-17.5,0,0.5,4328.04,4326.75,,,SELL,USD,1,1,1583663
D#1702437,XAUUSD,100,288230376153319204,288230376152504806,288230376158895940,288230376158890235,1302,2026-06-09T08:29:41.000Z,2026-06-09T08:51:23.000Z,63.8,-64.5,60.3,-3.5,0,0.1,4335.21,4329.05,4328.96,4325.65,SELL,USD,1,1,1583663
D#1702476,XAUUSD,100,288230376153319225,288230376152504722,288230376158896982,288230376158888992,1555,2026-06-09T08:25:54.000Z,2026-06-09T08:51:49.000Z,111.68,-113.92,100.48,-11.2,0,0.32,4332.32,4329.05,,,SELL,USD,1,1,1583663
D#1702502,XAUUSD,100,288230376153319244,288230376152505225,288230376158897172,288230376158895330,342,2026-06-09T08:46:43.000Z,2026-06-09T08:52:25.000Z,-3.92,3.85,-4.28,-0.36,0,0.01,4332.22,4328.08,,,BUY,USD,1,1,1583663
D#1702545,XAUUSD,100,288230376153319527,288230376152505425,288230376158898506,288230376158897479,197,2026-06-09T08:53:26.000Z,2026-06-09T08:56:43.000Z,34.5,-38.0,17.0,-17.5,0,0.5,4329.51,4329.98,,,BUY,USD,1,1,1583663
D#1702437,XAUUSD,100,288230376153319695,288230376152505550,288230376158899201,288230376158898663,125,2026-06-09T08:57:08.000Z,2026-06-09T08:59:13.000Z,-33.5,32.8,-37.0,-3.5,0,0.1,4330.63,4327.06,4327.12,4340.13,BUY,USD,1,1,1583663
D#1702399,XAUUSD,100,288230376153319738,288230376152505377,288230376158899695,288230376158896834,539,2026-06-09T08:51:21.000Z,2026-06-09T09:00:20.000Z,-65.01,62.7,-76.57,-11.56,0,0.33,4328.35,4326.16,4322.71,4334.86,BUY,USD,1,1,1583663
D#1702589,XAUUSD,100,288230376153319806,288230376152505597,288230376158899916,288230376158899218,123,2026-06-09T08:58:51.000Z,2026-06-09T09:00:54.000Z,47.4,-49.5,36.9,-10.5,0,0.3,4327.4,4326.04,4338.42,4316.04,SELL,USD,1,1,1583663
D#1702582,XAUUSD,100,288230376153319817,288230376152505490,288230376158899978,288230376158898081,338,2026-06-09T08:55:27.000Z,2026-06-09T09:01:05.000Z,75.6,-77.69999999999999,65.1,-10.5,0,0.3,4328.79,4326.49,,,SELL,USD,1,1,1583663
D#1702414,XAUUSD,100,288230376153319915,288230376152504621,288230376158900639,288230376158887626,2479,2026-06-09T08:21:45.000Z,2026-06-09T09:03:04.000Z,21.44,-21.720000000000002,20.04,-1.4,0,0.04,4333.84,4328.7,,,SELL,USD,1,1,1583663
D#1670975,XAUUSD,100,288230376153320200,288230376152504300,288230376158902386,288230376158884446,3343,2026-06-09T08:13:55.000Z,2026-06-09T09:09:38.000Z,18.2,-18.9,14.7,-3.5,0,0.1,4331.89,4330.29,,4313.65,SELL,USD,1,1,1583663
D#1670993,XAUUSD,100,288230376153320267,288230376152505510,288230376158902875,288230376158898371,906,2026-06-09T08:56:24.000Z,2026-06-09T09:11:30.000Z,48.45,-52.02,30.59,-17.86,0,0.51,4329.59,4330.32,,,BUY,USD,1,1,1583663
D#1702486,XAUUSD,100,288230376153320415,288230376152505711,288230376158903966,288230376158900327,812,2026-06-09T09:02:07.000Z,2026-06-09T09:15:39.000Z,-2.5,-1.0,-20.0,-17.5,0,0.5,4328.74,4328.47,,4339.02,BUY,USD,1,1,1583663
D#1702582,XAUUSD,100,288230376153320599,288230376152505740,288230376158903293,288230376158900734,1042,2026-06-09T09:03:21.000Z,2026-06-09T09:20:43.000Z,-72.9,70.80000000000001,-83.4,-10.5,0,0.3,4328.3,4330.95,4330.8,4323.12,SELL,USD,1,1,1583663
D#1671053,XAUUSD,100,288230376153320602,288230376152505275,288230376158899563,288230376158895847,1936,2026-06-09T08:48:28.000Z,2026-06-09T09:20:44.000Z,16.2,-16.9,12.7,-3.5,0,0.1,4329.68,4331.08,,4331.21,BUY,USD,1,1,1583663
D#1702692,XAUUSD,100,288230376153320610,288230376152505718,288230376158901620,288230376158900458,1094,2026-06-09T09:02:31.000Z,2026-06-09T09:20:45.000Z,-100.25,98.5,-109.01,-8.76,0,0.25,4328.18,4332.41,4332,4324.02,SELL,USD,1,1,1583663
D#1645641,XAUUSD,100,288230376153320611,288230376152505760,288230376158901204,288230376158901085,967,2026-06-09T09:04:38.000Z,2026-06-09T09:20:45.000Z,69.4,-70.80000000000001,62.4,-7,0,0.2,4328.93,4332.18,4326.76,4331.7,BUY,USD,1,1,1583663
D#1702558,XAUUSD,100,288230376153320679,288230376152504908,288230376158905706,288230376158891940,2817,2026-06-09T08:35:21.000Z,2026-06-09T09:22:18.000Z,-29.04,28.27,-32.9,-3.86,0,0.11,4331.11,4333.97,4339.86,4326.9,SELL,USD,1,1,1583663
D#1702589,XAUUSD,100,288230376153320727,288230376152505700,288230376158905881,288230376158900142,1276,2026-06-09T09:01:35.000Z,2026-06-09T09:22:51.000Z,-428.5,425.0,-446.0,-17.5,0,0.5,4327.02,4335.81,4336.56,4322.64,SELL,USD,1,1,1583663
D#1702598,XAUUSD,100,288230376153320794,288230376152506123,288230376158906233,288230376158906190,11,2026-06-09T09:23:51.000Z,2026-06-09T09:24:02.000Z,16.5,-18.6,6.0,-10.5,0,0.3,4334.6,4334.27,,,SELL,USD,1,1,1583663
D#1702658,XAUUSD,100,288230376153321033,288230376152506185,288230376158907542,288230376158906913,117,2026-06-09T09:26:29.000Z,2026-06-09T09:28:26.000Z,81.6,-83.0,74.6,-7,0,0.2,4334.33,4330.47,,,SELL,USD,1,1,1583663
D#1702388,XAUUSD,100,288230376153321098,288230376152505862,288230376158902555,288230376158902553,1147,2026-06-09T09:10:16.000Z,2026-06-09T09:29:23.000Z,-49.3,48.11,-55.26,-5.96,0,0.17,4330.33,4327.21,4327.31,4336.69,BUY,USD,1,1,1583663
D#1671058,XAUUSD,100,288230376153321120,288230376152506054,288230376158905420,288230376158905416,483,2026-06-09T09:21:24.000Z,2026-06-09T09:29:27.000Z,117,-118.05,111.74,-5.26,0,0.15,4332.72,4325.14,4339.47,4326.14,SELL,USD,1,1,1583663
D#1702463,XAUUSD,100,288230376153321135,288230376152504519,288230376158890460,288230376158886299,4293,2026-06-09T08:17:55.000Z,2026-06-09T09:29:28.000Z,79.4,-80.10000000000001,75.9,-3.5,0,0.1,4332.46,4324.74,,4325,SELL,USD,1,1,1583663
D#1702558,XAUUSD,100,288230376153321141,288230376152506246,288230376158907578,288230376158907574,56,2026-06-09T09:28:32.000Z,2026-06-09T09:29:28.000Z,77.09,-78.0,72.53,-4.56,0,0.13,4330.15,4324.44,4332.82,4324.56,SELL,USD,1,1,1583663
D#1702635,XAUUSD,100,288230376153321164,288230376152506105,288230376158907996,288230376158906000,383,2026-06-09T09:23:16.000Z,2026-06-09T09:29:39.000Z,178.6,-180.0,171.6,-7,0,0.2,4334.99,4326.28,,,SELL,USD,1,1,1583663
D#1702654,XAUUSD,100,288230376153321216,288230376152506201,288230376158908208,288230376158907020,201,2026-06-09T09:26:50.000Z,2026-06-09T09:30:11.000Z,6.45,-6.5200000000000005,6.09,-0.36,0,0.01,4334.05,4327.82,4340.3,4313,SELL,USD,1,1,1583663
D#1702636,XAUUSD,100,288230376153321412,288230376152506145,288230376158909274,288230376158906481,500,2026-06-09T09:24:53.000Z,2026-06-09T09:33:13.000Z,117.6,-119.0,110.6,-7,0,0.2,4333.59,4327.93,4344.57,4304.79,SELL,USD,1,1,1583663
D#1702658,XAUUSD,100,288230376153321456,288230376152506250,288230376158909421,288230376158907605,299,2026-06-09T09:28:37.000Z,2026-06-09T09:33:36.000Z,84,-85.4,77.0,-7,0,0.2,4330.19,4326.21,,,SELL,USD,1,1,1583663
D#1702658,XAUUSD,100,288230376153321562,288230376152506461,288230376158910174,288230376158909499,144,2026-06-09T09:33:48.000Z,2026-06-09T09:36:12.000Z,-4.2,2.8,-11.2,-7,0,0.2,4327.5,4327.93,,,SELL,USD,1,1,1583663
D#1671053,XAUUSD,100,288230376153321683,288230376152506540,288230376158910958,288230376158910511,109,2026-06-09T09:37:21.000Z,2026-06-09T09:39:10.000Z,1.8,-1.94,1.1,-0.7,0,0.02,4330.03,4330.71,,4332.09,BUY,USD,1,1,1583663
D#1702590,XAUUSD,100,288230376153321775,288230376152506151,288230376158911786,288230376158906544,1079,2026-06-09T09:25:05.000Z,2026-06-09T09:43:04.000Z,-101,99.6,-108.0,-7,0,0.2,4333.66,4328.39,4328.58,4337.11,BUY,USD,1,1,1583663
D#1702420,XAUUSD,100,288230376153321777,288230376152506146,288230376158911710,288230376158906523,1086,2026-06-09T09:25:02.000Z,2026-06-09T09:43:08.000Z,-110.4,109.0,-117.4,-7,0,0.2,4333.83,4328.09,4328.49,4337.11,BUY,USD,1,1,1583663
D#1702658,XAUUSD,100,288230376153321823,288230376152506582,288230376158912102,288230376158910969,265,2026-06-09T09:39:13.000Z,2026-06-09T09:43:38.000Z,109.2,-110.60000000000001,102.2,-7,0,0.2,4330.86,4325.62,,,SELL,USD,1,1,1583663
D#1702741,XAUUSD,100,288230376153321866,288230376152505016,288230376158912047,288230376158893184,3909,2026-06-09T08:39:40.000Z,2026-06-09T09:44:49.000Z,78.1,-78.8,74.6,-3.5,0,0.1,4334.82,4327.23,4326.99,4324.61,SELL,USD,1,1,1583663
D#1702437,XAUUSD,100,288230376153321871,288230376152505734,288230376158906504,288230376158900655,2511,2026-06-09T09:03:07.000Z,2026-06-09T09:44:58.000Z,13.1,-13.799999999999999,9.6,-3.5,0,0.1,4328.57,4327.48,4327.39,4319.14,SELL,USD,1,1,1583663
D#1670977,XAUUSD,100,288230376153321924,288230376152506660,288230376158912233,288230376158912202,189,2026-06-09T09:43:56.000Z,2026-06-09T09:47:05.000Z,41.7,-42.75,36.44,-5.26,0,0.15,4326.74,4329.3,,4329.42,BUY,USD,1,1,1583663
D#1670977,XAUUSD,100,288230376153322074,288230376152506728,288230376158914361,288230376158913357,253,2026-06-09T09:48:34.000Z,2026-06-09T09:52:47.000Z,-23.1,22.05,-28.36,-5.26,0,0.15,4329.85,4331.61,,4329.13,SELL,USD,1,1,1583663
D#1702595,XAUUSD,100,288230376153322079,288230376152506653,288230376158912515,288230376158912106,557,2026-06-09T09:43:38.000Z,2026-06-09T09:52:55.000Z,-74.64,73.8,-78.84,-4.2,0,0.12,4325.44,4331.88,4331.68,4317.52,SELL,USD,1,1,1583663
D#1645749,XAUUSD,100,288230376153322086,288230376152505627,288230376158899658,288230376158899573,3182,2026-06-09T09:00:01.000Z,2026-06-09T09:53:03.000Z,40.6,-41.09,38.14,-2.46,0,0.07,4326.7,4332.28,4322.37,4332.42,BUY,USD,1,1,1583663
D#1702388,XAUUSD,100,288230376153322109,288230376152506372,288230376158914635,288230376158908686,1362,2026-06-09T09:31:21.000Z,2026-06-09T09:54:03.000Z,-23.38,22.89,-25.84,-2.46,0,0.07,4328.83,4332.39,4335.93,4313.22,SELL,USD,1,1,1583663
D#1702466,XAUUSD,100,288230376153322115,288230376152506486,288230376158910068,288230376158909898,1137,2026-06-09T09:35:12.000Z,2026-06-09T09:54:09.000Z,-57.9,57.199999999999996,-61.4,-3.5,0,0.1,4326.49,4332.5,4332.39,4291.76,SELL,USD,1,1,1583663
D#1702558,XAUUSD,100,288230376153322117,288230376152506694,288230376158914663,288230376158912695,494,2026-06-09T09:45:59.000Z,2026-06-09T09:54:13.000Z,50.83,-51.739999999999995,46.27,-4.56,0,0.13,4328.56,4332.25,4327.13,4332.75,BUY,USD,1,1,1583663
D#1702363,XAUUSD,100,288230376153322129,288230376152506173,288230376158906842,288230376158906790,1705,2026-06-09T09:25:59.000Z,2026-06-09T09:54:24.000Z,2.16,-2.72,-0.64,-2.8,0,0.08,4333.2,4333.15,4332.96,4320.31,SELL,USD,1,1,1583663
D#1589409,XAUUSD,100,288230376153322139,288230376152506790,288230376158914712,288230376158914330,107,2026-06-09T09:52:38.000Z,2026-06-09T09:54:25.000Z,92.8,-95.6,78.8,-14,0,0.4,4331.38,4333.48,,,BUY,USD,1,1,1583663
D#1670977,XAUUSD,100,288230376153322132,288230376152506792,288230376158914452,288230376158914382,91,2026-06-09T09:52:54.000Z,2026-06-09T09:54:25.000Z,44.6,-46.0,37.6,-7,0,0.2,4331.53,4333.54,,4333.52,BUY,USD,1,1,1583663
D#1702486,XAUUSD,100,288230376153322148,288230376152506256,288230376158914762,288230376158907752,1535,2026-06-09T09:29:05.000Z,2026-06-09T09:54:40.000Z,-182.5,179.0,-200.0,-17.5,0,0.5,4329.2,4333.07,,4318.19,SELL,USD,1,1,1583663
D#1702741,XAUUSD,100,288230376153322213,288230376152506687,288230376158912707,288230376158912623,667,2026-06-09T09:45:40.000Z,2026-06-09T09:56:47.000Z,39.6,-40.300000000000004,36.1,-3.5,0,0.1,4328.02,4331.76,4331.93,4337.72,BUY,USD,1,1,1583663
D#1670977,XAUUSD,100,288230376153322229,288230376152506830,288230376158915404,288230376158914969,114,2026-06-09T09:55:35.000Z,2026-06-09T09:57:29.000Z,-32.8,31.4,-39.8,-7,0,0.2,4333.21,4331.35,,4333.63,BUY,USD,1,1,1583663
D#1702388,XAUUSD,100,288230376153322269,288230376152506878,288230376158915675,288230376158915612,21,2026-06-09T09:58:19.000Z,2026-06-09T09:58:40.000Z,1.12,-1.6800000000000002,-1.68,-2.8,0,0.08,4331.48,4331.4,4325.21,4345.12,BUY,USD,1,1,1583663
D#1589409,XAUUSD,100,288230376153322332,288230376152506899,288230376158916004,288230376158915956,8,2026-06-09T09:59:57.000Z,2026-06-09T10:00:05.000Z,28,-30.8,14.0,-14,0,0.4,4332.22,4332.7,,,BUY,USD,1,1,1583663
D#1702741,XAUUSD,100,288230376153322361,288230376152506886,288230376158915803,288230376158915777,103,2026-06-09T09:59:08.000Z,2026-06-09T10:00:51.000Z,3.3,-4.0,-0.2,-3.5,0,0.1,4331.6,4331.71,4332.09,4341.48,BUY,USD,1,1,1583663
D#1702632,XAUUSD,100,288230376153322364,288230376152506887,288230376158915991,288230376158915781,111,2026-06-09T09:59:10.000Z,2026-06-09T10:01:01.000Z,8,-11.5,-9.5,-17.5,0,0.5,4331.6,4331.54,4331.65,4333.69,BUY,USD,1,1,1583663
D#1670950,XAUUSD,100,288230376153322486,288230376152505088,288230376158917410,288230376158893998,5018,2026-06-09T08:42:35.000Z,2026-06-09T10:06:13.000Z,-100.4,99.0,-107.4,-7,0,0.2,4335.76,4330.52,,,BUY,USD,1,1,1583663
D#1702632,XAUUSD,100,288230376153322508,288230376152506934,288230376158916531,288230376158916314,339,2026-06-09T10:01:16.000Z,2026-06-09T10:06:55.000Z,153.5,-157.0,136.0,-17.5,0,0.5,4331.95,4329.1,,4329.67,SELL,USD,1,1,1583663
D#1670977,XAUUSD,100,288230376153322517,288230376152506862,288230376158915469,288230376158915428,563,2026-06-09T09:57:33.000Z,2026-06-09T10:06:56.000Z,84.25,-86.0,75.49,-8.76,0,0.25,4331.42,4328.27,,4329.08,SELL,USD,1,1,1583663
D#1702498,XAUUSD,100,288230376153322513,288230376152506941,288230376158916491,288230376158916396,321,2026-06-09T10:01:35.000Z,2026-06-09T10:06:56.000Z,54.6,-56.0,47.6,-7,0,0.2,4331.57,4329.06,4333.18,4329.18,SELL,USD,1,1,1583663
D#1702717,XAUUSD,100,288230376153322600,288230376152506803,288230376158915017,288230376158914537,804,2026-06-09T09:53:34.000Z,2026-06-09T10:06:58.000Z,-5.82,5.75,-6.18,-0.36,0,0.01,4332.11,4326.07,4326.57,4343.46,BUY,USD,1,1,1583663
D#1702635,XAUUSD,100,288230376153322678,288230376152506849,288230376158917780,288230376158915274,630,2026-06-09T09:56:56.000Z,2026-06-09T10:07:26.000Z,103.4,-104.80000000000001,96.4,-7,0,0.2,4331.7,4326.75,,,SELL,USD,1,1,1583663
D#1702741,XAUUSD,100,288230376153322735,288230376152506937,288230376158916438,288230376158916363,406,2026-06-09T10:01:28.000Z,2026-06-09T10:08:14.000Z,25.3,-26.0,21.8,-3.5,0,0.1,4331.55,4329.24,4328.92,4323.64,SELL,USD,1,1,1583663
D#1702498,XAUUSD,100,288230376153322751,288230376152507026,288230376158918152,288230376158917713,72,2026-06-09T10:07:14.000Z,2026-06-09T10:08:26.000Z,32.4,-33.8,25.4,-7,0,0.2,4326.85,4328.25,4325.24,4331.74,BUY,USD,1,1,1583663
D#1702517,XAUUSD,100,288230376153322770,288230376152507077,288230376158918258,288230376158918228,8,2026-06-09T10:08:41.000Z,2026-06-09T10:08:49.000Z,0.78,-0.92,0.08,-0.7,0,0.02,4328.29,4328.46,,,BUY,USD,1,1,1583663
D#1702582,XAUUSD,100,288230376153322821,288230376152506944,288230376158918605,288230376158916477,472,2026-06-09T10:01:55.000Z,2026-06-09T10:09:47.000Z,195.3,-197.4,184.8,-10.5,0,0.3,4332.34,4326.05,,,SELL,USD,1,1,1583663
D#1702582,XAUUSD,100,288230376153322841,288230376152507107,288230376158918718,288230376158918648,13,2026-06-09T10:09:55.000Z,2026-06-09T10:10:08.000Z,-48.3,46.199999999999996,-58.8,-10.5,0,0.3,4326.32,4328.15,,,SELL,USD,1,1,1583663
D#1702437,XAUUSD,100,288230376153322925,288230376152506796,288230376158918178,288230376158914418,1141,2026-06-09T09:53:03.000Z,2026-06-09T10:12:04.000Z,31.1,-31.8,27.6,-3.5,0,0.1,4332.31,4329.42,4329.28,4322.97,SELL,USD,1,1,1583663
D#1645749,XAUUSD,100,288230376153322932,288230376152506811,288230376158914703,288230376158914602,1070,2026-06-09T09:54:24.000Z,2026-06-09T10:12:14.000Z,64.8,-66.2,57.8,-7,0,0.2,4333,4329.98,4329.79,4324.36,SELL,USD,1,1,1583663
D#1702632,XAUUSD,100,288230376153323004,288230376152507055,288230376158919498,288230376158918027,371,2026-06-09T10:08:06.000Z,2026-06-09T10:14:17.000Z,127,-130.5,109.5,-17.5,0,0.5,4328.82,4331.14,,4331.08,BUY,USD,1,1,1583663
D#1671050,XAUUSD,100,288230376153323008,288230376152505279,288230376158920019,288230376158889488,5137,2026-06-09T08:48:41.000Z,2026-06-09T10:14:18.000Z,61,-62.4,54.0,-7,0,0.2,4328.58,4331.41,,4336.49,BUY,USD,1,1,1583663
D#1670974,XAUUSD,100,288230376153323017,288230376152504631,288230376158920046,288230376158887734,6739,2026-06-09T08:22:06.000Z,2026-06-09T10:14:25.000Z,27.15,-28.2,21.89,-5.26,0,0.15,4333.44,4331.85,,4321.2,SELL,USD,1,1,1583663
D#1645671,XAUUSD,100,288230376153323062,288230376152505004,288230376158893096,288230376158892925,5729,2026-06-09T08:39:24.000Z,2026-06-09T10:14:53.000Z,4.6,-6.0,-2.4,-7,0,0.2,4334.65,4334.64,4334.53,4317.81,SELL,USD,1,1,1583663
D#1702745,XAUUSD,100,288230376153323061,288230376152506283,288230376158908005,288230376158908002,2713,2026-06-09T09:29:40.000Z,2026-06-09T10:14:53.000Z,-41.65,41.3,-43.41,-1.76,0,0.05,4326.09,4334.64,4334.22,4285.23,SELL,USD,1,1,1583663
D#1671093,XAUUSD,100,288230376153323060,288230376152506476,288230376158909759,288230376158909701,2427,2026-06-09T09:34:26.000Z,2026-06-09T10:14:53.000Z,-70.47,69.84,-73.63,-3.16,0,0.09,4326.59,4334.64,4334.47,4322.26,SELL,USD,1,1,1583663
D#1670936,XAUUSD,100,288230376153323056,288230376152507097,288230376158918534,288230376158918532,318,2026-06-09T10:09:35.000Z,2026-06-09T10:14:53.000Z,-105.17,104.26,-109.73,-4.56,0,0.13,4326.33,4334.64,4334.37,4318.02,SELL,USD,1,1,1583663
D#1670866,XAUUSD,100,288230376153323108,288230376152506681,288230376158920356,288230376158912438,1813,2026-06-09T09:44:58.000Z,2026-06-09T10:15:11.000Z,-242.1,240.0,-252.6,-10.5,0,0.3,4327.13,4335.42,,,SELL,USD,1,1,1583663
D#1702458,XAUUSD,100,288230376153323111,288230376152506675,288230376158920364,288230376158912384,1830,2026-06-09T09:44:43.000Z,2026-06-09T10:15:13.000Z,-254.7,252.6,-265.2,-10.5,0,0.3,4326.75,4335.46,,4320,SELL,USD,1,1,1583663
D#1702632,XAUUSD,100,288230376153323157,288230376152507261,288230376158920578,288230376158920483,17,2026-06-09T10:15:32.000Z,2026-06-09T10:15:49.000Z,-36,31.8,-57.0,-21,0,0.6,4336.12,4335.3,,4337.99,BUY,USD,1,1,1583663
D#1702635,XAUUSD,100,288230376153323190,288230376152507275,288230376158920809,288230376158920628,30,2026-06-09T10:15:58.000Z,2026-06-09T10:16:28.000Z,9.2,-10.6,2.2,-7,0,0.2,4335.01,4334.77,,,SELL,USD,1,1,1583663
D#1702742,XAUUSD,100,288230376153323207,288230376152505756,288230376158920885,288230376158901028,4337,2026-06-09T09:04:24.000Z,2026-06-09T10:16:41.000Z,124.6,-126.0,117.6,-7,0,0.2,4328.81,4334.82,,,BUY,USD,1,1,1583663
D#1645648,XAUUSD,100,288230376153323311,288230376152502123,288230376158921373,288230376158860540,11451,2026-06-09T07:07:27.000Z,2026-06-09T10:18:18.000Z,26.6,-27.3,23.1,-3.5,0,0.1,4332.37,4334.81,,,BUY,USD,1,1,1583663
D#1614607,XAUUSD,100,288230376153323379,288230376152507353,288230376158921928,288230376158921457,90,2026-06-09T10:18:29.000Z,2026-06-09T10:19:59.000Z,-8.82,7.5600000000000005,-15.12,-6.3,0,0.18,4335.55,4334.84,,4341.34,BUY,USD,1,1,1583663
D#1702381,XAUUSD,100,288230376153323387,288230376152504986,288230376158922028,288230376158892887,6097,2026-06-09T08:38:39.000Z,2026-06-09T10:20:16.000Z,8.05,-8.4,6.29,-1.76,0,0.05,4333.16,4334.55,,,BUY,USD,1,1,1583663
D#1671061,XAUUSD,100,288230376153323439,288230376152504353,288230376158922434,288230376158884834,7617,2026-06-09T08:14:44.000Z,2026-06-09T10:21:41.000Z,10.35,-10.7,8.59,-1.76,0,0.05,4331.79,4333.64,,,BUY,USD,1,1,1583663
D#1702741,XAUUSD,100,288230376153323480,288230376152507209,288230376158920391,288230376158919992,490,2026-06-09T10:14:14.000Z,2026-06-09T10:22:24.000Z,23.6,-24.3,20.1,-3.5,0,0.1,4330.74,4332.88,4332.95,4339.38,BUY,USD,1,1,1583663
D#1671050,XAUUSD,100,288230376153323496,288230376152507309,288230376158922769,288230376158921009,357,2026-06-09T10:17:07.000Z,2026-06-09T10:23:04.000Z,54.8,-56.199999999999996,47.8,-7,0,0.2,4334.53,4332.01,,4330.19,SELL,USD,1,1,1583663
D#1702635,XAUUSD,100,288230376153323499,288230376152507342,288230376158922791,288230376158921354,294,2026-06-09T10:18:15.000Z,2026-06-09T10:23:09.000Z,66.4,-67.80000000000001,59.4,-7,0,0.2,4335.11,4332.01,,,SELL,USD,1,1,1583663
D#1702554,XAUUSD,100,288230376153323646,288230376152507450,288230376158923709,288230376158922941,187,2026-06-09T10:23:44.000Z,2026-06-09T10:26:51.000Z,-211,207.5,-228.5,-17.5,0,0.5,4331.64,4336.08,4337.3,4329.81,SELL,USD,1,1,1583663
D#1671068,XAUUSD,100,288230376153323651,288230376152506613,288230376158911651,288230376158911419,2764,2026-06-09T09:40:48.000Z,2026-06-09T10:26:52.000Z,74.9,-75.60000000000001,71.4,-3.5,0,0.1,4328.93,4336.2,,4336.78,BUY,USD,1,1,1583663
D#1702717,XAUUSD,100,288230376153323655,288230376152507089,288230376158918815,288230376158918428,1052,2026-06-09T10:09:20.000Z,2026-06-09T10:26:52.000Z,-8.29,8.219999999999999,-8.65,-0.36,0,0.01,4327.89,4336.4,4336.46,4307.87,SELL,USD,1,1,1583663
D#1702635,XAUUSD,100,288230376153323740,288230376152507524,288230376158924527,288230376158923932,153,2026-06-09T10:27:31.000Z,2026-06-09T10:30:04.000Z,25.8,-27.2,18.8,-7,0,0.2,4335.39,4334.32,,,SELL,USD,1,1,1583663
D#1702741,XAUUSD,100,288230376153323755,288230376152507536,288230376158924610,288230376158924079,136,2026-06-09T10:28:07.000Z,2026-06-09T10:30:23.000Z,10.5,-11.2,7.0,-3.5,0,0.1,4335.02,4334.19,4337.53,4327.52,SELL,USD,1,1,1583663
D#1614607,XAUUSD,100,288230376153323811,288230376152507390,288230376158925021,288230376158921964,728,2026-06-09T10:20:02.000Z,2026-06-09T10:32:10.000Z,16.2,-17.46,9.9,-6.3,0,0.18,4334.89,4334.21,,4328.48,SELL,USD,1,1,1583663
D#1702437,XAUUSD,100,288230376153323852,288230376152507514,288230376158924171,288230376158923763,426,2026-06-09T10:27:00.000Z,2026-06-09T10:34:06.000Z,12.2,-12.899999999999999,8.7,-3.5,0,0.1,4336.11,4335.11,4334.99,4326.66,SELL,USD,1,1,1583663
D#1702414,XAUUSD,100,288230376153323927,288230376152505761,288230376158926186,288230376158901100,5583,2026-06-09T09:04:41.000Z,2026-06-09T10:37:44.000Z,18.2,-18.48,16.8,-1.4,0,0.04,4328.82,4333.15,,,BUY,USD,1,1,1583663
D#1702694,XAUUSD,100,288230376153323969,288230376152507661,288230376158926616,288230376158926494,37,2026-06-09T10:39:21.000Z,2026-06-09T10:39:58.000Z,78.5,-82.0,61.0,-17.5,0,0.5,4333.39,4332.04,,,SELL,USD,1,1,1583663
D#1702635,XAUUSD,100,288230376153324023,288230376152507573,288230376158927093,288230376158924768,672,2026-06-09T10:30:57.000Z,2026-06-09T10:42:09.000Z,37.8,-39.199999999999996,30.8,-7,0,0.2,4332.29,4330.62,,,SELL,USD,1,1,1583663
D#1702437,XAUUSD,100,288230376153324027,288230376152507657,288230376158927123,288230376158926430,199,2026-06-09T10:38:58.000Z,2026-06-09T10:42:17.000Z,-33.5,32.8,-37.0,-3.5,0,0.1,4333.93,4330.36,,,BUY,USD,1,1,1583663
D#1702558,XAUUSD,100,288230376153324043,288230376152507630,288230376158925880,288230376158925877,394,2026-06-09T10:36:07.000Z,2026-06-09T10:42:41.000Z,46.28,-47.19,41.72,-4.56,0,0.13,4333.23,4329.89,4334.17,4329.78,SELL,USD,1,1,1583663
D#1702498,XAUUSD,100,288230376153324218,288230376152507757,288230376158928470,288230376158928334,199,2026-06-09T10:48:11.000Z,2026-06-09T10:51:30.000Z,-30.2,28.8,-37.2,-7,0,0.2,4332.23,4330.5,4330.62,4337.12,BUY,USD,1,1,1583663
D#1702558,XAUUSD,100,288230376153324238,288230376152507748,288230376158928158,288230376158928156,330,2026-06-09T10:47:07.000Z,2026-06-09T10:52:37.000Z,-16.25,15.34,-20.81,-4.56,0,0.13,4331.61,4333.08,4332.94,4326.9,SELL,USD,1,1,1583663
D#1702498,XAUUSD,100,288230376153324240,288230376152507795,288230376158929262,288230376158929148,34,2026-06-09T10:52:04.000Z,2026-06-09T10:52:38.000Z,-49,47.6,-56.0,-7,0,0.2,4330.48,4333.15,,,SELL,USD,1,1,1583663
D#1645671,XAUUSD,100,288230376153324301,288230376152507517,288230376158923986,288230376158923809,1618,2026-06-09T10:27:08.000Z,2026-06-09T10:54:06.000Z,-5.4,4.0,-12.4,-7,0,0.2,4336.04,4336.53,4335.9,4319.31,SELL,USD,1,1,1583663
D#1702356,XAUUSD,100,288230376153324287,288230376152507532,288230376158924337,288230376158924025,1573,2026-06-09T10:27:53.000Z,2026-06-09T10:54:06.000Z,-11.88,10.34,-19.58,-7.7,0,0.22,4334.72,4335.48,4334.48,4325.6,SELL,USD,1,1,1583663
D#1702632,XAUUSD,100,288230376153324472,288230376152507312,288230376158921075,288230376158921039,2396,2026-06-09T10:17:13.000Z,2026-06-09T10:57:09.000Z,120.5,-124.0,103.0,-17.5,0,0.5,4334.89,4337.08,,4337.29,BUY,USD,1,1,1583663
D#1702517,XAUUSD,100,288230376153324473,288230376152507579,288230376158924909,288230376158924907,1534,2026-06-09T10:31:35.000Z,2026-06-09T10:57:09.000Z,-34.6,33.9,-38.1,-3.5,0,0.1,4333.58,4337.26,4337.07,4323.79,SELL,USD,1,1,1583663
D#1702535,XAUUSD,100,288230376153324511,288230376152507660,288230376158930778,288230376158926459,1128,2026-06-09T10:39:05.000Z,2026-06-09T10:57:53.000Z,17.15,-17.5,15.39,-1.76,0,0.05,4333.74,4336.95,4324.58,4355.74,BUY,USD,1,1,1583663
D#1645671,XAUUSD,100,288230376153324533,288230376152507847,288230376158930052,288230376158929883,213,2026-06-09T10:54:58.000Z,2026-06-09T10:58:31.000Z,-93.2,90.4,-107.2,-14,0,0.4,4335.15,4337.7,4337.47,4327.05,SELL,USD,1,1,1583663
D#1702590,XAUUSD,100,288230376153324543,288230376152506650,288230376158925101,288230376158912094,4496,2026-06-09T09:43:36.000Z,2026-06-09T10:58:32.000Z,-235.2,233.79999999999998,-242.2,-7,0,0.2,4326.15,4338.13,4337.88,4321.64,SELL,USD,1,1,1583663
D#1702502,XAUUSD,100,288230376153324548,288230376152506262,288230376158908055,288230376158907847,5358,2026-06-09T09:29:19.000Z,2026-06-09T10:58:37.000Z,-10.07,10.0,-10.43,-0.36,0,0.01,4327.75,4338.04,4338.33,4284.97,SELL,USD,1,1,1583663
D#1702420,XAUUSD,100,288230376153324549,288230376152506651,288230376158925094,288230376158912100,4499,2026-06-09T09:43:38.000Z,2026-06-09T10:58:37.000Z,-247,245.6,-254.0,-7,0,0.2,4325.47,4338.04,4338.17,4321.64,SELL,USD,1,1,1583663
D#1702526,XAUUSD,100,288230376153324560,288230376152504604,288230376158931022,288230376158887413,9461,2026-06-09T08:21:09.000Z,2026-06-09T10:58:50.000Z,-50.1,49.4,-53.6,-3.5,0,0.1,4332.12,4337.35,,,SELL,USD,1,1,1583663
D#1702694,XAUUSD,100,288230376153324562,288230376152507759,288230376158931030,288230376158928347,636,2026-06-09T10:48:15.000Z,2026-06-09T10:58:51.000Z,-251.86,248.43,-269.02,-17.16,0,0.49,4332.01,4337.37,,,SELL,USD,1,1,1583663
D#1702674,XAUUSD,100,288230376153324590,288230376152506434,288230376158909530,288230376158909347,5156,2026-06-09T09:33:23.000Z,2026-06-09T10:59:19.000Z,-121.7,121.0,-125.2,-3.5,0,0.1,4326.8,4339.19,4338.52,4314.36,SELL,USD,1,1,1583663
D#1702742,XAUUSD,100,288230376153324586,288230376152507319,288230376158922188,288230376158921102,2512,2026-06-09T10:17:27.000Z,2026-06-09T10:59:19.000Z,-88.4,87.0,-95.4,-7,0,0.2,4334.55,4339.19,4338.7,4327.44,SELL,USD,1,1,1583663
D#1702498,XAUUSD,100,288230376153324584,288230376152507804,288230376158929394,288230376158929285,397,2026-06-09T10:52:42.000Z,2026-06-09T10:59:19.000Z,112.8,-114.2,105.8,-7,0,0.2,4333.62,4339.04,,4339.01,BUY,USD,1,1,1583663
D#1702535,XAUUSD,100,288230376153324591,288230376152507924,288230376158931156,288230376158930929,50,2026-06-09T10:58:29.000Z,2026-06-09T10:59:19.000Z,-9.65,9.3,-11.41,-1.76,0,0.05,4337.04,4339.19,4338.89,4329.9,SELL,USD,1,1,1583663
D#1614607,XAUUSD,100,288230376153324635,288230376152507590,288230376158926433,288230376158925154,1606,2026-06-09T10:32:55.000Z,2026-06-09T10:59:41.000Z,114.66,-115.92,108.36,-6.3,0,0.18,4334.07,4340.22,,4340.24,BUY,USD,1,1,1583663
D#1702520,XAUUSD,100,288230376153324650,288230376152502026,288230376158861588,288230376158859430,14121,2026-06-09T07:04:29.000Z,2026-06-09T10:59:50.000Z,76.95,-77.58,73.79,-3.16,0,0.09,4332.36,4340.69,4319.07,4340.46,BUY,USD,1,1,1583663
D#1702381,XAUUSD,100,288230376153324791,288230376152507449,288230376158932228,288230376158922917,2312,2026-06-09T10:23:38.000Z,2026-06-09T11:02:10.000Z,36.3,-36.65,34.54,-1.76,0,0.05,4331.59,4338.63,,,BUY,USD,1,1,1583663
D#1702635,XAUUSD,100,288230376153324854,288230376152508006,288230376158932717,288230376158931741,172,2026-06-09T11:00:52.000Z,2026-06-09T11:03:44.000Z,-25.7,25.0,-29.2,-3.5,0,0.1,4340.14,4337.35,,,BUY,USD,1,1,1583663
D#1702674,XAUUSD,100,288230376153324891,288230376152508024,288230376158932917,288230376158931890,187,2026-06-09T11:01:13.000Z,2026-06-09T11:04:20.000Z,-37.2,36.5,-40.7,-3.5,0,0.1,4340.31,4336.37,4334.68,4342.07,BUY,USD,1,1,1583663
D#1702742,XAUUSD,100,288230376153324894,288230376152508035,288230376158932922,288230376158932024,165,2026-06-09T11:01:36.000Z,2026-06-09T11:04:21.000Z,-78.6,76.5,-89.1,-10.5,0,0.3,4339.21,4336.37,4335.24,4347.95,BUY,USD,1,1,1583663
D#1670872,XAUUSD,100,288230376153324908,288230376152507955,288230376158933009,288230376158931347,294,2026-06-09T10:59:46.000Z,2026-06-09T11:04:40.000Z,-197.5,194.0,-215.0,-17.5,0,0.5,4340.27,4336.1,,,BUY,USD,1,1,1583663
D#1702420,XAUUSD,100,288230376153324914,288230376152507942,288230376158933055,288230376158931199,328,2026-06-09T10:59:22.000Z,2026-06-09T11:04:50.000Z,-119.2,116.4,-133.2,-14,0,0.4,4339.27,4336.07,,4340.73,BUY,USD,1,1,1583663
D#1702590,XAUUSD,100,288230376153325015,288230376152507946,288230376158933720,288230376158931250,453,2026-06-09T10:59:31.000Z,2026-06-09T11:07:04.000Z,-59.2,56.400000000000006,-73.2,-14,0,0.4,4339.3,4337.6,4335.69,4340.96,BUY,USD,1,1,1583663
D#1702498,XAUUSD,100,288230376153325045,288230376152508171,288230376158933926,288230376158933773,44,2026-06-09T11:07:14.000Z,2026-06-09T11:07:58.000Z,1.6,-3.0,-5.4,-7,0,0.2,4337.8,4337.66,,4337.74,BUY,USD,1,1,1583663
D#1702437,XAUUSD,100,288230376153325063,288230376152507740,288230376158933727,288230376158927967,1321,2026-06-09T10:46:11.000Z,2026-06-09T11:08:12.000Z,-67.3,66.6,-70.8,-3.5,0,0.1,4332.31,4339.26,4338.59,4322.92,SELL,USD,1,1,1583663
D#1702590,XAUUSD,100,288230376153325127,288230376152508192,288230376158934511,288230376158934125,106,2026-06-09T11:08:13.000Z,2026-06-09T11:09:59.000Z,-33.8,32.4,-40.8,-7,0,0.2,4339.12,4337.21,4337.66,,BUY,USD,1,1,1583663
D#1702590,XAUUSD,100,288230376153325237,288230376152508227,288230376158935598,288230376158934668,223,2026-06-09T11:10:12.000Z,2026-06-09T11:13:55.000Z,14.4,-15.8,7.4,-7,0,0.2,4337.03,4336.53,,,SELL,USD,1,1,1583663
D#1645671,XAUUSD,100,288230376153325310,288230376152507945,288230376158931829,288230376158931239,976,2026-06-09T10:59:28.000Z,2026-06-09T11:15:44.000Z,68.2,-71.0,54.2,-14,0,0.4,4339.34,4339.28,4339.17,4320.24,SELL,USD,1,1,1583663
D#1702742,XAUUSD,100,288230376153325433,288230376152508111,288230376158933567,288230376158932939,873,2026-06-09T11:04:25.000Z,2026-06-09T11:18:58.000Z,-80.4,78.30000000000001,-90.9,-10.5,0,0.3,4336.54,4339.44,4339.28,4331.35,SELL,USD,1,1,1583663
D#1702590,XAUUSD,100,288230376153325432,288230376152508337,288230376158936863,288230376158936274,137,2026-06-09T11:16:41.000Z,2026-06-09T11:18:58.000Z,-36,34.6,-43.0,-7,0,0.2,4337.41,4339.43,,,SELL,USD,1,1,1583663
D#1702635,XAUUSD,100,288230376153325537,288230376152508144,288230376158937445,288230376158933356,907,2026-06-09T11:05:51.000Z,2026-06-09T11:20:58.000Z,55,-56.4,48.0,-7,0,0.2,4337.17,4339.7,,,BUY,USD,1,1,1583663
D#1702590,XAUUSD,100,288230376153325544,288230376152508417,288230376158937502,288230376158937235,55,2026-06-09T11:20:16.000Z,2026-06-09T11:21:11.000Z,-4.6,3.8999999999999995,-8.1,-3.5,0,0.1,4339.17,4339.85,4340.98,,SELL,USD,1,1,1583663
D#1670914,XAUUSD,100,288230376153325600,288230376152501167,288230376158937751,288230376158848829,17364,2026-06-09T06:32:39.000Z,2026-06-09T11:22:03.000Z,29.8,-30.150000000000002,28.04,-1.76,0,0.05,4334.22,4339.96,,4342.31,BUY,USD,1,1,1583663
D#1702635,XAUUSD,100,288230376153325599,288230376152508452,288230376158937750,288230376158937608,29,2026-06-09T11:21:34.000Z,2026-06-09T11:22:03.000Z,-1.7,0.9999999999999999,-5.2,-3.5,0,0.1,4340.35,4339.96,,,BUY,USD,1,1,1583663
D#1702742,XAUUSD,100,288230376153325762,288230376152508403,288230376158938611,288230376158937096,309,2026-06-09T11:19:41.000Z,2026-06-09T11:24:50.000Z,-43.8,41.699999999999996,-54.3,-10.5,0,0.3,4339.31,4337.63,,,BUY,USD,1,1,1583663
D#1702635,XAUUSD,100,288230376153325765,288230376152508484,288230376158938622,288230376158938025,111,2026-06-09T11:23:01.000Z,2026-06-09T11:24:52.000Z,-46,44.6,-53.0,-7,0,0.2,4340.05,4337.53,,,BUY,USD,1,1,1583663
D#1670864,XAUUSD,100,288230376153325789,288230376152508457,288230376158938771,288230376158937177,212,2026-06-09T11:21:41.000Z,2026-06-09T11:25:13.000Z,-33.4,32.699999999999996,-36.9,-3.5,0,0.1,4340.43,4336.87,4335.62,4343.25,BUY,USD,1,1,1583663
D#1670914,XAUUSD,100,288230376153325825,288230376152508470,288230376158938953,288230376158937771,223,2026-06-09T11:22:06.000Z,2026-06-09T11:25:49.000Z,12.9,-13.25,11.14,-1.76,0,0.05,4339.67,4337.31,,4331.58,SELL,USD,1,1,1583663
D#1670884,XAUUSD,100,288230376153325889,288230376152508477,288230376158939435,288230376158937919,312,2026-06-09T11:22:36.000Z,2026-06-09T11:27:48.000Z,71.3,-72.7,64.3,-7,0,0.2,4340.31,4336.8,,,SELL,USD,1,1,1583663
D#1702520,XAUUSD,100,288230376153325894,288230376152508602,288230376158939452,288230376158939406,10,2026-06-09T11:27:41.000Z,2026-06-09T11:27:51.000Z,10.98,-11.610000000000001,7.82,-3.16,0,0.09,4336.72,4337.72,,,BUY,USD,1,1,1583663
D#1702634,XAUUSD,100,288230376153325916,288230376152508609,288230376158939612,288230376158939489,29,2026-06-09T11:27:58.000Z,2026-06-09T11:28:27.000Z,-0.31,0.24,-0.67,-0.36,0,0.01,4338.41,4337.88,,,BUY,USD,1,1,1583663
D#1670882,XAUUSD,100,288230376153325939,288230376152508624,288230376158939776,288230376158939733,10,2026-06-09T11:28:57.000Z,2026-06-09T11:29:07.000Z,-0.9,0.55,-2.66,-1.76,0,0.05,4338.59,4338.19,,,BUY,USD,1,1,1583663
D#1702487,XAUUSD,100,288230376153326011,288230376152508654,288230376158940342,288230376158940063,66,2026-06-09T11:30:15.000Z,2026-06-09T11:31:21.000Z,-4.14,3.51,-7.3,-3.16,0,0.09,4337.96,4338.64,,,SELL,USD,1,1,1583663
D#1645671,XAUUSD,100,288230376153326084,288230376152508697,288230376158940726,288230376158940598,44,2026-06-09T11:32:27.000Z,2026-06-09T11:33:11.000Z,-67.2,64.4,-81.2,-14,0,0.4,4338.85,4336.95,4337.33,4345.72,BUY,USD,1,1,1583663
D#1670974,XAUUSD,100,288230376153326225,288230376152507248,288230376158941950,288230376158920329,4980,2026-06-09T10:15:07.000Z,2026-06-09T11:38:07.000Z,24.6,-25.650000000000002,19.34,-5.26,0,0.15,4335.7,4337.12,4335.47,4347.69,BUY,USD,1,1,1583663
D#1671093,XAUUSD,100,288230376153326453,288230376152507896,288230376158943168,288230376158930598,2728,2026-06-09T10:57:19.000Z,2026-06-09T11:42:47.000Z,14.46,-14.88,12.36,-2.1,0,0.06,4337.03,4339.22,4329.15,4341.36,BUY,USD,1,1,1583663
D#1702520,XAUUSD,100,288230376153326582,288230376152508646,288230376158944023,288230376158940001,946,2026-06-09T11:30:04.000Z,2026-06-09T11:45:50.000Z,15.3,-15.930000000000001,12.14,-3.16,0,0.09,4338.66,4340.14,4328.76,4340.79,BUY,USD,1,1,1583663
D#1702387,XAUUSD,100,288230376153326596,288230376152508945,288230376158944105,288230376158943838,50,2026-06-09T11:45:15.000Z,2026-06-09T11:46:05.000Z,-1.2,-1.6000000000000003,-15.2,-14,0,0.4,4339.91,4339.66,,,BUY,USD,1,1,1583663
D#1702506,XAUUSD,100,288230376153326631,288230376152508934,288230376158944323,288230376158943734,120,2026-06-09T11:44:55.000Z,2026-06-09T11:46:55.000Z,-11,9.6,-18.0,-7,0,0.2,4339.18,4338.41,4338.5,4345.07,BUY,USD,1,1,1583663
D#1702595,XAUUSD,100,288230376153326821,288230376152507787,288230376158930193,288230376158928934,3548,2026-06-09T10:51:05.000Z,2026-06-09T11:50:13.000Z,108.84,-109.68,104.64,-4.2,0,0.12,4331.92,4340.77,4331.82,4340.85,BUY,USD,1,1,1583663
D#1702451,XAUUSD,100,288230376153326848,288230376152502903,288230376158869029,288230376158864586,15654,2026-06-09T07:29:23.000Z,2026-06-09T11:50:17.000Z,-19.34,19.2,-20.04,-0.7,0,0.02,4332.18,4342.07,4341.6,4306.69,SELL,USD,1,1,1583663
D#1702712,XAUUSD,100,288230376153326853,288230376152503902,288230376158880840,288230376158866440,13503,2026-06-09T08:05:14.000Z,2026-06-09T11:50:17.000Z,409,-410.4,402.0,-7,0,0.2,4321.64,4341.87,4321.88,4342,BUY,USD,1,1,1583663
D#1702635,XAUUSD,100,288230376153326868,288230376152508611,288230376158945393,288230376158939518,1336,2026-06-09T11:28:04.000Z,2026-06-09T11:50:20.000Z,71,-72.4,64.0,-7,0,0.2,4338.23,4341.56,,,BUY,USD,1,1,1583663
D#1645671,XAUUSD,100,288230376153326866,288230376152508718,288230376158945389,288230376158940835,1016,2026-06-09T11:33:24.000Z,2026-06-09T11:50:20.000Z,-153.6,150.79999999999998,-167.6,-14,0,0.4,4337.68,4341.74,4342.55,4325.33,SELL,USD,1,1,1583663
D#1702472,XAUUSD,100,288230376153326896,288230376152503897,288230376158945511,288230376158863736,13540,2026-06-09T08:05:10.000Z,2026-06-09T11:50:50.000Z,395,-396.4,388.0,-7,0,0.2,4321.94,4341.47,4316.9,4353.9,BUY,USD,1,1,1583663
D#1702369,XAUUSD,100,288230376153326897,288230376152508449,288230376158945513,288230376158937578,1762,2026-06-09T11:21:28.000Z,2026-06-09T11:50:50.000Z,16.2,-16.9,12.7,-3.5,0,0.1,4340.03,4341.43,,4345.53,BUY,USD,1,1,1583663
D#1614607,XAUUSD,100,288230376153326933,288230376152508185,288230376158934061,288230376158933934,2630,2026-06-09T11:07:37.000Z,2026-06-09T11:51:27.000Z,104.94,-106.2,98.64,-6.3,0,0.18,4336.98,4342.59,4334.16,4342.48,BUY,USD,1,1,1583663
D#1702442,XAUUSD,100,288230376153326934,288230376152508271,288230376158935493,288230376158935341,2324,2026-06-09T11:12:43.000Z,2026-06-09T11:51:27.000Z,-30.05,29.7,-31.81,-1.76,0,0.05,4336.54,4342.77,4342.19,4320.54,SELL,USD,1,1,1583663
D#1702613,XAUUSD,100,288230376153326935,288230376152501648,288230376158855243,288230376158855172,17918,2026-06-09T06:52:50.000Z,2026-06-09T11:51:28.000Z,107.2,-108.60000000000001,100.2,-7,0,0.2,4337.54,4342.68,,4342.54,BUY,USD,1,1,1583663
D#1702514,XAUUSD,100,288230376153326953,288230376152501442,288230376158852243,288230376158852239,18522,2026-06-09T06:42:50.000Z,2026-06-09T11:51:32.000Z,98.1,-99.14999999999999,92.84,-5.26,0,0.15,4336.79,4343.11,4314.01,4343.07,BUY,USD,1,1,1583663
D#1614603,XAUUSD,100,288230376153326958,288230376152503894,288230376158892556,288230376158880785,13585,2026-06-09T08:05:07.000Z,2026-06-09T11:51:32.000Z,426,-427.4,419.0,-7,0,0.2,4322.03,4343.11,4322.2,4343.29,BUY,USD,1,1,1583663
D#1702519,XAUUSD,100,288230376153326959,288230376152508173,288230376158933951,288230376158933814,2651,2026-06-09T11:07:21.000Z,2026-06-09T11:51:32.000Z,-27.6,27.25,-29.36,-1.76,0,0.05,4337.62,4343.36,4343.04,4318.76,SELL,USD,1,1,1583663
D#1702390,XAUUSD,100,288230376153326970,288230376152503308,288230376158945781,288230376158873601,14954,2026-06-09T07:42:24.000Z,2026-06-09T11:51:38.000Z,48.24,-48.45,47.18,-1.06,0,0.03,4327.45,4343.31,4326.84,4360.58,BUY,USD,1,1,1583663
D#1702398,XAUUSD,100,288230376153326971,288230376152508972,288230376158945798,288230376158944178,320,2026-06-09T11:46:22.000Z,2026-06-09T11:51:42.000Z,-68.68,67.49000000000001,-74.64,-5.96,0,0.17,4339.22,4343.48,,,SELL,USD,1,1,1583663
D#1645696,XAUUSD,100,288230376153327032,288230376152504319,288230376158884641,288230376158884545,13095,2026-06-09T08:14:08.000Z,2026-06-09T11:52:23.000Z,80.85,-81.33999999999999,78.39,-2.46,0,0.07,4331.09,4342.42,4342.65,4345.64,BUY,USD,1,1,1583663
D#1702506,XAUUSD,100,288230376153327117,288230376152509142,288230376158946205,288230376158945729,155,2026-06-09T11:51:31.000Z,2026-06-09T11:54:06.000Z,-25.6,24.200000000000003,-32.6,-7,0,0.2,4342.89,4341.39,4341.5,4346.31,BUY,USD,1,1,1583663
D#1670992,XAUUSD,100,288230376153327118,288230376152509215,288230376158946500,288230376158946468,5,2026-06-09T11:54:01.000Z,2026-06-09T11:54:06.000Z,-27.5,24.0,-45.0,-17.5,0,0.5,4342.16,4341.39,,,BUY,USD,1,1,1583663
D#1670974,XAUUSD,100,288230376153327121,288230376152508891,288230376158946515,288230376158943114,691,2026-06-09T11:42:37.000Z,2026-06-09T11:54:08.000Z,26.55,-27.6,21.29,-5.26,0,0.15,4339.88,4341.43,,4351.78,BUY,USD,1,1,1583663
D#1671092,XAUUSD,100,288230376153327229,288230376152509206,288230376158946949,288230376158946354,114,2026-06-09T11:53:29.000Z,2026-06-09T11:55:23.000Z,-31.56,30.72,-35.76,-4.2,0,0.12,4342.7,4339.85,,,BUY,USD,1,1,1583663
D#1671093,XAUUSD,100,288230376153327276,288230376152509190,288230376158947246,288230376158946138,211,2026-06-09T11:52:49.000Z,2026-06-09T11:56:20.000Z,6.25,-6.6,4.49,-1.76,0,0.05,4341.68,4340.65,4350.67,4336.24,SELL,USD,1,1,1583663
D#1670985,XAUUSD,100,288230376153327298,288230376152508363,288230376158947369,288230376158936656,2311,2026-06-09T11:18:14.000Z,2026-06-09T11:56:45.000Z,-37.2,36.5,-40.7,-3.5,0,0.1,4336.7,4340.64,,,SELL,USD,1,1,1583663
D#1702437,XAUUSD,100,288230376153327541,288230376152508276,288230376158941566,288230376158935365,2973,2026-06-09T11:12:48.000Z,2026-06-09T12:02:21.000Z,50.8,-51.5,47.3,-3.5,0,0.1,4336.89,4341.75,4341.87,4346.59,BUY,USD,1,1,1583663
D#1702381,XAUUSD,100,288230376153327550,288230376152508172,288230376158949093,288230376158933783,3317,2026-06-09T11:07:15.000Z,2026-06-09T12:02:32.000Z,21.4,-21.75,19.64,-1.76,0,0.05,4337.84,4341.9,,,BUY,USD,1,1,1583663
D#1702367,XAUUSD,100,288230376153327800,288230376152503785,288230376158950691,288230376158879557,14784,2026-06-09T08:01:27.000Z,2026-06-09T12:07:51.000Z,-82.92,82.64,-84.32,-1.4,0,0.04,4322.88,4343.83,,,SELL,USD,1,1,1583663
D#1702639,XAUUSD,100,288230376153327921,288230376152509624,288230376158951495,288230376158951303,48,2026-06-09T12:10:06.000Z,2026-06-09T12:10:54.000Z,0.05,-0.4,-1.71,-1.76,0,0.05,4343.84,4343.63,,,BUY,USD,1,1,1583663
D#1670973,XAUUSD,100,288230376153327971,288230376152509517,288230376158951848,288230376158949770,467,2026-06-09T12:04:38.000Z,2026-06-09T12:12:25.000Z,1,-1.07,0.64,-0.36,0,0.01,4342.76,4343.54,,,BUY,USD,1,1,1583663
D#1614607,XAUUSD,100,288230376153328045,288230376152509598,288230376158951115,288230376158950901,359,2026-06-09T12:08:36.000Z,2026-06-09T12:14:35.000Z,-27.54,26.279999999999998,-33.84,-6.3,0,0.18,4343.22,4341.47,4341.66,4349.06,BUY,USD,1,1,1583663
D#1671068,XAUUSD,100,288230376153328067,288230376152509686,288230376158952507,288230376158952215,59,2026-06-09T12:13:52.000Z,2026-06-09T12:14:51.000Z,-18,17.3,-21.5,-3.5,0,0.1,4343.38,4341.36,,,BUY,USD,1,1,1583663
D#1670992,XAUUSD,100,288230376153328178,288230376152509219,288230376158946671,288230376158946521,1339,2026-06-09T11:54:09.000Z,2026-06-09T12:16:28.000Z,116.5,-120.0,99.0,-17.5,0,0.5,4341.53,4339.42,,4339.54,SELL,USD,1,1,1583663
D#1702349,XAUUSD,100,288230376153328381,288230376152509821,288230376158954332,288230376158953795,105,2026-06-09T12:18:40.000Z,2026-06-09T12:20:25.000Z,11.68,-12.24,8.88,-2.8,0,0.08,4341.38,4340.14,,,SELL,USD,1,1,1583663
D#1670874,XAUUSD,100,288230376153328405,288230376152509555,288230376158950400,288230376158950267,863,2026-06-09T12:06:21.000Z,2026-06-09T12:20:44.000Z,110.75,-112.5,101.99,-8.76,0,0.25,4342.83,4338.62,4346.34,4338.54,SELL,USD,1,1,1583663
D#1702437,XAUUSD,100,288230376153328403,288230376152509708,288230376158953340,288230376158952499,354,2026-06-09T12:14:50.000Z,2026-06-09T12:20:44.000Z,-29.1,28.400000000000002,-32.6,-3.5,0,0.1,4341.55,4338.42,4338.69,4350.94,BUY,USD,1,1,1583663
D#1670974,XAUUSD,100,288230376153328402,288230376152509770,288230376158953943,288230376158953210,228,2026-06-09T12:16:56.000Z,2026-06-09T12:20:44.000Z,-16.05,15.0,-21.31,-5.26,0,0.15,4339.71,4338.42,4338.63,4343.86,BUY,USD,1,1,1583663
D#1614607,XAUUSD,100,288230376153328428,288230376152509789,288230376158954509,288230376158953362,216,2026-06-09T12:17:21.000Z,2026-06-09T12:20:57.000Z,-23.04,21.779999999999998,-29.34,-6.3,0,0.18,4340.68,4339.18,4338.24,4347.08,BUY,USD,1,1,1583663
D#1589410,XAUUSD,100,288230376153328487,288230376152509409,288230376158949223,288230376158948618,1250,2026-06-09T12:01:03.000Z,2026-06-09T12:21:53.000Z,99.25,-101.0,90.49,-8.76,0,0.25,4341.96,4338.21,4347.41,4338.11,SELL,USD,1,1,1583663
D#1702639,XAUUSD,100,288230376153328490,288230376152509638,288230376158952193,288230376158951518,657,2026-06-09T12:10:59.000Z,2026-06-09T12:21:56.000Z,-59,58.3,-62.5,-3.5,0,0.1,4343.93,4337.81,4338,,BUY,USD,1,1,1583663
D#1702398,XAUUSD,100,288230376153328506,288230376152509175,288230376158954877,288230376158945977,1782,2026-06-09T11:52:19.000Z,2026-06-09T12:22:01.000Z,85.51,-86.7,79.55,-5.96,0,0.17,4342.91,4338.1,,,SELL,USD,1,1,1583663
D#1702476,XAUUSD,100,288230376153328626,288230376152508925,288230376158955479,288230376158943642,2354,2026-06-09T11:44:33.000Z,2026-06-09T12:23:47.000Z,61.44,-63.68,50.24,-11.2,0,0.32,4339.12,4337.42,,,SELL,USD,1,1,1583663
D#1702454,XAUUSD,100,288230376153328649,288230376152504656,288230376158955584,288230376158888078,14453,2026-06-09T08:23:09.000Z,2026-06-09T12:24:02.000Z,41.9,-42.6,38.4,-3.5,0,0.1,4333.73,4337.7,4315.28,4389.48,BUY,USD,1,1,1583663
D#1702437,XAUUSD,100,288230376153328864,288230376152509989,288230376158956867,288230376158955551,276,2026-06-09T12:23:59.000Z,2026-06-09T12:28:35.000Z,5.6,-6.3,2.1,-3.5,0,0.1,4337.86,4338.2,4338.61,4347.55,BUY,USD,1,1,1583663
D#1702356,XAUUSD,100,288230376153328982,288230376152507839,288230376158930102,288230376158929743,5724,2026-06-09T10:54:29.000Z,2026-06-09T12:29:53.000Z,6.82,-8.36,-0.88,-7.7,0,0.22,4335.44,4335.53,4335.68,4344.57,BUY,USD,1,1,1583663
D#1670864,XAUUSD,100,288230376153328991,288230376152509851,288230376158954176,288230376158953958,598,2026-06-09T12:19:56.000Z,2026-06-09T12:29:54.000Z,75.4,-76.10000000000001,71.9,-3.5,0,0.1,4342.77,4335.45,4347.47,4335.37,SELL,USD,1,1,1583663
D#1702504,XAUUSD,100,288230376153329034,288230376152504606,288230376158957674,288230376158887421,14944,2026-06-09T08:21:11.000Z,2026-06-09T12:30:15.000Z,57,-58.4,50.0,-7,0,0.2,4332.54,4335.17,,4352.37,BUY,USD,1,1,1583663
D#1670884,XAUUSD,100,288230376153329052,288230376152508711,288230376158957738,288230376158940750,3443,2026-06-09T11:33:02.000Z,2026-06-09T12:30:25.000Z,74.6,-77.39999999999999,60.6,-14,0,0.4,4337.35,4335.86,,4329.36,SELL,USD,1,1,1583663
D#1702387,XAUUSD,100,288230376153329092,288230376152510187,288230376158957884,288230376158957574,37,2026-06-09T12:30:04.000Z,2026-06-09T12:30:41.000Z,-108.8,106.0,-122.8,-14,0,0.4,4335.27,4338.21,,,SELL,USD,1,1,1583663
D#1702446,XAUUSD,100,288230376153329391,288230376152504975,288230376158959189,288230376158892708,14164,2026-06-09T08:37:57.000Z,2026-06-09T12:34:01.000Z,46.1,-46.800000000000004,42.6,-3.5,0,0.1,4332.87,4337.26,4320.49,4344.47,BUY,USD,1,1,1583663
D#1702350,XAUUSD,100,288230376153329430,288230376152510352,288230376158959042,288230376158958891,77,2026-06-09T12:33:17.000Z,2026-06-09T12:34:34.000Z,117.2,-120.0,103.2,-14,0,0.4,4338.6,4335.89,4338.36,4335.88,SELL,USD,1,1,1583663
D#1702693,XAUUSD,100,288230376153329516,288230376152510406,288230376158959892,288230376158959452,71,2026-06-09T12:34:40.000Z,2026-06-09T12:35:51.000Z,-99.3,97.2,-109.8,-10.5,0,0.3,4335.12,4338.65,,,SELL,USD,1,1,1583663
D#1702356,XAUUSD,100,288230376153329543,288230376152510367,288230376158959681,288230376158959008,170,2026-06-09T12:33:30.000Z,2026-06-09T12:36:20.000Z,-40.26,38.72,-47.96,-7.7,0,0.22,4336.81,4338.86,4338.73,4325.65,SELL,USD,1,1,1583663
D#1645749,XAUUSD,100,288230376153329550,288230376152509408,288230376158960080,288230376158948600,2127,2026-06-09T12:00:58.000Z,2026-06-09T12:36:25.000Z,68.75,-70.5,59.99,-8.76,0,0.25,4341.98,4339.03,4339.97,4334.14,SELL,USD,1,1,1583663
D#1702448,XAUUSD,100,288230376153329633,288230376152502704,288230376158960424,288230376158866787,18828,2026-06-09T07:23:31.000Z,2026-06-09T12:37:19.000Z,-113.88,113.03999999999999,-118.08,-4.2,0,0.12,4329.72,4339.43,,,SELL,USD,1,1,1583663
D#1614607,XAUUSD,100,288230376153329661,288230376152509884,288230376158960578,288230376158954534,1002,2026-06-09T12:21:02.000Z,2026-06-09T12:37:44.000Z,5.51,-6.84,-1.15,-6.66,0,0.19,4339.33,4339.26,,4333.82,SELL,USD,1,1,1583663
D#1702693,XAUUSD,100,288230376153329754,288230376152510469,288230376158960987,288230376158960123,140,2026-06-09T12:36:31.000Z,2026-06-09T12:38:51.000Z,56.4,-58.5,45.9,-10.5,0,0.3,4339.58,4341.24,,,BUY,USD,1,1,1583663
D#1702350,XAUUSD,100,288230376153329945,288230376152510665,288230376158962126,288230376158962124,36,2026-06-09T12:41:53.000Z,2026-06-09T12:42:29.000Z,11.6,-14.4,-2.4,-14,0,0.4,4341.01,4340.94,4340.77,4338.55,SELL,USD,1,1,1583663
D#1702356,XAUUSD,100,288230376153330170,288230376152510508,288230376158960753,288230376158960489,543,2026-06-09T12:37:29.000Z,2026-06-09T12:46:32.000Z,-125.6,122.8,-139.6,-14,0,0.4,4339.18,4342.54,4342.42,4331.38,SELL,USD,1,1,1583663
D#1670874,XAUUSD,100,288230376153330210,288230376152510569,288230376158961175,288230376158961050,471,2026-06-09T12:39:05.000Z,2026-06-09T12:46:56.000Z,-84.6,82.5,-95.1,-10.5,0,0.3,4340.63,4343.67,4343.57,4336.9,SELL,USD,1,1,1583663
D#1671093,XAUUSD,100,288230376153330278,288230376152510038,288230376158956093,288230376158955982,1350,2026-06-09T12:25:11.000Z,2026-06-09T12:47:41.000Z,40.41,-41.04,37.25,-3.16,0,0.09,4339.62,4343.89,4331.74,4343.95,BUY,USD,1,1,1583663
D#1702693,XAUUSD,100,288230376153330287,288230376152510840,288230376158964104,288230376158963963,22,2026-06-09T12:47:21.000Z,2026-06-09T12:47:43.000Z,25.8,-27.900000000000002,15.3,-10.5,0,0.3,4343.29,4343.93,,,BUY,USD,1,1,1583663
D#1702745,XAUUSD,100,288230376153330294,288230376152510139,288230376158957174,288230376158957171,1124,2026-06-09T12:29:00.000Z,2026-06-09T12:47:44.000Z,-75.72,74.88,-79.92,-4.2,0,0.12,4337.53,4344.06,4344.12,4321.13,SELL,USD,1,1,1583663
D#1702454,XAUUSD,100,288230376153330339,288230376152510036,288230376158964409,288230376158955971,1398,2026-06-09T12:25:09.000Z,2026-06-09T12:48:27.000Z,38.3,-39.0,34.8,-3.5,0,0.1,4339.32,4342.93,4320.93,4379.21,BUY,USD,1,1,1583663
D#1702545,XAUUSD,100,288230376153330413,288230376152510865,288230376158964875,288230376158964146,124,2026-06-09T12:47:46.000Z,2026-06-09T12:49:50.000Z,-81,77.5,-98.5,-17.5,0,0.5,4343.37,4341.53,,,BUY,USD,1,1,1583663
D#1702350,XAUUSD,100,288230376153330486,288230376152510906,288230376158964618,288230376158964616,112,2026-06-09T12:49:05.000Z,2026-06-09T12:50:57.000Z,8.4,-11.200000000000001,-5.6,-14,0,0.4,4343.53,4343.54,4343.29,4340.99,SELL,USD,1,1,1583663
D#1702741,XAUUSD,100,288230376153330567,288230376152510548,288230376158963643,288230376158960843,852,2026-06-09T12:38:29.000Z,2026-06-09T12:52:41.000Z,21.5,-22.2,18.0,-3.5,0,0.1,4339.06,4340.99,4341.13,4348.94,BUY,USD,1,1,1583663
D#1702398,XAUUSD,100,288230376153330596,288230376152510996,288230376158965987,288230376158965539,89,2026-06-09T12:51:43.000Z,2026-06-09T12:53:12.000Z,38.59,-39.78,32.63,-5.96,0,0.17,4342.63,4340.58,,,SELL,USD,1,1,1583663
D#1702476,XAUUSD,100,288230376153330699,288230376152510803,288230376158966389,288230376158963687,467,2026-06-09T12:46:32.000Z,2026-06-09T12:54:19.000Z,150.8,-153.60000000000002,136.8,-14,0,0.4,4342.38,4338.83,,,SELL,USD,1,1,1583663
D#1702448,XAUUSD,100,288230376153330725,288230376152510945,288230376158966496,288230376158964986,269,2026-06-09T12:50:07.000Z,2026-06-09T12:54:36.000Z,-54.72,53.879999999999995,-58.92,-4.2,0,0.12,4342.12,4337.34,4336.87,4352.16,BUY,USD,1,1,1583663
D#1702448,XAUUSD,100,288230376153330900,288230376152511172,288230376158967339,288230376158967010,46,2026-06-09T12:55:55.000Z,2026-06-09T12:56:41.000Z,0.6,-1.44,-3.6,-4.2,0,0.12,4338.15,4337.98,4333.15,4346.13,BUY,USD,1,1,1583663
D#1702476,XAUUSD,100,288230376153330978,288230376152511204,288230376158967762,288230376158967302,86,2026-06-09T12:56:34.000Z,2026-06-09T12:58:00.000Z,41.2,-44.0,27.2,-14,0,0.4,4338.05,4338.86,,,BUY,USD,1,1,1583663
D#1702654,XAUUSD,100,288230376153331122,288230376152511224,288230376158968206,288230376158967477,164,2026-06-09T12:57:08.000Z,2026-06-09T12:59:52.000Z,-242.55,238.70000000000002,-261.81,-19.26,0,0.55,4337.06,4341.69,4341.69,,SELL,USD,1,1,1583663
D#1702575,XAUUSD,100,288230376153331123,288230376152511286,288230376158968368,288230376158968223,29,2026-06-09T12:59:23.000Z,2026-06-09T12:59:52.000Z,114.48,-118.19,95.92,-18.56,0,0.53,4339.58,4341.52,,4341.86,BUY,USD,1,1,1583663
D#1670982,XAUUSD,100,288230376153331136,288230376152511308,288230376158968435,288230376158968419,1,2026-06-09T12:59:56.000Z,2026-06-09T12:59:57.000Z,-9.5,6.0,-27.0,-17.5,0,0.5,4340.39,4340.8,,,SELL,USD,1,1,1583663
D#1702613,XAUUSD,100,288230376153331157,288230376152511151,288230376158967100,288230376158966877,268,2026-06-09T12:55:34.000Z,2026-06-09T13:00:02.000Z,109,-110.4,102.0,-7,0,0.2,4337.78,4343.01,,4342.21,BUY,USD,1,1,1583663
D#1702530,XAUUSD,100,288230376153331288,288230376152504686,288230376158888886,288230376158888531,16556,2026-06-09T08:24:27.000Z,2026-06-09T13:00:23.000Z,-111.6,110.89999999999999,-115.1,-3.5,0,0.1,4332.97,4344.35,4344.83,4321.17,SELL,USD,1,1,1583663
D#1702743,XAUUSD,100,288230376153331277,288230376152506876,288230376158915756,288230376158915587,10931,2026-06-09T09:58:12.000Z,2026-06-09T13:00:23.000Z,398.4,-400.5,387.9,-10.5,0,0.3,4331.48,4344.54,4325.16,4344.51,BUY,USD,1,1,1583663
D#1702498,XAUUSD,100,288230376153331262,288230376152508195,288230376158934161,288230376158934160,6724,2026-06-09T11:08:19.000Z,2026-06-09T13:00:23.000Z,117.8,-119.2,110.8,-7,0,0.2,4338.93,4344.6,,4344.34,BUY,USD,1,1,1583663
D#1670973,XAUUSD,100,288230376153331281,288230376152510413,288230376158960403,288230376158959532,1530,2026-06-09T12:34:53.000Z,2026-06-09T13:00:23.000Z,-20.1,19.89,-21.16,-1.06,0,0.03,4337.49,4344.41,4344.61,4312.78,SELL,USD,1,1,1583663
D#1702442,XAUUSD,100,288230376153331286,288230376152510589,288230376158961399,288230376158961228,1250,2026-06-09T12:39:33.000Z,2026-06-09T13:00:23.000Z,-38.16,37.599999999999994,-40.96,-2.8,0,0.08,4339.36,4344.35,4344.86,4329.75,SELL,USD,1,1,1583663
D#1614607,XAUUSD,100,288230376153331339,288230376152510521,288230376158960668,288230376158960601,1370,2026-06-09T12:37:47.000Z,2026-06-09T13:00:37.000Z,111.34,-112.67,104.68,-6.66,0,0.19,4339.64,4345.28,,4344.99,BUY,USD,1,1,1583663
D#1670982,XAUUSD,100,288230376153331343,288230376152511315,288230376158968663,288230376158968457,37,2026-06-09T13:00:00.000Z,2026-06-09T13:00:37.000Z,-190.5,187.0,-208.0,-17.5,0,0.5,4341.49,4345.52,4345.28,4332.1,SELL,USD,1,1,1583663
D#1702552,XAUUSD,100,288230376153331352,288230376152506576,288230376158910914,288230376158910910,12098,2026-06-09T09:39:00.000Z,2026-06-09T13:00:38.000Z,116.32,-116.88,113.52,-2.8,0,0.08,4331.08,4345.4,4333.05,4345.43,BUY,USD,1,1,1583663
D#1670884,XAUUSD,100,288230376153331360,288230376152511096,288230376158968876,288230376158966440,374,2026-06-09T12:54:25.000Z,2026-06-09T13:00:39.000Z,346,-349.5,328.5,-17.5,0,0.5,4338.55,4345.25,4336.72,,BUY,USD,1,1,1583663
D#1645694,XAUUSD,100,288230376153331376,288230376152509950,288230376158968964,288230376158955165,2277,2026-06-09T12:22:53.000Z,2026-06-09T13:00:50.000Z,-91.96,90.63,-98.62,-6.66,0,0.19,4338.45,4343.51,4348.6,4328.03,SELL,USD,1,1,1583663
D#1702582,XAUUSD,100,288230376153331384,288230376152507124,288230376158968989,288230376158918798,10230,2026-06-09T10:10:22.000Z,2026-06-09T13:00:52.000Z,-489.3,487.2,-499.8,-10.5,0,0.3,4327.05,4343.58,,4324.82,SELL,USD,1,1,1583663
D#1702575,XAUUSD,100,288230376153331473,288230376152511439,288230376158969350,288230376158969236,14,2026-06-09T13:01:22.000Z,2026-06-09T13:01:36.000Z,-54.9,52.8,-65.4,-10.5,0,0.3,4341.02,4343.07,,4337.25,SELL,USD,1,1,1583663
D#1702575,XAUUSD,100,288230376153331552,288230376152511461,288230376158969734,288230376158969453,36,2026-06-09T13:01:48.000Z,2026-06-09T13:02:24.000Z,-60.5,57.0,-78.0,-17.5,0,0.5,4340.96,4342.39,,4337.95,SELL,USD,1,1,1583663
D#1702575,XAUUSD,100,288230376153331576,288230376152511498,288230376158969872,288230376158969745,16,2026-06-09T13:02:26.000Z,2026-06-09T13:02:42.000Z,-91,87.5,-108.5,-17.5,0,0.5,4342.35,4340.31,,4346.4,BUY,USD,1,1,1583663
D#1702743,XAUUSD,100,288230376153331594,288230376152511503,288230376158970006,288230376158969789,30,2026-06-09T13:02:32.000Z,2026-06-09T13:03:02.000Z,0.56,-0.6300000000000001,0.2,-0.36,0,0.01,4341,4340.66,,4334.62,SELL,USD,1,1,1583663
D#1702398,XAUUSD,100,288230376153331622,288230376152511456,288230376158970083,288230376158969374,93,2026-06-09T13:01:39.000Z,2026-06-09T13:03:12.000Z,59.84,-61.03,53.88,-5.96,0,0.17,4342.2,4338.9,,,SELL,USD,1,1,1583663
D#1702621,XAUUSD,100,288230376153331658,288230376152504330,288230376158970310,288230376158884680,17357,2026-06-09T08:14:27.000Z,2026-06-09T13:03:44.000Z,49.4,-49.75,47.64,-1.76,0,0.05,4331.46,4341.12,4321.41,4349.17,BUY,USD,1,1,1583663
D#1702743,XAUUSD,100,288230376153331853,288230376152511524,288230376158970253,288230376158970034,165,2026-06-09T13:03:07.000Z,2026-06-09T13:05:52.000Z,-13.95,13.6,-15.71,-1.76,0,0.05,4339.27,4342.28,4342.06,4334.97,SELL,USD,1,1,1583663
D#1702743,XAUUSD,100,288230376153331904,288230376152511676,288230376158971439,288230376158971305,20,2026-06-09T13:05:59.000Z,2026-06-09T13:06:19.000Z,-0.6,0.24999999999999994,-2.36,-1.76,0,0.05,4342.47,4342.13,,,BUY,USD,1,1,1583663
D#1702743,XAUUSD,100,288230376153332009,288230376152511701,288230376158972042,288230376158971472,71,2026-06-09T13:06:22.000Z,2026-06-09T13:07:33.000Z,-13.9,13.200000000000001,-17.4,-3.5,0,0.1,4343.02,4341.41,,,BUY,USD,1,1,1583663
D#1702743,XAUUSD,100,288230376153332051,288230376152511779,288230376158972241,288230376158972101,23,2026-06-09T13:07:40.000Z,2026-06-09T13:08:03.000Z,84.5,-88.0,67.0,-17.5,0,0.5,4341.02,4339.55,,,SELL,USD,1,1,1583663
D#1702741,XAUUSD,100,288230376153332133,288230376152511610,288230376158971824,288230376158970710,261,2026-06-09T13:04:46.000Z,2026-06-09T13:09:07.000Z,-53.5,52.8,-57.0,-3.5,0,0.1,4338.56,4344.13,4343.68,4328.41,SELL,USD,1,1,1583663
D#1702575,XAUUSD,100,288230376153332163,288230376152511522,288230376158972787,288230376158970028,375,2026-06-09T13:03:06.000Z,2026-06-09T13:09:21.000Z,-203,199.5,-220.5,-17.5,0,0.5,4339.63,4343.91,,4331.55,SELL,USD,1,1,1583663
D#1702463,XAUUSD,100,288230376153332265,288230376152506400,288230376158973548,288230376158909061,13132,2026-06-09T09:32:30.000Z,2026-06-09T13:11:22.000Z,-144.2,143.5,-147.7,-3.5,0,0.1,4327.83,4342.47,,4320,SELL,USD,1,1,1583663
D#1702726,XAUUSD,100,288230376153332425,288230376152496661,288230376158974476,288230376158790566,35687,2026-06-09T03:19:23.000Z,2026-06-09T13:14:10.000Z,1.1,-1.8000000000000003,-2.4,-3.5,0,0.1,4341.12,4341.01,4341.19,4347,BUY,USD,1,1,1583663
D#1702398,XAUUSD,100,288230376153332495,288230376152511942,288230376158974953,288230376158973703,218,2026-06-09T13:11:46.000Z,2026-06-09T13:15:24.000Z,15.47,-16.66,9.51,-5.96,0,0.17,4342.48,4341.79,,,SELL,USD,1,1,1583663
D#1702517,XAUUSD,100,288230376153332582,288230376152508065,288230376158975509,288230376158932432,8041,2026-06-09T11:02:50.000Z,2026-06-09T13:16:51.000Z,8.95,-9.299999999999999,7.19,-1.76,0,0.05,4338.66,4340.23,4320.74,4367.32,BUY,USD,1,1,1583663
D#1702463,XAUUSD,100,288230376153332602,288230376152511944,288230376158975640,288230376158973729,323,2026-06-09T13:11:49.000Z,2026-06-09T13:17:12.000Z,24.75,-25.8,19.49,-5.26,0,0.15,4342.03,4340.6,,4339,SELL,USD,1,1,1583663
D#1670979,XAUUSD,100,288230376153332617,288230376152512090,288230376158975622,288230376158975387,51,2026-06-09T13:16:33.000Z,2026-06-09T13:17:24.000Z,80.4,-83.2,66.4,-14,0,0.4,4340.49,4338.7,,4339.19,SELL,USD,1,1,1583663
D#1702650,XAUUSD,100,288230376153332632,288230376152511694,288230376158972046,288230376158971438,669,2026-06-09T13:06:19.000Z,2026-06-09T13:17:28.000Z,132.3,-134.4,121.8,-10.5,0,0.3,4342.09,4337.9,4346.16,4337.93,SELL,USD,1,1,1583663
D#1702519,XAUUSD,100,288230376153332697,288230376152510570,288230376158976025,288230376158961068,2337,2026-06-09T12:39:09.000Z,2026-06-09T13:18:06.000Z,-13.05,12.700000000000001,-14.81,-1.76,0,0.05,4340.38,4337.55,4328.04,4354.19,BUY,USD,1,1,1583663
D#1670874,XAUUSD,100,288230376153332745,288230376152510839,288230376158964254,288230376158963959,1864,2026-06-09T12:47:20.000Z,2026-06-09T13:18:24.000Z,201.9,-204.0,191.4,-10.5,0,0.3,4343.14,4336.63,4349.25,4336.58,SELL,USD,1,1,1583663
D#1702466,XAUUSD,100,288230376153332756,288230376152510568,288230376158961356,288230376158961043,2363,2026-06-09T12:39:03.000Z,2026-06-09T13:18:26.000Z,-153.9,151.8,-164.4,-10.5,0,0.3,4340.97,4335.62,4336.02,4356.61,BUY,USD,1,1,1583663
D#1670864,XAUUSD,100,288230376153332761,288230376152512117,288230376158975713,288230376158975260,63,2026-06-09T13:17:23.000Z,2026-06-09T13:18:26.000Z,40.1,-40.800000000000004,36.6,-3.5,0,0.1,4339.4,4335.61,4344.44,4335.96,SELL,USD,1,1,1583663
D#1702339,XAUUSD,100,288230376153332776,288230376152511068,288230376158976198,288230376158966209,1477,2026-06-09T12:53:53.000Z,2026-06-09T13:18:30.000Z,101.68,-103.85000000000001,90.82,-10.86,0,0.31,4339.12,4336.06,,,SELL,USD,1,1,1583663
D#1670947,XAUUSD,100,288230376153332865,288230376152509421,288230376158976488,288230376158948745,4664,2026-06-09T12:01:27.000Z,2026-06-09T13:19:11.000Z,-178.15,175.70000000000002,-190.41,-12.26,0,0.35,4341.13,4335.82,4317.78,4353.79,BUY,USD,1,1,1583663
D#1702437,XAUUSD,100,288230376153332882,288230376152510317,288230376158976504,288230376158958548,2821,2026-06-09T12:32:18.000Z,2026-06-09T13:19:19.000Z,32.7,-33.400000000000006,29.2,-3.5,0,0.1,4339.34,4336.29,4336.23,4329.8,SELL,USD,1,1,1583663
D#1702632,XAUUSD,100,288230376153332979,288230376152507909,288230376158930787,288230376158930707,8541,2026-06-09T10:57:40.000Z,2026-06-09T13:20:01.000Z,149.5,-153.0,132.0,-17.5,0,0.5,4336.68,4333.91,,4334.05,SELL,USD,1,1,1583663
D#1589410,XAUUSD,100,288230376153332976,288230376152509964,288230376158956187,288230376158955289,3408,2026-06-09T12:23:13.000Z,2026-06-09T13:20:01.000Z,94.75,-96.5,85.99,-8.76,0,0.25,4337.48,4333.91,4345.56,4333.89,SELL,USD,1,1,1583663
D#1670932,XAUUSD,100,288230376153332980,288230376152511398,288230376158974446,288230376158968940,1154,2026-06-09T13:00:47.000Z,2026-06-09T13:20:01.000Z,-107.3,106.6,-110.8,-3.5,0,0.1,4344.7,4333.75,4334,,BUY,USD,1,1,1583663
D#1702514,XAUUSD,100,288230376153333001,288230376152510764,288230376158976907,288230376158963216,2098,2026-06-09T12:45:07.000Z,2026-06-09T13:20:05.000Z,86.1,-87.08,81.2,-4.9,0,0.14,4340.25,4334.32,4345.76,4333.36,SELL,USD,1,1,1583663
D#1702650,XAUUSD,100,288230376153333011,288230376152512139,288230376158976951,288230376158975879,146,2026-06-09T13:17:43.000Z,2026-06-09T13:20:09.000Z,89.4,-91.5,78.9,-10.5,0,0.3,4337.34,4334.58,,,SELL,USD,1,1,1583663
D#1702634,XAUUSD,100,288230376153333046,288230376152512134,288230376158977111,288230376158975844,168,2026-06-09T13:17:39.000Z,2026-06-09T13:20:27.000Z,3.53,-3.5999999999999996,3.17,-0.36,0,0.01,4337.93,4334.62,4342.81,4325.98,SELL,USD,1,1,1583663
D#1670985,XAUUSD,100,288230376153333130,288230376152512049,288230376158977523,288230376158974956,353,2026-06-09T13:15:24.000Z,2026-06-09T13:21:17.000Z,-76.1,75.39999999999999,-79.6,-3.5,0,0.1,4341.73,4333.9,,,BUY,USD,1,1,1583663
D#1702741,XAUUSD,100,288230376153333172,288230376152511917,288230376158973712,288230376158973484,612,2026-06-09T13:11:13.000Z,2026-06-09T13:21:25.000Z,83.1,-83.8,79.6,-3.5,0,0.1,4340.96,4332.87,4344.8,4333.12,SELL,USD,1,1,1583663
D#1670914,XAUUSD,100,288230376153333190,288230376152508572,288230376158939015,288230376158938966,6936,2026-06-09T11:25:52.000Z,2026-06-09T13:21:28.000Z,52.6,-53.300000000000004,49.1,-3.5,0,0.1,4337.07,4332.03,,4332.18,SELL,USD,1,1,1583663
D#1702454,XAUUSD,100,288230376153333193,288230376152510901,288230376158964691,288230376158964521,1961,2026-06-09T12:48:47.000Z,2026-06-09T13:21:28.000Z,-109.9,109.2,-113.4,-3.5,0,0.1,4343.05,4331.84,4332.44,4372.15,BUY,USD,1,1,1583663
D#1645648,XAUUSD,100,288230376153333217,288230376152507542,288230376158933640,288230376158924191,10371,2026-06-09T10:28:38.000Z,2026-06-09T13:21:29.000Z,25.41,-26.18,21.55,-3.86,0,0.11,4334.05,4331.96,,4331.67,SELL,USD,1,1,1583663
D#1702442,XAUUSD,100,288230376153333213,288230376152512107,288230376158975799,288230376158975627,258,2026-06-09T13:17:11.000Z,2026-06-09T13:21:29.000Z,67.2,-67.76,64.4,-2.8,0,0.08,4340.14,4331.96,4345.5,4331.62,SELL,USD,1,1,1583663
D#1702519,XAUUSD,100,288230376153333212,288230376152512157,288230376158976202,288230376158976039,199,2026-06-09T13:18:10.000Z,2026-06-09T13:21:29.000Z,89.7,-90.75,84.44,-5.26,0,0.15,4337.72,4331.96,4347.53,4331.63,SELL,USD,1,1,1583663
D#1614607,XAUUSD,100,288230376153333320,288230376152512414,288230376158978009,288230376158977750,30,2026-06-09T13:21:38.000Z,2026-06-09T13:22:08.000Z,2.66,-3.99,-4.0,-6.66,0,0.19,4333.41,4333.33,,4336.04,BUY,USD,1,1,1583663
D#1702726,XAUUSD,100,288230376153333325,288230376152512020,288230376158978034,288230376158974628,464,2026-06-09T13:14:28.000Z,2026-06-09T13:22:12.000Z,-230.4,228.3,-240.9,-10.5,0,0.3,4340.63,4332.73,,,BUY,USD,1,1,1583663
D#1702359,XAUUSD,100,288230376153333381,288230376152511675,288230376158978361,288230376158971302,1019,2026-06-09T13:05:58.000Z,2026-06-09T13:22:57.000Z,95.1,-95.8,91.6,-3.5,0,0.1,4342.46,4333.17,,,SELL,USD,1,1,1583663
D#1702650,XAUUSD,100,288230376153333442,288230376152512340,288230376158978547,288230376158977312,145,2026-06-09T13:20:54.000Z,2026-06-09T13:23:19.000Z,9.6,-11.7,-0.9,-10.5,0,0.3,4334.33,4334.23,,4330.25,SELL,USD,1,1,1583663
D#1670976,XAUUSD,100,288230376153333468,288230376152512475,288230376158978662,288230376158978196,63,2026-06-09T13:22:32.000Z,2026-06-09T13:23:35.000Z,0.91,-0.98,0.55,-0.36,0,0.01,4333.45,4334.14,,,BUY,USD,1,1,1583663
D#1645696,XAUUSD,100,288230376153333584,288230376152509305,288230376158947432,288230376158947385,5296,2026-06-09T11:56:48.000Z,2026-06-09T13:25:04.000Z,46.56,-47.120000000000005,43.76,-2.8,0,0.08,4340.49,4334.89,4334.54,4328.29,SELL,USD,1,1,1583663
D#1702437,XAUUSD,100,288230376153333582,288230376152512264,288230376158979298,288230376158976786,312,2026-06-09T13:19:52.000Z,2026-06-09T13:25:04.000Z,-10,9.3,-13.5,-3.5,0,0.1,4335.34,4334.12,,,BUY,USD,1,1,1583663
D#1702487,XAUUSD,100,288230376153333635,288230376152512605,288230376158979509,288230376158979314,21,2026-06-09T13:25:05.000Z,2026-06-09T13:25:26.000Z,5.2,-5.55,3.44,-1.76,0,0.05,4334.61,4335.43,,,BUY,USD,1,1,1583663
D#1702359,XAUUSD,100,288230376153333644,288230376152512548,288230376158979553,288230376158978865,88,2026-06-09T13:24:02.000Z,2026-06-09T13:25:30.000Z,23.29,-24.48,17.33,-5.96,0,0.17,4334.17,4335.32,,,BUY,USD,1,1,1583663
D#1614607,XAUUSD,100,288230376153333845,288230376152512446,288230376158978122,288230376158978022,312,2026-06-09T13:22:10.000Z,2026-06-09T13:27:22.000Z,30.02,-31.35,23.36,-6.66,0,0.19,4332.86,4331.5,,4331.48,SELL,USD,1,1,1583663
D#1671068,XAUUSD,100,288230376153333856,288230376152509717,288230376158952779,288230376158952576,4343,2026-06-09T12:15:01.000Z,2026-06-09T13:27:24.000Z,105.1,-105.8,101.6,-3.5,0,0.1,4341.39,4331.1,,4331.33,SELL,USD,1,1,1583663
D#1702650,XAUUSD,100,288230376153333882,288230376152512543,288230376158980458,288230376158978834,205,2026-06-09T13:23:59.000Z,2026-06-09T13:27:24.000Z,-91.8,89.7,-102.3,-10.5,0,0.3,4334.33,4331.05,,4338.29,BUY,USD,1,1,1583663
D#1702373,XAUUSD,100,288230376153333926,288230376152512183,288230376158980640,288230376158946495,554,2026-06-09T13:18:26.000Z,2026-06-09T13:27:40.000Z,-31.44,30.880000000000003,-34.24,-2.8,0,0.08,4335.75,4331.6,4325.53,4405.31,BUY,USD,1,1,1583663
D#1702657,XAUUSD,100,288230376153334036,288230376152509192,288230376158946291,288230376158946169,5744,2026-06-09T11:52:54.000Z,2026-06-09T13:28:38.000Z,116.3,-117.0,112.8,-3.5,0,0.1,4341.88,4330.47,4346.94,4330.39,SELL,USD,1,1,1583663
D#1702639,XAUUSD,100,288230376153334287,288230376152509925,288230376158955064,288230376158954932,4074,2026-06-09T12:22:11.000Z,2026-06-09T13:30:05.000Z,-75.2,74.5,-78.7,-3.5,0,0.1,4337.86,4330.12,4330,,BUY,USD,1,1,1583663
D#1670976,XAUUSD,100,288230376153334282,288230376152512539,288230376158979751,288230376158978770,377,2026-06-09T13:23:48.000Z,2026-06-09T13:30:05.000Z,-17.65,17.299999999999997,-19.41,-1.76,0,0.05,4333.82,4330.07,4330.21,4341.45,BUY,USD,1,1,1583663
D#1702741,XAUUSD,100,288230376153334277,288230376152512574,288230376158979247,288230376158979012,344,2026-06-09T13:24:21.000Z,2026-06-09T13:30:05.000Z,-34.7,34.0,-38.2,-3.5,0,0.1,4333.81,4330.12,4330.19,4343.5,BUY,USD,1,1,1583663
D#1702693,XAUUSD,100,288230376153334316,288230376152512812,288230376158981964,288230376158980906,117,2026-06-09T13:28:13.000Z,2026-06-09T13:30:10.000Z,33.6,-35.7,23.1,-10.5,0,0.3,4330.64,4329.74,,,SELL,USD,1,1,1583663
D#1645696,XAUUSD,100,288230376153334342,288230376152512622,288230376158979704,288230376158979428,294,2026-06-09T13:25:18.000Z,2026-06-09T13:30:12.000Z,-53.28,52.65,-56.44,-3.16,0,0.09,4335.27,4329.13,4329.18,4345.66,BUY,USD,1,1,1583663
D#1702487,XAUUSD,100,288230376153334697,288230376152513127,288230376158983082,288230376158982637,38,2026-06-09T13:31:03.000Z,2026-06-09T13:31:41.000Z,14.14,-15.120000000000001,9.24,-4.9,0,0.14,4331.31,4332.1,,,BUY,USD,1,1,1583663
D#1702442,XAUUSD,100,288230376153334834,288230376152512842,288230376158983391,288230376158981127,193,2026-06-09T13:28:43.000Z,2026-06-09T13:31:56.000Z,-23.1,22.05,-28.36,-5.26,0,0.15,4330.42,4332.18,4335.3,4324.69,SELL,USD,1,1,1583663
D#1670919,XAUUSD,100,288230376153335798,288230376152513312,288230376158985615,288230376158983487,131,2026-06-09T13:32:01.000Z,2026-06-09T13:34:12.000Z,-6,3.1999999999999997,-20.0,-14,0,0.4,4331.52,4331.89,,,SELL,USD,1,1,1583663
D#1589419,XAUUSD,100,288230376153336112,288230376152512835,288230376158986409,288230376158981070,399,2026-06-09T13:28:32.000Z,2026-06-09T13:35:11.000Z,0.18,-0.32,-0.52,-0.7,0,0.02,4330.54,4330.67,,,SELL,USD,1,1,1583663
D#1702650,XAUUSD,100,288230376153336180,288230376152512775,288230376158986526,288230376158980583,462,2026-06-09T13:27:35.000Z,2026-06-09T13:35:17.000Z,11.2,-15.12,-8.4,-19.6,0,0.56,4331.45,4331.47,,4325.34,SELL,USD,1,1,1583663
D#1702650,XAUUSD,100,288230376153336670,288230376152513966,288230376158988112,288230376158986690,83,2026-06-09T13:35:28.000Z,2026-06-09T13:36:51.000Z,157.36,-161.28,137.76,-19.6,0,0.56,4331.12,4333.71,,4338.15,BUY,USD,1,1,1583663
D#1702636,XAUUSD,100,288230376153336817,288230376152506556,288230376158988560,288230376158910670,14368,2026-06-09T09:37:56.000Z,2026-06-09T13:37:24.000Z,-27.1,26.400000000000002,-30.6,-3.5,0,0.1,4329.89,4332.82,4345.89,4304.04,SELL,USD,1,1,1583663
D#1702650,XAUUSD,100,288230376153337182,288230376152514205,288230376158989891,288230376158988164,149,2026-06-09T13:36:55.000Z,2026-06-09T13:39:24.000Z,-157.36,153.44000000000003,-176.96,-19.6,0,0.56,4333.96,4330.93,,4336.52,BUY,USD,1,1,1583663
D#1702650,XAUUSD,100,288230376153337288,288230376152514498,288230376158990254,288230376158989937,34,2026-06-09T13:39:27.000Z,2026-06-09T13:40:01.000Z,19.6,-23.520000000000003,0.0,-19.6,0,0.56,4331.55,4331.42,,4331.58,SELL,USD,1,1,1583663
D#1702487,XAUUSD,100,288230376153337308,288230376152514261,288230376158990353,288230376158988483,167,2026-06-09T13:37:18.000Z,2026-06-09T13:40:05.000Z,-30.6,29.900000000000002,-34.1,-3.5,0,0.1,4333.75,4330.47,,,BUY,USD,1,1,1583663
D#1702454,XAUUSD,100,288230376153337421,288230376152514310,288230376158989115,288230376158988719,170,2026-06-09T13:37:39.000Z,2026-06-09T13:40:29.000Z,-32.1,31.400000000000002,-35.6,-3.5,0,0.1,4332.36,4328.93,4329.17,4336.09,BUY,USD,1,1,1583663
D#1702741,XAUUSD,100,288230376153337463,288230376152513198,288230376158983373,288230376158983009,539,2026-06-09T13:31:35.000Z,2026-06-09T13:40:34.000Z,-38.3,37.599999999999994,-41.8,-3.5,0,0.1,4332.68,4328.63,4328.89,4342.19,BUY,USD,1,1,1583663
D#1702550,XAUUSD,100,288230376153337642,288230376152512567,288230376158980593,288230376158978975,1004,2026-06-09T13:24:15.000Z,2026-06-09T13:40:59.000Z,-18.24,18.029999999999998,-19.3,-1.06,0,0.03,4334.09,4327.79,4328.2,4348.84,BUY,USD,1,1,1583663
D#1670976,XAUUSD,100,288230376153337641,288230376152513751,288230376158985985,288230376158985491,415,2026-06-09T13:34:04.000Z,2026-06-09T13:40:59.000Z,-18.7,18.349999999999998,-20.46,-1.76,0,0.05,4331.75,4327.79,4328.13,,BUY,USD,1,1,1583663
D#1702496,XAUUSD,100,288230376153337647,288230376152514545,288230376158991322,288230376158990269,61,2026-06-09T13:39:59.000Z,2026-06-09T13:41:00.000Z,-200.5,197.0,-218.0,-17.5,0,0.5,4332.01,4327.78,,,BUY,USD,1,1,1583663
D#1702442,XAUUSD,100,288230376153337694,288230376152513296,288230376158983742,288230376158983436,548,2026-06-09T13:31:58.000Z,2026-06-09T13:41:06.000Z,-67.5,66.45,-72.76,-5.26,0,0.15,4332.12,4327.4,4327.6,4337.45,BUY,USD,1,1,1583663
D#1702446,XAUUSD,100,288230376153337781,288230376152510389,288230376158980898,288230376158959267,4026,2026-06-09T12:34:12.000Z,2026-06-09T13:41:18.000Z,106.1,-106.8,102.6,-3.5,0,0.1,4337.24,4326.85,4336.48,4326.66,SELL,USD,1,1,1583663
D#1702398,XAUUSD,100,288230376153337787,288230376152513449,288230376158991622,288230376158984169,520,2026-06-09T13:32:39.000Z,2026-06-09T13:41:19.000Z,-80.07,78.88,-86.03,-5.96,0,0.17,4331.63,4326.7,,,BUY,USD,1,1,1583663
D#1645696,XAUUSD,100,288230376153337868,288230376152513115,288230376158982810,288230376158982563,642,2026-06-09T13:30:56.000Z,2026-06-09T13:41:38.000Z,-48.7,48.0,-52.2,-3.5,0,0.1,4330.98,4325.89,4326.15,4340.35,BUY,USD,1,1,1583663
D#1702504,XAUUSD,100,288230376153337926,288230376152510480,288230376158991992,288230376158960205,3909,2026-06-09T12:36:42.000Z,2026-06-09T13:41:51.000Z,-266.4,265.0,-273.4,-7,0,0.2,4339.5,4325.96,,,BUY,USD,1,1,1583663
D#1702650,XAUUSD,100,288230376153338448,288230376152514588,288230376158993406,288230376158990446,206,2026-06-09T13:40:10.000Z,2026-06-09T13:43:36.000Z,32.48,-36.4,12.88,-19.6,0,0.56,4329.99,4329.63,,4322.95,SELL,USD,1,1,1583663
D#1702650,XAUUSD,100,288230376153338563,288230376152515079,288230376158993707,288230376158993448,23,2026-06-09T13:43:39.000Z,2026-06-09T13:44:02.000Z,-67.2,63.28,-86.8,-19.6,0,0.56,4329.52,4328.1,,,BUY,USD,1,1,1583663
D#1702650,XAUUSD,100,288230376153338914,288230376152515136,288230376158994648,288230376158993737,71,2026-06-09T13:44:04.000Z,2026-06-09T13:45:15.000Z,-146.16,142.24,-165.76,-19.6,0,0.56,4328.66,4331.49,,4320.29,SELL,USD,1,1,1583663
D#1702442,XAUUSD,100,288230376153338981,288230376152514790,288230376158991982,288230376158991795,233,2026-06-09T13:41:34.000Z,2026-06-09T13:45:27.000Z,82.05,-83.1,76.79,-5.26,0,0.15,4326.99,4332.24,,4332.02,BUY,USD,1,1,1583663
D#1670979,XAUUSD,100,288230376153338982,288230376152515091,288230376158993726,288230376158993515,102,2026-06-09T13:43:45.000Z,2026-06-09T13:45:27.000Z,112.8,-115.6,98.8,-14,0,0.4,4329.64,4332.24,,4332.28,BUY,USD,1,1,1583663
D#1645696,XAUUSD,100,288230376153339044,288230376152514900,288230376158992700,288230376158992489,196,2026-06-09T13:42:26.000Z,2026-06-09T13:45:42.000Z,-64.3,63.599999999999994,-67.8,-3.5,0,0.1,4327.07,4333.72,4333.33,4316.78,SELL,USD,1,1,1583663
D#1702398,XAUUSD,100,288230376153339059,288230376152515202,288230376158994994,288230376158993977,82,2026-06-09T13:44:21.000Z,2026-06-09T13:45:43.000Z,81.94,-83.13,75.98,-5.96,0,0.17,4328.67,4333.27,,,BUY,USD,1,1,1583663
D#1702454,XAUUSD,100,288230376153339275,288230376152514658,288230376158991642,288230376158991056,350,2026-06-09T13:40:41.000Z,2026-06-09T13:46:31.000Z,-57.3,56.599999999999994,-60.8,-3.5,0,0.1,4328.72,4334.67,4334.51,4287.51,SELL,USD,1,1,1583663
D#1702487,XAUUSD,100,288230376153339272,288230376152515302,288230376158995628,288230376158994524,85,2026-06-09T13:45:06.000Z,2026-06-09T13:46:31.000Z,45.09,-45.720000000000006,41.93,-3.16,0,0.09,4329.7,4334.49,,,BUY,USD,1,1,1583663
D#1702551,XAUUSD,100,288230376153339287,288230376152515471,288230376158995652,288230376158995450,14,2026-06-09T13:46:18.000Z,2026-06-09T13:46:32.000Z,17.4,-18.099999999999998,13.9,-3.5,0,0.1,4333.66,4335.18,,,BUY,USD,1,1,1583663
D#1702741,XAUUSD,100,288230376153339395,288230376152514808,288230376158992141,288230376158991882,315,2026-06-09T13:41:39.000Z,2026-06-09T13:46:54.000Z,99.4,-100.10000000000001,95.9,-3.5,0,0.1,4326.29,4336.01,4322.28,4336.05,BUY,USD,1,1,1583663
D#1670979,XAUUSD,100,288230376153339477,288230376152515579,288230376158996153,288230376158996092,4,2026-06-09T13:47:03.000Z,2026-06-09T13:47:07.000Z,16,-18.8,2.0,-14,0,0.4,4336.36,4336.54,,,BUY,USD,1,1,1583663
D#1670914,XAUUSD,100,288230376153339612,288230376152512472,288230376158996400,288230376158978185,1490,2026-06-09T13:22:30.000Z,2026-06-09T13:47:20.000Z,39.7,-40.400000000000006,36.2,-3.5,0,0.1,4333.55,4337.3,,4338.54,BUY,USD,1,1,1583663
D#1702514,XAUUSD,100,288230376153339754,288230376152512524,288230376158996654,288230376158978674,1436,2026-06-09T13:23:37.000Z,2026-06-09T13:47:33.000Z,89.1,-90.14999999999999,83.84,-5.26,0,0.15,4334.4,4340.12,4315.24,4340.4,BUY,USD,1,1,1583663
D#1702437,XAUUSD,100,288230376153339773,288230376152513883,288230376158987055,288230376158986290,751,2026-06-09T13:35:04.000Z,2026-06-09T13:47:35.000Z,94.8,-95.5,91.3,-3.5,0,0.1,4331.13,4340.39,,4340.7,BUY,USD,1,1,1583663
D#1702519,XAUUSD,100,288230376153339914,288230376152512534,288230376158978860,288230376158978734,1447,2026-06-09T13:23:43.000Z,2026-06-09T13:47:50.000Z,98.25,-99.3,92.99,-5.26,0,0.15,4334.61,4340.94,4321.76,4340.86,BUY,USD,1,1,1583663
D#1702339,XAUUSD,100,288230376153339922,288230376152512296,288230376158996957,288230376158976986,1658,2026-06-09T13:20:13.000Z,2026-06-09T13:47:51.000Z,201.5,-203.67,190.64,-10.86,0,0.31,4334.76,4341.04,,,BUY,USD,1,1,1583663
D#1671068,XAUUSD,100,288230376153340017,288230376152515349,288230376158995183,288230376158994718,156,2026-06-09T13:45:21.000Z,2026-06-09T13:47:57.000Z,128.6,-129.29999999999998,125.1,-3.5,0,0.1,4331.66,4344.3,,4344.04,BUY,USD,1,1,1583663
D#1645696,XAUUSD,100,288230376153340009,288230376152515433,288230376158995349,288230376158995217,118,2026-06-09T13:45:59.000Z,2026-06-09T13:47:57.000Z,110.6,-111.3,107.1,-3.5,0,0.1,4333.11,4343.95,4337.06,4343.99,BUY,USD,1,1,1583663
D#1670974,XAUUSD,100,288230376153340027,288230376152512402,288230376158978350,288230376158977688,1586,2026-06-09T13:21:32.000Z,2026-06-09T13:47:58.000Z,176.4,-177.45000000000002,171.14,-5.26,0,0.15,4332.68,4344.22,,4344.4,BUY,USD,1,1,1583663
D#1702359,XAUUSD,100,288230376153340047,288230376152515700,288230376158996657,288230376158979738,25,2026-06-09T13:47:33.000Z,2026-06-09T13:47:58.000Z,-87.21,86.02,-93.17,-5.96,0,0.17,4339.91,4345.26,4344.69,4331.44,SELL,USD,1,1,1583663
D#1702363,XAUUSD,100,288230376153340212,288230376152507292,288230376158920862,288230376158920788,12702,2026-06-09T10:16:25.000Z,2026-06-09T13:48:07.000Z,-101.6,101.03999999999999,-104.4,-2.8,0,0.08,4334.19,4347.11,4346,4320.75,SELL,USD,1,1,1583663
D#1702517,XAUUSD,100,288230376153340215,288230376152512693,288230376158979980,288230376158979973,1301,2026-06-09T13:26:26.000Z,2026-06-09T13:48:07.000Z,-64.35,63.99999999999999,-66.11,-1.76,0,0.05,4333.97,4347.06,4346.42,4315.52,SELL,USD,1,1,1583663
D#1670932,XAUUSD,100,288230376153340267,288230376152512719,288230376158997339,288230376158980217,1272,2026-06-09T13:26:59.000Z,2026-06-09T13:48:11.000Z,-139.3,138.60000000000002,-142.8,-3.5,0,0.1,4332.55,4346.7,,,SELL,USD,1,1,1583663
D#1702398,XAUUSD,100,288230376153340298,288230376152515730,288230376158997404,288230376158996813,35,2026-06-09T13:47:40.000Z,2026-06-09T13:48:15.000Z,-136.34,135.15,-142.3,-5.96,0,0.17,4339.58,4347.82,,,SELL,USD,1,1,1583663
D#1645756,XAUUSD,100,288230376153340366,288230376152503643,288230376158997582,288230376158877695,21190,2026-06-09T07:55:21.000Z,2026-06-09T13:48:31.000Z,-292.65,291.59999999999997,-297.91,-5.26,0,0.15,4328.1,4347.83,,,SELL,USD,1,1,1583663
D#1670964,XAUUSD,100,288230376153340444,288230376152510191,288230376158958395,288230376158957590,4721,2026-06-09T12:30:05.000Z,2026-06-09T13:48:46.000Z,-193.35,192.29999999999998,-198.61,-5.26,0,0.15,4335.22,4348.33,4348.34,,SELL,USD,1,1,1583663
D#1671050,XAUUSD,100,288230376153340461,288230376152511107,288230376158966757,288230376158966514,3247,2026-06-09T12:54:39.000Z,2026-06-09T13:48:46.000Z,126,-126.7,122.5,-3.5,0,0.1,4337.75,4350.13,,4349.13,BUY,USD,1,1,1583663
D#1702636,XAUUSD,100,288230376153340462,288230376152514295,288230376158989422,288230376158988652,674,2026-06-09T13:37:32.000Z,2026-06-09T13:48:46.000Z,-353.6,352.20000000000005,-360.6,-7,0,0.2,4332.45,4350.35,4348.98,4305.92,SELL,USD,1,1,1583663
D#1702624,XAUUSD,100,288230376153340513,288230376152500173,288230376158835995,288230376158834870,28684,2026-06-09T05:50:43.000Z,2026-06-09T13:48:47.000Z,127.35,-128.4,122.09,-5.26,0,0.15,4344.22,4352.49,,4352,BUY,USD,1,1,1583663
D#1702595,XAUUSD,100,288230376153340529,288230376152509171,288230376158957156,288230376158945946,6996,2026-06-09T11:52:11.000Z,2026-06-09T13:48:47.000Z,111.12,-111.96000000000001,109.02,-2.1,0,0.12,4343.33,4352.37,,4351.44,BUY,USD,1,1,1583663
D#1702536,XAUUSD,100,288230376153340579,288230376152506269,288230376158907896,288230376158902472,15562,2026-06-09T09:29:26.000Z,2026-06-09T13:48:48.000Z,211.28,-211.84,208.48,-2.8,0,0.08,4326.48,4352.67,4322,4353,BUY,USD,1,1,1583663
D#1702532,XAUUSD,100,288230376153340604,288230376152515746,288230376158997912,288230376158996901,64,2026-06-09T13:47:46.000Z,2026-06-09T13:48:50.000Z,-46.64,46.36,-48.04,-1.4,0,0.04,4339.82,4351.7,,,SELL,USD,1,1,1583663
D#1614607,XAUUSD,100,288230376153340645,288230376152515845,288230376158997969,288230376158997412,37,2026-06-09T13:48:16.000Z,2026-06-09T13:48:53.000Z,96.71,-98.03999999999999,90.05,-6.66,0,0.19,4347.89,4352.76,,4353.97,BUY,USD,1,1,1583663
D#1702398,XAUUSD,100,288230376153340648,288230376152515852,288230376158997971,288230376158997448,34,2026-06-09T13:48:19.000Z,2026-06-09T13:48:53.000Z,86.19,-87.38,80.23,-5.96,0,0.17,4347.82,4352.67,,,BUY,USD,1,1,1583663
D#1702508,XAUUSD,100,288230376153340656,288230376152515570,288230376158997991,288230376158996032,116,2026-06-09T13:46:58.000Z,2026-06-09T13:48:54.000Z,408.96,-410.64,400.56,-8.4,0,0.24,4336.08,4352.9,,,BUY,USD,1,1,1583663
D#1614596,XAUUSD,100,288230376153340690,288230376152504648,288230376158942532,288230376158887989,19561,2026-06-09T08:22:56.000Z,2026-06-09T13:48:57.000Z,99.95,-100.3,98.19,-1.76,0,0.05,4333.86,4353.63,4323.79,4353.75,BUY,USD,1,1,1583663
D#1702500,XAUUSD,100,288230376153340809,288230376152505063,288230376158893962,288230376158893739,18439,2026-06-09T08:41:44.000Z,2026-06-09T13:49:03.000Z,122.7,-123.05,120.94,-1.76,0,0.05,4334.05,4358.37,4322.37,4357.25,BUY,USD,1,1,1583663
D#1702551,XAUUSD,100,288230376153340812,288230376152515869,288230376158998173,288230376158997589,32,2026-06-09T13:48:31.000Z,2026-06-09T13:49:03.000Z,107.9,-108.60000000000001,104.4,-3.5,0,0.1,4347.8,4358.37,,,BUY,USD,1,1,1583663
D#1670950,XAUUSD,100,288230376153340993,288230376152507086,288230376158998349,288230376158918360,13204,2026-06-09T10:09:07.000Z,2026-06-09T13:49:11.000Z,-346.8,346.1,-350.3,-3.5,0,0.1,4328.34,4363.24,,,SELL,USD,1,1,1583663
D#1702487,XAUUSD,100,288230376153341011,288230376152516016,288230376158998385,288230376158998214,9,2026-06-09T13:49:04.000Z,2026-06-09T13:49:13.000Z,30.3,-31.35,25.04,-5.26,0,0.15,4358.31,4360.11,,,BUY,USD,1,1,1583663
D#1671093,XAUUSD,100,288230376153341061,288230376152515473,288230376158998487,288230376158995471,179,2026-06-09T13:46:20.000Z,2026-06-09T13:49:19.000Z,-217.08,216.45000000000002,-220.24,-3.16,0,0.09,4333.9,4358.24,,,SELL,USD,1,1,1583663
D#1702403,XAUUSD,100,288230376153341067,288230376152502169,288230376158998503,288230376158861025,24038,2026-06-09T07:08:43.000Z,2026-06-09T13:49:21.000Z,-117.3,116.95,-119.06,-1.76,0,0.05,4331.9,4355.58,,,SELL,USD,1,1,1583663
D#1702658,XAUUSD,100,288230376153341079,288230376152506713,288230376158998512,288230376158913083,14507,2026-06-09T09:47:34.000Z,2026-06-09T13:49:21.000Z,-511.8,510.40000000000003,-518.8,-7,0,0.2,4329.76,4355.57,,,SELL,USD,1,1,1583663
D#1670914,XAUUSD,100,288230376153341108,288230376152515657,288230376158998563,288230376158996459,120,2026-06-09T13:47:23.000Z,2026-06-09T13:49:23.000Z,-356.2,354.8,-363.2,-7,0,0.2,4337.11,4355.14,,4334.67,SELL,USD,1,1,1583663
D#1702508,XAUUSD,100,288230376153341100,288230376152516061,288230376158998551,288230376158998381,11,2026-06-09T13:49:12.000Z,2026-06-09T13:49:23.000Z,-134.4,132.72,-142.8,-8.4,0,0.24,4360.56,4354.74,,,BUY,USD,1,1,1583663
D#1671061,XAUUSD,100,288230376153341125,288230376152510733,288230376158998595,288230376158962987,3896,2026-06-09T12:44:29.000Z,2026-06-09T13:49:25.000Z,-142.8,142.10000000000002,-146.3,-3.5,0,0.1,4341.43,4355.93,,,SELL,USD,1,1,1583663
D#1702463,XAUUSD,100,288230376153341131,288230376152512113,288230376158998615,288230376158975684,1926,2026-06-09T13:17:20.000Z,2026-06-09T13:49:26.000Z,229.05,-230.10000000000002,223.79,-5.26,0,0.15,4340.43,4355.48,,,BUY,USD,1,1,1583663
D#1670979,XAUUSD,100,288230376153341166,288230376152516118,288230376158998690,288230376158998610,6,2026-06-09T13:49:26.000Z,2026-06-09T13:49:32.000Z,61.6,-64.4,47.6,-14,0,0.4,4355.65,4356.97,,,BUY,USD,1,1,1583663
D#1645696,XAUUSD,100,288230376153341283,288230376152516070,288230376158998963,288230376158998414,43,2026-06-09T13:49:15.000Z,2026-06-09T13:49:58.000Z,51.12,-51.68,48.32,-2.8,0,0.08,4358.08,4351.91,4364.32,4347.64,SELL,USD,1,1,1583663
D#1702381,XAUUSD,100,288230376153341363,288230376152510704,288230376158999145,288230376158962648,3999,2026-06-09T12:43:32.000Z,2026-06-09T13:50:11.000Z,42.1,-42.45,40.34,-1.76,0,0.05,4341.04,4349.24,,,BUY,USD,1,1,1583663
D#1702442,XAUUSD,100,288230376153341616,288230376152516129,288230376158999858,288230376158998647,93,2026-06-09T13:49:28.000Z,2026-06-09T13:51:01.000Z,-214.65,213.6,-219.91,-5.26,0,0.15,4356.6,4342.07,,4365.16,BUY,USD,1,1,1583663
D#1702552,XAUUSD,100,288230376153341636,288230376152516123,288230376158998970,288230376158998624,97,2026-06-09T13:49:26.000Z,2026-06-09T13:51:03.000Z,122.4,-122.96000000000001,119.6,-2.8,0,0.08,4355.99,4340.91,4354.39,4341.33,SELL,USD,1,1,1583663
D#1702662,XAUUSD,100,288230376153341797,288230376152516305,288230376159000421,288230376158999583,62,2026-06-09T13:50:40.000Z,2026-06-09T13:51:42.000Z,-299.5,296.0,-317.0,-17.5,0,0.5,4345.64,4339.43,,,BUY,USD,1,1,1583663
D#1702532,XAUUSD,100,288230376153341843,288230376152516382,288230376159000539,288230376158999969,43,2026-06-09T13:51:08.000Z,2026-06-09T13:51:51.000Z,-99.6,96.8,-113.6,-14,0,0.4,4343.75,4341.04,,,BUY,USD,1,1,1583663
D#1702348,XAUUSD,100,288230376153341971,288230376152516510,288230376159001047,288230376159000733,26,2026-06-09T13:52:07.000Z,2026-06-09T13:52:33.000Z,8.36,-8.639999999999999,6.96,-1.4,0,0.04,4341.03,4339.16,,,SELL,USD,1,1,1583663
D#1702487,XAUUSD,100,288230376153341978,288230376152516299,288230376159001088,288230376158999547,117,2026-06-09T13:50:38.000Z,2026-06-09T13:52:35.000Z,81,-82.05,75.74,-5.26,0,0.15,4344.55,4339.37,,,SELL,USD,1,1,1583663
D#1702630,XAUUSD,100,288230376153342027,288230376152514303,288230376159001210,288230376158988685,910,2026-06-09T13:37:36.000Z,2026-06-09T13:52:46.000Z,53.8,-54.5,50.3,-3.5,0,0.1,4332.3,4337.46,,,BUY,USD,1,1,1583663
D#1645696,XAUUSD,100,288230376153342071,288230376152516285,288230376158999715,288230376158999466,146,2026-06-09T13:50:32.000Z,2026-06-09T13:52:58.000Z,-78.56,78.0,-81.36,-2.8,0,0.08,4346.73,4336.69,4336.91,4357.21,BUY,USD,1,1,1583663
D#1702558,XAUUSD,100,288230376153342599,288230376152516583,288230376159001274,288230376159001266,133,2026-06-09T13:52:50.000Z,2026-06-09T13:55:03.000Z,60.58,-61.489999999999995,56.02,-4.56,0,0.13,4337.74,4333.3,4338.97,4333.18,SELL,USD,1,1,1583663
D#1670979,XAUUSD,100,288230376153342856,288230376152516490,288230376159003683,288230376159000599,235,2026-06-09T13:51:55.000Z,2026-06-09T13:55:50.000Z,-465.5,462.0,-483.0,-17.5,0,0.5,4341.29,4331.76,,4344.06,BUY,USD,1,1,1583663
D#1702619,XAUUSD,100,288230376153342942,288230376152516039,288230376158998299,288230376158922601,416,2026-06-09T13:49:07.000Z,2026-06-09T13:56:03.000Z,315.7,-316.4,312.2,-3.5,0,0.1,4361.37,4330.02,4378.96,4330.27,SELL,USD,1,1,1583663
D#1702729,XAUUSD,100,288230376153342944,288230376152516329,288230376159003803,288230376158999694,314,2026-06-09T13:50:49.000Z,2026-06-09T13:56:03.000Z,-153.9,153.20000000000002,-157.4,-3.5,0,0.1,4345.01,4329.4,4329.82,,BUY,USD,1,1,1583663
D#1702706,XAUUSD,100,288230376153342937,288230376152516587,288230376159002000,288230376159001309,190,2026-06-09T13:52:53.000Z,2026-06-09T13:56:03.000Z,420.5,-424.0,403.0,-17.5,0,0.5,4338.21,4330.02,,4330.09,SELL,USD,1,1,1583663
D#1702519,XAUUSD,100,288230376153343045,288230376152516429,288230376159000512,288230376159000217,308,2026-06-09T13:51:26.000Z,2026-06-09T13:56:34.000Z,85.92,-86.34,83.82,-2.1,0,0.06,4343.27,4329.17,4330.91,4329.1,SELL,USD,1,1,1583663
D#1702398,XAUUSD,100,288230376153343130,288230376152516316,288230376159004399,288230376158999634,366,2026-06-09T13:50:44.000Z,2026-06-09T13:56:50.000Z,-292.57,291.38,-298.53,-5.96,0,0.17,4345.91,4328.48,,,BUY,USD,1,1,1583663
D#1702524,XAUUSD,100,288230376153343139,288230376152516523,288230376159004424,288230376159000797,279,2026-06-09T13:52:13.000Z,2026-06-09T13:56:52.000Z,-220.29,218.82,-227.65,-7.36,0,0.21,4339.29,4328.58,,,BUY,USD,1,1,1583663
D#1702487,XAUUSD,100,288230376153343157,288230376152517081,288230376159004481,288230376159003940,49,2026-06-09T13:56:09.000Z,2026-06-09T13:56:58.000Z,10.7,-11.049999999999999,8.94,-1.76,0,0.05,4330.69,4328.77,,,SELL,USD,1,1,1583663
D#1670968,XAUUSD,100,288230376153343177,288230376152516946,288230376159004544,288230376159003224,100,2026-06-09T13:55:22.000Z,2026-06-09T13:57:02.000Z,-146.9,145.08,-156.0,-9.1,0,0.26,4333.36,4327.49,,4348.63,BUY,USD,1,1,1583663
D#1645696,XAUUSD,100,288230376153343275,288230376152516615,288230376159001676,288230376159001488,252,2026-06-09T13:53:10.000Z,2026-06-09T13:57:22.000Z,-106.1,105.39999999999999,-109.6,-3.5,0,0.1,4337.38,4326.55,4327.03,4348.07,BUY,USD,1,1,1583663
D#1670968,XAUUSD,100,288230376153343386,288230376152517217,288230376159005238,288230376159004611,52,2026-06-09T13:57:06.000Z,2026-06-09T13:57:58.000Z,-13.78,11.959999999999999,-22.88,-9.1,0,0.26,4328.67,4329.42,,,SELL,USD,1,1,1583663
D#1670968,XAUUSD,100,288230376153343723,288230376152517318,288230376159006353,288230376159005256,100,2026-06-09T13:58:01.000Z,2026-06-09T13:59:41.000Z,-35.62,33.8,-44.72,-9.1,0,0.26,4329.97,4328.38,,4352.93,BUY,USD,1,1,1583663
D#1702506,XAUUSD,100,288230376153344172,288230376152517445,288230376159007390,288230376159006064,109,2026-06-09T13:59:16.000Z,2026-06-09T14:01:05.000Z,-43.2,41.800000000000004,-50.2,-7,0,0.2,4329.25,4331.63,4330.99,4326.16,SELL,USD,1,1,1583663
D#1702519,XAUUSD,100,288230376153344348,288230376152517250,288230376159008079,288230376159004858,258,2026-06-09T13:57:23.000Z,2026-06-09T14:01:41.000Z,30.12,-30.540000000000003,28.02,-2.1,0,0.06,4327.78,4332.58,4318.84,4340.04,BUY,USD,1,1,1583663
D#1702387,XAUUSD,100,288230376153344347,288230376152517273,288230376159008077,288230376159004936,251,2026-06-09T13:57:30.000Z,2026-06-09T14:01:41.000Z,-200,197.2,-214.0,-14,0,0.4,4328.33,4333.55,,,SELL,USD,1,1,1583663
D#1670985,XAUUSD,100,288230376153344756,288230376152516886,288230376159002982,288230376158997345,478,2026-06-09T13:55:05.000Z,2026-06-09T14:03:03.000Z,-0.8,0.09999999999999998,-4.3,-3.5,0,0.1,4332.16,4331.86,4332.1,4352,BUY,USD,1,1,1583663
D#1702621,XAUUSD,100,288230376153344913,288230376152517860,288230376159008827,288230376159008319,116,2026-06-09T14:01:57.000Z,2026-06-09T14:03:53.000Z,-67.2,65.8,-74.2,-7,0,0.2,4333.84,4330.26,4330.19,,BUY,USD,1,1,1583663
D#1589407,XAUUSD,100,288230376153344915,288230376152518100,288230376159009915,288230376159009707,19,2026-06-09T14:03:35.000Z,2026-06-09T14:03:54.000Z,-97.5,95.4,-108.0,-10.5,0,0.3,4333.29,4329.82,,,BUY,USD,1,1,1583663
D#1645696,XAUUSD,100,288230376153344929,288230376152517267,288230376159005092,288230376159004920,389,2026-06-09T13:57:28.000Z,2026-06-09T14:03:57.000Z,3,-3.7,-0.5,-3.5,0,0.1,4328.75,4328.83,4329.04,4339.54,BUY,USD,1,1,1583663
D#1670864,XAUUSD,100,288230376153344939,288230376152517932,288230376159008687,288230376159008238,99,2026-06-09T14:02:18.000Z,2026-06-09T14:03:57.000Z,80,-80.7,76.5,-3.5,0,0.1,4335.46,4327.68,4340.04,4327.67,SELL,USD,1,1,1583663
D#1702519,XAUUSD,100,288230376153345328,288230376152518320,288230376159011071,288230376159010841,17,2026-06-09T14:04:57.000Z,2026-06-09T14:05:14.000Z,12.72,-13.14,10.62,-2.1,0,0.06,4328.69,4330.59,,,BUY,USD,1,1,1583663
D#1589410,XAUUSD,100,288230376153345606,288230376152517134,288230376159005852,288230376159004225,603,2026-06-09T13:56:38.000Z,2026-06-09T14:06:41.000Z,93.5,-95.25,84.74,-8.76,0,0.25,4329.21,4325.69,,4325.18,SELL,USD,1,1,1583663
D#1589407,XAUUSD,100,288230376153345613,288230376152518180,288230376159011289,288230376159010142,157,2026-06-09T14:04:05.000Z,2026-06-09T14:06:42.000Z,-73.8,71.7,-84.3,-10.5,0,0.3,4328.38,4325.7,4325.12,4342.41,BUY,USD,1,1,1583663
D#1589407,XAUUSD,100,288230376153345833,288230376152518603,288230376159012734,288230376159012670,6,2026-06-09T14:07:44.000Z,2026-06-09T14:07:50.000Z,-56.1,54.0,-66.6,-10.5,0,0.3,4324.99,4327.08,,,SELL,USD,1,1,1583663
D#1702349,XAUUSD,100,288230376153346002,288230376152518661,288230376159013359,288230376159013012,36,2026-06-09T14:08:12.000Z,2026-06-09T14:08:48.000Z,21.42,-21.91,18.96,-2.46,0,0.07,4328.76,4331.6,,,BUY,USD,1,1,1583663
D#1702692,XAUUSD,100,288230376153346015,288230376152518216,288230376159013389,288230376159010320,274,2026-06-09T14:04:16.000Z,2026-06-09T14:08:50.000Z,-81.5,79.75,-90.26,-8.76,0,0.25,4328.39,4331.87,,4324.23,SELL,USD,1,1,1583663
D#1589410,XAUUSD,100,288230376153346046,288230376152518630,288230376159013460,288230376159012800,62,2026-06-09T14:07:55.000Z,2026-06-09T14:08:57.000Z,91.25,-93.0,82.49,-8.76,0,0.25,4327.18,4330.61,,,BUY,USD,1,1,1583663
D#1702359,XAUUSD,100,288230376153346145,288230376152518720,288230376159013873,288230376159013414,46,2026-06-09T14:08:53.000Z,2026-06-09T14:09:39.000Z,48.11,-49.3,42.15,-5.96,0,0.17,4331.1,4328.49,,,SELL,USD,1,1,1583663
D#1702350,XAUUSD,100,288230376153346183,288230376152518811,288230376159013907,288230376159013906,11,2026-06-09T14:09:42.000Z,2026-06-09T14:09:53.000Z,-28.4,25.599999999999998,-42.4,-14,0,0.4,4329,4328.07,4328.28,4332.31,BUY,USD,1,1,1583663
D#1702349,XAUUSD,100,288230376153346733,288230376152518953,288230376159015225,288230376159014665,43,2026-06-09T14:10:36.000Z,2026-06-09T14:11:19.000Z,-11.76,11.27,-14.22,-2.46,0,0.07,4327.36,4325.46,,,BUY,USD,1,1,1583663
D#1589410,XAUUSD,100,288230376153347368,288230376152519113,288230376159017058,288230376159015725,117,2026-06-09T14:12:03.000Z,2026-06-09T14:14:00.000Z,-161.5,159.75,-170.26,-8.76,0,0.25,4328.53,4321.85,,,BUY,USD,1,1,1583663
D#1702367,XAUUSD,100,288230376153347453,288230376152509586,288230376159017198,288230376158950714,7574,2026-06-09T12:07:56.000Z,2026-06-09T14:14:10.000Z,-92.12,91.84,-93.52,-1.4,0,0.04,4343.85,4320.6,,,BUY,USD,1,1,1583663
D#1702451,XAUUSD,100,288230376153347439,288230376152510145,288230376158957232,288230376158947804,6299,2026-06-09T12:29:11.000Z,2026-06-09T14:14:10.000Z,-32.98,32.839999999999996,-33.68,-0.7,0,0.02,4337.25,4320.54,4320.73,4379.99,BUY,USD,1,1,1583663
D#1702359,XAUUSD,100,288230376153347467,288230376152518950,288230376159017228,288230376159014644,218,2026-06-09T14:10:34.000Z,2026-06-09T14:14:12.000Z,-171.86,170.04000000000002,-180.96,-9.1,0,0.26,4327.4,4320.57,,,BUY,USD,1,1,1583663
D#1702644,XAUUSD,100,288230376153347493,288230376152517517,288230376159006778,288230376159006438,866,2026-06-09T13:59:48.000Z,2026-06-09T14:14:14.000Z,-82.6,81.89999999999999,-86.1,-3.5,0,0.1,4329.11,4320.63,4320.46,4340.02,BUY,USD,1,1,1583663
D#1702727,XAUUSD,100,288230376153348014,288230376152519304,288230376159016967,288230376158882530,120,2026-06-09T14:13:54.000Z,2026-06-09T14:15:54.000Z,-23.85,23.5,-25.61,-1.76,0,0.05,4323.84,4318.85,4319,4340.44,BUY,USD,1,1,1583663
D#1645696,XAUUSD,100,288230376153348055,288230376152518230,288230376159010672,288230376159010373,697,2026-06-09T14:04:21.000Z,2026-06-09T14:15:58.000Z,-97.2,96.5,-100.7,-3.5,0,0.1,4328.58,4318.64,4318.61,4340.26,BUY,USD,1,1,1583663
D#1702552,XAUUSD,100,288230376153348056,288230376152519186,288230376159016271,288230376159016268,184,2026-06-09T14:12:54.000Z,2026-06-09T14:15:58.000Z,-72,71.44,-74.8,-2.8,0,0.08,4327.86,4318.64,4318.59,4342.71,BUY,USD,1,1,1583663
D#1670974,XAUUSD,100,288230376153348094,288230376152517417,288230376159018719,288230376159005897,1022,2026-06-09T13:59:00.000Z,2026-06-09T14:16:02.000Z,-164.25,163.2,-169.51,-5.26,0,0.15,4330.79,4319.62,,4342.49,BUY,USD,1,1,1583663
D#1702500,XAUUSD,100,288230376153348165,288230376152518760,288230376159013751,288230376159013616,421,2026-06-09T14:09:12.000Z,2026-06-09T14:16:13.000Z,109.9,-110.60000000000001,106.4,-3.5,0,0.1,4328.78,4318.01,,4318.24,SELL,USD,1,1,1583663
D#1702514,XAUUSD,100,288230376153348171,288230376152516436,288230376159000281,288230376159000277,1483,2026-06-09T13:51:31.000Z,2026-06-09T14:16:14.000Z,-388.35,387.3,-393.61,-5.26,0,0.15,4343.59,4317.48,4317.94,4349.31,BUY,USD,1,1,1583663
D#1702558,XAUUSD,100,288230376153348176,288230376152519679,288230376159018906,288230376159018832,4,2026-06-09T14:16:10.000Z,2026-06-09T14:16:14.000Z,14.98,-15.96,10.08,-4.9,0,0.14,4318.46,4317.61,4320.98,4316.85,SELL,USD,1,1,1583663
D#1702397,XAUUSD,100,288230376153348233,288230376152502568,288230376158865299,288230376158865067,25051,2026-06-09T07:18:46.000Z,2026-06-09T14:16:17.000Z,-85.47,84.98,-87.93,-2.46,0,0.07,4329.36,4316.93,4317,4412,BUY,USD,1,1,1583663
D#1589410,XAUUSD,100,288230376153348238,288230376152519396,288230376159019002,288230376159017354,117,2026-06-09T14:14:20.000Z,2026-06-09T14:16:17.000Z,99.25,-101.0,90.49,-8.76,0,0.25,4320.7,4316.95,,,SELL,USD,1,1,1583663
D#1671068,XAUUSD,100,288230376153348257,288230376152519548,288230376159019048,288230376159018172,57,2026-06-09T14:15:23.000Z,2026-06-09T14:16:20.000Z,-44.9,44.199999999999996,-48.4,-3.5,0,0.1,4321.66,4316.95,,,BUY,USD,1,1,1583663
D#1614607,XAUUSD,100,288230376153348284,288230376152516500,288230376159019076,288230376159000671,1461,2026-06-09T13:52:02.000Z,2026-06-09T14:16:23.000Z,-494.95,493.62,-501.61,-6.66,0,0.19,4342.21,4315.94,,4347.85,BUY,USD,1,1,1583663
D#1702519,XAUUSD,100,288230376153348288,288230376152518786,288230376159019091,288230376159013793,412,2026-06-09T14:09:31.000Z,2026-06-09T14:16:23.000Z,-80.64,80.22,-82.74,-2.1,0,0.06,4329.65,4315.99,4312.69,4341.04,BUY,USD,1,1,1583663
D#1702624,XAUUSD,100,288230376153348462,288230376152516230,288230376159019522,288230376158999165,1599,2026-06-09T13:50:12.000Z,2026-06-09T14:16:51.000Z,-502.8,501.75,-508.06,-5.26,0,0.15,4349.3,4315.56,,4355,BUY,USD,1,1,1583663
D#1702350,XAUUSD,100,288230376153348466,288230376152519797,288230376159019481,288230376159019475,3,2026-06-09T14:16:48.000Z,2026-06-09T14:16:51.000Z,-22.8,20.0,-36.8,-14,0,0.4,4316.43,4315.64,4315.77,4320.09,BUY,USD,1,1,1583663
D#1702722,XAUUSD,100,288230376153348689,288230376152495409,288230376158774556,288230376158774363,42405,2026-06-09T02:30:28.000Z,2026-06-09T14:17:13.000Z,-221.5,220.8,-225.0,-3.5,0,0.1,4334.47,4312.1,4312.59,4374.57,BUY,USD,1,1,1583663
D#1670864,XAUUSD,100,288230376153348708,288230376152519660,288230376159018752,288230376159018587,70,2026-06-09T14:16:03.000Z,2026-06-09T14:17:13.000Z,88.2,-88.9,84.7,-3.5,0,0.1,4320.27,4311.67,4327.55,4312.5,SELL,USD,1,1,1583663
D#1589410,XAUUSD,100,288230376153348738,288230376152519805,288230376159019881,288230376159019532,24,2026-06-09T14:16:51.000Z,2026-06-09T14:17:15.000Z,111,-112.75,102.24,-8.76,0,0.25,4315.72,4311.5,,,SELL,USD,1,1,1583663
D#1702619,XAUUSD,100,288230376153348751,288230376152519358,288230376159019904,288230376159017181,186,2026-06-09T14:14:10.000Z,2026-06-09T14:17:16.000Z,80.3,-81.0,76.8,-3.5,0,0.1,4320.47,4312.66,,,SELL,USD,1,1,1583663
D#1670997,XAUUSD,100,288230376153348782,288230376152507039,288230376159019962,288230376158917865,14982,2026-06-09T10:07:39.000Z,2026-06-09T14:17:21.000Z,-137.8,137.10000000000002,-141.3,-3.5,0,0.1,4327.8,4313.8,,,BUY,USD,1,1,1583663
D#1702363,XAUUSD,100,288230376153348801,288230376152519257,288230376159020010,288230376159016633,236,2026-06-09T14:13:29.000Z,2026-06-09T14:17:25.000Z,-103.6,103.03999999999999,-106.4,-2.8,0,0.08,4326.46,4313.29,,4341.1,BUY,USD,1,1,1583663
D#1702630,XAUUSD,100,288230376153348827,288230376152516829,288230376159020066,288230376159002704,1360,2026-06-09T13:54:50.000Z,2026-06-09T14:17:30.000Z,217.7,-218.39999999999998,214.2,-3.5,0,0.1,4334.15,4312.6,,,SELL,USD,1,1,1583663
D#1702413,XAUUSD,100,288230376153349161,288230376152519724,288230376159019077,288230376158918540,121,2026-06-09T14:16:22.000Z,2026-06-09T14:18:23.000Z,-90.7,90.0,-94.2,-3.5,0,0.1,4316.04,4306.75,4308.21,4327.71,BUY,USD,1,1,1583663
D#1702416,XAUUSD,100,288230376153349338,288230376152500459,288230376158910483,288230376158838737,29780,2026-06-09T06:02:37.000Z,2026-06-09T14:18:57.000Z,-82.18,82.04,-82.53,-0.35,0,0.02,4347.49,4306.18,4306.05,,BUY,USD,1,1,1583663
D#1702506,XAUUSD,100,288230376153349630,288230376152520166,288230376159022118,288230376159021430,59,2026-06-09T14:19:14.000Z,2026-06-09T14:20:13.000Z,-126.4,123.60000000000001,-140.4,-14,0,0.4,4307.18,4310.56,,,SELL,USD,1,1,1583663
D#1671068,XAUUSD,100,288230376153349730,288230376152519802,288230376159022454,288230376159019509,228,2026-06-09T14:16:50.000Z,2026-06-09T14:20:38.000Z,60.7,-61.400000000000006,57.2,-3.5,0,0.1,4316.16,4310.31,,,SELL,USD,1,1,1583663
D#1589410,XAUUSD,100,288230376153349851,288230376152520029,288230376159022848,288230376159020709,173,2026-06-09T14:18:17.000Z,2026-06-09T14:21:10.000Z,52.5,-54.25,43.74,-8.76,0,0.25,4310.84,4312.72,,,BUY,USD,1,1,1583663
D#1702487,XAUUSD,100,288230376153349955,288230376152520244,288230376159023256,288230376159021942,112,2026-06-09T14:20:01.000Z,2026-06-09T14:21:53.000Z,50.25,-51.3,44.99,-5.26,0,0.15,4310.68,4313.81,,,BUY,USD,1,1,1583663
D#1702422,XAUUSD,100,288230376153350041,288230376152520190,288230376159023579,288230376159021588,172,2026-06-09T14:19:28.000Z,2026-06-09T14:22:20.000Z,-215.4,213.3,-225.9,-10.5,0,0.3,4308.1,4315.5,,,SELL,USD,1,1,1583663
D#1670974,XAUUSD,100,288230376153350185,288230376152520137,288230376159023895,288230376159021301,224,2026-06-09T14:19:02.000Z,2026-06-09T14:22:46.000Z,168.9,-169.95000000000002,163.64,-5.26,0,0.15,4306.77,4317.81,,,BUY,USD,1,1,1583663
D#1702644,XAUUSD,100,288230376153350189,288230376152520273,288230376159023904,288230376159022081,156,2026-06-09T14:20:10.000Z,2026-06-09T14:22:46.000Z,113.88,-114.78999999999999,109.32,-4.56,0,0.13,4309.52,4318.06,4315.18,4319.22,BUY,USD,1,1,1583663
D#1702359,XAUUSD,100,288230376153350218,288230376152520426,288230376159023967,288230376159023126,72,2026-06-09T14:21:39.000Z,2026-06-09T14:22:51.000Z,-133.38,131.56,-142.48,-9.1,0,0.26,4313.92,4319.27,,,SELL,USD,1,1,1583663
D#1702350,XAUUSD,100,288230376153350259,288230376152520568,288230376159024003,288230376159023998,3,2026-06-09T14:22:52.000Z,2026-06-09T14:22:55.000Z,-55.2,52.400000000000006,-69.2,-14,0,0.4,4319.14,4320.74,4320.06,,SELL,USD,1,1,1583663
D#1702506,XAUUSD,100,288230376153350410,288230376152520476,288230376159023890,288230376159023423,90,2026-06-09T14:22:06.000Z,2026-06-09T14:23:36.000Z,113,-116.5,95.5,-17.5,0,0.5,4313.83,4315.87,4316.05,4321.27,BUY,USD,1,1,1583663
D#1670975,XAUUSD,100,288230376153350412,288230376152520505,288230376159024001,288230376159023587,75,2026-06-09T14:22:22.000Z,2026-06-09T14:23:37.000Z,1,-1.7000000000000002,-2.5,-3.5,0,0.1,4315.41,4315.29,4315.7,4334.15,BUY,USD,1,1,1583663
D#1702487,XAUUSD,100,288230376153350624,288230376152520600,288230376159025382,288230376159024185,104,2026-06-09T14:23:07.000Z,2026-06-09T14:24:51.000Z,4.4,-5.800000000000001,-2.6,-7,0,0.2,4318.81,4318.81,,,BUY,USD,1,1,1583663
D#1702506,XAUUSD,100,288230376153350717,288230376152520818,288230376159025720,288230376159025612,11,2026-06-09T14:25:11.000Z,2026-06-09T14:25:22.000Z,53.5,-57.0,36.0,-17.5,0,0.5,4318.7,4319.55,,,BUY,USD,1,1,1583663
D#1702381,XAUUSD,100,288230376153350739,288230376152520449,288230376159025805,288230376159023241,220,2026-06-09T14:21:50.000Z,2026-06-09T14:25:30.000Z,32.75,-33.1,30.99,-1.76,0,0.05,4314.08,4320.41,,,BUY,USD,1,1,1583663
D#1670975,XAUUSD,100,288230376153350786,288230376152520753,288230376159025945,288230376159025171,70,2026-06-09T14:24:31.000Z,2026-06-09T14:25:41.000Z,46.4,-47.1,42.9,-3.5,0,0.1,4318,4322.42,,4333.91,BUY,USD,1,1,1583663
D#1702514,XAUUSD,100,288230376153350824,288230376152520305,288230376159026067,288230376159022234,328,2026-06-09T14:20:22.000Z,2026-06-09T14:25:50.000Z,-184.5,183.45,-189.76,-5.26,0,0.15,4310.25,4322.77,,,SELL,USD,1,1,1583663
D#1702621,XAUUSD,100,288230376153350832,288230376152520112,288230376159021155,288230376159021151,420,2026-06-09T14:18:52.000Z,2026-06-09T14:25:52.000Z,-157.5,156.8,-161.0,-3.5,0,0.1,4307.25,4323.22,4323.1,,SELL,USD,1,1,1583663
D#1671068,XAUUSD,100,288230376153350956,288230376152520363,288230376159026430,288230376159022718,322,2026-06-09T14:21:00.000Z,2026-06-09T14:26:22.000Z,112.7,-113.4,109.2,-3.5,0,0.1,4312.1,4323.15,,,BUY,USD,1,1,1583663
D#1702454,XAUUSD,100,288230376153351125,288230376152519546,288230376159026993,288230376159018159,712,2026-06-09T14:15:21.000Z,2026-06-09T14:27:13.000Z,21.8,-22.5,18.3,-3.5,0,0.1,4321.77,4319.81,4331.78,4269.27,SELL,USD,1,1,1583663
D#1702487,XAUUSD,100,288230376153351160,288230376152520936,288230376159027149,288230376159026411,72,2026-06-09T14:26:20.000Z,2026-06-09T14:27:32.000Z,-28.3,27.6,-31.8,-3.5,0,0.1,4323.39,4320.34,,,BUY,USD,1,1,1583663
D#1671068,XAUUSD,100,288230376153351955,288230376152520984,288230376159029832,288230376159026773,285,2026-06-09T14:26:53.000Z,2026-06-09T14:31:38.000Z,-81,80.3,-84.5,-3.5,0,0.1,4321.86,4313.54,,4323.19,BUY,USD,1,1,1583663
D#1702350,XAUUSD,100,288230376153352122,288230376152521553,288230376159030103,288230376159030098,15,2026-06-09T14:32:02.000Z,2026-06-09T14:32:17.000Z,109.2,-112.0,95.2,-14,0,0.4,4312.87,4315.38,4312.01,4315.47,BUY,USD,1,1,1583663
D#1670864,XAUUSD,100,288230376153352142,288230376152521488,288230376159029778,288230376159022839,48,2026-06-09T14:31:33.000Z,2026-06-09T14:32:21.000Z,-46,45.3,-49.5,-3.5,0,0.1,4312.91,4317.73,4317.59,4301.6,SELL,USD,1,1,1583663
D#1702644,XAUUSD,100,288230376153352363,288230376152520585,288230376159024357,288230376159024087,621,2026-06-09T14:22:58.000Z,2026-06-09T14:33:19.000Z,-116.74,115.83,-121.3,-4.56,0,0.13,4319.97,4310.77,4311.39,4328.84,BUY,USD,1,1,1583663
D#1702741,XAUUSD,100,288230376153352364,288230376152521099,288230376159027688,288230376159027516,309,2026-06-09T14:28:11.000Z,2026-06-09T14:33:20.000Z,102.3,-103.0,98.8,-3.5,0,0.1,4320.98,4310.97,4324.99,4310.82,SELL,USD,1,1,1583663
D#1645696,XAUUSD,100,288230376153352418,288230376152520693,288230376159024975,288230376159024786,572,2026-06-09T14:24:00.000Z,2026-06-09T14:33:32.000Z,-95.9,94.92,-100.8,-4.9,0,0.14,4317.37,4310.3,4310.6,4325.44,BUY,USD,1,1,1583663
D#1671068,XAUUSD,100,288230376153352423,288230376152521608,288230376159031049,288230376159030447,60,2026-06-09T14:32:32.000Z,2026-06-09T14:33:32.000Z,-74.4,73.7,-77.9,-3.5,0,0.1,4318.08,4310.42,,4323.09,BUY,USD,1,1,1583663
D#1702505,XAUUSD,100,288230376153352483,288230376152497511,288230376159031275,288230376158803094,37715,2026-06-09T04:05:21.000Z,2026-06-09T14:33:56.000Z,-118.4,118.05000000000001,-120.16,-1.76,0,0.05,4335.43,4311.53,,4417.53,BUY,USD,1,1,1583663
D#1702369,XAUUSD,100,288230376153352574,288230376152509119,288230376159031663,288230376158945550,9816,2026-06-09T11:50:59.000Z,2026-06-09T14:34:35.000Z,300.4,-301.09999999999997,296.9,-3.5,0,0.1,4341.22,4311.4,,,SELL,USD,1,1,1583663
D#1702693,XAUUSD,100,288230376153352685,288230376152521808,288230376159032110,288230376159031749,41,2026-06-09T14:34:43.000Z,2026-06-09T14:35:24.000Z,107.7,-109.8,97.2,-10.5,0,0.3,4314.24,4310.87,,,SELL,USD,1,1,1583663
D#1702350,XAUUSD,100,288230376153352815,288230376152521862,288230376159032153,288230376159032151,38,2026-06-09T14:35:27.000Z,2026-06-09T14:36:05.000Z,-90.8,88.0,-104.8,-14,0,0.4,4311.53,4309.04,4310.31,4314.17,BUY,USD,1,1,1583663
D#1670974,XAUUSD,100,288230376153352849,288230376152520998,288230376159027708,288230376159026852,546,2026-06-09T14:27:01.000Z,2026-06-09T14:36:07.000Z,180.75,-181.8,175.49,-5.26,0,0.15,4319.99,4308.16,4320.33,4308.48,SELL,USD,1,1,1583663
D#1702500,XAUUSD,100,288230376153352850,288230376152521332,288230376159029064,288230376159028838,356,2026-06-09T14:30:11.000Z,2026-06-09T14:36:07.000Z,94.5,-95.2,91.0,-3.5,0,0.1,4317.39,4308.16,,4308.25,SELL,USD,1,1,1583663
D#1702480,XAUUSD,100,288230376153352932,288230376152521850,288230376159032724,288230376159032055,66,2026-06-09T14:35:17.000Z,2026-06-09T14:36:23.000Z,16.32,-16.53,15.26,-1.06,0,0.03,4313.68,4308.46,4322.3,,SELL,USD,1,1,1583663
D#1702519,XAUUSD,100,288230376153353258,288230376152519734,288230376159033938,288230376159019126,1308,2026-06-09T14:16:26.000Z,2026-06-09T14:38:14.000Z,43.08,-43.5,40.98,-2.1,0,0.06,4315.86,4308.9,4332.66,4301.68,SELL,USD,1,1,1583663
D#1702693,XAUUSD,100,288230376153353325,288230376152522025,288230376159034190,288230376159033134,101,2026-06-09T14:36:58.000Z,2026-06-09T14:38:39.000Z,25.5,-27.6,15.0,-10.5,0,0.3,4306.62,4305.99,,,SELL,USD,1,1,1583663
D#1702446,XAUUSD,100,288230376153353375,288230376152521227,288230376159028362,288230376159028209,588,2026-06-09T14:29:13.000Z,2026-06-09T14:39:01.000Z,-125.1,124.39999999999999,-128.6,-3.5,0,0.1,4317.77,4305.04,4305.07,,BUY,USD,1,1,1583663
D#1702434,XAUUSD,100,288230376153353378,288230376152522042,288230376159034393,288230376159033250,114,2026-06-09T14:37:07.000Z,2026-06-09T14:39:01.000Z,22.1,-22.8,18.6,-3.5,0,0.1,4307.36,4305.37,,,SELL,USD,1,1,1583663
D#1702479,XAUUSD,100,288230376153353501,288230376152503507,288230376158876480,288230376158875859,24620,2026-06-09T07:49:10.000Z,2026-06-09T14:39:30.000Z,115.9,-116.25,114.14,-1.76,0,0.05,4326.28,4303.32,,4303.39,SELL,USD,1,1,1583663
D#1702657,XAUUSD,100,288230376153353499,288230376152521441,288230376159030188,288230376159029496,505,2026-06-09T14:31:05.000Z,2026-06-09T14:39:30.000Z,119.6,-120.3,116.1,-3.5,0,0.1,4314.97,4303.23,4321.71,4303.46,SELL,USD,1,1,1583663
D#1702644,XAUUSD,100,288230376153353583,288230376152521706,288230376159034902,288230376159031046,379,2026-06-09T14:33:32.000Z,2026-06-09T14:39:51.000Z,-91.05,90.0,-96.31,-5.26,0,0.15,4310.59,4304.3,4300.02,4319.65,BUY,USD,1,1,1583663
D#1702397,XAUUSD,100,288230376153353826,288230376152522398,288230376159035943,288230376159035662,34,2026-06-09T14:41:17.000Z,2026-06-09T14:41:51.000Z,-20.09,19.6,-22.55,-2.46,0,0.07,4306.37,4303.28,,,BUY,USD,1,1,1583663
D#1702505,XAUUSD,100,288230376153353882,288230376152521750,288230376159036126,288230376159031354,489,2026-06-09T14:34:02.000Z,2026-06-09T14:42:11.000Z,-66,65.44,-68.8,-2.8,0,0.08,4312.67,4304.2,,4377.32,BUY,USD,1,1,1583663
D#1702737,XAUUSD,100,288230376153353883,288230376152520227,288230376159036132,288230376159021848,1341,2026-06-09T14:19:51.000Z,2026-06-09T14:42:12.000Z,-171.3,169.20000000000002,-181.8,-10.5,0,0.3,4310.22,4304.29,,,BUY,USD,1,1,1583663
D#1671068,XAUUSD,100,288230376153353889,288230376152521734,288230376159036141,288230376159031239,500,2026-06-09T14:33:53.000Z,2026-06-09T14:42:13.000Z,-73.5,72.8,-77.0,-3.5,0,0.1,4312.21,4304.64,,4327.59,BUY,USD,1,1,1583663
D#1702487,XAUUSD,100,288230376153353908,288230376152522440,288230376159036208,288230376159036019,19,2026-06-09T14:41:59.000Z,2026-06-09T14:42:18.000Z,5.52,-5.9399999999999995,3.42,-2.1,0,0.06,4303.6,4302.9,,,SELL,USD,1,1,1583663
D#1670864,XAUUSD,100,288230376153353939,288230376152521931,288230376159032519,288230376159032178,375,2026-06-09T14:36:05.000Z,2026-06-09T14:42:20.000Z,71,-71.7,67.5,-3.5,0,0.1,4309.02,4302.14,4314.51,4301.85,SELL,USD,1,1,1583663
D#1702693,XAUUSD,100,288230376153353967,288230376152522420,288230376159036329,288230376159035902,41,2026-06-09T14:41:47.000Z,2026-06-09T14:42:28.000Z,67.5,-69.6,57.0,-10.5,0,0.3,4303.7,4301.67,,,SELL,USD,1,1,1583663
D#1702464,XAUUSD,100,288230376153354143,288230376152520923,288230376159029380,288230376159026339,1010,2026-06-09T14:26:16.000Z,2026-06-09T14:43:06.000Z,-116.25,115.9,-118.01,-1.76,0,0.05,4322.89,4299.42,4299.64,4366.1,BUY,USD,1,1,1583663
D#1702519,XAUUSD,100,288230376153354170,288230376152522187,288230376159034349,288230376159034165,271,2026-06-09T14:38:37.000Z,2026-06-09T14:43:08.000Z,-44.46,44.04,-46.56,-2.1,0,0.06,4306.04,4298.41,4298.89,4319.97,BUY,USD,1,1,1583663
D#1702693,XAUUSD,100,288230376153354203,288230376152522582,288230376159036873,288230376159036825,6,2026-06-09T14:43:11.000Z,2026-06-09T14:43:17.000Z,12.9,-15.0,2.4,-10.5,0,0.3,4299.1,4298.89,,,SELL,USD,1,1,1583663
D#1702437,XAUUSD,100,288230376153354222,288230376152516368,288230376159036921,288230376158999921,3136,2026-06-09T13:51:05.000Z,2026-06-09T14:43:21.000Z,-430.5,429.8,-434.0,-3.5,0,0.1,4341.66,4298.39,,4351.48,BUY,USD,1,1,1583663
D#1702414,XAUUSD,100,288230376153354305,288230376152507655,288230376159037131,288230376158926373,14698,2026-06-09T10:38:40.000Z,2026-06-09T14:43:38.000Z,141.92,-142.2,140.52,-1.4,0,0.04,4333.3,4298.04,,,SELL,USD,1,1,1583663
D#1702688,XAUUSD,100,288230376153354346,288230376152521907,288230376159033044,288230376159032413,466,2026-06-09T14:35:56.000Z,2026-06-09T14:43:42.000Z,428.7,-430.8,418.2,-10.5,0,0.3,4310.75,4296.68,4312.13,4296.45,SELL,USD,1,1,1583663
D#1671050,XAUUSD,100,288230376153354445,288230376152519543,288230376159037336,288230376159018138,1711,2026-06-09T14:15:20.000Z,2026-06-09T14:43:51.000Z,-482.6,481.20000000000005,-489.6,-7,0,0.2,4321.41,4297.06,,,BUY,USD,1,1,1583663
D#1702487,XAUUSD,100,288230376153354551,288230376152522685,288230376159037566,288230376159037292,23,2026-06-09T14:43:47.000Z,2026-06-09T14:44:10.000Z,13.8,-14.22,11.7,-2.1,0,0.06,4296.71,4294.63,,,SELL,USD,1,1,1583663
D#1670924,XAUUSD,100,288230376153354596,288230376152502594,288230376158865745,288230376158865483,26656,2026-06-09T07:20:00.000Z,2026-06-09T14:44:16.000Z,-177.7,177.35,-179.46,-1.76,0,0.05,4329.03,4293.27,4293.27,4411.53,BUY,USD,1,1,1583663
D#1702693,XAUUSD,100,288230376153354631,288230376152522752,288230376159037687,288230376159037636,4,2026-06-09T14:44:15.000Z,2026-06-09T14:44:19.000Z,51,-53.1,40.5,-10.5,0,0.3,4293.73,4292.25,,,SELL,USD,1,1,1583663
D#1702693,XAUUSD,100,288230376153354780,288230376152522789,288230376159037860,288230376159037793,3,2026-06-09T14:44:27.000Z,2026-06-09T14:44:30.000Z,52.5,-56.0,35.0,-17.5,0,0.5,4290.85,4290.02,,,SELL,USD,1,1,1583663
D#1702693,XAUUSD,100,288230376153355136,288230376152522912,288230376159038557,288230376159038437,11,2026-06-09T14:45:12.000Z,2026-06-09T14:45:23.000Z,78.6,-80.69999999999999,68.1,-10.5,0,0.3,4289.49,4287.09,,,SELL,USD,1,1,1583663
D#1702446,XAUUSD,100,288230376153355229,288230376152522928,288230376159038822,288230376159038521,26,2026-06-09T14:45:19.000Z,2026-06-09T14:45:45.000Z,-8.4,7.7,-11.9,-3.5,0,0.1,4288.83,4287.77,4277.55,,BUY,USD,1,1,1583663
D#1702519,XAUUSD,100,288230376153355398,288230376152522591,288230376159039262,288230376159036850,189,2026-06-09T14:43:14.000Z,2026-06-09T14:46:23.000Z,85.5,-85.92,83.4,-2.1,0,0.06,4298.98,4284.95,4320.98,4283.15,SELL,USD,1,1,1583663
D#1702451,XAUUSD,100,288230376153355413,288230376152521947,288230376159032606,288230376159030304,611,2026-06-09T14:36:13.000Z,2026-06-09T14:46:24.000Z,-45.4,45.26,-46.1,-0.7,0,0.02,4307.04,4284.12,4284.77,4379.73,BUY,USD,1,1,1583663
D#1702741,XAUUSD,100,288230376153355514,288230376152523043,288230376159039473,288230376159039086,31,2026-06-09T14:46:08.000Z,2026-06-09T14:46:39.000Z,-72.4,71.7,-75.9,-3.5,0,0.1,4288.48,4281.02,4282.28,4296.68,BUY,USD,1,1,1583663
D#1670985,XAUUSD,100,288230376153355632,288230376152518302,288230376159022710,288230376159010748,2535,2026-06-09T14:04:48.000Z,2026-06-09T14:47:03.000Z,486.3,-487.0,482.8,-3.5,0,0.1,4327.76,4279.35,4325,4280,SELL,USD,1,1,1583663
D#1702500,XAUUSD,100,288230376153355637,288230376152522598,288230376159037260,288230376159036870,226,2026-06-09T14:43:17.000Z,2026-06-09T14:47:03.000Z,100.1,-100.44999999999999,98.34,-1.76,0,0.05,4298.67,4278.87,,4278.9,SELL,USD,1,1,1583663
D#1591591,XAUUSD,100,288230376153355677,288230376152523099,288230376159039835,288230376159039380,35,2026-06-09T14:46:32.000Z,2026-06-09T14:47:07.000Z,153.92,-157.55999999999997,135.72,-18.2,0,0.52,4282.35,4279.61,,,SELL,USD,1,1,1583663
D#1702434,XAUUSD,100,288230376153356000,288230376152523301,288230376159040718,288230376159040594,13,2026-06-09T14:48:20.000Z,2026-06-09T14:48:33.000Z,27.6,-28.3,24.1,-3.5,0,0.1,4285.07,4282.53,,,SELL,USD,1,1,1583663
D#1702434,XAUUSD,100,288230376153356509,288230376152523529,288230376159042263,288230376159042013,26,2026-06-09T14:50:36.000Z,2026-06-09T14:51:02.000Z,-0.5,-0.20000000000000007,-4.0,-3.5,0,0.1,4286.36,4286.63,,,SELL,USD,1,1,1583663
D#1671068,XAUUSD,100,288230376153356573,288230376152522492,288230376159042417,288230376159036353,524,2026-06-09T14:42:30.000Z,2026-06-09T14:51:14.000Z,136.8,-137.5,133.3,-3.5,0,0.1,4301.05,4287.59,,,SELL,USD,1,1,1583663
D#1702487,XAUUSD,100,288230376153356610,288230376152523487,288230376159042523,288230376159041757,72,2026-06-09T14:50:13.000Z,2026-06-09T14:51:25.000Z,37.5,-37.92,35.4,-2.1,0,0.06,4283.67,4289.7,,,BUY,USD,1,1,1583663
D#1702446,XAUUSD,100,288230376153356697,288230376152523183,288230376159040038,288230376159039862,284,2026-06-09T14:47:10.000Z,2026-06-09T14:51:54.000Z,119.4,-120.10000000000001,115.9,-3.5,0,0.1,4281.53,4293.25,4269.6,4292.92,BUY,USD,1,1,1583663
D#1702693,XAUUSD,100,288230376153356714,288230376152523153,288230376159042818,288230376159039745,294,2026-06-09T14:47:02.000Z,2026-06-09T14:51:56.000Z,-139.2,138.5,-142.7,-3.5,0,0.1,4280.23,4294.37,,4279.19,SELL,USD,1,1,1583663
D#1702741,XAUUSD,100,288230376153356749,288230376152523514,288230376159042077,288230376159041925,93,2026-06-09T14:50:29.000Z,2026-06-09T14:52:02.000Z,100.2,-100.9,96.7,-3.5,0,0.1,4286.67,4296.47,4278.21,4296.17,BUY,USD,1,1,1583663
D#1702693,XAUUSD,100,288230376153356765,288230376152523655,288230376159042914,288230376159042863,3,2026-06-09T14:52:01.000Z,2026-06-09T14:52:04.000Z,108.3,-110.39999999999999,97.8,-10.5,0,0.3,4293.46,4296.85,,,BUY,USD,1,1,1583663
D#1702413,XAUUSD,100,288230376153357160,288230376152523615,288230376159042580,288230376159033681,212,2026-06-09T14:51:29.000Z,2026-06-09T14:55:01.000Z,-78.1,77.39999999999999,-81.6,-3.5,0,0.1,4290.48,4298.51,4298.6,4279.1,SELL,USD,1,1,1583663
D#1702519,XAUUSD,100,288230376153357162,288230376152523501,288230376159042152,288230376159041851,278,2026-06-09T14:50:24.000Z,2026-06-09T14:55:02.000Z,83.46,-83.88,81.36,-2.1,0,0.06,4284.93,4298.62,4272.75,4298.71,BUY,USD,1,1,1583663
D#1702725,XAUUSD,100,288230376153357349,288230376152520886,288230376159045088,288230376159026064,1819,2026-06-09T14:25:50.000Z,2026-06-09T14:56:09.000Z,141.1,-141.45,139.34,-1.76,0,0.05,4322.71,4294.71,,,SELL,USD,1,1,1583663
D#1670938,XAUUSD,100,288230376153357549,288230376152524015,288230376159045862,288230376159045453,45,2026-06-09T14:56:46.000Z,2026-06-09T14:57:31.000Z,-81.22,79.05,-92.08,-10.86,0,0.31,4293.29,4296.13,,,SELL,USD,1,1,1583663
D#1702621,XAUUSD,100,288230376153357712,288230376152522595,288230376159046445,288230376159036864,925,2026-06-09T14:43:16.000Z,2026-06-09T14:58:41.000Z,-13.9,13.200000000000001,-17.4,-3.5,0,0.1,4298.7,4300.31,4316.94,,SELL,USD,1,1,1583663
D#1702487,XAUUSD,100,288230376153357866,288230376152524136,288230376159047003,288230376159046345,81,2026-06-09T14:58:29.000Z,2026-06-09T14:59:50.000Z,3.7,-4.4,0.2,-3.5,0,0.1,4299.96,4300.11,,,BUY,USD,1,1,1583663
D#1702487,XAUUSD,100,288230376153357967,288230376152524258,288230376159047310,288230376159047133,17,2026-06-09T15:00:04.000Z,2026-06-09T15:00:21.000Z,-19.1,18.400000000000002,-22.6,-3.5,0,0.1,4301.88,4299.75,,,BUY,USD,1,1,1583663
D#1671055,XAUUSD,100,288230376153358079,288230376152524255,288230376159047804,288230376159047125,76,2026-06-09T15:00:04.000Z,2026-06-09T15:01:20.000Z,-204,200.5,-221.5,-17.5,0,0.5,4301.28,4296.98,,4311.99,BUY,USD,1,1,1583663
D#1702558,XAUUSD,100,288230376153358085,288230376152524111,288230376159046150,288230376159046149,194,2026-06-09T14:58:09.000Z,2026-06-09T15:01:23.000Z,-46.76,45.78,-51.66,-4.9,0,0.14,4299.62,4296.06,4296.34,4305.32,BUY,USD,1,1,1583663
D#1702487,XAUUSD,100,288230376153358127,288230376152524341,288230376159047999,288230376159047696,35,2026-06-09T15:01:07.000Z,2026-06-09T15:01:42.000Z,-26.1,25.400000000000002,-29.6,-3.5,0,0.1,4298.52,4295.69,,,BUY,USD,1,1,1583663
D#1671055,XAUUSD,100,288230376153358218,288230376152524364,288230376159048342,288230376159047861,55,2026-06-09T15:01:25.000Z,2026-06-09T15:02:20.000Z,12,-15.5,-5.5,-17.5,0,0.5,4295.12,4295.1,,4281.8,SELL,USD,1,1,1583663
D#1702558,XAUUSD,100,288230376153358381,288230376152524498,288230376159048869,288230376159048862,21,2026-06-09T15:03:16.000Z,2026-06-09T15:03:37.000Z,-38.22,37.24,-43.12,-4.9,0,0.14,4292.02,4294.97,4294.55,4284.81,SELL,USD,1,1,1583663
D#1702414,XAUUSD,100,288230376153358509,288230376152522821,288230376159049656,288230376159037902,1226,2026-06-09T14:44:32.000Z,2026-06-09T15:04:58.000Z,17.96,-18.240000000000002,16.56,-1.4,0,0.04,4289.31,4293.58,,,BUY,USD,1,1,1583663
D#1670974,XAUUSD,100,288230376153358845,288230376152524644,288230376159051032,288230376159049918,134,2026-06-09T15:05:27.000Z,2026-06-09T15:07:41.000Z,12.45,-13.5,7.19,-5.26,0,0.15,4291.82,4291.21,,4288.26,SELL,USD,1,1,1583663
D#1702519,XAUUSD,100,288230376153359172,288230376152524596,288230376159049935,288230376159049646,330,2026-06-09T15:04:56.000Z,2026-06-09T15:10:26.000Z,12.66,-13.08,10.56,-2.1,0,0.06,4294.22,4296.11,4296.73,4309.03,BUY,USD,1,1,1583663
D#1702616,XAUUSD,100,288230376153359382,288230376152524942,288230376159053248,288230376159052415,106,2026-06-09T15:10:35.000Z,2026-06-09T15:12:21.000Z,-113.4,112.0,-120.4,-7,0,0.2,4297.44,4291.55,,,BUY,USD,1,1,1583663
D#1670974,XAUUSD,100,288230376153359446,288230376152524777,288230376159053516,288230376159051119,302,2026-06-09T15:07:53.000Z,2026-06-09T15:12:55.000Z,30.15,-31.2,24.89,-5.26,0,0.15,4292.01,4290.22,,4289.9,SELL,USD,1,1,1583663
D#1702519,XAUUSD,100,288230376153359548,288230376152524966,288230376159052913,288230376159052601,156,2026-06-09T15:10:55.000Z,2026-06-09T15:13:31.000Z,4.62,-5.04,2.52,-2.1,0,0.06,4294.72,4294.17,4294.16,4284.61,SELL,USD,1,1,1583663
D#1702741,XAUUSD,100,288230376153359547,288230376152524968,288230376159052852,288230376159052628,151,2026-06-09T15:11:00.000Z,2026-06-09T15:13:31.000Z,5.1,-5.8,1.6,-3.5,0,0.1,4294.46,4294.17,4294.14,4285.79,SELL,USD,1,1,1583663
D#1670985,XAUUSD,100,288230376153359829,288230376152525197,288230376159055306,288230376159054591,99,2026-06-09T15:15:04.000Z,2026-06-09T15:16:43.000Z,3.3,-4.0,-0.2,-3.5,0,0.1,4295.55,4295.44,4295.5,4290,SELL,USD,1,1,1583663
D#1702519,XAUUSD,100,288230376153360025,288230376152525136,288230376159054472,288230376159053987,312,2026-06-09T15:13:47.000Z,2026-06-09T15:18:59.000Z,-15.72,15.3,-17.82,-2.1,0,0.06,4295.28,4292.44,4292.92,4304.04,BUY,USD,1,1,1583663
D#1702616,XAUUSD,100,288230376153360134,288230376152525175,288230376159056787,288230376159054313,345,2026-06-09T15:14:26.000Z,2026-06-09T15:20:11.000Z,-88.8,87.39999999999999,-95.8,-7,0,0.2,4296.65,4291.99,,4301.83,BUY,USD,1,1,1583663
D#1670985,XAUUSD,100,288230376153360164,288230376152525393,288230376159056435,288230376159056223,94,2026-06-09T15:18:55.000Z,2026-06-09T15:20:29.000Z,2.4,-3.1,-1.1,-3.5,0,0.1,4293.59,4293.57,4293.5,,SELL,USD,1,1,1583663
D#1702356,XAUUSD,100,288230376153360477,288230376152524671,288230376159058111,288230376159050132,1021,2026-06-09T15:05:50.000Z,2026-06-09T15:22:51.000Z,-165.24,161.67000000000002,-183.1,-17.86,0,0.51,4293.42,4289.96,,,BUY,USD,1,1,1583663
D#1702519,XAUUSD,100,288230376153360480,288230376152525396,288230376159058126,288230376159056252,234,2026-06-09T15:18:59.000Z,2026-06-09T15:22:53.000Z,15,-15.42,12.9,-2.1,0,0.06,4292.53,4290.25,4298.99,4279.44,SELL,USD,1,1,1583663
D#1702693,XAUUSD,100,288230376153360550,288230376152524768,288230376159051568,288230376159050987,949,2026-06-09T15:07:36.000Z,2026-06-09T15:23:25.000Z,77.1,-79.19999999999999,66.6,-10.5,0,0.3,4290.69,4288.34,,4288.4,SELL,USD,1,1,1583663
D#1702500,XAUUSD,100,288230376153360610,288230376152524781,288230376159058462,288230376159051144,933,2026-06-09T15:07:57.000Z,2026-06-09T15:23:30.000Z,51.2,-51.900000000000006,47.7,-3.5,0,0.1,4293.01,4288.11,,4284.27,SELL,USD,1,1,1583663
D#1702519,XAUUSD,100,288230376153360902,288230376152525619,288230376159058587,288230376159058240,119,2026-06-09T15:23:08.000Z,2026-06-09T15:25:07.000Z,-34.38,33.96,-36.48,-2.1,0,0.06,4291.15,4285.2,4285.27,4302.78,BUY,USD,1,1,1583663
D#1702502,XAUUSD,100,288230376153361600,288230376152523869,288230376159044799,288230376159044503,2018,2026-06-09T14:55:07.000Z,2026-06-09T15:28:45.000Z,-17.6,17.53,-17.96,-0.36,0,0.01,4298.03,4280.21,4280.28,4351.14,BUY,USD,1,1,1583663
D#1702552,XAUUSD,100,288230376153361612,288230376152524022,288230376159045952,288230376159045497,1918,2026-06-09T14:56:50.000Z,2026-06-09T15:28:48.000Z,115.12,-115.68,112.32,-2.8,0,0.08,4294.15,4279.98,4306.14,4279.85,SELL,USD,1,1,1583663
D#1702741,XAUUSD,100,288230376153361680,288230376152525753,288230376159059104,288230376159054451,260,2026-06-09T15:24:48.000Z,2026-06-09T15:29:08.000Z,-65.8,65.1,-69.3,-3.5,0,0.1,4285.32,4278.52,4278.68,4296.15,BUY,USD,1,1,1583663
D#1702446,XAUUSD,100,288230376153361704,288230376152523802,288230376159044130,288230376159043987,2101,2026-06-09T14:54:09.000Z,2026-06-09T15:29:10.000Z,-178.9,178.20000000000002,-182.4,-3.5,0,0.1,4295.3,4277.19,4277.4,4306.66,BUY,USD,1,1,1583663
D#1702731,XAUUSD,100,288230376153361698,288230376152525580,288230376159057941,288230376159056544,395,2026-06-09T15:22:35.000Z,2026-06-09T15:29:10.000Z,-106.11,105.48,-109.27,-3.16,0,0.09,4289.39,4277.38,4277.72,4301.49,BUY,USD,1,1,1583663
D#1702725,XAUUSD,100,288230376153361743,288230376152524167,288230376159061584,288230376159046551,1825,2026-06-09T14:58:55.000Z,2026-06-09T15:29:20.000Z,420.2,-421.59999999999997,413.2,-7,0,0.2,4299.77,4278.98,,,SELL,USD,1,1,1583663
D#1702519,XAUUSD,100,288230376153361806,288230376152525879,288230376159060223,288230376159059868,225,2026-06-09T15:26:03.000Z,2026-06-09T15:29:48.000Z,52.32,-52.74,50.22,-2.1,0,0.06,4287.58,4279.08,4278.92,4272.47,SELL,USD,1,1,1583663
D#1702741,XAUUSD,100,288230376153361993,288230376152526136,288230376159062128,288230376159061825,71,2026-06-09T15:29:51.000Z,2026-06-09T15:31:02.000Z,-24.1,23.400000000000002,-27.6,-3.5,0,0.1,4278.78,4276.15,4276.17,4288.97,BUY,USD,1,1,1583663
D#1702446,XAUUSD,100,288230376153362002,288230376152526108,288230376159062495,288230376159061600,104,2026-06-09T15:29:22.000Z,2026-06-09T15:31:06.000Z,13.7,-14.399999999999999,10.2,-3.5,0,0.1,4277.87,4276.72,4285.22,4268.48,SELL,USD,1,1,1583663
D#1645749,XAUUSD,100,288230376153362037,288230376152525901,288230376159060252,288230376159060032,294,2026-06-09T15:26:21.000Z,2026-06-09T15:31:15.000Z,-46.2,45.85,-47.96,-1.76,0,0.05,4284.78,4275.32,4275.74,4315.98,BUY,USD,1,1,1583663
D#1702519,XAUUSD,100,288230376153362129,288230376152526170,288230376159062452,288230376159062068,74,2026-06-09T15:30:20.000Z,2026-06-09T15:31:34.000Z,-33.18,32.76,-35.28,-2.1,0,0.06,4279.22,4273.47,4273.43,4287.83,BUY,USD,1,1,1583663
D#1702483,XAUUSD,100,288230376153362254,288230376152526058,288230376159062965,288230376159059357,192,2026-06-09T15:28:38.000Z,2026-06-09T15:31:50.000Z,-280,278.25,-288.76,-8.76,0,0.25,4280.54,4269.12,4268.53,4297.49,BUY,USD,1,1,1583663
D#1702454,XAUUSD,100,288230376153362280,288230376152521230,288230376159028735,288230376159028221,3758,2026-06-09T14:29:14.000Z,2026-06-09T15:31:52.000Z,500.4,-501.09999999999997,496.9,-3.5,0,0.1,4317.46,4267.64,4306.42,4267.91,SELL,USD,1,1,1583663
D#1702464,XAUUSD,100,288230376153362432,288230376152523388,288230376159063277,288230376159041117,2578,2026-06-09T14:49:12.000Z,2026-06-09T15:32:10.000Z,-70.85,70.5,-72.61,-1.76,0,0.05,4283.35,4268.96,4262.77,4380.21,BUY,USD,1,1,1583663
D#1702700,XAUUSD,100,288230376153362439,288230376152522425,288230376159063294,288230376159035934,3022,2026-06-09T14:41:50.000Z,2026-06-09T15:32:12.000Z,137.24,-137.52,135.84,-1.4,0,0.04,4303.21,4269.12,4310.69,4256.71,SELL,USD,1,1,1583663
D#1702630,XAUUSD,100,288230376153362442,288230376152520491,288230376159063297,288230376159023514,4199,2026-06-09T14:22:14.000Z,2026-06-09T15:32:13.000Z,-458,457.3,-461.5,-3.5,0,0.1,4315.08,4269.06,,,BUY,USD,1,1,1583663
D#1702519,XAUUSD,100,288230376153362707,288230376152526293,288230376159064156,288230376159062823,119,2026-06-09T15:31:37.000Z,2026-06-09T15:33:36.000Z,24.72,-25.14,22.62,-2.1,0,0.06,4273.8,4269.9,4269.68,4259.42,SELL,USD,1,1,1583663
D#1702446,XAUUSD,100,288230376153362763,288230376152526394,288230376159063738,288230376159063585,70,2026-06-09T15:32:41.000Z,2026-06-09T15:33:51.000Z,110.2,-111.60000000000001,103.2,-7,0,0.2,4267.2,4272.49,4260.68,4272.39,BUY,USD,1,1,1583663
D#1702519,XAUUSD,100,288230376153362767,288230376152526495,288230376159064336,288230376159064247,10,2026-06-09T15:33:43.000Z,2026-06-09T15:33:53.000Z,8.7,-9.12,6.6,-2.1,0,0.06,4270.86,4272.09,,,BUY,USD,1,1,1583663
D#1702454,XAUUSD,100,288230376153362862,288230376152526424,288230376159064080,288230376159063794,93,2026-06-09T15:33:00.000Z,2026-06-09T15:34:33.000Z,-102.2,101.5,-105.7,-3.5,0,0.1,4264.22,4274.66,4274.64,4239.59,SELL,USD,1,1,1583663
D#1702700,XAUUSD,100,288230376153362920,288230376152526376,288230376159064873,288230376159063446,142,2026-06-09T15:32:28.000Z,2026-06-09T15:34:50.000Z,16.08,-16.36,14.68,-1.4,0,0.04,4270.01,4273.81,4261.63,4287.83,BUY,USD,1,1,1583663
D#1702519,XAUUSD,100,288230376153363003,288230376152526533,288230376159065140,288230376159064500,71,2026-06-09T15:34:11.000Z,2026-06-09T15:35:22.000Z,-25.32,24.9,-27.42,-2.1,0,0.06,4274.04,4269.6,,,BUY,USD,1,1,1583663
D#1670864,XAUUSD,100,288230376153363233,288230376152526575,288230376159064796,288230376159064761,115,2026-06-09T15:34:41.000Z,2026-06-09T15:36:36.000Z,79.7,-80.4,76.2,-3.5,0,0.1,4276.55,4268.8,4281.33,4268.51,SELL,USD,1,1,1583663
D#1702741,XAUUSD,100,288230376153363301,288230376152526508,288230376159066112,288230376159064324,190,2026-06-09T15:33:51.000Z,2026-06-09T15:37:01.000Z,-26.2,25.5,-29.7,-3.5,0,0.1,4272.4,4269.56,4263.43,4282.83,BUY,USD,1,1,1583663
D#1702414,XAUUSD,100,288230376153363322,288230376152524636,288230376159066203,288230376159049850,1914,2026-06-09T15:05:18.000Z,2026-06-09T15:37:12.000Z,93.24,-93.52,91.84,-1.4,0,0.04,4292.81,4269.72,,,SELL,USD,1,1,1583663
D#1591591,XAUUSD,100,288230376153363356,288230376152526744,288230376159066356,288230376159065828,58,2026-06-09T15:36:32.000Z,2026-06-09T15:37:30.000Z,43.2,-46.980000000000004,24.3,-18.9,0,0.54,4269.12,4268.54,,,SELL,USD,1,1,1583663
D#1702446,XAUUSD,100,288230376153363363,288230376152526770,288230376159066385,288230376159066001,44,2026-06-09T15:36:50.000Z,2026-06-09T15:37:34.000Z,-16.5,15.8,-20.0,-3.5,0,0.1,4270.79,4268.92,4262.42,4282.69,BUY,USD,1,1,1583663
D#1591594,XAUUSD,100,288230376153363451,288230376152526704,288230376159066693,288230376159065509,133,2026-06-09T15:35:56.000Z,2026-06-09T15:38:09.000Z,-139.4,138.0,-146.4,-7,0,0.2,4273.06,4265.87,,,BUY,USD,1,1,1583663
D#1702558,XAUUSD,100,288230376153363498,288230376152526767,288230376159066827,288230376159065984,94,2026-06-09T15:36:48.000Z,2026-06-09T15:38:22.000Z,72.66,-73.64,67.76,-4.9,0,0.14,4270.57,4265.6,4275.96,4263.85,SELL,USD,1,1,1583663
D#1702700,XAUUSD,100,288230376153363641,288230376152526606,288230376159067230,288230376159064971,247,2026-06-09T15:35:02.000Z,2026-06-09T15:39:09.000Z,32.05,-32.4,30.29,-1.76,0,0.05,4273.06,4266.87,4277.55,4257.67,SELL,USD,1,1,1583663
D#1702519,XAUUSD,100,288230376153363681,288230376152526658,288230376159065615,288230376159065187,239,2026-06-09T15:35:26.000Z,2026-06-09T15:39:25.000Z,18.66,-19.080000000000002,16.56,-2.1,0,0.06,4270.32,4267.43,4267.3,4256.01,SELL,USD,1,1,1583663
D#1702519,XAUUSD,100,288230376153363967,288230376152526966,288230376159067630,288230376159067425,67,2026-06-09T15:39:28.000Z,2026-06-09T15:40:35.000Z,67.56,-67.98,65.46,-2.1,0,0.06,4266.99,4278.03,4267.57,4277.36,BUY,USD,1,1,1583663
D#1671092,XAUUSD,100,288230376153363961,288230376152527016,288230376159067992,288230376159067788,30,2026-06-09T15:40:05.000Z,2026-06-09T15:40:35.000Z,139.8,-141.20000000000002,132.8,-7,0,0.2,4270.89,4277.66,,4276.66,BUY,USD,1,1,1583663
D#1702551,XAUUSD,100,288230376153363993,288230376152527043,288230376159068210,288230376159067898,26,2026-06-09T15:40:14.000Z,2026-06-09T15:40:40.000Z,73.6,-75.0,66.6,-7,0,0.2,4273.4,4276.86,,,BUY,USD,1,1,1583663
D#1702487,XAUUSD,100,288230376153364031,288230376152527085,288230376159068364,288230376159068211,15,2026-06-09T15:40:40.000Z,2026-06-09T15:40:55.000Z,-33.3,32.599999999999994,-36.8,-3.5,0,0.1,4276.94,4273.39,,,BUY,USD,1,1,1583663
D#1702487,XAUUSD,100,288230376153364147,288230376152527164,288230376159068938,288230376159068903,7,2026-06-09T15:42:02.000Z,2026-06-09T15:42:09.000Z,9.4,-10.1,5.9,-3.5,0,0.1,4277.07,4277.79,,,BUY,USD,1,1,1583663
D#1702741,XAUUSD,100,288230376153364185,288230376152526787,288230376159067824,288230376159066132,326,2026-06-09T15:37:04.000Z,2026-06-09T15:42:30.000Z,-104.1,103.39999999999999,-107.6,-3.5,0,0.1,4268.83,4279.46,4278.99,4258,SELL,USD,1,1,1583663
D#1702551,XAUUSD,100,288230376153364208,288230376152527148,288230376159069145,288230376159068723,58,2026-06-09T15:41:37.000Z,2026-06-09T15:42:35.000Z,93,-94.4,86.0,-7,0,0.2,4275.1,4279.53,,,BUY,USD,1,1,1583663
D#1670992,XAUUSD,100,288230376153364288,288230376152527204,288230376159069664,288230376159069231,32,2026-06-09T15:42:43.000Z,2026-06-09T15:43:15.000Z,-79,75.5,-96.5,-17.5,0,0.5,4279.43,4277.63,,,BUY,USD,1,1,1583663
D#1702551,XAUUSD,100,288230376153364489,288230376152527230,288230376159070577,288230376159069604,123,2026-06-09T15:43:06.000Z,2026-06-09T15:45:09.000Z,96,-97.4,89.0,-7,0,0.2,4279.54,4284.12,,,BUY,USD,1,1,1583663
D#1670992,XAUUSD,100,288230376153364536,288230376152527234,288230376159070701,288230376159069683,122,2026-06-09T15:43:18.000Z,2026-06-09T15:45:20.000Z,-299,295.5,-316.5,-17.5,0,0.5,4278.1,4284.3,,4274.59,SELL,USD,1,1,1583663
D#1702700,XAUUSD,100,288230376153364539,288230376152526941,288230376159070714,288230376159067277,367,2026-06-09T15:39:15.000Z,2026-06-09T15:45:22.000Z,68.88,-69.16,67.48,-1.4,0,0.04,4266.77,4283.77,4267.01,4298.32,BUY,USD,1,1,1583663
D#1702410,XAUUSD,100,288230376153364651,288230376152527400,288230376159071336,288230376159071152,21,2026-06-09T15:45:50.000Z,2026-06-09T15:46:11.000Z,22.2,-24.3,11.7,-10.5,0,0.3,4283.5,4284.02,,,BUY,USD,1,1,1583663
D#1702741,XAUUSD,100,288230376153364816,288230376152527200,288230376159072269,288230376159069180,336,2026-06-09T15:42:38.000Z,2026-06-09T15:48:14.000Z,26.1,-26.8,22.6,-3.5,0,0.1,4279.57,4281.96,4281.18,4290.46,BUY,USD,1,1,1583663
D#1702551,XAUUSD,100,288230376153364844,288230376152527477,288230376159072356,288230376159071989,52,2026-06-09T15:47:35.000Z,2026-06-09T15:48:27.000Z,92.8,-94.2,85.8,-7,0,0.2,4283.26,4278.84,,,SELL,USD,1,1,1583663
D#1702414,XAUUSD,100,288230376153364934,288230376152526829,288230376159072718,288230376159066477,688,2026-06-09T15:37:43.000Z,2026-06-09T15:49:11.000Z,48.2,-48.480000000000004,46.8,-1.4,0,0.04,4269.18,4281.01,,,BUY,USD,1,1,1583663
D#1702700,XAUUSD,100,288230376153364976,288230376152527443,288230376159072986,288230376159071558,192,2026-06-09T15:46:35.000Z,2026-06-09T15:49:47.000Z,9.32,-9.6,7.92,-1.4,0,0.04,4284.04,4281.93,4288.5,4270.92,SELL,USD,1,1,1583663
D#1702567,XAUUSD,100,288230376153365101,288230376152527381,288230376159073510,288230376159070984,321,2026-06-09T15:45:30.000Z,2026-06-09T15:50:51.000Z,-235.69,233.1,-248.65,-12.96,0,0.37,4284.03,4277.44,,,BUY,USD,1,1,1583663
D#1702741,XAUUSD,100,288230376153365103,288230376152527514,288230376159073516,288230376159072287,156,2026-06-09T15:48:16.000Z,2026-06-09T15:50:52.000Z,48,-48.7,44.5,-3.5,0,0.1,4282.07,4277.49,4285.58,4274.62,SELL,USD,1,1,1583663
D#1702407,XAUUSD,100,288230376153365131,288230376152527625,288230376159073648,288230376159073301,41,2026-06-09T15:50:25.000Z,2026-06-09T15:51:06.000Z,72,-74.1,61.5,-10.5,0,0.3,4279.69,4277.51,,,SELL,USD,1,1,1583663
D#1702558,XAUUSD,100,288230376153365193,288230376152527616,288230376159073235,288230376159073232,83,2026-06-09T15:50:20.000Z,2026-06-09T15:51:43.000Z,-43.68,42.56,-49.28,-5.6,0,0.16,4279.25,4282.2,4281.73,4274.13,SELL,USD,1,1,1583663
D#1702487,XAUUSD,100,288230376153365210,288230376152527700,288230376159073994,288230376159073878,14,2026-06-09T15:51:36.000Z,2026-06-09T15:51:50.000Z,35.4,-36.1,31.9,-3.5,0,0.1,4280.24,4283.56,,,BUY,USD,1,1,1583663
D#1702407,XAUUSD,100,288230376153365234,288230376152527699,288230376159074047,288230376159073856,23,2026-06-09T15:51:32.000Z,2026-06-09T15:51:55.000Z,69.9,-72.0,59.4,-10.5,0,0.3,4280.37,4282.48,,,BUY,USD,1,1,1583663
D#1702407,XAUUSD,100,288230376153365302,288230376152527752,288230376159074344,288230376159074182,24,2026-06-09T15:52:08.000Z,2026-06-09T15:52:32.000Z,-24.6,22.5,-35.1,-10.5,0,0.3,4283.95,4282.91,,,BUY,USD,1,1,1583663
D#1702407,XAUUSD,100,288230376153365442,288230376152527798,288230376159075160,288230376159074716,60,2026-06-09T15:53:26.000Z,2026-06-09T15:54:26.000Z,32.1,-34.2,21.6,-10.5,0,0.3,4279.32,4278.47,,,SELL,USD,1,1,1583663
D#1702741,XAUUSD,100,288230376153365524,288230376152527739,288230376159074362,288230376159074127,189,2026-06-09T15:52:01.000Z,2026-06-09T15:55:10.000Z,1.8,-2.5,-1.7,-3.5,0,0.1,4282.14,4282.18,4281.95,4274.9,SELL,USD,1,1,1583663
D#1702407,XAUUSD,100,288230376153365757,288230376152527973,288230376159076554,288230376159076344,23,2026-06-09T15:56:34.000Z,2026-06-09T15:56:57.000Z,67.2,-69.3,56.7,-10.5,0,0.3,4279.85,4277.83,,,SELL,USD,1,1,1583663
D#1702731,XAUUSD,100,288230376153365882,288230376152527797,288230376159076779,288230376159073939,234,2026-06-09T15:53:26.000Z,2026-06-09T15:57:20.000Z,-114.6,112.5,-125.1,-10.5,0,0.3,4279.43,4275.39,4268.44,4286.29,BUY,USD,1,1,1583663
D#1702407,XAUUSD,100,288230376153365903,288230376152528029,288230376159076820,288230376159076643,17,2026-06-09T15:57:07.000Z,2026-06-09T15:57:24.000Z,-25.2,23.099999999999998,-35.7,-10.5,0,0.3,4275.11,4276.17,,,SELL,USD,1,1,1583663
D#1702407,XAUUSD,100,288230376153365996,288230376152528078,288230376159077122,288230376159076953,17,2026-06-09T15:57:39.000Z,2026-06-09T15:57:56.000Z,27.3,-29.400000000000002,16.8,-10.5,0,0.3,4275.16,4274.47,,,SELL,USD,1,1,1583663
D#1702558,XAUUSD,100,288230376153366034,288230376152528090,288230376159077053,288230376159077051,19,2026-06-09T15:57:50.000Z,2026-06-09T15:58:09.000Z,-25.6,24.48,-31.2,-5.6,0,0.16,4273.9,4275.72,4275.16,4271.5,SELL,USD,1,1,1583663
D#1702407,XAUUSD,100,288230376153366073,288230376152528122,288230376159077387,288230376159077235,18,2026-06-09T15:58:06.000Z,2026-06-09T15:58:24.000Z,-7.2,5.1,-17.7,-10.5,0,0.3,4274.97,4274.51,,,BUY,USD,1,1,1583663
D#1702502,XAUUSD,100,288230376153366080,288230376152528141,288230376159077427,288230376159077396,4,2026-06-09T15:58:26.000Z,2026-06-09T15:58:30.000Z,-0.58,0.51,-0.94,-0.36,0,0.01,4274.96,4275.76,,,SELL,USD,1,1,1583663
D#1702407,XAUUSD,100,288230376153366110,288230376152528149,288230376159077630,288230376159077491,17,2026-06-09T15:58:37.000Z,2026-06-09T15:58:54.000Z,23.4,-25.5,12.9,-10.5,0,0.3,4275.13,4274.57,,,SELL,USD,1,1,1583663
D#1702407,XAUUSD,100,288230376153366142,288230376152528168,288230376159077770,288230376159077700,9,2026-06-09T15:59:06.000Z,2026-06-09T15:59:15.000Z,-42,39.9,-52.5,-10.5,0,0.3,4274.05,4275.67,,,SELL,USD,1,1,1583663
D#1702741,XAUUSD,100,288230376153366206,288230376152527890,288230376159078132,288230376159075532,283,2026-06-09T15:55:14.000Z,2026-06-09T15:59:57.000Z,-76,75.3,-79.5,-3.5,0,0.1,4281.1,4273.28,4269.2,4292.15,BUY,USD,1,1,1583663
D#1702407,XAUUSD,100,288230376153366227,288230376152528207,288230376159078206,288230376159077999,24,2026-06-09T15:59:40.000Z,2026-06-09T16:00:04.000Z,31.5,-33.6,21.0,-10.5,0,0.3,4274.79,4273.96,,,SELL,USD,1,1,1583663
D#1702407,XAUUSD,100,288230376153366277,288230376152528248,288230376159078354,288230376159078284,9,2026-06-09T16:00:13.000Z,2026-06-09T16:00:22.000Z,54.3,-56.4,43.8,-10.5,0,0.3,4273.5,4271.91,,,SELL,USD,1,1,1583663
D#1702446,XAUUSD,100,288230376153366296,288230376152527479,288230376159072080,288230376159072021,767,2026-06-09T15:47:41.000Z,2026-06-09T16:00:28.000Z,-124.7,124.0,-128.2,-3.5,0,0.1,4283.6,4270.91,4271.17,4294.83,BUY,USD,1,1,1583663
D#1702407,XAUUSD,100,288230376153366314,288230376152528266,288230376159078492,288230376159078409,11,2026-06-09T16:00:28.000Z,2026-06-09T16:00:39.000Z,-80.1,78.0,-90.6,-10.5,0,0.3,4271.07,4273.96,,,SELL,USD,1,1,1583663
D#1702407,XAUUSD,100,288230376153366363,288230376152528289,288230376159078681,288230376159078597,11,2026-06-09T16:00:51.000Z,2026-06-09T16:01:02.000Z,-9.3,7.200000000000001,-19.8,-10.5,0,0.3,4274.86,4275.39,,,SELL,USD,1,1,1583663
D#1702407,XAUUSD,100,288230376153366377,288230376152528306,288230376159078784,288230376159078742,7,2026-06-09T16:01:10.000Z,2026-06-09T16:01:17.000Z,33,-35.1,22.5,-10.5,0,0.3,4274.84,4273.96,,,SELL,USD,1,1,1583663
D#1702407,XAUUSD,100,288230376153366500,288230376152528368,288230376159079166,288230376159079079,7,2026-06-09T16:01:53.000Z,2026-06-09T16:02:00.000Z,25.8,-27.900000000000002,15.3,-10.5,0,0.3,4278.4,4279.04,,,BUY,USD,1,1,1583663
D#1702741,XAUUSD,100,288230376153366522,288230376152528224,288230376159078451,288230376159078157,125,2026-06-09T16:00:01.000Z,2026-06-09T16:02:06.000Z,-77.4,76.7,-80.9,-3.5,0,0.1,4272.41,4280.37,4279.93,4262.17,SELL,USD,1,1,1583663
D#1702498,XAUUSD,100,288230376153366583,288230376152528372,288230376159079380,288230376159079104,33,2026-06-09T16:01:55.000Z,2026-06-09T16:02:28.000Z,-16.2,14.799999999999999,-23.2,-7,0,0.2,4278.45,4279.48,,4279.6,SELL,USD,1,1,1583663
D#1702443,XAUUSD,100,288230376153366724,288230376152528510,288230376159080198,288230376159080158,6,2026-06-09T16:04:02.000Z,2026-06-09T16:04:08.000Z,-0.85,0.78,-1.21,-0.36,0,0.01,4275.62,4274.55,,,BUY,USD,1,1,1583663
D#1702443,XAUUSD,100,288230376153366755,288230376152528517,288230376159080390,288230376159080231,23,2026-06-09T16:04:13.000Z,2026-06-09T16:04:36.000Z,-1.66,1.5899999999999999,-2.02,-0.36,0,0.01,4276.13,4274.25,,,BUY,USD,1,1,1583663
D#1702498,XAUUSD,100,288230376153366893,288230376152528468,288230376159079779,288230376159079777,153,2026-06-09T16:03:09.000Z,2026-06-09T16:05:42.000Z,107.4,-108.80000000000001,100.4,-7,0,0.2,4277.14,4271.99,,4272.28,SELL,USD,1,1,1583663
D#1645749,XAUUSD,100,288230376153366938,288230376152528569,288230376159080882,288230376159080753,30,2026-06-09T16:05:21.000Z,2026-06-09T16:05:51.000Z,-79.12,77.51,-87.18,-8.06,0,0.23,4273.55,4269.89,4270.13,,BUY,USD,1,1,1583663
D#1702657,XAUUSD,100,288230376153366971,288230376152528150,288230376159077518,288230376159077516,434,2026-06-09T15:58:41.000Z,2026-06-09T16:05:55.000Z,-57,56.3,-60.5,-3.5,0,0.1,4275.37,4269.45,4269.59,4286.09,BUY,USD,1,1,1583663
D#1702407,XAUUSD,100,288230376153367054,288230376152528396,288230376159081235,288230376159079285,240,2026-06-09T16:02:11.000Z,2026-06-09T16:06:11.000Z,-381,378.9,-391.5,-10.5,0,0.3,4280.52,4267.6,,,BUY,USD,1,1,1583663
D#1671092,XAUUSD,100,288230376153367337,288230376152527119,288230376159068760,288230376159068489,1631,2026-06-09T15:41:12.000Z,2026-06-09T16:08:23.000Z,117.6,-119.0,110.6,-7,0,0.2,4272.38,4266.72,,4266.72,SELL,USD,1,1,1583663
D#1702552,XAUUSD,100,288230376153367507,288230376152527271,288230376159071097,288230376159070055,1509,2026-06-09T15:44:08.000Z,2026-06-09T16:09:17.000Z,119.2,-119.76,116.4,-2.8,0,0.08,4278.59,4263.91,4287.07,4263.9,SELL,USD,1,1,1583663
D#1702536,XAUUSD,100,288230376153367526,288230376152526283,288230376159062768,288230376159061036,2264,2026-06-09T15:31:34.000Z,2026-06-09T16:09:18.000Z,-88.32,87.75999999999999,-91.12,-2.8,0,0.08,4273.54,4262.28,4263,4310,BUY,USD,1,1,1583663
D#1670864,XAUUSD,100,288230376153367515,288230376152528596,288230376159080972,288230376159080757,211,2026-06-09T16:05:47.000Z,2026-06-09T16:09:18.000Z,78.3,-79.0,74.8,-3.5,0,0.1,4270.99,4263.38,4276.39,4263.38,SELL,USD,1,1,1583663
D#1702700,XAUUSD,100,288230376153367607,288230376152527601,288230376159073159,288230376159073038,1180,2026-06-09T15:49:54.000Z,2026-06-09T16:09:34.000Z,-78.96,78.67999999999999,-80.36,-1.4,0,0.04,4280.86,4260.9,4261,4306.13,BUY,USD,1,1,1583663
D#1702434,XAUUSD,100,288230376153367643,288230376152524163,288230376159082967,288230376159046512,4250,2026-06-09T14:58:50.000Z,2026-06-09T16:09:40.000Z,-346.6,345.90000000000003,-350.1,-3.5,0,0.1,4300.5,4265.62,,4302.37,BUY,USD,1,1,1583663
D#1702553,XAUUSD,100,288230376153367644,288230376152521677,288230376159082970,288230376159030871,5785,2026-06-09T14:33:16.000Z,2026-06-09T16:09:41.000Z,368.16,-368.72,365.36,-2.8,0,0.08,4311.75,4265.95,,,SELL,USD,1,1,1583663
D#1702555,XAUUSD,100,288230376153367645,288230376152526553,288230376159082973,288230376159064619,2117,2026-06-09T15:34:24.000Z,2026-06-09T16:09:41.000Z,-124.6,123.19999999999999,-131.6,-7,0,0.2,4272.9,4266.45,,4293.34,BUY,USD,1,1,1583663
D#1702502,XAUUSD,100,288230376153367848,288230376152529024,288230376159083735,288230376159083640,12,2026-06-09T16:10:54.000Z,2026-06-09T16:11:06.000Z,-0.55,0.48000000000000004,-0.91,-0.36,0,0.01,4263.1,4263.87,,,SELL,USD,1,1,1583663
D#1702552,XAUUSD,100,288230376153367940,288230376152529051,288230376159084278,288230376159083765,67,2026-06-09T16:11:10.000Z,2026-06-09T16:12:17.000Z,11.2,-11.76,8.4,-2.8,0,0.08,4264.15,4265.33,4253.34,4267.86,BUY,USD,1,1,1583663
D#1702641,XAUUSD,100,288230376153367998,288230376152529092,288230376159084271,288230376159084270,50,2026-06-09T16:12:16.000Z,2026-06-09T16:13:06.000Z,-4.67,4.6,-5.03,-0.36,0,0.01,4265.89,4261,4261.35,4281.98,BUY,USD,1,1,1583663
D#1702741,XAUUSD,100,288230376153368116,288230376152528781,288230376159082630,288230376159082106,372,2026-06-09T16:07:59.000Z,2026-06-09T16:14:11.000Z,-97,96.3,-100.5,-3.5,0,0.1,4269.73,4259.81,4259.62,4280.62,BUY,USD,1,1,1583663
D#1702657,XAUUSD,100,288230376153368117,288230376152529053,288230376159083784,288230376159083782,179,2026-06-09T16:11:12.000Z,2026-06-09T16:14:11.000Z,-45.8,45.099999999999994,-49.3,-3.5,0,0.1,4264.61,4259.81,4259.69,4276.1,BUY,USD,1,1,1583663
D#1702443,XAUUSD,100,288230376153368147,288230376152529168,288230376159085227,288230376159085043,23,2026-06-09T16:14:04.000Z,2026-06-09T16:14:27.000Z,0.55,-0.6200000000000001,0.19,-0.36,0,0.01,4261.11,4261.44,,,BUY,USD,1,1,1583663
D#1702498,XAUUSD,100,288230376153368167,288230376152528947,288230376159083394,288230376159083162,280,2026-06-09T16:10:03.000Z,2026-06-09T16:14:43.000Z,96.8,-98.2,89.8,-7,0,0.2,4264.33,4259.71,,4259.44,SELL,USD,1,1,1583663
D#1702454,XAUUSD,100,288230376153368184,288230376152526636,288230376159085379,288230376159065095,2373,2026-06-09T15:35:17.000Z,2026-06-09T16:14:50.000Z,130.8,-131.5,127.3,-3.5,0,0.1,4272.21,4259.35,4286.55,4246.88,SELL,USD,1,1,1583663
D#1702446,XAUUSD,100,288230376153368215,288230376152528638,288230376159085500,288230376159081154,542,2026-06-09T16:06:04.000Z,2026-06-09T16:15:06.000Z,89.7,-90.4,86.2,-3.5,0,0.1,4268.38,4259.63,4270.79,4257.32,SELL,USD,1,1,1583663
D#1702414,XAUUSD,100,288230376153368238,288230376152528205,288230376159085595,288230376159077980,940,2026-06-09T15:59:39.000Z,2026-06-09T16:15:19.000Z,-57.48,57.199999999999996,-58.88,-1.4,0,0.04,4275.14,4260.55,,,BUY,USD,1,1,1583663
D#1670985,XAUUSD,100,288230376153368453,288230376152526894,288230376159086415,288230376159066927,2317,2026-06-09T15:38:34.000Z,2026-06-09T16:17:11.000Z,46.7,-47.400000000000006,43.2,-3.5,0,0.1,4264.53,4260.08,,4258,SELL,USD,1,1,1583663
D#1702443,XAUUSD,100,288230376153368614,288230376152529376,288230376159087047,288230376159086782,30,2026-06-09T16:17:51.000Z,2026-06-09T16:18:21.000Z,-2.52,2.45,-2.88,-0.36,0,0.01,4258.86,4261.6,,,SELL,USD,1,1,1583663
D#1702741,XAUUSD,100,288230376153368729,288230376152529247,288230376159087481,288230376159085769,205,2026-06-09T16:15:47.000Z,2026-06-09T16:19:12.000Z,-24.2,23.5,-27.7,-3.5,0,0.1,4261.08,4258.44,,4271.97,BUY,USD,1,1,1583663
D#1702446,XAUUSD,100,288230376153368757,288230376152529228,288230376159085588,288230376159085526,247,2026-06-09T16:15:09.000Z,2026-06-09T16:19:16.000Z,-36.4,35.699999999999996,-39.9,-3.5,0,0.1,4260.72,4256.86,4257.04,4271.53,BUY,USD,1,1,1583663
D#1670985,XAUUSD,100,288230376153368765,288230376152529334,288230376159087523,288230376159086524,110,2026-06-09T16:17:26.000Z,2026-06-09T16:19:16.000Z,24.6,-25.3,21.1,-3.5,0,0.1,4259.14,4256.9,,,SELL,USD,1,1,1583663
D#1702558,XAUUSD,100,288230376153368793,288230376152528988,288230376159087559,288230376159083428,528,2026-06-09T16:10:31.000Z,2026-06-09T16:19:19.000Z,79.04,-80.16000000000001,73.44,-5.6,0,0.16,4261.54,4256.82,4271.25,4254.57,SELL,USD,1,1,1583663
D#1671092,XAUUSD,100,288230376153368835,288230376152529237,288230376159085735,288230376159085633,236,2026-06-09T16:15:25.000Z,2026-06-09T16:19:21.000Z,112.4,-113.80000000000001,105.4,-7,0,0.2,4260.92,4255.52,,4255.18,SELL,USD,1,1,1583663
D#1702498,XAUUSD,100,288230376153368843,288230376152529391,288230376159087607,288230376159086890,79,2026-06-09T16:18:03.000Z,2026-06-09T16:19:22.000Z,90.4,-91.80000000000001,83.4,-7,0,0.2,4260,4255.7,,4255.11,SELL,USD,1,1,1583663
D#1702487,XAUUSD,100,288230376153369164,288230376152529223,288230376159088282,288230376159085504,320,2026-06-09T16:15:06.000Z,2026-06-09T16:20:26.000Z,39.4,-40.1,35.9,-3.5,0,0.1,4259.98,4256.26,,,SELL,USD,1,1,1583663
D#1702502,XAUUSD,100,288230376153369187,288230376152529578,288230376159088356,288230376159088285,9,2026-06-09T16:20:26.000Z,2026-06-09T16:20:35.000Z,-0.04,-0.030000000000000006,-0.4,-0.36,0,0.01,4256.44,4256.7,,,SELL,USD,1,1,1583663
D#1589455,XAUUSD,100,288230376153369413,288230376152529504,288230376159089391,288230376159087815,191,2026-06-09T16:19:39.000Z,2026-06-09T16:22:50.000Z,-206,202.5,-223.5,-17.5,0,0.5,4255.37,4259.71,,,SELL,USD,1,1,1583663
D#1645749,XAUUSD,100,288230376153369420,288230376152529402,288230376159087090,288230376159087025,279,2026-06-09T16:18:17.000Z,2026-06-09T16:22:56.000Z,24,-26.240000000000002,12.8,-11.2,0,0.32,4261.05,4260.52,4260.25,4248.12,SELL,USD,1,1,1583663
D#1702558,XAUUSD,100,288230376153369428,288230376152529619,288230376159088648,288230376159088644,103,2026-06-09T16:21:16.000Z,2026-06-09T16:22:59.000Z,45.44,-46.559999999999995,39.84,-5.6,0,0.16,4259.04,4261.66,4253.19,4261.97,BUY,USD,1,1,1583663
D#1702443,XAUUSD,100,288230376153369515,288230376152529743,288230376159089827,288230376159089629,26,2026-06-09T16:23:23.000Z,2026-06-09T16:23:49.000Z,-1.63,1.5599999999999998,-1.99,-0.36,0,0.01,4260.04,4258.19,,,BUY,USD,1,1,1583663
D#1702487,XAUUSD,100,288230376153369538,288230376152529647,288230376159089929,288230376159088895,133,2026-06-09T16:21:50.000Z,2026-06-09T16:24:03.000Z,19.1,-19.8,15.6,-3.5,0,0.1,4258.92,4257.23,,,SELL,USD,1,1,1583663
D#1702661,XAUUSD,100,288230376153369554,288230376152529741,288230376159089978,288230376159089596,54,2026-06-09T16:23:17.000Z,2026-06-09T16:24:11.000Z,-57.6,56.2,-64.6,-7,0,0.2,4260.39,4257.29,,,BUY,USD,1,1,1583663
D#1645749,XAUUSD,100,288230376153369604,288230376152529799,288230376159090123,288230376159090121,5,2026-06-09T16:24:33.000Z,2026-06-09T16:24:38.000Z,-56.1,53.79,-67.66,-11.56,0,0.33,4261.57,4263.49,4263.18,,SELL,USD,1,1,1583663
D#1702506,XAUUSD,100,288230376153369610,288230376152529628,288230376159090179,288230376159088729,193,2026-06-09T16:21:27.000Z,2026-06-09T16:24:40.000Z,-300,296.5,-317.5,-17.5,0,0.5,4256.96,4263.18,4270.23,4246.44,SELL,USD,1,1,1583663
D#1702661,XAUUSD,100,288230376153369633,288230376152529783,288230376159090254,288230376159090006,35,2026-06-09T16:24:15.000Z,2026-06-09T16:24:50.000Z,-128.57,125.55999999999999,-143.63,-15.06,0,0.43,4258.69,4261.9,,,SELL,USD,1,1,1583663
D#1645749,XAUUSD,100,288230376153369687,288230376152529809,288230376159090316,288230376159090247,35,2026-06-09T16:24:50.000Z,2026-06-09T16:25:25.000Z,-105.27,102.96,-116.83,-11.56,0,0.33,4261.64,4265.05,4264.93,,SELL,USD,1,1,1583663
D#1702482,XAUUSD,100,288230376153369925,288230376152529964,288230376159092113,288230376159092052,11,2026-06-09T16:29:21.000Z,2026-06-09T16:29:32.000Z,-3.02,2.88,-3.72,-0.7,0,0.02,4265.68,4263.95,,,BUY,USD,1,1,1583663
D#1591591,XAUUSD,100,288230376153369934,288230376152529955,288230376159092131,288230376159091964,29,2026-06-09T16:29:06.000Z,2026-06-09T16:29:35.000Z,74.52,-78.3,55.62,-18.9,0,0.54,4265.45,4264.29,,,SELL,USD,1,1,1583663
D#1591591,XAUUSD,100,288230376153370053,288230376152530022,288230376159092889,288230376159092689,37,2026-06-09T16:31:02.000Z,2026-06-09T16:31:39.000Z,-108.54,104.76,-127.44,-18.9,0,0.54,4260.71,4262.94,,,SELL,USD,1,1,1583663
D#1591591,XAUUSD,100,288230376153370125,288230376152530055,288230376159093286,288230376159093072,32,2026-06-09T16:32:07.000Z,2026-06-09T16:32:39.000Z,-40.5,36.72,-59.4,-18.9,0,0.54,4260.88,4261.85,,,SELL,USD,1,1,1583663
D#1591591,XAUUSD,100,288230376153370228,288230376152530132,288230376159094069,288230376159093961,21,2026-06-09T16:34:34.000Z,2026-06-09T16:34:55.000Z,70.74,-74.52,51.84,-18.9,0,0.54,4263.53,4262.44,,,SELL,USD,1,1,1583663
D#1670864,XAUUSD,100,288230376153370368,288230376152530067,288230376159094716,288230376159093032,250,2026-06-09T16:32:22.000Z,2026-06-09T16:36:32.000Z,-74.9,74.2,-78.4,-3.5,0,0.1,4260.01,4267.72,4271.12,4252.28,SELL,USD,1,1,1583663
D#1645749,XAUUSD,100,288230376153370381,288230376152529934,288230376159094784,288230376159091669,503,2026-06-09T16:28:18.000Z,2026-06-09T16:36:41.000Z,-56.25,54.5,-65.01,-8.76,0,0.25,4264.17,4266.64,4267.72,4240.23,SELL,USD,1,1,1583663
D#1702558,XAUUSD,100,288230376153370568,288230376152530053,288230376159093058,288230376159093055,363,2026-06-09T16:32:06.000Z,2026-06-09T16:38:09.000Z,98.08,-99.2,92.48,-5.6,0,0.16,4260.94,4255.03,4275.06,4255.13,SELL,USD,1,1,1583663
D#1671092,XAUUSD,100,288230376153370649,288230376152529627,288230376159088911,288230376159088717,1007,2026-06-09T16:21:25.000Z,2026-06-09T16:38:12.000Z,123.8,-125.2,116.8,-7,0,0.2,4256.95,4250.98,,4251.31,SELL,USD,1,1,1583663
D#1702446,XAUUSD,100,288230376153370711,288230376152529692,288230376159089339,288230376159089212,945,2026-06-09T16:22:28.000Z,2026-06-09T16:38:13.000Z,-106.7,106.0,-110.2,-3.5,0,0.1,4259.43,4248.54,4250.42,4270.41,BUY,USD,1,1,1583663
D#1702487,XAUUSD,100,288230376153370712,288230376152529785,288230376159095486,288230376159090021,836,2026-06-09T16:24:17.000Z,2026-06-09T16:38:13.000Z,106.8,-107.5,103.3,-3.5,0,0.1,4259.26,4248.8,,,SELL,USD,1,1,1583663
D#1591591,XAUUSD,100,288230376153371007,288230376152530357,288230376159096139,288230376159095951,23,2026-06-09T16:38:37.000Z,2026-06-09T16:39:00.000Z,88.56,-92.34,69.66,-18.9,0,0.54,4249.38,4247.96,,,SELL,USD,1,1,1583663
D#1591591,XAUUSD,100,288230376153371127,288230376152530411,288230376159096322,288230376159096261,7,2026-06-09T16:39:12.000Z,2026-06-09T16:39:19.000Z,223.02,-226.8,204.12,-18.9,0,0.54,4243.45,4239.54,,,SELL,USD,1,1,1583663
D#1702381,XAUUSD,100,288230376153371133,288230376152521319,288230376159096345,288230376159028760,7757,2026-06-09T14:30:04.000Z,2026-06-09T16:39:21.000Z,-399.65,399.29999999999995,-401.41,-1.76,0,0.05,4319.97,4239.82,,,BUY,USD,1,1,1583663
D#1702369,XAUUSD,100,288230376153371132,288230376152524803,288230376159096334,288230376159051381,5449,2026-06-09T15:08:32.000Z,2026-06-09T16:39:21.000Z,-540.9,540.1999999999999,-544.4,-3.5,0,0.1,4294.14,4239.83,,,BUY,USD,1,1,1583663
D#1671068,XAUUSD,100,288230376153371235,288230376152523619,288230376159096544,288230376159042600,6490,2026-06-09T14:51:31.000Z,2026-06-09T16:39:41.000Z,-500.2,499.5,-503.7,-3.5,0,0.1,4290.87,4240.63,,4304.53,BUY,USD,1,1,1583663
D#1702443,XAUUSD,100,288230376153371401,288230376152530408,288230376159097037,288230376159096247,78,2026-06-09T16:39:11.000Z,2026-06-09T16:40:29.000Z,42.47,-44.64,31.61,-10.86,0,0.31,4244.42,4243.27,,,SELL,USD,1,1,1583663
D#1702700,XAUUSD,100,288230376153371412,288230376152529671,288230376159097090,288230376159089040,1109,2026-06-09T16:22:08.000Z,2026-06-09T16:40:37.000Z,68.16,-68.44,66.76,-1.4,0,0.04,4258.03,4241.21,4275.11,4231.55,SELL,USD,1,1,1583663
D#1702416,XAUUSD,100,288230376153371452,288230376152525311,288230376159097230,288230376159055555,5017,2026-06-09T15:17:14.000Z,2026-06-09T16:40:51.000Z,-112.64,112.5,-113.34,-0.7,0,0.02,4296.84,4240.3,,,BUY,USD,1,1,1583663
D#1671054,XAUUSD,100,288230376153371654,288230376152530606,288230376159097872,288230376159097639,28,2026-06-09T16:41:43.000Z,2026-06-09T16:42:11.000Z,-71.1,69.0,-81.6,-10.5,0,0.3,4240.1,4237.51,,,BUY,USD,1,1,1583663
D#1702443,XAUUSD,100,288230376153371658,288230376152530524,288230376159097877,288230376159097078,98,2026-06-09T16:40:34.000Z,2026-06-09T16:42:12.000Z,-120.54,117.67,-134.9,-14.36,0,0.41,4241.95,4238.79,,,BUY,USD,1,1,1583663
D#1702558,XAUUSD,100,288230376153372615,288230376152531070,288230376159102729,288230376159101830,123,2026-06-09T16:51:03.000Z,2026-06-09T16:53:06.000Z,70.56,-71.68,64.96,-5.6,0,0.16,4247.76,4243.57,4257.78,4242.16,SELL,USD,1,1,1583663
D#1670952,XAUUSD,100,288230376153372758,288230376152530804,288230376159103468,288230376159099219,587,2026-06-09T16:45:03.000Z,2026-06-09T16:54:50.000Z,-214.5,211.77,-228.16,-13.66,0,0.39,4246.23,4240.51,,,BUY,USD,1,1,1583663
D#1702536,XAUUSD,100,288230376153372771,288230376152530916,288230376159100232,288230376159099993,454,2026-06-09T16:47:19.000Z,2026-06-09T16:54:53.000Z,-86.8,86.24,-89.6,-2.8,0,0.08,4250.23,4239.16,4240,4309,BUY,USD,1,1,1583663
D#1702446,XAUUSD,100,288230376153372819,288230376152530809,288230376159103634,288230376159099246,603,2026-06-09T16:45:07.000Z,2026-06-09T16:55:10.000Z,-46.6,45.9,-50.1,-3.5,0,0.1,4246.65,4241.77,4236.55,4257.83,BUY,USD,1,1,1583663
D#1702744,XAUUSD,100,288230376153373032,288230376152531056,288230376159101730,288230376159101652,459,2026-06-09T16:50:36.000Z,2026-06-09T16:58:15.000Z,-5.4,4.7,-8.9,-3.5,0,0.1,4247.82,4248.58,4248.31,,SELL,USD,1,1,1583663
D#1702517,XAUUSD,100,288230376153373047,288230376152531392,288230376159104959,288230376159104454,78,2026-06-09T16:57:05.000Z,2026-06-09T16:58:23.000Z,-20.8,20.1,-24.3,-3.5,0,0.1,4246.37,4248.67,4254.94,4179.69,SELL,USD,1,1,1583663
D#1702487,XAUUSD,100,288230376153373406,288230376152531406,288230376159106417,288230376159104632,246,2026-06-09T16:57:28.000Z,2026-06-09T17:01:34.000Z,-101.6,100.89999999999999,-105.1,-3.5,0,0.1,4246.3,4256.68,,,SELL,USD,1,1,1583663
D#1702517,XAUUSD,100,288230376153373520,288230376152531488,288230376159105542,288230376159105538,163,2026-06-09T16:59:42.000Z,2026-06-09T17:02:25.000Z,97.9,-98.60000000000001,94.4,-3.5,0,0.1,4250.53,4260.1,4242.83,4260.1,BUY,USD,1,1,1583663
D#1702487,XAUUSD,100,288230376153373858,288230376152531832,288230376159108233,288230376159108205,4,2026-06-09T17:05:29.000Z,2026-06-09T17:05:33.000Z,14.8,-16.2,7.8,-7,0,0.2,4261.43,4260.91,,,SELL,USD,1,1,1583663
D#1702487,XAUUSD,100,288230376153374605,288230376152532170,288230376159112633,288230376159111850,118,2026-06-09T17:14:35.000Z,2026-06-09T17:16:33.000Z,-103.8,102.39999999999999,-110.8,-7,0,0.2,4263.94,4258.53,,,BUY,USD,1,1,1583663
D#1702487,XAUUSD,100,288230376153374613,288230376152532258,288230376159112663,288230376159112650,2,2026-06-09T17:16:35.000Z,2026-06-09T17:16:37.000Z,-1,-0.40000000000000013,-8.0,-7,0,0.2,4258.93,4259.2,,,SELL,USD,1,1,1583663
D#1702577,XAUUSD,100,288230376153374684,288230376152532209,288230376159113039,288230376159112182,132,2026-06-09T17:15:22.000Z,2026-06-09T17:17:34.000Z,-35.4,34.699999999999996,-38.9,-3.5,0,0.1,4261.08,4264.84,,,SELL,USD,1,1,1583663
D#1702487,XAUUSD,100,288230376153374786,288230376152532277,288230376159113425,288230376159112866,76,2026-06-09T17:17:10.000Z,2026-06-09T17:18:26.000Z,47.6,-49.0,40.6,-7,0,0.2,4261.82,4263.98,,,BUY,USD,1,1,1583663
D#1702487,XAUUSD,100,288230376153374956,288230376152532418,288230376159114297,288230376159114258,5,2026-06-09T17:20:23.000Z,2026-06-09T17:20:28.000Z,43,-44.4,36.0,-7,0,0.2,4263.55,4265.48,,,BUY,USD,1,1,1583663
D#1702487,XAUUSD,100,288230376153375196,288230376152532490,288230376159115173,288230376159114986,25,2026-06-09T17:22:09.000Z,2026-06-09T17:22:34.000Z,1.8,-3.2,-5.2,-7,0,0.2,4267.66,4267.53,,,BUY,USD,1,1,1583663
D#1702447,XAUUSD,100,288230376153375234,288230376152532528,288230376159115330,288230376159115292,6,2026-06-09T17:22:49.000Z,2026-06-09T17:22:55.000Z,-0.38,0.31,-0.74,-0.36,0,0.01,4266.43,4265.83,,,BUY,USD,1,1,1583663
D#1702447,XAUUSD,100,288230376153375243,288230376152532532,288230376159115376,288230376159115337,4,2026-06-09T17:22:57.000Z,2026-06-09T17:23:01.000Z,0.54,-0.6100000000000001,0.18,-0.36,0,0.01,4265.84,4266.16,,,BUY,USD,1,1,1583663
D#1702447,XAUUSD,100,288230376153375253,288230376152532540,288230376159115414,288230376159115389,4,2026-06-09T17:23:02.000Z,2026-06-09T17:23:06.000Z,-0.13,0.06,-0.49,-0.36,0,0.01,4266.5,4266.15,,,BUY,USD,1,1,1583663
D#1702447,XAUUSD,100,288230376153375258,288230376152532543,288230376159115442,288230376159115420,3,2026-06-09T17:23:07.000Z,2026-06-09T17:23:10.000Z,0.98,-1.05,0.62,-0.36,0,0.01,4266.32,4267.08,,,BUY,USD,1,1,1583663
D#1702447,XAUUSD,100,288230376153375264,288230376152532547,288230376159115469,288230376159115450,4,2026-06-09T17:23:11.000Z,2026-06-09T17:23:15.000Z,-0.19,0.12,-0.55,-0.36,0,0.01,4267.14,4266.73,,,BUY,USD,1,1,1583663
D#1702487,XAUUSD,100,288230376153375450,288230376152532630,288230376159116571,288230376159116282,46,2026-06-09T17:25:11.000Z,2026-06-09T17:25:57.000Z,-51.8,50.4,-58.8,-7,0,0.2,4266.8,4263.99,,,BUY,USD,1,1,1583663
D#1702487,XAUUSD,100,288230376153375544,288230376152532700,288230376159117190,288230376159117170,3,2026-06-09T17:27:28.000Z,2026-06-09T17:27:31.000Z,9.2,-10.6,2.2,-7,0,0.2,4264.37,4264.61,,,BUY,USD,1,1,1583663
D#1702577,XAUUSD,100,288230376153376199,288230376152532610,288230376159120955,288230376159116028,754,2026-06-09T17:24:36.000Z,2026-06-09T17:37:10.000Z,5.6,-6.3,2.1,-3.5,0,0.1,4265.71,4265.37,,,SELL,USD,1,1,1583663
D#1702487,XAUUSD,100,288230376153376464,288230376152532720,288230376159122874,288230376159117305,896,2026-06-09T17:27:43.000Z,2026-06-09T17:42:39.000Z,-12.6,11.2,-19.6,-7,0,0.2,4265.3,4264.45,,,BUY,USD,1,1,1583663
D#1702447,XAUUSD,100,288230376153376828,288230376152532557,288230376159124610,288230376159115578,1418,2026-06-09T17:23:32.000Z,2026-06-09T17:47:10.000Z,-222.4,219.6,-236.4,-14,0,0.4,4265.81,4260.03,,4276.81,BUY,USD,1,1,1583663
D#1702744,XAUUSD,100,288230376153377009,288230376152531592,288230376159106695,288230376159106363,2881,2026-06-09T17:01:26.000Z,2026-06-09T17:49:27.000Z,1.7,-2.4,-1.8,-3.5,0,0.1,4257.49,4257.44,4257.73,4297.52,BUY,USD,1,1,1583663
D#1702634,XAUUSD,100,288230376153377075,288230376152533297,288230376159125809,288230376159123945,266,2026-06-09T17:45:33.000Z,2026-06-09T17:49:59.000Z,45.95,-46.300000000000004,44.19,-1.76,0,0.05,4266.43,4257.46,4268.1,4255.39,SELL,USD,1,1,1583663
D#1670882,XAUUSD,100,288230376153377264,288230376152533273,288230376159126816,288230376159123679,461,2026-06-09T17:44:50.000Z,2026-06-09T17:52:31.000Z,42.4,-42.75,40.64,-1.76,0,0.05,4265.3,4257.04,4266.94,4253.32,SELL,USD,1,1,1583663
D#1702700,XAUUSD,100,288230376153377757,288230376152533357,288230376159130633,288230376159124663,941,2026-06-09T17:47:17.000Z,2026-06-09T18:02:58.000Z,20.5,-20.85,18.74,-1.76,0,0.05,4259.82,4263.7,4257.1,4273.49,BUY,USD,1,1,1583663
D#1702700,XAUUSD,100,288230376153377930,288230376152533871,288230376159131585,288230376159130662,143,2026-06-09T18:03:02.000Z,2026-06-09T18:05:25.000Z,0.75,-1.1,-1.01,-1.76,0,0.05,4262.82,4262.89,4266.59,4249.15,SELL,USD,1,1,1583663
D#1702700,XAUUSD,100,288230376153377978,288230376152533948,288230376159132148,288230376159131614,101,2026-06-09T18:05:32.000Z,2026-06-09T18:07:13.000Z,-3.75,3.4,-5.51,-1.76,0,0.05,4262.85,4261.88,4251.19,4301.27,BUY,USD,1,1,1583663
D#1702382,XAUUSD,100,288230376153378173,288230376152533330,288230376159133345,288230376159124428,1430,2026-06-09T17:46:44.000Z,2026-06-09T18:10:34.000Z,47.9,-48.6,44.4,-3.5,0,0.1,4260.69,4265.26,,,BUY,USD,1,1,1583663
D#1670973,XAUUSD,100,288230376153378541,288230376152533776,288230376159129586,288230376159129261,1191,2026-06-09T17:59:05.000Z,2026-06-09T18:18:56.000Z,-14.16,13.95,-15.22,-1.06,0,0.03,4264.18,4269.12,4268.29,,SELL,USD,1,1,1583663
D#1702700,XAUUSD,100,288230376153378664,288230376152533978,288230376159136429,288230376159132183,747,2026-06-09T18:07:19.000Z,2026-06-09T18:19:46.000Z,-52.78,52.29,-55.24,-2.46,0,0.07,4262.02,4269.78,4285.24,4223.29,SELL,USD,1,1,1583663
D#1702517,XAUUSD,100,288230376153378915,288230376152532062,288230376159110605,288230376159110599,4336,2026-06-09T17:11:25.000Z,2026-06-09T18:23:41.000Z,-72.35,72.0,-74.11,-1.76,0,0.05,4258.67,4273.36,4273.21,4240.19,SELL,USD,1,1,1583663
D#1702517,XAUUSD,100,288230376153379258,288230376152534563,288230376159140118,288230376159139944,32,2026-06-09T18:29:27.000Z,2026-06-09T18:29:59.000Z,2.4,-3.1,-1.1,-3.5,0,0.1,4270.86,4270.88,4264.81,4283.47,BUY,USD,1,1,1583663
D#1702634,XAUUSD,100,288230376153379300,288230376152534536,288230376159139814,288230376159139613,98,2026-06-09T18:28:39.000Z,2026-06-09T18:30:17.000Z,-7.66,7.5200000000000005,-8.36,-0.7,0,0.02,4270.07,4274.12,4273.7,4247.95,SELL,USD,1,1,1583663
D#1702487,XAUUSD,100,288230376153379318,288230376152534399,288230376159140297,288230376159137746,424,2026-06-09T18:23:21.000Z,2026-06-09T18:30:25.000Z,41.2,-42.6,34.2,-7,0,0.2,4271.36,4273.2,,,BUY,USD,1,1,1583663
D#1702409,XAUUSD,100,288230376153379408,288230376152534633,288230376159140944,288230376159140835,21,2026-06-09T18:31:55.000Z,2026-06-09T18:32:16.000Z,51.5,-55.0,34.0,-17.5,0,0.5,4271.59,4270.78,,,SELL,USD,1,1,1583663
D#1702409,XAUUSD,100,288230376153379436,288230376152534647,288230376159141148,288230376159141007,22,2026-06-09T18:32:28.000Z,2026-06-09T18:32:50.000Z,30.5,-34.0,13.0,-17.5,0,0.5,4270.12,4269.73,,,SELL,USD,1,1,1583663
D#1702409,XAUUSD,100,288230376153379518,288230376152534663,288230376159141958,288230376159141225,143,2026-06-09T18:33:04.000Z,2026-06-09T18:35:27.000Z,38.5,-42.0,21.0,-17.5,0,0.5,4269.69,4269.14,,,SELL,USD,1,1,1583663
D#1702409,XAUUSD,100,288230376153379534,288230376152534707,288230376159142080,288230376159142019,14,2026-06-09T18:35:39.000Z,2026-06-09T18:35:53.000Z,35,-38.5,17.5,-17.5,0,0.5,4269.74,4269.26,,,SELL,USD,1,1,1583663
D#1702409,XAUUSD,100,288230376153379551,288230376152534717,288230376159142195,288230376159142151,8,2026-06-09T18:36:07.000Z,2026-06-09T18:36:15.000Z,34.5,-38.0,17.0,-17.5,0,0.5,4269.45,4268.98,,,SELL,USD,1,1,1583663
D#1702409,XAUUSD,100,288230376153379673,288230376152534723,288230376159143395,288230376159142246,220,2026-06-09T18:36:25.000Z,2026-06-09T18:40:05.000Z,-8.5,5.0,-26.0,-17.5,0,0.5,4269.38,4269.77,,,SELL,USD,1,1,1583663
D#1702700,XAUUSD,100,288230376153380024,288230376152534287,288230376159136841,288230376159136517,1624,2026-06-09T18:20:00.000Z,2026-06-09T18:47:04.000Z,-55.44,54.879999999999995,-58.24,-2.8,0,0.08,4269.41,4262.26,4262.61,4300.69,BUY,USD,1,1,1583663
D#1702577,XAUUSD,100,288230376153380059,288230376152534615,288230376159145882,288230376159140587,982,2026-06-09T18:31:10.000Z,2026-06-09T18:47:32.000Z,86.2,-86.9,82.7,-3.5,0,0.1,4272.52,4264.12,,,SELL,USD,1,1,1583663
D#1702409,XAUUSD,100,288230376153380462,288230376152535127,288230376159148973,288230376159148387,97,2026-06-09T18:55:37.000Z,2026-06-09T18:57:14.000Z,-103.5,100.0,-121.0,-17.5,0,0.5,4267.19,4269.48,,,SELL,USD,1,1,1583663
D#1702409,XAUUSD,100,288230376153380515,288230376152535180,288230376159149333,288230376159149008,56,2026-06-09T18:57:19.000Z,2026-06-09T18:58:15.000Z,43,-46.5,25.5,-17.5,0,0.5,4269.3,4269.94,,,BUY,USD,1,1,1583663
D#1702409,XAUUSD,100,288230376153380559,288230376152535217,288230376159149547,288230376159149421,24,2026-06-09T18:58:27.000Z,2026-06-09T18:58:51.000Z,55,-58.5,37.5,-17.5,0,0.5,4270.38,4271.26,,,BUY,USD,1,1,1583663
D#1702409,XAUUSD,100,288230376153380618,288230376152535224,288230376159149996,288230376159149561,79,2026-06-09T18:58:55.000Z,2026-06-09T19:00:14.000Z,-68,64.5,-85.5,-17.5,0,0.5,4271.29,4269.71,,,BUY,USD,1,1,1583663
D#1702414,XAUUSD,100,288230376153381162,288230376152529238,288230376159153768,288230376159085652,10574,2026-06-09T16:15:27.000Z,2026-06-09T19:11:41.000Z,3.84,-4.12,2.44,-1.4,0,0.04,4261.05,4261.79,,,BUY,USD,1,1,1583663
D#1702700,XAUUSD,100,288230376153381181,288230376152535075,288230376159153841,288230376159147706,1097,2026-06-09T18:53:36.000Z,2026-06-09T19:11:53.000Z,-42.32,41.76,-45.12,-2.8,0,0.08,4267.57,4262.06,4257.31,4300.51,BUY,USD,1,1,1583663
D#1702700,XAUUSD,100,288230376153381197,288230376152535503,288230376159153967,288230376159153956,1,2026-06-09T19:12:12.000Z,2026-06-09T19:12:13.000Z,-0.96,0.3999999999999999,-3.76,-2.8,0,0.08,4262.54,4262.2,,,BUY,USD,1,1,1583663
D#1670864,XAUUSD,100,288230376153381219,288230376152534787,288230376159143380,288230376159143347,1973,2026-06-09T18:40:01.000Z,2026-06-09T19:12:54.000Z,80.1,-80.8,76.6,-3.5,0,0.1,4268.81,4261.02,4273.93,4260.92,SELL,USD,1,1,1583663
D#1702517,XAUUSD,100,288230376153381301,288230376152535402,288230376159152261,288230376159152257,451,2026-06-09T19:06:56.000Z,2026-06-09T19:14:27.000Z,38.75,-39.1,36.99,-1.76,0,0.05,4266.55,4259.02,4274.77,4258.97,SELL,USD,1,1,1583663
D#1702409,XAUUSD,100,288230376153381325,288230376152535247,288230376159154764,288230376159150020,862,2026-06-09T19:00:18.000Z,2026-06-09T19:14:40.000Z,529,-532.5,511.5,-17.5,0,0.5,4268.97,4258.61,,,SELL,USD,1,1,1583663
D#1702700,XAUUSD,100,288230376153381373,288230376152535506,288230376159154086,288230376159153992,180,2026-06-09T19:12:18.000Z,2026-06-09T19:15:18.000Z,-52.03,51.26,-55.89,-3.86,0,0.11,4262.27,4257.32,4257.43,,BUY,USD,1,1,1583663
D#1702700,XAUUSD,100,288230376153381791,288230376152535681,288230376159157603,288230376159156071,250,2026-06-09T19:18:05.000Z,2026-06-09T19:22:15.000Z,-33.12,32.279999999999994,-37.32,-4.2,0,0.12,4257.24,4254.26,4252.34,,BUY,USD,1,1,1583663
D#1702595,XAUUSD,100,288230376153381827,288230376152533800,288230376159131239,288230376159129571,4968,2026-06-09T17:59:55.000Z,2026-06-09T19:22:43.000Z,117.24,-118.08,113.04,-4.2,0,0.12,4262.86,4253.31,,4253.32,SELL,USD,1,1,1583663
D#1702700,XAUUSD,100,288230376153381927,288230376152535814,288230376159158653,288230376159157622,182,2026-06-09T19:22:18.000Z,2026-06-09T19:25:20.000Z,-27.72,26.88,-31.92,-4.2,0,0.12,4254.02,4256.55,4258.59,4232.27,SELL,USD,1,1,1583663
D#1702517,XAUUSD,100,288230376153382224,288230376152536012,288230376159160945,288230376159160718,37,2026-06-09T19:31:26.000Z,2026-06-09T19:32:03.000Z,-13.84,13.28,-16.64,-2.8,0,0.08,4257.02,4258.97,4262.24,4244.49,SELL,USD,1,1,1583663
D#1702517,XAUUSD,100,288230376153382877,288230376152536086,288230376159166229,288230376159161882,793,2026-06-09T19:34:58.000Z,2026-06-09T19:48:11.000Z,-26.97,26.759999999999998,-28.03,-1.06,0,0.03,4259.73,4250.52,4247.5,4274.27,BUY,USD,1,1,1583663
D#1702736,XAUUSD,100,288230376153383165,288230376152536305,288230376159165103,288230376159164932,418,2026-06-09T19:44:10.000Z,2026-06-09T19:51:08.000Z,-6.11,6.04,-6.47,-0.36,0,0.01,4251.02,4257.35,4257.26,4234.94,SELL,USD,1,1,1583663
D#1702634,XAUUSD,100,288230376153383576,288230376152536229,288230376159169925,288230376159163876,1084,2026-06-09T19:41:03.000Z,2026-06-09T19:59:07.000Z,70,-70.7,66.5,-3.5,0,0.1,4252.19,4258.97,4248.02,4262.92,BUY,USD,1,1,1583663
D#1670882,XAUUSD,100,288230376153383678,288230376152536231,288230376159170591,288230376159163895,1204,2026-06-09T19:41:06.000Z,2026-06-09T20:01:10.000Z,55,-55.7,51.5,-3.5,0,0.1,4252.35,4257.63,4248.96,4262.31,BUY,USD,1,1,1583663
D#1702517,XAUUSD,100,288230376153383771,288230376152536393,288230376159171145,288230376159166251,884,2026-06-09T19:48:13.000Z,2026-06-09T20:02:57.000Z,59.6,-60.300000000000004,56.1,-3.5,0,0.1,4250.9,4256.64,4247.53,4260.93,BUY,USD,1,1,1583663
D#1702414,XAUUSD,100,288230376153383787,288230376152535502,288230376159171357,288230376159153943,3091,2026-06-09T19:12:09.000Z,2026-06-09T20:03:40.000Z,20.68,-20.96,19.28,-1.4,0,0.04,4262.26,4257.31,,,SELL,USD,1,1,1583663
D#1702517,XAUUSD,100,288230376153384546,288230376152536996,288230376159179269,288230376159175530,1173,2026-06-09T20:19:58.000Z,2026-06-09T20:39:31.000Z,-15.4,14.700000000000001,-18.9,-3.5,0,0.1,4258.69,4260.45,4265.16,4251.95,SELL,USD,1,1,1583663
D#1702668,XAUUSD,100,288230376153384560,288230376152536787,288230376159179495,288230376159171327,2226,2026-06-09T20:03:34.000Z,2026-06-09T20:40:40.000Z,-185,181.5,-202.5,-17.5,0,0.5,4257.06,4260.98,,,SELL,USD,1,1,1583663
D#1702577,XAUUSD,100,288230376153384578,288230376152537136,288230376159179696,288230376159179207,152,2026-06-09T20:39:13.000Z,2026-06-09T20:41:45.000Z,12.7,-13.399999999999999,9.2,-3.5,0,0.1,4260.3,4261.35,,,BUY,USD,1,1,1583663
D#1702517,XAUUSD,100,288230376153385704,288230376152537713,288230376159186258,288230376159186154,30,2026-06-09T22:12:45.000Z,2026-06-09T22:13:15.000Z,0.8,-1.5,-2.7,-3.5,0,0.1,4255.89,4255.75,,,BUY,USD,1,1,1583663
D#1702517,XAUUSD,100,288230376153386494,288230376152537794,288230376159187293,288230376159187290,1224,2026-06-09T22:17:34.000Z,2026-06-09T22:37:58.000Z,-30.64,30.080000000000002,-33.44,-2.8,0,0.08,4255.05,4251,4251.36,4270.92,BUY,USD,1,1,1583663
D#1702530,XAUUSD,100,288230376153386781,288230376152536020,288230376159162086,288230376159160816,11508,2026-06-09T19:31:43.000Z,2026-06-09T22:43:31.000Z,-95.8,95.1,-99.3,-3.5,0,0.1,4258.25,4248.45,4248.86,4270.31,BUY,USD,1,1,1583663
D#1670864,XAUUSD,100,288230376153386938,288230376152535751,288230376159156851,288230376159156781,12327,2026-06-09T19:20:09.000Z,2026-06-09T22:45:36.000Z,81.1,-81.8,77.6,-3.5,0,0.1,4254.27,4246.38,4266.75,4246.41,SELL,USD,1,1,1583663
D#1702595,XAUUSD,100,288230376153386993,288230376152535913,288230376159159957,288230376159159144,11974,2026-06-09T19:26:41.000Z,2026-06-09T22:46:15.000Z,110.76,-111.60000000000001,106.56,-4.2,0,0.12,4254.62,4245.61,,4245.53,SELL,USD,1,1,1583663
D#1670955,XAUUSD,100,288230376153387106,288230376152532140,288230376159195026,288230376159111602,19995,2026-06-09T17:14:06.000Z,2026-06-09T22:47:21.000Z,-232.54,231.76999999999998,-236.4,-3.86,0,0.11,4262.43,4241.07,,,BUY,USD,1,1,1583663
D#1671051,XAUUSD,100,288230376153387282,288230376152532047,288230376159196011,288230376159110449,20347,2026-06-09T17:11:03.000Z,2026-06-09T22:50:10.000Z,-187.5,186.8,-191.0,-3.5,0,0.1,4259.46,4240.49,4236.54,4300.4,BUY,USD,1,1,1583663
D#1645648,XAUUSD,100,288230376153387482,288230376152536829,288230376159196646,288230376159171926,9984,2026-06-09T20:05:26.000Z,2026-06-09T22:51:50.000Z,-275.99,275.22,-279.85,-3.86,0,0.11,4259.8,4234.49,,4270.87,BUY,USD,1,1,1583663
D#1702634,XAUUSD,100,288230376153388571,288230376152539061,288230376159203292,288230376159201544,386,2026-06-09T23:06:57.000Z,2026-06-09T23:13:23.000Z,79.3,-80.0,75.8,-3.5,0,0.1,4246.02,4238.31,4250.6,4233.36,SELL,USD,1,1,1583663
D#1702717,XAUUSD,100,288230376153388970,288230376152529510,288230376159088670,288230376159087880,25098,2026-06-09T16:19:44.000Z,2026-06-09T23:18:02.000Z,28.22,-28.29,27.86,-0.36,0,0.01,4255.86,4227.86,4290.19,4228.79,SELL,USD,1,1,1583663
D#1670924,XAUUSD,100,288230376153389321,288230376152539495,288230376159206795,288230376159205953,169,2026-06-09T23:20:52.000Z,2026-06-09T23:23:41.000Z,-42,41.58,-44.1,-2.1,0,0.06,4234.58,4227.36,4207.17,4300.04,BUY,USD,1,1,1583663
D#1702535,XAUUSD,100,288230376153390468,288230376152530182,288230376159213362,288230376159094570,25736,2026-06-09T16:36:14.000Z,2026-06-09T23:45:10.000Z,-243.4,243.05,-245.16,-1.76,0,0.05,4265.78,4216.88,,4290,BUY,USD,1,1,1583663
D#1702558,XAUUSD,100,288230376153390915,288230376152538422,288230376159194927,288230376159127460,3874,2026-06-09T22:47:08.000Z,2026-06-09T23:51:42.000Z,-520.8,519.68,-526.4,-5.6,0,0.16,4244.13,4211.36,4211.47,4251.6,BUY,USD,1,1,1583663
D#1702558,XAUUSD,100,288230376153391447,288230376152540639,288230376159220355,288230376159219891,74,2026-06-10T00:00:26.000Z,2026-06-10T00:01:40.000Z,-19.98,18.72,-26.28,-6.3,0,0.18,4222.44,4221.11,4189.78,4226.91,BUY,USD,1,1,1583663
D#1702727,XAUUSD,100,288230376153393562,288230376152525791,288230376159232481,288230376159059365,32940,2026-06-09T15:25:10.000Z,2026-06-10T00:34:10.000Z,-468.24,467.82,-470.34,-2.1,0,0.06,4286.54,4208.28,,4309.99,BUY,USD,1,1,1583663
D#1702414,XAUUSD,100,288230376153393836,288230376152536795,288230376159233703,288230376159171454,16402,2026-06-09T20:03:58.000Z,2026-06-10T00:37:20.000Z,-498.24,497.61,-501.4,-3.16,0,0.09,4258.57,4202.99,,,BUY,USD,1,1,1583663
