accountId,instrument,lotSize,closeTradeId,positionId,closeOrderId,openOrderId,durationSec,openDateTime,closeDateTime,profit,reverseProfit,netProfit,commission,swap,amount,openPrice,closePrice,slPrice,tpPrice,side,currency,openTradeCrossPrice,closeTradeCrossPrice,userGroupId
D#1702666,XAUUSD,100,7349874591906907716,7349874591887093271,7349874591973957296,7349874591973956912,120,2026-04-17T01:00:02.000Z,2026-04-17T01:02:02.000Z,-200,196.5,-217.5,-17.5,0,0.5,4794.77,4790.55,4784.43,4825.22,BUY,USD,1,1,1583663
D#1645749,XAUUSD,100,7349874591906907810,7349874591887093306,7349874591973957156,7349874591973956926,145,2026-04-17T01:01:18.000Z,2026-04-17T01:03:43.000Z,-27.2,26.5,-30.7,-3.5,0,0.1,4792.2,4789.26,4789.37,4797.85,BUY,USD,1,1,1583663
D#1702457,XAUUSD,100,7349874591906907820,7349874591887093350,7349874591973957661,7349874591973957653,26,2026-04-17T01:03:32.000Z,2026-04-17T01:03:58.000Z,-24.3,22.2,-34.8,-10.5,0,0.3,4790.07,4789.04,4789.11,,BUY,USD,1,1,1583663
D#1702443,XAUUSD,100,7349874591906907857,7349874591887093320,7349874591973957484,7349874591973957282,154,2026-04-17T01:01:58.000Z,2026-04-17T01:04:32.000Z,-43.12,42.35,-46.98,-3.86,0,0.11,4791.49,4787.35,4787.61,4801.22,BUY,USD,1,1,1583663
D#1614595,XAUUSD,100,7349874591906907903,7349874591887093339,7349874591973957989,7349874591973957537,147,2026-04-17T01:02:52.000Z,2026-04-17T01:05:19.000Z,-67,65.6,-74,-7,0,0.2,4791.87,4788.3,,,BUY,USD,1,1,1583663
D#1671069,XAUUSD,100,7349874591906908037,7349874591887093391,7349874591973958521,7349874591973958016,168,2026-04-17T01:05:29.000Z,2026-04-17T01:08:17.000Z,-19.58,18.81,-23.44,-3.86,0,0.11,4788.01,4790.01,,,SELL,USD,1,1,1583663
D#1670989,XAUUSD,100,7349874591906908117,7349874591887093379,7349874591973958141,7349874591973957949,277,2026-04-17T01:05:00.000Z,2026-04-17T01:09:37.000Z,-32.4,31.7,-35.9,-3.5,0,0.1,4789,4785.54,4785.45,,BUY,USD,1,1,1583663
D#1702443,XAUUSD,100,7349874591906908129,7349874591887093377,7349874591973958232,7349874591973957933,285,2026-04-17T01:04:54.000Z,2026-04-17T01:09:39.000Z,-49.17,48.4,-53.03,-3.86,0,0.11,4789.11,4784.42,4784.96,4804.11,BUY,USD,1,1,1583663
D#1702457,XAUUSD,100,7349874591906908133,7349874591887093396,7349874591973958054,7349874591973957906,234,2026-04-17T01:05:45.000Z,2026-04-17T01:09:39.000Z,-74.4,72.3,-84.9,-10.5,0,0.3,4787.07,4784.37,4785.12,4793.93,BUY,USD,1,1,1583663
D#1702568,XAUUSD,100,7349874591906908184,7349874591887093418,7349874591973958265,7349874591973958182,207,2026-04-17T01:06:16.000Z,2026-04-17T01:09:43.000Z,-53.2,52.5,-56.7,-3.5,0,0.1,4788.93,4783.39,4783.69,4801.05,BUY,USD,1,1,1583663
D#1702497,XAUUSD,100,7349874591906908213,7349874591887093486,7349874591973958851,7349874591973958724,17,2026-04-17T01:09:35.000Z,2026-04-17T01:09:52.000Z,31.6,-33.0,24.6,-7,0,0.2,4786.28,4784.92,,,SELL,USD,1,1,1583663
D#1670988,XAUUSD,100,7349874591906908279,7349874591887093333,7349874591973957499,7349874591973957393,486,2026-04-17T01:02:22.000Z,2026-04-17T01:10:28.000Z,100.8,-101.5,97.3,-3.5,0,0.1,4790.79,4780.93,,4781.9,SELL,USD,1,1,1583663
D#1702489,XAUUSD,100,7349874591906908274,7349874591887093471,7349874591973958783,7349874591973958595,107,2026-04-17T01:08:41.000Z,2026-04-17T01:10:28.000Z,-85.9,85.2,-89.4,-3.5,0,0.1,4789.51,4780.7,4782.05,4804.17,BUY,USD,1,1,1583663
D#1614595,XAUUSD,100,7349874591906908332,7349874591887093389,7349874591973959088,7349874591973958012,314,2026-04-17T01:05:27.000Z,2026-04-17T01:10:41.000Z,-117.6,116.2,-124.6,-7,0,0.2,4787.91,4781.81,,4824.59,BUY,USD,1,1,1583663
D#1671069,XAUUSD,100,7349874591906908340,7349874591887093475,7349874591973959112,7349874591973958631,106,2026-04-17T01:09:01.000Z,2026-04-17T01:10:47.000Z,-111.28,110.37,-115.84,-4.56,0,0.13,4790.09,4781.31,,,BUY,USD,1,1,1583663
D#1702424,XAUUSD,100,7349874591906908360,7349874591887093430,7349874591973959191,7349874591973958254,250,2026-04-17T01:06:51.000Z,2026-04-17T01:11:01.000Z,68.5,-69.2,65,-3.5,0,0.1,4789.69,4783.06,,,SELL,USD,1,1,1583663
D#1702497,XAUUSD,100,7349874591906908455,7349874591887093546,7349874591973959388,7349874591973959063,63,2026-04-17T01:10:37.000Z,2026-04-17T01:11:40.000Z,0.4,-1.8,-6.6,-7,0,0.2,4780.66,4780.86,,,SELL,USD,1,1,1583663
D#1671069,XAUUSD,100,7349874591906908480,7349874591887093569,7349874591973959458,7349874591973959186,52,2026-04-17T01:10:59.000Z,2026-04-17T01:11:51.000Z,-103.29,100.98,-114.85,-11.56,0,0.33,4782.67,4779.32,,,BUY,USD,1,1,1583663
D#1702457,XAUUSD,100,7349874591906908526,7349874591887093517,7349874591973959583,7349874591973958900,129,2026-04-17T01:10:02.000Z,2026-04-17T01:12:11.000Z,-157.2,155.1,-167.7,-10.5,0,0.3,4783.17,4777.71,,4791.19,BUY,USD,1,1,1583663
D#1702407,XAUUSD,100,7349874591906908731,7349874591887093583,7349874591973959747,7349874591973959293,57,2026-04-17T01:11:25.000Z,2026-04-17T01:12:22.000Z,-210.75,209.7,-216.01,-5.26,0,0.15,4783.61,4769.34,,4791.04,BUY,USD,1,1,1583663
D#1702424,XAUUSD,100,7349874591906908756,7349874591887093637,7349874591973959775,7349874591973959571,17,2026-04-17T01:12:09.000Z,2026-04-17T01:12:26.000Z,-60.2,59.5,-63.7,-3.5,0,0.1,4777.99,4771.75,,,BUY,USD,1,1,1583663
D#1702424,XAUUSD,100,7349874591906908854,7349874591887093729,7349874591973960062,7349874591973959971,20,2026-04-17T01:12:51.000Z,2026-04-17T01:13:11.000Z,-30.1,29.4,-33.6,-3.5,0,0.1,4777.12,4780.35,,,SELL,USD,1,1,1583663
D#1702424,XAUUSD,100,7349874591906909056,7349874591887093745,7349874591973960897,7349874591973960087,208,2026-04-17T01:13:17.000Z,2026-04-17T01:16:45.000Z,-52.3,51.6,-55.8,-3.5,0,0.1,4778.42,4783.87,,,SELL,USD,1,1,1583663
D#1702568,XAUUSD,100,7349874591906909213,7349874591887093735,7349874591973960226,7349874591973960019,489,2026-04-17T01:13:03.000Z,2026-04-17T01:21:12.000Z,12.8,-13.5,9.3,-3.5,0,0.1,4779.52,4780.58,4780.81,4799.93,BUY,USD,1,1,1583663
D#1670981,XAUUSD,100,7349874591906909233,7349874591887093914,7349874591973961585,7349874591973961394,75,2026-04-17T01:20:08.000Z,2026-04-17T01:21:23.000Z,-24.6,23.9,-28.1,-3.5,0,0.1,4782.59,4779.91,,,BUY,USD,1,1,1583663
D#1670989,XAUUSD,100,7349874591906909263,7349874591887093774,7349874591973960873,7349874591973960292,467,2026-04-17T01:14:11.000Z,2026-04-17T01:21:58.000Z,-24.2,23.5,-27.7,-3.5,0,0.1,4780.63,4777.99,4777.92,,BUY,USD,1,1,1583663
D#1589405,XAUUSD,100,7349874591906909295,7349874591887093861,7349874591973961735,7349874591973960963,297,2026-04-17T01:17:13.000Z,2026-04-17T01:22:10.000Z,-153.4,152.0,-160.4,-7,0,0.2,4784.75,4776.86,,,BUY,USD,1,1,1583663
D#1670958,XAUUSD,100,7349874591906909311,7349874591887093919,7349874591973961781,7349874591973961441,114,2026-04-17T01:20:29.000Z,2026-04-17T01:22:23.000Z,-138.6,136.5,-149.1,-10.5,0,0.3,4782.03,4777.19,,,BUY,USD,1,1,1583663
D#1670981,XAUUSD,100,7349874591906909320,7349874591887093965,7349874591973961834,7349874591973961709,28,2026-04-17T01:22:05.000Z,2026-04-17T01:22:33.000Z,15.1,-15.8,11.6,-3.5,0,0.1,4777.08,4775.79,,,SELL,USD,1,1,1583663
D#1702737,XAUUSD,100,7349874591906909325,7349874591887093947,7349874591973961845,7349874591973961595,69,2026-04-17T01:21:27.000Z,2026-04-17T01:22:36.000Z,39.9,-40.6,36.4,-3.5,0,0.1,4779.93,4776.16,,,SELL,USD,1,1,1583663
D#1702563,XAUUSD,100,7349874591906909328,7349874591887093839,7349874591973961854,7349874591973960808,381,2026-04-17T01:16:17.000Z,2026-04-17T01:22:38.000Z,75.8,-76.5,72.3,-3.5,0,0.1,4783.48,4776.12,,,SELL,USD,1,1,1583663
D#1702424,XAUUSD,100,7349874591906909339,7349874591887093854,7349874591973961922,7349874591973960910,365,2026-04-17T01:16:50.000Z,2026-04-17T01:22:55.000Z,83.4,-84.1,79.9,-3.5,0,0.1,4783.75,4775.63,,,SELL,USD,1,1,1583663
D#1702443,XAUUSD,100,7349874591906909398,7349874591887093555,7349874591973962146,7349874591973959101,787,2026-04-17T01:10:44.000Z,2026-04-17T01:23:51.000Z,-93.61,92.84,-97.47,-3.86,0,0.11,4781.96,4773.23,,,BUY,USD,1,1,1583663
D#1702695,XAUUSD,100,7349874591906909433,7349874591887094029,7349874591973962283,7349874591973962169,33,2026-04-17T01:23:57.000Z,2026-04-17T01:24:30.000Z,3.8,-4.15,2.04,-1.76,0,0.05,4773.73,4773.19,,,SELL,USD,1,1,1583663
D#1589405,XAUUSD,100,7349874591906909444,7349874591887093990,7349874591973962354,7349874591973961838,139,2026-04-17T01:22:34.000Z,2026-04-17T01:24:53.000Z,27.4,-28.1,23.9,-3.5,0,0.1,4776.61,4774.09,,,SELL,USD,1,1,1583663
D#1702424,XAUUSD,100,7349874591906909513,7349874591887094033,7349874591973962683,7349874591973962188,164,2026-04-17T01:24:05.000Z,2026-04-17T01:26:49.000Z,94.5,-96.6,84,-10.5,0,0.3,4772.68,4775.61,,,BUY,USD,1,1,1583663
D#1702695,XAUUSD,100,7349874591906909551,7349874591887094050,7349874591973962821,7349874591973962333,180,2026-04-17T01:24:48.000Z,2026-04-17T01:27:48.000Z,-1,0.65,-2.76,-1.76,0,0.05,4773.69,4773.27,,4779.73,BUY,USD,1,1,1583663
D#1670958,XAUUSD,100,7349874591906909555,7349874591887094069,7349874591973962838,7349874591973962456,149,2026-04-17T01:25:22.000Z,2026-04-17T01:27:51.000Z,-92.25,89.1,-108.01,-15.76,0,0.45,4775.35,4773.08,,4779,BUY,USD,1,1,1583663
D#1702737,XAUUSD,100,7349874591906909568,7349874591887094082,7349874591973962638,7349874591973962576,118,2026-04-17T01:26:02.000Z,2026-04-17T01:28:00.000Z,44.6,-45.3,41.1,-3.5,0,0.1,4776,4771.76,,4771.56,SELL,USD,1,1,1583663
D#1702568,XAUUSD,100,7349874591906909591,7349874591887094060,7349874591973962415,7349874591973962414,178,2026-04-17T01:25:09.000Z,2026-04-17T01:28:07.000Z,-55.9,55.2,-59.4,-3.5,0,0.1,4775.28,4769.47,4769.35,4800.49,BUY,USD,1,1,1583663
D#1702497,XAUUSD,100,7349874591906909595,7349874591887094007,7349874591973962919,7349874591973961962,306,2026-04-17T01:23:03.000Z,2026-04-17T01:28:09.000Z,77.8,-79.2,74.3,-3.5,0,0.2,4774.78,4771.11,,,SELL,USD,1,1,1583663
D#1670989,XAUUSD,100,7349874591906909631,7349874591887094053,7349874591973962631,7349874591973962384,218,2026-04-17T01:25:02.000Z,2026-04-17T01:28:40.000Z,-53.2,52.5,-56.7,-3.5,0,0.1,4774.56,4769.02,4769.21,,BUY,USD,1,1,1583663
D#1702730,XAUUSD,100,7349874591906909666,7349874591887093956,7349874591973961911,7349874591973961660,417,2026-04-17T01:21:56.000Z,2026-04-17T01:28:53.000Z,104.4,-105.1,100.9,-3.5,0,0.1,4778.48,4768.26,4778.54,4768.06,SELL,USD,1,1,1583663
D#1702741,XAUUSD,100,7349874591906909688,7349874591887093810,7349874591973963186,7349874591973960523,843,2026-04-17T01:15:07.000Z,2026-04-17T01:29:10.000Z,-198,196.74,-204.3,-6.3,0,0.18,4779.37,4768.15,,,BUY,USD,1,1,1583663
D#1702529,XAUUSD,100,7349874591906909741,7349874591887093668,7349874591973959713,7349874591973342352,1073,2026-04-17T01:12:20.000Z,2026-04-17T01:30:13.000Z,-7.98,7.77,-9.04,-1.06,0,0.03,4770.55,4767.67,4767.91,4786.9,BUY,USD,1,1,1583663
D#1670981,XAUUSD,100,7349874591906909811,7349874591887094059,7349874591973963707,7349874591973962406,397,2026-04-17T01:25:07.000Z,2026-04-17T01:31:44.000Z,6,-6.7,2.5,-3.5,0,0.1,4775.25,4775.63,,4781.33,BUY,USD,1,1,1583663
D#1670981,XAUUSD,100,7349874591906909904,7349874591887094269,7349874591973964178,7349874591973963994,73,2026-04-17T01:33:04.000Z,2026-04-17T01:34:17.000Z,-23.1,22.4,-26.6,-3.5,0,0.1,4773.71,4771.18,,,BUY,USD,1,1,1583663
D#1670926,XAUUSD,100,7349874591906909938,7349874591887094256,7349874591973964327,7349874591973963872,157,2026-04-17T01:32:29.000Z,2026-04-17T01:35:06.000Z,54.6,-56.0,47.6,-7,0,0.2,4772.89,4775.4,4770.13,4776.36,BUY,USD,1,1,1583663
D#1702434,XAUUSD,100,7349874591906909939,7349874591887094282,7349874591973964153,7349874591973964090,85,2026-04-17T01:33:41.000Z,2026-04-17T01:35:06.000Z,-128.4,126.3,-138.9,-10.5,0,0.3,4771.32,4775.82,4775.7,4767.82,SELL,USD,1,1,1583663
D#1702434,XAUUSD,100,7349874591906909966,7349874591887094322,7349874591973964448,7349874591973964420,11,2026-04-17T01:35:32.000Z,2026-04-17T01:35:43.000Z,-13.5,11.4,-24,-10.5,0,0.3,4774.73,4775.4,,,SELL,USD,1,1,1583663
D#1670926,XAUUSD,100,7349874591906909967,7349874591887094315,7349874591973964454,7349874591973964365,32,2026-04-17T01:35:18.000Z,2026-04-17T01:35:50.000Z,-44,41.2,-58,-14,0,0.4,4775.3,4776.62,4776.2,4773.27,SELL,USD,1,1,1583663
D#1670981,XAUUSD,100,7349874591906909987,7349874591887094289,7349874591973964560,7349874591973964187,115,2026-04-17T01:34:21.000Z,2026-04-17T01:36:16.000Z,-48.3,47.6,-51.8,-3.5,0,0.1,4771.45,4776.5,,,SELL,USD,1,1,1583663
D#1670941,XAUUSD,100,7349874591906909991,7349874591887094290,7349874591973964569,7349874591973964197,115,2026-04-17T01:34:25.000Z,2026-04-17T01:36:20.000Z,-208.8,206.0,-222.8,-14,0,0.4,4771.15,4776.59,,,SELL,USD,1,1,1583663
D#1702434,XAUUSD,100,7349874591906910052,7349874591887094325,7349874591973964847,7349874591973964473,118,2026-04-17T01:35:53.000Z,2026-04-17T01:37:51.000Z,-31.5,29.4,-42,-10.5,0,0.3,4776.6,4775.33,4772.36,4779.78,BUY,USD,1,1,1583663
D#1670926,XAUUSD,100,7349874591906910060,7349874591887094342,7349874591973964866,7349874591973964623,83,2026-04-17T01:36:35.000Z,2026-04-17T01:37:58.000Z,59.6,-62.4,45.6,-14,0,0.4,4776.4,4775.13,,4774.07,SELL,USD,1,1,1583663
D#1670981,XAUUSD,100,7349874591906910086,7349874591887094369,7349874591973965017,7349874591973964878,58,2026-04-17T01:38:02.000Z,2026-04-17T01:39:00.000Z,-4.55,4.2,-6.31,-1.76,0,0.05,4775.12,4776.25,,,SELL,USD,1,1,1583663
D#1670981,XAUUSD,100,7349874591906910103,7349874591887094392,7349874591973965107,7349874591973965050,18,2026-04-17T01:39:15.000Z,2026-04-17T01:39:33.000Z,25.4,-26.8,18.4,-7,0,0.2,4775.14,4774.09,,,SELL,USD,1,1,1583663
D#1670926,XAUUSD,100,7349874591906910105,7349874591887094385,7349874591973965119,7349874591973964962,68,2026-04-17T01:38:32.000Z,2026-04-17T01:39:40.000Z,76.4,-79.2,62.4,-14,0,0.4,4775.89,4774.2,,4773.36,SELL,USD,1,1,1583663
D#1670981,XAUUSD,100,7349874591906910119,7349874591887094402,7349874591973965210,7349874591973965155,17,2026-04-17T01:40:02.000Z,2026-04-17T01:40:19.000Z,9.6,-11.0,2.6,-7,0,0.2,4774.81,4775.07,,,BUY,USD,1,1,1583663
D#1702373,XAUUSD,100,7349874591906910133,7349874591887093746,7349874591973965276,7349874591973960093,1652,2026-04-17T01:13:20.000Z,2026-04-17T01:40:52.000Z,9.9,-10.11,8.84,-1.06,0,0.03,4778.73,4775.65,4785.48,4750.46,SELL,USD,1,1,1583663
D#1702730,XAUUSD,100,7349874591906910155,7349874591887094310,7349874591973964602,7349874591973964331,393,2026-04-17T01:35:07.000Z,2026-04-17T01:41:40.000Z,-33.74,32.76,-38.64,-4.9,0,0.14,4775.56,4772.93,4773.01,4782.88,BUY,USD,1,1,1583663
D#1670926,XAUUSD,100,7349874591906910158,7349874591887094422,7349874591973965401,7349874591973965304,36,2026-04-17T01:41:08.000Z,2026-04-17T01:41:44.000Z,-101.6,98.8,-115.6,-14,0,0.4,4775.36,4772.6,,4777.06,BUY,USD,1,1,1583663
D#1670981,XAUUSD,100,7349874591906910213,7349874591887094460,7349874591973965700,7349874591973965619,25,2026-04-17T01:43:01.000Z,2026-04-17T01:43:26.000Z,10.4,-11.8,3.4,-7,0,0.2,4775.2,4775.5,,,BUY,USD,1,1,1583663
D#1670926,XAUUSD,100,7349874591906910219,7349874591887094457,7349874591973965657,7349874591973965588,50,2026-04-17T01:42:51.000Z,2026-04-17T01:43:41.000Z,-91.6,88.8,-105.6,-14,0,0.4,4774.11,4776.62,4776.21,4771.5,SELL,USD,1,1,1583663
D#1671089,XAUUSD,100,7349874591906910248,7349874591887094287,7349874591973965849,7349874591973964177,629,2026-04-17T01:34:16.000Z,2026-04-17T01:44:45.000Z,-63.8,63.1,-67.3,-3.5,0,0.1,4771.17,4777.77,,4765.7,SELL,USD,1,1,1583663
D#1670981,XAUUSD,100,7349874591906910270,7349874591887094468,7349874591973965907,7349874591973965753,73,2026-04-17T01:43:52.000Z,2026-04-17T01:45:05.000Z,-56.8,55.4,-63.8,-7,0,0.2,4775.35,4778.41,,,SELL,USD,1,1,1583663
D#1670926,XAUUSD,100,7349874591906910274,7349874591887094470,7349874591973965790,7349874591973965762,66,2026-04-17T01:44:00.000Z,2026-04-17T01:45:06.000Z,-46,44.6,-53,-7,0,0.2,4775.98,4778.5,4778.43,4772.51,SELL,USD,1,1,1583663
D#1702695,XAUUSD,100,7349874591906910286,7349874591887094357,7349874591973965945,7349874591973964747,484,2026-04-17T01:37:14.000Z,2026-04-17T01:45:18.000Z,10.3,-10.65,8.54,-1.76,0,0.05,4776.83,4778.67,,,BUY,USD,1,1,1583663
D#1671086,XAUUSD,100,7349874591906910291,7349874591887094246,7349874591973963896,7349874591973963817,791,2026-04-17T01:32:12.000Z,2026-04-17T01:45:23.000Z,79.9,-80.6,76.4,-3.5,0,0.1,4771.38,4779.15,,4779,BUY,USD,1,1,1583663
D#1589405,XAUUSD,100,7349874591906910364,7349874591887094057,7349874591973966288,7349874591973962401,1345,2026-04-17T01:25:05.000Z,2026-04-17T01:47:30.000Z,17.1,-17.8,13.6,-3.5,0,0.1,4774.5,4775.99,,,BUY,USD,1,1,1583663
D#1702727,XAUUSD,100,7349874591906910380,7349874591887094540,7349874591973966336,7349874591973966266,29,2026-04-17T01:47:22.000Z,2026-04-17T01:47:51.000Z,0.4,-0.47,0.04,-0.36,0,0.01,4776.9,4777.08,,4777.14,BUY,USD,1,1,1583663
D#1670926,XAUUSD,100,7349874591906910382,7349874591887094555,7349874591973966362,7349874591973966341,12,2026-04-17T01:47:46.000Z,2026-04-17T01:47:58.000Z,22.4,-23.8,15.4,-7,0,0.2,4776.45,4777.35,,,BUY,USD,1,1,1583663
D#1670981,XAUUSD,100,7349874591906910389,7349874591887094558,7349874591973966394,7349874591973966372,6,2026-04-17T01:48:03.000Z,2026-04-17T01:48:09.000Z,12,-15.5,-5.5,-17.5,0,0.5,4777.28,4777.3,,,BUY,USD,1,1,1583663
D#1702727,XAUUSD,100,7349874591906910417,7349874591887094560,7349874591973966502,7349874591973966383,47,2026-04-17T01:48:04.000Z,2026-04-17T01:48:51.000Z,1,-1.07,0.64,-0.36,0,0.01,4777.35,4778.13,,,BUY,USD,1,1,1583663
D#1670926,XAUUSD,100,7349874591906910493,7349874591887094580,7349874591973966778,7349874591973966520,91,2026-04-17T01:48:58.000Z,2026-04-17T01:50:29.000Z,-47,45.6,-54,-7,0,0.2,4778.55,4781.12,,4774.78,SELL,USD,1,1,1583663
D#1702727,XAUUSD,100,7349874591906910491,7349874591887094606,7349874591973966771,7349874591973966664,45,2026-04-17T01:49:44.000Z,2026-04-17T01:50:29.000Z,13.32,-13.74,11.22,-2.1,0,0.06,4778.88,4780.88,,,BUY,USD,1,1,1583663
D#1670989,XAUUSD,100,7349874591906910507,7349874591887094197,7349874591973964840,7349874591973963360,1228,2026-04-17T01:30:04.000Z,2026-04-17T01:50:32.000Z,122.7,-123.4,119.2,-3.5,0,0.1,4769.35,4781.4,4769.59,4781.34,BUY,USD,1,1,1583663
D#1702362,XAUUSD,100,7349874591906910505,7349874591887094477,7349874591973966710,7349874591973965812,366,2026-04-17T01:44:26.000Z,2026-04-17T01:50:32.000Z,43,-43.7,39.5,-3.5,0,0.1,4777.32,4781.4,,4781.44,BUY,USD,1,1,1583663
D#1702520,XAUUSD,100,7349874591906910516,7349874591887094441,7349874591973966825,7349874591973965444,520,2026-04-17T01:42:01.000Z,2026-04-17T01:50:41.000Z,-239.4,237.3,-249.9,-10.5,0,0.3,4772.94,4781.14,,4765,SELL,USD,1,1,1583663
D#1670926,XAUUSD,100,7349874591906910515,7349874591887094625,7349874591973966824,7349874591973966816,4,2026-04-17T01:50:37.000Z,2026-04-17T01:50:41.000Z,-1.4,0.0,-8.4,-7,0,0.2,4780.85,4781.14,,,SELL,USD,1,1,1583663
D#1670981,XAUUSD,100,7349874591906910562,7349874591887094632,7349874591973966976,7349874591973966869,40,2026-04-17T01:51:01.000Z,2026-04-17T01:51:41.000Z,-41,37.5,-58.5,-17.5,0,0.5,4781.31,4782.35,,,SELL,USD,1,1,1583663
D#1702500,XAUUSD,100,7349874591906910569,7349874591887094073,7349874591973962541,7349874591973962478,1571,2026-04-17T01:25:31.000Z,2026-04-17T01:51:42.000Z,82.72,-83.49,78.86,-3.86,0,0.11,4775.56,4782.86,,4782.72,BUY,USD,1,1,1583663
D#1702695,XAUUSD,100,7349874591906910572,7349874591887094577,7349874591973966662,7349874591973966496,177,2026-04-17T01:48:46.000Z,2026-04-17T01:51:43.000Z,30.36,-30.78,28.26,-2.1,0,0.06,4778.43,4783.27,,4783.09,BUY,USD,1,1,1583663
D#1702543,XAUUSD,100,7349874591906910611,7349874591887094387,7349874591973967098,7349874591973964999,809,2026-04-17T01:38:52.000Z,2026-04-17T01:52:21.000Z,427,-430.5,409.5,-17.5,0,0.5,4776,4784.32,4772.05,4784.94,BUY,USD,1,1,1583663
D#1702373,XAUUSD,100,7349874591906910629,7349874591887094419,7349874591973965352,7349874591973965283,685,2026-04-17T01:40:57.000Z,2026-04-17T01:52:22.000Z,-49.65,49.3,-51.41,-1.76,0,0.05,4775.48,4785.63,4785.48,4755.94,SELL,USD,1,1,1583663
D#1702737,XAUUSD,100,7349874591906910622,7349874591887094480,7349874591973965947,7349874591973965831,466,2026-04-17T01:44:36.000Z,2026-04-17T01:52:22.000Z,-76.7,76.0,-80.2,-3.5,0,0.1,4777.56,4785.45,4785,4772.68,SELL,USD,1,1,1583663
D#1671080,XAUUSD,100,7349874591906910634,7349874591887093577,7349874591973959296,7349874591973959247,2470,2026-04-17T01:11:13.000Z,2026-04-17T01:52:23.000Z,-11.2,10.92,-12.6,-1.4,0,0.04,4783.58,4786.6,4785.57,4751.85,SELL,USD,1,1,1583663
D#1702579,XAUUSD,100,7349874591906910636,7349874591887093985,7349874591973961825,7349874591973961821,1791,2026-04-17T01:22:32.000Z,2026-04-17T01:52:23.000Z,105.5,-106.2,102,-3.5,0,0.1,4776.16,4786.49,4767.48,4786.06,BUY,USD,1,1,1583663
D#1702498,XAUUSD,100,7349874591906910691,7349874591887094298,7349874591973967265,7349874591973964276,1087,2026-04-17T01:34:53.000Z,2026-04-17T01:53:00.000Z,110.7,-111.4,107.2,-3.5,0,0.1,4774.76,4785.61,,,BUY,USD,1,1,1583663
D#1702437,XAUUSD,100,7349874591906910706,7349874591887094564,7349874591973967336,7349874591973966403,313,2026-04-17T01:48:16.000Z,2026-04-17T01:53:29.000Z,95.2,-95.9,91.7,-3.5,0,0.1,4777.3,4786.6,4775.24,4787.42,BUY,USD,1,1,1583663
D#1702727,XAUUSD,100,7349874591906910751,7349874591887094697,7349874591973967561,7349874591973967318,100,2026-04-17T01:53:20.000Z,2026-04-17T01:55:00.000Z,2.22,-2.64,0.12,-2.1,0,0.06,4786.42,4786.57,,,BUY,USD,1,1,1583663
D#1702460,XAUUSD,100,7349874591906910784,7349874591887094567,7349874591973967627,7349874591973966428,424,2026-04-17T01:48:24.000Z,2026-04-17T01:55:28.000Z,101.2,-101.9,97.7,-3.5,0,0.1,4777.92,4787.82,,,BUY,USD,1,1,1583663
D#1702435,XAUUSD,100,7349874591906910787,7349874591887094352,7349874591973965691,7349874591973964707,1108,2026-04-17T01:37:01.000Z,2026-04-17T01:55:29.000Z,-33.39,33.18,-34.45,-1.06,0,0.03,4777.25,4788.6,4788.39,4742.64,SELL,USD,1,1,1583663
D#1670882,XAUUSD,100,7349874591906910822,7349874591887094664,7349874591973967170,7349874591973967083,204,2026-04-17T01:52:15.000Z,2026-04-17T01:55:39.000Z,67.9,-68.6,64.4,-3.5,0,0.1,4784.4,4790.97,4784.9,4791.02,BUY,USD,1,1,1583663
D#1671089,XAUUSD,100,7349874591906910835,7349874591887094487,7349874591973967734,7349874591973965891,647,2026-04-17T01:45:03.000Z,2026-04-17T01:55:50.000Z,-124.3,123.6,-127.8,-3.5,0,0.1,4777.7,4790.35,,,SELL,USD,1,1,1583663
D#1702497,XAUUSD,100,7349874591906910840,7349874591887094307,7349874591973967741,7349874591973964316,1247,2026-04-17T01:35:04.000Z,2026-04-17T01:55:51.000Z,291.2,-292.6,284.2,-7,0,0.2,4775.62,4789.96,,,BUY,USD,1,1,1583663
D#1670989,XAUUSD,100,7349874591906910881,7349874591887094719,7349874591973967952,7349874591973967475,147,2026-04-17T01:54:24.000Z,2026-04-17T01:56:51.000Z,-43.7,43.0,-47.2,-3.5,0,0.1,4785.32,4789.91,4792.55,,SELL,USD,1,1,1583663
D#1702379,XAUUSD,100,7349874591906910964,7349874591887094819,7349874591973968410,7349874591973968300,39,2026-04-17T01:59:16.000Z,2026-04-17T01:59:55.000Z,1.7,-1.77,1.34,-0.36,0,0.01,4788.46,4789.94,,,BUY,USD,1,1,1583663
D#1670868,XAUUSD,100,7349874591906911056,7349874591887093926,7349874591973968838,7349874591973961487,2503,2026-04-17T01:20:51.000Z,2026-04-17T02:02:34.000Z,72.03,-72.52,69.57,-2.46,0,0.07,4781.85,4791.92,4758.14,,BUY,USD,1,1,1583663
D#1702695,XAUUSD,100,7349874591906911100,7349874591887094849,7349874591973969049,7349874591973968492,231,2026-04-17T02:00:25.000Z,2026-04-17T02:04:16.000Z,20.34,-20.76,18.24,-2.1,0,0.06,4789.05,4792.22,,4792.7,BUY,USD,1,1,1583663
D#1614619,XAUUSD,100,7349874591906911101,7349874591887093772,7349874591973969050,7349874591973960289,3006,2026-04-17T01:14:11.000Z,2026-04-17T02:04:17.000Z,154.18,-155.09,149.62,-4.56,0,0.13,4780.6,4792.24,,,BUY,USD,1,1,1583663
D#1645641,XAUUSD,100,7349874591906911181,7349874591887093903,7349874591973962060,7349874591973961294,2888,2026-04-17T01:19:23.000Z,2026-04-17T02:07:31.000Z,-108.27,107.64,-111.43,-3.16,0,0.09,4781.97,4794.22,4794,4765,SELL,USD,1,1,1583663
D#1702717,XAUUSD,100,7349874591906911179,7349874591887094643,7349874591973967093,7349874591973966951,961,2026-04-17T01:51:30.000Z,2026-04-17T02:07:31.000Z,117.1,-117.8,113.6,-3.5,0,0.1,4782.53,4794.02,,4794.07,BUY,USD,1,1,1583663
D#1702432,XAUUSD,100,7349874591906911273,7349874591887094727,7349874591973969718,7349874591973967559,875,2026-04-17T01:54:57.000Z,2026-04-17T02:09:32.000Z,195,-198.5,177.5,-17.5,0,0.5,4786.58,4790.26,,,BUY,USD,1,1,1583663
D#1702374,XAUUSD,100,7349874591906911419,7349874591887095018,7349874591973970311,7349874591973969846,245,2026-04-17T02:10:32.000Z,2026-04-17T02:14:37.000Z,-0.09,0.02,-0.45,-0.36,0,0.01,4790.78,4791.09,,,SELL,USD,1,1,1583663
D#1670989,XAUUSD,100,7349874591906911430,7349874591887094790,7349874591973970354,7349874591973968122,1015,2026-04-17T01:58:03.000Z,2026-04-17T02:14:58.000Z,-25.1,24.4,-28.6,-3.5,0,0.1,4788.78,4791.51,4793.7,4776.79,SELL,USD,1,1,1583663
D#1589405,XAUUSD,100,7349874591906911516,7349874591887094557,7349874591973970672,7349874591973966370,1841,2026-04-17T01:48:02.000Z,2026-04-17T02:18:43.000Z,113.7,-114.4,110.2,-3.5,0,0.1,4777.53,4788.68,,,BUY,USD,1,1,1583663
D#1702374,XAUUSD,100,7349874591906911546,7349874591887095138,7349874591973970815,7349874591973970635,139,2026-04-17T02:18:13.000Z,2026-04-17T02:20:32.000Z,0.01,-0.08,-0.35,-0.36,0,0.01,4789.38,4789.59,,,SELL,USD,1,1,1583663
D#1702582,XAUUSD,100,7349874591906911580,7349874591887095167,7349874591973970950,7349874591973970804,113,2026-04-17T02:20:23.000Z,2026-04-17T02:22:16.000Z,5,-5.7,1.5,-3.5,0,0.1,4789.53,4789.81,,,BUY,USD,1,1,1583663
D#1702362,XAUUSD,100,7349874591906911586,7349874591887095000,7349874591973970973,7349874591973969710,791,2026-04-17T02:09:30.000Z,2026-04-17T02:22:41.000Z,0.1,-0.8,-3.4,-3.5,0,0.1,4790.29,4790.5,,,SELL,USD,1,1,1583663
D#1702636,XAUUSD,100,7349874591906911660,7349874591887095192,7349874591973971243,7349874591973971000,127,2026-04-17T02:23:00.000Z,2026-04-17T02:25:07.000Z,3.52,-4.08,0.72,-2.8,0,0.08,4790.11,4789.89,,,SELL,USD,1,1,1583663
D#1702422,XAUUSD,100,7349874591906911779,7349874591887095292,7349874591973971772,7349874591973971727,15,2026-04-17T02:30:16.000Z,2026-04-17T02:30:31.000Z,0.19,-0.26,-0.17,-0.36,0,0.01,4788.94,4788.91,,,BUY,USD,1,1,1583663
D#1589405,XAUUSD,100,7349874591906911813,7349874591887095173,7349874591973971253,7349874591973970833,678,2026-04-17T02:20:49.000Z,2026-04-17T02:32:07.000Z,-26,25.3,-29.5,-3.5,0,0.1,4789.04,4791.86,4791.72,,SELL,USD,1,1,1583663
D#1702730,XAUUSD,100,7349874591906911825,7349874591887094878,7349874591973968820,7349874591973968698,1825,2026-04-17T02:01:45.000Z,2026-04-17T02:32:10.000Z,-13.02,12.04,-17.92,-4.9,0,0.14,4791.2,4792.35,4792.24,4783.77,SELL,USD,1,1,1583663
D#1702730,XAUUSD,100,7349874591906911891,7349874591887095331,7349874591973972245,7349874591973972042,113,2026-04-17T02:32:57.000Z,2026-04-17T02:34:50.000Z,16.65,-17.7,11.39,-5.26,0,0.15,4792.22,4791.33,4794.94,4786.51,SELL,USD,1,1,1583663
D#1670979,XAUUSD,100,7349874591906911944,7349874591887095157,7349874591973970783,7349874591973970744,1059,2026-04-17T02:19:41.000Z,2026-04-17T02:37:20.000Z,-13.74,13.53,-14.8,-1.06,0,0.03,4788.98,4793.78,4793.38,4781.16,SELL,USD,1,1,1583663
D#1702641,XAUUSD,100,7349874591906911987,7349874591887095199,7349874591973971207,7349874591973971054,897,2026-04-17T02:23:32.000Z,2026-04-17T02:38:29.000Z,-54.7,54.0,-58.2,-3.5,0,0.1,4788.96,4794.65,4794.58,4779.55,SELL,USD,1,1,1583663
D#1702485,XAUUSD,100,7349874591906911998,7349874591887094843,7349874591973972663,7349874591973968460,2309,2026-04-17T02:00:11.000Z,2026-04-17T02:38:40.000Z,-187.2,184.47,-200.86,-13.66,0,0.39,4789.36,4794.38,,,SELL,USD,1,1,1583663
D#1670979,XAUUSD,100,7349874591906912023,7349874591887095405,7349874591973972771,7349874591973972684,49,2026-04-17T02:38:46.000Z,2026-04-17T02:39:35.000Z,-3.69,3.06,-6.85,-3.16,0,0.09,4793.88,4793.25,,,BUY,USD,1,1,1583663
D#1702348,XAUUSD,100,7349874591906912048,7349874591887095407,7349874591973972912,7349874591973972692,141,2026-04-17T02:38:47.000Z,2026-04-17T02:41:08.000Z,3.3,-4.0,-0.2,-3.5,0,0.1,4793.97,4794.08,4788.06,4803.94,BUY,USD,1,1,1583663
D#1589405,XAUUSD,100,7349874591906912073,7349874591887095321,7349874591973972935,7349874591973971959,598,2026-04-17T02:32:16.000Z,2026-04-17T02:42:14.000Z,6.4,-7.8,-0.6,-7,0,0.2,4792.62,4792.72,4792.86,,BUY,USD,1,1,1583663
D#1702730,XAUUSD,100,7349874591906912093,7349874591887095412,7349874591973973110,7349874591973972749,235,2026-04-17T02:39:21.000Z,2026-04-17T02:43:16.000Z,20.2,-21.6,13.2,-7,0,0.2,4793.16,4792.37,4794.78,4788.94,SELL,USD,1,1,1583663
D#1702379,XAUUSD,100,7349874591906912155,7349874591887095408,7349874591973973375,7349874591973972698,429,2026-04-17T02:38:48.000Z,2026-04-17T02:45:57.000Z,21.69,-22.32,18.53,-3.16,0,0.09,4793.79,4791.6,,,SELL,USD,1,1,1583663
D#1589405,XAUUSD,100,7349874591906912156,7349874591887095448,7349874591973973385,7349874591973973028,219,2026-04-17T02:42:24.000Z,2026-04-17T02:46:03.000Z,-1,-0.4,-8,-7,0,0.2,4792.25,4792.52,,,SELL,USD,1,1,1583663
D#1589405,XAUUSD,100,7349874591906912221,7349874591887095502,7349874591973973556,7349874591973973481,184,2026-04-17T02:46:55.000Z,2026-04-17T02:49:59.000Z,-52,50.6,-59,-7,0,0.2,4792.47,4789.65,4789.97,,BUY,USD,1,1,1583663
D#1670979,XAUUSD,100,7349874591906912232,7349874591887095418,7349874591973972805,7349874591973972779,645,2026-04-17T02:39:38.000Z,2026-04-17T02:50:23.000Z,34.11,-34.74,30.95,-3.16,0,0.09,4792.87,4789.3,4792.95,4789.25,SELL,USD,1,1,1583663
D#1589405,XAUUSD,100,7349874591906912307,7349874591887095545,7349874591973974037,7349874591973973817,169,2026-04-17T02:51:22.000Z,2026-04-17T02:54:11.000Z,7.8,-9.2,0.8,-7,0,0.2,4789.42,4789.59,,,BUY,USD,1,1,1583663
D#1670989,XAUUSD,100,7349874591906912372,7349874591887095090,7349874591973970414,7349874591973970372,2413,2026-04-17T02:15:05.000Z,2026-04-17T02:55:18.000Z,-42.1,41.4,-45.6,-3.5,0,0.1,4791.87,4787.44,4787.64,4801.01,BUY,USD,1,1,1583663
D#1589405,XAUUSD,100,7349874591906912503,7349874591887095609,7349874591973974561,7349874591973974238,121,2026-04-17T02:55:33.000Z,2026-04-17T02:57:34.000Z,-41.8,40.4,-48.8,-7,0,0.2,4788.57,4786.26,,,BUY,USD,1,1,1583663
D#1702432,XAUUSD,100,7349874591906912510,7349874591887095008,7349874591973974589,7349874591973969789,2864,2026-04-17T02:10:07.000Z,2026-04-17T02:57:51.000Z,180.5,-184.0,163,-17.5,0,0.5,4789.92,4786.53,,,SELL,USD,1,1,1583663
D#1589410,XAUUSD,100,7349874591906912522,7349874591887095659,7349874591973974647,7349874591973974481,71,2026-04-17T02:57:07.000Z,2026-04-17T02:58:18.000Z,-3.57,3.36,-4.63,-1.06,0,0.03,4786.67,4785.26,,,BUY,USD,1,1,1583663
D#1589410,XAUUSD,100,7349874591906912548,7349874591887095688,7349874591973974758,7349874591973974725,10,2026-04-17T02:58:39.000Z,2026-04-17T02:58:49.000Z,-0.06,-0.15,-1.12,-1.06,0,0.03,4786.39,4786.63,,,SELL,USD,1,1,1583663
D#1589410,XAUUSD,100,7349874591906912604,7349874591887095699,7349874591973974901,7349874591973974789,43,2026-04-17T02:58:59.000Z,2026-04-17T02:59:42.000Z,-5.49,5.28,-6.55,-1.06,0,0.03,4786.58,4784.53,,,BUY,USD,1,1,1583663
D#1702545,XAUUSD,100,7349874591906912619,7349874591887095353,7349874591973974949,7349874591973972223,1522,2026-04-17T02:34:40.000Z,2026-04-17T03:00:02.000Z,106.02,-107.28,99.72,-6.3,0,0.18,4791.04,4785.37,4802.58,4783.51,SELL,USD,1,1,1583663
D#1702432,XAUUSD,100,7349874591906912622,7349874591887095719,7349874591973974967,7349874591973974922,14,2026-04-17T02:59:52.000Z,2026-04-17T03:00:06.000Z,-74.8,70.95,-94.06,-19.26,0,0.55,4784.72,4786.3,,,SELL,USD,1,1,1583663
D#1670947,XAUUSD,100,7349874591906912685,7349874591887095709,7349874591973975237,7349874591973974867,149,2026-04-17T02:59:28.000Z,2026-04-17T03:01:57.000Z,-4.74,4.6,-5.44,-0.7,0,0.02,4784.51,4787.1,,,SELL,USD,1,1,1583663
D#1645641,XAUUSD,100,7349874591906912694,7349874591887095602,7349874591973975277,7349874591973973271,421,2026-04-17T02:55:18.000Z,2026-04-17T03:02:19.000Z,2.15,-2.5,0.39,-1.76,0,0.05,4787.62,4787.83,,,BUY,USD,1,1,1583663
D#1589455,XAUUSD,100,7349874591906912730,7349874591887095536,7349874591973974196,7349874591973973763,759,2026-04-17T02:50:34.000Z,2026-04-17T03:03:13.000Z,1.3,-2.0,-2.2,-3.5,0,0.1,4789.27,4789.36,4789.25,4781.37,SELL,USD,1,1,1583663
D#1702544,XAUUSD,100,7349874591906912789,7349874591887095778,7349874591973975504,7349874591973975396,43,2026-04-17T03:03:17.000Z,2026-04-17T03:04:00.000Z,-32.6,31.2,-39.6,-7,0,0.2,4789.14,4790.99,,,SELL,USD,1,1,1583663
D#1702641,XAUUSD,100,7349874591906912798,7349874591887095517,7349874591973975520,7349874591973973652,910,2026-04-17T02:48:53.000Z,2026-04-17T03:04:03.000Z,-1.9,1.2,-5.4,-3.5,0,0.1,4791.05,4791.46,4793.52,,SELL,USD,1,1,1583663
D#1702671,XAUUSD,100,7349874591906912801,7349874591887095734,7349874591973975324,7349874591973975031,208,2026-04-17T03:00:36.000Z,2026-04-17T03:04:04.000Z,-55.1,54.4,-58.6,-3.5,0,0.1,4785.79,4791.52,4791.4,4773.9,SELL,USD,1,1,1583663
D#1670989,XAUUSD,100,7349874591906912837,7349874591887095625,7349874591973974735,7349874591973974342,529,2026-04-17T02:56:14.000Z,2026-04-17T03:05:03.000Z,-57.4,56.7,-60.9,-3.5,0,0.1,4787.5,4793.46,4792.62,4775.6,SELL,USD,1,1,1583663
D#1702432,XAUUSD,100,7349874591906912857,7349874591887095731,7349874591973975687,7349874591973975017,277,2026-04-17T03:00:28.000Z,2026-04-17T03:05:05.000Z,-467,463.5,-484.5,-17.5,0,0.5,4785.48,4795.04,,,SELL,USD,1,1,1583663
D#1702422,XAUUSD,100,7349874591906912867,7349874591887095715,7349874591973975732,7349874591973974896,330,2026-04-17T02:59:40.000Z,2026-04-17T03:05:10.000Z,-131.25,130.2,-136.51,-5.26,0,0.15,4784.53,4793.5,4800.75,4778.74,SELL,USD,1,1,1583663
D#1589455,XAUUSD,100,7349874591906912876,7349874591887095796,7349874591973975760,7349874591973975456,102,2026-04-17T03:03:42.000Z,2026-04-17T03:05:24.000Z,34.2,-34.9,30.7,-3.5,0,0.1,4790.36,4793.56,4790.49,,BUY,USD,1,1,1583663
D#1702671,XAUUSD,100,7349874591906912900,7349874591887095815,7349874591973975816,7349874591973975616,60,2026-04-17T03:04:38.000Z,2026-04-17T03:05:38.000Z,-32.6,31.9,-36.1,-3.5,0,0.1,4791.52,4795,,,SELL,USD,1,1,1583663
D#1670989,XAUUSD,100,7349874591906912904,7349874591887095837,7349874591973975821,7349874591973975766,16,2026-04-17T03:05:25.000Z,2026-04-17T03:05:41.000Z,-45,42.9,-55.5,-10.5,0,0.3,4793.45,4795.17,,,SELL,USD,1,1,1583663
D#1702422,XAUUSD,100,7349874591906912914,7349874591887095832,7349874591973975844,7349874591973975746,30,2026-04-17T03:05:17.000Z,2026-04-17T03:05:47.000Z,-27.9,26.85,-33.16,-5.26,0,0.15,4793.17,4795.25,,,SELL,USD,1,1,1583663
D#1702505,XAUUSD,100,7349874591906912918,7349874591887095813,7349874591973975855,7349874591973975602,75,2026-04-17T03:04:34.000Z,2026-04-17T03:05:49.000Z,-42.9,41.85,-48.16,-5.26,0,0.15,4791.69,4794.77,,,SELL,USD,1,1,1583663
D#1702727,XAUUSD,100,7349874591906912991,7349874591887094995,7349874591973975977,7349874591973969682,3411,2026-04-17T02:09:23.000Z,2026-04-17T03:06:14.000Z,-63.3,62.6,-66.8,-3.5,0,0.1,4790.27,4796.82,,4783.06,SELL,USD,1,1,1583663
D#1702544,XAUUSD,100,7349874591906913022,7349874591887095859,7349874591973976085,7349874591973975934,39,2026-04-17T03:06:07.000Z,2026-04-17T03:06:46.000Z,41.6,-44.4,27.6,-14,0,0.4,4795.6,4796.42,,,BUY,USD,1,1,1583663
D#1702619,XAUUSD,100,7349874591906913074,7349874591887095684,7349874591973975929,7349874591973974705,542,2026-04-17T02:58:35.000Z,2026-04-17T03:07:37.000Z,42.05,-42.4,40.29,-1.76,0,0.05,4786.58,4794.77,4794.9,4820.23,BUY,USD,1,1,1583663
D#1702542,XAUUSD,100,7349874591906913094,7349874591887095916,7349874591973976312,7349874591973976303,5,2026-04-17T03:07:52.000Z,2026-04-17T03:07:57.000Z,0.18,-0.25,-0.18,-0.36,0,0.01,4794.45,4794.49,,,SELL,USD,1,1,1583663
D#1702552,XAUUSD,100,7349874591906913175,7349874591887095925,7349874591973976676,7349874591973976345,148,2026-04-17T03:08:13.000Z,2026-04-17T03:10:41.000Z,-12.5,11.8,-16,-3.5,0,0.1,4796.09,4794.62,,,BUY,USD,1,1,1583663
D#1702544,XAUUSD,100,7349874591906913180,7349874591887095965,7349874591973976697,7349874591973976621,36,2026-04-17T03:10:18.000Z,2026-04-17T03:10:54.000Z,-28.4,25.6,-42.4,-14,0,0.4,4795.48,4794.55,,,BUY,USD,1,1,1583663
D#1702544,XAUUSD,100,7349874591906913314,7349874591887095981,7349874591973977205,7349874591973976751,222,2026-04-17T03:11:12.000Z,2026-04-17T03:14:54.000Z,-49.6,46.8,-63.6,-14,0,0.4,4794.68,4796.14,,,SELL,USD,1,1,1583663
D#1702489,XAUUSD,100,7349874591906913453,7349874591887095538,7349874591973977956,7349874591973973765,1773,2026-04-17T02:50:36.000Z,2026-04-17T03:20:09.000Z,153.8,-155.2,146.8,-7,0,0.2,4789.41,4796.88,4778.97,4825.15,BUY,USD,1,1,1583663
D#1702579,XAUUSD,100,7349874591906913465,7349874591887094751,7349874591973978041,7349874591973967711,5119,2026-04-17T01:55:42.000Z,2026-04-17T03:21:01.000Z,42.7,-43.4,39.2,-3.5,0,0.1,4791.56,4795.61,4783.48,4799.48,BUY,USD,1,1,1583663
D#1645641,XAUUSD,100,7349874591906913478,7349874591887096041,7349874591973978079,7349874591973977132,414,2026-04-17T03:14:27.000Z,2026-04-17T03:21:21.000Z,-1.85,1.5,-3.61,-1.76,0,0.05,4794.74,4795.33,,,SELL,USD,1,1,1583663
D#1702727,XAUUSD,100,7349874591906913496,7349874591887095880,7349874591973978146,7349874591973976037,936,2026-04-17T03:06:30.000Z,2026-04-17T03:22:06.000Z,2.7,-4.8,-7.8,-10.5,0,0.3,4796.1,4795.97,,,BUY,USD,1,1,1583663
D#1702481,XAUUSD,100,7349874591906913513,7349874591887095992,7349874591973978232,7349874591973976835,661,2026-04-17T03:11:51.000Z,2026-04-17T03:22:52.000Z,0.89,-0.96,0.53,-0.36,0,0.01,4794.58,4795.25,,,BUY,USD,1,1,1583663
D#1702699,XAUUSD,100,7349874591906913519,7349874591887096060,7349874591973978273,7349874591973977272,483,2026-04-17T03:15:19.000Z,2026-04-17T03:23:22.000Z,0.79,-0.86,0.43,-0.36,0,0.01,4796.45,4795.88,4801.1,4791.29,SELL,USD,1,1,1583663
D#1702544,XAUUSD,100,7349874591906913572,7349874591887096053,7349874591973978525,7349874591973977211,664,2026-04-17T03:14:56.000Z,2026-04-17T03:26:00.000Z,-64.8,62.0,-78.8,-14,0,0.4,4796.18,4794.34,,4811.39,BUY,USD,1,1,1583663
D#1702544,XAUUSD,100,7349874591906913596,7349874591887096214,7349874591973978646,7349874591973978532,49,2026-04-17T03:26:02.000Z,2026-04-17T03:26:51.000Z,10,-12.8,-4,-14,0,0.4,4794.87,4794.84,,,SELL,USD,1,1,1583663
D#1702727,XAUUSD,100,7349874591906913636,7349874591887096168,7349874591973978829,7349874591973978161,393,2026-04-17T03:22:11.000Z,2026-04-17T03:28:44.000Z,78.3,-80.4,67.8,-10.5,0,0.3,4795.67,4793.28,,4790,SELL,USD,1,1,1583663
D#1702699,XAUUSD,100,7349874591906913666,7349874591887096184,7349874591973978988,7349874591973978342,379,2026-04-17T03:24:07.000Z,2026-04-17T03:30:26.000Z,3.28,-3.42,2.58,-0.7,0,0.02,4795.36,4793.94,4802,4792.6,SELL,USD,1,1,1583663
D#1702379,XAUUSD,100,7349874591906913765,7349874591887096185,7349874591973979413,7349874591973978344,668,2026-04-17T03:24:08.000Z,2026-04-17T03:35:16.000Z,10.89,-11.52,7.73,-3.16,0,0.09,4795.37,4794.38,,,SELL,USD,1,1,1583663
D#1670956,XAUUSD,100,7349874591906913798,7349874591887096154,7349874591973978128,7349874591973978053,941,2026-04-17T03:21:07.000Z,2026-04-17T03:36:48.000Z,57.6,-59.0,50.6,-7,0,0.2,4795.64,4792.98,4795.4,4792.87,SELL,USD,1,1,1583663
D#1670882,XAUUSD,100,7349874591906913824,7349874591887096103,7349874591973978379,7349874591973977520,1234,2026-04-17T03:16:56.000Z,2026-04-17T03:37:30.000Z,-42.1,41.4,-45.6,-3.5,0,0.1,4796.65,4792.22,4792.39,4803.25,BUY,USD,1,1,1583663
D#1702730,XAUUSD,100,7349874591906913856,7349874591887096321,7349874591973979654,7349874591973979365,242,2026-04-17T03:34:42.000Z,2026-04-17T03:38:44.000Z,8.6,-10.0,1.6,-7,0,0.2,4793.08,4792.87,4794.57,4789.82,SELL,USD,1,1,1583663
D#1589405,XAUUSD,100,7349874591906913892,7349874591887095677,7349874591973979813,7349874591973974666,2564,2026-04-17T02:58:23.000Z,2026-04-17T03:41:07.000Z,71,-71.7,67.5,-3.5,0,0.1,4785.93,4792.81,,,BUY,USD,1,1,1583663
D#1702588,XAUUSD,100,7349874591906913911,7349874591887096327,7349874591973979402,7349874591973979401,461,2026-04-17T03:35:10.000Z,2026-04-17T03:42:51.000Z,1.2,-1.9,-2.3,-3.5,0,0.1,4793.8,4793.9,4793.56,4788.55,SELL,USD,1,1,1583663
D#1702641,XAUUSD,100,7349874591906913979,7349874591887096200,7349874591973978588,7349874591973978478,1235,2026-04-17T03:25:30.000Z,2026-04-17T03:46:05.000Z,-3.4,2.7,-6.9,-3.5,0,0.1,4795.55,4796.11,4795.37,,SELL,USD,1,1,1583663
D#1670947,XAUUSD,100,7349874591906913996,7349874591887096381,7349874591973980193,7349874591973979778,350,2026-04-17T03:40:30.000Z,2026-04-17T03:46:20.000Z,-10.38,10.17,-11.44,-1.06,0,0.03,4792.46,4796.14,,,SELL,USD,1,1,1583663
D#1702588,XAUUSD,100,7349874591906914033,7349874591887096463,7349874591973980355,7349874591973980334,10,2026-04-17T03:48:59.000Z,2026-04-17T03:49:09.000Z,-4.6,3.9,-8.1,-3.5,0,0.1,4794.78,4795.46,4799.02,4789.52,SELL,USD,1,1,1583663
D#1702641,XAUUSD,100,7349874591906914046,7349874591887096460,7349874591973980357,7349874591973980321,61,2026-04-17T03:48:41.000Z,2026-04-17T03:49:42.000Z,-75.5,72.0,-93,-17.5,0,0.5,4794.48,4796.21,4796.09,,SELL,USD,1,1,1583663
D#1589455,XAUUSD,100,7349874591906914053,7349874591887096464,7349874591973980371,7349874591973980345,51,2026-04-17T03:49:03.000Z,2026-04-17T03:49:54.000Z,-13.9,13.2,-17.4,-3.5,0,0.1,4794.91,4796.52,4796.33,4786.98,SELL,USD,1,1,1583663
D#1702641,XAUUSD,100,7349874591906914064,7349874591887096475,7349874591973980481,7349874591973980438,42,2026-04-17T03:49:55.000Z,2026-04-17T03:50:37.000Z,-39,35.5,-56.5,-17.5,0,0.5,4796.56,4795.56,,,BUY,USD,1,1,1583663
D#1702730,XAUUSD,100,7349874591906914097,7349874591887096451,7349874591973980625,7349874591973980255,330,2026-04-17T03:47:08.000Z,2026-04-17T03:52:38.000Z,26.4,-27.8,19.4,-7,0,0.2,4794.97,4796.07,4794.19,4799.33,BUY,USD,1,1,1583663
D#1702730,XAUUSD,100,7349874591906914133,7349874591887096501,7349874591973980672,7349874591973980631,78,2026-04-17T03:52:48.000Z,2026-04-17T03:54:06.000Z,-19.2,17.8,-26.2,-7,0,0.2,4796.39,4795.21,4795.37,4800.69,BUY,USD,1,1,1583663
D#1589455,XAUUSD,100,7349874591906914152,7349874591887096478,7349874591973980770,7349874591973980469,258,2026-04-17T03:50:25.000Z,2026-04-17T03:54:43.000Z,-21.1,20.4,-24.6,-3.5,0,0.1,4796.5,4794.17,,,BUY,USD,1,1,1583663
D#1589405,XAUUSD,100,7349874591906914184,7349874591887096393,7349874591973980878,7349874591973979851,868,2026-04-17T03:41:47.000Z,2026-04-17T03:56:15.000Z,18.4,-19.8,11.4,-7,0,0.2,4793.08,4793.78,,,BUY,USD,1,1,1583663
D#1670882,XAUUSD,100,7349874591906914264,7349874591887096448,7349874591973980305,7349874591973980244,702,2026-04-17T03:46:53.000Z,2026-04-17T03:58:35.000Z,-42,40.25,-50.76,-8.76,0,0.25,4795.14,4793.24,4793.35,4797.65,BUY,USD,1,1,1583663
D#1702588,XAUUSD,100,7349874591906914358,7349874591887096509,7349874591973980678,7349874591973980677,541,2026-04-17T03:53:16.000Z,2026-04-17T04:02:17.000Z,-39.5,38.8,-43,-3.5,0,0.1,4796.84,4792.67,4792.8,4802.3,BUY,USD,1,1,1583663
D#1589455,XAUUSD,100,7349874591906914368,7349874591887096651,7349874591973981499,7349874591973981476,36,2026-04-17T04:02:21.000Z,2026-04-17T04:02:57.000Z,-10.4,9.7,-13.9,-3.5,0,0.1,4792.77,4794.03,,,SELL,USD,1,1,1583663
D#1671061,XAUUSD,100,7349874591906914413,7349874591887096118,7349874591973981629,7349874591973977685,2819,2026-04-17T03:18:11.000Z,2026-04-17T04:05:10.000Z,13.95,-14.3,12.19,-1.76,0,0.05,4797.54,4794.97,4804.53,4784.28,SELL,USD,1,1,1583663
D#1589455,XAUUSD,100,7349874591906914430,7349874591887096671,7349874591973981666,7349874591973981576,82,2026-04-17T04:04:12.000Z,2026-04-17T04:05:34.000Z,2.6,-3.3,-0.9,-3.5,0,0.1,4794.18,4794.22,,,BUY,USD,1,1,1583663
D#1702588,XAUUSD,100,7349874591906914528,7349874591887096655,7349874591973982042,7349874591973981506,457,2026-04-17T04:03:02.000Z,2026-04-17T04:10:39.000Z,-3.4,2.7,-6.9,-3.5,0,0.1,4794.39,4793.83,4790.28,4806.92,BUY,USD,1,1,1583663
D#1702730,XAUUSD,100,7349874591906914547,7349874591887096528,7349874591973982104,7349874591973980803,979,2026-04-17T03:55:09.000Z,2026-04-17T04:11:28.000Z,-5.6,4.2,-12.6,-7,0,0.2,4794.25,4794.75,4797,4789.17,SELL,USD,1,1,1583663
D#1589455,XAUUSD,100,7349874591906914580,7349874591887096693,7349874591973981796,7349874591973981678,433,2026-04-17T04:05:47.000Z,2026-04-17T04:13:00.000Z,-20.1,19.4,-23.6,-3.5,0,0.1,4793.86,4796.09,4795.58,4786.74,SELL,USD,1,1,1583663
D#1702630,XAUUSD,100,7349874591906914661,7349874591887096163,7349874591973978188,7349874591973978132,3243,2026-04-17T03:21:59.000Z,2026-04-17T04:16:02.000Z,-37.2,35.8,-44.2,-7,0,0.2,4795.8,4793.72,4793.76,,BUY,USD,1,1,1583663
D#1702461,XAUUSD,100,7349874591906914821,7349874591887096783,7349874591973982944,7349874591973982212,621,2026-04-17T04:13:02.000Z,2026-04-17T04:23:23.000Z,71.38,-74.39,56.32,-15.06,0,0.43,4795.9,4794.46,,,SELL,USD,1,1,1583663
D#1589455,XAUUSD,100,7349874591906914855,7349874591887096875,7349874591973983031,7349874591973982810,252,2026-04-17T04:20:51.000Z,2026-04-17T04:25:03.000Z,5.6,-6.3,2.1,-3.5,0,0.1,4795.5,4795.16,,,SELL,USD,1,1,1583663
D#1589455,XAUUSD,100,7349874591906914991,7349874591887096928,7349874591973983539,7349874591973983112,404,2026-04-17T04:26:45.000Z,2026-04-17T04:33:29.000Z,-24,23.16,-28.2,-4.2,0,0.12,4794.34,4796.56,,,SELL,USD,1,1,1583663
D#1670974,XAUUSD,100,7349874591906915021,7349874591887096614,7349874591973983595,7349874591973981285,2017,2026-04-17T04:00:35.000Z,2026-04-17T04:34:12.000Z,-93.5,91.75,-102.26,-8.76,0,0.25,4793.37,4797.33,,,SELL,USD,1,1,1583663
D#1702513,XAUUSD,100,7349874591906915067,7349874591887096934,7349874591973983705,7349874591973983161,465,2026-04-17T04:27:37.000Z,2026-04-17T04:35:22.000Z,-108.6,106.5,-119.1,-10.5,0,0.3,4794.68,4798.52,,,SELL,USD,1,1,1583663
D#1702568,XAUUSD,100,7349874591906915076,7349874591887094345,7349874591973964753,7349874591973964654,10722,2026-04-17T01:36:43.000Z,2026-04-17T04:35:25.000Z,213.4,-214.1,209.9,-3.5,0,0.1,4777.4,4798.52,4770.03,4798.63,BUY,USD,1,1,1583663
D#1670974,XAUUSD,100,7349874591906915082,7349874591887096989,7349874591973983726,7349874591973983623,61,2026-04-17T04:34:29.000Z,2026-04-17T04:35:30.000Z,40.2,-42.3,29.7,-10.5,0,0.3,4797.46,4798.58,,,BUY,USD,1,1,1583663
D#1702588,XAUUSD,100,7349874591906915116,7349874591887096828,7349874591973982537,7349874591973982536,1215,2026-04-17T04:17:05.000Z,2026-04-17T04:37:20.000Z,-45.5,44.8,-49,-3.5,0,0.1,4794.18,4798.95,4798.8,4770.66,SELL,USD,1,1,1583663
D#1702699,XAUUSD,100,7349874591906915118,7349874591887096341,7349874591973979563,7349874591973979509,3623,2026-04-17T03:36:58.000Z,2026-04-17T04:37:21.000Z,-11.88,11.74,-12.58,-0.7,0,0.02,4792.8,4798.96,4798.84,,SELL,USD,1,1,1583663
D#1670979,XAUUSD,100,7349874591906915156,7349874591887095542,7349874591973973808,7349874591973973789,6488,2026-04-17T02:51:00.000Z,2026-04-17T04:39:08.000Z,-122.4,121.56,-126.6,-4.2,0,0.12,4789.13,4799.55,4799.17,4771.49,SELL,USD,1,1,1583663
D#1702379,XAUUSD,100,7349874591906915162,7349874591887096350,7349874591973984040,7349874591973979558,3714,2026-04-17T03:37:23.000Z,2026-04-17T04:39:17.000Z,-57.96,57.33,-61.12,-3.16,0,0.09,4792.65,4799.31,,,SELL,USD,1,1,1583663
D#1670937,XAUUSD,100,7349874591906915177,7349874591887096658,7349874591973984081,7349874591973981518,2202,2026-04-17T04:03:06.000Z,2026-04-17T04:39:48.000Z,-152.7,150.6,-163.2,-10.5,0,0.3,4794.21,4799.52,,,SELL,USD,1,1,1583663
D#1589455,XAUUSD,100,7349874591906915191,7349874591887096980,7349874591973984120,7349874591973983545,394,2026-04-17T04:33:33.000Z,2026-04-17T04:40:07.000Z,36.48,-37.32,32.28,-4.2,0,0.12,4796.72,4799.54,,4800.03,BUY,USD,1,1,1583663
D#1670988,XAUUSD,100,7349874591906915192,7349874591887094542,7349874591973984127,7349874591973966271,10366,2026-04-17T01:47:24.000Z,2026-04-17T04:40:10.000Z,-292.76,291.85,-297.32,-4.56,0,0.13,4776.61,4799.35,,4770.41,SELL,USD,1,1,1583663
D#1702730,XAUUSD,100,7349874591906915200,7349874591887096768,7349874591973984145,7349874591973982108,1730,2026-04-17T04:11:33.000Z,2026-04-17T04:40:23.000Z,82.4,-83.8,75.4,-7,0,0.2,4795.16,4799.06,4792.87,4800.24,BUY,USD,1,1,1583663
D#1670974,XAUUSD,100,7349874591906915208,7349874591887097045,7349874591973984185,7349874591973984016,115,2026-04-17T04:39:03.000Z,2026-04-17T04:40:58.000Z,26.4,-28.5,15.9,-10.5,0,0.3,4798.83,4799.49,,,BUY,USD,1,1,1583663
D#1702729,XAUUSD,100,7349874591906915255,7349874591887094928,7349874591973969205,7349874591973966945,9431,2026-04-17T02:05:35.000Z,2026-04-17T04:42:46.000Z,-75.1,74.4,-78.6,-3.5,0,0.1,4792.68,4800.41,4800.39,4792.29,SELL,USD,1,1,1583663
D#1702738,XAUUSD,100,7349874591906915262,7349874591887095777,7349874591973975376,7349874591973974336,5973,2026-04-17T03:03:13.000Z,2026-04-17T04:42:46.000Z,-56.35,56.0,-58.11,-1.76,0,0.05,4788.92,4800.41,4799.88,4766.67,SELL,USD,1,1,1583663
D#1702505,XAUUSD,100,7349874591906915257,7349874591887096147,7349874591973978080,7349874591973977959,4954,2026-04-17T03:20:12.000Z,2026-04-17T04:42:46.000Z,-47.1,46.05,-52.36,-5.26,0,0.15,4797.05,4800.41,4800.04,4787.95,SELL,USD,1,1,1583663
D#1702489,XAUUSD,100,7349874591906915256,7349874591887096265,7349874591973979153,7349874591973978997,4332,2026-04-17T03:30:34.000Z,2026-04-17T04:42:46.000Z,-128.4,127.0,-135.4,-7,0,0.2,4793.77,4800.41,4800,4768.56,SELL,USD,1,1,1583663
D#1702616,XAUUSD,100,7349874591906915263,7349874591887096450,7349874591973980493,7349874591973980249,3350,2026-04-17T03:46:56.000Z,2026-04-17T04:42:46.000Z,109.6,-111.0,102.6,-7,0,0.2,4795,4800.26,,4800.31,BUY,USD,1,1,1583663
D#1671060,XAUUSD,100,7349874591906915289,7349874591887094882,7349874591973969144,7349874591973968743,9648,2026-04-17T02:02:00.000Z,2026-04-17T04:42:48.000Z,-29.94,29.73,-31,-1.06,0,0.03,4791.21,4801.41,4800.93,4650.28,SELL,USD,1,1,1583663
D#1702611,XAUUSD,100,7349874591906915286,7349874591887096269,7349874591973979063,7349874591973979015,4328,2026-04-17T03:30:40.000Z,2026-04-17T04:42:48.000Z,75.3,-76.0,71.8,-3.5,0,0.1,4793.89,4801.2,,4801.26,BUY,USD,1,1,1583663
D#1670937,XAUUSD,100,7349874591906915307,7349874591887097064,7349874591973984350,7349874591973984103,191,2026-04-17T04:40:00.000Z,2026-04-17T04:43:11.000Z,-28.2,26.1,-38.7,-10.5,0,0.3,4799.4,4800.56,,,SELL,USD,1,1,1583663
D#1702545,XAUUSD,100,7349874591906915311,7349874591887096157,7349874591973984365,7349874591973978083,4922,2026-04-17T03:21:24.000Z,2026-04-17T04:43:26.000Z,-93.6,92.34,-99.9,-6.3,0,0.18,4795.13,4800.55,4805.9,4788.67,SELL,USD,1,1,1583663
D#1702471,XAUUSD,100,7349874591906915367,7349874591887095100,7349874591973984713,7349874591973970411,8974,2026-04-17T02:15:35.000Z,2026-04-17T04:45:09.000Z,94.8,-95.5,91.3,-3.5,0,0.1,4791.51,4800.77,4779.92,4812.64,BUY,USD,1,1,1583663
D#1670974,XAUUSD,100,7349874591906915380,7349874591887097089,7349874591973984754,7349874591973984260,205,2026-04-17T04:42:07.000Z,2026-04-17T04:45:32.000Z,24.3,-26.4,13.8,-10.5,0,0.3,4799.56,4798.97,,,SELL,USD,1,1,1583663
D#1702711,XAUUSD,100,7349874591906915439,7349874591887096721,7349874591973984933,7349874591973981860,2369,2026-04-17T04:08:03.000Z,2026-04-17T04:47:32.000Z,-116.1,114.0,-126.6,-10.5,0,0.3,4795.16,4799.25,,,SELL,USD,1,1,1583663
D#1670974,XAUUSD,100,7349874591906915472,7349874591887097143,7349874591973985057,7349874591973984798,248,2026-04-17T04:45:52.000Z,2026-04-17T04:50:00.000Z,1.5,-3.6,-9,-10.5,0,0.3,4798.92,4798.75,,,BUY,USD,1,1,1583663
D#1589455,XAUUSD,100,7349874591906915531,7349874591887097187,7349874591973985289,7349874591973985073,134,2026-04-17T04:50:20.000Z,2026-04-17T04:52:34.000Z,-24.48,23.64,-28.68,-4.2,0,0.12,4798.6,4800.86,,,SELL,USD,1,1,1583663
D#1589455,XAUUSD,100,7349874591906915582,7349874591887097216,7349874591973985470,7349874591973985295,107,2026-04-17T04:52:37.000Z,2026-04-17T04:54:24.000Z,-10.92,10.08,-15.12,-4.2,0,0.12,4800.38,4799.25,,,BUY,USD,1,1,1583663
D#1702462,XAUUSD,100,7349874591906915768,7349874591887095824,7349874591973975678,7349874591973975575,6830,2026-04-17T03:05:03.000Z,2026-04-17T04:58:53.000Z,-181.2,179.8,-188.2,-7,0,0.2,4793.23,4802.51,4801.84,4791.54,SELL,USD,1,1,1583663
D#1702463,XAUUSD,100,7349874591906915763,7349874591887096174,7349874591973978613,7349874591973978215,5770,2026-04-17T03:22:43.000Z,2026-04-17T04:58:53.000Z,-14.08,13.94,-14.78,-0.7,0,0.02,4795.25,4802.51,4802.07,4778.36,SELL,USD,1,1,1583663
D#1702579,XAUUSD,100,7349874591906915774,7349874591887096218,7349874591973978592,7349874591973978558,5563,2026-04-17T03:26:10.000Z,2026-04-17T04:58:53.000Z,-81.8,81.1,-85.3,-3.5,0,0.1,4794.11,4802.51,4802.22,4786.22,SELL,USD,1,1,1583663
D#1702412,XAUUSD,100,7349874591906915810,7349874591887096741,7349874591973985079,7349874591973981945,2993,2026-04-17T04:09:02.000Z,2026-04-17T04:58:55.000Z,409.86,-413.08,393.76,-16.1,0,0.46,4794.35,4803.04,,4803.12,BUY,USD,1,1,1583663
D#1589455,XAUUSD,100,7349874591906915821,7349874591887097252,7349874591973985915,7349874591973985473,269,2026-04-17T04:54:29.000Z,2026-04-17T04:58:58.000Z,-53.88,53.04,-58.08,-4.2,0,0.12,4799.1,4803.81,,,SELL,USD,1,1,1583663
D#1702730,XAUUSD,100,7349874591906915822,7349874591887097145,7349874591973984869,7349874591973984801,784,2026-04-17T04:45:55.000Z,2026-04-17T04:58:59.000Z,98.6,-100.0,91.6,-7,0,0.2,4798.98,4803.69,4798,4803.81,BUY,USD,1,1,1583663
D#1702460,XAUUSD,100,7349874591906915828,7349874591887097126,7349874591973985934,7349874591973984716,833,2026-04-17T04:45:10.000Z,2026-04-17T04:59:03.000Z,-30.3,29.6,-33.8,-3.5,0,0.1,4800.41,4803.66,,,SELL,USD,1,1,1583663
D#1702461,XAUUSD,100,7349874591906915838,7349874591887096974,7349874591973985958,7349874591973983506,1575,2026-04-17T04:32:56.000Z,2026-04-17T04:59:11.000Z,-323.36,320.35,-338.42,-15.06,0,0.43,4795.98,4803.72,,4794.52,SELL,USD,1,1,1583663
D#1670974,XAUUSD,100,7349874591906915837,7349874591887097188,7349874591973985957,7349874591973985092,516,2026-04-17T04:50:35.000Z,2026-04-17T04:59:11.000Z,-148.8,146.7,-159.3,-10.5,0,0.3,4798.54,4803.72,,,SELL,USD,1,1,1583663
D#1702681,XAUUSD,100,7349874591906915840,7349874591887094429,7349874591973985959,7349874591973965374,11857,2026-04-17T01:41:35.000Z,2026-04-17T04:59:12.000Z,-208.88,208.39,-211.34,-2.46,0,0.07,4773.66,4803.72,,,SELL,USD,1,1,1583663
D#1702711,XAUUSD,100,7349874591906915842,7349874591887097171,7349874591973985967,7349874591973984984,663,2026-04-17T04:48:10.000Z,2026-04-17T04:59:13.000Z,-123.3,121.2,-133.8,-10.5,0,0.3,4799.34,4803.67,,4794.22,SELL,USD,1,1,1583663
D#1671086,XAUUSD,100,7349874591906915849,7349874591887095129,7349874591973984796,7349874591973970589,9701,2026-04-17T02:17:34.000Z,2026-04-17T04:59:15.000Z,-139.2,138.5,-142.7,-3.5,0,0.1,4790.24,4804.38,4804,4783,SELL,USD,1,1,1583663
D#1702619,XAUUSD,100,7349874591906915856,7349874591887096023,7349874591973977298,7349874591973977028,6336,2026-04-17T03:13:43.000Z,2026-04-17T04:59:19.000Z,109.4,-110.1,107.65,-1.75,0,0.1,4793.72,4804.44,,4804.48,BUY,USD,1,1,1583663
D#1670947,XAUUSD,100,7349874591906915860,7349874591887097142,7349874591973985999,7349874591973984795,809,2026-04-17T04:45:51.000Z,2026-04-17T04:59:20.000Z,-26.55,26.2,-28.31,-1.76,0,0.05,4798.71,4804.24,,,SELL,USD,1,1,1583663
D#1589455,XAUUSD,100,7349874591906915861,7349874591887097330,7349874591973986000,7349874591973985954,10,2026-04-17T04:59:10.000Z,2026-04-17T04:59:20.000Z,-6.12,5.28,-10.32,-4.2,0,0.12,4803.51,4804.24,,,SELL,USD,1,1,1583663
D#1670979,XAUUSD,100,7349874591906915862,7349874591887097215,7349874591973986002,7349874591973985288,407,2026-04-17T04:52:34.000Z,2026-04-17T04:59:21.000Z,-77.97,76.36,-82,-4.03,0,0.23,4800.66,4804.27,,,SELL,USD,1,1,1583663
D#1670866,XAUUSD,100,7349874591906915868,7349874591887096397,7349874591973986020,7349874591973979893,4632,2026-04-17T03:42:17.000Z,2026-04-17T04:59:29.000Z,314.1,-316.2,303.6,-10.5,0,0.3,4792.54,4802.79,4786.49,4806.9,BUY,USD,1,1,1583663
D#1589455,XAUUSD,100,7349874591906915907,7349874591887097339,7349874591973986171,7349874591973986009,56,2026-04-17T04:59:24.000Z,2026-04-17T05:00:20.000Z,-2.88,2.04,-7.08,-4.2,0,0.12,4803.7,4803.24,,,BUY,USD,1,1,1583663
D#1589410,XAUUSD,100,7349874591906915916,7349874591887095771,7349874591973986199,7349874591973975344,7052,2026-04-17T03:02:56.000Z,2026-04-17T05:00:28.000Z,-50.49,50.28,-51.55,-1.06,0,0.03,4787.49,4804.54,,4762.81,SELL,USD,1,1,1583663
D#1589428,XAUUSD,100,7349874591906915932,7349874591887094718,7349874591973967471,7349874591973967470,11171,2026-04-17T01:54:23.000Z,2026-04-17T05:00:34.000Z,-116.52,116.1,-118.62,-2.1,0,0.06,4785.35,4804.99,4805.36,4750.84,SELL,USD,1,1,1583663
D#1671067,XAUUSD,100,7349874591906915960,7349874591887097332,7349874591973986329,7349874591973985956,138,2026-04-17T04:59:10.000Z,2026-04-17T05:01:28.000Z,41.6,-44.4,27.6,-14,0,0.4,4803.71,4804.53,,,BUY,USD,1,1,1583663
D#1589410,XAUUSD,100,7349874591906915989,7349874591887097388,7349874591973986565,7349874591973986260,91,2026-04-17T05:00:48.000Z,2026-04-17T05:02:19.000Z,-4.1,3.4,-7.6,-3.5,0,0.1,4804.49,4803.86,,4803.82,BUY,USD,1,1,1583663
D#1702545,XAUUSD,100,7349874591906916008,7349874591887097149,7349874591973986632,7349874591973984819,981,2026-04-17T04:46:07.000Z,2026-04-17T05:02:28.000Z,-125,123.25,-133.76,-8.76,0,0.25,4798.84,4804.06,4806.83,4792.34,SELL,USD,1,1,1583663
D#1702730,XAUUSD,100,7349874591906916036,7349874591887097364,7349874591973986785,7349874591973986156,176,2026-04-17T05:00:12.000Z,2026-04-17T05:03:08.000Z,-15,13.6,-22,-7,0,0.2,4803.56,4802.59,4801.93,4808.16,BUY,USD,1,1,1583663
D#1702699,XAUUSD,100,7349874591906916064,7349874591887097196,7349874591973986882,7349874591973985123,775,2026-04-17T04:51:00.000Z,2026-04-17T05:03:55.000Z,4.72,-4.86,4.02,-0.7,0,0.02,4799.68,4801.82,4795,4810.67,BUY,USD,1,1,1583663
D#1702361,XAUUSD,100,7349874591906916065,7349874591887097234,7349874591973986883,7349874591973985380,630,2026-04-17T04:53:26.000Z,2026-04-17T05:03:56.000Z,8.15,-8.5,6.39,-1.76,0,0.05,4800.38,4801.79,4795.93,,BUY,USD,1,1,1583663
D#1671067,XAUUSD,100,7349874591906916090,7349874591887097395,7349874591973986335,7349874591973986334,178,2026-04-17T05:01:30.000Z,2026-04-17T05:04:28.000Z,-169.2,166.4,-183.2,-14,0,0.4,4804.73,4800.28,4800.64,,BUY,USD,1,1,1583663
D#1702694,XAUUSD,100,7349874591906916095,7349874591887097069,7349874591973986988,7349874591973984147,1452,2026-04-17T04:40:24.000Z,2026-04-17T05:04:36.000Z,8,-8.35,6.24,-1.76,0,0.05,4799.2,4800.58,4790.91,4815.39,BUY,USD,1,1,1583663
D#1702545,XAUUSD,100,7349874591906916098,7349874591887097417,7349874591973986995,7349874591973986639,127,2026-04-17T05:02:33.000Z,2026-04-17T05:04:40.000Z,-76.25,74.5,-85.01,-8.76,0,0.25,4803.69,4800.42,,4813.24,BUY,USD,1,1,1583663
D#1671061,XAUUSD,100,7349874591906916113,7349874591887097382,7349874591973987049,7349874591973986231,267,2026-04-17T05:00:36.000Z,2026-04-17T05:05:03.000Z,18.25,-18.6,16.49,-1.76,0,0.05,4804.68,4801.25,,,SELL,USD,1,1,1583663
D#1702730,XAUUSD,100,7349874591906916178,7349874591887097443,7349874591973986958,7349874591973986903,136,2026-04-17T05:04:01.000Z,2026-04-17T05:06:17.000Z,-42.4,41.0,-49.4,-7,0,0.2,4802.14,4799.8,4800,4806.68,BUY,USD,1,1,1583663
D#1702361,XAUUSD,100,7349874591906916338,7349874591887097449,7349874591973987520,7349874591973986953,191,2026-04-17T05:04:23.000Z,2026-04-17T05:07:34.000Z,-2.5,2.15,-4.26,-1.76,0,0.05,4801.08,4801.8,4805.17,,SELL,USD,1,1,1583663
D#1589455,XAUUSD,100,7349874591906916404,7349874591887097372,7349874591973987712,7349874591973986193,502,2026-04-17T05:00:26.000Z,2026-04-17T05:08:48.000Z,4.05,-5.1,-1.21,-5.26,0,0.15,4803.84,4803.79,,4796.24,SELL,USD,1,1,1583663
D#1702748,XAUUSD,100,7349874591906916420,7349874591887097446,7349874591973987750,7349874591973986918,291,2026-04-17T05:04:11.000Z,2026-04-17T05:09:02.000Z,-101.4,99.3,-111.9,-10.5,0,0.3,4801.27,4804.87,4806.7,4792.92,SELL,USD,1,1,1583663
D#1702505,XAUUSD,100,7349874591906916431,7349874591887097351,7349874591973986239,7349874591973986088,556,2026-04-17T05:00:00.000Z,2026-04-17T05:09:16.000Z,-36.9,35.85,-42.16,-5.26,0,0.15,4803.01,4805.69,4805.57,4796.23,SELL,USD,1,1,1583663
D#1670866,XAUUSD,100,7349874591906916493,7349874591887097460,7349874591973987846,7349874591973987022,276,2026-04-17T05:04:53.000Z,2026-04-17T05:09:29.000Z,51.6,-52.65,46.34,-5.26,0,0.15,4801.33,4804.55,4789.72,4815.06,BUY,USD,1,1,1583663
D#1702671,XAUUSD,100,7349874591906916502,7349874591887095904,7349874591973987878,7349874591973976211,7340,2026-04-17T03:07:23.000Z,2026-04-17T05:09:43.000Z,-81.1,80.4,-84.6,-3.5,0,0.1,4796.47,4804.8,,,SELL,USD,1,1,1583663
D#1702722,XAUUSD,100,7349874591906916542,7349874591887096950,7349874591973988032,7349874591973983298,2468,2026-04-17T04:29:56.000Z,2026-04-17T05:11:04.000Z,69.28,-69.84,66.48,-2.8,0,0.08,4796.14,4804.58,4791.07,,BUY,USD,1,1,1583663
D#1702412,XAUUSD,100,7349874591906916566,7349874591887097689,7349874591973988123,7349874591973987992,75,2026-04-17T05:10:43.000Z,2026-04-17T05:11:58.000Z,21.6,-24.4,7.6,-14,0,0.4,4804.61,4804.93,,4804.97,BUY,USD,1,1,1583663
D#1702532,XAUUSD,100,7349874591906916607,7349874591887097020,7349874591973988274,7349874591973983851,2184,2026-04-17T04:36:45.000Z,2026-04-17T05:13:09.000Z,-181.1,179.0,-191.6,-10.5,0,0.3,4797.15,4805.66,,,SELL,USD,1,1,1583663
D#1702424,XAUUSD,100,7349874591906916612,7349874591887097635,7349874591973988284,7349874591973987654,295,2026-04-17T05:08:23.000Z,2026-04-17T05:13:18.000Z,-58.2,56.1,-68.7,-10.5,0,0.3,4803.38,4805.54,,,SELL,USD,1,1,1583663
D#1702362,XAUUSD,100,7349874591906916619,7349874591887095895,7349874591973988302,7349874591973976110,7603,2026-04-17T03:06:51.000Z,2026-04-17T05:13:34.000Z,-79.6,78.9,-83.1,-3.5,0,0.1,4797.37,4805.55,,4787.07,SELL,USD,1,1,1583663
D#1702505,XAUUSD,100,7349874591906916664,7349874591887097695,7349874591973988177,7349874591973988026,193,2026-04-17T05:10:59.000Z,2026-04-17T05:14:12.000Z,-34.2,32.8,-41.2,-7,0,0.2,4804.44,4806.37,4806.21,4798.52,SELL,USD,1,1,1583663
D#1670947,XAUUSD,100,7349874591906916672,7349874591887097478,7349874591973988400,7349874591973987134,507,2026-04-17T05:05:48.000Z,2026-04-17T05:14:15.000Z,-27.95,27.6,-29.71,-1.76,0,0.05,4800.45,4806.26,,,SELL,USD,1,1,1583663
D#1702646,XAUUSD,100,7349874591906916744,7349874591887097743,7349874591973988639,7349874591973988345,173,2026-04-17T05:13:54.000Z,2026-04-17T05:16:47.000Z,-5.34,5.2,-6.04,-0.7,0,0.02,4805.67,4802.78,,,BUY,USD,1,1,1583663
D#1702748,XAUUSD,100,7349874591906916750,7349874591887097657,7349874591973988651,7349874591973987786,453,2026-04-17T05:09:18.000Z,2026-04-17T05:16:51.000Z,-98,95.55,-110.26,-12.26,0,0.35,4805.52,4802.5,,4812.93,BUY,USD,1,1,1583663
D#1589455,XAUUSD,100,7349874591906916760,7349874591887097645,7349874591973988670,7349874591973987720,494,2026-04-17T05:08:51.000Z,2026-04-17T05:17:05.000Z,-14.1,13.05,-19.36,-5.26,0,0.15,4803.6,4802.44,,4809.4,BUY,USD,1,1,1583663
D#1702671,XAUUSD,100,7349874591906916762,7349874591887097676,7349874591973988678,7349874591973987922,427,2026-04-17T05:10:03.000Z,2026-04-17T05:17:10.000Z,-20.1,19.4,-23.6,-3.5,0,0.1,4804.65,4802.42,,,BUY,USD,1,1,1583663
D#1702462,XAUUSD,100,7349874591906916809,7349874591887097814,7349874591973988825,7349874591973988775,30,2026-04-17T05:18:20.000Z,2026-04-17T05:18:50.000Z,-4.05,2.16,-13.51,-9.46,0,0.27,4801.99,4802.36,,,SELL,USD,1,1,1583663
D#1670947,XAUUSD,100,7349874591906916818,7349874591887097767,7349874591973988881,7349874591973988496,251,2026-04-17T05:15:09.000Z,2026-04-17T05:19:20.000Z,7.35,-7.7,5.59,-1.76,0,0.05,4804.76,4803.51,,,SELL,USD,1,1,1583663
D#1702646,XAUUSD,100,7349874591906916819,7349874591887097795,7349874591973988887,7349874591973988663,143,2026-04-17T05:16:59.000Z,2026-04-17T05:19:22.000Z,-2.1,1.96,-2.8,-0.7,0,0.02,4802.59,4803.86,,,SELL,USD,1,1,1583663
D#1589455,XAUUSD,100,7349874591906916827,7349874591887097798,7349874591973988920,7349874591973988677,153,2026-04-17T05:17:08.000Z,2026-04-17T05:19:41.000Z,-16.35,15.3,-21.61,-5.26,0,0.15,4802.42,4803.73,,,SELL,USD,1,1,1583663
D#1670934,XAUUSD,100,7349874591906916828,7349874591887097831,7349874591973988921,7349874591973988870,31,2026-04-17T05:19:11.000Z,2026-04-17T05:19:42.000Z,18.5,-22.0,1,-17.5,0,0.5,4803.35,4803.5,,,BUY,USD,1,1,1583663
D#1702646,XAUUSD,100,7349874591906916836,7349874591887097832,7349874591973988951,7349874591973988890,45,2026-04-17T05:19:23.000Z,2026-04-17T05:20:08.000Z,0.47,-0.54,0.11,-0.36,0,0.01,4803.86,4804.11,,,BUY,USD,1,1,1583663
D#1702674,XAUUSD,100,7349874591906916840,7349874591887097776,7349874591973988631,7349874591973988572,243,2026-04-17T05:16:12.000Z,2026-04-17T05:20:15.000Z,-11.7,11.0,-15.2,-3.5,0,0.1,4803.6,4804.99,4804.84,4800.44,SELL,USD,1,1,1583663
D#1702646,XAUUSD,100,7349874591906916849,7349874591887097842,7349874591973988989,7349874591973988955,18,2026-04-17T05:20:11.000Z,2026-04-17T05:20:29.000Z,-0.19,0.12,-0.55,-0.36,0,0.01,4804.48,4804.07,,,BUY,USD,1,1,1583663
D#1702646,XAUUSD,100,7349874591906916856,7349874591887097849,7349874591973989014,7349874591973988994,26,2026-04-17T05:20:31.000Z,2026-04-17T05:20:57.000Z,-2.28,2.0,-3.68,-1.4,0,0.04,4804,4803.21,,,BUY,USD,1,1,1583663
D#1702646,XAUUSD,100,7349874591906916863,7349874591887097853,7349874591973989036,7349874591973989018,20,2026-04-17T05:21:01.000Z,2026-04-17T05:21:21.000Z,1.3,-2.0,-2.2,-3.5,0,0.1,4802.94,4802.85,,,BUY,USD,1,1,1583663
D#1670934,XAUUSD,100,7349874591906916875,7349874591887097851,7349874591973989104,7349874591973989007,82,2026-04-17T05:20:50.000Z,2026-04-17T05:22:12.000Z,25.5,-29.0,8,-17.5,0,0.5,4803.33,4803.62,,,BUY,USD,1,1,1583663
D#1702646,XAUUSD,100,7349874591906916893,7349874591887097856,7349874591973989165,7349874591973989042,96,2026-04-17T05:21:26.000Z,2026-04-17T05:23:02.000Z,39,-40.4,32,-7,0,0.2,4803.05,4804.78,,4838.89,BUY,USD,1,1,1583663
D#1670947,XAUUSD,100,7349874591906916896,7349874591887097857,7349874591973989170,7349874591973989052,90,2026-04-17T05:21:35.000Z,2026-04-17T05:23:05.000Z,-11.85,11.5,-13.61,-1.76,0,0.05,4802.83,4805.42,,,SELL,USD,1,1,1583663
D#1702726,XAUUSD,100,7349874591906916915,7349874591887097568,7349874591973989272,7349874591973987467,1020,2026-04-17T05:07:18.000Z,2026-04-17T05:24:18.000Z,52.6,-54.0,45.6,-7,0,0.2,4802.16,4804.57,,,BUY,USD,1,1,1583663
D#1702730,XAUUSD,100,7349874591906916927,7349874591887097821,7349874591973989314,7349874591973988798,389,2026-04-17T05:18:38.000Z,2026-04-17T05:25:07.000Z,55.6,-57.0,48.6,-7,0,0.2,4802.11,4804.67,4800.86,4806.78,BUY,USD,1,1,1583663
D#1702424,XAUUSD,100,7349874591906916940,7349874591887097735,7349874591973989368,7349874591973988294,752,2026-04-17T05:13:28.000Z,2026-04-17T05:26:00.000Z,10,-13.5,-7.5,-17.5,0,0.5,4805.25,4805.27,,,SELL,USD,1,1,1583663
D#1702639,XAUUSD,100,7349874591906916945,7349874591887097612,7349874591973989277,7349874591973987588,1102,2026-04-17T05:07:50.000Z,2026-04-17T05:26:12.000Z,12.08,-12.64,9.28,-2.8,0,0.08,4802.79,4804.08,4804.38,,BUY,USD,1,1,1583663
D#1670868,XAUUSD,100,7349874591906916947,7349874591887095707,7349874591973989392,7349874591973969366,8813,2026-04-17T02:59:26.000Z,2026-04-17T05:26:19.000Z,131.81,-132.3,129.35,-2.46,0,0.07,4784.89,4803.5,4767.3,4823.98,BUY,USD,1,1,1583663
D#1702424,XAUUSD,100,7349874591906916961,7349874591887097900,7349874591973989453,7349874591973989393,49,2026-04-17T05:26:20.000Z,2026-04-17T05:27:09.000Z,32.64,-36.21,14.78,-17.86,0,0.51,4803.7,4804.12,,,BUY,USD,1,1,1583663
D#1702481,XAUUSD,100,7349874591906916976,7349874591887096177,7349874591973989559,7349874591973978235,7531,2026-04-17T03:22:58.000Z,2026-04-17T05:28:29.000Z,137.1,-138.15,131.84,-5.26,0,0.15,4795.45,4804.37,4790.84,4822.17,BUY,USD,1,1,1583663
D#1702730,XAUUSD,100,7349874591906917017,7349874591887097896,7349874591973989413,7349874591973989365,272,2026-04-17T05:25:58.000Z,2026-04-17T05:30:30.000Z,-53.2,51.8,-60.2,-7,0,0.2,4805.21,4802.33,4802.5,4809.91,BUY,USD,1,1,1583663
D#1702362,XAUUSD,100,7349874591906917031,7349874591887097891,7349874591973989566,7349874591973989321,331,2026-04-17T05:25:14.000Z,2026-04-17T05:30:45.000Z,57.4,-58.8,50.4,-7,0,0.2,4804.73,4802.08,4809.09,4801.96,SELL,USD,1,1,1583663
D#1702730,XAUUSD,100,7349874591906917042,7349874591887097942,7349874591973989803,7349874591973989767,23,2026-04-17T05:30:35.000Z,2026-04-17T05:30:58.000Z,-40.6,39.2,-47.6,-7,0,0.2,4803.11,4800.86,4800.97,,BUY,USD,1,1,1583663
D#1702424,XAUUSD,100,7349874591906917043,7349874591887097906,7349874591973989834,7349874591973989454,228,2026-04-17T05:27:11.000Z,2026-04-17T05:30:59.000Z,166.26,-169.83,148.4,-17.86,0,0.51,4804.14,4801.1,,,SELL,USD,1,1,1583663
D#1702460,XAUUSD,100,7349874591906917053,7349874591887097345,7349874591973989876,7349874591973986068,1879,2026-04-17T04:59:52.000Z,2026-04-17T05:31:11.000Z,-50.8,49.4,-57.8,-7,0,0.2,4803.49,4800.73,,,BUY,USD,1,1,1583663
D#1702424,XAUUSD,100,7349874591906917073,7349874591887097957,7349874591973989927,7349874591973989871,17,2026-04-17T05:31:11.000Z,2026-04-17T05:31:28.000Z,18.87,-22.44,1.01,-17.86,0,0.51,4800.73,4800.58,,,SELL,USD,1,1,1583663
D#1589410,XAUUSD,100,7349874591906917097,7349874591887097423,7349874591973988856,7349874591973986687,1744,2026-04-17T05:02:52.000Z,2026-04-17T05:31:56.000Z,32.6,-33.3,29.1,-3.5,0,0.1,4803.11,4800.07,,4800.09,SELL,USD,1,1,1583663
D#1702361,XAUUSD,100,7349874591906917099,7349874591887097662,7349874591973987895,7349874591973987795,1353,2026-04-17T05:09:23.000Z,2026-04-17T05:31:56.000Z,-25.5,25.15,-27.26,-1.76,0,0.05,4805.19,4799.87,4799.98,,BUY,USD,1,1,1583663
D#1670866,XAUUSD,100,7349874591906917094,7349874591887097723,7349874591973988230,7349874591973988229,1151,2026-04-17T05:12:45.000Z,2026-04-17T05:31:56.000Z,-50,49.3,-53.5,-3.5,0,0.1,4805.06,4799.84,4800.21,4808.21,BUY,USD,1,1,1583663
D#1670956,XAUUSD,100,7349874591906917100,7349874591887097774,7349874591973988866,7349874591973988570,947,2026-04-17T05:16:09.000Z,2026-04-17T05:31:56.000Z,179.08,-182.16,163.68,-15.4,0,0.44,4803.91,4800.06,,4799.96,SELL,USD,1,1,1583663
D#1702481,XAUUSD,100,7349874591906917105,7349874591887097918,7349874591973989602,7349874591973989570,201,2026-04-17T05:28:40.000Z,2026-04-17T05:32:01.000Z,-108.75,107.0,-117.51,-8.76,0,0.25,4804.74,4800.17,4799.73,4816.88,BUY,USD,1,1,1583663
D#1670934,XAUUSD,100,7349874591906917148,7349874591887097899,7349874591973990280,7349874591973989387,429,2026-04-17T05:26:17.000Z,2026-04-17T05:33:26.000Z,-200,196.5,-217.5,-17.5,0,0.5,4803.75,4799.53,,,BUY,USD,1,1,1583663
D#1702424,XAUUSD,100,7349874591906917152,7349874591887098005,7349874591973990293,7349874591973990262,4,2026-04-17T05:33:25.000Z,2026-04-17T05:33:29.000Z,10.71,-14.28,-7.15,-17.86,0,0.51,4799.67,4799.68,,,SELL,USD,1,1,1583663
D#1702505,XAUUSD,100,7349874591906917167,7349874591887097765,7349874591973990315,7349874591973988489,1112,2026-04-17T05:15:05.000Z,2026-04-17T05:33:37.000Z,111.4,-112.8,104.4,-7,0,0.2,4804.69,4799.34,4805.97,4798.56,SELL,USD,1,1,1583663
D#1671067,XAUUSD,100,7349874591906917168,7349874591887097489,7349874591973990323,7349874591973987190,1657,2026-04-17T05:06:04.000Z,2026-04-17T05:33:41.000Z,-50.8,48.0,-64.8,-14,0,0.4,4800.67,4799.18,,4814.44,BUY,USD,1,1,1583663
D#1702730,XAUUSD,100,7349874591906917194,7349874591887097981,7349874591973990091,7349874591973990022,147,2026-04-17T05:31:54.000Z,2026-04-17T05:34:21.000Z,-41,39.6,-48,-7,0,0.2,4800.63,4798.36,4798.71,4805.22,BUY,USD,1,1,1583663
D#1702563,XAUUSD,100,7349874591906917208,7349874591887097793,7349874591973990448,7349874591973988655,1055,2026-04-17T05:16:55.000Z,2026-04-17T05:34:30.000Z,-35.1,34.4,-38.6,-3.5,0,0.1,4802.44,4798.71,,,BUY,USD,1,1,1583663
D#1702358,XAUUSD,100,7349874591906917234,7349874591887097938,7349874591973990558,7349874591973989733,298,2026-04-17T05:30:23.000Z,2026-04-17T05:35:21.000Z,172,-174.8,158,-14,0,0.4,4803.2,4799.12,4802.96,,SELL,USD,1,1,1583663
D#1670947,XAUUSD,100,7349874591906917329,7349874591887097945,7349874591973990978,7349874591973989788,423,2026-04-17T05:30:44.000Z,2026-04-17T05:37:47.000Z,-2.6,2.25,-4.36,-1.76,0,0.05,4801.95,4802.69,,,SELL,USD,1,1,1583663
D#1702730,XAUUSD,100,7349874591906917344,7349874591887098029,7349874591973991020,7349874591973990450,211,2026-04-17T05:34:31.000Z,2026-04-17T05:38:02.000Z,61.4,-62.8,54.4,-7,0,0.2,4798.97,4801.82,4800.35,4803.48,BUY,USD,1,1,1583663
D#1702730,XAUUSD,100,7349874591906917387,7349874591887098119,7349874591973991161,7349874591973991086,59,2026-04-17T05:38:25.000Z,2026-04-17T05:39:24.000Z,-49.6,48.2,-56.6,-7,0,0.2,4801.85,4799.15,4799.93,4806.45,BUY,USD,1,1,1583663
D#1702358,XAUUSD,100,7349874591906917394,7349874591887098138,7349874591973991262,7349874591973991207,23,2026-04-17T05:39:13.000Z,2026-04-17T05:39:36.000Z,46.56,-49.92,29.76,-16.8,0,0.48,4800.37,4799.62,,,SELL,USD,1,1,1583663
D#1670947,XAUUSD,100,7349874591906917411,7349874591887098153,7349874591973991355,7349874591973991338,5,2026-04-17T05:40:18.000Z,2026-04-17T05:40:23.000Z,2.6,-2.95,0.84,-1.76,0,0.05,4800.13,4800.43,,,BUY,USD,1,1,1583663
D#1702733,XAUUSD,100,7349874591906917460,7349874591887096931,7349874591973983154,7349874591973983153,4452,2026-04-17T04:27:26.000Z,2026-04-17T05:41:38.000Z,9.69,-9.9,8.63,-1.06,0,0.03,4794.84,4797.85,4798.05,4820.23,BUY,USD,1,1,1583663
D#1702730,XAUUSD,100,7349874591906917454,7349874591887098152,7349874591973991407,7349874591973991337,81,2026-04-17T05:40:17.000Z,2026-04-17T05:41:38.000Z,-37.2,35.8,-44.2,-7,0,0.2,4800.15,4798.07,4798.7,4804.34,BUY,USD,1,1,1583663
D#1702588,XAUUSD,100,7349874591906917467,7349874591887097601,7349874591973987568,7349874591973987567,2035,2026-04-17T05:07:44.000Z,2026-04-17T05:41:39.000Z,-47.3,46.6,-50.8,-3.5,0,0.1,4802.63,4797.68,4797.76,4822.26,BUY,USD,1,1,1583663
D#1702577,XAUUSD,100,7349874591906917466,7349874591887097603,7349874591973987672,7349874591973987575,2033,2026-04-17T05:07:46.000Z,2026-04-17T05:41:39.000Z,100.2,-101.6,93.2,-7,0,0.2,4802.69,4797.9,4807.79,4797.8,SELL,USD,1,1,1583663
D#1702481,XAUUSD,100,7349874591906917472,7349874591887097987,7349874591973990128,7349874591973990083,565,2026-04-17T05:32:15.000Z,2026-04-17T05:41:40.000Z,-83.5,81.75,-92.26,-8.76,0,0.25,4800.88,4797.32,4797.34,4817.13,BUY,USD,1,1,1583663
D#1702373,XAUUSD,100,7349874591906917487,7349874591887098079,7349874591973990951,7349874591973990830,278,2026-04-17T05:37:06.000Z,2026-04-17T05:41:44.000Z,-15.5,15.15,-17.26,-1.76,0,0.05,4800.07,4796.75,4796.94,,BUY,USD,1,1,1583663
D#1702646,XAUUSD,100,7349874591906917497,7349874591887097874,7349874591973991590,7349874591973989171,1125,2026-04-17T05:23:06.000Z,2026-04-17T05:41:51.000Z,-234,231.9,-244.5,-10.5,0,0.3,4805.41,4797.39,,,BUY,USD,1,1,1583663
D#1702694,XAUUSD,100,7349874591906917565,7349874591887097745,7349874591973988469,7349874591973988354,1806,2026-04-17T05:13:57.000Z,2026-04-17T05:44:03.000Z,-45.4,45.05,-47.16,-1.76,0,0.05,4805.83,4796.53,4796.75,4821.85,BUY,USD,1,1,1583663
D#1589410,XAUUSD,100,7349874591906917574,7349874591887098227,7349874591973991963,7349874591973991900,22,2026-04-17T05:43:47.000Z,2026-04-17T05:44:09.000Z,45.9,-48.0,35.4,-10.5,0,0.3,4797.91,4796.6,,,SELL,USD,1,1,1583663
D#1702513,XAUUSD,100,7349874591906917577,7349874591887097007,7349874591973991969,7349874591973983735,4119,2026-04-17T04:35:34.000Z,2026-04-17T05:44:13.000Z,-73.6,70.8,-87.6,-14,0,0.4,4798.37,4796.31,,4811.38,BUY,USD,1,1,1583663
D#1702424,XAUUSD,100,7349874591906917624,7349874591887098025,7349874591973992167,7349874591973990424,645,2026-04-17T05:34:24.000Z,2026-04-17T05:45:09.000Z,117.3,-120.87,99.44,-17.86,0,0.51,4798.32,4796.24,,,SELL,USD,1,1,1583663
D#1702730,XAUUSD,100,7349874591906917625,7349874591887098180,7349874591973992178,7349874591973991553,214,2026-04-17T05:41:41.000Z,2026-04-17T05:45:15.000Z,36.8,-38.2,29.8,-7,0,0.2,4797.51,4795.89,4799.55,4792.9,SELL,USD,1,1,1583663
D#1671065,XAUUSD,100,7349874591906917628,7349874591887096210,7349874591973978541,7349874591973978505,8374,2026-04-17T03:25:46.000Z,2026-04-17T05:45:20.000Z,3.8,-4.5,0.3,-3.5,0,0.1,4795.48,4795.32,,4795.3,SELL,USD,1,1,1583663
D#1702358,XAUUSD,100,7349874591906917660,7349874591887098229,7349874591973992326,7349874591973991908,129,2026-04-17T05:43:50.000Z,2026-04-17T05:45:59.000Z,30.72,-34.08,13.92,-16.8,0,0.48,4797.64,4797.22,4797.4,,SELL,USD,1,1,1583663
D#1702362,XAUUSD,100,7349874591906917691,7349874591887098137,7349874591973992429,7349874591973991198,443,2026-04-17T05:39:08.000Z,2026-04-17T05:46:31.000Z,66.6,-68.0,59.6,-7,0,0.2,4801.59,4798.48,,,SELL,USD,1,1,1583663
D#1702358,XAUUSD,100,7349874591906917793,7349874591887098300,7349874591973992996,7349874591973992436,242,2026-04-17T05:46:32.000Z,2026-04-17T05:50:34.000Z,1.2,-2.6,-5.8,-7,0,0.2,4798.32,4798.16,,,BUY,USD,1,1,1583663
D#1670868,XAUUSD,100,7349874591906917805,7349874591887098328,7349874591973993027,7349874591973992649,163,2026-04-17T05:48:05.000Z,2026-04-17T05:50:48.000Z,11.76,-12.25,9.3,-2.46,0,0.07,4797.5,4798.96,4749.25,,BUY,USD,1,1,1583663
D#1702358,XAUUSD,100,7349874591906917835,7349874591887098379,7349874591973993144,7349874591973993119,19,2026-04-17T05:51:25.000Z,2026-04-17T05:51:44.000Z,6.2,-7.6,-0.8,-7,0,0.2,4799.02,4798.93,4798.78,,SELL,USD,1,1,1583663
D#1702663,XAUUSD,100,7349874591906917846,7349874591887098164,7349874591973993218,7349874591973991426,685,2026-04-17T05:40:56.000Z,2026-04-17T05:52:21.000Z,-3.12,2.56,-5.92,-2.8,0,0.08,4800.22,4799.61,,4820.98,BUY,USD,1,1,1583663
D#1702730,XAUUSD,100,7349874591906917891,7349874591887098276,7349874591973993453,7349874591973992325,509,2026-04-17T05:45:59.000Z,2026-04-17T05:54:28.000Z,0.2,-1.6,-6.8,-7,0,0.2,4797.22,4797.01,4794.92,4801.67,BUY,USD,1,1,1583663
D#1702532,XAUUSD,100,7349874591906917917,7349874591887098435,7349874591973993598,7349874591973993567,23,2026-04-17T05:55:28.000Z,2026-04-17T05:55:51.000Z,-27.25,25.5,-36.01,-8.76,0,0.25,4796.65,4797.96,,,SELL,USD,1,1,1583663
D#1702450,XAUUSD,100,7349874591906917926,7349874591887098433,7349874591973993627,7349874591973993566,46,2026-04-17T05:55:28.000Z,2026-04-17T05:56:14.000Z,-5.4,5.05,-7.16,-1.76,0,0.05,4796.69,4797.99,,,SELL,USD,1,1,1583663
D#1589410,XAUUSD,100,7349874591906917939,7349874591887098419,7349874591973993697,7349874591973993452,137,2026-04-17T05:54:28.000Z,2026-04-17T05:56:45.000Z,33.9,-36.0,23.4,-10.5,0,0.3,4797.01,4796.1,,4795.19,SELL,USD,1,1,1583663
D#1702588,XAUUSD,100,7349874591906917945,7349874591887098401,7349874591973993713,7349874591973993289,222,2026-04-17T05:53:09.000Z,2026-04-17T05:56:51.000Z,-44.2,42.8,-51.2,-7,0,0.2,4798.49,4796.06,,4810.73,BUY,USD,1,1,1583663
D#1702577,XAUUSD,100,7349874591906917955,7349874591887098259,7349874591973992386,7349874591973992142,721,2026-04-17T05:45:03.000Z,2026-04-17T05:57:04.000Z,11.8,-13.2,4.8,-7,0,0.2,4795.83,4795.46,4806.11,4795.43,SELL,USD,1,1,1583663
D#1589405,XAUUSD,100,7349874591906917965,7349874591887096568,7349874591973993049,7349874591973981012,7185,2026-04-17T03:57:22.000Z,2026-04-17T05:57:07.000Z,24.9,-27.0,14.4,-10.5,0,0.3,4794.21,4794.82,4795.03,,BUY,USD,1,1,1583663
D#1702481,XAUUSD,100,7349874591906917967,7349874591887098403,7349874591973993430,7349874591973993313,225,2026-04-17T05:53:22.000Z,2026-04-17T05:57:07.000Z,-77,75.25,-85.76,-8.76,0,0.25,4798.12,4794.82,4794.94,4817.37,BUY,USD,1,1,1583663
D#1702579,XAUUSD,100,7349874591906917974,7349874591887097430,7349874591973986799,7349874591973986798,3239,2026-04-17T05:03:13.000Z,2026-04-17T05:57:12.000Z,-80.3,79.6,-83.8,-3.5,0,0.1,4802.91,4794.66,4794.87,4812.87,BUY,USD,1,1,1583663
D#1702577,XAUUSD,100,7349874591906917976,7349874591887098457,7349874591973993780,7349874591973993774,3,2026-04-17T05:57:09.000Z,2026-04-17T05:57:12.000Z,10.2,-11.6,3.2,-7,0,0.2,4795.12,4794.83,,,SELL,USD,1,1,1583663
D#1670866,XAUUSD,100,7349874591906917985,7349874591887098096,7349874591973990920,7349874591973990919,1190,2026-04-17T05:37:30.000Z,2026-04-17T05:57:20.000Z,-72.7,72.0,-76.2,-3.5,0,0.1,4801.84,4794.35,4794.65,4806.53,BUY,USD,1,1,1583663
D#1702663,XAUUSD,100,7349874591906917986,7349874591887098393,7349874591973993803,7349874591973993236,288,2026-04-17T05:52:32.000Z,2026-04-17T05:57:20.000Z,-238.8,236.0,-252.8,-14,0,0.4,4800.54,4794.35,4785.2,4810.82,BUY,USD,1,1,1583663
D#1702577,XAUUSD,100,7349874591906917987,7349874591887098460,7349874591973993804,7349874591973993788,4,2026-04-17T05:57:16.000Z,2026-04-17T05:57:20.000Z,11.2,-12.6,4.2,-7,0,0.2,4794.88,4794.54,,,SELL,USD,1,1,1583663
D#1702577,XAUUSD,100,7349874591906917996,7349874591887098463,7349874591973993827,7349874591973993815,6,2026-04-17T05:57:24.000Z,2026-04-17T05:57:30.000Z,1.8,-3.2,-5.2,-7,0,0.2,4794.58,4794.71,,,SELL,USD,1,1,1583663
D#1670868,XAUUSD,100,7349874591906918016,7349874591887098394,7349874591973993532,7349874591973993238,317,2026-04-17T05:52:33.000Z,2026-04-17T05:57:50.000Z,45.29,-45.78,42.83,-2.46,0,0.07,4800.29,4794.04,4810.77,4794,SELL,USD,1,1,1583663
D#1702424,XAUUSD,100,7349874591906918021,7349874591887098292,7349874591973993888,7349874591973992398,697,2026-04-17T05:46:23.000Z,2026-04-17T05:58:00.000Z,103.02,-106.59,85.16,-17.86,0,0.51,4796.41,4794.61,,,SELL,USD,1,1,1583663
D#1702358,XAUUSD,100,7349874591906918029,7349874591887098414,7349874591973993907,7349874591973993426,228,2026-04-17T05:54:16.000Z,2026-04-17T05:58:04.000Z,125.6,-128.4,111.6,-14,0,0.4,4797.93,4795.01,4797.69,,SELL,USD,1,1,1583663
D#1702698,XAUUSD,100,7349874591906918040,7349874591887098141,7349874591973993944,7349874591973991271,1115,2026-04-17T05:39:44.000Z,2026-04-17T05:58:19.000Z,51.3,-52.0,47.8,-3.5,0,0.1,4799.44,4794.53,,,SELL,USD,1,1,1583663
D#1702699,XAUUSD,100,7349874591906918041,7349874591887097445,7349874591973993973,7349874591973986909,3263,2026-04-17T05:04:04.000Z,2026-04-17T05:58:27.000Z,13.74,-13.88,13.04,-0.7,0,0.02,4801.64,4794.99,,,SELL,USD,1,1,1583663
D#1671061,XAUUSD,100,7349874591906918050,7349874591887097471,7349874591973993996,7349874591973987081,3205,2026-04-17T05:05:15.000Z,2026-04-17T05:58:40.000Z,-31.25,30.9,-33.01,-1.76,0,0.05,4801.56,4795.09,4791.1,4810.14,BUY,USD,1,1,1583663
D#1702442,XAUUSD,100,7349874591906918077,7349874591887097616,7349874591973994092,7349874591973987593,3101,2026-04-17T05:07:51.000Z,2026-04-17T05:59:32.000Z,78.2,-78.9,74.7,-3.5,0,0.1,4802.44,4794.84,,4793.07,SELL,USD,1,1,1583663
D#1702724,XAUUSD,100,7349874591906918111,7349874591887097186,7349874591973985148,7349874591973985063,4198,2026-04-17T04:50:10.000Z,2026-04-17T06:00:08.000Z,-29.75,29.4,-31.51,-1.76,0,0.05,4798.84,4792.67,4792.85,4821.55,BUY,USD,1,1,1583663
D#1702639,XAUUSD,100,7349874591906918132,7349874591887097926,7349874591973989639,7349874591973989638,1836,2026-04-17T05:29:35.000Z,2026-04-17T06:00:11.000Z,-112.3,111.6,-115.8,-3.5,0,0.1,4803.74,4792.29,4792.16,4829.02,BUY,USD,1,1,1583663
D#1702460,XAUUSD,100,7349874591906918148,7349874591887098043,7349874591973994274,7349874591973990572,1494,2026-04-17T05:35:26.000Z,2026-04-17T06:00:20.000Z,-206.7,204.6,-217.2,-10.5,0,0.3,4799.42,4792.31,,,BUY,USD,1,1,1583663
D#1702738,XAUUSD,100,7349874591906918153,7349874591887097128,7349874591973984731,7349874591973984701,4502,2026-04-17T04:45:20.000Z,2026-04-17T06:00:22.000Z,-53.34,52.85,-55.8,-2.46,0,0.07,4799.6,4791.76,4791.94,4814.69,BUY,USD,1,1,1583663
D#1670947,XAUUSD,100,7349874591906918193,7349874591887098321,7349874591973994335,7349874591973992637,761,2026-04-17T05:47:52.000Z,2026-04-17T06:00:33.000Z,57.2,-57.9,53.7,-3.5,0,0.1,4796.51,4791.01,,,SELL,USD,1,1,1583663
D#1702577,XAUUSD,100,7349874591906918196,7349874591887098472,7349874591973993970,7349874591973993916,147,2026-04-17T05:58:06.000Z,2026-04-17T06:00:33.000Z,78,-79.4,71,-7,0,0.2,4794.7,4791.02,4799.9,4790.98,SELL,USD,1,1,1583663
D#1702424,XAUUSD,100,7349874591906918228,7349874591887098537,7349874591973994425,7349874591973994362,17,2026-04-17T06:00:37.000Z,2026-04-17T06:00:54.000Z,64.77,-68.34,46.91,-17.86,0,0.51,4791.64,4792.69,,,BUY,USD,1,1,1583663
D#1702722,XAUUSD,100,7349874591906918238,7349874591887098116,7349874591973994476,7349874591973991054,1376,2026-04-17T05:38:14.000Z,2026-04-17T06:01:10.000Z,74.8,-75.36,72,-2.8,0,0.08,4801.61,4792.48,4805.99,,SELL,USD,1,1,1583663
D#1702424,XAUUSD,100,7349874591906918282,7349874591887098575,7349874591973994679,7349874591973994583,40,2026-04-17T06:01:35.000Z,2026-04-17T06:02:15.000Z,37.74,-41.31,19.88,-17.86,0,0.51,4792.92,4792.4,,,SELL,USD,1,1,1583663
D#1702358,XAUUSD,100,7349874591906918303,7349874591887098514,7349874591973994759,7349874591973994219,149,2026-04-17T06:00:09.000Z,2026-04-17T06:02:38.000Z,38.71,-42.14,21.55,-17.16,0,0.49,4792.14,4791.57,,,SELL,USD,1,1,1583663
D#1702568,XAUUSD,100,7349874591906918314,7349874591887098386,7349874591973993182,7349874591973993181,646,2026-04-17T05:51:59.000Z,2026-04-17T06:02:45.000Z,-80.9,80.2,-84.4,-3.5,0,0.1,4798.78,4790.47,4790.75,4829.17,BUY,USD,1,1,1583663
D#1670976,XAUUSD,100,7349874591906918359,7349874591887097095,7349874591973984299,7349874591973976295,4833,2026-04-17T04:42:46.000Z,2026-04-17T06:03:19.000Z,134.94,-135.85,130.38,-4.56,0,0.13,4800.22,4790.06,,4790.1,SELL,USD,1,1,1583663
D#1702396,XAUUSD,100,7349874591906918399,7349874591887097815,7349874591973995059,7349874591973988774,2748,2026-04-17T05:18:20.000Z,2026-04-17T06:04:08.000Z,30.06,-30.27,29,-1.06,0,0.03,4801.99,4792.19,,,SELL,USD,1,1,1583663
D#1702358,XAUUSD,100,7349874591906918439,7349874591887098637,7349874591973995152,7349874591973995007,59,2026-04-17T06:03:46.000Z,2026-04-17T06:04:45.000Z,97.02,-100.45,79.86,-17.16,0,0.49,4791.6,4793.36,,,BUY,USD,1,1,1583663
D#1589410,XAUUSD,100,7349874591906918483,7349874591887098573,7349874591973994638,7349874591973994565,254,2026-04-17T06:01:30.000Z,2026-04-17T06:05:44.000Z,51.3,-53.4,40.8,-10.5,0,0.3,4793.15,4794.64,,4794.41,BUY,USD,1,1,1583663
D#1671088,XAUUSD,100,7349874591906918522,7349874591887098444,7349874591973995457,7349874591973993675,570,2026-04-17T05:56:37.000Z,2026-04-17T06:06:07.000Z,37.12,-39.36,25.92,-11.2,0,0.32,4796.31,4795.37,,4785.78,SELL,USD,1,1,1583663
D#1702577,XAUUSD,100,7349874591906918518,7349874591887098633,7349874591973995452,7349874591973994965,150,2026-04-17T06:03:37.000Z,2026-04-17T06:06:07.000Z,-73.6,72.2,-80.6,-7,0,0.2,4791.34,4795.24,4799.2,4778.53,SELL,USD,1,1,1583663
D#1702675,XAUUSD,100,7349874591906918535,7349874591887097762,7349874591973995496,7349874591973988472,3083,2026-04-17T05:14:53.000Z,2026-04-17T06:06:16.000Z,49.25,-49.6,47.49,-1.76,0,0.05,4804.99,4795.36,4805.1,4765.1,SELL,USD,1,1,1583663
D#1702361,XAUUSD,100,7349874591906918544,7349874591887098160,7349874591973995515,7349874591973991389,1543,2026-04-17T05:40:40.000Z,2026-04-17T06:06:23.000Z,28.5,-28.85,26.74,-1.76,0,0.05,4800.38,4794.9,4805.1,,SELL,USD,1,1,1583663
D#1702724,XAUUSD,100,7349874591906918616,7349874591887098667,7349874591973995366,7349874591973995175,212,2026-04-17T06:04:52.000Z,2026-04-17T06:08:24.000Z,-14.5,13.8,-18,-3.5,0,0.1,4793.63,4791.96,4792.11,4798.58,BUY,USD,1,1,1583663
D#1702361,XAUUSD,100,7349874591906918688,7349874591887098726,7349874591973995662,7349874591973995610,141,2026-04-17T06:06:54.000Z,2026-04-17T06:09:15.000Z,-17.2,16.85,-18.96,-1.76,0,0.05,4793.63,4789.97,4790.16,,BUY,USD,1,1,1583663
D#1702442,XAUUSD,100,7349874591906918709,7349874591887098678,7349874591973996090,7349874591973995230,276,2026-04-17T06:05:03.000Z,2026-04-17T06:09:39.000Z,-27.6,26.9,-31.1,-3.5,0,0.1,4793.68,4790.7,4789.38,4801.26,BUY,USD,1,1,1583663
D#1670919,XAUUSD,100,7349874591906918773,7349874591887098539,7349874591973996291,7349874591973994372,605,2026-04-17T06:00:39.000Z,2026-04-17T06:10:44.000Z,115.6,-118.4,101.6,-14,0,0.4,4792.12,4789.45,,,SELL,USD,1,1,1583663
D#1702723,XAUUSD,100,7349874591906918787,7349874591887098366,7349874591973996311,7349874591973993016,1207,2026-04-17T05:50:43.000Z,2026-04-17T06:10:50.000Z,-185,183.6,-192,-7,0,0.2,4799.07,4789.6,,4803.94,BUY,USD,1,1,1583663
D#1702362,XAUUSD,100,7349874591906918841,7349874591887098551,7349874591973994947,7349874591973994439,632,2026-04-17T06:00:59.000Z,2026-04-17T06:11:31.000Z,75,-76.4,71.5,-3.5,0,0.2,4792.06,4788.53,,4788.49,SELL,USD,1,1,1583663
D#1589405,XAUUSD,100,7349874591906918840,7349874591887098803,7349874591973996381,7349874591973996099,105,2026-04-17T06:09:46.000Z,2026-04-17T06:11:31.000Z,-89.08,86.7,-100.98,-11.9,0,0.34,4791.16,4788.32,4788.54,4806.46,BUY,USD,1,1,1583663
D#1671059,XAUUSD,100,7349874591906918843,7349874591887096287,7349874591973979296,7349874591973979126,9597,2026-04-17T03:31:38.000Z,2026-04-17T06:11:35.000Z,-5.67,5.6,-6.03,-0.36,0,0.01,4794.43,4788.54,4788.35,4837.83,BUY,USD,1,1,1583663
D#1702361,XAUUSD,100,7349874591906918870,7349874591887098807,7349874591973996511,7349874591973996117,130,2026-04-17T06:09:52.000Z,2026-04-17T06:12:02.000Z,-11.9,11.55,-13.66,-1.76,0,0.05,4790.69,4788.09,4786.31,,BUY,USD,1,1,1583663
D#1702589,XAUUSD,100,7349874591906918871,7349874591887098111,7349874591973991209,7349874591973991017,2043,2026-04-17T05:38:00.000Z,2026-04-17T06:12:03.000Z,-100.38,99.89,-102.84,-2.46,0,0.07,4802.15,4787.59,4787.82,4819.12,BUY,USD,1,1,1583663
D#1702664,XAUUSD,100,7349874591906918891,7349874591887098190,7349874591973996600,7349874591973991619,1839,2026-04-17T05:41:57.000Z,2026-04-17T06:12:36.000Z,17.16,-17.3,16.46,-0.7,0,0.02,4797.25,4788.89,4806.13,,SELL,USD,1,1,1583663
D#1702639,XAUUSD,100,7349874591906918893,7349874591887098547,7349874591973996610,7349874591973994405,713,2026-04-17T06:00:47.000Z,2026-04-17T06:12:40.000Z,-71.8,70.4,-78.8,-7,0,0.2,4792.62,4788.81,,,BUY,USD,1,1,1583663
D#1702675,XAUUSD,100,7349874591906918966,7349874591887098741,7349874591973996944,7349874591973995723,405,2026-04-17T06:07:43.000Z,2026-04-17T06:14:28.000Z,50.2,-50.9,46.7,-3.5,0,0.1,4793.46,4788.66,,4778.18,SELL,USD,1,1,1583663
D#1702563,XAUUSD,100,7349874591906919016,7349874591887098560,7349874591973997154,7349874591973994493,881,2026-04-17T06:01:13.000Z,2026-04-17T06:15:54.000Z,35.7,-36.4,32.2,-3.5,0,0.1,4792.76,4789.41,,,SELL,USD,1,1,1583663
D#1589405,XAUUSD,100,7349874591906919083,7349874591887098893,7349874591973997394,7349874591973996865,232,2026-04-17T06:14:00.000Z,2026-04-17T06:17:52.000Z,-3.3,2.6,-6.8,-3.5,0,0.1,4788.23,4787.68,4786.97,,BUY,USD,1,1,1583663
D#1702450,XAUUSD,100,7349874591906919132,7349874591887098621,7349874591973997511,7349874591973994313,914,2026-04-17T06:03:19.000Z,2026-04-17T06:18:33.000Z,-201,197.5,-218.5,-17.5,0,0.5,4790.06,4785.82,4784,4810,BUY,USD,1,1,1583663
D#1702505,XAUUSD,100,7349874591906919127,7349874591887098904,7349874591973997131,7349874591973996960,237,2026-04-17T06:14:36.000Z,2026-04-17T06:18:33.000Z,-47.8,46.4,-54.8,-7,0,0.2,4788.49,4785.88,4786.04,4793.69,BUY,USD,1,1,1583663
D#1702679,XAUUSD,100,7349874591906919175,7349874591887096495,7349874591973997658,7349874591973980592,8840,2026-04-17T03:52:00.000Z,2026-04-17T06:19:20.000Z,-200,198.6,-207,-7,0,0.2,4795.93,4785.71,,,BUY,USD,1,1,1583663
D#1702637,XAUUSD,100,7349874591906919180,7349874591887096178,7349874591973978308,7349874591973978240,10587,2026-04-17T03:23:01.000Z,2026-04-17T06:19:28.000Z,100.5,-101.2,97,-3.5,0,0.1,4795.14,4785.31,4814.48,4785.23,SELL,USD,1,1,1583663
D#1702442,XAUUSD,100,7349874591906919181,7349874591887098935,7349874591973997683,7349874591973997162,207,2026-04-17T06:16:01.000Z,2026-04-17T06:19:28.000Z,87.8,-89.2,80.8,-7,0,0.2,4789.41,4785.24,,,SELL,USD,1,1,1583663
D#1702730,XAUUSD,100,7349874591906919218,7349874591887098928,7349874591973997880,7349874591973997083,306,2026-04-17T06:15:21.000Z,2026-04-17T06:20:27.000Z,11.2,-12.6,4.2,-7,0,0.2,4788.57,4788.23,4789.51,4783.67,SELL,USD,1,1,1583663
D#1702505,XAUUSD,100,7349874591906919233,7349874591887099008,7349874591973997919,7349874591973997791,73,2026-04-17T06:20:00.000Z,2026-04-17T06:21:13.000Z,0.2,-1.6,-6.8,-7,0,0.2,4785.9,4785.69,4785.84,4790.97,BUY,USD,1,1,1583663
D#1589405,XAUUSD,100,7349874591906919234,7349874591887099010,7349874591973997901,7349874591973997801,70,2026-04-17T06:20:04.000Z,2026-04-17T06:21:14.000Z,-7.6,6.9,-11.1,-3.5,0,0.1,4786.55,4785.57,4785.73,,BUY,USD,1,1,1583663
D#1671061,XAUUSD,100,7349874591906919246,7349874591887098489,7349874591973998002,7349874591973994029,1346,2026-04-17T05:58:55.000Z,2026-04-17T06:21:21.000Z,-202,200.6,-209,-7,0,0.2,4795.42,4785.1,,,BUY,USD,1,1,1583663
D#1702613,XAUUSD,100,7349874591906919266,7349874591887096295,7349874591973980313,7349874591973979161,10172,2026-04-17T03:31:52.000Z,2026-04-17T06:21:24.000Z,-76.64,76.08,-79.44,-2.8,0,0.08,4794.42,4784.62,4784.83,4809.15,BUY,USD,1,1,1583663
D#1702552,XAUUSD,100,7349874591906919265,7349874591887098080,7349874591973990833,7349874591973990832,2658,2026-04-17T05:37:06.000Z,2026-04-17T06:21:24.000Z,-152.3,151.6,-155.8,-3.5,0,0.1,4800.07,4784.62,4784.89,4812.1,BUY,USD,1,1,1583663
D#1671088,XAUUSD,100,7349874591906919297,7349874591887098814,7349874591973998080,7349874591973996179,687,2026-04-17T06:10:13.000Z,2026-04-17T06:21:40.000Z,129.6,-131.84,118.4,-11.2,0,0.32,4790.08,4786.25,,,SELL,USD,1,1,1583663
D#1671060,XAUUSD,100,7349874591906919344,7349874591887097338,7349874591973998323,7349874591973986004,5037,2026-04-17T04:59:22.000Z,2026-04-17T06:23:19.000Z,173.8,-174.5,170.3,-3.5,0,0.1,4804.18,4787.02,,,SELL,USD,1,1,1583663
D#1589405,XAUUSD,100,7349874591906919381,7349874591887099067,7349874591973998509,7349874591973998240,119,2026-04-17T06:22:41.000Z,2026-04-17T06:24:40.000Z,-15.9,15.2,-19.4,-3.5,0,0.1,4785.85,4787.66,,,SELL,USD,1,1,1583663
D#1670947,XAUUSD,100,7349874591906919422,7349874591887098607,7349874591973998659,7349874591973994844,1364,2026-04-17T06:03:07.000Z,2026-04-17T06:25:51.000Z,32,-32.7,28.5,-3.5,0,0.1,4791.17,4788.19,,,SELL,USD,1,1,1583663
D#1589410,XAUUSD,100,7349874591906919455,7349874591887099054,7349874591973998794,7349874591973998118,303,2026-04-17T06:21:56.000Z,2026-04-17T06:26:59.000Z,6.9,-9.0,-3.6,-10.5,0,0.3,4786.15,4786.14,,,SELL,USD,1,1,1583663
D#1702730,XAUUSD,100,7349874591906919496,7349874591887099023,7349874591973999004,7349874591973997942,461,2026-04-17T06:20:59.000Z,2026-04-17T06:28:40.000Z,38.8,-40.2,31.8,-7,0,0.2,4787.18,4785.46,4788.94,4782.54,SELL,USD,1,1,1583663
D#1702348,XAUUSD,100,7349874591906919537,7349874591887095439,7349874591973999104,7349874591973972927,13685,2026-04-17T02:41:15.000Z,2026-04-17T06:29:20.000Z,-202.2,200.8,-209.2,-7,0,0.2,4794.46,4784.13,4783.97,4814.6,BUY,USD,1,1,1583663
D#1702517,XAUUSD,100,7349874591906919538,7349874591887096456,7349874591973999105,7349874591973980297,9670,2026-04-17T03:48:11.000Z,2026-04-17T06:29:21.000Z,-203.2,201.8,-210.2,-7,0,0.2,4794.53,4784.15,,4815,BUY,USD,1,1,1583663
D#1670919,XAUUSD,100,7349874591906919539,7349874591887098971,7349874591973999106,7349874591973997472,654,2026-04-17T06:18:27.000Z,2026-04-17T06:29:21.000Z,112.8,-115.6,98.8,-14,0,0.4,4786.86,4784.26,,,SELL,USD,1,1,1583663
D#1702487,XAUUSD,100,7349874591906919542,7349874591887094974,7349874591973999112,7349874591973969553,15655,2026-04-17T02:08:29.000Z,2026-04-17T06:29:24.000Z,83.3,-84.0,79.8,-3.5,0,0.1,4792.31,4784.2,,,SELL,USD,1,1,1583663
D#1702500,XAUUSD,100,7349874591906919558,7349874591887095014,7349874591973969883,7349874591973969825,15543,2026-04-17T02:10:24.000Z,2026-04-17T06:29:27.000Z,79.97,-80.74,76.11,-3.86,0,0.11,4790.74,4783.69,,4783.57,SELL,USD,1,1,1583663
D#1702397,XAUUSD,100,7349874591906919550,7349874591887097408,7349874591973986681,7349874591973986541,5244,2026-04-17T05:02:03.000Z,2026-04-17T06:29:27.000Z,406.8,-408.2,399.8,-7,0,0.2,4803.8,4783.68,4823.04,4783.73,SELL,USD,1,1,1583663
D#1671055,XAUUSD,100,7349874591906919546,7349874591887097866,7349874591973989253,7349874591973989123,4017,2026-04-17T05:22:30.000Z,2026-04-17T06:29:27.000Z,407,-408.4,400,-7,0,0.2,4803.81,4783.68,4795.93,4783.74,SELL,USD,1,1,1583663
D#1702350,XAUUSD,100,7349874591906919549,7349874591887098593,7349874591973995756,7349874591973994730,1618,2026-04-17T06:02:29.000Z,2026-04-17T06:29:27.000Z,74.5,-75.2,71,-3.5,0,0.1,4790.91,4783.68,4795.29,4783.77,SELL,USD,1,1,1583663
D#1702542,XAUUSD,100,7349874591906919552,7349874591887098600,7349874591973994786,7349874591973979029,1602,2026-04-17T06:02:45.000Z,2026-04-17T06:29:27.000Z,-34.7,34.35,-36.46,-1.76,0,0.05,4790.71,4783.55,4784,4815.59,BUY,USD,1,1,1583663
D#1702505,XAUUSD,100,7349874591906919548,7349874591887099051,7349874591973998503,7349874591973998098,460,2026-04-17T06:21:47.000Z,2026-04-17T06:29:27.000Z,-50.8,49.4,-57.8,-7,0,0.2,4786.31,4783.55,4784,4793,BUY,USD,1,1,1583663
D#1702397,XAUUSD,100,7349874591906919656,7349874591887099221,7349874591973999472,7349874591973999424,15,2026-04-17T06:31:05.000Z,2026-04-17T06:31:20.000Z,-0.6,0.32,-2,-1.4,0,0.04,4784.84,4784.47,,,BUY,USD,1,1,1583663
D#1702442,XAUUSD,100,7349874591906919668,7349874591887099044,7349874591973999560,7349874591973998044,617,2026-04-17T06:21:28.000Z,2026-04-17T06:31:45.000Z,-11.8,10.4,-18.8,-7,0,0.2,4784.93,4784.12,4782.74,4789.48,BUY,USD,1,1,1583663
D#1702575,XAUUSD,100,7349874591906919675,7349874591887098408,7349874591973999604,7349874591973993389,2287,2026-04-17T05:54:03.000Z,2026-04-17T06:32:10.000Z,71.5,-71.85,69.74,-1.76,0,0.05,4798.36,4784.28,4810.11,4777.25,SELL,USD,1,1,1583663
D#1702505,XAUUSD,100,7349874591906919682,7349874591887099237,7349874591973999627,7349874591973999600,15,2026-04-17T06:32:05.000Z,2026-04-17T06:32:20.000Z,6.4,-7.8,-0.6,-7,0,0.2,4784.01,4783.91,,,SELL,USD,1,1,1583663
D#1702349,XAUUSD,100,7349874591906919691,7349874591887098518,7349874591973994232,7349874591973982437,1938,2026-04-17T06:00:11.000Z,2026-04-17T06:32:29.000Z,-27.84,27.63,-28.9,-1.06,0,0.03,4792.49,4782.99,4783.12,4824.83,BUY,USD,1,1,1583663
D#1702722,XAUUSD,100,7349874591906919722,7349874591887098673,7349874591973995384,7349874591973995189,1672,2026-04-17T06:04:55.000Z,2026-04-17T06:32:47.000Z,-90.16,89.6,-92.96,-2.8,0,0.08,4793.57,4782.08,4782.64,,BUY,USD,1,1,1583663
D#1702448,XAUUSD,100,7349874591906919725,7349874591887096735,7349874591973982049,7349874591973981925,8649,2026-04-17T04:08:39.000Z,2026-04-17T06:32:48.000Z,-61.05,60.7,-62.81,-1.76,0,0.05,4794.61,4782.18,4782.43,4806.43,BUY,USD,1,1,1583663
D#1702730,XAUUSD,100,7349874591906919751,7349874591887099173,7349874591973999848,7349874591973999055,259,2026-04-17T06:29:07.000Z,2026-04-17T06:33:26.000Z,10.2,-11.6,3.2,-7,0,0.2,4784.51,4784.22,4786.18,4780.2,SELL,USD,1,1,1583663
D#1670964,XAUUSD,100,7349874591906919765,7349874591887099281,7349874591973999937,7349874591973999869,20,2026-04-17T06:33:28.000Z,2026-04-17T06:33:48.000Z,-12.9,12.2,-16.4,-3.5,0,0.1,4783.97,4782.46,,,BUY,USD,1,1,1583663
D#1645641,XAUUSD,100,7349874591906919772,7349874591887096432,7349874591973980265,7349874591973980155,10066,2026-04-17T03:46:05.000Z,2026-04-17T06:33:51.000Z,-70.35,70.0,-72.11,-1.76,0,0.05,4796.1,4781.81,4782,4813,BUY,USD,1,1,1583663
D#1702488,XAUUSD,100,7349874591906919794,7349874591887098271,7349874591974000022,7349874591973992281,2904,2026-04-17T05:45:47.000Z,2026-04-17T06:34:11.000Z,-197.25,196.2,-202.51,-5.26,0,0.15,4795.79,4782.42,,,BUY,USD,1,1,1583663
D#1702616,XAUUSD,100,7349874591906919796,7349874591887098789,7349874591974000035,7349874591973995780,1500,2026-04-17T06:09:15.000Z,2026-04-17T06:34:15.000Z,-159.6,158.2,-166.6,-7,0,0.2,4790.45,4782.25,,,BUY,USD,1,1,1583663
D#1702579,XAUUSD,100,7349874591906919874,7349874591887098522,7349874591973994353,7349874591973994265,2175,2026-04-17T06:00:17.000Z,2026-04-17T06:36:32.000Z,111.2,-111.9,107.7,-3.5,0,0.1,4792.21,4781.31,4798.82,4781.32,SELL,USD,1,1,1583663
D#1670919,XAUUSD,100,7349874591906919896,7349874591887099204,7349874591974000461,7349874591973999313,376,2026-04-17T06:30:34.000Z,2026-04-17T06:36:50.000Z,133.5,-137.0,116,-17.5,0,0.5,4783.16,4780.71,,,SELL,USD,1,1,1583663
D#1702724,XAUUSD,100,7349874591906919898,7349874591887098808,7349874591973996625,7349874591973996129,1615,2026-04-17T06:09:56.000Z,2026-04-17T06:36:51.000Z,102.8,-103.5,99.3,-3.5,0,0.1,4790.7,4780.64,4791.93,4780.55,SELL,USD,1,1,1583663
D#1702442,XAUUSD,100,7349874591906919897,7349874591887099235,7349874591974000464,7349874591973999580,298,2026-04-17T06:31:53.000Z,2026-04-17T06:36:51.000Z,71.4,-72.8,64.4,-7,0,0.2,4784,4780.65,,,SELL,USD,1,1,1583663
D#1702664,XAUUSD,100,7349874591906919904,7349874591887098933,7349874591973997927,7349874591973997113,1273,2026-04-17T06:15:39.000Z,2026-04-17T06:36:52.000Z,-16.44,16.3,-17.14,-0.7,0,0.02,4788.61,4780.17,4780.46,,BUY,USD,1,1,1583663
D#1702730,XAUUSD,100,7349874591906919945,7349874591887099286,7349874591974000509,7349874591973999913,199,2026-04-17T06:33:39.000Z,2026-04-17T06:36:58.000Z,68,-69.4,61,-7,0,0.2,4782.78,4779.6,4784.86,4777.56,SELL,USD,1,1,1583663
D#1671086,XAUUSD,100,7349874591906919958,7349874591887098680,7349874591974000551,7349874591973995238,1926,2026-04-17T06:05:05.000Z,2026-04-17T06:37:11.000Z,-124.8,124.1,-128.3,-3.5,0,0.1,4793.69,4780.99,,4801,BUY,USD,1,1,1583663
D#1702632,XAUUSD,100,7349874591906919962,7349874591887097125,7349874591974000568,7349874591973984712,6724,2026-04-17T04:45:09.000Z,2026-04-17T06:37:13.000Z,-198.4,197.7,-201.9,-3.5,0,0.1,4800.98,4780.92,,4841.47,BUY,USD,1,1,1583663
D#1702577,XAUUSD,100,7349874591906919985,7349874591887098711,7349874591974000657,7349874591973995493,1886,2026-04-17T06:06:15.000Z,2026-04-17T06:37:41.000Z,308,-309.4,301,-7,0,0.2,4794.94,4779.76,4786.59,4778.51,SELL,USD,1,1,1583663
D#1670866,XAUUSD,100,7349874591906919997,7349874591887099060,7349874591974000721,7349874591973998173,953,2026-04-17T06:22:13.000Z,2026-04-17T06:38:06.000Z,56.9,-57.6,53.4,-3.5,0,0.1,4787.09,4781.62,4797.65,4777.78,SELL,USD,1,1,1583663
D#1702737,XAUUSD,100,7349874591906920006,7349874591887094834,7349874591974000750,7349874591973968419,16700,2026-04-17T01:59:59.000Z,2026-04-17T06:38:19.000Z,79.5,-80.2,76,-3.5,0,0.1,4789.51,4781.78,,4778.18,SELL,USD,1,1,1583663
D#1702730,XAUUSD,100,7349874591906920014,7349874591887099363,7349874591974000757,7349874591974000627,56,2026-04-17T06:37:30.000Z,2026-04-17T06:38:26.000Z,-68.2,66.8,-75.2,-7,0,0.2,4779.49,4783.12,4782.9,4775.32,SELL,USD,1,1,1583663
D#1670947,XAUUSD,100,7349874591906920085,7349874591887099134,7349874591974000970,7349874591973998750,775,2026-04-17T06:26:41.000Z,2026-04-17T06:39:36.000Z,-0.6,-0.1,-4.1,-3.5,0,0.1,4786.2,4786.48,,,SELL,USD,1,1,1583663
D#1702660,XAUUSD,100,7349874591906920093,7349874591887099397,7349874591974000998,7349874591974000935,19,2026-04-17T06:39:22.000Z,2026-04-17T06:39:41.000Z,3,-3.35,1.24,-1.76,0,0.05,4785.75,4786.13,,,BUY,USD,1,1,1583663
D#1702616,XAUUSD,100,7349874591906920137,7349874591887099303,7349874591974001146,7349874591974000085,348,2026-04-17T06:34:32.000Z,2026-04-17T06:40:20.000Z,-123,120.9,-133.5,-10.5,0,0.3,4782.44,4786.76,,,SELL,USD,1,1,1583663
D#1702361,XAUUSD,100,7349874591906920162,7349874591887099168,7349874591974001254,7349874591973999018,730,2026-04-17T06:28:53.000Z,2026-04-17T06:41:03.000Z,-7.25,6.9,-9.01,-1.76,0,0.05,4785.02,4786.69,4788.99,,SELL,USD,1,1,1583663
D#1702737,XAUUSD,100,7349874591906920163,7349874591887099379,7349874591974001258,7349874591974000793,150,2026-04-17T06:38:36.000Z,2026-04-17T06:41:06.000Z,35.8,-36.5,32.3,-3.5,0,0.1,4783.22,4786.58,,4787.54,BUY,USD,1,1,1583663
D#1702730,XAUUSD,100,7349874591906920165,7349874591887099396,7349874591974001273,7349874591974000902,123,2026-04-17T06:39:09.000Z,2026-04-17T06:41:12.000Z,34.2,-35.6,27.2,-7,0,0.2,4785.05,4786.54,4784.1,4790.06,BUY,USD,1,1,1583663
D#1670947,XAUUSD,100,7349874591906920176,7349874591887099453,7349874591974001325,7349874591974001291,18,2026-04-17T06:41:19.000Z,2026-04-17T06:41:37.000Z,-5.6,4.9,-9.1,-3.5,0,0.1,4786.31,4785.53,,,BUY,USD,1,1,1583663
D#1670947,XAUUSD,100,7349874591906920204,7349874591887099465,7349874591974001459,7349874591974001380,27,2026-04-17T06:41:58.000Z,2026-04-17T06:42:25.000Z,1.3,-2.0,-2.2,-3.5,0,0.1,4785.69,4785.6,,,BUY,USD,1,1,1583663
D#1589408,XAUUSD,100,7349874591906920224,7349874591887096910,7349874591974001575,7349874591973983005,8327,2026-04-17T04:24:34.000Z,2026-04-17T06:43:21.000Z,-9.71,9.64,-10.07,-0.36,0,0.01,4794.95,4785.02,,,BUY,USD,1,1,1583663
D#1702660,XAUUSD,100,7349874591906920232,7349874591887099433,7349874591974001654,7349874591974001119,221,2026-04-17T06:40:15.000Z,2026-04-17T06:43:56.000Z,-5.8,5.45,-7.56,-1.76,0,0.05,4787.17,4785.79,,,BUY,USD,1,1,1583663
D#1702362,XAUUSD,100,7349874591906920329,7349874591887099476,7349874591974002101,7349874591974001468,269,2026-04-17T06:42:27.000Z,2026-04-17T06:46:56.000Z,-13,11.6,-20,-7,0,0.2,4785.75,4784.88,4777.08,4787.43,BUY,USD,1,1,1583663
D#1670955,XAUUSD,100,7349874591906920348,7349874591887099500,7349874591974002164,7349874591974001720,170,2026-04-17T06:44:26.000Z,2026-04-17T06:47:16.000Z,-0.44,0.37,-0.8,-0.36,0,0.01,4785.92,4785.26,,,BUY,USD,1,1,1583663
D#1702730,XAUUSD,100,7349874591906920358,7349874591887099464,7349874591974001464,7349874591974001376,344,2026-04-17T06:41:55.000Z,2026-04-17T06:47:39.000Z,-38.64,36.96,-47.04,-8.4,0,0.24,4786.39,4784.56,4784.67,4790.19,BUY,USD,1,1,1583663
D#1670957,XAUUSD,100,7349874591906920405,7349874591887099552,7349874591974002447,7349874591974002104,145,2026-04-17T06:46:59.000Z,2026-04-17T06:49:24.000Z,0.13,-0.2,-0.23,-0.36,0,0.01,4784.98,4784.89,,,BUY,USD,1,1,1583663
D#1702495,XAUUSD,100,7349874591906920414,7349874591887099567,7349874591974002481,7349874591974002230,119,2026-04-17T06:47:47.000Z,2026-04-17T06:49:46.000Z,2.04,-2.32,0.64,-1.4,0,0.04,4785.09,4785.38,,,BUY,USD,1,1,1583663
D#1670957,XAUUSD,100,7349874591906920428,7349874591887099585,7349874591974002519,7349874591974002455,41,2026-04-17T06:49:27.000Z,2026-04-17T06:50:08.000Z,3,-3.28,1.6,-1.4,0,0.04,4784.96,4785.49,,,BUY,USD,1,1,1583663
D#1702693,XAUUSD,100,7349874591906920474,7349874591887095851,7349874591974002688,7349874591973975902,13503,2026-04-17T03:05:58.000Z,2026-04-17T06:51:01.000Z,15.58,-15.72,14.88,-0.7,0,0.02,4794.72,4787.15,,,SELL,USD,1,1,1583663
D#1702482,XAUUSD,100,7349874591906920479,7349874591887099452,7349874591974002711,7349874591974001259,607,2026-04-17T06:41:06.000Z,2026-04-17T06:51:13.000Z,4,-5.4,-3,-7,0,0.2,4786.6,4786.62,,,SELL,USD,1,1,1583663
D#1670955,XAUUSD,100,7349874591906920486,7349874591887099566,7349874591974002745,7349874591974002226,222,2026-04-17T06:47:45.000Z,2026-04-17T06:51:27.000Z,6.1,-6.45,4.34,-1.76,0,0.05,4785.12,4786.12,,,BUY,USD,1,1,1583663
D#1702430,XAUUSD,100,7349874591906920534,7349874591887099639,7349874591974002972,7349874591974002865,47,2026-04-17T06:52:16.000Z,2026-04-17T06:53:03.000Z,0,-0.07,-0.36,-0.36,0,0.01,4785.72,4785.5,,,BUY,USD,1,1,1583663
D#1702430,XAUUSD,100,7349874591906920567,7349874591887099655,7349874591974003083,7349874591974002986,55,2026-04-17T06:53:19.000Z,2026-04-17T06:54:14.000Z,-0.1,0.03,-0.46,-0.36,0,0.01,4785.04,4784.72,,4793.14,BUY,USD,1,1,1583663
D#1589408,XAUUSD,100,7349874591906920587,7349874591887099516,7349874591974003183,7349874591974001822,583,2026-04-17T06:45:12.000Z,2026-04-17T06:54:55.000Z,-1.16,1.02,-1.86,-0.7,0,0.02,4785.6,4784.8,,,BUY,USD,1,1,1583663
D#1670955,XAUUSD,100,7349874591906920674,7349874591887099635,7349874591974003476,7349874591974002833,274,2026-04-17T06:52:04.000Z,2026-04-17T06:56:38.000Z,8.8,-9.15,7.04,-1.76,0,0.05,4784.45,4785.99,,,BUY,USD,1,1,1583663
D#1702661,XAUUSD,100,7349874591906920675,7349874591887097816,7349874591974003479,7349874591973988779,5896,2026-04-17T05:18:24.000Z,2026-04-17T06:56:40.000Z,79.55,-79.9,77.79,-1.76,0,0.05,4802.12,4786.43,4812.08,4772.67,SELL,USD,1,1,1583663
D#1670955,XAUUSD,100,7349874591906920793,7349874591887099732,7349874591974004054,7349874591974003519,205,2026-04-17T06:56:59.000Z,2026-04-17T07:00:24.000Z,-3.8,3.45,-5.56,-1.76,0,0.05,4786.4,4785.42,,,BUY,USD,1,1,1583663
D#1702742,XAUUSD,100,7349874591906920880,7349874591887099788,7349874591974004411,7349874591974003951,166,2026-04-17T06:59:56.000Z,2026-04-17T07:02:42.000Z,-15.8,14.4,-22.8,-7,0,0.2,4785.22,4786.23,,,SELL,USD,1,1,1583663
D#1670919,XAUUSD,100,7349874591906920972,7349874591887099606,7349874591974004738,7349874591974002596,851,2026-04-17T06:50:34.000Z,2026-04-17T07:04:45.000Z,98,-101.5,80.5,-17.5,0,0.5,4786.45,4788.19,,,BUY,USD,1,1,1583663
D#1702526,XAUUSD,100,7349874591906920976,7349874591887099497,7349874591974001710,7349874591974001663,1254,2026-04-17T06:44:03.000Z,2026-04-17T07:04:57.000Z,-30.3,29.6,-33.8,-3.5,0,0.1,4785.61,4788.86,4788.61,4768.42,SELL,USD,1,1,1583663
D#1702693,XAUUSD,100,7349874591906920996,7349874591887099624,7349874591974004805,7349874591974002721,830,2026-04-17T06:51:18.000Z,2026-04-17T07:05:08.000Z,57.8,-59.2,50.8,-7,0,0.2,4786.68,4789.35,,,BUY,USD,1,1,1583663
D#1702430,XAUUSD,100,7349874591906921141,7349874591887099675,7349874591974003156,7349874591974003124,833,2026-04-17T06:54:31.000Z,2026-04-17T07:08:24.000Z,102.2,-103.6,95.2,-7,0,0.2,4785.05,4789.94,,4789.98,BUY,USD,1,1,1583663
D#1702699,XAUUSD,100,7349874591906921233,7349874591887099894,7349874591974005736,7349874591974004723,389,2026-04-17T07:04:43.000Z,2026-04-17T07:11:12.000Z,1.78,-1.92,1.08,-0.7,0,0.02,4788.25,4788.92,,,BUY,USD,1,1,1583663
D#1670955,XAUUSD,100,7349874591906921240,7349874591887099857,7349874591974005774,7349874591974004432,521,2026-04-17T07:02:52.000Z,2026-04-17T07:11:33.000Z,15.65,-16.0,13.89,-1.76,0,0.05,4786.34,4789.25,,,BUY,USD,1,1,1583663
D#1702375,XAUUSD,100,7349874591906921245,7349874591887099518,7349874591974005787,7349874591974001843,1576,2026-04-17T06:45:23.000Z,2026-04-17T07:11:39.000Z,14.6,-14.95,12.84,-1.76,0,0.05,4786.52,4789.22,,,BUY,USD,1,1,1583663
D#1702590,XAUUSD,100,7349874591906921398,7349874591887100003,7349874591974005698,7349874591974005550,377,2026-04-17T07:09:59.000Z,2026-04-17T07:16:16.000Z,-60.2,58.8,-67.2,-7,0,0.2,4789.7,4786.47,4786.62,4793.84,BUY,USD,1,1,1583663
D#1702647,XAUUSD,100,7349874591906921399,7349874591887099960,7349874591974005799,7349874591974005208,500,2026-04-17T07:07:58.000Z,2026-04-17T07:16:18.000Z,-57.8,56.4,-64.8,-7,0,0.2,4789.71,4786.6,4786.47,4793.82,BUY,USD,1,1,1583663
D#1702730,XAUUSD,100,7349874591906921412,7349874591887099934,7349874591974005128,7349874591974005039,580,2026-04-17T07:06:50.000Z,2026-04-17T07:16:30.000Z,-41.4,40.0,-48.4,-7,0,0.2,4788.15,4785.86,4786.1,4793.16,BUY,USD,1,1,1583663
D#1702501,XAUUSD,100,7349874591906921477,7349874591887100057,7349874591974006669,7349874591974005959,311,2026-04-17T07:13:00.000Z,2026-04-17T07:18:11.000Z,23.54,-24.31,19.68,-3.86,0,0.11,4788.12,4786.2,,,SELL,USD,1,1,1583663
D#1702699,XAUUSD,100,7349874591906921589,7349874591887100029,7349874591974007075,7349874591974005783,538,2026-04-17T07:11:37.000Z,2026-04-17T07:20:35.000Z,19.47,-20.24,15.61,-3.86,0,0.11,4789.17,4787.62,,,SELL,USD,1,1,1583663
D#1702730,XAUUSD,100,7349874591906921614,7349874591887100194,7349874591974006958,7349874591974006841,115,2026-04-17T07:19:22.000Z,2026-04-17T07:21:17.000Z,-15.6,14.2,-22.6,-7,0,0.2,4787.01,4786.01,4786.22,4791.51,BUY,USD,1,1,1583663
D#1702686,XAUUSD,100,7349874591906921642,7349874591887100249,7349874591974007280,7349874591974007189,42,2026-04-17T07:21:20.000Z,2026-04-17T07:22:02.000Z,1.58,-1.65,1.22,-0.36,0,0.01,4785.76,4787.12,,,BUY,USD,1,1,1583663
D#1702686,XAUUSD,100,7349874591906921686,7349874591887100271,7349874591974007506,7349874591974007370,65,2026-04-17T07:22:49.000Z,2026-04-17T07:23:54.000Z,2.21,-2.28,1.85,-0.36,0,0.01,4787.01,4789,,,BUY,USD,1,1,1583663
D#1702387,XAUUSD,100,7349874591906921703,7349874591887099887,7349874591974005567,7349874591974004675,1194,2026-04-17T07:04:30.000Z,2026-04-17T07:24:24.000Z,12.95,-13.3,11.19,-1.76,0,0.05,4787.56,4789.93,4781,4790,BUY,USD,1,1,1583663
D#1702730,XAUUSD,100,7349874591906921716,7349874591887100254,7349874591974007616,7349874591974007223,186,2026-04-17T07:21:33.000Z,2026-04-17T07:24:39.000Z,49,-50.4,42,-7,0,0.2,4787.08,4789.31,4785.11,4792.04,BUY,USD,1,1,1583663
D#1702482,XAUUSD,100,7349874591906921747,7349874591887099764,7349874591974005856,7349874591974003812,1581,2026-04-17T06:59:13.000Z,2026-04-17T07:25:34.000Z,110.6,-112.0,103.6,-7,0,0.2,4785.96,4791.27,,4791.33,BUY,USD,1,1,1583663
D#1702430,XAUUSD,100,7349874591906921752,7349874591887100043,7349874591974005894,7349874591974005858,808,2026-04-17T07:12:11.000Z,2026-04-17T07:25:39.000Z,58.4,-59.8,51.4,-7,0,0.2,4788.83,4791.53,,4791.73,BUY,USD,1,1,1583663
D#1671088,XAUUSD,100,7349874591906921764,7349874591887099352,7349874591974007764,7349874591974000528,2928,2026-04-17T06:37:02.000Z,2026-04-17T07:25:50.000Z,-349.76,347.52,-360.96,-11.2,0,0.32,4780.62,4791.77,,4775.34,SELL,USD,1,1,1583663
D#1702590,XAUUSD,100,7349874591906921770,7349874591887100232,7349874591974007256,7349874591974007105,300,2026-04-17T07:20:54.000Z,2026-04-17T07:25:54.000Z,96,-97.4,89,-7,0,0.2,4787.54,4792.12,4784.53,4792.2,BUY,USD,1,1,1583663
D#1589408,XAUUSD,100,7349874591906921783,7349874591887099694,7349874591974005136,7349874591974003238,1858,2026-04-17T06:55:09.000Z,2026-04-17T07:26:07.000Z,-38.35,38.0,-40.11,-1.76,0,0.05,4784.58,4792.47,4792.34,4770.93,SELL,USD,1,1,1583663
D#1702694,XAUUSD,100,7349874591906921784,7349874591887099250,7349874591974001117,7349874591973999671,3213,2026-04-17T06:32:35.000Z,2026-04-17T07:26:08.000Z,-45.95,45.6,-47.71,-1.76,0,0.05,4783.15,4792.56,4792.42,4761.1,SELL,USD,1,1,1583663
D#1702698,XAUUSD,100,7349874591906921789,7349874591887098947,7349874591974005444,7349874591973997270,4161,2026-04-17T06:16:50.000Z,2026-04-17T07:26:11.000Z,99.6,-101.0,92.6,-7,0,0.2,4788.2,4792.96,,4792.94,BUY,USD,1,1,1583663
D#1702722,XAUUSD,100,7349874591906921788,7349874591887099328,7349874591974000315,7349874591974000259,3032,2026-04-17T06:35:39.000Z,2026-04-17T07:26:11.000Z,-88.08,87.52,-90.88,-2.8,0,0.08,4781.9,4793.13,4792.86,,SELL,USD,1,1,1583663
D#1589410,XAUUSD,100,7349874591906921859,7349874591887100327,7349874591974007996,7349874591974007844,56,2026-04-17T07:26:18.000Z,2026-04-17T07:27:14.000Z,17,-20.5,-0.5,-17.5,0,0.5,4791.39,4791.51,,,BUY,USD,1,1,1583663
D#1702563,XAUUSD,100,7349874591906921886,7349874591887099563,7349874591974008082,7349874591974002014,2421,2026-04-17T06:47:39.000Z,2026-04-17T07:28:00.000Z,72.5,-73.2,69,-3.5,0,0.1,4784.82,4791.85,,,BUY,USD,1,1,1583663
D#1702480,XAUUSD,100,7349874591906921931,7349874591887100394,7349874591974008353,7349874591974008323,19,2026-04-17T07:30:01.000Z,2026-04-17T07:30:20.000Z,17.8,-19.2,10.8,-7,0,0.2,4791.73,4791.06,,,SELL,USD,1,1,1583663
D#1670976,XAUUSD,100,7349874591906922003,7349874591887099242,7349874591973999701,7349874591973999619,3596,2026-04-17T06:32:18.000Z,2026-04-17T07:32:14.000Z,118.56,-119.4,114.36,-4.2,0,0.12,4784.27,4793.93,,4794,BUY,USD,1,1,1583663
D#1702686,XAUUSD,100,7349874591906922020,7349874591887100390,7349874591974008657,7349874591974008308,161,2026-04-17T07:29:53.000Z,2026-04-17T07:32:34.000Z,-5.52,5.31,-6.58,-1.06,0,0.03,4791.71,4793.77,,,SELL,USD,1,1,1583663
D#1645646,XAUUSD,100,7349874591906922062,7349874591887099000,7349874591973998420,7349874591973997690,4483,2026-04-17T06:19:30.000Z,2026-04-17T07:34:13.000Z,-42.7,42.35,-44.46,-1.76,0,0.05,4785.64,4794.4,4794.22,4720.06,SELL,USD,1,1,1583663
D#1670964,XAUUSD,100,7349874591906922106,7349874591887100293,7349874591974008478,7349874591974007535,685,2026-04-17T07:24:09.000Z,2026-04-17T07:35:34.000Z,28.1,-28.8,24.6,-3.5,0,0.1,4789.34,4791.93,4792.12,,BUY,USD,1,1,1583663
D#1702575,XAUUSD,100,7349874591906922111,7349874591887099546,7349874591974009053,7349874591974002051,2951,2026-04-17T06:46:31.000Z,2026-04-17T07:35:42.000Z,71.5,-72.2,68,-3.5,0,0.1,4785.41,4792.34,4774.99,4805.05,BUY,USD,1,1,1583663
D#1702541,XAUUSD,100,7349874591906922123,7349874591887100367,7349874591974008123,7349874591974008122,469,2026-04-17T07:28:14.000Z,2026-04-17T07:36:03.000Z,-20.52,18.0,-33.12,-12.6,0,0.36,4791.88,4791.09,4791.75,4808.33,BUY,USD,1,1,1583663
D#1702480,XAUUSD,100,7349874591906922126,7349874591887100427,7349874591974009111,7349874591974008545,257,2026-04-17T07:31:48.000Z,2026-04-17T07:36:05.000Z,79.2,-82.35,63.44,-15.76,0,0.45,4793.06,4791.52,,4783.44,SELL,USD,1,1,1583663
D#1702730,XAUUSD,100,7349874591906922140,7349874591887100316,7349874591974007910,7349874591974007775,618,2026-04-17T07:25:55.000Z,2026-04-17T07:36:13.000Z,-34.4,33.0,-41.4,-7,0,0.2,4791.87,4789.93,4790.68,4796.95,BUY,USD,1,1,1583663
D#1702377,XAUUSD,100,7349874591906922141,7349874591887100468,7349874591974008946,7349874591974008835,130,2026-04-17T07:34:03.000Z,2026-04-17T07:36:13.000Z,-56.25,55.2,-61.51,-5.26,0,0.15,4793.9,4789.93,4790.45,4800.45,BUY,USD,1,1,1583663
D#1645644,XAUUSD,100,7349874591906922156,7349874591887100362,7349874591974009169,7349874591974008036,522,2026-04-17T07:27:40.000Z,2026-04-17T07:36:22.000Z,-16.3,15.6,-19.8,-3.5,0,0.1,4791.78,4789.93,4772.96,4832.03,BUY,USD,1,1,1583663
D#1702426,XAUUSD,100,7349874591906922160,7349874591887100467,7349874591974008876,7349874591974008832,145,2026-04-17T07:34:02.000Z,2026-04-17T07:36:27.000Z,-40.1,39.4,-43.6,-3.5,0,0.1,4794.01,4789.78,4789.89,4799.74,BUY,USD,1,1,1583663
D#1702590,XAUUSD,100,7349874591906922163,7349874591887100408,7349874591974008483,7349874591974008425,333,2026-04-17T07:30:57.000Z,2026-04-17T07:36:30.000Z,-57.2,55.8,-64.2,-7,0,0.2,4792.22,4789.14,4789.73,4796.34,BUY,USD,1,1,1583663
D#1589408,XAUUSD,100,7349874591906922173,7349874591887100398,7349874591974008546,7349874591974008370,364,2026-04-17T07:30:36.000Z,2026-04-17T07:36:40.000Z,-10.05,9.7,-11.81,-1.76,0,0.05,4791.15,4788.92,4789.22,4807.27,BUY,USD,1,1,1583663
D#1702387,XAUUSD,100,7349874591906922181,7349874591887100356,7349874591974009217,7349874591974007982,580,2026-04-17T07:27:07.000Z,2026-04-17T07:36:47.000Z,17.46,-17.88,15.36,-2.1,0,0.06,4791.65,4788.96,4800,4787,SELL,USD,1,1,1583663
D#1702686,XAUUSD,100,7349874591906922204,7349874591887100454,7349874591974009289,7349874591974008711,256,2026-04-17T07:32:56.000Z,2026-04-17T07:37:12.000Z,28.45,-28.8,26.69,-1.76,0,0.05,4793.53,4788.06,,,SELL,USD,1,1,1583663
D#1702579,XAUUSD,100,7349874591906922209,7349874591887099423,7349874591974001076,7349874591974001075,3434,2026-04-17T06:40:02.000Z,2026-04-17T07:37:16.000Z,10.2,-10.9,6.7,-3.5,0,0.1,4786.31,4787.11,4787.2,4797.2,BUY,USD,1,1,1583663
D#1702699,XAUUSD,100,7349874591906922222,7349874591887100354,7349874591974009374,7349874591974007969,639,2026-04-17T07:27:03.000Z,2026-04-17T07:37:42.000Z,38.72,-39.49,34.86,-3.86,0,0.11,4791.67,4788.37,,,SELL,USD,1,1,1583663
D#1702730,XAUUSD,100,7349874591906922244,7349874591887100546,7349874591974009487,7349874591974009322,60,2026-04-17T07:37:25.000Z,2026-04-17T07:38:25.000Z,50.32,-52.91,37.36,-12.96,0,0.37,4787.61,4788.75,4786.1,4790.13,BUY,USD,1,1,1583663
D#1702685,XAUUSD,100,7349874591906922259,7349874591887099301,7349874591974000379,7349874591974000077,3882,2026-04-17T06:34:28.000Z,2026-04-17T07:39:10.000Z,34.6,-35.3,31.1,-3.5,0,0.1,4782.71,4785.95,4786.59,4800.33,BUY,USD,1,1,1583663
D#1670947,XAUUSD,100,7349874591906922275,7349874591887100491,7349874591974009606,7349874591974009004,257,2026-04-17T07:35:19.000Z,2026-04-17T07:39:36.000Z,53.4,-54.1,49.9,-3.5,0,0.1,4792.53,4787.41,,,SELL,USD,1,1,1583663
D#1702729,XAUUSD,100,7349874591906922312,7349874591887099287,7349874591974009754,7349874591973999925,4003,2026-04-17T06:33:42.000Z,2026-04-17T07:40:25.000Z,102.96,-104.5,95.26,-7.7,0,0.22,4782.78,4787.24,4785.76,4804.87,BUY,USD,1,1,1583663
D#1702730,XAUUSD,100,7349874591906922336,7349874591887100581,7349874591974009675,7349874591974009597,97,2026-04-17T07:39:30.000Z,2026-04-17T07:41:07.000Z,-62.3,59.85,-74.56,-12.26,0,0.35,4787.53,4785.53,4786.11,4790.11,BUY,USD,1,1,1583663
D#1702583,XAUUSD,100,7349874591906922353,7349874591887100550,7349874591974009456,7349874591974009354,211,2026-04-17T07:37:37.000Z,2026-04-17T07:41:08.000Z,-168,164.5,-185.5,-17.5,0,0.5,4788.74,4785.16,4785.3,4794.91,BUY,USD,1,1,1583663
D#1702722,XAUUSD,100,7349874591906922407,7349874591887100360,7349874591974008041,7349874591974008020,879,2026-04-17T07:27:28.000Z,2026-04-17T07:42:07.000Z,-65.04,64.48,-67.84,-2.8,0,0.08,4791.9,4783.55,4784.01,,BUY,USD,1,1,1583663
D#1702377,XAUUSD,100,7349874591906922397,7349874591887100572,7349874591974009640,7349874591974009541,191,2026-04-17T07:38:56.000Z,2026-04-17T07:42:07.000Z,-52.2,51.15,-57.46,-5.26,0,0.15,4787.87,4784.17,4784.42,4794.42,BUY,USD,1,1,1583663
D#1702414,XAUUSD,100,7349874591906922461,7349874591887099909,7349874591974005534,7349874591974004853,2231,2026-04-17T07:05:23.000Z,2026-04-17T07:42:34.000Z,-6.01,5.94,-6.37,-0.36,0,0.01,4788.94,4782.71,4782.98,4822.69,BUY,USD,1,1,1583663
D#1702686,XAUUSD,100,7349874591906922489,7349874591887100645,7349874591974010190,7349874591974009990,68,2026-04-17T07:41:56.000Z,2026-04-17T07:43:04.000Z,3.9,-4.25,2.14,-1.76,0,0.05,4785.1,4784.54,,,SELL,USD,1,1,1583663
D#1702730,XAUUSD,100,7349874591906922503,7349874591887100649,7349874591974010074,7349874591974010013,81,2026-04-17T07:42:09.000Z,2026-04-17T07:43:30.000Z,-51.06,48.47,-64.02,-12.96,0,0.37,4783.52,4785.12,4785,4781,SELL,USD,1,1,1583663
D#1702501,XAUUSD,100,7349874591906922506,7349874591887100166,7349874591974010268,7349874591974006687,1513,2026-04-17T07:18:19.000Z,2026-04-17T07:43:32.000Z,10.01,-10.78,6.15,-3.86,0,0.11,4785.82,4785.13,,,SELL,USD,1,1,1583663
D#1670947,XAUUSD,100,7349874591906922555,7349874591887100618,7349874591974010451,7349874591974009827,230,2026-04-17T07:41:01.000Z,2026-04-17T07:44:51.000Z,3.7,-4.4,0.2,-3.5,0,0.1,4786.29,4786.14,,,SELL,USD,1,1,1583663
D#1702730,XAUUSD,100,7349874591906922591,7349874591887100693,7349874591974010348,7349874591974010274,122,2026-04-17T07:43:36.000Z,2026-04-17T07:45:38.000Z,-35.52,32.93,-48.48,-12.96,0,0.37,4785.15,4783.97,4784.15,4787.88,BUY,USD,1,1,1583663
D#1670947,XAUUSD,100,7349874591906922597,7349874591887100731,7349874591974010602,7349874591974010483,42,2026-04-17T07:45:01.000Z,2026-04-17T07:45:43.000Z,27.6,-28.3,24.1,-3.5,0,0.1,4786.18,4783.64,,,SELL,USD,1,1,1583663
D#1702501,XAUUSD,100,7349874591906922620,7349874591887100703,7349874591974010673,7349874591974010316,127,2026-04-17T07:43:53.000Z,2026-04-17T07:46:00.000Z,18.75,-19.8,13.49,-5.26,0,0.15,4785.28,4784.25,,,SELL,USD,1,1,1583663
D#1702721,XAUUSD,100,7349874591906922621,7349874591887100753,7349874591974010674,7349874591974010611,16,2026-04-17T07:45:45.000Z,2026-04-17T07:46:01.000Z,-0.36,0.29,-0.72,-0.36,0,0.01,4783.66,4784.24,,,SELL,USD,1,1,1583663
D#1589410,XAUUSD,100,7349874591906922628,7349874591887100720,7349874591974010698,7349874591974010430,87,2026-04-17T07:44:40.000Z,2026-04-17T07:46:07.000Z,-120,116.5,-137.5,-17.5,0,0.5,4785.93,4783.31,,4786.8,BUY,USD,1,1,1583663
D#1702730,XAUUSD,100,7349874591906922630,7349874591887100757,7349874591974010700,7349874591974010628,19,2026-04-17T07:45:51.000Z,2026-04-17T07:46:10.000Z,30.71,-33.3,17.75,-12.96,0,0.37,4784.11,4783.5,,,SELL,USD,1,1,1583663
D#1589408,XAUUSD,100,7349874591906922640,7349874591887100596,7349874591974010238,7349874591974009683,374,2026-04-17T07:40:02.000Z,2026-04-17T07:46:16.000Z,-40,39.3,-43.5,-3.5,0,0.1,4786.48,4782.26,4782.63,4797.99,BUY,USD,1,1,1583663
D#1702471,XAUUSD,100,7349874591906922651,7349874591887100082,7349874591974010730,7349874591974006133,1925,2026-04-17T07:14:12.000Z,2026-04-17T07:46:17.000Z,-305.5,302.0,-323,-17.5,0,0.5,4788.47,4782.14,,,BUY,USD,1,1,1583663
D#1702501,XAUUSD,100,7349874591906922679,7349874591887100771,7349874591974010780,7349874591974010699,19,2026-04-17T07:46:09.000Z,2026-04-17T07:46:28.000Z,18.6,-20.0,11.6,-7,0,0.2,4783.34,4782.63,,,SELL,USD,1,1,1583663
D#1702442,XAUUSD,100,7349874591906922692,7349874591887099602,7349874591974002686,7349874591974002574,3375,2026-04-17T06:50:29.000Z,2026-04-17T07:46:44.000Z,87.6,-89.0,80.6,-7,0,0.2,4785.97,4781.81,,4781.78,SELL,USD,1,1,1583663
D#1702637,XAUUSD,100,7349874591906922726,7349874591887100349,7349874591974008004,7349874591974007938,1228,2026-04-17T07:26:46.000Z,2026-04-17T07:47:14.000Z,96.3,-97.0,92.8,-3.5,0,0.1,4791.22,4781.81,4814.81,4781.68,SELL,USD,1,1,1583663
D#1702501,XAUUSD,100,7349874591906922743,7349874591887100796,7349874591974010978,7349874591974010803,65,2026-04-17T07:46:31.000Z,2026-04-17T07:47:36.000Z,18,-19.4,11,-7,0,0.2,4782.61,4781.93,,,SELL,USD,1,1,1583663
D#1702686,XAUUSD,100,7349874591906922747,7349874591887100704,7349874591974010991,7349874591974010321,230,2026-04-17T07:43:54.000Z,2026-04-17T07:47:44.000Z,-17.75,17.4,-19.51,-1.76,0,0.05,4785.36,4781.59,,,BUY,USD,1,1,1583663
D#1670956,XAUUSD,100,7349874591906922804,7349874591887100857,7349874591974011252,7349874591974011220,9,2026-04-17T07:49:25.000Z,2026-04-17T07:49:34.000Z,-0.52,0.45,-0.88,-0.36,0,0.01,4781.8,4781.06,,,BUY,USD,1,1,1583663
D#1702387,XAUUSD,100,7349874591906922805,7349874591887100537,7349874591974009656,7349874591974009268,750,2026-04-17T07:37:05.000Z,2026-04-17T07:49:35.000Z,-47.82,47.4,-49.92,-2.1,0,0.06,4788.92,4780.73,4781,4792,BUY,USD,1,1,1583663
D#1702501,XAUUSD,100,7349874591906922814,7349874591887100823,7349874591974011269,7349874591974010990,116,2026-04-17T07:47:43.000Z,2026-04-17T07:49:39.000Z,11.75,-13.5,2.99,-8.76,0,0.25,4781.6,4781.35,,4780.22,SELL,USD,1,1,1583663
D#1702495,XAUUSD,100,7349874591906922830,7349874591887099590,7349874591974003738,7349874591974002489,3606,2026-04-17T06:49:54.000Z,2026-04-17T07:50:00.000Z,-156.3,154.2,-166.8,-10.5,0,0.3,4785.58,4780.15,4780.27,4795.32,BUY,USD,1,1,1583663
D#1702526,XAUUSD,100,7349874591906922843,7349874591887099951,7349874591974011361,7349874591974005157,2558,2026-04-17T07:07:32.000Z,2026-04-17T07:50:10.000Z,-173,171.6,-180,-7,0,0.2,4788.92,4780.05,,,BUY,USD,1,1,1583663
D#1702613,XAUUSD,100,7349874591906922868,7349874591887099446,7349874591974001349,7349874591974001216,4175,2026-04-17T06:40:44.000Z,2026-04-17T07:50:19.000Z,-56.08,55.52,-58.88,-2.8,0,0.08,4786.48,4779.25,4779.33,4801.3,BUY,USD,1,1,1583663
D#1702590,XAUUSD,100,7349874591906922848,7349874591887100681,7349874591974010345,7349874591974010169,442,2026-04-17T07:42:57.000Z,2026-04-17T07:50:19.000Z,95,-96.4,88,-7,0,0.2,4784.26,4779.73,4788.26,4779.8,SELL,USD,1,1,1583663
D#1702501,XAUUSD,100,7349874591906922847,7349874591887100867,7349874591974011375,7349874591974011286,32,2026-04-17T07:49:47.000Z,2026-04-17T07:50:19.000Z,24.8,-26.2,17.8,-7,0,0.2,4780.79,4779.77,,,SELL,USD,1,1,1583663
D#1702664,XAUUSD,100,7349874591906922896,7349874591887099588,7349874591974002684,7349874591974002485,3631,2026-04-17T06:49:51.000Z,2026-04-17T07:50:22.000Z,-12.84,12.7,-13.54,-0.7,0,0.02,4785.48,4778.84,4779.02,,BUY,USD,1,1,1583663
D#1702414,XAUUSD,100,7349874591906922890,7349874591887100683,7349874591974010466,7349874591974010186,440,2026-04-17T07:43:02.000Z,2026-04-17T07:50:22.000Z,-5.38,5.31,-5.74,-0.36,0,0.01,4784.44,4778.84,4779.01,4807.19,BUY,USD,1,1,1583663
D#1702575,XAUUSD,100,7349874591906922910,7349874591887100538,7349874591974011437,7349874591974009273,804,2026-04-17T07:37:07.000Z,2026-04-17T07:50:31.000Z,167.4,-168.8,160.4,-7,0,0.2,4788.38,4780.23,4800.4,4770.84,SELL,USD,1,1,1583663
D#1702573,XAUUSD,100,7349874591906922944,7349874591887096189,7349874591974011537,7349874591973978362,15999,2026-04-17T03:24:17.000Z,2026-04-17T07:50:56.000Z,72.4,-72.75,70.64,-1.76,0,0.05,4795.44,4781.18,,4775.82,SELL,USD,1,1,1583663
D#1614619,XAUUSD,100,7349874591906922954,7349874591887100840,7349874591974011575,7349874591974011086,174,2026-04-17T07:48:19.000Z,2026-04-17T07:51:13.000Z,-13.1,12.4,-16.6,-3.5,0,0.1,4782.14,4780.61,,,BUY,USD,1,1,1583663
D#1702635,XAUUSD,100,7349874591906922963,7349874591887099619,7349874591974011621,7349874591974002673,3630,2026-04-17T06:50:57.000Z,2026-04-17T07:51:27.000Z,-30.4,30.05,-32.16,-1.76,0,0.05,4787.2,4780.9,,,BUY,USD,1,1,1583663
D#1702686,XAUUSD,100,7349874591906922998,7349874591887100904,7349874591974011791,7349874591974011510,99,2026-04-17T07:50:46.000Z,2026-04-17T07:52:25.000Z,16.5,-17.2,13,-3.5,0,0.1,4781.17,4782.6,,,BUY,USD,1,1,1583663
D#1702480,XAUUSD,100,7349874591906923004,7349874591887100913,7349874591974011811,7349874591974011568,79,2026-04-17T07:51:11.000Z,2026-04-17T07:52:30.000Z,32.4,-33.45,27.14,-5.26,0,0.15,4781.03,4782.97,,,BUY,USD,1,1,1583663
D#1614619,XAUUSD,100,7349874591906923023,7349874591887100921,7349874591974011900,7349874591974011615,112,2026-04-17T07:51:26.000Z,2026-04-17T07:53:18.000Z,68.7,-70.8,58.2,-10.5,0,0.3,4781.15,4783.22,,,BUY,USD,1,1,1583663
D#1589410,XAUUSD,100,7349874591906923051,7349874591887100786,7349874591974012023,7349874591974010756,465,2026-04-17T07:46:23.000Z,2026-04-17T07:54:08.000Z,-140,136.5,-157.5,-17.5,0,0.5,4781.9,4784.92,,4778.54,SELL,USD,1,1,1583663
D#1702573,XAUUSD,100,7349874591906923062,7349874591887100917,7349874591974012042,7349874591974011585,177,2026-04-17T07:51:18.000Z,2026-04-17T07:54:15.000Z,-47,46.3,-50.5,-3.5,0,0.1,4780.15,4785.07,,4777.79,SELL,USD,1,1,1583663
D#1670956,XAUUSD,100,7349874591906923072,7349874591887100869,7349874591974012061,7349874591974011296,271,2026-04-17T07:49:50.000Z,2026-04-17T07:54:21.000Z,209.72,-213.15,192.56,-17.16,0,0.49,4780.9,4784.96,,4789.18,BUY,USD,1,1,1583663
D#1702573,XAUUSD,100,7349874591906923101,7349874591887100967,7349874591974012141,7349874591974012046,44,2026-04-17T07:54:17.000Z,2026-04-17T07:55:01.000Z,0.07,-0.14,-0.29,-0.36,0,0.01,4784.97,4785.12,,,SELL,USD,1,1,1583663
D#1702480,XAUUSD,100,7349874591906923210,7349874591887101024,7349874591974012493,7349874591974012457,23,2026-04-17T07:57:41.000Z,2026-04-17T07:58:04.000Z,21.3,-23.4,10.8,-10.5,0,0.3,4783.89,4784.38,,,BUY,USD,1,1,1583663
D#1702362,XAUUSD,100,7349874591906923259,7349874591887100930,7349874591974012637,7349874591974011714,464,2026-04-17T07:51:57.000Z,2026-04-17T07:59:41.000Z,24.9,-25.6,21.4,-3.5,0,0.1,4782.22,4784.49,4782.46,4787.36,BUY,USD,1,1,1583663
D#1702377,XAUUSD,100,7349874591906923309,7349874591887100732,7349874591974012757,7349874591974010484,921,2026-04-17T07:45:01.000Z,2026-04-17T08:00:22.000Z,2.55,-3.6,-2.71,-5.26,0,0.15,4786.18,4786.23,4789.42,4776.09,SELL,USD,1,1,1583663
D#1670947,XAUUSD,100,7349874591906923322,7349874591887100793,7349874591974012795,7349874591974010794,843,2026-04-17T07:46:29.000Z,2026-04-17T08:00:32.000Z,-40.6,39.9,-44.1,-3.5,0,0.1,4782.53,4786.81,,,SELL,USD,1,1,1583663
D#1614619,XAUUSD,100,7349874591906923337,7349874591887101038,7349874591974012821,7349874591974012528,132,2026-04-17T07:58:25.000Z,2026-04-17T08:00:37.000Z,108.9,-111.0,98.4,-10.5,0,0.3,4784.21,4787.62,,,BUY,USD,1,1,1583663
D#1702686,XAUUSD,100,7349874591906923350,7349874591887100983,7349874591974012865,7349874591974012158,340,2026-04-17T07:55:06.000Z,2026-04-17T08:00:46.000Z,-12.35,12.0,-14.11,-1.76,0,0.05,4784.71,4787.4,,,SELL,USD,1,1,1583663
D#1670947,XAUUSD,100,7349874591906923355,7349874591887101086,7349874591974012882,7349874591974012807,17,2026-04-17T08:00:35.000Z,2026-04-17T08:00:52.000Z,1.7,-2.4,-1.8,-3.5,0,0.1,4787.75,4787.7,,,BUY,USD,1,1,1583663
D#1702699,XAUUSD,100,7349874591906923362,7349874591887100590,7349874591974012897,7349874591974009653,1267,2026-04-17T07:39:51.000Z,2026-04-17T08:00:58.000Z,21.6,-23.7,11.1,-10.5,0,0.3,4786.86,4787.36,,,BUY,USD,1,1,1583663
D#1702729,XAUUSD,100,7349874591906923378,7349874591887100827,7349874591974011352,7349874591974011014,808,2026-04-17T07:47:51.000Z,2026-04-17T08:01:19.000Z,-122.76,121.22,-130.46,-7.7,0,0.22,4782.4,4788.2,4788.03,4779.59,SELL,USD,1,1,1583663
D#1702350,XAUUSD,100,7349874591906923391,7349874591887100999,7349874591974012447,7349874591974012276,327,2026-04-17T07:56:06.000Z,2026-04-17T08:01:33.000Z,-42.8,42.1,-46.3,-3.5,0,0.1,4784.82,4789.32,4789,4777.33,SELL,USD,1,1,1583663
D#1702693,XAUUSD,100,7349874591906923424,7349874591887100591,7349874591974013151,7349874591974009660,1356,2026-04-17T07:39:55.000Z,2026-04-17T08:02:31.000Z,25.4,-26.8,18.4,-7,0,0.2,4786.85,4787.9,,,BUY,USD,1,1,1583663
D#1702387,XAUUSD,100,7349874591906923513,7349874591887100906,7349874591974013678,7349874591974011527,831,2026-04-17T07:50:54.000Z,2026-04-17T08:04:45.000Z,47.76,-48.18,45.66,-2.1,0,0.06,4781.69,4789.43,4781,4790,BUY,USD,1,1,1583663
D#1702698,XAUUSD,100,7349874591906923614,7349874591887100850,7349874591974013799,7349874591974011183,1044,2026-04-17T07:49:12.000Z,2026-04-17T08:06:36.000Z,101,-102.4,94,-7,0,0.2,4782.18,4787.01,4787.17,,BUY,USD,1,1,1583663
D#1702590,XAUUSD,100,7349874591906923645,7349874591887101111,7349874591974014141,7349874591974012971,380,2026-04-17T08:01:20.000Z,2026-04-17T08:07:40.000Z,11.2,-12.6,4.2,-7,0,0.2,4788.12,4788.46,,4792.38,BUY,USD,1,1,1583663
D#1702387,XAUUSD,100,7349874591906923666,7349874591887101205,7349874591974014228,7349874591974013809,178,2026-04-17T08:05:27.000Z,2026-04-17T08:08:25.000Z,23.04,-23.46,20.94,-2.1,0,0.06,4790.75,4787.13,4799,4784,SELL,USD,1,1,1583663
D#1702699,XAUUSD,100,7349874591906923687,7349874591887101106,7349874591974014296,7349874591974012947,481,2026-04-17T08:01:12.000Z,2026-04-17T08:09:13.000Z,31.8,-33.9,21.3,-10.5,0,0.3,4786.6,4785.76,,,SELL,USD,1,1,1583663
D#1702377,XAUUSD,100,7349874591906923703,7349874591887101114,7349874591974013244,7349874591974012982,473,2026-04-17T08:01:25.000Z,2026-04-17T08:09:18.000Z,-51.45,50.4,-56.71,-5.26,0,0.15,4788.64,4784.99,4785.19,4795.19,BUY,USD,1,1,1583663
D#1670935,XAUUSD,100,7349874591906923768,7349874591887101296,7349874591974014517,7349874591974014430,38,2026-04-17T08:09:40.000Z,2026-04-17T08:10:18.000Z,-6.7,6.0,-10.2,-3.5,0,0.1,4783.57,4784.46,,,SELL,USD,1,1,1583663
D#1670935,XAUUSD,100,7349874591906923800,7349874591887101314,7349874591974014661,7349874591974014525,60,2026-04-17T08:10:21.000Z,2026-04-17T08:11:21.000Z,-10.08,9.1,-14.98,-4.9,0,0.14,4784.41,4783.47,,,BUY,USD,1,1,1583663
D#1702350,XAUUSD,100,7349874591906923895,7349874591887101271,7349874591974015003,7349874591974014295,277,2026-04-17T08:09:10.000Z,2026-04-17T08:13:47.000Z,43.3,-44.0,39.8,-3.5,0,0.1,4786.61,4782.5,4790.45,4779,SELL,USD,1,1,1583663
D#1702590,XAUUSD,100,7349874591906923946,7349874591887101306,7349874591974015117,7349874591974014489,330,2026-04-17T08:10:04.000Z,2026-04-17T08:15:34.000Z,-1,-0.4,-8,-7,0,0.2,4784.1,4784.37,4784.22,4781.31,SELL,USD,1,1,1583663
D#1702498,XAUUSD,100,7349874591906923978,7349874591887094764,7349874591974015442,7349874591973967837,22893,2026-04-17T01:56:15.000Z,2026-04-17T08:17:48.000Z,78.45,-79.5,73.19,-5.26,0,0.15,4788.94,4783.93,,,SELL,USD,1,1,1583663
D#1670935,XAUUSD,100,7349874591906923984,7349874591887101336,7349874591974015458,7349874591974014664,396,2026-04-17T08:11:22.000Z,2026-04-17T08:17:58.000Z,3.92,-4.9,-0.98,-4.9,0,0.14,4783.85,4783.79,,,SELL,USD,1,1,1583663
D#1702693,XAUUSD,100,7349874591906924002,7349874591887101367,7349874591974015509,7349874591974014858,342,2026-04-17T08:12:53.000Z,2026-04-17T08:18:35.000Z,33.4,-34.8,26.4,-7,0,0.2,4783.27,4784.72,,,BUY,USD,1,1,1583663
D#1670935,XAUUSD,100,7349874591906924049,7349874591887101444,7349874591974015660,7349874591974015476,135,2026-04-17T08:18:07.000Z,2026-04-17T08:20:22.000Z,-48.5,46.75,-57.26,-8.76,0,0.25,4784.42,4786.58,,,SELL,USD,1,1,1583663
D#1702660,XAUUSD,100,7349874591906924077,7349874591887100364,7349874591974015718,7349874591974008051,3181,2026-04-17T07:27:47.000Z,2026-04-17T08:20:48.000Z,-50,49.3,-53.5,-3.5,0,0.1,4791.98,4786.76,4777.69,4820.67,BUY,USD,1,1,1583663
D#1670947,XAUUSD,100,7349874591906924092,7349874591887101294,7349874591974015785,7349874591974014407,713,2026-04-17T08:09:35.000Z,2026-04-17T08:21:28.000Z,-24,23.3,-27.5,-3.5,0,0.1,4783.63,4786.25,,,SELL,USD,1,1,1583663
D#1702552,XAUUSD,100,7349874591906924155,7349874591887101036,7349874591974015988,7349874591974012516,1492,2026-04-17T07:58:24.000Z,2026-04-17T08:23:16.000Z,1.4,-2.1,-2.1,-3.5,0,0.1,4784.26,4784.18,4778.38,4800.5,BUY,USD,1,1,1583663
D#1702699,XAUUSD,100,7349874591906924220,7349874591887101346,7349874591974016285,7349874591974014731,805,2026-04-17T08:11:56.000Z,2026-04-17T08:25:21.000Z,32.7,-34.8,22.2,-10.5,0,0.3,4784.78,4785.65,,,BUY,USD,1,1,1583663
D#1702350,XAUUSD,100,7349874591906924243,7349874591887101400,7349874591974016374,7349874591974015080,708,2026-04-17T08:14:26.000Z,2026-04-17T08:26:14.000Z,7.6,-8.3,4.1,-3.5,0,0.1,4783.77,4784.31,4779.43,4791,BUY,USD,1,1,1583663
D#1702481,XAUUSD,100,7349874591906924268,7349874591887101592,7349874591974016467,7349874591974016438,20,2026-04-17T08:26:50.000Z,2026-04-17T08:27:10.000Z,-24.38,21.16,-40.48,-16.1,0,0.46,4784.46,4783.71,,,BUY,USD,1,1,1583663
D#1702552,XAUUSD,100,7349874591906924408,7349874591887101647,7349874591974016904,7349874591974016813,50,2026-04-17T08:31:03.000Z,2026-04-17T08:31:53.000Z,8,-8.7,4.5,-3.5,0,0.1,4785.61,4786.19,,,BUY,USD,1,1,1583663
D#1702350,XAUUSD,100,7349874591906924414,7349874591887101593,7349874591974016530,7349874591974016455,294,2026-04-17T08:27:07.000Z,2026-04-17T08:32:01.000Z,-38,37.3,-41.5,-3.5,0,0.1,4783.5,4787.52,4787.68,4775.73,SELL,USD,1,1,1583663
D#1702566,XAUUSD,100,7349874591906924446,7349874591887101369,7349874591974016999,7349874591974014864,1185,2026-04-17T08:12:54.000Z,2026-04-17T08:32:39.000Z,3.59,-3.66,3.23,-0.36,0,0.01,4783.27,4786.64,,4790.46,BUY,USD,1,1,1583663
D#1702387,XAUUSD,100,7349874591906924458,7349874591887101323,7349874591974017030,7349874591974014585,1332,2026-04-17T08:10:50.000Z,2026-04-17T08:33:02.000Z,19.98,-20.4,17.88,-2.1,0,0.06,4784.04,4787.15,4780,4790,BUY,USD,1,1,1583663
D#1702637,XAUUSD,100,7349874591906924518,7349874591887101242,7349874591974017220,7349874591974014049,1656,2026-04-17T08:07:00.000Z,2026-04-17T08:34:36.000Z,5.7,-6.4,2.2,-3.5,0,0.1,4787.19,4786.84,4815.05,4778.22,SELL,USD,1,1,1583663
D#1702645,XAUUSD,100,7349874591906924573,7349874591887101713,7349874591974017399,7349874591974017360,19,2026-04-17T08:35:55.000Z,2026-04-17T08:36:14.000Z,47.5,-51.0,30,-17.5,0,0.5,4787.02,4786.29,,,SELL,USD,1,1,1583663
D#1702552,XAUUSD,100,7349874591906924656,7349874591887101760,7349874591974017749,7349874591974017683,49,2026-04-17T08:38:35.000Z,2026-04-17T08:39:24.000Z,-7.6,6.9,-11.1,-3.5,0,0.1,4786.99,4787.97,,,SELL,USD,1,1,1583663
D#1702698,XAUUSD,100,7349874591906924685,7349874591887101610,7349874591974017692,7349874591974016523,739,2026-04-17T08:27:33.000Z,2026-04-17T08:39:52.000Z,106,-107.4,99,-7,0,0.2,4784.57,4789.65,,4789.59,BUY,USD,1,1,1583663
D#1702482,XAUUSD,100,7349874591906924696,7349874591887101284,7349874591974014494,7349874591974014385,1834,2026-04-17T08:09:30.000Z,2026-04-17T08:40:04.000Z,109.2,-110.6,102.2,-7,0,0.2,4784.67,4789.91,,4789.99,BUY,USD,1,1,1583663
D#1670947,XAUUSD,100,7349874591906924704,7349874591887101507,7349874591974017853,7349874591974015884,1058,2026-04-17T08:22:34.000Z,2026-04-17T08:40:12.000Z,-54.2,53.5,-57.7,-3.5,0,0.1,4783.85,4789.49,,,SELL,USD,1,1,1583663
D#1702645,XAUUSD,100,7349874591906924733,7349874591887101792,7349874591974018108,7349874591974017887,14,2026-04-17T08:40:22.000Z,2026-04-17T08:40:36.000Z,35.5,-39.0,18,-17.5,0,0.5,4789,4789.49,,,BUY,USD,1,1,1583663
D#1702686,XAUUSD,100,7349874591906924764,7349874591887101247,7349874591974018142,7349874591974014083,2022,2026-04-17T08:07:12.000Z,2026-04-17T08:40:54.000Z,-28.4,27.7,-31.9,-3.5,0,0.1,4786.99,4790.05,,,SELL,USD,1,1,1583663
D#1671064,XAUUSD,100,7349874591906924791,7349874591887101763,7349874591974018185,7349874591974017699,157,2026-04-17T08:38:41.000Z,2026-04-17T08:41:18.000Z,3.99,-4.06,3.63,-0.36,0,0.01,4786.95,4790.72,,,BUY,USD,1,1,1583663
D#1702410,XAUUSD,100,7349874591906924808,7349874591887100706,7349874591974010367,7349874591974010329,3459,2026-04-17T07:43:58.000Z,2026-04-17T08:41:37.000Z,132.3,-133.77,124.94,-7.36,0,0.21,4785.35,4791.43,,4791.45,BUY,USD,1,1,1583663
D#1702350,XAUUSD,100,7349874591906924810,7349874591887101721,7349874591974017478,7349874591974017419,311,2026-04-17T08:36:26.000Z,2026-04-17T08:41:37.000Z,-48.2,47.5,-51.7,-3.5,0,0.1,4786.57,4791.61,4791.19,4777.92,SELL,USD,1,1,1583663
D#1702552,XAUUSD,100,7349874591906924852,7349874591887101785,7349874591974018322,7349874591974017845,122,2026-04-17T08:40:08.000Z,2026-04-17T08:42:10.000Z,-26.3,25.6,-29.8,-3.5,0,0.1,4789.47,4792.32,,,SELL,USD,1,1,1583663
D#1670945,XAUUSD,100,7349874591906924880,7349874591887101109,7349874591974012961,7349874591974012557,2479,2026-04-17T08:01:18.000Z,2026-04-17T08:42:37.000Z,-50.1,49.4,-53.6,-3.5,0,0.1,4787.96,4793.19,4792.93,4775.93,SELL,USD,1,1,1583663
D#1702501,XAUUSD,100,7349874591906924911,7349874591887100885,7349874591974018648,7349874591974011396,3148,2026-04-17T07:50:22.000Z,2026-04-17T08:42:50.000Z,-288.8,287.4,-295.8,-7,0,0.2,4778.91,4793.57,,,SELL,USD,1,1,1583663
D#1702717,XAUUSD,100,7349874591906924936,7349874591887100956,7349874591974012038,7349874591974011940,2977,2026-04-17T07:53:30.000Z,2026-04-17T08:43:07.000Z,108.9,-109.6,105.4,-3.5,0,0.1,4783.95,4794.62,4766.23,4794.67,BUY,USD,1,1,1583663
D#1702727,XAUUSD,100,7349874591906924956,7349874591887099549,7349874591974003791,7349874591974002072,6987,2026-04-17T06:46:44.000Z,2026-04-17T08:43:11.000Z,299.1,-301.2,288.6,-10.5,0,0.3,4785.35,4795.1,,4795.03,BUY,USD,1,1,1583663
D#1702535,XAUUSD,100,7349874591906924958,7349874591887101526,7349874591974016716,7349874591974015987,1196,2026-04-17T08:23:15.000Z,2026-04-17T08:43:11.000Z,87.84,-88.4,85.04,-2.8,0,0.08,4784.34,4795.1,4780.8,4794.99,BUY,USD,1,1,1583663
D#1702430,XAUUSD,100,7349874591906925005,7349874591887100352,7349874591974007988,7349874591974007952,4577,2026-04-17T07:26:57.000Z,2026-04-17T08:43:14.000Z,82.2,-83.6,75.2,-7,0,0.2,4791.68,4795.57,,4795.48,BUY,USD,1,1,1583663
D#1702738,XAUUSD,100,7349874591906925004,7349874591887100738,7349874591974010532,7349874591974010531,3481,2026-04-17T07:45:13.000Z,2026-04-17T08:43:14.000Z,-49.85,49.5,-51.61,-1.76,0,0.05,4785.59,4795.78,4795.57,4767.92,SELL,USD,1,1,1583663
D#1702581,XAUUSD,100,7349874591906925084,7349874591887099494,7349874591974001645,7349874591974001644,7222,2026-04-17T06:43:46.000Z,2026-04-17T08:44:08.000Z,122.4,-123.24,120.3,-2.1,0,0.12,4785.98,4795.96,,4796,BUY,USD,1,1,1583663
D#1671057,XAUUSD,100,7349874591906925079,7349874591887101151,7349874591974013714,7349874591974013277,2458,2026-04-17T08:03:10.000Z,2026-04-17T08:44:08.000Z,-93.2,92.5,-96.7,-3.5,0,0.1,4786.62,4796.16,4795.8,4775.73,SELL,USD,1,1,1583663
D#1702579,XAUUSD,100,7349874591906925093,7349874591887100708,7349874591974010342,7349874591974010338,3609,2026-04-17T07:44:02.000Z,2026-04-17T08:44:11.000Z,109.8,-110.5,106.3,-3.5,0,0.1,4785.33,4796.09,4777.19,4796.19,BUY,USD,1,1,1583663
D#1702533,XAUUSD,100,7349874591906925138,7349874591887098356,7349874591973993021,7349874591973992910,10492,2026-04-17T05:49:57.000Z,2026-04-17T08:44:49.000Z,0.2,-0.27,-0.16,-0.36,0,0.01,4796.51,4796.53,4796.32,4768.69,SELL,USD,1,1,1583663
D#1702500,XAUUSD,100,7349874591906925149,7349874591887099964,7349874591974005309,7349874591974005232,5810,2026-04-17T07:08:08.000Z,2026-04-17T08:44:58.000Z,80.3,-81.07,76.44,-3.86,0,0.11,4789.5,4796.58,,4796.66,BUY,USD,1,1,1583663
D#1702426,XAUUSD,100,7349874591906925151,7349874591887101652,7349874591974016957,7349874591974016865,804,2026-04-17T08:31:36.000Z,2026-04-17T08:45:00.000Z,117.1,-117.8,113.6,-3.5,0,0.1,4785.41,4796.9,4780.5,4796.94,BUY,USD,1,1,1583663
D#1671060,XAUUSD,100,7349874591906925170,7349874591887099540,7349874591974019166,7349874591974001982,7146,2026-04-17T06:46:04.000Z,2026-04-17T08:45:10.000Z,246.72,-248.4,238.32,-8.4,0,0.24,4785.49,4795.55,,,BUY,USD,1,1,1583663
D#1702645,XAUUSD,100,7349874591906925188,7349874591887101923,7349874591974019209,7349874591974019161,15,2026-04-17T08:45:10.000Z,2026-04-17T08:45:25.000Z,3.5,-7.0,-14,-17.5,0,0.5,4795.72,4795.57,,,BUY,USD,1,1,1583663
D#1702722,XAUUSD,100,7349874591906925268,7349874591887100719,7349874591974019470,7349874591974010427,3736,2026-04-17T07:44:39.000Z,2026-04-17T08:46:55.000Z,72.4,-72.96,69.6,-2.8,0,0.08,4785.6,4794.43,,,BUY,USD,1,1,1583663
D#1614602,XAUUSD,100,7349874591906925269,7349874591887101936,7349874591974019285,7349874591974019238,83,2026-04-17T08:45:34.000Z,2026-04-17T08:46:57.000Z,3.24,-3.87,0.08,-3.16,0,0.09,4794.95,4794.81,4794.65,4784.62,SELL,USD,1,1,1583663
D#1614602,XAUUSD,100,7349874591906925507,7349874591887101997,7349874591974019964,7349874591974019633,274,2026-04-17T08:48:15.000Z,2026-04-17T08:52:49.000Z,0.9,-1.53,-2.26,-3.16,0,0.09,4793.2,4793.08,4793.43,4800.43,BUY,USD,1,1,1583663
D#1702694,XAUUSD,100,7349874591906925517,7349874591887101707,7349874591974020355,7349874591974017292,1079,2026-04-17T08:35:13.000Z,2026-04-17T08:53:12.000Z,30.9,-31.25,29.14,-1.76,0,0.05,4786.81,4792.77,4788.47,4808.71,BUY,USD,1,1,1583663
D#1702482,XAUUSD,100,7349874591906925525,7349874591887102014,7349874591974020041,7349874591974019759,255,2026-04-17T08:49:08.000Z,2026-04-17T08:53:23.000Z,5.6,-7.0,-1.4,-7,0,0.2,4792.32,4792.38,4792.56,,BUY,USD,1,1,1583663
D#1670947,XAUUSD,100,7349874591906925565,7349874591887101945,7349874591974020497,7349874591974019291,501,2026-04-17T08:45:50.000Z,2026-04-17T08:54:11.000Z,155.5,-159.0,138,-17.5,0,0.5,4795.01,4792.12,,,SELL,USD,1,1,1583663
D#1702426,XAUUSD,100,7349874591906925790,7349874591887102190,7349874591974020872,7349874591974020847,131,2026-04-17T08:56:09.000Z,2026-04-17T08:58:20.000Z,-28.1,27.4,-31.6,-3.5,0,0.1,4792.79,4795.82,4795.68,4788.41,SELL,USD,1,1,1583663
D#1670947,XAUUSD,100,7349874591906925818,7349874591887102139,7349874591974021257,7349874591974020529,266,2026-04-17T08:54:20.000Z,2026-04-17T08:58:46.000Z,-235.5,232.0,-253,-17.5,0,0.5,4791.12,4796.05,,,SELL,USD,1,1,1583663
D#1702487,XAUUSD,100,7349874591906925828,7349874591887099940,7349874591974021308,7349874591974005083,6727,2026-04-17T07:07:03.000Z,2026-04-17T08:59:10.000Z,80.1,-80.8,76.6,-3.5,0,0.1,4788.41,4796.2,,,BUY,USD,1,1,1583663
D#1702393,XAUUSD,100,7349874591906925880,7349874591887099890,7349874591974004693,7349874591974004692,6950,2026-04-17T07:04:35.000Z,2026-04-17T09:00:25.000Z,123.6,-124.44,119.4,-4.2,0,0.12,4787.11,4797.19,,4797.2,BUY,USD,1,1,1583663
D#1702736,XAUUSD,100,7349874591906925890,7349874591887099512,7349874591974002010,7349874591974001808,8119,2026-04-17T06:45:07.000Z,2026-04-17T09:00:26.000Z,120.8,-121.5,117.3,-3.5,0,0.1,4785.62,4797.48,4776.25,4797.49,BUY,USD,1,1,1583663
D#1702590,XAUUSD,100,7349874591906925889,7349874591887102056,7349874591974020098,7349874591974019996,590,2026-04-17T08:50:36.000Z,2026-04-17T09:00:26.000Z,-63.8,62.4,-70.8,-7,0,0.2,4794.21,4797.62,4797.49,4789.53,SELL,USD,1,1,1583663
D#1702430,XAUUSD,100,7349874591906925936,7349874591887102059,7349874591974020086,7349874591974020035,649,2026-04-17T08:50:50.000Z,2026-04-17T09:01:39.000Z,63.4,-64.8,56.4,-7,0,0.2,4794.85,4797.8,,4797.83,BUY,USD,1,1,1583663
D#1702729,XAUUSD,100,7349874591906925957,7349874591887102057,7349874591974021706,7349874591974020020,668,2026-04-17T08:50:43.000Z,2026-04-17T09:01:51.000Z,-93.25,91.5,-102.01,-8.76,0,0.25,4794.53,4798.48,4798.92,4778.85,SELL,USD,1,1,1583663
D#1702645,XAUUSD,100,7349874591906925966,7349874591887102207,7349874591974021716,7349874591974020964,299,2026-04-17T08:56:53.000Z,2026-04-17T09:01:52.000Z,-263,259.5,-280.5,-17.5,0,0.5,4793.76,4799.24,,,SELL,USD,1,1,1583663
D#1702350,XAUUSD,100,7349874591906925981,7349874591887101929,7349874591974019363,7349874591974019204,999,2026-04-17T08:45:23.000Z,2026-04-17T09:02:02.000Z,-45.8,45.1,-49.3,-3.5,0,0.1,4795.47,4800.27,4800,4788.19,SELL,USD,1,1,1583663
D#1702366,XAUUSD,100,7349874591906925998,7349874591887099308,7349874591974021781,7349874591974000133,8840,2026-04-17T06:34:51.000Z,2026-04-17T09:02:11.000Z,-218.88,218.04,-223.08,-4.2,0,0.12,4782.17,4800.63,,4772,SELL,USD,1,1,1583663
D#1702498,XAUUSD,100,7349874591906926000,7349874591887101440,7349874591974021788,7349874591974015449,2656,2026-04-17T08:17:55.000Z,2026-04-17T09:02:11.000Z,254.1,-255.15,248.84,-5.26,0,0.15,4783.71,4800.43,,,BUY,USD,1,1,1583663
D#1702722,XAUUSD,100,7349874591906926002,7349874591887102012,7349874591974021792,7349874591974019735,799,2026-04-17T08:48:54.000Z,2026-04-17T09:02:13.000Z,68.56,-69.12,65.76,-2.8,0,0.08,4791.96,4800.31,4784.79,,BUY,USD,1,1,1583663
D#1702495,XAUUSD,100,7349874591906926008,7349874591887100909,7349874591974021816,7349874591974011547,4281,2026-04-17T07:51:00.000Z,2026-04-17T09:02:21.000Z,587.1,-589.2,576.6,-10.5,0,0.3,4781.03,4800.38,4776.93,4801.41,BUY,USD,1,1,1583663
D#1670947,XAUUSD,100,7349874591906926023,7349874591887102343,7349874591974021893,7349874591974021807,32,2026-04-17T09:02:17.000Z,2026-04-17T09:02:49.000Z,-0.2,-0.5,-3.7,-3.5,0,0.1,4800.49,4800.25,,,BUY,USD,1,1,1583663
D#1702672,XAUUSD,100,7349874591906926065,7349874591887101418,7349874591974015330,7349874591974015184,2876,2026-04-17T08:15:22.000Z,2026-04-17T09:03:18.000Z,-90.15,89.8,-91.91,-1.76,0,0.05,4782.86,4801.11,4801,4775,SELL,USD,1,1,1583663
D#1670947,XAUUSD,100,7349874591906926081,7349874591887102371,7349874591974022026,7349874591974022007,3,2026-04-17T09:03:22.000Z,2026-04-17T09:03:25.000Z,7.1,-7.8,3.6,-3.5,0,0.1,4800.14,4799.65,,,SELL,USD,1,1,1583663
D#1670947,XAUUSD,100,7349874591906926090,7349874591887102377,7349874591974022068,7349874591974022036,10,2026-04-17T09:03:28.000Z,2026-04-17T09:03:38.000Z,-0.6,-0.1,-4.1,-3.5,0,0.1,4799.19,4799.47,,,SELL,USD,1,1,1583663
D#1702699,XAUUSD,100,7349874591906926123,7349874591887102159,7349874591974022196,7349874591974020673,562,2026-04-17T08:55:04.000Z,2026-04-17T09:04:26.000Z,-171.6,169.5,-182.1,-10.5,0,0.3,4793.43,4799.37,,,SELL,USD,1,1,1583663
D#1670947,XAUUSD,100,7349874591906926146,7349874591887102408,7349874591974022288,7349874591974022264,10,2026-04-17T09:04:54.000Z,2026-04-17T09:05:04.000Z,-18.3,17.6,-21.8,-3.5,0,0.1,4800.06,4798.01,,,BUY,USD,1,1,1583663
D#1670947,XAUUSD,100,7349874591906926157,7349874591887102414,7349874591974022313,7349874591974022298,4,2026-04-17T09:05:05.000Z,2026-04-17T09:05:09.000Z,1.2,-1.9,-2.3,-3.5,0,0.1,4797.79,4797.89,,,SELL,USD,1,1,1583663
D#1702699,XAUUSD,100,7349874591906926210,7349874591887102402,7349874591974022532,7349874591974022224,106,2026-04-17T09:04:34.000Z,2026-04-17T09:06:20.000Z,-155.1,153.0,-165.6,-10.5,0,0.3,4800.21,4794.82,,,BUY,USD,1,1,1583663
D#1670982,XAUUSD,100,7349874591906926281,7349874591887099457,7349874591974022852,7349874591974001318,8792,2026-04-17T06:41:34.000Z,2026-04-17T09:08:06.000Z,56.05,-56.4,54.29,-1.76,0,0.05,4785.91,4796.9,,,BUY,USD,1,1,1583663
D#1670868,XAUUSD,100,7349874591906926323,7349874591887098554,7349874591974023013,7349874591973994465,11295,2026-04-17T06:01:04.000Z,2026-04-17T09:09:19.000Z,30.8,-31.29,28.34,-2.46,0,0.07,4792.15,4796.33,4772.27,4822.83,BUY,USD,1,1,1583663
D#1702551,XAUUSD,100,7349874591906926350,7349874591887101722,7349874591974023132,7349874591974017427,2028,2026-04-17T08:36:31.000Z,2026-04-17T09:10:19.000Z,34.52,-34.8,33.12,-1.4,0,0.04,4786.68,4795.09,4745,4853,BUY,USD,1,1,1583663
D#1645749,XAUUSD,100,7349874591906926354,7349874591887099463,7349874591974023147,7349874591974001370,8912,2026-04-17T06:41:51.000Z,2026-04-17T09:10:23.000Z,116.52,-117.36,112.32,-4.2,0,0.12,4785.93,4795.42,4782.91,4803.11,BUY,USD,1,1,1583663
D#1702724,XAUUSD,100,7349874591906926355,7349874591887101824,7349874591974023148,7349874591974018338,1688,2026-04-17T08:42:15.000Z,2026-04-17T09:10:23.000Z,13.65,-14.0,11.89,-1.76,0,0.05,4792.91,4795.42,4786.71,4810.14,BUY,USD,1,1,1583663
D#1702482,XAUUSD,100,7349874591906926519,7349874591887102487,7349874591974023957,7349874591974022794,464,2026-04-17T09:07:43.000Z,2026-04-17T09:15:27.000Z,104.2,-105.6,97.2,-7,0,0.2,4797.2,4792.21,,4791.88,SELL,USD,1,1,1583663
D#1702736,XAUUSD,100,7349874591906926522,7349874591887102493,7349874591974023963,7349874591974022858,441,2026-04-17T09:08:08.000Z,2026-04-17T09:15:29.000Z,-45.9,45.2,-49.4,-3.5,0,0.1,4797,4792.19,4790.08,4808.76,BUY,USD,1,1,1583663
D#1702555,XAUUSD,100,7349874591906926540,7349874591887102497,7349874591974024036,7349874591974022876,469,2026-04-17T09:08:15.000Z,2026-04-17T09:16:04.000Z,-103.4,102.0,-110.4,-7,0,0.2,4797.84,4792.45,,,BUY,USD,1,1,1583663
D#1702480,XAUUSD,100,7349874591906926560,7349874591887102156,7349874591974024094,7349874591974020665,1285,2026-04-17T08:55:00.000Z,2026-04-17T09:16:25.000Z,24,-26.8,10,-14,0,0.4,4793.47,4793.09,,4785.41,SELL,USD,1,1,1583663
D#1614619,XAUUSD,100,7349874591906926608,7349874591887102660,7349874591974024273,7349874591974024143,44,2026-04-17T09:16:36.000Z,2026-04-17T09:17:20.000Z,-7.2,5.1,-17.7,-10.5,0,0.3,4793.67,4793.21,,,BUY,USD,1,1,1583663
D#1702590,XAUUSD,100,7349874591906926718,7349874591887102628,7349874591974024078,7349874591974023952,265,2026-04-17T09:15:22.000Z,2026-04-17T09:19:47.000Z,-52,50.6,-59,-7,0,0.2,4792.2,4795.02,4794.52,4788.3,SELL,USD,1,1,1583663
D#1702430,XAUUSD,100,7349874591906926731,7349874591887102607,7349874591974023880,7349874591974023835,328,2026-04-17T09:14:31.000Z,2026-04-17T09:19:59.000Z,60.6,-62.0,53.6,-7,0,0.2,4792.9,4795.71,,4795.78,BUY,USD,1,1,1583663
D#1614619,XAUUSD,100,7349874591906926759,7349874591887102709,7349874591974024677,7349874591974024416,114,2026-04-17T09:18:20.000Z,2026-04-17T09:20:14.000Z,126.9,-129.0,116.4,-10.5,0,0.3,4793.19,4797.2,,,BUY,USD,1,1,1583663
D#1671064,XAUUSD,100,7349874591906926764,7349874591887102667,7349874591974024684,7349874591974024172,214,2026-04-17T09:16:43.000Z,2026-04-17T09:20:17.000Z,37.8,-38.5,34.3,-3.5,0,0.1,4793.62,4797.18,4791.2,,BUY,USD,1,1,1583663
D#1702555,XAUUSD,100,7349874591906926766,7349874591887102643,7349874591974024690,7349874591974024053,250,2026-04-17T09:16:10.000Z,2026-04-17T09:20:20.000Z,-96,94.6,-103,-7,0,0.2,4792.38,4797.4,,4786.74,SELL,USD,1,1,1583663
D#1702551,XAUUSD,100,7349874591906926821,7349874591887102634,7349874591974024907,7349874591974023990,355,2026-04-17T09:15:45.000Z,2026-04-17T09:21:40.000Z,-20.6,20.32,-22,-1.4,0,0.04,4792.42,4797.79,,4784.3,SELL,USD,1,1,1583663
D#1614619,XAUUSD,100,7349874591906926848,7349874591887102769,7349874591974024995,7349874591974024805,71,2026-04-17T09:20:59.000Z,2026-04-17T09:22:10.000Z,18.6,-20.7,8.1,-10.5,0,0.3,4797.69,4798.09,,,BUY,USD,1,1,1583663
D#1702533,XAUUSD,100,7349874591906926934,7349874591887102582,7349874591974025269,7349874591974022960,686,2026-04-17T09:13:17.000Z,2026-04-17T09:24:43.000Z,-1.08,1.01,-1.44,-0.36,0,0.01,4794.11,4795.41,4801.56,4783.23,SELL,USD,1,1,1583663
D#1702686,XAUUSD,100,7349874591906927391,7349874591887102987,7349874591974026624,7349874591974026293,141,2026-04-17T09:32:33.000Z,2026-04-17T09:34:54.000Z,43.5,-45.25,34.74,-8.76,0,0.25,4795.52,4797.04,,,BUY,USD,1,1,1583663
D#1670935,XAUUSD,100,7349874591906927392,7349874591887101468,7349874591974026625,7349874591974015666,4470,2026-04-17T08:20:26.000Z,2026-04-17T09:34:56.000Z,265,-266.75,256.24,-8.76,0,0.25,4786.66,4797.04,,,BUY,USD,1,1,1583663
D#1702724,XAUUSD,100,7349874591906927418,7349874591887102596,7349874591974023895,7349874591974023770,1290,2026-04-17T09:13:52.000Z,2026-04-17T09:35:22.000Z,-29.95,29.6,-31.71,-1.76,0,0.05,4793.07,4799.28,4799.02,4772.83,SELL,USD,1,1,1583663
D#1670935,XAUUSD,100,7349874591906927466,7349874591887103057,7349874591974026851,7349874591974026732,59,2026-04-17T09:35:42.000Z,2026-04-17T09:36:41.000Z,4.5,-6.25,-4.26,-8.76,0,0.25,4797.91,4797.87,,,BUY,USD,1,1,1583663
D#1702693,XAUUSD,100,7349874591906927483,7349874591887103038,7349874591974026896,7349874591974026619,129,2026-04-17T09:34:53.000Z,2026-04-17T09:37:02.000Z,14.1,-14.8,10.6,-3.5,0,0.1,4797.05,4795.86,,,SELL,USD,1,1,1583663
D#1670935,XAUUSD,100,7349874591906927520,7349874591887103073,7349874591974027001,7349874591974026853,62,2026-04-17T09:36:42.000Z,2026-04-17T09:37:44.000Z,63.5,-65.25,54.74,-8.76,0,0.25,4798.07,4795.75,,,SELL,USD,1,1,1583663
D#1702686,XAUUSD,100,7349874591906927531,7349874591887103071,7349874591974027023,7349874591974026842,80,2026-04-17T09:36:36.000Z,2026-04-17T09:37:56.000Z,-64.5,62.75,-73.26,-8.76,0,0.25,4797.91,4795.11,,,BUY,USD,1,1,1583663
D#1670935,XAUUSD,100,7349874591906927575,7349874591887103099,7349874591974027179,7349874591974027013,81,2026-04-17T09:37:50.000Z,2026-04-17T09:39:11.000Z,29.25,-31.0,20.49,-8.76,0,0.25,4795.34,4796.29,,,BUY,USD,1,1,1583663
D#1670935,XAUUSD,100,7349874591906927598,7349874591887103127,7349874591974027259,7349874591974027183,63,2026-04-17T09:39:13.000Z,2026-04-17T09:40:16.000Z,5,-6.75,-3.76,-8.76,0,0.25,4795.89,4795.91,,,SELL,USD,1,1,1583663
D#1670935,XAUUSD,100,7349874591906927617,7349874591887103136,7349874591974027315,7349874591974027262,37,2026-04-17T09:40:18.000Z,2026-04-17T09:40:55.000Z,-22.5,20.75,-31.26,-8.76,0,0.25,4795.89,4794.77,,,BUY,USD,1,1,1583663
D#1702736,XAUUSD,100,7349874591906927632,7349874591887102688,7349874591974025045,7349874591974024284,1436,2026-04-17T09:17:23.000Z,2026-04-17T09:41:19.000Z,10.9,-11.6,7.4,-3.5,0,0.1,4793.33,4794.2,4794.3,4805.32,BUY,USD,1,1,1583663
D#1670935,XAUUSD,100,7349874591906927663,7349874591887103142,7349874591974027445,7349874591974027318,72,2026-04-17T09:40:57.000Z,2026-04-17T09:42:09.000Z,-23.5,21.75,-32.26,-8.76,0,0.25,4794.8,4795.96,,,SELL,USD,1,1,1583663
D#1702686,XAUUSD,100,7349874591906927669,7349874591887103112,7349874591974027454,7349874591974027059,238,2026-04-17T09:38:13.000Z,2026-04-17T09:42:11.000Z,17.64,-20.58,2.94,-14.7,0,0.42,4795.68,4795.88,,,BUY,USD,1,1,1583663
D#1670935,XAUUSD,100,7349874591906927696,7349874591887103163,7349874591974027590,7349874591974027449,78,2026-04-17T09:42:10.000Z,2026-04-17T09:43:28.000Z,-9,7.25,-17.76,-8.76,0,0.25,4796.05,4795.47,,,BUY,USD,1,1,1583663
D#1670935,XAUUSD,100,7349874591906927751,7349874591887103181,7349874591974027787,7349874591974027596,126,2026-04-17T09:43:32.000Z,2026-04-17T09:45:38.000Z,46.75,-48.5,37.99,-8.76,0,0.25,4795.6,4793.95,,,SELL,USD,1,1,1583663
D#1670935,XAUUSD,100,7349874591906927762,7349874591887103214,7349874591974027838,7349874591974027794,22,2026-04-17T09:45:39.000Z,2026-04-17T09:46:01.000Z,-23.75,22.0,-32.51,-8.76,0,0.25,4793.91,4792.74,,,BUY,USD,1,1,1583663
D#1671064,XAUUSD,100,7349874591906927784,7349874591887103125,7349874591974027197,7349874591974027162,424,2026-04-17T09:39:04.000Z,2026-04-17T09:46:08.000Z,-39.4,38.7,-42.9,-3.5,0,0.1,4796.39,4792.23,4792.34,,BUY,USD,1,1,1583663
D#1702642,XAUUSD,100,7349874591906927792,7349874591887101875,7349874591974022926,7349874591974018820,3772,2026-04-17T08:43:19.000Z,2026-04-17T09:46:11.000Z,-3.22,3.15,-3.58,-0.36,0,0.01,4795.42,4791.98,4792.19,4807.77,BUY,USD,1,1,1583663
D#1589407,XAUUSD,100,7349874591906927808,7349874591887103036,7349874591974027911,7349874591974026609,694,2026-04-17T09:34:46.000Z,2026-04-17T09:46:20.000Z,224,-227.5,206.5,-17.5,0,0.5,4796.47,4792.21,4801.2,,SELL,USD,1,1,1583663
D#1702698,XAUUSD,100,7349874591906927807,7349874591887103174,7349874591974027910,7349874591974027536,201,2026-04-17T09:42:59.000Z,2026-04-17T09:46:20.000Z,75.2,-76.6,68.2,-7,0,0.2,4795.75,4792.21,,4791.22,SELL,USD,1,1,1583663
D#1670935,XAUUSD,100,7349874591906927826,7349874591887103228,7349874591974027936,7349874591974027890,10,2026-04-17T09:46:14.000Z,2026-04-17T09:46:24.000Z,-3.75,2.0,-12.51,-8.76,0,0.25,4792.15,4791.78,,,BUY,USD,1,1,1583663
D#1702694,XAUUSD,100,7349874591906927846,7349874591887102305,7349874591974027989,7349874591974021562,2746,2026-04-17T09:01:00.000Z,2026-04-17T09:46:46.000Z,-25.05,24.7,-26.81,-1.76,0,0.05,4796.97,4791.74,4788.23,4819.45,BUY,USD,1,1,1583663
D#1702426,XAUUSD,100,7349874591906927851,7349874591887102261,7349874591974021350,7349874591974021293,2867,2026-04-17T08:59:00.000Z,2026-04-17T09:46:47.000Z,-51.1,50.4,-54.6,-3.5,0,0.1,4796.53,4791.2,4791.48,4808.28,BUY,USD,1,1,1583663
D#1702579,XAUUSD,100,7349874591906927850,7349874591887102333,7349874591974021732,7349874591974021731,2690,2026-04-17T09:01:57.000Z,2026-04-17T09:46:47.000Z,-81.2,80.5,-84.7,-3.5,0,0.1,4799.54,4791.2,4791.43,4810.43,BUY,USD,1,1,1583663
D#1670935,XAUUSD,100,7349874591906927854,7349874591887103240,7349874591974028000,7349874591974027949,21,2026-04-17T09:46:28.000Z,2026-04-17T09:46:49.000Z,-28,25.55,-40.26,-12.26,0,0.35,4792.35,4791.33,,,BUY,USD,1,1,1583663
D#1702533,XAUUSD,100,7349874591906927861,7349874591887102854,7349874591974028027,7349874591974025348,1306,2026-04-17T09:25:13.000Z,2026-04-17T09:46:59.000Z,-4.17,4.1,-4.53,-0.36,0,0.01,4796.04,4791.65,4778,4806,BUY,USD,1,1,1583663
D#1702449,XAUUSD,100,7349874591906927866,7349874591887102959,7349874591974026251,7349874591974026108,939,2026-04-17T09:31:21.000Z,2026-04-17T09:47:00.000Z,-81.6,80.55,-86.86,-5.26,0,0.15,4796.59,4790.93,4791.04,4804.48,BUY,USD,1,1,1583663
D#1702736,XAUUSD,100,7349874591906927882,7349874591887103161,7349874591974028080,7349874591974027428,310,2026-04-17T09:41:59.000Z,2026-04-17T09:47:09.000Z,-44.4,43.7,-47.9,-3.5,0,0.1,4795.39,4790.73,4790.03,4807.22,BUY,USD,1,1,1583663
D#1702339,XAUUSD,100,7349874591906927992,7349874591887102881,7349874591974028449,7349874591974025515,1354,2026-04-17T09:27:15.000Z,2026-04-17T09:49:49.000Z,26.4,-26.82,24.3,-2.1,0,0.06,4796.37,4792.19,4800.01,,SELL,USD,1,1,1583663
D#1702473,XAUUSD,100,7349874591906928013,7349874591887101857,7349874591974028361,7349874591974018738,4020,2026-04-17T08:43:14.000Z,2026-04-17T09:50:14.000Z,-12.9,12.69,-13.96,-1.06,0,0.03,4795.7,4791.18,4791.02,,BUY,USD,1,1,1583663
D#1702686,XAUUSD,100,7349874591906928034,7349874591887103320,7349874591974028593,7349874591974028459,53,2026-04-17T09:49:55.000Z,2026-04-17T09:50:48.000Z,0.72,-0.79,0.36,-0.36,0,0.01,4792.09,4791.59,,,SELL,USD,1,1,1583663
D#1670935,XAUUSD,100,7349874591906928091,7349874591887103252,7349874591974028827,7349874591974028019,365,2026-04-17T09:46:54.000Z,2026-04-17T09:52:59.000Z,5.25,-7.7,-7.01,-12.26,0,0.35,4791.75,4791.68,,,BUY,USD,1,1,1583663
D#1670935,XAUUSD,100,7349874591906928098,7349874591887103370,7349874591974028845,7349874591974028833,3,2026-04-17T09:53:03.000Z,2026-04-17T09:53:06.000Z,-7.35,4.9,-19.61,-12.26,0,0.35,4791.55,4791.98,,,SELL,USD,1,1,1583663
D#1670935,XAUUSD,100,7349874591906928104,7349874591887103374,7349874591974028887,7349874591974028856,14,2026-04-17T09:53:09.000Z,2026-04-17T09:53:23.000Z,16.8,-19.25,4.54,-12.26,0,0.35,4791.88,4791.62,,,SELL,USD,1,1,1583663
D#1670935,XAUUSD,100,7349874591906928162,7349874591887103378,7349874591974029133,7349874591974028889,150,2026-04-17T09:53:25.000Z,2026-04-17T09:55:55.000Z,14,-16.45,1.74,-12.26,0,0.35,4791.62,4791.8,,,BUY,USD,1,1,1583663
D#1670935,XAUUSD,100,7349874591906928184,7349874591887103407,7349874591974029208,7349874591974029135,50,2026-04-17T09:55:57.000Z,2026-04-17T09:56:47.000Z,0.8,-3.6,-13.2,-14,0,0.4,4791.79,4791.99,,,SELL,USD,1,1,1583663
D#1702590,XAUUSD,100,7349874591906928254,7349874591887102853,7349874591974025414,7349874591974025340,2071,2026-04-17T09:25:12.000Z,2026-04-17T09:59:43.000Z,97,-98.4,90,-7,0,0.2,4795.18,4790.55,4799.18,4790.66,SELL,USD,1,1,1583663
D#1702500,XAUUSD,100,7349874591906928265,7349874591887102897,7349874591974025692,7349874591974025639,1898,2026-04-17T09:28:08.000Z,2026-04-17T09:59:46.000Z,82.17,-82.94,78.31,-3.86,0,0.11,4797.4,4790.15,,4790.23,SELL,USD,1,1,1583663
D#1702350,XAUUSD,100,7349874591906928277,7349874591887102426,7349874591974022709,7349874591974022385,3268,2026-04-17T09:05:34.000Z,2026-04-17T10:00:02.000Z,74,-74.7,70.5,-3.5,0,0.1,4797.29,4790.11,4801.5,4790,SELL,USD,1,1,1583663
D#1702537,XAUUSD,100,7349874591906928303,7349874591887103262,7349874591974029547,7349874591974028076,782,2026-04-17T09:47:07.000Z,2026-04-17T10:00:09.000Z,1.41,-1.48,1.05,-0.36,0,0.01,4790.7,4789.51,4795.05,4786.41,SELL,USD,1,1,1583663
D#1671085,XAUUSD,100,7349874591906928327,7349874591887103471,7349874591974029631,7349874591974029561,29,2026-04-17T10:00:12.000Z,2026-04-17T10:00:41.000Z,0.41,-0.48,0.05,-0.36,0,0.01,4789.46,4789.65,,,BUY,USD,1,1,1583663
D#1670935,XAUUSD,100,7349874591906928373,7349874591887103420,7349874591974029830,7349874591974029216,310,2026-04-17T09:56:48.000Z,2026-04-17T10:01:58.000Z,-90.4,87.6,-104.4,-14,0,0.4,4792,4789.52,,,BUY,USD,1,1,1583663
D#1670935,XAUUSD,100,7349874591906928472,7349874591887103516,7349874591974030266,7349874591974029841,215,2026-04-17T10:02:01.000Z,2026-04-17T10:05:36.000Z,-70.8,68.0,-84.8,-14,0,0.4,4789.45,4791.44,,,SELL,USD,1,1,1583663
D#1702736,XAUUSD,100,7349874591906928473,7349874591887103269,7349874591974030272,7349874591974028125,1085,2026-04-17T09:47:33.000Z,2026-04-17T10:05:38.000Z,1.3,-2.0,-2.2,-3.5,0,0.1,4791.34,4791.43,,,SELL,USD,1,1,1583663
D#1702736,XAUUSD,100,7349874591906928499,7349874591887103571,7349874591974030361,7349874591974030273,47,2026-04-17T10:05:40.000Z,2026-04-17T10:06:27.000Z,-11.7,11.0,-15.2,-3.5,0,0.1,4791.43,4790.04,,,BUY,USD,1,1,1583663
D#1671057,XAUUSD,100,7349874591906928529,7349874591887102389,7349874591974023559,7349874591974022115,3828,2026-04-17T09:04:01.000Z,2026-04-17T10:07:49.000Z,110,-110.7,106.5,-3.5,0,0.1,4799.79,4789.01,4801.21,4788.9,SELL,USD,1,1,1583663
D#1670935,XAUUSD,100,7349874591906928531,7349874591887103573,7349874591974030491,7349874591974030279,128,2026-04-17T10:05:43.000Z,2026-04-17T10:07:51.000Z,-90.8,88.0,-104.8,-14,0,0.4,4791.43,4788.94,,,BUY,USD,1,1,1583663
D#1702637,XAUUSD,100,7349874591906928567,7349874591887103168,7349874591974030652,7349874591974027471,1637,2026-04-17T09:42:15.000Z,2026-04-17T10:09:32.000Z,69.9,-70.6,66.4,-3.5,0,0.1,4795.93,4789.16,4815.05,4786.71,SELL,USD,1,1,1583663
D#1702487,XAUUSD,100,7349874591906928623,7349874591887102273,7349874591974030849,7349874591974021378,4300,2026-04-17T08:59:42.000Z,2026-04-17T10:11:22.000Z,81.6,-82.3,78.1,-3.5,0,0.1,4796.01,4788.07,,,SELL,USD,1,1,1583663
D#1702686,XAUUSD,100,7349874591906928622,7349874591887103397,7349874591974030848,7349874591974029050,982,2026-04-17T09:55:00.000Z,2026-04-17T10:11:22.000Z,-171.45,168.3,-187.21,-15.76,0,0.45,4791.98,4787.95,,,BUY,USD,1,1,1583663
D#1702592,XAUUSD,100,7349874591906928624,7349874591887103318,7349874591974030853,7349874591974028443,1296,2026-04-17T09:49:48.000Z,2026-04-17T10:11:24.000Z,-206,202.5,-223.5,-17.5,0,0.5,4792.2,4787.86,,4794.25,BUY,USD,1,1,1583663
D#1671085,XAUUSD,100,7349874591906928640,7349874591887103600,7349874591974030912,7349874591974030471,245,2026-04-17T10:07:44.000Z,2026-04-17T10:11:49.000Z,2.84,-2.98,2.14,-0.7,0,0.02,4789.16,4787.96,,,SELL,USD,1,1,1583663
D#1702719,XAUUSD,100,7349874591906928662,7349874591887103638,7349874591974030975,7349874591974030753,116,2026-04-17T10:10:27.000Z,2026-04-17T10:12:23.000Z,-2.09,2.02,-2.45,-0.36,0,0.01,4789.61,4787.3,,,BUY,USD,1,1,1583663
D#1702514,XAUUSD,100,7349874591906928684,7349874591887103454,7349874591974031032,7349874591974029458,810,2026-04-17T09:59:28.000Z,2026-04-17T10:12:58.000Z,11.7,-12.4,8.2,-3.5,0,0.1,4790.85,4789.9,4797.56,4782.83,SELL,USD,1,1,1583663
D#1702719,XAUUSD,100,7349874591906928716,7349874591887103681,7349874591974031131,7349874591974031042,46,2026-04-17T10:13:02.000Z,2026-04-17T10:13:48.000Z,1.45,-1.8,-0.31,-1.76,0,0.05,4789.81,4789.88,,,BUY,USD,1,1,1583663
D#1702514,XAUUSD,100,7349874591906928740,7349874591887103687,7349874591974031206,7349874591974031077,59,2026-04-17T10:13:24.000Z,2026-04-17T10:14:23.000Z,-67.2,65.1,-77.7,-10.5,0,0.3,4788.64,4791.1,4792.29,4786.61,SELL,USD,1,1,1583663
D#1702514,XAUUSD,100,7349874591906928748,7349874591887103705,7349874591974031214,7349874591974031208,5,2026-04-17T10:14:24.000Z,2026-04-17T10:14:29.000Z,1.24,-3.41,-9.62,-10.86,0,0.31,4790.93,4791.11,,,SELL,USD,1,1,1583663
D#1702533,XAUUSD,100,7349874591906928754,7349874591887103255,7349874591974028176,7349874591974028041,1651,2026-04-17T09:47:01.000Z,2026-04-17T10:14:32.000Z,-0.19,0.12,-0.55,-0.36,0,0.01,4790.93,4791.34,4791.04,4786.5,SELL,USD,1,1,1583663
D#1702590,XAUUSD,100,7349874591906928764,7349874591887103633,7349874591974030728,7349874591974030691,292,2026-04-17T10:09:49.000Z,2026-04-17T10:14:41.000Z,-53.8,52.4,-60.8,-7,0,0.2,4789.27,4792.18,4791.97,4785.22,SELL,USD,1,1,1583663
D#1702719,XAUUSD,100,7349874591906928766,7349874591887103707,7349874591974031261,7349874591974031212,18,2026-04-17T10:14:26.000Z,2026-04-17T10:14:44.000Z,8.4,-9.1,4.9,-3.5,0,0.1,4791.1,4791.72,,,BUY,USD,1,1,1583663
D#1702736,XAUUSD,100,7349874591906928781,7349874591887103585,7349874591974031304,7349874591974030365,520,2026-04-17T10:06:28.000Z,2026-04-17T10:15:08.000Z,-16.4,15.7,-19.9,-3.5,0,0.1,4789.98,4791.84,4795.23,4778.13,SELL,USD,1,1,1583663
D#1670982,XAUUSD,100,7349874591906928800,7349874591887103023,7349874591974031399,7349874591974026518,2512,2026-04-17T09:33:57.000Z,2026-04-17T10:15:49.000Z,18.2,-18.55,16.44,-1.76,0,0.05,4795.43,4792.01,4795.58,,SELL,USD,1,1,1583663
D#1702719,XAUUSD,100,7349874591906928812,7349874591887103726,7349874591974031421,7349874591974031320,46,2026-04-17T10:15:12.000Z,2026-04-17T10:15:58.000Z,4.9,-5.6,1.4,-3.5,0,0.1,4791.88,4792.15,,,BUY,USD,1,1,1583663
D#1645749,XAUUSD,100,7349874591906928830,7349874591887103465,7349874591974031485,7349874591974029523,981,2026-04-17T10:00:04.000Z,2026-04-17T10:16:25.000Z,-18,17.16,-22.2,-4.2,0,0.12,4790.32,4792.04,4792.34,4785.2,SELL,USD,1,1,1583663
D#1702724,XAUUSD,100,7349874591906928838,7349874591887103101,7349874591974031510,7349874591974027018,2320,2026-04-17T09:37:53.000Z,2026-04-17T10:16:33.000Z,13.05,-13.4,11.29,-1.76,0,0.05,4795.25,4792.86,4794.98,4772.22,SELL,USD,1,1,1583663
D#1702350,XAUUSD,100,7349874591906928855,7349874591887103620,7349874591974030706,7349874591974030602,460,2026-04-17T10:09:05.000Z,2026-04-17T10:16:45.000Z,-44.6,43.9,-48.1,-3.5,0,0.1,4789.04,4793.72,4793.5,4781.2,SELL,USD,1,1,1583663
D#1670866,XAUUSD,100,7349874591906928861,7349874591887101225,7349874591974031555,7349874591974013917,7844,2026-04-17T08:06:05.000Z,2026-04-17T10:16:49.000Z,-33.66,33.03,-36.82,-3.16,0,0.09,4789.65,4793.61,4801.14,4783.52,SELL,USD,1,1,1583663
D#1670986,XAUUSD,100,7349874591906928862,7349874591887103661,7349874591974031556,7349874591974030929,290,2026-04-17T10:12:00.000Z,2026-04-17T10:16:50.000Z,-250.69,247.68,-265.75,-15.06,0,0.43,4787.61,4793.66,,4785.42,SELL,USD,1,1,1583663
D#1702514,XAUUSD,100,7349874591906928883,7349874591887103710,7349874591974031269,7349874591974031217,173,2026-04-17T10:14:31.000Z,2026-04-17T10:17:24.000Z,88.35,-90.52,77.49,-10.86,0,0.31,4791.11,4793.74,4789.05,4793.78,BUY,USD,1,1,1583663
D#1702581,XAUUSD,100,7349874591906928936,7349874591887103791,7349874591974031798,7349874591974031749,34,2026-04-17T10:18:23.000Z,2026-04-17T10:18:57.000Z,-9.84,9.0,-14.04,-4.2,0,0.12,4793.97,4792.93,,4983.6,BUY,USD,1,1,1583663
D#1702664,XAUUSD,100,7349874591906928940,7349874591887103541,7349874591974030190,7349874591974030041,913,2026-04-17T10:03:48.000Z,2026-04-17T10:19:01.000Z,17.92,-18.41,15.46,-2.46,0,0.07,4790.3,4792.64,4792.86,,BUY,USD,1,1,1583663
D#1702724,XAUUSD,100,7349874591906928964,7349874591887103785,7349874591974031814,7349874591974031705,121,2026-04-17T10:17:59.000Z,2026-04-17T10:20:00.000Z,-10.2,9.85,-11.96,-1.76,0,0.05,4793.76,4791.5,4791.61,4815.71,BUY,USD,1,1,1583663
D#1614593,XAUUSD,100,7349874591906929034,7349874591887103784,7349874591974031701,7349874591974031700,255,2026-04-17T10:17:59.000Z,2026-04-17T10:22:14.000Z,1.6,-2.3,-1.9,-3.5,0,0.1,4793.65,4793.71,4793.69,4788.97,SELL,USD,1,1,1583663
D#1702514,XAUUSD,100,7349874591906929068,7349874591887103789,7349874591974032350,7349874591974031731,311,2026-04-17T10:18:13.000Z,2026-04-17T10:23:24.000Z,-46.4,45.0,-53.4,-7,0,0.2,4793.95,4791.41,4789.15,4795.16,BUY,USD,1,1,1583663
D#1614593,XAUUSD,100,7349874591906929073,7349874591887103876,7349874591974032366,7349874591974032278,52,2026-04-17T10:22:43.000Z,2026-04-17T10:23:35.000Z,20.5,-21.2,17,-3.5,0,0.1,4793.33,4791.5,4796.14,4788,SELL,USD,1,1,1583663
D#1702664,XAUUSD,100,7349874591906929090,7349874591887103848,7349874591974032424,7349874591974032091,183,2026-04-17T10:21:19.000Z,2026-04-17T10:24:22.000Z,-10.15,9.66,-12.61,-2.46,0,0.07,4793.03,4791.36,,,BUY,USD,1,1,1583663
D#1702672,XAUUSD,100,7349874591906929092,7349874591887103836,7349874591974032427,7349874591974032027,216,2026-04-17T10:20:47.000Z,2026-04-17T10:24:23.000Z,1,-1.07,0.64,-0.36,0,0.01,4792.27,4791.49,4805,4790,SELL,USD,1,1,1583663
D#1702727,XAUUSD,100,7349874591906929123,7349874591887103914,7349874591974032560,7349874591974032537,12,2026-04-17T10:25:29.000Z,2026-04-17T10:25:41.000Z,-2,1.3,-5.5,-3.5,0,0.1,4791.62,4791.2,,,BUY,USD,1,1,1583663
D#1614593,XAUUSD,100,7349874591906929124,7349874591887103913,7349874591974032567,7349874591974032517,32,2026-04-17T10:25:13.000Z,2026-04-17T10:25:45.000Z,13.7,-14.4,10.2,-3.5,0,0.1,4792.54,4791.39,4794.83,4786.69,SELL,USD,1,1,1583663
D#1702736,XAUUSD,100,7349874591906929164,7349874591887103725,7349874591974032702,7349874591974031317,688,2026-04-17T10:15:10.000Z,2026-04-17T10:26:38.000Z,-23.3,22.6,-26.8,-3.5,0,0.1,4791.9,4789.35,4785.29,4804.08,BUY,USD,1,1,1583663
D#1702350,XAUUSD,100,7349874591906929166,7349874591887103772,7349874591974031760,7349874591974031648,542,2026-04-17T10:17:38.000Z,2026-04-17T10:26:40.000Z,-44.6,43.9,-48.1,-3.5,0,0.1,4793.93,4789.25,4789.4,4801.71,BUY,USD,1,1,1583663
D#1702724,XAUUSD,100,7349874591906929169,7349874591887103852,7349874591974032231,7349874591974032105,323,2026-04-17T10:21:24.000Z,2026-04-17T10:26:47.000Z,-19.65,19.3,-21.41,-1.76,0,0.05,4793.14,4788.99,4789.13,4814.38,BUY,USD,1,1,1583663
D#1702736,XAUUSD,100,7349874591906929204,7349874591887103933,7349874591974032824,7349874591974032705,60,2026-04-17T10:26:41.000Z,2026-04-17T10:27:41.000Z,-8.4,7.7,-11.9,-3.5,0,0.1,4789.24,4790.3,,,SELL,USD,1,1,1583663
D#1702514,XAUUSD,100,7349874591906929272,7349874591887103885,7349874591974032406,7349874591974032355,435,2026-04-17T10:23:26.000Z,2026-04-17T10:30:41.000Z,33.6,-35.0,26.6,-7,0,0.2,4791.42,4789.96,4789.88,4786.82,SELL,USD,1,1,1583663
D#1702637,XAUUSD,100,7349874591906929291,7349874591887103786,7349874591974033149,7349874591974031706,805,2026-04-17T10:18:00.000Z,2026-04-17T10:31:25.000Z,47.6,-48.3,44.1,-3.5,0,0.1,4793.65,4789.11,4814.46,4784.41,SELL,USD,1,1,1583663
D#1702514,XAUUSD,100,7349874591906929306,7349874591887103996,7349874591974033132,7349874591974033101,78,2026-04-17T10:30:43.000Z,2026-04-17T10:32:01.000Z,-27,25.6,-34,-7,0,0.2,4789.97,4788.4,4788.58,4791.39,BUY,USD,1,1,1583663
D#1645749,XAUUSD,100,7349874591906929312,7349874591887103902,7349874591974032580,7349874591974032465,434,2026-04-17T10:24:48.000Z,2026-04-17T10:32:02.000Z,53.16,-54.0,48.96,-4.2,0,0.12,4792.45,4788.24,4793.18,4788.13,SELL,USD,1,1,1583663
D#1702736,XAUUSD,100,7349874591906929320,7349874591887103954,7349874591974033252,7349874591974032828,262,2026-04-17T10:27:43.000Z,2026-04-17T10:32:05.000Z,-22.5,21.8,-26,-3.5,0,0.1,4790.3,4787.83,,,BUY,USD,1,1,1583663
D#1645756,XAUUSD,100,7349874591906929348,7349874591887103724,7349874591974031305,7349874591974031303,1030,2026-04-17T10:15:08.000Z,2026-04-17T10:32:18.000Z,-52.91,52.14,-56.77,-3.86,0,0.11,4791.84,4786.81,4787.25,,BUY,USD,1,1,1583663
D#1671071,XAUUSD,100,7349874591906929342,7349874591887103745,7349874591974031428,7349874591974031427,978,2026-04-17T10:16:00.000Z,2026-04-17T10:32:18.000Z,-46.62,45.99,-49.78,-3.16,0,0.09,4792.21,4786.81,4787.13,,BUY,USD,1,1,1583663
D#1670982,XAUUSD,100,7349874591906929343,7349874591887103763,7349874591974031669,7349874591974031569,925,2026-04-17T10:16:53.000Z,2026-04-17T10:32:18.000Z,-33.3,32.95,-35.06,-1.76,0,0.05,4793.69,4786.81,4787.12,,BUY,USD,1,1,1583663
D#1702672,XAUUSD,100,7349874591906929409,7349874591887103979,7349874591974033460,7349874591974032974,245,2026-04-17T10:29:23.000Z,2026-04-17T10:33:28.000Z,2.1,-2.17,1.74,-0.36,0,0.01,4789.82,4787.94,4804.58,4775,SELL,USD,1,1,1583663
D#1671085,XAUUSD,100,7349874591906929437,7349874591887103678,7349874591974033570,7349874591974031028,1298,2026-04-17T10:12:54.000Z,2026-04-17T10:34:32.000Z,5.22,-5.43,4.16,-1.06,0,0.03,4789.29,4787.77,,,SELL,USD,1,1,1583663
D#1702736,XAUUSD,100,7349874591906929490,7349874591887104024,7349874591974033790,7349874591974033257,262,2026-04-17T10:32:08.000Z,2026-04-17T10:36:30.000Z,-10,9.3,-13.5,-3.5,0,0.1,4787.86,4789.08,,,SELL,USD,1,1,1583663
D#1614593,XAUUSD,100,7349874591906929503,7349874591887104017,7349874591974033847,7349874591974032728,296,2026-04-17T10:32:02.000Z,2026-04-17T10:36:58.000Z,9.4,-10.1,5.9,-3.5,0,0.1,4788.24,4788.96,4785.94,4790.6,BUY,USD,1,1,1583663
D#1702736,XAUUSD,100,7349874591906929513,7349874591887104110,7349874591974033902,7349874591974033791,51,2026-04-17T10:36:31.000Z,2026-04-17T10:37:22.000Z,-13.4,12.7,-16.9,-3.5,0,0.1,4789.09,4787.53,,,BUY,USD,1,1,1583663
D#1702375,XAUUSD,100,7349874591906929530,7349874591887104008,7349874591974033961,7349874591974033160,389,2026-04-17T10:31:32.000Z,2026-04-17T10:38:01.000Z,5.95,-6.3,4.19,-1.76,0,0.05,4788.96,4787.99,4788.71,,SELL,USD,1,1,1583663
D#1702440,XAUUSD,100,7349874591906929533,7349874591887103624,7349874591974033976,7349874591974030642,1723,2026-04-17T10:09:29.000Z,2026-04-17T10:38:12.000Z,2.54,-2.68,1.84,-0.7,0,0.02,4789.03,4787.98,4793.52,4780.95,SELL,USD,1,1,1583663
D#1702575,XAUUSD,100,7349874591906929547,7349874591887103280,7349874591974034037,7349874591974028175,3057,2026-04-17T09:47:55.000Z,2026-04-17T10:38:52.000Z,83.8,-85.2,76.8,-7,0,0.2,4791.79,4787.82,4805.12,4777.64,SELL,USD,1,1,1583663
D#1702563,XAUUSD,100,7349874591906929593,7349874591887103473,7349874591974034132,7349874591974029573,2397,2026-04-17T10:00:17.000Z,2026-04-17T10:40:14.000Z,46.3,-47.0,42.8,-3.5,0,0.1,4789.91,4785.5,4789.66,,SELL,USD,1,1,1583663
D#1670924,XAUUSD,100,7349874591906929600,7349874591887102338,7349874591974022220,7349874591974021774,5890,2026-04-17T09:02:09.000Z,2026-04-17T10:40:19.000Z,-74.35,74.0,-76.11,-1.76,0,0.05,4800.18,4785.09,4785.45,,BUY,USD,1,1,1583663
D#1702514,XAUUSD,100,7349874591906929621,7349874591887104026,7349874591974033377,7349874591974033265,490,2026-04-17T10:32:12.000Z,2026-04-17T10:40:22.000Z,88.02,-89.91,78.56,-9.46,0,0.27,4787.68,4784.64,4792.11,4784.69,SELL,USD,1,1,1583663
D#1670945,XAUUSD,100,7349874591906929664,7349874591887102442,7349874591974022510,7349874591974022507,5670,2026-04-17T09:06:16.000Z,2026-04-17T10:40:46.000Z,121.1,-121.8,117.6,-3.5,0,0.1,4794.79,4782.9,4799.94,4782.94,SELL,USD,1,1,1583663
D#1614593,XAUUSD,100,7349874591906929663,7349874591887104158,7349874591974034158,7349874591974034155,25,2026-04-17T10:40:21.000Z,2026-04-17T10:40:46.000Z,20.4,-21.1,16.9,-3.5,0,0.1,4784.72,4782.9,4786.77,4782.72,SELL,USD,1,1,1583663
D#1702350,XAUUSD,100,7349874591906929766,7349874591887103940,7349874591974034507,7349874591974032736,931,2026-04-17T10:27:01.000Z,2026-04-17T10:42:32.000Z,35.9,-36.6,32.4,-3.5,0,0.1,4789.02,4785.65,4794,4780.06,SELL,USD,1,1,1583663
D#1702416,XAUUSD,100,7349874591906929815,7349874591887101474,7349874591974034689,7349874591974015693,8597,2026-04-17T08:20:35.000Z,2026-04-17T10:43:52.000Z,35.23,-36.14,30.67,-4.56,0,0.13,4787.19,4784.7,,,SELL,USD,1,1,1583663
D#1702727,XAUUSD,100,7349874591906929858,7349874591887103916,7349874591974034856,7349874591974032568,1156,2026-04-17T10:25:46.000Z,2026-04-17T10:45:02.000Z,-185.4,183.3,-195.9,-10.5,0,0.3,4791.39,4784.99,,4795,BUY,USD,1,1,1583663
D#1702533,XAUUSD,100,7349874591906929873,7349874591887103751,7349874591974034896,7349874591974031470,1745,2026-04-17T10:16:17.000Z,2026-04-17T10:45:22.000Z,7.22,-7.29,6.86,-0.36,0,0.01,4791.82,4784.82,4797,4779,SELL,USD,1,1,1583663
D#1702672,XAUUSD,100,7349874591906929888,7349874591887104074,7349874591974034966,7349874591974033547,700,2026-04-17T10:34:15.000Z,2026-04-17T10:45:55.000Z,1.57,-1.64,1.21,-0.36,0,0.01,4787.71,4786.36,4793,4775,SELL,USD,1,1,1583663
D#1589378,XAUUSD,100,7349874591906929919,7349874591887103388,7349874591974035051,7349874591974028961,3148,2026-04-17T09:54:02.000Z,2026-04-17T10:46:30.000Z,5.32,-5.39,4.96,-0.36,0,0.01,4791.64,4786.54,,,SELL,USD,1,1,1583663
D#1702694,XAUUSD,100,7349874591906929929,7349874591887103463,7349874591974035070,7349874591974029513,2798,2026-04-17T10:00:00.000Z,2026-04-17T10:46:38.000Z,19.8,-20.15,18.04,-1.76,0,0.05,4790.55,4786.81,4798.19,4768.69,SELL,USD,1,1,1583663
D#1614593,XAUUSD,100,7349874591906929932,7349874591887104239,7349874591974035078,7349874591974034664,182,2026-04-17T10:43:39.000Z,2026-04-17T10:46:41.000Z,21.3,-22.0,17.8,-3.5,0,0.1,4784.46,4786.37,4781.46,4787.7,BUY,USD,1,1,1583663
D#1702350,XAUUSD,100,7349874591906930070,7349874591887104289,7349874591974035742,7349874591974034911,356,2026-04-17T10:45:33.000Z,2026-04-17T10:51:29.000Z,-2.4,1.7,-5.9,-3.5,0,0.1,4785.52,4785.06,4780.7,4794.48,BUY,USD,1,1,1583663
D#1614593,XAUUSD,100,7349874591906930088,7349874591887104361,7349874591974035401,7349874591974035398,150,2026-04-17T10:49:17.000Z,2026-04-17T10:51:47.000Z,37.7,-38.4,34.2,-3.5,0,0.1,4786.99,4783.44,4790.53,4783.33,SELL,USD,1,1,1583663
D#1702533,XAUUSD,100,7349874591906930269,7349874591887104311,7349874591974036347,7349874591974035061,544,2026-04-17T10:46:33.000Z,2026-04-17T10:55:37.000Z,-1.3,1.23,-1.66,-0.36,0,0.01,4786.85,4785.33,4782,4800,BUY,USD,1,1,1583663
D#1702514,XAUUSD,100,7349874591906930429,7349874591887104517,7349874591974036447,7349874591974036409,241,2026-04-17T10:56:03.000Z,2026-04-17T11:00:04.000Z,91.8,-93.69,82.34,-9.46,0,0.27,4785.36,4788.54,4783.02,4788.51,BUY,USD,1,1,1583663
D#1645648,XAUUSD,100,7349874591906930450,7349874591887104410,7349874591974036882,7349874591974035794,519,2026-04-17T10:51:40.000Z,2026-04-17T11:00:19.000Z,-51.5,50.8,-55,-3.5,0,0.1,4783.86,4789.23,,,SELL,USD,1,1,1583663
D#1702514,XAUUSD,100,7349874591906930544,7349874591887104624,7349874591974037189,7349874591974037131,24,2026-04-17T11:01:45.000Z,2026-04-17T11:02:09.000Z,8.64,-10.53,-0.82,-9.46,0,0.27,4785.88,4785.78,,,SELL,USD,1,1,1583663
D#1702654,XAUUSD,100,7349874591906930617,7349874591887104650,7349874591974037328,7349874591974037325,43,2026-04-17T11:03:20.000Z,2026-04-17T11:04:03.000Z,113.98,-116.85,99.62,-14.36,0,0.41,4787.07,4784.51,,4784.55,SELL,USD,1,1,1583663
D#1589408,XAUUSD,100,7349874591906930696,7349874591887104466,7349874591974037749,7349874591974036117,721,2026-04-17T10:54:14.000Z,2026-04-17T11:06:15.000Z,-9.45,9.1,-11.21,-1.76,0,0.05,4786.42,4784.31,4780.92,4796.56,BUY,USD,1,1,1583663
D#1614622,XAUUSD,100,7349874591906930795,7349874591887104765,7349874591974038136,7349874591974038126,8,2026-04-17T11:10:02.000Z,2026-04-17T11:10:10.000Z,-26,22.36,-44.2,-18.2,0,0.52,4787.31,4786.59,,,BUY,USD,1,1,1583663
D#1670913,XAUUSD,100,7349874591906930801,7349874591887104764,7349874591974038156,7349874591974038124,21,2026-04-17T11:10:01.000Z,2026-04-17T11:10:22.000Z,-44.72,41.08,-62.92,-18.2,0,0.52,4787.12,4788.2,,,SELL,USD,1,1,1583663
D#1702480,XAUUSD,100,7349874591906930839,7349874591887103983,7349874591974038299,7349874591974033008,2530,2026-04-17T10:29:53.000Z,2026-04-17T11:12:03.000Z,-27,25.6,-34,-7,0,0.2,4789.66,4788.09,,4789.9,BUY,USD,1,1,1583663
D#1670932,XAUUSD,100,7349874591906930842,7349874591887104596,7349874591974038313,7349874591974036960,685,2026-04-17T11:00:48.000Z,2026-04-17T11:12:13.000Z,7.56,-9.03,0.2,-7.36,0,0.21,4787.71,4787.85,4783.63,4792.04,BUY,USD,1,1,1583663
D#1702514,XAUUSD,100,7349874591906930850,7349874591887104731,7349874591974037922,7349874591974037891,304,2026-04-17T11:07:26.000Z,2026-04-17T11:12:30.000Z,52.2,-54.3,41.7,-10.5,0,0.3,4786.32,4787.84,4787.95,4789.2,BUY,USD,1,1,1583663
D#1670932,XAUUSD,100,7349874591906930877,7349874591887104793,7349874591974038357,7349874591974038324,50,2026-04-17T11:12:24.000Z,2026-04-17T11:13:14.000Z,43.4,-45.36,33.6,-9.8,0,0.28,4787.9,4786.57,4786.34,4785.26,SELL,USD,1,1,1583663
D#1670932,XAUUSD,100,7349874591906930882,7349874591887104808,7349874591974038432,7349874591974038428,6,2026-04-17T11:13:19.000Z,2026-04-17T11:13:25.000Z,9.24,-11.2,-0.56,-9.8,0,0.28,4786.46,4786.57,,,BUY,USD,1,1,1583663
D#1702654,XAUUSD,100,7349874591906930903,7349874591887104769,7349874591974038153,7349874591974038151,252,2026-04-17T11:10:18.000Z,2026-04-17T11:14:30.000Z,-40.59,37.72,-54.95,-14.36,0,0.41,4787.02,4788.23,4788.1,4784.44,SELL,USD,1,1,1583663
D#1702733,XAUUSD,100,7349874591906930910,7349874591887100366,7349874591974038545,7349874591974008103,13603,2026-04-17T07:28:04.000Z,2026-04-17T11:14:47.000Z,35.2,-35.76,32.4,-2.8,0,0.08,4791.24,4787.06,4791,4750.27,SELL,USD,1,1,1583663
D#1702500,XAUUSD,100,7349874591906931005,7349874591887103636,7349874591974038912,7349874591974030711,4112,2026-04-17T10:09:59.000Z,2026-04-17T11:18:31.000Z,25.52,-26.29,21.66,-3.86,0,0.11,4788.98,4786.88,,4781.81,SELL,USD,1,1,1583663
D#1702514,XAUUSD,100,7349874591906931045,7349874591887104817,7349874591974038506,7349874591974038480,317,2026-04-17T11:14:09.000Z,2026-04-17T11:19:26.000Z,-81,78.9,-91.5,-10.5,0,0.3,4787.56,4784.64,4785.06,4789.64,BUY,USD,1,1,1583663
D#1670932,XAUUSD,100,7349874591906931055,7349874591887104825,7349874591974039033,7349874591974038547,281,2026-04-17T11:14:54.000Z,2026-04-17T11:19:35.000Z,-36,33.9,-46.5,-10.5,0,0.3,4787.02,4785.6,4783.95,4788.74,BUY,USD,1,1,1583663
D#1702514,XAUUSD,100,7349874591906931080,7349874591887104907,7349874591974039125,7349874591974039012,72,2026-04-17T11:19:27.000Z,2026-04-17T11:20:39.000Z,-27.6,25.5,-38.1,-10.5,0,0.3,4784.69,4785.83,,,SELL,USD,1,1,1583663
D#1702514,XAUUSD,100,7349874591906931099,7349874591887104929,7349874591974039156,7349874591974039139,14,2026-04-17T11:20:45.000Z,2026-04-17T11:20:59.000Z,-41.71,38.7,-56.77,-15.06,0,0.43,4786.54,4785.35,4785.55,,BUY,USD,1,1,1583663
D#1614622,XAUUSD,100,7349874591906931129,7349874591887104896,7349874591974039262,7349874591974038951,180,2026-04-17T11:18:58.000Z,2026-04-17T11:21:58.000Z,0.37,-0.44,0.01,-0.36,0,0.01,4785.89,4785.74,,,SELL,USD,1,1,1583663
D#1670913,XAUUSD,100,7349874591906931133,7349874591887104895,7349874591974039275,7349874591974038950,190,2026-04-17T11:18:58.000Z,2026-04-17T11:22:08.000Z,0.4,-0.47,0.04,-0.36,0,0.01,4786,4786.18,,,BUY,USD,1,1,1583663
D#1702514,XAUUSD,100,7349874591906931142,7349874591887104939,7349874591974039211,7349874591974039185,65,2026-04-17T11:21:11.000Z,2026-04-17T11:22:16.000Z,78.49,-81.78,62.03,-16.46,0,0.47,4785.67,4787.12,4785.01,4787.44,BUY,USD,1,1,1583663
D#1702654,XAUUSD,100,7349874591906931144,7349874591887104935,7349874591974039260,7349874591974039173,74,2026-04-17T11:21:04.000Z,2026-04-17T11:22:18.000Z,-101.68,98.81,-116.04,-14.36,0,0.41,4785.06,4787.76,4787.6,4782.48,SELL,USD,1,1,1583663
D#1702426,XAUUSD,100,7349874591906931194,7349874591887103340,7349874591974028634,7349874591974028601,5527,2026-04-17T09:50:56.000Z,2026-04-17T11:23:03.000Z,31.6,-32.3,28.1,-3.5,0,0.1,4791.85,4788.91,4788.54,4780.78,SELL,USD,1,1,1583663
D#1670932,XAUUSD,100,7349874591906931195,7349874591887104912,7349874591974039107,7349874591974039046,201,2026-04-17T11:19:42.000Z,2026-04-17T11:23:03.000Z,85.5,-87.6,75,-10.5,0,0.3,4786.1,4788.73,4782.97,4788.74,BUY,USD,1,1,1583663
D#1702654,XAUUSD,100,7349874591906931199,7349874591887104958,7349874591974039415,7349874591974039310,43,2026-04-17T11:22:22.000Z,2026-04-17T11:23:05.000Z,25.42,-28.29,11.06,-14.36,0,0.41,4788.2,4788.6,,,BUY,USD,1,1,1583663
D#1670913,XAUUSD,100,7349874591906931203,7349874591887104963,7349874591974039437,7349874591974039360,36,2026-04-17T11:22:39.000Z,2026-04-17T11:23:15.000Z,10.1,-10.8,6.6,-3.5,0,0.1,4787.78,4788.57,,,BUY,USD,1,1,1583663
D#1589408,XAUUSD,100,7349874591906931210,7349874591887104721,7349874591974039447,7349874591974037814,992,2026-04-17T11:06:49.000Z,2026-04-17T11:23:21.000Z,-28.8,28.1,-32.3,-3.5,0,0.1,4785.58,4788.68,4793.08,4767.98,SELL,USD,1,1,1583663
D#1702514,XAUUSD,100,7349874591906931229,7349874591887104983,7349874591974039488,7349874591974039473,12,2026-04-17T11:23:35.000Z,2026-04-17T11:23:47.000Z,23.5,-27.0,6,-17.5,0,0.5,4789.17,4789.42,,,BUY,USD,1,1,1583663
D#1702724,XAUUSD,100,7349874591906931303,7349874591887103950,7349874591974033076,7349874591974032801,3457,2026-04-17T10:27:28.000Z,2026-04-17T11:25:05.000Z,-22.2,21.5,-25.7,-3.5,0,0.1,4789.43,4791.87,4791.67,4779.16,SELL,USD,1,1,1583663
D#1702727,XAUUSD,100,7349874591906931393,7349874591887104281,7349874591974039983,7349874591974034886,2560,2026-04-17T10:45:10.000Z,2026-04-17T11:27:50.000Z,269.2,-272.0,255.2,-14,0,0.4,4784.83,4791.34,,4794.87,BUY,USD,1,1,1583663
D#1702672,XAUUSD,100,7349874591906931429,7349874591887104296,7349874591974035547,7349874591974034985,2552,2026-04-17T10:46:00.000Z,2026-04-17T11:28:32.000Z,-6.93,6.86,-7.29,-0.36,0,0.01,4785.97,4793.12,4793,4775,SELL,USD,1,1,1583663
D#1702379,XAUUSD,100,7349874591906931439,7349874591887097107,7349874591974040117,7349874591973984381,24300,2026-04-17T04:43:34.000Z,2026-04-17T11:28:34.000Z,64.8,-65.43,61.64,-3.16,0,0.09,4800.39,4793.41,,,SELL,USD,1,1,1583663
D#1702650,XAUUSD,100,7349874591906931448,7349874591887103942,7349874591974040144,7349874591974032764,3694,2026-04-17T10:27:12.000Z,2026-04-17T11:28:46.000Z,-198,194.5,-215.5,-17.5,0,0.5,4789.22,4793.4,,,SELL,USD,1,1,1583663
D#1670957,XAUUSD,100,7349874591906931456,7349874591887104060,7349874591974033686,7349874591974033483,3322,2026-04-17T10:33:34.000Z,2026-04-17T11:28:56.000Z,174,-176.1,163.5,-10.5,0,0.3,4787.75,4793.33,,4793.45,BUY,USD,1,1,1583663
D#1702575,XAUUSD,100,7349874591906931494,7349874591887104932,7349874591974039247,7349874591974039151,557,2026-04-17T11:20:52.000Z,2026-04-17T11:30:09.000Z,-148.2,146.8,-155.2,-7,0,0.2,4786.18,4793.81,4793.64,4777.95,SELL,USD,1,1,1583663
D#1702735,XAUUSD,100,7349874591906931529,7349874591887101853,7349874591974040427,7349874591974001608,10075,2026-04-17T08:43:11.000Z,2026-04-17T11:31:06.000Z,20.56,-21.12,17.76,-2.8,0,0.08,4795.1,4792.75,4803,4770,SELL,USD,1,1,1583663
D#1702735,XAUUSD,100,7349874591906931535,7349874591887105134,7349874591974040453,7349874591974040445,5,2026-04-17T11:31:16.000Z,2026-04-17T11:31:21.000Z,0.6,-1.65,-4.66,-5.26,0,0.15,4792.83,4793.01,,,SELL,USD,1,1,1583663
D#1670917,XAUUSD,100,7349874591906931541,7349874591887104549,7349874591974040461,7349874591974036627,2004,2026-04-17T10:57:59.000Z,2026-04-17T11:31:23.000Z,8.77,-8.84,8.41,-0.36,0,0.01,4784.29,4792.84,,,BUY,USD,1,1,1583663
D#1702480,XAUUSD,100,7349874591906931562,7349874591887105108,7349874591974040534,7349874591974040286,113,2026-04-17T11:29:59.000Z,2026-04-17T11:31:52.000Z,52.5,-54.6,42,-10.5,0,0.3,4792.83,4791.3,,4781.91,SELL,USD,1,1,1583663
D#1702579,XAUUSD,100,7349874591906931575,7349874591887103970,7349874591974040560,7349874591974032922,3791,2026-04-17T10:28:53.000Z,2026-04-17T11:32:04.000Z,9,-9.7,5.5,-3.5,0,0.1,4789.74,4790.42,4781.6,4800.6,BUY,USD,1,1,1583663
D#1670864,XAUUSD,100,7349874591906931604,7349874591887105157,7349874591974040634,7349874591974040590,19,2026-04-17T11:32:14.000Z,2026-04-17T11:32:33.000Z,0.24,-0.31,-0.12,-0.36,0,0.01,4790.47,4790.45,,,SELL,USD,1,1,1583663
D#1670932,XAUUSD,100,7349874591906931635,7349874591887105164,7349874591974040772,7349874591974040611,67,2026-04-17T11:32:24.000Z,2026-04-17T11:33:31.000Z,-54.23,52.2,-64.39,-10.16,0,0.29,4789.83,4791.92,4792.02,4787.37,SELL,USD,1,1,1583663
D#1702733,XAUUSD,100,7349874591906931701,7349874591887104925,7349874591974041023,7349874591974039103,910,2026-04-17T11:20:19.000Z,2026-04-17T11:35:29.000Z,-80.2,79.5,-83.7,-3.5,0,0.1,4785.8,4794.04,4803.82,4760.93,SELL,USD,1,1,1583663
D#1702350,XAUUSD,100,7349874591906931808,7349874591887104556,7349874591974041333,7349874591974036677,2351,2026-04-17T10:58:34.000Z,2026-04-17T11:37:45.000Z,54,-54.7,50.5,-3.5,0,0.1,4787.29,4792.47,4782.4,4797.5,BUY,USD,1,1,1583663
D#1702480,XAUUSD,100,7349874591906931852,7349874591887105193,7349874591974041490,7349874591974040795,327,2026-04-17T11:33:39.000Z,2026-04-17T11:39:06.000Z,27.6,-29.7,17.1,-10.5,0,0.3,4792.18,4791.48,,4782.76,SELL,USD,1,1,1583663
D#1702654,XAUUSD,100,7349874591906931944,7349874591887105017,7349874591974041802,7349874591974039679,1007,2026-04-17T11:25:04.000Z,2026-04-17T11:41:51.000Z,-134.89,132.02,-149.25,-14.36,0,0.41,4790.96,4794.47,,4788.44,SELL,USD,1,1,1583663
D#1671057,XAUUSD,100,7349874591906931962,7349874591887103639,7349874591974030835,7349874591974030769,5490,2026-04-17T10:10:40.000Z,2026-04-17T11:42:10.000Z,-50.5,49.8,-54,-3.5,0,0.1,4789.52,4794.79,4794.63,4778.63,SELL,USD,1,1,1583663
D#1670932,XAUUSD,100,7349874591906931981,7349874591887105189,7349874591974041929,7349874591974040778,544,2026-04-17T11:33:33.000Z,2026-04-17T11:42:37.000Z,64.67,-66.7,54.51,-10.16,0,0.29,4791.96,4793.97,4788.82,4795,BUY,USD,1,1,1583663
D#1702514,XAUUSD,100,7349874591906931984,7349874591887105146,7349874591974041941,7349874591974040491,668,2026-04-17T11:31:34.000Z,2026-04-17T11:42:42.000Z,22.26,-23.73,14.9,-7.36,0,0.21,4793.06,4793.9,4789.44,4796.7,BUY,USD,1,1,1583663
D#1702561,XAUUSD,100,7349874591906931998,7349874591887105349,7349874591974041862,7349874591974041807,64,2026-04-17T11:41:55.000Z,2026-04-17T11:42:59.000Z,-0.92,0.85,-1.28,-0.36,0,0.01,4794.01,4795.15,4795.03,4768.55,SELL,USD,1,1,1583663
D#1614593,XAUUSD,100,7349874591906932019,7349874591887105317,7349874591974041608,7349874591974041604,172,2026-04-17T11:40:23.000Z,2026-04-17T11:43:15.000Z,-27.1,26.4,-30.6,-3.5,0,0.1,4793.18,4796.11,4795.99,4787.26,SELL,USD,1,1,1583663
D#1702379,XAUUSD,100,7349874591906932021,7349874591887105292,7349874591974042026,7349874591974041449,271,2026-04-17T11:38:45.000Z,2026-04-17T11:43:16.000Z,-222,218.5,-239.5,-17.5,0,0.5,4791.42,4796.08,,,SELL,USD,1,1,1583663
D#1702572,XAUUSD,100,7349874591906932040,7349874591887104176,7349874591974042046,7349874591974034273,3744,2026-04-17T10:40:57.000Z,2026-04-17T11:43:21.000Z,-201.9,200.85,-207.16,-5.26,0,0.15,4782.69,4796.37,4801.7,4748.21,SELL,USD,1,1,1583663
D#1645694,XAUUSD,100,7349874591906932042,7349874591887104573,7349874591974036964,7349874591974036804,2613,2026-04-17T10:59:51.000Z,2026-04-17T11:43:24.000Z,45.05,-45.4,43.29,-1.76,0,0.05,4787.68,4796.47,4782.18,4796.59,BUY,USD,1,1,1583663
D#1702410,XAUUSD,100,7349874591906932055,7349874591887105065,7349874591974040060,7349874591974040004,931,2026-04-17T11:28:00.000Z,2026-04-17T11:43:31.000Z,131.67,-133.14,124.31,-7.36,0,0.21,4791.36,4797.41,,4797.43,BUY,USD,1,1,1583663
D#1702735,XAUUSD,100,7349874591906932056,7349874591887105143,7349874591974040668,7349874591974040474,722,2026-04-17T11:31:29.000Z,2026-04-17T11:43:31.000Z,-89,87.6,-96,-7,0,0.2,4792.9,4797.57,4797.01,4774.01,SELL,USD,1,1,1583663
D#1670945,XAUUSD,100,7349874591906932057,7349874591887105288,7349874591974041430,7349874591974041429,297,2026-04-17T11:38:34.000Z,2026-04-17T11:43:31.000Z,-57,56.3,-60.5,-3.5,0,0.1,4791.65,4797.57,4796.99,4779.99,SELL,USD,1,1,1583663
D#1702693,XAUUSD,100,7349874591906932068,7349874591887103098,7349874591974042101,7349874591974027009,7549,2026-04-17T09:37:49.000Z,2026-04-17T11:43:38.000Z,35.2,-36.6,28.2,-7,0,0.2,4795.51,4797.05,,,BUY,USD,1,1,1583663
D#1702736,XAUUSD,100,7349874591906932085,7349874591887104128,7349874591974042150,7349874591974033907,3985,2026-04-17T10:37:26.000Z,2026-04-17T11:43:51.000Z,-94,93.3,-97.5,-3.5,0,0.1,4787.37,4796.99,,,SELL,USD,1,1,1583663
D#1702579,XAUUSD,100,7349874591906932132,7349874591887105156,7349874591974040577,7349874591974040576,761,2026-04-17T11:32:12.000Z,2026-04-17T11:44:53.000Z,-81.1,80.4,-84.6,-3.5,0,0.1,4790.38,4798.71,4798.43,4779.43,SELL,USD,1,1,1583663
D#1702449,XAUUSD,100,7349874591906932151,7349874591887105229,7349874591974041018,7349874591974032176,574,2026-04-17T11:35:26.000Z,2026-04-17T11:45:00.000Z,-96.48,95.22,-102.78,-6.3,0,0.18,4794.06,4799.64,4799.14,4778.89,SELL,USD,1,1,1583663
D#1702561,XAUUSD,100,7349874591906932152,7349874591887105389,7349874591974042104,7349874591974042057,95,2026-04-17T11:43:25.000Z,2026-04-17T11:45:00.000Z,-135.9,132.75,-151.66,-15.76,0,0.45,4796.4,4799.64,4799.4,4783.43,SELL,USD,1,1,1583663
D#1702662,XAUUSD,100,7349874591906932163,7349874591887103968,7349874591974032963,7349874591974032915,4573,2026-04-17T10:28:48.000Z,2026-04-17T11:45:01.000Z,-51,50.65,-52.76,-1.76,0,0.05,4789.45,4799.87,4799.7,4759.79,SELL,USD,1,1,1583663
D#1702533,XAUUSD,100,7349874591906932173,7349874591887104528,7349874591974036532,7349874591974036491,2908,2026-04-17T10:56:37.000Z,2026-04-17T11:45:05.000Z,15,-15.07,14.64,-0.36,0,0.01,4785.12,4799.9,4778,4800,BUY,USD,1,1,1583663
D#1702487,XAUUSD,100,7349874591906932196,7349874591887103717,7349874591974042417,7349874591974031273,5427,2026-04-17T10:14:49.000Z,2026-04-17T11:45:16.000Z,86.6,-87.3,83.1,-3.5,0,0.1,4791.79,4800.23,,,BUY,USD,1,1,1583663
D#1702722,XAUUSD,100,7349874591906932215,7349874591887102584,7349874591974023726,7349874591974023699,9124,2026-04-17T09:13:21.000Z,2026-04-17T11:45:25.000Z,-55.12,54.56,-57.92,-2.8,0,0.08,4793.75,4800.86,4800.84,,SELL,USD,1,1,1583663
D#1671057,XAUUSD,100,7349874591906932228,7349874591887105368,7349874591974042490,7349874591974041891,193,2026-04-17T11:42:20.000Z,2026-04-17T11:45:33.000Z,58.2,-58.9,54.7,-3.5,0,0.1,4794.82,4800.42,4789.79,4805.71,BUY,USD,1,1,1583663
D#1702535,XAUUSD,100,7349874591906932233,7349874591887104159,7349874591974034162,7349874591974030890,3916,2026-04-17T10:40:21.000Z,2026-04-17T11:45:37.000Z,82.35,-82.7,80.59,-1.76,0,0.05,4784.84,4801.09,4785.08,4801.06,BUY,USD,1,1,1583663
D#1702430,XAUUSD,100,7349874591906932245,7349874591887102781,7349874591974024978,7349874591974024883,8651,2026-04-17T09:21:29.000Z,2026-04-17T11:45:40.000Z,82.4,-83.8,75.4,-7,0,0.2,4797.63,4801.53,,4801.45,BUY,USD,1,1,1583663
D#1702575,XAUUSD,100,7349874591906932252,7349874591887105276,7349874591974041365,7349874591974041315,488,2026-04-17T11:37:32.000Z,2026-04-17T11:45:40.000Z,-174.8,173.4,-181.8,-7,0,0.2,4792.85,4801.81,4801.51,4784.79,SELL,USD,1,1,1583663
D#1702611,XAUUSD,100,7349874591906932264,7349874591887098579,7349874591973994640,7349874591973994606,20636,2026-04-17T06:01:45.000Z,2026-04-17T11:45:41.000Z,92.1,-92.8,88.6,-3.5,0,0.1,4793.06,4802.05,,4801.76,BUY,USD,1,1,1583663
D#1702596,XAUUSD,100,7349874591906932281,7349874591887103570,7349874591974030248,7349874591974030246,6017,2026-04-17T10:05:24.000Z,2026-04-17T11:45:41.000Z,-170.1,169.05,-175.36,-5.26,0,0.15,4791.33,4802.89,4802.73,4764.37,SELL,USD,1,1,1583663
D#1702393,XAUUSD,100,7349874591906932276,7349874591887103748,7349874591974031448,7349874591974031445,5372,2026-04-17T10:16:09.000Z,2026-04-17T11:45:41.000Z,128.16,-129.0,123.96,-4.2,0,0.12,4792.25,4802.71,,4802.4,BUY,USD,1,1,1583663
D#1702724,XAUUSD,100,7349874591906932280,7349874591887105045,7349874591974040042,7349874591974039877,1134,2026-04-17T11:26:47.000Z,2026-04-17T11:45:41.000Z,118.6,-119.3,115.1,-3.5,0,0.1,4791.07,4802.71,4789.21,4802.74,BUY,USD,1,1,1583663
D#1589408,XAUUSD,100,7349874591906932269,7349874591887105388,7349874591974042049,7349874591974041800,138,2026-04-17T11:43:23.000Z,2026-04-17T11:45:41.000Z,-56.2,55.5,-59.7,-3.5,0,0.1,4796.46,4802.3,4802.13,4744.75,SELL,USD,1,1,1583663
D#1702551,XAUUSD,100,7349874591906932303,7349874591887102790,7349874591974025073,7349874591974024943,8632,2026-04-17T09:21:50.000Z,2026-04-17T11:45:42.000Z,24.2,-24.48,22.8,-1.4,0,0.04,4797.91,4803.74,,4804.47,BUY,USD,1,1,1583663
D#1670868,XAUUSD,100,7349874591906932310,7349874591887103665,7349874591974030949,7349874591974024176,5611,2026-04-17T10:12:11.000Z,2026-04-17T11:45:42.000Z,117.04,-117.53,114.58,-2.46,0,0.07,4787.38,4803.88,4765.44,4804.55,BUY,USD,1,1,1583663
D#1702742,XAUUSD,100,7349874591906932329,7349874591887099856,7349874591974006540,7349874591974004426,16978,2026-04-17T07:02:50.000Z,2026-04-17T11:45:48.000Z,482.75,-484.5,473.99,-8.76,0,0.25,4786.36,4805.45,,4805,BUY,USD,1,1,1583663
D#1702463,XAUUSD,100,7349874591906932345,7349874591887098663,7349874591973995529,7349874591973995143,20468,2026-04-17T06:04:41.000Z,2026-04-17T11:45:49.000Z,-39.51,39.3,-40.57,-1.06,0,0.03,4792.7,4806.09,4805.83,4763.28,SELL,USD,1,1,1583663
D#1614622,XAUUSD,100,7349874591906932352,7349874591887104964,7349874591974042602,7349874591974039361,1392,2026-04-17T11:22:39.000Z,2026-04-17T11:45:51.000Z,-175.8,175.1,-179.3,-3.5,0,0.1,4787.9,4805.7,,,SELL,USD,1,1,1583663
D#1670873,XAUUSD,100,7349874591906932355,7349874591887099550,7349874591974042611,7349874591974002082,17943,2026-04-17T06:46:50.000Z,2026-04-17T11:45:53.000Z,-238.44,237.6,-242.64,-4.2,0,0.12,4785.09,4805.18,,4775,SELL,USD,1,1,1583663
D#1702561,XAUUSD,100,7349874591906932357,7349874591887105455,7349874591974042618,7349874591974042468,25,2026-04-17T11:45:30.000Z,2026-04-17T11:45:55.000Z,-215.55,212.4,-231.31,-15.76,0,0.45,4800.09,4805.1,,,SELL,USD,1,1,1583663
D#1645696,XAUUSD,100,7349874591906932395,7349874591887100001,7349874591974042730,7349874591974005507,16602,2026-04-17T07:09:38.000Z,2026-04-17T11:46:20.000Z,-190.68,189.84,-194.88,-4.2,0,0.12,4788.45,4804.56,,4778.36,SELL,USD,1,1,1583663
D#1645644,XAUUSD,100,7349874591906932407,7349874591887100532,7349874591974009469,7349874591974009232,14971,2026-04-17T07:36:53.000Z,2026-04-17T11:46:24.000Z,-166.8,166.1,-170.3,-3.5,0,0.1,4788.84,4805.74,4806.02,4744.24,SELL,USD,1,1,1583663
D#1702355,XAUUSD,100,7349874591906932433,7349874591887105402,7349874591974042881,7349874591974042146,184,2026-04-17T11:43:50.000Z,2026-04-17T11:46:54.000Z,156.66,-158.13,149.3,-7.36,0,0.21,4796.98,4804.22,,,BUY,USD,1,1,1583663
D#1702467,XAUUSD,100,7349874591906932509,7349874591887105465,7349874591974042538,7349874591974024660,136,2026-04-17T11:45:41.000Z,2026-04-17T11:47:57.000Z,-22,21.65,-23.76,-1.76,0,0.05,4802.71,4807.33,4807.06,4740.86,SELL,USD,1,1,1583663
D#1702360,XAUUSD,100,7349874591906932521,7349874591887105464,7349874591974042533,7349874591974021046,140,2026-04-17T11:45:41.000Z,2026-04-17T11:48:01.000Z,-26.3,25.95,-28.06,-1.76,0,0.05,4802.06,4807.54,4807.39,4767.51,SELL,USD,1,1,1583663
D#1702589,XAUUSD,100,7349874591906932536,7349874591887100387,7349874591974008524,7349874591974008287,15499,2026-04-17T07:29:44.000Z,2026-04-17T11:48:03.000Z,121.59,-122.08,119.13,-2.46,0,0.07,4791.83,4808.98,,4808.51,BUY,USD,1,1,1583663
D#1702630,XAUUSD,100,7349874591906932538,7349874591887104318,7349874591974035395,7349874591974035085,3678,2026-04-17T10:46:45.000Z,2026-04-17T11:48:03.000Z,465.2,-466.6,458.2,-7,0,0.2,4785.91,4808.95,4781.12,4808.33,BUY,USD,1,1,1583663
D#1671057,XAUUSD,100,7349874591906932579,7349874591887105482,7349874591974042955,7349874591974042648,123,2026-04-17T11:46:02.000Z,2026-04-17T11:48:05.000Z,-55.7,55.0,-59.2,-3.5,0,0.1,4804.77,4810.56,4810,4793.88,SELL,USD,1,1,1583663
D#1614607,XAUUSD,100,7349874591906932621,7349874591887105401,7349874591974043187,7349874591974042145,261,2026-04-17T11:43:50.000Z,2026-04-17T11:48:11.000Z,-270.9,269.43,-278.26,-7.36,0,0.21,4796.81,4809.93,,,SELL,USD,1,1,1583663
D#1670945,XAUUSD,100,7349874591906932629,7349874591887105429,7349874591974042333,7349874591974042331,191,2026-04-17T11:45:02.000Z,2026-04-17T11:48:13.000Z,120.6,-121.3,117.1,-3.5,0,0.1,4799.9,4811.74,,4811.71,BUY,USD,1,1,1583663
D#1702388,XAUUSD,100,7349874591906932649,7349874591887094081,7349874591974043227,7349874591973962574,37338,2026-04-17T01:26:02.000Z,2026-04-17T11:48:20.000Z,412.92,-413.76,408.72,-4.2,0,0.12,4776.21,4810.4,,,BUY,USD,1,1,1583663
D#1702442,XAUUSD,100,7349874591906932650,7349874591887101054,7349874591974043230,7349874591974012612,13741,2026-04-17T07:59:20.000Z,2026-04-17T11:48:21.000Z,-517.4,516.0,-524.4,-7,0,0.2,4784.5,4810.59,,4780,SELL,USD,1,1,1583663
D#1702675,XAUUSD,100,7349874591906932652,7349874591887099354,7349874591974043240,7349874591974000546,18673,2026-04-17T06:37:09.000Z,2026-04-17T11:48:22.000Z,-292.1,291.4,-295.6,-3.5,0,0.1,4781.16,4810.59,,4770.06,SELL,USD,1,1,1583663
D#1702753,XAUUSD,100,7349874591906932654,7349874591887096706,7349874591974043243,7349874591973981782,27685,2026-04-17T04:06:58.000Z,2026-04-17T11:48:23.000Z,-239.7,238.65,-244.96,-5.26,0,0.15,4793.89,4810.09,,4765.41,SELL,USD,1,1,1583663
D#1702350,XAUUSD,100,7349874591906932666,7349874591887105474,7349874591974043287,7349874591974042578,169,2026-04-17T11:45:46.000Z,2026-04-17T11:48:35.000Z,45,-45.7,41.5,-3.5,0,0.1,4804.46,4808.74,4799.85,4814.9,BUY,USD,1,1,1583663
D#1670932,XAUUSD,100,7349874591906932689,7349874591887105586,7349874591974043367,7349874591974043348,7,2026-04-17T11:48:50.000Z,2026-04-17T11:48:57.000Z,56.55,-58.58,46.39,-10.16,0,0.29,4808.09,4806.36,,,SELL,USD,1,1,1583663
D#1671065,XAUUSD,100,7349874591906932776,7349874591887098297,7349874591974043687,7349874591973992417,21858,2026-04-17T05:46:29.000Z,2026-04-17T11:50:47.000Z,85.9,-86.6,82.4,-3.5,0,0.1,4797.73,4806.1,,,BUY,USD,1,1,1583663
D#1702480,XAUUSD,100,7349874591906932860,7349874591887105650,7349874591974043917,7349874591974043805,32,2026-04-17T11:51:19.000Z,2026-04-17T11:51:51.000Z,37.45,-39.9,25.19,-12.26,0,0.35,4805.39,4804.54,,,SELL,USD,1,1,1583663
D#1670982,XAUUSD,100,7349874591906932882,7349874591887104258,7349874591974043976,7349874591974034744,4079,2026-04-17T10:44:18.000Z,2026-04-17T11:52:17.000Z,187.8,-188.5,184.3,-3.5,0,0.1,4785.09,4803.65,4778.92,,BUY,USD,1,1,1583663
D#1671057,XAUUSD,100,7349874591906933103,7349874591887105582,7349874591974044805,7349874591974043265,520,2026-04-17T11:48:29.000Z,2026-04-17T11:57:09.000Z,103.1,-103.8,99.6,-3.5,0,0.1,4809.18,4799.09,,4798.29,SELL,USD,1,1,1583663
D#1670868,XAUUSD,100,7349874591906933233,7349874591887105830,7349874591974045334,7349874591974045166,56,2026-04-17T11:59:54.000Z,2026-04-17T12:00:50.000Z,6.72,-7.21,4.26,-2.46,0,0.07,4799.4,4800.14,4780.73,,BUY,USD,1,1,1583663
D#1671059,XAUUSD,100,7349874591906933268,7349874591887105619,7349874591974043763,7349874591974043614,648,2026-04-17T11:50:28.000Z,2026-04-17T12:01:16.000Z,-25.56,25.35,-26.62,-1.06,0,0.03,4806.88,4798.14,4798.73,,BUY,USD,1,1,1583663
D#1670945,XAUUSD,100,7349874591906933273,7349874591887105696,7349874591974044149,7349874591974043841,476,2026-04-17T11:53:22.000Z,2026-04-17T12:01:18.000Z,-50.5,49.8,-54,-3.5,0,0.1,4803,4797.73,4797.88,4814.88,BUY,USD,1,1,1583663
D#1614623,XAUUSD,100,7349874591906933280,7349874591887105840,7349874591974045465,7349874591974045253,54,2026-04-17T12:00:25.000Z,2026-04-17T12:01:19.000Z,-2.05,1.98,-2.41,-0.36,0,0.01,4800.05,4797.78,,,BUY,USD,1,1,1583663
D#1702395,XAUUSD,100,7349874591906933308,7349874591887103881,7349874591974045546,7349874591974032321,5918,2026-04-17T10:23:05.000Z,2026-04-17T12:01:43.000Z,14.7,-14.84,14,-0.7,0,0.02,4792.05,4799.18,4766.58,4817.74,BUY,USD,1,1,1583663
D#1670932,XAUUSD,100,7349874591906933427,7349874591887105848,7349874591974045420,7349874591974045291,143,2026-04-17T12:00:36.000Z,2026-04-17T12:02:59.000Z,91.8,-93.9,81.3,-10.5,0,0.3,4800.42,4803.26,4795.12,4803.27,BUY,USD,1,1,1583663
D#1702514,XAUUSD,100,7349874591906933425,7349874591887105909,7349874591974045673,7349874591974045606,61,2026-04-17T12:01:58.000Z,2026-04-17T12:02:59.000Z,101.7,-103.8,91.2,-10.5,0,0.3,4800.11,4803.28,4797.77,4803.34,BUY,USD,1,1,1583663
D#1702541,XAUUSD,100,7349874591906933475,7349874591887105797,7349874591974045066,7349874591974044973,298,2026-04-17T11:58:15.000Z,2026-04-17T12:03:13.000Z,-42.9,42.2,-46.4,-3.5,0,0.1,4799.87,4804.38,4804.01,4776.62,SELL,USD,1,1,1583663
D#1671065,XAUUSD,100,7349874591906933581,7349874591887105767,7349874591974046358,7349874591974044726,487,2026-04-17T11:56:39.000Z,2026-04-17T12:04:46.000Z,32.9,-33.6,29.4,-3.5,0,0.1,4801.07,4804.14,,,BUY,USD,1,1,1583663
D#1702410,XAUUSD,100,7349874591906933717,7349874591887105867,7349874591974046851,7349874591974045357,386,2026-04-17T12:00:56.000Z,2026-04-17T12:07:22.000Z,76.02,-77.49,68.66,-7.36,0,0.21,4801,4804.4,4804,4807,BUY,USD,1,1,1583663
D#1702727,XAUUSD,100,7349874591906933915,7349874591887105979,7349874591974047538,7349874591974045959,484,2026-04-17T12:03:07.000Z,2026-04-17T12:11:11.000Z,45.6,-47.7,35.1,-10.5,0,0.3,4803.07,4801.77,,,SELL,USD,1,1,1583663
D#1702363,XAUUSD,100,7349874591906933974,7349874591887106138,7349874591974047761,7349874591974047110,206,2026-04-17T12:08:56.000Z,2026-04-17T12:12:22.000Z,-1.5,0.8,-5,-3.5,0,0.1,4802.64,4802.27,4797.5,,BUY,USD,1,1,1583663
D#1670932,XAUUSD,100,7349874591906934013,7349874591887106223,7349874591974047750,7349874591974047635,77,2026-04-17T12:11:39.000Z,2026-04-17T12:12:56.000Z,-83.1,81.0,-93.6,-10.5,0,0.3,4801.78,4804.77,4804.25,,SELL,USD,1,1,1583663
D#1671065,XAUUSD,100,7349874591906934066,7349874591887106038,7349874591974048069,7349874591974046414,555,2026-04-17T12:05:01.000Z,2026-04-17T12:14:16.000Z,20.6,-21.3,17.1,-3.5,0,0.1,4804.08,4802.24,,,SELL,USD,1,1,1583663
D#1702664,XAUUSD,100,7349874591906934101,7349874591887106306,7349874591974048230,7349874591974048107,45,2026-04-17T12:14:27.000Z,2026-04-17T12:15:12.000Z,16.94,-17.43,14.48,-2.46,0,0.07,4802.04,4804.24,,,BUY,USD,1,1,1583663
D#1671065,XAUUSD,100,7349874591906934109,7349874591887106311,7349874591974048255,7349874591974048150,43,2026-04-17T12:14:41.000Z,2026-04-17T12:15:24.000Z,20.1,-20.8,16.6,-3.5,0,0.1,4802.42,4804.21,,4805,BUY,USD,1,1,1583663
D#1614593,XAUUSD,100,7349874591906934138,7349874591887106043,7349874591974046454,7349874591974046451,635,2026-04-17T12:05:15.000Z,2026-04-17T12:15:50.000Z,15.9,-16.6,12.4,-3.5,0,0.1,4803.85,4805.22,4795.75,4805.33,BUY,USD,1,1,1583663
D#1702579,XAUUSD,100,7349874591906934145,7349874591887106337,7349874591974048336,7349874591974048324,3,2026-04-17T12:15:53.000Z,2026-04-17T12:15:56.000Z,4.6,-5.3,1.1,-3.5,0,0.1,4805.47,4805.23,4813.44,4794.44,SELL,USD,1,1,1583663
D#1702350,XAUUSD,100,7349874591906934188,7349874591887106105,7349874591974048511,7349874591974046907,575,2026-04-17T12:07:43.000Z,2026-04-17T12:17:18.000Z,-13,12.3,-16.5,-3.5,0,0.1,4803.79,4805.31,4808.52,4794.88,SELL,USD,1,1,1583663
D#1670913,XAUUSD,100,7349874591906934242,7349874591887106395,7349874591974048749,7349874591974048706,18,2026-04-17T12:18:37.000Z,2026-04-17T12:18:55.000Z,9.24,-10.71,1.88,-7.36,0,0.21,4804.05,4803.83,,,SELL,USD,1,1,1583663
D#1702724,XAUUSD,100,7349874591906934270,7349874591887105954,7349874591974048885,7349874591974045858,1017,2026-04-17T12:02:52.000Z,2026-04-17T12:19:49.000Z,15.7,-16.05,13.94,-1.76,0,0.05,4801.58,4804.5,4801.54,4823.51,BUY,USD,1,1,1583663
D#1702568,XAUUSD,100,7349874591906934272,7349874591887099504,7349874591974048888,7349874591974001750,20109,2026-04-17T06:44:42.000Z,2026-04-17T12:19:51.000Z,149.52,-150.08,146.72,-2.8,0,0.08,4786.34,4804.81,4799.71,4834.65,BUY,USD,1,1,1583663
D#1670967,XAUUSD,100,7349874591906934376,7349874591887106450,7349874591974049149,7349874591974049057,29,2026-04-17T12:20:45.000Z,2026-04-17T12:21:14.000Z,20.4,-21.8,13.4,-7,0,0.2,4806.35,4807.15,,,BUY,USD,1,1,1583663
D#1702623,XAUUSD,100,7349874591906934393,7349874591887106134,7349874591974047153,7349874591974047094,763,2026-04-17T12:08:52.000Z,2026-04-17T12:21:35.000Z,107.4,-108.8,100.4,-7,0,0.2,4802.64,4807.79,,4807.64,BUY,USD,1,1,1583663
D#1670932,XAUUSD,100,7349874591906934392,7349874591887106270,7349874591974047953,7349874591974047886,517,2026-04-17T12:12:58.000Z,2026-04-17T12:21:35.000Z,102.3,-104.4,91.8,-10.5,0,0.3,4804.6,4807.79,4801.2,4807.82,BUY,USD,1,1,1583663
D#1702514,XAUUSD,100,7349874591906934394,7349874591887106367,7349874591974048673,7349874591974048541,241,2026-04-17T12:17:34.000Z,2026-04-17T12:21:35.000Z,93.6,-95.7,83.1,-10.5,0,0.3,4804.89,4807.79,4806.24,4807.8,BUY,USD,1,1,1583663
D#1670912,XAUUSD,100,7349874591906934401,7349874591887106322,7349874591974049256,7349874591974048245,382,2026-04-17T12:15:17.000Z,2026-04-17T12:21:39.000Z,-184.5,181.0,-202,-17.5,0,0.5,4804.17,4808.08,,,SELL,USD,1,1,1583663
D#1702564,XAUUSD,100,7349874591906934412,7349874591887106210,7349874591974047725,7349874591974047546,630,2026-04-17T12:11:14.000Z,2026-04-17T12:21:44.000Z,-125.4,124.0,-132.4,-7,0,0.2,4801.6,4808.09,4808,4780,SELL,USD,1,1,1583663
D#1702664,XAUUSD,100,7349874591906934417,7349874591887106358,7349874591974049296,7349874591974048482,283,2026-04-17T12:17:04.000Z,2026-04-17T12:21:47.000Z,28.63,-29.12,26.17,-2.46,0,0.07,4804.57,4808.44,,,BUY,USD,1,1,1583663
D#1670967,XAUUSD,100,7349874591906934424,7349874591887106469,7349874591974049317,7349874591974049176,35,2026-04-17T12:21:21.000Z,2026-04-17T12:21:56.000Z,31.8,-33.2,24.8,-7,0,0.2,4806.97,4808.34,,,BUY,USD,1,1,1583663
D#1670967,XAUUSD,100,7349874591906934496,7349874591887106487,7349874591974049573,7349874591974049337,67,2026-04-17T12:22:05.000Z,2026-04-17T12:23:12.000Z,9.75,-11.5,0.99,-8.76,0,0.25,4807.01,4806.84,,,SELL,USD,1,1,1583663
D#1670967,XAUUSD,100,7349874591906934503,7349874591887106521,7349874591974049602,7349874591974049586,11,2026-04-17T12:23:15.000Z,2026-04-17T12:23:26.000Z,-14.31,12.42,-23.77,-9.46,0,0.27,4807.35,4806.6,,,BUY,USD,1,1,1583663
D#1670967,XAUUSD,100,7349874591906934530,7349874591887106523,7349874591974049689,7349874591974049606,36,2026-04-17T12:23:28.000Z,2026-04-17T12:24:04.000Z,-51.03,49.14,-60.49,-9.46,0,0.27,4806.58,4808.69,,,SELL,USD,1,1,1583663
D#1702350,XAUUSD,100,7349874591906934535,7349874591887106394,7349874591974048778,7349874591974048702,334,2026-04-17T12:18:36.000Z,2026-04-17T12:24:10.000Z,-47.7,47.0,-51.2,-3.5,0,0.1,4804.4,4809.39,4808.68,4797.25,SELL,USD,1,1,1583663
D#1702363,XAUUSD,100,7349874591906934549,7349874591887106266,7349874591974049735,7349874591974047864,693,2026-04-17T12:12:53.000Z,2026-04-17T12:24:26.000Z,51.84,-52.68,47.64,-4.2,0,0.12,4804.08,4808.18,,4812.66,BUY,USD,1,1,1583663
D#1671057,XAUUSD,100,7349874591906934579,7349874591887105791,7349874591974044956,7349874591974044916,1615,2026-04-17T11:57:46.000Z,2026-04-17T12:24:41.000Z,110.2,-110.9,106.7,-3.5,0,0.1,4799.9,4810.7,4797.5,4810.29,BUY,USD,1,1,1583663
D#1670866,XAUUSD,100,7349874591906934580,7349874591887106372,7349874591974048574,7349874591974048571,418,2026-04-17T12:17:43.000Z,2026-04-17T12:24:41.000Z,180.32,-182.28,170.52,-9.8,0,0.28,4804.48,4810.7,4796.51,4810.64,BUY,USD,1,1,1583663
D#1670945,XAUUSD,100,7349874591906934597,7349874591887106490,7349874591974049350,7349874591974049349,153,2026-04-17T12:22:09.000Z,2026-04-17T12:24:42.000Z,-43.4,42.7,-46.9,-3.5,0,0.1,4806.91,4811.47,4811.99,4794.99,SELL,USD,1,1,1583663
D#1702456,XAUUSD,100,7349874591906934629,7349874591887106016,7349874591974049847,7349874591974046245,1241,2026-04-17T12:04:08.000Z,2026-04-17T12:24:49.000Z,237.6,-240.4,223.6,-14,0,0.4,4803.4,4809.12,,,BUY,USD,1,1,1583663
D#1614593,XAUUSD,100,7349874591906934667,7349874591887106539,7349874591974049669,7349874591974049668,56,2026-04-17T12:24:01.000Z,2026-04-17T12:24:57.000Z,-39.8,39.1,-43.3,-3.5,0,0.1,4808.19,4812.39,4812.16,4796.3,SELL,USD,1,1,1583663
D#1702448,XAUUSD,100,7349874591906934712,7349874591887103310,7349874591974028503,7349874591974028401,9338,2026-04-17T09:49:26.000Z,2026-04-17T12:25:04.000Z,106.45,-106.8,104.69,-1.76,0,0.05,4792.1,4813.17,,4813.18,BUY,USD,1,1,1583663
D#1702722,XAUUSD,100,7349874591906934707,7349874591887105721,7349874591974044407,7349874591974044374,1816,2026-04-17T11:54:48.000Z,2026-04-17T12:25:04.000Z,-84.8,84.24,-87.6,-2.8,0,0.08,4802.59,4813.41,4813.25,,SELL,USD,1,1,1583663
D#1670945,XAUUSD,100,7349874591906934714,7349874591887106584,7349874591974049943,7349874591974049908,4,2026-04-17T12:25:01.000Z,2026-04-17T12:25:05.000Z,-10.4,9.7,-13.9,-3.5,0,0.1,4812.16,4813.42,,4800.59,SELL,USD,1,1,1583663
D#1702486,XAUUSD,100,7349874591906934734,7349874591887104066,7349874591974033656,7349874591974033515,6674,2026-04-17T10:33:52.000Z,2026-04-17T12:25:06.000Z,-52.2,52.06,-52.9,-0.7,0,0.02,4787.94,4814.26,4813.97,4770.57,SELL,USD,1,1,1583663
D#1702637,XAUUSD,100,7349874591906934738,7349874591887105009,7349874591974039614,7349874591974036310,3629,2026-04-17T11:24:37.000Z,2026-04-17T12:25:06.000Z,-236.5,235.8,-240,-3.5,0,0.1,4790.42,4814.29,4814.01,4780.68,SELL,USD,1,1,1583663
D#1702568,XAUUSD,100,7349874591906934737,7349874591887106504,7349874591974049483,7349874591974049482,140,2026-04-17T12:22:46.000Z,2026-04-17T12:25:06.000Z,-59.04,58.48,-61.84,-2.8,0,0.08,4806.66,4814.26,4813.52,4791.63,SELL,USD,1,1,1583663
D#1670967,XAUUSD,100,7349874591906934759,7349874591887106548,7349874591974050000,7349874591974049728,47,2026-04-17T12:24:21.000Z,2026-04-17T12:25:08.000Z,190.05,-192.5,177.79,-12.26,0,0.35,4808.56,4813.77,,,BUY,USD,1,1,1583663
D#1702480,XAUUSD,100,7349874591906934772,7349874591887106257,7349874591974050023,7349874591974047810,756,2026-04-17T12:12:35.000Z,2026-04-17T12:25:11.000Z,-427.95,424.8,-443.71,-15.76,0,0.45,4802.54,4812.27,,4797.13,SELL,USD,1,1,1583663
D#1702541,XAUUSD,100,7349874591906934775,7349874591887106022,7349874591974050032,7349874591974046282,1249,2026-04-17T12:04:24.000Z,2026-04-17T12:25:13.000Z,-170.4,169.0,-177.4,-7,0,0.2,4804.03,4812.77,,4777.17,SELL,USD,1,1,1583663
D#1702564,XAUUSD,100,7349874591906934781,7349874591887106537,7349874591974050040,7349874591974049657,78,2026-04-17T12:23:55.000Z,2026-04-17T12:25:13.000Z,-121,119.6,-128,-7,0,0.2,4806.38,4812.65,,,SELL,USD,1,1,1583663
D#1702573,XAUUSD,100,7349874591906934785,7349874591887100982,7349874591974050045,7349874591974012157,16208,2026-04-17T07:55:06.000Z,2026-04-17T12:25:14.000Z,-226.24,225.68,-229.04,-2.8,0,0.08,4784.67,4813.17,,4779.54,SELL,USD,1,1,1583663
D#1670967,XAUUSD,100,7349874591906934787,7349874591887106605,7349874591974050050,7349874591974050028,3,2026-04-17T12:25:12.000Z,2026-04-17T12:25:15.000Z,-22.62,20.8,-31.72,-9.1,0,0.26,4812.46,4813.55,,,SELL,USD,1,1,1583663
D#1702355,XAUUSD,100,7349874591906934806,7349874591887105625,7349874591974048262,7349874591974043658,2082,2026-04-17T11:50:40.000Z,2026-04-17T12:25:22.000Z,173.88,-175.35,166.52,-7.36,0,0.21,4806.85,4814.91,,4814.36,BUY,USD,1,1,1583663
D#1645694,XAUUSD,100,7349874591906934817,7349874591887105653,7349874591974043999,7349874591974043838,2038,2026-04-17T11:51:24.000Z,2026-04-17T12:25:22.000Z,45.25,-45.6,43.49,-1.76,0,0.05,4805.56,4814.39,4795.78,4814.99,BUY,USD,1,1,1583663
D#1670915,XAUUSD,100,7349874591906934828,7349874591887098263,7349874591973992202,7349874591973991252,24003,2026-04-17T05:45:20.000Z,2026-04-17T12:25:23.000Z,198.8,-199.5,195.3,-3.5,0,0.1,4795.32,4814.98,,4815.29,BUY,USD,1,1,1583663
D#1702360,XAUUSD,100,7349874591906934858,7349874591887105716,7349874591974044379,7349874591974044337,1854,2026-04-17T11:54:31.000Z,2026-04-17T12:25:25.000Z,-65.2,64.85,-66.96,-1.76,0,0.05,4802.55,4815.81,4815.47,,SELL,USD,1,1,1583663
D#1702393,XAUUSD,100,7349874591906934891,7349874591887105610,7349874591974043540,7349874591974043539,2119,2026-04-17T11:50:07.000Z,2026-04-17T12:25:26.000Z,125.04,-125.88,120.84,-4.2,0,0.12,4805.94,4816.14,,4816,BUY,USD,1,1,1583663
D#1702579,XAUUSD,100,7349874591906934865,7349874591887106346,7349874591974048377,7349874591974048374,561,2026-04-17T12:16:05.000Z,2026-04-17T12:25:26.000Z,109.7,-110.4,106.2,-3.5,0,0.1,4804.76,4815.51,4796.65,4815.65,BUY,USD,1,1,1583663
D#1702664,XAUUSD,100,7349874591906934934,7349874591887106501,7349874591974050175,7349874591974049468,172,2026-04-17T12:22:39.000Z,2026-04-17T12:25:31.000Z,146.7,-147.75,141.44,-5.26,0,0.15,4807.01,4816.57,,,BUY,USD,1,1,1583663
D#1645749,XAUUSD,100,7349874591906935008,7349874591887106196,7349874591974047799,7349874591974047437,890,2026-04-17T12:10:45.000Z,2026-04-17T12:25:35.000Z,385.5,-387.25,376.74,-8.76,0,0.25,4801.83,4817.03,4800.7,4817.08,BUY,USD,1,1,1583663
D#1670967,XAUUSD,100,7349874591906935065,7349874591887106609,7349874591974050474,7349874591974050057,23,2026-04-17T12:25:16.000Z,2026-04-17T12:25:39.000Z,111.28,-113.1,102.18,-9.1,0,0.26,4813.18,4817.24,,,BUY,USD,1,1,1583663
D#1702693,XAUUSD,100,7349874591906935078,7349874591887105416,7349874591974050490,7349874591974042255,2472,2026-04-17T11:44:28.000Z,2026-04-17T12:25:40.000Z,-403,401.6,-410,-7,0,0.2,4796.93,4817.3,,,SELL,USD,1,1,1583663
D#1702350,XAUUSD,100,7349874591906935115,7349874591887106553,7349874591974050519,7349874591974049755,71,2026-04-17T12:24:33.000Z,2026-04-17T12:25:44.000Z,80,-80.7,76.5,-3.5,0,0.1,4809.26,4817.04,4805.14,,BUY,USD,1,1,1583663
D#1702581,XAUUSD,100,7349874591906935167,7349874591887103803,7349874591974050569,7349874591974031810,7608,2026-04-17T10:19:02.000Z,2026-04-17T12:25:50.000Z,-284.28,283.44,-288.48,-4.2,0,0.12,4792.62,4816.53,,4781.5,SELL,USD,1,1,1583663
D#1670967,XAUUSD,100,7349874591906935179,7349874591887106655,7349874591974050596,7349874591974050491,11,2026-04-17T12:25:41.000Z,2026-04-17T12:25:52.000Z,40.56,-42.38,31.46,-9.1,0,0.26,4817.16,4815.82,,,SELL,USD,1,1,1583663
D#1670967,XAUUSD,100,7349874591906935209,7349874591887106677,7349874591974050659,7349874591974050619,8,2026-04-17T12:25:55.000Z,2026-04-17T12:26:03.000Z,6.76,-8.58,-2.34,-9.1,0,0.26,4817.15,4817.19,,,BUY,USD,1,1,1583663
D#1670967,XAUUSD,100,7349874591906935264,7349874591887106687,7349874591974050828,7349874591974050669,25,2026-04-17T12:26:05.000Z,2026-04-17T12:26:30.000Z,111.8,-113.62,102.7,-9.1,0,0.26,4817.68,4813.6,,,SELL,USD,1,1,1583663
D#1670967,XAUUSD,100,7349874591906935299,7349874591887106724,7349874591974050959,7349874591974050882,12,2026-04-17T12:26:40.000Z,2026-04-17T12:26:52.000Z,-14.3,12.48,-23.4,-9.1,0,0.26,4814.28,4813.51,,,BUY,USD,1,1,1583663
D#1670967,XAUUSD,100,7349874591906935318,7349874591887106738,7349874591974051097,7349874591974050976,25,2026-04-17T12:26:55.000Z,2026-04-17T12:27:20.000Z,-25.22,23.4,-34.32,-9.1,0,0.26,4813.18,4814.37,,,SELL,USD,1,1,1583663
D#1702611,XAUUSD,100,7349874591906935380,7349874591887106496,7349874591974050919,7349874591974049393,352,2026-04-17T12:22:17.000Z,2026-04-17T12:28:09.000Z,-119.4,118.7,-122.9,-3.5,0,0.1,4806.28,4818.44,4818.14,4799.39,SELL,USD,1,1,1583663
D#1702623,XAUUSD,100,7349874591906935387,7349874591887106761,7349874591974051275,7349874591974051156,37,2026-04-17T12:27:33.000Z,2026-04-17T12:28:10.000Z,79,-80.4,72,-7,0,0.2,4814.83,4818.56,,4818.63,BUY,USD,1,1,1583663
D#1670967,XAUUSD,100,7349874591906935408,7349874591887106751,7349874591974051445,7349874591974051104,65,2026-04-17T12:27:21.000Z,2026-04-17T12:28:26.000Z,111.8,-113.62,102.7,-9.1,0,0.26,4814.91,4818.99,,,BUY,USD,1,1,1583663
D#1670913,XAUUSD,100,7349874591906935428,7349874591887106409,7349874591974051519,7349874591974048836,552,2026-04-17T12:19:28.000Z,2026-04-17T12:28:40.000Z,-134.9,134.2,-138.4,-3.5,0,0.1,4804.46,4818.17,,4756.57,SELL,USD,1,1,1583663
D#1670967,XAUUSD,100,7349874591906935443,7349874591887106814,7349874591974051575,7349874591974051517,11,2026-04-17T12:28:40.000Z,2026-04-17T12:28:51.000Z,-20.8,18.98,-29.9,-9.1,0,0.26,4818.17,4817.15,,,BUY,USD,1,1,1583663
D#1702464,XAUUSD,100,7349874591906935447,7349874591887106797,7349874591974051592,7349874591974051370,43,2026-04-17T12:28:11.000Z,2026-04-17T12:28:54.000Z,18.1,-18.8,14.6,-3.5,0,0.1,4818.6,4817.01,,,SELL,USD,1,1,1583663
D#1670967,XAUUSD,100,7349874591906935544,7349874591887106824,7349874591974051994,7349874591974051579,95,2026-04-17T12:28:52.000Z,2026-04-17T12:30:27.000Z,-14.82,13.0,-23.92,-9.1,0,0.26,4817.14,4817.93,,,SELL,USD,1,1,1583663
D#1702664,XAUUSD,100,7349874591906935615,7349874591887106846,7349874591974052034,7349874591974051751,68,2026-04-17T12:29:35.000Z,2026-04-17T12:30:43.000Z,-59.4,58.35,-64.66,-5.26,0,0.15,4817.02,4821.2,4820.64,,SELL,USD,1,1,1583663
D#1702438,XAUUSD,100,7349874591906935665,7349874591887106855,7349874591974052169,7349874591974051815,58,2026-04-17T12:29:52.000Z,2026-04-17T12:30:50.000Z,-202.95,199.8,-218.71,-15.76,0,0.45,4816.43,4821.16,,,SELL,USD,1,1,1583663
D#1702529,XAUUSD,100,7349874591906935667,7349874591887097303,7349874591974052175,7349874591973985789,27179,2026-04-17T04:57:52.000Z,2026-04-17T12:30:51.000Z,-197.7,197.0,-201.2,-3.5,0,0.1,4800.47,4820.46,,4752.95,SELL,USD,1,1,1583663
D#1702635,XAUUSD,100,7349874591906935682,7349874591887104139,7349874591974052188,7349874591974034006,6743,2026-04-17T10:38:30.000Z,2026-04-17T12:30:53.000Z,-165.1,164.75,-166.86,-1.76,0,0.05,4787.21,4820.45,,,SELL,USD,1,1,1583663
D#1702664,XAUUSD,100,7349874591906935749,7349874591887106910,7349874591974052353,7349874591974052163,31,2026-04-17T12:30:50.000Z,2026-04-17T12:31:21.000Z,12.9,-13.95,7.64,-5.26,0,0.15,4821.24,4821.88,,,BUY,USD,1,1,1583663
D#1702350,XAUUSD,100,7349874591906935780,7349874591887106945,7349874591974052472,7349874591974052363,26,2026-04-17T12:31:23.000Z,2026-04-17T12:31:49.000Z,-16.6,15.9,-20.1,-3.5,0,0.1,4821.55,4819.67,,,BUY,USD,1,1,1583663
D#1670967,XAUUSD,100,7349874591906935821,7349874591887106885,7349874591974052620,7349874591974052006,112,2026-04-17T12:30:30.000Z,2026-04-17T12:32:22.000Z,-37.12,35.09,-47.28,-10.16,0,0.29,4819.42,4817.92,,,BUY,USD,1,1,1583663
D#1670967,XAUUSD,100,7349874591906935923,7349874591887106983,7349874591974052931,7349874591974052675,59,2026-04-17T12:32:33.000Z,2026-04-17T12:33:32.000Z,24.94,-26.97,14.78,-10.16,0,0.29,4817.3,4816.66,,,SELL,USD,1,1,1583663
D#1702350,XAUUSD,100,7349874591906935950,7349874591887106971,7349874591974053030,7349874591974052593,100,2026-04-17T12:32:17.000Z,2026-04-17T12:33:57.000Z,21.5,-22.2,18,-3.5,0,0.1,4818.85,4816.92,4822,,SELL,USD,1,1,1583663
D#1670967,XAUUSD,100,7349874591906935995,7349874591887107026,7349874591974053199,7349874591974052937,63,2026-04-17T12:33:33.000Z,2026-04-17T12:34:36.000Z,73.08,-75.11,62.92,-10.16,0,0.29,4816.55,4818.85,,,BUY,USD,1,1,1583663
D#1670967,XAUUSD,100,7349874591906936009,7349874591887107069,7349874591974053270,7349874591974053226,15,2026-04-17T12:34:43.000Z,2026-04-17T12:34:58.000Z,-17.4,15.37,-27.56,-10.16,0,0.29,4818.3,4817.48,,,BUY,USD,1,1,1583663
D#1670967,XAUUSD,100,7349874591906936026,7349874591887107075,7349874591974053328,7349874591974053275,13,2026-04-17T12:35:00.000Z,2026-04-17T12:35:13.000Z,-33.35,31.32,-43.51,-10.16,0,0.29,4817.85,4819.22,,,SELL,USD,1,1,1583663
D#1702623,XAUUSD,100,7349874591906936049,7349874591887106995,7349874591974052797,7349874591974052724,158,2026-04-17T12:32:44.000Z,2026-04-17T12:35:22.000Z,67.4,-68.8,60.4,-7,0,0.2,4817.13,4820.28,,4820.33,BUY,USD,1,1,1583663
D#1702724,XAUUSD,100,7349874591906936065,7349874591887106550,7349874591974053398,7349874591974049747,657,2026-04-17T12:24:31.000Z,2026-04-17T12:35:28.000Z,52.55,-52.9,50.79,-1.76,0,0.05,4809.57,4819.86,4810.17,4831.66,BUY,USD,1,1,1583663
D#1670967,XAUUSD,100,7349874591906936077,7349874591887107083,7349874591974053424,7349874591974053334,19,2026-04-17T12:35:16.000Z,2026-04-17T12:35:35.000Z,-1.75,-0.7,-14.01,-12.26,0,0.35,4819.82,4819.55,,,BUY,USD,1,1,1583663
D#1670932,XAUUSD,100,7349874591906936150,7349874591887107036,7349874591974053163,7349874591974053008,132,2026-04-17T12:33:52.000Z,2026-04-17T12:36:04.000Z,-160.2,158.1,-170.7,-10.5,0,0.3,4816.41,4821.97,4821.79,4813.69,SELL,USD,1,1,1583663
D#1702382,XAUUSD,100,7349874591906936149,7349874591887107082,7349874591974053317,7349874591974053230,55,2026-04-17T12:35:09.000Z,2026-04-17T12:36:04.000Z,-57.06,55.8,-63.36,-6.3,0,0.18,4818.58,4821.97,4821.47,4814.36,SELL,USD,1,1,1583663
D#1670967,XAUUSD,100,7349874591906936164,7349874591887107102,7349874591974053559,7349874591974053436,28,2026-04-17T12:35:37.000Z,2026-04-17T12:36:05.000Z,-81.2,78.75,-93.46,-12.26,0,0.35,4819.66,4822.2,,,SELL,USD,1,1,1583663
D#1670967,XAUUSD,100,7349874591906936235,7349874591887107124,7349874591974053706,7349874591974053582,25,2026-04-17T12:36:08.000Z,2026-04-17T12:36:33.000Z,-27.65,25.2,-39.91,-12.26,0,0.35,4822.19,4821.18,,,BUY,USD,1,1,1583663
D#1702350,XAUUSD,100,7349874591906936241,7349874591887107130,7349874591974053729,7349874591974053610,26,2026-04-17T12:36:12.000Z,2026-04-17T12:36:38.000Z,-19.2,18.5,-22.7,-3.5,0,0.1,4823.35,4821.21,,,BUY,USD,1,1,1583663
D#1670967,XAUUSD,100,7349874591906936299,7349874591887107144,7349874591974053903,7349874591974053711,43,2026-04-17T12:36:34.000Z,2026-04-17T12:37:17.000Z,-32.2,29.75,-44.46,-12.26,0,0.35,4821.39,4822.53,,,SELL,USD,1,1,1583663
D#1670967,XAUUSD,100,7349874591906936317,7349874591887107166,7349874591974053964,7349874591974053922,10,2026-04-17T12:37:20.000Z,2026-04-17T12:37:30.000Z,-12.32,9.24,-27.72,-15.4,0,0.44,4822.72,4822.22,,,BUY,USD,1,1,1583663
D#1670967,XAUUSD,100,7349874591906936357,7349874591887107173,7349874591974054126,7349874591974053968,46,2026-04-17T12:37:31.000Z,2026-04-17T12:38:17.000Z,71.28,-74.36,55.88,-15.4,0,0.44,4822.17,4820.77,,,SELL,USD,1,1,1583663
D#1702718,XAUUSD,100,7349874591906936475,7349874591887106703,7349874591974051450,7349874591974050751,824,2026-04-17T12:26:18.000Z,2026-04-17T12:40:02.000Z,-77.8,77.1,-81.3,-3.5,0,0.1,4816.52,4824.52,4823.97,4797.79,SELL,USD,1,1,1583663
D#1702733,XAUUSD,100,7349874591906936493,7349874591887105237,7349874591974041259,7349874591974041061,3861,2026-04-17T11:35:42.000Z,2026-04-17T12:40:03.000Z,455.7,-456.75,450.44,-5.26,0,0.15,4794.27,4824.43,4800.92,4824.5,BUY,USD,1,1,1583663
D#1702350,XAUUSD,100,7349874591906936482,7349874591887107208,7349874591974054367,7349874591974054207,81,2026-04-17T12:38:42.000Z,2026-04-17T12:40:03.000Z,-45.8,45.1,-49.3,-3.5,0,0.1,4819.95,4824.75,4824.38,4810.36,SELL,USD,1,1,1583663
D#1670967,XAUUSD,100,7349874591906936504,7349874591887107195,7349874591974054547,7349874591974054135,108,2026-04-17T12:38:19.000Z,2026-04-17T12:40:07.000Z,162.36,-165.44,146.96,-15.4,0,0.44,4820.56,4824.03,,,BUY,USD,1,1,1583663
D#1702418,XAUUSD,100,7349874591906936510,7349874591887106148,7349874591974054560,7349874591974047155,1858,2026-04-17T12:09:12.000Z,2026-04-17T12:40:10.000Z,-196.5,195.8,-200,-3.5,0,0.1,4803.52,4823.39,,4782.27,SELL,USD,1,1,1583663
D#1670967,XAUUSD,100,7349874591906936519,7349874591887107259,7349874591974054588,7349874591974054561,9,2026-04-17T12:40:10.000Z,2026-04-17T12:40:19.000Z,-26.84,23.76,-42.24,-15.4,0,0.44,4823.23,4824.06,,,SELL,USD,1,1,1583663
D#1702514,XAUUSD,100,7349874591906936566,7349874591887107264,7349874591974054689,7349874591974054589,22,2026-04-17T12:40:19.000Z,2026-04-17T12:40:41.000Z,7.8,-9.9,-2.7,-10.5,0,0.3,4823.73,4823.77,4823.89,,BUY,USD,1,1,1583663
D#1702514,XAUUSD,100,7349874591906936611,7349874591887107296,7349874591974054777,7349874591974054748,31,2026-04-17T12:40:56.000Z,2026-04-17T12:41:27.000Z,-44.4,42.3,-54.9,-10.5,0,0.3,4822.28,4823.98,4823.37,,SELL,USD,1,1,1583663
D#1670967,XAUUSD,100,7349874591906936616,7349874591887107283,7349874591974054898,7349874591974054670,56,2026-04-17T12:40:36.000Z,2026-04-17T12:41:32.000Z,29.48,-32.56,14.08,-15.4,0,0.44,4824.16,4823.71,,,SELL,USD,1,1,1583663
D#1702739,XAUUSD,100,7349874591906936624,7349874591887097892,7349874591973989459,7349874591973989324,26184,2026-04-17T05:25:16.000Z,2026-04-17T12:41:40.000Z,100.55,-100.9,98.79,-1.76,0,0.05,4804.93,4824.82,,4824.82,BUY,USD,1,1,1583663
D#1702685,XAUUSD,100,7349874591906936627,7349874591887106663,7349874591974050942,7349874591974050524,955,2026-04-17T12:25:45.000Z,2026-04-17T12:41:40.000Z,-74.2,73.5,-77.7,-3.5,0,0.1,4817.36,4825,4824.94,4790.6,SELL,USD,1,1,1583663
D#1670967,XAUUSD,100,7349874591906936646,7349874591887107325,7349874591974054977,7349874591974054943,13,2026-04-17T12:41:45.000Z,2026-04-17T12:41:58.000Z,-12.32,9.24,-27.72,-15.4,0,0.44,4823.84,4824.34,,,SELL,USD,1,1,1583663
D#1670932,XAUUSD,100,7349874591906936666,7349874591887107129,7349874591974053718,7349874591974053595,366,2026-04-17T12:36:09.000Z,2026-04-17T12:42:15.000Z,10.2,-12.3,-0.3,-10.5,0,0.3,4823.43,4823.55,4823.64,4826.33,BUY,USD,1,1,1583663
D#1670967,XAUUSD,100,7349874591906936672,7349874591887107332,7349874591974055078,7349874591974054989,22,2026-04-17T12:42:00.000Z,2026-04-17T12:42:22.000Z,-10.56,7.48,-25.96,-15.4,0,0.44,4824.05,4823.59,,,BUY,USD,1,1,1583663
D#1702568,XAUUSD,100,7349874591906936690,7349874591887106826,7349874591974055129,7349874591974051601,819,2026-04-17T12:28:56.000Z,2026-04-17T12:42:35.000Z,-73.8,73.1,-77.3,-3.5,0,0.1,4817.11,4824.71,4827.33,4787.01,SELL,USD,1,1,1583663
D#1670967,XAUUSD,100,7349874591906936770,7349874591887107348,7349874591974055449,7349874591974055091,82,2026-04-17T12:42:24.000Z,2026-04-17T12:43:46.000Z,-25.96,22.88,-41.36,-15.4,0,0.44,4823.8,4824.61,,,SELL,USD,1,1,1583663
D#1670967,XAUUSD,100,7349874591906936787,7349874591887107400,7349874591974055546,7349874591974055453,35,2026-04-17T12:43:48.000Z,2026-04-17T12:44:23.000Z,-30.6,27.45,-46.36,-15.76,0,0.45,4824.26,4823.36,,,BUY,USD,1,1,1583663
D#1670945,XAUUSD,100,7349874591906936889,7349874591887106603,7349874591974050011,7349874591974050008,1249,2026-04-17T12:25:09.000Z,2026-04-17T12:45:58.000Z,129.3,-130.0,125.8,-3.5,0,0.1,4814.07,4826.78,,4825.84,BUY,USD,1,1,1583663
D#1645694,XAUUSD,100,7349874591906936898,7349874591887106793,7349874591974051524,7349874591974051347,1071,2026-04-17T12:28:07.000Z,2026-04-17T12:45:58.000Z,46.25,-46.6,44.49,-1.76,0,0.05,4817.75,4826.78,4813.65,4826.44,BUY,USD,1,1,1583663
D#1670932,XAUUSD,100,7349874591906936871,7349874591887107344,7349874591974055161,7349874591974055068,217,2026-04-17T12:42:21.000Z,2026-04-17T12:45:58.000Z,-63.68,61.44,-74.88,-11.2,0,0.32,4823.29,4825.5,4825.22,4820.83,SELL,USD,1,1,1583663
D#1702514,XAUUSD,100,7349874591906936895,7349874591887107376,7349874591974055308,7349874591974055260,177,2026-04-17T12:43:01.000Z,2026-04-17T12:45:58.000Z,-114.6,112.5,-125.1,-10.5,0,0.3,4823.11,4827.15,4825.43,4820.1,SELL,USD,1,1,1583663
D#1702350,XAUUSD,100,7349874591906936892,7349874591887107387,7349874591974055518,7349874591974055342,154,2026-04-17T12:43:24.000Z,2026-04-17T12:45:58.000Z,-39.6,38.9,-43.1,-3.5,0,0.1,4822.97,4827.15,4827.22,4813.19,SELL,USD,1,1,1583663
D#1702426,XAUUSD,100,7349874591906936893,7349874591887107438,7349874591974055842,7349874591974055761,37,2026-04-17T12:45:21.000Z,2026-04-17T12:45:58.000Z,-38.8,38.1,-42.3,-3.5,0,0.1,4823.05,4827.15,4826.64,4813.08,SELL,USD,1,1,1583663
D#1670967,XAUUSD,100,7349874591906936973,7349874591887107414,7349874591974055925,7349874591974055556,98,2026-04-17T12:44:24.000Z,2026-04-17T12:46:02.000Z,-183.6,180.45,-199.36,-15.76,0,0.45,4823.11,4827.41,,,SELL,USD,1,1,1583663
D#1670964,XAUUSD,100,7349874591906937003,7349874591887100561,7349874591974031650,7349874591974009439,18472,2026-04-17T07:38:12.000Z,2026-04-17T12:46:04.000Z,395.8,-396.5,392.3,-3.5,0,0.1,4788.88,4828.24,4778,4828.77,BUY,USD,1,1,1583663
D#1702637,XAUUSD,100,7349874591906937001,7349874591887107099,7349874591974053573,7349874591974053419,630,2026-04-17T12:35:34.000Z,2026-04-17T12:46:04.000Z,89.6,-90.3,86.1,-3.5,0,0.1,4819.5,4828.24,4800.51,4828.95,BUY,USD,1,1,1583663
D#1670967,XAUUSD,100,7349874591906937025,7349874591887107472,7349874591974055995,7349874591974055940,7,2026-04-17T12:46:03.000Z,2026-04-17T12:46:10.000Z,21.15,-24.3,5.39,-15.76,0,0.45,4828.73,4828.98,,,BUY,USD,1,1,1583663
D#1702579,XAUUSD,100,7349874591906937040,7349874591887107061,7349874591974053170,7349874591974053167,708,2026-04-17T12:34:28.000Z,2026-04-17T12:46:16.000Z,108.8,-109.5,105.3,-3.5,0,0.1,4819.31,4829.97,4811.02,4830.02,BUY,USD,1,1,1583663
D#1671085,XAUUSD,100,7349874591906937064,7349874591887107317,7349874591974056058,7349874591974054911,284,2026-04-17T12:41:35.000Z,2026-04-17T12:46:19.000Z,17.82,-18.03,16.76,-1.06,0,0.03,4823.87,4829.59,,,BUY,USD,1,1,1583663
D#1702382,XAUUSD,100,7349874591906937077,7349874591887107133,7349874591974056077,7349874591974053623,605,2026-04-17T12:36:16.000Z,2026-04-17T12:46:21.000Z,-183,181.25,-191.76,-8.76,0,0.25,4823.07,4830.61,,4816.16,SELL,USD,1,1,1583663
D#1614623,XAUUSD,100,7349874591906937138,7349874591887107501,7349874591974056202,7349874591974056061,17,2026-04-17T12:46:20.000Z,2026-04-17T12:46:37.000Z,-171.5,168.0,-189,-17.5,0,0.5,4829.65,4826,,,BUY,USD,1,1,1583663
D#1702514,XAUUSD,100,7349874591906937158,7349874591887107492,7349874591974056245,7349874591974056040,26,2026-04-17T12:46:18.000Z,2026-04-17T12:46:44.000Z,97.8,-99.9,87.3,-10.5,0,0.3,4829.78,4826.74,,,SELL,USD,1,1,1583663
D#1670932,XAUUSD,100,7349874591906937168,7349874591887107484,7349874591974056271,7349874591974055986,41,2026-04-17T12:46:09.000Z,2026-04-17T12:46:50.000Z,105,-107.45,92.74,-12.26,0,0.35,4828.49,4825.71,,,SELL,USD,1,1,1583663
D#1670915,XAUUSD,100,7349874591906937314,7349874591887107432,7349874591974056365,7349874591974055715,140,2026-04-17T12:45:05.000Z,2026-04-17T12:47:25.000Z,166.2,-167.6,159.2,-7,0,0.2,4823.46,4831.55,,4831.97,BUY,USD,1,1,1583663
D#1670960,XAUUSD,100,7349874591906937370,7349874591887106946,7349874591974056617,7349874591974052388,970,2026-04-17T12:31:28.000Z,2026-04-17T12:47:38.000Z,-47.75,47.4,-49.51,-1.76,0,0.05,4820.36,4830.13,,,SELL,USD,1,1,1583663
D#1702734,XAUUSD,100,7349874591906937380,7349874591887098595,7349874591974056639,7349874591973994762,24302,2026-04-17T06:02:39.000Z,2026-04-17T12:47:41.000Z,-189.3,188.95,-191.06,-1.76,0,0.05,4790.91,4828.99,,,SELL,USD,1,1,1583663
D#1671062,XAUUSD,100,7349874591906937377,7349874591887107454,7349874591974056634,7349874591974055863,107,2026-04-17T12:45:54.000Z,2026-04-17T12:47:41.000Z,-135.24,133.28,-145.04,-9.8,0,0.28,4823.74,4828.79,,4815.15,SELL,USD,1,1,1583663
D#1702701,XAUUSD,100,7349874591906937533,7349874591887107385,7349874591974055476,7349874591974055329,280,2026-04-17T12:43:21.000Z,2026-04-17T12:48:01.000Z,106.9,-107.6,103.4,-3.5,0,0.1,4823.98,4834.45,4815.34,4833.85,BUY,USD,1,1,1583663
D#1614593,XAUUSD,100,7349874591906937571,7349874591887107014,7349874591974052843,7349874591974050191,897,2026-04-17T12:33:08.000Z,2026-04-17T12:48:05.000Z,191.5,-192.2,188,-3.5,0,0.1,4815.74,4834.67,4802.08,4834.82,BUY,USD,1,1,1583663
D#1702718,XAUUSD,100,7349874591906937586,7349874591887107322,7349874591974056892,7349874591974054933,384,2026-04-17T12:41:42.000Z,2026-04-17T12:48:06.000Z,-98.2,97.5,-101.7,-3.5,0,0.1,4824.84,4834.88,,,SELL,USD,1,1,1583663
D#1670945,XAUUSD,100,7349874591906937596,7349874591887107489,7349874591974056026,7349874591974056014,112,2026-04-17T12:46:16.000Z,2026-04-17T12:48:08.000Z,-51.5,50.8,-55,-3.5,0,0.1,4829.98,4835.35,4834.95,4817.95,SELL,USD,1,1,1583663
D#1702713,XAUUSD,100,7349874591906937651,7349874591887107474,7349874591974055948,7349874591974053241,128,2026-04-17T12:46:04.000Z,2026-04-17T12:48:12.000Z,-145.2,144.15,-150.46,-5.26,0,0.15,4828.24,4838.14,4838.51,4775,SELL,USD,1,1,1583663
D#1702426,XAUUSD,100,7349874591906937648,7349874591887107630,7349874591974056809,7349874591974056178,11,2026-04-17T12:48:01.000Z,2026-04-17T12:48:12.000Z,-40.1,39.4,-43.6,-3.5,0,0.1,4833.91,4838.14,4838.06,4821.06,SELL,USD,1,1,1583663
D#1671059,XAUUSD,100,7349874591906937682,7349874591887105922,7349874591974046145,7349874591974045665,2760,2026-04-17T12:02:13.000Z,2026-04-17T12:48:13.000Z,275.45,-276.15,271.94,-3.51,0,0.1,4800.72,4839.7,4802.32,4838.72,BUY,USD,1,1,1583663
D#1702589,XAUUSD,100,7349874591906937713,7349874591887107334,7349874591974055335,7349874591974054993,373,2026-04-17T12:42:01.000Z,2026-04-17T12:48:14.000Z,117.88,-118.37,115.42,-2.46,0,0.07,4823.77,4840.39,4809.24,4840.09,BUY,USD,1,1,1583663
D#1702350,XAUUSD,100,7349874591906937747,7349874591887107494,7349874591974057065,7349874591974056041,118,2026-04-17T12:46:18.000Z,2026-04-17T12:48:16.000Z,118.2,-118.9,114.7,-3.5,0,0.1,4830.47,4842.07,,,BUY,USD,1,1,1583663
D#1702456,XAUUSD,100,7349874591906937769,7349874591887107627,7349874591974057178,7349874591974056787,18,2026-04-17T12:48:00.000Z,2026-04-17T12:48:18.000Z,230.4,-232.5,219.9,-10.5,0,0.3,4831.54,4839,,,BUY,USD,1,1,1583663
D#1670976,XAUUSD,100,7349874591906937792,7349874591887105743,7349874591974057306,7349874591974044576,3156,2026-04-17T11:55:45.000Z,2026-04-17T12:48:21.000Z,-474.6,473.76,-478.8,-4.2,0,0.12,4800.75,4840.52,,4790.57,SELL,USD,1,1,1583663
D#1671065,XAUUSD,100,7349874591906937797,7349874591887106328,7349874591974057314,7349874591974048269,1974,2026-04-17T12:15:27.000Z,2026-04-17T12:48:21.000Z,-362,361.3,-365.5,-3.5,0,0.1,4803.59,4840.01,,,SELL,USD,1,1,1583663
D#1702500,XAUUSD,100,7349874591906937804,7349874591887104887,7349874591974057323,7349874591974038923,5384,2026-04-17T11:18:39.000Z,2026-04-17T12:48:23.000Z,-588.17,587.4,-592.03,-3.86,0,0.11,4786.2,4839.89,,4779.03,SELL,USD,1,1,1583663
D#1670915,XAUUSD,100,7349874591906937925,7349874591887107717,7349874591974057581,7349874591974057437,16,2026-04-17T12:48:35.000Z,2026-04-17T12:48:51.000Z,45,-46.4,38,-7,0,0.2,4835.23,4837.26,,,BUY,USD,1,1,1583663
D#1702590,XAUUSD,100,7349874591906938013,7349874591887107644,7349874591974057728,7349874591974056929,59,2026-04-17T12:48:12.000Z,2026-04-17T12:49:11.000Z,-131.8,130.4,-138.8,-7,0,0.2,4838.77,4831.96,,,BUY,USD,1,1,1583663
D#1702426,XAUUSD,100,7349874591906938048,7349874591887107682,7349874591974057544,7349874591974057217,64,2026-04-17T12:48:19.000Z,2026-04-17T12:49:23.000Z,122.9,-123.6,119.4,-3.5,0,0.1,4839.21,4827.14,4844.24,4827.32,SELL,USD,1,1,1583663
D#1670992,XAUUSD,100,7349874591906938209,7349874591887107807,7349874591974058259,7349874591974058121,17,2026-04-17T12:49:36.000Z,2026-04-17T12:49:53.000Z,38.1,-39.15,32.84,-5.26,0,0.15,4832.12,4834.44,,,BUY,USD,1,1,1583663
D#1670992,XAUUSD,100,7349874591906938318,7349874591887107839,7349874591974058376,7349874591974058280,12,2026-04-17T12:49:57.000Z,2026-04-17T12:50:09.000Z,22.5,-24.6,12,-10.5,0,0.3,4835.5,4836.03,,,BUY,USD,1,1,1583663
D#1670992,XAUUSD,100,7349874591906938346,7349874591887107857,7349874591974058459,7349874591974058389,10,2026-04-17T12:50:10.000Z,2026-04-17T12:50:20.000Z,-58.5,56.4,-69,-10.5,0,0.3,4834.83,4837,,,SELL,USD,1,1,1583663
D#1702350,XAUUSD,100,7349874591906938352,7349874591887107770,7349874591974058474,7349874591974057698,77,2026-04-17T12:49:05.000Z,2026-04-17T12:50:22.000Z,-53.8,53.1,-57.3,-3.5,0,0.1,4831.29,4836.89,,,SELL,USD,1,1,1583663
D#1670932,XAUUSD,100,7349874591906938382,7349874591887107836,7349874591974058496,7349874591974058272,39,2026-04-17T12:49:55.000Z,2026-04-17T12:50:34.000Z,-125.3,122.85,-137.56,-12.26,0,0.35,4834.84,4838.64,4838.24,4832.79,SELL,USD,1,1,1583663
D#1670992,XAUUSD,100,7349874591906938480,7349874591887107870,7349874591974058826,7349874591974058477,44,2026-04-17T12:50:23.000Z,2026-04-17T12:51:07.000Z,-26.64,24.12,-39.24,-12.6,0,0.36,4836.94,4835.98,,,BUY,USD,1,1,1583663
D#1670932,XAUUSD,100,7349874591906938533,7349874591887107893,7349874591974058985,7349874591974058587,53,2026-04-17T12:50:38.000Z,2026-04-17T12:51:31.000Z,-130.9,128.45,-143.16,-12.26,0,0.35,4839.29,4835.33,,4842.2,BUY,USD,1,1,1583663
D#1702637,XAUUSD,100,7349874591906938579,7349874591887107774,7349874591974059110,7349874591974057766,161,2026-04-17T12:49:13.000Z,2026-04-17T12:51:54.000Z,64.1,-64.8,60.6,-3.5,0,0.1,4833.01,4839.2,4804.27,4841.82,BUY,USD,1,1,1583663
D#1702426,XAUUSD,100,7349874591906938656,7349874591887107837,7349874591974058766,7349874591974058131,164,2026-04-17T12:49:57.000Z,2026-04-17T12:52:41.000Z,-55.9,55.2,-59.4,-3.5,0,0.1,4836.14,4841.95,4841.29,4824.25,SELL,USD,1,1,1583663
D#1670945,XAUUSD,100,7349874591906938658,7349874591887107842,7349874591974058296,7349874591974058295,162,2026-04-17T12:49:59.000Z,2026-04-17T12:52:41.000Z,-53.7,53.0,-57.2,-3.5,0,0.1,4836.36,4841.95,4841.21,4824.21,SELL,USD,1,1,1583663
D#1702514,XAUUSD,100,7349874591906938657,7349874591887107964,7349874591974059103,7349874591974059014,63,2026-04-17T12:51:38.000Z,2026-04-17T12:52:41.000Z,-182.7,180.6,-193.2,-10.5,0,0.3,4835.64,4841.95,4841.6,4832.39,SELL,USD,1,1,1583663
D#1670992,XAUUSD,100,7349874591906938692,7349874591887107942,7349874591974059453,7349874591974058861,97,2026-04-17T12:51:13.000Z,2026-04-17T12:52:50.000Z,-156.6,154.08,-169.2,-12.6,0,0.36,4835.66,4840.23,,,SELL,USD,1,1,1583663
D#1702722,XAUUSD,100,7349874591906938693,7349874591887107771,7349874591974059456,7349874591974057709,224,2026-04-17T12:49:07.000Z,2026-04-17T12:52:51.000Z,-71.6,71.04,-74.4,-2.8,0,0.08,4831.26,4840.43,4853.53,,SELL,USD,1,1,1583663
D#1702350,XAUUSD,100,7349874591906938714,7349874591887107932,7349874591974059506,7349874591974058807,113,2026-04-17T12:51:04.000Z,2026-04-17T12:52:57.000Z,-66.6,65.9,-70.1,-3.5,0,0.1,4836.03,4842.91,,,SELL,USD,1,1,1583663
D#1702701,XAUUSD,100,7349874591906938762,7349874591887107819,7349874591974058440,7349874591974058218,201,2026-04-17T12:49:48.000Z,2026-04-17T12:53:09.000Z,-125.1,124.4,-128.6,-3.5,0,0.1,4832.31,4845.04,4844.43,4822.73,SELL,USD,1,1,1583663
D#1702514,XAUUSD,100,7349874591906938764,7349874591887108056,7349874591974059576,7349874591974059444,21,2026-04-17T12:52:48.000Z,2026-04-17T12:53:09.000Z,102.9,-105.0,92.4,-10.5,0,0.3,4841.63,4844.84,,4843.81,BUY,USD,1,1,1583663
D#1702638,XAUUSD,100,7349874591906938846,7349874591887108091,7349874591974059854,7349874591974059668,26,2026-04-17T12:53:14.000Z,2026-04-17T12:53:40.000Z,-0.31,0.24,-0.67,-0.36,0,0.01,4844.65,4844.12,,,BUY,USD,1,1,1583663
D#1670975,XAUUSD,100,7349874591906938954,7349874591887108155,7349874591974060184,7349874591974060110,12,2026-04-17T12:54:20.000Z,2026-04-17T12:54:32.000Z,1.26,-2.24,-3.64,-4.9,0,0.14,4842.58,4842.71,,,SELL,USD,1,1,1583663
D#1670975,XAUUSD,100,7349874591906938986,7349874591887108174,7349874591974060320,7349874591974060201,16,2026-04-17T12:54:34.000Z,2026-04-17T12:54:50.000Z,12.6,-13.58,7.7,-4.9,0,0.14,4843.01,4843.69,,,BUY,USD,1,1,1583663
D#1702579,XAUUSD,100,7349874591906939015,7349874591887108178,7349874591974060397,7349874591974060213,28,2026-04-17T12:54:35.000Z,2026-04-17T12:55:03.000Z,10.6,-11.3,7.1,-3.5,0,0.1,4842.44,4843.28,,,BUY,USD,1,1,1583663
D#1670975,XAUUSD,100,7349874591906939017,7349874591887108198,7349874591974060404,7349874591974060346,9,2026-04-17T12:54:55.000Z,2026-04-17T12:55:04.000Z,8.16,-9.28,2.56,-5.6,0,0.16,4843.54,4843.25,,,SELL,USD,1,1,1583663
D#1670975,XAUUSD,100,7349874591906939081,7349874591887108205,7349874591974060552,7349874591974060412,18,2026-04-17T12:55:05.000Z,2026-04-17T12:55:23.000Z,-33,31.6,-40,-7,0,0.2,4842.77,4840.9,,,BUY,USD,1,1,1583663
D#1702638,XAUUSD,100,7349874591906939089,7349874591887108117,7349874591974060580,7349874591974059869,105,2026-04-17T12:53:43.000Z,2026-04-17T12:55:28.000Z,-15.12,14.56,-17.92,-2.8,0,0.08,4842.81,4840.7,,,BUY,USD,1,1,1583663
D#1670975,XAUUSD,100,7349874591906939101,7349874591887108225,7349874591974060638,7349874591974060571,13,2026-04-17T12:55:26.000Z,2026-04-17T12:55:39.000Z,-43.2,41.52,-51.6,-8.4,0,0.24,4841.28,4843.3,,,SELL,USD,1,1,1583663
D#1702426,XAUUSD,100,7349874591906939175,7349874591887108049,7349874591974059525,7349874591974059417,198,2026-04-17T12:52:44.000Z,2026-04-17T12:56:02.000Z,-51.5,50.8,-55,-3.5,0,0.1,4840.74,4846.11,4845.83,4828.85,SELL,USD,1,1,1583663
D#1702664,XAUUSD,100,7349874591906939271,7349874591887108080,7349874591974061157,7349874591974059602,225,2026-04-17T12:53:09.000Z,2026-04-17T12:56:54.000Z,41.55,-42.6,36.29,-5.26,0,0.15,4843.4,4845.95,,,BUY,USD,1,1,1583663
D#1670975,XAUUSD,100,7349874591906939292,7349874591887108241,7349874591974061220,7349874591974060655,86,2026-04-17T12:55:41.000Z,2026-04-17T12:57:07.000Z,61.04,-63.0,51.24,-9.8,0,0.28,4844.14,4846.1,,,BUY,USD,1,1,1583663
D#1670975,XAUUSD,100,7349874591906939326,7349874591887108340,7349874591974061329,7349874591974061227,20,2026-04-17T12:57:08.000Z,2026-04-17T12:57:28.000Z,63.56,-65.52,53.76,-9.8,0,0.28,4845.92,4843.87,,,SELL,USD,1,1,1583663
D#1670975,XAUUSD,100,7349874591906939358,7349874591887108356,7349874591974061451,7349874591974061336,20,2026-04-17T12:57:29.000Z,2026-04-17T12:57:49.000Z,-47.88,45.92,-57.68,-9.8,0,0.28,4843.36,4841.43,,,BUY,USD,1,1,1583663
D#1702369,XAUUSD,100,7349874591906939403,7349874591887108370,7349874591974061630,7349874591974061461,35,2026-04-17T12:57:51.000Z,2026-04-17T12:58:26.000Z,-0.22,0.15,-0.58,-0.36,0,0.01,4841.02,4841.46,,,SELL,USD,1,1,1583663
D#1702637,XAUUSD,100,7349874591906939430,7349874591887108154,7349874591974061734,7349874591974060106,265,2026-04-17T12:54:19.000Z,2026-04-17T12:58:44.000Z,16.7,-17.4,13.2,-3.5,0,0.1,4842.48,4841.03,4860.46,4833.26,SELL,USD,1,1,1583663
D#1670975,XAUUSD,100,7349874591906939483,7349874591887108369,7349874591974061866,7349874591974061458,80,2026-04-17T12:57:50.000Z,2026-04-17T12:59:10.000Z,-162.9,160.8,-173.4,-10.5,0,0.3,4840.95,4846.6,,4821.06,SELL,USD,1,1,1583663
D#1670975,XAUUSD,100,7349874591906939545,7349874591887108421,7349874591974061972,7349874591974061881,8,2026-04-17T12:59:12.000Z,2026-04-17T12:59:20.000Z,-143.1,141.0,-153.6,-10.5,0,0.3,4846.62,4841.63,,,BUY,USD,1,1,1583663
D#1670924,XAUUSD,100,7349874591906939689,7349874591887104302,7349874591974062376,7349874591974035014,8054,2026-04-17T10:46:14.000Z,2026-04-17T13:00:28.000Z,220.6,-220.88,219.2,-1.4,0,0.04,4786.24,4841.17,,,BUY,USD,1,1,1583663
D#1702503,XAUUSD,100,7349874591906939704,7349874591887108511,7349874591974062425,7349874591974062358,12,2026-04-17T13:00:25.000Z,2026-04-17T13:00:37.000Z,30.4,-31.8,23.4,-7,0,0.2,4841.7,4840.4,,,SELL,USD,1,1,1583663
D#1702503,XAUUSD,100,7349874591906939745,7349874591887108532,7349874591974062563,7349874591974062463,13,2026-04-17T13:00:42.000Z,2026-04-17T13:00:55.000Z,7.2,-8.6,0.2,-7,0,0.2,4841.75,4841.89,,,BUY,USD,1,1,1583663
D#1702503,XAUUSD,100,7349874591906939753,7349874591887108547,7349874591974062590,7349874591974062572,3,2026-04-17T13:00:57.000Z,2026-04-17T13:01:00.000Z,26.6,-28.0,19.6,-7,0,0.2,4841.09,4839.98,,,SELL,USD,1,1,1583663
D#1702503,XAUUSD,100,7349874591906939776,7349874591887108553,7349874591974062664,7349874591974062599,8,2026-04-17T13:01:02.000Z,2026-04-17T13:01:10.000Z,-7.4,6.0,-14.4,-7,0,0.2,4840.62,4841.21,,,SELL,USD,1,1,1583663
D#1702503,XAUUSD,100,7349874591906939794,7349874591887108568,7349874591974062717,7349874591974062672,4,2026-04-17T13:01:11.000Z,2026-04-17T13:01:15.000Z,9.6,-11.0,2.6,-7,0,0.2,4840.43,4840.69,,,BUY,USD,1,1,1583663
D#1702503,XAUUSD,100,7349874591906939803,7349874591887108577,7349874591974062759,7349874591974062730,5,2026-04-17T13:01:18.000Z,2026-04-17T13:01:23.000Z,11.4,-12.8,4.4,-7,0,0.2,4841.02,4840.67,,,SELL,USD,1,1,1583663
D#1702503,XAUUSD,100,7349874591906939816,7349874591887108586,7349874591974062789,7349874591974062777,2,2026-04-17T13:01:26.000Z,2026-04-17T13:01:28.000Z,-9,7.6,-16,-7,0,0.2,4840.75,4840.08,,,BUY,USD,1,1,1583663
D#1702503,XAUUSD,100,7349874591906939825,7349874591887108589,7349874591974062816,7349874591974062797,5,2026-04-17T13:01:29.000Z,2026-04-17T13:01:34.000Z,30,-31.4,23,-7,0,0.2,4840.25,4838.97,,,SELL,USD,1,1,1583663
D#1702503,XAUUSD,100,7349874591906939843,7349874591887108593,7349874591974062856,7349874591974062825,3,2026-04-17T13:01:36.000Z,2026-04-17T13:01:39.000Z,10.2,-11.6,3.2,-7,0,0.2,4838.59,4838.88,,,BUY,USD,1,1,1583663
D#1702503,XAUUSD,100,7349874591906939860,7349874591887108602,7349874591974062904,7349874591974062866,5,2026-04-17T13:01:40.000Z,2026-04-17T13:01:45.000Z,-41,39.6,-48,-7,0,0.2,4838.62,4840.89,,,SELL,USD,1,1,1583663
D#1702503,XAUUSD,100,7349874591906939890,7349874591887108609,7349874591974062984,7349874591974062912,11,2026-04-17T13:01:46.000Z,2026-04-17T13:01:57.000Z,-43.6,42.2,-50.6,-7,0,0.2,4840.39,4837.99,,,BUY,USD,1,1,1583663
D#1702623,XAUUSD,100,7349874591906939903,7349874591887108573,7349874591974063025,7349874591974062694,49,2026-04-17T13:01:13.000Z,2026-04-17T13:02:02.000Z,67.2,-68.6,60.2,-7,0,0.2,4841.27,4838.13,,4837.19,SELL,USD,1,1,1583663
D#1702393,XAUUSD,100,7349874591906939924,7349874591887108114,7349874591974063077,7349874591974059853,508,2026-04-17T12:53:40.000Z,2026-04-17T13:02:08.000Z,-90.48,89.64,-94.68,-4.2,0,0.12,4844.24,4836.48,,4849.63,BUY,USD,1,1,1583663
D#1702350,XAUUSD,100,7349874591906939926,7349874591887108116,7349874591974063080,7349874591974059865,507,2026-04-17T12:53:42.000Z,2026-04-17T13:02:09.000Z,62.1,-62.8,58.6,-3.5,0,0.1,4842.51,4836.52,,,SELL,USD,1,1,1583663
D#1702638,XAUUSD,100,7349874591906939969,7349874591887108243,7349874591974063167,7349874591974060665,397,2026-04-17T12:55:44.000Z,2026-04-17T13:02:21.000Z,-209.1,207.0,-219.6,-10.5,0,0.3,4843.48,4836.29,,,BUY,USD,1,1,1583663
D#1702369,XAUUSD,100,7349874591906940010,7349874591887108488,7349874591974063319,7349874591974062240,158,2026-04-17T13:00:06.000Z,2026-04-17T13:02:44.000Z,113.4,-114.87,106.04,-7.36,0,0.21,4843.42,4838.24,,4813.36,SELL,USD,1,1,1583663
D#1589378,XAUUSD,100,7349874591906940013,7349874591887108590,7349874591974063326,7349874591974062799,76,2026-04-17T13:01:30.000Z,2026-04-17T13:02:46.000Z,34.65,-36.12,27.29,-7.36,0,0.21,4839.87,4838.44,,,SELL,USD,1,1,1583663
D#1702724,XAUUSD,100,7349874591906940065,7349874591887108381,7349874591974062387,7349874591974061533,297,2026-04-17T12:58:05.000Z,2026-04-17T13:03:02.000Z,-2.95,2.6,-4.71,-1.76,0,0.05,4840.78,4841.59,4841.35,4828.27,SELL,USD,1,1,1583663
D#1702503,XAUUSD,100,7349874591906940083,7349874591887108625,7349874591974063464,7349874591974062999,68,2026-04-17T13:02:00.000Z,2026-04-17T13:03:08.000Z,-45.8,44.4,-52.8,-7,0,0.2,4838.97,4841.48,,,SELL,USD,1,1,1583663
D#1702503,XAUUSD,100,7349874591906940110,7349874591887108693,7349874591974063528,7349874591974063485,6,2026-04-17T13:03:13.000Z,2026-04-17T13:03:19.000Z,-11.2,9.8,-18.2,-7,0,0.2,4841.49,4840.71,,,BUY,USD,1,1,1583663
D#1702426,XAUUSD,100,7349874591906940133,7349874591887108310,7349874591974061140,7349874591974061032,412,2026-04-17T12:56:36.000Z,2026-04-17T13:03:28.000Z,20.8,-21.5,17.3,-3.5,0,0.1,4845.66,4843.8,4843.74,4833.77,SELL,USD,1,1,1583663
D#1702514,XAUUSD,100,7349874591906940259,7349874591887108741,7349874591974064073,7349874591974063764,52,2026-04-17T13:04:10.000Z,2026-04-17T13:05:02.000Z,-87.6,85.5,-98.1,-10.5,0,0.3,4841.85,4844.99,4845.27,4838.55,SELL,USD,1,1,1583663
D#1702369,XAUUSD,100,7349874591906940388,7349874591887108724,7349874591974064730,7349874591974063651,168,2026-04-17T13:03:45.000Z,2026-04-17T13:06:33.000Z,-258.5,255.0,-276,-17.5,0,0.5,4841.7,4847.09,4850.09,4825.46,SELL,USD,1,1,1583663
D#1645756,XAUUSD,100,7349874591906940407,7349874591887108653,7349874591974063208,7349874591974063205,250,2026-04-17T13:02:26.000Z,2026-04-17T13:06:36.000Z,-47.44,47.16,-48.84,-1.4,0,0.04,4836.62,4848.7,4848.19,,SELL,USD,1,1,1583663
D#1702514,XAUUSD,100,7349874591906940402,7349874591887108794,7349874591974064492,7349874591974064321,80,2026-04-17T13:05:16.000Z,2026-04-17T13:06:36.000Z,-147.9,145.8,-158.4,-10.5,0,0.3,4843.55,4848.7,4847.71,4840.11,SELL,USD,1,1,1583663
D#1702506,XAUUSD,100,7349874591906940543,7349874591887108411,7349874591974064899,7349874591974061813,468,2026-04-17T12:59:02.000Z,2026-04-17T13:06:50.000Z,-215.25,212.8,-227.51,-12.26,0,0.35,4843.42,4849.79,,4826.53,SELL,USD,1,1,1583663
D#1702664,XAUUSD,100,7349874591906940595,7349874591887108438,7349874591974065045,7349874591974061944,474,2026-04-17T12:59:18.000Z,2026-04-17T13:07:12.000Z,43.8,-44.85,38.54,-5.26,0,0.15,4847.27,4849.97,,,BUY,USD,1,1,1583663
D#1702579,XAUUSD,100,7349874591906940604,7349874591887108231,7349874591974060617,7349874591974060613,699,2026-04-17T12:55:35.000Z,2026-04-17T13:07:14.000Z,100.3,-101.0,96.8,-3.5,0,0.1,4841.84,4851.65,4833.7,4851.73,BUY,USD,1,1,1583663
D#1702637,XAUUSD,100,7349874591906940603,7349874591887108494,7349874591974062473,7349874591974062267,424,2026-04-17T13:00:10.000Z,2026-04-17T13:07:14.000Z,104.1,-104.8,100.6,-3.5,0,0.1,4841.46,4851.65,4798.9,4851.42,BUY,USD,1,1,1583663
D#1702464,XAUUSD,100,7349874591906940638,7349874591887108076,7349874591974065118,7349874591974059574,854,2026-04-17T12:53:06.000Z,2026-04-17T13:07:20.000Z,-143.7,141.6,-154.2,-10.5,0,0.3,4843.43,4848.44,,4825.99,SELL,USD,1,1,1583663
D#1702611,XAUUSD,100,7349874591906940671,7349874591887108235,7349874591974060806,7349874591974060636,720,2026-04-17T12:55:38.000Z,2026-04-17T13:07:38.000Z,97.9,-98.6,94.4,-3.5,0,0.1,4842.59,4852.16,,4852.23,BUY,USD,1,1,1583663
D#1671080,XAUUSD,100,7349874591906940704,7349874591887094854,7349874591973968735,7349874591973968523,40024,2026-04-17T02:00:38.000Z,2026-04-17T13:07:42.000Z,320.5,-320.85,318.74,-1.76,0,0.05,4790.04,4853.92,4818.19,4854.11,BUY,USD,1,1,1583663
D#1670945,XAUUSD,100,7349874591906940705,7349874591887108074,7349874591974059560,7349874591974059557,879,2026-04-17T12:53:03.000Z,2026-04-17T13:07:42.000Z,119,-119.7,115.5,-3.5,0,0.1,4842.04,4853.72,,4854.2,BUY,USD,1,1,1583663
D#1702656,XAUUSD,100,7349874591906940743,7349874591887108804,7349874591974064529,7349874591974064388,143,2026-04-17T13:05:26.000Z,2026-04-17T13:07:49.000Z,-61.35,61.0,-63.11,-1.76,0,0.05,4843.95,4856.44,4855.57,4825.88,SELL,USD,1,1,1583663
D#1671057,XAUUSD,100,7349874591906940751,7349874591887106861,7349874591974065319,7349874591974051864,2267,2026-04-17T12:30:03.000Z,2026-04-17T13:07:50.000Z,-378.9,378.2,-382.4,-3.5,0,0.1,4818.12,4856.23,,4807.23,SELL,USD,1,1,1583663
D#1702589,XAUUSD,100,7349874591906940767,7349874591887108050,7349874591974059790,7349874591974059424,908,2026-04-17T12:52:45.000Z,2026-04-17T13:07:53.000Z,115.22,-115.71,112.76,-2.46,0,0.07,4840.98,4857.22,4826.53,4857.41,BUY,USD,1,1,1583663
D#1702350,XAUUSD,100,7349874591906940847,7349874591887108702,7349874591974065476,7349874591974063522,292,2026-04-17T13:03:18.000Z,2026-04-17T13:08:10.000Z,-136.7,136.0,-140.2,-3.5,0,0.1,4840.35,4854.24,,,SELL,USD,1,1,1583663
D#1702487,XAUUSD,100,7349874591906940852,7349874591887105523,7349874591974065483,7349874591974042940,4855,2026-04-17T11:47:16.000Z,2026-04-17T13:08:11.000Z,-493.4,492.7,-496.9,-3.5,0,0.1,4804.06,4853.62,,,SELL,USD,1,1,1583663
D#1702503,XAUUSD,100,7349874591906940990,7349874591887108709,7349874591974065873,7349874591974063554,346,2026-04-17T13:03:24.000Z,2026-04-17T13:09:10.000Z,553,-555.45,540.74,-12.26,0,0.35,4842.27,4857.85,,,BUY,USD,1,1,1583663
D#1702724,XAUUSD,100,7349874591906941028,7349874591887108727,7349874591974065942,7349874591974063674,326,2026-04-17T13:03:50.000Z,2026-04-17T13:09:16.000Z,-97.7,97.35,-99.46,-1.76,0,0.05,4841.38,4861.14,,4830.45,SELL,USD,1,1,1583663
D#1702393,XAUUSD,100,7349874591906941045,7349874591887108657,7349874591974065980,7349874591974063225,411,2026-04-17T13:02:29.000Z,2026-04-17T13:09:20.000Z,-520.6,519.2,-527.6,-7,0,0.2,4835.56,4861.81,,4835.88,SELL,USD,1,1,1583663
D#1702656,XAUUSD,100,7349874591906941049,7349874591887109009,7349874591974065595,7349874591974065482,69,2026-04-17T13:08:11.000Z,2026-04-17T13:09:20.000Z,-39.95,39.6,-41.71,-1.76,0,0.05,4853.71,4861.92,4861.48,4832.04,SELL,USD,1,1,1583663
D#1702568,XAUUSD,100,7349874591906941062,7349874591887107360,7349874591974055439,7349874591974055149,1601,2026-04-17T12:42:41.000Z,2026-04-17T13:09:22.000Z,378.2,-378.9,374.7,-3.5,0,0.1,4824.65,4862.25,4832.83,4862.38,BUY,USD,1,1,1583663
D#1702623,XAUUSD,100,7349874591906941065,7349874591887108649,7349874591974066007,7349874591974063159,422,2026-04-17T13:02:20.000Z,2026-04-17T13:09:22.000Z,-519.8,518.4,-526.8,-7,0,0.2,4836.24,4862.45,,4832.93,SELL,USD,1,1,1583663
D#1589424,XAUUSD,100,7349874591906941277,7349874591887094781,7349874591973968538,7349874591973968025,40403,2026-04-17T01:57:20.000Z,2026-04-17T13:10:43.000Z,230.04,-230.25,228.98,-1.06,0,0.03,4789.92,4866.38,4790.16,4865.88,BUY,USD,1,1,1583663
D#1670955,XAUUSD,100,7349874591906941324,7349874591887100033,7349874591974066733,7349874591974005802,21543,2026-04-17T07:11:47.000Z,2026-04-17T13:10:50.000Z,394.9,-395.25,393.14,-1.76,0,0.05,4789.63,4868.39,,,BUY,USD,1,1,1583663
D#1670978,XAUUSD,100,7349874591906941330,7349874591887099643,7349874591974066758,7349874591974002890,22707,2026-04-17T06:52:24.000Z,2026-04-17T13:10:51.000Z,415.35,-415.7,413.59,-1.76,0,0.05,4785.89,4868.74,,4880.65,BUY,USD,1,1,1583663
D#1702533,XAUUSD,100,7349874591906941382,7349874591887107503,7349874591974058025,7349874591974056067,1473,2026-04-17T12:46:21.000Z,2026-04-17T13:10:54.000Z,425.5,-426.2,422,-3.5,0,0.1,4829.98,4872.31,4832.54,4871.55,BUY,USD,1,1,1583663
D#1702589,XAUUSD,100,7349874591906941402,7349874591887109050,7349874591974066204,7349874591974065695,126,2026-04-17T13:08:48.000Z,2026-04-17T13:10:54.000Z,121.1,-121.59,118.64,-2.46,0,0.07,4856.7,4873.78,4842.01,4872.85,BUY,USD,1,1,1583663
D#1670945,XAUUSD,100,7349874591906941408,7349874591887109137,7349874591974066260,7349874591974066255,61,2026-04-17T13:09:53.000Z,2026-04-17T13:10:54.000Z,127.1,-127.8,123.6,-3.5,0,0.1,4862.37,4874.86,4857.03,4874.03,BUY,USD,1,1,1583663
D#1702448,XAUUSD,100,7349874591906941519,7349874591887107380,7349874591974067156,7349874591974055289,1684,2026-04-17T12:43:07.000Z,2026-04-17T13:11:11.000Z,-273.25,272.9,-275.01,-1.76,0,0.05,4823.93,4878.8,,4812.32,SELL,USD,1,1,1583663
D#1702656,XAUUSD,100,7349874591906941545,7349874591887109130,7349874591974067221,7349874591974066201,89,2026-04-17T13:09:45.000Z,2026-04-17T13:11:14.000Z,-119.7,119.21,-122.16,-2.46,0,0.07,4862.11,4879.43,,,SELL,USD,1,1,1583663
D#1702387,XAUUSD,100,7349874591906941683,7349874591887109270,7349874591974067608,7349874591974067036,53,2026-04-17T13:11:05.000Z,2026-04-17T13:11:58.000Z,22.14,-22.56,20.04,-2.1,0,0.06,4877.04,4880.51,,,BUY,USD,1,1,1583663
D#1702724,XAUUSD,100,7349874591906941702,7349874591887109102,7349874591974066578,7349874591974065995,161,2026-04-17T13:09:21.000Z,2026-04-17T13:12:02.000Z,106.35,-106.7,104.59,-1.76,0,0.05,4862.15,4883.2,4862.47,4883.16,BUY,USD,1,1,1583663
D#1702664,XAUUSD,100,7349874591906941910,7349874591887109333,7349874591974068171,7349874591974067381,110,2026-04-17T13:11:24.000Z,2026-04-17T13:13:14.000Z,170.8,-172.2,163.8,-7,0,0.2,4875.57,4883.89,,,BUY,USD,1,1,1583663
D#1702579,XAUUSD,100,7349874591906941940,7349874591887109350,7349874591974067498,7349874591974067493,102,2026-04-17T13:11:43.000Z,2026-04-17T13:13:25.000Z,101.2,-101.9,97.7,-3.5,0,0.1,4878.65,4888.55,4870.72,4886.22,BUY,USD,1,1,1583663
D#1702494,XAUUSD,100,7349874591906941980,7349874591887108842,7349874591974068332,7349874591974064650,446,2026-04-17T13:06:14.000Z,2026-04-17T13:13:40.000Z,416.8,-417.5,413.3,-3.5,0,0.1,4843.37,4884.83,4837,,BUY,USD,1,1,1583663
D#1702708,XAUUSD,100,7349874591906941988,7349874591887101273,7349874591974068347,7349874591974013109,18269,2026-04-17T08:09:13.000Z,2026-04-17T13:13:42.000Z,401.16,-401.44,399.76,-1.4,0,0.04,4785.48,4885.55,4777.11,4894.39,BUY,USD,1,1,1583663
D#1702589,XAUUSD,100,7349874591906941985,7349874591887109353,7349874591974068339,7349874591974067539,112,2026-04-17T13:11:50.000Z,2026-04-17T13:13:42.000Z,42.07,-42.56,39.61,-2.46,0,0.07,4879.22,4885.01,4862.36,4892.71,BUY,USD,1,1,1583663
D#1702426,XAUUSD,100,7349874591906942003,7349874591887109466,7349874591974068307,7349874591974068144,43,2026-04-17T13:13:10.000Z,2026-04-17T13:13:53.000Z,-54.1,53.4,-57.6,-3.5,0,0.1,4884.36,4878.73,4879.84,4895.86,BUY,USD,1,1,1583663
D#1702362,XAUUSD,100,7349874591906942186,7349874591887109522,7349874591974069121,7349874591974068486,111,2026-04-17T13:14:06.000Z,2026-04-17T13:15:57.000Z,50.4,-51.1,46.9,-3.5,0,0.1,4882.81,4877.99,,,SELL,USD,1,1,1583663
D#1670997,XAUUSD,100,7349874591906942288,7349874591887109535,7349874591974068777,7349874591974068604,148,2026-04-17T13:14:26.000Z,2026-04-17T13:16:54.000Z,441.6,-443.7,431.1,-10.5,0,0.3,4883.58,4869.08,,4869.31,SELL,USD,1,1,1583663
D#1670945,XAUUSD,100,7349874591906942341,7349874591887109475,7349874591974069563,7349874591974068203,240,2026-04-17T13:13:20.000Z,2026-04-17T13:17:20.000Z,-215.7,215.0,-219.2,-3.5,0,0.1,4889.58,4867.79,,4901.86,BUY,USD,1,1,1583663
D#1702621,XAUUSD,100,7349874591906942342,7349874591887109598,7349874591974069564,7349874591974069072,94,2026-04-17T13:15:47.000Z,2026-04-17T13:17:21.000Z,-232,230.6,-239,-7,0,0.2,4879.52,4867.7,,4885.08,BUY,USD,1,1,1583663
D#1702563,XAUUSD,100,7349874591906942365,7349874591887109599,7349874591974069629,7349874591974069078,103,2026-04-17T13:15:50.000Z,2026-04-17T13:17:33.000Z,120,-120.7,116.5,-3.5,0,0.1,4879.18,4867.4,,,SELL,USD,1,1,1583663
D#1702349,XAUUSD,100,7349874591906942386,7349874591887109592,7349874591974069727,7349874591974069022,132,2026-04-17T13:15:39.000Z,2026-04-17T13:17:51.000Z,-171.05,170.28,-174.91,-3.86,0,0.11,4882.06,4866.29,4861.66,4927.61,BUY,USD,1,1,1583663
D#1702426,XAUUSD,100,7349874591906942413,7349874591887109629,7349874591974069442,7349874591974069277,99,2026-04-17T13:16:26.000Z,2026-04-17T13:18:05.000Z,117.8,-118.5,114.3,-3.5,0,0.1,4875.28,4863.72,4880.27,4863.39,SELL,USD,1,1,1583663
D#1702387,XAUUSD,100,7349874591906942422,7349874591887109540,7349874591974069844,7349874591974068623,222,2026-04-17T13:14:28.000Z,2026-04-17T13:18:10.000Z,126.96,-127.38,124.86,-2.1,0,0.06,4883.97,4863.03,,,SELL,USD,1,1,1583663
D#1702724,XAUUSD,100,7349874591906942451,7349874591887109664,7349874591974069834,7349874591974069497,85,2026-04-17T13:17:08.000Z,2026-04-17T13:18:33.000Z,-3.3,2.95,-5.06,-1.76,0,0.05,4868.13,4869.01,4868.72,4856.95,SELL,USD,1,1,1583663
D#1702422,XAUUSD,100,7349874591906942500,7349874591887109671,7349874591974070164,7349874591974069549,113,2026-04-17T13:17:17.000Z,2026-04-17T13:19:10.000Z,-38.25,37.2,-43.51,-5.26,0,0.15,4869.33,4872.1,,4836.4,SELL,USD,1,1,1583663
D#1702724,XAUUSD,100,7349874591906942618,7349874591887109738,7349874591974070408,7349874591974070069,89,2026-04-17T13:18:54.000Z,2026-04-17T13:20:23.000Z,62.9,-63.25,61.14,-1.76,0,0.05,4872.03,4859.67,4871.86,4859.55,SELL,USD,1,1,1583663
D#1702387,XAUUSD,100,7349874591906942681,7349874591887109807,7349874591974070692,7349874591974070507,32,2026-04-17T13:20:21.000Z,2026-04-17T13:20:53.000Z,-8.52,8.1,-10.62,-2.1,0,0.06,4860.42,4858.78,,,BUY,USD,1,1,1583663
D#1702664,XAUUSD,100,7349874591906942714,7349874591887109831,7349874591974070805,7349874591974070614,29,2026-04-17T13:20:40.000Z,2026-04-17T13:21:09.000Z,60.8,-62.2,53.8,-7,0,0.2,4858.03,4855.21,,,SELL,USD,1,1,1583663
D#1670945,XAUUSD,100,7349874591906942719,7349874591887109723,7349874591974070287,7349874591974069948,161,2026-04-17T13:18:30.000Z,2026-04-17T13:21:11.000Z,122.5,-123.2,119,-3.5,0,0.1,4865.84,4853.81,,4853.95,SELL,USD,1,1,1583663
D#1645756,XAUUSD,100,7349874591906942733,7349874591887109178,7349874591974070862,7349874591974066539,649,2026-04-17T13:10:31.000Z,2026-04-17T13:21:20.000Z,-103.5,102.8,-107,-3.5,0,0.1,4864.35,4853.78,,,BUY,USD,1,1,1583663
D#1702426,XAUUSD,100,7349874591906942744,7349874591887109821,7349874591974070575,7349874591974069989,49,2026-04-17T13:20:33.000Z,2026-04-17T13:21:22.000Z,-54.7,54.0,-58.2,-3.5,0,0.1,4858.22,4852.53,4853.16,4870.17,BUY,USD,1,1,1583663
D#1702387,XAUUSD,100,7349874591906942855,7349874591887109874,7349874591974071229,7349874591974070940,53,2026-04-17T13:21:33.000Z,2026-04-17T13:22:26.000Z,-23.82,23.4,-25.92,-2.1,0,0.06,4852.45,4856.64,,,SELL,USD,1,1,1583663
D#1702387,XAUUSD,100,7349874591906943201,7349874591887109934,7349874591974072624,7349874591974071347,214,2026-04-17T13:22:53.000Z,2026-04-17T13:26:27.000Z,30.42,-30.84,28.32,-2.1,0,0.06,4858.39,4863.24,,,BUY,USD,1,1,1583663
D#1702362,XAUUSD,100,7349874591906943244,7349874591887109944,7349874591974071522,7349874591974071418,222,2026-04-17T13:23:05.000Z,2026-04-17T13:26:47.000Z,-4.7,4.0,-8.2,-3.5,0,0.1,4859.61,4858.92,4859.85,4871.33,BUY,USD,1,1,1583663
D#1671082,XAUUSD,100,7349874591906943291,7349874591887109846,7349874591974072874,7349874591974070734,367,2026-04-17T13:21:00.000Z,2026-04-17T13:27:07.000Z,10.6,-11.3,7.1,-3.5,0,0.1,4856.96,4857.8,,4867,BUY,USD,1,1,1583663
D#1702542,XAUUSD,100,7349874591906943695,7349874591887109893,7349874591974071486,7349874591974071063,502,2026-04-17T13:21:55.000Z,2026-04-17T13:30:17.000Z,-30.5,30.15,-32.26,-1.76,0,0.05,4856.13,4849.81,4850.05,4901.23,BUY,USD,1,1,1583663
D#1702518,XAUUSD,100,7349874591906944485,7349874591887110759,7349874591974076475,7349874591974076200,37,2026-04-17T13:34:13.000Z,2026-04-17T13:34:50.000Z,-204,201.2,-218,-14,0,0.4,4850.6,4855.92,,4847.88,SELL,USD,1,1,1583663
D#1670948,XAUUSD,100,7349874591906944566,7349874591887110638,7349874591974075611,7349874591974075308,165,2026-04-17T13:32:35.000Z,2026-04-17T13:35:20.000Z,-265.6,262.8,-279.6,-14,0,0.4,4851.4,4858.26,4858.02,,SELL,USD,1,1,1583663
D#1702426,XAUUSD,100,7349874591906944603,7349874591887110393,7349874591974074172,7349874591974070928,306,2026-04-17T13:30:23.000Z,2026-04-17T13:35:29.000Z,125.8,-126.5,122.3,-3.5,0,0.1,4848.94,4861.3,4844.3,4861.25,BUY,USD,1,1,1583663
D#1702347,XAUUSD,100,7349874591906944637,7349874591887110856,7349874591974076870,7349874591974076695,16,2026-04-17T13:35:18.000Z,2026-04-17T13:35:34.000Z,18.78,-19.2,16.68,-2.1,0,0.06,4857.85,4860.76,,,BUY,USD,1,1,1583663
D#1702611,XAUUSD,100,7349874591906944748,7349874591887110265,7349874591974073609,7349874591974073429,462,2026-04-17T13:28:27.000Z,2026-04-17T13:36:09.000Z,109.2,-109.9,105.7,-3.5,0,0.1,4852.35,4863.05,,4862.76,BUY,USD,1,1,1583663
D#1614593,XAUUSD,100,7349874591906944811,7349874591887110696,7349874591974075677,7349874591974075591,176,2026-04-17T13:33:27.000Z,2026-04-17T13:36:23.000Z,-130,129.3,-133.5,-3.5,0,0.1,4852.99,4866.21,4865.91,4843.01,SELL,USD,1,1,1583663
D#1702347,XAUUSD,100,7349874591906944885,7349874591887110982,7349874591974077556,7349874591974077444,12,2026-04-17T13:36:33.000Z,2026-04-17T13:36:45.000Z,-15.36,14.94,-17.46,-2.1,0,0.06,4865.74,4862.96,,,BUY,USD,1,1,1583663
D#1702563,XAUUSD,100,7349874591906944964,7349874591887110922,7349874591974077764,7349874591974077173,72,2026-04-17T13:36:03.000Z,2026-04-17T13:37:15.000Z,56.3,-57.0,52.8,-3.5,0,0.1,4860.78,4866.19,,,BUY,USD,1,1,1583663
D#1702563,XAUUSD,100,7349874591906945284,7349874591887111142,7349874591974079792,7349874591974078493,56,2026-04-17T13:38:23.000Z,2026-04-17T13:39:19.000Z,47.1,-47.8,43.6,-3.5,0,0.1,4861.77,4866.26,,,BUY,USD,1,1,1583663
D#1671082,XAUUSD,100,7349874591906945363,7349874591887110170,7349874591974073580,7349874591974072899,765,2026-04-17T13:27:11.000Z,2026-04-17T13:39:56.000Z,97.7,-98.4,94.2,-3.5,0,0.1,4859.54,4869.09,,4869,BUY,USD,1,1,1583663
D#1614593,XAUUSD,100,7349874591906945491,7349874591887110991,7349874591974080643,7349874591974077496,249,2026-04-17T13:36:40.000Z,2026-04-17T13:40:49.000Z,2.6,-3.3,-0.9,-3.5,0,0.1,4866.67,4866.71,4838.44,4890.91,BUY,USD,1,1,1583663
D#1702551,XAUUSD,100,7349874591906945720,7349874591887110180,7349874591974081429,7349874591974072936,919,2026-04-17T13:27:16.000Z,2026-04-17T13:42:35.000Z,-64.2,63.92,-65.6,-1.4,0,0.04,4855.79,4872.06,,4816.94,SELL,USD,1,1,1583663
D#1702685,XAUUSD,100,7349874591906946035,7349874591887109978,7349874591974082491,7349874591974071674,1282,2026-04-17T13:23:49.000Z,2026-04-17T13:45:11.000Z,130.17,-131.57,123.16,-7.01,0,0.2,4856.94,4863.12,,,BUY,USD,1,1,1583663
D#1702440,XAUUSD,100,7349874591906946043,7349874591887110855,7349874591974081152,7349874591974076694,595,2026-04-17T13:35:17.000Z,2026-04-17T13:45:12.000Z,36.1,-36.8,32.6,-3.5,0,0.1,4857.51,4860.9,4861.76,4941.38,BUY,USD,1,1,1583663
D#1702735,XAUUSD,100,7349874591906946234,7349874591887111561,7349874591974082763,7349874591974082054,153,2026-04-17T13:44:11.000Z,2026-04-17T13:46:44.000Z,5,-6.4,-2,-7,0,0.2,4866.22,4866.19,4869.33,4866.13,SELL,USD,1,1,1583663
D#1614593,XAUUSD,100,7349874591906946311,7349874591887111355,7349874591974080739,7349874591974080735,350,2026-04-17T13:41:03.000Z,2026-04-17T13:46:53.000Z,95.2,-95.9,91.7,-3.5,0,0.1,4865.7,4856.4,4893.32,4857.74,SELL,USD,1,1,1583663
D#1702563,XAUUSD,100,7349874591906946408,7349874591887111773,7349874591974083364,7349874591974083278,6,2026-04-17T13:47:02.000Z,2026-04-17T13:47:08.000Z,33.6,-34.3,30.1,-3.5,0,0.1,4860.76,4857.62,,,SELL,USD,1,1,1583663
D#1702551,XAUUSD,100,7349874591906946502,7349874591887111539,7349874591974083633,7349874591974081882,241,2026-04-17T13:43:43.000Z,2026-04-17T13:47:44.000Z,-89.9,89.55,-91.66,-1.76,0,0.05,4872.39,4854.19,,4882,BUY,USD,1,1,1583663
D#1614593,XAUUSD,100,7349874591906947028,7349874591887112135,7349874591974085195,7349874591974085190,1,2026-04-17T13:50:17.000Z,2026-04-17T13:50:18.000Z,13.6,-14.3,10.1,-3.5,0,0.1,4864.32,4865.46,4844.82,4865.13,BUY,USD,1,1,1583663
D#1589378,XAUUSD,100,7349874591906947345,7349874591887112122,7349874591974086104,7349874591974085134,90,2026-04-17T13:50:12.000Z,2026-04-17T13:51:42.000Z,-213,209.5,-230.5,-17.5,0,0.5,4863.59,4868.07,,,SELL,USD,1,1,1583663
D#1702551,XAUUSD,100,7349874591906947457,7349874591887111848,7349874591974086506,7349874591974083667,275,2026-04-17T13:47:46.000Z,2026-04-17T13:52:21.000Z,-83.6,83.25,-85.36,-1.76,0,0.05,4854.29,4871.23,,4811.45,SELL,USD,1,1,1583663
D#1702618,XAUUSD,100,7349874591906947495,7349874591887101786,7349874591974086639,7349874591974017854,18747,2026-04-17T08:40:12.000Z,2026-04-17T13:52:39.000Z,166.88,-167.02,166.18,-0.7,0,0.02,4789.46,4872.68,,,BUY,USD,1,1,1583663
D#1702482,XAUUSD,100,7349874591906947780,7349874591887111500,7349874591974081873,7349874591974081611,700,2026-04-17T13:42:58.000Z,2026-04-17T13:54:38.000Z,136.6,-138.0,129.6,-7,0,0.2,4870.15,4876.76,,4876.58,BUY,USD,1,1,1583663
D#1671082,XAUUSD,100,7349874591906947785,7349874591887111290,7349874591974080592,7349874591974080326,873,2026-04-17T13:40:06.000Z,2026-04-17T13:54:39.000Z,108,-108.7,104.5,-3.5,0,0.1,4866.93,4877.51,,4877,BUY,USD,1,1,1583663
D#1589378,XAUUSD,100,7349874591906947791,7349874591887112500,7349874591974087466,7349874591974087315,17,2026-04-17T13:54:24.000Z,2026-04-17T13:54:41.000Z,-138.4,135.6,-152.4,-14,0,0.4,4873.57,4877.25,,,SELL,USD,1,1,1583663
D#1702416,XAUUSD,100,7349874591906947825,7349874591887110631,7349874591974087555,7349874591974075275,1339,2026-04-17T13:32:32.000Z,2026-04-17T13:54:51.000Z,416.25,-417.3,410.99,-5.26,0,0.15,4851.42,4878.95,,,BUY,USD,1,1,1583663
D#1702735,XAUUSD,100,7349874591906947831,7349874591887111860,7349874591974084271,7349874591974083768,412,2026-04-17T13:47:59.000Z,2026-04-17T13:54:51.000Z,501.2,-502.6,494.2,-7,0,0.2,4853.71,4878.55,4862.76,4878.1,BUY,USD,1,1,1583663
D#1702426,XAUUSD,100,7349874591906947906,7349874591887111731,7349874591974083698,7349874591974083062,532,2026-04-17T13:46:31.000Z,2026-04-17T13:55:23.000Z,123.3,-124.0,119.8,-3.5,0,0.1,4867.29,4879.4,4863.27,4879.18,BUY,USD,1,1,1583663
D#1670945,XAUUSD,100,7349874591906948481,7349874591887112457,7349874591974089567,7349874591974087121,353,2026-04-17T13:53:58.000Z,2026-04-17T13:59:51.000Z,77.6,-78.3,74.1,-3.5,0,0.1,4871.62,4879.16,4871.86,4883.42,BUY,USD,1,1,1583663
D#1670945,XAUUSD,100,7349874591906948901,7349874591887113094,7349874591974090594,7349874591974090593,36,2026-04-17T14:01:56.000Z,2026-04-17T14:02:32.000Z,-50.8,50.1,-54.3,-3.5,0,0.1,4885.59,4880.29,4880.44,4895.44,BUY,USD,1,1,1583663
D#1702426,XAUUSD,100,7349874591906949200,7349874591887112731,7349874591974088712,7349874591974088595,472,2026-04-17T13:57:17.000Z,2026-04-17T14:05:09.000Z,-42.6,41.9,-46.1,-3.5,0,0.1,4878.99,4874.51,4874.88,4890.13,BUY,USD,1,1,1583663
D#1702440,XAUUSD,100,7349874591906949379,7349874591887111687,7349874591974091609,7349874591974082820,1223,2026-04-17T13:45:57.000Z,2026-04-17T14:06:20.000Z,70.95,-71.72,67.09,-3.86,0,0.11,4866.66,4872.89,4873.26,4923.78,BUY,USD,1,1,1583663
D#1702362,XAUUSD,100,7349874591906949447,7349874591887113353,7349874591974092616,7349874591974092225,53,2026-04-17T14:05:54.000Z,2026-04-17T14:06:47.000Z,64.5,-65.2,61,-3.5,0,0.1,4877.58,4871.35,,4869.83,SELL,USD,1,1,1583663
D#1702701,XAUUSD,100,7349874591906949510,7349874591887113159,7349874591974091307,7349874591974090991,269,2026-04-17T14:02:47.000Z,2026-04-17T14:07:16.000Z,102.2,-102.9,98.7,-3.5,0,0.1,4879.25,4869.25,4879.17,4869.37,SELL,USD,1,1,1583663
D#1670945,XAUUSD,100,7349874591906949604,7349874591887113171,7349874591974093110,7349874591974091067,315,2026-04-17T14:03:01.000Z,2026-04-17T14:08:16.000Z,82.8,-83.5,79.3,-3.5,0,0.1,4879.64,4871.58,4884.38,4867.75,SELL,USD,1,1,1583663
D#1670969,XAUUSD,100,7349874591906949610,7349874591887112670,7349874591974093121,7349874591974088265,710,2026-04-17T13:56:28.000Z,2026-04-17T14:08:18.000Z,60.2,-60.9,56.7,-3.5,0,0.1,4877.14,4871.34,,,SELL,USD,1,1,1583663
D#1702387,XAUUSD,100,7349874591906949655,7349874591887113454,7349874591974093311,7349874591974092894,80,2026-04-17T14:07:34.000Z,2026-04-17T14:08:54.000Z,5.16,-5.58,3.06,-2.1,0,0.06,4869.97,4870.61,,,BUY,USD,1,1,1583663
D#1702737,XAUUSD,100,7349874591906949843,7349874591887112214,7349874591974094005,7349874591974085679,1201,2026-04-17T13:51:07.000Z,2026-04-17T14:11:08.000Z,50.1,-50.8,46.6,-3.5,0,0.1,4864.9,4869.69,,,BUY,USD,1,1,1583663
D#1702701,XAUUSD,100,7349874591906950033,7349874591887113456,7349874591974093089,7349874591974092909,282,2026-04-17T14:07:38.000Z,2026-04-17T14:12:20.000Z,116.8,-118.2,109.8,-7,0,0.2,4869.26,4863.64,4875.77,4864.37,SELL,USD,1,1,1583663
D#1702636,XAUUSD,100,7349874591906950072,7349874591887113397,7349874591974094560,7349874591974092554,353,2026-04-17T14:06:36.000Z,2026-04-17T14:12:29.000Z,53.84,-54.4,51.04,-2.8,0,0.08,4870.31,4863.8,,,SELL,USD,1,1,1583663
D#1702387,XAUUSD,100,7349874591906950110,7349874591887113633,7349874591974094635,7349874591974094085,77,2026-04-17T14:11:23.000Z,2026-04-17T14:12:40.000Z,41.44,-41.93,38.98,-2.46,0,0.07,4868.64,4862.94,,,SELL,USD,1,1,1583663
D#1670945,XAUUSD,100,7349874591906950116,7349874591887113658,7349874591974094215,7349874591974093200,59,2026-04-17T14:11:42.000Z,2026-04-17T14:12:41.000Z,-52.2,51.5,-55.7,-3.5,0,0.1,4866.6,4861.16,4861.54,4876.54,BUY,USD,1,1,1583663
D#1702701,XAUUSD,100,7349874591906950304,7349874591887113767,7349874591974095349,7349874591974095189,67,2026-04-17T14:13:40.000Z,2026-04-17T14:14:47.000Z,-111.2,109.8,-118.2,-7,0,0.2,4862.61,4868.39,4867.74,4857.76,SELL,USD,1,1,1583663
D#1702387,XAUUSD,100,7349874591906950324,7349874591887113794,7349874591974095610,7349874591974095340,49,2026-04-17T14:14:08.000Z,2026-04-17T14:14:57.000Z,24.64,-25.2,21.84,-2.8,0,0.08,4863.86,4866.72,,,BUY,USD,1,1,1583663
D#1702387,XAUUSD,100,7349874591906950414,7349874591887113856,7349874591974095910,7349874591974095810,18,2026-04-17T14:15:28.000Z,2026-04-17T14:15:46.000Z,6.24,-6.8,3.44,-2.8,0,0.08,4870.64,4871.2,,,BUY,USD,1,1,1583663
D#1670969,XAUUSD,100,7349874591906950415,7349874591887113510,7349874591974095917,7349874591974093340,408,2026-04-17T14:09:01.000Z,2026-04-17T14:15:49.000Z,5.1,-6.15,-0.16,-5.26,0,0.15,4871,4871.12,,,BUY,USD,1,1,1583663
D#1702387,XAUUSD,100,7349874591906950693,7349874591887113917,7349874591974097689,7349874591974096300,115,2026-04-17T14:16:55.000Z,2026-04-17T14:18:50.000Z,16.56,-17.12,13.76,-2.8,0,0.08,4872.71,4870.86,,,SELL,USD,1,1,1583663
D#1670969,XAUUSD,100,7349874591906950932,7349874591887114069,7349874591974098397,7349874591974098147,36,2026-04-17T14:20:17.000Z,2026-04-17T14:20:53.000Z,28.35,-29.4,23.09,-5.26,0,0.15,4870.44,4872.11,,,BUY,USD,1,1,1583663
D#1702701,XAUUSD,100,7349874591906951054,7349874591887113969,7349874591974097609,7349874591974097464,230,2026-04-17T14:18:06.000Z,2026-04-17T14:21:56.000Z,-104.4,103.0,-111.4,-7,0,0.2,4869.02,4874.46,4873.95,4864.16,SELL,USD,1,1,1583663
D#1702737,XAUUSD,100,7349874591906951101,7349874591887114016,7349874591974097981,7349874591974097818,178,2026-04-17T14:19:18.000Z,2026-04-17T14:22:16.000Z,46.6,-47.3,43.1,-3.5,0,0.1,4871.13,4875.57,,4875.56,BUY,USD,1,1,1583663
D#1702426,XAUUSD,100,7349874591906951124,7349874591887113683,7349874591974094431,7349874591974093065,608,2026-04-17T14:12:14.000Z,2026-04-17T14:22:22.000Z,111.9,-112.6,108.4,-3.5,0,0.1,4865.34,4876.31,4859.58,4876.73,BUY,USD,1,1,1583663
D#1702496,XAUUSD,100,7349874591906951210,7349874591887114243,7349874591974099364,7349874591974099178,30,2026-04-17T14:22:48.000Z,2026-04-17T14:23:18.000Z,-5.44,5.3,-6.14,-0.7,0,0.02,4876.38,4873.44,,,BUY,USD,1,1,1583663
D#1702426,XAUUSD,100,7349874591906951809,7349874591887114252,7349874591974099417,7349874591974099220,430,2026-04-17T14:22:55.000Z,2026-04-17T14:30:05.000Z,-55.3,54.6,-58.8,-3.5,0,0.1,4876.01,4870.26,4870.86,4886.44,BUY,USD,1,1,1583663
D#1670969,XAUUSD,100,7349874591906952045,7349874591887114699,7349874591974102360,7349874591974102311,11,2026-04-17T14:32:26.000Z,2026-04-17T14:32:37.000Z,16.95,-18.0,11.69,-5.26,0,0.15,4874.61,4873.7,,,SELL,USD,1,1,1583663
D#1702426,XAUUSD,100,7349874591906952197,7349874591887114578,7349874591974101707,7349874591974101525,208,2026-04-17T14:30:20.000Z,2026-04-17T14:33:48.000Z,-52.4,51.7,-55.9,-3.5,0,0.1,4870.45,4875.91,4875.75,4858.56,SELL,USD,1,1,1583663
D#1702440,XAUUSD,100,7349874591906952237,7349874591887113524,7349874591974102830,7349874591974093399,1485,2026-04-17T14:09:16.000Z,2026-04-17T14:34:01.000Z,-106.4,105.0,-113.4,-7,0,0.2,4870.83,4876.37,,4819.99,SELL,USD,1,1,1583663
D#1702737,XAUUSD,100,7349874591906952325,7349874591887114714,7349874591974102640,7349874591974102406,121,2026-04-17T14:32:50.000Z,2026-04-17T14:34:51.000Z,46.9,-47.6,43.4,-3.5,0,0.1,4873.45,4877.92,,4878.02,BUY,USD,1,1,1583663
D#1670945,XAUUSD,100,7349874591906952630,7349874591887114393,7349874591974100232,7349874591974099854,756,2026-04-17T14:25:57.000Z,2026-04-17T14:38:33.000Z,3.4,-4.1,-0.1,-3.5,0,0.1,4880.37,4880.25,4880.13,4870.48,SELL,USD,1,1,1583663
D#1702428,XAUUSD,100,7349874591906952704,7349874591887103795,7349874591974104289,7349874591974031777,15625,2026-04-17T10:18:45.000Z,2026-04-17T14:39:10.000Z,81.7,-81.77,81.34,-0.36,0,0.01,4793.05,4874.53,,4901.2,BUY,USD,1,1,1583663
D#1702447,XAUUSD,100,7349874591906952756,7349874591887093284,7349874591974104444,7349874591973957003,49155,2026-04-17T01:00:27.000Z,2026-04-17T14:39:42.000Z,243.9,-244.11,242.84,-1.06,0,0.03,4793.78,4874.86,4734.37,,BUY,USD,1,1,1583663
D#1702362,XAUUSD,100,7349874591906952979,7349874591887114336,7349874591974104836,7349874591974099816,967,2026-04-17T14:24:42.000Z,2026-04-17T14:40:49.000Z,-11,10.3,-14.5,-3.5,0,0.1,4878.66,4879.98,4887.85,4862.79,SELL,USD,1,1,1583663
D#1702426,XAUUSD,100,7349874591906953173,7349874591887114801,7349874591974103113,7349874591974102962,478,2026-04-17T14:34:26.000Z,2026-04-17T14:42:24.000Z,-52,51.3,-55.5,-3.5,0,0.1,4876.95,4882.37,4882.01,4865.69,SELL,USD,1,1,1583663
D#1671082,XAUUSD,100,7349874591906953219,7349874591887112656,7349874591974105462,7349874591974088191,2779,2026-04-17T13:56:17.000Z,2026-04-17T14:42:36.000Z,37.1,-37.8,33.6,-3.5,0,0.1,4878.13,4881.62,,4888.56,BUY,USD,1,1,1583663
D#1702426,XAUUSD,100,7349874591906953476,7349874591887115200,7349874591974106004,7349874591974105667,149,2026-04-17T14:43:10.000Z,2026-04-17T14:45:39.000Z,-56.8,56.1,-60.3,-3.5,0,0.1,4880.81,4874.91,4875.62,4892.7,BUY,USD,1,1,1583663
D#1702410,XAUUSD,100,7349874591906953798,7349874591887115340,7349874591974106860,7349874591974106663,180,2026-04-17T14:46:39.000Z,2026-04-17T14:49:39.000Z,47.25,-47.88,44.09,-3.16,0,0.09,4876.24,4881.27,,4881.29,BUY,USD,1,1,1583663
D#1702387,XAUUSD,100,7349874591906954060,7349874591887114135,7349874591974108479,7349874591974098560,1851,2026-04-17T14:21:17.000Z,2026-04-17T14:52:08.000Z,-37.28,36.72,-40.08,-2.8,0,0.08,4870.71,4875.59,,4868,SELL,USD,1,1,1583663
D#1671082,XAUUSD,100,7349874591906954157,7349874591887115182,7349874591974105883,7349874591974105564,621,2026-04-17T14:42:56.000Z,2026-04-17T14:53:17.000Z,101.7,-102.4,98.2,-3.5,0,0.1,4880.52,4870.57,,4870.44,SELL,USD,1,1,1583663
D#1702662,XAUUSD,100,7349874591906954206,7349874591887115572,7349874591974108961,7349874591974108472,101,2026-04-17T14:52:06.000Z,2026-04-17T14:53:47.000Z,-30.4,29.84,-33.2,-2.8,0,0.08,4875.32,4871.3,,,BUY,USD,1,1,1583663
D#1671090,XAUUSD,100,7349874591906954249,7349874591887115653,7349874591974109104,7349874591974108977,25,2026-04-17T14:53:51.000Z,2026-04-17T14:54:16.000Z,53.5,-57.0,36,-17.5,0,0.5,4871.88,4872.73,,,BUY,USD,1,1,1583663
D#1702387,XAUUSD,100,7349874591906954305,7349874591887115620,7349874591974109260,7349874591974108797,98,2026-04-17T14:53:12.000Z,2026-04-17T14:54:50.000Z,47.44,-48.0,44.64,-2.8,0,0.08,4870.62,4876.33,,,BUY,USD,1,1,1583663
D#1702662,XAUUSD,100,7349874591906954318,7349874591887115661,7349874591974109300,7349874591974109014,56,2026-04-17T14:54:01.000Z,2026-04-17T14:54:57.000Z,92,-93.4,85,-7,0,0.2,4872.09,4876.47,,,BUY,USD,1,1,1583663
D#1670945,XAUUSD,100,7349874591906954405,7349874591887115397,7349874591974109505,7349874591974106334,441,2026-04-17T14:48:20.000Z,2026-04-17T14:55:41.000Z,21.5,-22.2,18,-3.5,0,0.1,4878.78,4876.85,4878.54,4866.9,SELL,USD,1,1,1583663
D#1671090,XAUUSD,100,7349874591906954456,7349874591887115693,7349874591974109619,7349874591974109233,76,2026-04-17T14:54:45.000Z,2026-04-17T14:56:01.000Z,-172.5,169.0,-190,-17.5,0,0.5,4876.73,4873.06,,,BUY,USD,1,1,1583663
D#1702387,XAUUSD,100,7349874591906954462,7349874591887115748,7349874591974109627,7349874591974109539,15,2026-04-17T14:55:48.000Z,2026-04-17T14:56:03.000Z,17.2,-17.76,14.4,-2.8,0,0.08,4875.35,4873.42,,,SELL,USD,1,1,1583663
D#1702387,XAUUSD,100,7349874591906954685,7349874591887115853,7349874591974110661,7349874591974110461,56,2026-04-17T14:58:24.000Z,2026-04-17T14:59:20.000Z,20.8,-21.36,18,-2.8,0,0.08,4877.44,4875.06,,,SELL,USD,1,1,1583663
D#1671090,XAUUSD,100,7349874591906954763,7349874591887115809,7349874591974110899,7349874591974109953,174,2026-04-17T14:57:16.000Z,2026-04-17T15:00:10.000Z,-86.2,84.8,-93.2,-7,0,0.2,4875.6,4871.07,,,BUY,USD,1,1,1583663
D#1702355,XAUUSD,100,7349874591906954774,7349874591887115744,7349874591974110926,7349874591974109520,270,2026-04-17T14:55:45.000Z,2026-04-17T15:00:15.000Z,107.73,-109.2,100.37,-7.36,0,0.21,4876.37,4871.46,,,SELL,USD,1,1,1583663
D#1702662,XAUUSD,100,7349874591906954780,7349874591887115746,7349874591974110957,7349874591974109522,276,2026-04-17T14:55:45.000Z,2026-04-17T15:00:21.000Z,-202.8,200.0,-216.8,-14,0,0.4,4876.47,4871.18,,,BUY,USD,1,1,1583663
D#1702738,XAUUSD,100,7349874591906954781,7349874591887115805,7349874591974110959,7349874591974109921,192,2026-04-17T14:57:10.000Z,2026-04-17T15:00:22.000Z,-38.4,37.84,-41.2,-2.8,0,0.08,4875.81,4870.79,4869.05,4888.06,BUY,USD,1,1,1583663
D#1614593,XAUUSD,100,7349874591906954875,7349874591887112275,7349874591974111148,7349874591974085986,4156,2026-04-17T13:51:33.000Z,2026-04-17T15:00:49.000Z,-23.4,22.7,-26.9,-3.5,0,0.1,4865.87,4868.43,4892.34,4863.76,SELL,USD,1,1,1583663
D#1671094,XAUUSD,100,7349874591906954993,7349874591887115785,7349874591974111647,7349874591974109796,345,2026-04-17T14:56:39.000Z,2026-04-17T15:02:24.000Z,25.4,-26.1,21.9,-3.5,0,0.1,4874.3,4871.98,4883.67,4856.49,SELL,USD,1,1,1583663
D#1702387,XAUUSD,100,7349874591906955018,7349874591887115974,7349874591974111751,7349874591974111328,77,2026-04-17T15:01:24.000Z,2026-04-17T15:02:41.000Z,28.88,-29.44,26.08,-2.8,0,0.08,4869.27,4872.66,,,BUY,USD,1,1,1583663
D#1702701,XAUUSD,100,7349874591906955122,7349874591887116055,7349874591974112081,7349874591974111940,35,2026-04-17T15:03:16.000Z,2026-04-17T15:03:51.000Z,106.2,-107.6,99.2,-7,0,0.2,4873.2,4868.11,4877.92,4868.33,SELL,USD,1,1,1583663
D#1670982,XAUUSD,100,7349874591906955164,7349874591887115964,7349874591974111549,7349874591974111258,169,2026-04-17T15:01:10.000Z,2026-04-17T15:03:59.000Z,-31,30.3,-34.5,-3.5,0,0.1,4870.16,4866.84,4867.09,,BUY,USD,1,1,1583663
D#1702426,XAUUSD,100,7349874591906955195,7349874591887115308,7349874591974106669,7349874591974106447,1091,2026-04-17T14:45:53.000Z,2026-04-17T15:04:04.000Z,127.9,-128.6,124.4,-3.5,0,0.1,4876.33,4863.76,4881.45,4864.44,SELL,USD,1,1,1583663
D#1671082,XAUUSD,100,7349874591906955211,7349874591887115674,7349874591974110221,7349874591974109088,594,2026-04-17T14:54:11.000Z,2026-04-17T15:04:05.000Z,89.7,-90.4,86.2,-3.5,0,0.1,4872.17,4863.42,,4863.25,SELL,USD,1,1,1583663
D#1702362,XAUUSD,100,7349874591906955269,7349874591887115955,7349874591974112546,7349874591974111226,197,2026-04-17T15:01:03.000Z,2026-04-17T15:04:20.000Z,-6.8,6.1,-10.3,-3.5,0,0.1,4868.97,4869.87,,4862.24,SELL,USD,1,1,1583663
D#1702387,XAUUSD,100,7349874591906955282,7349874591887116131,7349874591974112631,7349874591974112516,19,2026-04-17T15:04:16.000Z,2026-04-17T15:04:35.000Z,3.12,-3.68,0.32,-2.8,0,0.08,4869.14,4868.97,,,SELL,USD,1,1,1583663
D#1702701,XAUUSD,100,7349874591906955371,7349874591887116157,7349874591974113034,7349874591974112691,88,2026-04-17T15:04:47.000Z,2026-04-17T15:06:15.000Z,97.4,-98.8,90.4,-7,0,0.2,4869.7,4874.35,4864.84,4874.42,BUY,USD,1,1,1583663
D#1702567,XAUUSD,100,7349874591906955381,7349874591887115948,7349874591974113100,7349874591974111155,329,2026-04-17T15:00:51.000Z,2026-04-17T15:06:20.000Z,-128,126.6,-135,-7,0,0.2,4867.61,4874.23,,4861.61,SELL,USD,1,1,1583663
D#1702387,XAUUSD,100,7349874591906955380,7349874591887116195,7349874591974113094,7349874591974113023,14,2026-04-17T15:06:06.000Z,2026-04-17T15:06:20.000Z,45.04,-45.6,42.24,-2.8,0,0.08,4868.3,4873.71,,,BUY,USD,1,1,1583663
D#1670945,XAUUSD,100,7349874591906955466,7349874591887116109,7349874591974112344,7349874591974111712,204,2026-04-17T15:04:03.000Z,2026-04-17T15:07:27.000Z,120.1,-120.8,116.6,-3.5,0,0.1,4865.02,4876.81,4865.26,4876.87,BUY,USD,1,1,1583663
D#1702387,XAUUSD,100,7349874591906955567,7349874591887116281,7349874591974113747,7349874591974113626,23,2026-04-17T15:08:08.000Z,2026-04-17T15:08:31.000Z,11.28,-11.84,8.48,-2.8,0,0.08,4874.61,4873.42,,,SELL,USD,1,1,1583663
D#1702567,XAUUSD,100,7349874591906955589,7349874591887116229,7349874591974113834,7349874591974113293,110,2026-04-17T15:07:00.000Z,2026-04-17T15:08:50.000Z,-53.4,52.0,-60.4,-7,0,0.2,4875.69,4872.8,,,BUY,USD,1,1,1583663
D#1702347,XAUUSD,100,7349874591906955603,7349874591887111072,7349874591974113916,7349874591974077941,5487,2026-04-17T13:37:40.000Z,2026-04-17T15:09:07.000Z,51.42,-51.84,49.32,-2.1,0,0.06,4863.59,4871.94,,,BUY,USD,1,1,1583663
D#1702387,XAUUSD,100,7349874591906955609,7349874591887116311,7349874591974113958,7349874591974113852,24,2026-04-17T15:08:53.000Z,2026-04-17T15:09:17.000Z,4.48,-5.04,1.68,-2.8,0,0.08,4872.27,4871.93,,,SELL,USD,1,1,1583663
D#1702387,XAUUSD,100,7349874591906955643,7349874591887116329,7349874591974114128,7349874591974114009,25,2026-04-17T15:09:34.000Z,2026-04-17T15:09:59.000Z,4.4,-4.96,1.6,-2.8,0,0.08,4872.49,4872.82,,,BUY,USD,1,1,1583663
D#1702701,XAUUSD,100,7349874591906955715,7349874591887116284,7349874591974113845,7349874591974113640,168,2026-04-17T15:08:11.000Z,2026-04-17T15:10:59.000Z,97,-98.4,90,-7,0,0.2,4874.19,4869.56,4880.62,4869.3,SELL,USD,1,1,1583663
D#1670969,XAUUSD,100,7349874591906955787,7349874591887114726,7349874591974114649,7349874591974102469,2320,2026-04-17T14:33:06.000Z,2026-04-17T15:11:46.000Z,66.45,-67.5,61.19,-5.26,0,0.15,4873.22,4869.01,,,SELL,USD,1,1,1583663
D#1702440,XAUUSD,100,7349874591906956048,7349874591887116364,7349874591974115723,7349874591974114312,317,2026-04-17T15:10:44.000Z,2026-04-17T15:16:01.000Z,-177.3,175.2,-187.8,-10.5,0,0.3,4871.99,4865.86,,4910.31,BUY,USD,1,1,1583663
D#1702439,XAUUSD,100,7349874591906956056,7349874591887116466,7349874591974115765,7349874591974115004,183,2026-04-17T15:13:06.000Z,2026-04-17T15:16:09.000Z,120,-123.5,102.5,-17.5,0,0.5,4868.89,4866.71,,,SELL,USD,1,1,1583663
D#1702701,XAUUSD,100,7349874591906956070,7349874591887116574,7349874591974115792,7349874591974115783,3,2026-04-17T15:16:12.000Z,2026-04-17T15:16:15.000Z,-8.6,7.2,-15.6,-7,0,0.2,4864.75,4865.4,,,SELL,USD,1,1,1583663
D#1702387,XAUUSD,100,7349874591906956148,7349874591887116360,7349874591974116077,7349874591974114294,395,2026-04-17T15:10:41.000Z,2026-04-17T15:17:16.000Z,-14.08,13.52,-16.88,-2.8,0,0.08,4872.72,4870.74,,,BUY,USD,1,1,1583663
D#1670945,XAUUSD,100,7349874591906956379,7349874591887116601,7349874591974116032,7349874591974114906,151,2026-04-17T15:17:07.000Z,2026-04-17T15:19:38.000Z,72.4,-73.1,68.9,-3.5,0,0.1,4871.27,4864.25,4871.03,4864.25,SELL,USD,1,1,1583663
D#1702701,XAUUSD,100,7349874591906956644,7349874591887116694,7349874591974116686,7349874591974116591,250,2026-04-17T15:19:14.000Z,2026-04-17T15:23:24.000Z,133.2,-134.6,126.2,-7,0,0.2,4865.75,4872.19,4861.94,4870.59,BUY,USD,1,1,1583663
D#1702439,XAUUSD,100,7349874591906956649,7349874591887116750,7349874591974117685,7349874591974116934,176,2026-04-17T15:20:28.000Z,2026-04-17T15:23:24.000Z,-407,403.5,-424.5,-17.5,0,0.5,4864.7,4873.06,,,SELL,USD,1,1,1583663
D#1702387,XAUUSD,100,7349874591906956661,7349874591887116663,7349874591974117720,7349874591974116443,282,2026-04-17T15:18:49.000Z,2026-04-17T15:23:31.000Z,16.8,-17.36,14,-2.8,0,0.08,4870.47,4872.35,,,BUY,USD,1,1,1583663
D#1702387,XAUUSD,100,7349874591906956711,7349874591887116886,7349874591974118003,7349874591974117895,31,2026-04-17T15:24:18.000Z,2026-04-17T15:24:49.000Z,6.16,-6.72,3.36,-2.8,0,0.08,4870.65,4870.1,,,SELL,USD,1,1,1583663
D#1702387,XAUUSD,100,7349874591906956746,7349874591887116911,7349874591974118155,7349874591974118094,17,2026-04-17T15:25:11.000Z,2026-04-17T15:25:28.000Z,8.88,-9.44,6.08,-2.8,0,0.08,4870.37,4869.48,,,SELL,USD,1,1,1583663
D#1702701,XAUUSD,100,7349874591906956783,7349874591887116891,7349874591974118285,7349874591974117933,98,2026-04-17T15:24:24.000Z,2026-04-17T15:26:02.000Z,73.2,-74.6,66.2,-7,0,0.2,4870.34,4866.9,4877.27,4865.71,SELL,USD,1,1,1583663
D#1702737,XAUUSD,100,7349874591906956790,7349874591887116919,7349874591974118316,7349874591974118187,26,2026-04-17T15:25:40.000Z,2026-04-17T15:26:06.000Z,7.5,-8.2,4,-3.5,0,0.1,4868.39,4867.86,,,SELL,USD,1,1,1583663
D#1671094,XAUUSD,100,7349874591906957256,7349874591887116178,7349874591974119970,7349874591974112889,1612,2026-04-17T15:05:33.000Z,2026-04-17T15:32:25.000Z,6.3,-7.35,1.04,-5.26,0,0.15,4869.99,4869.79,4881.44,4861.05,SELL,USD,1,1,1583663
D#1702583,XAUUSD,100,7349874591906957891,7349874591887117475,7349874591974122313,7349874591974122117,35,2026-04-17T15:42:03.000Z,2026-04-17T15:42:38.000Z,2.25,-2.32,1.89,-0.36,0,0.01,4867.02,4864.99,,,SELL,USD,1,1,1583663
D#1670982,XAUUSD,100,7349874591906957896,7349874591887116137,7349874591974112774,7349874591974112545,2299,2026-04-17T15:04:20.000Z,2026-04-17T15:42:39.000Z,-53.3,52.6,-56.8,-3.5,0,0.1,4869.87,4864.32,4864.69,4890.46,BUY,USD,1,1,1583663
D#1702717,XAUUSD,100,7349874591906958046,7349874591887113957,7349874591974097742,7349874591974097389,5155,2026-04-17T14:17:54.000Z,2026-04-17T15:43:49.000Z,107.1,-107.8,103.6,-3.5,0,0.1,4870.71,4860.22,,4860.27,SELL,USD,1,1,1583663
D#1702542,XAUUSD,100,7349874591906958057,7349874591887110468,7349874591974074658,7349874591974074520,7965,2026-04-17T13:31:05.000Z,2026-04-17T15:43:50.000Z,29.2,-29.55,27.44,-1.76,0,0.05,4853.91,4859.53,4859.78,4900.46,BUY,USD,1,1,1583663
D#1702583,XAUUSD,100,7349874591906958112,7349874591887117540,7349874591974122720,7349874591974122654,11,2026-04-17T15:44:02.000Z,2026-04-17T15:44:13.000Z,-42.8,40.0,-56.8,-14,0,0.4,4859.42,4858.13,,,BUY,USD,1,1,1583663
D#1702399,XAUUSD,100,7349874591906958300,7349874591887108732,7349874591974123423,7349874591974063693,9762,2026-04-17T13:03:54.000Z,2026-04-17T15:46:36.000Z,51.9,-52.11,50.84,-1.06,0,0.03,4842,4859.08,4842.24,,BUY,USD,1,1,1583663
D#1702384,XAUUSD,100,7349874591906958349,7349874591887108678,7349874591974123729,7349874591974063389,9891,2026-04-17T13:02:58.000Z,2026-04-17T15:47:49.000Z,59.97,-60.18,58.91,-1.06,0,0.03,4839.66,4859.43,,,BUY,USD,1,1,1583663
D#1702717,XAUUSD,100,7349874591906958496,7349874591887117715,7349874591974124139,7349874591974123835,85,2026-04-17T15:48:13.000Z,2026-04-17T15:49:38.000Z,32.3,-33.0,28.8,-3.5,0,0.1,4861.2,4864.21,,4863.95,BUY,USD,1,1,1583663
D#1702613,XAUUSD,100,7349874591906958658,7349874591887116495,7349874591974124628,7349874591974115204,2247,2026-04-17T15:13:55.000Z,2026-04-17T15:51:22.000Z,19.12,-19.68,16.32,-2.8,0,0.08,4869.41,4867.24,4878.97,4854.06,SELL,USD,1,1,1583663
D#1671094,XAUUSD,100,7349874591906958677,7349874591887117591,7349874591974124682,7349874591974123005,389,2026-04-17T15:45:04.000Z,2026-04-17T15:51:33.000Z,128.85,-129.9,123.59,-5.26,0,0.15,4859.32,4867.69,4861.39,4871.83,BUY,USD,1,1,1583663
D#1702367,XAUUSD,100,7349874591906958717,7349874591887115991,7349874591974111425,7349874591974111424,3038,2026-04-17T15:01:40.000Z,2026-04-17T15:52:18.000Z,-0.8,0.45,-2.56,-1.76,0,0.05,4868.88,4869.26,4868.63,4846.13,SELL,USD,1,1,1583663
D#1670982,XAUUSD,100,7349874591906958839,7349874591887117624,7349874591974125374,7349874591974123225,558,2026-04-17T15:45:50.000Z,2026-04-17T15:55:08.000Z,193.4,-194.8,186.4,-7,0,0.2,4861.06,4870.51,4855.01,,BUY,USD,1,1,1583663
D#1702613,XAUUSD,100,7349874591906959019,7349874591887117835,7349874591974126050,7349874591974124649,430,2026-04-17T15:51:25.000Z,2026-04-17T15:58:35.000Z,-1.28,0.72,-4.08,-2.8,0,0.08,4868.12,4867.74,,,BUY,USD,1,1,1583663
D#1702717,XAUUSD,100,7349874591906959169,7349874591887117991,7349874591974126504,7349874591974125860,168,2026-04-17T15:57:32.000Z,2026-04-17T16:00:20.000Z,45.7,-46.4,42.2,-3.5,0,0.1,4870.78,4866.43,,4864.86,SELL,USD,1,1,1583663
D#1614593,XAUUSD,100,7349874591906959174,7349874591887117891,7349874591974125016,7349874591974125008,436,2026-04-17T15:53:13.000Z,2026-04-17T16:00:29.000Z,25.5,-26.2,22,-3.5,0,0.1,4868.01,4865.68,4875.21,4865.45,SELL,USD,1,1,1583663
D#1702618,XAUUSD,100,7349874591906959266,7349874591887112437,7349874591974126788,7349874591974086956,7685,2026-04-17T13:53:28.000Z,2026-04-17T16:01:33.000Z,2.36,-2.43,2,-0.36,0,0.01,4870.94,4868.8,,,SELL,USD,1,1,1583663
D#1702613,XAUUSD,100,7349874591906959277,7349874591887118022,7349874591974126816,7349874591974126065,182,2026-04-17T15:58:37.000Z,2026-04-17T16:01:39.000Z,-6.64,6.08,-9.44,-2.8,0,0.08,4867.75,4868.8,,,SELL,USD,1,1,1583663
D#1702613,XAUUSD,100,7349874591906959419,7349874591887118136,7349874591974127324,7349874591974126832,148,2026-04-17T16:01:41.000Z,2026-04-17T16:04:09.000Z,-8.8,8.24,-11.6,-2.8,0,0.08,4868.88,4867.56,,,BUY,USD,1,1,1583663
D#1671094,XAUUSD,100,7349874591906959511,7349874591887118116,7349874591974127726,7349874591974126695,294,2026-04-17T16:01:09.000Z,2026-04-17T16:06:03.000Z,1.25,-3.0,-7.51,-8.76,0,0.25,4866.36,4866.53,4872.87,4859.61,SELL,USD,1,1,1583663
D#1702613,XAUUSD,100,7349874591906959649,7349874591887118220,7349874591974128174,7349874591974127334,257,2026-04-17T16:04:10.000Z,2026-04-17T16:08:27.000Z,-38.88,38.32,-41.68,-2.8,0,0.08,4867.88,4872.96,,,SELL,USD,1,1,1583663
D#1702342,XAUUSD,100,7349874591906959691,7349874591887097141,7349874591974128336,7349874591973984793,41002,2026-04-17T04:45:49.000Z,2026-04-17T16:09:11.000Z,-72.92,72.85,-73.28,-0.36,0,0.01,4798.74,4871.88,,,SELL,USD,1,1,1583663
D#1702613,XAUUSD,100,7349874591906959716,7349874591887118333,7349874591974128410,7349874591974128187,62,2026-04-17T16:08:28.000Z,2026-04-17T16:09:30.000Z,-8.64,8.08,-11.44,-2.8,0,0.08,4872.5,4871.2,,,BUY,USD,1,1,1583663
D#1702613,XAUUSD,100,7349874591906959729,7349874591887118369,7349874591974128436,7349874591974128413,9,2026-04-17T16:09:32.000Z,2026-04-17T16:09:41.000Z,2.72,-3.28,-0.08,-2.8,0,0.08,4871.17,4871.05,,,SELL,USD,1,1,1583663
D#1702724,XAUUSD,100,7349874591906959911,7349874591887110276,7349874591974129075,7349874591974073494,9849,2026-04-17T13:28:37.000Z,2026-04-17T16:12:46.000Z,-103.6,103.25,-105.36,-1.76,0,0.05,4851.96,4872.9,,4832.13,SELL,USD,1,1,1583663
D#1702724,XAUUSD,100,7349874591906960372,7349874591887118483,7349874591974130970,7349874591974129106,658,2026-04-17T16:12:56.000Z,2026-04-17T16:23:54.000Z,-8.9,8.2,-12.4,-3.5,0,0.1,4872.76,4871.65,,4884.39,BUY,USD,1,1,1583663
D#1671094,XAUUSD,100,7349874591906960426,7349874591887118293,7349874591974131147,7349874591974127893,1096,2026-04-17T16:06:52.000Z,2026-04-17T16:25:08.000Z,-60.76,58.59,-71.62,-10.86,0,0.31,4867.95,4870.13,4873.55,4865.91,SELL,USD,1,1,1583663
D#1671094,XAUUSD,100,7349874591906960805,7349874591887118782,7349874591974132424,7349874591974131304,460,2026-04-17T16:26:09.000Z,2026-04-17T16:33:49.000Z,4.4,-7.2,-9.6,-14,0,0.4,4869.86,4869.75,,,BUY,USD,1,1,1583663
D#1670969,XAUUSD,100,7349874591906960866,7349874591887118953,7349874591974132694,7349874591974132614,32,2026-04-17T16:35:03.000Z,2026-04-17T16:35:35.000Z,5.85,-6.9,0.59,-5.26,0,0.15,4871.64,4871.81,,,BUY,USD,1,1,1583663
D#1670969,XAUUSD,100,7349874591906960891,7349874591887118964,7349874591974132804,7349874591974132711,56,2026-04-17T16:35:46.000Z,2026-04-17T16:36:42.000Z,3.3,-4.35,-1.96,-5.26,0,0.15,4871.5,4871.5,,,BUY,USD,1,1,1583663
D#1670969,XAUUSD,100,7349874591906960902,7349874591887118975,7349874591974132824,7349874591974132809,5,2026-04-17T16:36:47.000Z,2026-04-17T16:36:52.000Z,20.25,-21.3,14.99,-5.26,0,0.15,4871.48,4872.61,,,BUY,USD,1,1,1583663
D#1670969,XAUUSD,100,7349874591906960999,7349874591887119023,7349874591974133164,7349874591974133137,6,2026-04-17T16:39:14.000Z,2026-04-17T16:39:20.000Z,6.16,-9.24,-9.24,-15.4,0,0.44,4872.58,4872.66,,,SELL,USD,1,1,1583663
D#1670969,XAUUSD,100,7349874591906961010,7349874591887119030,7349874591974133192,7349874591974133184,5,2026-04-17T16:39:26.000Z,2026-04-17T16:39:31.000Z,5.28,-8.36,-10.12,-15.4,0,0.44,4872.15,4872.05,,,BUY,USD,1,1,1583663
D#1670969,XAUUSD,100,7349874591906961027,7349874591887119040,7349874591974133293,7349874591974133268,13,2026-04-17T16:40:02.000Z,2026-04-17T16:40:15.000Z,7.92,-11.0,-7.48,-15.4,0,0.44,4871.99,4871.95,,,BUY,USD,1,1,1583663
D#1670969,XAUUSD,100,7349874591906961071,7349874591887119060,7349874591974133404,7349874591974133385,8,2026-04-17T16:40:59.000Z,2026-04-17T16:41:07.000Z,54.56,-57.64,39.16,-15.4,0,0.44,4872.16,4871.14,,,SELL,USD,1,1,1583663
D#1702405,XAUUSD,100,7349874591906961261,7349874591887119138,7349874591974134037,7349874591974133955,38,2026-04-17T16:45:28.000Z,2026-04-17T16:46:06.000Z,10,-13.5,-7.5,-17.5,0,0.5,4868.47,4868.49,,,SELL,USD,1,1,1583663
D#1702410,XAUUSD,100,7349874591906961304,7349874591887116616,7349874591974131764,7349874591974116104,5390,2026-04-17T15:17:24.000Z,2026-04-17T16:47:14.000Z,-36.99,36.36,-40.15,-3.16,0,0.09,4871.05,4866.72,4867.06,4880.95,BUY,USD,1,1,1583663
D#1670962,XAUUSD,100,7349874591906961350,7349874591887119181,7349874591974134375,7349874591974134283,52,2026-04-17T16:48:02.000Z,2026-04-17T16:48:54.000Z,84,-87.5,66.5,-17.5,0,0.5,4866.73,4868.19,,,BUY,USD,1,1,1583663
D#1670982,XAUUSD,100,7349874591906961361,7349874591887118348,7349874591974128408,7349874591974128280,2440,2026-04-17T16:08:53.000Z,2026-04-17T16:49:33.000Z,-37.25,36.9,-39.01,-1.76,0,0.05,4873.2,4865.53,4865.72,,BUY,USD,1,1,1583663
D#1702542,XAUUSD,100,7349874591906961965,7349874591887117777,7349874591974136777,7349874591974124225,4646,2026-04-17T15:49:57.000Z,2026-04-17T17:07:23.000Z,12.45,-12.8,10.69,-1.76,0,0.05,4863.91,4866.18,4865.03,4909.43,BUY,USD,1,1,1583663
D#1589407,XAUUSD,100,7349874591906962026,7349874591887119397,7349874591974136930,7349874591974135842,480,2026-04-17T17:00:27.000Z,2026-04-17T17:08:27.000Z,247.2,-250.0,233.2,-14,0,0.4,4869.29,4863.33,,,SELL,USD,1,1,1583663
D#1702426,XAUUSD,100,7349874591906962158,7349874591887118262,7349874591974127702,7349874591974127644,3795,2026-04-17T16:05:37.000Z,2026-04-17T17:08:52.000Z,-48.2,47.5,-51.7,-3.5,0,0.1,4866.36,4861.32,4861.1,4878.25,BUY,USD,1,1,1583663
D#1702724,XAUUSD,100,7349874591906962222,7349874591887118725,7349874591974131035,7349874591974130982,2695,2026-04-17T16:24:00.000Z,2026-04-17T17:08:55.000Z,119.6,-120.3,116.1,-3.5,0,0.1,4871.39,4859.65,,4859.77,SELL,USD,1,1,1583663
D#1614593,XAUUSD,100,7349874591906962229,7349874591887118311,7349874591974128041,7349874591974127978,3672,2026-04-17T16:07:44.000Z,2026-04-17T17:08:56.000Z,112.5,-113.2,109,-3.5,0,0.1,4869.85,4858.82,4869.78,4859.47,SELL,USD,1,1,1583663
D#1702408,XAUUSD,100,7349874591906962233,7349874591887118789,7349874591974135394,7349874591974131335,2550,2026-04-17T16:26:26.000Z,2026-04-17T17:08:56.000Z,448.4,-451.2,434.4,-14,0,0.4,4869.75,4858.76,,4858.89,SELL,USD,1,1,1583663
D#1670969,XAUUSD,100,7349874591906962278,7349874591887119070,7349874591974137180,7349874591974133455,1663,2026-04-17T16:41:27.000Z,2026-04-17T17:09:10.000Z,-444.4,441.32,-459.8,-15.4,0,0.44,4870.28,4859.96,,,BUY,USD,1,1,1583663
D#1702410,XAUUSD,100,7349874591906962281,7349874591887119246,7349874591974137189,7349874591974134836,1000,2026-04-17T16:52:32.000Z,2026-04-17T17:09:12.000Z,72.9,-73.95,67.64,-5.26,0,0.15,4865.9,4861.26,4861.98,4857.3,SELL,USD,1,1,1583663
D#1670982,XAUUSD,100,7349874591906962320,7349874591887119568,7349874591974137380,7349874591974137144,61,2026-04-17T17:09:03.000Z,2026-04-17T17:10:04.000Z,0.15,-0.5,-1.61,-1.76,0,0.05,4861.07,4860.88,4855.06,,BUY,USD,1,1,1583663
D#1671094,XAUUSD,100,7349874591906963062,7349874591887119763,7349874591974138902,7349874591974138834,431,2026-04-17T17:17:15.000Z,2026-04-17T17:24:26.000Z,-228.62,225.4,-244.72,-16.1,0,0.46,4864.4,4859.21,4859.57,4872.83,BUY,USD,1,1,1583663
D#1702728,XAUUSD,100,7349874591906963120,7349874591887119446,7349874591974136379,7349874591974136284,1264,2026-04-17T17:03:26.000Z,2026-04-17T17:24:30.000Z,55.65,-56.0,53.89,-1.76,0,0.05,4867.74,4856.83,4879.76,4857.13,SELL,USD,1,1,1583663
D#1670982,XAUUSD,100,7349874591906963094,7349874591887119594,7349874591974137456,7349874591974137408,862,2026-04-17T17:10:08.000Z,2026-04-17T17:24:30.000Z,-39.5,38.8,-43,-3.5,0,0.1,4861.4,4857.23,4857.88,4874.05,BUY,USD,1,1,1583663
D#1702496,XAUUSD,100,7349874591906963320,7349874591887114279,7349874591974140717,7349874591974099434,10945,2026-04-17T14:23:30.000Z,2026-04-17T17:25:55.000Z,121.52,-122.01,119.06,-2.46,0,0.07,4873.78,4856.64,4887.08,4808.56,SELL,USD,1,1,1583663
D#1702648,XAUUSD,100,7349874591906963571,7349874591887120158,7349874591974141789,7349874591974141670,26,2026-04-17T17:30:06.000Z,2026-04-17T17:30:32.000Z,82.5,-86.0,65,-17.5,0,0.5,4859.06,4857.63,,,SELL,USD,1,1,1583663
D#1670982,XAUUSD,100,7349874591906963678,7349874591887120083,7349874591974142145,7349874591974141106,330,2026-04-17T17:27:22.000Z,2026-04-17T17:32:52.000Z,-61.6,60.2,-68.6,-7,0,0.2,4857.23,4860.53,4860.42,4854.02,SELL,USD,1,1,1583663
D#1614593,XAUUSD,100,7349874591906963716,7349874591887120244,7349874591974142369,7349874591974142368,40,2026-04-17T17:33:22.000Z,2026-04-17T17:34:02.000Z,-20.9,20.2,-24.4,-3.5,0,0.1,4859.91,4862.22,4862.01,4855.74,SELL,USD,1,1,1583663
D#1702648,XAUUSD,100,7349874591906963747,7349874591887120214,7349874591974142597,7349874591974142043,182,2026-04-17T17:31:33.000Z,2026-04-17T17:34:35.000Z,139,-142.5,121.5,-17.5,0,0.5,4859.72,4862.28,,,BUY,USD,1,1,1583663
D#1614593,XAUUSD,100,7349874591906963787,7349874591887120277,7349874591974142797,7349874591974142610,50,2026-04-17T17:34:38.000Z,2026-04-17T17:35:28.000Z,12.2,-12.9,8.7,-3.5,0,0.1,4862.23,4861.23,4864.64,4856.25,SELL,USD,1,1,1583663
D#1702648,XAUUSD,100,7349874591906963820,7349874591887120317,7349874591974142932,7349874591974142920,8,2026-04-17T17:36:14.000Z,2026-04-17T17:36:22.000Z,-8,4.5,-25.5,-17.5,0,0.5,4860.57,4860.19,,,BUY,USD,1,1,1583663
D#1614593,XAUUSD,100,7349874591906963857,7349874591887120324,7349874591974143061,7349874591974142989,30,2026-04-17T17:36:42.000Z,2026-04-17T17:37:12.000Z,21.2,-21.9,17.7,-3.5,0,0.1,4859.09,4860.99,4856.78,4862.63,BUY,USD,1,1,1583663
D#1671094,XAUUSD,100,7349874591906963965,7349874591887119998,7349874591974141015,7349874591974140414,863,2026-04-17T17:24:53.000Z,2026-04-17T17:39:16.000Z,45.99,-47.46,38.63,-7.36,0,0.21,4854.87,4856.84,4857.05,4873.67,BUY,USD,1,1,1583663
D#1702648,XAUUSD,100,7349874591906964013,7349874591887120409,7349874591974143626,7349874591974143586,27,2026-04-17T17:40:06.000Z,2026-04-17T17:40:33.000Z,24.5,-28.0,7,-17.5,0,0.5,4858.17,4858.44,,,BUY,USD,1,1,1583663
D#1702586,XAUUSD,100,7349874591906964040,7349874591887119648,7349874591974143770,7349874591974137786,1799,2026-04-17T17:11:49.000Z,2026-04-17T17:41:48.000Z,52.5,-54.6,42,-10.5,0,0.3,4858.3,4856.77,4868.41,4830.48,SELL,USD,1,1,1583663
D#1702367,XAUUSD,100,7349874591906964044,7349874591887118103,7349874591974143773,7349874591974126594,6066,2026-04-17T16:00:43.000Z,2026-04-17T17:41:49.000Z,-37.75,37.4,-39.51,-1.76,0,0.05,4864.63,4856.86,,4883,BUY,USD,1,1,1583663
D#1702586,XAUUSD,100,7349874591906964059,7349874591887120423,7349874591974143810,7349874591974143777,10,2026-04-17T17:41:50.000Z,2026-04-17T17:42:00.000Z,16.2,-18.3,5.7,-10.5,0,0.3,4856.91,4856.59,,,SELL,USD,1,1,1583663
D#1702586,XAUUSD,100,7349874591906964083,7349874591887120432,7349874591974143955,7349874591974143847,60,2026-04-17T17:42:14.000Z,2026-04-17T17:43:14.000Z,35.96,-37.99,25.8,-10.16,0,0.29,4857.06,4856.04,,4830,SELL,USD,1,1,1583663
D#1671094,XAUUSD,100,7349874591906964100,7349874591887120416,7349874591974144052,7349874591974143660,199,2026-04-17T17:40:52.000Z,2026-04-17T17:44:11.000Z,-66.44,63.36,-81.84,-15.4,0,0.44,4857,4855.27,,,BUY,USD,1,1,1583663
D#1702586,XAUUSD,100,7349874591906964115,7349874591887120441,7349874591974144092,7349874591974143957,75,2026-04-17T17:43:16.000Z,2026-04-17T17:44:31.000Z,36.4,-38.36,26.6,-9.8,0,0.28,4855.77,4854.69,,,SELL,USD,1,1,1583663
D#1702647,XAUUSD,100,7349874591906964132,7349874591887120435,7349874591974144176,7349874591974143920,125,2026-04-17T17:42:56.000Z,2026-04-17T17:45:01.000Z,-43.2,41.8,-50.2,-7,0,0.2,4857.39,4855.01,,,BUY,USD,1,1,1583663
D#1702648,XAUUSD,100,7349874591906964133,7349874591887120448,7349874591974144178,7349874591974144041,54,2026-04-17T17:44:08.000Z,2026-04-17T17:45:02.000Z,30,-33.5,12.5,-17.5,0,0.5,4855.52,4855.14,,,SELL,USD,1,1,1583663
D#1702648,XAUUSD,100,7349874591906964170,7349874591887120464,7349874591974144321,7349874591974144212,42,2026-04-17T17:45:14.000Z,2026-04-17T17:45:56.000Z,34.5,-38.0,17,-17.5,0,0.5,4856.08,4856.55,,,BUY,USD,1,1,1583663
D#1702648,XAUUSD,100,7349874591906964279,7349874591887120507,7349874591974144876,7349874591974144743,44,2026-04-17T17:47:18.000Z,2026-04-17T17:48:02.000Z,36,-39.5,18.5,-17.5,0,0.5,4859.2,4859.7,,,BUY,USD,1,1,1583663
D#1614593,XAUUSD,100,7349874591906964290,7349874591887120465,7349874591974144218,7349874591974144217,190,2026-04-17T17:45:17.000Z,2026-04-17T17:48:27.000Z,-37,36.3,-40.5,-3.5,0,0.1,4856.18,4860.1,4860.02,4850.4,SELL,USD,1,1,1583663
D#1702648,XAUUSD,100,7349874591906964422,7349874591887120571,7349874591974145339,7349874591974145146,97,2026-04-17T17:50:03.000Z,2026-04-17T17:51:40.000Z,-74,70.5,-91.5,-17.5,0,0.5,4860.16,4861.86,,,SELL,USD,1,1,1583663
D#1614593,XAUUSD,100,7349874591906964662,7349874591887120668,7349874591974145968,7349874591974145967,144,2026-04-17T17:57:36.000Z,2026-04-17T18:00:00.000Z,-3.8,3.1,-7.3,-3.5,0,0.1,4862.88,4863.48,4862.87,4854.23,SELL,USD,1,1,1583663
D#1702648,XAUUSD,100,7349874591906964681,7349874591887120615,7349874591974146322,7349874591974145495,449,2026-04-17T17:52:41.000Z,2026-04-17T18:00:10.000Z,-109,105.5,-126.5,-17.5,0,0.5,4861.4,4863.8,,,SELL,USD,1,1,1583663
D#1702426,XAUUSD,100,7349874591906964730,7349874591887120224,7349874591974144061,7349874591974142136,1777,2026-04-17T17:32:01.000Z,2026-04-17T18:01:38.000Z,-50.7,50.0,-54.2,-3.5,0,0.1,4858.86,4864.15,4864.03,4847.27,SELL,USD,1,1,1583663
D#1702648,XAUUSD,100,7349874591906964735,7349874591887120727,7349874591974146522,7349874591974146431,42,2026-04-17T18:01:03.000Z,2026-04-17T18:01:45.000Z,-78,74.5,-95.5,-17.5,0,0.5,4862.63,4864.41,,,SELL,USD,1,1,1583663
D#1702648,XAUUSD,100,7349874591906964799,7349874591887120747,7349874591974146770,7349874591974146569,88,2026-04-17T18:02:10.000Z,2026-04-17T18:03:38.000Z,-37.5,34.0,-55,-17.5,0,0.5,4864.01,4863.04,,4873.57,BUY,USD,1,1,1583663
D#1614593,XAUUSD,100,7349874591906964871,7349874591887120754,7349874591974147054,7349874591974146639,162,2026-04-17T18:02:50.000Z,2026-04-17T18:05:32.000Z,-11.4,10.7,-14.9,-3.5,0,0.1,4863.81,4862.45,4859.43,4871.06,BUY,USD,1,1,1583663
D#1702648,XAUUSD,100,7349874591906964934,7349874591887120777,7349874591974147260,7349874591974146845,157,2026-04-17T18:04:03.000Z,2026-04-17T18:06:40.000Z,-144,140.64,-160.8,-16.8,0,0.48,4862.48,4865.7,,,SELL,USD,1,1,1583663
D#1614593,XAUUSD,100,7349874591906964928,7349874591887120814,7349874591974147113,7349874591974147111,46,2026-04-17T18:05:54.000Z,2026-04-17T18:06:40.000Z,-24.8,24.1,-28.3,-3.5,0,0.1,4863.01,4865.71,4865.54,4851.98,SELL,USD,1,1,1583663
D#1702649,XAUUSD,100,7349874591906964945,7349874591887119319,7349874591974142950,7349874591974135351,4235,2026-04-17T16:56:07.000Z,2026-04-17T18:06:42.000Z,0.34,-0.41,-0.02,-0.36,0,0.01,4865.96,4865.84,4865.71,4813.69,SELL,USD,1,1,1583663
D#1702367,XAUUSD,100,7349874591906964965,7349874591887120429,7349874591974147305,7349874591974143834,1481,2026-04-17T17:42:11.000Z,2026-04-17T18:06:52.000Z,-158.2,156.8,-165.2,-7,0,0.2,4857.63,4865.76,4876,4851,SELL,USD,1,1,1583663
D#1702586,XAUUSD,100,7349874591906964966,7349874591887120454,7349874591974147306,7349874591974144097,1338,2026-04-17T17:44:35.000Z,2026-04-17T18:06:53.000Z,-315.81,313.78,-325.97,-10.16,0,0.29,4854.63,4865.74,,4830,SELL,USD,1,1,1583663
D#1614593,XAUUSD,100,7349874591906965497,7349874591887120867,7349874591974147450,7349874591974147449,963,2026-04-17T18:07:39.000Z,2026-04-17T18:23:42.000Z,1.7,-2.4,-1.8,-3.5,0,0.1,4865.14,4865.19,4864.95,4853.13,SELL,USD,1,1,1583663
D#1702426,XAUUSD,100,7349874591906965589,7349874591887120804,7349874591974147099,7349874591974147051,1182,2026-04-17T18:05:30.000Z,2026-04-17T18:25:12.000Z,-52.2,51.5,-55.7,-3.5,0,0.1,4862.49,4867.93,4867.63,4850.6,SELL,USD,1,1,1583663
D#1614593,XAUUSD,100,7349874591906965818,7349874591887121139,7349874591974149850,7349874591974149849,249,2026-04-17T18:25:51.000Z,2026-04-17T18:30:00.000Z,-59.2,58.5,-62.7,-3.5,0,0.1,4866.85,4860.71,4860.78,4873.7,BUY,USD,1,1,1583663
D#1702642,XAUUSD,100,7349874591906965888,7349874591887116187,7349874591974150912,7349874591974112953,12363,2026-04-17T15:05:49.000Z,2026-04-17T18:31:52.000Z,-56.2,55.5,-59.7,-3.5,0,0.1,4869.5,4863.66,4850,5100,BUY,USD,1,1,1583663
D#1614593,XAUUSD,100,7349874591906966048,7349874591887121274,7349874591974151521,7349874591974150860,315,2026-04-17T18:31:35.000Z,2026-04-17T18:36:50.000Z,-20,19.3,-23.5,-3.5,0,0.1,4862.66,4864.88,4870.04,4854,SELL,USD,1,1,1583663
D#1614593,XAUUSD,100,7349874591906966401,7349874591887121360,7349874591974151567,7349874591974151566,801,2026-04-17T18:37:17.000Z,2026-04-17T18:50:38.000Z,-49.2,48.5,-52.7,-3.5,0,0.1,4864.77,4859.63,4859.78,4875.82,BUY,USD,1,1,1583663
D#1702426,XAUUSD,100,7349874591906966406,7349874591887121281,7349874591974150966,7349874591974150927,1119,2026-04-17T18:32:05.000Z,2026-04-17T18:50:44.000Z,-53.1,52.4,-56.6,-3.5,0,0.1,4864.24,4858.71,4859.14,4876.13,BUY,USD,1,1,1583663
D#1671080,XAUUSD,100,7349874591906966559,7349874591887112737,7349874591974153364,7349874591974088636,17716,2026-04-17T13:57:23.000Z,2026-04-17T18:52:39.000Z,-67.53,67.32,-68.59,-1.06,0,0.03,4878.77,4856.04,4844.1,4905.71,BUY,USD,1,1,1583663
D#1589409,XAUUSD,100,7349874591906966586,7349874591887121574,7349874591974153450,7349874591974153429,6,2026-04-17T18:53:03.000Z,2026-04-17T18:53:09.000Z,8.3,-9.0,4.8,-3.5,0,0.1,4857.03,4856.42,,,SELL,USD,1,1,1583663
D#1702642,XAUUSD,100,7349874591906966773,7349874591887121290,7349874591974154097,7349874591974151005,1453,2026-04-17T18:32:46.000Z,2026-04-17T18:56:59.000Z,-61.5,60.8,-65,-3.5,0,0.1,4864.91,4858.54,,,BUY,USD,1,1,1583663
D#1702739,XAUUSD,100,7349874591906966954,7349874591887121659,7349874591974154619,7349874591974153998,260,2026-04-17T18:56:15.000Z,2026-04-17T19:00:35.000Z,14.52,-14.94,12.42,-2.1,0,0.06,4858.24,4856.04,,,SELL,USD,1,1,1583663
D#1702739,XAUUSD,100,7349874591906966986,7349874591887121765,7349874591974154753,7349874591974154748,5,2026-04-17T19:01:42.000Z,2026-04-17T19:01:47.000Z,7.2,-8.6,0.2,-7,0,0.2,4857.8,4857.94,,,BUY,USD,1,1,1583663
D#1702739,XAUUSD,100,7349874591906966994,7349874591887121768,7349874591974154781,7349874591974154762,12,2026-04-17T19:01:51.000Z,2026-04-17T19:02:03.000Z,2.8,-4.2,-4.2,-7,0,0.2,4858.17,4858.09,,,BUY,USD,1,1,1583663
D#1614593,XAUUSD,100,7349874591906967147,7349874591887121737,7349874591974155381,7349874591974154470,487,2026-04-17T18:59:53.000Z,2026-04-17T19:08:00.000Z,26.2,-26.9,22.7,-3.5,0,0.1,4858.79,4856.39,4861.4,4851.68,SELL,USD,1,1,1583663
D#1614593,XAUUSD,100,7349874591906967192,7349874591887121851,7349874591974155595,7349874591974155444,83,2026-04-17T19:09:01.000Z,2026-04-17T19:10:24.000Z,-83.5,80.0,-101,-17.5,0,0.5,4857.09,4855.2,4853.92,4859.93,BUY,USD,1,1,1583663
D#1702739,XAUUSD,100,7349874591906967229,7349874591887121785,7349874591974155681,7349874591974154872,479,2026-04-17T19:03:02.000Z,2026-04-17T19:11:01.000Z,55.4,-56.8,48.4,-7,0,0.2,4857.25,4854.7,,4851.15,SELL,USD,1,1,1583663
D#1702739,XAUUSD,100,7349874591906967267,7349874591887121907,7349874591974155818,7349874591974155802,5,2026-04-17T19:12:06.000Z,2026-04-17T19:12:11.000Z,8.5,-12.0,-9,-17.5,0,0.5,4854.46,4854.51,,,SELL,USD,1,1,1583663
D#1670982,XAUUSD,100,7349874591906967272,7349874591887120238,7349874591974143837,7349874591974142322,5950,2026-04-17T17:33:05.000Z,2026-04-17T19:12:15.000Z,-108.6,107.2,-115.6,-7,0,0.2,4859.64,4853.99,4854.2,4873.73,BUY,USD,1,1,1583663
D#1614593,XAUUSD,100,7349874591906967328,7349874591887121879,7349874591974155640,7349874591974155638,207,2026-04-17T19:10:45.000Z,2026-04-17T19:14:12.000Z,0,-3.5,-17.5,-17.5,0,0.5,4855.68,4855.9,4855.67,4854.35,SELL,USD,1,1,1583663
D#1671080,XAUUSD,100,7349874591906967359,7349874591887121730,7349874591974156046,7349874591974154408,904,2026-04-17T18:59:25.000Z,2026-04-17T19:14:29.000Z,-6.84,6.63,-7.9,-1.06,0,0.03,4859.26,4856.76,,4884.28,BUY,USD,1,1,1583663
D#1614593,XAUUSD,100,7349874591906967573,7349874591887121947,7349874591974156922,7349874591974156114,488,2026-04-17T19:15:04.000Z,2026-04-17T19:23:12.000Z,-112,108.5,-129.5,-17.5,0,0.5,4856.77,4854.31,4853.84,4859.11,BUY,USD,1,1,1583663
D#1614593,XAUUSD,100,7349874591906967617,7349874591887122049,7349874591974157080,7349874591974157010,48,2026-04-17T19:24:13.000Z,2026-04-17T19:25:01.000Z,12.9,-15.0,2.4,-10.5,0,0.3,4854.95,4855.16,4852.69,4859.11,BUY,USD,1,1,1583663
D#1614593,XAUUSD,100,7349874591906967818,7349874591887122064,7349874591974157846,7349874591974157111,516,2026-04-17T19:25:14.000Z,2026-04-17T19:33:50.000Z,62.1,-64.2,51.6,-10.5,0,0.3,4855.58,4857.43,4852.69,4859.11,BUY,USD,1,1,1583663
D#1614593,XAUUSD,100,7349874591906967881,7349874591887122156,7349874591974158130,7349874591974157941,89,2026-04-17T19:34:41.000Z,2026-04-17T19:36:10.000Z,78.5,-82.0,61,-17.5,0,0.5,4858.56,4857.21,4859.91,4855.02,SELL,USD,1,1,1583663
D#1614593,XAUUSD,100,7349874591906967928,7349874591887122196,7349874591974158280,7349874591974158255,13,2026-04-17T19:37:10.000Z,2026-04-17T19:37:23.000Z,39,-42.5,21.5,-17.5,0,0.5,4856.9,4857.46,4853.32,4858.87,BUY,USD,1,1,1583663
D#1702739,XAUUSD,100,7349874591906967947,7349874591887121961,7349874591974158356,7349874591974156210,1323,2026-04-17T19:15:57.000Z,2026-04-17T19:38:00.000Z,104.5,-108.0,87,-17.5,0,0.5,4857.41,4859.28,,,BUY,USD,1,1,1583663
D#1614593,XAUUSD,100,7349874591906968301,7349874591887122301,7349874591974159821,7349874591974159318,271,2026-04-17T19:46:46.000Z,2026-04-17T19:51:17.000Z,-118.5,115.0,-136,-17.5,0,0.5,4859.48,4856.89,4856.64,4862.47,BUY,USD,1,1,1583663
D#1702739,XAUUSD,100,7349874591906968322,7349874591887122368,7349874591974159916,7349874591974159903,8,2026-04-17T19:52:04.000Z,2026-04-17T19:52:12.000Z,26.1,-28.2,15.6,-10.5,0,0.3,4857.45,4856.8,,,SELL,USD,1,1,1583663
D#1614593,XAUUSD,100,7349874591906968352,7349874591887122372,7349874591974160024,7349874591974159947,45,2026-04-17T19:52:35.000Z,2026-04-17T19:53:20.000Z,-58.5,56.4,-69,-10.5,0,0.3,4857.29,4855.12,4853.7,4862.47,BUY,USD,1,1,1583663
D#1671080,XAUUSD,100,7349874591906968416,7349874591887121949,7349874591974156160,7349874591974156159,2391,2026-04-17T19:15:25.000Z,2026-04-17T19:55:16.000Z,-38.6,37.9,-42.1,-3.5,0,0.1,4857.26,4853.18,4853.44,4874.59,BUY,USD,1,1,1583663
D#1702647,XAUUSD,100,7349874591906968690,7349874591887120466,7349874591974161220,7349874591974144230,8219,2026-04-17T17:45:21.000Z,2026-04-17T20:02:20.000Z,-85.2,83.8,-92.2,-7,0,0.2,4856.65,4852.17,,,BUY,USD,1,1,1583663
D#1702426,XAUUSD,100,7349874591906968689,7349874591887121584,7349874591974153564,7349874591974153512,4129,2026-04-17T18:53:31.000Z,2026-04-17T20:02:20.000Z,-49.7,49.0,-53.2,-3.5,0,0.1,4857.36,4852.17,4852.32,4869.25,BUY,USD,1,1,1583663
D#1702599,XAUUSD,100,7349874591906968734,7349874591887111060,7349874591974080927,7349874591974077850,23173,2026-04-17T13:37:24.000Z,2026-04-17T20:03:37.000Z,-68.15,67.8,-69.91,-1.76,0,0.05,4865.11,4851.26,4851.52,4914,BUY,USD,1,1,1583663
D#1702739,XAUUSD,100,7349874591906968737,7349874591887122540,7349874591974161346,7349874591974161314,16,2026-04-17T20:03:22.000Z,2026-04-17T20:03:38.000Z,61,-64.5,43.5,-17.5,0,0.5,4852.48,4851.48,,,SELL,USD,1,1,1583663
D#1702724,XAUUSD,100,7349874591906968834,7349874591887119680,7349874591974161590,7349874591974138099,10342,2026-04-17T17:13:08.000Z,2026-04-17T20:05:30.000Z,112.4,-113.1,108.9,-3.5,0,0.1,4859.58,4848.56,,4848.03,SELL,USD,1,1,1583663
D#1702739,XAUUSD,100,7349874591906968853,7349874591887122562,7349874591974161499,7349874591974161443,87,2026-04-17T20:04:20.000Z,2026-04-17T20:05:47.000Z,151,-154.5,133.5,-17.5,0,0.5,4850.16,4847.36,,4847.64,SELL,USD,1,1,1583663
D#1702618,XAUUSD,100,7349874591906968947,7349874591887118160,7349874591974162012,7349874591974126962,14811,2026-04-17T16:02:11.000Z,2026-04-17T20:09:02.000Z,-40.76,40.62,-41.46,-0.7,0,0.02,4868.55,4847.95,,,BUY,USD,1,1,1583663
D#1702724,XAUUSD,100,7349874591906969500,7349874591887122595,7349874591974164287,7349874591974161691,1891,2026-04-17T20:06:05.000Z,2026-04-17T20:37:36.000Z,-56.6,55.9,-60.1,-3.5,0,0.1,4847.73,4841.85,,4855.8,BUY,USD,1,1,1583663
D#1702694,XAUUSD,100,7349874591906969502,7349874591887113703,7349874591974094709,7349874591974094569,23107,2026-04-17T14:12:31.000Z,2026-04-17T20:37:38.000Z,112.15,-112.5,110.39,-1.76,0,0.05,4863.53,4841.32,4892.48,4841.3,SELL,USD,1,1,1583663
D#1589409,XAUUSD,100,7349874591906969617,7349874591887121585,7349874591974164745,7349874591974153523,6514,2026-04-17T18:53:36.000Z,2026-04-17T20:42:10.000Z,-191.1,190.4,-194.6,-3.5,0,0.1,4857.94,4838.61,,,BUY,USD,1,1,1583663
D#1702611,XAUUSD,100,7349874591906969668,7349874591887113195,7349874591974164975,7349874591974091229,24058,2026-04-17T14:03:22.000Z,2026-04-17T20:44:20.000Z,-432.1,431.4,-435.6,-3.5,0,0.1,4878.34,4834.91,,4888.68,BUY,USD,1,1,1583663
D#1702724,XAUUSD,100,7349874591906969710,7349874591887122858,7349874591974165226,7349874591974164305,551,2026-04-17T20:37:44.000Z,2026-04-17T20:46:55.000Z,71.5,-72.41,66.94,-4.56,0,0.13,4841.08,4835.8,,4832.25,SELL,USD,1,1,1583663
D#1702724,XAUUSD,100,7349874591906969767,7349874591887122950,7349874591974165461,7349874591974165344,87,2026-04-17T20:48:26.000Z,2026-04-17T20:49:53.000Z,7.05,-8.1,1.79,-5.26,0,0.15,4835.03,4834.78,,,SELL,USD,1,1,1583663
D#1702347,XAUUSD,100,7349874591906969779,7349874591887116433,7349874591974165507,7349874591974114699,20295,2026-04-17T15:11:56.000Z,2026-04-17T20:50:11.000Z,-257.25,256.76,-259.71,-2.46,0,0.07,4869.21,4832.24,,4890.52,BUY,USD,1,1,1583663
D#1671080,XAUUSD,100,7349874591906969798,7349874591887122439,7349874591974160635,7349874591974160500,3232,2026-04-17T19:57:10.000Z,2026-04-17T20:51:02.000Z,216.9,-217.6,213.4,-3.5,0,0.1,4853.43,4831.96,4839.62,4831.91,SELL,USD,1,1,1583663
D#1702642,XAUUSD,100,7349874591906969839,7349874591887121682,7349874591974165841,7349874591974154140,6968,2026-04-17T18:57:08.000Z,2026-04-17T20:53:16.000Z,244.5,-245.2,241,-3.5,0,0.1,4858.54,4834.31,4836,4790,SELL,USD,1,1,1583663
