accountId,instrument,lotSize,closeTradeId,positionId,closeOrderId,openOrderId,durationSec,openDateTime,closeDateTime,profit,reverseProfit,netProfit,commission,swap,amount,openPrice,closePrice,slPrice,tpPrice,side,currency,openTradeCrossPrice,closeTradeCrossPrice,userGroupId
D#1671061,XAUUSD,100,288230376154735018,288230376153202865,288230376165858073,288230376165857711,49,2026-06-30T01:00:16.000Z,2026-06-30T01:01:05.000Z,1.6,-1.9500000000000002,-0.16,-1.76,0,0.05,3980.9,3980.8,,,SELL,USD,1,1,1583663
D#1702422,XAUUSD,100,288230376154735457,288230376153203063,288230376165859824,288230376165859107,83,2026-06-30T01:03:11.000Z,2026-06-30T01:04:34.000Z,100.2,-101.60000000000001,93.2,-7,0,0.2,3978.77,3983.56,3966.21,3984.88,BUY,USD,1,1,1583663
D#1702473,XAUUSD,100,288230376154735776,288230376153203224,288230376165860732,288230376165860290,43,2026-06-30T01:05:34.000Z,2026-06-30T01:06:17.000Z,71.5,-73.25,62.74,-8.76,0,0.25,3976.84,3974.2,,3970.14,SELL,USD,1,1,1583663
D#1591594,XAUUSD,100,288230376154735853,288230376153203111,288230376165860761,288230376165859492,160,2026-06-30T01:03:59.000Z,2026-06-30T01:06:39.000Z,-327.75,326.0,-336.51,-8.76,0,0.25,3980.97,3967.64,3968.85,3988.92,BUY,USD,1,1,1583663
D#1671061,XAUUSD,100,288230376154735888,288230376153203112,288230376165860108,288230376165859497,163,2026-06-30T01:04:00.000Z,2026-06-30T01:06:43.000Z,102.76,-103.25,100.3,-2.46,0,0.07,3980.47,3966.01,3987.93,3966.4,SELL,USD,1,1,1583663
D#1702422,XAUUSD,100,288230376154735935,288230376153203172,288230376165861067,288230376165859946,122,2026-06-30T01:04:50.000Z,2026-06-30T01:06:52.000Z,-262.4,261.0,-269.4,-7,0,0.2,3980.39,3967.05,3963.55,3985.64,BUY,USD,1,1,1583663
D#1702561,XAUUSD,100,288230376154736075,288230376153203209,288230376165861260,288230376165860204,109,2026-06-30T01:05:23.000Z,2026-06-30T01:07:12.000Z,-454,452.6,-461.0,-7,0,0.2,3977.68,3954.76,,3982.1,BUY,USD,1,1,1583663
D#1702473,XAUUSD,100,288230376154736263,288230376153203418,288230376165861544,288230376165861474,6,2026-06-30T01:07:27.000Z,2026-06-30T01:07:33.000Z,89,-90.75,80.24,-8.76,0,0.25,3954.26,3950.92,,,SELL,USD,1,1,1583663
D#1702526,XAUUSD,100,288230376154736377,288230376153203392,288230376165861744,288230376165861363,33,2026-06-30T01:07:18.000Z,2026-06-30T01:07:51.000Z,67.65,-68.42,63.79,-3.86,0,0.11,3952.47,3946.54,,,SELL,USD,1,1,1583663
D#1589457,XAUUSD,100,288230376154736386,288230376153203283,288230376165861804,288230376165860628,114,2026-06-30T01:06:06.000Z,2026-06-30T01:08:00.000Z,264,-264.7,260.5,-3.5,0,0.1,3971.6,3945.42,,,SELL,USD,1,1,1583663
D#1702589,XAUUSD,100,288230376154736517,288230376153203482,288230376165862055,288230376165861898,25,2026-06-30T01:08:05.000Z,2026-06-30T01:08:30.000Z,213.2,-214.6,206.2,-7,0,0.2,3947.2,3957.64,3932.98,3956.41,BUY,USD,1,1,1583663
D#1702526,XAUUSD,100,288230376154736562,288230376153203472,288230376165862228,288230376165861785,44,2026-06-30T01:07:57.000Z,2026-06-30T01:08:41.000Z,-156.86,156.09,-160.72,-3.86,0,0.11,3946.66,3961.14,,,SELL,USD,1,1,1583663
D#1702526,XAUUSD,100,288230376154736600,288230376153203527,288230376165862363,288230376165862260,14,2026-06-30T01:08:45.000Z,2026-06-30T01:08:59.000Z,-36.08,35.309999999999995,-39.94,-3.86,0,0.11,3964.48,3960.98,,,BUY,USD,1,1,1583663
D#1702526,XAUUSD,100,288230376154736620,288230376153203542,288230376165862431,288230376165862384,5,2026-06-30T01:09:02.000Z,2026-06-30T01:09:07.000Z,-42.13,41.36,-45.99,-3.86,0,0.11,3962.49,3966.54,,,SELL,USD,1,1,1583663
D#1702526,XAUUSD,100,288230376154736677,288230376153203559,288230376165862704,288230376165862459,29,2026-06-30T01:09:11.000Z,2026-06-30T01:09:40.000Z,-7.59,6.82,-11.45,-3.86,0,0.11,3966.49,3965.58,,,BUY,USD,1,1,1583663
D#1702522,XAUUSD,100,288230376154736765,288230376153203628,288230376165863279,288230376165863080,29,2026-06-30T01:10:26.000Z,2026-06-30T01:10:55.000Z,98.6,-100.0,91.6,-7,0,0.2,3967.45,3962.74,,3962.72,SELL,USD,1,1,1583663
D#1702589,XAUUSD,100,288230376154736769,288230376153203597,288230376165863357,288230376165862777,72,2026-06-30T01:09:51.000Z,2026-06-30T01:11:03.000Z,28,-28.7,24.5,-3.5,0,0.1,3965.75,3963.17,3976.5,3953.74,SELL,USD,1,1,1583663
D#1671061,XAUUSD,100,288230376154736869,288230376153203653,288230376165863542,288230376165863417,59,2026-06-30T01:11:12.000Z,2026-06-30T01:12:11.000Z,26.74,-27.229999999999997,24.28,-2.46,0,0.07,3962.61,3959.01,3958.52,3947.14,SELL,USD,1,1,1583663
D#1702473,XAUUSD,100,288230376154736929,288230376153203512,288230376165864202,288230376165862134,272,2026-06-30T01:08:32.000Z,2026-06-30T01:13:04.000Z,-52.5,50.75,-61.26,-8.76,0,0.25,3957.86,3960.18,,3952.19,SELL,USD,1,1,1583663
D#1671061,XAUUSD,100,288230376154736983,288230376153203761,288230376165864600,288230376165864405,23,2026-06-30T01:13:41.000Z,2026-06-30T01:14:04.000Z,22.89,-23.38,20.43,-2.46,0,0.07,3961.95,3958.9,,,SELL,USD,1,1,1583663
D#1702473,XAUUSD,100,288230376154737116,288230376153203739,288230376165865102,288230376165864233,122,2026-06-30T01:13:09.000Z,2026-06-30T01:15:11.000Z,180.3,-182.4,169.8,-10.5,0,0.3,3959.67,3953.88,,3949.64,SELL,USD,1,1,1583663
D#1702589,XAUUSD,100,288230376154737147,288230376153203669,288230376165863635,288230376165863546,241,2026-06-30T01:11:27.000Z,2026-06-30T01:15:28.000Z,-84.4,83.7,-87.9,-3.5,0,0.1,3959.02,3950.36,3950.67,3969.67,BUY,USD,1,1,1583663
D#1589419,XAUUSD,100,288230376154737164,288230376153203829,288230376165865272,288230376165865143,19,2026-06-30T01:15:17.000Z,2026-06-30T01:15:36.000Z,164,-167.5,146.5,-17.5,0,0.5,3954.51,3951.45,,3952.31,SELL,USD,1,1,1583663
D#1589419,XAUUSD,100,288230376154737188,288230376153203850,288230376165865424,288230376165865343,12,2026-06-30T01:15:47.000Z,2026-06-30T01:15:59.000Z,105.5,-109.0,88.0,-17.5,0,0.5,3951.78,3953.67,,,BUY,USD,1,1,1583663
D#1589419,XAUUSD,100,288230376154737218,288230376153203874,288230376165865612,288230376165865537,12,2026-06-30T01:16:12.000Z,2026-06-30T01:16:24.000Z,122,-125.5,104.5,-17.5,0,0.5,3952.17,3954.39,,,BUY,USD,1,1,1583663
D#1589419,XAUUSD,100,288230376154737263,288230376153203899,288230376165865892,288230376165865823,12,2026-06-30T01:16:57.000Z,2026-06-30T01:17:09.000Z,95.5,-99.0,78.0,-17.5,0,0.5,3956.14,3954.45,,,SELL,USD,1,1,1583663
D#1702589,XAUUSD,100,288230376154737285,288230376153203857,288230376165866002,288230376165865420,85,2026-06-30T01:15:58.000Z,2026-06-30T01:17:23.000Z,80.8,-82.2,73.8,-7,0,0.2,3954,3957.82,3941.86,3959.54,BUY,USD,1,1,1583663
D#1702589,XAUUSD,100,288230376154737420,288230376153203965,288230376165866472,288230376165866301,24,2026-06-30T01:18:02.000Z,2026-06-30T01:18:26.000Z,43.4,-44.1,39.9,-3.5,0,0.1,3963.17,3967.29,3963.15,3972.6,BUY,USD,1,1,1583663
D#1702337,XAUUSD,100,288230376154737421,288230376153203820,288230376165865045,288230376165863753,203,2026-06-30T01:15:04.000Z,2026-06-30T01:18:27.000Z,13.45,-13.52,13.09,-0.36,0,0.01,3954.98,3968.21,3942.19,3968.12,BUY,USD,1,1,1583663
D#1702469,XAUUSD,100,288230376154737503,288230376153203942,288230376165866928,288230376165866196,107,2026-06-30T01:17:49.000Z,2026-06-30T01:19:36.000Z,329.97,-333.54,312.11,-17.86,0,0.51,3963.09,3969.34,,,BUY,USD,1,1,1583663
D#1702589,XAUUSD,100,288230376154737550,288230376153203994,288230376165866666,288230376165866592,75,2026-06-30T01:18:48.000Z,2026-06-30T01:20:03.000Z,-50,49.3,-53.5,-3.5,0,0.1,3967.09,3972.31,3972.39,3955.62,SELL,USD,1,1,1583663
D#1702589,XAUUSD,100,288230376154737602,288230376153204049,288230376165867356,288230376165867269,13,2026-06-30T01:20:29.000Z,2026-06-30T01:20:42.000Z,80.4,-81.80000000000001,73.4,-7,0,0.2,3971.14,3974.94,,3976.41,BUY,USD,1,1,1583663
D#1702662,XAUUSD,100,288230376154737603,288230376153204034,288230376165867360,288230376165867139,36,2026-06-30T01:20:07.000Z,2026-06-30T01:20:43.000Z,55,-56.4,48.0,-7,0,0.2,3972.49,3975.02,,,BUY,USD,1,1,1583663
D#1670990,XAUUSD,100,288230376154737616,288230376153203997,288230376165867421,288230376165866625,118,2026-06-30T01:18:53.000Z,2026-06-30T01:20:51.000Z,-220.8,218.0,-234.8,-14,0,0.4,3968.07,3973.81,,,SELL,USD,1,1,1583663
D#1702522,XAUUSD,100,288230376154737670,288230376153203886,288230376165867793,288230376165865656,323,2026-06-30T01:16:29.000Z,2026-06-30T01:21:52.000Z,-401.8,400.40000000000003,-408.8,-7,0,0.2,3954.74,3975.05,,3951.05,SELL,USD,1,1,1583663
D#1702589,XAUUSD,100,288230376154737696,288230376153204066,288230376165867933,288230376165867428,81,2026-06-30T01:20:52.000Z,2026-06-30T01:22:13.000Z,18.5,-19.2,15.0,-3.5,0,0.1,3973.49,3971.86,3979.63,3965.99,SELL,USD,1,1,1583663
D#1702687,XAUUSD,100,288230376154737810,288230376153204112,288230376165868689,288230376165868038,101,2026-06-30T01:22:30.000Z,2026-06-30T01:24:11.000Z,86.73,-88.2,79.37,-7.36,0,0.21,3972.05,3968.14,,,SELL,USD,1,1,1583663
D#1671069,XAUUSD,100,288230376154737963,288230376153204189,288230376165870093,288230376165869211,109,2026-06-30T01:24:59.000Z,2026-06-30T01:26:48.000Z,24,-27.5,6.5,-17.5,0,0.5,3970.8,3971.06,,,BUY,USD,1,1,1583663
D#1671069,XAUUSD,100,288230376154738015,288230376153204250,288230376165870381,288230376165870167,37,2026-06-30T01:27:00.000Z,2026-06-30T01:27:37.000Z,94,-97.5,76.5,-17.5,0,0.5,3971.58,3973.24,,,BUY,USD,1,1,1583663
D#1671069,XAUUSD,100,288230376154738079,288230376153204274,288230376165870795,288230376165870444,56,2026-06-30T01:27:48.000Z,2026-06-30T01:28:44.000Z,-77.5,74.0,-95.0,-17.5,0,0.5,3973.78,3975.55,,,SELL,USD,1,1,1583663
D#1702589,XAUUSD,100,288230376154738098,288230376153204149,288230376165868518,288230376165868401,328,2026-06-30T01:23:24.000Z,2026-06-30T01:28:52.000Z,100.8,-101.5,97.3,-3.5,0,0.1,3967.32,3977.18,3971.97,3977.4,BUY,USD,1,1,1583663
D#1702472,XAUUSD,100,288230376154738121,288230376153203990,288230376165866866,288230376165866552,619,2026-06-30T01:18:42.000Z,2026-06-30T01:29:01.000Z,-99.7,99.0,-103.2,-3.5,0,0.1,3969.39,3979.58,3979.43,3956.56,SELL,USD,1,1,1583663
D#1702686,XAUUSD,100,288230376154738155,288230376153204157,288230376165871004,288230376165868502,329,2026-06-30T01:23:41.000Z,2026-06-30T01:29:10.000Z,-239,237.6,-246.0,-7,0,0.2,3968.17,3980.34,,3963.43,SELL,USD,1,1,1583663
D#1702687,XAUUSD,100,288230376154738154,288230376153204212,288230376165870997,288230376165869419,216,2026-06-30T01:25:34.000Z,2026-06-30T01:29:10.000Z,-200.13,198.66,-207.49,-7.36,0,0.21,3970.39,3980.14,,,SELL,USD,1,1,1583663
D#1702525,XAUUSD,100,288230376154738178,288230376153204208,288230376165871111,288230376165869404,234,2026-06-30T01:25:31.000Z,2026-06-30T01:29:25.000Z,287.4,-289.5,276.9,-10.5,0,0.3,3969.13,3978.49,,3981.74,BUY,USD,1,1,1583663
D#1671069,XAUUSD,100,288230376154738184,288230376153204312,288230376165871175,288230376165870936,30,2026-06-30T01:29:03.000Z,2026-06-30T01:29:33.000Z,121,-124.5,103.5,-17.5,0,0.5,3980.3,3978.1,,,SELL,USD,1,1,1583663
D#1702472,XAUUSD,100,288230376154738268,288230376153204319,288230376165871685,288230376165871032,90,2026-06-30T01:29:15.000Z,2026-06-30T01:30:45.000Z,35.1,-35.800000000000004,31.6,-3.5,0,0.1,3979.81,3976.52,3985.06,3966.87,SELL,USD,1,1,1583663
D#1671061,XAUUSD,100,288230376154738422,288230376153204306,288230376165872814,288230376165869689,298,2026-06-30T01:28:57.000Z,2026-06-30T01:33:55.000Z,5.56,-5.84,4.16,-1.4,0,0.04,3978.36,3977.19,3984.94,3964.23,SELL,USD,1,1,1583663
D#1702589,XAUUSD,100,288230376154738441,288230376153204320,288230376165871136,288230376165871033,302,2026-06-30T01:29:15.000Z,2026-06-30T01:34:17.000Z,-26.4,26.049999999999997,-28.16,-1.76,0,0.05,3980.7,3975.2,3975.37,3984.52,BUY,USD,1,1,1583663
D#1702687,XAUUSD,100,288230376154738495,288230376153204326,288230376165873308,288230376165871085,357,2026-06-30T01:29:23.000Z,2026-06-30T01:35:20.000Z,-76.02,74.55,-83.38,-7.36,0,0.21,3978.74,3974.9,,,BUY,USD,1,1,1583663
D#1670932,XAUUSD,100,288230376154738582,288230376153204493,288230376165873929,288230376165873064,140,2026-06-30T01:34:40.000Z,2026-06-30T01:37:00.000Z,5.95,-6.3,4.19,-1.76,0,0.05,3974.86,3973.89,3985,,SELL,USD,1,1,1583663
D#1702469,XAUUSD,100,288230376154738687,288230376153204241,288230376165871646,288230376165869995,759,2026-06-30T01:26:34.000Z,2026-06-30T01:39:13.000Z,-0.19,0.12,-0.55,-0.36,0,0.01,3971.9,3971.49,3971.94,3988.29,BUY,USD,1,1,1583663
D#1671083,XAUUSD,100,288230376154738685,288230376153204386,288230376165871805,288230376165871701,506,2026-06-30T01:30:47.000Z,2026-06-30T01:39:13.000Z,102.2,-103.60000000000001,95.2,-7,0,0.2,3976.66,3971.77,3984.55,3972.19,SELL,USD,1,1,1583663
D#1702589,XAUUSD,100,288230376154738698,288230376153204496,288230376165873200,288230376165873085,275,2026-06-30T01:34:42.000Z,2026-06-30T01:39:17.000Z,-40.4,39.839999999999996,-43.2,-2.8,0,0.08,3975.51,3970.24,3970.35,3981.05,BUY,USD,1,1,1583663
D#1671069,XAUUSD,100,288230376154738705,288230376153204361,288230376165874793,288230376165871470,545,2026-06-30T01:30:15.000Z,2026-06-30T01:39:20.000Z,-373.5,370.0,-391.0,-17.5,0,0.5,3978.73,3971.04,,3980.84,BUY,USD,1,1,1583663
D#1702647,XAUUSD,100,288230376154738784,288230376153204397,288230376165873087,288230376165871836,558,2026-06-30T01:31:11.000Z,2026-06-30T01:40:29.000Z,-93.5,92.8,-97.0,-3.5,0,0.1,3976.25,3966.68,3966.81,3978.27,BUY,USD,1,1,1583663
D#1702337,XAUUSD,100,288230376154738801,288230376153204622,288230376165875316,288230376165874635,99,2026-06-30T01:38:54.000Z,2026-06-30T01:40:33.000Z,5.93,-6.0,5.57,-0.36,0,0.01,3972.96,3967.25,,,SELL,USD,1,1,1583663
D#1671061,XAUUSD,100,288230376154738833,288230376153204668,288230376165875496,288230376165875213,42,2026-06-30T01:40:21.000Z,2026-06-30T01:41:03.000Z,2.2,-2.4800000000000004,0.8,-1.4,0,0.04,3969.06,3968.73,3972.06,,SELL,USD,1,1,1583663
D#1702589,XAUUSD,100,288230376154738843,288230376153204642,288230376165875127,288230376165874904,91,2026-06-30T01:39:40.000Z,2026-06-30T01:41:11.000Z,5.6,-6.3,2.1,-3.5,0,0.1,3970.38,3970.04,3969.85,3961.66,SELL,USD,1,1,1583663
D#1702558,XAUUSD,100,288230376154738875,288230376153204713,288230376165875671,288230376165875577,12,2026-06-30T01:41:16.000Z,2026-06-30T01:41:28.000Z,92.4,-94.85000000000001,80.14,-12.26,0,0.35,3970.74,3968.32,,,SELL,USD,1,1,1583663
D#1671061,XAUUSD,100,288230376154738899,288230376153204734,288230376165875809,288230376165875706,15,2026-06-30T01:41:33.000Z,2026-06-30T01:41:48.000Z,-7.6,7.319999999999999,-9.0,-1.4,0,0.04,3967.5,3969.62,,,SELL,USD,1,1,1583663
D#1702589,XAUUSD,100,288230376154738981,288230376153204742,288230376165875898,288230376165875753,102,2026-06-30T01:41:39.000Z,2026-06-30T01:43:21.000Z,-0.3,-0.4000000000000001,-3.8,-3.5,0,0.1,3969.16,3968.91,3969.4,3977.37,BUY,USD,1,1,1583663
D#1702558,XAUUSD,100,288230376154739011,288230376153204746,288230376165876504,288230376165875816,104,2026-06-30T01:41:49.000Z,2026-06-30T01:43:33.000Z,76.3,-78.75,64.04,-12.26,0,0.35,3969.75,3967.79,,,SELL,USD,1,1,1583663
D#1702647,XAUUSD,100,288230376154739024,288230376153204686,288230376165876587,288230376165875349,185,2026-06-30T01:40:39.000Z,2026-06-30T01:43:44.000Z,5.6,-6.3,2.1,-3.5,0,0.1,3967.56,3967.22,,,SELL,USD,1,1,1583663
D#1702558,XAUUSD,100,288230376154739086,288230376153204834,288230376165876908,288230376165876676,37,2026-06-30T01:43:58.000Z,2026-06-30T01:44:35.000Z,7.7,-10.15,-4.56,-12.26,0,0.35,3968.68,3968.68,,,SELL,USD,1,1,1583663
D#1702647,XAUUSD,100,288230376154739102,288230376153204833,288230376165877013,288230376165876662,58,2026-06-30T01:43:55.000Z,2026-06-30T01:44:53.000Z,0.7,-1.4,-2.8,-3.5,0,0.1,3969.18,3969.03,,,BUY,USD,1,1,1583663
D#1702472,XAUUSD,100,288230376154739183,288230376153204518,288230376165873575,288230376165873373,635,2026-06-30T01:35:33.000Z,2026-06-30T01:46:08.000Z,10.8,-11.5,7.3,-3.5,0,0.1,3973.75,3972.89,3972.69,3962.02,SELL,USD,1,1,1583663
D#1702525,XAUUSD,100,288230376154739189,288230376153204332,288230376165877516,288230376165871150,1000,2026-06-30T01:29:30.000Z,2026-06-30T01:46:10.000Z,-176.1,174.0,-186.6,-10.5,0,0.3,3979,3972.91,,3982.88,BUY,USD,1,1,1583663
D#1670991,XAUUSD,100,288230376154739224,288230376153204829,288230376165877605,288230376165876597,155,2026-06-30T01:43:46.000Z,2026-06-30T01:46:21.000Z,15.1,-15.799999999999999,11.6,-3.5,0,0.1,3968.98,3970.27,,3977.87,BUY,USD,1,1,1583663
D#1702647,XAUUSD,100,288230376154739269,288230376153204873,288230376165877914,288230376165877075,127,2026-06-30T01:45:04.000Z,2026-06-30T01:47:11.000Z,9,-9.7,5.5,-3.5,0,0.1,3968.25,3967.57,,,SELL,USD,1,1,1583663
D#1702558,XAUUSD,100,288230376154739286,288230376153204876,288230376165878019,288230376165877081,146,2026-06-30T01:45:05.000Z,2026-06-30T01:47:31.000Z,66.15,-68.60000000000001,53.89,-12.26,0,0.35,3968.24,3966.57,,,SELL,USD,1,1,1583663
D#1702469,XAUUSD,100,288230376154739323,288230376153204798,288230376165876541,288230376165876370,265,2026-06-30T01:43:13.000Z,2026-06-30T01:47:38.000Z,-11.46,11.32,-12.16,-0.7,0,0.02,3971.42,3965.47,3965.7,3987.9,BUY,USD,1,1,1583663
D#1670991,XAUUSD,100,288230376154739328,288230376153204944,288230376165878099,288230376165877694,66,2026-06-30T01:46:33.000Z,2026-06-30T01:47:39.000Z,-87,85.6,-94.0,-7,0,0.2,3970.14,3965.57,,,BUY,USD,1,1,1583663
D#1702337,XAUUSD,100,288230376154739333,288230376153204768,288230376165878125,288230376165876091,312,2026-06-30T01:42:31.000Z,2026-06-30T01:47:43.000Z,-9.82,9.68,-10.52,-0.7,0,0.02,3971.8,3966.67,,,BUY,USD,1,1,1583663
D#1702558,XAUUSD,100,288230376154739380,288230376153205003,288230376165878286,288230376165878189,15,2026-06-30T01:47:53.000Z,2026-06-30T01:48:08.000Z,78.4,-80.85000000000001,66.14,-12.26,0,0.35,3964.68,3962.66,,,SELL,USD,1,1,1583663
D#1702525,XAUUSD,100,288230376154739419,288230376153204928,288230376165878457,288230376165877544,136,2026-06-30T01:46:13.000Z,2026-06-30T01:48:29.000Z,259.35,-261.8,247.09,-12.26,0,0.35,3971.92,3964.73,,3960.48,SELL,USD,1,1,1583663
D#1702558,XAUUSD,100,288230376154739498,288230376153205039,288230376165878828,288230376165878478,55,2026-06-30T01:48:32.000Z,2026-06-30T01:49:27.000Z,37.1,-39.550000000000004,24.84,-12.26,0,0.35,3963.22,3962.38,,,SELL,USD,1,1,1583663
D#1670991,XAUUSD,100,288230376154739507,288230376153205002,288230376165878898,288230376165878180,106,2026-06-30T01:47:52.000Z,2026-06-30T01:49:38.000Z,13.2,-14.6,6.2,-7,0,0.2,3964.92,3964.48,,3960.53,SELL,USD,1,1,1583663
D#1702589,XAUUSD,100,288230376154739546,288230376153204809,288230376165876677,288230376165876454,430,2026-06-30T01:43:27.000Z,2026-06-30T01:50:37.000Z,11.5,-12.2,8.0,-3.5,0,0.1,3967.78,3966.85,3964.71,3958.97,SELL,USD,1,1,1583663
D#1670991,XAUUSD,100,288230376154739560,288230376153205093,288230376165879277,288230376165879163,18,2026-06-30T01:50:27.000Z,2026-06-30T01:50:45.000Z,49.8,-51.199999999999996,42.8,-7,0,0.2,3962.79,3965.06,,,BUY,USD,1,1,1583663
D#1670991,XAUUSD,100,288230376154739581,288230376153205111,288230376165879473,288230376165879356,20,2026-06-30T01:50:59.000Z,2026-06-30T01:51:19.000Z,21.8,-23.2,14.8,-7,0,0.2,3963.88,3964.75,,,BUY,USD,1,1,1583663
D#1670991,XAUUSD,100,288230376154739616,288230376153205141,288230376165879821,288230376165879771,8,2026-06-30T01:52:07.000Z,2026-06-30T01:52:15.000Z,8,-9.4,1.0,-7,0,0.2,3965.33,3965.15,,,SELL,USD,1,1,1583663
D#1702528,XAUUSD,100,288230376154739621,288230376153205076,288230376165879855,288230376165878906,163,2026-06-30T01:49:38.000Z,2026-06-30T01:52:21.000Z,1.06,-1.2000000000000002,0.36,-0.7,0,0.02,3963.92,3963.61,,,SELL,USD,1,1,1583663
D#1702472,XAUUSD,100,288230376154739843,288230376153204934,288230376165877830,288230376165877618,663,2026-06-30T01:46:22.000Z,2026-06-30T01:57:25.000Z,0.8,-1.5,-2.7,-3.5,0,0.1,3970.07,3970.21,3969.64,3958.57,SELL,USD,1,1,1583663
D#1670912,XAUUSD,100,288230376154739838,288230376153205205,288230376165880807,288230376165880804,141,2026-06-30T01:55:04.000Z,2026-06-30T01:57:25.000Z,-55.9,55.199999999999996,-59.4,-3.5,0,0.1,3963.88,3969.69,3969.49,3956.03,SELL,USD,1,1,1583663
D#1702430,XAUUSD,100,288230376154739840,288230376153205225,288230376165881303,288230376165881301,49,2026-06-30T01:56:36.000Z,2026-06-30T01:57:25.000Z,-46,45.3,-49.5,-3.5,0,0.1,3965.42,3970.24,3969.52,3942.43,SELL,USD,1,1,1583663
D#1702528,XAUUSD,100,288230376154739846,288230376153205168,288230376165881565,288230376165880305,228,2026-06-30T01:53:38.000Z,2026-06-30T01:57:26.000Z,-285.6,281.40000000000003,-306.6,-21,0,0.6,3965.3,3970.28,,,SELL,USD,1,1,1583663
D#1702525,XAUUSD,100,288230376154739912,288230376153205040,288230376165881989,288230376165878489,606,2026-06-30T01:48:33.000Z,2026-06-30T01:58:39.000Z,-137.55,135.10000000000002,-149.81,-12.26,0,0.35,3963.35,3967.5,,3959.7,SELL,USD,1,1,1583663
D#1671061,XAUUSD,100,288230376154739911,288230376153205244,288230376165881988,288230376165881523,75,2026-06-30T01:57:24.000Z,2026-06-30T01:58:39.000Z,5.68,-5.96,4.28,-1.4,0,0.04,3968.7,3967.5,3973.52,,SELL,USD,1,1,1583663
D#1702551,XAUUSD,100,288230376154739919,288230376153205280,288230376165882042,288230376165882010,5,2026-06-30T01:58:45.000Z,2026-06-30T01:58:50.000Z,-0.32,0.18,-1.02,-0.7,0,0.02,3967.61,3967.23,,,BUY,USD,1,1,1583663
D#1671083,XAUUSD,100,288230376154739987,288230376153205167,288230376165880417,288230376165880301,387,2026-06-30T01:53:37.000Z,2026-06-30T02:00:04.000Z,94.4,-95.80000000000001,87.4,-7,0,0.2,3965.78,3970.28,3961.05,3970.36,BUY,USD,1,1,1583663
D#1702469,XAUUSD,100,288230376154739988,288230376153205275,288230376165882027,288230376165881942,94,2026-06-30T01:58:30.000Z,2026-06-30T02:00:04.000Z,-10.11,9.899999999999999,-11.17,-1.06,0,0.03,3966.76,3970.35,3970.23,3957,SELL,USD,1,1,1583663
D#1670982,XAUUSD,100,288230376154739993,288230376153205233,288230376165882013,288230376165881396,192,2026-06-30T01:56:54.000Z,2026-06-30T02:00:06.000Z,82.6,-84.0,75.6,-7,0,0.2,3966.79,3970.7,3968.54,3970.67,BUY,USD,1,1,1583663
D#1702564,XAUUSD,100,288230376154739994,288230376153205265,288230376165882461,288230376165881856,111,2026-06-30T01:58:15.000Z,2026-06-30T02:00:06.000Z,-147.5,144.0,-165.0,-17.5,0,0.5,3967.73,3970.9,,,SELL,USD,1,1,1583663
D#1670945,XAUUSD,100,288230376154739998,288230376153205113,288230376165879753,288230376165879375,548,2026-06-30T01:51:00.000Z,2026-06-30T02:00:08.000Z,-119.68,118.56,-125.28,-5.6,0,0.16,3964.02,3971.72,3971.46,3936.55,SELL,USD,1,1,1583663
D#1702337,XAUUSD,100,288230376154740042,288230376153205243,288230376165882689,288230376165879956,198,2026-06-30T01:57:23.000Z,2026-06-30T02:00:41.000Z,1.56,-1.7000000000000002,0.86,-0.7,0,0.02,3968.96,3968.4,3973.52,3954.21,SELL,USD,1,1,1583663
D#1702407,XAUUSD,100,288230376154740080,288230376153205348,288230376165883031,288230376165882797,42,2026-06-30T02:00:58.000Z,2026-06-30T02:01:40.000Z,-2.57,2.5,-2.93,-0.36,0,0.01,3967.04,3969.83,,,SELL,USD,1,1,1583663
D#1702589,XAUUSD,100,288230376154740115,288230376153205118,288230376165879577,288230376165879436,653,2026-06-30T01:51:11.000Z,2026-06-30T02:02:04.000Z,83.6,-84.3,80.1,-3.5,0,0.1,3964.75,3972.89,3952.64,3973.2,BUY,USD,1,1,1583663
D#1702525,XAUUSD,100,288230376154740114,288230376153205279,288230376165882096,288230376165882003,201,2026-06-30T01:58:43.000Z,2026-06-30T02:02:04.000Z,222,-224.8,208.0,-14,0,0.4,3967.59,3972.92,,3973.19,BUY,USD,1,1,1583663
D#1670991,XAUUSD,100,288230376154740139,288230376153205148,288230376165883294,288230376165879858,599,2026-06-30T01:52:21.000Z,2026-06-30T02:02:20.000Z,-180.4,179.0,-187.4,-7,0,0.2,3963.07,3972.31,,3938.18,SELL,USD,1,1,1583663
D#1702407,XAUUSD,100,288230376154740231,288230376153205432,288230376165883948,288230376165883913,6,2026-06-30T02:04:01.000Z,2026-06-30T02:04:07.000Z,10.26,-10.68,8.16,-2.1,0,0.06,3970.92,3969.43,,,SELL,USD,1,1,1583663
D#1671061,XAUUSD,100,288230376154740386,288230376153205367,288230376165883284,288230376165883168,352,2026-06-30T02:02:01.000Z,2026-06-30T02:07:53.000Z,-10.1,9.959999999999999,-10.8,-0.7,0,0.02,3972.46,3967.19,3967.35,3982.94,BUY,USD,1,1,1583663
D#1702531,XAUUSD,100,288230376154740392,288230376153205330,288230376165882906,288230376165882611,443,2026-06-30T02:00:32.000Z,2026-06-30T02:07:55.000Z,99,-101.31,87.44,-11.56,0,0.33,3968.98,3966.2,,3966.4,SELL,USD,1,1,1583663
D#1670982,XAUUSD,100,288230376154740389,288230376153205400,288230376165884175,288230376165883423,306,2026-06-30T02:02:49.000Z,2026-06-30T02:07:55.000Z,-75.6,74.19999999999999,-82.6,-7,0,0.2,3969.59,3965.59,3966.95,3974.66,BUY,USD,1,1,1583663
D#1670974,XAUUSD,100,288230376154740390,288230376153205447,288230376165885210,288230376165884217,180,2026-06-30T02:04:55.000Z,2026-06-30T02:07:55.000Z,-41.1,40.4,-44.6,-3.5,0,0.1,3970.01,3965.68,3966.44,,BUY,USD,1,1,1583663
D#1671083,XAUUSD,100,288230376154740393,288230376153205445,288230376165884251,288230376165884158,188,2026-06-30T02:04:48.000Z,2026-06-30T02:07:56.000Z,99,-100.4,92.0,-7,0,0.2,3970.43,3965.7,,3965.81,SELL,USD,1,1,1583663
D#1614603,XAUUSD,100,288230376154740455,288230376153205492,288230376165885461,288230376165884718,130,2026-06-30T02:06:21.000Z,2026-06-30T02:08:31.000Z,87.2,-88.32000000000001,81.6,-5.6,0,0.16,3970.5,3965.27,3970.39,,SELL,USD,1,1,1583663
D#1702558,XAUUSD,100,288230376154740521,288230376153205085,288230376165885848,288230376165879057,1171,2026-06-30T01:50:07.000Z,2026-06-30T02:09:38.000Z,58.45,-60.900000000000006,46.19,-12.26,0,0.35,3961.87,3960.42,,,SELL,USD,1,1,1583663
D#1702521,XAUUSD,100,288230376154740515,288230376153205288,288230376165883157,288230376165882122,635,2026-06-30T01:59:03.000Z,2026-06-30T02:09:38.000Z,-38.15,37.8,-39.91,-1.76,0,0.05,3967.42,3959.57,3960,3990,BUY,USD,1,1,1583663
D#1702417,XAUUSD,100,288230376154740529,288230376153204629,288230376165876078,288230376165874736,1827,2026-06-30T01:39:13.000Z,2026-06-30T02:09:40.000Z,569,-572.5,551.5,-17.5,0,0.5,3971.28,3960.12,,3960.01,SELL,USD,1,1,1583663
D#1670912,XAUUSD,100,288230376154740531,288230376153205263,288230376165881812,288230376165881804,695,2026-06-30T01:58:06.000Z,2026-06-30T02:09:41.000Z,76.2,-76.9,72.7,-3.5,0,0.1,3967.42,3960.02,3974.28,3959.99,SELL,USD,1,1,1583663
D#1614616,XAUUSD,100,288230376154740550,288230376153205465,288230376165885934,288230376165884397,264,2026-06-30T02:05:26.000Z,2026-06-30T02:09:50.000Z,430.22,-433.65000000000003,413.06,-17.16,0,0.49,3968.47,3959.91,,,SELL,USD,1,1,1583663
D#1702418,XAUUSD,100,288230376154740570,288230376153205276,288230376165886054,288230376165881956,696,2026-06-30T01:58:32.000Z,2026-06-30T02:10:08.000Z,82,-82.7,78.5,-3.5,0,0.1,3967.42,3959.44,,3958.45,SELL,USD,1,1,1583663
D#1702469,XAUUSD,100,288230376154740645,288230376153205474,288230376165884641,288230376165884460,324,2026-06-30T02:05:37.000Z,2026-06-30T02:11:01.000Z,123,-123.7,119.5,-3.5,0,0.1,3970.22,3958.14,3970.12,3958.09,SELL,USD,1,1,1583663
D#1702564,XAUUSD,100,288230376154740666,288230376153205431,288230376165883891,288230376165883889,427,2026-06-30T02:03:57.000Z,2026-06-30T02:11:04.000Z,-31.08,30.939999999999998,-31.78,-0.7,0,0.02,3971.73,3955.97,3956.2,4008.74,BUY,USD,1,1,1583663
D#1670982,XAUUSD,100,288230376154740660,288230376153205549,288230376165885735,288230376165885371,166,2026-06-30T02:08:18.000Z,2026-06-30T02:11:04.000Z,138.6,-140.0,131.6,-7,0,0.2,3962.86,3956.15,3960.39,3956.25,SELL,USD,1,1,1583663
D#1702531,XAUUSD,100,288230376154740668,288230376153205611,288230376165886406,288230376165886087,50,2026-06-30T02:10:14.000Z,2026-06-30T02:11:04.000Z,107.25,-109.56,95.69,-11.56,0,0.33,3959.21,3956.18,,3956.17,SELL,USD,1,1,1583663
D#1702454,XAUUSD,100,288230376154740672,288230376153204875,288230376165877254,288230376165877079,1561,2026-06-30T01:45:04.000Z,2026-06-30T02:11:05.000Z,134.2,-134.89999999999998,130.7,-3.5,0,0.1,3968.23,3955.03,3973.65,3955.21,SELL,USD,1,1,1583663
D#1702445,XAUUSD,100,288230376154740678,288230376153205119,288230376165880023,288230376165879464,1188,2026-06-30T01:51:17.000Z,2026-06-30T02:11:05.000Z,-51.55,51.199999999999996,-53.31,-1.76,0,0.05,3965.3,3954.77,3955.88,3979.02,BUY,USD,1,1,1583663
D#1702558,XAUUSD,100,288230376154740688,288230376153205655,288230376165886476,288230376165886425,3,2026-06-30T02:11:02.000Z,2026-06-30T02:11:05.000Z,128.1,-130.54999999999998,115.84,-12.26,0,0.35,3958.28,3954.84,,,SELL,USD,1,1,1583663
D#1702661,XAUUSD,100,288230376154740722,288230376153205448,288230376165886542,288230376165884245,371,2026-06-30T02:05:00.000Z,2026-06-30T02:11:11.000Z,-14.68,14.61,-15.04,-0.36,0,0.01,3969.98,3955.08,,,BUY,USD,1,1,1583663
D#1702647,XAUUSD,100,288230376154740745,288230376153204972,288230376165886637,288230376165878001,1434,2026-06-30T01:47:28.000Z,2026-06-30T02:11:22.000Z,-145,144.3,-148.5,-3.5,0,0.1,3967.88,3953.16,,3977.38,BUY,USD,1,1,1583663
D#1702586,XAUUSD,100,288230376154740863,288230376153205625,288230376165886737,288230376165886188,171,2026-06-30T02:10:26.000Z,2026-06-30T02:13:17.000Z,50.5,-54.0,33.0,-17.5,0,0.5,3959.28,3958.49,3958.19,,SELL,USD,1,1,1583663
D#1702537,XAUUSD,100,288230376154740945,288230376153205670,288230376165887978,288230376165886507,234,2026-06-30T02:11:08.000Z,2026-06-30T02:15:02.000Z,-95,93.6,-102.0,-7,0,0.2,3952.97,3957.94,,,SELL,USD,1,1,1583663
D#1670912,XAUUSD,100,288230376154741033,288230376153205688,288230376165886596,288230376165886594,329,2026-06-30T02:11:17.000Z,2026-06-30T02:16:46.000Z,-58.3,57.599999999999994,-61.8,-3.5,0,0.1,3954.96,3961.01,3960.83,3947.47,SELL,USD,1,1,1583663
D#1702500,XAUUSD,100,288230376154741059,288230376153205850,288230376165888741,288230376165888721,3,2026-06-30T02:17:08.000Z,2026-06-30T02:17:11.000Z,51.45,-53.900000000000006,39.19,-12.26,0,0.35,3960.31,3959.06,,,SELL,USD,1,1,1583663
D#1702500,XAUUSD,100,288230376154741090,288230376153205858,288230376165889084,288230376165888857,46,2026-06-30T02:17:35.000Z,2026-06-30T02:18:21.000Z,29.4,-31.849999999999998,17.14,-12.26,0,0.35,3959.96,3960.58,,,BUY,USD,1,1,1583663
D#1702537,XAUUSD,100,288230376154741103,288230376153205852,288230376165889163,288230376165888764,81,2026-06-30T02:17:16.000Z,2026-06-30T02:18:37.000Z,23.6,-25.0,16.6,-7,0,0.2,3959.59,3960.55,,,BUY,USD,1,1,1583663
D#1702472,XAUUSD,100,288230376154741115,288230376153205250,288230376165889236,288230376165881602,1281,2026-06-30T01:57:31.000Z,2026-06-30T02:18:52.000Z,77.7,-78.4,74.2,-3.5,0,0.1,3968.8,3961.25,,,SELL,USD,1,1,1583663
D#1670982,XAUUSD,100,288230376154741135,288230376153205795,288230376165888301,288230376165888036,255,2026-06-30T02:15:13.000Z,2026-06-30T02:19:28.000Z,51.2,-52.6,44.2,-7,0,0.2,3958.39,3960.73,3961.1,3963.6,BUY,USD,1,1,1583663
D#1702665,XAUUSD,100,288230376154741145,288230376153205830,288230376165889494,288230376165888482,196,2026-06-30T02:16:28.000Z,2026-06-30T02:19:44.000Z,39.2,-40.6,32.2,-7,0,0.2,3958.85,3960.59,3956.02,3965.82,BUY,USD,1,1,1583663
D#1670976,XAUUSD,100,288230376154741180,288230376153205415,288230376165889768,288230376165883615,1049,2026-06-30T02:03:09.000Z,2026-06-30T02:20:38.000Z,11.27,-11.34,10.91,-0.36,0,0.01,3970.45,3959.4,,,SELL,USD,1,1,1583663
D#1702500,XAUUSD,100,288230376154741204,288230376153205879,288230376165889941,288230376165889183,150,2026-06-30T02:18:40.000Z,2026-06-30T02:21:10.000Z,-96.95,94.5,-109.21,-12.26,0,0.35,3961.18,3958.19,,,BUY,USD,1,1,1583663
D#1614603,XAUUSD,100,288230376154741225,288230376153205605,288230376165886954,288230376165886034,685,2026-06-30T02:10:04.000Z,2026-06-30T02:21:29.000Z,-34.8,33.4,-41.8,-7,0,0.2,3959.17,3957.21,3957.33,3963.13,BUY,USD,1,1,1583663
D#1702531,XAUUSD,100,288230376154741228,288230376153205872,288230376165889326,288230376165889146,179,2026-06-30T02:18:34.000Z,2026-06-30T02:21:33.000Z,112.53,-114.84,100.97,-11.56,0,0.33,3960.17,3956.98,,3956.9,SELL,USD,1,1,1583663
D#1702418,XAUUSD,100,288230376154741241,288230376153205909,288230376165890119,288230376165889587,100,2026-06-30T02:20:01.000Z,2026-06-30T02:21:41.000Z,-43.3,42.599999999999994,-46.8,-3.5,0,0.1,3960.77,3956.22,,,BUY,USD,1,1,1583663
D#1702500,XAUUSD,100,288230376154741242,288230376153205937,288230376165890121,288230376165889950,29,2026-06-30T02:21:12.000Z,2026-06-30T02:21:41.000Z,78.4,-80.85000000000001,66.14,-12.26,0,0.35,3958.42,3956.4,,,SELL,USD,1,1,1583663
D#1702644,XAUUSD,100,288230376154741272,288230376153205626,288230376165890225,288230376165886191,692,2026-06-30T02:10:26.000Z,2026-06-30T02:21:58.000Z,9.8,-10.08,8.4,-1.4,0,0.04,3959.18,3956.95,3970.59,3941.74,SELL,USD,1,1,1583663
D#1702430,XAUUSD,100,288230376154741316,288230376153205395,288230376165890471,288230376165883456,1195,2026-06-30T02:02:46.000Z,2026-06-30T02:22:41.000Z,132.6,-133.29999999999998,129.1,-3.5,0,0.1,3970.29,3957.25,3974.94,3924.82,SELL,USD,1,1,1583663
D#1614603,XAUUSD,100,288230376154741323,288230376153205969,288230376165890521,288230376165890181,58,2026-06-30T02:21:51.000Z,2026-06-30T02:22:49.000Z,-33.4,32.0,-40.4,-7,0,0.2,3956.67,3958.56,,,SELL,USD,1,1,1583663
D#1702454,XAUUSD,100,288230376154741360,288230376153205934,288230376165890076,288230376165889899,161,2026-06-30T02:21:02.000Z,2026-06-30T02:23:43.000Z,-76.2,74.8,-83.2,-7,0,0.2,3958.48,3962.51,3962.25,3952.37,SELL,USD,1,1,1583663
D#1702665,XAUUSD,100,288230376154741364,288230376153206013,288230376165890791,288230376165890618,43,2026-06-30T02:23:05.000Z,2026-06-30T02:23:48.000Z,74.8,-76.2,67.8,-7,0,0.2,3959.13,3962.65,3956.18,3962.79,BUY,USD,1,1,1583663
D#1671083,XAUUSD,100,288230376154741368,288230376153205880,288230376165889256,288230376165889209,308,2026-06-30T02:18:45.000Z,2026-06-30T02:23:53.000Z,57.6,-59.0,50.6,-7,0,0.2,3961.08,3963.74,3955.37,3963.54,BUY,USD,1,1,1583663
D#1702662,XAUUSD,100,288230376154741375,288230376153205883,288230376165890857,288230376165889272,295,2026-06-30T02:18:59.000Z,2026-06-30T02:23:54.000Z,49.8,-51.199999999999996,42.8,-7,0,0.2,3961.63,3963.9,,,BUY,USD,1,1,1583663
D#1614603,XAUUSD,100,288230376154741377,288230376153206012,288230376165890860,288230376165890617,49,2026-06-30T02:23:05.000Z,2026-06-30T02:23:54.000Z,97.2,-98.60000000000001,90.2,-7,0,0.2,3959.13,3963.77,,,BUY,USD,1,1,1583663
D#1702500,XAUUSD,100,288230376154741398,288230376153205964,288230376165890961,288230376165890140,147,2026-06-30T02:21:43.000Z,2026-06-30T02:24:10.000Z,-201.25,198.8,-213.51,-12.26,0,0.35,3956.66,3962.63,,,SELL,USD,1,1,1583663
D#1702644,XAUUSD,100,288230376154741400,288230376153206002,288230376165890966,288230376165890475,89,2026-06-30T02:22:42.000Z,2026-06-30T02:24:11.000Z,-188.3,185.85000000000002,-200.56,-12.26,0,0.35,3957.08,3962.68,,,SELL,USD,1,1,1583663
D#1702657,XAUUSD,100,288230376154741401,288230376153206020,288230376165890970,288230376165890763,35,2026-06-30T02:23:37.000Z,2026-06-30T02:24:12.000Z,-137.46,133.4,-157.76,-20.3,0,0.58,3960.09,3962.68,3965.53,3958.51,SELL,USD,1,1,1583663
D#1702730,XAUUSD,100,288230376154741467,288230376153206017,288230376165891468,288230376165890685,146,2026-06-30T02:23:21.000Z,2026-06-30T02:25:47.000Z,-43.02,42.39,-46.18,-3.16,0,0.09,3959.54,3964.54,3966.74,3950.9,SELL,USD,1,1,1583663
D#1702472,XAUUSD,100,288230376154741469,288230376153205908,288230376165889976,288230376165889577,349,2026-06-30T02:19:59.000Z,2026-06-30T02:25:48.000Z,-38,37.3,-41.5,-3.5,0,0.1,3960.7,3964.72,3964.51,3949.77,SELL,USD,1,1,1583663
D#1702537,XAUUSD,100,288230376154741499,288230376153205911,288230376165891642,288230376165889652,364,2026-06-30T02:20:15.000Z,2026-06-30T02:26:19.000Z,37.05,-38.099999999999994,31.79,-5.26,0,0.15,3961.63,3963.88,,,BUY,USD,1,1,1583663
D#1702641,XAUUSD,100,288230376154741512,288230376153206074,288230376165891707,288230376165891532,33,2026-06-30T02:25:59.000Z,2026-06-30T02:26:32.000Z,-82.25,79.8,-94.51,-12.26,0,0.35,3964.91,3962.34,,,BUY,USD,1,1,1583663
D#1702477,XAUUSD,100,288230376154741518,288230376153205816,288230376165891731,288230376165888288,640,2026-06-30T02:15:57.000Z,2026-06-30T02:26:37.000Z,45.1,-45.800000000000004,41.6,-3.5,0,0.1,3957.71,3962,,,BUY,USD,1,1,1583663
D#1614603,XAUUSD,100,288230376154741561,288230376153206034,288230376165892020,288230376165890946,202,2026-06-30T02:24:08.000Z,2026-06-30T02:27:30.000Z,0.2,-1.6,-6.8,-7,0,0.2,3962.83,3962.62,,3967.1,BUY,USD,1,1,1583663
D#1702641,XAUUSD,100,288230376154741675,288230376153206091,288230376165892894,288230376165891721,233,2026-06-30T02:26:35.000Z,2026-06-30T02:30:28.000Z,102.9,-105.35000000000001,90.64,-12.26,0,0.35,3962.45,3959.73,,,SELL,USD,1,1,1583663
D#1614603,XAUUSD,100,288230376154741700,288230376153206128,288230376165892815,288230376165892153,167,2026-06-30T02:27:56.000Z,2026-06-30T02:30:43.000Z,87.4,-88.80000000000001,80.4,-7,0,0.2,3963.09,3958.94,,3958.95,SELL,USD,1,1,1583663
D#1702665,XAUUSD,100,288230376154741708,288230376153206050,288230376165891407,288230376165891090,384,2026-06-30T02:24:37.000Z,2026-06-30T02:31:01.000Z,-52.2,51.5,-55.7,-3.5,0,0.1,3963.7,3958.26,3958.48,3971.15,BUY,USD,1,1,1583663
D#1670932,XAUUSD,100,288230376154741714,288230376153205743,288230376165887428,288230376165887288,1081,2026-06-30T02:13:02.000Z,2026-06-30T02:31:03.000Z,14.2,-14.549999999999999,12.44,-1.76,0,0.05,3957.33,3957.67,3958,3975,BUY,USD,1,1,1583663
D#1702641,XAUUSD,100,288230376154741722,288230376153206185,288230376165893118,288230376165892914,34,2026-06-30T02:30:31.000Z,2026-06-30T02:31:05.000Z,46.55,-49.0,34.29,-12.26,0,0.35,3958.98,3957.87,,,SELL,USD,1,1,1583663
D#1702418,XAUUSD,100,288230376154741726,288230376153206119,288230376165893147,288230376165892051,214,2026-06-30T02:27:36.000Z,2026-06-30T02:31:10.000Z,-43.2,42.5,-46.7,-3.5,0,0.1,3962.92,3958.38,,,BUY,USD,1,1,1583663
D#1702641,XAUUSD,100,288230376154741747,288230376153206201,288230376165893293,288230376165893146,24,2026-06-30T02:31:10.000Z,2026-06-30T02:31:34.000Z,29.05,-31.5,16.79,-12.26,0,0.35,3958.38,3957.77,,,SELL,USD,1,1,1583663
D#1702730,XAUUSD,100,288230376154741782,288230376153206073,288230376165893500,288230376165891522,373,2026-06-30T02:25:57.000Z,2026-06-30T02:32:10.000Z,-152.8,151.4,-159.8,-7,0,0.2,3964.88,3957.02,,3985.15,BUY,USD,1,1,1583663
D#1702661,XAUUSD,100,288230376154741796,288230376153205704,288230376165893579,288230376165886809,1240,2026-06-30T02:11:46.000Z,2026-06-30T02:32:26.000Z,18.4,-19.099999999999998,14.9,-3.5,0,0.1,3955.33,3956.95,3955.57,,BUY,USD,1,1,1583663
D#1702641,XAUUSD,100,288230376154741953,288230376153206241,288230376165894786,288230376165893639,218,2026-06-30T02:32:37.000Z,2026-06-30T02:36:15.000Z,-66.5,64.05,-78.76,-12.26,0,0.35,3959.54,3957.42,,,BUY,USD,1,1,1583663
D#1614603,XAUUSD,100,288230376154741972,288230376153206236,288230376165894111,288230376165893587,257,2026-06-30T02:32:27.000Z,2026-06-30T02:36:44.000Z,-58.4,57.0,-65.4,-7,0,0.2,3957.93,3954.79,3955.88,3961.84,BUY,USD,1,1,1583663
D#1702403,XAUUSD,100,288230376154741980,288230376153203579,288230376165894947,288230376165862623,5235,2026-06-30T01:09:30.000Z,2026-06-30T02:36:45.000Z,47.3,-47.65,45.54,-1.76,0,0.05,3964.42,3955.18,,,SELL,USD,1,1,1583663
D#1702641,XAUUSD,100,288230376154741982,288230376153206325,288230376165894949,288230376165894797,28,2026-06-30T02:36:17.000Z,2026-06-30T02:36:45.000Z,88.2,-90.65,75.94,-12.26,0,0.35,3957.48,3955.18,,,SELL,USD,1,1,1583663
D#1702337,XAUUSD,100,288230376154741988,288230376153206296,288230376165894977,288230376165894381,114,2026-06-30T02:34:56.000Z,2026-06-30T02:36:50.000Z,3.34,-3.4099999999999997,2.98,-0.36,0,0.01,3958.66,3955.54,3965.82,3952.77,SELL,USD,1,1,1583663
D#1702476,XAUUSD,100,288230376154741989,288230376153206331,288230376165894979,288230376165894864,21,2026-06-30T02:36:29.000Z,2026-06-30T02:36:50.000Z,-159.6,155.4,-180.6,-21,0,0.6,3958.21,3955.33,,,BUY,USD,1,1,1583663
D#1702641,XAUUSD,100,288230376154742009,288230376153206339,288230376165895056,288230376165894982,11,2026-06-30T02:36:51.000Z,2026-06-30T02:37:02.000Z,40.6,-43.050000000000004,28.34,-12.26,0,0.35,3955.73,3954.79,,,SELL,USD,1,1,1583663
D#1702407,XAUUSD,100,288230376154742014,288230376153205899,288230376165895070,288230376165889492,1040,2026-06-30T02:19:44.000Z,2026-06-30T02:37:04.000Z,31.45,-31.8,29.69,-1.76,0,0.05,3960.59,3954.52,3966,3950.36,SELL,USD,1,1,1583663
D#1702537,XAUUSD,100,288230376154742015,288230376153206142,288230376165895089,288230376165892361,504,2026-06-30T02:28:42.000Z,2026-06-30T02:37:06.000Z,-137.7,136.64999999999998,-142.96,-5.26,0,0.15,3963.73,3954.33,,3994.46,BUY,USD,1,1,1583663
D#1671083,XAUUSD,100,288230376154742054,288230376153206373,288230376165895323,288230376165895291,4,2026-06-30T02:37:42.000Z,2026-06-30T02:37:46.000Z,32,-33.4,25.0,-7,0,0.2,3956.07,3957.45,,,BUY,USD,1,1,1583663
D#1614603,XAUUSD,100,288230376154742076,288230376153206349,288230376165895437,288230376165895043,65,2026-06-30T02:37:01.000Z,2026-06-30T02:38:06.000Z,77.2,-78.60000000000001,70.2,-7,0,0.2,3955.24,3958.88,,,BUY,USD,1,1,1583663
D#1702537,XAUUSD,100,288230376154742078,288230376153206367,288230376165895448,288230376165895266,30,2026-06-30T02:37:37.000Z,2026-06-30T02:38:07.000Z,20.25,-20.6,18.49,-1.76,0,0.05,3955.2,3959.03,,,BUY,USD,1,1,1583663
D#1702665,XAUUSD,100,288230376154742083,288230376153206355,288230376165895454,288230376165895102,65,2026-06-30T02:37:08.000Z,2026-06-30T02:38:13.000Z,-52.5,51.8,-56.0,-3.5,0,0.1,3954.68,3960.15,3959.98,3947.18,SELL,USD,1,1,1583663
D#1670912,XAUUSD,100,288230376154742087,288230376153206328,288230376165894840,288230376165894838,111,2026-06-30T02:36:24.000Z,2026-06-30T02:38:15.000Z,-28.5,27.8,-32.0,-3.5,0,0.1,3957.92,3960.99,3960.83,3948.92,SELL,USD,1,1,1583663
D#1702641,XAUUSD,100,288230376154742088,288230376153206388,288230376165895503,288230376165895431,10,2026-06-30T02:38:05.000Z,2026-06-30T02:38:15.000Z,65.45,-67.9,53.19,-12.26,0,0.35,3959.24,3960.89,,,BUY,USD,1,1,1583663
D#1702472,XAUUSD,100,288230376154742096,288230376153206282,288230376165894316,288230376165894156,257,2026-06-30T02:34:10.000Z,2026-06-30T02:38:27.000Z,-52.8,52.099999999999994,-56.3,-3.5,0,0.1,3957.58,3963.08,3962.68,3945.09,SELL,USD,1,1,1583663
D#1670961,XAUUSD,100,288230376154742119,288230376153206259,288230376165895722,288230376165893880,342,2026-06-30T02:33:21.000Z,2026-06-30T02:39:03.000Z,-9.38,9.24,-10.08,-0.7,0,0.02,3956.94,3961.85,3982.04,3961.86,SELL,USD,1,1,1583663
D#1702537,XAUUSD,100,288230376154742239,288230376153206428,288230376165896862,288230376165896022,151,2026-06-30T02:39:54.000Z,2026-06-30T02:42:25.000Z,-24.32,23.76,-27.12,-2.8,0,0.08,3963.01,3959.75,,,BUY,USD,1,1,1583663
D#1702531,XAUUSD,100,288230376154742245,288230376153206415,288230376165896037,288230376165895774,210,2026-06-30T02:39:04.000Z,2026-06-30T02:42:34.000Z,78.87,-81.18,67.31,-11.56,0,0.33,3961.52,3959.35,,3959.3,SELL,USD,1,1,1583663
D#1614603,XAUUSD,100,288230376154742285,288230376153206465,288230376165896579,288230376165896498,141,2026-06-30T02:41:17.000Z,2026-06-30T02:43:38.000Z,89.8,-91.2,82.8,-7,0,0.2,3962.32,3958.05,3961.94,3958.35,SELL,USD,1,1,1583663
D#1702732,XAUUSD,100,288230376154742302,288230376153206423,288230376165897278,288230376165895951,249,2026-06-30T02:39:41.000Z,2026-06-30T02:43:50.000Z,-182,178.5,-199.5,-17.5,0,0.5,3962.05,3958.19,3956.11,3970.34,BUY,USD,1,1,1583663
D#1702689,XAUUSD,100,288230376154742329,288230376153206460,288230376165897582,288230376165896314,252,2026-06-30T02:40:37.000Z,2026-06-30T02:44:49.000Z,53.7,-54.400000000000006,50.2,-3.5,0,0.1,3963.59,3958.44,3973.08,3952.75,SELL,USD,1,1,1583663
D#1702531,XAUUSD,100,288230376154742396,288230376153206569,288230376165898447,288230376165898225,51,2026-06-30T02:46:59.000Z,2026-06-30T02:47:50.000Z,72.6,-74.91,61.04,-11.56,0,0.33,3962.18,3960.2,,3959.07,SELL,USD,1,1,1583663
D#1702430,XAUUSD,100,288230376154742487,288230376153206078,288230376165891580,288230376165891576,1476,2026-06-30T02:26:07.000Z,2026-06-30T02:50:43.000Z,-15.6,14.9,-19.1,-3.5,0,0.1,3964.08,3965.86,3965.65,3951.54,SELL,USD,1,1,1583663
D#1702454,XAUUSD,100,288230376154742489,288230376153206174,288230376165893343,288230376165892778,1236,2026-06-30T02:30:07.000Z,2026-06-30T02:50:43.000Z,-57.9,56.85,-63.16,-5.26,0,0.15,3961.78,3965.86,3965.67,3953.08,SELL,USD,1,1,1583663
D#1670970,XAUUSD,100,288230376154742493,288230376153206350,288230376165895196,288230376165895055,822,2026-06-30T02:37:02.000Z,2026-06-30T02:50:44.000Z,-112.7,112.0,-116.2,-3.5,0,0.1,3954.59,3966.08,3965.89,3943.13,SELL,USD,1,1,1583663
D#1670912,XAUUSD,100,288230376154742500,288230376153206458,288230376165896298,288230376165896296,609,2026-06-30T02:40:36.000Z,2026-06-30T02:50:45.000Z,-30,29.3,-33.5,-3.5,0,0.1,3963.32,3966.54,3966.31,3953.53,SELL,USD,1,1,1583663
D#1670945,XAUUSD,100,288230376154742512,288230376153205732,288230376165899360,288230376165887183,2283,2026-06-30T02:12:48.000Z,2026-06-30T02:50:51.000Z,-76.24,75.67999999999999,-79.04,-2.8,0,0.08,3956.5,3966.25,3968.29,3882.61,SELL,USD,1,1,1583663
D#1702409,XAUUSD,100,288230376154742539,288230376153206245,288230376165899473,288230376165893682,1105,2026-06-30T02:32:45.000Z,2026-06-30T02:51:10.000Z,70.9,-71.60000000000001,67.4,-3.5,0,0.1,3959.22,3966.09,3942.42,4009.76,BUY,USD,1,1,1583663
D#1702641,XAUUSD,100,288230376154742542,288230376153206592,288230376165899503,288230376165898901,114,2026-06-30T02:49:22.000Z,2026-06-30T02:51:16.000Z,-96.95,94.5,-109.21,-12.26,0,0.35,3963.51,3966.5,,,SELL,USD,1,1,1583663
D#1702641,XAUUSD,100,288230376154742568,288230376153206628,288230376165899613,288230376165899511,18,2026-06-30T02:51:18.000Z,2026-06-30T02:51:36.000Z,64.75,-67.2,52.49,-12.26,0,0.35,3966.58,3968.21,,,BUY,USD,1,1,1583663
D#1702517,XAUUSD,100,288230376154742606,288230376153205831,288230376165888817,288230376165888494,2146,2026-06-30T02:16:31.000Z,2026-06-30T02:52:17.000Z,113.1,-113.8,109.6,-3.5,0,0.1,3959.11,3970.2,,3970.41,BUY,USD,1,1,1583663
D#1702641,XAUUSD,100,288230376154742639,288230376153206634,288230376165900120,288230376165899622,85,2026-06-30T02:51:38.000Z,2026-06-30T02:53:03.000Z,-66.5,64.05,-78.76,-12.26,0,0.35,3968.78,3966.66,,,BUY,USD,1,1,1583663
D#1702641,XAUUSD,100,288230376154742756,288230376153206673,288230376165901003,288230376165900163,140,2026-06-30T02:53:10.000Z,2026-06-30T02:55:30.000Z,69.3,-71.75,57.04,-12.26,0,0.35,3967.34,3965.58,,,SELL,USD,1,1,1583663
D#1702641,XAUUSD,100,288230376154742771,288230376153206739,288230376165901126,288230376165901036,17,2026-06-30T02:55:36.000Z,2026-06-30T02:55:53.000Z,64.05,-66.5,51.79,-12.26,0,0.35,3966.35,3964.74,,,SELL,USD,1,1,1583663
D#1702430,XAUUSD,100,288230376154742786,288230376153206656,288230376165900035,288230376165899967,202,2026-06-30T02:52:39.000Z,2026-06-30T02:56:01.000Z,-42.3,41.599999999999994,-45.8,-3.5,0,0.1,3968.32,3963.87,3964.05,3980.62,BUY,USD,1,1,1583663
D#1671083,XAUUSD,100,288230376154742790,288230376153206682,288230376165900331,288230376165900241,159,2026-06-30T02:53:22.000Z,2026-06-30T02:56:01.000Z,61.4,-62.8,54.4,-7,0,0.2,3966.95,3964.1,3973.97,3964.02,SELL,USD,1,1,1583663
D#1614601,XAUUSD,100,288230376154742800,288230376153206640,288230376165901265,288230376165899729,256,2026-06-30T02:51:58.000Z,2026-06-30T02:56:14.000Z,-29.35,29.0,-31.11,-1.76,0,0.05,3968.83,3962.74,3934.09,4075.76,BUY,USD,1,1,1583663
D#1702641,XAUUSD,100,288230376154742808,288230376153206750,288230376165901289,288230376165901146,21,2026-06-30T02:55:56.000Z,2026-06-30T02:56:17.000Z,64.75,-67.2,52.49,-12.26,0,0.35,3964.47,3962.84,,,SELL,USD,1,1,1583663
D#1702661,XAUUSD,100,288230376154742809,288230376153206468,288230376165896529,288230376165896527,895,2026-06-30T02:41:23.000Z,2026-06-30T02:56:18.000Z,0.5,-1.2000000000000002,-3.0,-3.5,0,0.1,3962.37,3962.2,3962.61,4004.26,BUY,USD,1,1,1583663
D#1702641,XAUUSD,100,288230376154742853,288230376153206768,288230376165901470,288230376165901330,21,2026-06-30T02:56:22.000Z,2026-06-30T02:56:43.000Z,41.3,-43.75,29.04,-12.26,0,0.35,3962.14,3961.18,,,SELL,USD,1,1,1583663
D#1702505,XAUUSD,100,288230376154742897,288230376153206626,288230376165899838,288230376165899494,390,2026-06-30T02:51:14.000Z,2026-06-30T02:57:44.000Z,-6.45,6.38,-6.81,-0.36,0,0.01,3966.53,3959.86,3960.07,,BUY,USD,1,1,1583663
D#1702430,XAUUSD,100,288230376154742975,288230376153206810,288230376165901834,288230376165901832,143,2026-06-30T02:57:52.000Z,2026-06-30T03:00:15.000Z,-52.3,51.599999999999994,-55.8,-3.5,0,0.1,3960.82,3966.27,3965.72,3947.88,SELL,USD,1,1,1583663
D#1702625,XAUUSD,100,288230376154742976,288230376153206818,288230376165902220,288230376165901955,120,2026-06-30T02:58:15.000Z,2026-06-30T03:00:15.000Z,-47,46.3,-50.5,-3.5,0,0.1,3961.35,3966.27,3965.69,3947.54,SELL,USD,1,1,1583663
D#1670973,XAUUSD,100,288230376154743069,288230376153206882,288230376165903239,288230376165903126,66,2026-06-30T03:01:57.000Z,2026-06-30T03:03:03.000Z,-31.1,30.400000000000002,-34.6,-3.5,0,0.1,3965.05,3968.38,3968.23,3959.18,SELL,USD,1,1,1583663
D#1702641,XAUUSD,100,288230376154743067,288230376153206886,288230376165903462,288230376165903275,36,2026-06-30T03:02:27.000Z,2026-06-30T03:03:03.000Z,-77,74.55,-89.26,-12.26,0,0.35,3965.71,3968.13,,,SELL,USD,1,1,1583663
D#1702421,XAUUSD,100,288230376154743102,288230376153206876,288230376165903712,288230376165902983,144,2026-06-30T03:01:26.000Z,2026-06-30T03:03:50.000Z,-176.5,173.0,-194.0,-17.5,0,0.5,3965.01,3968.76,,,SELL,USD,1,1,1583663
D#1670985,XAUUSD,100,288230376154743109,288230376153206875,288230376165903796,288230376165902955,168,2026-06-30T03:01:21.000Z,2026-06-30T03:04:09.000Z,33.7,-34.400000000000006,30.2,-3.5,0,0.1,3965.12,3968.27,,,BUY,USD,1,1,1583663
D#1702641,XAUUSD,100,288230376154743115,288230376153206894,288230376165903869,288230376165903470,80,2026-06-30T03:03:04.000Z,2026-06-30T03:04:24.000Z,-22.4,19.95,-34.66,-12.26,0,0.35,3969.04,3968.18,,,BUY,USD,1,1,1583663
D#1670996,XAUUSD,100,288230376154743130,288230376153206614,288230376165899337,288230376165899335,835,2026-06-30T02:50:48.000Z,2026-06-30T03:04:43.000Z,4.3,-4.6499999999999995,2.54,-1.76,0,0.05,3966.53,3967.17,3967.46,3987.47,BUY,USD,1,1,1583663
D#1702654,XAUUSD,100,288230376154743131,288230376153206833,288230376165902879,288230376165902276,327,2026-06-30T02:59:17.000Z,2026-06-30T03:04:44.000Z,120.25,-122.0,111.49,-8.76,0,0.25,3962.5,3967.09,3967.25,3970.43,BUY,USD,1,1,1583663
D#1702461,XAUUSD,100,288230376154743193,288230376153206858,288230376165904490,288230376165902603,362,2026-06-30T03:00:20.000Z,2026-06-30T03:06:22.000Z,3.35,-3.7,1.59,-1.76,0,0.05,3965.75,3966.2,,,BUY,USD,1,1,1583663
D#1702641,XAUUSD,100,288230376154743209,288230376153206910,288230376165904677,288230376165903879,153,2026-06-30T03:04:26.000Z,2026-06-30T03:06:59.000Z,68.25,-70.7,55.99,-12.26,0,0.35,3967.85,3966.12,,,SELL,USD,1,1,1583663
D#1614603,XAUUSD,100,288230376154743254,288230376153206928,288230376165904300,288230376165904144,279,2026-06-30T03:05:10.000Z,2026-06-30T03:09:49.000Z,5,-6.4,-2.0,-7,0,0.2,3968.4,3968.37,3968.21,3964.78,SELL,USD,1,1,1583663
D#1702529,XAUUSD,100,288230376154743400,288230376153206783,288230376165901879,288230376165901460,1154,2026-06-30T02:56:42.000Z,2026-06-30T03:15:56.000Z,-138,136.95,-143.26,-5.26,0,0.15,3960.88,3970.3,3969.93,3953.6,SELL,USD,1,1,1583663
D#1702737,XAUUSD,100,288230376154743401,288230376153207045,288230376165906297,288230376165906295,194,2026-06-30T03:12:42.000Z,2026-06-30T03:15:56.000Z,-43.2,42.080000000000005,-48.8,-5.6,0,0.16,3967.38,3970.3,3970.19,3941.89,SELL,USD,1,1,1583663
D#1702654,XAUUSD,100,288230376154743405,288230376153206948,288230376165904543,288230376165904417,592,2026-06-30T03:06:05.000Z,2026-06-30T03:15:57.000Z,-61.5,59.75,-70.26,-8.76,0,0.25,3968.17,3970.85,3970.54,3960.37,SELL,USD,1,1,1583663
D#1702541,XAUUSD,100,288230376154743406,288230376153206958,288230376165904610,288230376165904609,551,2026-06-30T03:06:46.000Z,2026-06-30T03:15:57.000Z,-41.3,40.599999999999994,-44.8,-3.5,0,0.1,3966.5,3970.85,3970.61,3956.61,SELL,USD,1,1,1583663
D#1702707,XAUUSD,100,288230376154743429,288230376153207086,288230376165907301,288230376165907199,22,2026-06-30T03:16:13.000Z,2026-06-30T03:16:35.000Z,0.31,-0.38,-0.05,-0.36,0,0.01,3969.02,3968.93,,,SELL,USD,1,1,1583663
D#1670932,XAUUSD,100,288230376154743451,288230376153206558,288230376165898089,288230376165897986,1856,2026-06-30T02:46:06.000Z,2026-06-30T03:17:02.000Z,53.9,-54.25,52.14,-1.76,0,0.05,3960.31,3970.87,3949,3971,BUY,USD,1,1,1583663
D#1670996,XAUUSD,100,288230376154743467,288230376153206915,288230376165904134,288230376165904012,748,2026-06-30T03:04:48.000Z,2026-06-30T03:17:16.000Z,6.95,-7.3,5.19,-1.76,0,0.05,3967.37,3968.54,3968.77,3980.85,BUY,USD,1,1,1583663
D#1702517,XAUUSD,100,288230376154743492,288230376153206713,288230376165907613,288230376165900707,1366,2026-06-30T02:54:44.000Z,2026-06-30T03:17:30.000Z,10.1,-10.799999999999999,6.6,-3.5,0,0.1,3967.51,3968.3,,3972.79,BUY,USD,1,1,1583663
D#1614603,XAUUSD,100,288230376154743574,288230376153207149,288230376165908006,288230376165907905,66,2026-06-30T03:18:28.000Z,2026-06-30T03:19:34.000Z,-21.8,20.400000000000002,-28.8,-7,0,0.2,3968.73,3970.04,3969.8,,SELL,USD,1,1,1583663
D#1702665,XAUUSD,100,288230376154743629,288230376153206418,288230376165908544,288230376165895798,2481,2026-06-30T02:39:08.000Z,2026-06-30T03:20:29.000Z,116.4,-117.45,111.14,-5.26,0,0.15,3961.81,3969.35,3957.36,3971.93,BUY,USD,1,1,1583663
D#1614603,XAUUSD,100,288230376154743718,288230376153207200,288230376165909158,288230376165908581,109,2026-06-30T03:20:35.000Z,2026-06-30T03:22:24.000Z,72.6,-74.0,65.6,-7,0,0.2,3969.81,3966.4,3969.74,,SELL,USD,1,1,1583663
D#1702696,XAUUSD,100,288230376154743765,288230376153207185,288230376165909711,288230376165908426,248,2026-06-30T03:20:08.000Z,2026-06-30T03:24:16.000Z,51.8,-53.199999999999996,44.8,-7,0,0.2,3969.43,3967.06,,,SELL,USD,1,1,1583663
D#1670974,XAUUSD,100,288230376154743772,288230376153205558,288230376165905965,288230376165885442,4552,2026-06-30T02:08:28.000Z,2026-06-30T03:24:20.000Z,0.5,-1.2000000000000002,-3.0,-3.5,0,0.1,3965.38,3965.21,3965.57,,BUY,USD,1,1,1583663
D#1702468,XAUUSD,100,288230376154743773,288230376153207148,288230376165908126,288230376165907895,356,2026-06-30T03:18:25.000Z,2026-06-30T03:24:21.000Z,-107.4,105.30000000000001,-117.9,-10.5,0,0.3,3968.91,3965.11,3965.23,3972.13,BUY,USD,1,1,1583663
D#1671067,XAUUSD,100,288230376154743781,288230376153206156,288230376165909824,288230376165892515,3324,2026-06-30T02:29:13.000Z,2026-06-30T03:24:37.000Z,45.76,-46.879999999999995,40.16,-5.6,0,0.16,3963.77,3966.41,,,BUY,USD,1,1,1583663
D#1670973,XAUUSD,100,288230376154743801,288230376153207010,288230376165905906,288230376165905771,858,2026-06-30T03:10:54.000Z,2026-06-30T03:25:12.000Z,59,-60.4,52.0,-7,0,0.2,3967.32,3964.59,3968.56,3964.4,SELL,USD,1,1,1583663
D#1702541,XAUUSD,100,288230376154743810,288230376153207216,288230376165909004,288230376165908845,229,2026-06-30T03:21:26.000Z,2026-06-30T03:25:15.000Z,-49.8,49.099999999999994,-53.3,-3.5,0,0.1,3969.31,3964.11,3964.2,3979.2,BUY,USD,1,1,1583663
D#1702641,XAUUSD,100,288230376154743815,288230376153206964,288230376165910037,288230376165904687,1099,2026-06-30T03:07:00.000Z,2026-06-30T03:25:19.000Z,57.4,-59.85,45.14,-12.26,0,0.35,3965.8,3964.38,,,SELL,USD,1,1,1583663
D#1702372,XAUUSD,100,288230376154743831,288230376153207142,288230376165910119,288230376165907807,446,2026-06-30T03:18:09.000Z,2026-06-30T03:25:35.000Z,70.2,-71.60000000000001,63.2,-7,0,0.2,3968.18,3964.89,,,SELL,USD,1,1,1583663
D#1702645,XAUUSD,100,288230376154743835,288230376153206951,288230376165910166,288230376165904474,1167,2026-06-30T03:06:18.000Z,2026-06-30T03:25:45.000Z,20.4,-21.799999999999997,13.4,-7,0,0.2,3966.25,3965.45,,,SELL,USD,1,1,1583663
D#1702645,XAUUSD,100,288230376154743866,288230376153207299,288230376165910446,288230376165910285,29,2026-06-30T03:26:06.000Z,2026-06-30T03:26:35.000Z,13.5,-17.0,-4.0,-17.5,0,0.5,3966.38,3966.43,,,BUY,USD,1,1,1583663
D#1671067,XAUUSD,100,288230376154743905,288230376153207304,288230376165910764,288230376165910342,82,2026-06-30T03:26:14.000Z,2026-06-30T03:27:36.000Z,-20.8,19.68,-26.4,-5.6,0,0.16,3966.49,3964.97,,,BUY,USD,1,1,1583663
D#1702645,XAUUSD,100,288230376154743946,288230376153207338,288230376165911025,288230376165910889,23,2026-06-30T03:28:03.000Z,2026-06-30T03:28:26.000Z,84,-87.5,66.5,-17.5,0,0.5,3965.9,3964.44,,,SELL,USD,1,1,1583663
D#1702418,XAUUSD,100,288230376154743953,288230376153206850,288230376165910188,288230376165902548,1704,2026-06-30T03:00:12.000Z,2026-06-30T03:28:36.000Z,-1.4,0.6999999999999998,-4.9,-3.5,0,0.1,3963.78,3963.42,3964.02,3975.21,BUY,USD,1,1,1583663
D#1702665,XAUUSD,100,288230376154743954,288230376153207258,288230376165910320,288230376165909540,299,2026-06-30T03:23:37.000Z,2026-06-30T03:28:36.000Z,-103,101.6,-110.0,-7,0,0.2,3968.79,3963.42,3964,3976.16,BUY,USD,1,1,1583663
D#1670996,XAUUSD,100,288230376154743960,288230376153207114,288230376165907674,288230376165907572,676,2026-06-30T03:17:21.000Z,2026-06-30T03:28:37.000Z,-26.9,26.549999999999997,-28.66,-1.76,0,0.05,3968.74,3963.14,3963.37,3979.19,BUY,USD,1,1,1583663
D#1670973,XAUUSD,100,288230376154744007,288230376153207353,288230376165911190,288230376165911112,85,2026-06-30T03:28:41.000Z,2026-06-30T03:30:06.000Z,-55.8,53.699999999999996,-66.3,-10.5,0,0.3,3964.14,3966.22,3966.11,3962.16,SELL,USD,1,1,1583663
D#1670951,XAUUSD,100,288230376154744032,288230376153207332,288230376165911348,288230376165910799,162,2026-06-30T03:27:44.000Z,2026-06-30T03:30:26.000Z,-25.2,24.5,-28.7,-3.5,0,0.1,3965.77,3963.03,3963.7,3970.53,BUY,USD,1,1,1583663
D#1614603,XAUUSD,100,288230376154744031,288230376153207383,288230376165911645,288230376165911527,20,2026-06-30T03:30:06.000Z,2026-06-30T03:30:26.000Z,-54.8,53.4,-61.8,-7,0,0.2,3966.62,3963.66,3963.99,,BUY,USD,1,1,1583663
D#1702625,XAUUSD,100,288230376154744054,288230376153206885,288230376165903443,288230376165903248,1717,2026-06-30T03:02:21.000Z,2026-06-30T03:30:58.000Z,-33.8,33.099999999999994,-37.3,-3.5,0,0.1,3966.03,3962.43,3962.77,3991.23,BUY,USD,1,1,1583663
D#1702696,XAUUSD,100,288230376154744056,288230376153207297,288230376165911854,288230376165910262,296,2026-06-30T03:26:02.000Z,2026-06-30T03:30:58.000Z,-70.2,68.8,-77.2,-7,0,0.2,3966.31,3962.58,,,BUY,USD,1,1,1583663
D#1702641,XAUUSD,100,288230376154744058,288230376153207284,288230376165911861,288230376165910046,338,2026-06-30T03:25:21.000Z,2026-06-30T03:30:59.000Z,72.8,-75.25,60.54,-12.26,0,0.35,3964.45,3962.59,,,SELL,USD,1,1,1583663
D#1702468,XAUUSD,100,288230376154744062,288230376153207308,288230376165910528,288230376165910401,273,2026-06-30T03:26:27.000Z,2026-06-30T03:31:00.000Z,-88.4,87.0,-95.4,-7,0,0.2,3966.83,3962.19,3962.39,3972.47,BUY,USD,1,1,1583663
D#1702435,XAUUSD,100,288230376154744075,288230376153206989,288230376165911937,288230376165905468,1278,2026-06-30T03:09:52.000Z,2026-06-30T03:31:10.000Z,-235.2,232.39999999999998,-249.2,-14,0,0.4,3969.03,3962.93,,3971.18,BUY,USD,1,1,1583663
D#1614601,XAUUSD,100,288230376154744098,288230376153207312,288230376165912114,288230376165910425,310,2026-06-30T03:26:31.000Z,2026-06-30T03:31:41.000Z,-40.5,39.8,-44.0,-3.5,0,0.1,3966.69,3962.42,3947.55,4008.25,BUY,USD,1,1,1583663
D#1702641,XAUUSD,100,288230376154744105,288230376153207411,288230376165912141,288230376165911879,43,2026-06-30T03:31:02.000Z,2026-06-30T03:31:45.000Z,39.9,-42.35,27.64,-12.26,0,0.35,3963.4,3962.48,,,SELL,USD,1,1,1583663
D#1670973,XAUUSD,100,288230376154744111,288230376153207400,288230376165911867,288230376165911715,77,2026-06-30T03:30:32.000Z,2026-06-30T03:31:49.000Z,-79.8,77.7,-90.3,-10.5,0,0.3,3964.59,3961.71,3962.19,3966.49,BUY,USD,1,1,1583663
D#1702665,XAUUSD,100,288230376154744116,288230376153207362,288230376165911357,288230376165911233,165,2026-06-30T03:29:05.000Z,2026-06-30T03:31:50.000Z,-65.6,64.19999999999999,-72.6,-7,0,0.2,3964.99,3961.49,3961.52,3972.49,BUY,USD,1,1,1583663
D#1702661,XAUUSD,100,288230376154744121,288230376153206940,288230376165904249,288230376165904248,1585,2026-06-30T03:05:31.000Z,2026-06-30T03:31:56.000Z,-66.8,66.1,-70.3,-3.5,0,0.1,3968.2,3961.3,3961.47,4010.09,BUY,USD,1,1,1583663
D#1614601,XAUUSD,100,288230376154744137,288230376153207444,288230376165912285,288230376165912154,24,2026-06-30T03:31:47.000Z,2026-06-30T03:32:11.000Z,16.8,-18.2,9.8,-7,0,0.2,3962.18,3961.56,,,SELL,USD,1,1,1583663
D#1702641,XAUUSD,100,288230376154744195,288230376153207445,288230376165912771,288230376165912177,117,2026-06-30T03:31:51.000Z,2026-06-30T03:33:48.000Z,11.9,-14.35,-0.36,-12.26,0,0.35,3961.59,3961.47,,,SELL,USD,1,1,1583663
D#1670973,XAUUSD,100,288230376154744202,288230376153207466,288230376165912544,288230376165912449,82,2026-06-30T03:32:41.000Z,2026-06-30T03:34:03.000Z,-36.2,34.800000000000004,-43.2,-7,0,0.2,3962.38,3960.35,3960.59,3965.3,BUY,USD,1,1,1583663
D#1671067,XAUUSD,100,288230376154744217,288230376153207334,288230376165912880,288230376165910827,378,2026-06-30T03:27:50.000Z,2026-06-30T03:34:08.000Z,87.84,-88.96000000000001,82.24,-5.6,0,0.16,3965.67,3960.4,,,SELL,USD,1,1,1583663
D#1702529,XAUUSD,100,288230376154744257,288230376153207479,288230376165913052,288230376165912686,86,2026-06-30T03:33:30.000Z,2026-06-30T03:34:56.000Z,7.5,-8.55,2.24,-5.26,0,0.15,3961.61,3961.33,3961.22,,SELL,USD,1,1,1583663
D#1702641,XAUUSD,100,288230376154744283,288230376153207513,288230376165913286,288230376165913153,25,2026-06-30T03:35:00.000Z,2026-06-30T03:35:25.000Z,-24.85,22.400000000000002,-37.11,-12.26,0,0.35,3961.29,3962.22,,,SELL,USD,1,1,1583663
D#1702696,XAUUSD,100,288230376154744284,288230376153207469,288230376165913290,288230376165912516,155,2026-06-30T03:32:51.000Z,2026-06-30T03:35:26.000Z,-7.8,5.699999999999999,-18.3,-10.5,0,0.3,3962.54,3962.06,,3972.43,BUY,USD,1,1,1583663
D#1702745,XAUUSD,100,288230376154744288,288230376153206861,288230376165913363,288230376165902671,2109,2026-06-30T03:00:32.000Z,2026-06-30T03:35:41.000Z,6.68,-6.819999999999999,5.98,-0.7,0,0.02,3965.28,3962.16,,,SELL,USD,1,1,1583663
D#1702727,XAUUSD,100,288230376154744295,288230376153207050,288230376165913481,288230376165906419,1381,2026-06-30T03:13:07.000Z,2026-06-30T03:36:08.000Z,128.6,-130.0,121.6,-7,0,0.2,3967.53,3961.32,3967.6,3946.67,SELL,USD,1,1,1583663
D#1702641,XAUUSD,100,288230376154744343,288230376153207532,288230376165913617,288230376165913449,32,2026-06-30T03:36:02.000Z,2026-06-30T03:36:34.000Z,-90.65,88.2,-102.91,-12.26,0,0.35,3961.21,3964.02,,,SELL,USD,1,1,1583663
D#1614600,XAUUSD,100,288230376154744347,288230376153207524,288230376165913470,288230376165913254,77,2026-06-30T03:35:20.000Z,2026-06-30T03:36:37.000Z,100.8,-104.72,81.2,-19.6,0,0.56,3962.38,3963.96,,3964.04,BUY,USD,1,1,1583663
D#1614601,XAUUSD,100,288230376154744370,288230376153207456,288230376165913732,288230376165912303,277,2026-06-30T03:32:14.000Z,2026-06-30T03:36:51.000Z,-134.8,132.0,-148.8,-14,0,0.4,3961.17,3964.76,,3957.14,SELL,USD,1,1,1583663
D#1702645,XAUUSD,100,288230376154744376,288230376153207408,288230376165913751,288230376165911845,357,2026-06-30T03:30:57.000Z,2026-06-30T03:36:54.000Z,77,-80.5,59.5,-17.5,0,0.5,3963.38,3964.7,,,BUY,USD,1,1,1583663
D#1670973,XAUUSD,100,288230376154744461,288230376153207544,288230376165914470,288230376165913607,163,2026-06-30T03:36:32.000Z,2026-06-30T03:39:15.000Z,20,-21.4,13.0,-7,0,0.2,3963.73,3964.51,3960.27,3966.66,BUY,USD,1,1,1583663
D#1614600,XAUUSD,100,288230376154744549,288230376153207558,288230376165913886,288230376165913758,276,2026-06-30T03:36:55.000Z,2026-06-30T03:41:31.000Z,95.76,-99.68,76.16,-19.6,0,0.56,3964.79,3963.3,,3963.24,SELL,USD,1,1,1583663
D#1702641,XAUUSD,100,288230376154744552,288230376153207547,288230376165915128,288230376165913632,299,2026-06-30T03:36:35.000Z,2026-06-30T03:41:34.000Z,-18.9,16.45,-31.16,-12.26,0,0.35,3964.24,3963.48,,,BUY,USD,1,1,1583663
D#1702641,XAUUSD,100,288230376154744557,288230376153207654,288230376165915159,288230376165915136,4,2026-06-30T03:41:36.000Z,2026-06-30T03:41:40.000Z,1.75,-4.199999999999999,-10.51,-12.26,0,0.35,3963.77,3963.94,,,SELL,USD,1,1,1583663
D#1702645,XAUUSD,100,288230376154744563,288230376153207601,288230376165915201,288230376165914426,159,2026-06-30T03:39:07.000Z,2026-06-30T03:41:46.000Z,47,-50.5,29.5,-17.5,0,0.5,3964.26,3963.54,,,SELL,USD,1,1,1583663
D#1702727,XAUUSD,100,288230376154744594,288230376153207535,288230376165915367,288230376165913526,366,2026-06-30T03:36:16.000Z,2026-06-30T03:42:22.000Z,-33.3,31.199999999999996,-43.8,-10.5,0,0.3,3961.95,3963.28,3967.22,3952.25,SELL,USD,1,1,1583663
D#1702541,XAUUSD,100,288230376154744608,288230376153207511,288230376165915510,288230376165913139,471,2026-06-30T03:34:58.000Z,2026-06-30T03:42:49.000Z,20.8,-21.5,17.3,-3.5,0,0.1,3961.42,3963.28,3956.28,3971.28,BUY,USD,1,1,1583663
D#1614603,XAUUSD,100,288230376154744622,288230376153207438,288230376165914570,288230376165912127,694,2026-06-30T03:31:43.000Z,2026-06-30T03:43:17.000Z,4.62,-6.09,-2.74,-7.36,0,0.21,3962.47,3962.47,3962.61,3967.17,BUY,USD,1,1,1583663
D#1702641,XAUUSD,100,288230376154744627,288230376153207661,288230376165915678,288230376165915219,94,2026-06-30T03:41:51.000Z,2026-06-30T03:43:25.000Z,26.5,-30.0,9.0,-17.5,0,0.5,3963.47,3963.16,,,SELL,USD,1,1,1583663
D#1702706,XAUUSD,100,288230376154744642,288230376153207678,288230376165915898,288230376165915508,92,2026-06-30T03:42:49.000Z,2026-06-30T03:44:21.000Z,0.02,-0.09000000000000001,-0.34,-0.36,0,0.01,3963.51,3963.31,,,BUY,USD,1,1,1583663
D#1702464,XAUUSD,100,288230376154744647,288230376153205643,288230376165915963,288230376165886337,5628,2026-06-30T02:10:48.000Z,2026-06-30T03:44:36.000Z,18.35,-18.700000000000003,16.59,-1.76,0,0.05,3959.6,3963.05,3948.64,4000.36,BUY,USD,1,1,1583663
D#1702645,XAUUSD,100,288230376154744665,288230376153207662,288230376165916149,288230376165915225,206,2026-06-30T03:41:52.000Z,2026-06-30T03:45:18.000Z,60,-63.5,42.5,-17.5,0,0.5,3963.72,3964.7,,,BUY,USD,1,1,1583663
D#1702555,XAUUSD,100,288230376154744675,288230376153207630,288230376165916199,288230376165914864,289,2026-06-30T03:40:37.000Z,2026-06-30T03:45:26.000Z,45.6,-48.4,31.6,-14,0,0.4,3963.93,3964.85,,,BUY,USD,1,1,1583663
D#1614600,XAUUSD,100,288230376154744679,288230376153207660,288230376165915480,288230376165915208,222,2026-06-30T03:41:48.000Z,2026-06-30T03:45:30.000Z,100.24,-104.16,80.64,-19.6,0,0.56,3963.56,3965.13,,3965.31,BUY,USD,1,1,1583663
D#1702448,XAUUSD,100,288230376154744688,288230376153207687,288230376165915649,288230376165915511,147,2026-06-30T03:43:18.000Z,2026-06-30T03:45:45.000Z,-166,162.5,-183.5,-17.5,0,0.5,3962.44,3965.98,3965.8,3960.61,SELL,USD,1,1,1583663
D#1702727,XAUUSD,100,288230376154744697,288230376153207671,288230376165915474,288230376165915376,218,2026-06-30T03:42:23.000Z,2026-06-30T03:46:01.000Z,-128,125.2,-142.0,-14,0,0.4,3963.06,3966.48,3966.36,3954.63,SELL,USD,1,1,1583663
D#1702737,XAUUSD,100,288230376154744730,288230376153207684,288230376165915582,288230376165915578,232,2026-06-30T03:43:05.000Z,2026-06-30T03:46:57.000Z,-46.35,45.300000000000004,-51.61,-5.26,0,0.15,3963.62,3966.93,3966.81,3930.47,SELL,USD,1,1,1583663
D#1670973,XAUUSD,100,288230376154744737,288230376153207636,288230376165915037,288230376165914913,379,2026-06-30T03:40:47.000Z,2026-06-30T03:47:06.000Z,69.6,-71.0,62.6,-7,0,0.2,3964.2,3967.46,3962.02,3967.13,BUY,USD,1,1,1583663
D#1670993,XAUUSD,100,288230376154744738,288230376153207653,288230376165916684,288230376165915125,332,2026-06-30T03:41:34.000Z,2026-06-30T03:47:06.000Z,80.6,-82.0,73.6,-7,0,0.2,3963.65,3967.46,,,BUY,USD,1,1,1583663
D#1702448,XAUUSD,100,288230376154744750,288230376153207755,288230376165916759,288230376165916659,15,2026-06-30T03:47:06.000Z,2026-06-30T03:47:21.000Z,-11.5,8.0,-29.0,-17.5,0,0.5,3967.66,3967.21,,,BUY,USD,1,1,1583663
D#1702696,XAUUSD,100,288230376154744754,288230376153207529,288230376165916773,288230376165913317,711,2026-06-30T03:35:31.000Z,2026-06-30T03:47:22.000Z,-162,159.9,-172.5,-10.5,0,0.3,3961.89,3967.51,,,SELL,USD,1,1,1583663
D#1614603,XAUUSD,100,288230376154744764,288230376153207696,288230376165916928,288230376165915872,218,2026-06-30T03:44:14.000Z,2026-06-30T03:47:52.000Z,79.8,-81.27,72.44,-7.36,0,0.21,3963.8,3967.38,,,BUY,USD,1,1,1583663
D#1702727,XAUUSD,100,288230376154744779,288230376153207776,288230376165917061,288230376165917045,3,2026-06-30T03:48:14.000Z,2026-06-30T03:48:17.000Z,-10,7.199999999999999,-24.0,-14,0,0.4,3967.81,3968.28,,,SELL,USD,1,1,1583663
D#1702597,XAUUSD,100,288230376154744804,288230376153207726,288230376165917280,288230376165916254,206,2026-06-30T03:45:37.000Z,2026-06-30T03:49:03.000Z,1.98,-2.05,1.62,-0.36,0,0.01,3965.28,3967.04,3965.64,3969.54,BUY,USD,1,1,1583663
D#1702555,XAUUSD,100,288230376154744832,288230376153207740,288230376165917529,288230376165916500,215,2026-06-30T03:46:27.000Z,2026-06-30T03:50:02.000Z,117,-120.5,99.5,-17.5,0,0.5,3966.48,3968.6,,,BUY,USD,1,1,1583663
D#1702641,XAUUSD,100,288230376154744856,288230376153207691,288230376165917650,288230376165915706,410,2026-06-30T03:43:31.000Z,2026-06-30T03:50:21.000Z,-270,266.5,-287.5,-17.5,0,0.5,3963.1,3968.72,,,SELL,USD,1,1,1583663
D#1702645,XAUUSD,100,288230376154744905,288230376153207723,288230376165918109,288230376165916233,392,2026-06-30T03:45:32.000Z,2026-06-30T03:52:04.000Z,-202,198.5,-219.5,-17.5,0,0.5,3965.16,3969.42,,,SELL,USD,1,1,1583663
D#1702555,XAUUSD,100,288230376154744935,288230376153207826,288230376165918297,288230376165917937,79,2026-06-30T03:51:27.000Z,2026-06-30T03:52:46.000Z,103,-106.5,85.5,-17.5,0,0.5,3967.7,3969.54,,,BUY,USD,1,1,1583663
D#1670996,XAUUSD,100,288230376154744985,288230376153207367,288230376165911561,288230376165911290,1449,2026-06-30T03:29:17.000Z,2026-06-30T03:53:26.000Z,15.95,-16.3,14.19,-1.76,0,0.05,3965.28,3968.25,3968.37,3979.27,BUY,USD,1,1,1583663
D#1670973,XAUUSD,100,288230376154744987,288230376153207773,288230376165917144,288230376165917026,318,2026-06-30T03:48:10.000Z,2026-06-30T03:53:28.000Z,0.6,-2.0,-6.4,-7,0,0.2,3968.12,3967.93,3968.03,3971.07,BUY,USD,1,1,1583663
D#1702727,XAUUSD,100,288230376154744997,288230376153207783,288230376165918614,288230376165917194,304,2026-06-30T03:48:45.000Z,2026-06-30T03:53:49.000Z,29.4,-33.6,8.4,-21,0,0.6,3967.91,3968.18,3966.14,3971.42,BUY,USD,1,1,1583663
D#1702727,XAUUSD,100,288230376154745001,288230376153207892,288230376165918640,288230376165918626,3,2026-06-30T03:53:50.000Z,2026-06-30T03:53:53.000Z,2.4,-6.6,-18.6,-21,0,0.6,3968.48,3968.3,,,BUY,USD,1,1,1583663
D#1702597,XAUUSD,100,288230376154745042,288230376153207799,288230376165917817,288230376165917491,307,2026-06-30T03:49:54.000Z,2026-06-30T03:55:01.000Z,-59.92,56.0,-79.52,-19.6,0,0.56,3968.02,3966.73,3966.94,3971.64,BUY,USD,1,1,1583663
D#1702742,XAUUSD,100,288230376154745074,288230376153207841,288230376165919209,288230376165918159,214,2026-06-30T03:52:15.000Z,2026-06-30T03:55:49.000Z,53.2,-54.6,46.2,-7,0,0.2,3969.3,3966.86,,,SELL,USD,1,1,1583663
D#1702727,XAUUSD,100,288230376154745096,288230376153207912,288230376165919401,288230376165918954,87,2026-06-30T03:55:02.000Z,2026-06-30T03:56:29.000Z,-129,124.8,-150.0,-21,0,0.6,3967.05,3969.42,3972.21,3960.15,SELL,USD,1,1,1583663
D#1702665,XAUUSD,100,288230376154745108,288230376153207484,288230376165912960,288230376165912776,1373,2026-06-30T03:33:49.000Z,2026-06-30T03:56:42.000Z,-92.4,91.7,-95.9,-3.5,0,0.1,3961.33,3970.79,3970.57,3946.88,SELL,USD,1,1,1583663
D#1670955,XAUUSD,100,288230376154745135,288230376153207451,288230376165912824,288230376165912271,1574,2026-06-30T03:32:08.000Z,2026-06-30T03:58:22.000Z,90.3,-91.0,86.8,-3.5,0,0.1,3961.86,3970.67,3958.44,3970.74,BUY,USD,1,1,1583663
D#1702613,XAUUSD,100,288230376154745140,288230376153207903,288230376165919938,288230376165918837,231,2026-06-30T03:54:37.000Z,2026-06-30T03:58:28.000Z,-47,45.6,-54.0,-7,0,0.2,3968.43,3971,3974.32,3965.45,SELL,USD,1,1,1583663
D#1702654,XAUUSD,100,288230376154745147,288230376153207291,288230376165920001,288230376165910122,1984,2026-06-30T03:25:36.000Z,2026-06-30T03:58:40.000Z,-225.2,222.39999999999998,-239.2,-14,0,0.4,3964.59,3970.44,3971.03,3958.06,SELL,USD,1,1,1583663
D#1702555,XAUUSD,100,288230376154745146,288230376153207870,288230376165919997,288230376165918468,325,2026-06-30T03:53:15.000Z,2026-06-30T03:58:40.000Z,88.5,-92.0,71.0,-17.5,0,0.5,3968.73,3970.28,,,BUY,USD,1,1,1583663
D#1702505,XAUUSD,100,288230376154745155,288230376153207279,288230376165920069,288230376165909432,2020,2026-06-30T03:25:15.000Z,2026-06-30T03:58:55.000Z,-63.3,62.599999999999994,-66.8,-3.5,0,0.1,3964.13,3970.68,3974.89,,SELL,USD,1,1,1583663
D#1702731,XAUUSD,100,288230376154745154,288230376153207923,288230376165920070,288230376165919147,198,2026-06-30T03:55:37.000Z,2026-06-30T03:58:55.000Z,120.8,-123.6,106.8,-14,0,0.4,3967.68,3970.48,,3971.09,BUY,USD,1,1,1583663
D#1702418,XAUUSD,100,288230376154745161,288230376153207581,288230376165914441,288230376165914071,1277,2026-06-30T03:37:53.000Z,2026-06-30T03:59:10.000Z,113.43,-114.76,106.77,-6.66,0,0.19,3965.24,3970.99,,3971.12,BUY,USD,1,1,1583663
D#1670996,XAUUSD,100,288230376154745184,288230376153207887,288230376165918647,288230376165918566,383,2026-06-30T03:53:35.000Z,2026-06-30T03:59:58.000Z,4.6,-4.949999999999999,2.84,-1.76,0,0.05,3968.89,3969.59,3969.71,3980.73,BUY,USD,1,1,1583663
D#1702459,XAUUSD,100,288230376154745189,288230376153207722,288230376165920361,288230376165916218,876,2026-06-30T03:45:29.000Z,2026-06-30T04:00:05.000Z,123.5,-125.25,114.74,-8.76,0,0.25,3965.21,3969.93,3965.32,3979.63,BUY,USD,1,1,1583663
D#1702737,XAUUSD,100,288230376154745205,288230376153207819,288230376165917845,288230376165917843,584,2026-06-30T03:51:04.000Z,2026-06-30T04:00:48.000Z,-45,43.95,-50.26,-5.26,0,0.15,3968.22,3971.44,3971.19,3934.85,SELL,USD,1,1,1583663
D#1614603,XAUUSD,100,288230376154745204,288230376153207962,288230376165919865,288230376165919805,170,2026-06-30T03:57:58.000Z,2026-06-30T04:00:48.000Z,-37.2,35.800000000000004,-44.2,-7,0,0.2,3969.36,3971.44,3971.16,,SELL,USD,1,1,1583663
D#1702390,XAUUSD,100,288230376154745214,288230376153207737,288230376165916893,288230376165916423,882,2026-06-30T03:46:07.000Z,2026-06-30T04:00:49.000Z,125.12,-126.73,117.06,-8.06,0,0.23,3966.46,3971.68,3964.31,3971.53,BUY,USD,1,1,1583663
D#1702430,XAUUSD,100,288230376154745224,288230376153206891,288230376165903422,288230376165903420,3478,2026-06-30T03:02:55.000Z,2026-06-30T04:00:53.000Z,-52.8,52.099999999999994,-56.3,-3.5,0,0.1,3966.84,3972.34,3971.88,3954.06,SELL,USD,1,1,1583663
D#1702454,XAUUSD,100,288230376154745233,288230376153206770,288230376165901496,288230376165901351,3879,2026-06-30T02:56:25.000Z,2026-06-30T04:01:04.000Z,-155.85,154.79999999999998,-161.11,-5.26,0,0.15,3962.17,3972.78,3972.77,3953.56,SELL,USD,1,1,1583663
D#1702597,XAUUSD,100,288230376154745259,288230376153207926,288230376165919341,288230376165919167,345,2026-06-30T03:55:41.000Z,2026-06-30T04:01:26.000Z,242.55,-246.4,223.29,-19.26,0,0.55,3967.38,3971.57,3971.81,,BUY,USD,1,1,1583663
D#1702551,XAUUSD,100,288230376154745272,288230376153205287,288230376165883896,288230376165882089,7351,2026-06-30T01:58:58.000Z,2026-06-30T04:01:29.000Z,-29.05,28.7,-30.81,-1.76,0,0.05,3967.56,3973.59,3973.22,3930.25,SELL,USD,1,1,1583663
D#1702337,XAUUSD,100,288230376154745276,288230376153207273,288230376165909945,288230376165909943,2187,2026-06-30T03:25:03.000Z,2026-06-30T04:01:30.000Z,-24.99,24.779999999999998,-26.05,-1.06,0,0.03,3965.04,3973.59,3973.31,3959.84,SELL,USD,1,1,1583663
D#1702502,XAUUSD,100,288230376154745281,288230376153207935,288230376165919610,288230376165919293,325,2026-06-30T03:56:05.000Z,2026-06-30T04:01:30.000Z,-10.98,10.84,-11.68,-0.7,0,0.02,3968.26,3973.97,3973.54,3944.98,SELL,USD,1,1,1583663
D#1702689,XAUUSD,100,288230376154745308,288230376153206602,288230376165899290,288230376165899108,4289,2026-06-30T02:50:04.000Z,2026-06-30T04:01:33.000Z,-101.8,101.1,-105.3,-3.5,0,0.1,3964.25,3974.65,3974.36,3954.36,SELL,USD,1,1,1583663
D#1702570,XAUUSD,100,288230376154745311,288230376153207970,288230376165919962,288230376165919960,180,2026-06-30T03:58:33.000Z,2026-06-30T04:01:33.000Z,142,-144.8,128.0,-14,0,0.4,3971.02,3974.35,,3974.38,BUY,USD,1,1,1583663
D#1702426,XAUUSD,100,288230376154745315,288230376153206167,288230376165892662,288230376165892660,5509,2026-06-30T02:29:45.000Z,2026-06-30T04:01:34.000Z,-211.99,210.8,-217.95,-5.96,0,0.17,3962.34,3975.03,3974.6,3938.49,SELL,USD,1,1,1583663
D#1702731,XAUUSD,100,288230376154745324,288230376153207999,288230376165920840,288230376165920465,68,2026-06-30T04:00:28.000Z,2026-06-30T04:01:36.000Z,218.8,-221.60000000000002,204.8,-14,0,0.4,3969.56,3974.81,,,BUY,USD,1,1,1583663
D#1702445,XAUUSD,100,288230376154745330,288230376153205805,288230376165920871,288230376165888160,6366,2026-06-30T02:15:35.000Z,2026-06-30T04:01:41.000Z,-160.2,159.5,-163.7,-3.5,0,0.1,3958.34,3974.58,,,SELL,USD,1,1,1583663
D#1614600,XAUUSD,100,288230376154745354,288230376153207754,288230376165921012,288230376165916677,889,2026-06-30T03:47:04.000Z,2026-06-30T04:01:53.000Z,-423.36,419.44,-442.96,-19.6,0,0.56,3966.73,3974.51,,3965.22,SELL,USD,1,1,1583663
D#1702555,XAUUSD,100,288230376154745357,288230376153208008,288230376165921020,288230376165920604,55,2026-06-30T04:00:59.000Z,2026-06-30T04:01:54.000Z,135,-138.5,117.5,-17.5,0,0.5,3972.2,3974.68,,,BUY,USD,1,1,1583663
D#1670996,XAUUSD,100,288230376154745395,288230376153207993,288230376165920474,288230376165920366,149,2026-06-30T04:00:06.000Z,2026-06-30T04:02:35.000Z,15.8,-16.150000000000002,14.04,-1.76,0,0.05,3970.13,3973.07,3973.18,3980.78,BUY,USD,1,1,1583663
D#1702597,XAUUSD,100,288230376154745447,288230376153208070,288230376165921453,288230376165921318,87,2026-06-30T04:02:46.000Z,2026-06-30T04:04:13.000Z,7.02,-10.8,-11.88,-18.9,0,0.54,3973.29,3973.2,3973.41,,BUY,USD,1,1,1583663
D#1702337,XAUUSD,100,288230376154745450,288230376153208079,288230376165921780,288230376165921426,72,2026-06-30T04:03:05.000Z,2026-06-30T04:04:17.000Z,-3.05,2.6999999999999997,-4.81,-1.76,0,0.05,3972.32,3973.15,3980.83,3953.35,SELL,USD,1,1,1583663
D#1702570,XAUUSD,100,288230376154745455,288230376153208081,288230376165921812,288230376165921439,76,2026-06-30T04:03:07.000Z,2026-06-30T04:04:23.000Z,14.4,-17.2,0.4,-14,0,0.4,3972.34,3972.2,,,SELL,USD,1,1,1583663
D#1614603,XAUUSD,100,288230376154745458,288230376153208057,288230376165921834,288230376165921140,131,2026-06-30T04:02:16.000Z,2026-06-30T04:04:27.000Z,-40.2,38.800000000000004,-47.2,-7,0,0.2,3974.22,3971.99,3971,,BUY,USD,1,1,1583663
D#1671067,XAUUSD,100,288230376154745540,288230376153207925,288230376165922375,288230376165919155,624,2026-06-30T03:55:38.000Z,2026-06-30T04:06:02.000Z,-64.32,63.199999999999996,-69.92,-5.6,0,0.16,3967.35,3971.59,,,SELL,USD,1,1,1583663
D#1702570,XAUUSD,100,288230376154745574,288230376153208140,288230376165922731,288230376165922244,100,2026-06-30T04:05:38.000Z,2026-06-30T04:07:18.000Z,4.4,-7.200000000000001,-9.6,-14,0,0.4,3970.12,3970.23,,,SELL,USD,1,1,1583663
D#1702746,XAUUSD,100,288230376154745595,288230376153207257,288230376165912932,288230376165909484,2669,2026-06-30T03:23:22.000Z,2026-06-30T04:07:51.000Z,0.51,-0.72,-0.55,-1.06,0,0.03,3969.3,3969.25,3969.44,3990.65,BUY,USD,1,1,1583663
D#1702613,XAUUSD,100,288230376154745599,288230376153208016,288230376165920834,288230376165920678,402,2026-06-30T04:01:11.000Z,2026-06-30T04:07:53.000Z,74,-75.75,65.24,-8.76,0,0.25,3971.91,3969.17,3977.25,3969.21,SELL,USD,1,1,1583663
D#1702461,XAUUSD,100,288230376154745604,288230376153207005,288230376165922906,288230376165905706,3436,2026-06-30T03:10:39.000Z,2026-06-30T04:07:55.000Z,7.15,-7.5,5.39,-1.76,0,0.05,3967.77,3968.98,,,BUY,USD,1,1,1583663
D#1702456,XAUUSD,100,288230376154745610,288230376153208102,288230376165922966,288230376165921744,239,2026-06-30T04:04:11.000Z,2026-06-30T04:08:10.000Z,-208.5,205.0,-226.0,-17.5,0,0.5,3973.56,3969.17,,3975.52,BUY,USD,1,1,1583663
D#1702597,XAUUSD,100,288230376154745631,288230376153208149,288230376165922451,288230376165922331,182,2026-06-30T04:05:53.000Z,2026-06-30T04:08:55.000Z,25.44,-29.150000000000002,6.88,-18.56,0,0.53,3970.48,3970.22,3969.33,3967.13,SELL,USD,1,1,1583663
D#1702645,XAUUSD,100,288230376154745634,288230376153208200,288230376165923205,288230376165923057,32,2026-06-30T04:08:29.000Z,2026-06-30T04:09:01.000Z,80.5,-84.0,63.0,-17.5,0,0.5,3968.58,3969.97,,,BUY,USD,1,1,1583663
D#1702731,XAUUSD,100,288230376154745670,288230376153208150,288230376165923449,288230376165922339,238,2026-06-30T04:05:54.000Z,2026-06-30T04:09:52.000Z,-72,69.2,-86.0,-14,0,0.4,3970.63,3968.61,,3972.98,BUY,USD,1,1,1583663
D#1702570,XAUUSD,100,288230376154745676,288230376153208202,288230376165923515,288230376165923066,96,2026-06-30T04:08:31.000Z,2026-06-30T04:10:07.000Z,-30.4,27.599999999999998,-44.4,-14,0,0.4,3968.31,3969.29,,,SELL,USD,1,1,1583663
D#1702645,XAUUSD,100,288230376154745703,288230376153208211,288230376165923752,288230376165923311,86,2026-06-30T04:09:25.000Z,2026-06-30T04:10:51.000Z,59.5,-63.0,42.0,-17.5,0,0.5,3969.53,3970.5,,,BUY,USD,1,1,1583663
D#1614603,XAUUSD,100,288230376154745704,288230376153208108,288230376165923758,288230376165921873,380,2026-06-30T04:04:32.000Z,2026-06-30T04:10:52.000Z,28,-29.4,21.0,-7,0,0.2,3971.88,3970.7,,3966.72,SELL,USD,1,1,1583663
D#1702454,XAUUSD,100,288230376154745714,288230376153208218,288230376165923835,288230376165923381,91,2026-06-30T04:09:39.000Z,2026-06-30T04:11:10.000Z,-36.45,35.400000000000006,-41.71,-5.26,0,0.15,3968.5,3971.15,3975.65,3959.4,SELL,USD,1,1,1583663
D#1702460,XAUUSD,100,288230376154745738,288230376153205980,288230376165924025,288230376165890245,6598,2026-06-30T02:22:01.000Z,2026-06-30T04:11:59.000Z,142.5,-143.2,139.0,-3.5,0,0.1,3956.96,3970.99,3957.83,3989.44,BUY,USD,1,1,1583663
D#1702579,XAUUSD,100,288230376154745749,288230376153208147,288230376165924122,288230376165922326,384,2026-06-30T04:05:52.000Z,2026-06-30T04:12:16.000Z,2.05,-2.4,0.29,-1.76,0,0.05,3970.65,3970.84,3949.63,4052.27,BUY,USD,1,1,1583663
D#1702731,XAUUSD,100,288230376154745770,288230376153208248,288230376165924016,288230376165923686,153,2026-06-30T04:10:36.000Z,2026-06-30T04:13:09.000Z,82.8,-85.6,68.8,-14,0,0.4,3970.06,3971.91,,3972,BUY,USD,1,1,1583663
D#1702579,XAUUSD,100,288230376154745813,288230376153208282,288230376165924564,288230376165924163,91,2026-06-30T04:12:26.000Z,2026-06-30T04:13:57.000Z,1.85,-2.2,0.09,-1.76,0,0.05,3971.42,3971.57,3946.37,4052.27,BUY,USD,1,1,1583663
D#1702710,XAUUSD,100,288230376154745847,288230376153208321,288230376165924859,288230376165924847,2,2026-06-30T04:15:01.000Z,2026-06-30T04:15:03.000Z,0.98,-1.05,0.62,-0.36,0,0.01,3972.29,3973.05,,,BUY,USD,1,1,1583663
D#1702579,XAUUSD,100,288230376154745855,288230376153208307,288230376165924895,288230376165924597,66,2026-06-30T04:14:03.000Z,2026-06-30T04:15:09.000Z,4.7,-5.05,2.94,-1.76,0,0.05,3972.38,3973.1,3946.29,4053.68,BUY,USD,1,1,1583663
D#1614603,XAUUSD,100,288230376154745861,288230376153208279,288230376165924923,288230376165924114,178,2026-06-30T04:12:15.000Z,2026-06-30T04:15:13.000Z,42.8,-44.199999999999996,35.8,-7,0,0.2,3971.18,3973.1,3971.12,,BUY,USD,1,1,1583663
D#1702579,XAUUSD,100,288230376154745882,288230376153208334,288230376165925150,288230376165924930,42,2026-06-30T04:15:13.000Z,2026-06-30T04:15:55.000Z,2.25,-2.6,0.49,-1.76,0,0.05,3973.31,3973.54,3948.08,4056.07,BUY,USD,1,1,1583663
D#1702597,XAUUSD,100,288230376154745890,288230376153208252,288230376165923833,288230376165923749,311,2026-06-30T04:10:50.000Z,2026-06-30T04:16:01.000Z,131.97,-135.68,113.41,-18.56,0,0.53,3970.7,3972.97,3973.4,3976.48,BUY,USD,1,1,1583663
D#1702579,XAUUSD,100,288230376154745905,288230376153208351,288230376165925336,288230376165925172,44,2026-06-30T04:15:59.000Z,2026-06-30T04:16:43.000Z,1.6,-1.9500000000000002,-0.16,-1.76,0,0.05,3973.73,3973.83,3946.29,4056.07,BUY,USD,1,1,1583663
D#1671067,XAUUSD,100,288230376154745913,288230376153208155,288230376165925470,288230376165922467,650,2026-06-30T04:06:23.000Z,2026-06-30T04:17:13.000Z,28.48,-29.6,22.88,-5.6,0,0.16,3971.86,3973.42,,,BUY,USD,1,1,1583663
D#1702541,XAUUSD,100,288230376154745928,288230376153208192,288230376165922945,288230376165922943,596,2026-06-30T04:08:06.000Z,2026-06-30T04:18:02.000Z,-48.4,47.699999999999996,-51.9,-3.5,0,0.1,3969.07,3974.13,3974.18,3959.18,SELL,USD,1,1,1583663
D#1702731,XAUUSD,100,288230376154745933,288230376153208354,288230376165925280,288230376165925193,133,2026-06-30T04:16:05.000Z,2026-06-30T04:18:18.000Z,63.6,-66.4,49.6,-14,0,0.4,3973.13,3974.5,,3974.44,BUY,USD,1,1,1583663
D#1702579,XAUUSD,100,288230376154745963,288230376153208362,288230376165925972,288230376165925349,149,2026-06-30T04:16:47.000Z,2026-06-30T04:19:16.000Z,3.3,-3.65,1.54,-1.76,0,0.05,3974.17,3974.61,3943.9,4059.05,BUY,USD,1,1,1583663
D#1702490,XAUUSD,100,288230376154745970,288230376153208204,288230376165926046,288230376165923077,663,2026-06-30T04:08:32.000Z,2026-06-30T04:19:35.000Z,81.48,-82.32000000000001,77.28,-4.2,0,0.12,3968.47,3975.04,3958.13,3975.69,BUY,USD,1,1,1583663
D#1702597,XAUUSD,100,288230376154745977,288230376153208371,288230376165925641,288230376165925592,137,2026-06-30T04:17:42.000Z,2026-06-30T04:19:59.000Z,33.8,-37.44,15.6,-18.2,0,0.52,3973.94,3974.37,3974.74,3975.97,BUY,USD,1,1,1583663
D#1614603,XAUUSD,100,288230376154745990,288230376153208365,288230376165925508,288230376165925445,197,2026-06-30T04:17:09.000Z,2026-06-30T04:20:26.000Z,-49.4,48.0,-56.4,-7,0,0.2,3972.95,3975.64,3975.48,,SELL,USD,1,1,1583663
D#1702745,XAUUSD,100,288230376154745993,288230376153207665,288230376165926273,288230376165915245,2312,2026-06-30T03:41:57.000Z,2026-06-30T04:20:29.000Z,-23.8,23.66,-24.5,-0.7,0,0.02,3963.35,3975.47,3980.13,3951.96,SELL,USD,1,1,1583663
D#1702707,XAUUSD,100,288230376154746001,288230376153207129,288230376165926315,288230376165907652,3783,2026-06-30T03:17:37.000Z,2026-06-30T04:20:40.000Z,-201.3,199.20000000000002,-211.8,-10.5,0,0.3,3968.56,3975.49,,,SELL,USD,1,1,1583663
D#1702517,XAUUSD,100,288230376154746027,288230376153207267,288230376165910289,288230376165909872,3381,2026-06-30T03:24:48.000Z,2026-06-30T04:21:09.000Z,92.6,-93.3,89.1,-3.5,0,0.1,3966.79,3975.83,,3975.87,BUY,USD,1,1,1583663
D#1670961,XAUUSD,100,288230376154746045,288230376153206452,288230376165896558,288230376165896211,6065,2026-06-30T02:40:23.000Z,2026-06-30T04:21:28.000Z,-54.16,53.879999999999995,-55.56,-1.4,0,0.04,3963.94,3977.7,3976.51,3951.57,SELL,USD,1,1,1583663
D#1702560,XAUUSD,100,288230376154746054,288230376153207251,288230376165909399,288230376165909395,3500,2026-06-30T03:23:08.000Z,2026-06-30T04:21:28.000Z,84.9,-85.60000000000001,81.4,-3.5,0,0.1,3968.95,3977.22,3952.69,3976.96,BUY,USD,1,1,1583663
D#1670955,XAUUSD,100,288230376154746043,288230376153208084,288230376165922121,288230376165921504,1089,2026-06-30T04:03:19.000Z,2026-06-30T04:21:28.000Z,-37.17,36.54,-40.33,-3.16,0,0.09,3973.23,3977.58,3976.68,3963.22,SELL,USD,1,1,1583663
D#1702485,XAUUSD,100,288230376154746066,288230376153207679,288230376165926636,288230376165915519,2329,2026-06-30T03:42:51.000Z,2026-06-30T04:21:40.000Z,-200.7,199.64999999999998,-205.96,-5.26,0,0.15,3963.33,3976.93,,,SELL,USD,1,1,1583663
D#1702645,XAUUSD,100,288230376154746067,288230376153208280,288230376165926639,288230376165924120,565,2026-06-30T04:12:16.000Z,2026-06-30T04:21:41.000Z,-294,290.5,-311.5,-17.5,0,0.5,3970.83,3976.93,,,SELL,USD,1,1,1583663
D#1702579,XAUUSD,100,288230376154746090,288230376153208394,288230376165926782,288230376165925994,165,2026-06-30T04:19:23.000Z,2026-06-30T04:22:08.000Z,6.85,-7.199999999999999,5.09,-1.76,0,0.05,3975.02,3976.17,3946.29,4059.64,BUY,USD,1,1,1583663
D#1702742,XAUUSD,100,288230376154746094,288230376153207952,288230376165926795,288230376165919515,1517,2026-06-30T03:56:53.000Z,2026-06-30T04:22:10.000Z,-223.41,221.1,-234.97,-11.56,0,0.33,3969.53,3976.52,,,SELL,USD,1,1,1583663
D#1702570,XAUUSD,100,288230376154746107,288230376153208395,288230376165926893,288230376165926037,176,2026-06-30T04:19:33.000Z,2026-06-30T04:22:29.000Z,114,-117.5,96.5,-17.5,0,0.5,3975.2,3977.26,,3978.51,BUY,USD,1,1,1583663
D#1702597,XAUUSD,100,288230376154746128,288230376153208406,288230376165926310,288230376165926259,166,2026-06-30T04:20:26.000Z,2026-06-30T04:23:12.000Z,35.7,-39.27,17.84,-17.86,0,0.51,3975.61,3976.09,3976.29,3978.85,BUY,USD,1,1,1583663
D#1702624,XAUUSD,100,288230376154746178,288230376153207916,288230376165927575,288230376165919020,1788,2026-06-30T03:55:14.000Z,2026-06-30T04:25:02.000Z,-21.46,21.32,-22.16,-0.7,0,0.02,3966.66,3977.61,,,SELL,USD,1,1,1583663
D#1702597,XAUUSD,100,288230376154746179,288230376153208473,288230376165927209,288230376165927132,98,2026-06-30T04:23:26.000Z,2026-06-30T04:25:04.000Z,-63.5,60.0,-81.0,-17.5,0,0.5,3976.5,3977.99,3977.66,,SELL,USD,1,1,1583663
D#1614609,XAUUSD,100,288230376154746197,288230376153206606,288230376165899591,288230376165899186,5689,2026-06-30T02:50:20.000Z,2026-06-30T04:25:09.000Z,29.88,-30.02,29.18,-0.7,0,0.02,3963.78,3978.5,3958.9,3978.67,BUY,USD,1,1,1583663
D#1702486,XAUUSD,100,288230376154746196,288230376153208335,288230376165925053,288230376165924956,590,2026-06-30T04:15:19.000Z,2026-06-30T04:25:09.000Z,106.2,-107.60000000000001,99.2,-7,0,0.2,3973.41,3978.5,3967.21,3978.72,BUY,USD,1,1,1583663
D#1702340,XAUUSD,100,288230376154746211,288230376153207357,288230376165911655,288230376165911161,3393,2026-06-30T03:28:51.000Z,2026-06-30T04:25:24.000Z,118.96,-119.52,116.16,-2.8,0,0.08,3964.28,3978.93,3950,3979,BUY,USD,1,1,1583663
D#1614603,XAUUSD,100,288230376154746218,288230376153208410,288230376165927725,288230376165926369,276,2026-06-30T04:20:53.000Z,2026-06-30T04:25:29.000Z,-62.4,61.0,-69.4,-7,0,0.2,3975.41,3978.75,,,SELL,USD,1,1,1583663
D#1702530,XAUUSD,100,288230376154746270,288230376153207276,288230376165909986,288230376165905097,3684,2026-06-30T03:25:11.000Z,2026-06-30T04:26:35.000Z,153.4,-154.1,149.9,-3.5,0,0.1,3964.87,3979.99,3960,3980,BUY,USD,1,1,1583663
D#1614622,XAUUSD,100,288230376154746390,288230376153208508,288230376165928839,288230376165927702,239,2026-06-30T04:25:25.000Z,2026-06-30T04:29:24.000Z,-17.6,16.200000000000003,-24.6,-7,0,0.2,3978.9,3980,,,SELL,USD,1,1,1583663
D#1702689,XAUUSD,100,288230376154746392,288230376153208110,288230376165922098,288230376165921893,1496,2026-06-30T04:04:36.000Z,2026-06-30T04:29:32.000Z,-83.5,82.8,-87.0,-3.5,0,0.1,3971.89,3980.46,3980.35,3961.06,SELL,USD,1,1,1583663
D#1702706,XAUUSD,100,288230376154746395,288230376153208027,288230376165920791,288230376165916797,1683,2026-06-30T04:01:30.000Z,2026-06-30T04:29:33.000Z,-32.8,32.449999999999996,-34.56,-1.76,0,0.05,3973.75,3980.53,3980.41,3943.36,SELL,USD,1,1,1583663
D#1670969,XAUUSD,100,288230376154746410,288230376153207697,288230376165916070,288230376165915882,2717,2026-06-30T03:44:18.000Z,2026-06-30T04:29:35.000Z,89.75,-90.1,87.99,-1.76,0,0.05,3963.78,3981.51,3955.59,3981,BUY,USD,1,1,1583663
D#1670996,XAUUSD,100,288230376154746421,288230376153208152,288230376165922623,288230376165922415,1405,2026-06-30T04:06:10.000Z,2026-06-30T04:29:35.000Z,53.15,-53.5,51.39,-1.76,0,0.05,3971.32,3981.73,3972.22,3981.65,BUY,USD,1,1,1583663
D#1702596,XAUUSD,100,288230376154746409,288230376153208339,288230376165925006,288230376165922216,850,2026-06-30T04:15:25.000Z,2026-06-30T04:29:35.000Z,-30.72,30.439999999999998,-32.12,-1.4,0,0.04,3973.83,3981.73,3981.47,3959.17,SELL,USD,1,1,1583663
D#1702541,XAUUSD,100,288230376154746407,288230376153208446,288230376165926776,288230376165926775,447,2026-06-30T04:22:08.000Z,2026-06-30T04:29:35.000Z,-53.4,52.699999999999996,-56.9,-3.5,0,0.1,3976.17,3981.73,3981.27,3966.27,SELL,USD,1,1,1583663
D#1702673,XAUUSD,100,288230376154746425,288230376153208098,288230376165921965,288230376165921696,1535,2026-06-30T04:04:01.000Z,2026-06-30T04:29:36.000Z,125.7,-126.75,120.44,-5.26,0,0.15,3973.97,3982.13,3974.12,3981.73,BUY,USD,1,1,1583663
D#1670941,XAUUSD,100,288230376154746426,288230376153208561,288230376165928428,288230376165928427,102,2026-06-30T04:27:54.000Z,2026-06-30T04:29:36.000Z,-49.56,48.09,-56.92,-7.36,0,0.21,3979.77,3982.35,3982.08,3974.16,SELL,USD,1,1,1583663
D#1702731,XAUUSD,100,288230376154746438,288230376153208588,288230376165928920,288230376165928786,28,2026-06-30T04:29:13.000Z,2026-06-30T04:29:41.000Z,96,-98.8,82.0,-14,0,0.4,3979.78,3981.96,,,BUY,USD,1,1,1583663
D#1702464,XAUUSD,100,288230376154746444,288230376153207702,288230376165928947,288230376165915993,2703,2026-06-30T03:44:44.000Z,2026-06-30T04:29:47.000Z,92.85,-93.19999999999999,91.09,-1.76,0,0.05,3963.62,3981.97,,,BUY,USD,1,1,1583663
D#1670973,XAUUSD,100,288230376154746450,288230376153208542,288230376165928223,288230376165928092,189,2026-06-30T04:26:39.000Z,2026-06-30T04:29:48.000Z,71,-72.4,64.0,-7,0,0.2,3979.67,3983,3978.08,3982.61,BUY,USD,1,1,1583663
D#1702708,XAUUSD,100,288230376154746457,288230376153205652,288230376165928679,288230376165882677,8328,2026-06-30T02:11:01.000Z,2026-06-30T04:29:49.000Z,100.08,-100.36,98.68,-1.4,0,0.04,3958.14,3982.94,3948.48,3983.03,BUY,USD,1,1,1583663
D#1702597,XAUUSD,100,288230376154746464,288230376153208558,288230376165929001,288230376165928379,131,2026-06-30T04:27:43.000Z,2026-06-30T04:29:54.000Z,167,-170.5,149.5,-17.5,0,0.5,3979.87,3982.99,3975.48,,BUY,USD,1,1,1583663
D#1702440,XAUUSD,100,288230376154746481,288230376153206052,288230376165891108,288230376165891103,7526,2026-06-30T02:24:39.000Z,2026-06-30T04:30:05.000Z,80,-80.28,78.6,-1.4,0,0.04,3963.72,3983.5,3967.63,3983.61,BUY,USD,1,1,1583663
D#1702477,XAUUSD,100,288230376154746494,288230376153206247,288230376165929112,288230376165893710,7040,2026-06-30T02:32:51.000Z,2026-06-30T04:30:11.000Z,-247.9,247.20000000000002,-251.4,-3.5,0,0.1,3958.72,3983.73,,,SELL,USD,1,1,1583663
D#1702399,XAUUSD,100,288230376154746508,288230376153208271,288230376165926463,288230376165924012,1100,2026-06-30T04:11:56.000Z,2026-06-30T04:30:16.000Z,70.85,-71.19999999999999,69.09,-1.76,0,0.05,3971.18,3985.13,,3985.26,BUY,USD,1,1,1583663
D#1670970,XAUUSD,100,288230376154746531,288230376153206615,288230376165899478,288230376165899342,5979,2026-06-30T02:50:48.000Z,2026-06-30T04:30:27.000Z,220.66,-221.43,216.8,-3.86,0,0.11,3966.45,3986.29,3952.32,3986.1,BUY,USD,1,1,1583663
D#1702337,XAUUSD,100,288230376154746541,288230376153208614,288230376165929301,288230376165929085,32,2026-06-30T04:30:06.000Z,2026-06-30T04:30:38.000Z,14.2,-14.549999999999999,12.44,-1.76,0,0.05,3983.68,3986.3,,,BUY,USD,1,1,1583663
D#1670955,XAUUSD,100,288230376154746551,288230376153208524,288230376165929124,288230376165927899,279,2026-06-30T04:26:03.000Z,2026-06-30T04:30:42.000Z,-123.12,122.28,-127.32,-4.2,0,0.12,3978.21,3988.69,3987.83,3968.89,SELL,USD,1,1,1583663
D#1671059,XAUUSD,100,288230376154746596,288230376153208586,288230376165929470,288230376165928772,113,2026-06-30T04:29:10.000Z,2026-06-30T04:31:03.000Z,-152.4,151.0,-159.4,-7,0,0.2,3979.95,3987.79,,,SELL,USD,1,1,1583663
D#1702527,XAUUSD,100,288230376154746599,288230376153208482,288230376165929479,288230376165927319,419,2026-06-30T04:24:06.000Z,2026-06-30T04:31:05.000Z,102.69,-103.32,99.53,-3.16,0,0.09,3976.34,3987.53,3968.92,3998.45,BUY,USD,1,1,1583663
D#1614623,XAUUSD,100,288230376154746600,288230376153208619,288230376165929483,288230376165929142,49,2026-06-30T04:30:16.000Z,2026-06-30T04:31:05.000Z,23.7,-24.4,20.2,-3.5,0,0.1,3985.38,3987.53,,,BUY,USD,1,1,1583663
D#1702375,XAUUSD,100,288230376154746609,288230376153204850,288230376165876833,288230376165876831,10009,2026-06-30T01:44:23.000Z,2026-06-30T04:31:12.000Z,-102.55,102.2,-104.31,-1.76,0,0.05,3968.57,3989.3,3989.14,3890.51,SELL,USD,1,1,1583663
D#1702521,XAUUSD,100,288230376154746612,288230376153205644,288230376165929537,288230376165886347,8426,2026-06-30T02:10:50.000Z,2026-06-30T04:31:16.000Z,318.23,-319.0,314.37,-3.86,0,0.11,3959.81,3988.52,3900,4100,BUY,USD,1,1,1583663
D#1702636,XAUUSD,100,288230376154746647,288230376153206973,288230376165929726,288230376165905020,5016,2026-06-30T03:08:13.000Z,2026-06-30T04:31:49.000Z,347.4,-348.45,342.14,-5.26,0,0.15,3966.82,3989.76,,3995.44,BUY,USD,1,1,1583663
D#1702521,XAUUSD,100,288230376154746686,288230376153208665,288230376165930063,288230376165929574,95,2026-06-30T04:31:23.000Z,2026-06-30T04:32:58.000Z,-11,10.23,-14.86,-3.86,0,0.11,3988.87,3990.09,,,SELL,USD,1,1,1583663
D#1702570,XAUUSD,100,288230376154746695,288230376153208620,288230376165929228,288230376165929150,162,2026-06-30T04:30:18.000Z,2026-06-30T04:33:00.000Z,280.5,-284.0,263.0,-17.5,0,0.5,3985.73,3991.12,3988.5,3990.45,BUY,USD,1,1,1583663
D#1702560,XAUUSD,100,288230376154746716,288230376153208683,288230376165930135,288230376165929814,55,2026-06-30T04:32:10.000Z,2026-06-30T04:33:05.000Z,30.7,-31.4,27.2,-3.5,0,0.1,3989.39,3992.24,,,BUY,USD,1,1,1583663
D#1670932,XAUUSD,100,288230376154746728,288230376153208541,288230376165928213,288230376165928087,389,2026-06-30T04:26:38.000Z,2026-06-30T04:33:07.000Z,-67.6,67.25,-69.36,-1.76,0,0.05,3979.47,3993.21,3993,3967,SELL,USD,1,1,1583663
D#1670955,XAUUSD,100,288230376154746739,288230376153208656,288230376165930182,288230376165929454,130,2026-06-30T04:31:00.000Z,2026-06-30T04:33:10.000Z,-174.9,172.8,-185.4,-10.5,0,0.3,3987.07,3993.12,,3983.21,SELL,USD,1,1,1583663
D#1671059,XAUUSD,100,288230376154746742,288230376153208686,288230376165930186,288230376165929866,51,2026-06-30T04:32:20.000Z,2026-06-30T04:33:11.000Z,-80,78.6,-87.0,-7,0,0.2,3989.17,3993.39,,,SELL,USD,1,1,1583663
D#1645644,XAUUSD,100,288230376154746754,288230376153208670,288230376165929825,288230376165929634,99,2026-06-30T04:31:34.000Z,2026-06-30T04:33:13.000Z,148.5,-150.25,139.74,-8.76,0,0.25,3988.87,3994.59,,3994.25,BUY,USD,1,1,1583663
D#1702437,XAUUSD,100,288230376154746757,288230376153203957,288230376165873114,288230376165866253,11719,2026-06-30T01:17:55.000Z,2026-06-30T04:33:14.000Z,162,-162.35,160.24,-1.76,0,0.05,3962.72,3994.9,3945,3995,BUY,USD,1,1,1583663
D#1702486,XAUUSD,100,288230376154746753,288230376153208679,288230376165929899,288230376165929761,77,2026-06-30T04:31:57.000Z,2026-06-30T04:33:14.000Z,101.64,-103.11,94.28,-7.36,0,0.21,3989.89,3994.51,3985.7,3994.55,BUY,USD,1,1,1583663
D#1670973,XAUUSD,100,288230376154746752,288230376153208680,288230376165929870,288230376165929773,73,2026-06-30T04:32:01.000Z,2026-06-30T04:33:14.000Z,-55.2,54.5,-58.7,-3.5,0,0.1,3989.05,3994.79,3994.36,3983,SELL,USD,1,1,1583663
D#1702521,XAUUSD,100,288230376154746761,288230376153208712,288230376165930212,288230376165930136,10,2026-06-30T04:33:06.000Z,2026-06-30T04:33:16.000Z,116.4,-119.2,102.4,-14,0,0.4,3992.41,3995.1,,,BUY,USD,1,1,1583663
D#1589456,XAUUSD,100,288230376154746763,288230376153208700,288230376165930218,288230376165930062,19,2026-06-30T04:32:58.000Z,2026-06-30T04:33:17.000Z,99.2,-100.60000000000001,92.2,-7,0,0.2,3990.09,3994.83,3941.36,4016.24,BUY,USD,1,1,1583663
D#1614622,XAUUSD,100,288230376154746768,288230376153208622,288230376165930241,288230376165929158,181,2026-06-30T04:30:19.000Z,2026-06-30T04:33:20.000Z,-192.2,190.79999999999998,-199.2,-7,0,0.2,3985.52,3995.35,,,SELL,USD,1,1,1583663
D#1702521,XAUUSD,100,288230376154746777,288230376153208727,288230376165930294,288230376165930273,5,2026-06-30T04:33:24.000Z,2026-06-30T04:33:29.000Z,8,-10.8,-6.0,-14,0,0.4,3994.59,3994.61,,,SELL,USD,1,1,1583663
D#1702521,XAUUSD,100,288230376154746817,288230376153208740,288230376165930582,288230376165930471,20,2026-06-30T04:34:01.000Z,2026-06-30T04:34:21.000Z,40.4,-43.199999999999996,26.4,-14,0,0.4,3993.3,3994.09,,,BUY,USD,1,1,1583663
D#1702521,XAUUSD,100,288230376154746824,288230376153208751,288230376165930633,288230376165930600,6,2026-06-30T04:34:24.000Z,2026-06-30T04:34:30.000Z,14.4,-17.2,0.4,-14,0,0.4,3994.33,3994.47,,,BUY,USD,1,1,1583663
D#1645644,XAUUSD,100,288230376154746839,288230376153208747,288230376165930653,288230376165930547,18,2026-06-30T04:34:14.000Z,2026-06-30T04:34:32.000Z,56.16,-57.839999999999996,47.76,-8.4,0,0.24,3994.32,3996.44,,,BUY,USD,1,1,1583663
D#1614603,XAUUSD,100,288230376154746864,288230376153208511,288230376165930723,288230376165927747,545,2026-06-30T04:25:35.000Z,2026-06-30T04:34:40.000Z,-341.2,339.8,-348.2,-7,0,0.2,3978.65,3995.93,,3973.38,SELL,USD,1,1,1583663
D#1702521,XAUUSD,100,288230376154746869,288230376153208758,288230376165930745,288230376165930694,8,2026-06-30T04:34:36.000Z,2026-06-30T04:34:44.000Z,0.4,-3.2,-13.6,-14,0,0.4,3995.66,3995.87,,,SELL,USD,1,1,1583663
D#1702521,XAUUSD,100,288230376154746874,288230376153208766,288230376165930770,288230376165930759,2,2026-06-30T04:34:47.000Z,2026-06-30T04:34:49.000Z,2.4,-5.2,-11.6,-14,0,0.4,3996.04,3995.88,,,BUY,USD,1,1,1583663
D#1702337,XAUUSD,100,288230376154746914,288230376153208748,288230376165930949,288230376165930559,59,2026-06-30T04:34:17.000Z,2026-06-30T04:35:16.000Z,6.85,-7.199999999999999,5.09,-1.76,0,0.05,3993.93,3995.08,,,BUY,USD,1,1,1583663
D#1702661,XAUUSD,100,288230376154746916,288230376153207617,288230376165914711,288230376165914710,3308,2026-06-30T03:40:10.000Z,2026-06-30T04:35:18.000Z,300.5,-301.2,297.0,-3.5,0,0.1,3965.1,3994.93,3995.06,4011.38,BUY,USD,1,1,1583663
D#1702521,XAUUSD,100,288230376154746919,288230376153208767,288230376165930965,288230376165930784,28,2026-06-30T04:34:51.000Z,2026-06-30T04:35:19.000Z,14.4,-17.2,0.4,-14,0,0.4,3995.41,3995.27,,,SELL,USD,1,1,1583663
D#1702521,XAUUSD,100,288230376154746928,288230376153208789,288230376165931054,288230376165931025,5,2026-06-30T04:35:28.000Z,2026-06-30T04:35:33.000Z,39.2,-42.0,25.2,-14,0,0.4,3994.87,3995.63,,,BUY,USD,1,1,1583663
D#1702545,XAUUSD,100,288230376154746930,288230376153208714,288230376165931068,288230376165930143,149,2026-06-30T04:33:06.000Z,2026-06-30T04:35:35.000Z,2.93,-3.0,2.57,-0.36,0,0.01,3992.92,3995.63,,,BUY,USD,1,1,1583663
D#1702521,XAUUSD,100,288230376154746943,288230376153208794,288230376165931156,288230376165931092,9,2026-06-30T04:35:39.000Z,2026-06-30T04:35:48.000Z,12.4,-15.200000000000001,-1.6,-14,0,0.4,3995.42,3995.51,,,BUY,USD,1,1,1583663
D#1702521,XAUUSD,100,288230376154746951,288230376153208800,288230376165931196,288230376165931169,4,2026-06-30T04:35:51.000Z,2026-06-30T04:35:55.000Z,9.6,-12.4,-4.4,-14,0,0.4,3995.38,3995.4,,,BUY,USD,1,1,1583663
D#1702521,XAUUSD,100,288230376154746982,288230376153208805,288230376165931366,288230376165931237,22,2026-06-30T04:36:00.000Z,2026-06-30T04:36:22.000Z,43.2,-46.0,29.2,-14,0,0.4,3996.37,3997.23,,,BUY,USD,1,1,1583663
D#1645644,XAUUSD,100,288230376154746996,288230376153208769,288230376165931428,288230376165930792,100,2026-06-30T04:34:53.000Z,2026-06-30T04:36:33.000Z,46.32,-48.0,37.92,-8.4,0,0.24,3995.12,3996.83,,,BUY,USD,1,1,1583663
D#1589456,XAUUSD,100,288230376154747029,288230376153208776,288230376165931690,288230376165930878,133,2026-06-30T04:35:05.000Z,2026-06-30T04:37:18.000Z,4.37,-5.7,-2.29,-6.66,0,0.19,3996.15,3996.16,3942.07,,BUY,USD,1,1,1583663
D#1702689,XAUUSD,100,288230376154747030,288230376153208628,288230376165931694,288230376165929227,412,2026-06-30T04:30:27.000Z,2026-06-30T04:37:19.000Z,197.4,-198.8,190.4,-7,0,0.2,3986.49,3996.14,3989.96,4004.14,BUY,USD,1,1,1583663
D#1702597,XAUUSD,100,288230376154747071,288230376153208849,288230376165932021,288230376165931845,31,2026-06-30T04:37:49.000Z,2026-06-30T04:38:20.000Z,64.19,-67.62,47.03,-17.16,0,0.49,3995.8,3994.71,,,SELL,USD,1,1,1583663
D#1670866,XAUUSD,100,288230376154747106,288230376153208131,288230376165932299,288230376165922177,2028,2026-06-30T04:05:27.000Z,2026-06-30T04:39:15.000Z,24.82,-24.89,24.46,-0.36,0,0.01,3970.22,3994.82,,,BUY,USD,1,1,1583663
D#1702746,XAUUSD,100,288230376154747173,288230376153208668,288230376165932621,288230376165929619,519,2026-06-30T04:31:32.000Z,2026-06-30T04:40:11.000Z,14.72,-15.0,13.32,-1.4,0,0.04,3988.68,3992.14,3989.05,,BUY,USD,1,1,1583663
D#1702529,XAUUSD,100,288230376154747184,288230376153208854,288230376165932670,288230376165931901,140,2026-06-30T04:38:00.000Z,2026-06-30T04:40:20.000Z,-57.6,56.550000000000004,-62.86,-5.26,0,0.15,3996.2,3992.14,3963.62,4001.75,BUY,USD,1,1,1583663
D#1670873,XAUUSD,100,288230376154747189,288230376153208860,288230376165932723,288230376165931992,136,2026-06-30T04:38:14.000Z,2026-06-30T04:40:30.000Z,13.25,-13.6,11.49,-1.76,0,0.05,3994.69,3992.26,,,SELL,USD,1,1,1583663
D#1702337,XAUUSD,100,288230376154747230,288230376153208889,288230376165932991,288230376165932418,98,2026-06-30T04:39:39.000Z,2026-06-30T04:41:17.000Z,9.15,-9.5,7.39,-1.76,0,0.05,3993.31,3991.7,,,SELL,USD,1,1,1583663
D#1645644,XAUUSD,100,288230376154747266,288230376153208932,288230376165933296,288230376165932908,78,2026-06-30T04:41:02.000Z,2026-06-30T04:42:20.000Z,-43.92,42.24,-52.32,-8.4,0,0.24,3992.24,3990.19,,,BUY,USD,1,1,1583663
D#1702486,XAUUSD,100,288230376154747301,288230376153208904,288230376165932753,288230376165932598,181,2026-06-30T04:40:07.000Z,2026-06-30T04:43:08.000Z,-56.49,55.02,-63.85,-7.36,0,0.21,3992.42,3989.51,3990.23,3997.49,BUY,USD,1,1,1583663
D#1702532,XAUUSD,100,288230376154747311,288230376153208948,288230376165933547,288230376165933236,59,2026-06-30T04:42:10.000Z,2026-06-30T04:43:09.000Z,16.44,-17.28,12.24,-4.2,0,0.12,3990.86,3989.71,,,SELL,USD,1,1,1583663
D#1702545,XAUUSD,100,288230376154747317,288230376153208900,288230376165933580,288230376165932572,192,2026-06-30T04:40:02.000Z,2026-06-30T04:43:14.000Z,2.4,-2.4699999999999998,2.04,-0.36,0,0.01,3992.12,3989.94,,,SELL,USD,1,1,1583663
D#1702560,XAUUSD,100,288230376154747320,288230376153208872,288230376165933600,288230376165932168,265,2026-06-30T04:38:51.000Z,2026-06-30T04:43:16.000Z,46.7,-47.400000000000006,43.2,-3.5,0,0.1,3994.91,3990.46,4005.02,3987.02,SELL,USD,1,1,1583663
D#1702534,XAUUSD,100,288230376154747340,288230376153208892,288230376165933799,288230376165932448,246,2026-06-30T04:39:45.000Z,2026-06-30T04:43:51.000Z,-235.2,231.28,-254.8,-19.6,0,0.56,3993.41,3988.99,,,BUY,USD,1,1,1583663
D#1670941,XAUUSD,100,288230376154747410,288230376153208896,288230376165932516,288230376165932510,324,2026-06-30T04:39:54.000Z,2026-06-30T04:45:18.000Z,123.06,-124.53,115.7,-7.36,0,0.21,3992.86,3987.22,3995.25,3987.15,SELL,USD,1,1,1583663
D#1702364,XAUUSD,100,288230376154747414,288230376153208960,288230376165933614,288230376165933402,164,2026-06-30T04:42:40.000Z,2026-06-30T04:45:24.000Z,100.75,-102.5,91.99,-8.76,0,0.25,3990.7,3986.89,,3986.81,SELL,USD,1,1,1583663
D#1702513,XAUUSD,100,288230376154747428,288230376153209025,288230376165934358,288230376165934276,15,2026-06-30T04:45:24.000Z,2026-06-30T04:45:39.000Z,1.3,-2.0,-2.2,-3.5,0,0.1,3986.89,3986.8,,,BUY,USD,1,1,1583663
D#1670973,XAUUSD,100,288230376154747442,288230376153208899,288230376165934423,288230376165932555,352,2026-06-30T04:39:59.000Z,2026-06-30T04:45:51.000Z,64.5,-65.2,61.0,-3.5,0,0.1,3992.86,3986.63,3998.31,3985.89,SELL,USD,1,1,1583663
D#1702462,XAUUSD,100,288230376154747461,288230376153208867,288230376165934632,288230376165932100,477,2026-06-30T04:38:37.000Z,2026-06-30T04:46:34.000Z,40.4,-40.75,38.64,-1.76,0,0.05,3995,3987.14,4005.67,3979.65,SELL,USD,1,1,1583663
D#1702399,XAUUSD,100,288230376154747510,288230376153208741,288230376165930857,288230376165930473,801,2026-06-30T04:34:01.000Z,2026-06-30T04:47:22.000Z,-36.6,36.25,-38.36,-1.76,0,0.05,3993.31,3985.77,3985.92,4020.26,BUY,USD,1,1,1583663
D#1702440,XAUUSD,100,288230376154747515,288230376153208784,288230376165930967,288230376165930964,733,2026-06-30T04:35:19.000Z,2026-06-30T04:47:32.000Z,-80.48,79.92,-83.28,-2.8,0,0.08,3995.27,3984.99,3985.64,4005.02,BUY,USD,1,1,1583663
D#1702689,XAUUSD,100,288230376154747517,288230376153208909,288230376165932873,288230376165932663,434,2026-06-30T04:40:18.000Z,2026-06-30T04:47:32.000Z,-104.25,103.2,-109.51,-5.26,0,0.15,3992.42,3985.25,3985.4,4002.26,BUY,USD,1,1,1583663
D#1614623,XAUUSD,100,288230376154747525,288230376153208669,288230376165935015,288230376165929629,972,2026-06-30T04:31:33.000Z,2026-06-30T04:47:45.000Z,31.6,-32.300000000000004,28.1,-3.5,0,0.1,3988.73,3985.79,,,SELL,USD,1,1,1583663
D#1702541,XAUUSD,100,288230376154747532,288230376153209049,288230376165935060,288230376165934537,96,2026-06-30T04:46:15.000Z,2026-06-30T04:47:51.000Z,-13.3,12.600000000000001,-16.8,-3.5,0,0.1,3986.81,3985.26,3981.74,3998.74,BUY,USD,1,1,1583663
D#1614623,XAUUSD,100,288230376154747569,288230376153209109,288230376165935324,288230376165935148,42,2026-06-30T04:48:04.000Z,2026-06-30T04:48:46.000Z,107.4,-111.60000000000001,86.4,-21,0,0.6,3984.07,3985.64,,,BUY,USD,1,1,1583663
D#1702486,XAUUSD,100,288230376154747587,288230376153209034,288230376165934460,288230376165934343,227,2026-06-30T04:45:36.000Z,2026-06-30T04:49:23.000Z,5.04,-6.51,-2.32,-7.36,0,0.21,3986.71,3986.69,3986.58,3981.37,SELL,USD,1,1,1583663
D#1702751,XAUUSD,100,288230376154747603,288230376153208887,288230376165932488,288230376165932250,601,2026-06-30T04:39:37.000Z,2026-06-30T04:49:38.000Z,189,-191.1,178.5,-10.5,0,0.3,3993.68,3987.6,3987.43,3979.7,SELL,USD,1,1,1583663
D#1670973,XAUUSD,100,288230376154747606,288230376153209114,288230376165935332,288230376165935240,76,2026-06-30T04:48:25.000Z,2026-06-30T04:49:41.000Z,-31.8,31.1,-35.3,-3.5,0,0.1,3984.72,3988.12,3987.7,3979.65,SELL,USD,1,1,1583663
D#1702726,XAUUSD,100,288230376154747608,288230376153209077,288230376165935617,288230376165934766,164,2026-06-30T04:46:58.000Z,2026-06-30T04:49:42.000Z,-50.22,45.879999999999995,-71.92,-21.7,0,0.62,3986.94,3987.97,,,SELL,USD,1,1,1583663
D#1702513,XAUUSD,100,288230376154747633,288230376153209056,288230376165935707,288230376165934597,207,2026-06-30T04:46:26.000Z,2026-06-30T04:49:53.000Z,37.68,-38.52,33.48,-4.2,0,0.12,3986.81,3989.73,,,BUY,USD,1,1,1583663
D#1702726,XAUUSD,100,288230376154747651,288230376153209157,288230376165935808,288230376165935726,12,2026-06-30T04:49:56.000Z,2026-06-30T04:50:08.000Z,-73.81,69.54,-95.17,-21.36,0,0.61,3989.36,3990.79,,,SELL,USD,1,1,1583663
D#1670992,XAUUSD,100,288230376154747654,288230376153209005,288230376165934246,288230376165934015,335,2026-06-30T04:44:34.000Z,2026-06-30T04:50:09.000Z,80.7,-82.8,70.2,-10.5,0,0.3,3988.41,3990.88,3982.74,3991,BUY,USD,1,1,1583663
D#1702433,XAUUSD,100,288230376154747687,288230376153209160,288230376165936099,288230376165935770,59,2026-06-30T04:50:01.000Z,2026-06-30T04:51:00.000Z,21.84,-23.66,12.74,-9.1,0,0.26,3989.44,3990.06,,,BUY,USD,1,1,1583663
D#1670873,XAUUSD,100,288230376154747703,288230376153209143,288230376165936284,288230376165935638,116,2026-06-30T04:49:45.000Z,2026-06-30T04:51:41.000Z,4.55,-4.8999999999999995,2.79,-1.76,0,0.05,3988.37,3989.06,,,BUY,USD,1,1,1583663
D#1702726,XAUUSD,100,288230376154747710,288230376153209188,288230376165936336,288230376165936199,27,2026-06-30T04:51:23.000Z,2026-06-30T04:51:50.000Z,-21.73,18.02,-40.29,-18.56,0,0.53,3989.92,3989.29,3950,4100,BUY,USD,1,1,1583663
D#1702545,XAUUSD,100,288230376154747744,288230376153209140,288230376165936579,288230376165935628,170,2026-06-30T04:49:44.000Z,2026-06-30T04:52:34.000Z,10.8,-11.5,7.3,-3.5,0,0.1,3988.03,3988.89,3987.55,3998.71,BUY,USD,1,1,1583663
D#1702433,XAUUSD,100,288230376154747769,288230376153209195,288230376165936801,288230376165936308,90,2026-06-30T04:51:45.000Z,2026-06-30T04:53:15.000Z,11.47,-14.06,-1.49,-12.96,0,0.37,3988.9,3988.81,,,SELL,USD,1,1,1583663
D#1670870,XAUUSD,100,288230376154747877,288230376153209059,288230376165934752,288230376165934651,536,2026-06-30T04:46:39.000Z,2026-06-30T04:55:35.000Z,7.6,-9.0,0.6,-7,0,0.2,3987.29,3987.45,3987.58,3996.64,BUY,USD,1,1,1583663
D#1670941,XAUUSD,100,288230376154747887,288230376153209179,288230376165936216,288230376165936027,291,2026-06-30T04:50:48.000Z,2026-06-30T04:55:39.000Z,-51.45,49.980000000000004,-58.81,-7.36,0,0.21,3989.72,3987.05,3987.22,3995.32,BUY,USD,1,1,1583663
D#1702433,XAUUSD,100,288230376154747886,288230376153209267,288230376165937544,288230376165937263,47,2026-06-30T04:54:52.000Z,2026-06-30T04:55:39.000Z,55.12,-58.83,36.56,-18.56,0,0.53,3988.08,3987.26,,,SELL,USD,1,1,1583663
D#1702376,XAUUSD,100,288230376154747894,288230376153208562,288230376165937579,288230376165928433,1672,2026-06-30T04:27:54.000Z,2026-06-30T04:55:46.000Z,150.4,-151.8,143.4,-7,0,0.2,3979.85,3987.15,3981.22,4022.68,BUY,USD,1,1,1583663
D#1614623,XAUUSD,100,288230376154747914,288230376153209204,288230376165937782,288230376165936386,270,2026-06-30T04:51:57.000Z,2026-06-30T04:56:27.000Z,26.4,-30.599999999999998,5.4,-21,0,0.6,3988.77,3988.55,,,SELL,USD,1,1,1583663
D#1702505,XAUUSD,100,288230376154747954,288230376153208018,288230376165937953,288230376165920744,3334,2026-06-30T04:01:24.000Z,2026-06-30T04:56:58.000Z,161,-161.7,157.5,-3.5,0,0.1,3972.19,3988.07,3965.74,,BUY,USD,1,1,1583663
D#1702433,XAUUSD,100,288230376154747969,288230376153209301,288230376165938073,288230376165937683,80,2026-06-30T04:56:07.000Z,2026-06-30T04:57:27.000Z,-51.41,47.699999999999996,-69.97,-18.56,0,0.53,3987.63,3988.82,,,SELL,USD,1,1,1583663
D#1702751,XAUUSD,100,288230376154747999,288230376153209333,288230376165938138,288230376165938089,16,2026-06-30T04:57:31.000Z,2026-06-30T04:57:47.000Z,-53.7,51.6,-64.2,-10.5,0,0.3,3988.59,3986.58,3986.97,,BUY,USD,1,1,1583663
D#1702689,XAUUSD,100,288230376154748035,288230376153209134,288230376165935640,288230376165935507,538,2026-06-30T04:49:19.000Z,2026-06-30T04:58:17.000Z,10,-11.4,3.0,-7,0,0.2,3985.61,3985.89,3985.87,3996.51,BUY,USD,1,1,1583663
D#1702513,XAUUSD,100,288230376154748036,288230376153209170,288230376165938319,288230376165935947,462,2026-06-30T04:50:35.000Z,2026-06-30T04:58:17.000Z,-233.4,229.20000000000002,-254.4,-21,0,0.6,3990,3985.89,,,BUY,USD,1,1,1583663
D#1702364,XAUUSD,100,288230376154748038,288230376153209178,288230376165936001,288230376165935999,454,2026-06-30T04:50:43.000Z,2026-06-30T04:58:17.000Z,103.25,-105.0,94.49,-8.76,0,0.25,3989.79,3985.88,,3985.83,SELL,USD,1,1,1583663
D#1702613,XAUUSD,100,288230376154748045,288230376153209273,288230376165937426,288230376165937294,208,2026-06-30T04:54:56.000Z,2026-06-30T04:58:24.000Z,70.5,-72.25,61.74,-8.76,0,0.25,3988.2,3985.6,3991.41,3985.57,SELL,USD,1,1,1583663
D#1702433,XAUUSD,100,288230376154748048,288230376153209345,288230376165938381,288230376165938229,29,2026-06-30T04:57:58.000Z,2026-06-30T04:58:27.000Z,37.2,-41.400000000000006,16.2,-21,0,0.6,3986.26,3985.86,,,SELL,USD,1,1,1583663
D#1702592,XAUUSD,100,288230376154748064,288230376153209012,288230376165938508,288230376165934131,835,2026-06-30T04:44:58.000Z,2026-06-30T04:58:53.000Z,25.2,-25.9,21.7,-3.5,0,0.1,3988.46,3986.16,4003.69,,SELL,USD,1,1,1583663
D#1670866,XAUUSD,100,288230376154748097,288230376153209187,288230376165938808,288230376165936178,521,2026-06-30T04:51:18.000Z,2026-06-30T04:59:59.000Z,-11.94,11.729999999999999,-13.0,-1.06,0,0.03,3989.71,3985.51,,,BUY,USD,1,1,1583663
D#1670992,XAUUSD,100,288230376154748116,288230376153209283,288230376165937484,288230376165937363,321,2026-06-30T04:55:06.000Z,2026-06-30T05:00:27.000Z,84.9,-87.0,74.4,-10.5,0,0.3,3987.97,3985.36,3997.78,3985.27,SELL,USD,1,1,1583663
D#1702525,XAUUSD,100,288230376154748124,288230376153209349,288230376165938473,288230376165938314,135,2026-06-30T04:58:15.000Z,2026-06-30T05:00:30.000Z,1.44,-1.51,1.08,-0.36,0,0.01,3985.96,3984.74,,3984.67,SELL,USD,1,1,1583663
D#1702433,XAUUSD,100,288230376154748126,288230376153209367,288230376165938984,288230376165938615,76,2026-06-30T04:59:15.000Z,2026-06-30T05:00:31.000Z,104.4,-108.60000000000001,83.4,-21,0,0.6,3986.09,3984.57,,,SELL,USD,1,1,1583663
D#1702581,XAUUSD,100,288230376154748131,288230376153209375,288230376165939007,288230376165938734,56,2026-06-30T04:59:41.000Z,2026-06-30T05:00:37.000Z,63.9,-67.05,48.14,-15.76,0,0.45,3985.81,3984.61,,,SELL,USD,1,1,1583663
D#1670941,XAUUSD,100,288230376154748181,288230376153209387,288230376165938945,288230376165938943,49,2026-06-30T05:00:25.000Z,2026-06-30T05:01:14.000Z,-55.44,53.97,-62.8,-7.36,0,0.21,3985.53,3988.39,3988.04,3979.94,SELL,USD,1,1,1583663
D#1702433,XAUUSD,100,288230376154748180,288230376153209404,288230376165939217,288230376165939125,19,2026-06-30T05:00:55.000Z,2026-06-30T05:01:14.000Z,-151.9,147.56,-173.6,-21.7,0,0.62,3985.72,3988.39,,,SELL,USD,1,1,1583663
D#1702674,XAUUSD,100,288230376154748206,288230376153209189,288230376165939377,288230376165936207,617,2026-06-30T04:51:24.000Z,2026-06-30T05:01:41.000Z,1.84,-1.9100000000000001,1.48,-0.36,0,0.01,3989.66,3988.04,,,SELL,USD,1,1,1583663
D#1702751,XAUUSD,100,288230376154748223,288230376153209398,288230376165939194,288230376165939089,67,2026-06-30T05:00:51.000Z,2026-06-30T05:01:58.000Z,21,-23.1,10.5,-10.5,0,0.3,3985.59,3986.07,3986.16,3996.39,BUY,USD,1,1,1583663
D#1702616,XAUUSD,100,288230376154748273,288230376153209269,288230376165937465,288230376165937268,510,2026-06-30T04:54:52.000Z,2026-06-30T05:03:22.000Z,1.2,-1.9,-2.3,-3.5,0,0.1,3988.1,3988.2,3988.1,3975,SELL,USD,1,1,1583663
D#1670873,XAUUSD,100,288230376154748315,288230376153209212,288230376165940301,288230376165936520,738,2026-06-30T04:52:26.000Z,2026-06-30T05:04:44.000Z,8.2,-8.899999999999999,4.7,-3.5,0,0.1,3988.89,3988.29,,,SELL,USD,1,1,1583663
D#1702433,XAUUSD,100,288230376154748356,288230376153209429,288230376165940888,288230376165939444,297,2026-06-30T05:01:54.000Z,2026-06-30T05:06:51.000Z,-132.44,129.43,-147.5,-15.06,0,0.43,3986.8,3990.1,,,SELL,USD,1,1,1583663
D#1702745,XAUUSD,100,288230376154748442,288230376153208807,288230376165941510,288230376165931264,1966,2026-06-30T04:36:05.000Z,2026-06-30T05:08:51.000Z,13.8,-13.940000000000001,13.1,-0.7,0,0.02,3995.41,3988.73,4012.2,3952.16,SELL,USD,1,1,1583663
D#1702751,XAUUSD,100,288230376154748494,288230376153209436,288230376165939638,288230376165939593,506,2026-06-30T05:02:23.000Z,2026-06-30T05:10:49.000Z,6.6,-8.7,-3.9,-10.5,0,0.3,3986.97,3986.97,3987.27,3997.88,BUY,USD,1,1,1583663
D#1702342,XAUUSD,100,288230376154748498,288230376153209573,288230376165942075,288230376165941908,37,2026-06-30T05:10:15.000Z,2026-06-30T05:10:52.000Z,32.8,-35.599999999999994,18.8,-14,0,0.4,3987.88,3987.28,,,SELL,USD,1,1,1583663
D#1670870,XAUUSD,100,288230376154748539,288230376153209522,288230376165941188,288230376165941112,296,2026-06-30T05:07:30.000Z,2026-06-30T05:12:26.000Z,-66,64.6,-73.0,-7,0,0.2,3989.82,3986.3,3986.47,3995.2,BUY,USD,1,1,1583663
D#1702616,XAUUSD,100,288230376154748563,288230376153209474,288230376165940422,288230376165940309,495,2026-06-30T05:04:45.000Z,2026-06-30T05:13:00.000Z,-3.1,2.4,-6.61,-3.51,0,0.1,3988.25,3985.48,3986,,BUY,USD,1,1,1583663
D#1702751,XAUUSD,100,288230376154748560,288230376153209593,288230376165942448,288230376165942417,39,2026-06-30T05:12:21.000Z,2026-06-30T05:13:00.000Z,-77.2,74.4,-91.2,-14,0,0.4,3987.66,3985.51,3986.05,,BUY,USD,1,1,1583663
D#1702667,XAUUSD,100,288230376154748564,288230376153209540,288230376165941632,288230376165941370,279,2026-06-30T05:08:22.000Z,2026-06-30T05:13:01.000Z,-191.25,187.68,-209.11,-17.86,0,0.51,3989.49,3985.52,3985.62,3992.64,BUY,USD,1,1,1583663
D#1702366,XAUUSD,100,288230376154748588,288230376153209417,288230376165942681,288230376165939281,712,2026-06-30T05:01:25.000Z,2026-06-30T05:13:17.000Z,-219.6,215.4,-240.6,-21,0,0.6,3988.34,3984.46,,,BUY,USD,1,1,1583663
D#1670992,XAUUSD,100,288230376154748592,288230376153209465,288230376165940245,288230376165940101,557,2026-06-30T05:04:02.000Z,2026-06-30T05:13:19.000Z,90.6,-92.69999999999999,80.1,-10.5,0,0.3,3987.13,3984.33,3997.19,3984.35,SELL,USD,1,1,1583663
D#1702746,XAUUSD,100,288230376154748602,288230376153209591,288230376165942814,288230376165942394,89,2026-06-30T05:12:16.000Z,2026-06-30T05:13:45.000Z,12.32,-12.6,10.92,-1.4,0,0.04,3987.98,3985.12,,,SELL,USD,1,1,1583663
D#1702592,XAUUSD,100,288230376154748627,288230376153209448,288230376165943052,288230376165939799,693,2026-06-30T05:03:03.000Z,2026-06-30T05:14:36.000Z,23.9,-24.599999999999998,20.4,-3.5,0,0.1,3987.06,3984.89,4004.64,3962.49,SELL,USD,1,1,1583663
D#1702588,XAUUSD,100,288230376154748635,288230376153209403,288230376165943130,288230376165939117,841,2026-06-30T05:00:54.000Z,2026-06-30T05:14:55.000Z,4.9,-5.6000000000000005,1.4,-3.5,0,0.1,3985.74,3985.47,,,SELL,USD,1,1,1583663
D#1702669,XAUUSD,100,288230376154748658,288230376153209196,288230376165936497,288230376165936324,1422,2026-06-30T04:51:48.000Z,2026-06-30T05:15:30.000Z,-51.7,51.0,-55.2,-3.5,0,0.1,3989.13,3983.74,3983.83,3997.55,BUY,USD,1,1,1583663
D#1702342,XAUUSD,100,288230376154748691,288230376153209599,288230376165943636,288230376165942539,213,2026-06-30T05:12:49.000Z,2026-06-30T05:16:22.000Z,-24.9,24.2,-28.4,-3.5,0,0.1,3986.67,3983.96,,,BUY,USD,1,1,1583663
D#1702751,XAUUSD,100,288230376154748695,288230376153209613,288230376165942831,288230376165942783,171,2026-06-30T05:13:38.000Z,2026-06-30T05:16:29.000Z,-58.8,56.0,-72.8,-14,0,0.4,3985.08,3983.39,3983.56,3996.34,BUY,USD,1,1,1583663
D#1702596,XAUUSD,100,288230376154748697,288230376153208705,288230376165943670,288230376165929623,2610,2026-06-30T04:33:00.000Z,2026-06-30T05:16:30.000Z,30.92,-31.200000000000003,29.52,-1.4,0,0.04,3991.11,3983.6,4006.38,3969.02,SELL,USD,1,1,1583663
D#1670961,XAUUSD,100,288230376154748700,288230376153208832,288230376165931859,288230376165931634,2364,2026-06-30T04:37:08.000Z,2026-06-30T05:16:32.000Z,-63.85,63.5,-65.61,-1.76,0,0.05,3996.19,3983.2,3983.37,4003.77,BUY,USD,1,1,1583663
D#1670973,XAUUSD,100,288230376154748711,288230376153209210,288230376165936667,288230376165936465,1461,2026-06-30T04:52:14.000Z,2026-06-30T05:16:35.000Z,61.6,-62.300000000000004,58.1,-3.5,0,0.1,3989.05,3983.11,3991.5,3983.04,SELL,USD,1,1,1583663
D#1670996,XAUUSD,100,288230376154748733,288230376153208819,288230376165931557,288230376165931403,2417,2026-06-30T04:36:28.000Z,2026-06-30T05:16:45.000Z,-149.7,149.0,-153.2,-3.5,0,0.1,3997.47,3982.28,3982.5,4035,BUY,USD,1,1,1583663
D#1702668,XAUUSD,100,288230376154748735,288230376153209347,288230376165938534,288230376165938295,1114,2026-06-30T04:58:11.000Z,2026-06-30T05:16:45.000Z,95.42,-97.24,86.32,-9.1,0,0.26,3985.94,3982.49,,3982.29,SELL,USD,1,1,1583663
D#1702525,XAUUSD,100,288230376154748732,288230376153209443,288230376165939915,288230376165939688,844,2026-06-30T05:02:41.000Z,2026-06-30T05:16:45.000Z,4.18,-4.25,3.82,-0.36,0,0.01,3986.45,3982.49,3992.35,3982.36,SELL,USD,1,1,1583663
D#1614623,XAUUSD,100,288230376154748742,288230376153209309,288230376165943761,288230376165937797,1215,2026-06-30T04:56:31.000Z,2026-06-30T05:16:46.000Z,-353.4,349.2,-374.4,-21,0,0.6,3988.43,3982.32,,,BUY,USD,1,1,1583663
D#1702745,XAUUSD,100,288230376154748846,288230376153209641,288230376165944600,288230376165943250,256,2026-06-30T05:15:15.000Z,2026-06-30T05:19:31.000Z,-4.8,4.66,-5.5,-0.7,0,0.02,3985.27,3982.65,,,BUY,USD,1,1,1583663
D#1702751,XAUUSD,100,288230376154748850,288230376153209704,288230376165944199,288230376165944137,89,2026-06-30T05:18:04.000Z,2026-06-30T05:19:33.000Z,-47.6,44.800000000000004,-61.6,-14,0,0.4,3983.8,3982.39,3982.45,3996.11,BUY,USD,1,1,1583663
D#1670873,XAUUSD,100,288230376154748890,288230376153209476,288230376165944835,288230376165940354,918,2026-06-30T05:04:54.000Z,2026-06-30T05:20:12.000Z,-76.2,75.5,-79.7,-3.5,0,0.1,3988.23,3980.39,,,BUY,USD,1,1,1583663
D#1702592,XAUUSD,100,288230376154748897,288230376153209629,288230376165944859,288230376165943082,331,2026-06-30T05:14:44.000Z,2026-06-30T05:20:15.000Z,-41.9,41.199999999999996,-45.4,-3.5,0,0.1,3985.03,3980.62,3964.92,3987.52,BUY,USD,1,1,1583663
D#1589456,XAUUSD,100,288230376154748907,288230376153209684,288230376165943841,288230376165943837,207,2026-06-30T05:17:00.000Z,2026-06-30T05:20:27.000Z,59,-60.4,52.0,-7,0,0.2,3982.87,3980.14,3986.92,3980.08,SELL,USD,1,1,1583663
D#1670992,XAUUSD,100,288230376154748904,288230376153209685,288230376165944034,288230376165943858,202,2026-06-30T05:17:05.000Z,2026-06-30T05:20:27.000Z,85.5,-87.6,75.0,-10.5,0,0.3,3982.97,3980.34,3994.02,3980.27,SELL,USD,1,1,1583663
D#1702532,XAUUSD,100,288230376154748910,288230376153209032,288230376165934327,288230376165934319,2094,2026-06-30T04:45:34.000Z,2026-06-30T05:20:28.000Z,82.92,-83.76,78.72,-4.2,0,0.12,3986.7,3980.01,3993.4,3980,SELL,USD,1,1,1583663
D#1702588,XAUUSD,100,288230376154748911,288230376153209640,288230376165944442,288230376165943236,315,2026-06-30T05:15:13.000Z,2026-06-30T05:20:28.000Z,105,-106.4,98.0,-7,0,0.2,3985.04,3980.01,,3980,SELL,USD,1,1,1583663
D#1702407,XAUUSD,100,288230376154748994,288230376153209816,288230376165945685,288230376165945650,8,2026-06-30T05:22:47.000Z,2026-06-30T05:22:55.000Z,0.52,-0.8,-0.88,-1.4,0,0.04,3982.72,3982.63,,,BUY,USD,1,1,1583663
D#1670941,XAUUSD,100,288230376154749023,288230376153209735,288230376165944510,288230376165944509,272,2026-06-30T05:19:11.000Z,2026-06-30T05:23:43.000Z,-52.29,50.82,-59.65,-7.36,0,0.21,3982.9,3985.61,3985.38,3977.28,SELL,USD,1,1,1583663
D#1702745,XAUUSD,100,288230376154749029,288230376153209745,288230376165945934,288230376165944669,248,2026-06-30T05:19:42.000Z,2026-06-30T05:23:50.000Z,-5.62,5.48,-6.32,-0.7,0,0.02,3982.04,3985.07,3991.61,3972.21,SELL,USD,1,1,1583663
D#1670938,XAUUSD,100,288230376154749061,288230376153209698,288230376165944357,288230376165944000,440,2026-06-30T05:17:35.000Z,2026-06-30T05:24:55.000Z,-49.4,48.0,-56.4,-7,0,0.2,3983.05,3985.74,3985.59,3978.32,SELL,USD,1,1,1583663
D#1702616,XAUUSD,100,288230376154749069,288230376153209822,288230376165945792,288230376165945744,113,2026-06-30T05:23:10.000Z,2026-06-30T05:25:03.000Z,-33.6,32.9,-37.1,-3.5,0,0.1,3982.67,3986.25,3986,,SELL,USD,1,1,1583663
D#1670947,XAUUSD,100,288230376154749092,288230376153209696,288230376165943985,288230376165943984,464,2026-06-30T05:17:32.000Z,2026-06-30T05:25:16.000Z,-25.35,25.0,-27.11,-1.76,0,0.05,3982.46,3987.75,3987.56,3950,SELL,USD,1,1,1583663
D#1702751,XAUUSD,100,288230376154749126,288230376153209777,288230376165945045,288230376165945004,303,2026-06-30T05:20:43.000Z,2026-06-30T05:25:46.000Z,108.8,-111.6,94.8,-14,0,0.4,3981.19,3983.69,3983.85,3995.47,BUY,USD,1,1,1583663
D#1645644,XAUUSD,100,288230376154749151,288230376153208959,288230376165946652,288230376165933395,2609,2026-06-30T04:42:40.000Z,2026-06-30T05:26:09.000Z,-198.72,197.04,-207.12,-8.4,0,0.24,3990.9,3982.4,,3993.88,BUY,USD,1,1,1583663
D#1670992,XAUUSD,100,288230376154749155,288230376153209842,288230376165946143,288230376165946032,116,2026-06-30T05:24:14.000Z,2026-06-30T05:26:10.000Z,85.5,-87.6,75.0,-10.5,0,0.3,3984.91,3982.28,3995.35,3982.3,SELL,USD,1,1,1583663
D#1671090,XAUUSD,100,288230376154749152,288230376153209848,288230376165946160,288230376165946087,103,2026-06-30T05:24:27.000Z,2026-06-30T05:26:10.000Z,130.5,-134.0,113.0,-17.5,0,0.5,3984.69,3982.3,,3982.38,SELL,USD,1,1,1583663
D#1702461,XAUUSD,100,288230376154749173,288230376153209861,288230376165946727,288230376165946275,74,2026-06-30T05:25:06.000Z,2026-06-30T05:26:20.000Z,-23.15,22.799999999999997,-24.91,-1.76,0,0.05,3986.33,3981.48,,,BUY,USD,1,1,1583663
D#1702407,XAUUSD,100,288230376154749211,288230376153209886,288230376165946656,288230376165946507,82,2026-06-30T05:25:45.000Z,2026-06-30T05:27:07.000Z,-30.24,29.75,-32.7,-2.46,0,0.07,3984.22,3979.68,3979.81,3993.36,BUY,USD,1,1,1583663
D#1702376,XAUUSD,100,288230376154749214,288230376153209795,288230376165947009,288230376165945322,324,2026-06-30T05:21:44.000Z,2026-06-30T05:27:08.000Z,-59.2,57.800000000000004,-66.2,-7,0,0.2,3983.17,3979.99,3971.29,4003.58,BUY,USD,1,1,1583663
D#1702588,XAUUSD,100,288230376154749241,288230376153209775,288230376165947251,288230376165944955,446,2026-06-30T05:20:34.000Z,2026-06-30T05:28:00.000Z,-35.6,34.2,-42.6,-7,0,0.2,3980.08,3982.08,,,SELL,USD,1,1,1583663
D#1671089,XAUUSD,100,288230376154749270,288230376153209655,288230376165947568,288230376165943450,798,2026-06-30T05:15:52.000Z,2026-06-30T05:29:10.000Z,12.88,-13.370000000000001,10.42,-2.46,0,0.07,3983.9,3982.28,,,SELL,USD,1,1,1583663
D#1670941,XAUUSD,100,288230376154749284,288230376153209916,288230376165946856,288230376165946854,171,2026-06-30T05:26:42.000Z,2026-06-30T05:29:33.000Z,-63.84,62.370000000000005,-71.2,-7.36,0,0.21,3980.13,3983.39,3982.8,3974.7,SELL,USD,1,1,1583663
D#1702751,XAUUSD,100,288230376154749301,288230376153209927,288230376165947118,288230376165947062,163,2026-06-30T05:27:19.000Z,2026-06-30T05:30:02.000Z,-74.25,71.1,-90.01,-15.76,0,0.45,3981.27,3979.4,3979.67,3991.4,BUY,USD,1,1,1583663
D#1671090,XAUUSD,100,288230376154749300,288230376153209946,288230376165947434,288230376165947343,104,2026-06-30T05:28:18.000Z,2026-06-30T05:30:02.000Z,128.5,-132.0,111.0,-17.5,0,0.5,3981.99,3979.64,,3979.73,SELL,USD,1,1,1583663
D#1702440,XAUUSD,100,288230376154749312,288230376153209299,288230376165937657,288230376165937653,2041,2026-06-30T04:56:02.000Z,2026-06-30T05:30:03.000Z,-78.24,77.67999999999999,-81.04,-2.8,0,0.08,3987.93,3977.93,3978.62,4001.13,BUY,USD,1,1,1583663
D#1702490,XAUUSD,100,288230376154749311,288230376153209475,288230376165940843,288230376165940311,1518,2026-06-30T05:04:45.000Z,2026-06-30T05:30:03.000Z,-122.16,121.32,-126.36,-4.2,0,0.12,3988.33,3977.93,3978.52,3995.14,BUY,USD,1,1,1583663
D#1702668,XAUUSD,100,288230376154749314,288230376153209799,288230376165945483,288230376165945345,495,2026-06-30T05:21:48.000Z,2026-06-30T05:30:03.000Z,120.38,-122.19999999999999,111.28,-9.1,0,0.26,3982.61,3978.2,,3978.82,SELL,USD,1,1,1583663
D#1702675,XAUUSD,100,288230376154749324,288230376153209313,288230376165938004,288230376165937849,2003,2026-06-30T04:56:41.000Z,2026-06-30T05:30:04.000Z,320.7,-322.8,310.2,-10.5,0,0.3,3988.18,3977.71,,3978.04,SELL,USD,1,1,1583663
D#1702407,XAUUSD,100,288230376154749395,288230376153209981,288230376165948228,288230376165947917,49,2026-06-30T05:30:08.000Z,2026-06-30T05:30:57.000Z,-4.44,4.0200000000000005,-6.54,-2.1,0,0.06,3978.91,3977.95,,,BUY,USD,1,1,1583663
D#1702407,XAUUSD,100,288230376154749454,288230376153210043,288230376165948676,288230376165948564,20,2026-06-30T05:31:53.000Z,2026-06-30T05:32:13.000Z,17.76,-18.6,13.56,-4.2,0,0.12,3977.32,3978.58,3977.77,,BUY,USD,1,1,1583663
D#1702407,XAUUSD,100,288230376154749565,288230376153210067,288230376165949855,288230376165948955,168,2026-06-30T05:33:05.000Z,2026-06-30T05:35:53.000Z,3.36,-3.78,1.26,-2.1,0,0.06,3977.67,3977.33,3979.71,3976.25,SELL,USD,1,1,1583663
D#1702751,XAUUSD,100,288230376154749573,288230376153210015,288230376165948275,288230376165948210,306,2026-06-30T05:30:55.000Z,2026-06-30T05:36:01.000Z,-93.15,90.0,-108.91,-15.76,0,0.45,3978.05,3975.76,3976.07,3990.72,BUY,USD,1,1,1583663
D#1702342,XAUUSD,100,288230376154749579,288230376153209703,288230376165949915,288230376165944085,1092,2026-06-30T05:17:51.000Z,2026-06-30T05:36:03.000Z,67.8,-68.5,64.3,-3.5,0,0.1,3982.4,3975.84,,,SELL,USD,1,1,1583663
D#1670992,XAUUSD,100,288230376154749593,288230376153210031,288230376165949965,288230376165948469,273,2026-06-30T05:31:38.000Z,2026-06-30T05:36:11.000Z,31.8,-33.9,21.3,-10.5,0,0.3,3977.03,3976.19,3989.84,3974.97,SELL,USD,1,1,1583663
D#1702588,XAUUSD,100,288230376154749604,288230376153209945,288230376165949993,288230376165947318,483,2026-06-30T05:28:13.000Z,2026-06-30T05:36:16.000Z,146.8,-148.20000000000002,139.8,-7,0,0.2,3982.63,3975.51,,3975,SELL,USD,1,1,1583663
D#1670973,XAUUSD,100,288230376154749663,288230376153210139,288230376165950330,288230376165950137,77,2026-06-30T05:36:41.000Z,2026-06-30T05:37:58.000Z,-31.5,30.8,-35.0,-3.5,0,0.1,3977.65,3981.02,3980.76,3971.57,SELL,USD,1,1,1583663
D#1702453,XAUUSD,100,288230376154749682,288230376153210068,288230376165949135,288230376165948957,305,2026-06-30T05:33:05.000Z,2026-06-30T05:38:10.000Z,-126,123.9,-136.5,-10.5,0,0.3,3977.67,3982.09,3981.78,3973.78,SELL,USD,1,1,1583663
D#1702364,XAUUSD,100,288230376154749684,288230376153210144,288230376165950204,288230376165950202,75,2026-06-30T05:36:55.000Z,2026-06-30T05:38:10.000Z,109.75,-111.5,100.99,-8.76,0,0.25,3977.58,3981.75,,3981.48,BUY,USD,1,1,1583663
D#1670941,XAUUSD,100,288230376154749687,288230376153210158,288230376165950628,288230376165950504,21,2026-06-30T05:37:50.000Z,2026-06-30T05:38:11.000Z,-54.39,52.92,-61.75,-7.36,0,0.21,3979.18,3981.99,3982.04,3973.94,SELL,USD,1,1,1583663
D#1702407,XAUUSD,100,288230376154749703,288230376153210133,288230376165950732,288230376165950004,131,2026-06-30T05:36:17.000Z,2026-06-30T05:38:28.000Z,67.32,-68.16,63.12,-4.2,0,0.12,3975.82,3981.21,3975.78,3987.82,BUY,USD,1,1,1583663
D#1589456,XAUUSD,100,288230376154749713,288230376153210081,288230376165949198,288230376165949196,308,2026-06-30T05:33:45.000Z,2026-06-30T05:38:53.000Z,-91.8,90.39999999999999,-98.8,-7,0,0.2,3977.44,3982.25,3982.13,3974.61,SELL,USD,1,1,1583663
D#1670938,XAUUSD,100,288230376154749763,288230376153210093,288230376165949415,288230376165949413,344,2026-06-30T05:34:24.000Z,2026-06-30T05:40:08.000Z,-97.8,96.39999999999999,-104.8,-7,0,0.2,3977.78,3982.89,3982.75,3972.71,SELL,USD,1,1,1583663
D#1702420,XAUUSD,100,288230376154749774,288230376153210199,288230376165951396,288230376165951270,21,2026-06-30T05:40:07.000Z,2026-06-30T05:40:28.000Z,38.72,-40.96,27.52,-11.2,0,0.32,3982.79,3981.8,,,SELL,USD,1,1,1583663
D#1702664,XAUUSD,100,288230376154749785,288230376153210138,288230376165951513,288230376165950083,261,2026-06-30T05:36:29.000Z,2026-06-30T05:40:50.000Z,-233.2,230.11999999999998,-248.6,-15.4,0,0.44,3977.71,3983.23,,,SELL,USD,1,1,1583663
D#1702337,XAUUSD,100,288230376154749791,288230376153209768,288230376165951527,288230376165944882,1233,2026-06-30T05:20:20.000Z,2026-06-30T05:40:53.000Z,14,-14.35,12.24,-1.76,0,0.05,3980.59,3983.17,3974.02,3994.31,BUY,USD,1,1,1583663
D#1671051,XAUUSD,100,288230376154749793,288230376153210197,288230376165951543,288230376165951238,55,2026-06-30T05:40:02.000Z,2026-06-30T05:40:57.000Z,21.76,-22.950000000000003,15.8,-5.96,0,0.17,3982.02,3983.08,3975.52,4002.93,BUY,USD,1,1,1583663
D#1702588,XAUUSD,100,288230376154749803,288230376153210135,288230376165951601,288230376165950031,286,2026-06-30T05:36:21.000Z,2026-06-30T05:41:07.000Z,-157.2,155.79999999999998,-164.2,-7,0,0.2,3976.13,3984.21,,3975.89,SELL,USD,1,1,1583663
D#1702376,XAUUSD,100,288230376154749809,288230376153209990,288230376165951621,288230376165948035,643,2026-06-30T05:30:27.000Z,2026-06-30T05:41:10.000Z,-94.6,93.19999999999999,-101.6,-7,0,0.2,3978.84,3983.79,3996.04,3954.49,SELL,USD,1,1,1583663
D#1702437,XAUUSD,100,288230376154749832,288230376153209963,288230376165948464,288230376165947623,731,2026-06-30T05:29:18.000Z,2026-06-30T05:41:29.000Z,-12.75,12.4,-14.51,-1.76,0,0.05,3982.41,3985.18,3985,3942.95,SELL,USD,1,1,1583663
D#1702613,XAUUSD,100,288230376154749910,288230376153210241,288230376165952045,288230376165951881,101,2026-06-30T05:41:55.000Z,2026-06-30T05:43:36.000Z,70.25,-72.0,61.49,-8.76,0,0.25,3983.51,3980.92,3987.99,3980.84,SELL,USD,1,1,1583663
D#1589456,XAUUSD,100,288230376154749914,288230376153210225,288230376165952441,288230376165951650,142,2026-06-30T05:41:17.000Z,2026-06-30T05:43:39.000Z,-73.2,71.8,-80.2,-7,0,0.2,3984.55,3980.67,,3989.31,BUY,USD,1,1,1583663
D#1670938,XAUUSD,100,288230376154749920,288230376153210253,288230376165952502,288230376165952051,85,2026-06-30T05:42:25.000Z,2026-06-30T05:43:50.000Z,-54.8,53.4,-61.8,-7,0,0.2,3983.72,3980.76,,,BUY,USD,1,1,1583663
D#1702407,XAUUSD,100,288230376154749953,288230376153210191,288230376165951277,288230376165951170,309,2026-06-30T05:39:49.000Z,2026-06-30T05:44:58.000Z,-1.45,1.0999999999999999,-3.21,-1.76,0,0.05,3979.92,3979.41,3979.8,3990.69,BUY,USD,1,1,1583663
D#1702490,XAUUSD,100,288230376154749959,288230376153210002,288230376165948485,288230376165948118,860,2026-06-30T05:30:42.000Z,2026-06-30T05:45:02.000Z,10.56,-11.4,6.36,-4.2,0,0.12,3977.4,3978.06,3978.43,3987,BUY,USD,1,1,1583663
D#1671090,XAUUSD,100,288230376154749960,288230376153210180,288230376165951028,288230376165950957,353,2026-06-30T05:39:09.000Z,2026-06-30T05:45:02.000Z,141,-144.5,123.5,-17.5,0,0.5,3980.86,3978.26,,3978.65,SELL,USD,1,1,1583663
D#1702490,XAUUSD,100,288230376154750001,288230376153210324,288230376165953281,288230376165953256,5,2026-06-30T05:46:09.000Z,2026-06-30T05:46:14.000Z,-1.25,-0.5,-10.01,-8.76,0,0.25,3980.25,3980.52,,,SELL,USD,1,1,1583663
D#1702698,XAUUSD,100,288230376154750031,288230376153210297,288230376165953765,288230376165952780,189,2026-06-30T05:44:44.000Z,2026-06-30T05:47:53.000Z,10.9,-11.6,7.4,-3.5,0,0.1,3980.77,3979.9,,,SELL,USD,1,1,1583663
D#1702407,XAUUSD,100,288230376154750094,288230376153210323,288230376165953353,288230376165953219,285,2026-06-30T05:46:02.000Z,2026-06-30T05:50:47.000Z,-30.6,29.76,-34.8,-4.2,0,0.12,3980.65,3977.88,3978.1,3985.44,BUY,USD,1,1,1583663
D#1702588,XAUUSD,100,288230376154750098,288230376153210237,288230376165954610,288230376165951846,539,2026-06-30T05:41:49.000Z,2026-06-30T05:50:48.000Z,127.4,-128.8,120.4,-7,0,0.2,3984.36,3978.21,,3976.2,SELL,USD,1,1,1583663
D#1702668,XAUUSD,100,288230376154750117,288230376153210186,288230376165951178,288230376165951067,702,2026-06-30T05:39:29.000Z,2026-06-30T05:51:11.000Z,102.18,-104.0,93.08,-9.1,0,0.26,3980.8,3977.09,,3977.15,SELL,USD,1,1,1583663
D#1589456,XAUUSD,100,288230376154750122,288230376153210391,288230376165954753,288230376165954640,20,2026-06-30T05:50:54.000Z,2026-06-30T05:51:14.000Z,24.2,-25.599999999999998,17.2,-7,0,0.2,3977.98,3976.99,,,SELL,USD,1,1,1583663
D#1702698,XAUUSD,100,288230376154750124,288230376153210352,288230376165954775,288230376165953827,193,2026-06-30T05:48:04.000Z,2026-06-30T05:51:17.000Z,73.8,-75.89999999999999,63.3,-10.5,0,0.3,3979.41,3977.17,,,SELL,USD,1,1,1583663
D#1671090,XAUUSD,100,288230376154750130,288230376153210348,288230376165954798,288230376165953769,208,2026-06-30T05:47:53.000Z,2026-06-30T05:51:21.000Z,78.25,-80.0,69.49,-8.76,0,0.25,3979.78,3976.87,,,SELL,USD,1,1,1583663
D#1702337,XAUUSD,100,288230376154750164,288230376153210288,288230376165955069,288230376165952592,491,2026-06-30T05:44:07.000Z,2026-06-30T05:52:18.000Z,9.9,-10.25,8.14,-1.76,0,0.05,3980.83,3979.07,3985.15,3975.3,SELL,USD,1,1,1583663
D#1702698,XAUUSD,100,288230376154750165,288230376153210406,288230376165955071,288230376165954840,50,2026-06-30T05:51:28.000Z,2026-06-30T05:52:18.000Z,41.4,-43.5,30.9,-10.5,0,0.3,3977.71,3978.87,,,BUY,USD,1,1,1583663
D#1702588,XAUUSD,100,288230376154750207,288230376153210393,288230376165955468,288230376165954655,167,2026-06-30T05:50:56.000Z,2026-06-30T05:53:43.000Z,40.4,-41.8,33.4,-7,0,0.2,3978.49,3980.29,,,BUY,USD,1,1,1583663
D#1702635,XAUUSD,100,288230376154750334,288230376153210474,288230376165956546,288230376165955997,107,2026-06-30T05:55:29.000Z,2026-06-30T05:57:16.000Z,-22.9,22.2,-26.4,-3.5,0,0.1,3980.64,3978.13,,,BUY,USD,1,1,1583663
D#1702735,XAUUSD,100,288230376154750351,288230376153207782,288230376165956671,288230376165917170,7734,2026-06-30T03:48:41.000Z,2026-06-30T05:57:35.000Z,21.5,-21.64,20.8,-0.7,0,0.02,3967.63,3978.16,3943.67,4022.42,BUY,USD,1,1,1583663
D#1702698,XAUUSD,100,288230376154750363,288230376153210443,288230376165956811,288230376165955475,262,2026-06-30T05:53:44.000Z,2026-06-30T05:58:06.000Z,44.7,-46.800000000000004,34.2,-10.5,0,0.3,3980.41,3979.14,,,SELL,USD,1,1,1583663
D#1702407,XAUUSD,100,288230376154750369,288230376153210389,288230376165954801,288230376165954625,447,2026-06-30T05:50:51.000Z,2026-06-30T05:58:18.000Z,5.25,-7.0,-3.51,-8.76,0,0.25,3978.12,3978.11,3978.13,3983.48,BUY,USD,1,1,1583663
D#1702407,XAUUSD,100,288230376154750428,288230376153210543,288230376165957423,288230376165957087,16,2026-06-30T05:59:52.000Z,2026-06-30T06:00:08.000Z,154.44,-156.96,141.84,-12.6,0,0.36,3977.46,3981.53,3975.25,,BUY,USD,1,1,1583663
D#1702446,XAUUSD,100,288230376154750452,288230376153210331,288230376165957495,288230376165953493,802,2026-06-30T05:46:58.000Z,2026-06-30T06:00:20.000Z,-58.8,54.879999999999995,-78.4,-19.6,0,0.56,3981.53,3982.8,,3972.31,SELL,USD,1,1,1583663
D#1702545,XAUUSD,100,288230376154750539,288230376153210549,288230376165958137,288230376165957396,142,2026-06-30T06:00:04.000Z,2026-06-30T06:02:26.000Z,29.4,-30.799999999999997,22.4,-7,0,0.2,3981.48,3982.73,,,BUY,USD,1,1,1583663
D#1702616,XAUUSD,100,288230376154750554,288230376153209877,288230376165946473,288230376165946413,2255,2026-06-30T05:25:29.000Z,2026-06-30T06:03:04.000Z,-1.5,0.7999999999999999,-5.0,-3.5,0,0.1,3985.29,3985.66,3985.4,,SELL,USD,1,1,1583663
D#1702486,XAUUSD,100,288230376154750556,288230376153209987,288230376165948160,288230376165947953,1971,2026-06-30T05:30:13.000Z,2026-06-30T06:03:04.000Z,-146.16,144.69,-153.52,-7.36,0,0.21,3978.48,3985.66,3985.34,3972.98,SELL,USD,1,1,1583663
D#1702669,XAUUSD,100,288230376154750551,288230376153210376,288230376165954498,288230376165954398,783,2026-06-30T05:50:01.000Z,2026-06-30T06:03:04.000Z,-53.7,53.0,-57.2,-3.5,0,0.1,3980.04,3985.63,3985.33,3971.55,SELL,USD,1,1,1583663
D#1702337,XAUUSD,100,288230376154750552,288230376153210430,288230376165955635,288230376165955285,601,2026-06-30T05:53:03.000Z,2026-06-30T06:03:04.000Z,24.1,-24.450000000000003,22.34,-1.76,0,0.05,3980.86,3985.46,3975.25,3985.48,BUY,USD,1,1,1583663
D#1702490,XAUUSD,100,288230376154750557,288230376153210327,288230376165953515,288230376165953385,991,2026-06-30T05:46:34.000Z,2026-06-30T06:03:05.000Z,121,-122.75,112.24,-8.76,0,0.25,3981.09,3985.71,3975.96,3985.75,BUY,USD,1,1,1583663
D#1702588,XAUUSD,100,288230376154750560,288230376153210454,288230376165956887,288230376165955719,509,2026-06-30T05:54:36.000Z,2026-06-30T06:03:05.000Z,-92.4,91.0,-99.4,-7,0,0.2,3981.11,3985.95,3985.72,3976.84,SELL,USD,1,1,1583663
D#1702536,XAUUSD,100,288230376154750582,288230376153210420,288230376165958377,288230376165955142,643,2026-06-30T05:52:33.000Z,2026-06-30T06:03:16.000Z,-116,114.6,-123.0,-7,0,0.2,3979.27,3985.29,,,SELL,USD,1,1,1583663
D#1589456,XAUUSD,100,288230376154750655,288230376153210639,288230376165959123,288230376165959046,15,2026-06-30T06:05:34.000Z,2026-06-30T06:05:49.000Z,11,-12.4,4.0,-7,0,0.2,3986.11,3986.44,,,BUY,USD,1,1,1583663
D#1702420,XAUUSD,100,288230376154750659,288230376153210218,288230376165951805,288230376165951585,1488,2026-06-30T05:41:05.000Z,2026-06-30T06:05:53.000Z,39.3,-40.0,35.8,-3.5,0,0.1,3983.81,3987.52,,3987.34,BUY,USD,1,1,1583663
D#1702740,XAUUSD,100,288230376154750698,288230376153209761,288230376165944981,288230376165944822,2770,2026-06-30T05:20:11.000Z,2026-06-30T06:06:21.000Z,-30.44,30.16,-31.84,-1.4,0,0.04,3980.43,3988.26,3987.69,3954.34,SELL,USD,1,1,1583663
D#1702592,XAUUSD,100,288230376154750699,288230376153209774,288230376165944970,288230376165944933,2751,2026-06-30T05:20:30.000Z,2026-06-30T06:06:21.000Z,-91.41,90.64,-95.27,-3.86,0,0.11,3979.8,3988.33,3988.09,3962.76,SELL,USD,1,1,1583663
D#1702616,XAUUSD,100,288230376154750701,288230376153210618,288230376165958658,288230376165958557,148,2026-06-30T06:03:53.000Z,2026-06-30T06:06:21.000Z,-34.5,33.8,-38.0,-3.5,0,0.1,3984.66,3988.33,3988,,SELL,USD,1,1,1583663
D#1702560,XAUUSD,100,288230376154750706,288230376153209762,288230376165944828,288230376165944824,2772,2026-06-30T05:20:11.000Z,2026-06-30T06:06:23.000Z,79.7,-80.4,76.2,-3.5,0,0.1,3980.63,3988.38,3965.52,3988.54,BUY,USD,1,1,1583663
D#1645644,XAUUSD,100,288230376154750728,288230376153209904,288230376165959441,288230376165946700,2424,2026-06-30T05:26:17.000Z,2026-06-30T06:06:41.000Z,-166.8,165.12,-175.2,-8.4,0,0.24,3981.47,3988.64,,,SELL,USD,1,1,1583663
D#1702698,XAUUSD,100,288230376154750730,288230376153210530,288230376165959450,288230376165957069,463,2026-06-30T05:58:59.000Z,2026-06-30T06:06:42.000Z,300.9,-303.0,290.4,-10.5,0,0.3,3978.71,3988.52,,,BUY,USD,1,1,1583663
D#1645749,XAUUSD,100,288230376154750735,288230376153210512,288230376165959510,288230376165956615,568,2026-06-30T05:57:26.000Z,2026-06-30T06:06:54.000Z,-62.94,62.519999999999996,-65.04,-2.1,0,0.06,3977.79,3988.5,,,SELL,USD,1,1,1583663
D#1702535,XAUUSD,100,288230376154750745,288230376153210143,288230376165959575,288230376165950194,1811,2026-06-30T05:36:53.000Z,2026-06-30T06:07:04.000Z,-119.3,118.6,-122.8,-3.5,0,0.1,3977.31,3989.46,,3959.92,SELL,USD,1,1,1583663
D#1670958,XAUUSD,100,288230376154750761,288230376153210665,288230376165959741,288230376165959270,81,2026-06-30T06:06:14.000Z,2026-06-30T06:07:35.000Z,0.55,-0.9000000000000001,-1.21,-1.76,0,0.05,3987.29,3987.4,,,SELL,USD,1,1,1583663
D#1670958,XAUUSD,100,288230376154750780,288230376153210703,288230376165959913,288230376165959872,8,2026-06-30T06:08:02.000Z,2026-06-30T06:08:10.000Z,-1.25,0.8999999999999999,-3.01,-1.76,0,0.05,3988.39,3988.86,,,SELL,USD,1,1,1583663
D#1670958,XAUUSD,100,288230376154750821,288230376153210726,288230376165960302,288230376165960176,23,2026-06-30T06:08:57.000Z,2026-06-30T06:09:20.000Z,5.4,-5.75,3.64,-1.76,0,0.05,3988.05,3987.19,,,SELL,USD,1,1,1583663
D#1702440,XAUUSD,100,288230376154750899,288230376153210627,288230376165961232,288230376165958813,454,2026-06-30T06:04:47.000Z,2026-06-30T06:12:21.000Z,12.88,-13.440000000000001,10.08,-2.8,0,0.08,3984.72,3986.11,3975.16,3998.12,BUY,USD,1,1,1583663
D#1670958,XAUUSD,100,288230376154750922,288230376153210787,288230376165961362,288230376165961249,22,2026-06-30T06:12:25.000Z,2026-06-30T06:12:47.000Z,1.45,-1.8,-0.31,-1.76,0,0.05,3986.17,3986.24,,,BUY,USD,1,1,1583663
D#1702660,XAUUSD,100,288230376154750927,288230376153210590,288230376165961415,288230376165958018,656,2026-06-30T06:02:01.000Z,2026-06-30T06:12:57.000Z,35.9,-36.6,32.4,-3.5,0,0.1,3982.71,3986.08,3980,4000,BUY,USD,1,1,1583663
D#1702588,XAUUSD,100,288230376154750959,288230376153210772,288230376165961680,288230376165961091,117,2026-06-30T06:11:53.000Z,2026-06-30T06:13:50.000Z,-5.4,4.0,-12.4,-7,0,0.2,3985.77,3986.26,,,SELL,USD,1,1,1583663
D#1670958,XAUUSD,100,288230376154750977,288230376153210824,288230376165961878,288230376165961695,36,2026-06-30T06:13:54.000Z,2026-06-30T06:14:30.000Z,0.75,-1.1,-1.01,-1.76,0,0.05,3986.27,3986.2,,,BUY,USD,1,1,1583663
D#1670958,XAUUSD,100,288230376154751117,288230376153210897,288230376165962841,288230376165962794,8,2026-06-30T06:17:28.000Z,2026-06-30T06:17:36.000Z,2,-2.7,-1.5,-3.5,0,0.1,3986.09,3986.07,,,BUY,USD,1,1,1583663
D#1670958,XAUUSD,100,288230376154751126,288230376153210908,288230376165962931,288230376165962910,4,2026-06-30T06:17:50.000Z,2026-06-30T06:17:54.000Z,8.4,-9.1,4.9,-3.5,0,0.1,3986.37,3986.99,,,BUY,USD,1,1,1583663
D#1702588,XAUUSD,100,288230376154751134,288230376153210842,288230376165963054,288230376165962006,207,2026-06-30T06:14:52.000Z,2026-06-30T06:18:19.000Z,46,-47.4,39.0,-7,0,0.2,3987.99,3985.91,,,SELL,USD,1,1,1583663
D#1670985,XAUUSD,100,288230376154751137,288230376153210847,288230376165962096,288230376165962040,208,2026-06-30T06:14:57.000Z,2026-06-30T06:18:25.000Z,-10.56,10.280000000000001,-11.96,-1.4,0,0.04,3987.88,3985.02,3985.6,,BUY,USD,1,1,1583663
D#1670958,XAUUSD,100,288230376154751199,288230376153210951,288230376165963704,288230376165963608,18,2026-06-30T06:20:06.000Z,2026-06-30T06:20:24.000Z,2.2,-2.9000000000000004,-1.3,-3.5,0,0.1,3986.18,3986.18,,,SELL,USD,1,1,1583663
D#1702583,XAUUSD,100,288230376154751209,288230376153210632,288230376165963819,288230376165958893,946,2026-06-30T06:05:03.000Z,2026-06-30T06:20:49.000Z,-24.3,23.6,-27.8,-3.5,0,0.1,3984.44,3987.09,3992.22,3975.72,SELL,USD,1,1,1583663
D#1702588,XAUUSD,100,288230376154751214,288230376153210935,288230376165963900,288230376165963331,115,2026-06-30T06:19:13.000Z,2026-06-30T06:21:08.000Z,60.2,-61.6,53.2,-7,0,0.2,3985.06,3987.85,,,BUY,USD,1,1,1583663
D#1670864,XAUUSD,100,288230376154751277,288230376153209091,288230376165935741,288230376165934973,5685,2026-06-30T04:47:34.000Z,2026-06-30T06:22:19.000Z,-46.6,45.9,-50.1,-3.5,0,0.1,3985.4,3990.28,3989.92,3947.23,SELL,USD,1,1,1583663
D#1702616,XAUUSD,100,288230376154751276,288230376153210712,288230376165960028,288230376165959971,840,2026-06-30T06:08:19.000Z,2026-06-30T06:22:19.000Z,-28,27.3,-31.5,-3.5,0,0.1,3987.26,3990.28,3990,3975.37,SELL,USD,1,1,1583663
D#1645671,XAUUSD,100,288230376154751275,288230376153210916,288230376165963155,288230376165963027,246,2026-06-30T06:18:13.000Z,2026-06-30T06:22:19.000Z,-46.44,45.599999999999994,-50.64,-4.2,0,0.12,3986.16,3990.25,3989.98,3979.92,SELL,USD,1,1,1583663
D#1702348,XAUUSD,100,288230376154751310,288230376153210296,288230376165961047,288230376165952731,2270,2026-06-30T05:44:35.000Z,2026-06-30T06:22:25.000Z,-82.64,82.08,-85.44,-2.8,0,0.08,3980.88,3991.43,3990.88,3969.56,SELL,USD,1,1,1583663
D#1702716,XAUUSD,100,288230376154751307,288230376153210473,288230376165956050,288230376165955979,1620,2026-06-30T05:55:25.000Z,2026-06-30T06:22:25.000Z,110.9,-111.60000000000001,107.4,-3.5,0,0.1,3980.36,3991.23,3980.36,3990.78,BUY,USD,1,1,1583663
D#1702418,XAUUSD,100,288230376154751308,288230376153210774,288230376165962000,288230376165961116,627,2026-06-30T06:11:58.000Z,2026-06-30T06:22:25.000Z,104.69,-106.02,98.03,-6.66,0,0.19,3985.94,3991.23,,3991.34,BUY,USD,1,1,1583663
D#1702532,XAUUSD,100,288230376154751339,288230376153209811,288230376165946604,288230376165945546,3608,2026-06-30T05:22:23.000Z,2026-06-30T06:22:31.000Z,-99.2,98.5,-102.7,-3.5,0,0.1,3982.47,3992.61,3992.33,3970.58,SELL,USD,1,1,1583663
D#1702490,XAUUSD,100,288230376154751361,288230376153210783,288230376165961330,288230376165961210,618,2026-06-30T06:12:16.000Z,2026-06-30T06:22:34.000Z,-111.6,110.55,-116.86,-5.26,0,0.15,3986.09,3993.75,3993.33,3978.85,SELL,USD,1,1,1583663
D#1670969,XAUUSD,100,288230376154751372,288230376153209691,288230376165944246,288230376165943939,3914,2026-06-30T05:17:21.000Z,2026-06-30T06:22:35.000Z,-56.45,56.1,-58.21,-1.76,0,0.05,3982.85,3994.36,3994.31,3965.81,SELL,USD,1,1,1583663
D#1702583,XAUUSD,100,288230376154751371,288230376153210968,288230376165964124,288230376165963981,73,2026-06-30T06:21:22.000Z,2026-06-30T06:22:35.000Z,148.4,-149.8,141.4,-7,0,0.2,3986.68,3993.88,3976.56,3994.07,BUY,USD,1,1,1583663
D#1702592,XAUUSD,100,288230376154751387,288230376153210892,288230376165962932,288230376165962707,329,2026-06-30T06:17:10.000Z,2026-06-30T06:22:39.000Z,-95.92,95.15,-99.78,-3.86,0,0.11,3986.16,3995.1,3994.79,3964.96,SELL,USD,1,1,1583663
D#1670932,XAUUSD,100,288230376154751390,288230376153209548,288230376165941605,288230376165941465,4439,2026-06-30T05:08:41.000Z,2026-06-30T06:22:40.000Z,-32.2,31.85,-33.96,-1.76,0,0.05,3988.59,3995.25,3995,3970,SELL,USD,1,1,1583663
D#1702673,XAUUSD,100,288230376154751433,288230376153210051,288230376165964653,288230376165948723,3048,2026-06-30T05:32:22.000Z,2026-06-30T06:23:10.000Z,-329.49,328.02,-336.85,-7.36,0,0.21,3978.79,3994.7,,3973.48,SELL,USD,1,1,1583663
D#1702588,XAUUSD,100,288230376154751440,288230376153210974,288230376165964701,288230376165964050,103,2026-06-30T06:21:35.000Z,2026-06-30T06:23:18.000Z,-172.8,171.4,-179.8,-7,0,0.2,3986.43,3995.29,,,SELL,USD,1,1,1583663
D#1702635,XAUUSD,100,288230376154751442,288230376153210511,288230376165964715,288230376165956613,1554,2026-06-30T05:57:26.000Z,2026-06-30T06:23:20.000Z,-168,167.3,-171.5,-3.5,0,0.1,3977.79,3994.81,,,SELL,USD,1,1,1583663
D#1702613,XAUUSD,100,288230376154751444,288230376153210988,288230376165964720,288230376165964243,68,2026-06-30T06:22:13.000Z,2026-06-30T06:23:21.000Z,-156.5,154.75,-165.26,-8.76,0,0.25,3988.35,3994.83,,3985.88,SELL,USD,1,1,1583663
D#1702337,XAUUSD,100,288230376154751483,288230376153211018,288230376165964449,288230376165958855,69,2026-06-30T06:22:35.000Z,2026-06-30T06:23:44.000Z,-21.65,21.299999999999997,-23.41,-1.76,0,0.05,3993.79,3998.34,3998.09,3975.45,SELL,USD,1,1,1583663
D#1702710,XAUUSD,100,288230376154751493,288230376153210341,288230376165964875,288230376165953631,2180,2026-06-30T05:47:25.000Z,2026-06-30T06:23:45.000Z,171,-171.7,167.5,-3.5,0,0.1,3980.52,3997.4,,,BUY,USD,1,1,1583663
D#1670866,XAUUSD,100,288230376154751497,288230376153209382,288230376165964883,288230376165938824,5024,2026-06-30T05:00:02.000Z,2026-06-30T06:23:46.000Z,116.28,-116.91,113.12,-3.16,0,0.09,3986.01,3998.71,,,BUY,USD,1,1,1583663
D#1702462,XAUUSD,100,288230376154751496,288230376153211009,288230376165964397,288230376165963005,74,2026-06-30T06:22:32.000Z,2026-06-30T06:23:46.000Z,-30.95,30.599999999999998,-32.71,-1.76,0,0.05,3992.37,3998.78,3998.56,3975.44,SELL,USD,1,1,1583663
D#1702563,XAUUSD,100,288230376154751500,288230376153209562,288230376165941832,288230376165941732,4445,2026-06-30T05:09:42.000Z,2026-06-30T06:23:47.000Z,-40.36,40.08,-41.76,-1.4,0,0.04,3988.24,3998.55,3998.66,3966.07,SELL,USD,1,1,1583663
D#1702745,XAUUSD,100,288230376154751501,288230376153210190,288230376165951474,288230376165951168,2638,2026-06-30T05:39:49.000Z,2026-06-30T06:23:47.000Z,-37.62,37.48,-38.32,-0.7,0,0.02,3979.73,3998.76,3998.58,3962.64,SELL,USD,1,1,1583663
D#1589456,XAUUSD,100,288230376154751515,288230376153211056,288230376165964951,288230376165964849,14,2026-06-30T06:23:42.000Z,2026-06-30T06:23:56.000Z,21.78,-22.41,18.62,-3.16,0,0.09,3996.55,3998.75,,,BUY,USD,1,1,1583663
D#1702668,XAUUSD,100,288230376154751535,288230376153210501,288230376165965032,288230376165956424,1637,2026-06-30T05:56:53.000Z,2026-06-30T06:24:10.000Z,-520,518.18,-529.1,-9.1,0,0.26,3978.74,3998.96,,3975.47,SELL,USD,1,1,1583663
D#1702364,XAUUSD,100,288230376154751554,288230376153210362,288230376165965093,288230376165954059,2129,2026-06-30T05:48:51.000Z,2026-06-30T06:24:20.000Z,-492.5,490.75,-501.26,-8.76,0,0.25,3979.59,3999.51,,3975.71,SELL,USD,1,1,1583663
D#1702588,XAUUSD,100,288230376154751557,288230376153211046,288230376165965105,288230376165964740,57,2026-06-30T06:23:24.000Z,2026-06-30T06:24:21.000Z,104.4,-105.80000000000001,97.4,-7,0,0.2,3994.57,3999.57,,,BUY,USD,1,1,1583663
D#1702624,XAUUSD,100,288230376154751569,288230376153208993,288230376165933843,288230376165933841,6024,2026-06-30T04:43:58.000Z,2026-06-30T06:24:22.000Z,-37.83,37.62,-38.89,-1.06,0,0.03,3988.18,4001.01,4000.7,,SELL,USD,1,1,1583663
D#1670976,XAUUSD,100,288230376154751633,288230376153205927,288230376165965276,288230376165889805,14635,2026-06-30T02:20:45.000Z,2026-06-30T06:24:40.000Z,-205,204.65,-206.76,-1.76,0,0.05,3958.29,3999.51,,,SELL,USD,1,1,1583663
D#1645749,XAUUSD,100,288230376154751648,288230376153210691,288230376165965371,288230376165959662,1057,2026-06-30T06:07:19.000Z,2026-06-30T06:24:56.000Z,117.9,-118.60000000000001,114.4,-3.5,0,0.1,3988.53,4000.1,3981.25,,BUY,USD,1,1,1583663
D#1702588,XAUUSD,100,288230376154751655,288230376153211085,288230376165965404,288230376165965148,36,2026-06-30T06:24:25.000Z,2026-06-30T06:25:01.000Z,-34.6,33.2,-41.6,-7,0,0.2,4001.22,3999.27,,,BUY,USD,1,1,1583663
D#1671086,XAUUSD,100,288230376154751671,288230376153211068,288230376165965500,288230376165964982,73,2026-06-30T06:24:02.000Z,2026-06-30T06:25:15.000Z,0.3,-0.37,-0.06,-0.36,0,0.01,3998.68,3998.6,,,SELL,USD,1,1,1583663
D#1702470,XAUUSD,100,288230376154751709,288230376153210973,288230376165965725,288230376165964008,261,2026-06-30T06:21:26.000Z,2026-06-30T06:25:47.000Z,-12.09,12.02,-12.45,-0.36,0,0.01,3985.97,3998.28,,,SELL,USD,1,1,1583663
D#1702545,XAUUSD,100,288230376154751810,288230376153211123,288230376165966242,288230376165965432,113,2026-06-30T06:25:05.000Z,2026-06-30T06:26:58.000Z,86.1,-88.55,73.84,-12.26,0,0.35,3999.22,4001.46,,,BUY,USD,1,1,1583663
D#1702490,XAUUSD,100,288230376154751832,288230376153211130,288230376165966299,288230376165965473,126,2026-06-30T06:25:11.000Z,2026-06-30T06:27:17.000Z,-123.25,121.5,-132.01,-8.76,0,0.25,3998.64,4003.79,4003.62,3994.53,SELL,USD,1,1,1583663
D#1670870,XAUUSD,100,288230376154751831,288230376153211177,288230376165966358,288230376165965979,57,2026-06-30T06:26:20.000Z,2026-06-30T06:27:17.000Z,-121.8,119.7,-132.3,-10.5,0,0.3,3999.36,4003.64,,3995.2,SELL,USD,1,1,1583663
D#1702442,XAUUSD,100,288230376154751838,288230376153211139,288230376165966363,288230376165965573,113,2026-06-30T06:25:25.000Z,2026-06-30T06:27:18.000Z,-79.6,78.19999999999999,-86.6,-7,0,0.2,3999.58,4003.78,,,SELL,USD,1,1,1583663
D#1702583,XAUUSD,100,288230376154751843,288230376153211074,288230376165966388,288230376165965028,190,2026-06-30T06:24:10.000Z,2026-06-30T06:27:20.000Z,96.2,-97.60000000000001,89.2,-7,0,0.2,3998.68,4003.27,,,BUY,USD,1,1,1583663
D#1702616,XAUUSD,100,288230376154751863,288230376153211112,288230376165965525,288230376165965368,168,2026-06-30T06:24:55.000Z,2026-06-30T06:27:43.000Z,-42.8,42.099999999999994,-46.3,-3.5,0,0.1,4000.05,4004.55,4004.16,4000.16,SELL,USD,1,1,1583663
D#1702666,XAUUSD,100,288230376154751880,288230376153209524,288230376165966586,288230376165941158,4812,2026-06-30T05:07:39.000Z,2026-06-30T06:27:51.000Z,-218.4,217.35,-223.66,-5.26,0,0.15,3990.06,4004.84,,,SELL,USD,1,1,1583663
D#1702706,XAUUSD,100,288230376154751898,288230376153208598,288230376165935204,288230376165928921,7103,2026-06-30T04:29:41.000Z,2026-06-30T06:28:04.000Z,-144.36,143.94000000000003,-146.46,-2.1,0,0.06,3981.96,4006.24,4006.14,3942.32,SELL,USD,1,1,1583663
D#1702376,XAUUSD,100,288230376154751925,288230376153210229,288230376165966769,288230376165951690,2817,2026-06-30T05:41:23.000Z,2026-06-30T06:28:20.000Z,427,-428.4,420.0,-7,0,0.2,3984.85,4005.98,3961.83,4022.89,BUY,USD,1,1,1583663
D#1702380,XAUUSD,100,288230376154751926,288230376153210955,288230376165966776,288230376165963680,484,2026-06-30T06:20:18.000Z,2026-06-30T06:28:22.000Z,-199.7,199.0,-203.2,-3.5,0,0.1,3986.44,4006.63,,,SELL,USD,1,1,1583663
D#1702712,XAUUSD,100,288230376154751947,288230376153207295,288230376165966859,288230376165910233,10954,2026-06-30T03:25:58.000Z,2026-06-30T06:28:32.000Z,398.1,-398.8,394.6,-3.5,0,0.1,3966.67,4006.26,,,BUY,USD,1,1,1583663
D#1702588,XAUUSD,100,288230376154751950,288230376153211124,288230376165966894,288230376165965441,212,2026-06-30T06:25:06.000Z,2026-06-30T06:28:38.000Z,-121.2,119.8,-128.2,-7,0,0.2,3999.25,4005.53,,,SELL,USD,1,1,1583663
D#1702461,XAUUSD,100,288230376154751951,288230376153211146,288230376165966908,288230376165965615,189,2026-06-30T06:25:32.000Z,2026-06-30T06:28:41.000Z,41.15,-41.5,39.39,-1.76,0,0.05,3999.16,4007.17,,,BUY,USD,1,1,1583663
D#1702490,XAUUSD,100,288230376154751956,288230376153211219,288230376165966559,288230376165966432,73,2026-06-30T06:27:28.000Z,2026-06-30T06:28:41.000Z,128.75,-130.5,119.99,-8.76,0,0.25,4003.07,4008,,4007.53,BUY,USD,1,1,1583663
D#1702737,XAUUSD,100,288230376154751966,288230376153208390,288230376165925946,288230376165925943,7772,2026-06-30T04:19:11.000Z,2026-06-30T06:28:43.000Z,500.55,-501.6,495.29,-5.26,0,0.15,3975.01,4008.16,3971.89,4008.22,BUY,USD,1,1,1583663
D#1670973,XAUUSD,100,288230376154752002,288230376153211214,288230376165966508,288230376165966398,88,2026-06-30T06:27:21.000Z,2026-06-30T06:28:49.000Z,74.3,-75.0,70.8,-3.5,0,0.1,4002.99,4010.2,3999.66,4009.29,BUY,USD,1,1,1583663
D#1702616,XAUUSD,100,288230376154752010,288230376153211229,288230376165966804,288230376165966579,61,2026-06-30T06:27:49.000Z,2026-06-30T06:28:50.000Z,50.1,-50.800000000000004,46.6,-3.5,0,0.1,4005,4009.79,4004.89,4009.89,BUY,USD,1,1,1583663
D#1702348,XAUUSD,100,288230376154752021,288230376153211188,288230376165966604,288230376165966118,131,2026-06-30T06:26:42.000Z,2026-06-30T06:28:53.000Z,97.4,-98.10000000000001,93.9,-3.5,0,0.1,4001.13,4010.65,3998.43,4010.57,BUY,USD,1,1,1583663
D#1702560,XAUUSD,100,288230376154752028,288230376153211189,288230376165966125,288230376165966121,132,2026-06-30T06:26:42.000Z,2026-06-30T06:28:54.000Z,103.3,-104.0,99.8,-3.5,0,0.1,4001.14,4011.25,3986.03,4011.03,BUY,USD,1,1,1583663
D#1702403,XAUUSD,100,288230376154752096,288230376153206572,288230376165967168,288230376165898274,13321,2026-06-30T02:47:10.000Z,2026-06-30T06:29:11.000Z,-256.25,255.9,-258.01,-1.76,0,0.05,3961.5,4012.97,,,SELL,USD,1,1,1583663
D#1702583,XAUUSD,100,288230376154752146,288230376153211248,288230376165967314,288230376165966756,73,2026-06-30T06:28:18.000Z,2026-06-30T06:29:31.000Z,127.2,-128.6,120.2,-7,0,0.2,4006.57,4012.71,,4015.72,BUY,USD,1,1,1583663
D#1670915,XAUUSD,100,288230376154752168,288230376153211154,288230376165967463,288230376165965682,256,2026-06-30T06:25:41.000Z,2026-06-30T06:29:57.000Z,62.55,-62.9,60.79,-1.76,0,0.05,3999.1,4011.39,3999.08,,BUY,USD,1,1,1583663
D#1702660,XAUUSD,100,288230376154752238,288230376153210818,288230376165961889,288230376165961606,1012,2026-06-30T06:13:35.000Z,2026-06-30T06:30:27.000Z,265.3,-266.0,261.8,-3.5,0,0.1,3987.5,4013.81,3970,4014,BUY,USD,1,1,1583663
D#1702592,XAUUSD,100,288230376154752257,288230376153211355,288230376165967779,288230376165967586,27,2026-06-30T06:30:14.000Z,2026-06-30T06:30:41.000Z,1.05,-2.1,-4.21,-5.26,0,0.15,4012.65,4012.8,4023.51,,SELL,USD,1,1,1583663
D#1702490,XAUUSD,100,288230376154752275,288230376153211279,288230376165967239,288230376165967005,115,2026-06-30T06:28:52.000Z,2026-06-30T06:30:47.000Z,114.75,-116.5,105.99,-8.76,0,0.25,4010.42,4014.79,4010.35,4014.89,BUY,USD,1,1,1583663
D#1702551,XAUUSD,100,288230376154752319,288230376153210906,288230376165962970,288230376165962890,803,2026-06-30T06:17:46.000Z,2026-06-30T06:31:09.000Z,149.3,-149.65,147.54,-1.76,0,0.05,3986.16,4015.8,3978.06,4015.49,BUY,USD,1,1,1583663
D#1702520,XAUUSD,100,288230376154752328,288230376153211272,288230376165968015,288230376165966961,145,2026-06-30T06:28:46.000Z,2026-06-30T06:31:11.000Z,-291.24,288.72,-303.84,-12.6,0,0.36,4008.32,4016.63,,,SELL,USD,1,1,1583663
D#1702588,XAUUSD,100,288230376154752344,288230376153211280,288230376165968043,288230376165967014,141,2026-06-30T06:28:53.000Z,2026-06-30T06:31:14.000Z,146.2,-147.6,139.2,-7,0,0.2,4010.77,4017.86,,,BUY,USD,1,1,1583663
D#1702462,XAUUSD,100,288230376154752351,288230376153211320,288230376165967367,288230376165967247,113,2026-06-30T06:29:22.000Z,2026-06-30T06:31:15.000Z,-36.5,36.15,-38.26,-1.76,0,0.05,4011.48,4019,4018.11,3997.61,SELL,USD,1,1,1583663
D#1702367,XAUUSD,100,288230376154752361,288230376153211038,288230376165968089,288230376165964609,499,2026-06-30T06:23:02.000Z,2026-06-30T06:31:21.000Z,-227.3,226.60000000000002,-230.8,-3.5,0,0.1,3995.04,4017.99,,,SELL,USD,1,1,1583663
D#1702517,XAUUSD,100,288230376154752363,288230376153210129,288230376165968097,288230376165949982,3308,2026-06-30T05:36:14.000Z,2026-06-30T06:31:22.000Z,-421.7,421.0,-425.2,-3.5,0,0.1,3975.69,4018.08,,3964.95,SELL,USD,1,1,1583663
D#1702579,XAUUSD,100,288230376154752367,288230376153208451,288230376165968105,288230376165926820,7747,2026-06-30T04:22:16.000Z,2026-06-30T06:31:23.000Z,407.2,-407.9,403.7,-3.5,0,0.1,3977.29,4017.79,3960.61,4021.01,BUY,USD,1,1,1583663
D#1670973,XAUUSD,100,288230376154752370,288230376153211340,288230376165967625,288230376165967491,84,2026-06-30T06:30:02.000Z,2026-06-30T06:31:26.000Z,68.1,-69.14999999999999,62.84,-5.26,0,0.15,4012.64,4016.96,4017.01,,BUY,USD,1,1,1583663
D#1670915,XAUUSD,100,288230376154752400,288230376153211411,288230376165968306,288230376165967922,42,2026-06-30T06:31:10.000Z,2026-06-30T06:31:52.000Z,9.76,-10.32,6.96,-2.8,0,0.08,4016.76,4015.76,,,SELL,USD,1,1,1583663
D#1702588,XAUUSD,100,288230376154752405,288230376153211428,288230376165968336,288230376165968114,32,2026-06-30T06:31:24.000Z,2026-06-30T06:31:56.000Z,-3.4,1.9999999999999998,-10.4,-7,0,0.2,4017.2,4016.81,,,BUY,USD,1,1,1583663
D#1702514,XAUUSD,100,288230376154752419,288230376153210663,288230376165968416,288230376165959261,1554,2026-06-30T06:06:13.000Z,2026-06-30T06:32:07.000Z,60.66,-60.8,59.96,-0.7,0,0.02,3987.34,4017.45,,,BUY,USD,1,1,1583663
D#1671061,XAUUSD,100,288230376154752445,288230376153206873,288230376165903628,288230376165902886,12677,2026-06-30T03:01:08.000Z,2026-06-30T06:32:25.000Z,274.85,-275.20000000000005,273.09,-1.76,0,0.05,3966.07,4020.82,3976.24,4020.89,BUY,USD,1,1,1583663
D#1670969,XAUUSD,100,288230376154752483,288230376153211274,288230376165967231,288230376165966965,221,2026-06-30T06:28:47.000Z,2026-06-30T06:32:28.000Z,101.08,-101.57,98.62,-2.46,0,0.07,4008.65,4022.87,,4022.84,BUY,USD,1,1,1583663
D#1670862,XAUUSD,100,288230376154752536,288230376153211276,288230376165966985,288230376165937704,230,2026-06-30T06:28:50.000Z,2026-06-30T06:32:40.000Z,-29.34,29.2,-30.04,-0.7,0,0.02,4010.17,4025.06,4025.18,3958.17,SELL,USD,1,1,1583663
D#1645749,XAUUSD,100,288230376154752552,288230376153211361,288230376165967977,288230376165967618,143,2026-06-30T06:30:19.000Z,2026-06-30T06:32:42.000Z,-77.65,77.30000000000001,-79.41,-1.76,0,0.05,4011.41,4027.16,4026.14,,SELL,USD,1,1,1583663
D#1702588,XAUUSD,100,288230376154752561,288230376153211457,288230376165968713,288230376165968400,40,2026-06-30T06:32:04.000Z,2026-06-30T06:32:44.000Z,-201.4,200.0,-208.4,-7,0,0.2,4017.35,4027.64,,,SELL,USD,1,1,1583663
D#1702490,XAUUSD,100,288230376154752568,288230376153211451,288230376165968727,288230376165968327,51,2026-06-30T06:31:55.000Z,2026-06-30T06:32:46.000Z,-273,271.25,-281.76,-8.76,0,0.25,4016.56,4027.7,,4013.82,SELL,USD,1,1,1583663
D#1702535,XAUUSD,100,288230376154752587,288230376153210690,288230376165968814,288230376165959650,1539,2026-06-30T06:07:17.000Z,2026-06-30T06:32:56.000Z,444,-444.84,439.8,-4.2,0,0.12,3988.45,4025.23,,,BUY,USD,1,1,1583663
D#1702716,XAUUSD,100,288230376154752707,288230376153211419,288230376165969421,288230376165968054,185,2026-06-30T06:31:16.000Z,2026-06-30T06:34:21.000Z,102.6,-103.3,99.1,-3.5,0,0.1,4018.2,4028.24,4022.14,4028.86,BUY,USD,1,1,1583663
D#1670915,XAUUSD,100,288230376154752720,288230376153211560,288230376165969455,288230376165969276,23,2026-06-30T06:34:02.000Z,2026-06-30T06:34:25.000Z,-29.28,28.720000000000002,-32.08,-2.8,0,0.08,4025.17,4029.05,,,SELL,USD,1,1,1583663
D#1702588,XAUUSD,100,288230376154752772,288230376153211532,288230376165969630,288230376165968922,100,2026-06-30T06:33:07.000Z,2026-06-30T06:34:47.000Z,134.6,-136.0,127.6,-7,0,0.2,4023.88,4030.39,,,BUY,USD,1,1,1583663
D#1702735,XAUUSD,100,288230376154752844,288230376153211456,288230376165969888,288230376165968372,207,2026-06-30T06:32:00.000Z,2026-06-30T06:35:27.000Z,-47.01,46.8,-48.07,-1.06,0,0.03,4016.34,4032.23,,,SELL,USD,1,1,1583663
D#1670915,XAUUSD,100,288230376154752877,288230376153211587,288230376165969981,288230376165969495,89,2026-06-30T06:34:29.000Z,2026-06-30T06:35:58.000Z,-0.64,0.07999999999999996,-3.44,-2.8,0,0.08,4030.69,4030.39,4030.7,,BUY,USD,1,1,1583663
D#1702551,XAUUSD,100,288230376154752917,288230376153211454,288230376165970294,288230376165968366,269,2026-06-30T06:31:59.000Z,2026-06-30T06:36:28.000Z,62.15,-62.5,60.39,-1.76,0,0.05,4016.95,4029.16,4006.64,4052.99,BUY,USD,1,1,1583663
D#1589404,XAUUSD,100,288230376154752920,288230376153211632,288230376165970303,288230376165969887,62,2026-06-30T06:35:26.000Z,2026-06-30T06:36:28.000Z,28.1,-28.8,24.6,-3.5,0,0.1,4031.88,4029.29,,,SELL,USD,1,1,1583663
D#1670958,XAUUSD,100,288230376154752919,288230376153211645,288230376165970298,288230376165970032,39,2026-06-30T06:35:49.000Z,2026-06-30T06:36:28.000Z,28.5,-29.2,25.0,-3.5,0,0.1,4031.95,4029.32,,,SELL,USD,1,1,1583663
D#1702407,XAUUSD,100,288230376154752924,288230376153211623,288230376165970330,288230376165969538,76,2026-06-30T06:35:17.000Z,2026-06-30T06:36:33.000Z,124.54,-126.36,115.44,-9.1,0,0.26,4032.79,4028.22,,4023.86,SELL,USD,1,1,1583663
D#1670958,XAUUSD,100,288230376154752938,288230376153211684,288230376165970380,288230376165970324,8,2026-06-30T06:36:32.000Z,2026-06-30T06:36:40.000Z,12.6,-13.299999999999999,9.1,-3.5,0,0.1,4028.14,4027.1,,,SELL,USD,1,1,1583663
D#1702535,XAUUSD,100,288230376154753027,288230376153211624,288230376165970866,288230376165969811,157,2026-06-30T06:35:17.000Z,2026-06-30T06:37:54.000Z,-99,98.16,-103.2,-4.2,0,0.12,4032.98,4024.51,,,BUY,USD,1,1,1583663
D#1702595,XAUUSD,100,288230376154753085,288230376153211747,288230376165971291,288230376165970827,71,2026-06-30T06:37:48.000Z,2026-06-30T06:38:59.000Z,17.4,-18.099999999999998,13.9,-3.5,0,0.1,4023.99,4022.47,4038.76,4007.63,SELL,USD,1,1,1583663
D#1702503,XAUUSD,100,288230376154753098,288230376153211746,288230376165971391,288230376165970805,93,2026-06-30T06:37:45.000Z,2026-06-30T06:39:18.000Z,28.56,-29.54,23.66,-4.9,0,0.14,4024.61,4022.79,,,SELL,USD,1,1,1583663
D#1702588,XAUUSD,100,288230376154753108,288230376153211773,288230376165971521,288230376165971300,38,2026-06-30T06:39:01.000Z,2026-06-30T06:39:39.000Z,11.5,-15.0,-6.0,-17.5,0,0.5,4022.71,4022.7,,,SELL,USD,1,1,1583663
D#1670993,XAUUSD,100,288230376154753126,288230376153211726,288230376165971648,288230376165970701,155,2026-06-30T06:37:29.000Z,2026-06-30T06:40:04.000Z,29.8,-31.2,22.8,-7,0,0.2,4024.23,4022.96,,,SELL,USD,1,1,1583663
D#1702588,XAUUSD,100,288230376154753140,288230376153211792,288230376165971756,288230376165971573,32,2026-06-30T06:39:50.000Z,2026-06-30T06:40:22.000Z,44.5,-48.0,27.0,-17.5,0,0.5,4022.56,4023.23,,,BUY,USD,1,1,1583663
D#1670915,XAUUSD,100,288230376154753152,288230376153211668,288230376165970439,288230376165970205,261,2026-06-30T06:36:15.000Z,2026-06-30T06:40:36.000Z,23.36,-23.919999999999998,20.56,-2.8,0,0.08,4028.98,4026.28,4026.02,4018.52,SELL,USD,1,1,1583663
D#1589404,XAUUSD,100,288230376154753153,288230376153211799,288230376165971836,288230376165971642,35,2026-06-30T06:40:03.000Z,2026-06-30T06:40:38.000Z,110.1,-112.19999999999999,99.6,-10.5,0,0.3,4022.63,4026.08,,,BUY,USD,1,1,1583663
D#1702588,XAUUSD,100,288230376154753166,288230376153211807,288230376165971952,288230376165971815,28,2026-06-30T06:40:34.000Z,2026-06-30T06:41:02.000Z,-59,55.5,-76.5,-17.5,0,0.5,4025.9,4024.5,,,BUY,USD,1,1,1583663
D#1702588,XAUUSD,100,288230376154753180,288230376153211824,288230376165972056,288230376165972004,8,2026-06-30T06:41:09.000Z,2026-06-30T06:41:17.000Z,11.5,-15.0,-6.0,-17.5,0,0.5,4022.4,4022.39,,,SELL,USD,1,1,1583663
D#1702442,XAUUSD,100,288230376154753182,288230376153211774,288230376165972098,288230376165971310,142,2026-06-30T06:39:03.000Z,2026-06-30T06:41:25.000Z,11.2,-12.6,4.2,-7,0,0.2,4023.52,4023.18,,,SELL,USD,1,1,1583663
D#1702588,XAUUSD,100,288230376154753186,288230376153211831,288230376165972151,288230376165972082,12,2026-06-30T06:41:22.000Z,2026-06-30T06:41:34.000Z,33,-36.5,15.5,-17.5,0,0.5,4022.75,4022.31,,,SELL,USD,1,1,1583663
D#1702595,XAUUSD,100,288230376154753191,288230376153211814,288230376165972207,288230376165971871,59,2026-06-30T06:40:45.000Z,2026-06-30T06:41:44.000Z,12.6,-13.23,9.44,-3.16,0,0.09,4024.35,4023.17,4033.86,4012.94,SELL,USD,1,1,1583663
D#1702588,XAUUSD,100,288230376154753204,288230376153211837,288230376165972336,288230376165972222,20,2026-06-30T06:41:48.000Z,2026-06-30T06:42:08.000Z,9.8,-13.23,-7.36,-17.16,0,0.49,4023.5,4023.52,,,SELL,USD,1,1,1583663
D#1671079,XAUUSD,100,288230376154753206,288230376153211781,288230376165972345,288230376165971441,164,2026-06-30T06:39:26.000Z,2026-06-30T06:42:10.000Z,-1.02,0.95,-1.38,-0.36,0,0.01,4022.44,4023.68,4046.41,3973.23,SELL,USD,1,1,1583663
D#1702588,XAUUSD,100,288230376154753223,288230376153211848,288230376165972516,288230376165972416,17,2026-06-30T06:42:23.000Z,2026-06-30T06:42:40.000Z,-16.66,13.23,-33.82,-17.16,0,0.49,4023.02,4023.58,,,SELL,USD,1,1,1583663
D#1702588,XAUUSD,100,288230376154753230,288230376153211857,288230376165972599,288230376165972550,10,2026-06-30T06:42:48.000Z,2026-06-30T06:42:58.000Z,-0.98,-2.4499999999999997,-18.14,-17.16,0,0.49,4023.76,4023.52,,,BUY,USD,1,1,1583663
D#1702588,XAUUSD,100,288230376154753243,288230376153211862,288230376165972732,288230376165972635,17,2026-06-30T06:43:04.000Z,2026-06-30T06:43:21.000Z,38.71,-42.14,21.55,-17.16,0,0.49,4025.13,4025.7,,,BUY,USD,1,1,1583663
D#1670985,XAUUSD,100,288230376154753248,288230376153211717,288230376165972769,288230376165970588,379,2026-06-30T06:37:09.000Z,2026-06-30T06:43:28.000Z,-6.96,6.68,-8.36,-1.4,0,0.04,4024.02,4025.98,4032.04,,SELL,USD,1,1,1583663
D#1670915,XAUUSD,100,288230376154753256,288230376153211865,288230376165972656,288230376165972372,28,2026-06-30T06:43:07.000Z,2026-06-30T06:43:35.000Z,-10.96,10.4,-13.76,-2.8,0,0.08,4026.31,4027.9,4027.05,4016.02,SELL,USD,1,1,1583663
D#1702588,XAUUSD,100,288230376154753260,288230376153211872,288230376165972827,288230376165972785,7,2026-06-30T06:43:30.000Z,2026-06-30T06:43:37.000Z,99.47,-102.9,82.31,-17.16,0,0.49,4026.12,4027.93,,,BUY,USD,1,1,1583663
D#1702588,XAUUSD,100,288230376154753280,288230376153211880,288230376165972946,288230376165972890,11,2026-06-30T06:43:46.000Z,2026-06-30T06:43:57.000Z,48.02,-51.45,30.86,-17.16,0,0.49,4026.67,4025.91,,,SELL,USD,1,1,1583663
D#1702588,XAUUSD,100,288230376154753290,288230376153211889,288230376165973013,288230376165972988,5,2026-06-30T06:44:04.000Z,2026-06-30T06:44:09.000Z,-13.23,9.8,-30.39,-17.16,0,0.49,4024.09,4024.58,,,SELL,USD,1,1,1583663
D#1702588,XAUUSD,100,288230376154753295,288230376153211891,288230376165973056,288230376165973029,5,2026-06-30T06:44:13.000Z,2026-06-30T06:44:18.000Z,19.6,-23.03,2.44,-17.16,0,0.49,4023.93,4024.11,,,BUY,USD,1,1,1583663
D#1702588,XAUUSD,100,288230376154753327,288230376153211895,288230376165973250,288230376165973093,25,2026-06-30T06:44:24.000Z,2026-06-30T06:44:49.000Z,0,-3.4299999999999997,-17.16,-17.16,0,0.49,4024.12,4023.9,,4024.36,BUY,USD,1,1,1583663
D#1702588,XAUUSD,100,288230376154753340,288230376153211908,288230376165973349,288230376165973291,6,2026-06-30T06:44:56.000Z,2026-06-30T06:45:02.000Z,92.12,-95.55000000000001,74.96,-17.16,0,0.49,4024.25,4025.91,,,BUY,USD,1,1,1583663
D#1702588,XAUUSD,100,288230376154753354,288230376153211923,288230376165973437,288230376165973407,5,2026-06-30T06:45:12.000Z,2026-06-30T06:45:17.000Z,49,-52.43,31.84,-17.16,0,0.49,4027.41,4026.63,,,SELL,USD,1,1,1583663
D#1702342,XAUUSD,100,288230376154753376,288230376153211760,288230376165973603,288230376165971013,446,2026-06-30T06:38:17.000Z,2026-06-30T06:45:43.000Z,19.2,-19.9,15.7,-3.5,0,0.1,4025.7,4027.4,,,BUY,USD,1,1,1583663
D#1702588,XAUUSD,100,288230376154753377,288230376153211934,288230376165973605,288230376165973552,8,2026-06-30T06:45:35.000Z,2026-06-30T06:45:43.000Z,17.5,-21.0,0.0,-17.5,0,0.5,4027.2,4027.33,,,BUY,USD,1,1,1583663
D#1702588,XAUUSD,100,288230376154753388,288230376153211944,288230376165973682,288230376165973647,7,2026-06-30T06:45:50.000Z,2026-06-30T06:45:57.000Z,-7.5,4.0,-25.0,-17.5,0,0.5,4026.94,4026.57,,,BUY,USD,1,1,1583663
D#1702588,XAUUSD,100,288230376154753401,288230376153211954,288230376165973763,288230376165973725,6,2026-06-30T06:46:04.000Z,2026-06-30T06:46:10.000Z,35,-38.5,17.5,-17.5,0,0.5,4027.31,4027.79,,,BUY,USD,1,1,1583663
D#1702503,XAUUSD,100,288230376154753402,288230376153211869,288230376165973786,288230376165972739,171,2026-06-30T06:43:22.000Z,2026-06-30T06:46:13.000Z,105.5,-109.0,88.0,-17.5,0,0.5,4025.84,4027.73,,,BUY,USD,1,1,1583663
D#1702588,XAUUSD,100,288230376154753422,288230376153211964,288230376165973900,288230376165973853,8,2026-06-30T06:46:24.000Z,2026-06-30T06:46:32.000Z,9,-12.5,-8.5,-17.5,0,0.5,4028.87,4028.83,,,BUY,USD,1,1,1583663
D#1702588,XAUUSD,100,288230376154753443,288230376153211972,288230376165974004,288230376165973943,13,2026-06-30T06:46:38.000Z,2026-06-30T06:46:51.000Z,-5,1.5,-22.5,-17.5,0,0.5,4029.95,4030.27,,,SELL,USD,1,1,1583663
D#1589404,XAUUSD,100,288230376154753456,288230376153211955,288230376165974052,288230376165973724,53,2026-06-30T06:46:04.000Z,2026-06-30T06:46:57.000Z,-112.2,110.10000000000001,-122.7,-10.5,0,0.3,4027.2,4031.16,,,SELL,USD,1,1,1583663
D#1702588,XAUUSD,100,288230376154753470,288230376153211980,288230376165974123,288230376165974065,9,2026-06-30T06:46:59.000Z,2026-06-30T06:47:08.000Z,53.5,-57.0,36.0,-17.5,0,0.5,4030.58,4031.43,,,BUY,USD,1,1,1583663
D#1702588,XAUUSD,100,288230376154753481,288230376153211993,288230376165974201,288230376165974177,5,2026-06-30T06:47:16.000Z,2026-06-30T06:47:21.000Z,53,-56.5,35.5,-17.5,0,0.5,4031.43,4030.59,,,SELL,USD,1,1,1583663
D#1702588,XAUUSD,100,288230376154753507,288230376153212007,288230376165974359,288230376165974294,11,2026-06-30T06:47:36.000Z,2026-06-30T06:47:47.000Z,41,-44.5,23.5,-17.5,0,0.5,4030.9,4030.3,,,SELL,USD,1,1,1583663
D#1702588,XAUUSD,100,288230376154753528,288230376153212019,288230376165974513,288230376165974405,18,2026-06-30T06:47:53.000Z,2026-06-30T06:48:11.000Z,2.5,-6.0,-15.0,-17.5,0,0.5,4030.66,4030.49,,,BUY,USD,1,1,1583663
D#1702437,XAUUSD,100,288230376154753534,288230376153211811,288230376165974608,288230376165971849,469,2026-06-30T06:40:40.000Z,2026-06-30T06:48:29.000Z,32.1,-32.45,30.34,-1.76,0,0.05,4024.77,4030.97,,,BUY,USD,1,1,1583663
D#1702588,XAUUSD,100,288230376154753536,288230376153212029,288230376165974648,288230376165974540,20,2026-06-30T06:48:17.000Z,2026-06-30T06:48:37.000Z,20.5,-24.0,3.0,-17.5,0,0.5,4030.58,4030.39,,,SELL,USD,1,1,1583663
D#1670968,XAUUSD,100,288230376154753549,288230376153211959,288230376165974777,288230376165973797,164,2026-06-30T06:46:16.000Z,2026-06-30T06:49:00.000Z,-36.6,35.9,-40.1,-3.5,0,0.1,4027.51,4031.39,4034.44,4020.59,SELL,USD,1,1,1583663
D#1702588,XAUUSD,100,288230376154753580,288230376153212035,288230376165975044,288230376165974721,57,2026-06-30T06:48:50.000Z,2026-06-30T06:49:47.000Z,-20,16.5,-37.5,-17.5,0,0.5,4031.7,4032.32,,4031.46,SELL,USD,1,1,1583663
D#1670951,XAUUSD,100,288230376154753619,288230376153212040,288230376165975396,288230376165974803,109,2026-06-30T06:49:07.000Z,2026-06-30T06:50:56.000Z,5.5,-6.2,2.0,-3.5,0,0.1,4031.22,4030.89,4030.73,,SELL,USD,1,1,1583663
D#1702588,XAUUSD,100,288230376154753692,288230376153212059,288230376165976170,288230376165975086,201,2026-06-30T06:49:55.000Z,2026-06-30T06:53:16.000Z,-146,142.5,-163.5,-17.5,0,0.5,4032.01,4028.87,,,BUY,USD,1,1,1583663
D#1589404,XAUUSD,100,288230376154753730,288230376153212064,288230376165976528,288230376165975191,251,2026-06-30T06:50:14.000Z,2026-06-30T06:54:25.000Z,103.8,-105.89999999999999,93.3,-10.5,0,0.3,4030.25,4027.01,,,SELL,USD,1,1,1583663
D#1702729,XAUUSD,100,288230376154753738,288230376153212014,288230376165976603,288230376165974346,417,2026-06-30T06:47:44.000Z,2026-06-30T06:54:41.000Z,-155.5,152.0,-173.0,-17.5,0,0.5,4031.5,4028.17,,4033.45,BUY,USD,1,1,1583663
D#1702660,XAUUSD,100,288230376154753792,288230376153211796,288230376165977125,288230376165971613,981,2026-06-30T06:39:57.000Z,2026-06-30T06:56:18.000Z,42.8,-43.5,39.3,-3.5,0,0.1,4023.77,4027.83,4025,4040,BUY,USD,1,1,1583663
D#1670985,XAUUSD,100,288230376154753895,288230376153212110,288230376165975959,288230376165975912,349,2026-06-30T06:52:25.000Z,2026-06-30T06:58:14.000Z,-11.56,11.280000000000001,-12.96,-1.4,0,0.04,4028.99,4032.1,4031.55,,SELL,USD,1,1,1583663
D#1702588,XAUUSD,100,288230376154753906,288230376153212123,288230376165977820,288230376165976189,300,2026-06-30T06:53:21.000Z,2026-06-30T06:58:21.000Z,-105.5,102.0,-123.0,-17.5,0,0.5,4028.72,4031.05,,,SELL,USD,1,1,1583663
D#1702588,XAUUSD,100,288230376154753932,288230376153212237,288230376165977917,288230376165977887,5,2026-06-30T06:58:30.000Z,2026-06-30T06:58:35.000Z,-19,15.5,-36.5,-17.5,0,0.5,4031.15,4030.55,,,BUY,USD,1,1,1583663
D#1702420,XAUUSD,100,288230376154754029,288230376153211786,288230376165978567,288230376165971518,1236,2026-06-30T06:39:39.000Z,2026-06-30T07:00:15.000Z,62.3,-63.0,58.8,-3.5,0,0.1,4022.34,4028.35,,,BUY,USD,1,1,1583663
D#1702660,XAUUSD,100,288230376154754075,288230376153212240,288230376165978478,288230376165977942,117,2026-06-30T06:58:41.000Z,2026-06-30T07:00:38.000Z,-52.4,51.699999999999996,-55.9,-3.5,0,0.1,4030.79,4025.33,4025,4040,BUY,USD,1,1,1583663
D#1702595,XAUUSD,100,288230376154754265,288230376153211952,288230376165980068,288230376165973716,1087,2026-06-30T06:46:03.000Z,2026-06-30T07:04:10.000Z,13.41,-14.040000000000001,10.25,-3.16,0,0.09,4027.48,4026.21,4033.95,4007.48,SELL,USD,1,1,1583663
D#1589404,XAUUSD,100,288230376154754280,288230376153212359,288230376165980170,288230376165979198,158,2026-06-30T07:01:47.000Z,2026-06-30T07:04:25.000Z,13.5,-15.6,3.0,-10.5,0,0.3,4027,4026.77,,4024.34,SELL,USD,1,1,1583663
D#1702442,XAUUSD,100,288230376154754296,288230376153212347,288230376165980341,288230376165979044,216,2026-06-30T07:01:21.000Z,2026-06-30T07:04:57.000Z,0,-1.4000000000000001,-7.0,-7,0,0.2,4027.24,4027.46,,,SELL,USD,1,1,1583663
D#1670866,XAUUSD,100,288230376154754299,288230376153212018,288230376165980390,288230376165974373,1037,2026-06-30T06:47:49.000Z,2026-06-30T07:05:06.000Z,-4.38,4.31,-4.74,-0.36,0,0.01,4030.62,4026.02,,,BUY,USD,1,1,1583663
D#1670915,XAUUSD,100,288230376154754317,288230376153212381,288230376165979563,288230376165979504,165,2026-06-30T07:02:39.000Z,2026-06-30T07:05:24.000Z,-29.2,28.5,-32.7,-3.5,0,0.1,4027.8,4024.66,4024.85,4035.86,BUY,USD,1,1,1583663
D#1702595,XAUUSD,100,288230376154754330,288230376153212433,288230376165980555,288230376165980194,69,2026-06-30T07:04:29.000Z,2026-06-30T07:05:38.000Z,3.05,-3.4,1.29,-1.76,0,0.05,4026.68,4026.29,,,SELL,USD,1,1,1583663
D#1702432,XAUUSD,100,288230376154754355,288230376153212235,288230376165980767,288230376165977875,473,2026-06-30T06:58:27.000Z,2026-06-30T07:06:20.000Z,25.83,-26.319999999999997,23.37,-2.46,0,0.07,4030.89,4027.42,4029.34,4023.87,SELL,USD,1,1,1583663
D#1702415,XAUUSD,100,288230376154754393,288230376153212351,288230376165980241,288230376165979089,316,2026-06-30T07:01:28.000Z,2026-06-30T07:06:44.000Z,-63.8,62.4,-70.8,-7,0,0.2,4025.94,4029.35,4029.18,4023.42,SELL,USD,1,1,1583663
D#1702415,XAUUSD,100,288230376154754565,288230376153212506,288230376165981799,288230376165981075,173,2026-06-30T07:07:11.000Z,2026-06-30T07:10:04.000Z,37.2,-38.6,30.2,-7,0,0.2,4029.19,4027.55,4030.32,4027.49,SELL,USD,1,1,1583663
D#1702415,XAUUSD,100,288230376154754607,288230376153212586,288230376165982196,288230376165982060,55,2026-06-30T07:10:12.000Z,2026-06-30T07:11:07.000Z,-24.8,23.400000000000002,-31.8,-7,0,0.2,4027.41,4025.95,4026.59,4028.14,BUY,USD,1,1,1583663
D#1702415,XAUUSD,100,288230376154754646,288230376153212609,288230376165982603,288230376165982389,42,2026-06-30T07:11:15.000Z,2026-06-30T07:11:57.000Z,-41.14,38.76,-53.04,-11.9,0,0.34,4027.08,4025.65,,4027.53,BUY,USD,1,1,1583663
D#1589404,XAUUSD,100,288230376154754679,288230376153212592,288230376165982770,288230376165982162,113,2026-06-30T07:10:34.000Z,2026-06-30T07:12:27.000Z,81,-83.1,70.5,-10.5,0,0.3,4027.8,4025.32,,,SELL,USD,1,1,1583663
D#1702467,XAUUSD,100,288230376154754689,288230376153212116,288230376165976262,288230376165976026,1188,2026-06-30T06:52:48.000Z,2026-06-30T07:12:36.000Z,132.75,-134.5,123.99,-8.76,0,0.25,4029.2,4024.11,4033.9,4024.04,SELL,USD,1,1,1583663
D#1702415,XAUUSD,100,288230376154754707,288230376153212640,288230376165982891,288230376165982722,30,2026-06-30T07:12:18.000Z,2026-06-30T07:12:48.000Z,-41.14,38.76,-53.04,-11.9,0,0.34,4025.96,4024.53,,,BUY,USD,1,1,1583663
D#1702415,XAUUSD,100,288230376154754813,288230376153212672,288230376165983281,288230376165983070,146,2026-06-30T07:13:17.000Z,2026-06-30T07:15:43.000Z,15.3,-15.930000000000001,12.14,-3.16,0,0.09,4025.38,4026.86,4023.93,4026.9,BUY,USD,1,1,1583663
D#1702432,XAUUSD,100,288230376154754844,288230376153212691,288230376165983980,288230376165983439,100,2026-06-30T07:14:32.000Z,2026-06-30T07:16:12.000Z,13.58,-14.07,11.12,-2.46,0,0.07,4025.49,4027.21,4023.95,4029.2,BUY,USD,1,1,1583663
D#1702551,XAUUSD,100,288230376154754853,288230376153211775,288230376165984048,288230376165971312,2241,2026-06-30T06:39:03.000Z,2026-06-30T07:16:24.000Z,-18.25,17.9,-20.01,-1.76,0,0.05,4023.55,4027.42,4036.76,3991.42,SELL,USD,1,1,1583663
D#1702442,XAUUSD,100,288230376154754901,288230376153212666,288230376165983380,288230376165982984,274,2026-06-30T07:13:03.000Z,2026-06-30T07:17:37.000Z,-96,94.6,-103.0,-7,0,0.2,4024.4,4029.42,4029.28,4016.93,SELL,USD,1,1,1583663
D#1670996,XAUUSD,100,288230376154754905,288230376153212692,288230376165983774,288230376165983495,173,2026-06-30T07:14:46.000Z,2026-06-30T07:17:39.000Z,-44.5,43.8,-48.0,-3.5,0,0.1,4025.14,4029.81,4029.5,4017.5,SELL,USD,1,1,1583663
D#1702415,XAUUSD,100,288230376154754930,288230376153212718,288230376165984637,288230376165983859,141,2026-06-30T07:15:52.000Z,2026-06-30T07:18:13.000Z,-36.6,35.2,-43.6,-7,0,0.2,4027.42,4029.47,,4026.53,SELL,USD,1,1,1583663
D#1702487,XAUUSD,100,288230376154754965,288230376153212320,288230376165984844,288230376165978730,1093,2026-06-30T07:00:37.000Z,2026-06-30T07:18:50.000Z,-202.5,199.0,-220.0,-17.5,0,0.5,4025.71,4029.98,,4023.74,SELL,USD,1,1,1583663
D#1589455,XAUUSD,100,288230376154755153,288230376153212897,288230376165986458,288230376165986250,44,2026-06-30T07:23:14.000Z,2026-06-30T07:23:58.000Z,6.8,-7.5,3.3,-3.5,0,0.1,4028.75,4029.21,,,BUY,USD,1,1,1583663
D#1670985,XAUUSD,100,288230376154755202,288230376153212855,288230376165985990,288230376165985652,226,2026-06-30T07:21:27.000Z,2026-06-30T07:25:13.000Z,-6.36,6.08,-7.76,-1.4,0,0.04,4030.07,4031.88,4031.48,,SELL,USD,1,1,1583663
D#1702583,XAUUSD,100,288230376154755224,288230376153211450,288230376165976162,288230376165968314,3208,2026-06-30T06:31:53.000Z,2026-06-30T07:25:21.000Z,-366,364.6,-373.0,-7,0,0.2,4015.52,4034.04,4033.96,4012.83,SELL,USD,1,1,1583663
D#1671055,XAUUSD,100,288230376154755223,288230376153212791,288230376165984748,288230376165984745,407,2026-06-30T07:18:34.000Z,2026-06-30T07:25:21.000Z,-29.33,28.84,-31.79,-2.46,0,0.07,4029.67,4034.08,4033.88,,SELL,USD,1,1,1583663
D#1702640,XAUUSD,100,288230376154755228,288230376153212884,288230376165986901,288230376165986048,168,2026-06-30T07:22:34.000Z,2026-06-30T07:25:22.000Z,-61.4,60.699999999999996,-64.9,-3.5,0,0.1,4027.52,4033.88,,,SELL,USD,1,1,1583663
D#1702639,XAUUSD,100,288230376154755254,288230376153212130,288230376165976312,288230376165976311,1898,2026-06-30T06:53:46.000Z,2026-06-30T07:25:24.000Z,-51.2,50.5,-54.7,-3.5,0,0.1,4029.15,4034.49,4034.39,4015.9,SELL,USD,1,1,1583663
D#1702467,XAUUSD,100,288230376154755252,288230376153212665,288230376165983081,288230376165982966,743,2026-06-30T07:13:01.000Z,2026-06-30T07:25:24.000Z,-94.9,94.2,-98.4,-3.5,0,0.1,4024.71,4034.42,4034.01,4013.9,SELL,USD,1,1,1583663
D#1671071,XAUUSD,100,288230376154755260,288230376153212862,288230376165986945,288230376165985742,228,2026-06-30T07:21:38.000Z,2026-06-30T07:25:26.000Z,-56.52,55.68,-60.72,-4.2,0,0.12,4029.58,4034.51,,4026.91,SELL,USD,1,1,1583663
D#1702613,XAUUSD,100,288230376154755285,288230376153212929,288230376165987002,288230376165986805,28,2026-06-30T07:25:05.000Z,2026-06-30T07:25:33.000Z,-83.25,81.5,-92.01,-8.76,0,0.25,4030.67,4034.22,,4028.43,SELL,USD,1,1,1583663
D#1670873,XAUUSD,100,288230376154755301,288230376153209864,288230376165987054,288230376165946305,7230,2026-06-30T05:25:11.000Z,2026-06-30T07:25:41.000Z,466.4,-467.09999999999997,462.9,-3.5,0,0.1,3987.48,4033.9,,,BUY,USD,1,1,1583663
D#1702357,XAUUSD,100,288230376154755304,288230376153211709,288230376165987059,288230376165970550,2917,2026-06-30T06:37:04.000Z,2026-06-30T07:25:41.000Z,-195.2,193.79999999999998,-202.2,-7,0,0.2,4024.13,4034.11,4036,4004.48,SELL,USD,1,1,1583663
D#1702503,XAUUSD,100,288230376154755307,288230376153212618,288230376165987065,288230376165982522,841,2026-06-30T07:11:41.000Z,2026-06-30T07:25:42.000Z,-317.77,314.76,-332.83,-15.06,0,0.43,4026.54,4034.15,,,SELL,USD,1,1,1583663
D#1702442,XAUUSD,100,288230376154755321,288230376153212959,288230376165987145,288230376165987045,11,2026-06-30T07:25:40.000Z,2026-06-30T07:25:51.000Z,0,-1.4000000000000001,-7.0,-7,0,0.2,4034.05,4033.83,,,BUY,USD,1,1,1583663
D#1702583,XAUUSD,100,288230376154755325,288230376153212941,288230376165987167,288230376165986909,32,2026-06-30T07:25:23.000Z,2026-06-30T07:25:55.000Z,5.4,-6.800000000000001,-1.6,-7,0,0.2,4033.6,4033.55,4039.99,,SELL,USD,1,1,1583663
D#1702535,XAUUSD,100,288230376154755327,288230376153211756,288230376165987176,288230376165970955,2867,2026-06-30T06:38:09.000Z,2026-06-30T07:25:56.000Z,-110.28,109.44,-114.48,-4.2,0,0.12,4024.16,4033.57,,,SELL,USD,1,1,1583663
D#1671071,XAUUSD,100,288230376154755349,288230376153212970,288230376165987196,288230376165987098,32,2026-06-30T07:25:46.000Z,2026-06-30T07:26:18.000Z,22.42,-23.75,15.76,-6.66,0,0.19,4032.97,4032.01,,4032.26,SELL,USD,1,1,1583663
D#1671071,XAUUSD,100,288230376154755373,288230376153212996,288230376165987504,288230376165987428,27,2026-06-30T07:26:34.000Z,2026-06-30T07:27:01.000Z,80.04,-83.26,63.94,-16.1,0,0.46,4031.45,4032.97,,4032.86,BUY,USD,1,1,1583663
D#1671071,XAUUSD,100,288230376154755407,288230376153213004,288230376165987828,288230376165987639,42,2026-06-30T07:27:14.000Z,2026-06-30T07:27:56.000Z,96.14,-99.36,80.04,-16.1,0,0.46,4032.69,4030.82,4033.89,4031.02,SELL,USD,1,1,1583663
D#1670985,XAUUSD,100,288230376154755422,288230376153213017,288230376165988014,288230376165987884,25,2026-06-30T07:28:00.000Z,2026-06-30T07:28:25.000Z,-0.04,-0.1,-0.74,-0.7,0,0.02,4030.45,4030.69,4033.28,,SELL,USD,1,1,1583663
D#1702450,XAUUSD,100,288230376154755553,288230376153212245,288230376165989078,288230376165977999,1972,2026-06-30T06:58:50.000Z,2026-06-30T07:31:42.000Z,91.8,-93.89999999999999,81.3,-10.5,0,0.3,4030.53,4027.69,,,SELL,USD,1,1,1583663
D#1671055,XAUUSD,100,288230376154755556,288230376153212958,288230376165989127,288230376165987042,371,2026-06-30T07:25:39.000Z,2026-06-30T07:31:50.000Z,134.8,-136.20000000000002,127.8,-7,0,0.2,4033.89,4027.37,4036.56,4022.56,SELL,USD,1,1,1583663
D#1589410,XAUUSD,100,288230376154755558,288230376153213064,288230376165988852,288230376165988527,106,2026-06-30T07:30:06.000Z,2026-06-30T07:31:52.000Z,110,-113.5,92.5,-17.5,0,0.5,4029.01,4027.03,,4027.05,SELL,USD,1,1,1583663
D#1702614,XAUUSD,100,288230376154755583,288230376153212811,288230376165989209,288230376165984961,771,2026-06-30T07:19:11.000Z,2026-06-30T07:32:02.000Z,-25.3,24.6,-28.8,-3.5,0,0.1,4029.22,4026.47,4021.91,4074.11,BUY,USD,1,1,1583663
D#1702640,XAUUSD,100,288230376154755642,288230376153213157,288230376165989599,288230376165989532,14,2026-06-30T07:33:06.000Z,2026-06-30T07:33:20.000Z,1.3,-2.0,-2.2,-3.5,0,0.1,4027.72,4027.81,,,SELL,USD,1,1,1583663
D#1671071,XAUUSD,100,288230376154755714,288230376153213164,288230376165989807,288230376165989627,75,2026-06-30T07:33:26.000Z,2026-06-30T07:34:41.000Z,120.52,-123.74,104.42,-16.1,0,0.46,4028.59,4030.99,,4031.15,BUY,USD,1,1,1583663
D#1702582,XAUUSD,100,288230376154755721,288230376153212118,288230376165976064,288230376165976062,2509,2026-06-30T06:52:55.000Z,2026-06-30T07:34:44.000Z,-87.04,84.80000000000001,-98.24,-11.2,0,0.32,4028.87,4031.81,4031.54,,SELL,USD,1,1,1583663
D#1702639,XAUUSD,100,288230376154755730,288230376153213060,288230376165988480,288230376165988479,288,2026-06-30T07:29:59.000Z,2026-06-30T07:34:47.000Z,-80.75,79.0,-89.51,-8.76,0,0.25,4028.6,4032.05,4031.87,4023.87,SELL,USD,1,1,1583663
D#1702640,XAUUSD,100,288230376154755774,288230376153213222,288230376165990481,288230376165990220,55,2026-06-30T07:35:07.000Z,2026-06-30T07:36:02.000Z,5.2,-5.9,1.7,-3.5,0,0.1,4030.78,4030.48,,,SELL,USD,1,1,1583663
D#1589410,XAUUSD,100,288230376154755796,288230376153213243,288230376165990627,288230376165990489,25,2026-06-30T07:36:04.000Z,2026-06-30T07:36:29.000Z,99.5,-103.0,82.0,-17.5,0,0.5,4029.92,4028.15,,,SELL,USD,1,1,1583663
D#1702640,XAUUSD,100,288230376154755820,288230376153213258,288230376165990728,288230376165990636,19,2026-06-30T07:36:30.000Z,2026-06-30T07:36:49.000Z,-0.5,-0.20000000000000007,-4.0,-3.5,0,0.1,4027.89,4028.16,,,SELL,USD,1,1,1583663
D#1702582,XAUUSD,100,288230376154755826,288230376153213242,288230376165990778,288230376165990444,65,2026-06-30T07:35:54.000Z,2026-06-30T07:36:59.000Z,90.65,-94.08000000000001,73.49,-17.16,0,0.49,4030.25,4028.62,4030.29,,SELL,USD,1,1,1583663
D#1702559,XAUUSD,100,288230376154755827,288230376153212891,288230376165990794,288230376165986156,847,2026-06-30T07:22:54.000Z,2026-06-30T07:37:01.000Z,-4.4,4.050000000000001,-6.16,-1.76,0,0.05,4027.76,4028.86,,,SELL,USD,1,1,1583663
D#1589455,XAUUSD,100,288230376154755881,288230376153213031,288230376165991163,288230376165988034,586,2026-06-30T07:28:29.000Z,2026-06-30T07:38:15.000Z,67.2,-71.4,46.2,-21,0,0.6,4030.69,4029.79,,,SELL,USD,1,1,1583663
D#1702582,XAUUSD,100,288230376154755882,288230376153213298,288230376165991192,288230376165991112,18,2026-06-30T07:38:03.000Z,2026-06-30T07:38:21.000Z,-15.19,11.76,-32.35,-17.16,0,0.49,4029.61,4030.14,,,SELL,USD,1,1,1583663
D#1671071,XAUUSD,100,288230376154755992,288230376153213339,288230376165991735,288230376165991492,59,2026-06-30T07:39:18.000Z,2026-06-30T07:40:17.000Z,89.24,-92.46,73.14,-16.1,0,0.46,4031.01,4029.29,,4029.16,SELL,USD,1,1,1583663
D#1670958,XAUUSD,100,288230376154756080,288230376153213371,288230376165991955,288230376165991660,47,2026-06-30T07:39:51.000Z,2026-06-30T07:40:38.000Z,16.1,-16.8,12.6,-3.5,0,0.1,4031.11,4029.72,,,SELL,USD,1,1,1583663
D#1670958,XAUUSD,100,288230376154756094,288230376153213388,288230376165992095,288230376165991983,29,2026-06-30T07:40:42.000Z,2026-06-30T07:41:11.000Z,4.6,-5.3,1.1,-3.5,0,0.1,4029.64,4029.4,,,SELL,USD,1,1,1583663
D#1702630,XAUUSD,100,288230376154756119,288230376153213401,288230376165992298,288230376165992222,16,2026-06-30T07:41:39.000Z,2026-06-30T07:41:55.000Z,0.02,-0.16,-0.68,-0.7,0,0.02,4029.44,4029.65,4049.85,3980.67,SELL,USD,1,1,1583663
D#1702582,XAUUSD,100,288230376154756287,288230376153213325,288230376165991456,288230376165991386,493,2026-06-30T07:38:58.000Z,2026-06-30T07:47:11.000Z,-14.7,11.27,-31.86,-17.16,0,0.49,4030.14,4030.66,4030.23,,SELL,USD,1,1,1583663
D#1671071,XAUUSD,100,288230376154756285,288230376153213432,288230376165993268,288230376165992613,247,2026-06-30T07:43:04.000Z,2026-06-30T07:47:11.000Z,-36.8,33.58,-52.9,-16.1,0,0.46,4029.32,4030.34,4029.68,4027.51,SELL,USD,1,1,1583663
D#1589410,XAUUSD,100,288230376154756415,288230376153213386,288230376165994186,288230376165991963,466,2026-06-30T07:40:40.000Z,2026-06-30T07:48:26.000Z,101,-104.5,83.5,-17.5,0,0.5,4029.59,4027.79,,4027.6,SELL,USD,1,1,1583663
D#1671071,XAUUSD,100,288230376154756420,288230376153213539,288230376165994243,288230376165993827,69,2026-06-30T07:47:26.000Z,2026-06-30T07:48:35.000Z,132.02,-135.24,115.92,-16.1,0,0.46,4030.45,4027.8,,,SELL,USD,1,1,1583663
D#1702595,XAUUSD,100,288230376154756436,288230376153213458,288230376165994329,288230376165992927,268,2026-06-30T07:44:20.000Z,2026-06-30T07:48:48.000Z,9.8,-10.15,8.04,-1.76,0,0.05,4029.27,4027.53,4035.64,4021.46,SELL,USD,1,1,1583663
D#1671071,XAUUSD,100,288230376154756440,288230376153213572,288230376165994378,288230376165994322,9,2026-06-30T07:48:47.000Z,2026-06-30T07:48:56.000Z,28.98,-32.2,12.88,-16.1,0,0.46,4027.57,4027.98,,,BUY,USD,1,1,1583663
D#1702640,XAUUSD,100,288230376154756469,288230376153213576,288230376165994577,288230376165994408,43,2026-06-30T07:49:04.000Z,2026-06-30T07:49:47.000Z,3.7,-4.4,0.2,-3.5,0,0.1,4028.71,4028.86,,,BUY,USD,1,1,1583663
D#1589455,XAUUSD,100,288230376154756496,288230376153213512,288230376165994696,288230376165993675,193,2026-06-30T07:46:56.000Z,2026-06-30T07:50:09.000Z,-144.6,140.4,-165.6,-21,0,0.6,4029.53,4026.9,,,BUY,USD,1,1,1583663
D#1671071,XAUUSD,100,288230376154756502,288230376153213578,288230376165994712,288230376165994421,65,2026-06-30T07:49:06.000Z,2026-06-30T07:50:11.000Z,38.64,-41.86,22.54,-16.1,0,0.46,4028.38,4027.76,,,SELL,USD,1,1,1583663
D#1589404,XAUUSD,100,288230376154756544,288230376153212836,288230376165994827,288230376165985335,1806,2026-06-30T07:20:22.000Z,2026-06-30T07:50:28.000Z,78,-80.1,67.5,-10.5,0,0.3,4028.8,4026.42,,,SELL,USD,1,1,1583663
D#1702505,XAUUSD,100,288230376154756556,288230376153212963,288230376165987558,288230376165987057,1491,2026-06-30T07:25:41.000Z,2026-06-30T07:50:32.000Z,-79,78.3,-82.5,-3.5,0,0.1,4034.07,4025.95,4026.08,,BUY,USD,1,1,1583663
D#1671071,XAUUSD,100,288230376154756610,288230376153213613,288230376165995140,288230376165994791,57,2026-06-30T07:50:24.000Z,2026-06-30T07:51:21.000Z,57.96,-61.18,41.86,-16.1,0,0.46,4026.75,4027.79,,,BUY,USD,1,1,1583663
D#1702582,XAUUSD,100,288230376154756632,288230376153213648,288230376165995272,288230376165995165,18,2026-06-30T07:51:26.000Z,2026-06-30T07:51:44.000Z,12.74,-16.17,-4.42,-17.16,0,0.49,4027.93,4027.97,4025.64,,BUY,USD,1,1,1583663
D#1589455,XAUUSD,100,288230376154756662,288230376153213605,288230376165995501,288230376165994724,129,2026-06-30T07:50:13.000Z,2026-06-30T07:52:22.000Z,-48.6,44.4,-69.6,-21,0,0.6,4027.44,4028.47,,,SELL,USD,1,1,1583663
D#1702613,XAUUSD,100,288230376154756685,288230376153213650,288230376165995318,288230376165995179,77,2026-06-30T07:51:29.000Z,2026-06-30T07:52:46.000Z,77.6,-80.39999999999999,63.6,-14,0,0.4,4028.26,4029.98,4025.97,4029.7,BUY,USD,1,1,1583663
D#1589410,XAUUSD,100,288230376154756791,288230376153213746,288230376165996532,288230376165996448,16,2026-06-30T07:55:42.000Z,2026-06-30T07:55:58.000Z,-29.5,26.0,-47.0,-17.5,0,0.5,4030.18,4030.99,,,SELL,USD,1,1,1583663
D#1645756,XAUUSD,100,288230376154756813,288230376153213714,288230376165996634,288230376165995914,149,2026-06-30T07:53:46.000Z,2026-06-30T07:56:15.000Z,12.3,-13.0,8.8,-3.5,0,0.1,4029.71,4030.72,,,BUY,USD,1,1,1583663
D#1589410,XAUUSD,100,288230376154756821,288230376153213759,288230376165996662,288230376165996582,16,2026-06-30T07:56:05.000Z,2026-06-30T07:56:21.000Z,-26,22.5,-43.5,-17.5,0,0.5,4030.81,4031.55,,,SELL,USD,1,1,1583663
D#1702743,XAUUSD,100,288230376154756837,288230376153213466,288230376165996752,288230376165993069,707,2026-06-30T07:44:52.000Z,2026-06-30T07:56:39.000Z,4.68,-4.819999999999999,3.98,-0.7,0,0.02,4028.99,4031.11,4021.78,4049.68,BUY,USD,1,1,1583663
D#1589410,XAUUSD,100,288230376154756840,288230376153213766,288230376165996775,288230376165996703,13,2026-06-30T07:56:30.000Z,2026-06-30T07:56:43.000Z,-64,60.5,-81.5,-17.5,0,0.5,4031.77,4030.27,,,BUY,USD,1,1,1583663
D#1670985,XAUUSD,100,288230376154756841,288230376153213030,288230376165996783,288230376165988031,1696,2026-06-30T07:28:28.000Z,2026-06-30T07:56:44.000Z,2.24,-2.5200000000000005,0.84,-1.4,0,0.04,4030.61,4030.27,4033.39,,SELL,USD,1,1,1583663
D#1589410,XAUUSD,100,288230376154756866,288230376153213775,288230376165997136,288230376165996803,67,2026-06-30T07:56:48.000Z,2026-06-30T07:57:55.000Z,-109,105.5,-126.5,-17.5,0,0.5,4030.37,4032.77,,,SELL,USD,1,1,1583663
D#1702582,XAUUSD,100,288230376154756877,288230376153213741,288230376165997225,288230376165996334,173,2026-06-30T07:55:17.000Z,2026-06-30T07:58:10.000Z,-117.11,113.68,-134.27,-17.16,0,0.49,4029.83,4032.44,4035.77,,SELL,USD,1,1,1583663
D#1702595,XAUUSD,100,288230376154756887,288230376153213767,288230376165997418,288230376165996715,143,2026-06-30T07:56:32.000Z,2026-06-30T07:58:55.000Z,-3.6,3.04,-6.4,-2.8,0,0.08,4031.41,4032.08,4046.8,3997.88,SELL,USD,1,1,1583663
D#1702642,XAUUSD,100,288230376154756930,288230376153213802,288230376165997662,288230376165997299,111,2026-06-30T07:58:24.000Z,2026-06-30T08:00:15.000Z,-13.86,12.32,-21.56,-7.7,0,0.22,4032.55,4033.4,4033.47,4031.81,SELL,USD,1,1,1583663
D#1589410,XAUUSD,100,288230376154756941,288230376153213797,288230376165997842,288230376165997184,135,2026-06-30T07:58:04.000Z,2026-06-30T08:00:19.000Z,30.5,-34.0,13.0,-17.5,0,0.5,4032.19,4032.58,,,BUY,USD,1,1,1583663
D#1589410,XAUUSD,100,288230376154756948,288230376153213835,288230376165997901,288230376165997855,8,2026-06-30T08:00:22.000Z,2026-06-30T08:00:30.000Z,62,-65.5,44.5,-17.5,0,0.5,4032.24,4033.26,,,BUY,USD,1,1,1583663
D#1671055,XAUUSD,100,288230376154756964,288230376153213129,288230376165989989,288230376165989227,1708,2026-06-30T07:32:06.000Z,2026-06-30T08:00:34.000Z,250.8,-252.9,240.3,-10.5,0,0.3,4026.49,4034.63,4024.11,4034.24,BUY,USD,1,1,1583663
D#1702614,XAUUSD,100,288230376154756962,288230376153213132,288230376165989547,288230376165989244,1705,2026-06-30T07:32:09.000Z,2026-06-30T08:00:34.000Z,-163.2,161.79999999999998,-170.2,-7,0,0.2,4026.43,4034.81,4034.43,3998.67,SELL,USD,1,1,1583663
D#1645648,XAUUSD,100,288230376154756972,288230376153213837,288230376165997943,288230376165997867,13,2026-06-30T08:00:23.000Z,2026-06-30T08:00:36.000Z,117.5,-121.0,100.0,-17.5,0,0.5,4032.55,4034.68,,,BUY,USD,1,1,1583663
D#1589455,XAUUSD,100,288230376154756974,288230376153213758,288230376165997949,288230376165996580,273,2026-06-30T07:56:04.000Z,2026-06-30T08:00:37.000Z,38.8,-39.5,35.3,-3.5,0,0.1,4030.96,4034.62,,,BUY,USD,1,1,1583663
D#1702466,XAUUSD,100,288230376154756994,288230376153212082,288230376165975584,288230376165975382,4191,2026-06-30T06:50:48.000Z,2026-06-30T08:00:39.000Z,49.5,-50.2,46.0,-3.5,0,0.1,4030.9,4035.63,,4035,BUY,USD,1,1,1583663
D#1589410,XAUUSD,100,288230376154757039,288230376153213842,288230376165998029,288230376165997927,8,2026-06-30T08:00:33.000Z,2026-06-30T08:00:41.000Z,80.5,-84.0,63.0,-17.5,0,0.5,4034.64,4036.03,,,BUY,USD,1,1,1583663
D#1671067,XAUUSD,100,288230376154757075,288230376153211788,288230376165998128,288230376165971536,4869,2026-06-30T06:39:42.000Z,2026-06-30T08:00:51.000Z,-243.2,241.79999999999998,-250.2,-7,0,0.2,4022.54,4034.92,,,SELL,USD,1,1,1583663
D#1702583,XAUUSD,100,288230376154757079,288230376153212994,288230376165998132,288230376165987388,2062,2026-06-30T07:26:29.000Z,2026-06-30T08:00:51.000Z,-103.8,101.7,-114.3,-10.5,0,0.3,4030.66,4034.34,4059.62,4014.87,SELL,USD,1,1,1583663
D#1589455,XAUUSD,100,288230376154757117,288230376153213868,288230376165998266,288230376165998080,24,2026-06-30T08:00:46.000Z,2026-06-30T08:01:10.000Z,-47.58,45.76,-56.68,-9.1,0,0.26,4035.79,4033.74,,,BUY,USD,1,1,1583663
D#1645648,XAUUSD,100,288230376154757157,288230376153213902,288230376165998435,288230376165998359,10,2026-06-30T08:01:22.000Z,2026-06-30T08:01:32.000Z,96,-99.5,78.5,-17.5,0,0.5,4032.64,4034.34,,,BUY,USD,1,1,1583663
D#1645648,XAUUSD,100,288230376154757272,288230376153213949,288230376165999233,288230376165998871,62,2026-06-30T08:02:41.000Z,2026-06-30T08:03:43.000Z,58.5,-62.0,41.0,-17.5,0,0.5,4033.54,4034.49,,,BUY,USD,1,1,1583663
D#1702371,XAUUSD,100,288230376154757334,288230376153212335,288230376165999625,288230376165978883,3831,2026-06-30T07:01:00.000Z,2026-06-30T08:04:51.000Z,-172.6,171.2,-179.6,-7,0,0.2,4026.19,4035.04,,,SELL,USD,1,1,1583663
D#1645648,XAUUSD,100,288230376154757335,288230376153213986,288230376165999635,288230376165999347,49,2026-06-30T08:04:03.000Z,2026-06-30T08:04:52.000Z,2,-5.5,-15.5,-17.5,0,0.5,4035.34,4035.52,,,SELL,USD,1,1,1583663
D#1702745,XAUUSD,100,288230376154757363,288230376153211749,288230376165999834,288230376165970845,5252,2026-06-30T06:37:51.000Z,2026-06-30T08:05:23.000Z,-23.44,23.3,-24.14,-0.7,0,0.02,4024,4035.94,4055.19,4002.66,SELL,USD,1,1,1583663
D#1645749,XAUUSD,100,288230376154757373,288230376153211512,288230376165999910,288230376165968750,5565,2026-06-30T06:32:48.000Z,2026-06-30T08:05:33.000Z,-96.7,96.0,-100.2,-3.5,0,0.1,4026.41,4036.3,,,SELL,USD,1,1,1583663
D#1702563,XAUUSD,100,288230376154757402,288230376153211810,288230376165971968,288230376165971843,5101,2026-06-30T06:40:39.000Z,2026-06-30T08:05:40.000Z,-35.79,35.58,-36.85,-1.06,0,0.03,4025.07,4037.22,4036.91,4003.59,SELL,USD,1,1,1583663
D#1702642,XAUUSD,100,288230376154757394,288230376153213839,288230376165998542,288230376165997904,310,2026-06-30T08:00:30.000Z,2026-06-30T08:05:40.000Z,-176.46,172.89000000000001,-194.32,-17.86,0,0.51,4033.52,4037.2,4036.62,,SELL,USD,1,1,1583663
D#1702560,XAUUSD,100,288230376154757422,288230376153211791,288230376165971674,288230376165971567,5153,2026-06-30T06:39:48.000Z,2026-06-30T08:05:41.000Z,-156.5,155.8,-160.0,-3.5,0,0.1,4022,4037.87,4037.11,4014.11,SELL,USD,1,1,1583663
D#1702440,XAUUSD,100,288230376154757419,288230376153213663,288230376165995380,288230376165995378,817,2026-06-30T07:52:04.000Z,2026-06-30T08:05:41.000Z,-77.6,77.03999999999999,-80.4,-2.8,0,0.08,4027.95,4037.87,4037.42,4018.05,SELL,USD,1,1,1583663
D#1702472,XAUUSD,100,288230376154757420,288230376153213781,288230376165997109,288230376165996981,497,2026-06-30T07:57:24.000Z,2026-06-30T08:05:41.000Z,-71.2,70.5,-74.7,-3.5,0,0.1,4030.53,4037.87,4037.16,4016.95,SELL,USD,1,1,1583663
D#1702662,XAUUSD,100,288230376154757423,288230376153213931,288230376165999982,288230376165998661,215,2026-06-30T08:02:06.000Z,2026-06-30T08:05:41.000Z,-69.15,68.10000000000001,-74.41,-5.26,0,0.15,4032.91,4037.74,,,SELL,USD,1,1,1583663
D#1589410,XAUUSD,100,288230376154757428,288230376153213864,288230376165999989,288230376165998052,298,2026-06-30T08:00:44.000Z,2026-06-30T08:05:42.000Z,71,-74.5,53.5,-17.5,0,0.5,4036.09,4037.29,,,BUY,USD,1,1,1583663
D#1702450,XAUUSD,100,288230376154757454,288230376153213158,288230376166000076,288230376165989533,1968,2026-06-30T07:33:06.000Z,2026-06-30T08:05:54.000Z,-253.2,251.1,-263.7,-10.5,0,0.3,4027.72,4036.38,,,SELL,USD,1,1,1583663
D#1702642,XAUUSD,100,288230376154757457,288230376153214066,288230376166000082,288230376166000014,11,2026-06-30T08:05:44.000Z,2026-06-30T08:05:55.000Z,48.96,-52.53,31.1,-17.86,0,0.51,4037.18,4036.44,,,SELL,USD,1,1,1583663
D#1702716,XAUUSD,100,288230376154757471,288230376153213639,288230376166000139,288230376165995055,897,2026-06-30T07:51:07.000Z,2026-06-30T08:06:04.000Z,81.6,-82.3,78.1,-3.5,0,0.1,4027.49,4035.43,4031.33,4038.32,BUY,USD,1,1,1583663
D#1589410,XAUUSD,100,288230376154757551,288230376153214068,288230376166000633,288230376166000024,97,2026-06-30T08:05:46.000Z,2026-06-30T08:07:23.000Z,-142,138.5,-159.5,-17.5,0,0.5,4036.36,4033.3,,,BUY,USD,1,1,1583663
D#1589404,XAUUSD,100,288230376154757560,288230376153213992,288230376166000694,288230376165999388,202,2026-06-30T08:04:10.000Z,2026-06-30T08:07:32.000Z,84,-86.1,73.5,-10.5,0,0.3,4035.67,4033.09,,,SELL,USD,1,1,1583663
D#1670985,XAUUSD,100,288230376154757574,288230376153214133,288230376166000810,288230376166000662,21,2026-06-30T08:07:28.000Z,2026-06-30T08:07:49.000Z,-11.04,10.479999999999999,-13.84,-2.8,0,0.08,4033.54,4031.94,4032.05,,BUY,USD,1,1,1583663
D#1645749,XAUUSD,100,288230376154757601,288230376153214064,288230376166001061,288230376166000005,148,2026-06-30T08:05:43.000Z,2026-06-30T08:08:11.000Z,-81.48,80.5,-86.38,-4.9,0,0.14,4037.36,4031.32,,,BUY,USD,1,1,1583663
D#1671055,XAUUSD,100,288230376154757603,288230376153213978,288230376166001073,288230376165999261,264,2026-06-30T08:03:49.000Z,2026-06-30T08:08:13.000Z,85.8,-87.89999999999999,75.3,-10.5,0,0.3,4034.29,4031.65,4039.27,4030.87,SELL,USD,1,1,1583663
D#1589410,XAUUSD,100,288230376154757622,288230376153214135,288230376166000910,288230376166000677,68,2026-06-30T08:07:31.000Z,2026-06-30T08:08:39.000Z,116,-119.5,98.5,-17.5,0,0.5,4032.91,4030.81,,4030.8,SELL,USD,1,1,1583663
D#1702669,XAUUSD,100,288230376154757642,288230376153213882,288230376165998430,288230376165998170,480,2026-06-30T08:00:57.000Z,2026-06-30T08:08:57.000Z,-52.2,51.5,-55.7,-3.5,0,0.1,4033.7,4028.26,4028.52,4042.1,BUY,USD,1,1,1583663
D#1702662,XAUUSD,100,288230376154757649,288230376153214077,288230376166001318,288230376166000103,180,2026-06-30T08:05:58.000Z,2026-06-30T08:08:58.000Z,111,-112.05,105.74,-5.26,0,0.15,4035.68,4028.5,,,SELL,USD,1,1,1583663
D#1589410,XAUUSD,100,288230376154757648,288230376153214177,288230376166001317,288230376166001239,13,2026-06-30T08:08:45.000Z,2026-06-30T08:08:58.000Z,119,-122.5,101.5,-17.5,0,0.5,4030.66,4028.5,,,SELL,USD,1,1,1583663
D#1702743,XAUUSD,100,288230376154757684,288230376153214130,288230376166000730,288230376166000622,108,2026-06-30T08:07:21.000Z,2026-06-30T08:09:09.000Z,65.5,-66.2,62.0,-3.5,0,0.1,4033.33,4027,4037.69,4027.1,SELL,USD,1,1,1583663
D#1702372,XAUUSD,100,288230376154757725,288230376153213933,288230376165998982,288230376165998672,434,2026-06-30T08:02:08.000Z,2026-06-30T08:09:22.000Z,-135.4,134.0,-142.4,-7,0,0.2,4033.23,4026.24,4026.64,4045.01,BUY,USD,1,1,1583663
D#1645648,XAUUSD,100,288230376154757825,288230376153214033,288230376166002041,288230376165999762,329,2026-06-30T08:05:11.000Z,2026-06-30T08:10:40.000Z,-440,436.5,-457.5,-17.5,0,0.5,4035.4,4026.38,,,BUY,USD,1,1,1583663
D#1702745,XAUUSD,100,288230376154757837,288230376153214059,288230376166000238,288230376165999990,312,2026-06-30T08:05:42.000Z,2026-06-30T08:10:54.000Z,-56.1,55.75,-57.86,-1.76,0,0.05,4037.46,4026.02,4026.24,4076.76,BUY,USD,1,1,1583663
D#1589410,XAUUSD,100,288230376154757867,288230376153214193,288230376166002442,288230376166001419,161,2026-06-30T08:09:09.000Z,2026-06-30T08:11:50.000Z,95,-98.5,77.5,-17.5,0,0.5,4027.29,4025.61,,,SELL,USD,1,1,1583663
D#1671079,XAUUSD,100,288230376154757871,288230376153212016,288230376165976671,288230376165974366,5045,2026-06-30T06:47:48.000Z,2026-06-30T08:11:53.000Z,-51.1,50.4,-54.6,-3.5,0,0.1,4030.63,4025.3,4025.41,4050.96,BUY,USD,1,1,1583663
D#1671093,XAUUSD,100,288230376154757869,288230376153212870,288230376165988141,288230376165985821,2997,2026-06-30T07:21:56.000Z,2026-06-30T08:11:53.000Z,-41.5,40.8,-45.0,-3.5,0,0.1,4029.67,4025.3,4025.37,4049.61,BUY,USD,1,1,1583663
D#1670968,XAUUSD,100,288230376154757870,288230376153213925,288230376165998711,288230376165998594,596,2026-06-30T08:01:57.000Z,2026-06-30T08:11:53.000Z,-55.3,54.809999999999995,-57.76,-2.46,0,0.07,4033.42,4025.3,4025.37,4044.28,BUY,USD,1,1,1583663
D#1702399,XAUUSD,100,288230376154757884,288230376153213908,288230376165998640,288230376165998429,637,2026-06-30T08:01:32.000Z,2026-06-30T08:12:09.000Z,-46.55,46.199999999999996,-48.31,-1.76,0,0.05,4034.46,4024.93,4025.07,4050.13,BUY,USD,1,1,1583663
D#1670969,XAUUSD,100,288230376154757902,288230376153213505,288230376165993872,288230376165993634,1525,2026-06-30T07:46:50.000Z,2026-06-30T08:12:15.000Z,-31.62,31.2,-33.72,-2.1,0,0.06,4029.45,4023.96,4024.09,4047.34,BUY,USD,1,1,1583663
D#1702340,XAUUSD,100,288230376154757904,288230376153213848,288230376165997967,288230376165987049,697,2026-06-30T08:00:39.000Z,2026-06-30T08:12:16.000Z,-122.1,121.39999999999999,-125.6,-3.5,0,0.1,4036.18,4023.75,4024,4045,BUY,USD,1,1,1583663
D#1702660,XAUUSD,100,288230376154757923,288230376153214289,288230376166002665,288230376166002170,84,2026-06-30T08:11:01.000Z,2026-06-30T08:12:25.000Z,25.8,-26.5,22.3,-3.5,0,0.1,4026.19,4023.83,,,SELL,USD,1,1,1583663
D#1671064,XAUUSD,100,288230376154757965,288230376153214076,288230376166002851,288230376166000102,418,2026-06-30T08:05:58.000Z,2026-06-30T08:12:56.000Z,114.4,-115.10000000000001,110.9,-3.5,0,0.1,4035.64,4024.42,4036.22,4022.53,SELL,USD,1,1,1583663
D#1702462,XAUUSD,100,288230376154757984,288230376153214129,288230376166003002,288230376166000614,365,2026-06-30T08:07:20.000Z,2026-06-30T08:13:25.000Z,49.4,-49.75,47.64,-1.76,0,0.05,4033.25,4023.59,4038.6,4013.96,SELL,USD,1,1,1583663
D#1702337,XAUUSD,100,288230376154758271,288230376153211676,288230376166004865,288230376165970260,6131,2026-06-30T06:36:23.000Z,2026-06-30T08:18:34.000Z,68,-68.7,64.5,-3.5,0,0.1,4029.07,4022.49,,3997.77,SELL,USD,1,1,1583663
D#1670951,XAUUSD,100,288230376154758284,288230376153212088,288230376165976142,288230376165975536,5246,2026-06-30T06:51:19.000Z,2026-06-30T08:18:45.000Z,-93.6,92.89999999999999,-97.1,-3.5,0,0.1,4030.84,4021.26,4021.43,4063.06,BUY,USD,1,1,1583663
D#1702560,XAUUSD,100,288230376154758281,288230376153214128,288230376166000610,288230376166000606,686,2026-06-30T08:07:19.000Z,2026-06-30T08:18:45.000Z,120.4,-121.10000000000001,116.9,-3.5,0,0.1,4033.22,4021.4,4041.29,4021.33,SELL,USD,1,1,1583663
D#1702372,XAUUSD,100,288230376154758331,288230376153214257,288230376166005215,288230376166001861,569,2026-06-30T08:10:08.000Z,2026-06-30T08:19:37.000Z,131.6,-133.0,124.6,-7,0,0.2,4027.79,4021.43,,,SELL,USD,1,1,1583663
D#1702662,XAUUSD,100,288230376154758373,288230376153214503,288230376166005578,288230376166005050,104,2026-06-30T08:19:04.000Z,2026-06-30T08:20:48.000Z,-12.6,11.549999999999999,-17.86,-5.26,0,0.15,4021.76,4022.82,,,SELL,USD,1,1,1583663
D#1702407,XAUUSD,100,288230376154758390,288230376153214540,288230376166005660,288230376166005643,3,2026-06-30T08:20:58.000Z,2026-06-30T08:21:01.000Z,-18.98,18.07,-23.54,-4.56,0,0.13,4024.68,4023,,,BUY,USD,1,1,1583663
D#1702407,XAUUSD,100,288230376154758423,288230376153214542,288230376166005948,288230376166005710,45,2026-06-30T08:21:12.000Z,2026-06-30T08:21:57.000Z,10.66,-11.57,6.1,-4.56,0,0.13,4023.06,4023.66,4020.77,4028.59,BUY,USD,1,1,1583663
D#1702743,XAUUSD,100,288230376154758443,288230376153214530,288230376166006153,288230376166005565,108,2026-06-30T08:20:46.000Z,2026-06-30T08:22:34.000Z,57.6,-59.0,50.6,-7,0,0.2,4022.21,4024.87,4021.16,4025.18,BUY,USD,1,1,1583663
D#1702396,XAUUSD,100,288230376154758444,288230376153214521,288230376166006159,288230376166005347,153,2026-06-30T08:20:02.000Z,2026-06-30T08:22:35.000Z,64.22,-66.03999999999999,55.11,-9.11,0,0.26,4022.02,4024.87,4021.99,4026.33,BUY,USD,1,1,1583663
D#1702342,XAUUSD,100,288230376154758446,288230376153214264,288230376166006164,288230376166001929,737,2026-06-30T08:10:19.000Z,2026-06-30T08:22:36.000Z,19.4,-20.099999999999998,15.9,-3.5,0,0.1,4026.92,4025.2,,,SELL,USD,1,1,1583663
D#1702342,XAUUSD,100,288230376154758489,288230376153214594,288230376166006504,288230376166006488,4,2026-06-30T08:23:34.000Z,2026-06-30T08:23:38.000Z,4,-4.7,0.5,-3.5,0,0.1,4023.93,4023.75,,,SELL,USD,1,1,1583663
D#1702706,XAUUSD,100,288230376154758526,288230376153211464,288230376166006773,288230376165968483,6733,2026-06-30T06:32:18.000Z,2026-06-30T08:24:31.000Z,42,-42.7,38.5,-3.5,0,0.1,4017.51,4021.49,4002.91,4069.26,BUY,USD,1,1,1583663
D#1702745,XAUUSD,100,288230376154758536,288230376153214604,288230376166006823,288230376166006633,36,2026-06-30T08:24:04.000Z,2026-06-30T08:24:40.000Z,-54,51.2,-68.0,-14,0,0.4,4023.3,4021.73,,,BUY,USD,1,1,1583663
D#1702407,XAUUSD,100,288230376154758543,288230376153214605,288230376166006784,288230376166006686,38,2026-06-30T08:24:13.000Z,2026-06-30T08:24:51.000Z,-43.5,41.75,-52.26,-8.76,0,0.25,4022.26,4020.3,4020.83,,BUY,USD,1,1,1583663
D#1702396,XAUUSD,100,288230376154758618,288230376153214672,288230376166007362,288230376166007293,14,2026-06-30T08:26:05.000Z,2026-06-30T08:26:19.000Z,7.54,-9.36,-1.56,-9.1,0,0.26,4022.57,4022.64,,,BUY,USD,1,1,1583663
D#1702662,XAUUSD,100,288230376154758636,288230376153214667,288230376166007591,288230376166007268,61,2026-06-30T08:26:02.000Z,2026-06-30T08:27:03.000Z,13.65,-14.700000000000001,8.39,-5.26,0,0.15,4021.71,4022.4,,,BUY,USD,1,1,1583663
D#1702396,XAUUSD,100,288230376154758660,288230376153214691,288230376166007795,288230376166007548,45,2026-06-30T08:26:51.000Z,2026-06-30T08:27:36.000Z,17.94,-19.76,8.84,-9.1,0,0.26,4022.61,4023.08,4020.84,4025.74,BUY,USD,1,1,1583663
D#1589404,XAUUSD,100,288230376154758690,288230376153214706,288230376166008083,288230376166007673,74,2026-06-30T08:27:11.000Z,2026-06-30T08:28:25.000Z,-22.5,20.4,-33.0,-10.5,0,0.3,4022.36,4023.33,,,SELL,USD,1,1,1583663
D#1702669,XAUUSD,100,288230376154758696,288230376153214653,288230376166007220,288230376166007096,193,2026-06-30T08:25:27.000Z,2026-06-30T08:28:40.000Z,-33.2,32.5,-36.7,-3.5,0,0.1,4021.2,4024.74,4024.47,4012.25,SELL,USD,1,1,1583663
D#1702407,XAUUSD,100,288230376154758740,288230376153214677,288230376166007408,288230376166007324,220,2026-06-30T08:26:10.000Z,2026-06-30T08:29:50.000Z,-72.96,71.27999999999999,-81.36,-8.4,0,0.24,4022.67,4025.93,4025.76,4015.46,SELL,USD,1,1,1583663
D#1670973,XAUUSD,100,288230376154758796,288230376153214670,288230376166007393,288230376166007284,238,2026-06-30T08:26:04.000Z,2026-06-30T08:30:02.000Z,72,-73.05,66.74,-5.26,0,0.15,4022.18,4026.76,4020.58,4026.45,BUY,USD,1,1,1583663
D#1702639,XAUUSD,100,288230376154758809,288230376153214476,288230376166008691,288230376166004735,718,2026-06-30T08:18:13.000Z,2026-06-30T08:30:11.000Z,-72.8,71.39999999999999,-79.8,-7,0,0.2,4023.06,4026.92,,4009.86,SELL,USD,1,1,1583663
D#1702640,XAUUSD,100,288230376154758824,288230376153214746,288230376166008777,288230376166008425,50,2026-06-30T08:29:35.000Z,2026-06-30T08:30:25.000Z,5.6,-6.3,2.1,-3.5,0,0.1,4025.1,4025.44,,,BUY,USD,1,1,1583663
D#1702614,XAUUSD,100,288230376154758976,288230376153214866,288230376166009953,288230376166009904,10,2026-06-30T08:33:41.000Z,2026-06-30T08:33:51.000Z,7.4,-8.1,3.9,-3.5,0,0.1,4025.14,4024.62,,,SELL,USD,1,1,1583663
D#1702640,XAUUSD,100,288230376154759084,288230376153214884,288230376166010580,288230376166010051,119,2026-06-30T08:34:07.000Z,2026-06-30T08:36:06.000Z,15.9,-16.6,12.4,-3.5,0,0.1,4024.53,4023.16,,,SELL,USD,1,1,1583663
D#1589404,XAUUSD,100,288230376154759102,288230376153214824,288230376166010695,288230376166009391,263,2026-06-30T08:32:06.000Z,2026-06-30T08:36:29.000Z,112.8,-114.89999999999999,102.3,-10.5,0,0.3,4024.83,4021.29,,,SELL,USD,1,1,1583663
D#1702662,XAUUSD,100,288230376154759107,288230376153214784,288230376166010704,288230376166008965,331,2026-06-30T08:30:59.000Z,2026-06-30T08:36:30.000Z,-61.65,60.6,-66.91,-5.26,0,0.15,4025.5,4021.17,,,BUY,USD,1,1,1583663
D#1702743,XAUUSD,100,288230376154759202,288230376153214685,288230376166007517,288230376166007385,639,2026-06-30T08:26:21.000Z,2026-06-30T08:37:00.000Z,-47.4,46.0,-54.4,-7,0,0.2,4022.56,4019.97,4020.42,4027.45,BUY,USD,1,1,1583663
D#1671068,XAUUSD,100,288230376154759305,288230376153214903,288230376166011349,288230376166010245,206,2026-06-30T08:34:51.000Z,2026-06-30T08:38:17.000Z,-15.35,15.0,-17.11,-1.76,0,0.05,4023.5,4020.21,,,BUY,USD,1,1,1583663
D#1702551,XAUUSD,100,288230376154759349,288230376153212743,288230376165986489,288230376165984063,4931,2026-06-30T07:16:26.000Z,2026-06-30T08:38:37.000Z,-43.3,42.949999999999996,-45.06,-1.76,0,0.05,4027.45,4018.57,4018.92,4053.32,BUY,USD,1,1,1583663
D#1702464,XAUUSD,100,288230376154759347,288230376153214202,288230376166001983,288230376166001455,1764,2026-06-30T08:09:13.000Z,2026-06-30T08:38:37.000Z,-43.45,43.1,-45.21,-1.76,0,0.05,4027.48,4018.57,4018.97,4093.48,BUY,USD,1,1,1583663
D#1671056,XAUUSD,100,288230376154759362,288230376153214970,288230376166011516,288230376166010924,103,2026-06-30T08:37:00.000Z,2026-06-30T08:38:43.000Z,16.7,-17.4,13.2,-3.5,0,0.1,4020.46,4019.01,,,SELL,USD,1,1,1583663
D#1702595,XAUUSD,100,288230376154759382,288230376153213877,288230376166011573,288230376165998155,2276,2026-06-30T08:00:54.000Z,2026-06-30T08:38:50.000Z,118.72,-119.28,115.92,-2.8,0,0.08,4033.78,4019.16,4034.36,4014.51,SELL,USD,1,1,1583663
D#1670866,XAUUSD,100,288230376154759497,288230376153213373,288230376166012096,288230376165991690,3613,2026-06-30T07:39:57.000Z,2026-06-30T08:40:10.000Z,116.2,-116.9,112.7,-3.5,0,0.1,4030.54,4019.14,,,SELL,USD,1,1,1583663
D#1589410,XAUUSD,100,288230376154759522,288230376153215007,288230376166012188,288230376166011293,135,2026-06-30T08:38:08.000Z,2026-06-30T08:40:23.000Z,81,-84.5,63.5,-17.5,0,0.5,4019.92,4018.52,,,SELL,USD,1,1,1583663
D#1702514,XAUUSD,100,288230376154759571,288230376153211459,288230376166012347,288230376165968442,7716,2026-06-30T06:32:12.000Z,2026-06-30T08:40:48.000Z,0.52,-0.66,-0.18,-0.7,0,0.02,4017.2,4017.16,,,SELL,USD,1,1,1583663
D#1702348,XAUUSD,100,288230376154759587,288230376153211516,288230376165969014,288230376165968789,7694,2026-06-30T06:32:51.000Z,2026-06-30T08:41:05.000Z,100.6,-101.3,97.1,-3.5,0,0.1,4026.47,4016.63,,4016.6,SELL,USD,1,1,1583663
D#1702586,XAUUSD,100,288230376154759586,288230376153214981,288230376166011438,288230376166011030,226,2026-06-30T08:37:19.000Z,2026-06-30T08:41:05.000Z,62.55,-63.599999999999994,57.29,-5.26,0,0.15,4020.58,4016.63,4024.64,4016.56,SELL,USD,1,1,1583663
D#1589457,XAUUSD,100,288230376154759632,288230376153214957,288230376166012606,288230376166010832,294,2026-06-30T08:36:44.000Z,2026-06-30T08:41:38.000Z,76.6,-78.0,69.6,-7,0,0.2,4020.9,4017.29,,4015,SELL,USD,1,1,1583663
D#1702662,XAUUSD,100,288230376154759633,288230376153214972,288230376166012609,288230376166010936,277,2026-06-30T08:37:02.000Z,2026-06-30T08:41:39.000Z,41.1,-42.15,35.84,-5.26,0,0.15,4019.81,4017.29,,,SELL,USD,1,1,1583663
D#1702342,XAUUSD,100,288230376154759645,288230376153214602,288230376166012677,288230376166006613,1069,2026-06-30T08:24:01.000Z,2026-06-30T08:41:50.000Z,-58.9,58.199999999999996,-62.4,-3.5,0,0.1,4023.49,4017.38,,,BUY,USD,1,1,1583663
D#1702640,XAUUSD,100,288230376154759649,288230376153214978,288230376166012704,288230376166010974,285,2026-06-30T08:37:09.000Z,2026-06-30T08:41:54.000Z,24.5,-25.2,21.0,-3.5,0,0.1,4020.14,4017.91,,,SELL,USD,1,1,1583663
D#1671056,XAUUSD,100,288230376154759667,288230376153215101,288230376166012619,288230376166012142,132,2026-06-30T08:40:17.000Z,2026-06-30T08:42:29.000Z,2.5,-3.2,-1.0,-3.5,0,0.1,4018.46,4018.43,4018.22,,SELL,USD,1,1,1583663
D#1702694,XAUUSD,100,288230376154759673,288230376153212652,288230376166012934,288230376165982856,5394,2026-06-30T07:12:40.000Z,2026-06-30T08:42:34.000Z,52.02,-52.650000000000006,48.86,-3.16,0,0.09,4024.24,4018.68,,,SELL,USD,1,1,1583663
D#1702462,XAUUSD,100,288230376154759687,288230376153214839,288230376166013060,288230376166009573,617,2026-06-30T08:32:42.000Z,2026-06-30T08:42:59.000Z,22.92,-23.130000000000003,21.86,-1.06,0,0.03,4024.98,4017.56,4027.31,3990.11,SELL,USD,1,1,1583663
D#1702420,XAUUSD,100,288230376154759738,288230376153212902,288230376166013554,288230376165986349,4869,2026-06-30T07:23:33.000Z,2026-06-30T08:44:42.000Z,-128.2,127.49999999999999,-131.7,-3.5,0,0.1,4030.15,4017.11,,4040.06,BUY,USD,1,1,1583663
D#1702586,XAUUSD,100,288230376154759757,288230376153215198,288230376166013540,288230376166013427,52,2026-06-30T08:44:17.000Z,2026-06-30T08:45:09.000Z,-39.45,38.400000000000006,-44.71,-5.26,0,0.15,4016.39,4019.24,4019.12,4012.39,SELL,USD,1,1,1583663
D#1671068,XAUUSD,100,288230376154759799,288230376153215158,288230376166014049,288230376166012788,248,2026-06-30T08:42:10.000Z,2026-06-30T08:46:18.000Z,-8.7,8.35,-10.46,-1.76,0,0.05,4017.43,4019.39,,,SELL,USD,1,1,1583663
D#1702567,XAUUSD,100,288230376154759824,288230376153215033,288230376166014252,288230376166011559,488,2026-06-30T08:38:48.000Z,2026-06-30T08:46:56.000Z,0.78,-0.92,0.08,-0.7,0,0.02,4019.29,4019.46,4003.15,4039.86,BUY,USD,1,1,1583663
D#1702396,XAUUSD,100,288230376154759910,288230376153215275,288230376166014956,288230376166014573,74,2026-06-30T08:47:59.000Z,2026-06-30T08:49:13.000Z,13.52,-15.34,4.42,-9.1,0,0.26,4018.03,4017.73,4020.1,4013.71,SELL,USD,1,1,1583663
D#1702706,XAUUSD,100,288230376154759933,288230376153214624,288230376166015246,288230376166006810,1534,2026-06-30T08:24:37.000Z,2026-06-30T08:50:11.000Z,29,-29.7,25.5,-3.5,0,0.1,4021.72,4019.04,4041.1,3997.34,SELL,USD,1,1,1583663
D#1702560,XAUUSD,100,288230376154760000,288230376153214782,288230376166008932,288230376166008928,1240,2026-06-30T08:30:53.000Z,2026-06-30T08:51:33.000Z,104.2,-104.9,100.7,-3.5,0,0.1,4025.29,4015.09,4043.43,4015.43,SELL,USD,1,1,1583663
D#1589410,XAUUSD,100,288230376154760014,288230376153215128,288230376166015693,288230376166012408,637,2026-06-30T08:41:01.000Z,2026-06-30T08:51:38.000Z,104.5,-108.0,87.0,-17.5,0,0.5,4016.75,4014.88,,4014.61,SELL,USD,1,1,1583663
D#1702559,XAUUSD,100,288230376154760030,288230376153213652,288230376166015773,288230376165995191,3622,2026-06-30T07:51:31.000Z,2026-06-30T08:51:53.000Z,117.81,-118.44,114.65,-3.16,0,0.09,4028.17,4015.3,,,SELL,USD,1,1,1583663
D#1702586,XAUUSD,100,288230376154760051,288230376153215259,288230376166014476,288230376166014322,296,2026-06-30T08:47:09.000Z,2026-06-30T08:52:05.000Z,64.35,-65.39999999999999,59.09,-5.26,0,0.15,4017.94,4013.87,4019.91,4013.95,SELL,USD,1,1,1583663
D#1671056,XAUUSD,100,288230376154760071,288230376153215348,288230376166015975,288230376166015671,53,2026-06-30T08:51:34.000Z,2026-06-30T08:52:27.000Z,3.1,-3.8000000000000003,-0.4,-3.5,0,0.1,4014.97,4014.88,,,SELL,USD,1,1,1583663
D#1702706,XAUUSD,100,288230376154760078,288230376153215363,288230376166016051,288230376166015880,32,2026-06-30T08:52:08.000Z,2026-06-30T08:52:40.000Z,-52.8,48.599999999999994,-73.8,-21,0,0.6,4014.45,4015.55,,,SELL,USD,1,1,1583663
D#1702640,XAUUSD,100,288230376154760079,288230376153215196,288230376166016058,288230376166013408,507,2026-06-30T08:44:14.000Z,2026-06-30T08:52:41.000Z,13.2,-13.899999999999999,9.7,-3.5,0,0.1,4016.65,4015.55,,,SELL,USD,1,1,1583663
D#1702514,XAUUSD,100,288230376154760091,288230376153215138,288230376166016168,288230376166012547,693,2026-06-30T08:41:26.000Z,2026-06-30T08:52:59.000Z,5.3,-6.0,1.8,-3.5,0,0.1,4015.88,4016.19,,,BUY,USD,1,1,1583663
D#1702706,XAUUSD,100,288230376154760128,288230376153215389,288230376166016460,288230376166016298,33,2026-06-30T08:53:27.000Z,2026-06-30T08:54:00.000Z,6,-9.5,-11.5,-17.5,0,0.5,4015.23,4015.33,,4007.14,SELL,USD,1,1,1583663
D#1702369,XAUUSD,100,288230376154760444,288230376153215566,288230376166018873,288230376166018772,24,2026-06-30T09:01:43.000Z,2026-06-30T09:02:07.000Z,19.5,-23.0,2.0,-17.5,0,0.5,4015.73,4015.9,,,BUY,USD,1,1,1583663
D#1702458,XAUUSD,100,288230376154760450,288230376153215254,288230376166018927,288230376166014222,928,2026-06-30T08:46:50.000Z,2026-06-30T09:02:18.000Z,24.7,-25.4,21.2,-3.5,0,0.1,4018.97,4016.72,4020.69,4007.59,SELL,USD,1,1,1583663
D#1702514,XAUUSD,100,288230376154760454,288230376153215383,288230376166019010,288230376166016188,578,2026-06-30T08:53:03.000Z,2026-06-30T09:02:41.000Z,20,-23.5,2.5,-17.5,0,0.5,4016.37,4016.55,,,BUY,USD,1,1,1583663
D#1702459,XAUUSD,100,288230376154760490,288230376153215532,288230376166018417,288230376166018185,217,2026-06-30T08:59:42.000Z,2026-06-30T09:03:19.000Z,-44.8,43.4,-51.8,-7,0,0.2,4015.37,4017.83,4017.69,4010.77,SELL,USD,1,1,1583663
D#1702407,XAUUSD,100,288230376154760589,288230376153215442,288230376166016878,288230376166016194,597,2026-06-30T08:55:14.000Z,2026-06-30T09:05:11.000Z,-166.8,162.60000000000002,-187.8,-21,0,0.6,4016.8,4019.8,4019.71,4011.42,SELL,USD,1,1,1583663
D#1702748,XAUUSD,100,288230376154760608,288230376153215591,288230376166019650,288230376166019198,131,2026-06-30T09:03:24.000Z,2026-06-30T09:05:35.000Z,-3.16,3.0900000000000003,-3.52,-0.36,0,0.01,4017.21,4020.59,4019.96,4008.03,SELL,USD,1,1,1583663
D#1702676,XAUUSD,100,288230376154760633,288230376153215548,288230376166019963,288230376166018430,327,2026-06-30T09:00:28.000Z,2026-06-30T09:05:55.000Z,77.6,-79.0,70.6,-7,0,0.2,4015.64,4019.3,4013.25,4021.03,BUY,USD,1,1,1583663
D#1702407,XAUUSD,100,288230376154760632,288230376153215643,288230376166019964,288230376166019888,15,2026-06-30T09:05:40.000Z,2026-06-30T09:05:55.000Z,51.33,-55.46,30.67,-20.66,0,0.59,4020.08,4019.43,,,SELL,USD,1,1,1583663
D#1702440,XAUUSD,100,288230376154760650,288230376153214406,288230376166020050,288230376166003744,3047,2026-06-30T08:15:24.000Z,2026-06-30T09:06:11.000Z,26.56,-27.119999999999997,23.76,-2.8,0,0.08,4023.04,4019.94,4032.35,4012.98,SELL,USD,1,1,1583663
D#1670993,XAUUSD,100,288230376154760739,288230376153215589,288230376166020461,288230376166019175,250,2026-06-30T09:03:19.000Z,2026-06-30T09:07:29.000Z,68.6,-70.0,61.6,-7,0,0.2,4017.83,4021.04,,,BUY,USD,1,1,1583663
D#1702336,XAUUSD,100,288230376154760815,288230376153215729,288230376166021076,288230376166020950,27,2026-06-30T09:09:06.000Z,2026-06-30T09:09:33.000Z,1.92,-2.06,1.22,-0.7,0,0.02,4020.34,4019.6,,,SELL,USD,1,1,1583663
D#1702595,XAUUSD,100,288230376154760829,288230376153215626,288230376166021185,288230376166019721,294,2026-06-30T09:05:04.000Z,2026-06-30T09:09:58.000Z,1.36,-1.9200000000000002,-1.44,-2.8,0,0.08,4019.31,4019.36,4034.77,4012,SELL,USD,1,1,1583663
D#1589404,XAUUSD,100,288230376154760835,288230376153215661,288230376166021244,288230376166020049,239,2026-06-30T09:06:11.000Z,2026-06-30T09:10:10.000Z,16.5,-18.6,6.0,-10.5,0,0.3,4019.81,4019.48,,,SELL,USD,1,1,1583663
D#1702620,XAUUSD,100,288230376154760891,288230376153215786,288230376166021762,288230376166021673,14,2026-06-30T09:11:36.000Z,2026-06-30T09:11:50.000Z,-2.59,2.0999999999999996,-5.05,-2.46,0,0.07,4019.61,4019.02,,,BUY,USD,1,1,1583663
D#1702407,XAUUSD,100,288230376154760900,288230376153215740,288230376166021154,288230376166021032,165,2026-06-30T09:09:27.000Z,2026-06-30T09:12:12.000Z,-78.47,74.34,-99.13,-20.66,0,0.59,4019.54,4017.99,4018.57,4021.88,BUY,USD,1,1,1583663
D#1702369,XAUUSD,100,288230376154760905,288230376153215642,288230376166021892,288230376166019879,401,2026-06-30T09:05:37.000Z,2026-06-30T09:12:18.000Z,-113,109.5,-130.5,-17.5,0,0.5,4020.37,4017.89,,,BUY,USD,1,1,1583663
D#1702369,XAUUSD,100,288230376154760928,288230376153215804,288230376166021998,288230376166021909,15,2026-06-30T09:12:21.000Z,2026-06-30T09:12:36.000Z,-31.5,28.0,-49.0,-17.5,0,0.5,4017.03,4017.88,,,SELL,USD,1,1,1583663
D#1702369,XAUUSD,100,288230376154760945,288230376153215817,288230376166022160,288230376166022022,31,2026-06-30T09:12:40.000Z,2026-06-30T09:13:11.000Z,-54.15,50.16,-74.11,-19.96,0,0.57,4017.72,4018.89,,,SELL,USD,1,1,1583663
D#1702620,XAUUSD,100,288230376154760976,288230376153215796,288230376166022407,288230376166021788,133,2026-06-30T09:11:54.000Z,2026-06-30T09:14:07.000Z,3.29,-3.7800000000000002,0.83,-2.46,0,0.07,4019,4018.75,,,SELL,USD,1,1,1583663
D#1702616,XAUUSD,100,288230376154761160,288230376153215923,288230376166024212,288230376166023950,58,2026-06-30T09:20:09.000Z,2026-06-30T09:21:07.000Z,-25.8,25.1,-29.3,-3.5,0,0.1,4018.51,4021.31,4022,,SELL,USD,1,1,1583663
D#1645651,XAUUSD,100,288230376154761177,288230376153215034,288230376166024380,288230376166011566,2573,2026-06-30T08:38:49.000Z,2026-06-30T09:21:42.000Z,-2.94,2.73,-4.0,-1.06,0,0.03,4019.22,4020.42,4029.18,4002.5,SELL,USD,1,1,1583663
D#1670993,XAUUSD,100,288230376154761185,288230376153215779,288230376166024472,288230376166021560,645,2026-06-30T09:11:15.000Z,2026-06-30T09:22:00.000Z,52.6,-54.0,45.6,-7,0,0.2,4018.85,4021.26,,,BUY,USD,1,1,1583663
D#1702336,XAUUSD,100,288230376154761197,288230376153215753,288230376166022281,288230376166021236,719,2026-06-30T09:10:09.000Z,2026-06-30T09:22:08.000Z,-13.35,13.0,-15.11,-1.76,0,0.05,4019.12,4022.01,4021.9,,SELL,USD,1,1,1583663
D#1702514,XAUUSD,100,288230376154761210,288230376153215583,288230376166024569,288230376166019091,1154,2026-06-30T09:03:06.000Z,2026-06-30T09:22:20.000Z,-276,272.5,-293.5,-17.5,0,0.5,4016.6,4022.34,,,SELL,USD,1,1,1583663
D#1702748,XAUUSD,100,288230376154761231,288230376153215647,288230376166020144,288230376166019933,1026,2026-06-30T09:05:49.000Z,2026-06-30T09:22:55.000Z,-6.5,6.36,-7.2,-0.7,0,0.02,4019.53,4023,4022.69,3985.83,SELL,USD,1,1,1583663
D#1702740,XAUUSD,100,288230376154761232,288230376153212356,288230376166024744,288230376165979171,8474,2026-06-30T07:01:43.000Z,2026-06-30T09:22:57.000Z,14.84,-15.12,13.44,-1.4,0,0.04,4026.38,4022.89,4040.16,3986.32,SELL,USD,1,1,1583663
D#1702630,XAUUSD,100,288230376154761247,288230376153213410,288230376166024860,288230376165992380,6066,2026-06-30T07:42:16.000Z,2026-06-30T09:23:22.000Z,12.26,-12.4,11.56,-0.7,0,0.02,4028.93,4023.02,4032.97,3980.67,SELL,USD,1,1,1583663
D#1670958,XAUUSD,100,288230376154761290,288230376153215842,288230376166025324,288230376166022306,670,2026-06-30T09:13:45.000Z,2026-06-30T09:24:55.000Z,2.5,-3.2,-1.0,-3.5,0,0.1,4018.9,4018.93,,,BUY,USD,1,1,1583663
D#1702739,XAUUSD,100,288230376154761372,288230376153216029,288230376166026047,288230376166025687,76,2026-06-30T09:26:10.000Z,2026-06-30T09:27:26.000Z,2.61,-2.82,1.55,-1.06,0,0.03,4019.76,4019.11,4028.96,,SELL,USD,1,1,1583663
D#1702428,XAUUSD,100,288230376154761378,288230376153212100,288230376166026114,288230376165975675,9353,2026-06-30T06:51:45.000Z,2026-06-30T09:27:38.000Z,-76.58,76.09,-79.04,-2.46,0,0.07,4029.64,4018.48,4014.04,4058.85,BUY,USD,1,1,1583663
D#1702595,XAUUSD,100,288230376154761393,288230376153215995,288230376166026268,288230376166025290,203,2026-06-30T09:24:46.000Z,2026-06-30T09:28:09.000Z,1.92,-2.48,-0.88,-2.8,0,0.08,4018.31,4018.29,4026.96,4009.28,SELL,USD,1,1,1583663
D#1702527,XAUUSD,100,288230376154761397,288230376153211757,288230376166026308,288230376165970973,10206,2026-06-30T06:38:12.000Z,2026-06-30T09:28:18.000Z,60.75,-61.38,57.59,-3.16,0,0.09,4024.7,4018.17,4024.89,3998.41,SELL,USD,1,1,1583663
D#1702630,XAUUSD,100,288230376154761413,288230376153215992,288230376166026588,288230376166025205,292,2026-06-30T09:24:28.000Z,2026-06-30T09:29:20.000Z,28.8,-30.2,21.8,-7,0,0.2,4019.17,4017.95,4029.07,3998.85,SELL,USD,1,1,1583663
D#1645651,XAUUSD,100,288230376154761419,288230376153216011,288230376166025524,288230376166025470,231,2026-06-30T09:25:32.000Z,2026-06-30T09:29:23.000Z,-50.83,49.64,-56.79,-5.96,0,0.17,4020,4016.79,4016.9,4025.77,BUY,USD,1,1,1583663
D#1702407,XAUUSD,100,288230376154761432,288230376153215843,288230376166026692,288230376166022336,951,2026-06-30T09:13:50.000Z,2026-06-30T09:29:41.000Z,-124.12,120.06,-144.42,-20.3,0,0.58,4019,4016.64,,4023.56,BUY,USD,1,1,1583663
D#1702420,XAUUSD,100,288230376154761433,288230376153215734,288230376166026696,288230376166020988,1224,2026-06-30T09:09:18.000Z,2026-06-30T09:29:42.000Z,-181,177.5,-198.5,-17.5,0,0.5,4020.36,4016.52,,4026.27,BUY,USD,1,1,1583663
D#1670958,XAUUSD,100,288230376154761512,288230376153216064,288230376166027075,288230376166026294,153,2026-06-30T09:28:15.000Z,2026-06-30T09:30:48.000Z,16.3,-17.0,12.8,-3.5,0,0.1,4018.08,4016.67,,,SELL,USD,1,1,1583663
D#1702616,XAUUSD,100,288230376154761533,288230376153215933,288230376166024312,288230376166024225,612,2026-06-30T09:21:09.000Z,2026-06-30T09:31:21.000Z,-47.8,47.099999999999994,-51.3,-3.5,0,0.1,4020.97,4015.97,4016.06,,BUY,USD,1,1,1583663
D#1702630,XAUUSD,100,288230376154761548,288230376153216099,288230376166027303,288230376166026909,68,2026-06-30T09:30:23.000Z,2026-06-30T09:31:31.000Z,60.8,-62.129999999999995,54.14,-6.66,0,0.19,4018.73,4015.75,4029.01,3995.84,SELL,USD,1,1,1583663
D#1702459,XAUUSD,100,288230376154761551,288230376153215598,288230376166019367,288230376166019286,1676,2026-06-30T09:03:38.000Z,2026-06-30T09:31:34.000Z,-65.2,63.800000000000004,-72.2,-7,0,0.2,4018.2,4014.72,4015.5,4026.2,BUY,USD,1,1,1583663
D#1702676,XAUUSD,100,288230376154761550,288230376153215670,288230376166020381,288230376166020156,1501,2026-06-30T09:06:33.000Z,2026-06-30T09:31:34.000Z,-24.85,24.5,-26.61,-1.76,0,0.05,4019.91,4014.72,4014.86,4036,BUY,USD,1,1,1583663
D#1702441,XAUUSD,100,288230376154761552,288230376153215998,288230376166025415,288230376166025330,398,2026-06-30T09:24:56.000Z,2026-06-30T09:31:34.000Z,-43,42.3,-46.5,-3.5,0,0.1,4019.24,4014.72,4015.13,4019.48,BUY,USD,1,1,1583663
D#1702418,XAUUSD,100,288230376154761587,288230376153215788,288230376166021929,288230376166021698,1211,2026-06-30T09:11:39.000Z,2026-06-30T09:31:50.000Z,118.94,-120.27,112.28,-6.66,0,0.19,4019.15,4013.11,,4013.18,SELL,USD,1,1,1583663
D#1702737,XAUUSD,100,288230376154761590,288230376153216093,288230376166027423,288230376166026834,102,2026-06-30T09:30:09.000Z,2026-06-30T09:31:51.000Z,59.7,-60.75,54.44,-5.26,0,0.15,4017.44,4013.68,4020.25,3983.91,SELL,USD,1,1,1583663
D#1670969,XAUUSD,100,288230376154761601,288230376153214472,288230376166027501,288230376166004659,4447,2026-06-30T08:17:57.000Z,2026-06-30T09:32:04.000Z,57.4,-57.89,54.94,-2.46,0,0.07,4022.15,4014.17,4023.61,4006.62,SELL,USD,1,1,1583663
D#1702630,XAUUSD,100,288230376154761644,288230376153216143,288230376166027828,288230376166027410,77,2026-06-30T09:31:48.000Z,2026-06-30T09:33:05.000Z,-25.8,24.96,-30.0,-4.2,0,0.12,4013.23,4015.6,4029.01,,SELL,USD,1,1,1583663
D#1702630,XAUUSD,100,288230376154761766,288230376153216241,288230376166028295,288230376166028222,14,2026-06-30T09:33:57.000Z,2026-06-30T09:34:11.000Z,8.28,-9.12,4.08,-4.2,0,0.12,4014.85,4014.38,,,SELL,USD,1,1,1583663
D#1702399,XAUUSD,100,288230376154761950,288230376153216062,288230376166029517,288230376166026249,587,2026-06-30T09:28:04.000Z,2026-06-30T09:37:51.000Z,-27.6,26.900000000000002,-31.1,-3.5,0,0.1,4018.36,4015.38,,,BUY,USD,1,1,1583663
D#1702630,XAUUSD,100,288230376154761964,288230376153216278,288230376166029578,288230376166028703,165,2026-06-30T09:35:20.000Z,2026-06-30T09:38:05.000Z,-26.52,25.61,-31.08,-4.56,0,0.13,4013.43,4015.69,4028.58,,SELL,USD,1,1,1583663
D#1589409,XAUUSD,100,288230376154761999,288230376153216340,288230376166029806,288230376166029620,33,2026-06-30T09:38:12.000Z,2026-06-30T09:38:45.000Z,29,-32.5,11.5,-17.5,0,0.5,4016.19,4016.55,,4019.9,BUY,USD,1,1,1583663
D#1645651,XAUUSD,100,288230376154762073,288230376153216300,288230376166029055,288230376166029050,291,2026-06-30T09:36:19.000Z,2026-06-30T09:41:10.000Z,-57.44,56.32,-63.04,-5.6,0,0.16,4013.38,4017.19,4017.01,4005.99,SELL,USD,1,1,1583663
D#1589409,XAUUSD,100,288230376154762143,288230376153216372,288230376166030864,288230376166030118,156,2026-06-30T09:39:51.000Z,2026-06-30T09:42:27.000Z,73,-76.5,55.5,-17.5,0,0.5,4015.98,4017.22,,,BUY,USD,1,1,1583663
D#1589409,XAUUSD,100,288230376154762174,288230376153216429,288230376166031126,288230376166030918,49,2026-06-30T09:42:40.000Z,2026-06-30T09:43:29.000Z,-47,43.5,-64.5,-17.5,0,0.5,4017.95,4016.79,,,BUY,USD,1,1,1583663
D#1589409,XAUUSD,100,288230376154762201,288230376153216443,288230376166031353,288230376166031144,49,2026-06-30T09:43:33.000Z,2026-06-30T09:44:22.000Z,-23,19.5,-40.5,-17.5,0,0.5,4016.88,4016.2,,,BUY,USD,1,1,1583663
D#1702748,XAUUSD,100,288230376154762217,288230376153216048,288230376166026147,288230376166025979,1058,2026-06-30T09:27:08.000Z,2026-06-30T09:44:46.000Z,0.52,-0.66,-0.18,-0.7,0,0.02,4018.51,4018.47,4018.27,3985.62,SELL,USD,1,1,1583663
D#1702460,XAUUSD,100,288230376154762230,288230376153215065,288230376166011932,288230376166011800,3940,2026-06-30T08:39:20.000Z,2026-06-30T09:45:00.000Z,2.5,-3.2,-1.0,-3.5,0,0.1,4018.84,4018.81,4018.6,4011.69,SELL,USD,1,1,1583663
D#1702724,XAUUSD,100,288230376154762240,288230376153216266,288230376166028875,288230376166028521,614,2026-06-30T09:34:46.000Z,2026-06-30T09:45:00.000Z,110.2,-111.60000000000001,103.2,-7,0,0.2,4013.9,4019.19,4012.09,4019.28,BUY,USD,1,1,1583663
D#1702630,XAUUSD,100,288230376154762245,288230376153216341,288230376166031551,288230376166029629,407,2026-06-30T09:38:15.000Z,2026-06-30T09:45:02.000Z,-45.76,44.64,-51.36,-5.6,0,0.16,4016.07,4019.15,4028.58,3999.71,SELL,USD,1,1,1583663
D#1702396,XAUUSD,100,288230376154762266,288230376153216474,288230376166031710,288230376166031524,31,2026-06-30T09:44:58.000Z,2026-06-30T09:45:29.000Z,32.76,-34.58,23.66,-9.1,0,0.26,4018.68,4019.72,4015.78,4022.93,BUY,USD,1,1,1583663
D#1702441,XAUUSD,100,288230376154762269,288230376153216187,288230376166028001,288230376166027771,741,2026-06-30T09:33:10.000Z,2026-06-30T09:45:31.000Z,-59.5,58.52,-64.4,-4.9,0,0.14,4015.66,4020.13,4020,4005.05,SELL,USD,1,1,1583663
D#1702393,XAUUSD,100,288230376154762274,288230376153216406,288230376166031750,288230376166030688,227,2026-06-30T09:41:50.000Z,2026-06-30T09:45:37.000Z,56.8,-58.199999999999996,49.8,-7,0,0.2,4017.69,4020.31,,,BUY,USD,1,1,1583663
D#1702640,XAUUSD,100,288230376154762278,288230376153216444,288230376166031757,288230376166031147,124,2026-06-30T09:43:34.000Z,2026-06-30T09:45:38.000Z,-35.3,34.599999999999994,-38.8,-3.5,0,0.1,4016.74,4020.49,,,SELL,USD,1,1,1583663
D#1702630,XAUUSD,100,288230376154762307,288230376153216517,288230376166032065,288230376166032043,6,2026-06-30T09:46:38.000Z,2026-06-30T09:46:44.000Z,-6.75,5.7,-12.01,-5.26,0,0.15,4019.71,4019.04,,,BUY,USD,1,1,1583663
D#1702461,XAUUSD,100,288230376154762312,288230376153216469,288230376166032098,288230376166031472,123,2026-06-30T09:44:48.000Z,2026-06-30T09:46:51.000Z,1.04,-1.11,0.68,-0.36,0,0.01,4018.59,4019.41,4000.1,,BUY,USD,1,1,1583663
D#1702676,XAUUSD,100,288230376154762328,288230376153216359,288230376166032262,288230376166029932,494,2026-06-30T09:39:13.000Z,2026-06-30T09:47:27.000Z,95.6,-97.0,88.6,-7,0,0.2,4015.35,4019.91,4012.54,4020.84,BUY,USD,1,1,1583663
D#1702640,XAUUSD,100,288230376154762331,288230376153216527,288230376166032281,288230376166032197,19,2026-06-30T09:47:11.000Z,2026-06-30T09:47:30.000Z,2.2,-2.9000000000000004,-1.3,-3.5,0,0.1,4020.1,4020.1,,,BUY,USD,1,1,1583663
D#1702458,XAUUSD,100,288230376154762397,288230376153215763,288230376166032912,288230376166021360,2353,2026-06-30T09:10:34.000Z,2026-06-30T09:49:47.000Z,0.1,-0.8,-3.4,-3.5,0,0.1,4018.85,4019.06,,4007.39,SELL,USD,1,1,1583663
D#1702595,XAUUSD,100,288230376154762405,288230376153216472,288230376166033017,288230376166031510,319,2026-06-30T09:44:55.000Z,2026-06-30T09:50:14.000Z,-1.68,1.1199999999999999,-4.48,-2.8,0,0.08,4018.5,4018.93,,,SELL,USD,1,1,1583663
D#1702677,XAUUSD,100,288230376154762437,288230376153211670,288230376166033340,288230376165970219,11710,2026-06-30T06:36:17.000Z,2026-06-30T09:51:27.000Z,46,-46.35,44.24,-1.76,0,0.05,4028.53,4019.55,4038.64,3986,SELL,USD,1,1,1583663
D#1702540,XAUUSD,100,288230376154762468,288230376153216602,288230376166033530,288230376166033478,10,2026-06-30T09:51:56.000Z,2026-06-30T09:52:06.000Z,-11.16,6.82,-32.86,-21.7,0,0.62,4020.53,4020.13,,,BUY,USD,1,1,1583663
D#1645651,XAUUSD,100,288230376154762488,288230376153216404,288230376166030655,288230376166030625,674,2026-06-30T09:41:41.000Z,2026-06-30T09:52:55.000Z,-49.3,48.11,-55.26,-5.96,0,0.17,4017.65,4020.77,4020.66,4010.7,SELL,USD,1,1,1583663
D#1702428,XAUUSD,100,288230376154762495,288230376153216054,288230376166026340,288230376166026135,1519,2026-06-30T09:27:42.000Z,2026-06-30T09:53:01.000Z,-33,32.3,-36.5,-3.5,0,0.1,4018.02,4021.54,4020.79,4002.08,SELL,USD,1,1,1583663
D#1670993,XAUUSD,100,288230376154762526,288230376153216601,288230376166033815,288230376166033469,75,2026-06-30T09:51:54.000Z,2026-06-30T09:53:09.000Z,-59.6,58.2,-66.6,-7,0,0.2,4020.18,4023.38,,,SELL,USD,1,1,1583663
D#1702393,XAUUSD,100,288230376154762543,288230376153216596,288230376166033888,288230376166033414,101,2026-06-30T09:51:42.000Z,2026-06-30T09:53:23.000Z,59.4,-60.8,52.4,-7,0,0.2,4019.82,4022.57,,,BUY,USD,1,1,1583663
D#1702458,XAUUSD,100,288230376154762546,288230376153216589,288230376166033906,288230376166033331,123,2026-06-30T09:51:24.000Z,2026-06-30T09:53:27.000Z,61.2,-62.6,54.2,-7,0,0.2,4019.53,4022.37,,,BUY,USD,1,1,1583663
D#1702563,XAUUSD,100,288230376154762561,288230376153214409,288230376166034044,288230376166003793,5903,2026-06-30T08:15:32.000Z,2026-06-30T09:53:55.000Z,4.5,-4.85,2.74,-1.76,0,0.05,4023.3,4022.62,4041,4000.86,SELL,USD,1,1,1583663
D#1702559,XAUUSD,100,288230376154762566,288230376153215538,288230376166034089,288230376166018282,3244,2026-06-30T09:00:00.000Z,2026-06-30T09:54:04.000Z,61.92,-62.550000000000004,58.76,-3.16,0,0.09,4015.33,4021.99,,,BUY,USD,1,1,1583663
D#1702399,XAUUSD,100,288230376154762596,288230376153216332,288230376166034214,288230376166029537,995,2026-06-30T09:37:55.000Z,2026-06-30T09:54:30.000Z,-67.9,67.2,-71.4,-3.5,0,0.1,4015.18,4022.19,,,SELL,USD,1,1,1583663
D#1702688,XAUUSD,100,288230376154762647,288230376153214610,288230376166034714,288230376166006706,5522,2026-06-30T08:24:16.000Z,2026-06-30T09:56:18.000Z,4.62,-5.04,2.52,-2.1,0,0.06,4022.1,4021.55,4030.43,4004.14,SELL,USD,1,1,1583663
D#1702393,XAUUSD,100,288230376154762664,288230376153216667,288230376166034888,288230376166034358,115,2026-06-30T09:55:03.000Z,2026-06-30T09:56:58.000Z,7.4,-8.8,0.4,-7,0,0.2,4021.95,4021.8,,,SELL,USD,1,1,1583663
D#1702336,XAUUSD,100,288230376154762692,288230376153216053,288230376166026240,288230376166026123,1815,2026-06-30T09:27:39.000Z,2026-06-30T09:57:54.000Z,-30.06,29.639999999999997,-32.16,-2.1,0,0.06,4018.21,4023.44,4023.33,3996.6,SELL,USD,1,1,1583663
D#1702743,XAUUSD,100,288230376154762696,288230376153215126,288230376166012869,288230376166012402,4615,2026-06-30T08:41:01.000Z,2026-06-30T09:57:56.000Z,-139,137.6,-146.0,-7,0,0.2,4016.84,4024.01,4023.49,4011.02,SELL,USD,1,1,1583663
D#1589409,XAUUSD,100,288230376154762738,288230376153216485,288230376166035463,288230376166031633,836,2026-06-30T09:45:19.000Z,2026-06-30T09:59:15.000Z,71,-74.5,53.5,-17.5,0,0.5,4019.45,4020.65,,4025.96,BUY,USD,1,1,1583663
D#1670862,XAUUSD,100,288230376154762745,288230376153213100,288230376166035535,288230376165988993,8883,2026-06-30T07:31:28.000Z,2026-06-30T09:59:31.000Z,5.68,-5.75,5.32,-0.36,0,0.01,4027.87,4022.41,4049.14,3943.06,SELL,USD,1,1,1583663
D#1702740,XAUUSD,100,288230376154762780,288230376153216294,288230376166029338,288230376166028976,1436,2026-06-30T09:36:09.000Z,2026-06-30T10:00:05.000Z,-42.8,42.519999999999996,-44.2,-1.4,0,0.04,4013.69,4024.61,4024.49,3979.88,SELL,USD,1,1,1583663
D#1702595,XAUUSD,100,288230376154762782,288230376153216618,288230376166035725,288230376166033685,444,2026-06-30T09:52:43.000Z,2026-06-30T10:00:07.000Z,-29.84,29.28,-32.64,-2.8,0,0.08,4020.25,4024.2,,4012.51,SELL,USD,1,1,1583663
D#1702540,XAUUSD,100,288230376154762788,288230376153216640,288230376166035750,288230376166034003,386,2026-06-30T09:53:45.000Z,2026-06-30T10:00:11.000Z,78,-81.5,60.5,-17.5,0,0.5,4022.77,4024.11,,,BUY,USD,1,1,1583663
D#1702624,XAUUSD,100,288230376154762814,288230376153215135,288230376166012477,288230376166012475,4772,2026-06-30T08:41:13.000Z,2026-06-30T10:00:45.000Z,-25.17,24.96,-26.23,-1.06,0,0.03,4016.25,4024.86,4024.65,3942.31,SELL,USD,1,1,1583663
D#1702418,XAUUSD,100,288230376154762819,288230376153216483,288230376166035957,288230376166031605,937,2026-06-30T09:45:13.000Z,2026-06-30T10:00:50.000Z,107.16,-108.49,100.5,-6.66,0,0.19,4019.16,4024.58,4019.4,4024.91,BUY,USD,1,1,1583663
D#1702595,XAUUSD,100,288230376154762837,288230376153216767,288230376166036071,288230376166035785,54,2026-06-30T10:00:18.000Z,2026-06-30T10:01:12.000Z,-7.2,6.640000000000001,-10.0,-2.8,0,0.08,4023.75,4024.87,,,SELL,USD,1,1,1583663
D#1702470,XAUUSD,100,288230376154762921,288230376153216687,288230376166036722,288230376166034614,432,2026-06-30T09:55:57.000Z,2026-06-30T10:03:09.000Z,89.4,-90.80000000000001,82.4,-7,0,0.2,4021.52,4025.77,,,BUY,USD,1,1,1583663
D#1702595,XAUUSD,100,288230376154762954,288230376153216842,288230376166036969,288230376166036618,74,2026-06-30T10:02:46.000Z,2026-06-30T10:04:00.000Z,0.48,-1.04,-2.32,-2.8,0,0.08,4025.34,4025.5,,,SELL,USD,1,1,1583663
D#1702535,XAUUSD,100,288230376154762983,288230376153215424,288230376166037313,288230376166016651,4238,2026-06-30T08:54:33.000Z,2026-06-30T10:05:11.000Z,-214.2,212.79999999999998,-221.2,-7,0,0.2,4015.12,4026.05,,,SELL,USD,1,1,1583663
D#1702458,XAUUSD,100,288230376154763019,288230376153216873,288230376166037531,288230376166037148,104,2026-06-30T10:04:34.000Z,2026-06-30T10:06:18.000Z,-0.4,-0.30000000000000004,-3.9,-3.5,0,0.1,4025.39,4025.13,4025.35,4033.31,BUY,USD,1,1,1583663
D#1702595,XAUUSD,100,288230376154763026,288230376153216897,288230376166037683,288230376166037513,37,2026-06-30T10:05:51.000Z,2026-06-30T10:06:28.000Z,11.92,-12.48,9.12,-2.8,0,0.08,4026.06,4024.79,,,SELL,USD,1,1,1583663
D#1702441,XAUUSD,100,288230376154763043,288230376153216500,288230376166031918,288230376166031754,1275,2026-06-30T09:45:38.000Z,2026-06-30T10:06:53.000Z,38.92,-39.9,34.02,-4.9,0,0.14,4020.49,4023.05,4023.23,4031.09,BUY,USD,1,1,1583663
D#1702461,XAUUSD,100,288230376154763048,288230376153216593,288230376166037812,288230376166033353,926,2026-06-30T09:51:29.000Z,2026-06-30T10:06:55.000Z,17.4,-17.75,15.64,-1.76,0,0.05,4019.71,4022.97,,,BUY,USD,1,1,1583663
D#1702740,XAUUSD,100,288230376154763053,288230376153216916,288230376166037831,288230376166037823,2,2026-06-30T10:06:57.000Z,2026-06-30T10:06:59.000Z,-0.5,0.14999999999999997,-2.26,-1.76,0,0.05,4023.11,4022.79,,,BUY,USD,1,1,1583663
D#1702718,XAUUSD,100,288230376154763123,288230376153216937,288230376166038538,288230376166038098,99,2026-06-30T10:07:52.000Z,2026-06-30T10:09:31.000Z,-2.28,1.9999999999999998,-3.68,-1.4,0,0.04,4022.91,4023.7,,,SELL,USD,1,1,1583663
D#1702690,XAUUSD,100,288230376154763253,288230376153216027,288230376166039463,288230376166025661,2798,2026-06-30T09:26:04.000Z,2026-06-30T10:12:42.000Z,49.84,-50.82,44.94,-4.9,0,0.14,4020.19,4023.53,,4029.01,BUY,USD,1,1,1583663
D#1702595,XAUUSD,100,288230376154763263,288230376153217029,288230376166039516,288230376166039409,27,2026-06-30T10:12:30.000Z,2026-06-30T10:12:57.000Z,6.24,-6.800000000000001,3.44,-2.8,0,0.08,4024.1,4023.54,,,SELL,USD,1,1,1583663
D#1702690,XAUUSD,100,288230376154763267,288230376153217039,288230376166039612,288230376166039584,8,2026-06-30T10:13:12.000Z,2026-06-30T10:13:20.000Z,-0.28,-0.7000000000000001,-5.18,-4.9,0,0.14,4024.56,4024.32,,,BUY,USD,1,1,1583663
D#1670864,XAUUSD,100,288230376154763325,288230376153216989,288230376166040007,288230376166038920,242,2026-06-30T10:10:48.000Z,2026-06-30T10:14:50.000Z,-171.5,168.0,-189.0,-17.5,0,0.5,4022.05,4025.7,,,SELL,USD,1,1,1583663
D#1702458,XAUUSD,100,288230376154763351,288230376153216918,288230376166038688,288230376166037840,494,2026-06-30T10:07:00.000Z,2026-06-30T10:15:14.000Z,-41.9,41.199999999999996,-45.4,-3.5,0,0.1,4022.91,4027.32,4026.91,4011.78,SELL,USD,1,1,1583663
D#1702441,XAUUSD,100,288230376154763355,288230376153216974,288230376166038806,288230376166038676,313,2026-06-30T10:10:02.000Z,2026-06-30T10:15:15.000Z,-46.62,45.64,-51.52,-4.9,0,0.14,4023.72,4027.27,4027,,SELL,USD,1,1,1583663
D#1702620,XAUUSD,100,288230376154763366,288230376153215847,288230376166040158,288230376166022420,3670,2026-06-30T09:14:10.000Z,2026-06-30T10:15:20.000Z,-199.92,198.23999999999998,-208.32,-8.4,0,0.24,4018.63,4027.18,,3955,SELL,USD,1,1,1583663
D#1702337,XAUUSD,100,288230376154763449,288230376153217128,288230376166040976,288230376166040923,12,2026-06-30T10:18:07.000Z,2026-06-30T10:18:19.000Z,0.3,-1.0,-3.2,-3.5,0,0.1,4025.75,4025.94,,,SELL,USD,1,1,1583663
D#1702337,XAUUSD,100,288230376154763518,288230376153217138,288230376166041601,288230376166041160,88,2026-06-30T10:19:02.000Z,2026-06-30T10:20:30.000Z,24.2,-25.599999999999998,17.2,-7,0,0.2,4026.02,4025.03,,4012.87,SELL,USD,1,1,1583663
D#1702595,XAUUSD,100,288230376154763568,288230376153217195,288230376166042120,288230376166042032,28,2026-06-30T10:22:11.000Z,2026-06-30T10:22:39.000Z,1.68,-2.24,-1.12,-2.8,0,0.08,4025.89,4025.9,,,SELL,USD,1,1,1583663
D#1702636,XAUUSD,100,288230376154763628,288230376153217237,288230376166042727,288230376166042670,13,2026-06-30T10:24:47.000Z,2026-06-30T10:25:00.000Z,-0.55,0.2,-2.31,-1.76,0,0.05,4025.72,4026.05,,,SELL,USD,1,1,1583663
D#1702458,XAUUSD,100,288230376154763686,288230376153217077,288230376166043358,288230376166040153,726,2026-06-30T10:15:20.000Z,2026-06-30T10:27:26.000Z,2.2,-2.9000000000000004,-1.3,-3.5,0,0.1,4026.99,4026.99,4027.04,4018.58,SELL,USD,1,1,1583663
D#1702440,XAUUSD,100,288230376154763718,288230376153216408,288230376166030703,288230376166030699,2789,2026-06-30T09:41:52.000Z,2026-06-30T10:28:21.000Z,80.24,-80.8,77.44,-2.8,0,0.08,4017.62,4027.43,4008.12,4027.5,BUY,USD,1,1,1583663
D#1702560,XAUUSD,100,288230376154763727,288230376153216985,288230376166043614,288230376166038859,1068,2026-06-30T10:10:34.000Z,2026-06-30T10:28:22.000Z,-49.3,48.599999999999994,-52.8,-3.5,0,0.1,4022.72,4027.87,4040.83,4018.83,SELL,USD,1,1,1583663
D#1702399,XAUUSD,100,288230376154763750,288230376153217229,288230376166043671,288230376166042523,260,2026-06-30T10:24:11.000Z,2026-06-30T10:28:31.000Z,-24.4,23.7,-27.9,-3.5,0,0.1,4025.36,4028.02,,,SELL,USD,1,1,1583663
D#1702718,XAUUSD,100,288230376154763761,288230376153216970,288230376166043690,288230376166038617,1132,2026-06-30T10:09:48.000Z,2026-06-30T10:28:40.000Z,-198.9,195.33,-216.76,-17.86,0,0.51,4024.1,4028.22,,,SELL,USD,1,1,1583663
D#1702545,XAUUSD,100,288230376154763772,288230376153217225,288230376166043738,288230376166042473,283,2026-06-30T10:24:04.000Z,2026-06-30T10:28:47.000Z,-25.2,24.5,-28.7,-3.5,0,0.1,4025.62,4028.36,,,SELL,USD,1,1,1583663
D#1702688,XAUUSD,100,288230376154763780,288230376153217170,288230376166042040,288230376166041575,515,2026-06-30T10:20:24.000Z,2026-06-30T10:28:59.000Z,-22.44,22.02,-24.54,-2.1,0,0.06,4024.71,4028.67,4028.55,,SELL,USD,1,1,1583663
D#1702710,XAUUSD,100,288230376154763817,288230376153217030,288230376166044015,288230376166039420,1035,2026-06-30T10:12:32.000Z,2026-06-30T10:29:47.000Z,-48.95,48.18,-52.81,-3.86,0,0.11,4024.16,4028.83,,,SELL,USD,1,1,1583663
D#1702458,XAUUSD,100,288230376154763837,288230376153217273,288230376166044186,288230376166043377,172,2026-06-30T10:27:30.000Z,2026-06-30T10:30:22.000Z,-0.5,-0.20000000000000007,-4.0,-3.5,0,0.1,4027.04,4026.77,,4037.39,BUY,USD,1,1,1583663
D#1589409,XAUUSD,100,288230376154763869,288230376153216750,288230376166044437,288230376166035526,1912,2026-06-30T09:59:29.000Z,2026-06-30T10:31:21.000Z,189.5,-193.0,172.0,-17.5,0,0.5,4021.96,4025.53,,4030.19,BUY,USD,1,1,1583663
D#1702545,XAUUSD,100,288230376154764015,288230376153217391,288230376166045711,288230376166044750,248,2026-06-30T10:32:31.000Z,2026-06-30T10:36:39.000Z,-35.77,32.34,-52.93,-17.16,0,0.49,4027.46,4028.41,4028.02,4024.43,SELL,USD,1,1,1583663
D#1702338,XAUUSD,100,288230376154764090,288230376153216772,288230376166046372,288230376166035840,2309,2026-06-30T10:00:30.000Z,2026-06-30T10:38:59.000Z,45.4,-46.1,41.9,-3.5,0,0.1,4023.66,4027.98,,,BUY,USD,1,1,1583663
D#1702739,XAUUSD,100,288230376154764231,288230376153216051,288230376166026192,288230376166026093,4582,2026-06-30T09:27:33.000Z,2026-06-30T10:43:55.000Z,-32.22,32.01,-33.28,-1.06,0,0.03,4018.62,4029.58,4029.47,3990.46,SELL,USD,1,1,1583663
D#1702466,XAUUSD,100,288230376154764249,288230376153215732,288230376166023772,288230376166020977,5687,2026-06-30T09:09:16.000Z,2026-06-30T10:44:03.000Z,97.7,-98.4,94.2,-3.5,0,0.1,4020.39,4029.94,4009.3,4030,BUY,USD,1,1,1583663
D#1702441,XAUUSD,100,288230376154764250,288230376153217124,288230376166040958,288230376166040895,1560,2026-06-30T10:18:03.000Z,2026-06-30T10:44:03.000Z,-59.08,58.1,-63.98,-4.9,0,0.14,4025.67,4030.11,4030,,SELL,USD,1,1,1583663
D#1702564,XAUUSD,100,288230376154764257,288230376153217198,288230376166047779,288230376166042059,1311,2026-06-30T10:22:19.000Z,2026-06-30T10:44:10.000Z,-3.97,3.9000000000000004,-4.33,-0.36,0,0.01,4025.91,4030.1,,,SELL,USD,1,1,1583663
D#1702560,XAUUSD,100,288230376154764278,288230376153217300,288230376166047899,288230376166043708,951,2026-06-30T10:28:41.000Z,2026-06-30T10:44:32.000Z,8.7,-9.399999999999999,5.2,-3.5,0,0.1,4028.44,4029.09,4022.33,4035.33,BUY,USD,1,1,1583663
D#1702630,XAUUSD,100,288230376154764310,288230376153216529,288230376166048110,288230376166032238,3470,2026-06-30T09:47:22.000Z,2026-06-30T10:45:12.000Z,158.34,-159.81,150.98,-7.36,0,0.21,4020.17,4027.49,4010.92,4038.93,BUY,USD,1,1,1583663
D#1670974,XAUUSD,100,288230376154764318,288230376153217480,288230376166047785,288230376166046263,407,2026-06-30T10:38:35.000Z,2026-06-30T10:45:22.000Z,-2.2,1.5,-5.7,-3.5,0,0.1,4027.28,4026.84,4027.33,,BUY,USD,1,1,1583663
D#1702545,XAUUSD,100,288230376154764319,288230376153217467,288230376166046187,288230376166045945,491,2026-06-30T10:37:13.000Z,2026-06-30T10:45:24.000Z,-108,104.5,-125.5,-17.5,0,0.5,4028.63,4026.25,4026.5,4033.09,BUY,USD,1,1,1583663
D#1702458,XAUUSD,100,288230376154764464,288230376153217401,288230376166049388,288230376166044939,995,2026-06-30T10:33:17.000Z,2026-06-30T10:49:52.000Z,8.1,-8.799999999999999,4.6,-3.5,0,0.1,4027.47,4028.06,,4038.82,BUY,USD,1,1,1583663
D#1614596,XAUUSD,100,288230376154764575,288230376153214435,288230376166050345,288230376166004155,9433,2026-06-30T08:16:29.000Z,2026-06-30T10:53:42.000Z,57.6,-58.300000000000004,54.1,-3.5,0,0.1,4023.15,4028.69,,,BUY,USD,1,1,1583663
D#1702441,XAUUSD,100,288230376154764670,288230376153217769,288230376166050927,288230376166050404,102,2026-06-30T10:53:58.000Z,2026-06-30T10:55:40.000Z,-6.6,5.8999999999999995,-10.1,-3.5,0,0.1,4028.48,4029.36,4032.59,,SELL,USD,1,1,1583663
D#1589409,XAUUSD,100,288230376154764678,288230376153217372,288230376166049453,288230376166044465,1457,2026-06-30T10:31:26.000Z,2026-06-30T10:55:43.000Z,224,-227.5,206.5,-17.5,0,0.5,4025.62,4029.88,,4030.01,BUY,USD,1,1,1583663
D#1589409,XAUUSD,100,288230376154764702,288230376153217837,288230376166051086,288230376166051067,6,2026-06-30T10:56:09.000Z,2026-06-30T10:56:15.000Z,8,-11.5,-9.5,-17.5,0,0.5,4029.87,4029.81,,,BUY,USD,1,1,1583663
D#1702640,XAUUSD,100,288230376154764750,288230376153217830,288230376166051354,288230376166051008,73,2026-06-30T10:55:55.000Z,2026-06-30T10:57:08.000Z,2.6,-3.3000000000000003,-0.9,-3.5,0,0.1,4030.08,4030.12,,,BUY,USD,1,1,1583663
D#1702393,XAUUSD,100,288230376154764762,288230376153216809,288230376166038814,288230376166036242,3330,2026-06-30T10:01:41.000Z,2026-06-30T10:57:11.000Z,127.4,-128.8,120.4,-7,0,0.2,4024.7,4030.85,4021.25,4030.52,BUY,USD,1,1,1583663
D#1589409,XAUUSD,100,288230376154764763,288230376153217847,288230376166051384,288230376166051192,37,2026-06-30T10:56:35.000Z,2026-06-30T10:57:12.000Z,60.5,-64.0,43.0,-17.5,0,0.5,4029.86,4030.85,,4030.72,BUY,USD,1,1,1583663
D#1702545,XAUUSD,100,288230376154764783,288230376153217613,288230376166051447,288230376166048286,690,2026-06-30T10:45:51.000Z,2026-06-30T10:57:21.000Z,-152.5,149.0,-170.0,-17.5,0,0.5,4028.16,4031.43,,4021.89,SELL,USD,1,1,1583663
D#1702710,XAUUSD,100,288230376154764832,288230376153217351,288230376166051735,288230376166044202,1663,2026-06-30T10:30:26.000Z,2026-06-30T10:58:09.000Z,-63.3,62.25,-68.56,-5.26,0,0.15,4026.69,4031.13,,,SELL,USD,1,1,1583663
D#1702640,XAUUSD,100,288230376154764879,288230376153217888,288230376166051995,288230376166051723,51,2026-06-30T10:58:07.000Z,2026-06-30T10:58:58.000Z,3.1,-3.8000000000000003,-0.4,-3.5,0,0.1,4031.15,4031.24,,,BUY,USD,1,1,1583663
D#1670974,XAUUSD,100,288230376154765000,288230376153217650,288230376166049544,288230376166048767,794,2026-06-30T10:47:42.000Z,2026-06-30T11:00:56.000Z,-46.4,45.0,-53.4,-7,0,0.2,4029.87,4027.33,4027.57,,BUY,USD,1,1,1583663
D#1702630,XAUUSD,100,288230376154765040,288230376153217610,288230376166052837,288230376166048207,955,2026-06-30T10:45:34.000Z,2026-06-30T11:01:29.000Z,42,-44.94,27.3,-14.7,0,0.42,4026.71,4027.49,4023,4036.93,BUY,USD,1,1,1583663
D#1702630,XAUUSD,100,288230376154765100,288230376153218015,288230376166053120,288230376166052970,26,2026-06-30T11:01:52.000Z,2026-06-30T11:02:18.000Z,-73.48,70.4,-88.88,-15.4,0,0.44,4027.83,4025.94,4018.68,4038.47,BUY,USD,1,1,1583663
D#1702753,XAUUSD,100,288230376154765185,288230376153217703,288230376166053812,288230376166049474,864,2026-06-30T10:50:10.000Z,2026-06-30T11:04:34.000Z,-2.55,2.1999999999999997,-4.31,-1.76,0,0.05,4029.17,4028.44,3979.85,4111.82,BUY,USD,1,1,1583663
D#1702630,XAUUSD,100,288230376154765190,288230376153218054,288230376166053861,288230376166053488,76,2026-06-30T11:03:28.000Z,2026-06-30T11:04:44.000Z,69,-73.2,48.0,-21,0,0.6,4027.84,4028.77,4021.17,4038.47,BUY,USD,1,1,1583663
D#1702640,XAUUSD,100,288230376154765299,288230376153218098,288230376166054283,288230376166054067,31,2026-06-30T11:05:20.000Z,2026-06-30T11:05:51.000Z,16.5,-17.2,13.0,-3.5,0,0.1,4029.92,4031.35,,,BUY,USD,1,1,1583663
D#1670974,XAUUSD,100,288230376154765306,288230376153218018,288230376166054369,288230376166053006,247,2026-06-30T11:01:58.000Z,2026-06-30T11:06:05.000Z,130.2,-132.29999999999998,119.7,-10.5,0,0.3,4027.35,4031.47,4027.56,,BUY,USD,1,1,1583663
D#1702630,XAUUSD,100,288230376154765309,288230376153218091,288230376166054375,288230376166053977,60,2026-06-30T11:05:07.000Z,2026-06-30T11:06:07.000Z,110.4,-113.76,93.6,-16.8,0,0.48,4029.55,4031.63,4021.17,4038.47,BUY,USD,1,1,1583663
D#1702560,XAUUSD,100,288230376154765374,288230376153217839,288230376166054715,288230376166051129,647,2026-06-30T10:56:24.000Z,2026-06-30T11:07:11.000Z,4.3,-5.0,0.8,-3.5,0,0.1,4030.06,4030.27,4011.94,4035.95,BUY,USD,1,1,1583663
D#1702630,XAUUSD,100,288230376154765375,288230376153218141,288230376166054717,288230376166054496,43,2026-06-30T11:06:29.000Z,2026-06-30T11:07:12.000Z,-34.32,31.59,-47.98,-13.66,0,0.39,4031.38,4030.28,4021.17,,BUY,USD,1,1,1583663
D#1702337,XAUUSD,100,288230376154765445,288230376153217750,288230376166055350,288230376166050119,996,2026-06-30T10:52:42.000Z,2026-06-30T11:09:18.000Z,26.7,-27.4,23.2,-3.5,0,0.1,4029.31,4031.76,4025.42,4032.81,BUY,USD,1,1,1583663
D#1670985,XAUUSD,100,288230376154765528,288230376153214145,288230376166056013,288230376166000900,11027,2026-06-30T08:07:54.000Z,2026-06-30T11:11:41.000Z,4.16,-4.720000000000001,1.36,-2.8,0,0.08,4032.15,4031.85,4035.79,,SELL,USD,1,1,1583663
D#1702337,XAUUSD,100,288230376154765534,288230376153218238,288230376166056082,288230376166055895,42,2026-06-30T11:11:15.000Z,2026-06-30T11:11:57.000Z,3.9,-6.0,-6.6,-10.5,0,0.3,4031.43,4031.52,,,SELL,USD,1,1,1583663
D#1702630,XAUUSD,100,288230376154765627,288230376153218163,288230376166056579,288230376166054729,385,2026-06-30T11:07:14.000Z,2026-06-30T11:13:39.000Z,108.03,-110.76,94.37,-13.66,0,0.39,4030.48,4033.03,4025.04,4040.02,BUY,USD,1,1,1583663
D#1702560,XAUUSD,100,288230376154765642,288230376153218266,288230376166056660,288230376166056381,51,2026-06-30T11:13:04.000Z,2026-06-30T11:13:55.000Z,7.2,-7.9,3.7,-3.5,0,0.1,4032.45,4032.95,4014.34,4037.34,BUY,USD,1,1,1583663
D#1702461,XAUUSD,100,288230376154765648,288230376153217057,288230376166056716,288230376166039921,3574,2026-06-30T10:14:32.000Z,2026-06-30T11:14:06.000Z,38.9,-39.25,37.14,-1.76,0,0.05,4025.53,4033.09,,,BUY,USD,1,1,1583663
D#1702572,XAUUSD,100,288230376154765654,288230376153217006,288230376166056765,288230376166039160,3760,2026-06-30T10:11:35.000Z,2026-06-30T11:14:15.000Z,98.5,-99.2,95.0,-3.5,0,0.1,4023.39,4033.02,4020.26,4036.4,BUY,USD,1,1,1583663
D#1702464,XAUUSD,100,288230376154765668,288230376153215144,288230376166056860,288230376166012587,9178,2026-06-30T08:41:34.000Z,2026-06-30T11:14:32.000Z,-82.5,82.15,-84.26,-1.76,0,0.05,4016.37,4033.09,,,SELL,USD,1,1,1583663
D#1702535,XAUUSD,100,288230376154765671,288230376153216879,288230376166056898,288230376166037322,4169,2026-06-30T10:05:13.000Z,2026-06-30T11:14:42.000Z,150.2,-151.6,143.2,-7,0,0.2,4025.75,4033.04,,,BUY,USD,1,1,1583663
D#1702399,XAUUSD,100,288230376154765701,288230376153218221,288230376166057073,288230376166055711,277,2026-06-30T11:10:36.000Z,2026-06-30T11:15:13.000Z,-17.7,17.0,-21.2,-3.5,0,0.1,4031.74,4033.73,,,SELL,USD,1,1,1583663
D#1702458,XAUUSD,100,288230376154765733,288230376153217699,288230376166057250,288230376166049411,1548,2026-06-30T10:49:57.000Z,2026-06-30T11:15:45.000Z,-48.9,48.199999999999996,-52.4,-3.5,0,0.1,4028.11,4033.22,,4016.68,SELL,USD,1,1,1583663
D#1702630,XAUUSD,100,288230376154765741,288230376153218314,288230376166057301,288230376166056938,64,2026-06-30T11:14:51.000Z,2026-06-30T11:15:55.000Z,-6.71,2.4400000000000004,-28.07,-21.36,0,0.61,4033.18,4032.85,4027.41,,BUY,USD,1,1,1583663
D#1670969,XAUUSD,100,288230376154765786,288230376153217196,288230376166057523,288230376166042042,3266,2026-06-30T10:22:14.000Z,2026-06-30T11:16:40.000Z,51,-51.49,48.54,-2.46,0,0.07,4026.03,4032.16,4030.9,4037.02,BUY,USD,1,1,1583663
D#1702630,XAUUSD,100,288230376154765838,288230376153218372,288230376166057874,288230376166057502,62,2026-06-30T11:16:36.000Z,2026-06-30T11:17:38.000Z,-68.04,63.63000000000001,-90.1,-22.06,0,0.63,4032.31,4031.01,4027.41,,BUY,USD,1,1,1583663
D#1702630,XAUUSD,100,288230376154765931,288230376153218432,288230376166058496,288230376166058359,30,2026-06-30T11:19:14.000Z,2026-06-30T11:19:44.000Z,18.29,-22.419999999999998,-2.37,-20.66,0,0.59,4031.09,4031,4037.1,4022.48,SELL,USD,1,1,1583663
D#1702630,XAUUSD,100,288230376154765954,288230376153218450,288230376166058707,288230376166058556,26,2026-06-30T11:19:56.000Z,2026-06-30T11:20:22.000Z,-5.6,1.6799999999999993,-25.2,-19.6,0,0.56,4030.81,4031.13,4037.1,,SELL,USD,1,1,1583663
D#1702458,XAUUSD,100,288230376154765962,288230376153218348,288230376166058784,288230376166057299,284,2026-06-30T11:15:55.000Z,2026-06-30T11:20:39.000Z,-23.6,22.900000000000002,-27.1,-3.5,0,0.1,4033.02,4030.44,4027.62,4044.05,BUY,USD,1,1,1583663
D#1702630,XAUUSD,100,288230376154766067,288230376153218483,288230376166059488,288230376166058989,92,2026-06-30T11:21:14.000Z,2026-06-30T11:22:46.000Z,66.42,-70.2,47.52,-18.9,0,0.54,4031.2,4032.21,4027.56,,BUY,USD,1,1,1583663
D#1702560,XAUUSD,100,288230376154766196,288230376153218399,288230376166060244,288230376166057845,460,2026-06-30T11:17:35.000Z,2026-06-30T11:25:15.000Z,4,-4.7,0.5,-3.5,0,0.1,4031.08,4030.9,4049.33,4025.33,SELL,USD,1,1,1583663
D#1702440,XAUUSD,100,288230376154766207,288230376153217398,288230376166060304,288230376166044905,3136,2026-06-30T10:33:10.000Z,2026-06-30T11:25:26.000Z,23.84,-24.4,21.04,-2.8,0,0.08,4027.62,4030.38,4018.07,4040.64,BUY,USD,1,1,1583663
D#1702630,XAUUSD,100,288230376154766244,288230376153218562,288230376166060541,288230376166060195,65,2026-06-30T11:25:04.000Z,2026-06-30T11:26:09.000Z,-36.96,33.04,-56.56,-19.6,0,0.56,4031.23,4030.35,4027.56,,BUY,USD,1,1,1583663
D#1702388,XAUUSD,100,288230376154766246,288230376153217513,288230376166060550,288230376166046650,2769,2026-06-30T10:40:01.000Z,2026-06-30T11:26:10.000Z,32.45,-33.220000000000006,28.59,-3.86,0,0.11,4027.67,4030.4,,4035,BUY,USD,1,1,1583663
D#1702630,XAUUSD,100,288230376154766270,288230376153218598,288230376166060762,288230376166060700,13,2026-06-30T11:26:41.000Z,2026-06-30T11:26:54.000Z,-6.5,3.0,-24.0,-17.5,0,0.5,4031.53,4031.18,4027.56,,BUY,USD,1,1,1583663
D#1702630,XAUUSD,100,288230376154766292,288230376153218607,288230376166060862,288230376166060816,7,2026-06-30T11:27:07.000Z,2026-06-30T11:27:14.000Z,15.98,-19.27,-0.48,-16.46,0,0.47,4031.83,4031.95,4027.56,,BUY,USD,1,1,1583663
D#1702630,XAUUSD,100,288230376154766318,288230376153218622,288230376166061104,288230376166061031,15,2026-06-30T11:27:47.000Z,2026-06-30T11:28:02.000Z,-9.5,6.84,-22.8,-13.3,0,0.38,4032.82,4032.35,4027.56,,BUY,USD,1,1,1583663
D#1702630,XAUUSD,100,288230376154766329,288230376153218632,288230376166061197,288230376166061161,6,2026-06-30T11:28:12.000Z,2026-06-30T11:28:18.000Z,34.2,-36.86,20.9,-13.3,0,0.38,4032.33,4033.01,,,BUY,USD,1,1,1583663
D#1670974,XAUUSD,100,288230376154766361,288230376153218186,288230376166061343,288230376166055120,1214,2026-06-30T11:08:34.000Z,2026-06-30T11:28:48.000Z,102,-104.1,91.5,-10.5,0,0.3,4030.43,4033.61,,,BUY,USD,1,1,1583663
D#1702630,XAUUSD,100,288230376154766373,288230376153218646,288230376166061460,288230376166061317,28,2026-06-30T11:28:43.000Z,2026-06-30T11:29:11.000Z,-28.88,26.22,-42.18,-13.3,0,0.38,4033.97,4032.99,,,BUY,USD,1,1,1583663
D#1702753,XAUUSD,100,288230376154766394,288230376153218080,288230376166061607,288230376166053911,1481,2026-06-30T11:04:53.000Z,2026-06-30T11:29:34.000Z,142.5,-146.0,125.0,-17.5,0,0.5,4028.75,4031.38,4025.15,4037.56,BUY,USD,1,1,1583663
D#1702630,XAUUSD,100,288230376154766400,288230376153218664,288230376166061652,288230376166061540,18,2026-06-30T11:29:23.000Z,2026-06-30T11:29:41.000Z,-26.8,24.0,-40.8,-14,0,0.4,4032.57,4031.68,4027.56,,BUY,USD,1,1,1583663
D#1702630,XAUUSD,100,288230376154766436,288230376153218675,288230376166061872,288230376166061696,30,2026-06-30T11:29:52.000Z,2026-06-30T11:30:22.000Z,1.8,-4.95,-13.96,-15.76,0,0.45,4032.09,4031.91,4027.56,,BUY,USD,1,1,1583663
D#1702708,XAUUSD,100,288230376154766456,288230376153214010,288230376166062017,288230376165999540,12374,2026-06-30T08:04:37.000Z,2026-06-30T11:30:51.000Z,11,-11.28,9.6,-1.4,0,0.04,4035.65,4033.12,4035.53,4005.03,SELL,USD,1,1,1583663
D#1702708,XAUUSD,100,288230376154766757,288230376153218755,288230376166063747,288230376166062443,220,2026-06-30T11:32:34.000Z,2026-06-30T11:36:14.000Z,-22.78,21.59,-28.74,-5.96,0,0.17,4031.28,4029.72,,4034.3,BUY,USD,1,1,1583663
D#1670922,XAUUSD,100,288230376154766881,288230376153218681,288230376166064184,288230376166061775,444,2026-06-30T11:30:05.000Z,2026-06-30T11:37:29.000Z,26.3,-27.0,22.8,-3.5,0,0.1,4032.18,4029.77,,,SELL,USD,1,1,1583663
D#1702462,XAUUSD,100,288230376154767096,288230376153217130,288230376166041042,288230376166040955,4997,2026-06-30T10:18:16.000Z,2026-06-30T11:41:33.000Z,-23.55,23.34,-24.61,-1.06,0,0.03,4025.71,4033.78,4033.64,3978.31,SELL,USD,1,1,1583663
D#1702428,XAUUSD,100,288230376154767102,288230376153218857,288230376166063989,288230376166063641,342,2026-06-30T11:35:55.000Z,2026-06-30T11:41:37.000Z,-30.6,29.900000000000002,-34.1,-3.5,0,0.1,4030.86,4034.14,4033.98,4018.38,SELL,USD,1,1,1583663
D#1702708,XAUUSD,100,288230376154767121,288230376153218866,288230376166064063,288230376166063798,317,2026-06-30T11:36:20.000Z,2026-06-30T11:41:37.000Z,278,-281.5,260.5,-17.5,0,0.5,4029.46,4034.8,4027.72,4034.35,BUY,USD,1,1,1583663
D#1702472,XAUUSD,100,288230376154767132,288230376153216660,288230376166034328,288230376166034176,6438,2026-06-30T09:54:20.000Z,2026-06-30T11:41:38.000Z,130.8,-131.5,127.3,-3.5,0,0.1,4021.94,4034.8,4020.02,4034.48,BUY,USD,1,1,1583663
D#1702458,XAUUSD,100,288230376154767130,288230376153218471,288230376166059019,288230376166058824,1252,2026-06-30T11:20:46.000Z,2026-06-30T11:41:38.000Z,-45.2,44.5,-48.7,-3.5,0,0.1,4030.39,4035.13,4034.48,4018.51,SELL,USD,1,1,1583663
D#1702710,XAUUSD,100,288230376154767131,288230376153218581,288230376166061505,288230376166060464,942,2026-06-30T11:25:56.000Z,2026-06-30T11:41:38.000Z,-115.75,114.0,-124.51,-8.76,0,0.25,4030.28,4035.13,4034.76,4015.06,SELL,USD,1,1,1583663
D#1702753,XAUUSD,100,288230376154767134,288230376153218803,288230376166063397,288230376166063024,464,2026-06-30T11:33:54.000Z,2026-06-30T11:41:38.000Z,-241.5,238.0,-259.0,-17.5,0,0.5,4029.98,4035.03,4034.39,4023.91,SELL,USD,1,1,1583663
D#1702530,XAUUSD,100,288230376154767145,288230376153217073,288230376166040122,288230376166022019,5185,2026-06-30T10:15:14.000Z,2026-06-30T11:41:39.000Z,-46.02,45.6,-48.12,-2.1,0,0.06,4027.06,4034.95,4035,4000,SELL,USD,1,1,1583663
D#1702708,XAUUSD,100,288230376154767157,288230376153219015,288230376166065499,288230376166065478,4,2026-06-30T11:41:44.000Z,2026-06-30T11:41:48.000Z,-2.3,1.5999999999999996,-5.8,-3.5,0,0.1,4034.57,4035.02,,,SELL,USD,1,1,1583663
D#1670968,XAUUSD,100,288230376154767161,288230376153217861,288230376166065526,288230376166012016,2681,2026-06-30T10:57:12.000Z,2026-06-30T11:41:53.000Z,-26.04,25.55,-28.5,-2.46,0,0.07,4030.82,4034.76,4037.86,4019.72,SELL,USD,1,1,1583663
D#1702675,XAUUSD,100,288230376154767206,288230376153218763,288230376166065786,288230376166062655,593,2026-06-30T11:32:50.000Z,2026-06-30T11:42:43.000Z,-105.9,103.80000000000001,-116.4,-10.5,0,0.3,4031.17,4034.92,,4027.28,SELL,USD,1,1,1583663
D#1702708,XAUUSD,100,288230376154767242,288230376153219062,288230376166066012,288230376166065969,7,2026-06-30T11:43:15.000Z,2026-06-30T11:43:22.000Z,-7,3.5,-24.5,-17.5,0,0.5,4033.56,4033.92,,,SELL,USD,1,1,1583663
D#1702460,XAUUSD,100,288230376154767303,288230376153218132,288230376166066502,288230376166054399,2337,2026-06-30T11:06:11.000Z,2026-06-30T11:45:08.000Z,17.95,-18.3,16.19,-1.76,0,0.05,4031.66,4035.03,4021.53,4053.75,BUY,USD,1,1,1583663
D#1702393,XAUUSD,100,288230376154767313,288230376153218427,288230376166058953,288230376166058326,1567,2026-06-30T11:19:07.000Z,2026-06-30T11:45:14.000Z,-85.6,84.19999999999999,-92.6,-7,0,0.2,4031.09,4035.59,4035.24,4027.14,SELL,USD,1,1,1583663
D#1702716,XAUUSD,100,288230376154767312,288230376153218467,288230376166058996,288230376166058791,1474,2026-06-30T11:20:40.000Z,2026-06-30T11:45:14.000Z,-49,48.3,-52.5,-3.5,0,0.1,4030.44,4035.56,4035.35,4020.6,SELL,USD,1,1,1583663
D#1702708,XAUUSD,100,288230376154767333,288230376153219106,288230376166066609,288230376166066250,11,2026-06-30T11:45:14.000Z,2026-06-30T11:45:25.000Z,56,-59.5,38.5,-17.5,0,0.5,4035.39,4034.49,,4033.3,SELL,USD,1,1,1583663
D#1702708,XAUUSD,100,288230376154767356,288230376153219121,288230376166066736,288230376166066620,21,2026-06-30T11:45:28.000Z,2026-06-30T11:45:49.000Z,-50.5,47.0,-68.0,-17.5,0,0.5,4034.34,4035.57,,,SELL,USD,1,1,1583663
D#1702675,XAUUSD,100,288230376154767360,288230376153219128,288230376166066772,288230376166066694,14,2026-06-30T11:45:41.000Z,2026-06-30T11:45:55.000Z,26.1,-28.200000000000003,15.6,-10.5,0,0.3,4034.76,4035.41,,,BUY,USD,1,1,1583663
D#1702740,XAUUSD,100,288230376154767369,288230376153216922,288230376166038053,288230376166037936,5915,2026-06-30T10:07:21.000Z,2026-06-30T11:45:56.000Z,-67.4,67.05000000000001,-69.16,-1.76,0,0.05,4022.99,4036.69,4036.19,3978.01,SELL,USD,1,1,1583663
D#1702690,XAUUSD,100,288230376154767373,288230376153217205,288230376166044141,288230376166042156,4988,2026-06-30T10:22:48.000Z,2026-06-30T11:45:56.000Z,146.3,-147.28,141.4,-4.9,0,0.14,4026.21,4036.44,,4035.71,BUY,USD,1,1,1583663
D#1702656,XAUUSD,100,288230376154767370,288230376153217746,288230376166050189,288230376166050061,3207,2026-06-30T10:52:29.000Z,2026-06-30T11:45:56.000Z,93.99,-94.89999999999999,89.43,-4.56,0,0.13,4029.46,4036.47,4024.85,4035.86,BUY,USD,1,1,1583663
D#1670974,XAUUSD,100,288230376154767431,288230376153218718,288230376166066871,288230376166062137,890,2026-06-30T11:31:16.000Z,2026-06-30T11:46:06.000Z,84.6,-86.69999999999999,74.1,-10.5,0,0.3,4033.49,4036.09,4033.44,,BUY,USD,1,1,1583663
D#1702575,XAUUSD,100,288230376154767440,288230376153218905,288230376166066909,288230376166064143,530,2026-06-30T11:37:20.000Z,2026-06-30T11:46:10.000Z,-64.7,64.0,-68.2,-3.5,0,0.1,4029.64,4036.33,,,SELL,USD,1,1,1583663
D#1702708,XAUUSD,100,288230376154767470,288230376153219130,288230376166066916,288230376166066758,43,2026-06-30T11:45:51.000Z,2026-06-30T11:46:34.000Z,68.5,-72.0,51.0,-17.5,0,0.5,4035.44,4034.29,,4034.21,SELL,USD,1,1,1583663
D#1702636,XAUUSD,100,288230376154767488,288230376153219056,288230376166067124,288230376166065908,218,2026-06-30T11:43:06.000Z,2026-06-30T11:46:44.000Z,-1.26,1.12,-1.96,-0.7,0,0.02,4035.21,4034.36,,,BUY,USD,1,1,1583663
D#1702708,XAUUSD,100,288230376154767519,288230376153219174,288230376166067256,288230376166067082,30,2026-06-30T11:46:36.000Z,2026-06-30T11:47:06.000Z,-41.5,38.0,-59.0,-17.5,0,0.5,4034.26,4033.21,,4036.84,BUY,USD,1,1,1583663
D#1702630,XAUUSD,100,288230376154767596,288230376153219222,288230376166067772,288230376166067562,38,2026-06-30T11:48:01.000Z,2026-06-30T11:48:39.000Z,53.2,-57.120000000000005,33.6,-19.6,0,0.56,4032.92,4033.65,4030.18,,BUY,USD,1,1,1583663
D#1702650,XAUUSD,100,288230376154767603,288230376153219239,288230376166067819,288230376166067746,22,2026-06-30T11:48:32.000Z,2026-06-30T11:48:54.000Z,-54.4,51.6,-68.4,-14,0,0.4,4034,4032.42,4032.7,4035.5,BUY,USD,1,1,1583663
D#1702708,XAUUSD,100,288230376154767611,288230376153219197,288230376166067883,288230376166067264,114,2026-06-30T11:47:07.000Z,2026-06-30T11:49:01.000Z,-42,38.5,-59.5,-17.5,0,0.5,4033.2,4032.14,,4035.24,BUY,USD,1,1,1583663
D#1702630,XAUUSD,100,288230376154767636,288230376153219259,288230376166068046,288230376166067952,16,2026-06-30T11:49:10.000Z,2026-06-30T11:49:26.000Z,11.75,-15.04,-4.71,-16.46,0,0.47,4032.4,4032.43,4030.18,,BUY,USD,1,1,1583663
D#1702347,XAUUSD,100,288230376154767640,288230376153219260,288230376166068073,288230376166067955,18,2026-06-30T11:49:11.000Z,2026-06-30T11:49:29.000Z,0.3,-0.37,-0.06,-0.36,0,0.01,4032.4,4032.48,,,BUY,USD,1,1,1583663
D#1702636,XAUUSD,100,288230376154767650,288230376153219183,288230376166068151,288230376166067147,179,2026-06-30T11:46:48.000Z,2026-06-30T11:49:47.000Z,-7.7,7.3500000000000005,-9.46,-1.76,0,0.05,4034.42,4032.66,,4047.04,BUY,USD,1,1,1583663
D#1702650,XAUUSD,100,288230376154767659,288230376153219252,288230376166068226,288230376166067900,58,2026-06-30T11:49:03.000Z,2026-06-30T11:50:01.000Z,-27.2,24.4,-41.2,-14,0,0.4,4032.21,4033.11,4033.24,4030.33,SELL,USD,1,1,1583663
D#1702708,XAUUSD,100,288230376154767729,288230376153219322,288230376166068499,288230376166068475,5,2026-06-30T11:50:35.000Z,2026-06-30T11:50:40.000Z,11,-14.5,-6.5,-17.5,0,0.5,4030.83,4030.83,,,BUY,USD,1,1,1583663
D#1702708,XAUUSD,100,288230376154767749,288230376153219331,288230376166068612,288230376166068558,8,2026-06-30T11:50:50.000Z,2026-06-30T11:50:58.000Z,2.5,-6.0,-15.0,-17.5,0,0.5,4031.77,4031.6,,,BUY,USD,1,1,1583663
D#1702630,XAUUSD,100,288230376154768003,288230376153219460,288230376166069671,288230376166069593,13,2026-06-30T11:53:30.000Z,2026-06-30T11:53:43.000Z,1.7,-2.89,-4.26,-5.96,0,0.17,4031.9,4032.02,4037.69,,SELL,USD,1,1,1583663
D#1702347,XAUUSD,100,288230376154768035,288230376153219309,288230376166069141,288230376166068397,246,2026-06-30T11:50:23.000Z,2026-06-30T11:54:29.000Z,-0.35,-5.551115123125783e-17,-2.11,-1.76,0,0.05,4032.1,4031.81,4032.42,4033.56,BUY,USD,1,1,1583663
D#1702708,XAUUSD,100,288230376154768046,288230376153219388,288230376166069957,288230376166068721,179,2026-06-30T11:51:46.000Z,2026-06-30T11:54:45.000Z,64.5,-68.0,47.0,-17.5,0,0.5,4030.42,4031.49,4030.38,4033.16,BUY,USD,1,1,1583663
D#1702630,XAUUSD,100,288230376154768243,288230376153219476,288230376166071508,288230376166069798,350,2026-06-30T11:54:11.000Z,2026-06-30T12:00:01.000Z,-79.2,75.0,-100.2,-21,0,0.6,4032.67,4034.21,4037.69,,SELL,USD,1,1,1583663
D#1702708,XAUUSD,100,288230376154768316,288230376153219530,288230376166072052,288230376166070043,325,2026-06-30T11:56:23.000Z,2026-06-30T12:01:48.000Z,45.39,-48.96,27.53,-17.86,0,0.51,4032.8,4033.47,,,BUY,USD,1,1,1583663
D#1702437,XAUUSD,100,288230376154768442,288230376153217824,288230376166072727,288230376166050968,4076,2026-06-30T10:55:48.000Z,2026-06-30T12:03:44.000Z,13.75,-14.1,11.99,-1.76,0,0.05,4029.86,4032.39,4008.11,4090.6,BUY,USD,1,1,1583663
D#1702540,XAUUSD,100,288230376154768480,288230376153219679,288230376166072914,288230376166072477,80,2026-06-30T12:02:58.000Z,2026-06-30T12:04:18.000Z,85,-88.5,67.5,-17.5,0,0.5,4033.27,4031.79,,,SELL,USD,1,1,1583663
D#1702708,XAUUSD,100,288230376154768524,288230376153219640,288230376166073118,288230376166072072,179,2026-06-30T12:01:52.000Z,2026-06-30T12:04:51.000Z,97.92,-101.49000000000001,80.06,-17.86,0,0.51,4033.55,4031.85,4038.69,4029.69,SELL,USD,1,1,1583663
D#1702551,XAUUSD,100,288230376154768660,288230376153216904,288230376166074105,288230376166037689,7298,2026-06-30T10:06:30.000Z,2026-06-30T12:08:08.000Z,55.5,-56.2,52.0,-3.5,0,0.1,4024.65,4029.98,,,BUY,USD,1,1,1583663
D#1702460,XAUUSD,100,288230376154768666,288230376153219351,288230376166074129,288230376166068698,1025,2026-06-30T11:51:08.000Z,2026-06-30T12:08:13.000Z,15.1,-15.799999999999999,11.6,-3.5,0,0.1,4031.13,4029.84,4040.77,4012.87,SELL,USD,1,1,1583663
D#1702675,XAUUSD,100,288230376154768675,288230376153219144,288230376166074174,288230376166066870,1333,2026-06-30T11:46:06.000Z,2026-06-30T12:08:19.000Z,200.7,-202.79999999999998,190.2,-10.5,0,0.3,4036.13,4029.66,,4028.92,SELL,USD,1,1,1583663
D#1702463,XAUUSD,100,288230376154768700,288230376153219841,288230376166074432,288230376166074399,8,2026-06-30T12:09:02.000Z,2026-06-30T12:09:10.000Z,-16.45,14.0,-28.71,-12.26,0,0.35,4029.95,4030.64,,,SELL,USD,1,1,1583663
D#1671064,XAUUSD,100,288230376154768728,288230376153219849,288230376166074588,288230376166074517,19,2026-06-30T12:09:29.000Z,2026-06-30T12:09:48.000Z,-12.6,11.9,-16.1,-3.5,0,0.1,4030.87,4029.39,4029.63,,BUY,USD,1,1,1583663
D#1702470,XAUUSD,100,288230376154768737,288230376153219613,288230376166074648,288230376166071689,557,2026-06-30T12:00:35.000Z,2026-06-30T12:09:52.000Z,46.2,-46.900000000000006,42.7,-3.5,0,0.1,4033.62,4029.22,4037.97,4021.57,SELL,USD,1,1,1583663
D#1702393,XAUUSD,100,288230376154768741,288230376153219514,288230376166072338,288230376166070311,840,2026-06-30T11:55:58.000Z,2026-06-30T12:09:58.000Z,-47.2,45.800000000000004,-54.2,-7,0,0.2,4031.25,4028.67,4028.82,4037.59,BUY,USD,1,1,1583663
D#1671064,XAUUSD,100,288230376154768771,288230376153219879,288230376166074755,288230376166074707,7,2026-06-30T12:10:00.000Z,2026-06-30T12:10:07.000Z,-4.2,3.5,-7.7,-3.5,0,0.1,4028.58,4027.94,,,BUY,USD,1,1,1583663
D#1702463,XAUUSD,100,288230376154768773,288230376153219843,288230376166074768,288230376166074439,57,2026-06-30T12:09:12.000Z,2026-06-30T12:10:09.000Z,-88.9,86.45,-101.16,-12.26,0,0.35,4030.64,4027.88,,,BUY,USD,1,1,1583663
D#1671056,XAUUSD,100,288230376154768847,288230376153219875,288230376166075105,288230376166074701,60,2026-06-30T12:09:59.000Z,2026-06-30T12:10:59.000Z,12.8,-13.5,9.3,-3.5,0,0.1,4028.28,4027.22,,,SELL,USD,1,1,1583663
D#1702463,XAUUSD,100,288230376154768852,288230376153219896,288230376166075165,288230376166074802,56,2026-06-30T12:10:12.000Z,2026-06-30T12:11:08.000Z,1.75,-4.199999999999999,-10.51,-12.26,0,0.35,4027.43,4027.6,,,SELL,USD,1,1,1583663
D#1614596,XAUUSD,100,288230376154768868,288230376153217790,288230376166075249,288230376166050634,4597,2026-06-30T10:54:45.000Z,2026-06-30T12:11:22.000Z,2.2,-2.9000000000000004,-1.3,-3.5,0,0.1,4028.12,4028.12,,,SELL,USD,1,1,1583663
D#1670985,XAUUSD,100,288230376154769050,288230376153220017,288230376166076362,288230376166076296,20,2026-06-30T12:14:41.000Z,2026-06-30T12:15:01.000Z,-7.9,7.2,-11.4,-3.5,0,0.1,4027.28,4026.27,4026.34,,BUY,USD,1,1,1583663
D#1702560,XAUUSD,100,288230376154769079,288230376153219743,288230376166076544,288230376166073022,639,2026-06-30T12:04:37.000Z,2026-06-30T12:15:16.000Z,45.9,-46.6,42.4,-3.5,0,0.1,4031.36,4026.99,4049.45,4025.45,SELL,USD,1,1,1583663
D#1671064,XAUUSD,100,288230376154769179,288230376153219983,288230376166077161,288230376166075783,230,2026-06-30T12:13:01.000Z,2026-06-30T12:16:51.000Z,-6.6,5.8999999999999995,-10.1,-3.5,0,0.1,4027.84,4026.96,4025.89,,BUY,USD,1,1,1583663
D#1670985,XAUUSD,100,288230376154769198,288230376153220109,288230376166077313,288230376166077240,17,2026-06-30T12:17:06.000Z,2026-06-30T12:17:23.000Z,-12.2,11.5,-15.7,-3.5,0,0.1,4027.31,4025.87,4026.28,,BUY,USD,1,1,1583663
D#1702458,XAUUSD,100,288230376154769232,288230376153219894,288230376166077539,288230376166074784,469,2026-06-30T12:10:10.000Z,2026-06-30T12:17:59.000Z,13.2,-13.899999999999999,9.7,-3.5,0,0.1,4027.24,4026.14,,4016.35,SELL,USD,1,1,1583663
D#1670912,XAUUSD,100,288230376154769240,288230376153219623,288230376166071878,288230376166071873,1010,2026-06-30T12:01:15.000Z,2026-06-30T12:18:05.000Z,84.7,-85.4,81.2,-3.5,0,0.1,4033.97,4025.72,4036.97,4025.69,SELL,USD,1,1,1583663
D#1702630,XAUUSD,100,288230376154769261,288230376153219603,288230376166077605,288230376166071536,1085,2026-06-30T12:00:05.000Z,2026-06-30T12:18:10.000Z,522,-526.2,501.0,-21,0,0.6,4033.92,4025.44,4035.75,4021.37,SELL,USD,1,1,1583663
D#1702463,XAUUSD,100,288230376154769266,288230376153219935,288230376166077622,288230376166075206,416,2026-06-30T12:11:16.000Z,2026-06-30T12:18:12.000Z,-73.15,70.7,-85.41,-12.26,0,0.35,4027.65,4025.34,,,BUY,USD,1,1,1583663
D#1702656,XAUUSD,100,288230376154769280,288230376153219210,288230376166067526,288230376166067429,1842,2026-06-30T11:47:37.000Z,2026-06-30T12:18:19.000Z,50.16,-50.58,48.06,-2.1,0,0.06,4033.26,4025.12,4036.83,4024.97,SELL,USD,1,1,1583663
D#1702463,XAUUSD,100,288230376154769281,288230376153220143,288230376166077679,288230376166077630,7,2026-06-30T12:18:13.000Z,2026-06-30T12:18:20.000Z,16.1,-18.55,3.84,-12.26,0,0.35,4025.34,4025.1,,,SELL,USD,1,1,1583663
D#1671064,XAUUSD,100,288230376154769330,288230376153220123,288230376166077902,288230376166077460,72,2026-06-30T12:17:43.000Z,2026-06-30T12:18:55.000Z,-16.4,14.999999999999998,-23.4,-7,0,0.2,4026.06,4027.1,4028.04,,SELL,USD,1,1,1583663
D#1702676,XAUUSD,100,288230376154769336,288230376153220157,288230376166077917,288230376166077733,30,2026-06-30T12:18:28.000Z,2026-06-30T12:18:58.000Z,-31.2,29.8,-38.2,-7,0,0.2,4025.19,4026.97,,,SELL,USD,1,1,1583663
D#1671064,XAUUSD,100,288230376154769362,288230376153220178,288230376166078063,288230376166077936,31,2026-06-30T12:19:01.000Z,2026-06-30T12:19:32.000Z,-36.6,35.2,-43.6,-7,0,0.2,4026.9,4024.85,4024.9,,BUY,USD,1,1,1583663
D#1671082,XAUUSD,100,288230376154769364,288230376153220184,288230376166078098,288230376166078018,16,2026-06-30T12:19:17.000Z,2026-06-30T12:19:33.000Z,40.25,-42.7,27.99,-12.26,0,0.35,4026.28,4025.35,,,SELL,USD,1,1,1583663
D#1702676,XAUUSD,100,288230376154769367,288230376153220180,288230376166078104,288230376166077947,31,2026-06-30T12:19:03.000Z,2026-06-30T12:19:34.000Z,-33.6,32.2,-40.6,-7,0,0.2,4027.08,4025.18,,,BUY,USD,1,1,1583663
D#1702560,XAUUSD,100,288230376154769380,288230376153220181,288230376166078159,288230376166077949,39,2026-06-30T12:19:04.000Z,2026-06-30T12:19:43.000Z,-13.9,13.200000000000001,-17.4,-3.5,0,0.1,4027.07,4025.46,4008.97,4032.97,BUY,USD,1,1,1583663
D#1671082,XAUUSD,100,288230376154769418,288230376153220204,288230376166078372,288230376166078257,19,2026-06-30T12:20:01.000Z,2026-06-30T12:20:20.000Z,37.35,-40.5,21.59,-15.76,0,0.45,4025.83,4025.22,,,SELL,USD,1,1,1583663
D#1671064,XAUUSD,100,288230376154769422,288230376153220200,288230376166078234,288230376166078186,35,2026-06-30T12:19:47.000Z,2026-06-30T12:20:22.000Z,-22,20.6,-29.0,-7,0,0.2,4025.99,4024.67,4024.88,,BUY,USD,1,1,1583663
D#1702630,XAUUSD,100,288230376154769426,288230376153220154,288230376166078393,288230376166077701,122,2026-06-30T12:18:23.000Z,2026-06-30T12:20:25.000Z,30,-34.2,9.0,-21,0,0.6,4025,4024.72,,,SELL,USD,1,1,1583663
D#1702624,XAUUSD,100,288230376154769455,288230376153216824,288230376166036444,288230376166036442,8313,2026-06-30T10:02:15.000Z,2026-06-30T12:20:48.000Z,-4.56,4.279999999999999,-5.96,-1.4,0,0.04,4025.35,4023.99,4024.11,4087.17,BUY,USD,1,1,1583663
D#1702388,XAUUSD,100,288230376154769486,288230376153218596,288230376166068576,288230376166060674,3268,2026-06-30T11:26:36.000Z,2026-06-30T12:21:04.000Z,83.93,-84.7,80.07,-3.86,0,0.11,4031.35,4023.94,4034.72,4023.84,SELL,USD,1,1,1583663
D#1671082,XAUUSD,100,288230376154769497,288230376153220214,288230376166078654,288230376166078409,39,2026-06-30T12:20:28.000Z,2026-06-30T12:21:07.000Z,60.75,-63.9,44.99,-15.76,0,0.45,4024.78,4023.65,,,SELL,USD,1,1,1583663
D#1702337,XAUUSD,100,288230376154769513,288230376153218268,288230376166058626,288230376166056139,4097,2026-06-30T11:13:08.000Z,2026-06-30T12:21:25.000Z,287.4,-289.5,276.9,-10.5,0,0.3,4032.82,4023.46,,4023.31,SELL,USD,1,1,1583663
D#1702662,XAUUSD,100,288230376154769517,288230376153220071,288230376166078799,288230376166076814,332,2026-06-30T12:15:59.000Z,2026-06-30T12:21:31.000Z,-81.9,80.85000000000001,-87.16,-5.26,0,0.15,4028.49,4022.81,,,BUY,USD,1,1,1583663
D#1671082,XAUUSD,100,288230376154769524,288230376153220241,288230376166078822,288230376166078692,20,2026-06-30T12:21:13.000Z,2026-06-30T12:21:33.000Z,41.4,-44.55,25.64,-15.76,0,0.45,4023.66,4022.96,,,SELL,USD,1,1,1583663
D#1702753,XAUUSD,100,288230376154769561,288230376153219582,288230376166071262,288230376166071117,1403,2026-06-30T11:58:32.000Z,2026-06-30T12:21:55.000Z,571.5,-575.0,554.0,-17.5,0,0.5,4033.01,4021.8,4032.77,4021.74,SELL,USD,1,1,1583663
D#1702575,XAUUSD,100,288230376154769568,288230376153219840,288230376166078991,288230376166074307,795,2026-06-30T12:08:42.000Z,2026-06-30T12:21:57.000Z,81.6,-82.3,78.1,-3.5,0,0.1,4029.62,4021.68,4029.69,4020.91,SELL,USD,1,1,1583663
D#1702716,XAUUSD,100,288230376154769575,288230376153219311,288230376166068516,288230376166068400,1899,2026-06-30T11:50:23.000Z,2026-06-30T12:22:02.000Z,105.8,-106.5,102.3,-3.5,0,0.1,4031.94,4021.58,4031.23,4021.51,SELL,USD,1,1,1583663
D#1702688,XAUUSD,100,288230376154769590,288230376153218907,288230376166064594,288230376166064169,2681,2026-06-30T11:37:26.000Z,2026-06-30T12:22:07.000Z,87.6,-88.3,84.1,-3.5,0,0.1,4029.65,4021.11,4037.41,4021.19,SELL,USD,1,1,1583663
D#1670912,XAUUSD,100,288230376154769591,288230376153220160,288230376166077790,288230376166077788,209,2026-06-30T12:18:38.000Z,2026-06-30T12:22:07.000Z,89,-90.4,82.0,-7,0,0.2,4025.34,4021.11,,4021.14,SELL,USD,1,1,1583663
D#1702676,XAUUSD,100,288230376154769609,288230376153220192,288230376166079071,288230376166078127,152,2026-06-30T12:19:39.000Z,2026-06-30T12:22:11.000Z,81.8,-83.2,74.8,-7,0,0.2,4025.22,4021.35,4028.84,4019.73,SELL,USD,1,1,1583663
D#1671082,XAUUSD,100,288230376154769616,288230376153220261,288230376166079088,288230376166078921,26,2026-06-30T12:21:48.000Z,2026-06-30T12:22:14.000Z,70.2,-73.35000000000001,54.44,-15.76,0,0.45,4021.91,4020.57,,,SELL,USD,1,1,1583663
D#1671056,XAUUSD,100,288230376154769636,288230376153220031,288230376166079144,288230376166076448,439,2026-06-30T12:15:02.000Z,2026-06-30T12:22:21.000Z,49.5,-50.2,46.0,-3.5,0,0.1,4026.44,4021.71,4025.57,,SELL,USD,1,1,1583663
D#1702621,XAUUSD,100,288230376154769644,288230376153207064,288230376166079185,288230376165906817,32858,2026-06-30T03:14:48.000Z,2026-06-30T12:22:26.000Z,56.3,-56.37,55.94,-0.36,0,0.01,3966.52,4022.6,,,BUY,USD,1,1,1583663
D#1702337,XAUUSD,100,288230376154769679,288230376153220303,288230376166079379,288230376166079361,4,2026-06-30T12:22:57.000Z,2026-06-30T12:23:01.000Z,1.35,-1.56,0.29,-1.06,0,0.03,4021.87,4021.64,,,SELL,USD,1,1,1583663
D#1671082,XAUUSD,100,288230376154769726,288230376153220280,288230376166079673,288230376166079100,89,2026-06-30T12:22:15.000Z,2026-06-30T12:23:44.000Z,62.1,-65.25,46.34,-15.76,0,0.45,4021,4019.84,,,SELL,USD,1,1,1583663
D#1670974,XAUUSD,100,288230376154769744,288230376153219235,288230376166079716,288230376166067708,2126,2026-06-30T11:48:25.000Z,2026-06-30T12:23:51.000Z,-437.1,435.0,-447.6,-10.5,0,0.3,4033.68,4018.89,,,BUY,USD,1,1,1583663
D#1671082,XAUUSD,100,288230376154769757,288230376153220332,288230376166079727,288230376166079692,5,2026-06-30T12:23:47.000Z,2026-06-30T12:23:52.000Z,34.65,-37.8,18.89,-15.76,0,0.45,4020,4019.45,,,SELL,USD,1,1,1583663
D#1702662,XAUUSD,100,288230376154769784,288230376153220254,288230376166079793,288230376166078857,144,2026-06-30T12:21:37.000Z,2026-06-30T12:24:01.000Z,66.6,-67.64999999999999,61.34,-5.26,0,0.15,4022.42,4018.2,,,SELL,USD,1,1,1583663
D#1702560,XAUUSD,100,288230376154769805,288230376153220256,288230376166079826,288230376166078887,142,2026-06-30T12:21:42.000Z,2026-06-30T12:24:04.000Z,40.5,-41.2,37.0,-3.5,0,0.1,4022.38,4018.55,4040.32,,SELL,USD,1,1,1583663
D#1702640,XAUUSD,100,288230376154769916,288230376153220339,288230376166080147,288230376166079750,49,2026-06-30T12:23:55.000Z,2026-06-30T12:24:44.000Z,4.7,-5.4,1.2,-3.5,0,0.1,4018.66,4018.41,,,SELL,USD,1,1,1583663
D#1671082,XAUUSD,100,288230376154769932,288230376153220338,288230376166080210,288230376166079746,57,2026-06-30T12:23:55.000Z,2026-06-30T12:24:52.000Z,43.65,-46.8,27.89,-15.76,0,0.45,4018.65,4017.9,,,SELL,USD,1,1,1583663
D#1702440,XAUUSD,100,288230376154770000,288230376153218586,288230376166060529,288230376166060524,3561,2026-06-30T11:26:07.000Z,2026-06-30T12:25:28.000Z,103.44,-104.0,100.64,-2.8,0,0.08,4030.28,4017.57,4039.97,4017.5,SELL,USD,1,1,1583663
D#1614593,XAUUSD,100,288230376154770016,288230376153219799,288230376166080537,288230376166073822,1100,2026-06-30T12:07:11.000Z,2026-06-30T12:25:31.000Z,399,-401.1,388.5,-10.5,0,0.3,4031.11,4018.03,4036.9,4016.96,SELL,USD,1,1,1583663
D#1671082,XAUUSD,100,288230376154770065,288230376153220413,288230376166080649,288230376166080267,43,2026-06-30T12:25:01.000Z,2026-06-30T12:25:44.000Z,68.85,-72.0,53.09,-15.76,0,0.45,4017.54,4016.23,,,SELL,USD,1,1,1583663
D#1702481,XAUUSD,100,288230376154770124,288230376153220315,288230376166080775,288230376166079533,154,2026-06-30T12:23:23.000Z,2026-06-30T12:25:57.000Z,-111.2,109.8,-118.2,-7,0,0.2,4021.98,4016.2,,,BUY,USD,1,1,1583663
D#1671079,XAUUSD,100,288230376154770187,288230376153219730,288230376166080964,288230376166072939,1318,2026-06-30T12:04:23.000Z,2026-06-30T12:26:21.000Z,467.4,-469.5,456.9,-10.5,0,0.3,4031.33,4015.97,4028.64,4012.74,SELL,USD,1,1,1583663
D#1702640,XAUUSD,100,288230376154770205,288230376153220419,288230376166081023,288230376166080304,82,2026-06-30T12:25:07.000Z,2026-06-30T12:26:29.000Z,21,-21.7,17.5,-3.5,0,0.1,4017.75,4015.87,,,SELL,USD,1,1,1583663
D#1702662,XAUUSD,100,288230376154770228,288230376153220495,288230376166081105,288230376166080806,38,2026-06-30T12:26:01.000Z,2026-06-30T12:26:39.000Z,-21.9,20.849999999999998,-27.16,-5.26,0,0.15,4016.05,4017.73,,,SELL,USD,1,1,1583663
D#1671082,XAUUSD,100,288230376154770242,288230376153220474,288230376166081185,288230376166080695,62,2026-06-30T12:25:49.000Z,2026-06-30T12:26:51.000Z,22.5,-25.65,6.74,-15.76,0,0.45,4016.04,4015.76,,,SELL,USD,1,1,1583663
D#1702393,XAUUSD,100,288230376154770312,288230376153219890,288230376166081441,288230376166074779,1035,2026-06-30T12:10:09.000Z,2026-06-30T12:27:24.000Z,239.2,-240.6,232.2,-7,0,0.2,4027.72,4015.98,4029.54,4015.31,SELL,USD,1,1,1583663
D#1671056,XAUUSD,100,288230376154770323,288230376153220471,288230376166081488,288230376166080666,104,2026-06-30T12:25:46.000Z,2026-06-30T12:27:30.000Z,4.7,-5.4,1.2,-3.5,0,0.1,4016.07,4015.82,,,SELL,USD,1,1,1583663
D#1670947,XAUUSD,100,288230376154770410,288230376153217377,288230376166044808,288230376166044528,7003,2026-06-30T10:31:38.000Z,2026-06-30T12:28:21.000Z,45.9,-46.25,44.14,-1.76,0,0.05,4025.69,4016.73,4016.5,3990,SELL,USD,1,1,1583663
D#1702393,XAUUSD,100,288230376154770502,288230376153220637,288230376166082329,288230376166081880,69,2026-06-30T12:28:28.000Z,2026-06-30T12:29:37.000Z,8,-9.4,1.0,-7,0,0.2,4017.04,4017.22,,,BUY,USD,1,1,1583663
D#1671082,XAUUSD,100,288230376154770522,288230376153220569,288230376166082431,288230376166081349,162,2026-06-30T12:27:08.000Z,2026-06-30T12:29:50.000Z,-76.05,72.89999999999999,-91.81,-15.76,0,0.45,4015.79,4017.7,,,SELL,USD,1,1,1583663
D#1702671,XAUUSD,100,288230376154770568,288230376153220699,288230376166082686,288230376166082630,8,2026-06-30T12:30:21.000Z,2026-06-30T12:30:29.000Z,0.85,-0.9199999999999999,0.49,-0.36,0,0.01,4017.54,4018.17,,,BUY,USD,1,1,1583663
D#1671082,XAUUSD,100,288230376154770606,288230376153220697,288230376166082958,288230376166082617,58,2026-06-30T12:30:19.000Z,2026-06-30T12:31:17.000Z,48.15,-51.3,32.39,-15.76,0,0.45,4017.25,4018.1,,,BUY,USD,1,1,1583663
D#1702347,XAUUSD,100,288230376154770730,288230376153220749,288230376166083264,288230376166083153,9,2026-06-30T12:31:49.000Z,2026-06-30T12:31:58.000Z,27.5,-28.2,24.0,-3.5,0,0.1,4016.37,4018.9,,,BUY,USD,1,1,1583663
D#1671082,XAUUSD,100,288230376154770761,288230376153220752,288230376166083301,288230376166083182,9,2026-06-30T12:31:52.000Z,2026-06-30T12:32:01.000Z,-163.8,160.65,-179.56,-15.76,0,0.45,4015.57,4019.43,,,SELL,USD,1,1,1583663
D#1702716,XAUUSD,100,288230376154770796,288230376153220514,288230376166081049,288230376166080919,348,2026-06-30T12:26:14.000Z,2026-06-30T12:32:02.000Z,-45.5,44.8,-49.0,-3.5,0,0.1,4015.64,4020.41,4020.11,4008.14,SELL,USD,1,1,1583663
D#1702563,XAUUSD,100,288230376154770831,288230376153216759,288230376166083373,288230376166034674,9128,2026-06-30T10:00:01.000Z,2026-06-30T12:32:09.000Z,20.9,-21.25,19.14,-1.76,0,0.05,4024.11,4020.15,4028.13,4000.01,SELL,USD,1,1,1583663
D#1702671,XAUUSD,100,288230376154770845,288230376153220725,288230376166083407,288230376166082866,72,2026-06-30T12:31:00.000Z,2026-06-30T12:32:12.000Z,-202,199.2,-216.0,-14,0,0.4,4016.01,4021.28,,,SELL,USD,1,1,1583663
D#1671082,XAUUSD,100,288230376154770872,288230376153220777,288230376166083437,288230376166083312,11,2026-06-30T12:32:03.000Z,2026-06-30T12:32:14.000Z,69.75,-72.9,53.99,-15.76,0,0.45,4020.13,4021.46,,,BUY,USD,1,1,1583663
D#1671082,XAUUSD,100,288230376154770972,288230376153220795,288230376166083784,288230376166083448,49,2026-06-30T12:32:16.000Z,2026-06-30T12:33:05.000Z,-200.7,197.54999999999998,-216.46,-15.76,0,0.45,4021.43,4016.75,,,BUY,USD,1,1,1583663
D#1702640,XAUUSD,100,288230376154770985,288230376153220801,288230376166083840,288230376166083473,55,2026-06-30T12:32:20.000Z,2026-06-30T12:33:15.000Z,-51.7,51.0,-55.2,-3.5,0,0.1,4021.22,4015.83,,,BUY,USD,1,1,1583663
D#1702393,XAUUSD,100,288230376154771016,288230376153220706,288230376166083394,288230376166082669,188,2026-06-30T12:30:27.000Z,2026-06-30T12:33:35.000Z,-53.4,52.0,-60.4,-7,0,0.2,4018.05,4015.16,4015.17,4023.29,BUY,USD,1,1,1583663
D#1670985,XAUUSD,100,288230376154771015,288230376153220814,288230376166083700,288230376166083588,59,2026-06-30T12:32:36.000Z,2026-06-30T12:33:35.000Z,-36.4,35.699999999999996,-39.9,-3.5,0,0.1,4019.02,4015.16,4015.25,,BUY,USD,1,1,1583663
D#1671082,XAUUSD,100,288230376154771019,288230376153220843,288230376166083967,288230376166083793,30,2026-06-30T12:33:07.000Z,2026-06-30T12:33:37.000Z,57.15,-60.3,41.39,-15.76,0,0.45,4016.88,4015.83,,,SELL,USD,1,1,1583663
D#1670993,XAUUSD,100,288230376154771090,288230376153216695,288230376166084478,288230376166034817,9491,2026-06-30T09:56:42.000Z,2026-06-30T12:34:53.000Z,109.6,-111.0,102.6,-7,0,0.2,4021.48,4016.22,,,SELL,USD,1,1,1583663
D#1702676,XAUUSD,100,288230376154771130,288230376153220771,288230376166084718,288230376166083271,213,2026-06-30T12:31:59.000Z,2026-06-30T12:35:32.000Z,-46.4,45.0,-53.4,-7,0,0.2,4019.03,4016.49,,4024.52,BUY,USD,1,1,1583663
D#1702482,XAUUSD,100,288230376154771133,288230376153219374,288230376166084734,288230376166068910,2636,2026-06-30T11:51:39.000Z,2026-06-30T12:35:35.000Z,42.84,-43.050000000000004,41.78,-1.06,0,0.03,4030.64,4016.58,,,SELL,USD,1,1,1583663
D#1671082,XAUUSD,100,288230376154771178,288230376153220876,288230376166085007,288230376166084097,141,2026-06-30T12:33:57.000Z,2026-06-30T12:36:18.000Z,78.3,-81.45,62.54,-15.76,0,0.45,4015.84,4014.32,,,SELL,USD,1,1,1583663
D#1702551,XAUUSD,100,288230376154771183,288230376153219821,288230376166074226,288230376166074125,1687,2026-06-30T12:08:12.000Z,2026-06-30T12:36:19.000Z,161.3,-162.0,157.8,-3.5,0,0.1,4029.77,4013.86,4036.12,4014.09,SELL,USD,1,1,1583663
D#1702676,XAUUSD,100,288230376154771193,288230376153220948,288230376166085026,288230376166084862,25,2026-06-30T12:35:55.000Z,2026-06-30T12:36:20.000Z,-48.6,47.2,-55.6,-7,0,0.2,4016.28,4013.63,,,BUY,USD,1,1,1583663
D#1702662,XAUUSD,100,288230376154771195,288230376153220787,288230376166085031,288230376166083383,251,2026-06-30T12:32:10.000Z,2026-06-30T12:36:21.000Z,-93.9,92.85000000000001,-99.16,-5.26,0,0.15,4020.11,4013.63,,,BUY,USD,1,1,1583663
D#1702653,XAUUSD,100,288230376154771205,288230376153219857,288230376166074916,288230376166074612,1598,2026-06-30T12:09:46.000Z,2026-06-30T12:36:24.000Z,81.5,-81.85,79.74,-1.76,0,0.05,4029.73,4013.65,4029.48,4013.37,SELL,USD,1,1,1583663
D#1702637,XAUUSD,100,288230376154771238,288230376153213412,288230376165992401,288230376165992397,17662,2026-06-30T07:42:18.000Z,2026-06-30T12:36:40.000Z,32.52,-32.660000000000004,31.82,-0.7,0,0.02,4029.01,4012.97,4048.75,4013.14,SELL,USD,1,1,1583663
D#1702337,XAUUSD,100,288230376154771241,288230376153220570,288230376166085186,288230376166081354,572,2026-06-30T12:27:09.000Z,2026-06-30T12:36:41.000Z,9.12,-9.33,8.06,-1.06,0,0.03,4015.77,4012.95,,4012.81,SELL,USD,1,1,1583663
D#1702640,XAUUSD,100,288230376154771291,288230376153220966,288230376166085451,288230376166085030,62,2026-06-30T12:36:21.000Z,2026-06-30T12:37:23.000Z,3,-3.7,-0.5,-3.5,0,0.1,4013.63,4013.55,,,SELL,USD,1,1,1583663
D#1702662,XAUUSD,100,288230376154771366,288230376153220977,288230376166085833,288230376166085105,110,2026-06-30T12:36:29.000Z,2026-06-30T12:38:19.000Z,-30.6,29.55,-35.86,-5.26,0,0.15,4013.54,4015.8,,,SELL,USD,1,1,1583663
D#1702393,XAUUSD,100,288230376154771399,288230376153220869,288230376166085494,288230376166084038,294,2026-06-30T12:33:48.000Z,2026-06-30T12:38:42.000Z,-1.2,-0.20000000000000018,-8.2,-7,0,0.2,4016.12,4016.4,4016.06,4011.01,SELL,USD,1,1,1583663
D#1702347,XAUUSD,100,288230376154771406,288230376153220956,288230376166085929,288230376166084962,154,2026-06-30T12:36:13.000Z,2026-06-30T12:38:47.000Z,10.8,-11.5,7.3,-3.5,0,0.1,4015.75,4016.61,4010.6,4016.66,BUY,USD,1,1,1583663
D#1702676,XAUUSD,100,288230376154771422,288230376153220997,288230376166085543,288230376166085352,104,2026-06-30T12:37:10.000Z,2026-06-30T12:38:54.000Z,110.4,-112.5,99.9,-10.5,0,0.3,4014.19,4017.65,4012.37,4017.81,BUY,USD,1,1,1583663
D#1702348,XAUUSD,100,288230376154771470,288230376153215147,288230376166086320,288230376166012624,14267,2026-06-30T08:41:42.000Z,2026-06-30T12:39:29.000Z,-3,2.3,-6.5,-3.5,0,0.1,4016.62,4017.14,,4007.24,SELL,USD,1,1,1583663
D#1702662,XAUUSD,100,288230376154771531,288230376153221095,288230376166086662,288230376166086072,87,2026-06-30T12:38:55.000Z,2026-06-30T12:40:22.000Z,-20.85,19.8,-26.11,-5.26,0,0.15,4017.73,4016.12,,,BUY,USD,1,1,1583663
D#1702716,XAUUSD,100,288230376154771572,288230376153221007,288230376166085559,288230376166085459,229,2026-06-30T12:37:24.000Z,2026-06-30T12:41:13.000Z,-50.3,49.599999999999994,-53.8,-3.5,0,0.1,4013.57,4018.82,4018.46,4002.48,SELL,USD,1,1,1583663
D#1671082,XAUUSD,100,288230376154771585,288230376153220965,288230376166087034,288230376166085021,300,2026-06-30T12:36:20.000Z,2026-06-30T12:41:20.000Z,-224.1,220.95,-239.86,-15.76,0,0.45,4013.63,4018.83,,,SELL,USD,1,1,1583663
D#1702467,XAUUSD,100,288230376154771656,288230376153220901,288230376166084640,288230376166084290,497,2026-06-30T12:34:23.000Z,2026-06-30T12:42:40.000Z,128.4,-130.5,117.9,-10.5,0,0.3,4015.41,4019.47,4014.47,4019.47,BUY,USD,1,1,1583663
D#1702662,XAUUSD,100,288230376154771708,288230376153221172,288230376166087810,288230376166086997,133,2026-06-30T12:41:15.000Z,2026-06-30T12:43:28.000Z,-13.35,12.299999999999999,-18.61,-5.26,0,0.15,4019.07,4017.96,,,BUY,USD,1,1,1583663
D#1702467,XAUUSD,100,288230376154771797,288230376153221222,288230376166088194,288230376166087563,98,2026-06-30T12:42:51.000Z,2026-06-30T12:44:29.000Z,30.9,-33.0,20.4,-10.5,0,0.3,4018.57,4019.38,4015.94,4021.93,BUY,USD,1,1,1583663
D#1702393,XAUUSD,100,288230376154771864,288230376153221086,288230376166086890,288230376166086022,387,2026-06-30T12:38:47.000Z,2026-06-30T12:45:14.000Z,10.8,-12.200000000000001,3.8,-7,0,0.2,4016.81,4017.13,4017.23,4021.97,BUY,USD,1,1,1583663
D#1702563,XAUUSD,100,288230376154771875,288230376153221111,288230376166088591,288230376166086244,367,2026-06-30T12:39:18.000Z,2026-06-30T12:45:25.000Z,2.17,-2.66,-0.29,-2.46,0,0.07,4016.83,4016.92,4011.85,4024.5,BUY,USD,1,1,1583663
D#1702717,XAUUSD,100,288230376154771883,288230376153221309,288230376166088621,288230376166088273,50,2026-06-30T12:44:40.000Z,2026-06-30T12:45:30.000Z,80.7,-82.8,70.2,-10.5,0,0.3,4019.09,4016.62,,,SELL,USD,1,1,1583663
D#1702467,XAUUSD,100,288230376154771887,288230376153221304,288230376166088641,288230376166088233,58,2026-06-30T12:44:35.000Z,2026-06-30T12:45:33.000Z,70.8,-72.89999999999999,60.3,-10.5,0,0.3,4018.91,4016.77,4021.93,4015.97,SELL,USD,1,1,1583663
D#1702640,XAUUSD,100,288230376154772007,288230376153221377,288230376166089163,288230376166088896,40,2026-06-30T12:46:06.000Z,2026-06-30T12:46:46.000Z,7.2,-7.9,3.7,-3.5,0,0.1,4016,4015.5,,,SELL,USD,1,1,1583663
D#1702662,XAUUSD,100,288230376154772018,288230376153221400,288230376166089236,288230376166089097,23,2026-06-30T12:46:36.000Z,2026-06-30T12:46:59.000Z,5.85,-6.8999999999999995,0.59,-5.26,0,0.15,4015.88,4015.71,,,SELL,USD,1,1,1583663
D#1702640,XAUUSD,100,288230376154772130,288230376153221471,288230376166089922,288230376166089755,28,2026-06-30T12:48:23.000Z,2026-06-30T12:48:51.000Z,1.4,-2.1,-2.1,-3.5,0,0.1,4014.49,4014.57,,,SELL,USD,1,1,1583663
D#1702717,XAUUSD,100,288230376154772151,288230376153221401,288230376166090020,288230376166089099,148,2026-06-30T12:46:36.000Z,2026-06-30T12:49:04.000Z,43.2,-45.300000000000004,32.7,-10.5,0,0.3,4015.88,4014.66,,4012.99,SELL,USD,1,1,1583663
D#1702393,XAUUSD,100,288230376154772290,288230376153221345,288230376166090866,288230376166088633,353,2026-06-30T12:45:32.000Z,2026-06-30T12:51:25.000Z,42.6,-44.0,35.6,-7,0,0.2,4016.4,4014.49,4016.36,4012.87,SELL,USD,1,1,1583663
D#1645651,XAUUSD,100,288230376154772374,288230376153221343,288230376166088613,288230376166088414,464,2026-06-30T12:45:29.000Z,2026-06-30T12:53:13.000Z,-17.75,17.4,-19.51,-1.76,0,0.05,4016.64,4012.87,4012.89,,BUY,USD,1,1,1583663
D#1702563,XAUUSD,100,288230376154772565,288230376153221346,288230376166088773,288230376166088637,619,2026-06-30T12:45:32.000Z,2026-06-30T12:55:51.000Z,25.83,-26.319999999999997,23.37,-2.46,0,0.07,4016.54,4013.07,4020.48,4012.58,SELL,USD,1,1,1583663
D#1670985,XAUUSD,100,288230376154772567,288230376153221691,288230376166092111,288230376166092064,64,2026-06-30T12:54:47.000Z,2026-06-30T12:55:51.000Z,-10.4,9.700000000000001,-13.9,-3.5,0,0.1,4014.13,4012.87,4012.77,,BUY,USD,1,1,1583663
D#1670912,XAUUSD,100,288230376154772706,288230376153220552,288230376166081234,288230376166081231,1790,2026-06-30T12:26:54.000Z,2026-06-30T12:56:44.000Z,105.8,-107.2,98.8,-7,0,0.2,4015.97,4010.9,,4012.14,SELL,USD,1,1,1583663
D#1702467,XAUUSD,100,288230376154772696,288230376153221403,288230376166089225,288230376166089120,603,2026-06-30T12:46:41.000Z,2026-06-30T12:56:44.000Z,-151.8,149.70000000000002,-162.3,-10.5,0,0.3,4015.67,4010.39,4012.19,4019.63,BUY,USD,1,1,1583663
D#1702717,XAUUSD,100,288230376154772694,288230376153221537,288230376166090875,288230376166090428,390,2026-06-30T12:50:14.000Z,2026-06-30T12:56:44.000Z,111.9,-114.0,101.4,-10.5,0,0.3,4014.41,4010.9,,4011.52,SELL,USD,1,1,1583663
D#1702481,XAUUSD,100,288230376154772762,288230376153220662,288230376166092928,288230376166082122,1666,2026-06-30T12:29:04.000Z,2026-06-30T12:56:50.000Z,-99.2,97.8,-106.2,-7,0,0.2,4016.79,4011.61,4009.61,4037.34,BUY,USD,1,1,1583663
D#1702505,XAUUSD,100,288230376154772764,288230376153213803,288230376166092933,288230376165997311,17904,2026-06-30T07:58:27.000Z,2026-06-30T12:56:51.000Z,-203.2,202.5,-206.7,-3.5,0,0.1,4032.48,4011.94,,,BUY,USD,1,1,1583663
D#1702672,XAUUSD,100,288230376154772813,288230376153221808,288230376166093074,288230376166093035,5,2026-06-30T12:57:05.000Z,2026-06-30T12:57:10.000Z,-22.94,18.6,-44.64,-21.7,0,0.62,4011.18,4011.77,,,SELL,USD,1,1,1583663
D#1702393,XAUUSD,100,288230376154772894,288230376153221748,288230376166093375,288230376166092598,124,2026-06-30T12:56:07.000Z,2026-06-30T12:58:11.000Z,-84.6,83.19999999999999,-91.6,-7,0,0.2,4014.62,4010.17,4010.41,,BUY,USD,1,1,1583663
D#1702346,XAUUSD,100,288230376154772921,288230376153214804,288230376166009394,288230376166009074,16023,2026-06-30T08:31:10.000Z,2026-06-30T12:58:13.000Z,46.29,-46.5,45.23,-1.06,0,0.03,4024.65,4009.44,4038.66,4009.67,SELL,USD,1,1,1583663
D#1702437,XAUUSD,100,288230376154772911,288230376153220196,288230376166079172,288230376166078143,2312,2026-06-30T12:19:41.000Z,2026-06-30T12:58:13.000Z,159.5,-160.2,156.0,-3.5,0,0.1,4025.22,4009.49,4020,4010,SELL,USD,1,1,1583663
D#1670969,XAUUSD,100,288230376154772908,288230376153221106,288230376166086552,288230376166086207,1139,2026-06-30T12:39:14.000Z,2026-06-30T12:58:13.000Z,-53.13,52.64,-55.59,-2.46,0,0.07,4017.05,4009.24,4010.21,4030.07,BUY,USD,1,1,1583663
D#1702348,XAUUSD,100,288230376154772909,288230376153221126,288230376166093501,288230376166086424,1106,2026-06-30T12:39:47.000Z,2026-06-30T12:58:13.000Z,-161.4,160.0,-168.4,-7,0,0.2,4017.53,4009.24,,4022.38,BUY,USD,1,1,1583663
D#1702675,XAUUSD,100,288230376154772913,288230376153221805,288230376166093479,288230376166093033,69,2026-06-30T12:57:04.000Z,2026-06-30T12:58:13.000Z,57.9,-60.0,47.4,-10.5,0,0.3,4011.2,4009.49,,4009.94,SELL,USD,1,1,1583663
D#1670866,XAUUSD,100,288230376154772942,288230376153218077,288230376166093571,288230376166053887,6810,2026-06-30T11:04:50.000Z,2026-06-30T12:58:20.000Z,176.94,-177.57,173.78,-3.16,0,0.09,4028.77,4009.33,4079.88,4000.24,SELL,USD,1,1,1583663
D#1645651,XAUUSD,100,288230376154773069,288230376153221849,288230376166094155,288230376166093455,103,2026-06-30T12:58:07.000Z,2026-06-30T12:59:50.000Z,-0.6,0.24999999999999994,-2.36,-1.76,0,0.05,4010.58,4010.92,,3997.9,SELL,USD,1,1,1583663
D#1702467,XAUUSD,100,288230376154773107,288230376153221927,288230376166094191,288230376166094067,33,2026-06-30T12:59:34.000Z,2026-06-30T13:00:07.000Z,136.4,-139.20000000000002,122.4,-14,0,0.4,4010.81,4014,4008.14,4014.05,BUY,USD,1,1,1583663
D#1702348,XAUUSD,100,288230376154773177,288230376153221860,288230376166094438,288230376166093516,125,2026-06-30T12:58:15.000Z,2026-06-30T13:00:20.000Z,-268.8,266.0,-282.8,-14,0,0.4,4009.09,4016.03,,4006.32,SELL,USD,1,1,1583663
D#1702676,XAUUSD,100,288230376154773182,288230376153221945,288230376166094427,288230376166094285,18,2026-06-30T13:00:04.000Z,2026-06-30T13:00:22.000Z,117.6,-119.69999999999999,107.1,-10.5,0,0.3,4012.85,4016.55,,4016.47,BUY,USD,1,1,1583663
D#1702672,XAUUSD,100,288230376154773242,288230376153221842,288230376166094752,288230376166093417,174,2026-06-30T12:58:02.000Z,2026-06-30T13:00:56.000Z,-28.85,28.5,-30.61,-1.76,0,0.05,4010.96,4016.95,,,SELL,USD,1,1,1583663
D#1702662,XAUUSD,100,288230376154773405,288230376153222029,288230376166095688,288230376166094862,116,2026-06-30T13:01:08.000Z,2026-06-30T13:03:04.000Z,-29.85,28.8,-35.11,-5.26,0,0.15,4015.57,4017.78,,,SELL,USD,1,1,1583663
D#1702662,XAUUSD,100,288230376154773440,288230376153222121,288230376166095829,288230376166095750,10,2026-06-30T13:03:11.000Z,2026-06-30T13:03:21.000Z,-13.5,12.45,-18.76,-5.26,0,0.15,4017.17,4016.05,,,BUY,USD,1,1,1583663
D#1702676,XAUUSD,100,288230376154773546,288230376153222037,288230376166096314,288230376166094909,186,2026-06-30T13:01:12.000Z,2026-06-30T13:04:18.000Z,13.8,-15.9,3.3,-10.5,0,0.3,4017.08,4017.32,,4020.7,BUY,USD,1,1,1583663
D#1702393,XAUUSD,100,288230376154773658,288230376153221918,288230376166096927,288230376166093986,379,2026-06-30T12:59:21.000Z,2026-06-30T13:05:40.000Z,102.8,-104.2,95.8,-7,0,0.2,4012.05,4016.97,4012.83,4021.36,BUY,USD,1,1,1583663
D#1702716,XAUUSD,100,288230376154773676,288230376153221553,288230376166090687,288230376166090592,903,2026-06-30T12:50:43.000Z,2026-06-30T13:05:46.000Z,-37.9,37.199999999999996,-41.4,-3.5,0,0.1,4014.94,4018.95,4018.53,4004.42,SELL,USD,1,1,1583663
D#1702688,XAUUSD,100,288230376154773677,288230376153221764,288230376166093087,288230376166092800,550,2026-06-30T12:56:36.000Z,2026-06-30T13:05:46.000Z,-41.58,41.089999999999996,-44.04,-2.46,0,0.07,4012.79,4018.95,4018.81,,SELL,USD,1,1,1583663
D#1702467,XAUUSD,100,288230376154773680,288230376153221979,288230376166094713,288230376166094496,317,2026-06-30T13:00:29.000Z,2026-06-30T13:05:46.000Z,-127.2,124.4,-141.2,-14,0,0.4,4015.69,4019.09,4018.82,4012.39,SELL,USD,1,1,1583663
D#1702676,XAUUSD,100,288230376154773780,288230376153222222,288230376166097403,288230376166096430,124,2026-06-30T13:04:34.000Z,2026-06-30T13:06:38.000Z,75.3,-77.39999999999999,64.8,-10.5,0,0.3,4016.24,4018.53,,4019.86,BUY,USD,1,1,1583663
D#1702572,XAUUSD,100,288230376154773880,288230376153221827,288230376166093329,288230376166093228,614,2026-06-30T12:57:33.000Z,2026-06-30T13:07:47.000Z,-87.8,87.1,-91.3,-3.5,0,0.1,4011.2,4020.2,4019.94,3998.88,SELL,USD,1,1,1583663
D#1702563,XAUUSD,100,288230376154773895,288230376153222175,288230376166096412,288230376166096074,244,2026-06-30T13:03:45.000Z,2026-06-30T13:07:49.000Z,-39.83,39.339999999999996,-42.29,-2.46,0,0.07,4014.72,4020.63,4020.17,4008.6,SELL,USD,1,1,1583663
D#1670912,XAUUSD,100,288230376154773902,288230376153221870,288230376166097920,288230376166093590,568,2026-06-30T12:58:23.000Z,2026-06-30T13:07:51.000Z,-227.2,225.79999999999998,-234.2,-7,0,0.2,4008.8,4020.38,,4005.55,SELL,USD,1,1,1583663
D#1702458,XAUUSD,100,288230376154773984,288230376153220559,288230376166084125,288230376166081278,2524,2026-06-30T12:27:00.000Z,2026-06-30T13:09:04.000Z,-51.1,50.4,-54.6,-3.5,0,0.1,4015.67,4021,4020.82,4004.34,SELL,USD,1,1,1583663
D#1702624,XAUUSD,100,288230376154773993,288230376153220894,288230376166084232,288230376166084227,2090,2026-06-30T12:34:15.000Z,2026-06-30T13:09:05.000Z,-36.78,36.36,-38.88,-2.1,0,0.06,4015.32,4021.67,4021.28,3944.74,SELL,USD,1,1,1583663
D#1702393,XAUUSD,100,288230376154773992,288230376153222319,288230376166097787,288230376166097223,169,2026-06-30T13:06:16.000Z,2026-06-30T13:09:05.000Z,-56.2,54.800000000000004,-63.2,-7,0,0.2,4018.64,4021.67,4021.24,4012.21,SELL,USD,1,1,1583663
D#1702467,XAUUSD,100,288230376154774006,288230376153222443,288230376166098443,288230376166098276,28,2026-06-30T13:08:39.000Z,2026-06-30T13:09:07.000Z,107.5,-111.0,90.0,-17.5,0,0.5,4019.99,4021.92,4017.61,4021.93,BUY,USD,1,1,1583663
D#1702656,XAUUSD,100,288230376154774097,288230376153220884,288230376166084371,288230376166084178,2140,2026-06-30T12:34:09.000Z,2026-06-30T13:09:49.000Z,-64.44,63.809999999999995,-67.6,-3.16,0,0.09,4015.76,4023.14,4022.45,4003.14,SELL,USD,1,1,1583663
D#1614596,XAUUSD,100,288230376154774111,288230376153220813,288230376166098770,288230376166083586,2235,2026-06-30T12:32:36.000Z,2026-06-30T13:09:51.000Z,46.7,-47.400000000000006,43.2,-3.5,0,0.1,4019,4023.45,,,BUY,USD,1,1,1583663
D#1702467,XAUUSD,100,288230376154774117,288230376153222466,288230376166098737,288230376166098487,39,2026-06-30T13:09:12.000Z,2026-06-30T13:09:51.000Z,-99,95.5,-116.5,-17.5,0,0.5,4021.19,4023.39,4023.31,4018.89,SELL,USD,1,1,1583663
D#1671064,XAUUSD,100,288230376154774143,288230376153220232,288230376166079007,288230376166078621,2930,2026-06-30T12:21:04.000Z,2026-06-30T13:09:54.000Z,-6.4,5.0,-13.4,-7,0,0.2,4023.79,4024.33,4024.28,4000.24,SELL,USD,1,1,1583663
D#1702393,XAUUSD,100,288230376154774146,288230376153222475,288230376166098819,288230376166098541,37,2026-06-30T13:09:18.000Z,2026-06-30T13:09:55.000Z,-48.6,47.2,-55.6,-7,0,0.2,4021.32,4023.97,,,SELL,USD,1,1,1583663
D#1702440,XAUUSD,100,288230376154774207,288230376153221656,288230376166091666,288230376166091661,990,2026-06-30T12:53:46.000Z,2026-06-30T13:10:16.000Z,-76.72,76.16,-79.52,-2.8,0,0.08,4015.35,4025.16,4024.89,4001.94,SELL,USD,1,1,1583663
D#1702393,XAUUSD,100,288230376154774293,288230376153222525,288230376166099335,288230376166098864,63,2026-06-30T13:10:01.000Z,2026-06-30T13:11:04.000Z,-0.6,-0.8000000000000002,-7.6,-7,0,0.2,4023.61,4023.36,,,BUY,USD,1,1,1583663
D#1702672,XAUUSD,100,288230376154774450,288230376153222560,288230376166099987,288230376166099127,113,2026-06-30T13:10:35.000Z,2026-06-30T13:12:28.000Z,-13.7,13.0,-17.2,-3.5,0,0.1,4023.51,4025.1,,,SELL,USD,1,1,1583663
D#1671057,XAUUSD,100,288230376154774537,288230376153222595,288230376166100443,288230376166099409,137,2026-06-30T13:11:14.000Z,2026-06-30T13:13:31.000Z,0,-1.4000000000000001,-7.0,-7,0,0.2,4024.55,4024.33,,,BUY,USD,1,1,1583663
D#1702459,XAUUSD,100,288230376154774579,288230376153222609,288230376166100437,288230376166099523,163,2026-06-30T13:11:31.000Z,2026-06-30T13:14:14.000Z,-43,41.6,-50.0,-7,0,0.2,4024.96,4022.59,4023.06,4036.47,BUY,USD,1,1,1583663
D#1702393,XAUUSD,100,288230376154774672,288230376153222598,288230376166100398,288230376166099417,257,2026-06-30T13:11:15.000Z,2026-06-30T13:15:32.000Z,3.2,-4.6000000000000005,-3.8,-7,0,0.2,4023.94,4024,4023.8,4009.28,SELL,USD,1,1,1583663
D#1702467,XAUUSD,100,288230376154774816,288230376153222562,288230376166099350,288230376166099155,401,2026-06-30T13:10:39.000Z,2026-06-30T13:17:20.000Z,-152.5,149.0,-170.0,-17.5,0,0.5,4023.39,4026.66,4025.97,4020.58,SELL,USD,1,1,1583663
D#1671056,XAUUSD,100,288230376154774914,288230376153222307,288230376166102440,288230376166097149,726,2026-06-30T13:06:06.000Z,2026-06-30T13:18:12.000Z,142.8,-144.20000000000002,135.8,-7,0,0.2,4018.57,4025.49,4022.04,,BUY,USD,1,1,1583663
D#1671057,XAUUSD,100,288230376154774981,288230376153222773,288230376166101303,288230376166101073,216,2026-06-30T13:15:04.000Z,2026-06-30T13:18:40.000Z,-217.5,214.0,-235.0,-17.5,0,0.5,4023.62,4028.19,4027.72,4015.67,SELL,USD,1,1,1583663
D#1702676,XAUUSD,100,288230376154774995,288230376153222828,288230376166101835,288230376166101607,141,2026-06-30T13:16:24.000Z,2026-06-30T13:18:45.000Z,116.7,-118.8,106.2,-10.5,0,0.3,4024.5,4028.17,,4028.14,BUY,USD,1,1,1583663
D#1671057,XAUUSD,100,288230376154775007,288230376153222944,288230376166102746,288230376166102729,3,2026-06-30T13:18:48.000Z,2026-06-30T13:18:51.000Z,-9.5,6.0,-27.0,-17.5,0,0.5,4027.73,4028.14,,,SELL,USD,1,1,1583663
D#1670969,XAUUSD,100,288230376154775031,288230376153221997,288230376166096446,288230376166094643,1089,2026-06-30T13:00:45.000Z,2026-06-30T13:18:54.000Z,-24.47,23.98,-26.93,-2.46,0,0.07,4016.18,4028.86,4028.75,4008.36,SELL,USD,1,1,1583663
D#1702717,XAUUSD,100,288230376154775131,288230376153222215,288230376166103184,288230376166096359,928,2026-06-30T13:04:23.000Z,2026-06-30T13:19:51.000Z,-427.5,425.4,-438.0,-10.5,0,0.3,4015.94,4030.41,,4013.05,SELL,USD,1,1,1583663
D#1702527,XAUUSD,100,288230376154775261,288230376153222069,288230376166103452,288230376166095262,1102,2026-06-30T13:01:59.000Z,2026-06-30T13:20:21.000Z,-344.4,343.0,-351.4,-7,0,0.2,4015.31,4032.75,,,SELL,USD,1,1,1583663
D#1702640,XAUUSD,100,288230376154775288,288230376153223021,288230376166103569,288230376166103337,27,2026-06-30T13:20:09.000Z,2026-06-30T13:20:36.000Z,1.9,-2.6,-1.6,-3.5,0,0.1,4031.54,4031.51,,,BUY,USD,1,1,1583663
D#1702575,XAUUSD,100,288230376154775337,288230376153220999,288230376166103834,288230376166085361,2639,2026-06-30T12:37:11.000Z,2026-06-30T13:21:10.000Z,-165.6,164.9,-169.1,-3.5,0,0.1,4014.37,4031.15,,,SELL,USD,1,1,1583663
D#1702467,XAUUSD,100,288230376154775530,288230376153223185,288230376166104792,288230376166104606,21,2026-06-30T13:22:52.000Z,2026-06-30T13:23:13.000Z,151,-154.5,133.5,-17.5,0,0.5,4028.39,4025.59,4030.7,4025.48,SELL,USD,1,1,1583663
D#1702393,XAUUSD,100,288230376154775579,288230376153222809,288230376166102149,288230376166101388,475,2026-06-30T13:15:49.000Z,2026-06-30T13:23:44.000Z,5.6,-7.0,-1.4,-7,0,0.2,4023.85,4023.91,4024.17,4034.19,BUY,USD,1,1,1583663
D#1702342,XAUUSD,100,288230376154775604,288230376153222416,288230376166105089,288230376166097977,955,2026-06-30T13:07:57.000Z,2026-06-30T13:23:52.000Z,-29.7,29.0,-33.2,-3.5,0,0.1,4020.3,4023.49,,,SELL,USD,1,1,1583663
D#1702459,XAUUSD,100,288230376154775743,288230376153222761,288230376166101564,288230376166100908,604,2026-06-30T13:14:36.000Z,2026-06-30T13:24:40.000Z,-45.8,44.4,-52.8,-7,0,0.2,4022.81,4020.3,4021.07,4036.95,BUY,USD,1,1,1583663
D#1614596,XAUUSD,100,288230376154775767,288230376153222575,288230376166105653,288230376166099249,840,2026-06-30T13:10:53.000Z,2026-06-30T13:24:53.000Z,36.3,-37.0,32.8,-3.5,0,0.1,4023.3,4019.89,,,SELL,USD,1,1,1583663
D#1702672,XAUUSD,100,288230376154775870,288230376153222662,288230376166106065,288230376166100041,780,2026-06-30T13:12:37.000Z,2026-06-30T13:25:37.000Z,-35.1,34.4,-38.6,-3.5,0,0.1,4025.43,4021.7,,,BUY,USD,1,1,1583663
D#1702342,XAUUSD,100,288230376154776187,288230376153223357,288230376166107673,288230376166106039,214,2026-06-30T13:25:35.000Z,2026-06-30T13:29:09.000Z,32.8,-35.599999999999994,18.8,-14,0,0.4,4021.85,4022.45,,,BUY,USD,1,1,1583663
D#1702640,XAUUSD,100,288230376154776270,288230376153223345,288230376166108025,288230376166105935,267,2026-06-30T13:25:23.000Z,2026-06-30T13:29:50.000Z,0.7,-1.4,-2.8,-3.5,0,0.1,4022.74,4022.59,,,BUY,USD,1,1,1583663
D#1702467,XAUUSD,100,288230376154776313,288230376153223296,288230376166105646,288230376166105551,319,2026-06-30T13:24:40.000Z,2026-06-30T13:29:59.000Z,154,-157.5,136.5,-17.5,0,0.5,4020.89,4023.75,4017.2,4023.86,BUY,USD,1,1,1583663
D#1702649,XAUUSD,100,288230376154776561,288230376153223470,288230376166108584,288230376166107007,169,2026-06-30T13:27:40.000Z,2026-06-30T13:30:29.000Z,-80.4,79.0,-87.4,-7,0,0.2,4022.31,4026.55,,,SELL,USD,1,1,1583663
D#1702342,XAUUSD,100,288230376154776626,288230376153223630,288230376166108777,288230376166108244,41,2026-06-30T13:30:03.000Z,2026-06-30T13:30:44.000Z,44.6,-46.0,37.6,-7,0,0.2,4024.97,4026.98,,,BUY,USD,1,1,1583663
D#1702575,XAUUSD,100,288230376154776679,288230376153223238,288230376166108902,288230376166105134,414,2026-06-30T13:23:57.000Z,2026-06-30T13:30:51.000Z,-41.9,41.199999999999996,-45.4,-3.5,0,0.1,4022.57,4026.98,4035,4002.75,SELL,USD,1,1,1583663
D#1702467,XAUUSD,100,288230376154776954,288230376153223823,288230376166109458,288230376166109088,44,2026-06-30T13:31:03.000Z,2026-06-30T13:31:47.000Z,-122,118.5,-139.5,-17.5,0,0.5,4026.19,4023.53,4023.68,4028.86,BUY,USD,1,1,1583663
D#1702393,XAUUSD,100,288230376154776990,288230376153223311,288230376166105925,288230376166105684,419,2026-06-30T13:24:55.000Z,2026-06-30T13:31:54.000Z,61.4,-62.8,54.4,-7,0,0.2,4019.51,4022.36,4022.91,4032.15,BUY,USD,1,1,1583663
D#1702716,XAUUSD,100,288230376154776996,288230376153223805,288230376166109240,288230376166108961,61,2026-06-30T13:30:54.000Z,2026-06-30T13:31:55.000Z,-45.2,44.5,-48.7,-3.5,0,0.1,4026.42,4021.68,4021.83,4037.3,BUY,USD,1,1,1583663
D#1702640,XAUUSD,100,288230376154777508,288230376153224132,288230376166111387,288230376166110889,32,2026-06-30T13:33:03.000Z,2026-06-30T13:33:35.000Z,13.7,-14.399999999999999,10.2,-3.5,0,0.1,4021.5,4020.35,,,SELL,USD,1,1,1583663
D#1702342,XAUUSD,100,288230376154777599,288230376153224209,288230376166111588,288230376166111280,22,2026-06-30T13:33:28.000Z,2026-06-30T13:33:50.000Z,26.8,-28.2,19.8,-7,0,0.2,4019.79,4020.91,,,BUY,USD,1,1,1583663
D#1702393,XAUUSD,100,288230376154777962,288230376153223981,288230376166110953,288230376166109908,194,2026-06-30T13:32:01.000Z,2026-06-30T13:35:15.000Z,3.6,-5.0,-3.4,-7,0,0.2,4022.27,4022.31,4022.21,4010.7,SELL,USD,1,1,1583663
D#1702640,XAUUSD,100,288230376154778150,288230376153224427,288230376166113067,288230376166112501,49,2026-06-30T13:35:03.000Z,2026-06-30T13:35:52.000Z,-1.7,0.9999999999999999,-5.2,-3.5,0,0.1,4020.82,4021.21,,,SELL,USD,1,1,1583663
D#1671064,XAUUSD,100,288230376154778373,288230376153223344,288230376166113622,288230376166105914,679,2026-06-30T13:25:21.000Z,2026-06-30T13:36:40.000Z,-234,230.5,-251.5,-17.5,0,0.5,4022.51,4017.61,,4035.29,BUY,USD,1,1,1583663
D#1702459,XAUUSD,100,288230376154778375,288230376153223340,288230376166113631,288230376166105884,684,2026-06-30T13:25:17.000Z,2026-06-30T13:36:41.000Z,-116.7,114.60000000000001,-127.2,-10.5,0,0.3,4021.51,4017.4,,4036.89,BUY,USD,1,1,1583663
D#1702393,XAUUSD,100,288230376154778414,288230376153224468,288230376166113603,288230376166112719,94,2026-06-30T13:35:20.000Z,2026-06-30T13:36:54.000Z,-115.6,114.19999999999999,-122.6,-7,0,0.2,4022.46,4016.46,4016.86,4031.99,BUY,USD,1,1,1583663
D#1702458,XAUUSD,100,288230376154778433,288230376153223166,288230376166104602,288230376166104411,876,2026-06-30T13:22:20.000Z,2026-06-30T13:36:56.000Z,116.7,-117.4,113.2,-3.5,0,0.1,4026.72,4015.27,,4015.64,SELL,USD,1,1,1583663
D#1702690,XAUUSD,100,288230376154778486,288230376153224378,288230376166112603,288230376166112169,151,2026-06-30T13:34:31.000Z,2026-06-30T13:37:02.000Z,133,-134.4,126.0,-7,0,0.2,4020.67,4014.24,,4014.19,SELL,USD,1,1,1583663
D#1702572,XAUUSD,100,288230376154778508,288230376153222688,288230376166114063,288230376166100269,1443,2026-06-30T13:13:07.000Z,2026-06-30T13:37:10.000Z,-240.25,238.5,-249.01,-8.76,0,0.25,4024.85,4015.02,,4040.24,BUY,USD,1,1,1583663
D#1702440,XAUUSD,100,288230376154778524,288230376153222566,288230376166099198,288230376166099195,1589,2026-06-30T13:10:45.000Z,2026-06-30T13:37:14.000Z,-80.48,79.92,-83.28,-2.8,0,0.08,4023.57,4013.29,4013.92,4036.75,BUY,USD,1,1,1583663
D#1702460,XAUUSD,100,288230376154778525,288230376153223496,288230376166107368,288230376166107227,550,2026-06-30T13:28:04.000Z,2026-06-30T13:37:14.000Z,-44.1,43.75,-45.86,-1.76,0,0.05,4022.33,4013.29,4013.79,4043.76,BUY,USD,1,1,1583663
D#1702460,XAUUSD,100,288230376154778906,288230376153224728,288230376166115492,288230376166114315,99,2026-06-30T13:37:24.000Z,2026-06-30T13:39:03.000Z,-7.65,7.300000000000001,-9.41,-1.76,0,0.05,4015.18,4016.93,4022.16,4003.29,SELL,USD,1,1,1583663
D#1702559,XAUUSD,100,288230376154779048,288230376153217186,288230376166116011,288230376166041873,11892,2026-06-30T10:21:29.000Z,2026-06-30T13:39:41.000Z,109.71,-110.33999999999999,106.55,-3.16,0,0.09,4025.84,4013.87,,,SELL,USD,1,1,1583663
D#1702342,XAUUSD,100,288230376154779068,288230376153224982,288230376166116069,288230376166115836,17,2026-06-30T13:39:28.000Z,2026-06-30T13:39:45.000Z,23.4,-24.799999999999997,16.4,-7,0,0.2,4014.51,4013.56,,,SELL,USD,1,1,1583663
D#1702710,XAUUSD,100,288230376154779085,288230376153224890,288230376166116121,288230376166115341,59,2026-06-30T13:38:51.000Z,2026-06-30T13:39:50.000Z,-111,108.9,-121.5,-10.5,0,0.3,4017.52,4013.6,,,BUY,USD,1,1,1583663
D#1702342,XAUUSD,100,288230376154779219,288230376153225069,288230376166116489,288230376166116300,11,2026-06-30T13:40:03.000Z,2026-06-30T13:40:14.000Z,21.6,-23.0,14.6,-7,0,0.2,4014.89,4015.75,,,BUY,USD,1,1,1583663
D#1702467,XAUUSD,100,288230376154779234,288230376153225027,288230376166116310,288230376166116083,33,2026-06-30T13:39:46.000Z,2026-06-30T13:40:19.000Z,158,-161.5,140.5,-17.5,0,0.5,4013.76,4016.7,4011.04,4016.79,BUY,USD,1,1,1583663
D#1702347,XAUUSD,100,288230376154779348,288230376153224912,288230376166116225,288230376166115475,102,2026-06-30T13:39:03.000Z,2026-06-30T13:40:45.000Z,4,-4.28,2.6,-1.4,0,0.04,4017,4017.78,4017.89,,BUY,USD,1,1,1583663
D#1702393,XAUUSD,100,288230376154779394,288230376153224667,288230376166115098,288230376166113784,248,2026-06-30T13:36:57.000Z,2026-06-30T13:41:05.000Z,-129,126.9,-139.5,-10.5,0,0.3,4014.4,4018.92,4018.77,4007.96,SELL,USD,1,1,1583663
D#1702342,XAUUSD,100,288230376154779429,288230376153225153,288230376166117229,288230376166116726,40,2026-06-30T13:40:30.000Z,2026-06-30T13:41:10.000Z,24.6,-26.0,17.6,-7,0,0.2,4018.5,4019.51,,,BUY,USD,1,1,1583663
D#1702460,XAUUSD,100,288230376154779758,288230376153224928,288230376166118248,288230376166115569,220,2026-06-30T13:39:08.000Z,2026-06-30T13:42:48.000Z,15.65,-16.0,13.89,-1.76,0,0.05,4015.96,4018.87,4008.93,4037.32,BUY,USD,1,1,1583663
D#1702467,XAUUSD,100,288230376154779794,288230376153225190,288230376166117167,288230376166116926,140,2026-06-30T13:40:46.000Z,2026-06-30T13:43:06.000Z,-155.5,152.0,-173.0,-17.5,0,0.5,4017.74,4021.07,4020.87,4014.76,SELL,USD,1,1,1583663
D#1702342,XAUUSD,100,288230376154779822,288230376153225423,288230376166118446,288230376166118355,7,2026-06-30T13:43:03.000Z,2026-06-30T13:43:10.000Z,28,-29.4,21.0,-7,0,0.2,4019.91,4021.09,,,BUY,USD,1,1,1583663
D#1702716,XAUUSD,100,288230376154779900,288230376153225081,288230376166116943,288230376166116350,211,2026-06-30T13:40:06.000Z,2026-06-30T13:43:37.000Z,-74.1,73.39999999999999,-77.6,-3.5,0,0.1,4014.7,4022.33,4022.25,4004.06,SELL,USD,1,1,1583663
D#1702467,XAUUSD,100,288230376154779942,288230376153225460,288230376166118655,288230376166118558,33,2026-06-30T13:43:19.000Z,2026-06-30T13:43:52.000Z,152,-155.5,134.5,-17.5,0,0.5,4020.42,4023.24,4017.63,4023.41,BUY,USD,1,1,1583663
D#1702440,XAUUSD,100,288230376154779966,288230376153224997,288230376166115937,288230376166115934,266,2026-06-30T13:39:37.000Z,2026-06-30T13:44:03.000Z,-82.32,81.75999999999999,-85.12,-2.8,0,0.08,4014.37,4024.88,4024.03,4001.93,SELL,USD,1,1,1583663
D#1702624,XAUUSD,100,288230376154780150,288230376153224983,288230376166119381,288230376166115848,313,2026-06-30T13:39:28.000Z,2026-06-30T13:44:41.000Z,-66.78,66.36,-68.88,-2.1,0,0.06,4014.54,4025.89,,,SELL,USD,1,1,1583663
D#1702393,XAUUSD,100,288230376154780419,288230376153225230,288230376166118048,288230376166117220,283,2026-06-30T13:41:10.000Z,2026-06-30T13:45:53.000Z,119.4,-121.5,108.9,-10.5,0,0.3,4019.62,4023.38,4023.51,4035.56,BUY,USD,1,1,1583663
D#1702467,XAUUSD,100,288230376154780425,288230376153225570,288230376166119406,288230376166119270,84,2026-06-30T13:44:30.000Z,2026-06-30T13:45:54.000Z,-151.5,148.0,-169.0,-17.5,0,0.5,4026.16,4022.91,4023.23,4028.66,BUY,USD,1,1,1583663
D#1702467,XAUUSD,100,288230376154780739,288230376153225895,288230376166121146,288230376166121133,2,2026-06-30T13:47:13.000Z,2026-06-30T13:47:15.000Z,5.5,-9.0,-12.0,-17.5,0,0.5,4026.81,4026.7,,,BUY,USD,1,1,1583663
D#1702447,XAUUSD,100,288230376154780884,288230376153225916,288230376166121795,288230376166121320,60,2026-06-30T13:47:35.000Z,2026-06-30T13:48:35.000Z,-78,74.5,-95.5,-17.5,0,0.5,4025.54,4027.32,,,SELL,USD,1,1,1583663
D#1702447,XAUUSD,100,288230376154780939,288230376153225986,288230376166122005,288230376166121847,18,2026-06-30T13:48:41.000Z,2026-06-30T13:48:59.000Z,-110,106.5,-127.5,-17.5,0,0.5,4027.81,4025.39,,,BUY,USD,1,1,1583663
D#1702447,XAUUSD,100,288230376154780958,288230376153226020,288230376166122081,288230376166122038,7,2026-06-30T13:49:03.000Z,2026-06-30T13:49:10.000Z,-11.5,8.0,-29.0,-17.5,0,0.5,4026.83,4026.38,,,BUY,USD,1,1,1583663
D#1702467,XAUUSD,100,288230376154781328,288230376153225901,288230376166121337,288230376166121211,231,2026-06-30T13:47:23.000Z,2026-06-30T13:51:14.000Z,146,-149.5,128.5,-17.5,0,0.5,4025.86,4028.56,4022.36,4028.49,BUY,USD,1,1,1583663
D#1702690,XAUUSD,100,288230376154781411,288230376153225797,288230376166123341,288230376166120570,295,2026-06-30T13:46:25.000Z,2026-06-30T13:51:20.000Z,88.6,-90.0,81.6,-7,0,0.2,4023.09,4027.3,,,BUY,USD,1,1,1583663
D#1702393,XAUUSD,100,288230376154781640,288230376153225738,288230376166123313,288230376166120275,374,2026-06-30T13:46:00.000Z,2026-06-30T13:52:14.000Z,-175.5,173.4,-186.0,-10.5,0,0.3,4022.95,4029.02,4028.91,4011.3,SELL,USD,1,1,1583663
D#1702467,XAUUSD,100,288230376154781864,288230376153226267,288230376166123865,288230376166123688,91,2026-06-30T13:51:52.000Z,2026-06-30T13:53:23.000Z,-126.91,123.47999999999999,-144.07,-17.16,0,0.49,4028.1,4030.91,4030.71,4025.12,SELL,USD,1,1,1583663
D#1702393,XAUUSD,100,288230376154782024,288230376153226349,288230376166125082,288230376166124083,113,2026-06-30T13:52:18.000Z,2026-06-30T13:54:11.000Z,26.7,-28.8,16.2,-10.5,0,0.3,4029.6,4030.27,4030.03,,BUY,USD,1,1,1583663
D#1702467,XAUUSD,100,288230376154782112,288230376153226433,288230376166124936,288230376166124766,92,2026-06-30T13:53:29.000Z,2026-06-30T13:55:01.000Z,146.02,-149.45000000000002,128.86,-17.16,0,0.49,4031.48,4028.72,4034.34,4028.7,SELL,USD,1,1,1583663
D#1702393,XAUUSD,100,288230376154782423,288230376153226513,288230376166126731,288230376166125316,149,2026-06-30T13:54:27.000Z,2026-06-30T13:56:56.000Z,55.2,-57.300000000000004,44.7,-10.5,0,0.3,4030.48,4032.1,4030.5,4036.8,BUY,USD,1,1,1583663
D#1702393,XAUUSD,100,288230376154782472,288230376153226740,288230376166126924,288230376166126856,8,2026-06-30T13:57:11.000Z,2026-06-30T13:57:19.000Z,18,-20.1,7.5,-10.5,0,0.3,4030.29,4029.91,,,SELL,USD,1,1,1583663
D#1702393,XAUUSD,100,288230376154782511,288230376153226759,288230376166127152,288230376166127003,18,2026-06-30T13:57:31.000Z,2026-06-30T13:57:49.000Z,0.9,-3.0,-9.6,-10.5,0,0.3,4029.61,4029.42,,,BUY,USD,1,1,1583663
D#1702661,XAUUSD,100,288230376154782539,288230376153225826,288230376166127323,288230376166120716,696,2026-06-30T13:46:37.000Z,2026-06-30T13:58:13.000Z,44.5,-45.2,41.0,-3.5,0,0.1,4024.02,4028.25,4013.91,4043.91,BUY,USD,1,1,1583663
D#1702462,XAUUSD,100,288230376154782641,288230376153223002,288230376166127702,288230376166103230,2342,2026-06-30T13:19:58.000Z,2026-06-30T13:59:00.000Z,0.69,-0.8999999999999999,-0.37,-1.06,0,0.03,4029.74,4029.73,4033.35,3989.98,SELL,USD,1,1,1583663
D#1702467,XAUUSD,100,288230376154782818,288230376153226751,288230376166127012,288230376166126913,164,2026-06-30T13:57:18.000Z,2026-06-30T14:00:02.000Z,172.97,-176.4,155.81,-17.16,0,0.49,4029.78,4026.47,4031.76,4026.91,SELL,USD,1,1,1583663
D#1702496,XAUUSD,100,288230376154782896,288230376153226505,288230376166128456,288230376166125210,369,2026-06-30T13:54:12.000Z,2026-06-30T14:00:21.000Z,-191,187.5,-208.5,-17.5,0,0.5,4030.34,4026.3,,,BUY,USD,1,1,1583663
D#1702467,XAUUSD,100,288230376154783149,288230376153227065,288230376166129240,288230376166129076,18,2026-06-30T14:01:19.000Z,2026-06-30T14:01:37.000Z,-156.8,153.37,-173.96,-17.16,0,0.49,4027,4030.42,,,SELL,USD,1,1,1583663
D#1702393,XAUUSD,100,288230376154783207,288230376153226796,288230376166129397,288230376166127372,213,2026-06-30T13:58:18.000Z,2026-06-30T14:01:51.000Z,-128.4,126.30000000000001,-138.9,-10.5,0,0.3,4027.04,4031.54,,,SELL,USD,1,1,1583663
D#1702349,XAUUSD,100,288230376154783213,288230376153225788,288230376166129411,288230376166120534,931,2026-06-30T13:46:21.000Z,2026-06-30T14:01:52.000Z,-85.2,84.5,-88.7,-3.5,0,0.1,4022.96,4031.7,,,SELL,USD,1,1,1583663
D#1670972,XAUUSD,100,288230376154783349,288230376153226786,288230376166129947,288230376166127292,277,2026-06-30T13:58:10.000Z,2026-06-30T14:02:47.000Z,12.7,-13.399999999999999,9.2,-3.5,0,0.1,4028.41,4027.36,4034.27,4021.03,SELL,USD,1,1,1583663
D#1702347,XAUUSD,100,288230376154783646,288230376153227338,288230376166130986,288230376166130826,14,2026-06-30T14:04:06.000Z,2026-06-30T14:04:20.000Z,12.65,-13.42,8.79,-3.86,0,0.11,4027.88,4026.95,,,SELL,USD,1,1,1583663
D#1702467,XAUUSD,100,288230376154784120,288230376153227132,288230376166129667,288230376166129532,333,2026-06-30T14:02:04.000Z,2026-06-30T14:07:37.000Z,-186.69,183.26,-203.85,-17.16,0,0.49,4028.37,4032.4,4032.09,4025.22,SELL,USD,1,1,1583663
D#1702740,XAUUSD,100,288230376154784167,288230376153221745,288230376166132987,288230376166092576,4311,2026-06-30T12:56:02.000Z,2026-06-30T14:07:53.000Z,88.35,-88.69999999999999,86.59,-1.76,0,0.05,4013.1,4030.55,4003.18,4035.24,BUY,USD,1,1,1583663
D#1702466,XAUUSD,100,288230376154784400,288230376153220183,288230376166084039,288230376166077969,6610,2026-06-30T12:19:07.000Z,2026-06-30T14:09:17.000Z,88.2,-88.9,84.7,-3.5,0,0.1,4026.53,4035.13,3999.2,4034.5,BUY,USD,1,1,1583663
D#1671070,XAUUSD,100,288230376154784513,288230376153214478,288230376166004760,288230376166004758,21063,2026-06-30T08:18:17.000Z,2026-06-30T14:09:20.000Z,-118.09,117.60000000000001,-120.55,-2.46,0,0.07,4022.23,4039.32,4038.21,3978.61,SELL,USD,1,1,1583663
D#1702554,XAUUSD,100,288230376154784515,288230376153221485,288230376166090373,288230376166089887,4834,2026-06-30T12:48:46.000Z,2026-06-30T14:09:20.000Z,-248.5,247.8,-252.0,-3.5,0,0.1,4014.25,4039.32,4037.18,3946.64,SELL,USD,1,1,1583663
D#1671088,XAUUSD,100,288230376154784532,288230376153226757,288230376166127105,288230376166126991,711,2026-06-30T13:57:29.000Z,2026-06-30T14:09:20.000Z,-28.47,28.259999999999998,-29.53,-1.06,0,0.03,4029.56,4039.27,4038.08,4013.28,SELL,USD,1,1,1583663
D#1702740,XAUUSD,100,288230376154784535,288230376153227663,288230376166133524,288230376166133260,57,2026-06-30T14:08:23.000Z,2026-06-30T14:09:20.000Z,-44.3,43.949999999999996,-46.06,-1.76,0,0.05,4030.24,4039.32,4038.07,4008.28,SELL,USD,1,1,1583663
D#1702440,XAUUSD,100,288230376154784583,288230376153225842,288230376166120859,288230376166120855,1351,2026-06-30T13:46:51.000Z,2026-06-30T14:09:22.000Z,111.28,-111.84,108.48,-2.8,0,0.08,4025.86,4039.55,4014.96,4039.17,BUY,USD,1,1,1583663
D#1670969,XAUUSD,100,288230376154784647,288230376153223474,288230376166133921,288230376166107040,2508,2026-06-30T13:27:43.000Z,2026-06-30T14:09:31.000Z,89.25,-89.6,87.49,-1.76,0,0.05,4022.19,4039.82,4022.44,4042.46,BUY,USD,1,1,1583663
D#1670862,XAUUSD,100,288230376154784657,288230376153216760,288230376166036259,288230376166035699,14968,2026-06-30T10:00:04.000Z,2026-06-30T14:09:32.000Z,-31.98,31.84,-32.68,-0.7,0,0.02,4024.15,4040.36,4040,3960.48,SELL,USD,1,1,1583663
D#1702636,XAUUSD,100,288230376154784660,288230376153219276,288230376166068459,288230376166068184,8377,2026-06-30T11:49:55.000Z,2026-06-30T14:09:32.000Z,74,-74.7,70.5,-3.5,0,0.1,4032.86,4040.04,,4040.13,BUY,USD,1,1,1583663
D#1702358,XAUUSD,100,288230376154784658,288230376153221170,288230376166087551,288230376166086969,5300,2026-06-30T12:41:12.000Z,2026-06-30T14:09:32.000Z,-218.4,217.70000000000002,-221.9,-3.5,0,0.1,4018.3,4040.36,4040,3993.41,SELL,USD,1,1,1583663
D#1614596,XAUUSD,100,288230376154784690,288230376153227424,288230376166133994,288230376166131535,257,2026-06-30T14:05:21.000Z,2026-06-30T14:09:38.000Z,174.3,-175.35000000000002,169.04,-5.26,0,0.15,4027.43,4038.83,,,BUY,USD,1,1,1583663
D#1671086,XAUUSD,100,288230376154784699,288230376153211140,288230376166134024,288230376165965575,27856,2026-06-30T06:25:25.000Z,2026-06-30T14:09:41.000Z,-200.1,199.75,-201.86,-1.76,0,0.05,3999.59,4039.83,,,SELL,USD,1,1,1583663
D#1645694,XAUUSD,100,288230376154784697,288230376153226035,288230376166134015,288230376166122156,1223,2026-06-30T13:49:18.000Z,2026-06-30T14:09:41.000Z,-263.53,262.2,-270.19,-6.66,0,0.19,4025.48,4039.57,,4017.41,SELL,USD,1,1,1583663
D#1702591,XAUUSD,100,288230376154784715,288230376153222126,288230376166134050,288230376166095779,3989,2026-06-30T13:03:15.000Z,2026-06-30T14:09:44.000Z,-237.9,237.20000000000002,-241.4,-3.5,0,0.1,4016.04,4040.05,,,SELL,USD,1,1,1583663
D#1702563,XAUUSD,100,288230376154784836,288230376153222442,288230376166098667,288230376166098263,3676,2026-06-30T13:08:36.000Z,2026-06-30T14:09:52.000Z,169.47,-169.96,167.01,-2.46,0,0.07,4020.18,4044.17,4004.22,4043.82,BUY,USD,1,1,1583663
D#1702336,XAUUSD,100,288230376154784866,288230376153227797,288230376166134237,288230376166134108,9,2026-06-30T14:09:48.000Z,2026-06-30T14:09:57.000Z,132,-135.5,114.5,-17.5,0,0.5,4042.15,4044.57,,,BUY,USD,1,1,1583663
D#1589457,XAUUSD,100,288230376154784962,288230376153224813,288230376166134456,288230376166114810,1928,2026-06-30T13:38:05.000Z,2026-06-30T14:10:13.000Z,-506,504.6,-513.0,-7,0,0.2,4016.35,4041.87,,4004.04,SELL,USD,1,1,1583663
D#1702694,XAUUSD,100,288230376154784979,288230376153215173,288230376166134488,288230376166013031,19641,2026-06-30T08:42:54.000Z,2026-06-30T14:10:15.000Z,-243.3,242.60000000000002,-246.8,-3.5,0,0.1,4017.42,4041.97,,,SELL,USD,1,1,1583663
D#1702621,XAUUSD,100,288230376154785204,288230376153220290,288230376166134999,288230376166079221,6499,2026-06-30T12:22:32.000Z,2026-06-30T14:10:51.000Z,-255.9,255.20000000000002,-259.4,-3.5,0,0.1,4021.99,4047.8,,,SELL,USD,1,1,1583663
D#1614596,XAUUSD,100,288230376154785496,288230376153228096,288230376166135785,288230376166135620,15,2026-06-30T14:11:35.000Z,2026-06-30T14:11:50.000Z,41.7,-42.75,36.44,-5.26,0,0.15,4044.12,4041.56,,,SELL,USD,1,1,1583663
D#1702458,XAUUSD,100,288230376154785740,288230376153225583,288230376166133467,288230376166119334,1690,2026-06-30T13:44:34.000Z,2026-06-30T14:12:44.000Z,114.9,-115.60000000000001,111.4,-3.5,0,0.1,4026.32,4037.59,4037.75,,BUY,USD,1,1,1583663
D#1670916,XAUUSD,100,288230376154785742,288230376153227903,288230376166136522,288230376166134648,138,2026-06-30T14:10:26.000Z,2026-06-30T14:12:44.000Z,-47.6,47.11,-50.06,-2.46,0,0.07,4044.89,4037.87,,,BUY,USD,1,1,1583663
D#1614596,XAUUSD,100,288230376154785933,288230376153228143,288230376166137402,288230376166135904,135,2026-06-30T14:12:00.000Z,2026-06-30T14:14:15.000Z,9.75,-10.8,4.49,-5.26,0,0.15,4041.13,4040.7,,,SELL,USD,1,1,1583663
D#1702336,XAUUSD,100,288230376154786087,288230376153228254,288230376166137969,288230376166136494,150,2026-06-30T14:12:41.000Z,2026-06-30T14:15:11.000Z,-307.5,304.0,-325.0,-17.5,0,0.5,4038.22,4044.59,,,SELL,USD,1,1,1583663
D#1702613,XAUUSD,100,288230376154786167,288230376153228499,288230376166138205,288230376166138173,3,2026-06-30T14:15:28.000Z,2026-06-30T14:15:31.000Z,-16,13.2,-30.0,-14,0,0.4,4045.08,4045.7,,,SELL,USD,1,1,1583663
D#1671066,XAUUSD,100,288230376154786239,288230376153222958,288230376166104310,288230376166102884,3390,2026-06-30T13:19:07.000Z,2026-06-30T14:15:37.000Z,201.9,-202.6,198.4,-3.5,0,0.1,4027.56,4047.53,4010.78,4047.58,BUY,USD,1,1,1583663
D#1702660,XAUUSD,100,288230376154786244,288230376153228470,288230376166138308,288230376166138010,22,2026-06-30T14:15:15.000Z,2026-06-30T14:15:37.000Z,39.6,-40.300000000000004,36.1,-3.5,0,0.1,4043.69,4047.43,,,BUY,USD,1,1,1583663
D#1702462,XAUUSD,100,288230376154786400,288230376153228422,288230376166138684,288230376166137674,96,2026-06-30T14:14:41.000Z,2026-06-30T14:16:17.000Z,15.72,-15.930000000000001,14.66,-1.06,0,0.03,4040.58,4045.6,4034.56,4056.01,BUY,USD,1,1,1583663
D#1614596,XAUUSD,100,288230376154786530,288230376153228588,288230376166139363,288230376166138694,74,2026-06-30T14:16:18.000Z,2026-06-30T14:17:32.000Z,12.6,-13.65,7.34,-5.26,0,0.15,4045.08,4045.7,,,BUY,USD,1,1,1583663
D#1614596,XAUUSD,100,288230376154786660,288230376153228700,288230376166139895,288230376166139778,15,2026-06-30T14:18:23.000Z,2026-06-30T14:18:38.000Z,16.95,-18.0,11.69,-5.26,0,0.15,4047.43,4046.52,,,SELL,USD,1,1,1583663
D#1671088,XAUUSD,100,288230376154786793,288230376153228267,288230376166136723,288230376166136580,426,2026-06-30T14:12:50.000Z,2026-06-30T14:19:56.000Z,-35.7,35.49,-36.76,-1.06,0,0.03,4037.41,4049.53,4049.32,4021.97,SELL,USD,1,1,1583663
D#1702530,XAUUSD,100,288230376154786810,288230376153227735,288230376166133775,288230376166075673,641,2026-06-30T14:09:20.000Z,2026-06-30T14:20:01.000Z,-43.28,43.0,-44.68,-1.4,0,0.04,4039.02,4050.06,4050,4000,SELL,USD,1,1,1583663
D#1614596,XAUUSD,100,288230376154786836,288230376153228790,288230376166140606,288230376166140502,12,2026-06-30T14:19:57.000Z,2026-06-30T14:20:09.000Z,21.9,-22.95,16.64,-5.26,0,0.15,4049.41,4048.17,,,SELL,USD,1,1,1583663
D#1614596,XAUUSD,100,288230376154786883,288230376153228826,288230376166140833,288230376166140728,12,2026-06-30T14:20:25.000Z,2026-06-30T14:20:37.000Z,6.3,-7.35,1.04,-5.26,0,0.15,4049.6,4049.8,,,BUY,USD,1,1,1583663
D#1702440,XAUUSD,100,288230376154787043,288230376153228404,288230376166137544,288230376166137540,416,2026-06-30T14:14:30.000Z,2026-06-30T14:21:26.000Z,111.76,-112.32000000000001,108.96,-2.8,0,0.08,4039.91,4053.66,4029.14,4053.52,BUY,USD,1,1,1583663
D#1670912,XAUUSD,100,288230376154787044,288230376153228802,288230376166140558,288230376166140556,83,2026-06-30T14:20:03.000Z,2026-06-30T14:21:26.000Z,88.4,-89.80000000000001,81.4,-7,0,0.2,4049.46,4053.66,,4053.9,BUY,USD,1,1,1583663
D#1670872,XAUUSD,100,288230376154787071,288230376153228870,288230376166141252,288230376166141046,25,2026-06-30T14:21:08.000Z,2026-06-30T14:21:33.000Z,15.5,-16.2,12.0,-3.5,0,0.1,4052.55,4053.88,,,BUY,USD,1,1,1583663
D#1702661,XAUUSD,100,288230376154787084,288230376153228281,288230376166141305,288230376166136658,522,2026-06-30T14:12:58.000Z,2026-06-30T14:21:40.000Z,141.6,-142.29999999999998,138.1,-3.5,0,0.1,4039.5,4053.44,4039.74,4059.28,BUY,USD,1,1,1583663
D#1671056,XAUUSD,100,288230376154787215,288230376153228877,288230376166141653,288230376166141082,65,2026-06-30T14:21:10.000Z,2026-06-30T14:22:15.000Z,32.2,-33.6,25.2,-7,0,0.2,4053.02,4054.41,,,BUY,USD,1,1,1583663
D#1702458,XAUUSD,100,288230376154787275,288230376153228886,288230376166141743,288230376166141188,76,2026-06-30T14:21:24.000Z,2026-06-30T14:22:40.000Z,-1.6,0.9,-5.1,-3.5,0,0.1,4052.64,4052.26,4052.46,4059.53,BUY,USD,1,1,1583663
D#1670872,XAUUSD,100,288230376154787323,288230376153228987,288230376166141967,288230376166141907,5,2026-06-30T14:22:42.000Z,2026-06-30T14:22:47.000Z,4,-7.5,-13.5,-17.5,0,0.5,4053.53,4053.39,,,BUY,USD,1,1,1583663
D#1671056,XAUUSD,100,288230376154787428,288230376153229030,288230376166142276,288230376166142172,10,2026-06-30T14:23:07.000Z,2026-06-30T14:23:17.000Z,40.8,-42.9,30.3,-10.5,0,0.3,4053.72,4054.86,,,BUY,USD,1,1,1583663
D#1702388,XAUUSD,100,288230376154787480,288230376153228479,288230376166138506,288230376166138057,493,2026-06-30T14:15:19.000Z,2026-06-30T14:23:32.000Z,118.69,-119.46,114.83,-3.86,0,0.11,4044.44,4055.01,,4055.34,BUY,USD,1,1,1583663
D#1702458,XAUUSD,100,288230376154787533,288230376153229055,288230376166142493,288230376166142344,13,2026-06-30T14:23:21.000Z,2026-06-30T14:23:34.000Z,27.4,-28.099999999999998,23.9,-3.5,0,0.1,4054.99,4057.51,,,BUY,USD,1,1,1583663
D#1702716,XAUUSD,100,288230376154787562,288230376153228744,288230376166140248,288230376166140165,270,2026-06-30T14:19:09.000Z,2026-06-30T14:23:39.000Z,111.6,-112.3,108.1,-3.5,0,0.1,4047.21,4058.15,4044.55,4058.22,BUY,USD,1,1,1583663
D#1670912,XAUUSD,100,288230376154787572,288230376153229049,288230376166142311,288230376166142309,22,2026-06-30T14:23:19.000Z,2026-06-30T14:23:41.000Z,86.4,-87.80000000000001,79.4,-7,0,0.2,4055.01,4059.11,,4058.87,BUY,USD,1,1,1583663
D#1702735,XAUUSD,100,288230376154787585,288230376153215766,288230376166021973,288230376166021399,18781,2026-06-30T09:10:41.000Z,2026-06-30T14:23:42.000Z,121.92,-122.13,120.86,-1.06,0,0.03,4019.09,4059.51,4004.76,4059.72,BUY,USD,1,1,1583663
D#1670912,XAUUSD,100,288230376154787807,288230376153229118,288230376166142709,288230376166142708,49,2026-06-30T14:23:55.000Z,2026-06-30T14:24:44.000Z,91,-92.4,84.0,-7,0,0.2,4059.03,4063.36,,4063.39,BUY,USD,1,1,1583663
D#1702464,XAUUSD,100,288230376154787831,288230376153218341,288230376166143266,288230376166057196,11358,2026-06-30T11:15:33.000Z,2026-06-30T14:24:51.000Z,292.6,-293.3,289.1,-3.5,0,0.1,4033.64,4062.68,4008.65,4095.56,BUY,USD,1,1,1583663
D#1670916,XAUUSD,100,288230376154787888,288230376153228771,288230376166143470,288230376166140369,336,2026-06-30T14:19:39.000Z,2026-06-30T14:25:15.000Z,82.75,-83.45,79.24,-3.51,0,0.1,4048.84,4060.26,4047.77,4070.34,BUY,USD,1,1,1583663
D#1670912,XAUUSD,100,288230376154788079,288230376153229210,288230376166143837,288230376166143309,79,2026-06-30T14:24:56.000Z,2026-06-30T14:26:15.000Z,-113,111.6,-120.0,-7,0,0.2,4062.84,4056.97,4057.54,4066.29,BUY,USD,1,1,1583663
D#1702342,XAUUSD,100,288230376154788226,288230376153229339,288230376166144802,288230376166144222,62,2026-06-30T14:26:29.000Z,2026-06-30T14:27:31.000Z,18.6,-20.0,11.6,-7,0,0.2,4057.71,4057,,,SELL,USD,1,1,1583663
D#1702655,XAUUSD,100,288230376154788238,288230376153228087,288230376166144872,288230376166135567,968,2026-06-30T14:11:31.000Z,2026-06-30T14:27:39.000Z,-58.8,58.449999999999996,-60.56,-1.76,0,0.05,4044.44,4056.42,,4017.08,SELL,USD,1,1,1583663
D#1702551,XAUUSD,100,288230376154788390,288230376153229314,288230376166145547,288230376166144040,184,2026-06-30T14:26:09.000Z,2026-06-30T14:29:13.000Z,6.4,-6.75,4.64,-1.76,0,0.05,4058.81,4057.75,4068.5,4041.56,SELL,USD,1,1,1583663
D#1702342,XAUUSD,100,288230376154788389,288230376153229420,288230376166145546,288230376166144884,93,2026-06-30T14:27:40.000Z,2026-06-30T14:29:13.000Z,-28.8,27.400000000000002,-35.8,-7,0,0.2,4056.09,4057.75,,,SELL,USD,1,1,1583663
D#1670993,XAUUSD,100,288230376154788415,288230376153229476,288230376166145625,288230376166145465,22,2026-06-30T14:29:02.000Z,2026-06-30T14:29:24.000Z,120.5,-124.0,103.0,-17.5,0,0.5,4058.41,4056.22,,,SELL,USD,1,1,1583663
D#1670872,XAUUSD,100,288230376154788447,288230376153229325,288230376166145735,288230376166144118,202,2026-06-30T14:26:17.000Z,2026-06-30T14:29:39.000Z,132,-135.5,114.5,-17.5,0,0.5,4057.53,4055.11,,,SELL,USD,1,1,1583663
D#1702458,XAUUSD,100,288230376154788474,288230376153229499,288230376166145795,288230376166145662,17,2026-06-30T14:29:30.000Z,2026-06-30T14:29:47.000Z,7,-7.7,3.5,-3.5,0,0.1,4055.25,4054.77,,,SELL,USD,1,1,1583663
D#1670993,XAUUSD,100,288230376154788585,288230376153229530,288230376166146138,288230376166145878,25,2026-06-30T14:29:58.000Z,2026-06-30T14:30:23.000Z,-15.6,14.9,-19.1,-3.5,0,0.1,4054.64,4056.42,,,SELL,USD,1,1,1583663
D#1702691,XAUUSD,100,288230376154788655,288230376153229313,288230376166146381,288230376166144038,277,2026-06-30T14:26:09.000Z,2026-06-30T14:30:46.000Z,9.31,-9.8,6.85,-2.46,0,0.07,4058.74,4057.63,4057.57,4047.71,SELL,USD,1,1,1583663
D#1702650,XAUUSD,100,288230376154788703,288230376153229592,288230376166146576,288230376166146235,33,2026-06-30T14:30:31.000Z,2026-06-30T14:31:04.000Z,-31.6,28.8,-45.6,-14,0,0.4,4057.19,4056.18,4055.52,4059.44,BUY,USD,1,1,1583663
D#1670993,XAUUSD,100,288230376154788722,288230376153229584,288230376166146636,288230376166146206,42,2026-06-30T14:30:29.000Z,2026-06-30T14:31:11.000Z,-48.5,45.0,-66.0,-17.5,0,0.5,4057.6,4056.41,,,BUY,USD,1,1,1583663
D#1702633,XAUUSD,100,288230376154788822,288230376153229538,288230376166146908,288230376166145929,96,2026-06-30T14:30:04.000Z,2026-06-30T14:31:40.000Z,-179.5,176.0,-197.0,-17.5,0,0.5,4054.01,4057.82,,,SELL,USD,1,1,1583663
D#1702375,XAUUSD,100,288230376154788917,288230376153214349,288230376166147291,288230376166003089,22725,2026-06-30T08:13:40.000Z,2026-06-30T14:32:25.000Z,240.52,-241.01000000000002,238.06,-2.46,0,0.07,4022.64,4056.78,,4091.21,BUY,USD,1,1,1583663
D#1702650,XAUUSD,100,288230376154788933,288230376153229664,288230376166146905,288230376166146741,76,2026-06-30T14:31:23.000Z,2026-06-30T14:32:39.000Z,-62.8,60.0,-76.8,-14,0,0.4,4057.24,4055.45,4055.72,4059.5,BUY,USD,1,1,1583663
D#1702691,XAUUSD,100,288230376154788994,288230376153229632,288230376166146773,288230376166146518,127,2026-06-30T14:31:00.000Z,2026-06-30T14:33:07.000Z,16.73,-17.22,14.27,-2.46,0,0.07,4056.08,4053.91,4059.47,4053.71,SELL,USD,1,1,1583663
D#1702716,XAUUSD,100,288230376154789018,288230376153229612,288230376166146525,288230376166146358,158,2026-06-30T14:30:43.000Z,2026-06-30T14:33:21.000Z,-37.1,36.4,-40.6,-3.5,0,0.1,4057.35,4053.42,4053.5,4068.89,BUY,USD,1,1,1583663
D#1670993,XAUUSD,100,288230376154789057,288230376153229653,288230376166147899,288230376166146669,144,2026-06-30T14:31:16.000Z,2026-06-30T14:33:40.000Z,166,-169.5,148.5,-17.5,0,0.5,4057.18,4054.08,,,SELL,USD,1,1,1583663
D#1702660,XAUUSD,100,288230376154789063,288230376153229337,288230376166147920,288230376166144189,438,2026-06-30T14:26:25.000Z,2026-06-30T14:33:43.000Z,35.7,-36.400000000000006,32.2,-3.5,0,0.1,4057.44,4054.09,,4050,SELL,USD,1,1,1583663
D#1670912,XAUUSD,100,288230376154789139,288230376153229448,288230376166145184,288230376166145177,368,2026-06-30T14:28:18.000Z,2026-06-30T14:34:26.000Z,-98.6,97.19999999999999,-105.6,-7,0,0.2,4057.58,4052.43,4052.71,4060.63,BUY,USD,1,1,1583663
D#1670982,XAUUSD,100,288230376154789178,288230376153229576,288230376166148468,288230376166146123,268,2026-06-30T14:30:21.000Z,2026-06-30T14:34:49.000Z,-75,73.6,-82.0,-7,0,0.2,4056.69,4052.72,4047,4062,BUY,USD,1,1,1583663
D#1702689,XAUUSD,100,288230376154789266,288230376153229475,288230376166145581,288230376166145446,374,2026-06-30T14:28:59.000Z,2026-06-30T14:35:13.000Z,-142.6,141.2,-149.6,-7,0,0.2,4058.57,4051.22,4051.37,4069.1,BUY,USD,1,1,1583663
D#1702660,XAUUSD,100,288230376154789282,288230376153229894,288230376166148726,288230376166148493,25,2026-06-30T14:34:51.000Z,2026-06-30T14:35:16.000Z,23.3,-24.0,19.8,-3.5,0,0.1,4052.73,4050.62,,,SELL,USD,1,1,1583663
D#1671056,XAUUSD,100,288230376154789290,288230376153229117,288230376166148737,288230376166142702,683,2026-06-30T14:23:54.000Z,2026-06-30T14:35:17.000Z,-255.9,253.8,-266.4,-10.5,0,0.3,4059.01,4050.26,,,BUY,USD,1,1,1583663
D#1702458,XAUUSD,100,288230376154789284,288230376153229603,288230376166146450,288230376166146298,280,2026-06-30T14:30:37.000Z,2026-06-30T14:35:17.000Z,73.5,-74.2,70.0,-3.5,0,0.1,4057.35,4050.22,,4050.38,SELL,USD,1,1,1583663
D#1702613,XAUUSD,100,288230376154789307,288230376153229906,288230376166148777,288230376166148604,20,2026-06-30T14:35:02.000Z,2026-06-30T14:35:22.000Z,65.2,-68.0,51.2,-14,0,0.4,4052.11,4050.7,,,SELL,USD,1,1,1583663
D#1702462,XAUUSD,100,288230376154789314,288230376153229060,288230376166148792,288230376166142365,721,2026-06-30T14:23:23.000Z,2026-06-30T14:35:24.000Z,12.33,-12.540000000000001,11.27,-1.06,0,0.03,4054.59,4050.7,4064.28,4037.59,SELL,USD,1,1,1583663
D#1702342,XAUUSD,100,288230376154789562,288230376153229555,288230376166149793,288230376166145992,430,2026-06-30T14:30:09.000Z,2026-06-30T14:37:19.000Z,41.8,-43.199999999999996,34.8,-7,0,0.2,4053.82,4051.95,,,SELL,USD,1,1,1583663
D#1702416,XAUUSD,100,288230376154789608,288230376153228750,288230376166140427,288230376166140208,1094,2026-06-30T14:19:16.000Z,2026-06-30T14:37:30.000Z,43.25,-43.95,39.74,-3.51,0,0.1,4047.16,4049.47,4049.92,4146.59,BUY,USD,1,1,1583663
D#1702440,XAUUSD,100,288230376154789722,288230376153229251,288230376166143653,288230376166143650,755,2026-06-30T14:25:31.000Z,2026-06-30T14:38:06.000Z,-86.72,86.16,-89.52,-2.8,0,0.08,4059.56,4048.5,4048.76,4072.4,BUY,USD,1,1,1583663
D#1614596,XAUUSD,100,288230376154789731,288230376153228855,288230376166150277,288230376166140939,1037,2026-06-30T14:20:52.000Z,2026-06-30T14:38:09.000Z,29.4,-30.45,24.14,-5.26,0,0.15,4050.36,4048.62,,,SELL,USD,1,1,1583663
D#1614596,XAUUSD,100,288230376154789823,288230376153230181,288230376166150562,288230376166150503,6,2026-06-30T14:38:33.000Z,2026-06-30T14:38:39.000Z,10.05,-11.100000000000001,4.79,-5.26,0,0.15,4048.24,4047.79,,,SELL,USD,1,1,1583663
D#1670972,XAUUSD,100,288230376154789839,288230376153230119,288230376166150620,288230376166150105,53,2026-06-30T14:37:49.000Z,2026-06-30T14:38:42.000Z,16.4,-17.099999999999998,12.9,-3.5,0,0.1,4049.18,4047.76,4053.36,4045.14,SELL,USD,1,1,1583663
D#1702347,XAUUSD,100,288230376154789985,288230376153230189,288230376166150709,288230376166150569,47,2026-06-30T14:38:39.000Z,2026-06-30T14:39:26.000Z,23.43,-24.2,19.57,-3.86,0,0.11,4047.67,4045.76,4045.3,,SELL,USD,1,1,1583663
D#1670912,XAUUSD,100,288230376154790113,288230376153230144,288230376166150301,288230376166150299,134,2026-06-30T14:38:12.000Z,2026-06-30T14:40:26.000Z,-90.6,89.19999999999999,-97.6,-7,0,0.2,4048.76,4053.51,4052.71,4044.88,SELL,USD,1,1,1583663
D#1670935,XAUUSD,100,288230376154790119,288230376153230269,288230376166151496,288230376166151146,44,2026-06-30T14:39:42.000Z,2026-06-30T14:40:26.000Z,142.5,-144.6,132.0,-10.5,0,0.3,4048.52,4053.05,,,BUY,USD,1,1,1583663
D#1702660,XAUUSD,100,288230376154790130,288230376153229959,288230376166151537,288230376166148974,280,2026-06-30T14:35:50.000Z,2026-06-30T14:40:30.000Z,11.1,-11.799999999999999,7.6,-3.5,0,0.1,4052.04,4052.93,,,BUY,USD,1,1,1583663
D#1670935,XAUUSD,100,288230376154790216,288230376153230338,288230376166151879,288230376166151610,29,2026-06-30T14:40:39.000Z,2026-06-30T14:41:08.000Z,-77.7,75.60000000000001,-88.2,-10.5,0,0.3,4052.43,4049.62,,,BUY,USD,1,1,1583663
D#1671056,XAUUSD,100,288230376154790377,288230376153230120,288230376166152448,288230376166150106,259,2026-06-30T14:37:49.000Z,2026-06-30T14:42:08.000Z,0,-2.1,-10.5,-10.5,0,0.3,4049.18,4049.4,,,SELL,USD,1,1,1583663
D#1702660,XAUUSD,100,288230376154790399,288230376153230427,288230376166152577,288230376166152212,43,2026-06-30T14:41:44.000Z,2026-06-30T14:42:27.000Z,6.3,-7.0,2.8,-3.5,0,0.1,4051.13,4051.54,,,BUY,USD,1,1,1583663
D#1702660,XAUUSD,100,288230376154790546,288230376153230541,288230376166153149,288230376166152965,18,2026-06-30T14:43:09.000Z,2026-06-30T14:43:27.000Z,1.3,-2.0,-2.2,-3.5,0,0.1,4051.09,4051,,,BUY,USD,1,1,1583663
D#1670912,XAUUSD,100,288230376154790682,288230376153230384,288230376166153509,288230376166151907,179,2026-06-30T14:41:11.000Z,2026-06-30T14:44:10.000Z,-46.2,44.800000000000004,-53.2,-7,0,0.2,4049.64,4052.17,4054.52,4045.07,SELL,USD,1,1,1583663
D#1670972,XAUUSD,100,288230376154790852,288230376153230578,288230376166153461,288230376166153293,108,2026-06-30T14:43:42.000Z,2026-06-30T14:45:30.000Z,-26.8,26.1,-30.3,-3.5,0,0.1,4051.53,4048.63,4048.95,,BUY,USD,1,1,1583663
D#1614619,XAUUSD,100,288230376154791095,288230376153230681,288230376166154942,288230376166153979,102,2026-06-30T14:45:08.000Z,2026-06-30T14:46:50.000Z,-234.5,231.0,-252.0,-17.5,0,0.5,4050.44,4045.53,,,BUY,USD,1,1,1583663
D#1702716,XAUUSD,100,288230376154791269,288230376153230249,288230376166155088,288230376166150987,536,2026-06-30T14:39:24.000Z,2026-06-30T14:48:20.000Z,-37.8,37.099999999999994,-41.3,-3.5,0,0.1,4045.12,4049.12,4049.12,4033.66,SELL,USD,1,1,1583663
D#1702355,XAUUSD,100,288230376154791316,288230376153230835,288230376166155791,288230376166155025,96,2026-06-30T14:47:02.000Z,2026-06-30T14:48:38.000Z,105.6,-109.8,84.6,-21,0,0.6,4045.49,4047.03,,,BUY,USD,1,1,1583663
D#1614609,XAUUSD,100,288230376154791350,288230376153213659,288230376166155912,288230376165995323,25019,2026-06-30T07:51:54.000Z,2026-06-30T14:48:53.000Z,33.74,-33.88,33.04,-0.7,0,0.02,4027.92,4044.57,,,BUY,USD,1,1,1583663
D#1671088,XAUUSD,100,288230376154791443,288230376153229353,288230376166144518,288230376166144334,1388,2026-06-30T14:26:40.000Z,2026-06-30T14:49:48.000Z,-46.41,46.199999999999996,-47.47,-1.06,0,0.03,4059.62,4043.93,4044.13,4075.84,BUY,USD,1,1,1583663
D#1702342,XAUUSD,100,288230376154791728,288230376153230428,288230376166157306,288230376166152214,600,2026-06-30T14:41:44.000Z,2026-06-30T14:51:44.000Z,-68.6,67.19999999999999,-75.6,-7,0,0.2,4051.14,4047.49,,,BUY,USD,1,1,1583663
D#1702692,XAUUSD,100,288230376154792042,288230376153231258,288230376166158431,288230376166158398,4,2026-06-30T14:53:55.000Z,2026-06-30T14:53:59.000Z,-1.62,1.4100000000000001,-2.68,-1.06,0,0.03,4045.04,4044.28,,,BUY,USD,1,1,1583663
D#1702692,XAUUSD,100,288230376154792121,288230376153231270,288230376166158600,288230376166158506,8,2026-06-30T14:54:09.000Z,2026-06-30T14:54:17.000Z,4.16,-5.07,-0.4,-4.56,0,0.13,4043.77,4043.67,,,SELL,USD,1,1,1583663
D#1702672,XAUUSD,100,288230376154792127,288230376153231175,288230376166158625,288230376166157742,101,2026-06-30T14:52:40.000Z,2026-06-30T14:54:21.000Z,-58.5,55.0,-76.0,-17.5,0,0.5,4044.91,4043.52,,,BUY,USD,1,1,1583663
D#1702692,XAUUSD,100,288230376154792197,288230376153231289,288230376166158771,288230376166158611,15,2026-06-30T14:54:19.000Z,2026-06-30T14:54:34.000Z,3.9,-4.81,-0.66,-4.56,0,0.13,4043.38,4043.3,,,SELL,USD,1,1,1583663
D#1702655,XAUUSD,100,288230376154792215,288230376153229434,288230376166158841,288230376166145063,1598,2026-06-30T14:28:03.000Z,2026-06-30T14:54:41.000Z,424.08,-426.25,413.22,-10.86,0,0.31,4057.46,4044,,4032.64,SELL,USD,1,1,1583663
D#1671056,XAUUSD,100,288230376154792374,288230376153230844,288230376166159336,288230376166155075,507,2026-06-30T14:47:08.000Z,2026-06-30T14:55:35.000Z,28.5,-30.6,18.0,-10.5,0,0.3,4045.19,4044.46,,,SELL,USD,1,1,1583663
D#1671056,XAUUSD,100,288230376154792524,288230376153231427,288230376166159825,288230376166159602,23,2026-06-30T14:56:08.000Z,2026-06-30T14:56:31.000Z,50.7,-52.800000000000004,40.2,-10.5,0,0.3,4043.56,4042.09,,,SELL,USD,1,1,1583663
D#1702660,XAUUSD,100,288230376154792550,288230376153230724,288230376166159887,288230376166154305,647,2026-06-30T14:45:48.000Z,2026-06-30T14:56:35.000Z,-60.6,59.9,-64.1,-3.5,0,0.1,4048.19,4041.91,,4050,BUY,USD,1,1,1583663
D#1702551,XAUUSD,100,288230376154792573,288230376153229660,288230376166147084,288230376166146717,1519,2026-06-30T14:31:21.000Z,2026-06-30T14:56:40.000Z,76.5,-76.85,74.74,-1.76,0,0.05,4056.93,4041.85,4054.09,4041.89,SELL,USD,1,1,1583663
D#1702355,XAUUSD,100,288230376154792595,288230376153230971,288230376166159986,288230376166156188,439,2026-06-30T14:49:26.000Z,2026-06-30T14:56:45.000Z,-222.6,218.4,-243.6,-21,0,0.6,4045.58,4041.65,,,BUY,USD,1,1,1583663
D#1671056,XAUUSD,100,288230376154792683,288230376153231501,288230376166160230,288230376166160076,17,2026-06-30T14:56:54.000Z,2026-06-30T14:57:11.000Z,35.7,-37.800000000000004,25.2,-10.5,0,0.3,4042.59,4041.62,,,SELL,USD,1,1,1583663
D#1670935,XAUUSD,100,288230376154792716,288230376153230391,288230376166160313,288230376166151964,965,2026-06-30T14:41:15.000Z,2026-06-30T14:57:20.000Z,-268.2,266.09999999999997,-278.7,-10.5,0,0.3,4049.42,4040.26,,4053.11,BUY,USD,1,1,1583663
D#1671056,XAUUSD,100,288230376154792922,288230376153231538,288230376166160728,288230376166160387,35,2026-06-30T14:57:30.000Z,2026-06-30T14:58:05.000Z,23.4,-25.5,12.9,-10.5,0,0.3,4041.07,4040.51,,,SELL,USD,1,1,1583663
D#1671056,XAUUSD,100,288230376154793050,288230376153231615,288230376166161089,288230376166161023,6,2026-06-30T14:58:40.000Z,2026-06-30T14:58:46.000Z,21.3,-23.400000000000002,10.8,-10.5,0,0.3,4039.5,4039.01,,,SELL,USD,1,1,1583663
D#1671056,XAUUSD,100,288230376154793103,288230376153231634,288230376166161289,288230376166161149,18,2026-06-30T14:58:53.000Z,2026-06-30T14:59:11.000Z,18.9,-21.0,8.4,-10.5,0,0.3,4039.28,4038.87,,,SELL,USD,1,1,1583663
D#1702458,XAUUSD,100,288230376154793180,288230376153230242,288230376166151747,288230376166150929,1229,2026-06-30T14:39:18.000Z,2026-06-30T14:59:47.000Z,77.6,-78.3,74.1,-3.5,0,0.1,4045.1,4037.56,,4037.6,SELL,USD,1,1,1583663
D#1671056,XAUUSD,100,288230376154793186,288230376153231666,288230376166161594,288230376166161425,22,2026-06-30T14:59:26.000Z,2026-06-30T14:59:48.000Z,45,-47.1,34.5,-10.5,0,0.3,4038.82,4037.54,,,SELL,USD,1,1,1583663
D#1671056,XAUUSD,100,288230376154793319,288230376153231697,288230376166162071,288230376166161668,44,2026-06-30T14:59:57.000Z,2026-06-30T15:00:41.000Z,-0.6,-1.5,-11.1,-10.5,0,0.3,4037.58,4037.82,,,SELL,USD,1,1,1583663
D#1702692,XAUUSD,100,288230376154793342,288230376153231318,288230376166159240,288230376166158787,376,2026-06-30T14:54:36.000Z,2026-06-30T15:00:52.000Z,132.51,-133.98,125.15,-7.36,0,0.21,4043.13,4037.04,4048.59,4036.92,SELL,USD,1,1,1583663
D#1671056,XAUUSD,100,288230376154793484,288230376153231825,288230376166162564,288230376166162461,10,2026-06-30T15:01:18.000Z,2026-06-30T15:01:28.000Z,49.2,-51.300000000000004,38.7,-10.5,0,0.3,4038.04,4036.62,,,SELL,USD,1,1,1583663
D#1670972,XAUUSD,100,288230376154793592,288230376153231120,288230376166157422,288230376166157239,626,2026-06-30T14:51:37.000Z,2026-06-30T15:02:03.000Z,-57.25,56.9,-59.01,-1.76,0,0.05,4047.31,4035.64,4035.44,,BUY,USD,1,1,1583663
D#1671056,XAUUSD,100,288230376154793606,288230376153231875,288230376166162929,288230376166162733,19,2026-06-30T15:01:47.000Z,2026-06-30T15:02:06.000Z,44.1,-46.2,33.6,-10.5,0,0.3,4036.63,4035.38,,,SELL,USD,1,1,1583663
D#1670947,XAUUSD,100,288230376154793610,288230376153229914,288230376166149328,288230376166148630,1622,2026-06-30T14:35:05.000Z,2026-06-30T15:02:07.000Z,170.1,-170.79999999999998,166.6,-3.5,0,0.1,4051.89,4035.1,4081.52,4035,SELL,USD,1,1,1583663
D#1702396,XAUUSD,100,288230376154793627,288230376153231785,288230376166162246,288230376166162244,69,2026-06-30T15:01:01.000Z,2026-06-30T15:02:10.000Z,-90.22,88.4,-99.32,-9.1,0,0.26,4038.12,4034.43,4034.81,4042.43,BUY,USD,1,1,1583663
D#1671056,XAUUSD,100,288230376154793757,288230376153231924,288230376166163432,288230376166163072,40,2026-06-30T15:02:23.000Z,2026-06-30T15:03:03.000Z,18.6,-20.700000000000003,8.1,-10.5,0,0.3,4035.58,4035.18,,,SELL,USD,1,1,1583663
D#1671056,XAUUSD,100,288230376154793934,288230376153232061,288230376166164180,288230376166164092,12,2026-06-30T15:04:17.000Z,2026-06-30T15:04:29.000Z,39.9,-42.0,29.4,-10.5,0,0.3,4036.42,4035.31,,,SELL,USD,1,1,1583663
D#1702342,XAUUSD,100,288230376154793938,288230376153231862,288230376166164188,288230376166162650,173,2026-06-30T15:01:37.000Z,2026-06-30T15:04:30.000Z,53.8,-55.199999999999996,46.8,-7,0,0.2,4037.27,4034.8,,,SELL,USD,1,1,1583663
D#1670969,XAUUSD,100,288230376154793955,288230376153230095,288230376166150409,288230376166149940,1620,2026-06-30T14:37:33.000Z,2026-06-30T15:04:33.000Z,80.45,-80.8,78.69,-1.76,0,0.05,4050.08,4034.21,4039.44,4034.2,SELL,USD,1,1,1583663
D#1702716,XAUUSD,100,288230376154794045,288230376153231173,288230376166158200,288230376166157729,760,2026-06-30T14:52:37.000Z,2026-06-30T15:05:17.000Z,113.2,-113.9,109.7,-3.5,0,0.1,4044.28,4033.18,4049.49,4033.4,SELL,USD,1,1,1583663
D#1702660,XAUUSD,100,288230376154794050,288230376153231529,288230376166164573,288230376166160296,478,2026-06-30T14:57:19.000Z,2026-06-30T15:05:17.000Z,77.1,-77.8,73.6,-3.5,0,0.1,4040.69,4033.2,,4030,SELL,USD,1,1,1583663
D#1702396,XAUUSD,100,288230376154794046,288230376153231920,288230376166163125,288230376166163034,179,2026-06-30T15:02:18.000Z,2026-06-30T15:05:17.000Z,-72.28,70.46000000000001,-81.38,-9.1,0,0.26,4036.01,4033.01,4033.45,4044.16,BUY,USD,1,1,1583663
D#1702342,XAUUSD,100,288230376154794043,288230376153232090,288230376166164569,288230376166164380,22,2026-06-30T15:04:55.000Z,2026-06-30T15:05:17.000Z,-24.8,23.400000000000002,-31.8,-7,0,0.2,4034.76,4033.3,,,BUY,USD,1,1,1583663
D#1702598,XAUUSD,100,288230376154794107,288230376153231014,288230376166164800,288230376166156543,930,2026-06-30T14:50:11.000Z,2026-06-30T15:05:41.000Z,-192.6,191.54999999999998,-197.86,-5.26,0,0.15,4046.58,4033.52,,,BUY,USD,1,1,1583663
D#1702342,XAUUSD,100,288230376154794192,288230376153232129,288230376166165187,288230376166164615,67,2026-06-30T15:05:19.000Z,2026-06-30T15:06:26.000Z,-52,50.6,-59.0,-7,0,0.2,4032.75,4035.57,,,SELL,USD,1,1,1583663
D#1702396,XAUUSD,100,288230376154794225,288230376153232141,288230376166165347,288230376166164670,80,2026-06-30T15:05:26.000Z,2026-06-30T15:06:46.000Z,-96.98,95.16000000000001,-106.08,-9.1,0,0.26,4032.91,4036.86,4037.35,4024.83,SELL,USD,1,1,1583663
D#1702416,XAUUSD,100,288230376154794257,288230376153230318,288230376166151663,288230376166151490,1590,2026-06-30T14:40:25.000Z,2026-06-30T15:06:55.000Z,285.94,-287.48,278.24,-7.7,0,0.22,4053.35,4037.05,4036.9,,SELL,USD,1,1,1583663
D#1671062,XAUUSD,100,288230376154794280,288230376153231980,288230376166163708,288230376166163471,234,2026-06-30T15:03:06.000Z,2026-06-30T15:07:00.000Z,-22.8,22.1,-26.3,-3.5,0,0.1,4035.84,4038.34,4038.17,4026.84,SELL,USD,1,1,1583663
D#1670973,XAUUSD,100,288230376154794297,288230376153232013,288230376166165561,288230376166163750,207,2026-06-30T15:03:39.000Z,2026-06-30T15:07:06.000Z,-20.7,19.65,-25.96,-5.26,0,0.15,4036.04,4037.64,4043.82,4032.1,SELL,USD,1,1,1583663
D#1702396,XAUUSD,100,288230376154794320,288230376153232230,288230376166165688,288230376166165356,34,2026-06-30T15:06:47.000Z,2026-06-30T15:07:21.000Z,-14.82,13.0,-23.92,-9.1,0,0.26,4036.64,4035.85,4032.17,4040.95,BUY,USD,1,1,1583663
D#1702342,XAUUSD,100,288230376154794455,288230376153232211,288230376166166233,288230376166165207,116,2026-06-30T15:06:29.000Z,2026-06-30T15:08:25.000Z,32.8,-34.199999999999996,25.8,-7,0,0.2,4035.82,4037.24,,,BUY,USD,1,1,1583663
D#1702462,XAUUSD,100,288230376154794844,288230376153232475,288230376166168131,288230376166167374,111,2026-06-30T15:11:03.000Z,2026-06-30T15:12:54.000Z,13.75,-14.1,11.99,-1.76,0,0.05,4032.76,4035.29,4032.96,4043.2,BUY,USD,1,1,1583663
D#1645646,XAUUSD,100,288230376154794968,288230376153232480,288230376166168682,288230376166167433,172,2026-06-30T15:11:12.000Z,2026-06-30T15:14:04.000Z,94.72,-96.96,83.52,-11.2,0,0.32,4033.1,4035.84,4029.6,,BUY,USD,1,1,1583663
D#1702342,XAUUSD,100,288230376154795077,288230376153232551,288230376166169263,288230376166168091,157,2026-06-30T15:12:51.000Z,2026-06-30T15:15:28.000Z,44.6,-46.0,37.6,-7,0,0.2,4035.24,4033.23,,,SELL,USD,1,1,1583663
D#1702347,XAUUSD,100,288230376154795094,288230376153232387,288230376166169322,288230376166166534,388,2026-06-30T15:09:07.000Z,2026-06-30T15:15:35.000Z,0.75,-1.8,-4.51,-5.26,0,0.15,4033.35,4033.52,4037.32,4032.71,SELL,USD,1,1,1583663
D#1702347,XAUUSD,100,288230376154795125,288230376153232707,288230376166169470,288230376166169382,12,2026-06-30T15:15:43.000Z,2026-06-30T15:15:55.000Z,12.6,-13.86,6.3,-6.3,0,0.18,4033.39,4033.87,,,BUY,USD,1,1,1583663
D#1645646,XAUUSD,100,288230376154795161,288230376153232666,288230376166169147,288230376166169055,68,2026-06-30T15:14:59.000Z,2026-06-30T15:16:07.000Z,-77.2,75.8,-84.2,-7,0,0.2,4036.14,4032.06,4032.19,,BUY,USD,1,1,1583663
D#1702532,XAUUSD,100,288230376154795332,288230376153232022,288230376166164257,288230376166163820,830,2026-06-30T15:03:49.000Z,2026-06-30T15:17:39.000Z,134.6,-136.0,127.6,-7,0,0.2,4035.86,4029.35,4040.96,4029.97,SELL,USD,1,1,1583663
D#1614609,XAUUSD,100,288230376154795363,288230376153230953,288230376166159368,288230376166155996,1726,2026-06-30T14:49:01.000Z,2026-06-30T15:17:47.000Z,-65.08,64.8,-66.48,-1.4,0,0.04,4045.29,4028.8,4028.93,4073.17,BUY,USD,1,1,1583663
D#1645646,XAUUSD,100,288230376154795373,288230376153232746,288230376166169760,288230376166169639,95,2026-06-30T15:16:16.000Z,2026-06-30T15:17:51.000Z,-71,69.6,-78.0,-7,0,0.2,4031.75,4027.98,4028.39,4037.34,BUY,USD,1,1,1583663
D#1671056,XAUUSD,100,288230376154795393,288230376153232159,288230376166170393,288230376166164845,728,2026-06-30T15:05:47.000Z,2026-06-30T15:17:55.000Z,187.2,-189.29999999999998,176.7,-10.5,0,0.3,4033.84,4027.82,4037.22,,SELL,USD,1,1,1583663
D#1670973,XAUUSD,100,288230376154795419,288230376153232813,288230376166170461,288230376166170158,34,2026-06-30T15:17:29.000Z,2026-06-30T15:18:03.000Z,-61.95,60.900000000000006,-67.21,-5.26,0,0.15,4031.52,4027.17,,,BUY,USD,1,1,1583663
D#1591591,XAUUSD,100,288230376154795478,288230376153231753,288230376166170607,288230376166162011,1066,2026-06-30T15:00:34.000Z,2026-06-30T15:18:20.000Z,-210.2,208.79999999999998,-217.2,-7,0,0.2,4037.71,4026.98,,,BUY,USD,1,1,1583663
D#1670985,XAUUSD,100,288230376154795507,288230376153227594,288230376166170755,288230376166132710,4277,2026-06-30T14:07:20.000Z,2026-06-30T15:18:37.000Z,-25.6,24.900000000000002,-29.1,-3.5,0,0.1,4030.54,4027.76,4025.39,,BUY,USD,1,1,1583663
D#1702342,XAUUSD,100,288230376154795690,288230376153232983,288230376166171563,288230376166171461,13,2026-06-30T15:20:03.000Z,2026-06-30T15:20:16.000Z,25.6,-27.0,18.6,-7,0,0.2,4027.26,4028.32,,,BUY,USD,1,1,1583663
D#1702342,XAUUSD,100,288230376154795732,288230376153233016,288230376166171747,288230376166171712,5,2026-06-30T15:20:35.000Z,2026-06-30T15:20:40.000Z,25.2,-26.599999999999998,18.2,-7,0,0.2,4027.41,4026.37,,,SELL,USD,1,1,1583663
D#1702738,XAUUSD,100,288230376154795753,288230376153231215,288230376166162017,288230376166158013,1656,2026-06-30T14:53:08.000Z,2026-06-30T15:20:44.000Z,-198.6,197.9,-202.1,-3.5,0,0.1,4045.38,4025.3,4025.79,,BUY,USD,1,1,1583663
D#1702440,XAUUSD,100,288230376154795754,288230376153231999,288230376166163606,288230376166163603,1041,2026-06-30T15:03:23.000Z,2026-06-30T15:20:44.000Z,-86.4,85.84,-89.2,-2.8,0,0.08,4036.32,4025.3,4025.64,4050.02,BUY,USD,1,1,1583663
D#1670973,XAUUSD,100,288230376154795820,288230376153232896,288230376166170982,288230376166170738,174,2026-06-30T15:18:35.000Z,2026-06-30T15:21:29.000Z,-44.7,43.650000000000006,-49.96,-5.26,0,0.15,4027.8,4024.6,4024.97,4032.05,BUY,USD,1,1,1583663
D#1645646,XAUUSD,100,288230376154795870,288230376153232897,288230376166172250,288230376166170746,185,2026-06-30T15:18:36.000Z,2026-06-30T15:21:41.000Z,-74.4,72.30000000000001,-84.9,-10.5,0,0.3,4027.81,4025.11,4019.99,4031.45,BUY,USD,1,1,1583663
D#1702342,XAUUSD,100,288230376154795934,288230376153233100,288230376166172597,288230376166172463,18,2026-06-30T15:22:16.000Z,2026-06-30T15:22:34.000Z,35.8,-37.199999999999996,28.8,-7,0,0.2,4024.62,4023.05,,,SELL,USD,1,1,1583663
D#1702563,XAUUSD,100,288230376154795944,288230376153231898,288230376166162896,288230376166155306,1236,2026-06-30T15:02:03.000Z,2026-06-30T15:22:39.000Z,-92.19,91.7,-94.65,-2.46,0,0.07,4035.85,4022.46,4022.6,4054.99,BUY,USD,1,1,1583663
D#1670972,XAUUSD,100,288230376154795947,288230376153232055,288230376166164214,288230376166164060,1106,2026-06-30T15:04:13.000Z,2026-06-30T15:22:39.000Z,-70.3,69.95,-72.06,-1.76,0,0.05,4036.74,4022.46,4022.74,,BUY,USD,1,1,1583663
D#1702716,XAUUSD,100,288230376154795946,288230376153232437,288230376166167124,288230376166167011,745,2026-06-30T15:10:14.000Z,2026-06-30T15:22:39.000Z,117.2,-117.9,113.7,-3.5,0,0.1,4034.13,4022.63,4033.23,4022.76,SELL,USD,1,1,1583663
D#1702347,XAUUSD,100,288230376154795940,288230376153232898,288230376166172623,288230376166170766,240,2026-06-30T15:18:39.000Z,2026-06-30T15:22:39.000Z,-110.4,109.0,-117.4,-7,0,0.2,4028.39,4022.65,,,BUY,USD,1,1,1583663
D#1702347,XAUUSD,100,288230376154795997,288230376153233121,288230376166172918,288230376166172648,39,2026-06-30T15:22:43.000Z,2026-06-30T15:23:22.000Z,-88.96,86.72,-100.16,-11.2,0,0.32,4022.87,4025.87,,,SELL,USD,1,1,1583663
D#1702347,XAUUSD,100,288230376154796028,288230376153233151,288230376166173058,288230376166172934,16,2026-06-30T15:23:24.000Z,2026-06-30T15:23:40.000Z,-51.84,49.6,-63.04,-11.2,0,0.32,4025.29,4027.13,,,SELL,USD,1,1,1583663
D#1702746,XAUUSD,100,288230376154796107,288230376153231855,288230376166173453,288230376166162621,1380,2026-06-30T15:01:34.000Z,2026-06-30T15:24:34.000Z,31.88,-32.16,30.48,-1.4,0,0.04,4036.6,4028.85,,,SELL,USD,1,1,1583663
D#1702640,XAUUSD,100,288230376154796150,288230376153233207,288230376166173704,288230376166173401,43,2026-06-30T15:24:27.000Z,2026-06-30T15:25:10.000Z,-70.8,66.6,-91.8,-21,0,0.6,4028.26,4026.86,,,BUY,USD,1,1,1583663
D#1702613,XAUUSD,100,288230376154796221,288230376153233246,288230376166174068,288230376166173840,31,2026-06-30T15:25:26.000Z,2026-06-30T15:25:57.000Z,52.8,-55.599999999999994,38.8,-14,0,0.4,4027.48,4028.58,,,BUY,USD,1,1,1583663
D#1670973,XAUUSD,100,288230376154796287,288230376153233089,288230376166172566,288230376166172386,273,2026-06-30T15:22:03.000Z,2026-06-30T15:26:36.000Z,-79.05,78.0,-84.31,-5.26,0,0.15,4024.1,4029.59,4029.18,4019.77,SELL,USD,1,1,1583663
D#1702399,XAUUSD,100,288230376154796521,288230376153229953,288230376166175318,288230376166148909,3185,2026-06-30T14:35:40.000Z,2026-06-30T15:28:45.000Z,230.7,-231.39999999999998,227.2,-3.5,0,0.1,4052.87,4030.02,,3985.25,SELL,USD,1,1,1583663
D#1702640,XAUUSD,100,288230376154796681,288230376153233238,288230376166176161,288230376166173789,322,2026-06-30T15:25:21.000Z,2026-06-30T15:30:43.000Z,50.15,-54.28,29.49,-20.66,0,0.59,4027.7,4028.33,,,BUY,USD,1,1,1583663
D#1702640,XAUUSD,100,288230376154796767,288230376153233552,288230376166176638,288230376166176252,55,2026-06-30T15:30:56.000Z,2026-06-30T15:31:51.000Z,-76.7,72.57000000000001,-97.36,-20.66,0,0.59,4027.92,4029.44,,,SELL,USD,1,1,1583663
D#1702342,XAUUSD,100,288230376154796878,288230376153233140,288230376166177094,288230376166172840,584,2026-06-30T15:23:11.000Z,2026-06-30T15:32:55.000Z,-204.8,202.0,-218.8,-14,0,0.4,4025.28,4030.62,,,SELL,USD,1,1,1583663
D#1702595,XAUUSD,100,288230376154797551,288230376153233887,288230376166180301,288230376166179580,103,2026-06-30T15:39:23.000Z,2026-06-30T15:41:06.000Z,11.68,-12.24,8.88,-2.8,0,0.08,4030.15,4028.91,,,SELL,USD,1,1,1583663
D#1702613,XAUUSD,100,288230376154797555,288230376153233835,288230376166179064,288230376166178994,202,2026-06-30T15:37:51.000Z,2026-06-30T15:41:13.000Z,73.2,-76.0,59.2,-14,0,0.4,4029.94,4028.33,4032.09,4028.36,SELL,USD,1,1,1583663
D#1670973,XAUUSD,100,288230376154797651,288230376153233379,288230376166175690,288230376166174837,874,2026-06-30T15:27:37.000Z,2026-06-30T15:42:11.000Z,-42.45,41.400000000000006,-47.71,-5.26,0,0.15,4030.04,4026.99,4027.13,4034.16,BUY,USD,1,1,1583663
D#1702399,XAUUSD,100,288230376154797703,288230376153233459,288230376166180963,288230376166175520,819,2026-06-30T15:29:10.000Z,2026-06-30T15:42:49.000Z,-92.8,90.0,-106.8,-14,0,0.4,4029.47,4026.93,,4034.05,BUY,USD,1,1,1583663
D#1670973,XAUUSD,100,288230376154797838,288230376153234019,288230376166181033,288230376166180823,163,2026-06-30T15:42:27.000Z,2026-06-30T15:45:10.000Z,-43.35,42.300000000000004,-48.61,-5.26,0,0.15,4027.72,4030.83,4030.57,4023.54,SELL,USD,1,1,1583663
D#1702532,XAUUSD,100,288230376154797925,288230376153233182,288230376166173900,288230376166173256,1307,2026-06-30T15:24:07.000Z,2026-06-30T15:45:54.000Z,120.8,-122.2,113.8,-7,0,0.2,4027.31,4033.13,4021.2,4033.2,BUY,USD,1,1,1583663
D#1702613,XAUUSD,100,288230376154798069,288230376153234100,288230376166181929,288230376166181775,112,2026-06-30T15:45:12.000Z,2026-06-30T15:47:04.000Z,-119.6,116.8,-133.6,-14,0,0.4,4031.13,4034.34,4034.06,4029.39,SELL,USD,1,1,1583663
D#1670973,XAUUSD,100,288230376154798224,288230376153234238,288230376166183224,288230376166183053,43,2026-06-30T15:48:26.000Z,2026-06-30T15:49:09.000Z,-15.75,14.7,-21.01,-5.26,0,0.15,4032.62,4033.89,4033.77,4028.65,SELL,USD,1,1,1583663
D#1702746,XAUUSD,100,288230376154798367,288230376153233602,288230376166183954,288230376166176735,1133,2026-06-30T15:32:06.000Z,2026-06-30T15:50:59.000Z,11.36,-11.639999999999999,9.96,-1.4,0,0.04,4029.19,4031.81,,,BUY,USD,1,1,1583663
D#1702399,XAUUSD,100,288230376154798414,288230376153234111,288230376166184301,288230376166181860,399,2026-06-30T15:45:25.000Z,2026-06-30T15:52:04.000Z,3.3,-7.15,-15.96,-19.26,0,0.55,4032.23,4032.07,,4041.22,BUY,USD,1,1,1583663
D#1671070,XAUUSD,100,288230376154798489,288230376153230344,288230376166184835,288230376166151656,4379,2026-06-30T14:40:45.000Z,2026-06-30T15:53:44.000Z,141.05,-141.54000000000002,138.59,-2.46,0,0.07,4052.18,4032.25,4064.93,3967.1,SELL,USD,1,1,1583663
D#1702716,XAUUSD,100,288230376154798733,288230376153234274,288230376166183536,288230376166183431,505,2026-06-30T15:49:25.000Z,2026-06-30T15:57:50.000Z,-41.5,40.8,-45.0,-3.5,0,0.1,4034.66,4030.29,4030.44,4044.33,BUY,USD,1,1,1583663
D#1670972,XAUUSD,100,288230376154798734,288230376153234461,288230376166185852,288230376166185751,88,2026-06-30T15:56:22.000Z,2026-06-30T15:57:50.000Z,-16.95,16.599999999999998,-18.71,-1.76,0,0.05,4033.9,4030.29,4030.68,4043.81,BUY,USD,1,1,1583663
D#1702746,XAUUSD,100,288230376154798845,288230376153234459,288230376166186774,288230376166185720,201,2026-06-30T15:56:16.000Z,2026-06-30T15:59:37.000Z,-18.76,18.48,-20.16,-1.4,0,0.04,4033.92,4029.01,4029.21,,BUY,USD,1,1,1583663
D#1702532,XAUUSD,100,288230376154799040,288230376153234648,288230376166187876,288230376166187623,51,2026-06-30T16:01:40.000Z,2026-06-30T16:02:31.000Z,29,-30.4,22.0,-7,0,0.2,4028.51,4029.74,4029.92,4034.4,BUY,USD,1,1,1583663
D#1702399,XAUUSD,100,288230376154799200,288230376153234562,288230376166188706,288230376166186828,302,2026-06-30T15:59:38.000Z,2026-06-30T16:04:40.000Z,-110,106.15,-129.26,-19.26,0,0.55,4029.11,4026.89,,4037.93,BUY,USD,1,1,1583663
D#1702342,XAUUSD,100,288230376154799223,288230376153233639,288230376166188797,288230376166177110,1919,2026-06-30T15:32:58.000Z,2026-06-30T16:04:57.000Z,-103.6,100.8,-117.6,-14,0,0.4,4030.04,4027.23,,,BUY,USD,1,1,1583663
D#1702342,XAUUSD,100,288230376154799294,288230376153234765,288230376166189082,288230376166188882,31,2026-06-30T16:05:09.000Z,2026-06-30T16:05:40.000Z,-12.8,10.0,-26.8,-14,0,0.4,4026.95,4027.49,,,SELL,USD,1,1,1583663
D#1670972,XAUUSD,100,288230376154799569,288230376153234884,288230376166190672,288230376166190069,111,2026-06-30T16:08:27.000Z,2026-06-30T16:10:18.000Z,4.55,-4.8999999999999995,2.79,-1.76,0,0.05,4026.53,4027.22,4025.38,,BUY,USD,1,1,1583663
D#1702462,XAUUSD,100,288230376154800100,288230376153234694,288230376166194379,288230376166188189,1147,2026-06-30T16:03:19.000Z,2026-06-30T16:22:26.000Z,2.55,-2.9,0.79,-1.76,0,0.05,4029.78,4030.07,4026.08,4039.35,BUY,USD,1,1,1583663
D#1702552,XAUUSD,100,288230376154800121,288230376153234653,288230376166190203,288230376166187673,1271,2026-06-30T16:01:50.000Z,2026-06-30T16:23:01.000Z,-81.3,79.2,-91.8,-10.5,0,0.3,4028.63,4031.56,4031.45,4024.54,SELL,USD,1,1,1583663
D#1702716,XAUUSD,100,288230376154800650,288230376153235068,288230376166192613,288230376166192519,1248,2026-06-30T16:16:14.000Z,2026-06-30T16:37:02.000Z,-24.9,24.2,-28.4,-3.5,0,0.1,4030.63,4027.92,4028.01,4040.74,BUY,USD,1,1,1583663
D#1702595,XAUUSD,100,288230376154800754,288230376153235547,288230376166199644,288230376166199533,22,2026-06-30T16:40:36.000Z,2026-06-30T16:40:58.000Z,5.2,-5.76,2.4,-2.8,0,0.08,4029.32,4028.89,,,SELL,USD,1,1,1583663
D#1702470,XAUUSD,100,288230376154800869,288230376153234646,288230376166187710,288230376166187606,2486,2026-06-30T16:01:38.000Z,2026-06-30T16:43:04.000Z,-56.96,55.84,-62.56,-5.6,0,0.16,4028.47,4032.25,4031.8,,SELL,USD,1,1,1583663
D#1702649,XAUUSD,100,288230376154800914,288230376153233749,288230376166200480,288230376166178170,4081,2026-06-30T15:35:58.000Z,2026-06-30T16:43:59.000Z,17.6,-19.0,10.6,-7,0,0.2,4030.21,4030.87,,,BUY,USD,1,1,1583663
D#1702493,XAUUSD,100,288230376154801101,288230376153235077,288230376166201835,288230376166192582,1932,2026-06-30T16:16:23.000Z,2026-06-30T16:48:35.000Z,1.39,-1.46,1.03,-0.36,0,0.01,4030.8,4031.97,4017.69,4043.87,BUY,USD,1,1,1583663
D#1670969,XAUUSD,100,288230376154801138,288230376153234229,288230376166202015,288230376166182923,3675,2026-06-30T15:48:01.000Z,2026-06-30T16:49:16.000Z,-1.16,1.02,-1.86,-0.7,0,0.02,4033.17,4032.37,4022.7,4084.78,BUY,USD,1,1,1583663
D#1702613,XAUUSD,100,288230376154801183,288230376153235698,288230376166201705,288230376166201509,173,2026-06-30T16:47:27.000Z,2026-06-30T16:50:20.000Z,72,-74.8,58.0,-14,0,0.4,4032.67,4031.09,4034.88,4031.04,SELL,USD,1,1,1583663
D#1702532,XAUUSD,100,288230376154801239,288230376153234709,288230376166202695,288230376166188402,2868,2026-06-30T16:03:53.000Z,2026-06-30T16:51:41.000Z,52,-53.4,45.0,-7,0,0.2,4028.86,4031.24,4022.75,4034.75,BUY,USD,1,1,1583663
D#1702563,XAUUSD,100,288230376154801250,288230376153233384,288230376166202787,288230376166174903,5056,2026-06-30T15:27:46.000Z,2026-06-30T16:52:02.000Z,8.47,-8.96,6.01,-2.46,0,0.07,4029.95,4030.94,4011.02,4050.75,BUY,USD,1,1,1583663
D#1670958,XAUUSD,100,288230376154801272,288230376153235818,288230376166202939,288230376166202867,15,2026-06-30T16:52:16.000Z,2026-06-30T16:52:31.000Z,4.96,-9.3,-16.74,-21.7,0,0.62,4031,4030.86,,,BUY,USD,1,1,1583663
D#1670958,XAUUSD,100,288230376154801303,288230376153235836,288230376166203256,288230376166203185,17,2026-06-30T16:53:27.000Z,2026-06-30T16:53:44.000Z,0.62,-4.96,-21.08,-21.7,0,0.62,4030.78,4030.99,,,SELL,USD,1,1,1583663
D#1670958,XAUUSD,100,288230376154801349,288230376153235844,288230376166203439,288230376166203294,30,2026-06-30T16:53:54.000Z,2026-06-30T16:54:24.000Z,22.32,-26.66,0.62,-21.7,0,0.62,4030.97,4030.83,,,SELL,USD,1,1,1583663
D#1670958,XAUUSD,100,288230376154801382,288230376153235870,288230376166203596,288230376166203490,21,2026-06-30T16:54:33.000Z,2026-06-30T16:54:54.000Z,-21.08,16.74,-42.78,-21.7,0,0.62,4031.31,4031.87,,,SELL,USD,1,1,1583663
D#1702552,XAUUSD,100,288230376154801468,288230376153235804,288230376166202971,288230376166202753,239,2026-06-30T16:51:54.000Z,2026-06-30T16:55:53.000Z,-53.4,51.3,-63.9,-10.5,0,0.3,4030.86,4028.86,4029.22,4034.6,BUY,USD,1,1,1583663
D#1670958,XAUUSD,100,288230376154801473,288230376153235914,288230376166203993,288230376166203893,15,2026-06-30T16:55:40.000Z,2026-06-30T16:55:55.000Z,81.13,-85.39999999999999,59.77,-21.36,0,0.61,4030.08,4028.97,,,SELL,USD,1,1,1583663
D#1702563,XAUUSD,100,288230376154801477,288230376153235820,288230376166203159,288230376166202892,219,2026-06-30T16:52:21.000Z,2026-06-30T16:56:00.000Z,24.53,-25.3,20.67,-3.86,0,0.11,4030.92,4028.91,,4028.84,SELL,USD,1,1,1583663
D#1670958,XAUUSD,100,288230376154801528,288230376153235941,288230376166204372,288230376166204195,30,2026-06-30T16:56:31.000Z,2026-06-30T16:57:01.000Z,71.37,-75.64,50.01,-21.36,0,0.61,4028.64,4029.59,,,BUY,USD,1,1,1583663
D#1702461,XAUUSD,100,288230376154801737,288230376153233236,288230376166205548,288230376166173752,5719,2026-06-30T15:25:16.000Z,2026-06-30T17:00:35.000Z,3.55,-3.9,1.79,-1.76,0,0.05,4027.36,4026.87,,,SELL,USD,1,1,1583663
D#1702462,XAUUSD,100,288230376154801762,288230376153235463,288230376166198219,288230376166198102,1536,2026-06-30T16:35:29.000Z,2026-06-30T17:01:05.000Z,-20.55,20.2,-22.31,-1.76,0,0.05,4029.88,4025.55,4025.82,4038.37,BUY,USD,1,1,1583663
D#1614602,XAUUSD,100,288230376154801768,288230376153234864,288230376166189884,288230376166189794,3210,2026-06-30T16:07:39.000Z,2026-06-30T17:01:09.000Z,-94.5,92.4,-105.0,-10.5,0,0.3,4028.23,4024.86,4025.36,4037.09,BUY,USD,1,1,1583663
D#1702724,XAUUSD,100,288230376154801771,288230376153235613,288230376166200661,288230376166200419,1042,2026-06-30T16:43:47.000Z,2026-06-30T17:01:09.000Z,-311,307.5,-328.5,-17.5,0,0.5,4031.24,4024.8,4025.16,4037.66,BUY,USD,1,1,1583663
D#1670958,XAUUSD,100,288230376154801779,288230376153235975,288230376166205755,288230376166204572,212,2026-06-30T16:57:38.000Z,2026-06-30T17:01:10.000Z,-197.64,193.36999999999998,-219.0,-21.36,0,0.61,4028.17,4024.71,,,BUY,USD,1,1,1583663
D#1702563,XAUUSD,100,288230376154801948,288230376153236027,288230376166205325,288230376166204412,310,2026-06-30T16:59:55.000Z,2026-06-30T17:05:05.000Z,6.44,-7.420000000000001,1.54,-4.9,0,0.14,4026.33,4026.57,4026.73,4029.78,BUY,USD,1,1,1583663
D#1702613,XAUUSD,100,288230376154801962,288230376153236089,288230376166206189,288230376166206055,182,2026-06-30T17:02:06.000Z,2026-06-30T17:05:08.000Z,-53.6,50.800000000000004,-67.6,-14,0,0.4,4027.08,4025.52,4025.79,4038.89,BUY,USD,1,1,1583663
D#1671066,XAUUSD,100,288230376154801982,288230376153234198,288230376166207035,288230376166182655,4677,2026-06-30T15:47:21.000Z,2026-06-30T17:05:18.000Z,-89.9,89.2,-93.4,-3.5,0,0.1,4034.43,4025.22,,4043.46,BUY,USD,1,1,1583663
D#1670985,XAUUSD,100,288230376154802128,288230376153233262,288230376166174120,288230376166174015,6138,2026-06-30T15:25:51.000Z,2026-06-30T17:08:09.000Z,-55.8,55.099999999999994,-59.3,-3.5,0,0.1,4028.6,4022.8,4023.14,,BUY,USD,1,1,1583663
D#1614602,XAUUSD,100,288230376154802156,288230376153236102,288230376166208024,288230376166206195,349,2026-06-30T17:02:32.000Z,2026-06-30T17:08:21.000Z,-114.6,112.5,-125.1,-10.5,0,0.3,4026.85,4022.81,,4043.66,BUY,USD,1,1,1583663
D#1702653,XAUUSD,100,288230376154802170,288230376153235701,288230376166201674,288230376166201526,1259,2026-06-30T16:47:30.000Z,2026-06-30T17:08:29.000Z,52.05,-52.4,50.29,-1.76,0,0.05,4032.62,4022.43,4032.37,4022.45,SELL,USD,1,1,1583663
D#1670969,XAUUSD,100,288230376154802168,288230376153235832,288230376166203305,288230376166203109,920,2026-06-30T16:53:09.000Z,2026-06-30T17:08:29.000Z,-53.28,52.86,-55.38,-2.1,0,0.06,4031.37,4022.27,4022.68,4048.57,BUY,USD,1,1,1583663
D#1702595,XAUUSD,100,288230376154802166,288230376153236194,288230376166208069,288230376166207267,150,2026-06-30T17:05:59.000Z,2026-06-30T17:08:29.000Z,21.12,-21.68,18.32,-2.8,0,0.08,4025.19,4022.77,,,SELL,USD,1,1,1583663
D#1671070,XAUUSD,100,288230376154802214,288230376153234396,288230376166185083,288230376166185078,4447,2026-06-30T15:54:25.000Z,2026-06-30T17:08:32.000Z,-109.98,109.35000000000001,-113.14,-3.16,0,0.09,4033.64,4021.2,4021.33,4092.42,BUY,USD,1,1,1583663
D#1702595,XAUUSD,100,288230376154802229,288230376153236270,288230376166208182,288230376166208138,7,2026-06-30T17:08:38.000Z,2026-06-30T17:08:45.000Z,1.76,-2.3200000000000003,-1.04,-2.8,0,0.08,4021.75,4021.75,,,SELL,USD,1,1,1583663
D#1702563,XAUUSD,100,288230376154802301,288230376153236172,288230376166208667,288230376166207061,289,2026-06-30T17:05:23.000Z,2026-06-30T17:10:12.000Z,27.58,-28.56,22.68,-4.9,0,0.14,4024.87,4023.12,4024.18,4020.02,SELL,USD,1,1,1583663
D#1702508,XAUUSD,100,288230376154802312,288230376153236187,288230376166208737,288230376166207208,278,2026-06-30T17:05:47.000Z,2026-06-30T17:10:25.000Z,35.8,-37.199999999999996,28.8,-7,0,0.2,4024.96,4023.39,,4020,SELL,USD,1,1,1583663
D#1702462,XAUUSD,100,288230376154802401,288230376153236075,288230376166209488,288230376166205859,677,2026-06-30T17:01:28.000Z,2026-06-30T17:12:45.000Z,18.5,-18.85,16.74,-1.76,0,0.05,4025.35,4021.87,4028.02,4009.37,SELL,USD,1,1,1583663
D#1702563,XAUUSD,100,288230376154802587,288230376153236328,288230376166210778,288230376166208709,402,2026-06-30T17:10:20.000Z,2026-06-30T17:17:02.000Z,25.06,-26.04,20.16,-4.9,0,0.14,4023.54,4025.11,4020.79,4026,BUY,USD,1,1,1583663
D#1702748,XAUUSD,100,288230376154802730,288230376153236434,288230376166211960,288230376166210149,325,2026-06-30T17:14:51.000Z,2026-06-30T17:20:16.000Z,5.34,-5.4799999999999995,4.64,-0.7,0,0.02,4023.28,4025.73,4024.27,4031.94,BUY,USD,1,1,1583663
D#1670982,XAUUSD,100,288230376154802819,288230376153236511,288230376166211306,288230376166211123,285,2026-06-30T17:18:07.000Z,2026-06-30T17:22:52.000Z,-62.2,60.800000000000004,-69.2,-7,0,0.2,4028.23,4024.9,4025,4035,BUY,USD,1,1,1583663
D#1702746,XAUUSD,100,288230376154802835,288230376153236444,288230376166212854,288230376166210235,483,2026-06-30T17:15:08.000Z,2026-06-30T17:23:11.000Z,7.4,-7.680000000000001,6.0,-1.4,0,0.04,4023.59,4025.22,,,BUY,USD,1,1,1583663
D#1702563,XAUUSD,100,288230376154802875,288230376153236552,288230376166212022,288230376166211729,245,2026-06-30T17:20:10.000Z,2026-06-30T17:24:15.000Z,37.44,-38.28,33.24,-4.2,0,0.12,4026.34,4023.44,4029.07,4023.38,SELL,USD,1,1,1583663
D#1670982,XAUUSD,100,288230376154802885,288230376153236618,288230376166213267,288230376166212850,83,2026-06-30T17:23:10.000Z,2026-06-30T17:24:33.000Z,-37.2,35.800000000000004,-44.2,-7,0,0.2,4025.35,4023.27,4022,4035,BUY,USD,1,1,1583663
D#1702462,XAUUSD,100,288230376154802939,288230376153236545,288230376166213841,288230376166211656,394,2026-06-30T17:19:56.000Z,2026-06-30T17:26:30.000Z,15.8,-16.150000000000002,14.04,-1.76,0,0.05,4026.83,4023.89,4028.22,4020.9,SELL,USD,1,1,1583663
D#1702636,XAUUSD,100,288230376154803031,288230376153236641,288230376166213176,288230376166212114,254,2026-06-30T17:24:12.000Z,2026-06-30T17:28:26.000Z,1.9,-2.04,1.2,-0.7,0,0.02,4023.98,4024.71,,4024.7,BUY,USD,1,1,1583663
D#1670982,XAUUSD,100,288230376154803042,288230376153236649,288230376166214039,288230376166213284,252,2026-06-30T17:24:37.000Z,2026-06-30T17:28:49.000Z,-53.2,51.800000000000004,-60.2,-7,0,0.2,4023.28,4026.16,4026,4016,SELL,USD,1,1,1583663
D#1702563,XAUUSD,100,288230376154803093,288230376153236736,288230376166214995,288230376166214686,59,2026-06-30T17:29:16.000Z,2026-06-30T17:30:15.000Z,43.56,-44.400000000000006,39.36,-4.2,0,0.12,4023.12,4026.53,4019.74,4028.27,BUY,USD,1,1,1583663
D#1702716,XAUUSD,100,288230376154803566,288230376153236171,288230376166207150,288230376166207044,2235,2026-06-30T17:05:20.000Z,2026-06-30T17:42:35.000Z,-35.9,35.199999999999996,-39.4,-3.5,0,0.1,4025.02,4028.83,4028.58,4014.07,SELL,USD,1,1,1583663
D#1702716,XAUUSD,100,288230376154803870,288230376153237121,288230376166219999,288230376166219693,52,2026-06-30T17:46:29.000Z,2026-06-30T17:47:21.000Z,-20.1,18.0,-30.6,-10.5,0,0.3,4030.44,4029.55,,,BUY,USD,1,1,1583663
D#1645671,XAUUSD,100,288230376154803977,288230376153237188,288230376166220703,288230376166220389,78,2026-06-30T17:48:41.000Z,2026-06-30T17:49:59.000Z,-1.8,0.9600000000000001,-6.0,-4.2,0,0.12,4030.04,4029.67,,4036.22,BUY,USD,1,1,1583663
D#1670967,XAUUSD,100,288230376154804070,288230376153237247,288230376166221188,288230376166221171,3,2026-06-30T17:51:41.000Z,2026-06-30T17:51:44.000Z,10.29,-13.719999999999999,-6.87,-17.16,0,0.49,4031.56,4031.55,,,BUY,USD,1,1,1583663
D#1702563,XAUUSD,100,288230376154804080,288230376153237086,288230376166219425,288230376166219364,386,2026-06-30T17:45:30.000Z,2026-06-30T17:51:56.000Z,-29.64,28.8,-33.84,-4.2,0,0.12,4029.49,4032.18,4031.95,4024.57,SELL,USD,1,1,1583663
D#1702540,XAUUSD,100,288230376154804081,288230376153237087,288230376166221241,288230376166219376,383,2026-06-30T17:45:33.000Z,2026-06-30T17:51:56.000Z,133,-136.5,115.5,-17.5,0,0.5,4029.62,4032.06,,,BUY,USD,1,1,1583663
D#1702716,XAUUSD,100,288230376154804142,288230376153237210,288230376166221628,288230376166220731,198,2026-06-30T17:50:08.000Z,2026-06-30T17:53:26.000Z,-72.6,70.5,-83.1,-10.5,0,0.3,4029.68,4032.32,,,SELL,USD,1,1,1583663
D#1670969,XAUUSD,100,288230376154804195,288230376153236515,288230376166222294,288230376166211180,2252,2026-06-30T17:18:22.000Z,2026-06-30T17:55:54.000Z,-21,20.58,-23.1,-2.1,0,0.06,4027.71,4031.43,4034.31,4010.51,SELL,USD,1,1,1583663
D#1702716,XAUUSD,100,288230376154804256,288230376153237287,288230376166222905,288230376166221655,285,2026-06-30T17:53:32.000Z,2026-06-30T17:58:17.000Z,-101.5,98.0,-119.0,-17.5,0,0.5,4032.26,4030.01,,,BUY,USD,1,1,1583663
D#1645671,XAUUSD,100,288230376154804496,288230376153237209,288230376166220782,288230376166220718,913,2026-06-30T17:50:02.000Z,2026-06-30T18:05:15.000Z,107.7,-109.8,97.2,-10.5,0,0.3,4029.85,4033.22,,4032.59,BUY,USD,1,1,1583663
D#1702508,XAUUSD,100,288230376154804550,288230376153236350,288230376166224769,288230376166209018,3264,2026-06-30T17:11:17.000Z,2026-06-30T18:05:41.000Z,-229,227.6,-236.0,-7,0,0.2,4021.76,4033.43,4046,4000,SELL,USD,1,1,1583663
D#1702530,XAUUSD,100,288230376154804647,288230376153234404,288230376166225317,288230376166182449,7969,2026-06-30T15:54:39.000Z,2026-06-30T18:07:28.000Z,10.17,-10.8,7.01,-3.16,0,0.09,4033.86,4032.95,4040,4020,SELL,USD,1,1,1583663
D#1702372,XAUUSD,100,288230376154804862,288230376153235921,288230376166226968,288230376166203952,4707,2026-06-30T16:55:52.000Z,2026-06-30T18:14:19.000Z,34.2,-34.900000000000006,30.7,-3.5,0,0.1,4029.42,4032.62,4011.79,4058.43,BUY,USD,1,1,1583663
D#1645641,XAUUSD,100,288230376154804924,288230376153235031,288230376166227375,288230376166192070,7253,2026-06-30T16:14:52.000Z,2026-06-30T18:15:45.000Z,31.2,-32.6,24.2,-7,0,0.2,4030.09,4031.43,,4034.07,BUY,USD,1,1,1583663
D#1670922,XAUUSD,100,288230376154804999,288230376153235447,288230376166227950,288230376166197885,6201,2026-06-30T16:34:48.000Z,2026-06-30T18:18:09.000Z,3,-3.7,-0.5,-3.5,0,0.1,4030.97,4031.05,,,BUY,USD,1,1,1583663
D#1645641,XAUUSD,100,288230376154805528,288230376153237699,288230376166232528,288230376166227388,1315,2026-06-30T18:15:47.000Z,2026-06-30T18:37:42.000Z,29.6,-31.0,22.6,-7,0,0.2,4031.37,4030.11,,4025.91,SELL,USD,1,1,1583663
D#1702540,XAUUSD,100,288230376154805580,288230376153237742,288230376166232991,288230376166228029,1285,2026-06-30T18:18:37.000Z,2026-06-30T18:40:02.000Z,84.36,-88.35,64.4,-19.96,0,0.57,4031.17,4029.91,,,SELL,USD,1,1,1583663
D#1702338,XAUUSD,100,288230376154805918,288230376153237984,288230376166235140,288230376166232167,753,2026-06-30T18:35:50.000Z,2026-06-30T18:48:23.000Z,11.1,-11.799999999999999,7.6,-3.5,0,0.1,4031.1,4030.21,,,SELL,USD,1,1,1583663
D#1671093,XAUUSD,100,288230376154805986,288230376153234574,288230376166235400,288230376166186911,10160,2026-06-30T15:59:51.000Z,2026-06-30T18:49:11.000Z,17.76,-18.6,13.56,-4.2,0,0.12,4029.4,4030.66,4018.34,4062.82,BUY,USD,1,1,1583663
D#1671093,XAUUSD,100,288230376154806156,288230376153238226,288230376166236131,288230376166235426,145,2026-06-30T18:49:16.000Z,2026-06-30T18:51:41.000Z,-9.12,8.28,-13.32,-4.2,0,0.12,4030.91,4031.89,,,SELL,USD,1,1,1583663
D#1702443,XAUUSD,100,288230376154806503,288230376153238429,288230376166238303,288230376166238122,31,2026-06-30T18:58:41.000Z,2026-06-30T18:59:12.000Z,12.87,-13.5,9.71,-3.16,0,0.09,4031.27,4030.06,,,SELL,USD,1,1,1583663
D#1645641,XAUUSD,100,288230376154806714,288230376153238004,288230376166232603,288230376166232561,1582,2026-06-30T18:37:52.000Z,2026-06-30T19:04:14.000Z,102.4,-105.2,88.4,-14,0,0.4,4029.95,4027.61,,4027.5,SELL,USD,1,1,1583663
D#1670967,XAUUSD,100,288230376154806722,288230376153237253,288230376166239691,288230376166221214,4351,2026-06-30T17:51:49.000Z,2026-06-30T19:04:20.000Z,-202.86,199.43,-220.02,-17.16,0,0.49,4031.57,4027.21,4026.85,4040.72,BUY,USD,1,1,1583663
D#1702563,XAUUSD,100,288230376154806736,288230376153237310,288230376166239766,288230376166222150,4151,2026-06-30T17:55:25.000Z,2026-06-30T19:04:36.000Z,53.2,-54.18,48.3,-4.9,0,0.14,4031.02,4027.44,4035.35,4024.29,SELL,USD,1,1,1583663
D#1670985,XAUUSD,100,288230376154806791,288230376153236949,288230376166217744,288230376166217658,5201,2026-06-30T17:39:26.000Z,2026-06-30T19:06:07.000Z,-4.8,4.1,-8.3,-3.5,0,0.1,4026.82,4026.12,4026.23,,BUY,USD,1,1,1583663
D#1702540,XAUUSD,100,288230376154806799,288230376153238049,288230376166240186,288230376166233333,1494,2026-06-30T18:41:27.000Z,2026-06-30T19:06:21.000Z,168.2,-172.26,147.9,-20.3,0,0.58,4028.54,4025.86,,,SELL,USD,1,1,1583663
D#1702515,XAUUSD,100,288230376154806803,288230376153238522,288230376166240198,288230376166239121,256,2026-06-30T19:02:07.000Z,2026-06-30T19:06:23.000Z,2.84,-2.9099999999999997,2.48,-0.36,0,0.01,4028.47,4025.85,4030.27,,SELL,USD,1,1,1583663
D#1702735,XAUUSD,100,288230376154806821,288230376153236959,288230376166220280,288230376166217713,5225,2026-06-30T17:39:38.000Z,2026-06-30T19:06:43.000Z,-1.43,1.3599999999999999,-1.79,-0.36,0,0.01,4026.88,4025.23,4025.34,4061.95,BUY,USD,1,1,1583663
D#1702515,XAUUSD,100,288230376154806834,288230376153238600,288230376166240354,288230376166240294,27,2026-06-30T19:06:43.000Z,2026-06-30T19:07:10.000Z,-1.92,1.71,-2.98,-1.06,0,0.03,4025.23,4026.09,4025.93,4022.99,SELL,USD,1,1,1583663
D#1702443,XAUUSD,100,288230376154806847,288230376153238516,288230376166240533,288230376166239085,347,2026-06-30T19:02:00.000Z,2026-06-30T19:07:47.000Z,10.56,-10.770000000000001,9.5,-1.06,0,0.03,4028.54,4025.24,4066.69,4001.43,SELL,USD,1,1,1583663
D#1702530,XAUUSD,100,288230376154806851,288230376153238197,288230376166235215,288230376166234865,1153,2026-06-30T18:48:40.000Z,2026-06-30T19:07:53.000Z,158.75,-160.5,149.99,-8.76,0,0.25,4030.94,4024.81,4033,4025,SELL,USD,1,1,1583663
D#1702563,XAUUSD,100,288230376154807002,288230376153238573,288230376166240693,288230376166239923,371,2026-06-30T19:05:12.000Z,2026-06-30T19:11:23.000Z,12.6,-13.58,7.7,-4.9,0,0.14,4027.4,4026.72,4026.54,4023.98,SELL,USD,1,1,1583663
D#1702372,XAUUSD,100,288230376154807057,288230376153237697,288230376166241739,288230376166227364,3399,2026-06-30T18:15:42.000Z,2026-06-30T19:12:21.000Z,337.05,-340.2,321.29,-15.76,0,0.45,4031.43,4024.16,,,SELL,USD,1,1,1583663
D#1671093,XAUUSD,100,288230376154807325,288230376153238300,288230376166236314,288230376166236141,1757,2026-06-30T18:51:43.000Z,2026-06-30T19:21:00.000Z,-97.8,96.96,-102.0,-4.2,0,0.12,4031.85,4023.48,4023.45,4065.09,BUY,USD,1,1,1583663
D#1702515,XAUUSD,100,288230376154807375,288230376153238618,288230376166241942,288230376166240722,838,2026-06-30T19:08:31.000Z,2026-06-30T19:22:29.000Z,6.75,-6.96,5.69,-1.06,0,0.03,4025.05,4023.02,,4022.92,SELL,USD,1,1,1583663
D#1645641,XAUUSD,100,288230376154807456,288230376153238609,288230376166240539,288230376166240505,1010,2026-06-30T19:07:40.000Z,2026-06-30T19:24:30.000Z,111.6,-114.39999999999999,97.6,-14,0,0.4,4025.12,4022.55,,4022.45,SELL,USD,1,1,1583663
D#1702563,XAUUSD,100,288230376154807457,288230376153238687,288230376166241707,288230376166241603,764,2026-06-30T19:11:50.000Z,2026-06-30T19:24:34.000Z,-79.6,78.19999999999999,-86.6,-7,0,0.2,4026.28,4022.08,4022.45,4029.61,BUY,USD,1,1,1583663
D#1702674,XAUUSD,100,288230376154808360,288230376153237385,288230376166223456,288230376166223318,6614,2026-06-30T18:00:07.000Z,2026-06-30T19:50:21.000Z,-10.87,10.799999999999999,-11.23,-0.36,0,0.01,4031,4019.91,4020.13,4050.21,BUY,USD,1,1,1583663
D#1671093,XAUUSD,100,288230376154808432,288230376153238859,288230376166251875,288230376166244263,1730,2026-06-30T19:22:01.000Z,2026-06-30T19:50:51.000Z,-57.72,56.81,-62.28,-4.56,0,0.13,4023.29,4018.63,4017.45,4067.31,BUY,USD,1,1,1583663
D#1671091,XAUUSD,100,288230376154808463,288230376153237723,288230376166227683,288230376166227682,5654,2026-06-30T18:17:01.000Z,2026-06-30T19:51:15.000Z,398.66,-400.83000000000004,387.8,-10.86,0,0.31,4031.09,4018.45,,4018.34,SELL,USD,1,1,1583663
D#1702430,XAUUSD,100,288230376154808467,288230376153233668,288230376166177531,288230376166177422,15446,2026-06-30T15:33:52.000Z,2026-06-30T19:51:18.000Z,121.6,-122.3,118.1,-3.5,0,0.1,4030.29,4018.35,4034.87,4018.29,SELL,USD,1,1,1583663
D#1670947,XAUUSD,100,288230376154808493,288230376153233633,288230376166252149,288230376166175397,15535,2026-06-30T15:32:46.000Z,2026-06-30T19:51:41.000Z,220.5,-221.9,213.5,-7,0,0.2,4031.09,4018.5,4040,4010.07,SELL,USD,1,1,1583663
D#1702458,XAUUSD,100,288230376154808533,288230376153233418,288230376166252327,288230376166175201,15819,2026-06-30T15:28:29.000Z,2026-06-30T19:52:08.000Z,102.3,-103.0,98.8,-3.5,0,0.1,4028.27,4018.26,,4017.79,SELL,USD,1,1,1583663
D#1670986,XAUUSD,100,288230376154808588,288230376153236782,288230376166215772,288230376166215397,8515,2026-06-30T17:31:25.000Z,2026-06-30T19:53:20.000Z,115.17,-115.94,111.31,-3.86,0,0.11,4026.3,4016.05,4037,4016,SELL,USD,1,1,1583663
D#1702388,XAUUSD,100,288230376154808681,288230376153229811,288230376166253336,288230376166147862,19304,2026-06-30T14:33:36.000Z,2026-06-30T19:55:20.000Z,-423.72,422.95000000000005,-427.58,-3.86,0,0.11,4054.32,4015.58,,4069.3,BUY,USD,1,1,1583663
D#1645641,XAUUSD,100,288230376154808700,288230376153239183,288230376166253452,288230376166249727,783,2026-06-30T19:42:37.000Z,2026-06-30T19:55:40.000Z,-297.5,294.0,-315.0,-17.5,0,0.5,4022.05,4015.88,,4024.13,BUY,USD,1,1,1583663
D#1702559,XAUUSD,100,288230376154808888,288230376153226602,288230376166254678,288230376166125868,21840,2026-06-30T13:55:28.000Z,2026-06-30T19:59:28.000Z,127.89,-128.52,124.73,-3.16,0,0.09,4029.52,4015.53,,,SELL,USD,1,1,1583663
D#1645641,XAUUSD,100,288230376154809134,288230376153239393,288230376166255923,288230376166253511,473,2026-06-30T19:55:48.000Z,2026-06-30T20:03:41.000Z,-159.3,155.52,-178.2,-18.9,0,0.54,4015.86,4019.03,,4013.83,SELL,USD,1,1,1583663
D#1645671,XAUUSD,100,288230376154809429,288230376153239549,288230376166255762,288230376166255710,581,2026-06-30T20:02:48.000Z,2026-06-30T20:12:29.000Z,90.6,-92.69999999999999,80.1,-10.5,0,0.3,4017.72,4020.52,,4020.59,BUY,USD,1,1,1583663
D#1702559,XAUUSD,100,288230376154809512,288230376153239617,288230376166259042,288230376166256750,582,2026-06-30T20:06:29.000Z,2026-06-30T20:16:11.000Z,1.58,-1.6500000000000001,1.22,-0.36,0,0.01,4019.35,4020.71,,,BUY,USD,1,1,1583663
D#1702656,XAUUSD,100,288230376154809536,288230376153239521,288230376166255226,288230376166255152,964,2026-06-30T20:00:43.000Z,2026-06-30T20:16:47.000Z,-115.4,114.0,-122.4,-7,0,0.2,4015.31,4021.3,4021.06,3999.15,SELL,USD,1,1,1583663
D#1645671,XAUUSD,100,288230376154809618,288230376153239780,288230376166259690,288230376166259653,122,2026-06-30T20:18:42.000Z,2026-06-30T20:20:44.000Z,85.32,-87.83999999999999,72.72,-12.6,0,0.36,4019.04,4016.89,,4016.94,SELL,USD,1,1,1583663
D#1702530,XAUUSD,100,288230376154809740,288230376153239848,288230376166260912,288230376166260270,18,2026-06-30T20:24:56.000Z,2026-06-30T20:25:14.000Z,-50.1,48.0,-60.6,-10.5,0,0.3,4015.74,4013.85,4014,4023,BUY,USD,1,1,1583663
D#1702387,XAUUSD,100,288230376154809745,288230376153239660,288230376166261033,288230376166257498,947,2026-06-30T20:09:33.000Z,2026-06-30T20:25:20.000Z,-186,183.2,-200.0,-14,0,0.4,4019.09,4014.22,,4021.7,BUY,USD,1,1,1583663
D#1614609,XAUUSD,100,288230376154809810,288230376153233350,288230376166174878,288230376166174635,18035,2026-06-30T15:27:11.000Z,2026-06-30T20:27:46.000Z,-83.8,83.45,-85.56,-1.76,0,0.05,4030.22,4013.24,4013.22,4071.95,BUY,USD,1,1,1583663
D#1671088,XAUUSD,100,288230376154809845,288230376153233516,288230376166176066,288230376166175910,17909,2026-06-30T15:30:07.000Z,2026-06-30T20:28:36.000Z,-46.32,46.11,-47.38,-1.06,0,0.03,4028.58,4012.92,4013.1,4052.76,BUY,USD,1,1,1583663
D#1702688,XAUUSD,100,288230376154809855,288230376153235117,288230376166243119,288230376166193071,15045,2026-06-30T16:17:56.000Z,2026-06-30T20:28:41.000Z,108.08,-108.57,105.62,-2.46,0,0.07,4027.94,4012.72,4039.34,4012.74,SELL,USD,1,1,1583663
D#1702440,XAUUSD,100,288230376154809942,288230376153233164,288230376166173101,288230376166173096,18456,2026-06-30T15:23:45.000Z,2026-06-30T20:31:21.000Z,111.2,-111.76,108.4,-2.8,0,0.08,4025.66,4011.98,4036.25,4011.88,SELL,USD,1,1,1583663
D#1645671,XAUUSD,100,288230376154809941,288230376153239807,288230376166262317,288230376166260145,618,2026-06-30T20:21:03.000Z,2026-06-30T20:31:21.000Z,-163.8,161.28,-176.4,-12.6,0,0.36,4016.55,4011.78,,4018.85,BUY,USD,1,1,1583663
D#1645671,XAUUSD,100,288230376154810103,288230376153239950,288230376166263380,288230376166262342,309,2026-06-30T20:31:24.000Z,2026-06-30T20:36:33.000Z,-24.12,21.6,-36.72,-12.6,0,0.36,4012.17,4011.28,,4014.38,BUY,USD,1,1,1583663
D#1702688,XAUUSD,100,288230376154811347,288230376153240190,288230376166266206,288230376166266109,4392,2026-06-30T20:51:57.000Z,2026-06-30T22:05:09.000Z,-25.74,25.11,-28.9,-3.16,0,0.09,4011.64,4014.72,4014.37,4000.3,SELL,USD,1,1,1583663
D#1670986,XAUUSD,100,288230376154811922,288230376153239368,288230376166253125,288230376166253123,8649,2026-06-30T19:54:39.000Z,2026-06-30T22:18:48.000Z,-36.48,35.63999999999999,-40.68,-4.2,0,0.12,4016.21,4012.95,4013,4025.75,BUY,USD,1,1,1583663
D#1702338,XAUUSD,100,288230376154812666,288230376153241084,288230376166285513,288230376166281404,1174,2026-06-30T22:25:08.000Z,2026-06-30T22:44:42.000Z,-15.3,14.600000000000001,-18.8,-3.5,0,0.1,4013,4014.75,,,SELL,USD,1,1,1583663
D#1670986,XAUUSD,100,288230376154812746,288230376153241190,288230376166286190,288230376166283074,857,2026-06-30T22:33:04.000Z,2026-06-30T22:47:21.000Z,1.2,-2.04,-3.0,-4.2,0,0.12,4014.78,4014.66,4011,4024.35,BUY,USD,1,1,1583663
D#1702656,XAUUSD,100,288230376154813241,288230376153239785,288230376166289703,288230376166259701,9834,2026-06-30T20:18:53.000Z,2026-06-30T23:02:47.000Z,176.58,-178.47,167.12,-9.46,0,0.27,4019.04,4012.72,4024.35,4004.81,SELL,USD,1,1,1583663
D#1702739,XAUUSD,100,288230376154814713,288230376153232943,288230376166171147,288230376166152755,30432,2026-06-30T15:19:27.000Z,2026-06-30T23:46:39.000Z,-39.14,39.0,-39.84,-0.7,0,0.02,4026.59,4006.8,4007.47,4087.73,BUY,USD,1,1,1583663
D#1702656,XAUUSD,100,288230376154814940,288230376153241733,288230376166289917,288230376166289916,2852,2026-06-30T23:03:22.000Z,2026-06-30T23:50:54.000Z,-310,306.5,-327.5,-17.5,0,0.5,4012.78,4006.36,4006.2,4025.68,BUY,USD,1,1,1583663
D#1645671,XAUUSD,100,288230376154815131,288230376153240026,288230376166302802,288230376166263390,11984,2026-06-30T20:36:36.000Z,2026-06-30T23:56:20.000Z,-175.68,173.16,-188.28,-12.6,0,0.36,4011.3,4006.2,,,BUY,USD,1,1,1583663
D#1702532,XAUUSD,100,288230376154815132,288230376153235835,288230376166302806,288230376166203154,25382,2026-06-30T16:53:19.000Z,2026-06-30T23:56:21.000Z,-495,493.6,-502.0,-7,0,0.2,4031.2,4006.23,,4037.09,BUY,USD,1,1,1583663
D#1702458,XAUUSD,100,288230376154816304,288230376153239486,288230376166254922,288230376166254676,15611,2026-06-30T19:59:28.000Z,2026-07-01T00:19:39.000Z,112.9,-113.60000000000001,109.4,-3.5,0,0.1,4015.37,4004.3,,4004.76,SELL,USD,1,1,1583663
D#1670986,XAUUSD,100,288230376154816394,288230376153241626,288230376166288764,288230376166288579,4890,2026-06-30T22:58:20.000Z,2026-07-01T00:19:50.000Z,120.12,-120.96000000000001,115.92,-4.2,0,0.12,4012.45,4002.66,4020,4003,SELL,USD,1,1,1583663
D#1702563,XAUUSD,100,288230376154816405,288230376153239331,288230376166310728,288230376166245731,16035,2026-06-30T19:52:36.000Z,2026-07-01T00:19:51.000Z,-320.04,318.57,-327.4,-7.36,0,0.21,4017.63,4002.17,,4034.3,BUY,USD,1,1,1583663
D#1702530,XAUUSD,100,288230376154816467,288230376153240615,288230376166310928,288230376166262389,8101,2026-06-30T22:05:10.000Z,2026-07-01T00:20:11.000Z,257.6,-259.0,250.6,-7,0,0.2,4015.19,4002.53,4020,4000,SELL,USD,1,1,1583663
D#1702338,XAUUSD,100,288230376154816965,288230376153241389,288230376166313565,288230376166285582,6146,2026-06-30T22:44:55.000Z,2026-07-01T00:27:21.000Z,119.5,-120.2,116.0,-3.5,0,0.1,4014.25,4002.52,,,SELL,USD,1,1,1583663
D#1702688,XAUUSD,100,288230376154817068,288230376153241024,288230376166280734,288230376166280502,7664,2026-06-30T22:21:21.000Z,2026-07-01T00:29:05.000Z,105.84,-106.47,102.68,-3.16,0,0.09,4013.18,4001.64,4018.95,4001.48,SELL,USD,1,1,1583663
D#1670876,XAUUSD,100,288230376154817199,288230376153238907,288230376166244921,288230376166244709,18432,2026-06-30T19:23:44.000Z,2026-07-01T00:30:56.000Z,44.46,-44.6,43.76,-0.7,0,0.02,4023.1,4001.09,4039.31,4001.04,SELL,USD,1,1,1583663
D#1670986,XAUUSD,100,288230376154817370,288230376153243620,288230376166313182,288230376166313178,473,2026-07-01T00:26:17.000Z,2026-07-01T00:34:10.000Z,-16.92,16.080000000000002,-21.12,-4.2,0,0.12,4003.51,4005.14,4005,3994,SELL,USD,1,1,1583663
D#1702595,XAUUSD,100,288230376154817737,288230376153242861,288230376166304995,288230376166304862,2388,2026-07-01T00:01:38.000Z,2026-07-01T00:41:26.000Z,-64.72,64.16,-67.52,-2.8,0,0.08,4006.96,3998.65,3999,4024.8,BUY,USD,1,1,1583663
D#1702502,XAUUSD,100,288230376154818749,288230376153208039,288230376166323792,288230376165920947,75375,2026-06-30T04:01:46.000Z,2026-07-01T00:58:01.000Z,-48.26,48.12,-48.96,-0.7,0,0.02,3974.65,3999,,3943.24,SELL,USD,1,1,1583663
