accountId,instrument,lotSize,closeTradeId,positionId,closeOrderId,openOrderId,durationSec,openDateTime,closeDateTime,profit,reverseProfit,netProfit,commission,swap,amount,openPrice,closePrice,slPrice,tpPrice,side,currency,openTradeCrossPrice,closeTradeCrossPrice,userGroupId
D#1702513,XAUUSD,100,7349874591905584447,7349874591886441980,7349874591969095050,7349874591969094996,13,2026-03-24T01:00:12.000Z,2026-03-24T01:00:25.000Z,-79.4,78.0,-86.4,-7,0,0.2,4362.59,4366.78,4366.98,,SELL,USD,1,1,1583663
D#1702513,XAUUSD,100,7349874591905584460,7349874591886441992,7349874591969095170,7349874591969095137,6,2026-03-24T01:00:35.000Z,2026-03-24T01:00:41.000Z,101.4,-102.80000000000001,94.4,-7,0,0.2,4370.98,4366.13,,,SELL,USD,1,1,1583663
D#1670976,XAUUSD,100,7349874591905584598,7349874591886442052,7349874591969095918,7349874591969095748,31,2026-03-24T01:02:09.000Z,2026-03-24T01:02:40.000Z,-330.6,328.5,-341.1,-10.5,0,0.3,4374.09,4362.85,,,BUY,USD,1,1,1583663
D#1702688,XAUUSD,100,7349874591905584658,7349874591886442045,7349874591969096290,7349874591969095667,103,2026-03-24T01:01:57.000Z,2026-03-24T01:03:40.000Z,-273.2,271.8,-280.2,-7,0,0.2,4370.3,4356.42,,,BUY,USD,1,1,1583663
D#1702515,XAUUSD,100,7349874591905584894,7349874591886442150,7349874591969097748,7349874591969096707,180,2026-03-24T01:04:45.000Z,2026-03-24T01:07:45.000Z,4.19,-4.260000000000001,3.83,-0.36,0,0.01,4360.87,4356.9,,,SELL,USD,1,1,1583663
D#1702487,XAUUSD,100,7349874591905585006,7349874591886442158,7349874591969096806,7349874591969096164,242,2026-03-24T01:05:01.000Z,2026-03-24T01:09:03.000Z,-47.5,47.15,-49.26,-1.76,0,0.05,4352.86,4343.14,4343.62,4428.67,BUY,USD,1,1,1583663
D#1702620,XAUUSD,100,7349874591905585050,7349874591886442105,7349874591969097549,7349874591969096223,366,2026-03-24T01:03:29.000Z,2026-03-24T01:09:35.000Z,250.8,-252.34,243.1,-7.7,0,0.22,4356.56,4345.38,4345.25,4320.18,SELL,USD,1,1,1583663
D#1702620,XAUUSD,100,7349874591905585066,7349874591886442324,7349874591969098543,7349874591969098498,7,2026-03-24T01:09:42.000Z,2026-03-24T01:09:49.000Z,61.25,-63.0,52.49,-8.76,0,0.25,4345.24,4347.47,,,BUY,USD,1,1,1583663
D#1702620,XAUUSD,100,7349874591905585097,7349874591886442339,7349874591969098778,7349874591969098634,26,2026-03-24T01:10:02.000Z,2026-03-24T01:10:28.000Z,81.25,-83.0,72.49,-8.76,0,0.25,4344.76,4347.79,,,BUY,USD,1,1,1583663
D#1702581,XAUUSD,100,7349874591905585122,7349874591886442321,7349874591969098661,7349874591969098473,75,2026-03-24T01:09:38.000Z,2026-03-24T01:10:53.000Z,-52.65,52.3,-54.41,-1.76,0,0.05,4345.73,4356.48,4355.84,4325.84,SELL,USD,1,1,1583663
D#1702437,XAUUSD,100,7349874591905585142,7349874591886442231,7349874591969097715,7349874591969097590,229,2026-03-24T01:07:14.000Z,2026-03-24T01:11:03.000Z,-1.9,1.1999999999999997,-5.4,-3.5,0,0.1,4360.59,4360.18,,4359.72,BUY,USD,1,1,1583663
D#1702620,XAUUSD,100,7349874591905585141,7349874591886442354,7349874591969098975,7349874591969098845,23,2026-03-24T01:10:40.000Z,2026-03-24T01:11:03.000Z,167,-168.75,158.24,-8.76,0,0.25,4353.56,4360.02,,,BUY,USD,1,1,1583663
D#1702359,XAUUSD,100,7349874591905585205,7349874591886442353,7349874591969098837,7349874591969098671,94,2026-03-24T01:10:39.000Z,2026-03-24T01:12:13.000Z,-104.1,103.39999999999999,-107.6,-3.5,0,0.1,4351.68,4362.31,4362.49,4332.39,SELL,USD,1,1,1583663
D#1670920,XAUUSD,100,7349874591905585208,7349874591886442388,7349874591969099411,7349874591969099240,26,2026-03-24T01:11:49.000Z,2026-03-24T01:12:15.000Z,38.75,-40.5,29.99,-8.76,0,0.25,4358.39,4359.72,4360.8,,BUY,USD,1,1,1583663
D#1670920,XAUUSD,100,7349874591905585235,7349874591886442407,7349874591969099597,7349874591969099443,26,2026-03-24T01:12:21.000Z,2026-03-24T01:12:47.000Z,234.9,-236.93,224.74,-10.16,0,0.29,4357.7,4349.82,4353.4,,SELL,USD,1,1,1583663
D#1702581,XAUUSD,100,7349874591905585275,7349874591886442380,7349874591969099571,7349874591969099153,131,2026-03-24T01:11:36.000Z,2026-03-24T01:13:47.000Z,-78.85,78.5,-80.61,-1.76,0,0.05,4358.82,4342.83,4344.71,4378.71,BUY,USD,1,1,1583663
D#1670920,XAUUSD,100,7349874591905585277,7349874591886442419,7349874591969099823,7349874591969099671,46,2026-03-24T01:13:01.000Z,2026-03-24T01:13:47.000Z,-283.8,281.7,-294.3,-10.5,0,0.3,4352.51,4342.83,4344.97,,BUY,USD,1,1,1583663
D#1614596,XAUUSD,100,7349874591905585336,7349874591886442377,7349874591969099972,7349874591969099134,164,2026-03-24T01:11:32.000Z,2026-03-24T01:14:16.000Z,118.2,-118.55,116.44,-1.76,0,0.05,4358.66,4335.24,4350.16,4337.11,SELL,USD,1,1,1583663
D#1670920,XAUUSD,100,7349874591905585411,7349874591886442444,7349874591969100439,7349874591969099982,65,2026-03-24T01:13:51.000Z,2026-03-24T01:14:56.000Z,378,-380.1,367.5,-10.5,0,0.3,4344.57,4332.19,4332.38,4318.8,SELL,USD,1,1,1583663
D#1670920,XAUUSD,100,7349874591905585442,7349874591886442506,7349874591969100595,7349874591969100492,16,2026-03-24T01:15:03.000Z,2026-03-24T01:15:19.000Z,209.1,-211.2,198.6,-10.5,0,0.3,4333.47,4340.22,,,BUY,USD,1,1,1583663
D#1702359,XAUUSD,100,7349874591905585447,7349874591886442451,7349874591969100223,7349874591969100066,89,2026-03-24T01:14:04.000Z,2026-03-24T01:15:33.000Z,-8,7.3,-11.5,-3.5,0,0.1,4341.52,4342.54,4341.33,4316.97,SELL,USD,1,1,1583663
D#1702365,XAUUSD,100,7349874591905585673,7349874591886442621,7349874591969102366,7349874591969102103,49,2026-03-24T01:18:54.000Z,2026-03-24T01:19:43.000Z,338.25,-342.1,318.99,-19.26,0,0.55,4340.16,4346.09,,,BUY,USD,1,1,1583663
D#1670990,XAUUSD,100,7349874591905585689,7349874591886442383,7349874591969102507,7349874591969099192,504,2026-03-24T01:11:42.000Z,2026-03-24T01:20:06.000Z,54.25,-54.6,52.49,-1.76,0,0.05,4359.08,4348.45,4450.88,,SELL,USD,1,1,1583663
D#1702359,XAUUSD,100,7349874591905585711,7349874591886442601,7349874591969101857,7349874591969101515,128,2026-03-24T01:18:10.000Z,2026-03-24T01:20:18.000Z,-70.2,69.5,-73.7,-3.5,0,0.1,4345.88,4353.12,4352.56,4318.01,SELL,USD,1,1,1583663
D#1702493,XAUUSD,100,7349874591905585729,7349874591886442595,7349874591969102687,7349874591969101743,162,2026-03-24T01:17:53.000Z,2026-03-24T01:20:35.000Z,14.09,-14.16,13.73,-0.36,0,0.01,4341.53,4355.4,4329.94,,BUY,USD,1,1,1583663
D#1702581,XAUUSD,100,7349874591905585738,7349874591886442452,7349874591969102731,7349874591969100069,396,2026-03-24T01:14:04.000Z,2026-03-24T01:20:40.000Z,-65.4,65.05000000000001,-67.16,-1.76,0,0.05,4341.52,4354.82,,4319.63,SELL,USD,1,1,1583663
D#1702645,XAUUSD,100,7349874591905585767,7349874591886442685,7349874591969102926,7349874591969102862,13,2026-03-24T01:21:02.000Z,2026-03-24T01:21:15.000Z,7.74,-8.370000000000001,4.58,-3.16,0,0.09,4353.89,4353.25,,,SELL,USD,1,1,1583663
D#1702365,XAUUSD,100,7349874591905585890,7349874591886442743,7349874591969103621,7349874591969103548,10,2026-03-24T01:23:04.000Z,2026-03-24T01:23:14.000Z,63,-66.5,45.5,-17.5,0,0.5,4359.19,4358.15,,,SELL,USD,1,1,1583663
D#1702645,XAUUSD,100,7349874591905585931,7349874591886442732,7349874591969104017,7349874591969103459,102,2026-03-24T01:22:52.000Z,2026-03-24T01:24:34.000Z,23.67,-24.3,20.51,-3.16,0,0.09,4358.88,4361.29,,,BUY,USD,1,1,1583663
D#1670973,XAUUSD,100,7349874591905586021,7349874591886442813,7349874591969104509,7349874591969104331,31,2026-03-24T01:25:30.000Z,2026-03-24T01:26:01.000Z,-1.27,1.2,-1.63,-0.36,0,0.01,4366.96,4365.47,,,BUY,USD,1,1,1583663
D#1702374,XAUUSD,100,7349874591905586086,7349874591886442580,7349874591969101936,7349874591969101595,577,2026-03-24T01:17:28.000Z,2026-03-24T01:27:05.000Z,21.51,-21.580000000000002,21.15,-0.36,0,0.01,4337.93,4359.22,4359.58,4388.96,BUY,USD,1,1,1583663
D#1614596,XAUUSD,100,7349874591905586104,7349874591886442661,7349874591969103466,7349874591969102563,417,2026-03-24T01:20:15.000Z,2026-03-24T01:27:12.000Z,31.4,-31.75,29.64,-1.76,0,0.05,4350.18,4356.24,4356.62,4370.83,BUY,USD,1,1,1583663
D#1702365,XAUUSD,100,7349874591905586167,7349874591886442867,7349874591969105219,7349874591969104887,48,2026-03-24T01:27:09.000Z,2026-03-24T01:27:57.000Z,118.5,-122.0,101.0,-17.5,0,0.5,4358.41,4360.56,,,BUY,USD,1,1,1583663
D#1702641,XAUUSD,100,7349874591905586197,7349874591886442853,7349874591969105382,7349874591969104770,97,2026-03-24T01:26:49.000Z,2026-03-24T01:28:26.000Z,71.7,-72.75,66.44,-5.26,0,0.15,4360.87,4365.43,,,BUY,USD,1,1,1583663
D#1702645,XAUUSD,100,7349874591905586206,7349874591886442845,7349874591969105464,7349874591969104691,126,2026-03-24T01:26:34.000Z,2026-03-24T01:28:40.000Z,11.7,-12.33,8.54,-3.16,0,0.09,4362.48,4363.56,,,BUY,USD,1,1,1583663
D#1702645,XAUUSD,100,7349874591905586236,7349874591886442934,7349874591969105697,7349874591969105549,28,2026-03-24T01:28:56.000Z,2026-03-24T01:29:24.000Z,31.23,-31.86,28.07,-3.16,0,0.09,4362.1,4358.85,,,SELL,USD,1,1,1583663
D#1702486,XAUUSD,100,7349874591905586307,7349874591886442959,7349874591969106015,7349874591969105888,19,2026-03-24T01:30:02.000Z,2026-03-24T01:30:21.000Z,-295,291.5,-312.5,-17.5,0,0.5,4357.41,4351.29,,,BUY,USD,1,1,1583663
D#1702728,XAUUSD,100,7349874591905586421,7349874591886443040,7349874591969106760,7349874591969106587,35,2026-03-24T01:32:04.000Z,2026-03-24T01:32:39.000Z,37.6,-38.300000000000004,34.1,-3.5,0,0.1,4359.48,4355.94,,,SELL,USD,1,1,1583663
D#1670972,XAUUSD,100,7349874591905586485,7349874591886442975,7349874591969106710,7349874591969105973,223,2026-03-24T01:30:13.000Z,2026-03-24T01:33:56.000Z,8.1,-8.799999999999999,4.6,-3.5,0,0.1,4354.5,4353.91,,4353.86,SELL,USD,1,1,1583663
D#1702641,XAUUSD,100,7349874591905586512,7349874591886442977,7349874591969107279,7349874591969105991,235,2026-03-24T01:30:17.000Z,2026-03-24T01:34:12.000Z,60.2,-60.900000000000006,56.7,-3.5,0,0.1,4353.16,4358.96,,,BUY,USD,1,1,1583663
D#1702641,XAUUSD,100,7349874591905586810,7349874591886443111,7349874591969108730,7349874591969107336,222,2026-03-24T01:34:24.000Z,2026-03-24T01:38:06.000Z,16.8,-17.5,13.3,-3.5,0,0.1,4358.71,4357.25,,,SELL,USD,1,1,1583663
D#1670972,XAUUSD,100,7349874591905586889,7349874591886443107,7349874591969109074,7349874591969107293,291,2026-03-24T01:34:16.000Z,2026-03-24T01:39:07.000Z,-59.9,59.199999999999996,-63.4,-3.5,0,0.1,4360.35,4354.14,,4368.29,BUY,USD,1,1,1583663
D#1702374,XAUUSD,100,7349874591905586930,7349874591886443157,7349874591969107972,7349874591969107696,269,2026-03-24T01:35:18.000Z,2026-03-24T01:39:47.000Z,-11.44,11.37,-11.8,-0.36,0,0.01,4364.17,4352.51,4351.6,4380.83,BUY,USD,1,1,1583663
D#1702645,XAUUSD,100,7349874591905587045,7349874591886442973,7349874591969109863,7349874591969105964,668,2026-03-24T01:30:11.000Z,2026-03-24T01:41:19.000Z,67.59,-68.22,64.43,-3.16,0,0.09,4352.04,4344.75,,,SELL,USD,1,1,1583663
D#1702641,XAUUSD,100,7349874591905587050,7349874591886443257,7349874591969109881,7349874591969108774,187,2026-03-24T01:38:14.000Z,2026-03-24T01:41:21.000Z,-130.3,129.60000000000002,-133.8,-3.5,0,0.1,4357.64,4344.39,,,BUY,USD,1,1,1583663
D#1702493,XAUUSD,100,7349874591905587108,7349874591886442731,7349874591969110002,7349874591969103458,1123,2026-03-24T01:22:52.000Z,2026-03-24T01:41:35.000Z,18.32,-18.39,17.96,-0.36,0,0.01,4358.71,4340.61,4381.94,,SELL,USD,1,1,1583663
D#1614596,XAUUSD,100,7349874591905587113,7349874591886443058,7349874591969109338,7349874591969106877,512,2026-03-24T01:33:03.000Z,2026-03-24T01:41:35.000Z,74.75,-75.1,72.99,-1.76,0,0.05,4355.49,4340.76,4354.98,4340.47,SELL,USD,1,1,1583663
D#1702522,XAUUSD,100,7349874591905587116,7349874591886443063,7349874591969108276,7349874591969106960,500,2026-03-24T01:33:15.000Z,2026-03-24T01:41:35.000Z,-107.58,107.16,-109.68,-2.1,0,0.06,4357.55,4339.4,4340,4376,BUY,USD,1,1,1583663
D#1670986,XAUUSD,100,7349874591905587139,7349874591886442915,7349874591969110072,7349874591969105324,804,2026-03-24T01:28:17.000Z,2026-03-24T01:41:41.000Z,-257,256.3,-260.5,-3.5,0,0.1,4363.38,4337.46,,4371,BUY,USD,1,1,1583663
D#1670972,XAUUSD,100,7349874591905587279,7349874591886443307,7349874591969110462,7349874591969109096,196,2026-03-24T01:39:10.000Z,2026-03-24T01:42:26.000Z,185.2,-185.89999999999998,181.7,-3.5,0,0.1,4353.04,4334.74,,,SELL,USD,1,1,1583663
D#1702487,XAUUSD,100,7349874591905587302,7349874591886443417,7349874591969110004,7349874591969105318,75,2026-03-24T01:41:35.000Z,2026-03-24T01:42:50.000Z,-48.7,48.35,-50.46,-1.76,0,0.05,4340.61,4330.65,4330.68,4423.12,BUY,USD,1,1,1583663
D#1702641,XAUUSD,100,7349874591905587303,7349874591886443472,7349874591969110374,7349874591969110372,34,2026-03-24T01:42:16.000Z,2026-03-24T01:42:50.000Z,-23.5,22.8,-27.0,-3.5,0,0.1,4333.22,4330.65,4330.94,4339.49,BUY,USD,1,1,1583663
D#1702645,XAUUSD,100,7349874591905587330,7349874591886443478,7349874591969110697,7349874591969110430,39,2026-03-24T01:42:23.000Z,2026-03-24T01:43:02.000Z,-37.62,36.989999999999995,-40.78,-3.16,0,0.09,4335.07,4330.67,,,BUY,USD,1,1,1583663
D#1702728,XAUUSD,100,7349874591905587365,7349874591886443067,7349874591969107261,7349874591969107000,598,2026-03-24T01:33:23.000Z,2026-03-24T01:43:21.000Z,90.39,-90.6,89.33,-1.06,0,0.03,4357.38,4327.47,4371.63,4326.93,SELL,USD,1,1,1583663
D#1702645,XAUUSD,100,7349874591905587412,7349874591886443508,7349874591969110972,7349874591969110805,27,2026-03-24T01:43:20.000Z,2026-03-24T01:43:47.000Z,22.05,-22.68,18.89,-3.16,0,0.09,4327.93,4325.7,,,SELL,USD,1,1,1583663
D#1702641,XAUUSD,100,7349874591905587534,7349874591886443525,7349874591969110929,7349874591969110927,83,2026-03-24T01:43:38.000Z,2026-03-24T01:45:01.000Z,-72.9,72.2,-76.4,-3.5,0,0.1,4327.11,4319.6,4320.94,4333.49,BUY,USD,1,1,1583663
D#1670990,XAUUSD,100,7349874591905587565,7349874591886442674,7349874591969111611,7349874591969102718,1481,2026-03-24T01:20:39.000Z,2026-03-24T01:45:20.000Z,142.85,-143.2,141.09,-1.76,0,0.05,4354.04,4325.69,4394.76,,SELL,USD,1,1,1583663
D#1702374,XAUUSD,100,7349874591905587578,7349874591886443491,7349874591969111690,7349874591969110605,162,2026-03-24T01:42:49.000Z,2026-03-24T01:45:31.000Z,5.28,-5.3500000000000005,4.92,-0.36,0,0.01,4331.86,4326.8,4352.42,,SELL,USD,1,1,1583663
D#1702645,XAUUSD,100,7349874591905587611,7349874591886443553,7349874591969111983,7349874591969111206,125,2026-03-24T01:44:22.000Z,2026-03-24T01:46:27.000Z,-4.5,3.87,-7.66,-3.16,0,0.09,4324.68,4325.4,,,SELL,USD,1,1,1583663
D#1702494,XAUUSD,100,7349874591905587628,7349874591886443536,7349874591969112160,7349874591969111089,179,2026-03-24T01:44:05.000Z,2026-03-24T01:47:04.000Z,0.5,-0.5700000000000001,0.14,-0.36,0,0.01,4326.12,4325.84,4325.53,,SELL,USD,1,1,1583663
D#1670972,XAUUSD,100,7349874591905587681,7349874591886443492,7349874591969112005,7349874591969110611,283,2026-03-24T01:42:50.000Z,2026-03-24T01:47:33.000Z,120.4,-121.10000000000001,116.9,-3.5,0,0.1,4330.49,4318.67,,4318.55,SELL,USD,1,1,1583663
D#1671080,XAUUSD,100,7349874591905587686,7349874591886443530,7349874591969111234,7349874591969110995,224,2026-03-24T01:43:51.000Z,2026-03-24T01:47:35.000Z,82.1,-82.8,78.6,-3.5,0,0.1,4325.25,4317.26,4330.72,4317.21,SELL,USD,1,1,1583663
D#1702641,XAUUSD,100,7349874591905587691,7349874591886443609,7349874591969111774,7349874591969111772,110,2026-03-24T01:45:46.000Z,2026-03-24T01:47:36.000Z,-115.9,115.2,-119.4,-3.5,0,0.1,4326.09,4314.28,4315.94,4330.49,BUY,USD,1,1,1583663
D#1702669,XAUUSD,100,7349874591905587708,7349874591886443571,7349874591969111453,7349874591969109142,160,2026-03-24T01:45:00.000Z,2026-03-24T01:47:40.000Z,-19.8,19.66,-20.5,-0.7,0,0.02,4321.93,4311.81,4312,4342,BUY,USD,1,1,1583663
D#1670923,XAUUSD,100,7349874591905587735,7349874591886443232,7349874591969112497,7349874591969108661,593,2026-03-24T01:37:58.000Z,2026-03-24T01:47:51.000Z,463.1,-463.8,459.6,-3.5,0,0.1,4356.31,4310.22,,,SELL,USD,1,1,1583663
D#1702641,XAUUSD,100,7349874591905587744,7349874591886443670,7349874591969112511,7349874591969112481,4,2026-03-24T01:47:48.000Z,2026-03-24T01:47:52.000Z,6.7,-7.4,3.2,-3.5,0,0.1,4309.5,4309.95,,,BUY,USD,1,1,1583663
D#1614596,XAUUSD,100,7349874591905587970,7349874591886443686,7349874591969112785,7349874591969112579,190,2026-03-24T01:48:04.000Z,2026-03-24T01:51:14.000Z,35.65,-36.0,33.89,-1.76,0,0.05,4316.65,4323.56,4312.97,4323.46,BUY,USD,1,1,1583663
D#1670932,XAUUSD,100,7349874591905587984,7349874591886443775,7349874591969113718,7349874591969113506,36,2026-03-24T01:50:45.000Z,2026-03-24T01:51:21.000Z,-210,206.5,-227.5,-17.5,0,0.5,4319.64,4324.06,,,SELL,USD,1,1,1583663
D#1702623,XAUUSD,100,7349874591905588032,7349874591886443784,7349874591969114052,7349874591969113625,76,2026-03-24T01:51:05.000Z,2026-03-24T01:52:21.000Z,-221,219.6,-228.0,-7,0,0.2,4317.22,4328.49,,,SELL,USD,1,1,1583663
D#1702645,XAUUSD,100,7349874591905588132,7349874591886443799,7349874591969114655,7349874591969113778,159,2026-03-24T01:51:33.000Z,2026-03-24T01:54:12.000Z,41.13,-41.760000000000005,37.97,-3.16,0,0.09,4325.7,4330.05,,,BUY,USD,1,1,1583663
D#1702458,XAUUSD,100,7349874591905588167,7349874591886443803,7349874591969114260,7349874591969113801,185,2026-03-24T01:51:37.000Z,2026-03-24T01:54:42.000Z,2.1,-2.8000000000000003,-1.4,-3.5,0,0.1,4324.17,4324.16,4325.04,4364.42,BUY,USD,1,1,1583663
D#1702649,XAUUSD,100,7349874591905588373,7349874591886443982,7349874591969116232,7349874591969115968,46,2026-03-24T01:57:59.000Z,2026-03-24T01:58:45.000Z,80,-81.4,73.0,-7,0,0.2,4327.34,4331.12,,,BUY,USD,1,1,1583663
D#1702508,XAUUSD,100,7349874591905588387,7349874591886444006,7349874591969116364,7349874591969116233,25,2026-03-24T01:58:45.000Z,2026-03-24T01:59:10.000Z,-161.5,158.0,-179.0,-17.5,0,0.5,4331.42,4327.97,,,BUY,USD,1,1,1583663
D#1702451,XAUUSD,100,7349874591905588459,7349874591886444032,7349874591969116826,7349874591969116649,28,2026-03-24T02:00:07.000Z,2026-03-24T02:00:35.000Z,10.05,-10.4,8.29,-1.76,0,0.05,4320.47,4318.68,,,SELL,USD,1,1,1583663
D#1702522,XAUUSD,100,7349874591905588475,7349874591886443935,7349874591969116308,7349874591969115389,267,2026-03-24T01:56:13.000Z,2026-03-24T02:00:40.000Z,-43.88,43.6,-45.28,-1.4,0,0.04,4327.68,4316.49,4317,4356,BUY,USD,1,1,1583663
D#1702508,XAUUSD,100,7349874591905588481,7349874591886444015,7349874591969116873,7349874591969116383,87,2026-03-24T01:59:14.000Z,2026-03-24T02:00:41.000Z,-507,503.5,-524.5,-17.5,0,0.5,4326.07,4315.71,,,BUY,USD,1,1,1583663
D#1670972,XAUUSD,100,7349874591905588504,7349874591886443937,7349874591969116939,7349874591969115426,273,2026-03-24T01:56:17.000Z,2026-03-24T02:00:50.000Z,-179.4,178.35,-184.66,-5.26,0,0.15,4328.46,4316.28,,4336.38,BUY,USD,1,1,1583663
D#1670972,XAUUSD,100,7349874591905588518,7349874591886444066,7349874591969116997,7349874591969116970,3,2026-03-24T02:00:55.000Z,2026-03-24T02:00:58.000Z,4.95,-6.0,-0.31,-5.26,0,0.15,4314.5,4314.39,,,SELL,USD,1,1,1583663
D#1702494,XAUUSD,100,7349874591905588570,7349874591886443897,7349874591969117235,7349874591969114933,421,2026-03-24T01:54:54.000Z,2026-03-24T02:01:55.000Z,0.78,-0.8500000000000001,0.42,-0.36,0,0.01,4324.4,4323.84,4322.34,,SELL,USD,1,1,1583663
D#1614596,XAUUSD,100,7349874591905588571,7349874591886443911,7349874591969116837,7349874591969115079,398,2026-03-24T01:55:18.000Z,2026-03-24T02:01:56.000Z,5.9,-6.25,4.14,-1.76,0,0.05,4324.8,4323.84,4322.77,4310.74,SELL,USD,1,1,1583663
D#1702631,XAUUSD,100,7349874591905588572,7349874591886444010,7349874591969117140,7349874591969116312,176,2026-03-24T01:59:00.000Z,2026-03-24T02:01:56.000Z,12.7,-13.399999999999999,9.2,-3.5,0,0.1,4326.89,4325.84,4325.5,4286.55,SELL,USD,1,1,1583663
D#1702505,XAUUSD,100,7349874591905588587,7349874591886444085,7349874591969117382,7349874591969117154,41,2026-03-24T02:01:21.000Z,2026-03-24T02:02:02.000Z,189.6,-191.0,182.6,-7,0,0.2,4317.32,4326.58,,,BUY,USD,1,1,1583663
D#1670972,XAUUSD,100,7349874591905588588,7349874591886444093,7349874591969117385,7349874591969117222,29,2026-03-24T02:01:34.000Z,2026-03-24T02:02:03.000Z,-102.3,101.6,-105.8,-3.5,0,0.1,4316.16,4326.61,,,SELL,USD,1,1,1583663
D#1670972,XAUUSD,100,7349874591905588598,7349874591886444107,7349874591969117430,7349874591969117409,3,2026-03-24T02:02:06.000Z,2026-03-24T02:02:09.000Z,-16.9,16.2,-20.4,-3.5,0,0.1,4327.94,4326.03,,,BUY,USD,1,1,1583663
D#1702374,XAUUSD,100,7349874591905588769,7349874591886443887,7349874591969114973,7349874591969114854,530,2026-03-24T01:54:43.000Z,2026-03-24T02:03:33.000Z,-24.51,24.3,-25.57,-1.06,0,0.03,4324.48,4332.87,4332.66,4266.88,SELL,USD,1,1,1583663
D#1702462,XAUUSD,100,7349874591905588773,7349874591886444097,7349874591969117588,7349874591969117094,100,2026-03-24T02:01:53.000Z,2026-03-24T02:03:33.000Z,-105.1,104.39999999999999,-108.6,-3.5,0,0.1,4322.14,4332.87,4332.3,4310.05,SELL,USD,1,1,1583663
D#1702669,XAUUSD,100,7349874591905588798,7349874591886443730,7349874591969112964,7349874591969112733,868,2026-03-24T01:49:12.000Z,2026-03-24T02:03:40.000Z,40.44,-40.58,39.74,-0.7,0,0.02,4315.76,4335.76,4306,4336,BUY,USD,1,1,1583663
D#1671094,XAUUSD,100,7349874591905588799,7349874591886444118,7349874591969118038,7349874591969117562,66,2026-03-24T02:02:34.000Z,2026-03-24T02:03:40.000Z,-477.5,474.0,-495.0,-17.5,0,0.5,4325.72,4335.49,,,SELL,USD,1,1,1583663
D#1670946,XAUUSD,100,7349874591905588802,7349874591886444019,7349874591969118044,7349874591969116454,250,2026-03-24T01:59:31.000Z,2026-03-24T02:03:41.000Z,92.2,-92.9,88.7,-3.5,0,0.1,4324.47,4333.47,,,BUY,USD,1,1,1583663
D#1702493,XAUUSD,100,7349874591905588829,7349874591886444037,7349874591969118257,7349874591969116788,227,2026-03-24T02:00:32.000Z,2026-03-24T02:04:19.000Z,12.46,-12.530000000000001,12.1,-0.36,0,0.01,4319.52,4331.76,4299.2,,BUY,USD,1,1,1583663
D#1670945,XAUUSD,100,7349874591905588858,7349874591886443808,7349874591969118472,7349874591969113855,794,2026-03-24T01:51:44.000Z,2026-03-24T02:04:58.000Z,7.54,-7.61,7.18,-0.36,0,0.01,4325.8,4333.12,,,BUY,USD,1,1,1583663
D#1670972,XAUUSD,100,7349874591905588928,7349874591886444113,7349874591969118777,7349874591969117464,205,2026-03-24T02:02:16.000Z,2026-03-24T02:05:41.000Z,-121.8,120.39999999999999,-128.8,-7,0,0.2,4328.13,4321.82,,4343.52,BUY,USD,1,1,1583663
D#1702631,XAUUSD,100,7349874591905588994,7349874591886444223,7349874591969118964,7349874591969118123,159,2026-03-24T02:03:55.000Z,2026-03-24T02:06:34.000Z,22.6,-24.0,15.6,-7,0,0.2,4330.77,4329.86,4329.37,4309.66,SELL,USD,1,1,1583663
D#1670945,XAUUSD,100,7349874591905589046,7349874591886444306,7349874591969119331,7349874591969119050,49,2026-03-24T02:06:26.000Z,2026-03-24T02:07:15.000Z,13.8,-14.15,12.04,-1.76,0,0.05,4327,4329.54,,,BUY,USD,1,1,1583663
D#1614593,XAUUSD,100,7349874591905589071,7349874591886444080,7349874591969119544,7349874591969117102,407,2026-03-24T02:01:13.000Z,2026-03-24T02:08:00.000Z,-38.35,38.14,-39.41,-1.06,0,0.03,4317.5,4329.64,,4329.77,SELL,USD,1,1,1583663
D#1614596,XAUUSD,100,7349874591905589073,7349874591886444291,7349874591969119540,7349874591969118926,113,2026-03-24T02:06:08.000Z,2026-03-24T02:08:01.000Z,26.1,-26.450000000000003,24.34,-1.76,0,0.05,4324.02,4329.02,4329.38,4340.17,BUY,USD,1,1,1583663
D#1670946,XAUUSD,100,7349874591905589086,7349874591886444240,7349874591969119704,7349874591969118302,244,2026-03-24T02:04:25.000Z,2026-03-24T02:08:29.000Z,-60.5,59.8,-64.0,-3.5,0,0.1,4331.22,4324.95,,,BUY,USD,1,1,1583663
D#1702521,XAUUSD,100,7349874591905589134,7349874591886444351,7349874591969120003,7349874591969119609,72,2026-03-24T02:08:09.000Z,2026-03-24T02:09:21.000Z,-313.5,310.0,-331.0,-17.5,0,0.5,4327.5,4321.01,,,BUY,USD,1,1,1583663
D#1702522,XAUUSD,100,7349874591905589144,7349874591886444116,7349874591969118575,7349874591969117490,435,2026-03-24T02:02:21.000Z,2026-03-24T02:09:36.000Z,-36.68,36.4,-38.08,-1.4,0,0.04,4328.66,4319.27,4320,4357,BUY,USD,1,1,1583663
D#1670973,XAUUSD,100,7349874591905589156,7349874591886444389,7349874591969120129,7349874591969120084,8,2026-03-24T02:09:38.000Z,2026-03-24T02:09:46.000Z,160.8,-163.60000000000002,146.8,-14,0,0.4,4319.21,4323.01,,,BUY,USD,1,1,1583663
D#1702480,XAUUSD,100,7349874591905589199,7349874591886444400,7349874591969120408,7349874591969120296,18,2026-03-24T02:10:22.000Z,2026-03-24T02:10:40.000Z,-269.5,266.0,-287.0,-17.5,0,0.5,4321.44,4315.83,,,BUY,USD,1,1,1583663
D#1670973,XAUUSD,100,7349874591905589211,7349874591886444394,7349874591969120466,7349874591969120204,47,2026-03-24T02:10:03.000Z,2026-03-24T02:10:50.000Z,-278,275.2,-292.0,-14,0,0.4,4321.77,4314.6,,,BUY,USD,1,1,1583663
D#1670946,XAUUSD,100,7349874591905589216,7349874591886444368,7349874591969120483,7349874591969119843,119,2026-03-24T02:08:54.000Z,2026-03-24T02:10:53.000Z,81,-81.7,77.5,-3.5,0,0.1,4323.12,4315.24,,,SELL,USD,1,1,1583663
D#1702469,XAUUSD,100,7349874591905589237,7349874591886444407,7349874591969120511,7349874591969120399,23,2026-03-24T02:10:39.000Z,2026-03-24T02:11:02.000Z,-69.19,68.42,-73.05,-3.86,0,0.11,4317.16,4310.65,4311.15,4341.04,BUY,USD,1,1,1583663
D#1702628,XAUUSD,100,7349874591905589250,7349874591886444063,7349874591969117978,7349874591969116932,620,2026-03-24T02:00:48.000Z,2026-03-24T02:11:08.000Z,70.8,-71.5,67.3,-3.5,0,0.1,4314.99,4308.13,4337.96,4308.81,SELL,USD,1,1,1583663
D#1702505,XAUUSD,100,7349874591905589256,7349874591886444250,7349874591969120611,7349874591969118449,377,2026-03-24T02:04:53.000Z,2026-03-24T02:11:10.000Z,-467,465.6,-474.0,-7,0,0.2,4332.53,4308.96,,4341,BUY,USD,1,1,1583663
D#1702728,XAUUSD,100,7349874591905589262,7349874591886444438,7349874591969120670,7349874591969120613,12,2026-03-24T02:11:10.000Z,2026-03-24T02:11:22.000Z,-33.8,33.099999999999994,-37.3,-3.5,0,0.1,4308.68,4312.28,,,SELL,USD,1,1,1583663
D#1671086,XAUUSD,100,7349874591905589346,7349874591886444025,7349874591969117697,7349874591969116610,737,2026-03-24T02:00:01.000Z,2026-03-24T02:12:18.000Z,-149.4,148.70000000000002,-152.9,-3.5,0,0.1,4322.61,4307.45,4307.93,4343.25,BUY,USD,1,1,1583663
D#1702469,XAUUSD,100,7349874591905589345,7349874591886444440,7349874591969120882,7349874591969120654,60,2026-03-24T02:11:18.000Z,2026-03-24T02:12:18.000Z,-40.9,40.199999999999996,-44.4,-3.5,0,0.1,4311.82,4307.51,4309.4,4323.02,BUY,USD,1,1,1583663
D#1702462,XAUUSD,100,7349874591905589361,7349874591886444393,7349874591969120333,7349874591969120203,138,2026-03-24T02:10:03.000Z,2026-03-24T02:12:21.000Z,118.4,-118.96000000000001,115.6,-2.8,0,0.08,4321.57,4306.99,4318.04,4306.43,SELL,USD,1,1,1583663
D#1702728,XAUUSD,100,7349874591905589402,7349874591886444480,7349874591969121167,7349874591969121020,19,2026-03-24T02:12:20.000Z,2026-03-24T02:12:39.000Z,-72.6,71.89999999999999,-76.1,-3.5,0,0.1,4307.26,4314.74,,,SELL,USD,1,1,1583663
D#1702421,XAUUSD,100,7349874591905589411,7349874591886444483,7349874591969121228,7349874591969121043,28,2026-03-24T02:12:22.000Z,2026-03-24T02:12:50.000Z,-326.5,323.0,-344.0,-17.5,0,0.5,4308.53,4315.28,,,SELL,USD,1,1,1583663
D#1614593,XAUUSD,100,7349874591905589432,7349874591886444352,7349874591969121505,7349874591969119620,329,2026-03-24T02:08:11.000Z,2026-03-24T02:13:40.000Z,-133.11,132.48000000000002,-136.27,-3.16,0,0.09,4327.78,4312.77,,,BUY,USD,1,1,1583663
D#1702728,XAUUSD,100,7349874591905589454,7349874591886444502,7349874591969121678,7349874591969121213,86,2026-03-24T02:12:46.000Z,2026-03-24T02:14:12.000Z,33.7,-34.400000000000006,30.2,-3.5,0,0.1,4313.28,4310.13,,,SELL,USD,1,1,1583663
D#1702515,XAUUSD,100,7349874591905589464,7349874591886442266,7349874591969121723,7349874591969097940,3965,2026-03-24T01:08:16.000Z,2026-03-24T02:14:21.000Z,218.25,-218.6,216.49,-1.76,0,0.05,4352.48,4309.05,4349.58,,SELL,USD,1,1,1583663
D#1614596,XAUUSD,100,7349874591905589540,7349874591886444540,7349874591969122259,7349874591969121764,108,2026-03-24T02:14:28.000Z,2026-03-24T02:16:16.000Z,13.5,-13.85,11.74,-1.76,0,0.05,4308.46,4310.94,4312.14,4322.92,BUY,USD,1,1,1583663
D#1671085,XAUUSD,100,7349874591905589570,7349874591886444539,7349874591969122455,7349874591969121757,131,2026-03-24T02:14:26.000Z,2026-03-24T02:16:37.000Z,387,-390.5,369.5,-17.5,0,0.5,4309.53,4317.05,,,BUY,USD,1,1,1583663
D#1671085,XAUUSD,100,7349874591905589609,7349874591886444610,7349874591969122641,7349874591969122624,3,2026-03-24T02:17:04.000Z,2026-03-24T02:17:07.000Z,98.5,-102.0,81.0,-17.5,0,0.5,4319.25,4317.5,,,SELL,USD,1,1,1583663
D#1702494,XAUUSD,100,7349874591905589841,7349874591886444232,7349874591969123871,7349874591969118228,1015,2026-03-24T02:04:12.000Z,2026-03-24T02:21:07.000Z,10.76,-10.83,10.4,-0.36,0,0.01,4331.17,4320.63,,,SELL,USD,1,1,1583663
D#1702631,XAUUSD,100,7349874591905589885,7349874591886444599,7349874591969123007,7349874591969122506,295,2026-03-24T02:16:44.000Z,2026-03-24T02:21:39.000Z,-148.4,147.0,-155.4,-7,0,0.2,4317.46,4325.1,4322.85,4298.44,SELL,USD,1,1,1583663
D#1702689,XAUUSD,100,7349874591905589881,7349874591886444614,7349874591969123091,7349874591969122653,269,2026-03-24T02:17:10.000Z,2026-03-24T02:21:39.000Z,-47.7,47.28,-49.8,-2.1,0,0.06,4316.96,4325.13,4322.02,4247.37,SELL,USD,1,1,1583663
D#1702451,XAUUSD,100,7349874591905589897,7349874591886444373,7349874591969124117,7349874591969119941,755,2026-03-24T02:09:12.000Z,2026-03-24T02:21:47.000Z,23.75,-24.1,21.99,-1.76,0,0.05,4322.8,4327.33,4305,4330,BUY,USD,1,1,1583663
D#1702374,XAUUSD,100,7349874591905589972,7349874591886444281,7349874591969118790,7349874591969118788,996,2026-03-24T02:05:42.000Z,2026-03-24T02:22:18.000Z,-65,64.65,-66.76,-1.76,0,0.05,4321.79,4335.01,4334.53,4275.85,SELL,USD,1,1,1583663
D#1702462,XAUUSD,100,7349874591905589973,7349874591886444772,7349874591969124172,7349874591969123988,39,2026-03-24T02:21:39.000Z,2026-03-24T02:22:18.000Z,-105.44,104.88,-108.24,-2.8,0,0.08,4321.56,4334.96,4334.77,4306.4,SELL,USD,1,1,1583663
D#1702450,XAUUSD,100,7349874591905589981,7349874591886444552,7349874591969124329,7349874591969121934,441,2026-03-24T02:15:00.000Z,2026-03-24T02:22:21.000Z,-243.2,242.5,-246.7,-3.5,0,0.1,4311.72,4336.26,,,SELL,USD,1,1,1583663
D#1702671,XAUUSD,100,7349874591905589984,7349874591886444550,7349874591969124340,7349874591969121920,445,2026-03-24T02:14:57.000Z,2026-03-24T02:22:22.000Z,-244.4,243.70000000000002,-247.9,-3.5,0,0.1,4312.17,4336.83,,4255.92,SELL,USD,1,1,1583663
D#1670946,XAUUSD,100,7349874591905590021,7349874591886444779,7349874591969124451,7349874591969124162,43,2026-03-24T02:21:56.000Z,2026-03-24T02:22:39.000Z,142.8,-143.5,139.3,-3.5,0,0.1,4327.89,4341.95,,,BUY,USD,1,1,1583663
D#1702728,XAUUSD,100,7349874591905590026,7349874591886444566,7349874591969124466,7349874591969122050,440,2026-03-24T02:15:21.000Z,2026-03-24T02:22:41.000Z,-310.8,310.1,-314.3,-3.5,0,0.1,4311.76,4343.06,,4304.07,SELL,USD,1,1,1583663
D#1589405,XAUUSD,100,7349874591905590033,7349874591886442133,7349874591969124492,7349874591969096490,4714,2026-03-24T01:04:11.000Z,2026-03-24T02:22:45.000Z,40.26,-40.47,39.2,-1.06,0,0.03,4358.64,4345.44,4365.28,4219.08,SELL,USD,1,1,1583663
D#1702628,XAUUSD,100,7349874591905590043,7349874591886444554,7349874591969122281,7349874591969121954,467,2026-03-24T02:15:04.000Z,2026-03-24T02:22:51.000Z,-172.05,171.70000000000002,-173.81,-1.76,0,0.05,4313.6,4348.23,4347.85,4299.12,SELL,USD,1,1,1583663
D#1670946,XAUUSD,100,7349874591905590129,7349874591886444814,7349874591969125053,7349874591969124536,91,2026-03-24T02:22:51.000Z,2026-03-24T02:24:22.000Z,-84.6,83.89999999999999,-88.1,-3.5,0,0.1,4348.26,4339.58,,,BUY,USD,1,1,1583663
D#1670945,XAUUSD,100,7349874591905590157,7349874591886444348,7349874591969125214,7349874591969119568,1009,2026-03-24T02:08:00.000Z,2026-03-24T02:24:49.000Z,46.35,-46.7,44.59,-1.76,0,0.05,4329.64,4338.69,,,BUY,USD,1,1,1583663
D#1702689,XAUUSD,100,7349874591905590360,7349874591886444882,7349874591969125607,7349874591969125320,283,2026-03-24T02:25:07.000Z,2026-03-24T02:29:50.000Z,-82.02,81.6,-84.12,-2.1,0,0.06,4336.74,4350.63,4349.14,4259.07,SELL,USD,1,1,1583663
D#1702374,XAUUSD,100,7349874591905590380,7349874591886444869,7349874591969125369,7349874591969125213,308,2026-03-24T02:24:49.000Z,2026-03-24T02:29:57.000Z,-69.45,69.10000000000001,-71.21,-1.76,0,0.05,4338.69,4352.8,4352.59,,SELL,USD,1,1,1583663
D#1670946,XAUUSD,100,7349874591905590393,7349874591886444901,7349874591969126764,7349874591969125466,266,2026-03-24T02:25:34.000Z,2026-03-24T02:30:00.000Z,103.5,-104.2,100.0,-3.5,0,0.1,4342.24,4352.37,,,BUY,USD,1,1,1583663
D#1702677,XAUUSD,100,7349874591905590407,7349874591886444863,7349874591969126833,7349874591969125133,334,2026-03-24T02:24:36.000Z,2026-03-24T02:30:10.000Z,327.36,-329.67,315.8,-11.56,0,0.33,4338.84,4348.54,,,BUY,USD,1,1,1583663
D#1702451,XAUUSD,100,7349874591905590467,7349874591886445019,7349874591969127049,7349874591969126980,9,2026-03-24T02:30:30.000Z,2026-03-24T02:30:39.000Z,20.6,-20.950000000000003,18.84,-1.76,0,0.05,4354.57,4358.47,,,BUY,USD,1,1,1583663
D#1702689,XAUUSD,100,7349874591905590471,7349874591886445006,7349874591969127063,7349874591969126861,26,2026-03-24T02:30:14.000Z,2026-03-24T02:30:40.000Z,-104.8,104.1,-108.3,-3.5,0,0.1,4347.97,4358.67,,,SELL,USD,1,1,1583663
D#1670946,XAUUSD,100,7349874591905590647,7349874591886445032,7349874591969127963,7349874591969127104,142,2026-03-24T02:30:45.000Z,2026-03-24T02:33:07.000Z,85.6,-86.3,82.1,-3.5,0,0.1,4355.85,4364.19,,,BUY,USD,1,1,1583663
D#1702458,XAUUSD,100,7349874591905590680,7349874591886443920,7349874591969128221,7349874591969115181,2295,2026-03-24T01:55:36.000Z,2026-03-24T02:33:51.000Z,370.6,-371.3,367.1,-3.5,0,0.1,4326.66,4363.5,,,BUY,USD,1,1,1583663
D#1670990,XAUUSD,100,7349874591905590691,7349874591886443617,7349874591969111893,7349874591969111891,2879,2026-03-24T01:46:08.000Z,2026-03-24T02:34:07.000Z,-212.45,212.1,-214.21,-1.76,0,0.05,4327.95,4370.66,4370.33,4299.17,SELL,USD,1,1,1583663
D#1670866,XAUUSD,100,7349874591905590781,7349874591886445157,7349874591969128976,7349874591969128696,56,2026-03-24T02:35:24.000Z,2026-03-24T02:36:20.000Z,48,-48.7,44.5,-3.5,0,0.1,4367.52,4372.1,,,BUY,USD,1,1,1583663
D#1670946,XAUUSD,100,7349874591905590835,7349874591886445110,7349874591969129565,7349874591969128026,301,2026-03-24T02:33:18.000Z,2026-03-24T02:38:19.000Z,-7.4,6.7,-10.9,-3.5,0,0.1,4366.79,4365.83,,,BUY,USD,1,1,1583663
D#1702694,XAUUSD,100,7349874591905590901,7349874591886445182,7349874591969129945,7349874591969129122,165,2026-03-24T02:36:49.000Z,2026-03-24T02:39:34.000Z,-89.7,88.65,-94.96,-5.26,0,0.15,4367.38,4361.18,,,BUY,USD,1,1,1583663
D#1702694,XAUUSD,100,7349874591905590941,7349874591886445238,7349874591969130184,7349874591969129980,38,2026-03-24T02:39:42.000Z,2026-03-24T02:40:20.000Z,135.4,-136.8,128.4,-7,0,0.2,4360.87,4354.32,,,SELL,USD,1,1,1583663
D#1702451,XAUUSD,100,7349874591905590944,7349874591886445234,7349874591969130199,7349874591969129946,48,2026-03-24T02:39:34.000Z,2026-03-24T02:40:22.000Z,34.7,-35.050000000000004,32.94,-1.76,0,0.05,4361.18,4354.46,,,SELL,USD,1,1,1583663
D#1670985,XAUUSD,100,7349874591905590975,7349874591886444974,7349874591969130430,7349874591969126524,706,2026-03-24T02:29:19.000Z,2026-03-24T02:41:05.000Z,-57.75,57.4,-59.51,-1.76,0,0.05,4344.29,4356.06,,4288.57,SELL,USD,1,1,1583663
D#1702694,XAUUSD,100,7349874591905591015,7349874591886445264,7349874591969130791,7349874591969130287,99,2026-03-24T02:40:37.000Z,2026-03-24T02:42:16.000Z,24.75,-25.8,19.49,-5.26,0,0.15,4356.68,4355.25,,,SELL,USD,1,1,1583663
D#1702459,XAUUSD,100,7349874591905591027,7349874591886445201,7349874591969130897,7349874591969129445,285,2026-03-24T02:37:54.000Z,2026-03-24T02:42:39.000Z,-100.4,99.84,-103.2,-2.8,0,0.08,4367.33,4354.56,4359.38,4382.22,BUY,USD,1,1,1583663
D#1702464,XAUUSD,100,7349874591905591031,7349874591886445254,7349874591969130962,7349874591969130201,152,2026-03-24T02:40:22.000Z,2026-03-24T02:42:54.000Z,9.35,-13.2,-9.91,-19.26,0,0.55,4354.06,4354.11,,,SELL,USD,1,1,1583663
D#1670917,XAUUSD,100,7349874591905591065,7349874591886445305,7349874591969131186,7349874591969130927,55,2026-03-24T02:42:46.000Z,2026-03-24T02:43:41.000Z,90.6,-92.0,83.6,-7,0,0.2,4356.93,4361.24,,,BUY,USD,1,1,1583663
D#1670946,XAUUSD,100,7349874591905591073,7349874591886445251,7349874591969131206,7349874591969130147,212,2026-03-24T02:40:13.000Z,2026-03-24T02:43:45.000Z,-40,39.3,-43.5,-3.5,0,0.1,4358.92,4363.14,,,SELL,USD,1,1,1583663
D#1702422,XAUUSD,100,7349874591905591106,7349874591886445300,7349874591969130868,7349874591969130866,114,2026-03-24T02:42:34.000Z,2026-03-24T02:44:28.000Z,-34.23,34.019999999999996,-35.29,-1.06,0,0.03,4354.8,4366.43,4368.07,4324.74,SELL,USD,1,1,1583663
D#1702382,XAUUSD,100,7349874591905591113,7349874591886445327,7349874591969131505,7349874591969131265,45,2026-03-24T02:43:54.000Z,2026-03-24T02:44:39.000Z,147.9,-150.0,137.4,-10.5,0,0.3,4363.62,4368.33,,,BUY,USD,1,1,1583663
D#1702459,XAUUSD,100,7349874591905591164,7349874591886445311,7349874591969131377,7349874591969131056,135,2026-03-24T02:43:13.000Z,2026-03-24T02:45:28.000Z,123.28,-123.84,120.48,-2.8,0,0.08,4355.68,4370.87,,4370.57,BUY,USD,1,1,1583663
D#1670949,XAUUSD,100,7349874591905591170,7349874591886445247,7349874591969131802,7349874591969130093,329,2026-03-24T02:40:02.000Z,2026-03-24T02:45:31.000Z,-205.2,203.79999999999998,-212.2,-7,0,0.2,4360.57,4371.05,4373.71,4347.64,SELL,USD,1,1,1583663
D#1702374,XAUUSD,100,7349874591905591196,7349874591886445192,7349874591969129424,7349874591969129295,523,2026-03-24T02:37:25.000Z,2026-03-24T02:46:08.000Z,-39.35,39.0,-41.11,-1.76,0,0.05,4366.89,4374.98,4374.92,,SELL,USD,1,1,1583663
D#1670946,XAUUSD,100,7349874591905591221,7349874591886445370,7349874591969132158,7349874591969131727,85,2026-03-24T02:45:17.000Z,2026-03-24T02:46:42.000Z,-88.7,88.0,-92.2,-3.5,0,0.1,4365.39,4374.48,,,SELL,USD,1,1,1583663
D#1645648,XAUUSD,100,7349874591905591241,7349874591886445272,7349874591969132277,7349874591969130433,355,2026-03-24T02:41:06.000Z,2026-03-24T02:47:01.000Z,-216.9,216.20000000000002,-220.4,-3.5,0,0.1,4355.84,4377.75,,4305.76,SELL,USD,1,1,1583663
D#1702382,XAUUSD,100,7349874591905591258,7349874591886445359,7349874591969132345,7349874591969131588,139,2026-03-24T02:44:53.000Z,2026-03-24T02:47:12.000Z,88.9,-89.60000000000001,85.4,-3.5,0,0.1,4367.98,4376.65,,,BUY,USD,1,1,1583663
D#1702382,XAUUSD,100,7349874591905591327,7349874591886445419,7349874591969132954,7349874591969132436,112,2026-03-24T02:47:32.000Z,2026-03-24T02:49:24.000Z,88.6,-89.3,85.1,-3.5,0,0.1,4376.84,4368.2,,,SELL,USD,1,1,1583663
D#1702443,XAUUSD,100,7349874591905591358,7349874591886445361,7349874591969131692,7349874591969131608,312,2026-03-24T02:44:56.000Z,2026-03-24T02:50:08.000Z,71.2,-71.9,67.7,-3.5,0,0.1,4367.67,4360.77,,4360.65,SELL,USD,1,1,1583663
D#1671052,XAUUSD,100,7349874591905591361,7349874591886445442,7349874591969133175,7349874591969132708,99,2026-03-24T02:48:31.000Z,2026-03-24T02:50:10.000Z,-343,340.55,-355.26,-12.26,0,0.35,4371.84,4361.82,,4374.53,BUY,USD,1,1,1583663
D#1702422,XAUUSD,100,7349874591905591368,7349874591886445432,7349874591969133218,7349874591969132571,134,2026-03-24T02:48:04.000Z,2026-03-24T02:50:18.000Z,38.28,-38.49,37.22,-1.06,0,0.03,4374.7,4362.16,4389.36,4334.69,SELL,USD,1,1,1583663
D#1670945,XAUUSD,100,7349874591905591429,7349874591886445462,7349874591969133444,7349874591969133107,62,2026-03-24T02:49:56.000Z,2026-03-24T02:50:58.000Z,47.7,-48.050000000000004,45.94,-1.76,0,0.05,4364.57,4355.25,,,SELL,USD,1,1,1583663
D#1702451,XAUUSD,100,7349874591905591548,7349874591886445535,7349874591969134451,7349874591969133943,118,2026-03-24T02:52:35.000Z,2026-03-24T02:54:33.000Z,13.85,-14.2,12.09,-1.76,0,0.05,4355.12,4357.67,,,BUY,USD,1,1,1583663
D#1614619,XAUUSD,100,7349874591905591585,7349874591886445298,7349874591969134827,7349874591969130832,806,2026-03-24T02:42:27.000Z,2026-03-24T02:55:53.000Z,47.32,-48.23,42.76,-4.56,0,0.13,4356.58,4360,,,BUY,USD,1,1,1583663
D#1702374,XAUUSD,100,7349874591905591641,7349874591886445467,7349874591969135345,7349874591969133195,447,2026-03-24T02:50:14.000Z,2026-03-24T02:57:41.000Z,15.6,-15.95,13.84,-1.76,0,0.05,4361,4358.1,4381.31,,SELL,USD,1,1,1583663
D#1702451,XAUUSD,100,7349874591905591646,7349874591886445615,7349874591969135389,7349874591969135336,11,2026-03-24T02:57:40.000Z,2026-03-24T02:57:51.000Z,21.5,-21.85,19.74,-1.76,0,0.05,4359.14,4363.22,,,BUY,USD,1,1,1583663
D#1702438,XAUUSD,100,7349874591905591696,7349874591886445606,7349874591969135788,7349874591969135204,118,2026-03-24T02:57:17.000Z,2026-03-24T02:59:15.000Z,-41.8,41.099999999999994,-45.3,-3.5,0,0.1,4359.76,4364.16,,,SELL,USD,1,1,1583663
D#1702443,XAUUSD,100,7349874591905591776,7349874591886445540,7349874591969134167,7349874591969134076,515,2026-03-24T02:53:05.000Z,2026-03-24T03:01:40.000Z,53.6,-54.300000000000004,50.1,-3.5,0,0.1,4358.63,4353.49,,4353.24,SELL,USD,1,1,1583663
D#1702494,XAUUSD,100,7349874591905591944,7349874591886445598,7349874591969137773,7349874591969135073,567,2026-03-24T02:56:48.000Z,2026-03-24T03:06:15.000Z,1.26,-1.33,0.9,-0.36,0,0.01,4359.64,4358.6,,,SELL,USD,1,1,1583663
D#1702451,XAUUSD,100,7349874591905592061,7349874591886445849,7349874591969138848,7349874591969138712,29,2026-03-24T03:09:52.000Z,2026-03-24T03:10:21.000Z,17.65,-18.0,15.89,-1.76,0,0.05,4353.45,4356.76,,,BUY,USD,1,1,1583663
D#1645671,XAUUSD,100,7349874591905592173,7349874591886445819,7349874591969138683,7349874591969138393,337,2026-03-24T03:08:45.000Z,2026-03-24T03:14:22.000Z,-15.66,15.24,-17.76,-2.1,0,0.06,4357.53,4360.36,4361.64,,SELL,USD,1,1,1583663
D#1670946,XAUUSD,100,7349874591905592183,7349874591886445425,7349874591969139927,7349874591969132495,1616,2026-03-24T02:47:47.000Z,2026-03-24T03:14:43.000Z,-198.4,197.70000000000002,-201.9,-3.5,0,0.1,4377.78,4357.72,,,BUY,USD,1,1,1583663
D#1671082,XAUUSD,100,7349874591905592198,7349874591886445900,7349874591969140033,7349874591969139610,96,2026-03-24T03:13:30.000Z,2026-03-24T03:15:06.000Z,6,-6.7,2.5,-3.5,0,0.1,4358.4,4358.78,,,BUY,USD,1,1,1583663
D#1702339,XAUUSD,100,7349874591905592207,7349874591886445885,7349874591969139988,7349874591969139326,185,2026-03-24T03:12:19.000Z,2026-03-24T03:15:24.000Z,-90.72,89.74,-95.62,-4.9,0,0.14,4354.56,4361.26,4361.09,,SELL,USD,1,1,1583663
D#1702462,XAUUSD,100,7349874591905592296,7349874591886445717,7349874591969140634,7349874591969136693,889,2026-03-24T03:02:21.000Z,2026-03-24T03:17:10.000Z,-102.08,101.52,-104.88,-2.8,0,0.08,4352.77,4365.75,4367.07,4337.63,SELL,USD,1,1,1583663
D#1614603,XAUUSD,100,7349874591905592357,7349874591886445917,7349874591969140345,7349874591969139896,297,2026-03-24T03:14:38.000Z,2026-03-24T03:19:35.000Z,20.9,-21.599999999999998,17.4,-3.5,0,0.1,4357.32,4359.19,4359.21,4368.29,BUY,USD,1,1,1583663
D#1702733,XAUUSD,100,7349874591905592406,7349874591886446028,7349874591969141530,7349874591969141326,48,2026-03-24T03:19:58.000Z,2026-03-24T03:20:46.000Z,-98.1,97.39999999999999,-101.6,-3.5,0,0.1,4358.47,4368.5,4367.58,,SELL,USD,1,1,1583663
D#1614603,XAUUSD,100,7349874591905592445,7349874591886446044,7349874591969141850,7349874591969141527,63,2026-03-24T03:20:41.000Z,2026-03-24T03:21:44.000Z,-47.7,47.0,-51.2,-3.5,0,0.1,4366.76,4361.77,,,BUY,USD,1,1,1583663
D#1614619,XAUUSD,100,7349874591905592502,7349874591886445649,7349874591969142503,7349874591969135728,1535,2026-03-24T02:59:00.000Z,2026-03-24T03:24:35.000Z,2.34,-3.25,-2.22,-4.56,0,0.13,4362.82,4362.86,,4345.59,SELL,USD,1,1,1583663
D#1702733,XAUUSD,100,7349874591905592517,7349874591886446075,7349874591969142085,7349874591969141972,196,2026-03-24T03:22:12.000Z,2026-03-24T03:25:28.000Z,-7.4,6.7,-10.9,-3.5,0,0.1,4360.96,4360,4359.85,,BUY,USD,1,1,1583663
D#1702494,XAUUSD,100,7349874591905592561,7349874591886446111,7349874591969142945,7349874591969142645,111,2026-03-24T03:25:14.000Z,2026-03-24T03:27:05.000Z,3.08,-3.22,2.38,-0.7,0,0.02,4361.03,4359.71,4359.38,,SELL,USD,1,1,1583663
D#1702631,XAUUSD,100,7349874591905592598,7349874591886446100,7349874591969143027,7349874591969142398,265,2026-03-24T03:24:00.000Z,2026-03-24T03:28:25.000Z,12.6,-13.299999999999999,9.1,-3.5,0,0.1,4362.51,4361.47,4361.38,4308.85,SELL,USD,1,1,1583663
D#1614603,XAUUSD,100,7349874591905592602,7349874591886446069,7349874591969143326,7349874591969141864,399,2026-03-24T03:21:48.000Z,2026-03-24T03:28:27.000Z,-4.2,3.5,-7.7,-3.5,0,0.1,4361.5,4362.14,4362.13,4349.76,SELL,USD,1,1,1583663
D#1614619,XAUUSD,100,7349874591905592669,7349874591886446124,7349874591969143720,7349874591969142885,187,2026-03-24T03:26:19.000Z,2026-03-24T03:29:26.000Z,102.7,-103.61,98.14,-4.56,0,0.13,4356.76,4364.44,,,BUY,USD,1,1,1583663
D#1614603,XAUUSD,100,7349874591905592684,7349874591886446170,7349874591969143911,7349874591969143690,54,2026-03-24T03:29:19.000Z,2026-03-24T03:30:13.000Z,-43.8,42.4,-50.8,-7,0,0.2,4364.74,4362.33,,,BUY,USD,1,1,1583663
D#1702346,XAUUSD,100,7349874591905592696,7349874591886446106,7349874591969142564,7349874591969142560,345,2026-03-24T03:24:45.000Z,2026-03-24T03:30:30.000Z,77.5,-78.2,74.0,-3.5,0,0.1,4362.65,4355.12,4369.96,4355.39,SELL,USD,1,1,1583663
D#1702442,XAUUSD,100,7349874591905592703,7349874591886446031,7349874591969143989,7349874591969141345,629,2026-03-24T03:20:03.000Z,2026-03-24T03:30:32.000Z,101.8,-103.2,94.8,-7,0,0.2,4359.48,4354.61,,,SELL,USD,1,1,1583663
D#1702339,XAUUSD,100,7349874591905592722,7349874591886445984,7349874591969144051,7349874591969140650,808,2026-03-24T03:17:15.000Z,2026-03-24T03:30:43.000Z,-125.52,124.67999999999999,-129.72,-4.2,0,0.12,4365.18,4354.5,,4435.29,BUY,USD,1,1,1583663
D#1670945,XAUUSD,100,7349874591905592725,7349874591886446117,7349874591969144062,7349874591969142803,289,2026-03-24T03:25:56.000Z,2026-03-24T03:30:45.000Z,22.96,-23.45,20.5,-2.46,0,0.07,4357.77,4354.71,,,SELL,USD,1,1,1583663
D#1702716,XAUUSD,100,7349874591905592746,7349874591886446102,7349874591969144208,7349874591969142469,417,2026-03-24T03:24:23.000Z,2026-03-24T03:31:20.000Z,-203.6,202.2,-210.6,-7,0,0.2,4362.51,4352.11,4350.92,4368.64,BUY,USD,1,1,1583663
D#1670957,XAUUSD,100,7349874591905592749,7349874591886446011,7349874591969141144,7349874591969140958,783,2026-03-24T03:18:21.000Z,2026-03-24T03:31:24.000Z,100.4,-101.10000000000001,96.9,-3.5,0,0.1,4361.91,4352.09,,4352,SELL,USD,1,1,1583663
D#1702422,XAUUSD,100,7349874591905592766,7349874591886446078,7349874591969144317,7349874591969142021,559,2026-03-24T03:22:23.000Z,2026-03-24T03:31:42.000Z,-37.83,37.62,-38.89,-1.06,0,0.03,4362.74,4349.91,4347.77,4402.43,BUY,USD,1,1,1583663
D#1702464,XAUUSD,100,7349874591905592807,7349874591886446234,7349874591969144596,7349874591969144552,8,2026-03-24T03:32:31.000Z,2026-03-24T03:32:39.000Z,157.3,-161.15,138.04,-19.26,0,0.55,4350.71,4353.35,,,BUY,USD,1,1,1583663
D#1702464,XAUUSD,100,7349874591905592819,7349874591886446238,7349874591969144691,7349874591969144620,16,2026-03-24T03:32:46.000Z,2026-03-24T03:33:02.000Z,137.5,-141.35,118.24,-19.26,0,0.55,4353.48,4351.2,,,SELL,USD,1,1,1583663
D#1702464,XAUUSD,100,7349874591905592851,7349874591886446251,7349874591969144982,7349874591969144866,24,2026-03-24T03:33:46.000Z,2026-03-24T03:34:10.000Z,-274.45,270.59999999999997,-293.71,-19.26,0,0.55,4351.96,4346.75,,,BUY,USD,1,1,1583663
D#1702438,XAUUSD,100,7349874591905592864,7349874591886446147,7349874591969145090,7349874591969143318,387,2026-03-24T03:28:07.000Z,2026-03-24T03:34:34.000Z,13.22,-13.360000000000001,12.52,-0.7,0,0.02,4358.2,4351.81,,,SELL,USD,1,1,1583663
D#1671093,XAUUSD,100,7349874591905592961,7349874591886445745,7349874591969138010,7349874591969137147,1948,2026-03-24T03:04:00.000Z,2026-03-24T03:36:28.000Z,62.1,-62.52,60.0,-2.1,0,0.06,4353.5,4343.37,,4343.82,SELL,USD,1,1,1583663
D#1702443,XAUUSD,100,7349874591905592963,7349874591886445756,7349874591969137369,7349874591969137320,1907,2026-03-24T03:04:41.000Z,2026-03-24T03:36:28.000Z,76.9,-77.60000000000001,73.4,-3.5,0,0.1,4350.86,4343.39,,4343.73,SELL,USD,1,1,1583663
D#1614603,XAUUSD,100,7349874591905592962,7349874591886446182,7349874591969144201,7349874591969143967,359,2026-03-24T03:30:29.000Z,2026-03-24T03:36:28.000Z,123.3,-124.0,119.8,-3.5,0,0.1,4355.5,4343.39,,4343.77,SELL,USD,1,1,1583663
D#1670946,XAUUSD,100,7349874591905592974,7349874591886446096,7349874591969145728,7349874591969142334,777,2026-03-24T03:23:43.000Z,2026-03-24T03:36:40.000Z,-202.7,202.0,-206.2,-3.5,0,0.1,4362.71,4342.22,,,BUY,USD,1,1,1583663
D#1702459,XAUUSD,100,7349874591905592980,7349874591886445692,7349874591969136641,7349874591969136419,2118,2026-03-24T03:01:27.000Z,2026-03-24T03:36:45.000Z,121.84,-122.4,119.04,-2.8,0,0.08,4356.2,4341.19,,4341.31,SELL,USD,1,1,1583663
D#1702438,XAUUSD,100,7349874591905592979,7349874591886446281,7349874591969145770,7349874591969145217,107,2026-03-24T03:34:58.000Z,2026-03-24T03:36:45.000Z,60,-60.7,56.5,-3.5,0,0.1,4346.96,4341.18,,,SELL,USD,1,1,1583663
D#1702391,XAUUSD,100,7349874591905592984,7349874591886445464,7349874591969145801,7349874591969133157,2803,2026-03-24T02:50:07.000Z,2026-03-24T03:36:50.000Z,-203.8,203.10000000000002,-207.3,-3.5,0,0.1,4361.65,4341.05,,,BUY,USD,1,1,1583663
D#1671061,XAUUSD,100,7349874591905593039,7349874591886446349,7349874591969146225,7349874591969146127,20,2026-03-24T03:38:02.000Z,2026-03-24T03:38:22.000Z,-89.88,88.41,-97.24,-7.36,0,0.21,4339.1,4343.6,,,SELL,USD,1,1,1583663
D#1702536,XAUUSD,100,7349874591905593103,7349874591886446385,7349874591969146778,7349874591969146712,20,2026-03-24T03:40:17.000Z,2026-03-24T03:40:37.000Z,116.28,-119.85,98.42,-17.86,0,0.51,4341.66,4343.72,,,BUY,USD,1,1,1583663
D#1702511,XAUUSD,100,7349874591905593106,7349874591886446387,7349874591969146749,7349874591969146747,9,2026-03-24T03:40:31.000Z,2026-03-24T03:40:40.000Z,-28.7,28.0,-32.2,-3.5,0,0.1,4343.04,4346.13,4346,4333,SELL,USD,1,1,1583663
D#1702494,XAUUSD,100,7349874591905593110,7349874591886446222,7349874591969145808,7349874591969144380,525,2026-03-24T03:31:57.000Z,2026-03-24T03:40:42.000Z,4.68,-4.819999999999999,3.98,-0.7,0,0.02,4348.61,4346.49,4346.24,,SELL,USD,1,1,1583663
D#1702393,XAUUSD,100,7349874591905593109,7349874591886446368,7349874591969146463,7349874591969146462,90,2026-03-24T03:39:12.000Z,2026-03-24T03:40:42.000Z,-62.7,62.0,-66.2,-3.5,0,0.1,4340,4346.49,4346.28,4330.28,SELL,USD,1,1,1583663
D#1671061,XAUUSD,100,7349874591905593119,7349874591886446356,7349874591969146832,7349874591969146325,128,2026-03-24T03:38:45.000Z,2026-03-24T03:40:53.000Z,50.19,-51.66,42.83,-7.36,0,0.21,4343.31,4345.48,,,BUY,USD,1,1,1583663
D#1670945,XAUUSD,100,7349874591905593125,7349874591886446342,7349874591969146879,7349874591969146053,198,2026-03-24T03:37:45.000Z,2026-03-24T03:41:03.000Z,13.93,-14.42,11.47,-2.46,0,0.07,4343.18,4344.95,,,BUY,USD,1,1,1583663
D#1702472,XAUUSD,100,7349874591905593153,7349874591886446393,7349874591969146951,7349874591969146835,84,2026-03-24T03:40:55.000Z,2026-03-24T03:42:19.000Z,81.25,-83.0,72.49,-8.76,0,0.25,4345.55,4342.52,,4343.64,SELL,USD,1,1,1583663
D#1702346,XAUUSD,100,7349874591905593186,7349874591886446371,7349874591969146517,7349874591969146515,254,2026-03-24T03:39:25.000Z,2026-03-24T03:43:39.000Z,4.8,-5.5,1.3,-3.5,0,0.1,4341.01,4341.27,4341.78,4348.74,BUY,USD,1,1,1583663
D#1702451,XAUUSD,100,7349874591905593196,7349874591886446401,7349874591969147467,7349874591969146914,164,2026-03-24T03:41:11.000Z,2026-03-24T03:43:55.000Z,-28.25,27.9,-30.01,-1.76,0,0.05,4346,4340.13,,,BUY,USD,1,1,1583663
D#1671061,XAUUSD,100,7349874591905593199,7349874591886446403,7349874591969147501,7349874591969146944,165,2026-03-24T03:41:19.000Z,2026-03-24T03:44:04.000Z,108.15,-109.62,100.79,-7.36,0,0.21,4344.96,4340.03,,,SELL,USD,1,1,1583663
D#1702691,XAUUSD,100,7349874591905593233,7349874591886446462,7349874591969147786,7349874591969147710,19,2026-03-24T03:45:01.000Z,2026-03-24T03:45:20.000Z,20.9,-21.599999999999998,17.4,-3.5,0,0.1,4341.27,4339.4,,,SELL,USD,1,1,1583663
D#1702346,XAUUSD,100,7349874591905593243,7349874591886446472,7349874591969147806,7349874591969147804,10,2026-03-24T03:45:23.000Z,2026-03-24T03:45:33.000Z,-21,20.3,-24.5,-3.5,0,0.1,4340.43,4338.11,4338.54,4344.28,BUY,USD,1,1,1583663
D#1671061,XAUUSD,100,7349874591905593248,7349874591886446445,7349874591969147895,7349874591969147534,89,2026-03-24T03:44:12.000Z,2026-03-24T03:45:41.000Z,17.85,-19.32,10.49,-7.36,0,0.21,4339.55,4338.92,,,SELL,USD,1,1,1583663
D#1671082,XAUUSD,100,7349874591905593257,7349874591886446471,7349874591969147943,7349874591969147801,31,2026-03-24T03:45:22.000Z,2026-03-24T03:45:53.000Z,20.8,-21.5,17.3,-3.5,0,0.1,4339.99,4338.13,,,SELL,USD,1,1,1583663
D#1702691,XAUUSD,100,7349874591905593284,7349874591886446488,7349874591969148037,7349874591969147983,10,2026-03-24T03:46:03.000Z,2026-03-24T03:46:13.000Z,13.1,-13.799999999999999,9.6,-3.5,0,0.1,4338,4336.91,,,SELL,USD,1,1,1583663
D#1702451,XAUUSD,100,7349874591905593290,7349874591886446452,7349874591969148061,7349874591969147607,107,2026-03-24T03:44:30.000Z,2026-03-24T03:46:17.000Z,20.3,-20.650000000000002,18.54,-1.76,0,0.05,4340.16,4336.32,,,SELL,USD,1,1,1583663
D#1702443,XAUUSD,100,7349874591905593294,7349874591886446331,7349874591969145921,7349874591969145880,551,2026-03-24T03:37:07.000Z,2026-03-24T03:46:18.000Z,61,-61.7,57.5,-3.5,0,0.1,4341.19,4335.31,,4335.53,SELL,USD,1,1,1583663
D#1645671,XAUUSD,100,7349874591905593304,7349874591886446010,7349874591969143421,7349874591969140935,1695,2026-03-24T03:18:16.000Z,2026-03-24T03:46:31.000Z,204.35,-205.04999999999998,200.84,-3.51,0,0.1,4360.55,4339.06,4338.72,4320.82,SELL,USD,1,1,1583663
D#1702691,XAUUSD,100,7349874591905593307,7349874591886446504,7349874591969148170,7349874591969148085,20,2026-03-24T03:46:20.000Z,2026-03-24T03:46:40.000Z,25.7,-26.4,22.2,-3.5,0,0.1,4336.34,4338.69,,,BUY,USD,1,1,1583663
D#1702691,XAUUSD,100,7349874591905593328,7349874591886446513,7349874591969148327,7349874591969148238,17,2026-03-24T03:46:58.000Z,2026-03-24T03:47:15.000Z,15.3,-16.0,11.8,-3.5,0,0.1,4338.7,4340.01,,,BUY,USD,1,1,1583663
D#1670918,XAUUSD,100,7349874591905593332,7349874591886446493,7349874591969148021,7349874591969148019,77,2026-03-24T03:46:12.000Z,2026-03-24T03:47:29.000Z,-42.3,41.669999999999995,-45.46,-3.16,0,0.09,4336.24,4341.16,4340.68,4327.94,SELL,USD,1,1,1583663
D#1671061,XAUUSD,100,7349874591905593338,7349874591886446512,7349874591969148412,7349874591969148236,39,2026-03-24T03:46:57.000Z,2026-03-24T03:47:36.000Z,-50.61,49.14,-57.97,-7.36,0,0.21,4338.4,4341.03,,,SELL,USD,1,1,1583663
D#1702636,XAUUSD,100,7349874591905593351,7349874591886446433,7349874591969148460,7349874591969147330,265,2026-03-24T03:43:20.000Z,2026-03-24T03:47:45.000Z,22.77,-23.54,18.91,-3.86,0,0.11,4344.44,4342.59,,,SELL,USD,1,1,1583663
D#1702494,XAUUSD,100,7349874591905593366,7349874591886446431,7349874591969147461,7349874591969147320,283,2026-03-24T03:43:17.000Z,2026-03-24T03:48:00.000Z,8.1,-8.45,6.34,-1.76,0,0.05,4344.48,4343.08,4342.98,,SELL,USD,1,1,1583663
D#1702636,XAUUSD,100,7349874591905593370,7349874591886446535,7349874591969148606,7349874591969148480,27,2026-03-24T03:47:49.000Z,2026-03-24T03:48:16.000Z,-1.14,0.72,-3.24,-2.1,0,0.06,4342.57,4342.16,,,BUY,USD,1,1,1583663
D#1702442,XAUUSD,100,7349874591905593408,7349874591886446556,7349874591969148928,7349874591969148848,27,2026-03-24T03:49:30.000Z,2026-03-24T03:49:57.000Z,-14.2,12.799999999999999,-21.2,-7,0,0.2,4341.4,4340.47,,,BUY,USD,1,1,1583663
D#1645671,XAUUSD,100,7349874591905593414,7349874591886446517,7349874591969148386,7349874591969148272,189,2026-03-24T03:47:03.000Z,2026-03-24T03:50:12.000Z,10.55,-11.25,7.04,-3.51,0,0.1,4338.74,4339.19,4339.33,,BUY,USD,1,1,1583663
D#1702636,XAUUSD,100,7349874591905593429,7349874591886446544,7349874591969149072,7349874591969148642,144,2026-03-24T03:48:24.000Z,2026-03-24T03:50:48.000Z,1.98,-2.75,-1.88,-3.86,0,0.11,4340.83,4340.87,,,SELL,USD,1,1,1583663
D#1671061,XAUUSD,100,7349874591905593461,7349874591886446546,7349874591969149216,7349874591969148712,164,2026-03-24T03:48:47.000Z,2026-03-24T03:51:31.000Z,-79.38,77.91,-86.74,-7.36,0,0.21,4340.97,4336.97,,,BUY,USD,1,1,1583663
D#1702636,XAUUSD,100,7349874591905593463,7349874591886446584,7349874591969149225,7349874591969149094,38,2026-03-24T03:50:54.000Z,2026-03-24T03:51:32.000Z,-27.5,26.73,-31.36,-3.86,0,0.11,4339.85,4337.13,,,BUY,USD,1,1,1583663
D#1702692,XAUUSD,100,7349874591905593494,7349874591886446611,7349874591969149380,7349874591969149376,9,2026-03-24T03:52:10.000Z,2026-03-24T03:52:19.000Z,3.69,-3.9,2.63,-1.06,0,0.03,4337.94,4338.95,4337.47,4339.02,BUY,USD,1,1,1583663
D#1702692,XAUUSD,100,7349874591905593501,7349874591886446615,7349874591969149430,7349874591969149427,7,2026-03-24T03:52:23.000Z,2026-03-24T03:52:30.000Z,4.08,-4.29,3.02,-1.06,0,0.03,4339.96,4341.1,4339.6,4341.15,BUY,USD,1,1,1583663
D#1671061,XAUUSD,100,7349874591905593505,7349874591886446606,7349874591969149465,7349874591969149337,34,2026-03-24T03:51:59.000Z,2026-03-24T03:52:33.000Z,110.98,-113.15,100.12,-10.86,0,0.31,4338.31,4341.67,,,BUY,USD,1,1,1583663
D#1702645,XAUUSD,100,7349874591905593504,7349874591886446607,7349874591969149464,7349874591969149351,30,2026-03-24T03:52:03.000Z,2026-03-24T03:52:33.000Z,25.02,-25.65,21.86,-3.16,0,0.09,4339.11,4341.67,,,BUY,USD,1,1,1583663
D#1702562,XAUUSD,100,7349874591905593589,7349874591886446524,7349874591969149527,7349874591969148413,394,2026-03-24T03:47:36.000Z,2026-03-24T03:54:10.000Z,9.54,-9.75,8.48,-1.06,0,0.03,4341.03,4343.99,4335,4344,BUY,USD,1,1,1583663
D#1670918,XAUUSD,100,7349874591905593590,7349874591886446569,7349874591969149020,7349874591969149018,223,2026-03-24T03:50:28.000Z,2026-03-24T03:54:11.000Z,-38.97,38.339999999999996,-42.13,-3.16,0,0.09,4339.64,4344.19,4344.05,4330.72,SELL,USD,1,1,1583663
D#1671061,XAUUSD,100,7349874591905593596,7349874591886446621,7349874591969149937,7349874591969149502,99,2026-03-24T03:52:41.000Z,2026-03-24T03:54:20.000Z,78.12,-80.29,67.26,-10.86,0,0.31,4341.57,4343.87,,,BUY,USD,1,1,1583663
D#1671061,XAUUSD,100,7349874591905593677,7349874591886446679,7349874591969150283,7349874591969150053,44,2026-03-24T03:54:58.000Z,2026-03-24T03:55:42.000Z,-104.16,101.99,-115.02,-10.86,0,0.31,4341.77,4338.19,,,BUY,USD,1,1,1583663
D#1702645,XAUUSD,100,7349874591905593681,7349874591886446657,7349874591969150304,7349874591969149814,108,2026-03-24T03:53:58.000Z,2026-03-24T03:55:46.000Z,39.15,-39.78,35.99,-3.16,0,0.09,4342.56,4338.43,,,SELL,USD,1,1,1583663
D#1702536,XAUUSD,100,7349874591905593693,7349874591886446698,7349874591969150337,7349874591969150166,30,2026-03-24T03:55:21.000Z,2026-03-24T03:55:51.000Z,-236.64,233.07,-254.5,-17.86,0,0.51,4342.56,4337.7,,,BUY,USD,1,1,1583663
D#1671061,XAUUSD,100,7349874591905593730,7349874591886446723,7349874591969150520,7349874591969150414,22,2026-03-24T03:56:06.000Z,2026-03-24T03:56:28.000Z,-71.92,69.75,-82.78,-10.86,0,0.31,4341.75,4344.29,,,SELL,USD,1,1,1583663
D#1702393,XAUUSD,100,7349874591905593741,7349874591886446560,7349874591969148892,7349874591969148891,411,2026-03-24T03:49:43.000Z,2026-03-24T03:56:34.000Z,-50.3,49.599999999999994,-53.8,-3.5,0,0.1,4340.33,4345.58,4345.44,4329.44,SELL,USD,1,1,1583663
D#1702346,XAUUSD,100,7349874591905593746,7349874591886446497,7349874591969148591,7349874591969148041,622,2026-03-24T03:46:13.000Z,2026-03-24T03:56:35.000Z,-98,97.3,-101.5,-3.5,0,0.1,4336.69,4346.71,4346.63,4329.42,SELL,USD,1,1,1583663
D#1702733,XAUUSD,100,7349874591905593763,7349874591886446232,7349874591969150611,7349874591969144547,1458,2026-03-24T03:32:30.000Z,2026-03-24T03:56:48.000Z,24.2,-24.9,20.7,-3.5,0,0.1,4350.38,4348.18,4350.59,,SELL,USD,1,1,1583663
D#1702631,XAUUSD,100,7349874591905593771,7349874591886446154,7349874591969146439,7349874591969143425,1704,2026-03-24T03:28:30.000Z,2026-03-24T03:56:54.000Z,123.6,-124.3,120.1,-3.5,0,0.1,4361.82,4349.68,4349.2,4308.38,SELL,USD,1,1,1583663
D#1702442,XAUUSD,100,7349874591905593772,7349874591886446564,7349874591969150648,7349874591969148950,408,2026-03-24T03:50:07.000Z,2026-03-24T03:56:55.000Z,-202.4,201.0,-209.4,-7,0,0.2,4339.38,4349.72,,,SELL,USD,1,1,1583663
D#1671061,XAUUSD,100,7349874591905593778,7349874591886446735,7349874591969150684,7349874591969150560,24,2026-03-24T03:56:37.000Z,2026-03-24T03:57:01.000Z,85.25,-87.42,74.39,-10.86,0,0.31,4346.92,4349.45,,,BUY,USD,1,1,1583663
D#1702451,XAUUSD,100,7349874591905593837,7349874591886446754,7349874591969151266,7349874591969150801,81,2026-03-24T03:57:24.000Z,2026-03-24T03:58:45.000Z,-12.15,11.8,-13.91,-1.76,0,0.05,4347.86,4345.21,,,BUY,USD,1,1,1583663
D#1702654,XAUUSD,100,7349874591905593865,7349874591886446444,7349874591969147474,7349874591969147215,950,2026-03-24T03:43:59.000Z,2026-03-24T03:59:49.000Z,70,-70.7,66.5,-3.5,0,0.1,4339.07,4345.85,4345.96,4349.8,BUY,USD,1,1,1583663
D#1670957,XAUUSD,100,7349874591905593895,7349874591886446319,7349874591969145905,7349874591969145738,1425,2026-03-24T03:36:42.000Z,2026-03-24T04:00:27.000Z,98.64,-99.48,94.44,-4.2,0,0.12,4341.98,4349.98,,4350.41,BUY,USD,1,1,1583663
D#1702451,XAUUSD,100,7349874591905593919,7349874591886446807,7349874591969151794,7349874591969151652,43,2026-03-24T04:00:35.000Z,2026-03-24T04:01:18.000Z,13.95,-14.299999999999999,12.19,-1.76,0,0.05,4348.11,4350.68,,,BUY,USD,1,1,1583663
D#1671061,XAUUSD,100,7349874591905593920,7349874591886446755,7349874591969151805,7349874591969150811,232,2026-03-24T03:57:28.000Z,2026-03-24T04:01:20.000Z,94.86,-97.03,84.0,-10.86,0,0.31,4348.04,4350.88,,,BUY,USD,1,1,1583663
D#1702442,XAUUSD,100,7349874591905593940,7349874591886446749,7349874591969151882,7349874591969150764,262,2026-03-24T03:57:18.000Z,2026-03-24T04:01:40.000Z,-44.6,43.2,-51.6,-7,0,0.2,4347.69,4350.14,,,SELL,USD,1,1,1583663
D#1702346,XAUUSD,100,7349874591905593946,7349874591886446810,7349874591969151906,7349874591969151707,51,2026-03-24T04:00:55.000Z,2026-03-24T04:01:46.000Z,23.5,-24.2,20.0,-3.5,0,0.1,4347.95,4350.08,,,BUY,USD,1,1,1583663
D#1702487,XAUUSD,100,7349874591905593954,7349874591886446339,7349874591969145986,7349874591969145984,1472,2026-03-24T03:37:29.000Z,2026-03-24T04:02:01.000Z,-50,49.65,-51.76,-1.76,0,0.05,4342.08,4352.3,4352.35,4283.59,SELL,USD,1,1,1583663
D#1702428,XAUUSD,100,7349874591905593961,7349874591886446823,7349874591969152008,7349874591969151883,28,2026-03-24T04:01:41.000Z,2026-03-24T04:02:09.000Z,14.2,-14.899999999999999,10.7,-3.5,0,0.1,4350.14,4351.34,,,BUY,USD,1,1,1583663
D#1702691,XAUUSD,100,7349874591905594014,7349874591886446860,7349874591969152367,7349874591969152313,14,2026-03-24T04:03:28.000Z,2026-03-24T04:03:42.000Z,22.9,-23.599999999999998,19.4,-3.5,0,0.1,4352.38,4350.31,,,SELL,USD,1,1,1583663
D#1670918,XAUUSD,100,7349874591905594030,7349874591886446768,7349874591969152493,7349874591969151202,348,2026-03-24T03:58:27.000Z,2026-03-24T04:04:15.000Z,60.03,-60.660000000000004,56.87,-3.16,0,0.09,4345.38,4351.83,4340.82,4353.34,BUY,USD,1,1,1583663
D#1702490,XAUUSD,100,7349874591905594060,7349874591886446741,7349874591969150641,7349874591969146079,497,2026-03-24T03:56:54.000Z,2026-03-24T04:05:11.000Z,-49.5,48.8,-53.0,-3.5,0,0.1,4348.99,4354.16,4354,4338,SELL,USD,1,1,1583663
D#1671061,XAUUSD,100,7349874591905594070,7349874591886446819,7349874591969152755,7349874591969151826,231,2026-03-24T04:01:28.000Z,2026-03-24T04:05:19.000Z,112.84,-115.01,101.98,-10.86,0,0.31,4351.15,4354.57,,,BUY,USD,1,1,1583663
D#1702346,XAUUSD,100,7349874591905594077,7349874591886446852,7349874591969152223,7349874591969152221,138,2026-03-24T04:03:06.000Z,2026-03-24T04:05:24.000Z,-38.7,38.0,-42.2,-3.5,0,0.1,4351.25,4355.34,4355.2,4343.74,SELL,USD,1,1,1583663
D#1702739,XAUUSD,100,7349874591905594096,7349874591886446883,7349874591969152823,7349874591969152605,48,2026-03-24T04:04:42.000Z,2026-03-24T04:05:30.000Z,67.4,-68.80000000000001,60.4,-7,0,0.2,4352.54,4355.69,,,BUY,USD,1,1,1583663
D#1614595,XAUUSD,100,7349874591905594101,7349874591886446563,7349874591969149159,7349874591969148921,937,2026-03-24T03:49:56.000Z,2026-03-24T04:05:33.000Z,77.45,-77.8,75.69,-1.76,0,0.05,4340.58,4355.85,4331.09,4356,BUY,USD,1,1,1583663
D#1702596,XAUUSD,100,7349874591905594110,7349874591886446769,7349874591969152895,7349874591969151227,429,2026-03-24T03:58:33.000Z,2026-03-24T04:05:42.000Z,-226.8,225.4,-233.8,-7,0,0.2,4345.41,4356.97,,4341.52,SELL,USD,1,1,1583663
D#1614603,XAUUSD,100,7349874591905594115,7349874591886446456,7349874591969152907,7349874591969147664,1256,2026-03-24T03:44:47.000Z,2026-03-24T04:05:43.000Z,-162.1,161.4,-165.6,-3.5,0,0.1,4340.89,4357.32,,4329.18,SELL,USD,1,1,1583663
D#1702636,XAUUSD,100,7349874591905594112,7349874591886446600,7349874591969152900,7349874591969149270,842,2026-03-24T03:51:41.000Z,2026-03-24T04:05:43.000Z,-212.52,211.75,-216.38,-3.86,0,0.11,4337.77,4357.31,,,SELL,USD,1,1,1583663
D#1702428,XAUUSD,100,7349874591905594114,7349874591886446897,7349874591969152909,7349874591969152757,24,2026-03-24T04:05:19.000Z,2026-03-24T04:05:43.000Z,26.2,-26.9,22.7,-3.5,0,0.1,4354.72,4357.12,,,BUY,USD,1,1,1583663
D#1702422,XAUUSD,100,7349874591905594120,7349874591886446522,7349874591969152925,7349874591969148376,1096,2026-03-24T03:47:30.000Z,2026-03-24T04:05:46.000Z,48.63,-48.84,47.57,-1.06,0,0.03,4341.07,4357.06,4330.96,4380.07,BUY,USD,1,1,1583663
D#1702657,XAUUSD,100,7349874591905594133,7349874591886446908,7349874591969153006,7349874591969152819,35,2026-03-24T04:05:29.000Z,2026-03-24T04:06:04.000Z,30.81,-31.72,26.25,-4.56,0,0.13,4354.45,4356.6,4356.88,4364.76,BUY,USD,1,1,1583663
D#1702393,XAUUSD,100,7349874591905594146,7349874591886446868,7349874591969152425,7349874591969152424,139,2026-03-24T04:03:58.000Z,2026-03-24T04:06:17.000Z,14.8,-15.5,11.3,-3.5,0,0.1,4351.08,4352.34,4352.95,4361.95,BUY,USD,1,1,1583663
D#1670918,XAUUSD,100,7349874591905594149,7349874591886446933,7349874591969153083,7349874591969153056,4,2026-03-24T04:06:15.000Z,2026-03-24T04:06:19.000Z,7.74,-8.370000000000001,4.58,-3.16,0,0.09,4353.54,4352.9,4358.78,4345.45,SELL,USD,1,1,1583663
D#1702451,XAUUSD,100,7349874591905594162,7349874591886446913,7349874591969153159,7349874591969152851,59,2026-03-24T04:05:34.000Z,2026-03-24T04:06:33.000Z,-20.45,20.099999999999998,-22.21,-1.76,0,0.05,4356.02,4351.71,,,BUY,USD,1,1,1583663
D#1614603,XAUUSD,100,7349874591905594161,7349874591886446927,7349874591969153157,7349874591969153004,30,2026-03-24T04:06:03.000Z,2026-03-24T04:06:33.000Z,-56.1,55.33,-59.96,-3.86,0,0.11,4356.94,4351.62,,,BUY,USD,1,1,1583663
D#1702739,XAUUSD,100,7349874591905594171,7349874591886446917,7349874591969153243,7349874591969152920,69,2026-03-24T04:05:45.000Z,2026-03-24T04:06:54.000Z,68.2,-69.60000000000001,61.2,-7,0,0.2,4356.73,4353.54,,,SELL,USD,1,1,1583663
D#1702739,XAUUSD,100,7349874591905594194,7349874591886446950,7349874591969153390,7349874591969153259,43,2026-03-24T04:07:01.000Z,2026-03-24T04:07:44.000Z,-8.6,7.199999999999999,-15.6,-7,0,0.2,4353.18,4352.53,,,BUY,USD,1,1,1583663
D#1645671,XAUUSD,100,7349874591905594202,7349874591886446632,7349874591969149737,7349874591969149653,875,2026-03-24T03:53:19.000Z,2026-03-24T04:07:54.000Z,99.4,-100.10000000000001,95.9,-3.5,0,0.1,4341.59,4351.31,4351.72,,BUY,USD,1,1,1583663
D#1702739,XAUUSD,100,7349874591905594217,7349874591886446967,7349874591969153493,7349874591969153407,19,2026-03-24T04:07:50.000Z,2026-03-24T04:08:09.000Z,49.4,-50.8,42.4,-7,0,0.2,4352.25,4350,,,SELL,USD,1,1,1583663
D#1702739,XAUUSD,100,7349874591905594225,7349874591886446976,7349874591969153587,7349874591969153517,19,2026-03-24T04:08:15.000Z,2026-03-24T04:08:34.000Z,-25.4,24.0,-32.4,-7,0,0.2,4350.39,4348.9,,,BUY,USD,1,1,1583663
D#1702739,XAUUSD,100,7349874591905594252,7349874591886446986,7349874591969153732,7349874591969153629,27,2026-03-24T04:08:41.000Z,2026-03-24T04:09:08.000Z,-44,42.6,-51.0,-7,0,0.2,4348.91,4351.33,,,SELL,USD,1,1,1583663
D#1670884,XAUUSD,100,7349874591905594265,7349874591886446988,7349874591969153791,7349874591969153657,33,2026-03-24T04:08:49.000Z,2026-03-24T04:09:22.000Z,-13.9,13.55,-15.66,-1.76,0,0.05,4348.18,4351.18,,,SELL,USD,1,1,1583663
D#1702739,XAUUSD,100,7349874591905594275,7349874591886446992,7349874591969153843,7349874591969153749,22,2026-03-24T04:09:13.000Z,2026-03-24T04:09:35.000Z,-18,16.6,-25.0,-7,0,0.2,4350.99,4349.87,,,BUY,USD,1,1,1583663
D#1702654,XAUUSD,100,7349874591905594283,7349874591886446896,7349874591969152749,7349874591969151800,275,2026-03-24T04:05:19.000Z,2026-03-24T04:09:54.000Z,24.8,-25.5,21.3,-3.5,0,0.1,4354.71,4352.45,4352,4344.2,SELL,USD,1,1,1583663
D#1670884,XAUUSD,100,7349874591905594392,7349874591886447035,7349874591969154464,7349874591969154155,92,2026-03-24T04:11:06.000Z,2026-03-24T04:12:38.000Z,18,-18.35,16.24,-1.76,0,0.05,4351.74,4348.36,,,SELL,USD,1,1,1583663
D#1702428,XAUUSD,100,7349874591905594399,7349874591886447030,7349874591969154514,7349874591969154102,119,2026-03-24T04:10:50.000Z,2026-03-24T04:12:49.000Z,32.9,-33.6,29.4,-3.5,0,0.1,4351.1,4348.03,,,SELL,USD,1,1,1583663
D#1614603,XAUUSD,100,7349874591905594426,7349874591886446947,7349874591969154852,7349874591969153236,405,2026-03-24T04:06:52.000Z,2026-03-24T04:13:37.000Z,24.45,-24.8,22.69,-1.76,0,0.05,4353.33,4348.66,,4330.64,SELL,USD,1,1,1583663
D#1702739,XAUUSD,100,7349874591905594446,7349874591886447006,7349874591969154977,7349874591969153849,279,2026-03-24T04:09:39.000Z,2026-03-24T04:14:18.000Z,-2.8,1.3999999999999997,-9.8,-7,0,0.2,4350.12,4350.48,,,SELL,USD,1,1,1583663
D#1702414,XAUUSD,100,7349874591905594474,7349874591886447043,7349874591969154518,7349874591969154295,211,2026-03-24T04:11:42.000Z,2026-03-24T04:15:13.000Z,115.8,-117.2,108.8,-7,0,0.2,4352.95,4347.38,,4347.08,SELL,USD,1,1,1583663
D#1702428,XAUUSD,100,7349874591905594489,7349874591886447091,7349874591969155293,7349874591969154924,106,2026-03-24T04:14:00.000Z,2026-03-24T04:15:46.000Z,25.1,-25.8,21.6,-3.5,0,0.1,4350.61,4348.32,,4332.65,SELL,USD,1,1,1583663
D#1702739,XAUUSD,100,7349874591905594491,7349874591886447097,7349874591969155294,7349874591969154999,79,2026-03-24T04:14:27.000Z,2026-03-24T04:15:46.000Z,-43.8,42.4,-50.8,-7,0,0.2,4350.48,4348.07,,,BUY,USD,1,1,1583663
D#1702472,XAUUSD,100,7349874591905594530,7349874591886447085,7349874591969154912,7349874591969154822,173,2026-03-24T04:13:23.000Z,2026-03-24T04:16:16.000Z,72.75,-74.5,63.99,-8.76,0,0.25,4348.33,4345.64,,4345.49,SELL,USD,1,1,1583663
D#1670918,XAUUSD,100,7349874591905594537,7349874591886446959,7349874591969155455,7349874591969153328,534,2026-03-24T04:07:25.000Z,2026-03-24T04:16:19.000Z,61.47,-62.1,58.31,-3.16,0,0.09,4352.1,4345.49,4356.61,4343.28,SELL,USD,1,1,1583663
D#1670945,XAUUSD,100,7349874591905594541,7349874591886447084,7349874591969155472,7349874591969154803,185,2026-03-24T04:13:17.000Z,2026-03-24T04:16:22.000Z,15.12,-15.61,12.66,-2.46,0,0.07,4348.12,4346.18,,,SELL,USD,1,1,1583663
D#1702739,XAUUSD,100,7349874591905594550,7349874591886447126,7349874591969155501,7349874591969155344,32,2026-03-24T04:15:56.000Z,2026-03-24T04:16:28.000Z,25.3,-26.07,21.44,-3.86,0,0.11,4347.46,4345.38,,,SELL,USD,1,1,1583663
D#1702739,XAUUSD,100,7349874591905594575,7349874591886447149,7349874591969155642,7349874591969155547,20,2026-03-24T04:16:37.000Z,2026-03-24T04:16:57.000Z,23.21,-23.98,19.35,-3.86,0,0.11,4347.71,4345.82,,,SELL,USD,1,1,1583663
D#1702346,XAUUSD,100,7349874591905594594,7349874591886447021,7349874591969154233,7349874591969153968,418,2026-03-24T04:10:17.000Z,2026-03-24T04:17:15.000Z,70.6,-71.3,67.1,-3.5,0,0.1,4350.64,4343.8,4355.56,4343.68,SELL,USD,1,1,1583663
D#1671070,XAUUSD,100,7349874591905594596,7349874591886447078,7349874591969155060,7349874591969154643,247,2026-03-24T04:13:09.000Z,2026-03-24T04:17:16.000Z,109.4,-110.80000000000001,102.4,-7,0,0.2,4348.74,4343.49,,4343.41,SELL,USD,1,1,1583663
D#1671083,XAUUSD,100,7349874591905594604,7349874591886447079,7349874591969154942,7349874591969154780,247,2026-03-24T04:13:11.000Z,2026-03-24T04:17:18.000Z,-59.8,59.099999999999994,-63.3,-3.5,0,0.1,4348.95,4342.75,4342.88,4356.66,BUY,USD,1,1,1583663
D#1670957,XAUUSD,100,7349874591905594610,7349874591886447062,7349874591969154501,7349874591969154414,297,2026-03-24T04:12:23.000Z,2026-03-24T04:17:20.000Z,100.44,-101.28,96.24,-4.2,0,0.12,4350.33,4342.18,4358.02,4342.13,SELL,USD,1,1,1583663
D#1702739,XAUUSD,100,7349874591905594620,7349874591886447165,7349874591969155793,7349874591969155707,16,2026-03-24T04:17:14.000Z,2026-03-24T04:17:30.000Z,-57,55.6,-64.0,-7,0,0.2,4344.42,4341.35,,,BUY,USD,1,1,1583663
D#1702445,XAUUSD,100,7349874591905594632,7349874591886446945,7349874591969155835,7349874591969153225,651,2026-03-24T04:06:49.000Z,2026-03-24T04:17:40.000Z,-217,215.6,-224.0,-7,0,0.2,4353.24,4342.17,,,BUY,USD,1,1,1583663
D#1702739,XAUUSD,100,7349874591905594656,7349874591886447177,7349874591969155998,7349874591969155821,53,2026-03-24T04:17:34.000Z,2026-03-24T04:18:27.000Z,37.2,-38.6,30.2,-7,0,0.2,4342.3,4340.66,,,SELL,USD,1,1,1583663
D#1702428,XAUUSD,100,7349874591905594673,7349874591886447181,7349874591969156042,7349874591969155901,36,2026-03-24T04:18:01.000Z,2026-03-24T04:18:37.000Z,7.5,-8.2,4.0,-3.5,0,0.1,4341.58,4341.05,,,SELL,USD,1,1,1583663
D#1702739,XAUUSD,100,7349874591905594687,7349874591886447205,7349874591969156136,7349874591969156023,26,2026-03-24T04:18:32.000Z,2026-03-24T04:18:58.000Z,7.4,-8.8,0.4,-7,0,0.2,4340.94,4341.09,,,BUY,USD,1,1,1583663
D#1702631,XAUUSD,100,7349874591905594690,7349874591886446764,7349874591969154113,7349874591969151155,1253,2026-03-24T03:58:10.000Z,2026-03-24T04:19:03.000Z,-58.3,57.599999999999994,-61.8,-3.5,0,0.1,4345.48,4339.43,4339.63,4385.98,BUY,USD,1,1,1583663
D#1614603,XAUUSD,100,7349874591905594689,7349874591886447089,7349874591969155048,7349874591969154892,312,2026-03-24T04:13:51.000Z,2026-03-24T04:19:03.000Z,93,-93.7,89.5,-3.5,0,0.1,4348.72,4339.64,,4339.34,SELL,USD,1,1,1583663
D#1670884,XAUUSD,100,7349874591905594740,7349874591886447141,7349874591969156320,7349874591969155498,183,2026-03-24T04:16:28.000Z,2026-03-24T04:19:31.000Z,41.55,-41.9,39.79,-1.76,0,0.05,4345.19,4337.1,,,SELL,USD,1,1,1583663
D#1702654,XAUUSD,100,7349874591905594742,7349874591886447168,7349874591969155747,7349874591969155644,131,2026-03-24T04:17:20.000Z,2026-03-24T04:19:31.000Z,-51.7,51.0,-55.2,-3.5,0,0.1,4342.18,4336.79,4337,4352.8,BUY,USD,1,1,1583663
D#1702739,XAUUSD,100,7349874591905594741,7349874591886447215,7349874591969156321,7349874591969156150,28,2026-03-24T04:19:03.000Z,2026-03-24T04:19:31.000Z,70.2,-71.60000000000001,63.2,-7,0,0.2,4340.23,4336.94,,,SELL,USD,1,1,1583663
D#1702707,XAUUSD,100,7349874591905594759,7349874591886447108,7349874591969156375,7349874591969155130,271,2026-03-24T04:15:10.000Z,2026-03-24T04:19:41.000Z,576.8,-579.5999999999999,562.8,-14,0,0.4,4347.57,4333.37,,,SELL,USD,1,1,1583663
D#1702490,XAUUSD,100,7349874591905594775,7349874591886447176,7349874591969155925,7349874591969155813,131,2026-03-24T04:17:33.000Z,2026-03-24T04:19:44.000Z,107.3,-108.0,103.8,-3.5,0,0.1,4341.61,4331.1,4344.72,4331.72,SELL,USD,1,1,1583663
D#1670918,XAUUSD,100,7349874591905594832,7349874591886447256,7349874591969156615,7349874591969156457,24,2026-03-24T04:19:48.000Z,2026-03-24T04:20:12.000Z,4.32,-4.95,1.16,-3.16,0,0.09,4332.35,4332.61,4326.82,4340.15,BUY,USD,1,1,1583663
D#1702443,XAUUSD,100,7349874591905594847,7349874591886446519,7349874591969148404,7349874591969148342,1978,2026-03-24T03:47:20.000Z,2026-03-24T04:20:18.000Z,103.4,-104.10000000000001,99.9,-3.5,0,0.1,4339.66,4329.54,,4329.09,SELL,USD,1,1,1583663
D#1614595,XAUUSD,100,7349874591905594848,7349874591886447142,7349874591969155770,7349874591969155502,229,2026-03-24T04:16:29.000Z,2026-03-24T04:20:18.000Z,78.45,-78.8,76.69,-1.76,0,0.05,4345.01,4329.54,4355,4329.12,SELL,USD,1,1,1583663
D#1671093,XAUUSD,100,7349874591905594854,7349874591886446709,7349874591969151208,7349874591969150278,1479,2026-03-24T03:55:41.000Z,2026-03-24T04:20:20.000Z,67.98,-68.4,65.88,-2.1,0,0.06,4338.27,4327.16,,4327.88,SELL,USD,1,1,1583663
D#1702739,XAUUSD,100,7349874591905594867,7349874591886447257,7349874591969156737,7349874591969156467,43,2026-03-24T04:19:49.000Z,2026-03-24T04:20:32.000Z,59,-60.4,52.0,-7,0,0.2,4331.97,4329.24,,,SELL,USD,1,1,1583663
D#1670918,XAUUSD,100,7349874591905594873,7349874591886447280,7349874591969156770,7349874591969156715,10,2026-03-24T04:20:29.000Z,2026-03-24T04:20:39.000Z,33.48,-34.11,30.32,-3.16,0,0.09,4329.38,4332.88,4325.25,4338.58,BUY,USD,1,1,1583663
D#1702739,XAUUSD,100,7349874591905594885,7349874591886447284,7349874591969156831,7349874591969156763,11,2026-03-24T04:20:38.000Z,2026-03-24T04:20:49.000Z,-17.6,16.200000000000003,-24.6,-7,0,0.2,4332.8,4331.7,,,BUY,USD,1,1,1583663
D#1702414,XAUUSD,100,7349874591905594898,7349874591886447221,7349874591969156926,7349874591969156206,118,2026-03-24T04:19:11.000Z,2026-03-24T04:21:09.000Z,128.4,-129.8,121.4,-7,0,0.2,4339.74,4333.54,,,SELL,USD,1,1,1583663
D#1702739,XAUUSD,100,7349874591905594896,7349874591886447292,7349874591969156923,7349874591969156851,17,2026-03-24T04:20:52.000Z,2026-03-24T04:21:09.000Z,-47,45.6,-54.0,-7,0,0.2,4331.75,4334.32,,,SELL,USD,1,1,1583663
D#1702739,XAUUSD,100,7349874591905594904,7349874591886447299,7349874591969157016,7349874591969156943,19,2026-03-24T04:21:14.000Z,2026-03-24T04:21:33.000Z,14,-15.4,7.0,-7,0,0.2,4334.06,4334.54,,,BUY,USD,1,1,1583663
D#1702739,XAUUSD,100,7349874591905594917,7349874591886447303,7349874591969157110,7349874591969157037,19,2026-03-24T04:21:37.000Z,2026-03-24T04:21:56.000Z,3.6,-5.0,-3.4,-7,0,0.2,4334.94,4334.98,,,SELL,USD,1,1,1583663
D#1671070,XAUUSD,100,7349874591905594920,7349874591886447283,7349874591969157122,7349874591969156742,86,2026-03-24T04:20:33.000Z,2026-03-24T04:21:59.000Z,110.2,-111.60000000000001,103.2,-7,0,0.2,4329.91,4335.2,,,BUY,USD,1,1,1583663
D#1702739,XAUUSD,100,7349874591905594936,7349874591886447310,7349874591969157184,7349874591969157142,11,2026-03-24T04:22:03.000Z,2026-03-24T04:22:14.000Z,0.2,-1.6,-6.8,-7,0,0.2,4334.1,4333.89,,,BUY,USD,1,1,1583663
D#1702739,XAUUSD,100,7349874591905594945,7349874591886447318,7349874591969157270,7349874591969157193,20,2026-03-24T04:22:18.000Z,2026-03-24T04:22:38.000Z,38.8,-40.199999999999996,31.8,-7,0,0.2,4333.47,4331.75,,,SELL,USD,1,1,1583663
D#1702739,XAUUSD,100,7349874591905594951,7349874591886447325,7349874591969157320,7349874591969157290,11,2026-03-24T04:22:42.000Z,2026-03-24T04:22:53.000Z,14.4,-15.8,7.4,-7,0,0.2,4332.07,4332.57,,,BUY,USD,1,1,1583663
D#1702739,XAUUSD,100,7349874591905594959,7349874591886447327,7349874591969157373,7349874591969157336,9,2026-03-24T04:22:56.000Z,2026-03-24T04:23:05.000Z,25.8,-27.2,18.8,-7,0,0.2,4332.74,4331.67,,,SELL,USD,1,1,1583663
D#1702739,XAUUSD,100,7349874591905594967,7349874591886447331,7349874591969157472,7349874591969157384,31,2026-03-24T04:23:08.000Z,2026-03-24T04:23:39.000Z,-19.6,18.200000000000003,-26.6,-7,0,0.2,4331.59,4330.39,,,BUY,USD,1,1,1583663
D#1702739,XAUUSD,100,7349874591905594974,7349874591886447336,7349874591969157563,7349874591969157492,20,2026-03-24T04:23:43.000Z,2026-03-24T04:24:03.000Z,-25.8,24.400000000000002,-32.8,-7,0,0.2,4330.2,4331.71,,,SELL,USD,1,1,1583663
D#1702739,XAUUSD,100,7349874591905594989,7349874591886447343,7349874591969157657,7349874591969157582,23,2026-03-24T04:24:07.000Z,2026-03-24T04:24:30.000Z,47,-48.4,40.0,-7,0,0.2,4331.54,4333.67,,,BUY,USD,1,1,1583663
D#1702739,XAUUSD,100,7349874591905594996,7349874591886447352,7349874591969157713,7349874591969157681,14,2026-03-24T04:24:35.000Z,2026-03-24T04:24:49.000Z,10.2,-11.6,3.2,-7,0,0.2,4333.17,4332.88,,,SELL,USD,1,1,1583663
D#1702739,XAUUSD,100,7349874591905595001,7349874591886447355,7349874591969157751,7349874591969157727,7,2026-03-24T04:24:53.000Z,2026-03-24T04:25:00.000Z,-26.8,25.400000000000002,-33.8,-7,0,0.2,4333.13,4331.57,,,BUY,USD,1,1,1583663
D#1670884,XAUUSD,100,7349874591905595011,7349874591886447281,7349874591969157810,7349874591969156716,290,2026-03-24T04:20:29.000Z,2026-03-24T04:25:19.000Z,-22.45,22.099999999999998,-24.21,-1.76,0,0.05,4329.17,4333.88,,,SELL,USD,1,1,1583663
D#1702739,XAUUSD,100,7349874591905595013,7349874591886447357,7349874591969157821,7349874591969157762,18,2026-03-24T04:25:04.000Z,2026-03-24T04:25:22.000Z,-39.8,38.4,-46.8,-7,0,0.2,4331.58,4333.79,,,SELL,USD,1,1,1583663
D#1702428,XAUUSD,100,7349874591905595016,7349874591886447270,7349874591969157835,7349874591969156639,310,2026-03-24T04:20:17.000Z,2026-03-24T04:25:27.000Z,-22.3,21.6,-25.8,-3.5,0,0.1,4330.75,4333.2,,4320.5,SELL,USD,1,1,1583663
D#1702739,XAUUSD,100,7349874591905595040,7349874591886447364,7349874591969158079,7349874591969157829,78,2026-03-24T04:25:25.000Z,2026-03-24T04:26:43.000Z,-14.8,13.4,-21.8,-7,0,0.2,4333.49,4332.53,,,BUY,USD,1,1,1583663
D#1702739,XAUUSD,100,7349874591905595078,7349874591886447377,7349874591969158337,7349874591969158090,68,2026-03-24T04:26:47.000Z,2026-03-24T04:27:55.000Z,-8.6,7.199999999999999,-15.6,-7,0,0.2,4333.67,4334.32,,,SELL,USD,1,1,1583663
D#1702739,XAUUSD,100,7349874591905595095,7349874591886447398,7349874591969158400,7349874591969158356,10,2026-03-24T04:28:00.000Z,2026-03-24T04:28:10.000Z,44.4,-45.8,37.4,-7,0,0.2,4333.48,4335.48,,,BUY,USD,1,1,1583663
D#1702494,XAUUSD,100,7349874591905595096,7349874591886446713,7349874591969156589,7349874591969150324,1942,2026-03-24T03:55:49.000Z,2026-03-24T04:28:11.000Z,8.76,-9.18,6.66,-2.1,0,0.06,4337.76,4336.52,4336.23,,SELL,USD,1,1,1583663
D#1671061,XAUUSD,100,7349874591905595099,7349874591886447392,7349874591969158424,7349874591969158285,34,2026-03-24T04:27:40.000Z,2026-03-24T04:28:14.000Z,-109.43,107.26,-120.29,-10.86,0,0.31,4333.11,4336.86,,,SELL,USD,1,1,1583663
D#1702346,XAUUSD,100,7349874591905595103,7349874591886447348,7349874591969157623,7349874591969157621,243,2026-03-24T04:24:19.000Z,2026-03-24T04:28:22.000Z,-70,69.3,-73.5,-3.5,0,0.1,4331.13,4338.35,4337.82,4323.56,SELL,USD,1,1,1583663
D#1702733,XAUUSD,100,7349874591905595104,7349874591886446973,7349874591969153630,7349874591969153470,1221,2026-03-24T04:08:02.000Z,2026-03-24T04:28:23.000Z,116.4,-117.10000000000001,112.9,-3.5,0,0.1,4349.77,4338.35,4337.65,,SELL,USD,1,1,1583663
D#1702739,XAUUSD,100,7349874591905595110,7349874591886447404,7349874591969158512,7349874591969158421,13,2026-03-24T04:28:14.000Z,2026-03-24T04:28:27.000Z,-75.4,74.0,-82.4,-7,0,0.2,4336.62,4340.61,,,SELL,USD,1,1,1583663
D#1702723,XAUUSD,100,7349874591905595111,7349874591886447412,7349874591969158525,7349874591969158505,4,2026-03-24T04:28:26.000Z,2026-03-24T04:28:30.000Z,24.6,-26.700000000000003,14.1,-10.5,0,0.3,4340.19,4340.79,,,BUY,USD,1,1,1583663
D#1670945,XAUUSD,100,7349874591905595113,7349874591886447297,7349874591969158533,7349874591969156913,444,2026-03-24T04:21:07.000Z,2026-03-24T04:28:31.000Z,51.93,-52.56,48.77,-3.16,0,0.09,4334.12,4339.67,,,BUY,USD,1,1,1583663
D#1589455,XAUUSD,100,7349874591905595116,7349874591886447279,7349874591969158553,7349874591969156701,489,2026-03-24T04:20:27.000Z,2026-03-24T04:28:36.000Z,-258.8,257.40000000000003,-265.8,-7,0,0.2,4328,4341.16,,,SELL,USD,1,1,1583663
D#1670918,XAUUSD,100,7349874591905595118,7349874591886447295,7349874591969156891,7349874591969156888,455,2026-03-24T04:21:02.000Z,2026-03-24T04:28:37.000Z,80.91,-81.53999999999999,77.75,-3.16,0,0.09,4332.43,4341.2,4327.88,4341.21,BUY,USD,1,1,1583663
D#1589455,XAUUSD,100,7349874591905595123,7349874591886447417,7349874591969158585,7349874591969158568,2,2026-03-24T04:28:38.000Z,2026-03-24T04:28:40.000Z,-1.6,0.19999999999999996,-8.6,-7,0,0.2,4341.36,4341.06,,,BUY,USD,1,1,1583663
D#1671061,XAUUSD,100,7349874591905595148,7349874591886447427,7349874591969158867,7349874591969158804,24,2026-03-24T04:29:36.000Z,2026-03-24T04:30:00.000Z,-78.43,76.26,-89.29,-10.86,0,0.31,4336.9,4339.65,,,SELL,USD,1,1,1583663
D#1670884,XAUUSD,100,7349874591905595150,7349874591886447363,7349874591969158887,7349874591969157823,281,2026-03-24T04:25:22.000Z,2026-03-24T04:30:03.000Z,23.4,-23.75,21.64,-1.76,0,0.05,4333.79,4338.25,,,BUY,USD,1,1,1583663
D#1671061,XAUUSD,100,7349874591905595161,7349874591886447439,7349874591969158985,7349874591969158907,19,2026-03-24T04:30:07.000Z,2026-03-24T04:30:26.000Z,88.66,-90.83,77.8,-10.86,0,0.31,4339.37,4342.01,,,BUY,USD,1,1,1583663
D#1614603,XAUUSD,100,7349874591905595166,7349874591886447347,7349874591969159030,7349874591969157609,385,2026-03-24T04:24:15.000Z,2026-03-24T04:30:40.000Z,-112.9,112.2,-116.4,-3.5,0,0.1,4330.04,4341.55,,4318.6,SELL,USD,1,1,1583663
D#1702657,XAUUSD,100,7349874591905595167,7349874591886447305,7349874591969157396,7349874591969157054,545,2026-03-24T04:21:42.000Z,2026-03-24T04:30:47.000Z,-116.74,115.83,-121.3,-4.56,0,0.13,4334.14,4343.34,4343.04,4324.94,SELL,USD,1,1,1583663
D#1702560,XAUUSD,100,7349874591905595171,7349874591886447443,7349874591969159071,7349874591969159012,17,2026-03-24T04:30:34.000Z,2026-03-24T04:30:51.000Z,84.7,-88.55,65.44,-19.26,0,0.55,4342.01,4343.33,,,BUY,USD,1,1,1583663
D#1702739,XAUUSD,100,7349874591905595175,7349874591886447413,7349874591969159136,7349874591969158527,156,2026-03-24T04:28:30.000Z,2026-03-24T04:31:06.000Z,20.8,-22.2,13.8,-7,0,0.2,4340.21,4341.03,,,BUY,USD,1,1,1583663
D#1702739,XAUUSD,100,7349874591905595186,7349874591886447450,7349874591969159202,7349874591969159158,9,2026-03-24T04:31:10.000Z,2026-03-24T04:31:19.000Z,45.8,-47.199999999999996,38.8,-7,0,0.2,4340.45,4338.38,,,SELL,USD,1,1,1583663
D#1702739,XAUUSD,100,7349874591905595229,7349874591886447454,7349874591969159447,7349874591969159219,56,2026-03-24T04:31:23.000Z,2026-03-24T04:32:19.000Z,35,-36.4,28.0,-7,0,0.2,4337.62,4339.15,,,BUY,USD,1,1,1583663
D#1671061,XAUUSD,100,7349874591905595245,7349874591886447467,7349874591969159594,7349874591969159317,81,2026-03-24T04:31:45.000Z,2026-03-24T04:33:06.000Z,130.2,-132.36999999999998,119.34,-10.86,0,0.31,4336.55,4340.53,,,BUY,USD,1,1,1583663
D#1702739,XAUUSD,100,7349874591905595251,7349874591886447478,7349874591969159622,7349874591969159496,39,2026-03-24T04:32:33.000Z,2026-03-24T04:33:12.000Z,45.8,-47.199999999999996,38.8,-7,0,0.2,4339.26,4341.33,,,BUY,USD,1,1,1583663
D#1702739,XAUUSD,100,7349874591905595265,7349874591886447491,7349874591969159695,7349874591969159658,11,2026-03-24T04:33:18.000Z,2026-03-24T04:33:29.000Z,22,-23.4,15.0,-7,0,0.2,4341.64,4340.76,,,SELL,USD,1,1,1583663
D#1702739,XAUUSD,100,7349874591905595267,7349874591886447498,7349874591969159749,7349874591969159708,12,2026-03-24T04:33:33.000Z,2026-03-24T04:33:45.000Z,25,-26.4,18.0,-7,0,0.2,4340.17,4341.2,,,BUY,USD,1,1,1583663
D#1702451,XAUUSD,100,7349874591905595268,7349874591886447239,7349874591969159750,7349874591969156272,863,2026-03-24T04:19:23.000Z,2026-03-24T04:33:46.000Z,18.75,-19.1,16.99,-1.76,0,0.05,4337.67,4341.2,4315.61,4350.53,BUY,USD,1,1,1583663
D#1702739,XAUUSD,100,7349874591905595274,7349874591886447500,7349874591969159806,7349874591969159762,16,2026-03-24T04:33:49.000Z,2026-03-24T04:34:05.000Z,-42,40.6,-49.0,-7,0,0.2,4341.1,4343.42,,,SELL,USD,1,1,1583663
D#1702739,XAUUSD,100,7349874591905595282,7349874591886447501,7349874591969159894,7349874591969159822,19,2026-03-24T04:34:10.000Z,2026-03-24T04:34:29.000Z,-27,25.6,-34.0,-7,0,0.2,4342.43,4340.86,,,BUY,USD,1,1,1583663
D#1702739,XAUUSD,100,7349874591905595322,7349874591886447506,7349874591969160200,7349874591969159909,81,2026-03-24T04:34:35.000Z,2026-03-24T04:35:56.000Z,21,-22.4,14.0,-7,0,0.2,4341.34,4340.51,,,SELL,USD,1,1,1583663
D#1614595,XAUUSD,100,7349874591905595326,7349874591886447434,7349874591969158855,7349874591969158854,361,2026-03-24T04:29:58.000Z,2026-03-24T04:35:59.000Z,2.3,-3.0,-1.2,-3.5,0,0.1,4339.69,4339.7,4339.75,4347.58,BUY,USD,1,1,1583663
D#1702739,XAUUSD,100,7349874591905595344,7349874591886447537,7349874591969160356,7349874591969160218,47,2026-03-24T04:36:02.000Z,2026-03-24T04:36:49.000Z,19,-20.4,12.0,-7,0,0.2,4338.91,4339.64,,,BUY,USD,1,1,1583663
D#1702739,XAUUSD,100,7349874591905595367,7349874591886447550,7349874591969160447,7349874591969160366,20,2026-03-24T04:36:56.000Z,2026-03-24T04:37:16.000Z,79.6,-81.0,72.6,-7,0,0.2,4340.47,4344.23,,,BUY,USD,1,1,1583663
D#1702346,XAUUSD,100,7349874591905595371,7349874591886447414,7349874591969158708,7349874591969158544,526,2026-03-24T04:28:34.000Z,2026-03-24T04:37:20.000Z,-42.4,41.699999999999996,-45.9,-3.5,0,0.1,4340.79,4345.25,4344.44,4334.3,SELL,USD,1,1,1583663
D#1671061,XAUUSD,100,7349874591905595376,7349874591886447492,7349874591969160483,7349874591969159659,245,2026-03-24T04:33:19.000Z,2026-03-24T04:37:24.000Z,98.27,-100.44,87.41,-10.86,0,0.31,4341.89,4344.84,,,BUY,USD,1,1,1583663
D#1702739,XAUUSD,100,7349874591905595397,7349874591886447562,7349874591969160577,7349874591969160473,30,2026-03-24T04:37:22.000Z,2026-03-24T04:37:52.000Z,-12.2,10.799999999999999,-19.2,-7,0,0.2,4344.67,4345.5,,,SELL,USD,1,1,1583663
D#1702414,XAUUSD,100,7349874591905595398,7349874591886447410,7349874591969160578,7349874591969158495,569,2026-03-24T04:28:24.000Z,2026-03-24T04:37:53.000Z,-105.2,103.8,-112.2,-7,0,0.2,4340.01,4345.49,,4334.37,SELL,USD,1,1,1583663
D#1702614,XAUUSD,100,7349874591905595404,7349874591886447535,7349874591969160611,7349874591969160202,125,2026-03-24T04:35:57.000Z,2026-03-24T04:38:02.000Z,96.6,-98.0,89.6,-7,0,0.2,4340.52,4345.13,4337.81,4346.83,BUY,USD,1,1,1583663
D#1702739,XAUUSD,100,7349874591905595417,7349874591886447573,7349874591969160685,7349874591969160587,29,2026-03-24T04:37:57.000Z,2026-03-24T04:38:26.000Z,8,-9.4,1.0,-7,0,0.2,4345.09,4345.27,,,BUY,USD,1,1,1583663
D#1702614,XAUUSD,100,7349874591905595432,7349874591886447580,7349874591969160790,7349874591969160672,34,2026-03-24T04:38:23.000Z,2026-03-24T04:38:57.000Z,16.8,-18.2,9.8,-7,0,0.2,4344.93,4344.31,4347.31,4341.56,SELL,USD,1,1,1583663
D#1702739,XAUUSD,100,7349874591905595447,7349874591886447587,7349874591969160886,7349874591969160705,71,2026-03-24T04:38:30.000Z,2026-03-24T04:39:41.000Z,19.2,-20.599999999999998,12.2,-7,0,0.2,4345.03,4344.29,,,SELL,USD,1,1,1583663
D#1702739,XAUUSD,100,7349874591905595459,7349874591886447598,7349874591969160958,7349874591969160895,21,2026-03-24T04:39:45.000Z,2026-03-24T04:40:06.000Z,40.6,-42.0,33.6,-7,0,0.2,4344.01,4345.82,,,BUY,USD,1,1,1583663
D#1702393,XAUUSD,100,7349874591905595477,7349874591886447308,7349874591969157236,7349874591969157116,1098,2026-03-24T04:21:57.000Z,2026-03-24T04:40:15.000Z,116.5,-117.2,113.0,-3.5,0,0.1,4335.28,4346.71,,4346.67,BUY,USD,1,1,1583663
D#1702637,XAUUSD,100,7349874591905595497,7349874591886447309,7349874591969157445,7349874591969157129,1170,2026-03-24T04:22:00.000Z,2026-03-24T04:41:30.000Z,124,-124.7,120.5,-3.5,0,0.1,4335.42,4347.6,4325.58,4347.62,BUY,USD,1,1,1583663
D#1702739,XAUUSD,100,7349874591905595513,7349874591886447617,7349874591969161241,7349874591969161023,88,2026-03-24T04:40:22.000Z,2026-03-24T04:41:50.000Z,35.2,-36.6,28.2,-7,0,0.2,4346.14,4347.68,,,BUY,USD,1,1,1583663
D#1702739,XAUUSD,100,7349874591905595531,7349874591886447637,7349874591969161344,7349874591969161275,17,2026-03-24T04:42:04.000Z,2026-03-24T04:42:21.000Z,75.3,-77.39999999999999,64.8,-10.5,0,0.3,4347.96,4345.67,,,SELL,USD,1,1,1583663
D#1702739,XAUUSD,100,7349874591905595542,7349874591886447646,7349874591969161426,7349874591969161359,26,2026-03-24T04:42:26.000Z,2026-03-24T04:42:52.000Z,-23.1,21.0,-33.6,-10.5,0,0.3,4346.13,4345.14,,,BUY,USD,1,1,1583663
D#1702739,XAUUSD,100,7349874591905595551,7349874591886447652,7349874591969161502,7349874591969161442,19,2026-03-24T04:42:56.000Z,2026-03-24T04:43:15.000Z,1.8,-3.9000000000000004,-8.7,-10.5,0,0.3,4345.25,4345.41,,,SELL,USD,1,1,1583663
D#1670884,XAUUSD,100,7349874591905595560,7349874591886447568,7349874591969161536,7349874591969160540,349,2026-03-24T04:37:40.000Z,2026-03-24T04:43:29.000Z,-5,4.65,-6.76,-1.76,0,0.05,4345.21,4343.99,,,BUY,USD,1,1,1583663
D#1702537,XAUUSD,100,7349874591905595559,7349874591886447636,7349874591969161453,7349874591969161263,90,2026-03-24T04:41:59.000Z,2026-03-24T04:43:29.000Z,53.3,-54.209999999999994,48.74,-4.56,0,0.13,4347.99,4344.11,,4344.1,SELL,USD,1,1,1583663
D#1702472,XAUUSD,100,7349874591905595565,7349874591886447571,7349874591969160645,7349874591969160557,361,2026-03-24T04:37:44.000Z,2026-03-24T04:43:45.000Z,61.25,-63.0,52.49,-8.76,0,0.25,4345.01,4342.78,,4342.91,SELL,USD,1,1,1583663
D#1702739,XAUUSD,100,7349874591905595574,7349874591886447658,7349874591969161655,7349874591969161507,50,2026-03-24T04:43:19.000Z,2026-03-24T04:44:09.000Z,-55.5,53.4,-66.0,-10.5,0,0.3,4345.34,4343.27,,,BUY,USD,1,1,1583663
D#1702739,XAUUSD,100,7349874591905595586,7349874591886447671,7349874591969161744,7349874591969161682,28,2026-03-24T04:44:18.000Z,2026-03-24T04:44:46.000Z,-5.1,2.9999999999999996,-15.6,-10.5,0,0.3,4343.08,4343.47,,,SELL,USD,1,1,1583663
D#1702739,XAUUSD,100,7349874591905595610,7349874591886447683,7349874591969161867,7349874591969161774,29,2026-03-24T04:44:55.000Z,2026-03-24T04:45:24.000Z,-9,6.9,-19.5,-10.5,0,0.3,4341.36,4340.84,,,BUY,USD,1,1,1583663
D#1702739,XAUUSD,100,7349874591905595628,7349874591886447699,7349874591969161976,7349874591969161882,26,2026-03-24T04:45:27.000Z,2026-03-24T04:45:53.000Z,-74.1,72.0,-84.6,-10.5,0,0.3,4340.36,4343.05,,,SELL,USD,1,1,1583663
D#1702739,XAUUSD,100,7349874591905595657,7349874591886447708,7349874591969162090,7349874591969161985,43,2026-03-24T04:45:58.000Z,2026-03-24T04:46:41.000Z,64.2,-66.3,53.7,-10.5,0,0.3,4343.24,4345.16,,,BUY,USD,1,1,1583663
D#1670884,XAUUSD,100,7349874591905595665,7349874591886447663,7349874591969162129,7349874591969161581,189,2026-03-24T04:43:46.000Z,2026-03-24T04:46:55.000Z,-9.75,9.4,-11.51,-1.76,0,0.05,4343.1,4345.27,,,SELL,USD,1,1,1583663
D#1702739,XAUUSD,100,7349874591905595671,7349874591886447718,7349874591969162171,7349874591969162116,25,2026-03-24T04:46:48.000Z,2026-03-24T04:47:13.000Z,6,-8.1,-4.5,-10.5,0,0.3,4345.32,4345.34,,,SELL,USD,1,1,1583663
D#1702739,XAUUSD,100,7349874591905595682,7349874591886447728,7349874591969162222,7349874591969162189,11,2026-03-24T04:47:17.000Z,2026-03-24T04:47:28.000Z,43.2,-45.300000000000004,32.7,-10.5,0,0.3,4345.4,4346.62,,,BUY,USD,1,1,1583663
D#1702739,XAUUSD,100,7349874591905595715,7349874591886447741,7349874591969162317,7349874591969162281,9,2026-03-24T04:47:40.000Z,2026-03-24T04:47:49.000Z,-19.5,17.4,-30.0,-10.5,0,0.3,4348.22,4347.35,,,BUY,USD,1,1,1583663
D#1702739,XAUUSD,100,7349874591905595742,7349874591886447748,7349874591969162443,7349874591969162330,46,2026-03-24T04:47:53.000Z,2026-03-24T04:48:39.000Z,-23.4,21.299999999999997,-33.9,-10.5,0,0.3,4347.54,4348.54,,,SELL,USD,1,1,1583663
D#1702633,XAUUSD,100,7349874591905595743,7349874591886447495,7349874591969159783,7349874591969159675,919,2026-03-24T04:33:23.000Z,2026-03-24T04:48:42.000Z,-83.7,83.0,-87.2,-3.5,0,0.1,4340.8,4349.39,4349.14,4333.36,SELL,USD,1,1,1583663
D#1670918,XAUUSD,100,7349874591905595744,7349874591886447619,7349874591969161046,7349874591969161045,489,2026-03-24T04:40:33.000Z,2026-03-24T04:48:42.000Z,-21.87,21.240000000000002,-25.03,-3.16,0,0.09,4346.74,4349.39,4349.11,4340.59,SELL,USD,1,1,1583663
D#1671067,XAUUSD,100,7349874591905595793,7349874591886447626,7349874591969162836,7349874591969161112,608,2026-03-24T04:40:55.000Z,2026-03-24T04:51:03.000Z,1.59,-1.6600000000000001,1.23,-0.36,0,0.01,4345.86,4344.49,,,SELL,USD,1,1,1583663
D#1671061,XAUUSD,100,7349874591905595832,7349874591886447788,7349874591969163086,7349874591969162792,89,2026-03-24T04:50:47.000Z,2026-03-24T04:52:16.000Z,-84.01,81.84,-94.87,-10.86,0,0.31,4344.14,4347.07,,,SELL,USD,1,1,1583663
D#1702655,XAUUSD,100,7349874591905595894,7349874591886447830,7349874591969163570,7349874591969163251,112,2026-03-24T04:52:59.000Z,2026-03-24T04:54:51.000Z,0.8,-0.8700000000000001,0.44,-0.36,0,0.01,4347.61,4348.19,,,BUY,USD,1,1,1583663
D#1702739,XAUUSD,100,7349874591905595928,7349874591886447759,7349874591969163832,7349874591969162450,448,2026-03-24T04:48:42.000Z,2026-03-24T04:56:10.000Z,-175.5,173.4,-186.0,-10.5,0,0.3,4349.36,4343.29,,,BUY,USD,1,1,1583663
D#1671061,XAUUSD,100,7349874591905595929,7349874591886447858,7349874591969163833,7349874591969163621,63,2026-03-24T04:55:08.000Z,2026-03-24T04:56:11.000Z,-131.13,128.96,-141.99,-10.86,0,0.31,4347.74,4343.29,,,BUY,USD,1,1,1583663
D#1702414,XAUUSD,100,7349874591905595933,7349874591886447572,7349874591969162210,7349874591969160586,1101,2026-03-24T04:37:56.000Z,2026-03-24T04:56:17.000Z,-37,35.6,-44.0,-7,0,0.2,4345.09,4343.02,4343.2,4350.71,BUY,USD,1,1,1583663
D#1670918,XAUUSD,100,7349874591905595948,7349874591886447776,7349874591969162642,7349874591969162638,398,2026-03-24T04:49:58.000Z,2026-03-24T04:56:36.000Z,50.4,-51.03,47.24,-3.16,0,0.09,4346.38,4341,4348.89,4340.83,SELL,USD,1,1,1583663
D#1702649,XAUUSD,100,7349874591905595962,7349874591886447709,7349874591969163982,7349874591969161993,652,2026-03-24T04:45:59.000Z,2026-03-24T04:56:51.000Z,48.76,-50.37,40.7,-8.06,0,0.23,4343.2,4341.3,,,SELL,USD,1,1,1583663
D#1702516,XAUUSD,100,7349874591905595964,7349874591886447223,7349874591969158085,7349874591969156232,2258,2026-03-24T04:19:17.000Z,2026-03-24T04:56:55.000Z,11.61,-12.24,8.45,-3.16,0,0.09,4338.84,4339.91,4340.28,4383.97,BUY,USD,1,1,1583663
D#1702393,XAUUSD,100,7349874591905595965,7349874591886447869,7349874591969163720,7349874591969163625,77,2026-03-24T04:55:38.000Z,2026-03-24T04:56:55.000Z,-47.3,46.599999999999994,-50.8,-3.5,0,0.1,4345,4340.05,4340,4356.5,BUY,USD,1,1,1583663
D#1702346,XAUUSD,100,7349874591905595995,7349874591886447644,7349874591969161469,7349874591969161342,908,2026-03-24T04:42:21.000Z,2026-03-24T04:57:29.000Z,88.6,-89.3,85.1,-3.5,0,0.1,4345.3,4336.66,4352.15,4337.76,SELL,USD,1,1,1583663
D#1702649,XAUUSD,100,7349874591905595998,7349874591886447896,7349874591969164040,7349874591969164036,30,2026-03-24T04:56:59.000Z,2026-03-24T04:57:29.000Z,45.54,-47.15,37.48,-8.06,0,0.23,4338.42,4336.66,4352.61,4337.11,SELL,USD,1,1,1583663
D#1702414,XAUUSD,100,7349874591905596011,7349874591886447894,7349874591969164212,7349874591969164021,38,2026-03-24T04:56:58.000Z,2026-03-24T04:57:36.000Z,58.4,-59.8,51.4,-7,0,0.2,4338.93,4336.23,,,SELL,USD,1,1,1583663
D#1702443,XAUUSD,100,7349874591905596047,7349874591886447547,7349874591969164298,7349874591969160318,1278,2026-03-24T04:36:33.000Z,2026-03-24T04:57:51.000Z,42.3,-43.0,38.8,-3.5,0,0.1,4339.38,4335.37,,4333.57,SELL,USD,1,1,1583663
D#1702649,XAUUSD,100,7349874591905596059,7349874591886447913,7349874591969164344,7349874591969164235,18,2026-03-24T04:57:40.000Z,2026-03-24T04:57:58.000Z,2.76,-4.37,-5.3,-8.06,0,0.23,4334.41,4334.51,,,SELL,USD,1,1,1583663
D#1702451,XAUUSD,100,7349874591905596122,7349874591886447914,7349874591969164608,7349874591969164236,64,2026-03-24T04:57:40.000Z,2026-03-24T04:58:44.000Z,11.52,-12.08,8.72,-2.8,0,0.08,4334.37,4333.15,,,SELL,USD,1,1,1583663
D#1702494,XAUUSD,100,7349874591905596152,7349874591886447464,7349874591969164687,7349874591969159293,1672,2026-03-24T04:31:39.000Z,2026-03-24T04:59:31.000Z,6.24,-6.66,4.14,-2.1,0,0.06,4336.08,4335.26,4335.11,,SELL,USD,1,1,1583663
D#1702645,XAUUSD,100,7349874591905596162,7349874591886447397,7349874591969164877,7349874591969158351,1920,2026-03-24T04:27:59.000Z,2026-03-24T04:59:59.000Z,8.1,-8.73,4.94,-3.16,0,0.09,4334.32,4333.64,,,SELL,USD,1,1,1583663
D#1702649,XAUUSD,100,7349874591905596171,7349874591886447961,7349874591969164933,7349874591969164455,116,2026-03-24T04:58:15.000Z,2026-03-24T05:00:11.000Z,-26.91,25.3,-34.97,-8.06,0,0.23,4334,4335.39,,,SELL,USD,1,1,1583663
D#1702472,XAUUSD,100,7349874591905596177,7349874591886447979,7349874591969164795,7349874591969164681,74,2026-03-24T04:59:03.000Z,2026-03-24T05:00:17.000Z,69.25,-71.0,60.49,-8.76,0,0.25,4334.02,4336.57,,4336.6,BUY,USD,1,1,1583663
D#1702655,XAUUSD,100,7349874591905596189,7349874591886447866,7349874591969165020,7349874591969163700,298,2026-03-24T04:55:31.000Z,2026-03-24T05:00:29.000Z,37.32,-37.6,35.92,-1.4,0,0.04,4345.46,4336.35,,,SELL,USD,1,1,1583663
D#1702654,XAUUSD,100,7349874591905596201,7349874591886447898,7349874591969164190,7349874591969164062,215,2026-03-24T04:57:02.000Z,2026-03-24T05:00:37.000Z,13.5,-14.2,10.0,-3.5,0,0.1,4339.87,4338.74,4337.98,4329.18,SELL,USD,1,1,1583663
D#1702649,XAUUSD,100,7349874591905596204,7349874591886448005,7349874591969165072,7349874591969165015,10,2026-03-24T05:00:28.000Z,2026-03-24T05:00:38.000Z,50.6,-52.21,42.54,-8.06,0,0.23,4336.02,4338,,,BUY,USD,1,1,1583663
D#1702633,XAUUSD,100,7349874591905596397,7349874591886447772,7349874591969162650,7349874591969162571,854,2026-03-24T04:49:31.000Z,2026-03-24T05:03:45.000Z,165.3,-166.0,161.8,-3.5,0,0.1,4346.45,4330.14,4339.41,4330.26,SELL,USD,1,1,1583663
D#1702393,XAUUSD,100,7349874591905596394,7349874591886448004,7349874591969165266,7349874591969165000,200,2026-03-24T05:00:25.000Z,2026-03-24T05:03:45.000Z,-66,65.3,-69.5,-3.5,0,0.1,4337.13,4330.31,4331.02,4348.52,BUY,USD,1,1,1583663
D#1670918,XAUUSD,100,7349874591905596399,7349874591886448012,7349874591969165174,7349874591969165173,163,2026-03-24T05:01:03.000Z,2026-03-24T05:03:46.000Z,-52.47,51.839999999999996,-55.63,-3.16,0,0.09,4335.53,4329.48,4330.01,4340.47,BUY,USD,1,1,1583663
D#1702516,XAUUSD,100,7349874591905596480,7349874591886448049,7349874591969165376,7349874591969165374,170,2026-03-24T05:01:44.000Z,2026-03-24T05:04:34.000Z,-52.4,51.699999999999996,-55.9,-3.5,0,0.1,4334.59,4329.13,4329.39,4380.04,BUY,USD,1,1,1583663
D#1645644,XAUUSD,100,7349874591905596524,7349874591886447408,7349874591969158593,7349874591969158486,2197,2026-03-24T04:28:23.000Z,2026-03-24T05:05:00.000Z,113,-113.7,109.5,-3.5,0,0.1,4338.33,4327.25,,4328.02,SELL,USD,1,1,1583663
D#1702414,XAUUSD,100,7349874591905596522,7349874591886448093,7349874591969166119,7349874591969165694,122,2026-03-24T05:02:58.000Z,2026-03-24T05:05:00.000Z,128,-129.4,121.0,-7,0,0.2,4333.65,4327.47,,4327.86,SELL,USD,1,1,1583663
D#1671093,XAUUSD,100,7349874591905596525,7349874591886447425,7349874591969158909,7349874591969158774,2132,2026-03-24T04:29:29.000Z,2026-03-24T05:05:01.000Z,65.58,-66.0,63.48,-2.1,0,0.06,4337.9,4327.19,,4327.17,SELL,USD,1,1,1583663
D#1670957,XAUUSD,100,7349874591905596531,7349874591886448108,7349874591969165870,7349874591969165807,94,2026-03-24T05:03:28.000Z,2026-03-24T05:05:02.000Z,93.72,-94.56,89.52,-4.2,0,0.12,4334.59,4327,4349.97,4326.99,SELL,USD,1,1,1583663
D#1702422,XAUUSD,100,7349874591905596535,7349874591886447488,7349874591969159625,7349874591969159624,1911,2026-03-24T04:33:12.000Z,2026-03-24T05:05:03.000Z,-45.45,45.24,-46.51,-1.06,0,0.03,4341.48,4326.11,4326.21,4380.87,BUY,USD,1,1,1583663
D#1702490,XAUUSD,100,7349874591905596539,7349874591886448136,7349874591969166166,7349874591969165920,68,2026-03-24T05:03:56.000Z,2026-03-24T05:05:04.000Z,-42.5,41.8,-46.0,-3.5,0,0.1,4330.56,4326.09,4325.45,4341.85,BUY,USD,1,1,1583663
D#1614619,XAUUSD,100,7349874591905596551,7349874591886446188,7349874591969166365,7349874591969144036,5669,2026-03-24T03:30:41.000Z,2026-03-24T05:05:10.000Z,-370.24,369.33,-374.8,-4.56,0,0.13,4353.99,4325.29,,,BUY,USD,1,1,1583663
D#1671070,XAUUSD,100,7349874591905596552,7349874591886447752,7349874591969166370,7349874591969162364,1022,2026-03-24T04:48:09.000Z,2026-03-24T05:05:11.000Z,-457.4,456.0,-464.4,-7,0,0.2,4348.39,4325.3,,4354.1,BUY,USD,1,1,1583663
D#1702724,XAUUSD,100,7349874591905596594,7349874591886447144,7349874591969166444,7349874591969155513,2929,2026-03-24T04:16:31.000Z,2026-03-24T05:05:20.000Z,-213.2,212.5,-216.7,-3.5,0,0.1,4345.58,4324.04,,,BUY,USD,1,1,1583663
D#1671061,XAUUSD,100,7349874591905596624,7349874591886448197,7349874591969166543,7349874591969166435,19,2026-03-24T05:05:19.000Z,2026-03-24T05:05:38.000Z,29.45,-31.619999999999997,18.59,-10.86,0,0.31,4325.03,4324.3,,,SELL,USD,1,1,1583663
D#1670934,XAUUSD,100,7349874591905596635,7349874591886448142,7349874591969166230,7349874591969165959,98,2026-03-24T05:04:03.000Z,2026-03-24T05:05:41.000Z,81.3,-82.0,77.8,-3.5,0,0.1,4331.14,4323.23,,4323.25,SELL,USD,1,1,1583663
D#1702511,XAUUSD,100,7349874591905596662,7349874591886448154,7349874591969166636,7349874591969166187,71,2026-03-24T05:04:43.000Z,2026-03-24T05:05:54.000Z,71.5,-72.2,68.0,-3.5,0,0.1,4329.46,4322.53,,,SELL,USD,1,1,1583663
D#1702713,XAUUSD,100,7349874591905596670,7349874591886448185,7349874591969166654,7349874591969166342,50,2026-03-24T05:05:06.000Z,2026-03-24T05:05:56.000Z,155.2,-158.0,141.2,-14,0,0.4,4325.94,4322.28,,,SELL,USD,1,1,1583663
D#1645756,XAUUSD,100,7349874591905596683,7349874591886446771,7349874591969152282,7349874591969151260,4034,2026-03-24T03:58:44.000Z,2026-03-24T05:05:58.000Z,-48.66,48.519999999999996,-49.36,-0.7,0,0.02,4346.05,4321.5,4321.53,4405.43,BUY,USD,1,1,1583663
D#1702494,XAUUSD,100,7349874591905596735,7349874591886448214,7349874591969167066,7349874591969166591,49,2026-03-24T05:05:47.000Z,2026-03-24T05:06:36.000Z,1.36,-1.4300000000000002,1.0,-0.36,0,0.01,4323.79,4322.65,4322.53,,SELL,USD,1,1,1583663
D#1671067,XAUUSD,100,7349874591905596832,7349874591886447864,7349874591969167722,7349874591969163665,802,2026-03-24T04:55:21.000Z,2026-03-24T05:08:43.000Z,22.91,-22.98,22.55,-0.36,0,0.01,4346.08,4323.39,,,SELL,USD,1,1,1583663
D#1671061,XAUUSD,100,7349874591905596844,7349874591886448238,7349874591969167812,7349874591969166829,168,2026-03-24T05:06:17.000Z,2026-03-24T05:09:05.000Z,-7.44,5.2700000000000005,-18.3,-10.86,0,0.31,4323.36,4322.9,,,BUY,USD,1,1,1583663
D#1702414,XAUUSD,100,7349874591905596866,7349874591886448309,7349874591969167955,7349874591969167861,23,2026-03-24T05:09:15.000Z,2026-03-24T05:09:38.000Z,-9.8,8.4,-16.8,-7,0,0.2,4322.72,4323.43,,4323.38,SELL,USD,1,1,1583663
D#1702511,XAUUSD,100,7349874591905596887,7349874591886448250,7349874591969167662,7349874591969167113,204,2026-03-24T05:06:36.000Z,2026-03-24T05:10:00.000Z,-43.8,43.099999999999994,-47.3,-3.5,0,0.1,4322.6,4327.2,4327,4313,SELL,USD,1,1,1583663
D#1671061,XAUUSD,100,7349874591905596890,7349874591886448308,7349874591969168065,7349874591969167857,48,2026-03-24T05:09:15.000Z,2026-03-24T05:10:03.000Z,127.44,-129.96,114.84,-12.6,0,0.36,4323.65,4326.97,,,BUY,USD,1,1,1583663
D#1670945,XAUUSD,100,7349874591905596894,7349874591886448231,7349874591969168093,7349874591969166749,240,2026-03-24T05:06:06.000Z,2026-03-24T05:10:06.000Z,13.41,-14.040000000000001,10.25,-3.16,0,0.09,4323.71,4324.98,,,BUY,USD,1,1,1583663
D#1702346,XAUUSD,100,7349874591905596966,7349874591886448344,7349874591969168497,7349874591969168377,24,2026-03-24T05:11:18.000Z,2026-03-24T05:11:42.000Z,55.3,-56.0,51.8,-3.5,0,0.1,4328.02,4333.33,,,BUY,USD,1,1,1583663
D#1702393,XAUUSD,100,7349874591905596975,7349874591886448335,7349874591969168533,7349874591969168231,75,2026-03-24T05:10:36.000Z,2026-03-24T05:11:51.000Z,-116.2,114.8,-123.2,-7,0,0.2,4327.22,4333.25,,4321.43,SELL,USD,1,1,1583663
D#1671061,XAUUSD,100,7349874591905596983,7349874591886448339,7349874591969168598,7349874591969168265,81,2026-03-24T05:10:45.000Z,2026-03-24T05:12:06.000Z,104.04,-106.56,91.44,-12.6,0,0.36,4326.76,4329.43,,,BUY,USD,1,1,1583663
D#1702654,XAUUSD,100,7349874591905596999,7349874591886448217,7349874591969167848,7349874591969166595,414,2026-03-24T05:05:47.000Z,2026-03-24T05:12:41.000Z,116.9,-117.60000000000001,113.4,-3.5,0,0.1,4323.34,4334.81,4318.23,4334.73,BUY,USD,1,1,1583663
D#1702472,XAUUSD,100,7349874591905597006,7349874591886448370,7349874591969168607,7349874591969168505,62,2026-03-24T05:11:43.000Z,2026-03-24T05:12:45.000Z,69.75,-71.5,60.99,-8.76,0,0.25,4333.29,4335.86,,4335.74,BUY,USD,1,1,1583663
D#1702537,XAUUSD,100,7349874591905597017,7349874591886448013,7349874591969165271,7349874591969165181,704,2026-03-24T05:01:04.000Z,2026-03-24T05:12:48.000Z,49.53,-50.44,44.97,-4.56,0,0.13,4335.26,4338.85,,4339.01,BUY,USD,1,1,1583663
D#1702451,XAUUSD,100,7349874591905597038,7349874591886448010,7349874591969168814,7349874591969165130,720,2026-03-24T05:00:54.000Z,2026-03-24T05:12:54.000Z,30,-30.56,27.2,-2.8,0,0.08,4336.65,4340.18,4300,4348,BUY,USD,1,1,1583663
D#1671061,XAUUSD,100,7349874591905597047,7349874591886448386,7349874591969168829,7349874591969168728,16,2026-03-24T05:12:41.000Z,2026-03-24T05:12:57.000Z,276.48,-279.0,263.88,-12.6,0,0.36,4335.01,4342.47,,,BUY,USD,1,1,1583663
D#1702645,XAUUSD,100,7349874591905597071,7349874591886447999,7349874591969168903,7349874591969164965,772,2026-03-24T05:00:18.000Z,2026-03-24T05:13:10.000Z,67.59,-68.22,64.43,-3.16,0,0.09,4336.55,4343.84,,,BUY,USD,1,1,1583663
D#1702414,XAUUSD,100,7349874591905597074,7349874591886448317,7349874591969168913,7349874591969167997,205,2026-03-24T05:09:46.000Z,2026-03-24T05:13:11.000Z,-400,398.6,-407.0,-7,0,0.2,4324.45,4344.67,,4318.66,SELL,USD,1,1,1583663
D#1702511,XAUUSD,100,7349874591905597076,7349874591886448327,7349874591969168917,7349874591969168116,180,2026-03-24T05:10:12.000Z,2026-03-24T05:13:12.000Z,-193.4,192.70000000000002,-196.9,-3.5,0,0.1,4325.01,4344.57,,,SELL,USD,1,1,1583663
D#1702516,XAUUSD,100,7349874591905597078,7349874591886448229,7349874591969168869,7349874591969166744,429,2026-03-24T05:06:05.000Z,2026-03-24T05:13:14.000Z,282.75,-283.8,277.49,-5.26,0,0.15,4322.42,4341.05,4340.6,4374.14,BUY,USD,1,1,1583663
D#1702655,XAUUSD,100,7349874591905597137,7349874591886448404,7349874591969169476,7349874591969168899,129,2026-03-24T05:13:09.000Z,2026-03-24T05:15:18.000Z,96.64,-97.76,91.04,-5.6,0,0.16,4343.17,4337.35,,,SELL,USD,1,1,1583663
D#1702399,XAUUSD,100,7349874591905597239,7349874591886448405,7349874591969169161,7349874591969168916,328,2026-03-24T05:13:12.000Z,2026-03-24T05:18:40.000Z,6.5,-7.2,3.0,-3.5,0,0.1,4344.65,4345.08,,4344.89,BUY,USD,1,1,1583663
D#1702422,XAUUSD,100,7349874591905597303,7349874591886448305,7349874591969170563,7349874591969167797,627,2026-03-24T05:09:02.000Z,2026-03-24T05:19:29.000Z,58.77,-58.980000000000004,57.71,-1.06,0,0.03,4324.17,4343.54,4319.97,4363.73,BUY,USD,1,1,1583663
D#1702614,XAUUSD,100,7349874591905597353,7349874591886448485,7349874591969170529,7349874591969170131,170,2026-03-24T05:18:01.000Z,2026-03-24T05:20:51.000Z,-66.4,65.0,-73.4,-7,0,0.2,4340.14,4343.68,4344.05,4330.67,SELL,USD,1,1,1583663
D#1702691,XAUUSD,100,7349874591905597504,7349874591886448640,7349874591969171921,7349874591969171863,12,2026-03-24T05:24:06.000Z,2026-03-24T05:24:18.000Z,12.5,-13.2,9.0,-3.5,0,0.1,4341.22,4342.25,,,BUY,USD,1,1,1583663
D#1670872,XAUUSD,100,7349874591905597536,7349874591886448373,7349874591969172131,7349874591969168570,796,2026-03-24T05:12:01.000Z,2026-03-24T05:25:17.000Z,-103.7,103.0,-107.2,-3.5,0,0.1,4330.77,4341.36,4498.43,,SELL,USD,1,1,1583663
D#1702346,XAUUSD,100,7349874591905597537,7349874591886448482,7349874591969172116,7349874591969170060,456,2026-03-24T05:17:42.000Z,2026-03-24T05:25:18.000Z,-4.7,4.0,-8.2,-3.5,0,0.1,4341.42,4342.11,4341.06,4334.7,SELL,USD,1,1,1583663
D#1702490,XAUUSD,100,7349874591905597542,7349874591886448496,7349874591969170295,7349874591969169650,400,2026-03-24T05:18:39.000Z,2026-03-24T05:25:19.000Z,27,-27.7,23.5,-3.5,0,0.1,4344.69,4342.21,4341.89,4334.25,SELL,USD,1,1,1583663
D#1702351,XAUUSD,100,7349874591905597565,7349874591886448647,7349874591969172307,7349874591969171976,93,2026-03-24T05:24:33.000Z,2026-03-24T05:26:06.000Z,0.96,-1.17,-0.1,-1.06,0,0.03,4342.81,4342.71,,,SELL,USD,1,1,1583663
D#1702691,XAUUSD,100,7349874591905597572,7349874591886448662,7349874591969172356,7349874591969172148,58,2026-03-24T05:25:22.000Z,2026-03-24T05:26:20.000Z,2.7,-3.4000000000000004,-0.8,-3.5,0,0.1,4341.96,4341.91,,,SELL,USD,1,1,1583663
D#1702472,XAUUSD,100,7349874591905597597,7349874591886448668,7349874591969172290,7349874591969172224,98,2026-03-24T05:25:44.000Z,2026-03-24T05:27:22.000Z,63.25,-65.0,54.49,-8.76,0,0.25,4342.05,4339.74,,4339.18,SELL,USD,1,1,1583663
D#1702713,XAUUSD,100,7349874591905597601,7349874591886448674,7349874591969172604,7349874591969172296,79,2026-03-24T05:26:04.000Z,2026-03-24T05:27:23.000Z,114.8,-117.6,100.8,-14,0,0.4,4342.33,4339.68,,,SELL,USD,1,1,1583663
D#1702537,XAUUSD,100,7349874591905597624,7349874591886448670,7349874591969172442,7349874591969172256,124,2026-03-24T05:25:52.000Z,2026-03-24T05:27:56.000Z,56.94,-57.849999999999994,52.38,-4.56,0,0.13,4341.88,4337.72,,4338.25,SELL,USD,1,1,1583663
D#1702590,XAUUSD,100,7349874591905597638,7349874591886448667,7349874591969172822,7349874591969172208,155,2026-03-24T05:25:36.000Z,2026-03-24T05:28:11.000Z,-174.5,171.0,-192.0,-17.5,0,0.5,4341.69,4337.98,,,BUY,USD,1,1,1583663
D#1702614,XAUUSD,100,7349874591905597649,7349874591886448590,7349874591969171430,7349874591969171225,398,2026-03-24T05:21:52.000Z,2026-03-24T05:28:30.000Z,-116.6,115.19999999999999,-123.6,-7,0,0.2,4342.62,4336.57,4336.76,4360.31,BUY,USD,1,1,1583663
D#1670918,XAUUSD,100,7349874591905597650,7349874591886448616,7349874591969171568,7349874591969171567,331,2026-03-24T05:23:00.000Z,2026-03-24T05:28:31.000Z,-37.08,36.449999999999996,-40.24,-3.16,0,0.09,4341.56,4337.22,4336.64,4349.97,BUY,USD,1,1,1583663
D#1645671,XAUUSD,100,7349874591905597651,7349874591886448630,7349874591969171910,7349874591969171751,289,2026-03-24T05:23:44.000Z,2026-03-24T05:28:33.000Z,-67.7,67.0,-71.2,-3.5,0,0.1,4342.74,4335.75,4336.14,,BUY,USD,1,1,1583663
D#1702645,XAUUSD,100,7349874591905597700,7349874591886448514,7349874591969173080,7349874591969170418,601,2026-03-24T05:19:02.000Z,2026-03-24T05:29:03.000Z,96.48,-97.11,93.32,-3.16,0,0.09,4344.96,4334.46,,,SELL,USD,1,1,1583663
D#1702346,XAUUSD,100,7349874591905597758,7349874591886448709,7349874591969172796,7349874591969172679,147,2026-03-24T05:27:41.000Z,2026-03-24T05:30:08.000Z,69.9,-70.60000000000001,66.4,-3.5,0,0.1,4340.34,4333.57,4339.9,4332.98,SELL,USD,1,1,1583663
D#1645644,XAUUSD,100,7349874591905597766,7349874591886448470,7349874591969170095,7349874591969169892,797,2026-03-24T05:17:01.000Z,2026-03-24T05:30:18.000Z,98,-98.7,94.5,-3.5,0,0.1,4341.28,4331.7,,4331.88,SELL,USD,1,1,1583663
D#1702490,XAUUSD,100,7349874591905597770,7349874591886448749,7349874591969173378,7349874591969173091,75,2026-03-24T05:29:04.000Z,2026-03-24T05:30:19.000Z,-42.1,41.4,-45.6,-3.5,0,0.1,4334.51,4330.08,4330.9,4343.39,BUY,USD,1,1,1583663
D#1670918,XAUUSD,100,7349874591905597774,7349874591886448775,7349874591969173433,7349874591969173430,7,2026-03-24T05:30:12.000Z,2026-03-24T05:30:19.000Z,-50.22,49.589999999999996,-53.38,-3.16,0,0.09,4335.88,4330.08,4330.45,4343.78,BUY,USD,1,1,1583663
D#1671093,XAUUSD,100,7349874591905597792,7349874591886448652,7349874591969172311,7349874591969172068,337,2026-03-24T05:25:03.000Z,2026-03-24T05:30:40.000Z,67.92,-68.34,65.82,-2.1,0,0.06,4340,4328.9,,4329.27,SELL,USD,1,1,1583663
D#1670872,XAUUSD,100,7349874591905597794,7349874591886448673,7349874591969173593,7349874591969172288,278,2026-03-24T05:26:03.000Z,2026-03-24T05:30:41.000Z,-122.1,121.39999999999999,-125.6,-3.5,0,0.1,4342.48,4330.05,,,BUY,USD,1,1,1583663
D#1670969,XAUUSD,100,7349874591905597802,7349874591886448724,7349874591969173262,7349874591969172865,146,2026-03-24T05:28:23.000Z,2026-03-24T05:30:49.000Z,-49.75,49.4,-51.51,-1.76,0,0.05,4338.23,4328.06,4328.75,,BUY,USD,1,1,1583663
D#1702655,XAUUSD,100,7349874591905597805,7349874591886448721,7349874591969173652,7349874591969172809,164,2026-03-24T05:28:07.000Z,2026-03-24T05:30:51.000Z,-480.81,477.52,-497.27,-16.46,0,0.47,4338.63,4328.18,,,BUY,USD,1,1,1583663
D#1702375,XAUUSD,100,7349874591905597809,7349874591886448719,7349874591969173669,7349874591969172779,172,2026-03-24T05:28:01.000Z,2026-03-24T05:30:53.000Z,98.19,-98.82,95.03,-3.16,0,0.09,4337.8,4327.11,4343.83,4326.79,SELL,USD,1,1,1583663
D#1671083,XAUUSD,100,7349874591905597829,7349874591886448720,7349874591969172958,7349874591969172808,175,2026-03-24T05:28:07.000Z,2026-03-24T05:31:02.000Z,150.1,-150.79999999999998,146.6,-3.5,0,0.1,4338.48,4323.69,4343.42,4324.81,SELL,USD,1,1,1583663
D#1670918,XAUUSD,100,7349874591905597887,7349874591886448822,7349874591969173996,7349874591969173885,18,2026-03-24T05:31:23.000Z,2026-03-24T05:31:41.000Z,0.99,-1.62,-2.17,-3.16,0,0.09,4325.37,4325.26,4322.12,4335.45,BUY,USD,1,1,1583663
D#1671067,XAUUSD,100,7349874591905597907,7349874591886448384,7349874591969174126,7349874591969168704,1167,2026-03-24T05:12:35.000Z,2026-03-24T05:32:02.000Z,54.5,-55.2,51.0,-3.5,0,0.1,4331.94,4326.71,,4317.89,SELL,USD,1,1,1583663
D#1670918,XAUUSD,100,7349874591905597959,7349874591886448863,7349874591969174609,7349874591969174433,33,2026-03-24T05:32:58.000Z,2026-03-24T05:33:31.000Z,34.47,-35.1,31.31,-3.16,0,0.09,4323.71,4327.32,4318.99,4332.32,BUY,USD,1,1,1583663
D#1702351,XAUUSD,100,7349874591905597979,7349874591886448682,7349874591969174759,7349874591969172366,456,2026-03-24T05:26:21.000Z,2026-03-24T05:33:57.000Z,125.02,-125.50999999999999,122.56,-2.46,0,0.07,4341.91,4324.27,,,SELL,USD,1,1,1583663
D#1702614,XAUUSD,100,7349874591905598007,7349874591886448756,7349874591969174983,7349874591969173224,312,2026-03-24T05:29:29.000Z,2026-03-24T05:34:41.000Z,82.2,-83.60000000000001,75.2,-7,0,0.2,4336.51,4332.62,4342.41,4319.98,SELL,USD,1,1,1583663
D#1702490,XAUUSD,100,7349874591905598014,7349874591886448871,7349874591969175008,7349874591969174584,77,2026-03-24T05:33:27.000Z,2026-03-24T05:34:44.000Z,-51.5,50.8,-55.0,-3.5,0,0.1,4327.44,4332.81,,4323.14,SELL,USD,1,1,1583663
D#1702451,XAUUSD,100,7349874591905598054,7349874591886448905,7349874591969175163,7349874591969175006,24,2026-03-24T05:34:44.000Z,2026-03-24T05:35:08.000Z,-3.6,3.04,-6.4,-2.8,0,0.08,4332.65,4331.98,,,BUY,USD,1,1,1583663
D#1702614,XAUUSD,100,7349874591905598094,7349874591886448926,7349874591969175319,7349874591969175178,41,2026-03-24T05:35:10.000Z,2026-03-24T05:35:51.000Z,-118.8,117.39999999999999,-125.8,-7,0,0.2,4332.89,4339.05,4339.04,4316.42,SELL,USD,1,1,1583663
D#1702638,XAUUSD,100,7349874591905598099,7349874591886448837,7349874591969175424,7349874591969174046,243,2026-03-24T05:31:49.000Z,2026-03-24T05:35:52.000Z,-270.8,269.40000000000003,-277.8,-7,0,0.2,4324.98,4338.74,,4319.63,SELL,USD,1,1,1583663
D#1702648,XAUUSD,100,7349874591905598111,7349874591886448797,7349874591969174000,7349874591969173705,300,2026-03-24T05:30:57.000Z,2026-03-24T05:35:57.000Z,119.65,-120.35000000000001,116.14,-3.51,0,0.1,4326.83,4342.71,4330.84,4342.22,BUY,USD,1,1,1583663
D#1702657,XAUUSD,100,7349874591905598112,7349874591886448824,7349874591969174205,7349874591969173896,273,2026-03-24T05:31:24.000Z,2026-03-24T05:35:57.000Z,232.05,-232.96,227.49,-4.56,0,0.13,4324.99,4342.62,4320.21,4342.68,BUY,USD,1,1,1583663
D#1702422,XAUUSD,100,7349874591905598181,7349874591886448923,7349874591969175815,7349874591969175133,114,2026-03-24T05:35:04.000Z,2026-03-24T05:36:58.000Z,5.34,-5.55,4.28,-1.06,0,0.03,4335.91,4337.47,4324.22,4374.54,BUY,USD,1,1,1583663
D#1702614,XAUUSD,100,7349874591905598225,7349874591886448983,7349874591969176251,7349874591969175612,120,2026-03-24T05:36:20.000Z,2026-03-24T05:38:20.000Z,-62,60.6,-69.0,-7,0,0.2,4339.09,4335.77,4333.12,4356.38,BUY,USD,1,1,1583663
D#1702390,XAUUSD,100,7349874591905598262,7349874591886449028,7349874591969176634,7349874591969176429,39,2026-03-24T05:39:02.000Z,2026-03-24T05:39:41.000Z,3,-4.4,-4.0,-7,0,0.2,4338.3,4338.23,,,BUY,USD,1,1,1583663
D#1670921,XAUUSD,100,7349874591905598275,7349874591886449040,7349874591969176765,7349874591969176657,20,2026-03-24T05:39:46.000Z,2026-03-24T05:40:06.000Z,40.2,-42.300000000000004,29.7,-10.5,0,0.3,4339.34,4340.46,,,BUY,USD,1,1,1583663
D#1702490,XAUUSD,100,7349874591905598284,7349874591886449041,7349874591969176672,7349874591969176668,36,2026-03-24T05:39:49.000Z,2026-03-24T05:40:25.000Z,-46.9,46.199999999999996,-50.4,-3.5,0,0.1,4338.91,4343.82,4342.55,4335.06,SELL,USD,1,1,1583663
D#1670918,XAUUSD,100,7349874591905598291,7349874591886449019,7349874591969176489,7349874591969176275,125,2026-03-24T05:38:26.000Z,2026-03-24T05:40:31.000Z,-63.36,62.73,-66.52,-3.16,0,0.09,4339.02,4346.28,4344.47,4329,SELL,USD,1,1,1583663
D#1614595,XAUUSD,100,7349874591905598294,7349874591886448816,7349874591969173939,7349874591969173841,558,2026-03-24T05:31:14.000Z,2026-03-24T05:40:32.000Z,-244.1,243.4,-247.6,-3.5,0,0.1,4321.6,4346.23,4345.5,4311.71,SELL,USD,1,1,1583663
D#1671067,XAUUSD,100,7349874591905598325,7349874591886448880,7349874591969176924,7349874591969174666,415,2026-03-24T05:33:41.000Z,2026-03-24T05:40:36.000Z,-126.75,126.4,-128.51,-1.76,0,0.05,4323.63,4349.2,,4300.86,SELL,USD,1,1,1583663
D#1702451,XAUUSD,100,7349874591905598346,7349874591886448978,7349874591969176114,7349874591969175589,264,2026-03-24T05:36:16.000Z,2026-03-24T05:40:40.000Z,-91.2,90.64,-94.0,-2.8,0,0.08,4338.07,4349.69,4350,4332,SELL,USD,1,1,1583663
D#1702476,XAUUSD,100,7349874591905598345,7349874591886448994,7349874591969175819,7349874591969175818,222,2026-03-24T05:36:58.000Z,2026-03-24T05:40:40.000Z,-155.09,154.18,-159.65,-4.56,0,0.13,4337.47,4349.62,4350,4330,SELL,USD,1,1,1583663
D#1645671,XAUUSD,100,7349874591905598371,7349874591886449037,7349874591969176992,7349874591969176578,73,2026-03-24T05:39:31.000Z,2026-03-24T05:40:44.000Z,293.8,-295.2,286.8,-7,0,0.2,4338.69,4353.16,4325.36,,BUY,USD,1,1,1583663
D#1702654,XAUUSD,100,7349874591905598372,7349874591886449055,7349874591969176903,7349874591969175623,11,2026-03-24T05:40:33.000Z,2026-03-24T05:40:44.000Z,-54.7,54.0,-58.2,-3.5,0,0.1,4347.79,4353.48,4353,4336.5,SELL,USD,1,1,1583663
D#1670921,XAUUSD,100,7349874591905598392,7349874591886449051,7349874591969177041,7349874591969176863,24,2026-03-24T05:40:27.000Z,2026-03-24T05:40:51.000Z,-375.9,373.79999999999995,-386.4,-10.5,0,0.3,4341.94,4354.69,,,SELL,USD,1,1,1583663
D#1670934,XAUUSD,100,7349874591905598393,7349874591886448244,7349874591969177047,7349874591969167056,2068,2026-03-24T05:06:24.000Z,2026-03-24T05:40:52.000Z,-340.5,339.8,-344.0,-3.5,0,0.1,4320.54,4354.81,,4312.15,SELL,USD,1,1,1583663
D#1702346,XAUUSD,100,7349874591905598441,7349874591886448931,7349874591969177137,7349874591969175219,346,2026-03-24T05:35:18.000Z,2026-03-24T05:41:04.000Z,-309.7,309.0,-313.2,-3.5,0,0.1,4331.44,4362.63,,4320.44,SELL,USD,1,1,1583663
D#1702422,XAUUSD,100,7349874591905598448,7349874591886449052,7349874591969177155,7349874591969176865,39,2026-03-24T05:40:27.000Z,2026-03-24T05:41:06.000Z,60.93,-61.14,59.87,-1.06,0,0.03,4342.14,4362.23,4328.37,4383.03,BUY,USD,1,1,1583663
D#1589405,XAUUSD,100,7349874591905598457,7349874591886446310,7349874591969145772,7349874591969145578,7494,2026-03-24T03:36:14.000Z,2026-03-24T05:41:08.000Z,-35.14,35.0,-35.84,-0.7,0,0.02,4345.9,4363.69,4363.44,4190.31,SELL,USD,1,1,1583663
D#1702337,XAUUSD,100,7349874591905598458,7349874591886447977,7349874591969165191,7349874591969164629,2542,2026-03-24T04:58:46.000Z,2026-03-24T05:41:08.000Z,-30.6,30.53,-30.96,-0.36,0,0.01,4332.87,4363.69,4363.43,4283.76,SELL,USD,1,1,1583663
D#1645756,XAUUSD,100,7349874591905598467,7349874591886448302,7349874591969168451,7349874591969167739,1941,2026-03-24T05:08:48.000Z,2026-03-24T05:41:09.000Z,120.69,-120.89999999999999,119.63,-1.06,0,0.03,4325.35,4365.36,4305.66,4365.01,BUY,USD,1,1,1583663
D#1670951,XAUUSD,100,7349874591905598472,7349874591886448258,7349874591969177196,7349874591969167214,2060,2026-03-24T05:06:51.000Z,2026-03-24T05:41:11.000Z,494.12,-494.89,490.26,-3.86,0,0.11,4321.5,4366.2,,,BUY,USD,1,1,1583663
D#1702472,XAUUSD,100,7349874591905598475,7349874591886449056,7349874591969177201,7349874591969176912,37,2026-03-24T05:40:34.000Z,2026-03-24T05:41:11.000Z,-445,443.25,-453.76,-8.76,0,0.25,4348.91,4366.93,,4346.54,SELL,USD,1,1,1583663
D#1702351,XAUUSD,100,7349874591905598490,7349874591886448942,7349874591969177228,7349874591969175341,337,2026-03-24T05:35:38.000Z,2026-03-24T05:41:15.000Z,-353.6,352.90000000000003,-357.1,-3.5,0,0.1,4333.12,4368.7,,,SELL,USD,1,1,1583663
D#1614596,XAUUSD,100,7349874591905598508,7349874591886446087,7349874591969159059,7349874591969142173,8299,2026-03-24T03:22:59.000Z,2026-03-24T05:41:18.000Z,47.25,-47.6,45.49,-1.76,0,0.05,4363.72,4372.95,,4373.47,BUY,USD,1,1,1583663
D#1671067,XAUUSD,100,7349874591905598515,7349874591886449078,7349874591969177281,7349874591969177096,26,2026-03-24T05:40:58.000Z,2026-03-24T05:41:24.000Z,77.1,-77.44999999999999,75.34,-1.76,0,0.05,4357.27,4372.47,,,BUY,USD,1,1,1583663
D#1702637,XAUUSD,100,7349874591905598528,7349874591886449067,7349874591969177322,7349874591969176983,45,2026-03-24T05:40:44.000Z,2026-03-24T05:41:29.000Z,179,-179.7,175.5,-3.5,0,0.1,4352.95,4370.63,4341.6,4376.24,BUY,USD,1,1,1583663
D#1702490,XAUUSD,100,7349874591905598545,7349874591886449084,7349874591969177394,7349874591969177173,33,2026-03-24T05:41:08.000Z,2026-03-24T05:41:41.000Z,-65.5,64.8,-69.0,-3.5,0,0.1,4362.78,4369.55,,,SELL,USD,1,1,1583663
D#1671062,XAUUSD,100,7349874591905598552,7349874591886447341,7349874591969177450,7349874591969157560,4668,2026-03-24T04:24:03.000Z,2026-03-24T05:41:51.000Z,385.2,-385.9,381.7,-3.5,0,0.1,4331.62,4369.92,,,BUY,USD,1,1,1583663
D#1702537,XAUUSD,100,7349874591905598554,7349874591886449098,7349874591969177476,7349874591969177301,30,2026-03-24T05:41:26.000Z,2026-03-24T05:41:56.000Z,37.31,-38.22,32.75,-4.56,0,0.13,4373.77,4371.12,,,SELL,USD,1,1,1583663
D#1670918,XAUUSD,100,7349874591905598629,7349874591886449104,7349874591969177713,7349874591969177346,116,2026-03-24T05:41:34.000Z,2026-03-24T05:43:30.000Z,-52.74,52.11,-55.9,-3.16,0,0.09,4371.24,4365.16,4364.65,,BUY,USD,1,1,1583663
D#1671067,XAUUSD,100,7349874591905598642,7349874591886449103,7349874591969178037,7349874591969177338,125,2026-03-24T05:41:32.000Z,2026-03-24T05:43:37.000Z,-42.5,42.15,-44.26,-1.76,0,0.05,4372.3,4363.58,,4400.82,BUY,USD,1,1,1583663
D#1702397,XAUUSD,100,7349874591905598652,7349874591886449117,7349874591969178229,7349874591969177515,102,2026-03-24T05:42:03.000Z,2026-03-24T05:43:45.000Z,129.4,-130.8,122.4,-7,0,0.2,4370.15,4363.9,,4359.5,SELL,USD,1,1,1583663
D#1702619,XAUUSD,100,7349874591905598653,7349874591886449134,7349874591969178314,7349874591969177798,55,2026-03-24T05:42:56.000Z,2026-03-24T05:43:51.000Z,-53.6,50.800000000000004,-67.6,-14,0,0.4,4366.61,4365.05,,,BUY,USD,1,1,1583663
D#1670945,XAUUSD,100,7349874591905598675,7349874591886449116,7349874591969178507,7349874591969177512,140,2026-03-24T05:42:03.000Z,2026-03-24T05:44:23.000Z,89.19,-89.82,86.03,-3.16,0,0.09,4369.39,4359.7,,,SELL,USD,1,1,1583663
D#1702496,XAUUSD,100,7349874591905598794,7349874591886449135,7349874591969178295,7349874591969177801,211,2026-03-24T05:42:56.000Z,2026-03-24T05:46:27.000Z,10.68,-10.959999999999999,9.28,-1.4,0,0.04,4366.57,4364.12,4364.18,4344.18,SELL,USD,1,1,1583663
D#1702713,XAUUSD,100,7349874591905598869,7349874591886449275,7349874591969179748,7349874591969179615,29,2026-03-24T05:47:37.000Z,2026-03-24T05:48:06.000Z,196,-198.8,182.0,-14,0,0.4,4364.04,4368.72,,,BUY,USD,1,1,1583663
D#1702390,XAUUSD,100,7349874591905598924,7349874591886449313,7349874591969180221,7349874591969180172,9,2026-03-24T05:49:36.000Z,2026-03-24T05:49:45.000Z,56.4,-57.8,49.4,-7,0,0.2,4364.77,4362.17,,,SELL,USD,1,1,1583663
D#1702397,XAUUSD,100,7349874591905598928,7349874591886449280,7349874591969180319,7349874591969179673,140,2026-03-24T05:47:48.000Z,2026-03-24T05:50:08.000Z,-26.8,25.400000000000002,-33.8,-7,0,0.2,4364.19,4365.75,,4357.6,SELL,USD,1,1,1583663
D#1702654,XAUUSD,100,7349874591905598947,7349874591886449298,7349874591969180042,7349874591969179951,121,2026-03-24T05:48:44.000Z,2026-03-24T05:50:45.000Z,-37.1,36.4,-40.6,-3.5,0,0.1,4365.15,4369.08,4368.26,4356.26,SELL,USD,1,1,1583663
D#1702428,XAUUSD,100,7349874591905598966,7349874591886449318,7349874591969180571,7349874591969180201,74,2026-03-24T05:49:41.000Z,2026-03-24T05:50:55.000Z,-44.5,43.8,-48.0,-3.5,0,0.1,4363.53,4368.2,,,SELL,USD,1,1,1583663
D#1702397,XAUUSD,100,7349874591905598984,7349874591886449339,7349874591969180611,7349874591969180543,22,2026-03-24T05:50:50.000Z,2026-03-24T05:51:12.000Z,135.9,-138.0,125.4,-10.5,0,0.3,4367.74,4363.43,,4363.84,SELL,USD,1,1,1583663
D#1702428,XAUUSD,100,7349874591905599013,7349874591886449352,7349874591969180885,7349874591969180693,36,2026-03-24T05:51:13.000Z,2026-03-24T05:51:49.000Z,-33.2,32.5,-36.7,-3.5,0,0.1,4363.67,4360.13,,,BUY,USD,1,1,1583663
D#1702645,XAUUSD,100,7349874591905599015,7349874591886449282,7349874591969180897,7349874591969179703,236,2026-03-24T05:47:55.000Z,2026-03-24T05:51:51.000Z,54.45,-55.080000000000005,51.29,-3.16,0,0.09,4366.16,4360.33,,,SELL,USD,1,1,1583663
D#1702537,XAUUSD,100,7349874591905599033,7349874591886449235,7349874591969179352,7349874591969179129,351,2026-03-24T05:46:16.000Z,2026-03-24T05:52:07.000Z,64.74,-65.64999999999999,60.18,-4.56,0,0.13,4362.3,4357.54,4374.56,4358.01,SELL,USD,1,1,1583663
D#1702654,XAUUSD,100,7349874591905599043,7349874591886449375,7349874591969180993,7349874591969180987,3,2026-03-24T05:52:07.000Z,2026-03-24T05:52:10.000Z,-27,26.3,-30.5,-3.5,0,0.1,4357.54,4354.62,4355,4369.5,BUY,USD,1,1,1583663
D#1614595,XAUUSD,100,7349874591905599050,7349874591886449310,7349874591969180184,7349874591969180097,180,2026-03-24T05:49:15.000Z,2026-03-24T05:52:15.000Z,-106.3,105.6,-109.8,-3.5,0,0.1,4364.81,4353.96,4354.12,4376.7,BUY,USD,1,1,1583663
D#1702476,XAUUSD,100,7349874591905599108,7349874591886449377,7349874591969181513,7349874591969180998,94,2026-03-24T05:52:07.000Z,2026-03-24T05:53:41.000Z,-40.04,39.13,-44.6,-4.56,0,0.13,4357.03,4360.33,4375,4345,SELL,USD,1,1,1583663
D#1702654,XAUUSD,100,7349874591905599122,7349874591886449409,7349874591969181629,7349874591969181427,45,2026-03-24T05:53:24.000Z,2026-03-24T05:54:09.000Z,-49.8,49.099999999999994,-53.3,-3.5,0,0.1,4361.29,4356.09,4356.18,4372.68,BUY,USD,1,1,1583663
D#1670918,XAUUSD,100,7349874591905599188,7349874591886449203,7349874591969178898,7349874591969178779,586,2026-03-24T05:45:14.000Z,2026-03-24T05:55:00.000Z,-40.68,40.05,-43.84,-3.16,0,0.09,4356.14,4351.4,4351.74,4373.82,BUY,USD,1,1,1583663
D#1702397,XAUUSD,100,7349874591905599193,7349874591886449441,7349874591969181875,7349874591969181808,23,2026-03-24T05:54:37.000Z,2026-03-24T05:55:00.000Z,108.3,-110.39999999999999,97.8,-10.5,0,0.3,4354.96,4351.57,,4351.41,SELL,USD,1,1,1583663
D#1671083,XAUUSD,100,7349874591905599206,7349874591886449386,7349874591969181165,7349874591969181089,161,2026-03-24T05:52:23.000Z,2026-03-24T05:55:04.000Z,82.1,-82.8,78.6,-3.5,0,0.1,4356.92,4348.93,4363.99,4349.45,SELL,USD,1,1,1583663
D#1670876,XAUUSD,100,7349874591905599222,7349874591886449301,7349874591969182237,7349874591969179971,381,2026-03-24T05:48:50.000Z,2026-03-24T05:55:11.000Z,-306,304.74,-312.3,-6.3,0,0.18,4365.22,4348,,,BUY,USD,1,1,1583663
D#1671067,XAUUSD,100,7349874591905599357,7349874591886449164,7349874591969183170,7349874591969178089,851,2026-03-24T05:43:44.000Z,2026-03-24T05:57:55.000Z,109.26,-109.68,107.16,-2.1,0,0.06,4362.98,4344.99,,4316.26,SELL,USD,1,1,1583663
D#1702494,XAUUSD,100,7349874591905599384,7349874591886449423,7349874591969183388,7349874591969181646,268,2026-03-24T05:54:11.000Z,2026-03-24T05:58:39.000Z,6.91,-6.98,6.55,-0.36,0,0.01,4353.94,4347.25,4353.42,,SELL,USD,1,1,1583663
D#1670918,XAUUSD,100,7349874591905599440,7349874591886449547,7349874591969184034,7349874591969183228,120,2026-03-24T05:58:07.000Z,2026-03-24T06:00:07.000Z,37.26,-38.519999999999996,30.96,-6.3,0,0.18,4344.07,4345.92,4340.08,4355.35,BUY,USD,1,1,1583663
D#1702347,XAUUSD,100,7349874591905599441,7349874591886449255,7349874591969184036,7349874591969179380,792,2026-03-24T05:46:56.000Z,2026-03-24T06:00:08.000Z,-152.37,151.74,-155.53,-3.16,0,0.09,4363.06,4345.91,,4375.79,BUY,USD,1,1,1583663
D#1670918,XAUUSD,100,7349874591905599466,7349874591886449602,7349874591969184396,7349874591969184113,11,2026-03-24T06:00:24.000Z,2026-03-24T06:00:35.000Z,-75.06,73.8,-81.36,-6.3,0,0.18,4345.89,4350.28,,,SELL,USD,1,1,1583663
D#1702347,XAUUSD,100,7349874591905599467,7349874591886449600,7349874591969184400,7349874591969184079,20,2026-03-24T06:00:16.000Z,2026-03-24T06:00:36.000Z,-59.67,59.04,-62.83,-3.16,0,0.09,4344.36,4351.21,,,SELL,USD,1,1,1583663
D#1702347,XAUUSD,100,7349874591905599484,7349874591886449619,7349874591969184491,7349874591969184463,6,2026-03-24T06:00:44.000Z,2026-03-24T06:00:50.000Z,3.87,-4.5,0.71,-3.16,0,0.09,4352.98,4353.19,,,BUY,USD,1,1,1583663
D#1702397,XAUUSD,100,7349874591905599485,7349874591886449557,7349874591969184495,7349874591969183343,142,2026-03-24T05:58:29.000Z,2026-03-24T06:00:51.000Z,-203.1,201.0,-213.6,-10.5,0,0.3,4346.14,4353.13,,4342.57,SELL,USD,1,1,1583663
D#1702695,XAUUSD,100,7349874591905599492,7349874591886449566,7349874591969184539,7349874591969183431,131,2026-03-24T05:58:46.000Z,2026-03-24T06:00:57.000Z,-15,14.65,-16.76,-1.76,0,0.05,4347.52,4350.74,,4350.81,SELL,USD,1,1,1583663
D#1670918,XAUUSD,100,7349874591905599505,7349874591886449618,7349874591969184662,7349874591969184449,39,2026-03-24T06:00:41.000Z,2026-03-24T06:01:20.000Z,-103.5,102.24,-109.8,-6.3,0,0.18,4352.6,4346.63,,,BUY,USD,1,1,1583663
D#1671086,XAUUSD,100,7349874591905599517,7349874591886449018,7349874591969184775,7349874591969176256,1400,2026-03-24T05:38:21.000Z,2026-03-24T06:01:41.000Z,170.9,-171.6,167.4,-3.5,0,0.1,4336.07,4352.94,4332.17,4382.81,BUY,USD,1,1,1583663
D#1670945,XAUUSD,100,7349874591905599550,7349874591886449612,7349874591969185003,7349874591969184409,107,2026-03-24T06:00:36.000Z,2026-03-24T06:02:23.000Z,40.32,-40.95,37.16,-3.16,0,0.09,4351.22,4355.48,,,BUY,USD,1,1,1583663
D#1702648,XAUUSD,100,7349874591905599553,7349874591886449576,7349874591969185012,7349874591969183549,195,2026-03-24T05:59:09.000Z,2026-03-24T06:02:24.000Z,62.55,-63.25,59.04,-3.51,0,0.1,4346.94,4355.59,4342.79,4367.07,BUY,USD,1,1,1583663
D#1702454,XAUUSD,100,7349874591905599791,7349874591886449778,7349874591969187246,7349874591969187037,47,2026-03-24T06:07:32.000Z,2026-03-24T06:08:19.000Z,-32.65,32.3,-34.41,-1.76,0,0.05,4357.73,4364.48,,,SELL,USD,1,1,1583663
D#1702701,XAUUSD,100,7349874591905599809,7349874591886449738,7349874591969186542,7349874591969186313,166,2026-03-24T06:05:47.000Z,2026-03-24T06:08:33.000Z,-55.33,54.559999999999995,-59.19,-3.86,0,0.11,4361.93,4367.18,4367,,SELL,USD,1,1,1583663
D#1702583,XAUUSD,100,7349874591905599811,7349874591886446322,7349874591969187334,7349874591969145757,9111,2026-03-24T03:36:44.000Z,2026-03-24T06:08:35.000Z,-77.28,77.07000000000001,-78.34,-1.06,0,0.03,4341.57,4367.55,4393.32,4107.85,SELL,USD,1,1,1583663
D#1702375,XAUUSD,100,7349874591905599845,7349874591886449627,7349874591969185359,7349874591969184584,485,2026-03-24T06:01:07.000Z,2026-03-24T06:09:12.000Z,105.4,-105.75,103.64,-1.76,0,0.05,4349.16,4370.02,4343.6,4370.05,BUY,USD,1,1,1583663
D#1702496,XAUUSD,100,7349874591905599905,7349874591886449380,7349874591969181352,7349874591969181040,1124,2026-03-24T05:52:14.000Z,2026-03-24T06:10:58.000Z,-58.29,58.08,-59.35,-1.06,0,0.03,4354.7,4374.35,4373.14,4316.47,SELL,USD,1,1,1583663
D#1671093,XAUUSD,100,7349874591905599931,7349874591886449755,7349874591969188216,7349874591969186520,305,2026-03-24T06:06:29.000Z,2026-03-24T06:11:34.000Z,-78.18,77.76,-80.28,-2.1,0,0.06,4358.71,4371.96,,4347.98,SELL,USD,1,1,1583663
D#1702634,XAUUSD,100,7349874591905600058,7349874591886449838,7349874591969189225,7349874591969187782,248,2026-03-24T06:10:54.000Z,2026-03-24T06:15:02.000Z,6.88,-7.16,5.48,-1.4,0,0.04,4368.31,4366.81,4380.82,4336.89,SELL,USD,1,1,1583663
D#1671082,XAUUSD,100,7349874591905600093,7349874591886449545,7349874591969189407,7349874591969183165,1064,2026-03-24T05:57:54.000Z,2026-03-24T06:15:38.000Z,163,-163.7,159.5,-3.5,0,0.1,4344.64,4360.72,4335.39,4409.82,BUY,USD,1,1,1583663
D#1614596,XAUUSD,100,7349874591905600176,7349874591886449704,7349874591969189326,7349874591969185650,787,2026-03-24T06:04:14.000Z,2026-03-24T06:17:21.000Z,-50.25,49.9,-52.01,-1.76,0,0.05,4357.67,4367.94,4367.26,4347.52,SELL,USD,1,1,1583663
D#1702634,XAUUSD,100,7349874591905600179,7349874591886449930,7349874591969189488,7349874591969189360,113,2026-03-24T06:15:29.000Z,2026-03-24T06:17:22.000Z,-33.32,33.04,-34.72,-1.4,0,0.04,4360.21,4368.76,4368.53,4336.99,SELL,USD,1,1,1583663
D#1702392,XAUUSD,100,7349874591905600182,7349874591886449820,7349874591969188164,7349874591969187777,437,2026-03-24T06:10:07.000Z,2026-03-24T06:17:24.000Z,0.25,-0.6000000000000001,-1.51,-1.76,0,0.05,4369.24,4369.41,4368.99,4348.03,SELL,USD,1,1,1583663
D#1702496,XAUUSD,100,7349874591905600191,7349874591886449937,7349874591969189824,7349874591969189444,107,2026-03-24T06:15:44.000Z,2026-03-24T06:17:31.000Z,-21.68,21.54,-22.38,-0.7,0,0.02,4360.4,4371.46,4371.01,4310.01,SELL,USD,1,1,1583663
D#1671083,XAUUSD,100,7349874591905600192,7349874591886449966,7349874591969189958,7349874591969189803,43,2026-03-24T06:16:48.000Z,2026-03-24T06:17:31.000Z,76.8,-77.5,73.3,-3.5,0,0.1,4364,4371.46,,4371.37,BUY,USD,1,1,1583663
D#1702654,XAUUSD,100,7349874591905600232,7349874591886449892,7349874591969189120,7349874591969188920,248,2026-03-24T06:14:00.000Z,2026-03-24T06:18:08.000Z,107.9,-108.60000000000001,104.4,-3.5,0,0.1,4364.38,4374.95,4368.27,4375.07,BUY,USD,1,1,1583663
D#1589419,XAUUSD,100,7349874591905600243,7349874591886446578,7349874591969190307,7349874591969149073,8853,2026-03-24T03:50:49.000Z,2026-03-24T06:18:22.000Z,168.8,-169.15,167.04,-1.76,0,0.05,4340.91,4374.45,,,BUY,USD,1,1,1583663
D#1702518,XAUUSD,100,7349874591905600259,7349874591886449569,7349874591969190456,7349874591969183460,1196,2026-03-24T05:58:53.000Z,2026-03-24T06:18:49.000Z,204.56,-205.12,201.76,-2.8,0,0.08,4346.01,4371.36,4359.38,,BUY,USD,1,1,1583663
D#1702422,XAUUSD,100,7349874591905600306,7349874591886449978,7349874591969190895,7349874591969189951,173,2026-03-24T06:17:17.000Z,2026-03-24T06:20:10.000Z,10.65,-10.860000000000001,9.59,-1.06,0,0.03,4366.15,4369.48,4351.06,4405.72,BUY,USD,1,1,1583663
D#1589456,XAUUSD,100,7349874591905600312,7349874591886450034,7349874591969190945,7349874591969190754,35,2026-03-24T06:19:45.000Z,2026-03-24T06:20:20.000Z,-347,343.5,-364.5,-17.5,0,0.5,4374.21,4367.05,,,BUY,USD,1,1,1583663
D#1702550,XAUUSD,100,7349874591905600357,7349874591886448338,7349874591969168354,7349874591969168258,4277,2026-03-24T05:10:41.000Z,2026-03-24T06:21:58.000Z,-98.08,97.94,-98.78,-0.7,0,0.02,4326.89,4376.15,4375.8,4256.67,SELL,USD,1,1,1583663
D#1702382,XAUUSD,100,7349874591905600363,7349874591886445457,7349874591969134494,7349874591969133052,12734,2026-03-24T02:49:47.000Z,2026-03-24T06:22:01.000Z,104.2,-104.9,100.7,-3.5,0,0.1,4367.4,4377.6,,4377.29,BUY,USD,1,1,1583663
D#1671093,XAUUSD,100,7349874591905600384,7349874591886449920,7349874591969191479,7349874591969189301,405,2026-03-24T06:15:20.000Z,2026-03-24T06:22:05.000Z,-97.26,96.84,-99.36,-2.1,0,0.06,4363.41,4379.84,,4349.35,SELL,USD,1,1,1583663
D#1670990,XAUUSD,100,7349874591905600404,7349874591886445469,7349874591969133254,7349874591969133252,12704,2026-03-24T02:50:25.000Z,2026-03-24T06:22:09.000Z,-104.45,104.10000000000001,-106.21,-1.76,0,0.05,4361.14,4382.25,4381.81,4306.12,SELL,USD,1,1,1583663
D#1671083,XAUUSD,100,7349874591905600407,7349874591886450007,7349874591969191234,7349874591969190214,247,2026-03-24T06:18:03.000Z,2026-03-24T06:22:10.000Z,72.6,-73.3,69.1,-3.5,0,0.1,4374.4,4381.44,4366.74,4382.09,BUY,USD,1,1,1583663
D#1702428,XAUUSD,100,7349874591905600439,7349874591886449369,7349874591969191559,7349874591969180920,1823,2026-03-24T05:51:55.000Z,2026-03-24T06:22:18.000Z,-250.8,250.10000000000002,-254.3,-3.5,0,0.1,4359.88,4385.18,,4320.27,SELL,USD,1,1,1583663
D#1702451,XAUUSD,100,7349874591905600453,7349874591886449070,7349874591969191591,7349874591969177011,2495,2026-03-24T05:40:47.000Z,2026-03-24T06:22:22.000Z,-267.2,266.64,-270.0,-2.8,0,0.08,4353.1,4386.72,,4339.4,SELL,USD,1,1,1583663
D#1702667,XAUUSD,100,7349874591905600454,7349874591886449781,7349874591969191597,7349874591969187143,865,2026-03-24T06:07:58.000Z,2026-03-24T06:22:23.000Z,-223.2,222.64,-226.0,-2.8,0,0.08,4358.02,4386.14,,4346.14,SELL,USD,1,1,1583663
D#1702695,XAUUSD,100,7349874591905600457,7349874591886449640,7349874591969191604,7349874591969184799,1239,2026-03-24T06:01:45.000Z,2026-03-24T06:22:24.000Z,-190.8,190.38000000000002,-192.9,-2.1,0,0.06,4353.63,4385.65,,,SELL,USD,1,1,1583663
D#1702337,XAUUSD,100,7349874591905600468,7349874591886449399,7349874591969181707,7349874591969181283,1771,2026-03-24T05:52:58.000Z,2026-03-24T06:22:29.000Z,-31.26,31.19,-31.62,-0.36,0,0.01,4357.29,4388.77,4388.15,4289.64,SELL,USD,1,1,1583663
D#1702454,XAUUSD,100,7349874591905600469,7349874591886449787,7349874591969187939,7349874591969187253,849,2026-03-24T06:08:20.000Z,2026-03-24T06:22:29.000Z,121.65,-122.0,119.89,-1.76,0,0.05,4364.46,4388.57,,4387.83,BUY,USD,1,1,1583663
D#1702744,XAUUSD,100,7349874591905600473,7349874591886449880,7349874591969190322,7349874591969188778,536,2026-03-24T06:13:33.000Z,2026-03-24T06:22:29.000Z,-201.1,200.4,-204.6,-3.5,0,0.1,4368.4,4388.73,4388.8,4325.53,SELL,USD,1,1,1583663
D#1702701,XAUUSD,100,7349874591905600475,7349874591886449831,7349874591969191651,7349874591969187948,710,2026-03-24T06:10:41.000Z,2026-03-24T06:22:31.000Z,-193.93,193.16,-197.79,-3.86,0,0.11,4369.84,4387.69,,4356,SELL,USD,1,1,1583663
D#1670974,XAUUSD,100,7349874591905600494,7349874591886450084,7349874591969191726,7349874591969191216,37,2026-03-24T06:22:04.000Z,2026-03-24T06:22:41.000Z,-277.8,275.7,-288.3,-10.5,0,0.3,4379.58,4389.06,,,SELL,USD,1,1,1583663
D#1702663,XAUUSD,100,7349874591905600496,7349874591886449562,7349874591969191730,7349874591969183405,1441,2026-03-24T05:58:41.000Z,2026-03-24T06:22:42.000Z,421.7,-422.4,418.2,-3.5,0,0.1,4347.47,4389.42,,,BUY,USD,1,1,1583663
D#1702654,XAUUSD,100,7349874591905600504,7349874591886450090,7349874591969191542,7349874591969190730,30,2026-03-24T06:22:17.000Z,2026-03-24T06:22:47.000Z,-38.8,38.099999999999994,-42.3,-3.5,0,0.1,4386.09,4390.19,4390,4373.5,SELL,USD,1,1,1583663
D#1614607,XAUUSD,100,7349874591905600577,7349874591886442753,7349874591969103702,7349874591969103700,18030,2026-03-24T01:23:32.000Z,2026-03-24T06:24:02.000Z,-33.57,33.5,-33.93,-0.36,0,0.01,4357.86,4391.65,4391,4238.97,SELL,USD,1,1,1583663
D#1645694,XAUUSD,100,7349874591905600609,7349874591886450069,7349874591969192461,7349874591969191341,194,2026-03-24T06:21:40.000Z,2026-03-24T06:24:54.000Z,155.4,-156.1,151.9,-3.5,0,0.1,4371.99,4387.31,4354.51,,BUY,USD,1,1,1583663
D#1702733,XAUUSD,100,7349874591905600633,7349874591886450135,7349874591969192459,7349874591969192110,78,2026-03-24T06:23:51.000Z,2026-03-24T06:25:09.000Z,-47.2,46.5,-50.7,-3.5,0,0.1,4389.16,4384.22,4384.05,,BUY,USD,1,1,1583663
D#1702392,XAUUSD,100,7349874591905600644,7349874591886450058,7349874591969192586,7349874591969191088,268,2026-03-24T06:20:46.000Z,2026-03-24T06:25:14.000Z,14.24,-14.31,13.88,-0.36,0,0.01,4370.31,4384.33,4363.62,,BUY,USD,1,1,1583663
D#1702733,XAUUSD,100,7349874591905600884,7349874591886450237,7349874591969193102,7349874591969192960,134,2026-03-24T06:26:12.000Z,2026-03-24T06:28:26.000Z,-73.2,72.5,-76.7,-3.5,0,0.1,4392.9,4385.36,4385.79,,BUY,USD,1,1,1583663
D#1702654,XAUUSD,100,7349874591905600913,7349874591886450272,7349874591969193711,7349874591969193272,93,2026-03-24T06:27:23.000Z,2026-03-24T06:28:56.000Z,-107.7,107.0,-111.2,-3.5,0,0.1,4395.7,4384.71,4384.59,4407.09,BUY,USD,1,1,1583663
D#1702588,XAUUSD,100,7349874591905600922,7349874591886449474,7349874591969193788,7349874591969177954,2033,2026-03-24T05:55:14.000Z,2026-03-24T06:29:07.000Z,80.18,-80.32000000000001,79.48,-0.7,0,0.02,4347.11,4386.98,4343.66,4407,BUY,USD,1,1,1583663
D#1670980,XAUUSD,100,7349874591905600965,7349874591886450341,7349874591969194336,7349874591969194127,41,2026-03-24T06:30:09.000Z,2026-03-24T06:30:50.000Z,14.2,-14.549999999999999,12.44,-1.76,0,0.05,4388.54,4391.16,,,BUY,USD,1,1,1583663
D#1670980,XAUUSD,100,7349874591905601063,7349874591886450383,7349874591969195052,7349874591969194747,75,2026-03-24T06:32:10.000Z,2026-03-24T06:33:25.000Z,11.5,-11.85,9.74,-1.76,0,0.05,4391.43,4389.35,,,SELL,USD,1,1,1583663
D#1702733,XAUUSD,100,7349874591905601066,7349874591886450313,7349874591969193871,7349874591969193717,277,2026-03-24T06:28:54.000Z,2026-03-24T06:33:31.000Z,18.8,-19.5,15.3,-3.5,0,0.1,4385.32,4386.98,4387.55,,BUY,USD,1,1,1583663
D#1702337,XAUUSD,100,7349874591905601119,7349874591886450366,7349874591969195442,7349874591969194574,187,2026-03-24T06:31:35.000Z,2026-03-24T06:34:42.000Z,-20.05,19.7,-21.81,-1.76,0,0.05,4388.97,4384.74,,,BUY,USD,1,1,1583663
D#1702433,XAUUSD,100,7349874591905601130,7349874591886450420,7349874591969195550,7349874591969195314,50,2026-03-24T06:34:17.000Z,2026-03-24T06:35:07.000Z,-5,4.3,-8.5,-3.5,0,0.1,4385.58,4384.86,4380.87,4391.67,BUY,USD,1,1,1583663
D#1702433,XAUUSD,100,7349874591905601157,7349874591886450435,7349874591969195676,7349874591969195570,45,2026-03-24T06:35:13.000Z,2026-03-24T06:35:58.000Z,-70.46,69.55,-75.02,-4.56,0,0.13,4383.51,4389.15,4388.91,,SELL,USD,1,1,1583663
D#1670980,XAUUSD,100,7349874591905601186,7349874591886450445,7349874591969196050,7349874591969195687,64,2026-03-24T06:35:35.000Z,2026-03-24T06:36:39.000Z,6.8,-7.1499999999999995,5.04,-1.76,0,0.05,4385.32,4384.18,,,SELL,USD,1,1,1583663
D#1702583,XAUUSD,100,7349874591905601220,7349874591886449797,7349874591969196219,7349874591969187359,1713,2026-03-24T06:08:40.000Z,2026-03-24T06:37:13.000Z,34.95,-35.160000000000004,33.89,-1.06,0,0.03,4369.21,4380.64,4340.15,4569.8,BUY,USD,1,1,1583663
D#1670980,XAUUSD,100,7349874591905601237,7349874591886450472,7349874591969196351,7349874591969196104,48,2026-03-24T06:36:50.000Z,2026-03-24T06:37:38.000Z,15.15,-15.5,13.39,-1.76,0,0.05,4383.82,4386.63,,,BUY,USD,1,1,1583663
D#1702733,XAUUSD,100,7349874591905601245,7349874591886450477,7349874591969196280,7349874591969196145,44,2026-03-24T06:36:59.000Z,2026-03-24T06:37:43.000Z,-49.8,49.099999999999994,-53.3,-3.5,0,0.1,4381.64,4386.84,4386.75,,SELL,USD,1,1,1583663
D#1702733,XAUUSD,100,7349874591905601280,7349874591886450513,7349874591969196760,7349874591969196645,33,2026-03-24T06:38:42.000Z,2026-03-24T06:39:15.000Z,4.3,-5.0,0.8,-3.5,0,0.1,4388.65,4388.44,4387.85,,SELL,USD,1,1,1583663
D#1702433,XAUUSD,100,7349874591905601302,7349874591886450454,7349874591969195921,7349874591969195833,239,2026-03-24T06:36:01.000Z,2026-03-24T06:40:00.000Z,-67.34,66.43,-71.9,-4.56,0,0.13,4386.78,4392.18,4392.43,4375.63,SELL,USD,1,1,1583663
D#1702496,XAUUSD,100,7349874591905601326,7349874591886450128,7349874591969192015,7349874591969191887,999,2026-03-24T06:23:32.000Z,2026-03-24T06:40:11.000Z,-48.2,47.85,-49.96,-1.76,0,0.05,4386.08,4395.94,4395.19,4364.19,SELL,USD,1,1,1583663
D#1702673,XAUUSD,100,7349874591905601328,7349874591886450438,7349874591969195860,7349874591969195598,293,2026-03-24T06:35:19.000Z,2026-03-24T06:40:12.000Z,-108.1,107.39999999999999,-111.6,-3.5,0,0.1,4385.79,4396.82,4396.42,4369.92,SELL,USD,1,1,1583663
D#1702733,XAUUSD,100,7349874591905601362,7349874591886450543,7349874591969197187,7349874591969197095,24,2026-03-24T06:40:13.000Z,2026-03-24T06:40:37.000Z,-42,41.3,-45.5,-3.5,0,0.1,4396.08,4391.66,4391.97,,BUY,USD,1,1,1583663
D#1702628,XAUUSD,100,7349874591905601407,7349874591886450546,7349874591969197404,7349874591969197111,165,2026-03-24T06:40:16.000Z,2026-03-24T06:43:01.000Z,-56.1,55.75,-57.86,-1.76,0,0.05,4397.15,4385.71,4386.16,4410.52,BUY,USD,1,1,1583663
D#1702733,XAUUSD,100,7349874591905601414,7349874591886450583,7349874591969197882,7349874591969197751,30,2026-03-24T06:42:41.000Z,2026-03-24T06:43:11.000Z,-7.4,6.7,-10.9,-3.5,0,0.1,4388.65,4387.69,,,BUY,USD,1,1,1583663
D#1702392,XAUUSD,100,7349874591905601419,7349874591886450196,7349874591969197907,7349874591969192704,1062,2026-03-24T06:25:33.000Z,2026-03-24T06:43:15.000Z,-5.91,5.7,-6.97,-1.06,0,0.03,4388.43,4386.24,4378.71,4424.99,BUY,USD,1,1,1583663
D#1702537,XAUUSD,100,7349874591905601446,7349874591886450515,7349874591969196892,7349874591969196678,334,2026-03-24T06:38:49.000Z,2026-03-24T06:44:23.000Z,54.34,-55.25,49.78,-4.56,0,0.13,4387.65,4383.69,,4383.59,SELL,USD,1,1,1583663
D#1702415,XAUUSD,100,7349874591905601450,7349874591886450449,7349874591969196266,7349874591969195786,511,2026-03-24T06:35:54.000Z,2026-03-24T06:44:25.000Z,-26.95,26.599999999999998,-28.71,-1.76,0,0.05,4388.69,4383.08,4383.46,4424.73,BUY,USD,1,1,1583663
D#1671093,XAUUSD,100,7349874591905601459,7349874591886450097,7349874591969198308,7349874591969191601,1338,2026-03-24T06:22:24.000Z,2026-03-24T06:44:42.000Z,-30.36,29.939999999999998,-32.46,-2.1,0,0.06,4385.74,4380.46,,4399.79,BUY,USD,1,1,1583663
D#1702673,XAUUSD,100,7349874591905601461,7349874591886450577,7349874591969197681,7349874591969197616,155,2026-03-24T06:42:11.000Z,2026-03-24T06:44:46.000Z,-97.6,96.89999999999999,-101.1,-3.5,0,0.1,4389.48,4379.5,4379.79,4433,BUY,USD,1,1,1583663
D#1645644,XAUUSD,100,7349874591905601466,7349874591886450506,7349874591969196581,7349874591969196503,397,2026-03-24T06:38:11.000Z,2026-03-24T06:44:48.000Z,93,-93.7,89.5,-3.5,0,0.1,4387.93,4378.85,,4378.85,SELL,USD,1,1,1583663
D#1702654,XAUUSD,100,7349874591905601473,7349874591886450322,7349874591969195435,7349874591969193847,933,2026-03-24T06:29:19.000Z,2026-03-24T06:44:52.000Z,-104.5,103.8,-108.0,-3.5,0,0.1,4386.76,4376.09,4376.65,4397.45,BUY,USD,1,1,1583663
D#1702422,XAUUSD,100,7349874591905601536,7349874591886450450,7349874591969195794,7349874591969195793,604,2026-03-24T06:35:55.000Z,2026-03-24T06:45:59.000Z,-45.69,45.48,-46.75,-1.06,0,0.03,4388.69,4373.24,4373.58,4428.24,BUY,USD,1,1,1583663
D#1702337,XAUUSD,100,7349874591905601571,7349874591886450427,7349874591969198889,7349874591969195463,706,2026-03-24T06:34:47.000Z,2026-03-24T06:46:33.000Z,24.9,-25.25,23.14,-1.76,0,0.05,4385.32,4380.56,4410.11,4328.75,SELL,USD,1,1,1583663
D#1702433,XAUUSD,100,7349874591905601723,7349874591886450558,7349874591969200314,7349874591969197264,651,2026-03-24T06:40:51.000Z,2026-03-24T06:51:42.000Z,121.81,-122.72,117.25,-4.56,0,0.13,4388.76,4379.61,4397.87,4368.38,SELL,USD,1,1,1583663
D#1702392,XAUUSD,100,7349874591905601814,7349874591886450705,7349874591969199877,7349874591969199709,264,2026-03-24T06:49:29.000Z,2026-03-24T06:53:53.000Z,-45.95,45.6,-47.71,-1.76,0,0.05,4376.99,4386.4,4386.04,4336.27,SELL,USD,1,1,1583663
D#1671083,XAUUSD,100,7349874591905601847,7349874591886450770,7349874591969200878,7349874591969200686,72,2026-03-24T06:53:08.000Z,2026-03-24T06:54:20.000Z,74.3,-75.0,70.8,-3.5,0,0.1,4380.53,4387.74,4380.86,4387.86,BUY,USD,1,1,1583663
D#1671093,XAUUSD,100,7349874591905601848,7349874591886450611,7349874591969201054,7349874591969198363,567,2026-03-24T06:44:54.000Z,2026-03-24T06:54:21.000Z,-67.92,67.5,-70.02,-2.1,0,0.06,4376.06,4387.6,,4362,SELL,USD,1,1,1583663
D#1702433,XAUUSD,100,7349874591905601906,7349874591886450746,7349874591969200445,7349874591969200332,195,2026-03-24T06:51:46.000Z,2026-03-24T06:55:01.000Z,133.51,-134.42,128.95,-4.56,0,0.13,4379.88,4389.93,4372.45,4391.32,BUY,USD,1,1,1583663
D#1702337,XAUUSD,100,7349874591905601930,7349874591886450668,7349874591969201347,7349874591969199066,493,2026-03-24T06:47:08.000Z,2026-03-24T06:55:21.000Z,70.15,-70.5,68.39,-1.76,0,0.05,4378.57,4392.38,4363.96,4404.78,BUY,USD,1,1,1583663
D#1702422,XAUUSD,100,7349874591905601933,7349874591886450725,7349874591969201361,7349874591969200088,272,2026-03-24T06:50:52.000Z,2026-03-24T06:55:24.000Z,-41.22,41.01,-42.28,-1.06,0,0.03,4379.04,4393,4394.03,4339.36,SELL,USD,1,1,1583663
D#1671065,XAUUSD,100,7349874591905601939,7349874591886450738,7349874591969201425,7349874591969200210,264,2026-03-24T06:51:16.000Z,2026-03-24T06:55:40.000Z,-182.84,181.86,-187.74,-4.9,0,0.14,4378.98,4392.26,,4373,SELL,USD,1,1,1583663
D#1702551,XAUUSD,100,7349874591905601941,7349874591886450726,7349874591969201430,7349874591969200097,288,2026-03-24T06:50:53.000Z,2026-03-24T06:55:41.000Z,-197.85,196.79999999999998,-203.11,-5.26,0,0.15,4378.5,4391.91,,4370.84,SELL,USD,1,1,1583663
D#1702628,XAUUSD,100,7349874591905601961,7349874591886450586,7349874591969201532,7349874591969197848,785,2026-03-24T06:43:05.000Z,2026-03-24T06:56:10.000Z,-39.1,38.75,-40.86,-1.76,0,0.05,4386.83,4394.87,4400.14,4372.67,SELL,USD,1,1,1583663
D#1645694,XAUUSD,100,7349874591905601988,7349874591886450231,7349874591969193343,7349874591969192899,1821,2026-03-24T06:26:02.000Z,2026-03-24T06:56:23.000Z,135.8,-137.20000000000002,128.8,-7,0,0.2,4391.39,4397.96,,4399.05,BUY,USD,1,1,1583663
D#1702433,XAUUSD,100,7349874591905602016,7349874591886450829,7349874591969201419,7349874591969201316,90,2026-03-24T06:55:13.000Z,2026-03-24T06:56:43.000Z,136.76,-137.67,132.2,-4.56,0,0.13,4391.17,4401.47,4385.07,4401.93,BUY,USD,1,1,1583663
D#1670985,XAUUSD,100,7349874591905602023,7349874591886445274,7349874591969201695,7349874591969130454,15340,2026-03-24T02:41:10.000Z,2026-03-24T06:56:50.000Z,-141.63,141.42,-142.69,-1.06,0,0.03,4354.17,4401.6,,4287.52,SELL,USD,1,1,1583663
D#1702461,XAUUSD,100,7349874591905602051,7349874591886449741,7349874591969201806,7349874591969186343,3094,2026-03-24T06:05:52.000Z,2026-03-24T06:57:26.000Z,186.95,-187.29999999999998,185.19,-1.76,0,0.05,4362.44,4399.61,,,BUY,USD,1,1,1583663
D#1671093,XAUUSD,100,7349874591905602088,7349874591886450814,7349874591969201448,7349874591969201172,203,2026-03-24T06:54:46.000Z,2026-03-24T06:58:09.000Z,85.2,-85.62,83.1,-2.1,0,0.06,4391.07,4405.05,,4405.12,BUY,USD,1,1,1583663
D#1589419,XAUUSD,100,7349874591905602139,7349874591886450701,7349874591969202297,7349874591969199664,624,2026-03-24T06:49:18.000Z,2026-03-24T06:59:42.000Z,134.05,-134.4,132.29,-1.76,0,0.05,4376.18,4402.77,,,BUY,USD,1,1,1583663
D#1645694,XAUUSD,100,7349874591905602143,7349874591886450917,7349874591969202318,7349874591969202183,50,2026-03-24T06:59:07.000Z,2026-03-24T06:59:57.000Z,-35.2,33.800000000000004,-42.2,-7,0,0.2,4399.99,4401.97,4406,4401.96,SELL,USD,1,1,1583663
D#1702649,XAUUSD,100,7349874591905602201,7349874591886450808,7349874591969202470,7349874591969201092,349,2026-03-24T06:54:31.000Z,2026-03-24T07:00:20.000Z,-442.29,440.68,-450.35,-8.06,0,0.23,4389.57,4409.02,,,SELL,USD,1,1,1583663
D#1702392,XAUUSD,100,7349874591905602204,7349874591886450928,7349874591969202472,7349874591969202315,33,2026-03-24T06:59:48.000Z,2026-03-24T07:00:21.000Z,-35.55,35.199999999999996,-37.31,-1.76,0,0.05,4402.45,4409.78,,,SELL,USD,1,1,1583663
D#1645694,XAUUSD,100,7349874591905602222,7349874591886450944,7349874591969202538,7349874591969202430,19,2026-03-24T07:00:12.000Z,2026-03-24T07:00:31.000Z,142.2,-143.6,135.2,-7,0,0.2,4403.77,4410.66,,,BUY,USD,1,1,1583663
D#1702518,XAUUSD,100,7349874591905602236,7349874591886450182,7349874591969202587,7349874591969192592,2125,2026-03-24T06:25:15.000Z,2026-03-24T07:00:40.000Z,196.72,-197.28,193.92,-2.8,0,0.08,4383.74,4408.11,4340.36,,BUY,USD,1,1,1583663
D#1702422,XAUUSD,100,7349874591905602274,7349874591886450840,7349874591969202721,7349874591969201486,311,2026-03-24T06:56:01.000Z,2026-03-24T07:01:12.000Z,39.96,-40.17,38.9,-1.06,0,0.03,4395.57,4408.67,4381.05,4435.71,BUY,USD,1,1,1583663
D#1671064,XAUUSD,100,7349874591905602281,7349874591886443604,7349874591969202769,7349874591969111689,18951,2026-03-24T01:45:31.000Z,2026-03-24T07:01:22.000Z,-82.33,82.26,-82.69,-0.36,0,0.01,4326.46,4409.01,4526.57,4200.5,SELL,USD,1,1,1583663
D#1645694,XAUUSD,100,7349874591905602380,7349874591886450984,7349874591969203087,7349874591969202744,85,2026-03-24T07:01:16.000Z,2026-03-24T07:02:41.000Z,60.4,-61.8,53.4,-7,0,0.2,4410.06,4412.86,,4417.5,BUY,USD,1,1,1583663
D#1671082,XAUUSD,100,7349874591905602411,7349874591886450401,7349874591969203145,7349874591969195021,1772,2026-03-24T06:33:19.000Z,2026-03-24T07:02:51.000Z,232.8,-233.5,229.3,-3.5,0,0.1,4390.84,4413.9,,,BUY,USD,1,1,1583663
D#1702337,XAUUSD,100,7349874591905602476,7349874591886450887,7349874591969202109,7349874591969201870,346,2026-03-24T06:57:47.000Z,2026-03-24T07:03:33.000Z,67,-67.35,65.24,-1.76,0,0.05,4401.75,4414.93,4363.9,4414.82,BUY,USD,1,1,1583663
D#1671064,XAUUSD,100,7349874591905602488,7349874591886450994,7349874591969203406,7349874591969202821,133,2026-03-24T07:01:36.000Z,2026-03-24T07:03:49.000Z,10.89,-11.100000000000001,9.83,-1.06,0,0.03,4409.14,4412.55,,4685,BUY,USD,1,1,1583663
D#1702537,XAUUSD,100,7349874591905602654,7349874591886450823,7349874591969204174,7349874591969201271,731,2026-03-24T06:55:04.000Z,2026-03-24T07:07:15.000Z,-285.74,284.83,-290.3,-4.56,0,0.13,4389.23,4411.43,,4385.76,SELL,USD,1,1,1583663
D#1670980,XAUUSD,100,7349874591905602786,7349874591886451126,7349874591969204215,7349874591969204107,194,2026-03-24T07:06:55.000Z,2026-03-24T07:10:09.000Z,81,-81.7,77.5,-3.5,0,0.1,4410.7,4418.58,,4418.12,BUY,USD,1,1,1583663
D#1702422,XAUUSD,100,7349874591905602789,7349874591886451129,7349874591969204781,7349874591969204161,177,2026-03-24T07:07:13.000Z,2026-03-24T07:10:10.000Z,-22.44,22.23,-23.5,-1.06,0,0.03,4410.88,4418.58,4425.99,4371.32,SELL,USD,1,1,1583663
D#1670945,XAUUSD,100,7349874591905602818,7349874591886449719,7349874591969204859,7349874591969186060,3926,2026-03-24T06:04:54.000Z,2026-03-24T07:10:20.000Z,-551.07,550.44,-554.23,-3.16,0,0.09,4357.95,4419.4,,,SELL,USD,1,1,1583663
D#1702454,XAUUSD,100,7349874591905602813,7349874591886450262,7349874591969193806,7349874591969193176,2598,2026-03-24T06:27:02.000Z,2026-03-24T07:10:20.000Z,118.55,-118.89999999999999,116.79,-1.76,0,0.05,4395.77,4419.26,,4419.3,BUY,USD,1,1,1583663
D#1671093,XAUUSD,100,7349874591905602827,7349874591886450947,7349874591969202800,7349874591969202450,609,2026-03-24T07:00:17.000Z,2026-03-24T07:10:26.000Z,87.84,-88.26,85.74,-2.1,0,0.06,4406.05,4420.47,,4420.1,BUY,USD,1,1,1583663
D#1702487,XAUUSD,100,7349874591905602885,7349874591886448242,7349874591969166886,7349874591969152210,7459,2026-03-24T05:06:18.000Z,2026-03-24T07:10:37.000Z,407.72,-408.0,406.32,-1.4,0,0.04,4320.43,4422.14,4322.52,4422.4,BUY,USD,1,1,1583663
D#1670957,XAUUSD,100,7349874591905602896,7349874591886448862,7349874591969204984,7349874591969174413,5867,2026-03-24T05:32:53.000Z,2026-03-24T07:10:40.000Z,-598.2,597.7800000000001,-600.3,-2.1,0,0.06,4322.75,4422.67,,4315.73,SELL,USD,1,1,1583663
D#1645644,XAUUSD,100,7349874591905603077,7349874591886450686,7349874591969205605,7349874591969199431,1487,2026-03-24T06:48:23.000Z,2026-03-24T07:13:10.000Z,-490.38,489.61,-494.24,-3.86,0,0.11,4379.53,4424.33,,4370.68,SELL,USD,1,1,1583663
D#1702685,XAUUSD,100,7349874591905603136,7349874591886451315,7349874591969205931,7349874591969205848,29,2026-03-24T07:14:28.000Z,2026-03-24T07:14:57.000Z,-0.3,0.22999999999999998,-0.66,-0.36,0,0.01,4424.33,4424.85,,,SELL,USD,1,1,1583663
D#1670969,XAUUSD,100,7349874591905603165,7349874591886448988,7349874591969206057,7349874591969175751,5924,2026-03-24T05:36:45.000Z,2026-03-24T07:15:29.000Z,410.3,-410.65000000000003,408.54,-1.76,0,0.05,4341.46,4423.3,4330.04,,BUY,USD,1,1,1583663
D#1702415,XAUUSD,100,7349874591905603176,7349874591886450641,7349874591969199296,7349874591969198730,1770,2026-03-24T06:46:05.000Z,2026-03-24T07:15:35.000Z,225.75,-226.1,223.99,-1.76,0,0.05,4375.63,4420.56,4420.55,4444.64,BUY,USD,1,1,1583663
D#1702723,XAUUSD,100,7349874591905603221,7349874591886451363,7349874591969206290,7349874591969206263,7,2026-03-24T07:16:11.000Z,2026-03-24T07:16:18.000Z,-16.2,14.1,-26.7,-10.5,0,0.3,4424.15,4423.39,,,BUY,USD,1,1,1583663
D#1702723,XAUUSD,100,7349874591905603242,7349874591886451372,7349874591969206390,7349874591969206369,5,2026-03-24T07:16:39.000Z,2026-03-24T07:16:44.000Z,-8.7,6.6,-19.2,-10.5,0,0.3,4424.28,4423.77,,,BUY,USD,1,1,1583663
D#1670980,XAUUSD,100,7349874591905603245,7349874591886451257,7349874591969206420,7349874591969205365,266,2026-03-24T07:12:28.000Z,2026-03-24T07:16:54.000Z,20.3,-21.0,16.8,-3.5,0,0.1,4423.52,4421.71,,,SELL,USD,1,1,1583663
D#1702692,XAUUSD,100,7349874591905603263,7349874591886451380,7349874591969206481,7349874591969206478,6,2026-03-24T07:17:13.000Z,2026-03-24T07:17:19.000Z,-1.89,1.68,-2.95,-1.06,0,0.03,4423.62,4424.47,4424.25,4422.7,SELL,USD,1,1,1583663
D#1702723,XAUUSD,100,7349874591905603271,7349874591886451379,7349874591969206563,7349874591969206472,28,2026-03-24T07:17:10.000Z,2026-03-24T07:17:38.000Z,5.7,-7.800000000000001,-4.8,-10.5,0,0.3,4423.8,4423.77,,,BUY,USD,1,1,1583663
D#1671083,XAUUSD,100,7349874591905603400,7349874591886451352,7349874591969207137,7349874591969206149,346,2026-03-24T07:15:47.000Z,2026-03-24T07:21:33.000Z,39.2,-39.900000000000006,35.7,-3.5,0,0.1,4420.76,4417.06,4422.87,4417.34,SELL,USD,1,1,1583663
D#1702685,XAUUSD,100,7349874591905603485,7349874591886451326,7349874591969206036,7349874591969205963,501,2026-03-24T07:15:03.000Z,2026-03-24T07:23:24.000Z,118.6,-119.3,115.1,-3.5,0,0.1,4423.65,4412.01,,4412.09,SELL,USD,1,1,1583663
D#1589450,XAUUSD,100,7349874591905603486,7349874591886451350,7349874591969206320,7349874591969206131,460,2026-03-24T07:15:44.000Z,2026-03-24T07:23:24.000Z,265.8,-267.90000000000003,255.3,-10.5,0,0.3,4420.65,4412.01,4428.83,4412.33,SELL,USD,1,1,1583663
D#1671093,XAUUSD,100,7349874591905603521,7349874591886451364,7349874591969207869,7349874591969206278,471,2026-03-24T07:16:16.000Z,2026-03-24T07:24:07.000Z,-87.54,87.12,-89.64,-2.1,0,0.06,4424.1,4409.29,,4438.15,BUY,USD,1,1,1583663
D#1702422,XAUUSD,100,7349874591905603524,7349874591886451393,7349874591969207879,7349874591969206675,353,2026-03-24T07:18:16.000Z,2026-03-24T07:24:09.000Z,34.86,-35.07,33.8,-1.06,0,0.03,4420.68,4409.28,4435.84,4381.17,SELL,USD,1,1,1583663
D#1702692,XAUUSD,100,7349874591905603533,7349874591886451431,7349874591969207930,7349874591969207059,243,2026-03-24T07:20:16.000Z,2026-03-24T07:24:19.000Z,35.85,-36.06,34.79,-1.06,0,0.03,4423.1,4411.37,4436.72,4384.05,SELL,USD,1,1,1583663
D#1702375,XAUUSD,100,7349874591905603694,7349874591886451400,7349874591969208865,7349874591969206765,627,2026-03-24T07:18:42.000Z,2026-03-24T07:29:09.000Z,30.1,-30.450000000000003,28.34,-1.76,0,0.05,4420.41,4414.61,4420.16,4398.52,SELL,USD,1,1,1583663
D#1589450,XAUUSD,100,7349874591905603745,7349874591886451598,7349874591969208854,7349874591969208725,114,2026-03-24T07:28:31.000Z,2026-03-24T07:30:25.000Z,-91.6,90.19999999999999,-98.6,-7,0,0.2,4413.53,4408.73,4409.15,4420.98,BUY,USD,1,1,1583663
D#1702390,XAUUSD,100,7349874591905603809,7349874591886451676,7349874591969209505,7349874591969209427,16,2026-03-24T07:31:36.000Z,2026-03-24T07:31:52.000Z,54.4,-55.8,47.4,-7,0,0.2,4411.33,4408.83,,,SELL,USD,1,1,1583663
D#1589450,XAUUSD,100,7349874591905603854,7349874591886451651,7349874591969209202,7349874591969209162,134,2026-03-24T07:30:28.000Z,2026-03-24T07:32:42.000Z,-127.8,126.39999999999999,-134.8,-7,0,0.2,4410.74,4404.13,4404.75,4422.39,BUY,USD,1,1,1583663
D#1702662,XAUUSD,100,7349874591905603858,7349874591886451648,7349874591969209312,7349874591969209149,137,2026-03-24T07:30:27.000Z,2026-03-24T07:32:44.000Z,-114.6,113.19999999999999,-121.6,-7,0,0.2,4409.12,4403.17,4403.71,4419.16,BUY,USD,1,1,1583663
D#1702422,XAUUSD,100,7349874591905603876,7349874591886451622,7349874591969209751,7349874591969208942,202,2026-03-24T07:29:33.000Z,2026-03-24T07:32:55.000Z,26.37,-26.580000000000002,25.31,-1.06,0,0.03,4412.08,4403.51,4427.41,4372.74,SELL,USD,1,1,1583663
D#1702692,XAUUSD,100,7349874591905603878,7349874591886451653,7349874591969209791,7349874591969209179,152,2026-03-24T07:30:33.000Z,2026-03-24T07:33:05.000Z,17.4,-17.61,16.34,-1.06,0,0.03,4410.52,4404.94,4423.77,4371.1,SELL,USD,1,1,1583663
D#1702448,XAUUSD,100,7349874591905603910,7349874591886451127,7349874591969209993,7349874591969204115,1614,2026-03-24T07:06:58.000Z,2026-03-24T07:33:52.000Z,70,-70.98,65.1,-4.9,0,0.14,4410.82,4406.04,,,SELL,USD,1,1,1583663
D#1702664,XAUUSD,100,7349874591905603988,7349874591886451767,7349874591969210433,7349874591969210267,54,2026-03-24T07:35:14.000Z,2026-03-24T07:36:08.000Z,10.75,-11.1,8.99,-1.76,0,0.05,4408.25,4406.32,,,SELL,USD,1,1,1583663
D#1702664,XAUUSD,100,7349874591905604008,7349874591886451786,7349874591969210501,7349874591969210459,10,2026-03-24T07:36:16.000Z,2026-03-24T07:36:26.000Z,6.2,-6.55,4.44,-1.76,0,0.05,4407.54,4406.52,,,SELL,USD,1,1,1583663
D#1702664,XAUUSD,100,7349874591905604028,7349874591886451795,7349874591969210608,7349874591969210534,22,2026-03-24T07:36:35.000Z,2026-03-24T07:36:57.000Z,4.9,-5.25,3.14,-1.76,0,0.05,4405.9,4405.14,,,SELL,USD,1,1,1583663
D#1702664,XAUUSD,100,7349874591905604051,7349874591886451813,7349874591969210678,7349874591969210652,4,2026-03-24T07:37:08.000Z,2026-03-24T07:37:12.000Z,8.35,-8.7,6.59,-1.76,0,0.05,4406.88,4405.43,,,SELL,USD,1,1,1583663
D#1702664,XAUUSD,100,7349874591905604067,7349874591886451819,7349874591969210738,7349874591969210703,10,2026-03-24T07:37:19.000Z,2026-03-24T07:37:29.000Z,6.75,-7.1,4.99,-1.76,0,0.05,4405.05,4403.92,,,SELL,USD,1,1,1583663
D#1702648,XAUUSD,100,7349874591905604073,7349874591886451760,7349874591969210780,7349874591969210224,157,2026-03-24T07:35:05.000Z,2026-03-24T07:37:42.000Z,60.05,-60.75,56.54,-3.51,0,0.1,4411.61,4405.15,4416.97,4398.31,SELL,USD,1,1,1583663
D#1702454,XAUUSD,100,7349874591905604117,7349874591886451763,7349874591969211011,7349874591969210236,212,2026-03-24T07:35:07.000Z,2026-03-24T07:38:39.000Z,-31.2,30.849999999999998,-32.96,-1.76,0,0.05,4409.54,4403.08,,,BUY,USD,1,1,1583663
D#1702664,XAUUSD,100,7349874591905604123,7349874591886451833,7349874591969211035,7349874591969210859,45,2026-03-24T07:38:02.000Z,2026-03-24T07:38:47.000Z,3.55,-3.9,1.79,-1.76,0,0.05,4403.02,4402.53,,,SELL,USD,1,1,1583663
D#1670913,XAUUSD,100,7349874591905604245,7349874591886451858,7349874591969211646,7349874591969211085,180,2026-03-24T07:39:02.000Z,2026-03-24T07:42:02.000Z,20.88,-22.91,10.72,-10.16,0,0.29,4405.21,4405.71,,,BUY,USD,1,1,1583663
D#1702664,XAUUSD,100,7349874591905604255,7349874591886451871,7349874591969211708,7349874591969211192,160,2026-03-24T07:39:40.000Z,2026-03-24T07:42:20.000Z,16.15,-16.5,14.39,-1.76,0,0.05,4407.52,4404.51,,4112.95,SELL,USD,1,1,1583663
D#1702454,XAUUSD,100,7349874591905604260,7349874591886451880,7349874591969211749,7349874591969211268,155,2026-03-24T07:40:04.000Z,2026-03-24T07:42:39.000Z,-36.2,35.85,-37.96,-1.76,0,0.05,4411.17,4403.71,,,BUY,USD,1,1,1583663
D#1702664,XAUUSD,100,7349874591905604265,7349874591886451933,7349874591969211773,7349874591969211751,9,2026-03-24T07:42:39.000Z,2026-03-24T07:42:48.000Z,7.5,-7.85,5.74,-1.76,0,0.05,4403.7,4402.42,,,SELL,USD,1,1,1583663
D#1702664,XAUUSD,100,7349874591905604289,7349874591886451945,7349874591969211888,7349874591969211844,14,2026-03-24T07:43:09.000Z,2026-03-24T07:43:23.000Z,-2.35,2.0,-4.11,-1.76,0,0.05,4402.99,4403.68,,,SELL,USD,1,1,1583663
D#1702662,XAUUSD,100,7349874591905604349,7349874591886451717,7349874591969212163,7349874591969209729,720,2026-03-24T07:32:50.000Z,2026-03-24T07:44:50.000Z,110.2,-111.60000000000001,103.2,-7,0,0.2,4403.06,4408.35,4396.99,4428.8,BUY,USD,1,1,1583663
D#1702662,XAUUSD,100,7349874591905604383,7349874591886451981,7349874591969212342,7349874591969212190,32,2026-03-24T07:45:00.000Z,2026-03-24T07:45:32.000Z,77.6,-79.0,70.6,-7,0,0.2,4408.3,4404.64,,,SELL,USD,1,1,1583663
D#1670913,XAUUSD,100,7349874591905604417,7349874591886451963,7349874591969212540,7349874591969212021,155,2026-03-24T07:44:09.000Z,2026-03-24T07:46:44.000Z,91.35,-93.38,81.19,-10.16,0,0.29,4406.05,4403.12,,,SELL,USD,1,1,1583663
D#1702407,XAUUSD,100,7349874591905604419,7349874591886452013,7349874591969212549,7349874591969212479,25,2026-03-24T07:46:21.000Z,2026-03-24T07:46:46.000Z,11.47,-14.06,-1.49,-12.96,0,0.37,4403.19,4403.1,,,SELL,USD,1,1,1583663
D#1702692,XAUUSD,100,7349874591905604459,7349874591886451884,7349874591969212719,7349874591969211294,447,2026-03-24T07:40:10.000Z,2026-03-24T07:47:37.000Z,6.51,-6.72,5.45,-1.06,0,0.03,4410.15,4408.2,4425.28,4370.94,SELL,USD,1,1,1583663
D#1589450,XAUUSD,100,7349874591905604498,7349874591886451713,7349874591969209862,7349874591969209710,936,2026-03-24T07:32:45.000Z,2026-03-24T07:48:21.000Z,-277.8,276.40000000000003,-284.8,-7,0,0.2,4402.86,4416.97,4416.12,4387.95,SELL,USD,1,1,1583663
D#1702422,XAUUSD,100,7349874591905604496,7349874591886451845,7349874591969212874,7349874591969210961,595,2026-03-24T07:38:26.000Z,2026-03-24T07:48:21.000Z,-43.71,43.5,-44.77,-1.06,0,0.03,4402.24,4417.03,4417.89,4363.22,SELL,USD,1,1,1583663
D#1702448,XAUUSD,100,7349874591905604541,7349874591886451790,7349874591969212981,7349874591969210496,736,2026-03-24T07:36:25.000Z,2026-03-24T07:48:41.000Z,-226.8,225.75,-232.06,-5.26,0,0.15,4406.46,4421.8,,,SELL,USD,1,1,1583663
D#1670913,XAUUSD,100,7349874591905604539,7349874591886452035,7349874591969212978,7349874591969212684,76,2026-03-24T07:47:25.000Z,2026-03-24T07:48:41.000Z,483.14,-485.16999999999996,472.98,-10.16,0,0.29,4405.19,4421.63,,,BUY,USD,1,1,1583663
D#1702662,XAUUSD,100,7349874591905604542,7349874591886452043,7349874591969212983,7349874591969212749,55,2026-03-24T07:47:47.000Z,2026-03-24T07:48:42.000Z,-254.8,253.4,-261.8,-7,0,0.2,4408.14,4421.1,,,SELL,USD,1,1,1583663
D#1670980,XAUUSD,100,7349874591905604567,7349874591886451469,7349874591969208574,7349874591969207411,1629,2026-03-24T07:22:01.000Z,2026-03-24T07:49:10.000Z,75.7,-76.4,72.2,-3.5,0,0.1,4417.21,4424.56,,4423.98,BUY,USD,1,1,1583663
D#1702625,XAUUSD,100,7349874591905604606,7349874591886451578,7349874591969213245,7349874591969208477,1363,2026-03-24T07:27:07.000Z,2026-03-24T07:49:50.000Z,109.23,-109.93,105.72,-3.51,0,0.1,4408.98,4422.95,4393,4433,BUY,USD,1,1,1583663
D#1671093,XAUUSD,100,7349874591905604619,7349874591886451528,7349874591969213333,7349874591969207950,1552,2026-03-24T07:24:23.000Z,2026-03-24T07:50:15.000Z,-76.8,76.38,-78.9,-2.1,0,0.06,4410.11,4423.13,,4396.05,SELL,USD,1,1,1583663
D#1702583,XAUUSD,100,7349874591905604778,7349874591886450509,7349874591969213838,7349874591969196585,4451,2026-03-24T06:38:29.000Z,2026-03-24T07:52:40.000Z,-129.66,129.45,-130.72,-1.06,0,0.03,4386.12,4429.56,,4103.51,SELL,USD,1,1,1583663
D#1670980,XAUUSD,100,7349874591905604796,7349874591886452162,7349874591969213872,7349874591969213761,27,2026-03-24T07:52:20.000Z,2026-03-24T07:52:47.000Z,6.24,-6.3100000000000005,5.88,-0.36,0,0.01,4423.66,4429.68,,,BUY,USD,1,1,1583663
D#1702380,XAUUSD,100,7349874591905604832,7349874591886449789,7349874591969187464,7349874591969187274,6298,2026-03-24T06:08:25.000Z,2026-03-24T07:53:23.000Z,407.88,-408.3,405.78,-2.1,0,0.06,4364.54,4432.3,4344.79,4433.13,BUY,USD,1,1,1583663
D#1702454,XAUUSD,100,7349874591905604831,7349874591886451979,7349874591969213084,7349874591969212182,506,2026-03-24T07:44:57.000Z,2026-03-24T07:53:23.000Z,117.3,-117.64999999999999,115.54,-1.76,0,0.05,4409.06,4432.3,,4432.76,BUY,USD,1,1,1583663
D#1702633,XAUUSD,100,7349874591905604826,7349874591886452146,7349874591969213787,7349874591969213595,109,2026-03-24T07:51:34.000Z,2026-03-24T07:53:23.000Z,94.5,-95.2,91.0,-3.5,0,0.1,4423.2,4432.43,4424.09,4430.4,BUY,USD,1,1,1583663
D#1702633,XAUUSD,100,7349874591905604917,7349874591886452211,7349874591969214229,7349874591969214090,56,2026-03-24T07:53:41.000Z,2026-03-24T07:54:37.000Z,76.7,-77.4,73.2,-3.5,0,0.1,4428.26,4420.81,4431.64,4420.48,SELL,USD,1,1,1583663
D#1702583,XAUUSD,100,7349874591905604930,7349874591886452179,7349874591969214383,7349874591969213846,128,2026-03-24T07:52:42.000Z,2026-03-24T07:54:50.000Z,-23.28,23.07,-24.34,-1.06,0,0.03,4429.5,4421.52,,4732.43,BUY,USD,1,1,1583663
D#1702723,XAUUSD,100,7349874591905604931,7349874591886452169,7349874591969214385,7349874591969208806,134,2026-03-24T07:52:37.000Z,2026-03-24T07:54:51.000Z,-179.5,177.75,-188.26,-8.76,0,0.25,4429.13,4421.73,,,BUY,USD,1,1,1583663
D#1702352,XAUUSD,100,7349874591905605020,7349874591886452060,7349874591969214749,7349874591969208953,476,2026-03-24T07:48:22.000Z,2026-03-24T07:56:18.000Z,-64.2,63.5,-67.7,-3.5,0,0.1,4417.57,4424.21,4437.83,4363.8,SELL,USD,1,1,1583663
D#1702427,XAUUSD,100,7349874591905605235,7349874591886452316,7349874591969215617,7349874591969214892,202,2026-03-24T07:56:49.000Z,2026-03-24T08:00:11.000Z,39.04,-39.32,37.64,-1.4,0,0.04,4420.41,4410.87,,,SELL,USD,1,1,1583663
D#1702692,XAUUSD,100,7349874591905605240,7349874591886452312,7349874591969215622,7349874591969214853,213,2026-03-24T07:56:39.000Z,2026-03-24T08:00:12.000Z,45.93,-46.14,44.87,-1.06,0,0.03,4424.39,4409.3,4439.67,4385.33,SELL,USD,1,1,1583663
D#1671093,XAUUSD,100,7349874591905605248,7349874591886452141,7349874591969215631,7349874591969213563,526,2026-03-24T07:51:27.000Z,2026-03-24T08:00:13.000Z,-91.92,91.5,-94.02,-2.1,0,0.06,4423.1,4407.56,,4437.15,BUY,USD,1,1,1583663
D#1702679,XAUUSD,100,7349874591905605249,7349874591886452338,7349874591969215633,7349874591969215051,166,2026-03-24T07:57:27.000Z,2026-03-24T08:00:13.000Z,187,-188.4,180.0,-7,0,0.2,4417.3,4408.17,4420.06,,SELL,USD,1,1,1583663
D#1702422,XAUUSD,100,7349874591905605252,7349874591886452310,7349874591969215640,7349874591969214839,218,2026-03-24T07:56:37.000Z,2026-03-24T08:00:15.000Z,54.03,-54.24,52.97,-1.06,0,0.03,4424.53,4406.74,4439.38,4384.71,SELL,USD,1,1,1583663
D#1671093,XAUUSD,100,7349874591905605319,7349874591886452405,7349874591969215917,7349874591969215678,66,2026-03-24T08:00:21.000Z,2026-03-24T08:01:27.000Z,-12.42,12.0,-14.52,-2.1,0,0.06,4406.85,4409.14,,4408.33,SELL,USD,1,1,1583663
D#1702633,XAUUSD,100,7349874591905605333,7349874591886452431,7349874591969216008,7349874591969215909,22,2026-03-24T08:01:23.000Z,2026-03-24T08:01:45.000Z,73.3,-74.0,69.8,-3.5,0,0.1,4411.1,4403.99,,4403.94,SELL,USD,1,1,1583663
D#1702438,XAUUSD,100,7349874591905605408,7349874591886452444,7349874591969216343,7349874591969216030,75,2026-03-24T08:01:50.000Z,2026-03-24T08:03:05.000Z,-41.95,41.6,-43.71,-1.76,0,0.05,4403.3,4411.91,,,SELL,USD,1,1,1583663
D#1702633,XAUUSD,100,7349874591905605589,7349874591886452459,7349874591969216549,7349874591969216164,240,2026-03-24T08:02:27.000Z,2026-03-24T08:06:27.000Z,-69.5,68.8,-73.0,-3.5,0,0.1,4408.73,4415.9,4415.25,4401.69,SELL,USD,1,1,1583663
D#1702438,XAUUSD,100,7349874591905605631,7349874591886452542,7349874591969217346,7349874591969216882,104,2026-03-24T08:05:18.000Z,2026-03-24T08:07:02.000Z,-10.46,10.39,-10.82,-0.36,0,0.01,4406.7,4417.38,,,SELL,USD,1,1,1583663
D#1702690,XAUUSD,100,7349874591905605646,7349874591886452512,7349874591969217424,7349874591969216623,182,2026-03-24T08:04:19.000Z,2026-03-24T08:07:21.000Z,210.2,-211.6,203.2,-7,0,0.2,4406.33,4416.62,,,BUY,USD,1,1,1583663
D#1671069,XAUUSD,100,7349874591905605666,7349874591886452600,7349874591969217544,7349874591969217272,68,2026-03-24T08:06:43.000Z,2026-03-24T08:07:51.000Z,-190.08,186.72,-206.88,-16.8,0,0.48,4416.49,4412.31,,,BUY,USD,1,1,1583663
D#1702633,XAUUSD,100,7349874591905605684,7349874591886452608,7349874591969217571,7349874591969217343,78,2026-03-24T08:07:02.000Z,2026-03-24T08:08:20.000Z,-74.3,73.6,-77.8,-3.5,0,0.1,4417.43,4409.78,4410.14,4425.61,BUY,USD,1,1,1583663
D#1702633,XAUUSD,100,7349874591905605818,7349874591886452637,7349874591969217847,7349874591969217670,248,2026-03-24T08:08:25.000Z,2026-03-24T08:12:33.000Z,-68.4,67.7,-71.9,-3.5,0,0.1,4410.62,4417.68,4417.73,4402.14,SELL,USD,1,1,1583663
D#1702633,XAUUSD,100,7349874591905605978,7349874591886452728,7349874591969218742,7349874591969218651,164,2026-03-24T08:13:31.000Z,2026-03-24T08:16:15.000Z,86.7,-87.4,83.2,-3.5,0,0.1,4417.29,4408.84,4421.2,4408.82,SELL,USD,1,1,1583663
D#1702692,XAUUSD,100,7349874591905606037,7349874591886452666,7349874591969219508,7349874591969217888,487,2026-03-24T08:09:23.000Z,2026-03-24T08:17:30.000Z,3.84,-4.05,2.78,-1.06,0,0.03,4410.36,4409.3,4425.1,4370.76,SELL,USD,1,1,1583663
D#1702422,XAUUSD,100,7349874591905606043,7349874591886452661,7349874591969219548,7349874591969217842,507,2026-03-24T08:09:13.000Z,2026-03-24T08:17:40.000Z,3.27,-3.48,2.21,-1.06,0,0.03,4410.84,4409.97,4425.88,4371.21,SELL,USD,1,1,1583663
D#1702433,XAUUSD,100,7349874591905606120,7349874591886452842,7349874591969219681,7349874591969219519,66,2026-03-24T08:17:33.000Z,2026-03-24T08:18:39.000Z,61.23,-62.13999999999999,56.67,-4.56,0,0.13,4408.63,4404.14,,4404.21,SELL,USD,1,1,1583663
D#1702679,XAUUSD,100,7349874591905606229,7349874591886452889,7349874591969220166,7349874591969219823,73,2026-03-24T08:18:38.000Z,2026-03-24T08:19:51.000Z,3.6,-5.0,-3.4,-7,0,0.2,4405.12,4405.08,,,BUY,USD,1,1,1583663
D#1702379,XAUUSD,100,7349874591905606317,7349874591886452067,7349874591969220400,7349874591969212952,1928,2026-03-24T07:48:32.000Z,2026-03-24T08:20:40.000Z,-204.1,203.4,-207.6,-3.5,0,0.1,4421.66,4401.03,,,BUY,USD,1,1,1583663
D#1702633,XAUUSD,100,7349874591905606332,7349874591886452839,7349874591969219818,7349874591969219485,203,2026-03-24T08:17:23.000Z,2026-03-24T08:20:46.000Z,84.1,-84.8,80.6,-3.5,0,0.1,4408.13,4399.94,4411.98,4400.4,SELL,USD,1,1,1583663
D#1702679,XAUUSD,100,7349874591905606364,7349874591886452965,7349874591969220466,7349874591969220320,25,2026-03-24T08:20:23.000Z,2026-03-24T08:20:48.000Z,82.4,-83.80000000000001,75.4,-7,0,0.2,4402.25,4398.35,,,SELL,USD,1,1,1583663
D#1702721,XAUUSD,100,7349874591905606378,7349874591886452177,7349874591969213949,7349874591969213832,1692,2026-03-24T07:52:39.000Z,2026-03-24T08:20:51.000Z,-34.38,34.31,-34.74,-0.36,0,0.01,4429.51,4394.91,4396.32,4487.28,BUY,USD,1,1,1583663
D#1702433,XAUUSD,100,7349874591905606379,7349874591886452913,7349874591969220142,7349874591969219981,102,2026-03-24T08:19:09.000Z,2026-03-24T08:20:51.000Z,-99.19,98.28,-103.75,-4.56,0,0.13,4402.76,4394.91,4395.56,4410.5,BUY,USD,1,1,1583663
D#1702438,XAUUSD,100,7349874591905606484,7349874591886452958,7349874591969220865,7349874591969220294,110,2026-03-24T08:20:16.000Z,2026-03-24T08:22:06.000Z,39,-39.7,35.5,-3.5,0,0.1,4402.98,4399.3,,,SELL,USD,1,1,1583663
D#1702679,XAUUSD,100,7349874591905606503,7349874591886453006,7349874591969220956,7349874591969220568,88,2026-03-24T08:21:05.000Z,2026-03-24T08:22:33.000Z,4,-5.4,-3.0,-7,0,0.2,4395.44,4395.46,,,SELL,USD,1,1,1583663
D#1702679,XAUUSD,100,7349874591905606543,7349874591886453073,7349874591969221197,7349874591969221065,37,2026-03-24T08:23:00.000Z,2026-03-24T08:23:37.000Z,29.4,-30.799999999999997,22.4,-7,0,0.2,4398.71,4399.96,,,BUY,USD,1,1,1583663
D#1702497,XAUUSD,100,7349874591905606583,7349874591886453056,7349874591969221363,7349874591969220887,153,2026-03-24T08:22:13.000Z,2026-03-24T08:24:46.000Z,-17.1,16.75,-18.86,-1.76,0,0.05,4398.01,4394.37,4394.59,,BUY,USD,1,1,1583663
D#1702648,XAUUSD,100,7349874591905606607,7349874591886453069,7349874591969221043,7349874591969220993,148,2026-03-24T08:22:42.000Z,2026-03-24T08:25:10.000Z,-31.2,30.5,-34.7,-3.5,0,0.1,4396.95,4393.61,4394.26,4406.97,BUY,USD,1,1,1583663
D#1702362,XAUUSD,100,7349874591905606732,7349874591886451327,7349874591969221986,7349874591969205969,4294,2026-03-24T07:15:04.000Z,2026-03-24T08:26:38.000Z,234.63,-235.26,231.47,-3.16,0,0.09,4423.5,4397.65,,,SELL,USD,1,1,1583663
D#1702497,XAUUSD,100,7349874591905606741,7349874591886453116,7349874591969222056,7349874591969221516,112,2026-03-24T08:25:03.000Z,2026-03-24T08:26:55.000Z,51.66,-53.129999999999995,44.3,-7.36,0,0.21,4394.52,4396.76,,,BUY,USD,1,1,1583663
D#1702679,XAUUSD,100,7349874591905606756,7349874591886453092,7349874591969221995,7349874591969221265,197,2026-03-24T08:23:55.000Z,2026-03-24T08:27:12.000Z,-109.6,108.19999999999999,-116.6,-7,0,0.2,4400.05,4394.35,4394.32,4401.51,BUY,USD,1,1,1583663
D#1702375,XAUUSD,100,7349874591905606781,7349874591886452826,7349874591969222208,7349874591969219397,631,2026-03-24T08:17:01.000Z,2026-03-24T08:27:32.000Z,86.95,-87.3,85.19,-1.76,0,0.05,4410.11,4392.94,4409.86,4390.22,SELL,USD,1,1,1583663
D#1702497,XAUUSD,100,7349874591905606809,7349874591886453204,7349874591969222324,7349874591969222171,36,2026-03-24T08:27:24.000Z,2026-03-24T08:28:00.000Z,49.56,-51.03,42.2,-7.36,0,0.21,4392.85,4394.99,,,BUY,USD,1,1,1583663
D#1702497,XAUUSD,100,7349874591905606967,7349874591886453277,7349874591969222946,7349874591969222859,21,2026-03-24T08:30:39.000Z,2026-03-24T08:31:00.000Z,104.16,-105.63,96.8,-7.36,0,0.21,4394.03,4398.77,,,BUY,USD,1,1,1583663
D#1702661,XAUUSD,100,7349874591905607013,7349874591886453142,7349874591969223101,7349874591969221623,367,2026-03-24T08:25:23.000Z,2026-03-24T08:31:30.000Z,-57.15,56.8,-58.91,-1.76,0,0.05,4392.22,4403.87,,,SELL,USD,1,1,1583663
D#1702648,XAUUSD,100,7349874591905607031,7349874591886453146,7349874591969223151,7349874591969221640,375,2026-03-24T08:25:25.000Z,2026-03-24T08:31:40.000Z,72.3,-73.0,68.79,-3.51,0,0.1,4392.5,4402.08,4395.6,4414.46,BUY,USD,1,1,1583663
D#1702481,XAUUSD,100,7349874591905607030,7349874591886453209,7349874591969223150,7349874591969222189,254,2026-03-24T08:27:26.000Z,2026-03-24T08:31:40.000Z,-203.4,202.0,-210.4,-7,0,0.2,4391.86,4402.25,,,SELL,USD,1,1,1583663
D#1702497,XAUUSD,100,7349874591905607074,7349874591886453323,7349874591969223338,7349874591969223193,45,2026-03-24T08:31:54.000Z,2026-03-24T08:32:39.000Z,68.04,-69.51,60.68,-7.36,0,0.21,4401.63,4398.61,,,SELL,USD,1,1,1583663
D#1702625,XAUUSD,100,7349874591905607095,7349874591886453099,7349874591969223469,7349874591969221326,537,2026-03-24T08:24:16.000Z,2026-03-24T08:33:13.000Z,3.86,-4.84,-1.04,-4.9,0,0.14,4399.68,4398.47,4385.26,4420,BUY,USD,1,1,1583663
D#1702648,XAUUSD,100,7349874591905607138,7349874591886453372,7349874591969223650,7349874591969223618,40,2026-03-24T08:34:03.000Z,2026-03-24T08:34:43.000Z,-19.8,19.1,-23.3,-3.5,0,0.1,4399.1,4396.9,4397.85,4406.77,BUY,USD,1,1,1583663
D#1670941,XAUUSD,100,7349874591905607141,7349874591886453380,7349874591969223739,7349874591969223705,13,2026-03-24T08:34:31.000Z,2026-03-24T08:34:44.000Z,109.5,-111.6,99.0,-10.5,0,0.3,4400.46,4397.03,,,SELL,USD,1,1,1583663
D#1702438,XAUUSD,100,7349874591905607165,7349874591886453335,7349874591969223841,7349874591969223306,168,2026-03-24T08:32:31.000Z,2026-03-24T08:35:19.000Z,-0.8,0.09999999999999998,-4.3,-3.5,0,0.1,4399.77,4400.07,,,SELL,USD,1,1,1583663
D#1702362,XAUUSD,100,7349874591905607226,7349874591886453282,7349874591969224070,7349874591969222892,337,2026-03-24T08:30:48.000Z,2026-03-24T08:36:25.000Z,36.96,-37.800000000000004,32.76,-4.2,0,0.12,4397.33,4400.19,,,BUY,USD,1,1,1583663
D#1702438,XAUUSD,100,7349874591905607289,7349874591886453425,7349874591969224361,7349874591969224079,66,2026-03-24T08:36:27.000Z,2026-03-24T08:37:33.000Z,-28,27.3,-31.5,-3.5,0,0.1,4400.08,4403.1,,,SELL,USD,1,1,1583663
D#1702559,XAUUSD,100,7349874591905607293,7349874591886453381,7349874591969224372,7349874591969223709,182,2026-03-24T08:34:32.000Z,2026-03-24T08:37:34.000Z,135,-138.5,117.5,-17.5,0,0.5,4400.55,4403.03,,,BUY,USD,1,1,1583663
D#1702637,XAUUSD,100,7349874591905607387,7349874591886453285,7349874591969223201,7349874591969222924,530,2026-03-24T08:30:55.000Z,2026-03-24T08:39:45.000Z,-0.8,0.09999999999999998,-4.3,-3.5,0,0.1,4398.3,4398,4398.04,4415.37,BUY,USD,1,1,1583663
D#1702438,XAUUSD,100,7349874591905607426,7349874591886453516,7349874591969225012,7349874591969224764,76,2026-03-24T08:39:34.000Z,2026-03-24T08:40:50.000Z,-15.1,14.4,-18.6,-3.5,0,0.1,4401.41,4403.14,,,SELL,USD,1,1,1583663
D#1702362,XAUUSD,100,7349874591905607464,7349874591886453550,7349874591969225234,7349874591969225047,72,2026-03-24T08:40:58.000Z,2026-03-24T08:42:10.000Z,4.8,-5.64,0.6,-4.2,0,0.12,4403.83,4404.01,,,BUY,USD,1,1,1583663
D#1702613,XAUUSD,100,7349874591905607520,7349874591886453564,7349874591969225357,7349874591969225226,87,2026-03-24T08:42:07.000Z,2026-03-24T08:43:34.000Z,-84.4,83.7,-87.9,-3.5,0,0.1,4405.14,4396.48,4397.74,4418.16,BUY,USD,1,1,1583663
D#1702559,XAUUSD,100,7349874591905607525,7349874591886453565,7349874591969225515,7349874591969225228,94,2026-03-24T08:42:08.000Z,2026-03-24T08:43:42.000Z,-375.5,372.0,-393.0,-17.5,0,0.5,4405.15,4397.42,,,BUY,USD,1,1,1583663
D#1702438,XAUUSD,100,7349874591905607621,7349874591886453594,7349874591969225969,7349874591969225471,177,2026-03-24T08:43:27.000Z,2026-03-24T08:46:24.000Z,-53.5,52.8,-57.0,-3.5,0,0.1,4398.72,4404.29,,,SELL,USD,1,1,1583663
D#1702633,XAUUSD,100,7349874591905607630,7349874591886453355,7349874591969224510,7349874591969223484,802,2026-03-24T08:33:19.000Z,2026-03-24T08:46:41.000Z,-84,83.3,-87.5,-3.5,0,0.1,4398.09,4406.71,4406.07,4390.2,SELL,USD,1,1,1583663
D#1702637,XAUUSD,100,7349874591905607635,7349874591886453578,7349874591969225375,7349874591969225342,235,2026-03-24T08:42:46.000Z,2026-03-24T08:46:41.000Z,-46.1,45.4,-49.6,-3.5,0,0.1,4402,4406.83,4406.72,4388.84,SELL,USD,1,1,1583663
D#1702362,XAUUSD,100,7349874591905607650,7349874591886453611,7349874591969226060,7349874591969225630,153,2026-03-24T08:44:21.000Z,2026-03-24T08:46:54.000Z,54.72,-55.56,50.52,-4.2,0,0.12,4400.42,4404.76,,,BUY,USD,1,1,1583663
D#1702692,XAUUSD,100,7349874591905607656,7349874591886453491,7349874591969226068,7349874591969224583,502,2026-03-24T08:38:38.000Z,2026-03-24T08:47:00.000Z,-0.33,0.12000000000000002,-1.39,-1.06,0,0.03,4404.43,4404.1,4388.87,4443.2,BUY,USD,1,1,1583663
D#1702422,XAUUSD,100,7349874591905607660,7349874591886453423,7349874591969226088,7349874591969224055,641,2026-03-24T08:36:22.000Z,2026-03-24T08:47:03.000Z,4.98,-5.19,3.92,-1.06,0,0.03,4403.22,4404.66,4388.11,4442.77,BUY,USD,1,1,1583663
D#1702372,XAUUSD,100,7349874591905607695,7349874591886453680,7349874591969226193,7349874591969226148,12,2026-03-24T08:47:21.000Z,2026-03-24T08:47:33.000Z,102.85,-106.69999999999999,83.59,-19.26,0,0.55,4405.49,4407.14,,,BUY,USD,1,1,1583663
D#1670941,XAUUSD,100,7349874591905607732,7349874591886453386,7349874591969226273,7349874591969223755,785,2026-03-24T08:34:48.000Z,2026-03-24T08:47:53.000Z,-297.3,295.2,-307.8,-10.5,0,0.3,4398.43,4408.56,,,SELL,USD,1,1,1583663
D#1702625,XAUUSD,100,7349874591905607929,7349874591886453362,7349874591969223908,7349874591969223539,953,2026-03-24T08:33:38.000Z,2026-03-24T08:49:31.000Z,-150.08,149.10000000000002,-154.98,-4.9,0,0.14,4399.75,4410.69,4410,4378.43,SELL,USD,1,1,1583663
D#1702372,XAUUSD,100,7349874591905607938,7349874591886453775,7349874591969226711,7349874591969226540,39,2026-03-24T08:48:54.000Z,2026-03-24T08:49:33.000Z,187.55,-191.4,168.29,-19.26,0,0.55,4407.68,4410.87,,,BUY,USD,1,1,1583663
D#1702679,XAUUSD,100,7349874591905608042,7349874591886453205,7349874591969226943,7349874591969222176,1366,2026-03-24T08:27:25.000Z,2026-03-24T08:50:11.000Z,-310.4,309.0,-317.4,-7,0,0.2,4392.42,4408.16,,4383.86,SELL,USD,1,1,1583663
D#1702372,XAUUSD,100,7349874591905608105,7349874591886453867,7349874591969227056,7349874591969226915,24,2026-03-24T08:50:06.000Z,2026-03-24T08:50:30.000Z,132,-135.85,112.74,-19.26,0,0.55,4408.9,4406.72,,,SELL,USD,1,1,1583663
D#1702615,XAUUSD,100,7349874591905608218,7349874591886453894,7349874591969227216,7349874591969227018,29,2026-03-24T08:50:25.000Z,2026-03-24T08:50:54.000Z,113.7,-115.8,103.2,-10.5,0,0.3,4406.51,4402.94,,,SELL,USD,1,1,1583663
D#1702372,XAUUSD,100,7349874591905608276,7349874591886453927,7349874591969227525,7349874591969227147,26,2026-03-24T08:50:46.000Z,2026-03-24T08:51:12.000Z,-208.45,204.6,-227.71,-19.26,0,0.55,4408.49,4404.48,,,BUY,USD,1,1,1583663
D#1702615,XAUUSD,100,7349874591905608389,7349874591886453974,7349874591969227782,7349874591969227565,34,2026-03-24T08:51:19.000Z,2026-03-24T08:51:53.000Z,-169.8,167.70000000000002,-180.3,-10.5,0,0.3,4406.55,4400.67,,,BUY,USD,1,1,1583663
D#1702661,XAUUSD,100,7349874591905608398,7349874591886453577,7349874591969227808,7349874591969225333,555,2026-03-24T08:42:43.000Z,2026-03-24T08:51:58.000Z,3.92,-4.41,1.46,-2.46,0,0.07,4402.07,4402.41,,,BUY,USD,1,1,1583663
D#1702438,XAUUSD,100,7349874591905608419,7349874591886453970,7349874591969227942,7349874591969227548,72,2026-03-24T08:51:17.000Z,2026-03-24T08:52:29.000Z,-2.9,2.1999999999999997,-6.4,-3.5,0,0.1,4405.57,4406.08,,,SELL,USD,1,1,1583663
D#1702615,XAUUSD,100,7349874591905608454,7349874591886454033,7349874591969228075,7349874591969227963,29,2026-03-24T08:52:36.000Z,2026-03-24T08:53:05.000Z,133.2,-135.29999999999998,122.7,-10.5,0,0.3,4406.9,4411.12,,,BUY,USD,1,1,1583663
D#1702625,XAUUSD,100,7349874591905608471,7349874591886453964,7349874591969228144,7349874591969227529,128,2026-03-24T08:51:13.000Z,2026-03-24T08:53:21.000Z,-246.9,244.8,-257.4,-10.5,0,0.3,4403.07,4411.52,,4386.51,SELL,USD,1,1,1583663
D#1702433,XAUUSD,100,7349874591905608477,7349874591886452998,7349874591969220673,7349874591969220514,1949,2026-03-24T08:20:55.000Z,2026-03-24T08:53:24.000Z,187.85,-188.76,183.29,-4.56,0,0.13,4397.06,4411.29,4387.79,4412.03,BUY,USD,1,1,1583663
D#1702362,XAUUSD,100,7349874591905608482,7349874591886454030,7349874591969228171,7349874591969227926,61,2026-03-24T08:52:25.000Z,2026-03-24T08:53:26.000Z,67.08,-67.92,62.88,-4.2,0,0.12,4405.23,4410.6,,,BUY,USD,1,1,1583663
D#1702633,XAUUSD,100,7349874591905608488,7349874591886453720,7349874591969226599,7349874591969226334,325,2026-03-24T08:48:06.000Z,2026-03-24T08:53:31.000Z,-49.7,49.0,-53.2,-3.5,0,0.1,4407.22,4412.41,4412.14,4398.94,SELL,USD,1,1,1583663
D#1702537,XAUUSD,100,7349874591905608497,7349874591886454067,7349874591969228253,7349874591969228196,16,2026-03-24T08:53:31.000Z,2026-03-24T08:53:47.000Z,51.48,-52.38999999999999,46.92,-4.56,0,0.13,4412.25,4408.51,,,SELL,USD,1,1,1583663
D#1702516,XAUUSD,100,7349874591905608534,7349874591886453642,7349874591969225874,7349874591969225873,520,2026-03-24T08:45:46.000Z,2026-03-24T08:54:26.000Z,-114.9,114.2,-118.4,-3.5,0,0.1,4402.2,4413.91,4413.58,4354.27,SELL,USD,1,1,1583663
D#1702615,XAUUSD,100,7349874591905608543,7349874591886454066,7349874591969228451,7349874591969228192,58,2026-03-24T08:53:30.000Z,2026-03-24T08:54:28.000Z,66.9,-69.0,56.4,-10.5,0,0.3,4412.05,4414.06,,,BUY,USD,1,1,1583663
D#1702661,XAUUSD,100,7349874591905608545,7349874591886454068,7349874591969228457,7349874591969228198,58,2026-03-24T08:53:32.000Z,2026-03-24T08:54:30.000Z,10.4,-10.75,8.64,-1.76,0,0.05,4412.28,4414.14,,,BUY,USD,1,1,1583663
D#1702615,XAUUSD,100,7349874591905608573,7349874591886454106,7349874591969228586,7349874591969228518,15,2026-03-24T08:54:44.000Z,2026-03-24T08:54:59.000Z,29.75,-32.2,17.49,-12.26,0,0.35,4412.61,4411.98,,,SELL,USD,1,1,1583663
D#1702661,XAUUSD,100,7349874591905608585,7349874591886454100,7349874591969228643,7349874591969228499,28,2026-03-24T08:54:39.000Z,2026-03-24T08:55:07.000Z,6.35,-6.699999999999999,4.59,-1.76,0,0.05,4412.56,4411.51,,,SELL,USD,1,1,1583663
D#1702615,XAUUSD,100,7349874591905608597,7349874591886454123,7349874591969228701,7349874591969228655,14,2026-03-24T08:55:12.000Z,2026-03-24T08:55:26.000Z,17.15,-19.599999999999998,4.89,-12.26,0,0.35,4410.24,4409.97,,,SELL,USD,1,1,1583663
D#1702432,XAUUSD,100,7349874591905608629,7349874591886454141,7349874591969228856,7349874591969228818,8,2026-03-24T08:56:02.000Z,2026-03-24T08:56:10.000Z,76.5,-78.25,67.74,-8.76,0,0.25,4407.05,4404.21,,,SELL,USD,1,1,1583663
D#1702537,XAUUSD,100,7349874591905608656,7349874591886454134,7349874591969228883,7349874591969228772,42,2026-03-24T08:55:49.000Z,2026-03-24T08:56:31.000Z,51.09,-52.0,46.53,-4.56,0,0.13,4408.21,4404.5,,4403.95,SELL,USD,1,1,1583663
D#1702433,XAUUSD,100,7349874591905608693,7349874591886454158,7349874591969229129,7349874591969228959,46,2026-03-24T08:56:34.000Z,2026-03-24T08:57:20.000Z,56.55,-57.459999999999994,51.99,-4.56,0,0.13,4406.08,4410.21,,,BUY,USD,1,1,1583663
D#1702362,XAUUSD,100,7349874591905608752,7349874591886454178,7349874591969229506,7349874591969229108,132,2026-03-24T08:57:15.000Z,2026-03-24T08:59:27.000Z,26.16,-26.72,23.36,-2.8,0,0.08,4409.77,4412.82,,,BUY,USD,1,1,1583663
D#1702615,XAUUSD,100,7349874591905608768,7349874591886454174,7349874591969229551,7349874591969229075,161,2026-03-24T08:57:04.000Z,2026-03-24T08:59:45.000Z,-224.7,222.25,-236.96,-12.26,0,0.35,4407.45,4414.09,,,SELL,USD,1,1,1583663
D#1591594,XAUUSD,100,7349874591905608776,7349874591886453339,7349874591969229570,7349874591969223342,1630,2026-03-24T08:32:39.000Z,2026-03-24T08:59:49.000Z,-15.46,15.39,-15.82,-0.36,0,0.01,4398.62,4414.3,,,SELL,USD,1,1,1583663
D#1702690,XAUUSD,100,7349874591905608810,7349874591886453610,7349874591969229728,7349874591969225629,959,2026-03-24T08:44:21.000Z,2026-03-24T09:00:20.000Z,-179.6,178.2,-186.6,-7,0,0.2,4400.31,4409.51,,,SELL,USD,1,1,1583663
D#1702432,XAUUSD,100,7349874591905608811,7349874591886454235,7349874591969229732,7349874591969229683,9,2026-03-24T09:00:11.000Z,2026-03-24T09:00:20.000Z,51.5,-53.25,42.74,-8.76,0,0.25,4410.94,4409.1,,,SELL,USD,1,1,1583663
D#1702615,XAUUSD,100,7349874591905608816,7349874591886454236,7349874591969229746,7349874591969229685,12,2026-03-24T09:00:11.000Z,2026-03-24T09:00:23.000Z,100.8,-103.25,88.54,-12.26,0,0.35,4410.94,4408.28,,,SELL,USD,1,1,1583663
D#1702615,XAUUSD,100,7349874591905608836,7349874591886454252,7349874591969229827,7349874591969229791,11,2026-03-24T09:00:37.000Z,2026-03-24T09:00:48.000Z,37.1,-39.550000000000004,24.84,-12.26,0,0.35,4412.81,4413.65,,,BUY,USD,1,1,1583663
D#1702633,XAUUSD,100,7349874591905608859,7349874591886454070,7349874591969228863,7349874591969228245,450,2026-03-24T08:53:45.000Z,2026-03-24T09:01:15.000Z,-59.6,58.9,-63.1,-3.5,0,0.1,4408.46,4414.64,4414.81,4399.91,SELL,USD,1,1,1583663
D#1702703,XAUUSD,100,7349874591905608897,7349874591886453841,7349874591969230115,7349874591969226804,743,2026-03-24T08:49:51.000Z,2026-03-24T09:02:14.000Z,12.65,-13.0,10.89,-1.76,0,0.05,4409.59,4411.9,4393.59,4430.12,BUY,USD,1,1,1583663
D#1702615,XAUUSD,100,7349874591905608912,7349874591886454266,7349874591969230216,7349874591969229909,92,2026-03-24T09:01:13.000Z,2026-03-24T09:02:45.000Z,3.15,-5.6,-9.11,-12.26,0,0.35,4414.4,4414.27,,,BUY,USD,1,1,1583663
D#1702438,XAUUSD,100,7349874591905608951,7349874591886454243,7349874591969230340,7349874591969229736,180,2026-03-24T09:00:21.000Z,2026-03-24T09:03:21.000Z,-9.58,9.51,-9.94,-0.36,0,0.01,4408.44,4418.24,,,SELL,USD,1,1,1583663
D#1702692,XAUUSD,100,7349874591905608961,7349874591886454257,7349874591969230362,7349874591969229835,157,2026-03-24T09:00:50.000Z,2026-03-24T09:03:27.000Z,12.48,-12.690000000000001,11.42,-1.06,0,0.03,4414.21,4418.15,4398.92,4453.25,BUY,USD,1,1,1583663
D#1702615,XAUUSD,100,7349874591905608963,7349874591886454318,7349874591969230369,7349874591969230347,7,2026-03-24T09:03:22.000Z,2026-03-24T09:03:29.000Z,-14.7,12.25,-26.96,-12.26,0,0.35,4417.72,4417.08,,,BUY,USD,1,1,1583663
D#1702422,XAUUSD,100,7349874591905608966,7349874591886454187,7349874591969230383,7349874591969229164,362,2026-03-24T08:57:29.000Z,2026-03-24T09:03:31.000Z,20.16,-20.37,19.1,-1.06,0,0.03,4410.13,4416.63,4395.03,4449.69,BUY,USD,1,1,1583663
D#1702516,XAUUSD,100,7349874591905608977,7349874591886454173,7349874591969230437,7349874591969229072,406,2026-03-24T08:57:03.000Z,2026-03-24T09:03:49.000Z,115.94,-117.13,109.98,-5.96,0,0.17,4407.53,4414.13,4414.37,4429.82,BUY,USD,1,1,1583663
D#1702615,XAUUSD,100,7349874591905608978,7349874591886454323,7349874591969230444,7349874591969230402,12,2026-03-24T09:03:38.000Z,2026-03-24T09:03:50.000Z,61.25,-63.7,48.99,-12.26,0,0.35,4416.42,4414.89,,,SELL,USD,1,1,1583663
D#1670884,XAUUSD,100,7349874591905609029,7349874591886454290,7349874591969230687,7349874591969230120,170,2026-03-24T09:02:16.000Z,2026-03-24T09:05:06.000Z,-7.75,7.4,-9.51,-1.76,0,0.05,4412.44,4414.21,,,SELL,USD,1,1,1583663
D#1702648,XAUUSD,100,7349874591905609036,7349874591886454273,7349874591969229986,7349874591969229940,243,2026-03-24T09:01:19.000Z,2026-03-24T09:05:22.000Z,-32.5,31.8,-36.0,-3.5,0,0.1,4415.35,4411.88,4412,4431.73,BUY,USD,1,1,1583663
D#1702613,XAUUSD,100,7349874591905609124,7349874591886454177,7349874591969229214,7349874591969229101,618,2026-03-24T08:57:13.000Z,2026-03-24T09:07:31.000Z,-47,46.3,-50.5,-3.5,0,0.1,4410.08,4405.16,4405.39,4424.14,BUY,USD,1,1,1583663
D#1702438,XAUUSD,100,7349874591905609158,7349874591886454382,7349874591969231287,7349874591969231013,96,2026-03-24T09:06:53.000Z,2026-03-24T09:08:29.000Z,12.7,-13.399999999999999,9.2,-3.5,0,0.1,4407.83,4406.78,,,SELL,USD,1,1,1583663
D#1702438,XAUUSD,100,7349874591905609280,7349874591886454445,7349874591969231757,7349874591969231544,58,2026-03-24T09:09:51.000Z,2026-03-24T09:10:49.000Z,-5.2,4.5,-8.7,-3.5,0,0.1,4404.27,4405.01,,,SELL,USD,1,1,1583663
D#1702694,XAUUSD,100,7349874591905609328,7349874591886454410,7349874591969231974,7349874591969231266,206,2026-03-24T09:08:19.000Z,2026-03-24T09:11:45.000Z,52.05,-53.099999999999994,46.79,-5.26,0,0.15,4405.8,4402.55,4409.24,4401.12,SELL,USD,1,1,1583663
D#1702690,XAUUSD,100,7349874591905609338,7349874591886454244,7349874591969232000,7349874591969229738,690,2026-03-24T09:00:22.000Z,2026-03-24T09:11:52.000Z,-117.2,115.8,-124.2,-7,0,0.2,4408.38,4402.3,,,BUY,USD,1,1,1583663
D#1702454,XAUUSD,100,7349874591905609381,7349874591886453352,7349874591969224505,7349874591969223459,2352,2026-03-24T08:33:09.000Z,2026-03-24T09:12:21.000Z,3.1,-3.45,1.34,-1.76,0,0.05,4399.87,4400.27,4400.46,4423.62,BUY,USD,1,1,1583663
D#1702438,XAUUSD,100,7349874591905609410,7349874591886454495,7349874591969232236,7349874591969231936,80,2026-03-24T09:11:38.000Z,2026-03-24T09:12:58.000Z,38.7,-39.400000000000006,35.2,-3.5,0,0.1,4405.06,4401.41,,,SELL,USD,1,1,1583663
D#1702615,XAUUSD,100,7349874591905609450,7349874591886454549,7349874591969232381,7349874591969232353,11,2026-03-24T09:13:28.000Z,2026-03-24T09:13:39.000Z,35,-37.45,22.74,-12.26,0,0.35,4405.76,4404.98,,,SELL,USD,1,1,1583663
D#1702454,XAUUSD,100,7349874591905609488,7349874591886454543,7349874591969232505,7349874591969232327,42,2026-03-24T09:13:23.000Z,2026-03-24T09:14:05.000Z,-21.6,21.25,-23.36,-1.76,0,0.05,4404.17,4399.63,,,BUY,USD,1,1,1583663
D#1702615,XAUUSD,100,7349874591905609491,7349874591886454558,7349874591969232508,7349874591969232451,9,2026-03-24T09:13:57.000Z,2026-03-24T09:14:06.000Z,96.25,-98.7,83.99,-12.26,0,0.35,4402.13,4399.6,,,SELL,USD,1,1,1583663
D#1702337,XAUUSD,100,7349874591905609511,7349874591886451249,7349874591969232545,7349874591969205258,7343,2026-03-24T07:11:51.000Z,2026-03-24T09:14:14.000Z,-122.4,122.05000000000001,-124.16,-1.76,0,0.05,4423.32,4398.62,4387.76,4434.86,BUY,USD,1,1,1583663
D#1702680,XAUUSD,100,7349874591905609541,7349874591886454524,7349874591969232218,7349874591969232147,112,2026-03-24T09:12:36.000Z,2026-03-24T09:14:28.000Z,55.95,-57.0,50.69,-5.26,0,0.15,4401.7,4398.19,4406.23,4397.46,SELL,USD,1,1,1583663
D#1702615,XAUUSD,100,7349874591905609652,7349874591886454577,7349874591969232900,7349874591969232555,56,2026-03-24T09:14:16.000Z,2026-03-24T09:15:12.000Z,-67.55,65.1,-79.81,-12.26,0,0.35,4399.81,4397.66,,,BUY,USD,1,1,1583663
D#1702337,XAUUSD,100,7349874591905609762,7349874591886454592,7349874591969233203,7349874591969232619,96,2026-03-24T09:14:29.000Z,2026-03-24T09:16:05.000Z,9.2,-9.549999999999999,7.44,-1.76,0,0.05,4397.89,4396.27,4413.74,4371.26,SELL,USD,1,1,1583663
D#1702516,XAUUSD,100,7349874591905609769,7349874591886454390,7349874591969233224,7349874591969231052,548,2026-03-24T09:07:03.000Z,2026-03-24T09:16:11.000Z,187.34,-188.53,181.38,-5.96,0,0.17,4407.64,4396.84,,,SELL,USD,1,1,1583663
D#1702615,XAUUSD,100,7349874591905609831,7349874591886454674,7349874591969233470,7349874591969233066,83,2026-03-24T09:15:41.000Z,2026-03-24T09:17:04.000Z,71.6,-74.39999999999999,57.6,-14,0,0.4,4400.04,4401.61,,,BUY,USD,1,1,1583663
D#1670873,XAUUSD,100,7349874591905609890,7349874591886454614,7349874591969233673,7349874591969232723,183,2026-03-24T09:14:48.000Z,2026-03-24T09:17:51.000Z,-235.5,232.0,-253.0,-17.5,0,0.5,4400.3,4405.23,4406.06,4376.5,SELL,USD,1,1,1583663
D#1702438,XAUUSD,100,7349874591905609969,7349874591886454678,7349874591969233889,7349874591969233098,163,2026-03-24T09:15:48.000Z,2026-03-24T09:18:31.000Z,-9.45,9.379999999999999,-9.81,-0.36,0,0.01,4398.74,4408.41,,,SELL,USD,1,1,1583663
D#1702357,XAUUSD,100,7349874591905609977,7349874591886454606,7349874591969233911,7349874591969232679,235,2026-03-24T09:14:40.000Z,2026-03-24T09:18:35.000Z,-100.9,100.2,-104.4,-3.5,0,0.1,4398.57,4408.88,,,SELL,USD,1,1,1583663
D#1702690,XAUUSD,100,7349874591905609995,7349874591886454545,7349874591969233968,7349874591969232333,327,2026-03-24T09:13:24.000Z,2026-03-24T09:18:51.000Z,-119.2,117.8,-126.2,-7,0,0.2,4405.06,4411.24,,,SELL,USD,1,1,1583663
D#1702615,XAUUSD,100,7349874591905610031,7349874591886454767,7349874591969234090,7349874591969233742,78,2026-03-24T09:18:03.000Z,2026-03-24T09:19:21.000Z,-323.6,320.8,-337.6,-14,0,0.4,4403.98,4412.29,,4402.41,SELL,USD,1,1,1583663
D#1702390,XAUUSD,100,7349874591905610223,7349874591886454902,7349874591969234634,7349874591969234615,4,2026-03-24T09:21:25.000Z,2026-03-24T09:21:29.000Z,27.8,-29.2,20.8,-7,0,0.2,4413.05,4411.88,,,SELL,USD,1,1,1583663
D#1702438,XAUUSD,100,7349874591905610304,7349874591886454919,7349874591969234918,7349874591969234745,40,2026-03-24T09:22:02.000Z,2026-03-24T09:22:42.000Z,-22.4,21.7,-25.9,-3.5,0,0.1,4411.31,4408.85,,,BUY,USD,1,1,1583663
D#1702718,XAUUSD,100,7349874591905610317,7349874591886454890,7349874591969234944,7349874591969234516,111,2026-03-24T09:20:57.000Z,2026-03-24T09:22:48.000Z,208.5,-212.0,191.0,-17.5,0,0.5,4413.84,4409.89,,,SELL,USD,1,1,1583663
D#1702390,XAUUSD,100,7349874591905610395,7349874591886454969,7349874591969235178,7349874591969235051,44,2026-03-24T09:23:11.000Z,2026-03-24T09:23:55.000Z,12.8,-14.200000000000001,5.8,-7,0,0.2,4411.31,4410.89,,,SELL,USD,1,1,1583663
D#1702390,XAUUSD,100,7349874591905610446,7349874591886455009,7349874591969235368,7349874591969235323,14,2026-03-24T09:24:48.000Z,2026-03-24T09:25:02.000Z,14.88,-15.72,10.68,-4.2,0,0.12,4410.65,4409.63,,,SELL,USD,1,1,1583663
D#1702438,XAUUSD,100,7349874591905610477,7349874591886454966,7349874591969235488,7349874591969235026,149,2026-03-24T09:23:05.000Z,2026-03-24T09:25:34.000Z,-6.66,6.5200000000000005,-7.36,-0.7,0,0.02,4411.59,4408.04,,,BUY,USD,1,1,1583663
D#1702337,XAUUSD,100,7349874591905610500,7349874591886454710,7349874591969235601,7349874591969233298,578,2026-03-24T09:16:24.000Z,2026-03-24T09:26:02.000Z,45.25,-45.6,43.49,-1.76,0,0.05,4399.09,4407.92,4376.81,4440.07,BUY,USD,1,1,1583663
D#1702357,XAUUSD,100,7349874591905610539,7349874591886454821,7349874591969235750,7349874591969234116,439,2026-03-24T09:19:28.000Z,2026-03-24T09:26:47.000Z,-65.5,64.8,-69.0,-3.5,0,0.1,4414.14,4407.37,,,BUY,USD,1,1,1583663
D#1702390,XAUUSD,100,7349874591905610673,7349874591886455074,7349874591969236140,7349874591969235812,114,2026-03-24T09:27:10.000Z,2026-03-24T09:29:04.000Z,6.25,-8.0,-2.51,-8.76,0,0.25,4408.02,4407.99,,,SELL,USD,1,1,1583663
D#1670884,XAUUSD,100,7349874591905610698,7349874591886454353,7349874591969236190,7349874591969230708,1450,2026-03-24T09:05:10.000Z,2026-03-24T09:29:20.000Z,-31.9,31.549999999999997,-33.66,-1.76,0,0.05,4413.89,4407.29,,,BUY,USD,1,1,1583663
D#1702357,XAUUSD,100,7349874591905610816,7349874591886455148,7349874591969236509,7349874591969236211,86,2026-03-24T09:29:29.000Z,2026-03-24T09:30:55.000Z,12.3,-13.0,8.8,-3.5,0,0.1,4407.84,4406.83,,,SELL,USD,1,1,1583663
D#1670884,XAUUSD,100,7349874591905611107,7349874591886455150,7349874591969237524,7349874591969236216,349,2026-03-24T09:29:30.000Z,2026-03-24T09:35:19.000Z,-26.2,25.849999999999998,-27.96,-1.76,0,0.05,4407.54,4413,,,SELL,USD,1,1,1583663
D#1702680,XAUUSD,100,7349874591905611110,7349874591886455281,7349874591969237100,7349874591969237051,120,2026-03-24T09:33:24.000Z,2026-03-24T09:35:24.000Z,-68.25,67.2,-73.51,-5.26,0,0.15,4408.93,4413.7,4413.61,4405.23,SELL,USD,1,1,1583663
D#1702680,XAUUSD,100,7349874591905611131,7349874591886455358,7349874591969237617,7349874591969237558,19,2026-03-24T09:35:30.000Z,2026-03-24T09:35:49.000Z,-43.2,42.150000000000006,-48.46,-5.26,0,0.15,4415.14,4412.04,,,BUY,USD,1,1,1583663
D#1702680,XAUUSD,100,7349874591905611182,7349874591886455367,7349874591969237813,7349874591969237624,45,2026-03-24T09:35:51.000Z,2026-03-24T09:36:36.000Z,-74.4,73.35000000000001,-79.66,-5.26,0,0.15,4410.99,4416.17,,,SELL,USD,1,1,1583663
D#1591594,XAUUSD,100,7349874591905611334,7349874591886454786,7349874591969238403,7349874591969233882,1281,2026-03-24T09:18:30.000Z,2026-03-24T09:39:51.000Z,-9.72,9.65,-10.08,-0.36,0,0.01,4407.36,4417.3,,,SELL,USD,1,1,1583663
D#1702680,XAUUSD,100,7349874591905611342,7349874591886455402,7349874591969238416,7349874591969237837,195,2026-03-24T09:36:40.000Z,2026-03-24T09:39:55.000Z,-44.7,43.650000000000006,-49.96,-5.26,0,0.15,4414.76,4417.96,,,SELL,USD,1,1,1583663
D#1670884,XAUUSD,100,7349874591905611508,7349874591886455355,7349874591969238939,7349874591969237534,419,2026-03-24T09:35:22.000Z,2026-03-24T09:42:21.000Z,22,-22.35,20.24,-1.76,0,0.05,4413.08,4417.26,,,BUY,USD,1,1,1583663
D#1702680,XAUUSD,100,7349874591905611516,7349874591886455483,7349874591969238981,7349874591969238420,162,2026-03-24T09:39:58.000Z,2026-03-24T09:42:40.000Z,-7.65,6.6000000000000005,-12.91,-5.26,0,0.15,4417.91,4417.18,4411.76,4431.56,BUY,USD,1,1,1583663
D#1702438,XAUUSD,100,7349874591905611542,7349874591886455541,7349874591969239078,7349874591969238902,62,2026-03-24T09:42:11.000Z,2026-03-24T09:43:13.000Z,-21.7,21.0,-25.2,-3.5,0,0.1,4418.13,4415.74,,,BUY,USD,1,1,1583663
D#1670884,XAUUSD,100,7349874591905611619,7349874591886455560,7349874591969239402,7349874591969239062,123,2026-03-24T09:43:08.000Z,2026-03-24T09:45:11.000Z,-8.7,8.35,-10.46,-1.76,0,0.05,4415.56,4417.52,,,SELL,USD,1,1,1583663
D#1702718,XAUUSD,100,7349874591905611647,7349874591886455578,7349874591969239517,7349874591969239207,113,2026-03-24T09:44:05.000Z,2026-03-24T09:45:58.000Z,1.51,-1.58,1.15,-0.36,0,0.01,4418.17,4419.46,,,BUY,USD,1,1,1583663
D#1702438,XAUUSD,100,7349874591905611674,7349874591886455573,7349874591969239629,7349874591969239167,165,2026-03-24T09:43:50.000Z,2026-03-24T09:46:35.000Z,-1.35,1.0,-3.11,-1.76,0,0.05,4417.47,4416.98,,,BUY,USD,1,1,1583663
D#1702694,XAUUSD,100,7349874591905611698,7349874591886455556,7349874591969239695,7349874591969239039,229,2026-03-24T09:43:00.000Z,2026-03-24T09:46:49.000Z,28.05,-29.1,22.79,-5.26,0,0.15,4417.31,4415.66,,,SELL,USD,1,1,1583663
D#1702352,XAUUSD,100,7349874591905611718,7349874591886452358,7349874591969239799,7349874591969215239,6549,2026-03-24T07:58:12.000Z,2026-03-24T09:47:21.000Z,183.98,-185.66,175.58,-8.4,0,0.24,4418.45,4417,4437.5,4340.56,SELL,USD,1,1,1583663
D#1702703,XAUUSD,100,7349874591905611743,7349874591886454304,7349874591969240005,7349874591969230283,2736,2026-03-24T09:03:05.000Z,2026-03-24T09:48:41.000Z,20.9,-21.599999999999998,17.4,-3.5,0,0.1,4414.59,4416.46,4388.51,4424.78,BUY,USD,1,1,1583663
D#1702352,XAUUSD,100,7349874591905611807,7349874591886455657,7349874591969240389,7349874591969239834,207,2026-03-24T09:47:32.000Z,2026-03-24T09:50:59.000Z,-5.98,5.840000000000001,-6.68,-0.7,0,0.02,4418.51,4415.3,,,BUY,USD,1,1,1583663
D#1702494,XAUUSD,100,7349874591905611837,7349874591886455547,7349874591969240517,7349874591969238965,553,2026-03-24T09:42:33.000Z,2026-03-24T09:51:46.000Z,4.62,-5.11,2.16,-2.46,0,0.07,4416.71,4416.27,4416.04,,SELL,USD,1,1,1583663
D#1702703,XAUUSD,100,7349874591905611869,7349874591886455719,7349874591969240662,7349874591969240509,57,2026-03-24T09:51:42.000Z,2026-03-24T09:52:39.000Z,111,-114.5,93.5,-17.5,0,0.5,4414.93,4412.93,4436.6,4412.93,SELL,USD,1,1,1583663
D#1702438,XAUUSD,100,7349874591905611928,7349874591886455687,7349874591969240887,7349874591969240252,225,2026-03-24T09:50:16.000Z,2026-03-24T09:54:01.000Z,-7.95,7.6000000000000005,-9.71,-1.76,0,0.05,4414.89,4416.7,,,SELL,USD,1,1,1583663
D#1589408,XAUUSD,100,7349874591905611992,7349874591886455666,7349874591969241080,7349874591969239971,388,2026-03-24T09:48:28.000Z,2026-03-24T09:54:56.000Z,4.27,-4.76,1.81,-2.46,0,0.07,4416.41,4416.8,4391.78,4432.78,BUY,USD,1,1,1583663
D#1702703,XAUUSD,100,7349874591905612089,7349874591886455753,7349874591969241401,7349874591969240784,139,2026-03-24T09:53:32.000Z,2026-03-24T09:55:51.000Z,340.5,-344.0,323.0,-17.5,0,0.5,4414.19,4420.78,,,BUY,USD,1,1,1583663
D#1702454,XAUUSD,100,7349874591905612151,7349874591886454648,7349874591969236765,7349874591969232893,2471,2026-03-24T09:15:10.000Z,2026-03-24T09:56:21.000Z,119.65,-120.0,117.89,-1.76,0,0.05,4398.14,4421.85,4396.31,4421.95,BUY,USD,1,1,1583663
D#1702558,XAUUSD,100,7349874591905612251,7349874591886455699,7349874591969241743,7349874591969240363,369,2026-03-24T09:50:51.000Z,2026-03-24T09:57:00.000Z,-206.6,205.2,-213.6,-7,0,0.2,4415.55,4426.1,,4395.6,SELL,USD,1,1,1583663
D#1671084,XAUUSD,100,7349874591905612263,7349874591886454359,7349874591969241788,7349874591969230798,3085,2026-03-24T09:05:46.000Z,2026-03-24T09:57:11.000Z,-212.7,211.64999999999998,-217.96,-5.26,0,0.15,4411.23,4425.63,4426.49,4382.62,SELL,USD,1,1,1583663
D#1702634,XAUUSD,100,7349874591905612517,7349874591886453229,7349874591969222432,7349874591969222368,5500,2026-03-24T08:28:14.000Z,2026-03-24T09:59:54.000Z,128.04,-128.32,126.64,-1.4,0,0.04,4395.21,4427,4427.15,4433.36,BUY,USD,1,1,1583663
D#1702631,XAUUSD,100,7349874591905612950,7349874591886456073,7349874591969243481,7349874591969242706,236,2026-03-24T10:00:31.000Z,2026-03-24T10:04:27.000Z,30.6,-32.0,23.6,-7,0,0.2,4425.92,4424.61,4424.44,4402.18,SELL,USD,1,1,1583663
D#1702550,XAUUSD,100,7349874591905613023,7349874591886456255,7349874591969243952,7349874591969243811,56,2026-03-24T10:04:21.000Z,2026-03-24T10:05:17.000Z,-125.1,123.0,-135.6,-10.5,0,0.3,4423.58,4419.19,4419.29,,BUY,USD,1,1,1583663
D#1702550,XAUUSD,100,7349874591905613044,7349874591886456303,7349874591969244165,7349874591969244101,17,2026-03-24T10:05:23.000Z,2026-03-24T10:05:40.000Z,-5.7,3.6,-16.2,-10.5,0,0.3,4419.49,4419.9,4422.17,,SELL,USD,1,1,1583663
D#1702432,XAUUSD,100,7349874591905613150,7349874591886456137,7349874591969243391,7349874591969243115,363,2026-03-24T10:02:00.000Z,2026-03-24T10:08:03.000Z,76.25,-78.0,67.49,-8.76,0,0.25,4422.79,4425.62,,4425.34,BUY,USD,1,1,1583663
D#1702438,XAUUSD,100,7349874591905613172,7349874591886456359,7349874591969244723,7349874591969244554,40,2026-03-24T10:07:46.000Z,2026-03-24T10:08:26.000Z,22.9,-23.599999999999998,19.4,-3.5,0,0.1,4423.39,4425.46,,,BUY,USD,1,1,1583663
D#1645756,XAUUSD,100,7349874591905613254,7349874591886453769,7349874591969227825,7349874591969226516,4895,2026-03-24T08:48:50.000Z,2026-03-24T10:10:25.000Z,-47.54,47.4,-48.24,-0.7,0,0.02,4407.26,4431.25,4431.1,4348.58,SELL,USD,1,1,1583663
D#1702553,XAUUSD,100,7349874591905613370,7349874591886455114,7349874591969245677,7349874591969236049,2702,2026-03-24T09:28:36.000Z,2026-03-24T10:13:38.000Z,94,-94.35,92.24,-1.76,0,0.05,4408.25,4426.83,,4438.11,BUY,USD,1,1,1583663
D#1589419,XAUUSD,100,7349874591905613470,7349874591886451055,7349874591969206923,7349874591969203379,11563,2026-03-24T07:03:43.000Z,2026-03-24T10:16:26.000Z,100.6,-100.94999999999999,98.84,-1.76,0,0.05,4412.03,4431.93,,4432.11,BUY,USD,1,1,1583663
D#1702337,XAUUSD,100,7349874591905613481,7349874591886455141,7349874591969236280,7349874591969236172,2842,2026-03-24T09:29:14.000Z,2026-03-24T10:16:36.000Z,124.15,-124.5,122.39,-1.76,0,0.05,4407.88,4432.49,4377.06,4432.62,BUY,USD,1,1,1583663
D#1702390,XAUUSD,100,7349874591905613483,7349874591886455765,7349874591969246227,7349874591969240864,1363,2026-03-24T09:53:57.000Z,2026-03-24T10:16:40.000Z,-340.4,339.0,-347.4,-7,0,0.2,4415.08,4432.32,,4398.63,SELL,USD,1,1,1583663
D#1702439,XAUUSD,100,7349874591905613501,7349874591886456564,7349874591969246295,7349874591969246265,12,2026-03-24T10:16:59.000Z,2026-03-24T10:17:11.000Z,0.51,-0.5800000000000001,0.15,-0.36,0,0.01,4431.7,4431.41,,,SELL,USD,1,1,1583663
D#1702352,XAUUSD,100,7349874591905613542,7349874591886456587,7349874591969246511,7349874591969246483,13,2026-03-24T10:18:38.000Z,2026-03-24T10:18:51.000Z,5,-8.5,-12.5,-17.5,0,0.5,4432.07,4432.19,,,SELL,USD,1,1,1583663
D#1702432,XAUUSD,100,7349874591905613578,7349874591886456589,7349874591969246565,7349874591969246507,72,2026-03-24T10:18:49.000Z,2026-03-24T10:20:01.000Z,71,-72.75,62.24,-8.76,0,0.25,4431.5,4428.88,,4429.04,SELL,USD,1,1,1583663
D#1671089,XAUUSD,100,7349874591905613664,7349874591886450759,7349874591969247057,7349874591969200493,12590,2026-03-24T06:52:19.000Z,2026-03-24T10:22:09.000Z,213.55,-213.9,211.79,-1.76,0,0.05,4384.68,4427.17,4390.74,4447.36,BUY,USD,1,1,1583663
D#1702352,XAUUSD,100,7349874591905613683,7349874591886456596,7349874591969247157,7349874591969246583,202,2026-03-24T10:19:20.000Z,2026-03-24T10:22:42.000Z,-270,266.5,-287.5,-17.5,0,0.5,4431.97,4426.35,,,BUY,USD,1,1,1583663
D#1702613,XAUUSD,100,7349874591905613738,7349874591886456616,7349874591969246889,7349874591969246762,243,2026-03-24T10:20:23.000Z,2026-03-24T10:24:26.000Z,-31.7,31.0,-35.2,-3.5,0,0.1,4428.55,4425.16,4425.18,4442.8,BUY,USD,1,1,1583663
D#1702432,XAUUSD,100,7349874591905613953,7349874591886456746,7349874591969247885,7349874591969247828,225,2026-03-24T10:26:20.000Z,2026-03-24T10:30:05.000Z,75.5,-77.25,66.74,-8.76,0,0.25,4423.76,4420.96,,4421.08,SELL,USD,1,1,1583663
D#1702424,XAUUSD,100,7349874591905614005,7349874591886451093,7349874591969248705,7349874591969203731,12353,2026-03-24T07:05:15.000Z,2026-03-24T10:31:08.000Z,113.9,-114.60000000000001,110.4,-3.5,0,0.1,4409.78,4420.95,4391.39,4448.24,BUY,USD,1,1,1583663
D#1702439,XAUUSD,100,7349874591905614270,7349874591886456575,7349874591969249841,7349874591969246353,1184,2026-03-24T10:17:32.000Z,2026-03-24T10:37:16.000Z,-12.68,12.61,-13.04,-0.36,0,0.01,4432.22,4419.32,4393.92,,BUY,USD,1,1,1583663
D#1702631,XAUUSD,100,7349874591905614436,7349874591886456411,7349874591969245288,7349874591969244938,2036,2026-03-24T10:09:34.000Z,2026-03-24T10:43:30.000Z,6.4,-7.800000000000001,-0.6,-7,0,0.2,4427.82,4427.72,4427.85,4404.83,SELL,USD,1,1,1583663
D#1702410,XAUUSD,100,7349874591905614526,7349874591886456878,7349874591969249202,7349874591969249068,794,2026-03-24T10:33:11.000Z,2026-03-24T10:46:25.000Z,101.3,-102.0,97.8,-3.5,0,0.1,4419.29,4429.2,4419.53,4429,BUY,USD,1,1,1583663
D#1702424,XAUUSD,100,7349874591905614555,7349874591886456844,7349874591969251333,7349874591969248798,943,2026-03-24T10:31:36.000Z,2026-03-24T10:47:19.000Z,112.6,-114.0,105.6,-7,0,0.2,4421.12,4426.53,4415.03,4432.85,BUY,USD,1,1,1583663
D#1702613,XAUUSD,100,7349874591905614717,7349874591886457170,7349874591969252012,7349874591969251793,86,2026-03-24T10:49:45.000Z,2026-03-24T10:51:11.000Z,-40.1,39.4,-43.6,-3.5,0,0.1,4419.27,4423.5,,,SELL,USD,1,1,1583663
D#1702634,XAUUSD,100,7349874591905614728,7349874591886457048,7349874591969250712,7349874591969250283,480,2026-03-24T10:43:29.000Z,2026-03-24T10:51:29.000Z,6.66,-7.08,4.56,-2.1,0,0.06,4426.44,4425.55,4425.25,4418.15,SELL,USD,1,1,1583663
D#1702432,XAUUSD,100,7349874591905614731,7349874591886457130,7349874591969251605,7349874591969251534,176,2026-03-24T10:48:33.000Z,2026-03-24T10:51:29.000Z,81.5,-83.25,72.74,-8.76,0,0.25,4423.88,4426.92,,4426.58,BUY,USD,1,1,1583663
D#1702588,XAUUSD,100,7349874591905614865,7349874591886453292,7349874591969222967,7349874591969220561,8692,2026-03-24T08:31:02.000Z,2026-03-24T10:55:54.000Z,-65.54,65.4,-66.24,-0.7,0,0.02,4400.16,4433.15,4432.95,4340.18,SELL,USD,1,1,1583663
D#1702424,XAUUSD,100,7349874591905614873,7349874591886457117,7349874591969251422,7349874591969251365,503,2026-03-24T10:47:33.000Z,2026-03-24T10:55:56.000Z,140.8,-142.20000000000002,133.8,-7,0,0.2,4426.98,4433.8,,4433.42,BUY,USD,1,1,1583663
D#1702439,XAUUSD,100,7349874591905614905,7349874591886456960,7349874591969250271,7349874591969249866,1112,2026-03-24T10:37:27.000Z,2026-03-24T10:55:59.000Z,-12.59,12.52,-12.95,-0.36,0,0.01,4422.38,4435.19,4435.33,4364.69,SELL,USD,1,1,1583663
D#1702637,XAUUSD,100,7349874591905614917,7349874591886456090,7349874591969242879,7349874591969242798,3318,2026-03-24T10:00:49.000Z,2026-03-24T10:56:07.000Z,-101.7,101.0,-105.2,-3.5,0,0.1,4426.19,4436.58,4436.27,4408.18,SELL,USD,1,1,1583663
D#1702637,XAUUSD,100,7349874591905614970,7349874591886457305,7349874591969252942,7349874591969252909,12,2026-03-24T10:57:17.000Z,2026-03-24T10:57:29.000Z,-31.3,30.6,-34.8,-3.5,0,0.1,4434.31,4437.66,4436.99,,SELL,USD,1,1,1583663
D#1671093,XAUUSD,100,7349874591905614994,7349874591886452563,7349874591969217091,7349874591969216973,10331,2026-03-24T08:05:35.000Z,2026-03-24T10:57:46.000Z,85.92,-86.13,84.86,-1.06,0,0.03,4410.73,4439.15,,4438.95,BUY,USD,1,1,1583663
D#1702366,XAUUSD,100,7349874591905614998,7349874591886457213,7349874591969252088,7349874591969251341,362,2026-03-24T10:51:46.000Z,2026-03-24T10:57:48.000Z,-52.9,52.55,-54.66,-1.76,0,0.05,4428.59,4439.39,4439.27,,SELL,USD,1,1,1583663
D#1702711,XAUUSD,100,7349874591905615001,7349874591886442551,7349874591969253023,7349874591969101295,34871,2026-03-24T01:16:39.000Z,2026-03-24T10:57:50.000Z,-200.76,200.62,-201.46,-0.7,0,0.02,4338.44,4439.04,4514,,SELL,USD,1,1,1583663
D#1670980,XAUUSD,100,7349874591905615015,7349874591886452209,7349874591969214127,7349874591969214087,11062,2026-03-24T07:53:40.000Z,2026-03-24T10:58:02.000Z,67.05,-67.39999999999999,65.29,-1.76,0,0.05,4427.86,4441.05,4389.7,4440.88,BUY,USD,1,1,1583663
D#1702637,XAUUSD,100,7349874591905615056,7349874591886457329,7349874591969253142,7349874591969253108,30,2026-03-24T10:58:11.000Z,2026-03-24T10:58:41.000Z,-23.4,22.7,-26.9,-3.5,0,0.1,4441.41,4438.85,4438.97,,BUY,USD,1,1,1583663
D#1671067,XAUUSD,100,7349874591905615109,7349874591886451958,7349874591969253501,7349874591969211987,11758,2026-03-24T07:44:01.000Z,2026-03-24T10:59:59.000Z,-198.24,197.82000000000002,-200.34,-2.1,0,0.06,4405.36,4438.62,,4378.67,SELL,USD,1,1,1583663
D#1702721,XAUUSD,100,7349874591905615278,7349874591886456419,7349874591969245041,7349874591969245005,3100,2026-03-24T10:09:55.000Z,2026-03-24T11:01:35.000Z,-117.5,117.08,-119.61,-2.11,0,0.06,4428,4402.58,4408.64,4471.71,BUY,USD,1,1,1583663
D#1702685,XAUUSD,100,7349874591905615253,7349874591886457031,7349874591969250583,7349874591969250536,1171,2026-03-24T10:42:04.000Z,2026-03-24T11:01:35.000Z,143.2,-143.89999999999998,139.7,-3.5,0,0.1,4422.76,4408.66,,4412.24,SELL,USD,1,1,1583663
D#1702637,XAUUSD,100,7349874591905615234,7349874591886457343,7349874591969253447,7349874591969253241,167,2026-03-24T10:58:48.000Z,2026-03-24T11:01:35.000Z,282,-282.7,278.5,-3.5,0,0.1,4438.24,4410.26,4444.06,4414.79,SELL,USD,1,1,1583663
D#1702540,XAUUSD,100,7349874591905615282,7349874591886455467,7349874591969238588,7349874591969238282,4949,2026-03-24T09:39:07.000Z,2026-03-24T11:01:36.000Z,-37.2,36.99,-38.26,-1.06,0,0.03,4415.06,4402.44,4405.38,4513.72,BUY,USD,1,1,1583663
D#1702352,XAUUSD,100,7349874591905615285,7349874591886457430,7349874591969253899,7349874591969247686,1,2026-03-24T11:01:35.000Z,2026-03-24T11:01:36.000Z,-76,75.3,-79.5,-3.5,0,0.1,4410.26,4402.44,4405.28,,BUY,USD,1,1,1583663
D#1671058,XAUUSD,100,7349874591905615302,7349874591886455538,7349874591969239074,7349874591969238880,4773,2026-03-24T09:42:04.000Z,2026-03-24T11:01:37.000Z,47.4,-47.54,46.7,-0.7,0,0.02,4417.66,4394.18,,4399.88,SELL,USD,1,1,1583663
D#1702589,XAUUSD,100,7349874591905615346,7349874591886456387,7349874591969245437,7349874591969244725,3190,2026-03-24T10:08:27.000Z,2026-03-24T11:01:37.000Z,-44.9,44.83,-45.26,-0.36,0,0.01,4425.67,4380.55,4388.82,4467.04,BUY,USD,1,1,1583663
D#1702337,XAUUSD,100,7349874591905615300,7349874591886456851,7349874591969249101,7349874591969248863,1777,2026-03-24T10:32:00.000Z,2026-03-24T11:01:37.000Z,117.8,-118.14999999999999,116.04,-1.76,0,0.05,4417.52,4394.18,4453.79,4395.27,SELL,USD,1,1,1583663
D#1702555,XAUUSD,100,7349874591905615365,7349874591886453499,7349874591969224662,7349874591969224661,8558,2026-03-24T08:39:00.000Z,2026-03-24T11:01:38.000Z,-46.96,46.82,-47.66,-0.7,0,0.02,4403.37,4379.67,4380.63,4449.28,BUY,USD,1,1,1583663
D#1671064,XAUUSD,100,7349874591905615430,7349874591886451063,7349874591969254038,7349874591969203458,14268,2026-03-24T07:04:02.000Z,2026-03-24T11:01:50.000Z,-53.45,53.1,-55.21,-1.76,0,0.05,4410,4399.09,,4680,BUY,USD,1,1,1583663
D#1702459,XAUUSD,100,7349874591905615435,7349874591886457241,7349874591969254048,7349874591969252367,498,2026-03-24T10:53:35.000Z,2026-03-24T11:01:53.000Z,-304,303.44,-306.8,-2.8,0,0.08,4431.66,4393.44,,,BUY,USD,1,1,1583663
D#1702631,XAUUSD,100,7349874591905615466,7349874591886457434,7349874591969254169,7349874591969253916,44,2026-03-24T11:01:37.000Z,2026-03-24T11:02:21.000Z,-401.8,400.40000000000003,-408.8,-7,0,0.2,4384.53,4404.84,,,SELL,USD,1,1,1583663
D#1702424,XAUUSD,100,7349874591905615532,7349874591886457490,7349874591969254439,7349874591969254397,9,2026-03-24T11:03:09.000Z,2026-03-24T11:03:18.000Z,10.6,-12.0,3.6,-7,0,0.2,4404.55,4404.86,,,BUY,USD,1,1,1583663
D#1702637,XAUUSD,100,7349874591905615598,7349874591886457528,7349874591969254730,7349874591969254676,11,2026-03-24T11:04:17.000Z,2026-03-24T11:04:28.000Z,77.1,-77.8,73.6,-3.5,0,0.1,4411.62,4404.13,4414.94,,SELL,USD,1,1,1583663
D#1702424,XAUUSD,100,7349874591905615681,7349874591886457562,7349874591969255118,7349874591969254950,36,2026-03-24T11:05:16.000Z,2026-03-24T11:05:52.000Z,28.6,-30.0,21.6,-7,0,0.2,4407,4405.79,,,SELL,USD,1,1,1583663
D#1702432,XAUUSD,100,7349874591905615704,7349874591886457574,7349874591969255213,7349874591969255044,42,2026-03-24T11:05:37.000Z,2026-03-24T11:06:19.000Z,82.75,-84.5,73.99,-8.76,0,0.25,4406.05,4409.14,,4408.34,BUY,USD,1,1,1583663
D#1702366,XAUUSD,100,7349874591905615773,7349874591886457459,7349874591969255549,7349874591969254192,312,2026-03-24T11:02:25.000Z,2026-03-24T11:07:37.000Z,-47.22,46.8,-49.32,-2.1,0,0.06,4403.12,4411.21,,,SELL,USD,1,1,1583663
D#1702691,XAUUSD,100,7349874591905615992,7349874591886457700,7349874591969256701,7349874591969256044,126,2026-03-24T11:09:22.000Z,2026-03-24T11:11:28.000Z,32.1,-32.800000000000004,28.6,-3.5,0,0.1,4412.79,4409.8,,,SELL,USD,1,1,1583663
D#1702691,XAUUSD,100,7349874591905616041,7349874591886457782,7349874591969256926,7349874591969256910,3,2026-03-24T11:12:05.000Z,2026-03-24T11:12:08.000Z,2,-2.7,-1.5,-3.5,0,0.1,4408.85,4408.87,,,SELL,USD,1,1,1583663
D#1702694,XAUUSD,100,7349874591905616067,7349874591886457754,7349874591969257056,7349874591969256495,85,2026-03-24T11:11:19.000Z,2026-03-24T11:12:44.000Z,78,-79.05,72.74,-5.26,0,0.15,4411.64,4416.62,,,BUY,USD,1,1,1583663
D#1702438,XAUUSD,100,7349874591905616077,7349874591886457756,7349874591969257077,7349874591969256519,84,2026-03-24T11:11:24.000Z,2026-03-24T11:12:48.000Z,-12.46,12.32,-13.16,-0.7,0,0.02,4409.64,4416.09,,,SELL,USD,1,1,1583663
D#1702691,XAUUSD,100,7349874591905616115,7349874591886457796,7349874591969257211,7349874591969256999,49,2026-03-24T11:12:30.000Z,2026-03-24T11:13:19.000Z,-83.3,82.6,-86.8,-3.5,0,0.1,4413.1,4421.65,,,SELL,USD,1,1,1583663
D#1702691,XAUUSD,100,7349874591905616158,7349874591886457830,7349874591969257374,7349874591969257260,31,2026-03-24T11:13:31.000Z,2026-03-24T11:14:02.000Z,8.2,-8.899999999999999,4.7,-3.5,0,0.1,4417.65,4418.25,,,BUY,USD,1,1,1583663
D#1702691,XAUUSD,100,7349874591905616192,7349874591886457862,7349874591969257593,7349874591969257554,10,2026-03-24T11:14:52.000Z,2026-03-24T11:15:02.000Z,14.4,-15.8,7.4,-7,0,0.2,4420.34,4419.84,,,SELL,USD,1,1,1583663
D#1702366,XAUUSD,100,7349874591905616206,7349874591886457632,7349874591969257671,7349874591969255613,447,2026-03-24T11:07:53.000Z,2026-03-24T11:15:20.000Z,-45.4,44.0,-52.4,-7,0,0.2,4415.1,4417.59,,,SELL,USD,1,1,1583663
D#1702691,XAUUSD,100,7349874591905616261,7349874591886457878,7349874591969257847,7349874591969257699,46,2026-03-24T11:15:34.000Z,2026-03-24T11:16:20.000Z,4.2,-6.300000000000001,-6.3,-10.5,0,0.3,4416.86,4416.78,,,BUY,USD,1,1,1583663
D#1702691,XAUUSD,100,7349874591905616312,7349874591886457913,7349874591969258048,7349874591969258021,6,2026-03-24T11:17:04.000Z,2026-03-24T11:17:10.000Z,99.9,-102.0,89.4,-10.5,0,0.3,4410.1,4413.21,,,BUY,USD,1,1,1583663
D#1702691,XAUUSD,100,7349874591905616338,7349874591886457927,7349874591969258150,7349874591969258099,12,2026-03-24T11:17:20.000Z,2026-03-24T11:17:32.000Z,48.3,-50.4,37.8,-10.5,0,0.3,4413.52,4412.13,,,SELL,USD,1,1,1583663
D#1702540,XAUUSD,100,7349874591905616408,7349874591886457655,7349874591969256128,7349874591969255756,608,2026-03-24T11:08:27.000Z,2026-03-24T11:18:35.000Z,-34.74,34.53,-35.8,-1.06,0,0.03,4416.92,4405.12,4405.06,,BUY,USD,1,1,1583663
D#1702634,XAUUSD,100,7349874591905616407,7349874591886457747,7349874591969256445,7349874591969256443,447,2026-03-24T11:11:08.000Z,2026-03-24T11:18:35.000Z,-50.46,50.04,-52.56,-2.1,0,0.06,4413.51,4404.88,4403.97,4441.77,BUY,USD,1,1,1583663
D#1702438,XAUUSD,100,7349874591905616437,7349874591886457885,7349874591969258575,7349874591969257766,203,2026-03-24T11:15:55.000Z,2026-03-24T11:19:18.000Z,15.3,-15.440000000000001,14.6,-0.7,0,0.02,4416.08,4408.65,,,SELL,USD,1,1,1583663
D#1702497,XAUUSD,100,7349874591905616467,7349874591886457933,7349874591969258681,7349874591969258124,139,2026-03-24T11:17:26.000Z,2026-03-24T11:19:45.000Z,42.84,-44.31,35.48,-7.36,0,0.21,4410.41,4412.23,,,BUY,USD,1,1,1583663
D#1702691,XAUUSD,100,7349874591905616473,7349874591886457993,7349874591969258689,7349874591969258562,33,2026-03-24T11:19:14.000Z,2026-03-24T11:19:47.000Z,-181.8,179.70000000000002,-192.3,-10.5,0,0.3,4407.1,4413.38,,,SELL,USD,1,1,1583663
D#1702438,XAUUSD,100,7349874591905616560,7349874591886458043,7349874591969259110,7349874591969258875,75,2026-03-24T11:20:36.000Z,2026-03-24T11:21:51.000Z,-17.1,16.400000000000002,-20.6,-3.5,0,0.1,4414.74,4416.67,,,SELL,USD,1,1,1583663
D#1702438,XAUUSD,100,7349874591905616594,7349874591886458080,7349874591969259297,7349874591969259196,25,2026-03-24T11:22:21.000Z,2026-03-24T11:22:46.000Z,-7.28,7.140000000000001,-7.98,-0.7,0,0.02,4415.98,4419.84,,,SELL,USD,1,1,1583663
D#1670980,XAUUSD,100,7349874591905616626,7349874591886457721,7349874591969259475,7349874591969256259,813,2026-03-24T11:10:24.000Z,2026-03-24T11:23:57.000Z,-25.1,24.400000000000002,-28.6,-3.5,0,0.1,4418.11,4415.38,,,BUY,USD,1,1,1583663
D#1702691,XAUUSD,100,7349874591905616766,7349874591886458014,7349874591969260129,7349874591969258734,453,2026-03-24T11:20:02.000Z,2026-03-24T11:27:35.000Z,246,-248.1,235.5,-10.5,0,0.3,4416.59,4408.61,,4404.46,SELL,USD,1,1,1583663
D#1702438,XAUUSD,100,7349874591905616829,7349874591886458103,7349874591969260443,7349874591969259379,357,2026-03-24T11:23:19.000Z,2026-03-24T11:29:16.000Z,6.28,-6.42,5.58,-0.7,0,0.02,4416.66,4413.74,,,SELL,USD,1,1,1583663
D#1671093,XAUUSD,100,7349874591905616875,7349874591886457880,7349874591969260669,7349874591969257701,892,2026-03-24T11:15:36.000Z,2026-03-24T11:30:28.000Z,14.01,-14.22,12.95,-1.06,0,0.03,4416.76,4412.31,,4388.53,SELL,USD,1,1,1583663
D#1702438,XAUUSD,100,7349874591905616932,7349874591886458265,7349874591969260960,7349874591969260688,92,2026-03-24T11:30:33.000Z,2026-03-24T11:32:05.000Z,-12.7,12.35,-14.46,-1.76,0,0.05,4413.36,4416.12,,,SELL,USD,1,1,1583663
D#1702415,XAUUSD,100,7349874591905616994,7349874591886457672,7349874591969255869,7349874591969255855,1463,2026-03-24T11:08:48.000Z,2026-03-24T11:33:11.000Z,-39.3,38.949999999999996,-41.06,-1.76,0,0.05,4415.23,4423.31,4423.12,4371.55,SELL,USD,1,1,1583663
D#1589419,XAUUSD,100,7349874591905617198,7349874591886458411,7349874591969262014,7349874591969261898,33,2026-03-24T11:37:17.000Z,2026-03-24T11:37:50.000Z,17.9,-18.25,16.14,-1.76,0,0.05,4426.6,4429.96,,,BUY,USD,1,1,1583663
D#1671089,XAUUSD,100,7349874591905617200,7349874591886457600,7349874591969262018,7349874591969255256,1886,2026-03-24T11:06:25.000Z,2026-03-24T11:37:51.000Z,-420.2,418.8,-427.2,-7,0,0.2,4408.88,4430.11,,4394.12,SELL,USD,1,1,1583663
D#1702438,XAUUSD,100,7349874591905617226,7349874591886458356,7349874591969262156,7349874591969261401,242,2026-03-24T11:34:30.000Z,2026-03-24T11:38:32.000Z,9.18,-9.32,8.48,-0.7,0,0.02,4423.3,4427.67,,,BUY,USD,1,1,1583663
D#1671093,XAUUSD,100,7349874591905617227,7349874591886458271,7349874591969262167,7349874591969260740,467,2026-03-24T11:30:48.000Z,2026-03-24T11:38:35.000Z,41.58,-41.79,40.52,-1.06,0,0.03,4413.92,4427.56,,4442.14,BUY,USD,1,1,1583663
D#1702691,XAUUSD,100,7349874591905617308,7349874591886458478,7349874591969262536,7349874591969262432,49,2026-03-24T11:40:07.000Z,2026-03-24T11:40:56.000Z,52.78,-54.6,43.68,-9.1,0,0.26,4425.7,4423.89,,,SELL,USD,1,1,1583663
D#1702497,XAUUSD,100,7349874591905617450,7349874591886458336,7349874591969263106,7349874591969261235,645,2026-03-24T11:33:34.000Z,2026-03-24T11:44:19.000Z,66.25,-68.0,57.49,-8.76,0,0.25,4424,4421.57,,,SELL,USD,1,1,1583663
D#1702337,XAUUSD,100,7349874591905617553,7349874591886457772,7349874591969263573,7349874591969256837,2110,2026-03-24T11:11:49.000Z,2026-03-24T11:46:59.000Z,48.75,-49.1,46.99,-1.76,0,0.05,4411.9,4421.43,4381.7,4438.32,BUY,USD,1,1,1583663
D#1702438,XAUUSD,100,7349874591905617587,7349874591886458606,7349874591969263720,7349874591969263589,46,2026-03-24T11:47:05.000Z,2026-03-24T11:47:51.000Z,-6.1,5.96,-6.8,-0.7,0,0.02,4420.65,4423.92,,,SELL,USD,1,1,1583663
D#1702691,XAUUSD,100,7349874591905617699,7349874591886458651,7349874591969264170,7349874591969263969,58,2026-03-24T11:49:10.000Z,2026-03-24T11:50:08.000Z,156.78,-158.6,147.68,-9.1,0,0.26,4426.51,4420.7,,,SELL,USD,1,1,1583663
D#1702337,XAUUSD,100,7349874591905617727,7349874591886458670,7349874591969264323,7349874591969264181,38,2026-03-24T11:50:12.000Z,2026-03-24T11:50:50.000Z,-5.4,5.050000000000001,-7.16,-1.76,0,0.05,4421.12,4422.42,,,SELL,USD,1,1,1583663
D#1702542,XAUUSD,100,7349874591905617740,7349874591886458653,7349874591969264394,7349874591969264013,104,2026-03-24T11:49:27.000Z,2026-03-24T11:51:11.000Z,62.16,-64.75,49.2,-12.96,0,0.37,4424.23,4422.77,4427.77,4413.49,SELL,USD,1,1,1583663
D#1702400,XAUUSD,100,7349874591905617761,7349874591886458612,7349874591969263805,7349874591969263650,253,2026-03-24T11:47:25.000Z,2026-03-24T11:51:38.000Z,-7.92,7.78,-8.62,-0.7,0,0.02,4423.13,4418.95,4420.19,4431.94,BUY,USD,1,1,1583663
D#1671058,XAUUSD,100,7349874591905617828,7349874591886458656,7349874591969264264,7349874591969264049,150,2026-03-24T11:49:39.000Z,2026-03-24T11:52:09.000Z,23.16,-23.3,22.46,-0.7,0,0.02,4425.18,4413.82,,4413.83,SELL,USD,1,1,1583663
D#1671093,XAUUSD,100,7349874591905617838,7349874591886458467,7349874591969262453,7349874591969262332,760,2026-03-24T11:39:31.000Z,2026-03-24T11:52:11.000Z,85.98,-86.4,83.88,-2.1,0,0.06,4425.14,4411.03,4440.25,4411.08,SELL,USD,1,1,1583663
D#1702727,XAUUSD,100,7349874591905617846,7349874591886458610,7349874591969263696,7349874591969263626,294,2026-03-24T11:47:19.000Z,2026-03-24T11:52:13.000Z,132.3,-133.0,128.8,-3.5,0,0.1,4422.99,4409.98,4436.5,4410,SELL,USD,1,1,1583663
D#1702540,XAUUSD,100,7349874591905617845,7349874591886458714,7349874591969264525,7349874591969262136,23,2026-03-24T11:51:50.000Z,2026-03-24T11:52:13.000Z,-38.5,38.15,-40.26,-1.76,0,0.05,4417.71,4409.79,4410.34,,BUY,USD,1,1,1583663
D#1702337,XAUUSD,100,7349874591905617922,7349874591886458708,7349874591969264791,7349874591969264489,69,2026-03-24T11:51:42.000Z,2026-03-24T11:52:51.000Z,-55.6,55.25,-57.36,-1.76,0,0.05,4418.86,4407.52,,,BUY,USD,1,1,1583663
D#1670980,XAUUSD,100,7349874591905617935,7349874591886458115,7349874591969259549,7349874591969259482,1735,2026-03-24T11:24:00.000Z,2026-03-24T11:52:55.000Z,70.7,-71.4,67.2,-3.5,0,0.1,4413.73,4406.88,,4406.78,SELL,USD,1,1,1583663
D#1589408,XAUUSD,100,7349874591905617962,7349874591886458566,7349874591969264449,7349874591969263264,468,2026-03-24T11:45:13.000Z,2026-03-24T11:53:01.000Z,-125.37,124.88000000000001,-127.83,-2.46,0,0.07,4421.92,4403.79,4404.25,4431.57,BUY,USD,1,1,1583663
D#1702542,XAUUSD,100,7349874591905618007,7349874591886458736,7349874591969264920,7349874591969264656,60,2026-03-24T11:52:20.000Z,2026-03-24T11:53:20.000Z,-173.53,170.94,-186.49,-12.96,0,0.37,4409.21,4404.3,,4452.85,BUY,USD,1,1,1583663
D#1702685,XAUUSD,100,7349874591905618031,7349874591886458168,7349874591969260001,7349874591969259962,1610,2026-03-24T11:26:42.000Z,2026-03-24T11:53:32.000Z,105.6,-106.3,102.1,-3.5,0,0.1,4409.91,4399.57,,4399.94,SELL,USD,1,1,1583663
D#1671067,XAUUSD,100,7349874591905618135,7349874591886457848,7349874591969265069,7349874591969257395,2382,2026-03-24T11:14:09.000Z,2026-03-24T11:53:51.000Z,-141.36,140.94000000000003,-143.46,-2.1,0,0.06,4415.71,4391.93,,4480.19,BUY,USD,1,1,1583663
D#1702691,XAUUSD,100,7349874591905618329,7349874591886458880,7349874591969265633,7349874591969265492,26,2026-03-24T11:55:02.000Z,2026-03-24T11:55:28.000Z,6.54,-6.75,5.48,-1.06,0,0.03,4401.91,4399.95,,,SELL,USD,1,1,1583663
D#1671058,XAUUSD,100,7349874591905618369,7349874591886458835,7349874591969265766,7349874591969265251,94,2026-03-24T11:54:20.000Z,2026-03-24T11:55:54.000Z,46.44,-46.86,44.34,-2.1,0,0.06,4393.71,4401.23,,,BUY,USD,1,1,1583663
D#1702692,XAUUSD,100,7349874591905618400,7349874591886458738,7349874591969265909,7349874591969264668,240,2026-03-24T11:52:23.000Z,2026-03-24T11:56:23.000Z,23.34,-23.55,22.28,-1.06,0,0.03,4408.77,4401.21,4423.94,4369.6,SELL,USD,1,1,1583663
D#1670980,XAUUSD,100,7349874591905618500,7349874591886458902,7349874591969265676,7349874591969265621,204,2026-03-24T11:55:25.000Z,2026-03-24T11:58:49.000Z,71.5,-72.2,68.0,-3.5,0,0.1,4400.83,4407.76,,4407.44,BUY,USD,1,1,1583663
D#1671093,XAUUSD,100,7349874591905618531,7349874591886458790,7349874591969266651,7349874591969265006,361,2026-03-24T11:53:40.000Z,2026-03-24T11:59:41.000Z,-78.24,77.82,-80.34,-2.1,0,0.06,4395.34,4408.6,,4381.28,SELL,USD,1,1,1583663
D#1702438,XAUUSD,100,7349874591905618535,7349874591886458950,7349874591969266673,7349874591969265988,186,2026-03-24T11:56:45.000Z,2026-03-24T11:59:51.000Z,-17.06,16.919999999999998,-17.76,-0.7,0,0.02,4400.18,4408.93,,,SELL,USD,1,1,1583663
D#1670980,XAUUSD,100,7349874591905618573,7349874591886459025,7349874591969266818,7349874591969266698,25,2026-03-24T11:59:56.000Z,2026-03-24T12:00:21.000Z,46.3,-47.0,42.8,-3.5,0,0.1,4408.79,4413.2,,4415.09,BUY,USD,1,1,1583663
D#1589408,XAUUSD,100,7349874591905618800,7349874591886459107,7349874591969268132,7349874591969267528,178,2026-03-24T12:02:24.000Z,2026-03-24T12:05:22.000Z,8.75,-9.24,6.29,-2.46,0,0.07,4407.47,4406.44,,,SELL,USD,1,1,1583663
D#1702497,XAUUSD,100,7349874591905618836,7349874591886459191,7349874591969268309,7349874591969268244,19,2026-03-24T12:05:53.000Z,2026-03-24T12:06:12.000Z,89.5,-91.25,80.74,-8.76,0,0.25,4405.71,4409.07,,,BUY,USD,1,1,1583663
D#1614596,XAUUSD,100,7349874591905618848,7349874591886459085,7349874591969268352,7349874591969267318,301,2026-03-24T12:01:30.000Z,2026-03-24T12:06:31.000Z,20.65,-21.0,18.89,-1.76,0,0.05,4413.1,4409.19,4407.87,4393.47,SELL,USD,1,1,1583663
D#1702337,XAUUSD,100,7349874591905618963,7349874591886458764,7349874591969269176,7349874591969264857,1078,2026-03-24T11:53:03.000Z,2026-03-24T12:11:01.000Z,-33.45,33.1,-35.21,-1.76,0,0.05,4404.91,4411.82,4433.23,4332.8,SELL,USD,1,1,1583663
D#1702392,XAUUSD,100,7349874591905619015,7349874591886458647,7349874591969264026,7349874591969263942,1387,2026-03-24T11:49:02.000Z,2026-03-24T12:12:09.000Z,29.79,-30.0,28.73,-1.06,0,0.03,4424.6,4414.89,4414.39,4388.04,SELL,USD,1,1,1583663
D#1702721,XAUUSD,100,7349874591905619046,7349874591886459171,7349874591969268171,7349874591969268095,454,2026-03-24T12:05:12.000Z,2026-03-24T12:12:46.000Z,-60.55,60.199999999999996,-62.31,-1.76,0,0.05,4406.55,4418.88,4418.53,4365.46,SELL,USD,1,1,1583663
D#1702634,XAUUSD,100,7349874591905619084,7349874591886459304,7349874591969269373,7349874591969269351,76,2026-03-24T12:12:01.000Z,2026-03-24T12:13:17.000Z,-50.58,50.16,-52.68,-2.1,0,0.06,4413.09,4421.74,4421.68,4375.87,SELL,USD,1,1,1583663
D#1671080,XAUUSD,100,7349874591905619124,7349874591886459048,7349874591969270095,7349874591969267069,834,2026-03-24T12:00:34.000Z,2026-03-24T12:14:28.000Z,-49.28,48.79,-51.74,-2.46,0,0.07,4413.51,4420.77,4433.93,4401.56,SELL,USD,1,1,1583663
D#1671093,XAUUSD,100,7349874591905619175,7349874591886459024,7349874591969267128,7349874591969266685,946,2026-03-24T11:59:54.000Z,2026-03-24T12:15:40.000Z,86.22,-86.64,84.12,-2.1,0,0.06,4409.03,4423.18,4395,4423.08,BUY,USD,1,1,1583663
D#1702634,XAUUSD,100,7349874591905619173,7349874591886459347,7349874591969269837,7349874591969269694,137,2026-03-24T12:13:23.000Z,2026-03-24T12:15:40.000Z,-8.28,7.859999999999999,-10.38,-2.1,0,0.06,4421.76,4423.36,4422.99,4375.94,SELL,USD,1,1,1583663
D#1702454,XAUUSD,100,7349874591905619194,7349874591886459226,7349874591969270371,7349874591969268551,504,2026-03-24T12:07:26.000Z,2026-03-24T12:15:50.000Z,66.05,-66.39999999999999,64.29,-1.76,0,0.05,4411.36,4424.35,,4428.08,BUY,USD,1,1,1583663
D#1589408,XAUUSD,100,7349874591905619217,7349874591886459259,7349874591969270441,7349874591969268938,390,2026-03-24T12:09:40.000Z,2026-03-24T12:16:10.000Z,-92.19,91.7,-94.65,-2.46,0,0.07,4411.91,4425.3,,,SELL,USD,1,1,1583663
D#1702410,XAUUSD,100,7349874591905619541,7349874591886459580,7349874591969271770,7349874591969271725,29,2026-03-24T12:21:50.000Z,2026-03-24T12:22:19.000Z,-31.5,30.8,-35.0,-3.5,0,0.1,4413.59,4410.22,4410.33,,BUY,USD,1,1,1583663
D#1702685,XAUUSD,100,7349874591905619562,7349874591886459223,7349874591969268955,7349874591969268512,920,2026-03-24T12:07:15.000Z,2026-03-24T12:22:35.000Z,57.6,-58.300000000000004,54.1,-3.5,0,0.1,4410.86,4405.32,,4405.31,SELL,USD,1,1,1583663
D#1670979,XAUUSD,100,7349874591905619662,7349874591886459466,7349874591969272226,7349874591969270893,347,2026-03-24T12:18:17.000Z,2026-03-24T12:24:04.000Z,160.6,-161.29999999999998,157.1,-3.5,0,0.1,4420.71,4404.87,,,SELL,USD,1,1,1583663
D#1702493,XAUUSD,100,7349874591905619721,7349874591886459214,7349874591969272427,7349874591969268469,1085,2026-03-24T12:06:59.000Z,2026-03-24T12:25:04.000Z,11.78,-11.85,11.42,-0.36,0,0.01,4411.5,4399.94,4436.49,,SELL,USD,1,1,1583663
D#1614596,XAUUSD,100,7349874591905619797,7349874591886459274,7349874591969272448,7349874591969269065,947,2026-03-24T12:10:19.000Z,2026-03-24T12:26:06.000Z,51.15,-51.5,49.39,-1.76,0,0.05,4412.33,4402.32,4402.13,4389.93,SELL,USD,1,1,1583663
D#1702497,XAUUSD,100,7349874591905619844,7349874591886459561,7349874591969272901,7349874591969271559,338,2026-03-24T12:21:20.000Z,2026-03-24T12:26:58.000Z,-60.9,60.55,-62.66,-1.76,0,0.05,4416,4403.6,,,BUY,USD,1,1,1583663
D#1702410,XAUUSD,100,7349874591905619850,7349874591886459689,7349874591969272538,7349874591969272458,110,2026-03-24T12:25:11.000Z,2026-03-24T12:27:01.000Z,-61,60.3,-64.5,-3.5,0,0.1,4397.86,4404.18,4404.26,4388.77,SELL,USD,1,1,1583663
D#1702648,XAUUSD,100,7349874591905620156,7349874591886459873,7349874591969274044,7349874591969273991,61,2026-03-24T12:31:46.000Z,2026-03-24T12:32:47.000Z,-41,40.3,-44.5,-3.5,0,0.1,4399.76,4395.44,4395.63,4419.73,BUY,USD,1,1,1583663
D#1671093,XAUUSD,100,7349874591905620199,7349874591886459786,7349874591969273704,7349874591969273282,264,2026-03-24T12:28:43.000Z,2026-03-24T12:33:07.000Z,-85.2,84.78,-87.3,-2.1,0,0.06,4406.89,4392.47,4393,4420.94,BUY,USD,1,1,1583663
D#1702494,XAUUSD,100,7349874591905620216,7349874591886459892,7349874591969274401,7349874591969274141,54,2026-03-24T12:32:23.000Z,2026-03-24T12:33:17.000Z,35,-35.49,32.54,-2.46,0,0.07,4397.95,4393.17,,,SELL,USD,1,1,1583663
D#1671058,XAUUSD,100,7349874591905620245,7349874591886458933,7349874591969266000,7349874591969265808,2251,2026-03-24T11:56:02.000Z,2026-03-24T12:33:33.000Z,63.84,-64.26,61.74,-2.1,0,0.06,4400.71,4390.29,,4390.17,SELL,USD,1,1,1583663
D#1702337,XAUUSD,100,7349874591905620262,7349874591886459289,7349874591969269464,7349874591969269231,1338,2026-03-24T12:11:19.000Z,2026-03-24T12:33:37.000Z,-145.7,145.35,-147.46,-1.76,0,0.05,4413.75,4384.39,4387.76,4469.78,BUY,USD,1,1,1583663
D#1702648,XAUUSD,100,7349874591905620291,7349874591886459932,7349874591969274527,7349874591969274426,18,2026-03-24T12:33:23.000Z,2026-03-24T12:33:41.000Z,-109.9,109.2,-113.4,-3.5,0,0.1,4393.65,4382.44,4382.14,,BUY,USD,1,1,1583663
D#1702692,XAUUSD,100,7349874591905620316,7349874591886459691,7349874591969274636,7349874591969272476,511,2026-03-24T12:25:17.000Z,2026-03-24T12:33:48.000Z,46.41,-46.62,45.35,-1.06,0,0.03,4397.5,4382.25,4412.52,4358.18,SELL,USD,1,1,1583663
D#1702497,XAUUSD,100,7349874591905620390,7349874591886459751,7349874591969274814,7349874591969272983,414,2026-03-24T12:27:16.000Z,2026-03-24T12:34:10.000Z,-589.57,588.24,-596.23,-6.66,0,0.19,4406.61,4375.36,,,BUY,USD,1,1,1583663
D#1702700,XAUUSD,100,7349874591905620398,7349874591886458370,7349874591969274823,7349874591969261506,3549,2026-03-24T11:35:02.000Z,2026-03-24T12:34:11.000Z,-211.88,211.6,-213.28,-1.4,0,0.04,4428.52,4375.33,,4530.34,BUY,USD,1,1,1583663
D#1702356,XAUUSD,100,7349874591905620456,7349874591886459773,7349874591969274990,7349874591969273168,394,2026-03-24T12:28:04.000Z,2026-03-24T12:34:38.000Z,70.65,-70.86,69.59,-1.06,0,0.03,4403.78,4380.45,4381.74,4363.89,SELL,USD,1,1,1583663
D#1702357,XAUUSD,100,7349874591905620499,7349874591886459985,7349874591969275211,7349874591969274779,67,2026-03-24T12:34:04.000Z,2026-03-24T12:35:11.000Z,-85.5,84.8,-89.0,-3.5,0,0.1,4378.05,4386.82,,,SELL,USD,1,1,1583663
D#1702494,XAUUSD,100,7349874591905620530,7349874591886460044,7349874591969275371,7349874591969275234,23,2026-03-24T12:35:12.000Z,2026-03-24T12:35:35.000Z,-11.9,11.41,-14.36,-2.46,0,0.07,4386.7,4384.78,,,BUY,USD,1,1,1583663
D#1671093,XAUUSD,100,7349874591905620661,7349874591886459925,7349874591969274937,7349874591969274379,256,2026-03-24T12:33:13.000Z,2026-03-24T12:37:29.000Z,90,-90.42,87.9,-2.1,0,0.06,4391.33,4376.55,,4376.44,SELL,USD,1,1,1583663
D#1702648,XAUUSD,100,7349874591905620702,7349874591886460022,7349874591969275150,7349874591969275057,174,2026-03-24T12:34:49.000Z,2026-03-24T12:37:43.000Z,-53.7,53.0,-57.2,-3.5,0,0.1,4378.64,4373.05,4374,4416.63,BUY,USD,1,1,1583663
D#1702681,XAUUSD,100,7349874591905620846,7349874591886451200,7349874591969204853,7349874591969204284,19723,2026-03-24T07:10:20.000Z,2026-03-24T12:39:03.000Z,201.52,-201.8,200.12,-1.4,0,0.04,4419.26,4369.1,4467.28,4368.59,SELL,USD,1,1,1583663
D#1670990,XAUUSD,100,7349874591905620857,7349874591886457667,7349874591969256323,7349874591969255837,5420,2026-03-24T11:08:43.000Z,2026-03-24T12:39:03.000Z,258.9,-259.25,257.14,-1.76,0,0.05,4417.26,4365.7,4436.54,4367.96,SELL,USD,1,1,1583663
D#1702718,XAUUSD,100,7349874591905620999,7349874591886460284,7349874591969277342,7349874591969277308,5,2026-03-24T12:40:24.000Z,2026-03-24T12:40:29.000Z,57.5,-61.0,40.0,-17.5,0,0.5,4363.19,4364.12,,,BUY,USD,1,1,1583663
D#1702356,XAUUSD,100,7349874591905621027,7349874591886460181,7349874591969276412,7349874591969276411,159,2026-03-24T12:38:14.000Z,2026-03-24T12:40:53.000Z,15.66,-15.870000000000001,14.6,-1.06,0,0.03,4376.2,4371.2,4370.67,4342.38,SELL,USD,1,1,1583663
D#1671093,XAUUSD,100,7349874591905621177,7349874591886460133,7349874591969278431,7349874591969276090,368,2026-03-24T12:37:33.000Z,2026-03-24T12:43:41.000Z,3.18,-3.6,1.08,-2.1,0,0.06,4375.27,4374.96,4390.38,4360.38,SELL,USD,1,1,1583663
D#1702410,XAUUSD,100,7349874591905621319,7349874591886460362,7349874591969278206,7349874591969278078,183,2026-03-24T12:42:25.000Z,2026-03-24T12:45:28.000Z,-52.3,51.599999999999994,-55.8,-3.5,0,0.1,4373.04,4378.49,4378,4363.34,SELL,USD,1,1,1583663
D#1702494,XAUUSD,100,7349874591905621489,7349874591886460460,7349874591969279948,7349874591969279115,136,2026-03-24T12:45:31.000Z,2026-03-24T12:47:47.000Z,40.18,-40.67,37.72,-2.46,0,0.07,4378.54,4384.06,,,BUY,USD,1,1,1583663
D#1702708,XAUUSD,100,7349874591905621589,7349874591886460404,7349874591969280375,7349874591969278585,288,2026-03-24T12:44:04.000Z,2026-03-24T12:48:52.000Z,72.82,-73.58999999999999,68.96,-3.86,0,0.11,4374,4380.4,,,BUY,USD,1,1,1583663
D#1702356,XAUUSD,100,7349874591905621888,7349874591886460714,7349874591969281596,7349874591969281594,31,2026-03-24T12:52:26.000Z,2026-03-24T12:52:57.000Z,-39.28,39.0,-40.68,-1.4,0,0.04,4379.84,4389.88,4390.14,,SELL,USD,1,1,1583663
D#1702373,XAUUSD,100,7349874591905621925,7349874591886460679,7349874591969282137,7349874591969281318,87,2026-03-24T12:51:44.000Z,2026-03-24T12:53:11.000Z,-167.01,165.67999999999998,-173.67,-6.66,0,0.19,4379.12,4388.13,,4376.67,SELL,USD,1,1,1583663
D#1702337,XAUUSD,100,7349874591905621960,7349874591886460703,7349874591969282364,7349874591969281474,102,2026-03-24T12:52:06.000Z,2026-03-24T12:53:48.000Z,-21.1,20.75,-22.86,-1.76,0,0.05,4378.53,4382.97,4419.39,4332,SELL,USD,1,1,1583663
D#1702337,XAUUSD,100,7349874591905622349,7349874591886460800,7349874591969284615,7349874591969282498,401,2026-03-24T12:54:11.000Z,2026-03-24T13:00:52.000Z,-45.55,45.199999999999996,-47.31,-1.76,0,0.05,4382.76,4373.43,4356.7,4412.75,BUY,USD,1,1,1583663
D#1702410,XAUUSD,100,7349874591905622402,7349874591886460936,7349874591969284150,7349874591969283952,177,2026-03-24T12:58:48.000Z,2026-03-24T13:01:45.000Z,117.9,-118.60000000000001,114.4,-3.5,0,0.1,4382.08,4370.51,4388.74,4370.75,SELL,USD,1,1,1583663
D#1702709,XAUUSD,100,7349874591905622517,7349874591886460998,7349874591969284507,7349874591969281734,156,2026-03-24T13:00:36.000Z,2026-03-24T13:03:12.000Z,127.52,-128.07999999999998,124.72,-2.8,0,0.08,4373.62,4389.34,4366.52,4387.27,BUY,USD,1,1,1583663
D#1670979,XAUUSD,100,7349874591905622548,7349874591886460715,7349874591969285635,7349874591969281609,667,2026-03-24T12:52:29.000Z,2026-03-24T13:03:36.000Z,-52.9,52.199999999999996,-56.4,-3.5,0,0.1,4379.42,4384.93,,4360.41,SELL,USD,1,1,1583663
D#1702337,XAUUSD,100,7349874591905622603,7349874591886461019,7349874591969286061,7349874591969284717,223,2026-03-24T13:01:06.000Z,2026-03-24T13:04:49.000Z,-40.85,40.5,-42.61,-1.76,0,0.05,4375.19,4383.58,4404.58,4348.15,SELL,USD,1,1,1583663
D#1702422,XAUUSD,100,7349874591905622712,7349874591886461094,7349874591969286824,7349874591969285522,230,2026-03-24T13:03:17.000Z,2026-03-24T13:07:07.000Z,-33.72,33.51,-34.78,-1.06,0,0.03,4388.49,4377.03,4374.89,4429.55,BUY,USD,1,1,1583663
D#1702356,XAUUSD,100,7349874591905622746,7349874591886461118,7349874591969286892,7349874591969285785,192,2026-03-24T13:04:02.000Z,2026-03-24T13:07:14.000Z,-31.35,31.14,-32.41,-1.06,0,0.03,4385.53,4374.86,4368.54,4408.24,BUY,USD,1,1,1583663
D#1671058,XAUUSD,100,7349874591905622757,7349874591886461170,7349874591969286585,7349874591969286382,89,2026-03-24T13:05:47.000Z,2026-03-24T13:07:16.000Z,62.82,-63.24,60.72,-2.1,0,0.06,4382.35,4372.1,,4372.52,SELL,USD,1,1,1583663
D#1670979,XAUUSD,100,7349874591905622758,7349874591886461121,7349874591969286211,7349874591969285882,176,2026-03-24T13:04:21.000Z,2026-03-24T13:07:17.000Z,163.9,-164.6,160.4,-3.5,0,0.1,4387.38,4371.21,,4371.71,SELL,USD,1,1,1583663
D#1702648,XAUUSD,100,7349874591905622783,7349874591886460310,7349874591969277630,7349874591969277536,1579,2026-03-24T12:41:00.000Z,2026-03-24T13:07:19.000Z,12.5,-13.2,9.0,-3.5,0,0.1,4368.91,4369.94,4369.44,4412.7,BUY,USD,1,1,1583663
D#1671093,XAUUSD,100,7349874591905622785,7349874591886460571,7349874591969281105,7349874591969280166,1139,2026-03-24T12:48:20.000Z,2026-03-24T13:07:19.000Z,82.74,-83.16,80.64,-2.1,0,0.06,4383.71,4370.14,4398,4368.82,SELL,USD,1,1,1583663
D#1671058,XAUUSD,100,7349874591905623011,7349874591886461250,7349874591969287456,7349874591969287210,44,2026-03-24T13:08:05.000Z,2026-03-24T13:08:49.000Z,48.48,-48.9,46.38,-2.1,0,0.06,4379.63,4371.77,,4372.35,SELL,USD,1,1,1583663
D#1702337,XAUUSD,100,7349874591905623191,7349874591886461141,7349874591969288332,7349874591969286085,277,2026-03-24T13:04:55.000Z,2026-03-24T13:09:32.000Z,-73.35,73.0,-75.11,-1.76,0,0.05,4382.98,4368.09,4353.97,4456.48,BUY,USD,1,1,1583663
D#1702709,XAUUSD,100,7349874591905623337,7349874591886461410,7349874591969289095,7349874591969288880,28,2026-03-24T13:10:51.000Z,2026-03-24T13:11:19.000Z,-76,75.44,-78.8,-2.8,0,0.08,4366.73,4376.45,,,SELL,USD,1,1,1583663
D#1702337,XAUUSD,100,7349874591905623412,7349874591886461362,7349874591969289640,7349874591969288440,182,2026-03-24T13:09:48.000Z,2026-03-24T13:12:50.000Z,-27.7,27.349999999999998,-29.46,-1.76,0,0.05,4372.78,4378.54,4392.92,4299.11,SELL,USD,1,1,1583663
D#1702709,XAUUSD,100,7349874591905623457,7349874591886461430,7349874591969289311,7349874591969289125,134,2026-03-24T13:11:23.000Z,2026-03-24T13:13:37.000Z,-52.88,52.32,-55.68,-2.8,0,0.08,4373.96,4380.79,4381.03,4361.69,SELL,USD,1,1,1583663
D#1702692,XAUUSD,100,7349874591905623463,7349874591886461216,7349874591969289955,7349874591969286918,387,2026-03-24T13:07:18.000Z,2026-03-24T13:13:45.000Z,-29.13,28.919999999999998,-30.19,-1.06,0,0.03,4370.58,4380.51,4387.49,4333.15,SELL,USD,1,1,1583663
D#1702422,XAUUSD,100,7349874591905623465,7349874591886461320,7349874591969289966,7349874591969288070,274,2026-03-24T13:09:14.000Z,2026-03-24T13:13:48.000Z,-30.51,30.3,-31.57,-1.06,0,0.03,4370.69,4381.08,4385.71,4331.04,SELL,USD,1,1,1583663
D#1702648,XAUUSD,100,7349874591905623566,7349874591886461251,7349874591969290723,7349874591969287220,481,2026-03-24T13:08:06.000Z,2026-03-24T13:16:07.000Z,15.2,-15.899999999999999,11.7,-3.5,0,0.1,4378.66,4379.96,4361.97,4419.26,BUY,USD,1,1,1583663
D#1702337,XAUUSD,100,7349874591905623597,7349874591886461513,7349874591969290908,7349874591969290137,143,2026-03-24T13:14:18.000Z,2026-03-24T13:16:41.000Z,-23.5,23.15,-25.26,-1.76,0,0.05,4377.81,4382.73,,,SELL,USD,1,1,1583663
D#1702709,XAUUSD,100,7349874591905623683,7349874591886461501,7349874591969290086,7349874591969289987,297,2026-03-24T13:13:53.000Z,2026-03-24T13:18:50.000Z,-64.64,64.08,-67.44,-2.8,0,0.08,4381.25,4372.95,4373.29,4392.91,BUY,USD,1,1,1583663
D#1671093,XAUUSD,100,7349874591905623734,7349874591886461361,7349874591969291901,7349874591969288438,590,2026-03-24T13:09:48.000Z,2026-03-24T13:19:38.000Z,-1.86,1.4400000000000002,-3.96,-2.1,0,0.06,4372.95,4372.42,4359,4387.84,BUY,USD,1,1,1583663
D#1702422,XAUUSD,100,7349874591905623849,7349874591886461581,7349874591969292742,7349874591969291056,302,2026-03-24T13:17:11.000Z,2026-03-24T13:22:13.000Z,14.49,-14.700000000000001,13.43,-1.06,0,0.03,4379.8,4375.19,4394.94,4340.27,SELL,USD,1,1,1583663
D#1702692,XAUUSD,100,7349874591905623850,7349874591886461588,7349874591969292754,7349874591969291138,290,2026-03-24T13:17:25.000Z,2026-03-24T13:22:15.000Z,17.22,-17.43,16.16,-1.06,0,0.03,4380.34,4374.82,4395.42,4341.08,SELL,USD,1,1,1583663
D#1702709,XAUUSD,100,7349874591905623862,7349874591886461663,7349874591969292694,7349874591969291923,175,2026-03-24T13:19:41.000Z,2026-03-24T13:22:36.000Z,-51.6,51.04,-54.4,-2.8,0,0.08,4372.67,4379.34,4378.86,4360.91,SELL,USD,1,1,1583663
D#1702468,XAUUSD,100,7349874591905624236,7349874591886461215,7349874591969287454,7349874591969286907,1356,2026-03-24T13:07:16.000Z,2026-03-24T13:29:52.000Z,122.59,-123.5,118.03,-4.56,0,0.13,4372.71,4363.5,,4363.49,SELL,USD,1,1,1583663
D#1670969,XAUUSD,100,7349874591905624237,7349874591886461208,7349874591969295217,7349874591969286864,1362,2026-03-24T13:07:11.000Z,2026-03-24T13:29:53.000Z,57.65,-58.0,55.89,-1.76,0,0.05,4374.82,4363.51,4385,,SELL,USD,1,1,1583663
D#1671058,XAUUSD,100,7349874591905624264,7349874591886461346,7349874591969288420,7349874591969288286,1234,2026-03-24T13:09:24.000Z,2026-03-24T13:29:58.000Z,45.72,-46.14,43.62,-2.1,0,0.06,4367.14,4359.74,,4359.49,SELL,USD,1,1,1583663
D#1702648,XAUUSD,100,7349874591905624267,7349874591886461671,7349874591969292135,7349874591969292071,589,2026-03-24T13:20:09.000Z,2026-03-24T13:29:58.000Z,-130.7,130.0,-134.2,-3.5,0,0.1,4372.81,4359.52,4360.34,4412.19,BUY,USD,1,1,1583663
D#1645756,XAUUSD,100,7349874591905624275,7349874591886457860,7349874591969259240,7349874591969257510,8118,2026-03-24T11:14:41.000Z,2026-03-24T13:29:59.000Z,121.42,-121.56,120.72,-0.7,0,0.02,4418.22,4357.73,4441.79,4359.26,SELL,USD,1,1,1583663
D#1671093,XAUUSD,100,7349874591905624281,7349874591886461667,7349874591969292542,7349874591969291994,604,2026-03-24T13:19:55.000Z,2026-03-24T13:29:59.000Z,91.68,-92.10000000000001,89.58,-2.1,0,0.06,4373.07,4358.01,4387,4358.18,SELL,USD,1,1,1583663
D#1702726,XAUUSD,100,7349874591905624293,7349874591886461798,7349874591969295291,7349874591969293889,240,2026-03-24T13:26:00.000Z,2026-03-24T13:30:00.000Z,-18.94,18.87,-19.3,-0.36,0,0.01,4378.31,4359.15,,,BUY,USD,1,1,1583663
D#1702708,XAUUSD,100,7349874591905624368,7349874591886460606,7349874591969295464,7349874591969280469,2465,2026-03-24T12:49:08.000Z,2026-03-24T13:30:13.000Z,-147.07,146.29999999999998,-150.93,-3.86,0,0.11,4382.67,4369.08,,,BUY,USD,1,1,1583663
D#1702588,XAUUSD,100,7349874591905624894,7349874591886457630,7349874591969255610,7349874591969255230,8790,2026-03-24T11:07:53.000Z,2026-03-24T13:34:23.000Z,122.7,-122.84,122.0,-0.7,0,0.02,4415.09,4353.96,4414.6,4355.4,SELL,USD,1,1,1583663
D#1702468,XAUUSD,100,7349874591905624893,7349874591886462241,7349874591969297406,7349874591969297134,42,2026-03-24T13:33:41.000Z,2026-03-24T13:34:23.000Z,128.57,-129.48,124.01,-4.56,0,0.13,4363.63,4353.96,,4354.38,SELL,USD,1,1,1583663
D#1702611,XAUUSD,100,7349874591905624902,7349874591886462116,7349874591969297459,7349874591969296242,156,2026-03-24T13:31:49.000Z,2026-03-24T13:34:25.000Z,-44.2,43.92,-45.6,-1.4,0,0.04,4366.89,4355.62,,,BUY,USD,1,1,1583663
D#1702611,XAUUSD,100,7349874591905625423,7349874591886462295,7349874591969299318,7349874591969297500,192,2026-03-24T13:34:31.000Z,2026-03-24T13:37:43.000Z,15.12,-15.399999999999999,13.72,-1.4,0,0.04,4363.2,4359.64,,,SELL,USD,1,1,1583663
D#1702611,XAUUSD,100,7349874591905625680,7349874591886462655,7349874591969300251,7349874591969299700,75,2026-03-24T13:38:22.000Z,2026-03-24T13:39:37.000Z,-40.86,40.44,-42.96,-2.1,0,0.06,4362.65,4355.62,,,BUY,USD,1,1,1583663
D#1702692,XAUUSD,100,7349874591905625736,7349874591886462034,7349874591969300387,7349874591969295643,560,2026-03-24T13:30:33.000Z,2026-03-24T13:39:53.000Z,-46.53,46.32,-47.59,-1.06,0,0.03,4368.94,4353.21,4352.51,4406.84,BUY,USD,1,1,1583663
D#1702422,XAUUSD,100,7349874591905625840,7349874591886462052,7349874591969300618,7349874591969295779,556,2026-03-24T13:30:52.000Z,2026-03-24T13:40:08.000Z,-30.78,30.57,-31.84,-1.06,0,0.03,4363.67,4353.19,4349.12,4403.78,BUY,USD,1,1,1583663
D#1702562,XAUUSD,100,7349874591905626724,7349874591886463185,7349874591969303376,7349874591969303155,27,2026-03-24T13:44:55.000Z,2026-03-24T13:45:22.000Z,14.37,-14.58,13.31,-1.06,0,0.03,4357.67,4362.24,,,BUY,USD,1,1,1583663
D#1671093,XAUUSD,100,7349874591905627018,7349874591886462956,7349874591969304508,7349874591969301587,360,2026-03-24T13:41:43.000Z,2026-03-24T13:47:43.000Z,-68.1,67.67999999999999,-70.2,-2.1,0,0.06,4354.02,4365.59,4369,4339.13,SELL,USD,1,1,1583663
D#1702709,XAUUSD,100,7349874591905627197,7349874591886461946,7349874591969295282,7349874591969293093,1130,2026-03-24T13:29:59.000Z,2026-03-24T13:48:49.000Z,6.56,-7.119999999999999,3.76,-2.8,0,0.08,4358.01,4358.61,4358.25,4369.63,BUY,USD,1,1,1583663
D#1671086,XAUUSD,100,7349874591905627351,7349874591886463113,7349874591969305714,7349874591969302560,373,2026-03-24T13:43:25.000Z,2026-03-24T13:49:38.000Z,-39.22,36.629999999999995,-52.18,-12.96,0,0.37,4357.17,4355.89,4351.83,4367.83,BUY,USD,1,1,1583663
D#1702648,XAUUSD,100,7349874591905627556,7349874591886463648,7349874591969306151,7349874591969306020,58,2026-03-24T13:50:02.000Z,2026-03-24T13:51:00.000Z,1.7,-2.4,-1.8,-3.5,0,0.1,4354.73,4354.68,4354.01,4416.22,BUY,USD,1,1,1583663
D#1670979,XAUUSD,100,7349874591905627648,7349874591886463038,7349874591969307011,7349874591969301991,557,2026-03-24T13:42:28.000Z,2026-03-24T13:51:45.000Z,43.5,-44.2,40.0,-3.5,0,0.1,4360.13,4356,,,SELL,USD,1,1,1583663
D#1670992,XAUUSD,100,7349874591905627879,7349874591886463774,7349874591969307769,7349874591969306950,87,2026-03-24T13:51:37.000Z,2026-03-24T13:53:04.000Z,119.2,-119.9,115.7,-3.5,0,0.1,4355.94,4367.64,,,BUY,USD,1,1,1583663
D#1702356,XAUUSD,100,7349874591905627929,7349874591886463351,7349874591969304277,7349874591969304273,357,2026-03-24T13:47:15.000Z,2026-03-24T13:53:12.000Z,-62.72,62.44,-64.12,-1.4,0,0.04,4357.13,4373.03,4371.08,4327.24,SELL,USD,1,1,1583663
D#1702611,XAUUSD,100,7349874591905627990,7349874591886462736,7349874591969307940,7349874591969300323,816,2026-03-24T13:39:44.000Z,2026-03-24T13:53:20.000Z,-141.36,140.8,-144.16,-2.8,0,0.08,4356.25,4374.14,,,SELL,USD,1,1,1583663
D#1670992,XAUUSD,100,7349874591905627999,7349874591886463904,7349874591969307963,7349874591969307812,13,2026-03-24T13:53:09.000Z,2026-03-24T13:53:22.000Z,55.7,-56.400000000000006,52.2,-3.5,0,0.1,4369.04,4374.39,,,BUY,USD,1,1,1583663
D#1702540,XAUUSD,100,7349874591905628021,7349874591886462330,7349874591969298017,7349874591969297657,1119,2026-03-24T13:34:48.000Z,2026-03-24T13:53:27.000Z,-77.35,77.0,-79.11,-1.76,0,0.05,4361.21,4376.9,4376.01,,SELL,USD,1,1,1583663
D#1702661,XAUUSD,100,7349874591905628566,7349874591886464155,7349874591969309888,7349874591969309310,64,2026-03-24T13:55:39.000Z,2026-03-24T13:56:43.000Z,11.56,-11.700000000000001,10.86,-0.7,0,0.02,4368.32,4373.88,,,BUY,USD,1,1,1583663
D#1671093,XAUUSD,100,7349874591905628657,7349874591886463541,7349874591969308312,7349874591969305404,482,2026-03-24T13:49:08.000Z,2026-03-24T13:57:10.000Z,92.82,-93.24,90.72,-2.1,0,0.06,4364.48,4379.73,,4379.37,BUY,USD,1,1,1583663
D#1671080,XAUUSD,100,7349874591905628662,7349874591886463798,7349874591969307300,7349874591969307103,317,2026-03-24T13:51:53.000Z,2026-03-24T13:57:10.000Z,-121.55,121.2,-123.31,-1.76,0,0.05,4355.33,4379.86,4379.22,4338.88,SELL,USD,1,1,1583663
D#1670990,XAUUSD,100,7349874591905628725,7349874591886460494,7349874591969310227,7349874591969279533,4237,2026-03-24T12:46:37.000Z,2026-03-24T13:57:14.000Z,-35.15,34.8,-36.91,-1.76,0,0.05,4376.22,4383.47,4401.17,4338.02,SELL,USD,1,1,1583663
D#1671058,XAUUSD,100,7349874591905628739,7349874591886464242,7349874591969310254,7349874591969309860,36,2026-03-24T13:56:40.000Z,2026-03-24T13:57:16.000Z,55.74,-56.160000000000004,53.64,-2.1,0,0.06,4373.81,4382.88,,,BUY,USD,1,1,1583663
D#1670917,XAUUSD,100,7349874591905628848,7349874591886464022,7349874591969310571,7349874591969308499,204,2026-03-24T13:54:23.000Z,2026-03-24T13:57:47.000Z,121.2,-122.60000000000001,114.2,-7,0,0.2,4374.66,4380.5,,,BUY,USD,1,1,1583663
D#1702709,XAUUSD,100,7349874591905629112,7349874591886464454,7349874591969311662,7349874591969311081,64,2026-03-24T13:58:40.000Z,2026-03-24T13:59:44.000Z,37.92,-38.480000000000004,35.12,-2.8,0,0.08,4373.84,4378.36,4367.23,4386.25,BUY,USD,1,1,1583663
D#1670992,XAUUSD,100,7349874591905629218,7349874591886463945,7349874591969310217,7349874591969308009,402,2026-03-24T13:53:26.000Z,2026-03-24T14:00:08.000Z,89.7,-90.4,86.2,-3.5,0,0.1,4376.07,4384.82,,4383.82,BUY,USD,1,1,1583663
D#1702494,XAUUSD,100,7349874591905629561,7349874591886460650,7349874591969312662,7349874591969281087,4170,2026-03-24T12:51:10.000Z,2026-03-24T14:00:40.000Z,-0.7,0.2099999999999999,-3.16,-2.46,0,0.07,4386.35,4386.03,,,BUY,USD,1,1,1583663
D#1702415,XAUUSD,100,7349874591905629703,7349874591886460914,7349874591969284136,7349874591969283767,3789,2026-03-24T12:58:12.000Z,2026-03-24T14:01:21.000Z,-31.77,31.419999999999998,-33.53,-1.76,0,0.05,4380.75,4390.72,4390.62,4282.05,SELL,USD,1,1,1583663
D#1702468,XAUUSD,100,7349874591905630093,7349874591886463614,7349874591969314453,7349874591969305792,816,2026-03-24T13:49:44.000Z,2026-03-24T14:03:20.000Z,-463.58,462.66999999999996,-468.14,-4.56,0,0.13,4357.66,4393.54,,4348.33,SELL,USD,1,1,1583663
D#1702692,XAUUSD,100,7349874591905630150,7349874591886463077,7349874591969314622,7349874591969302309,1238,2026-03-24T13:42:56.000Z,2026-03-24T14:03:34.000Z,96.57,-96.77999999999999,95.51,-1.06,0,0.03,4361.42,4393.39,4346.34,4400.67,BUY,USD,1,1,1583663
D#1702422,XAUUSD,100,7349874591905630168,7349874591886463061,7349874591969314689,7349874591969302214,1254,2026-03-24T13:42:46.000Z,2026-03-24T14:03:40.000Z,97.8,-98.00999999999999,96.74,-1.06,0,0.03,4361.77,4394.15,4346.54,4401.2,BUY,USD,1,1,1583663
D#1671093,XAUUSD,100,7349874591905630555,7349874591886464738,7349874591969316040,7349874591969312920,306,2026-03-24T14:01:04.000Z,2026-03-24T14:06:10.000Z,12.48,-12.9,10.38,-2.1,0,0.06,4387.82,4389.68,,4402.71,BUY,USD,1,1,1583663
D#1702356,XAUUSD,100,7349874591905630576,7349874591886464696,7349874591969312646,7349874591969312645,341,2026-03-24T14:00:39.000Z,2026-03-24T14:06:20.000Z,1.88,-2.02,1.18,-0.7,0,0.02,4387.08,4387.8,4387.32,,BUY,USD,1,1,1583663
D#1670990,XAUUSD,100,7349874591905631603,7349874591886464424,7349874591969310965,7349874591969310961,733,2026-03-24T13:58:28.000Z,2026-03-24T14:10:41.000Z,-145.95,145.6,-147.71,-1.76,0,0.05,4372.64,4402.05,4400.94,4323.17,SELL,USD,1,1,1583663
D#1670917,XAUUSD,100,7349874591905631631,7349874591886465638,7349874591969318997,7349874591969318559,45,2026-03-24T14:09:57.000Z,2026-03-24T14:10:42.000Z,130.4,-131.8,123.4,-7,0,0.2,4396.54,4402.84,,,BUY,USD,1,1,1583663
D#1670917,XAUUSD,100,7349874591905631713,7349874591886465769,7349874591969319180,7349874591969319120,9,2026-03-24T14:10:52.000Z,2026-03-24T14:11:01.000Z,21.6,-23.0,14.6,-7,0,0.2,4403.41,4404.27,,,BUY,USD,1,1,1583663
D#1670917,XAUUSD,100,7349874591905632007,7349874591886465807,7349874591969319972,7349874591969319425,65,2026-03-24T14:11:26.000Z,2026-03-24T14:12:31.000Z,-112.6,111.19999999999999,-119.6,-7,0,0.2,4401.3,4395.45,,,BUY,USD,1,1,1583663
D#1702356,XAUUSD,100,7349874591905632008,7349874591886465604,7349874591969318274,7349874591969318273,185,2026-03-24T14:09:27.000Z,2026-03-24T14:12:32.000Z,0.84,-1.12,-0.56,-1.4,0,0.04,4394.15,4394.14,4394.39,4420.38,BUY,USD,1,1,1583663
D#1670917,XAUUSD,100,7349874591905632076,7349874591886465926,7349874591969320196,7349874591969320131,9,2026-03-24T14:12:52.000Z,2026-03-24T14:13:01.000Z,41.6,-43.0,34.6,-7,0,0.2,4394.11,4392.25,,,SELL,USD,1,1,1583663
D#1702648,XAUUSD,100,7349874591905632138,7349874591886463800,7349874591969307313,7349874591969307107,1282,2026-03-24T13:51:54.000Z,2026-03-24T14:13:16.000Z,324.1,-324.8,320.6,-3.5,0,0.1,4355.95,4388.14,4388.97,4412.7,BUY,USD,1,1,1583663
D#1670917,XAUUSD,100,7349874591905632291,7349874591886465980,7349874591969320641,7349874591969320407,15,2026-03-24T14:13:20.000Z,2026-03-24T14:13:35.000Z,56.2,-57.6,49.2,-7,0,0.2,4387.77,4385.18,,,SELL,USD,1,1,1583663
D#1702375,XAUUSD,100,7349874591905632374,7349874591886465965,7349874591969320543,7349874591969320346,28,2026-03-24T14:13:17.000Z,2026-03-24T14:13:45.000Z,-0.85,0.49999999999999994,-2.61,-1.76,0,0.05,4387.98,4388.37,4387.94,,SELL,USD,1,1,1583663
D#1670917,XAUUSD,100,7349874591905632542,7349874591886466136,7349874591969321351,7349874591969321053,25,2026-03-24T14:14:07.000Z,2026-03-24T14:14:32.000Z,52,-52.7,48.5,-3.5,0,0.1,4388.59,4393.57,,,BUY,USD,1,1,1583663
D#1670979,XAUUSD,100,7349874591905632565,7349874591886465328,7349874591969321408,7349874591969316710,455,2026-03-24T14:07:02.000Z,2026-03-24T14:14:37.000Z,-65.9,65.2,-69.4,-3.5,0,0.1,4388.39,4395.2,,4377.87,SELL,USD,1,1,1583663
D#1702633,XAUUSD,100,7349874591905632619,7349874591886465940,7349874591969320610,7349874591969320202,107,2026-03-24T14:13:01.000Z,2026-03-24T14:14:48.000Z,-50.6,49.9,-54.1,-3.5,0,0.1,4392.12,4397.4,4397.58,4384.28,SELL,USD,1,1,1583663
D#1671051,XAUUSD,100,7349874591905633203,7349874591886466565,7349874591969323843,7349874591969323621,28,2026-03-24T14:18:07.000Z,2026-03-24T14:18:35.000Z,0.74,-0.81,0.38,-0.36,0,0.01,4393.37,4392.85,,,SELL,USD,1,1,1583663
D#1670917,XAUUSD,100,7349874591905633253,7349874591886466380,7349874591969324039,7349874591969322309,194,2026-03-24T14:15:49.000Z,2026-03-24T14:19:03.000Z,-101.4,100.35000000000001,-106.66,-5.26,0,0.15,4389.8,4396.78,,,SELL,USD,1,1,1583663
D#1702375,XAUUSD,100,7349874591905633344,7349874591886466412,7349874591969323556,7349874591969322500,204,2026-03-24T14:16:05.000Z,2026-03-24T14:19:29.000Z,-46.75,46.4,-48.51,-1.76,0,0.05,4390.18,4399.75,4400.29,,SELL,USD,1,1,1583663
D#1702633,XAUUSD,100,7349874591905633342,7349874591886466460,7349874591969323635,7349874591969322799,177,2026-03-24T14:16:32.000Z,2026-03-24T14:19:29.000Z,-90.6,89.89999999999999,-94.1,-3.5,0,0.1,4391.41,4400.69,4399.93,4383.56,SELL,USD,1,1,1583663
D#1702427,XAUUSD,100,7349874591905633368,7349874591886466307,7349874591969324306,7349874591969321875,266,2026-03-24T14:15:15.000Z,2026-03-24T14:19:41.000Z,13.6,-13.95,11.84,-1.76,0,0.05,4396.45,4398.95,,,BUY,USD,1,1,1583663
D#1702692,XAUUSD,100,7349874591905633486,7349874591886466469,7349874591969324709,7349874591969322838,249,2026-03-24T14:16:36.000Z,2026-03-24T14:20:45.000Z,25.56,-25.77,24.5,-1.06,0,0.03,4393.57,4401.87,4378.26,4432.59,BUY,USD,1,1,1583663
D#1702422,XAUUSD,100,7349874591905633497,7349874591886466454,7349874591969324747,7349874591969322751,261,2026-03-24T14:16:27.000Z,2026-03-24T14:20:48.000Z,28.74,-28.95,27.68,-1.06,0,0.03,4392.03,4401.39,4376.95,4431.61,BUY,USD,1,1,1583663
D#1702588,XAUUSD,100,7349874591905633754,7349874591886465774,7349874591969319158,7349874591969319062,687,2026-03-24T14:10:58.000Z,2026-03-24T14:22:25.000Z,0.46,-0.6000000000000001,-0.24,-0.7,0,0.02,4404.39,4404.38,4404.38,4344.77,SELL,USD,1,1,1583663
D#1670979,XAUUSD,100,7349874591905633749,7349874591886466245,7349874591969322183,7349874591969321658,449,2026-03-24T14:14:56.000Z,2026-03-24T14:22:25.000Z,-84.4,83.7,-87.9,-3.5,0,0.1,4395.91,4404.57,4404.32,4382.2,SELL,USD,1,1,1583663
D#1702392,XAUUSD,100,7349874591905633812,7349874591886466203,7349874591969321401,7349874591969321378,479,2026-03-24T14:14:36.000Z,2026-03-24T14:22:35.000Z,-34.68,34.47,-35.74,-1.06,0,0.03,4395.31,4407.09,4406.35,4359.74,SELL,USD,1,1,1583663
D#1702387,XAUUSD,100,7349874591905633824,7349874591886465009,7349874591969325577,7349874591969314604,1148,2026-03-24T14:03:31.000Z,2026-03-24T14:22:39.000Z,61.55,-61.9,59.79,-1.76,0,0.05,4393.95,4406.04,,,BUY,USD,1,1,1583663
D#1671093,XAUUSD,100,7349874591905633844,7349874591886465612,7349874591969325624,7349874591969318352,787,2026-03-24T14:09:37.000Z,2026-03-24T14:22:44.000Z,-68.88,68.46,-70.98,-2.1,0,0.06,4393.42,4405.12,,,SELL,USD,1,1,1583663
D#1670917,XAUUSD,100,7349874591905634029,7349874591886466677,7349874591969326234,7349874591969324316,271,2026-03-24T14:19:44.000Z,2026-03-24T14:24:15.000Z,-165.8,164.4,-172.8,-7,0,0.2,4397.98,4406.49,,,SELL,USD,1,1,1583663
D#1702493,XAUUSD,100,7349874591905634032,7349874591886464409,7349874591969326244,7349874591969310858,1563,2026-03-24T13:58:14.000Z,2026-03-24T14:24:17.000Z,30.94,-31.01,30.58,-0.36,0,0.01,4375.79,4406.51,4355.95,,BUY,USD,1,1,1583663
D#1670990,XAUUSD,100,7349874591905634065,7349874591886466158,7349874591969321153,7349874591969321144,618,2026-03-24T14:14:15.000Z,2026-03-24T14:24:33.000Z,-87.85,87.5,-89.61,-1.76,0,0.05,4390.1,4407.89,4407.53,4317.59,SELL,USD,1,1,1583663
D#1702648,XAUUSD,100,7349874591905634090,7349874591886466110,7349874591969321473,7349874591969320893,658,2026-03-24T14:13:51.000Z,2026-03-24T14:24:49.000Z,215.9,-216.6,212.4,-3.5,0,0.1,4386.64,4408.01,4397.22,4408.11,BUY,USD,1,1,1583663
D#1702633,XAUUSD,100,7349874591905634108,7349874591886466694,7349874591969324612,7349874591969324429,290,2026-03-24T14:20:03.000Z,2026-03-24T14:24:53.000Z,93.1,-93.8,89.6,-3.5,0,0.1,4399.51,4408.6,4393.67,4408.73,BUY,USD,1,1,1583663
D#1670917,XAUUSD,100,7349874591905634356,7349874591886467034,7349874591969327172,7349874591969326393,115,2026-03-24T14:24:39.000Z,2026-03-24T14:26:34.000Z,-120.6,119.19999999999999,-127.6,-7,0,0.2,4404.63,4410.88,,,SELL,USD,1,1,1583663
D#1614596,XAUUSD,100,7349874591905634921,7349874591886459828,7349874591969328264,7349874591969273649,7095,2026-03-24T12:30:26.000Z,2026-03-24T14:28:41.000Z,47.25,-47.6,45.49,-1.76,0,0.05,4403.71,4412.94,,4418.15,BUY,USD,1,1,1583663
D#1702392,XAUUSD,100,7349874591905634931,7349874591886466977,7349874591969328292,7349874591969326000,307,2026-03-24T14:23:39.000Z,2026-03-24T14:28:46.000Z,-30.36,30.15,-31.42,-1.06,0,0.03,4400.55,4410.89,,,SELL,USD,1,1,1583663
D#1670917,XAUUSD,100,7349874591905634970,7349874591886467186,7349874591969328427,7349874591969327230,145,2026-03-24T14:26:41.000Z,2026-03-24T14:29:06.000Z,-73,71.6,-80.0,-7,0,0.2,4411.79,4407.92,,,BUY,USD,1,1,1583663
D#1702692,XAUUSD,100,7349874591905635148,7349874591886467380,7349874591969328899,7349874591969328319,76,2026-03-24T14:28:50.000Z,2026-03-24T14:30:06.000Z,2.4,-2.61,1.34,-1.06,0,0.03,4410.04,4409.46,4425.38,4371.04,SELL,USD,1,1,1583663
D#1702422,XAUUSD,100,7349874591905635155,7349874591886467378,7349874591969328934,7349874591969328294,83,2026-03-24T14:28:47.000Z,2026-03-24T14:30:10.000Z,5.19,-5.4,4.13,-1.06,0,0.03,4411.2,4409.69,4425.95,4371.28,SELL,USD,1,1,1583663
D#1702653,XAUUSD,100,7349874591905635322,7349874591886467605,7349874591969329508,7349874591969329466,7,2026-03-24T14:31:41.000Z,2026-03-24T14:31:48.000Z,1.44,-1.51,1.08,-0.36,0,0.01,4407.96,4406.74,,,SELL,USD,1,1,1583663
D#1702709,XAUUSD,100,7349874591905635579,7349874591886467651,7349874591969329770,7349874591969329383,79,2026-03-24T14:32:32.000Z,2026-03-24T14:33:51.000Z,89.28,-89.84,86.48,-2.8,0,0.08,4403.36,4414.3,4396.12,4414.9,BUY,USD,1,1,1583663
D#1702375,XAUUSD,100,7349874591905635640,7349874591886467517,7349874591969329119,7349874591969328918,257,2026-03-24T14:30:09.000Z,2026-03-24T14:34:26.000Z,-31.3,30.95,-33.06,-1.76,0,0.05,4409.12,4415.6,4415.01,4387.77,SELL,USD,1,1,1583663
D#1671093,XAUUSD,100,7349874591905635651,7349874591886466937,7349874591969326305,7349874591969325719,689,2026-03-24T14:22:58.000Z,2026-03-24T14:34:27.000Z,93.3,-93.72,91.2,-2.1,0,0.06,4400.76,4416.09,,4415.65,BUY,USD,1,1,1583663
D#1670884,XAUUSD,100,7349874591905635791,7349874591886467780,7349874591969330984,7349874591969330556,67,2026-03-24T14:34:30.000Z,2026-03-24T14:35:37.000Z,-14.45,14.1,-16.21,-1.76,0,0.05,4416.59,4413.48,,,BUY,USD,1,1,1583663
D#1670884,XAUUSD,100,7349874591905636370,7349874591886467887,7349874591969332983,7349874591969331166,283,2026-03-24T14:36:05.000Z,2026-03-24T14:40:48.000Z,3.35,-3.7,1.59,-1.76,0,0.05,4412.77,4412.32,,,SELL,USD,1,1,1583663
D#1702375,XAUUSD,100,7349874591905636444,7349874591886467937,7349874591969333207,7349874591969331460,285,2026-03-24T14:36:49.000Z,2026-03-24T14:41:34.000Z,-31.25,30.9,-33.01,-1.76,0,0.05,4408.55,4415.02,4418.05,4386.02,SELL,USD,1,1,1583663
D#1702422,XAUUSD,100,7349874591905636604,7349874591886467944,7349874591969333638,7349874591969331496,362,2026-03-24T14:36:54.000Z,2026-03-24T14:42:56.000Z,-34.74,34.53,-35.8,-1.06,0,0.03,4407.48,4419.28,4422.68,4368.01,SELL,USD,1,1,1583663
D#1702692,XAUUSD,100,7349874591905636642,7349874591886467941,7349874591969333698,7349874591969331468,374,2026-03-24T14:36:50.000Z,2026-03-24T14:43:04.000Z,-31.08,30.869999999999997,-32.14,-1.06,0,0.03,4408.07,4418.65,4423.69,4369.35,SELL,USD,1,1,1583663
D#1702375,XAUUSD,100,7349874591905637096,7349874591886468349,7349874591969335062,7349874591969334079,165,2026-03-24T14:44:08.000Z,2026-03-24T14:46:53.000Z,-9.5,9.15,-11.26,-1.76,0,0.05,4413.24,4415.36,4420.12,,SELL,USD,1,1,1583663
D#1670884,XAUUSD,100,7349874591905637741,7349874591886468171,7349874591969336653,7349874591969333010,573,2026-03-24T14:40:53.000Z,2026-03-24T14:50:26.000Z,-51.5,51.15,-53.26,-1.76,0,0.05,4414.5,4403.98,,,BUY,USD,1,1,1583663
D#1702633,XAUUSD,100,7349874591905637857,7349874591886468681,7349874591969336909,7349874591969335971,93,2026-03-24T14:49:18.000Z,2026-03-24T14:50:51.000Z,-93.9,93.2,-97.4,-3.5,0,0.1,4412.51,4402.9,,4420.49,BUY,USD,1,1,1583663
D#1702692,XAUUSD,100,7349874591905637865,7349874591886468483,7349874591969336920,7349874591969334844,275,2026-03-24T14:46:18.000Z,2026-03-24T14:50:53.000Z,21.03,-21.240000000000002,19.97,-1.06,0,0.03,4409.49,4402.7,4424.39,4370.05,SELL,USD,1,1,1583663
D#1702422,XAUUSD,100,7349874591905637871,7349874591886468502,7349874591969336962,7349874591969334950,260,2026-03-24T14:46:36.000Z,2026-03-24T14:50:56.000Z,40.26,-40.47,39.2,-1.06,0,0.03,4414.84,4401.64,4430.08,4375.41,SELL,USD,1,1,1583663
D#1702427,XAUUSD,100,7349874591905637872,7349874591886468709,7349874591969336965,7349874591969336088,81,2026-03-24T14:49:35.000Z,2026-03-24T14:50:56.000Z,28.04,-28.32,26.64,-1.4,0,0.04,4408.52,4401.73,,,SELL,USD,1,1,1583663
D#1702375,XAUUSD,100,7349874591905638124,7349874591886468693,7349874591969336308,7349874591969336054,147,2026-03-24T14:49:30.000Z,2026-03-24T14:51:57.000Z,-44.75,44.4,-46.51,-1.76,0,0.05,4408.24,4417.41,4416.83,4385.86,SELL,USD,1,1,1583663
D#1702709,XAUUSD,100,7349874591905638134,7349874591886468727,7349874591969336178,7349874591969332868,133,2026-03-24T14:49:45.000Z,2026-03-24T14:51:58.000Z,101.68,-102.24000000000001,98.88,-2.8,0,0.08,4405.17,4417.66,4398.19,4417.86,BUY,USD,1,1,1583663
D#1702526,XAUUSD,100,7349874591905638368,7349874591886467713,7349874591969330338,7349874591969330118,1126,2026-03-24T14:33:22.000Z,2026-03-24T14:52:08.000Z,86.4,-87.10000000000001,82.9,-3.5,0,0.1,4412.02,4420.44,4400.97,4422.44,BUY,USD,1,1,1583663
D#1671080,XAUUSD,100,7349874591905638376,7349874591886467932,7349874591969331634,7349874591969331434,922,2026-03-24T14:36:46.000Z,2026-03-24T14:52:08.000Z,-57.05,56.699999999999996,-58.81,-1.76,0,0.05,4409.19,4420.82,4421.38,4393.21,SELL,USD,1,1,1583663
D#1702588,XAUUSD,100,7349874591905638417,7349874591886467029,7349874591969326355,7349874591969325504,1656,2026-03-24T14:24:33.000Z,2026-03-24T14:52:09.000Z,-47.4,47.19,-48.46,-1.06,0,0.03,4407.85,4423.87,4422.63,4368.25,SELL,USD,1,1,1583663
D#1671093,XAUUSD,100,7349874591905638464,7349874591886467939,7349874591969337844,7349874591969331467,921,2026-03-24T14:36:50.000Z,2026-03-24T14:52:11.000Z,-94.38,93.96,-96.48,-2.1,0,0.06,4408.06,4424.01,,4392.33,SELL,USD,1,1,1583663
D#1670990,XAUUSD,100,7349874591905638620,7349874591886467353,7349874591969328134,7349874591969328133,1435,2026-03-24T14:28:24.000Z,2026-03-24T14:52:19.000Z,-139.58,139.09,-142.04,-2.46,0,0.07,4411.78,4431.94,4429.54,4320.71,SELL,USD,1,1,1583663
D#1589405,XAUUSD,100,7349874591905638637,7349874591886467981,7349874591969331877,7349874591969331729,889,2026-03-24T14:37:30.000Z,2026-03-24T14:52:19.000Z,-95.88,95.6,-97.28,-1.4,0,0.04,4407.58,4431.77,4430.91,4353.35,SELL,USD,1,1,1583663
D#1670919,XAUUSD,100,7349874591905638674,7349874591886468478,7349874591969338304,7349874591969334816,368,2026-03-24T14:46:13.000Z,2026-03-24T14:52:21.000Z,-205.1,204.4,-208.6,-3.5,0,0.1,4410.2,4430.93,,4397.31,SELL,USD,1,1,1583663
D#1670992,XAUUSD,100,7349874591905638717,7349874591886464686,7349874591969338409,7349874591969312587,3110,2026-03-24T14:00:35.000Z,2026-03-24T14:52:25.000Z,-446.6,445.90000000000003,-450.1,-3.5,0,0.1,4386.43,4431.31,,4378.9,SELL,USD,1,1,1583663
D#1702375,XAUUSD,100,7349874591905638898,7349874591886469082,7349874591969338756,7349874591969338555,24,2026-03-24T14:52:44.000Z,2026-03-24T14:53:08.000Z,70.4,-71.10000000000001,66.9,-3.5,0,0.1,4428.32,4421.5,,,SELL,USD,1,1,1583663
D#1702375,XAUUSD,100,7349874591905638984,7349874591886469160,7349874591969338955,7349874591969338848,10,2026-03-24T14:53:17.000Z,2026-03-24T14:53:27.000Z,27.9,-28.599999999999998,24.4,-3.5,0,0.1,4425.5,4428.07,,,BUY,USD,1,1,1583663
D#1702439,XAUUSD,100,7349874591905639089,7349874591886468970,7349874591969339313,7349874591969337672,121,2026-03-24T14:52:02.000Z,2026-03-24T14:54:03.000Z,11.4,-11.47,11.04,-0.36,0,0.01,4419.97,4431.15,,,BUY,USD,1,1,1583663
D#1702375,XAUUSD,100,7349874591905639198,7349874591886469298,7349874591969339625,7349874591969339568,6,2026-03-24T14:54:38.000Z,2026-03-24T14:54:44.000Z,35.1,-35.800000000000004,31.6,-3.5,0,0.1,4432.33,4429.04,,,SELL,USD,1,1,1583663
D#1702375,XAUUSD,100,7349874591905639278,7349874591886469346,7349874591969339866,7349874591969339792,9,2026-03-24T14:55:04.000Z,2026-03-24T14:55:13.000Z,29.2,-29.9,25.7,-3.5,0,0.1,4423.72,4421.02,,,SELL,USD,1,1,1583663
D#1702375,XAUUSD,100,7349874591905639478,7349874591886469466,7349874591969340484,7349874591969340356,17,2026-03-24T14:56:07.000Z,2026-03-24T14:56:24.000Z,-38.6,37.9,-42.1,-3.5,0,0.1,4421.33,4425.41,,,SELL,USD,1,1,1583663
D#1702526,XAUUSD,100,7349874591905639502,7349874591886469396,7349874591969340051,7349874591969340047,56,2026-03-24T14:55:32.000Z,2026-03-24T14:56:28.000Z,125.4,-126.10000000000001,121.9,-3.5,0,0.1,4416.29,4428.61,4405.35,4428.24,BUY,USD,1,1,1583663
D#1702709,XAUUSD,100,7349874591905639507,7349874591886469397,7349874591969340540,7349874591969338778,58,2026-03-24T14:55:32.000Z,2026-03-24T14:56:30.000Z,92.56,-93.12,89.76,-2.8,0,0.08,4416.42,4427.77,4408.86,4428.98,BUY,USD,1,1,1583663
D#1702375,XAUUSD,100,7349874591905639604,7349874591886469514,7349874591969340844,7349874591969340602,34,2026-03-24T14:56:37.000Z,2026-03-24T14:57:11.000Z,39.9,-40.6,36.4,-3.5,0,0.1,4426.71,4422.94,,,SELL,USD,1,1,1583663
D#1702709,XAUUSD,100,7349874591905639629,7349874591886469565,7349874591969340959,7349874591969340936,5,2026-03-24T14:57:28.000Z,2026-03-24T14:57:33.000Z,-5.52,4.959999999999999,-8.32,-2.8,0,0.08,4421.47,4422.38,,,SELL,USD,1,1,1583663
D#1702375,XAUUSD,100,7349874591905639721,7349874591886469598,7349874591969341477,7349874591969341330,25,2026-03-24T14:58:02.000Z,2026-03-24T14:58:27.000Z,19.3,-20.0,15.8,-3.5,0,0.1,4419.04,4417.33,,,SELL,USD,1,1,1583663
D#1702375,XAUUSD,100,7349874591905639754,7349874591886469635,7349874591969341611,7349874591969341574,8,2026-03-24T14:58:44.000Z,2026-03-24T14:58:52.000Z,11.1,-11.799999999999999,7.6,-3.5,0,0.1,4417.03,4417.92,,,BUY,USD,1,1,1583663
D#1702692,XAUUSD,100,7349874591905639826,7349874591886469495,7349874591969340496,7349874591969340493,173,2026-03-24T14:56:26.000Z,2026-03-24T14:59:19.000Z,-49.35,49.14,-50.41,-1.06,0,0.03,4427.22,4410.55,4410.99,4465.32,BUY,USD,1,1,1583663
D#1702422,XAUUSD,100,7349874591905639812,7349874591886469499,7349874591969340524,7349874591969340519,171,2026-03-24T14:56:28.000Z,2026-03-24T14:59:19.000Z,-50.64,50.43,-51.7,-1.06,0,0.03,4428.33,4411.23,4412.47,4467.13,BUY,USD,1,1,1583663
D#1702526,XAUUSD,100,7349874591905639815,7349874591886469573,7349874591969341082,7349874591969340985,102,2026-03-24T14:57:37.000Z,2026-03-24T14:59:19.000Z,-112.2,111.5,-115.7,-3.5,0,0.1,4422.65,4411.21,4412.03,4434.91,BUY,USD,1,1,1583663
D#1702709,XAUUSD,100,7349874591905639830,7349874591886469605,7349874591969341486,7349874591969341351,72,2026-03-24T14:58:08.000Z,2026-03-24T14:59:20.000Z,-67.28,66.72,-70.08,-2.8,0,0.08,4418.53,4409.9,4410.6,4430.91,BUY,USD,1,1,1583663
D#1670979,XAUUSD,100,7349874591905639899,7349874591886469549,7349874591969341547,7349874591969340805,140,2026-03-24T14:57:04.000Z,2026-03-24T14:59:24.000Z,161.6,-162.29999999999998,158.1,-3.5,0,0.1,4422.95,4407.01,4428.82,4407.11,SELL,USD,1,1,1583663
D#1702375,XAUUSD,100,7349874591905639974,7349874591886469645,7349874591969341962,7349874591969341666,27,2026-03-24T14:59:03.000Z,2026-03-24T14:59:30.000Z,52,-52.7,48.5,-3.5,0,0.1,4416.41,4411.43,,,SELL,USD,1,1,1583663
D#1671093,XAUUSD,100,7349874591905640009,7349874591886469071,7349874591969342043,7349874591969338504,419,2026-03-24T14:52:38.000Z,2026-03-24T14:59:37.000Z,-86.76,86.34,-88.86,-2.1,0,0.06,4427.42,4412.74,,,BUY,USD,1,1,1583663
D#1702526,XAUUSD,100,7349874591905640104,7349874591886469692,7349874591969342143,7349874591969341876,41,2026-03-24T14:59:25.000Z,2026-03-24T15:00:06.000Z,127.6,-128.29999999999998,124.1,-3.5,0,0.1,4407.83,4420.37,4396.65,4420.31,BUY,USD,1,1,1583663
D#1702375,XAUUSD,100,7349874591905640173,7349874591886469800,7349874591969342487,7349874591969342410,9,2026-03-24T15:00:22.000Z,2026-03-24T15:00:31.000Z,-34.8,34.099999999999994,-38.3,-3.5,0,0.1,4415.68,4419.38,,,SELL,USD,1,1,1583663
D#1702375,XAUUSD,100,7349874591905640192,7349874591886469817,7349874591969342544,7349874591969342514,4,2026-03-24T15:00:33.000Z,2026-03-24T15:00:37.000Z,-1.9,1.1999999999999997,-5.4,-3.5,0,0.1,4410.6,4411.01,,,SELL,USD,1,1,1583663
D#1702375,XAUUSD,100,7349874591905640299,7349874591886469859,7349874591969343060,7349874591969342776,49,2026-03-24T15:01:17.000Z,2026-03-24T15:02:06.000Z,5.5,-6.2,2.0,-3.5,0,0.1,4410.58,4410.25,,,SELL,USD,1,1,1583663
D#1702392,XAUUSD,100,7349874591905640406,7349874591886469827,7349874591969342911,7349874591969342556,157,2026-03-24T15:00:39.000Z,2026-03-24T15:03:16.000Z,0.95,-1.3,-0.81,-1.76,0,0.05,4411.04,4411.01,4411.28,4431.45,BUY,USD,1,1,1583663
D#1702375,XAUUSD,100,7349874591905640421,7349874591886469952,7349874591969343508,7349874591969343451,13,2026-03-24T15:03:18.000Z,2026-03-24T15:03:31.000Z,-49.4,48.699999999999996,-52.9,-3.5,0,0.1,4408.85,4414.01,,,SELL,USD,1,1,1583663
D#1702375,XAUUSD,100,7349874591905640546,7349874591886469969,7349874591969344026,7349874591969343594,91,2026-03-24T15:03:46.000Z,2026-03-24T15:05:17.000Z,-0.5,-0.20000000000000007,-4.0,-3.5,0,0.1,4410.38,4410.65,,,SELL,USD,1,1,1583663
D#1670979,XAUUSD,100,7349874591905640613,7349874591886469841,7349874591969344354,7349874591969342656,343,2026-03-24T15:00:53.000Z,2026-03-24T15:06:36.000Z,14.5,-15.2,11.0,-3.5,0,0.1,4410.78,4412.01,4405.14,4421.19,BUY,USD,1,1,1583663
D#1702375,XAUUSD,100,7349874591905640662,7349874591886470048,7349874591969344657,7349874591969344232,108,2026-03-24T15:06:05.000Z,2026-03-24T15:07:53.000Z,24.7,-25.4,21.2,-3.5,0,0.1,4410.53,4408.28,,4405.3,SELL,USD,1,1,1583663
D#1702375,XAUUSD,100,7349874591905640690,7349874591886470102,7349874591969344818,7349874591969344765,14,2026-03-24T15:08:16.000Z,2026-03-24T15:08:30.000Z,14.4,-15.1,10.9,-3.5,0,0.1,4409.73,4410.95,,,BUY,USD,1,1,1583663
D#1702375,XAUUSD,100,7349874591905640718,7349874591886470117,7349874591969344905,7349874591969344848,14,2026-03-24T15:08:37.000Z,2026-03-24T15:08:51.000Z,31.9,-32.6,28.4,-3.5,0,0.1,4408.34,4405.37,,,SELL,USD,1,1,1583663
D#1702709,XAUUSD,100,7349874591905640779,7349874591886469818,7349874591969342589,7349874591969342517,563,2026-03-24T15:00:34.000Z,2026-03-24T15:09:57.000Z,-62,61.44,-64.8,-2.8,0,0.08,4410.03,4402.06,4402.14,4422.29,BUY,USD,1,1,1583663
D#1702422,XAUUSD,100,7349874591905640783,7349874591886469834,7349874591969345221,7349874591969342614,550,2026-03-24T15:00:49.000Z,2026-03-24T15:09:59.000Z,-28.29,28.08,-29.35,-1.06,0,0.03,4412.41,4402.76,4398.06,4452.72,BUY,USD,1,1,1583663
D#1702692,XAUUSD,100,7349874591905640794,7349874591886469836,7349874591969345262,7349874591969342634,553,2026-03-24T15:00:51.000Z,2026-03-24T15:10:04.000Z,-24.54,24.33,-25.6,-1.06,0,0.03,4411.23,4402.83,4396.66,4450.99,BUY,USD,1,1,1583663
D#1670979,XAUUSD,100,7349874591905640862,7349874591886470081,7349874591969344772,7349874591969344550,197,2026-03-24T15:07:26.000Z,2026-03-24T15:10:43.000Z,103.5,-104.2,100.0,-3.5,0,0.1,4408.53,4398.4,4414.86,4399.77,SELL,USD,1,1,1583663
D#1702589,XAUUSD,100,7349874591905641329,7349874591886470138,7349874591969347163,7349874591969344974,452,2026-03-24T15:08:59.000Z,2026-03-24T15:16:31.000Z,-8.04,7.969999999999999,-8.4,-0.36,0,0.01,4406.39,4414.65,,,SELL,USD,1,1,1583663
D#1702375,XAUUSD,100,7349874591905641419,7349874591886470397,7349874591969347462,7349874591969346718,157,2026-03-24T15:15:06.000Z,2026-03-24T15:17:43.000Z,-15.4,15.05,-17.16,-1.76,0,0.05,4411.21,4407.91,4404.42,,BUY,USD,1,1,1583663
D#1702540,XAUUSD,100,7349874591905641738,7349874591886466790,7349874591969348670,7349874591969324957,3662,2026-03-24T14:21:18.000Z,2026-03-24T15:22:20.000Z,49.65,-50.0,47.89,-1.76,0,0.05,4398.23,4407.94,4384.36,,BUY,USD,1,1,1583663
D#1702495,XAUUSD,100,7349874591905641804,7349874591886467393,7349874591969348897,7349874591969328405,3247,2026-03-24T14:29:02.000Z,2026-03-24T15:23:09.000Z,2.74,-2.8800000000000003,2.04,-0.7,0,0.02,4408.84,4409.99,,,BUY,USD,1,1,1583663
D#1670917,XAUUSD,100,7349874591905641954,7349874591886470721,7349874591969349311,7349874591969349079,44,2026-03-24T15:23:56.000Z,2026-03-24T15:24:40.000Z,-64.6,63.199999999999996,-71.6,-7,0,0.2,4410.54,4413.99,,,SELL,USD,1,1,1583663
D#1702709,XAUUSD,100,7349874591905642047,7349874591886470372,7349874591969346627,7349874591969346570,656,2026-03-24T15:14:31.000Z,2026-03-24T15:25:27.000Z,-65.68,65.12,-68.48,-2.8,0,0.08,4407.82,4416.25,4415.47,4395.06,SELL,USD,1,1,1583663
D#1702375,XAUUSD,100,7349874591905642045,7349874591886470557,7349874591969347989,7349874591969347902,366,2026-03-24T15:19:21.000Z,2026-03-24T15:25:27.000Z,-28.85,28.5,-30.61,-1.76,0,0.05,4410.26,4416.25,4416.34,,SELL,USD,1,1,1583663
D#1702694,XAUUSD,100,7349874591905642109,7349874591886470782,7349874591969349687,7349874591969349484,36,2026-03-24T15:25:12.000Z,2026-03-24T15:25:48.000Z,-74.55,73.5,-79.81,-5.26,0,0.15,4413.46,4418.65,,,SELL,USD,1,1,1583663
D#1671093,XAUUSD,100,7349874591905642168,7349874591886469845,7349874591969349823,7349874591969342697,1507,2026-03-24T15:01:01.000Z,2026-03-24T15:26:08.000Z,-48.3,47.879999999999995,-50.4,-2.1,0,0.06,4411.02,4419.29,,4396.13,SELL,USD,1,1,1583663
D#1702375,XAUUSD,100,7349874591905642226,7349874591886470820,7349874591969350074,7349874591969349659,76,2026-03-24T15:25:43.000Z,2026-03-24T15:26:59.000Z,-30.2,29.5,-33.7,-3.5,0,0.1,4417.22,4413.98,4412.82,4422.5,BUY,USD,1,1,1583663
D#1702694,XAUUSD,100,7349874591905642237,7349874591886470848,7349874591969350104,7349874591969349836,55,2026-03-24T15:26:10.000Z,2026-03-24T15:27:05.000Z,-84.3,83.25,-89.56,-5.26,0,0.15,4418.97,4413.13,,4425.53,BUY,USD,1,1,1583663
D#1702375,XAUUSD,100,7349874591905642289,7349874591886470882,7349874591969350353,7349874591969350097,58,2026-03-24T15:27:04.000Z,2026-03-24T15:28:02.000Z,-13.2,12.5,-16.7,-3.5,0,0.1,4412.64,4414.18,,,SELL,USD,1,1,1583663
D#1702375,XAUUSD,100,7349874591905642309,7349874591886470924,7349874591969350463,7349874591969350396,17,2026-03-24T15:28:08.000Z,2026-03-24T15:28:25.000Z,-17.6,16.900000000000002,-21.1,-3.5,0,0.1,4413.99,4415.97,,,SELL,USD,1,1,1583663
D#1702694,XAUUSD,100,7349874591905642497,7349874591886470896,7349874591969350290,7349874591969350200,245,2026-03-24T15:27:24.000Z,2026-03-24T15:31:29.000Z,109,-110.4,102.0,-7,0,0.2,4413.58,4418.81,,4418.69,BUY,USD,1,1,1583663
D#1702712,XAUUSD,100,7349874591905642633,7349874591886471107,7349874591969351760,7349874591969351717,10,2026-03-24T15:33:14.000Z,2026-03-24T15:33:24.000Z,19.6,-20.3,16.1,-3.5,0,0.1,4413.82,4415.56,,,BUY,USD,1,1,1583663
D#1702392,XAUUSD,100,7349874591905642682,7349874591886470582,7349874591969349991,7349874591969347264,816,2026-03-24T15:20:21.000Z,2026-03-24T15:33:57.000Z,27.35,-27.700000000000003,25.59,-1.76,0,0.05,4404.84,4410.09,4410.29,4432.06,BUY,USD,1,1,1583663
D#1702375,XAUUSD,100,7349874591905642783,7349874591886470934,7349874591969352295,7349874591969350482,417,2026-03-24T15:28:31.000Z,2026-03-24T15:35:28.000Z,-35.9,35.199999999999996,-39.4,-3.5,0,0.1,4414.21,4418.02,,4402.31,SELL,USD,1,1,1583663
D#1671058,XAUUSD,100,7349874591905642828,7349874591886470868,7349874591969352517,7349874591969349984,581,2026-03-24T15:26:39.000Z,2026-03-24T15:36:20.000Z,24.66,-25.080000000000002,22.56,-2.1,0,0.06,4415.25,4419.14,,4421.67,BUY,USD,1,1,1583663
D#1702694,XAUUSD,100,7349874591905642834,7349874591886471112,7349874591969352532,7349874591969351764,177,2026-03-24T15:33:25.000Z,2026-03-24T15:36:22.000Z,-70.2,69.15,-75.46,-5.26,0,0.15,4415.16,4420.06,,4410.29,SELL,USD,1,1,1583663
D#1702709,XAUUSD,100,7349874591905642919,7349874591886470916,7349874591969350366,7349874591969350307,607,2026-03-24T15:27:51.000Z,2026-03-24T15:37:58.000Z,-71.44,70.88,-74.24,-2.8,0,0.08,4414.46,4423.61,4422.44,4402.81,SELL,USD,1,1,1583663
D#1589405,XAUUSD,100,7349874591905643023,7349874591886470261,7349874591969353220,7349874591969345720,1674,2026-03-24T15:11:26.000Z,2026-03-24T15:39:20.000Z,-113.64,113.22,-115.74,-2.1,0,0.06,4406.66,4425.82,,4316.26,SELL,USD,1,1,1583663
D#1702694,XAUUSD,100,7349874591905643032,7349874591886471212,7349874591969353250,7349874591969352563,175,2026-03-24T15:36:31.000Z,2026-03-24T15:39:26.000Z,-126.8,125.39999999999999,-133.8,-7,0,0.2,4419.36,4425.92,,4414.39,SELL,USD,1,1,1583663
D#1702653,XAUUSD,100,7349874591905643040,7349874591886469272,7349874591969353267,7349874591969339431,2709,2026-03-24T14:54:21.000Z,2026-03-24T15:39:30.000Z,2.4,-2.4699999999999998,2.04,-0.36,0,0.01,4429.18,4427,,,SELL,USD,1,1,1583663
D#1702694,XAUUSD,100,7349874591905643191,7349874591886471307,7349874591969353892,7349874591969353302,146,2026-03-24T15:39:36.000Z,2026-03-24T15:42:02.000Z,-71.4,69.30000000000001,-81.9,-10.5,0,0.3,4424.99,4427.59,,4421.6,SELL,USD,1,1,1583663
D#1702375,XAUUSD,100,7349874591905643235,7349874591886471188,7349874591969353980,7349874591969352324,403,2026-03-24T15:35:34.000Z,2026-03-24T15:42:17.000Z,107.6,-108.3,104.1,-3.5,0,0.1,4417.46,4428,,4429.34,BUY,USD,1,1,1583663
D#1702694,XAUUSD,100,7349874591905643261,7349874591886471405,7349874591969354056,7349874591969353934,23,2026-03-24T15:42:11.000Z,2026-03-24T15:42:34.000Z,83.2,-86.0,69.2,-14,0,0.4,4427.43,4425.57,,,SELL,USD,1,1,1583663
D#1702694,XAUUSD,100,7349874591905643345,7349874591886471435,7349874591969354356,7349874591969354068,86,2026-03-24T15:42:38.000Z,2026-03-24T15:44:04.000Z,-96.8,94.0,-110.8,-14,0,0.4,4425.53,4422.89,,,BUY,USD,1,1,1583663
D#1702375,XAUUSD,100,7349874591905643378,7349874591886471471,7349874591969354516,7349874591969354358,47,2026-03-24T15:44:05.000Z,2026-03-24T15:44:52.000Z,31.9,-32.6,28.4,-3.5,0,0.1,4423.05,4426.02,,,BUY,USD,1,1,1583663
D#1702502,XAUUSD,100,7349874591905643583,7349874591886471102,7349874591969353300,7349874591969351658,965,2026-03-24T15:33:00.000Z,2026-03-24T15:49:05.000Z,-150.1,149.4,-153.6,-3.5,0,0.1,4415.57,4430.8,4430.68,4390.68,SELL,USD,1,1,1583663
D#1702526,XAUUSD,100,7349874591905643903,7349874591886471206,7349874591969356823,7349874591969352489,1078,2026-03-24T15:36:14.000Z,2026-03-24T15:54:12.000Z,26.7,-27.4,23.2,-3.5,0,0.1,4419.06,4421.51,4408.67,4431.1,BUY,USD,1,1,1583663
D#1702392,XAUUSD,100,7349874591905643950,7349874591886471213,7349874591969352947,7349874591969352566,1090,2026-03-24T15:36:32.000Z,2026-03-24T15:54:42.000Z,1.05,-1.4000000000000001,-0.71,-1.76,0,0.05,4419.62,4419.61,4419.86,4431.59,BUY,USD,1,1,1583663
D#1670962,XAUUSD,100,7349874591905644002,7349874591886471297,7349874591969353423,7349874591969353234,942,2026-03-24T15:39:22.000Z,2026-03-24T15:55:04.000Z,-83,82.3,-86.5,-3.5,0,0.1,4426,4417.48,4417.56,4434.1,BUY,USD,1,1,1583663
D#1702633,XAUUSD,100,7349874591905644028,7349874591886471640,7349874591969356415,7349874591969356101,247,2026-03-24T15:51:08.000Z,2026-03-24T15:55:15.000Z,-91.9,91.2,-95.4,-3.5,0,0.1,4425.38,4415.97,4416.56,4441.63,BUY,USD,1,1,1583663
D#1702502,XAUUSD,100,7349874591905644037,7349874591886471754,7349874591969357182,7349874591969356990,29,2026-03-24T15:54:51.000Z,2026-03-24T15:55:20.000Z,-33.1,32.4,-36.6,-3.5,0,0.1,4420.84,4417.31,,4423.23,BUY,USD,1,1,1583663
D#1702540,XAUUSD,100,7349874591905644091,7349874591886471236,7349874591969353527,7349874591969352817,1076,2026-03-24T15:37:47.000Z,2026-03-24T15:55:43.000Z,-28.75,28.4,-30.51,-1.76,0,0.05,4420.63,4414.66,4414.77,,BUY,USD,1,1,1583663
D#1702375,XAUUSD,100,7349874591905644104,7349874591886471536,7349874591969356070,7349874591969354950,528,2026-03-24T15:47:01.000Z,2026-03-24T15:55:49.000Z,114.4,-115.10000000000001,110.9,-3.5,0,0.1,4424.01,4412.79,,4412.12,SELL,USD,1,1,1583663
D#1702375,XAUUSD,100,7349874591905644182,7349874591886471820,7349874591969357467,7349874591969357434,5,2026-03-24T15:56:05.000Z,2026-03-24T15:56:10.000Z,-19.9,19.2,-23.4,-3.5,0,0.1,4413.32,4415.53,,,SELL,USD,1,1,1583663
D#1702422,XAUUSD,100,7349874591905644258,7349874591886470270,7349874591969357657,7349874591969345763,2710,2026-03-24T15:11:33.000Z,2026-03-24T15:56:43.000Z,16.95,-17.16,15.89,-1.06,0,0.03,4407.53,4412.96,4392.89,4447.55,BUY,USD,1,1,1583663
D#1702375,XAUUSD,100,7349874591905644279,7349874591886471838,7349874591969357674,7349874591969357565,13,2026-03-24T15:56:32.000Z,2026-03-24T15:56:45.000Z,41.6,-42.300000000000004,38.1,-3.5,0,0.1,4415.71,4411.77,,,SELL,USD,1,1,1583663
D#1702526,XAUUSD,100,7349874591905644287,7349874591886471741,7349874591969357003,7349874591969356918,135,2026-03-24T15:54:31.000Z,2026-03-24T15:56:46.000Z,-118.36,117.59,-122.22,-3.86,0,0.11,4421.37,4410.39,4411.42,4431.32,BUY,USD,1,1,1583663
D#1702692,XAUUSD,100,7349874591905644305,7349874591886470272,7349874591969357707,7349874591969345783,2718,2026-03-24T15:11:34.000Z,2026-03-24T15:56:52.000Z,13.65,-13.860000000000001,12.59,-1.06,0,0.03,4408.1,4412.43,4392.42,4446.75,BUY,USD,1,1,1583663
D#1702709,XAUUSD,100,7349874591905644599,7349874591886471777,7349874591969357161,7349874591969352906,305,2026-03-24T15:55:16.000Z,2026-03-24T16:00:21.000Z,-62.48,61.919999999999995,-65.28,-2.8,0,0.08,4416.11,4408.08,4409.11,4428.99,BUY,USD,1,1,1583663
D#1670962,XAUUSD,100,7349874591905644655,7349874591886471822,7349874591969357806,7349874591969357449,279,2026-03-24T15:56:08.000Z,2026-03-24T16:00:47.000Z,86.4,-87.10000000000001,82.9,-3.5,0,0.1,4414.39,4405.97,4423.19,4405.78,SELL,USD,1,1,1583663
D#1702692,XAUUSD,100,7349874591905644706,7349874591886471977,7349874591969358988,7349874591969358467,91,2026-03-24T15:59:37.000Z,2026-03-24T16:01:08.000Z,22.17,-22.380000000000003,21.11,-1.06,0,0.03,4414.51,4407.34,4429.39,4375.05,SELL,USD,1,1,1583663
D#1702422,XAUUSD,100,7349874591905644708,7349874591886471978,7349874591969358992,7349874591969358478,90,2026-03-24T15:59:39.000Z,2026-03-24T16:01:09.000Z,21.21,-21.42,20.15,-1.06,0,0.03,4414.2,4407.35,4429.45,4374.78,SELL,USD,1,1,1583663
D#1671093,XAUUSD,100,7349874591905645273,7349874591886470864,7349874591969360907,7349874591969349965,2463,2026-03-24T15:26:36.000Z,2026-03-24T16:07:39.000Z,-30.72,30.299999999999997,-32.82,-2.1,0,0.06,4415.68,4410.34,,4431.9,BUY,USD,1,1,1583663
D#1671093,XAUUSD,100,7349874591905645900,7349874591886472381,7349874591969363254,7349874591969361067,526,2026-03-24T16:08:22.000Z,2026-03-24T16:17:08.000Z,-57.12,56.699999999999996,-59.22,-2.1,0,0.06,4407.93,4417.67,,,SELL,USD,1,1,1583663
D#1670962,XAUUSD,100,7349874591905645923,7349874591886472345,7349874591969360913,7349874591969360797,601,2026-03-24T16:07:15.000Z,2026-03-24T16:17:16.000Z,-74.2,73.5,-77.7,-3.5,0,0.1,4410.5,4418.14,4417.87,4402.35,SELL,USD,1,1,1583663
D#1702634,XAUUSD,100,7349874591905646043,7349874591886471806,7349874591969357462,7349874591969357334,1389,2026-03-24T15:55:51.000Z,2026-03-24T16:19:00.000Z,-64.33,63.839999999999996,-66.79,-2.46,0,0.07,4412.61,4422.02,4421.47,4391.82,SELL,USD,1,1,1583663
D#1702526,XAUUSD,100,7349874591905646046,7349874591886471875,7349874591969357920,7349874591969357782,1318,2026-03-24T15:57:04.000Z,2026-03-24T16:19:02.000Z,-99.11,98.34,-102.97,-3.86,0,0.11,4413.3,4422.53,4422.61,4402.58,SELL,USD,1,1,1583663
D#1702634,XAUUSD,100,7349874591905646193,7349874591886472787,7349874591969364246,7349874591969364051,31,2026-03-24T16:20:04.000Z,2026-03-24T16:20:35.000Z,14.6,-15.299999999999999,11.1,-3.5,0,0.1,4423.36,4422.12,4431.57,,SELL,USD,1,1,1583663
D#1671093,XAUUSD,100,7349874591905646305,7349874591886472688,7349874591969364671,7349874591969363308,297,2026-03-24T16:17:17.000Z,2026-03-24T16:22:14.000Z,13.44,-13.86,11.34,-2.1,0,0.06,4418.19,4420.21,,4433.08,BUY,USD,1,1,1583663
D#1702720,XAUUSD,100,7349874591905646488,7349874591886472898,7349874591969365434,7349874591969364868,139,2026-03-24T16:22:59.000Z,2026-03-24T16:25:18.000Z,-71.7,69.60000000000001,-82.2,-10.5,0,0.3,4423.25,4425.86,4425.68,4419.44,SELL,USD,1,1,1583663
D#1702422,XAUUSD,100,7349874591905646591,7349874591886472389,7349874591969365768,7349874591969361113,1094,2026-03-24T16:08:33.000Z,2026-03-24T16:26:47.000Z,33.81,-34.02,32.75,-1.06,0,0.03,4408.43,4419.48,4393.22,4447.88,BUY,USD,1,1,1583663
D#1702692,XAUUSD,100,7349874591905646597,7349874591886472396,7349874591969365791,7349874591969361159,1086,2026-03-24T16:08:48.000Z,2026-03-24T16:26:54.000Z,34.83,-35.04,33.77,-1.06,0,0.03,4408.52,4419.91,4393.1,4447.43,BUY,USD,1,1,1583663
D#1702720,XAUUSD,100,7349874591905646756,7349874591886473006,7349874591969366463,7349874591969365694,240,2026-03-24T16:26:27.000Z,2026-03-24T16:30:27.000Z,16.2,-18.3,5.7,-10.5,0,0.3,4422.56,4422.88,4418.74,4425.55,BUY,USD,1,1,1583663
D#1702530,XAUUSD,100,7349874591905646816,7349874591886473117,7349874591969366684,7349874591969366572,30,2026-03-24T16:30:59.000Z,2026-03-24T16:31:29.000Z,10.3,-11.0,6.8,-3.5,0,0.1,4418.24,4417.43,,,SELL,USD,1,1,1583663
D#1671093,XAUUSD,100,7349874591905646817,7349874591886472977,7349874591969366694,7349874591969365479,372,2026-03-24T16:25:22.000Z,2026-03-24T16:31:34.000Z,-40.74,40.32,-42.84,-2.1,0,0.06,4424.62,4417.61,,4435.34,BUY,USD,1,1,1583663
D#1702520,XAUUSD,100,7349874591905646860,7349874591886473148,7349874591969366865,7349874591969366810,16,2026-03-24T16:32:13.000Z,2026-03-24T16:32:29.000Z,36.5,-40.0,19.0,-17.5,0,0.5,4417.67,4417.16,,,SELL,USD,1,1,1583663
D#1702720,XAUUSD,100,7349874591905646890,7349874591886473134,7349874591969367014,7349874591969366721,98,2026-03-24T16:31:42.000Z,2026-03-24T16:33:20.000Z,18.9,-21.0,8.4,-10.5,0,0.3,4417.96,4417.55,,4416.49,SELL,USD,1,1,1583663
D#1702530,XAUUSD,100,7349874591905646957,7349874591886473180,7349874591969367308,7349874591969367090,62,2026-03-24T16:33:49.000Z,2026-03-24T16:34:51.000Z,-68.6,67.19999999999999,-75.6,-7,0,0.2,4416.76,4420.41,,,SELL,USD,1,1,1583663
D#1702720,XAUUSD,100,7349874591905647014,7349874591886473184,7349874591969367170,7349874591969367113,91,2026-03-24T16:33:53.000Z,2026-03-24T16:35:24.000Z,61.8,-63.9,51.3,-10.5,0,0.3,4417.34,4415.5,4421.23,4415.83,SELL,USD,1,1,1583663
D#1702515,XAUUSD,100,7349874591905647018,7349874591886445285,7349874591969367463,7349874591969130622,50022,2026-03-24T02:41:43.000Z,2026-03-24T16:35:25.000Z,-59.77,59.7,-60.13,-0.36,0,0.01,4355.24,4415.23,,,SELL,USD,1,1,1583663
D#1702526,XAUUSD,100,7349874591905647057,7349874591886472755,7349874591969363992,7349874591969363812,982,2026-03-24T16:19:12.000Z,2026-03-24T16:35:34.000Z,-124.63,123.86,-128.49,-3.86,0,0.11,4423.79,4412.24,4412.98,4434.67,BUY,USD,1,1,1583663
D#1702530,XAUUSD,100,7349874591905647097,7349874591886473213,7349874591969367605,7349874591969367322,56,2026-03-24T16:34:54.000Z,2026-03-24T16:35:50.000Z,-150.4,149.0,-157.4,-7,0,0.2,4420.52,4412.78,,,BUY,USD,1,1,1583663
D#1671093,XAUUSD,100,7349874591905647165,7349874591886473206,7349874591969367862,7349874591969367258,133,2026-03-24T16:34:35.000Z,2026-03-24T16:36:48.000Z,-56.04,55.62,-58.14,-2.1,0,0.06,4420,4410.44,,,BUY,USD,1,1,1583663
D#1702520,XAUUSD,100,7349874591905647576,7349874591886473169,7349874591969368983,7349874591969366975,482,2026-03-24T16:33:03.000Z,2026-03-24T16:41:05.000Z,206,-207.75,197.24,-8.76,0,0.25,4418.55,4410.53,,,SELL,USD,1,1,1583663
D#1702422,XAUUSD,100,7349874591905647630,7349874591886473126,7349874591969369216,7349874591969366642,662,2026-03-24T16:31:18.000Z,2026-03-24T16:42:20.000Z,8.58,-8.790000000000001,7.52,-1.06,0,0.03,4417.28,4414.64,4432.86,4378.19,SELL,USD,1,1,1583663
D#1702692,XAUUSD,100,7349874591905647634,7349874591886473123,7349874591969369225,7349874591969366597,678,2026-03-24T16:31:05.000Z,2026-03-24T16:42:23.000Z,11.34,-11.55,10.28,-1.06,0,0.03,4418.32,4414.76,4433.28,4378.94,SELL,USD,1,1,1583663
D#1702720,XAUUSD,100,7349874591905647643,7349874591886473298,7349874591969368081,7349874591969367827,350,2026-03-24T16:36:41.000Z,2026-03-24T16:42:31.000Z,-74.25,73.2,-79.51,-5.26,0,0.15,4411.23,4416.4,4416.04,4408.38,SELL,USD,1,1,1583663
D#1702712,XAUUSD,100,7349874591905647644,7349874591886473418,7349874591969369262,7349874591969368551,181,2026-03-24T16:39:31.000Z,2026-03-24T16:42:32.000Z,-121,119.6,-128.0,-7,0,0.2,4410.21,4416.48,,,SELL,USD,1,1,1583663
D#1702634,XAUUSD,100,7349874591905647655,7349874591886472894,7349874591969369318,7349874591969364292,1200,2026-03-24T16:22:49.000Z,2026-03-24T16:42:49.000Z,94.22,-95.2,89.32,-4.9,0,0.14,4423.86,4417.35,4417.77,4392.73,SELL,USD,1,1,1583663
D#1702504,XAUUSD,100,7349874591905647667,7349874591886473449,7349874591969369293,7349874591969368715,177,2026-03-24T16:40:05.000Z,2026-03-24T16:43:02.000Z,-71.64,71.01,-74.8,-3.16,0,0.09,4409.78,4417.96,4417.75,4397,SELL,USD,1,1,1583663
D#1702712,XAUUSD,100,7349874591905647689,7349874591886473527,7349874591969369437,7349874591969369280,46,2026-03-24T16:42:36.000Z,2026-03-24T16:43:22.000Z,47,-48.4,40.0,-7,0,0.2,4416.81,4418.94,,,BUY,USD,1,1,1583663
D#1671093,XAUUSD,100,7349874591905647730,7349874591886473310,7349874591969369549,7349874591969367915,414,2026-03-24T16:36:57.000Z,2026-03-24T16:43:51.000Z,-68.82,68.39999999999999,-70.92,-2.1,0,0.06,4411.29,4422.98,4426.5,4396.4,SELL,USD,1,1,1583663
D#1702712,XAUUSD,100,7349874591905647802,7349874591886473569,7349874591969369800,7349874591969369703,27,2026-03-24T16:44:35.000Z,2026-03-24T16:45:02.000Z,53.6,-55.0,46.6,-7,0,0.2,4422.26,4424.72,,,BUY,USD,1,1,1583663
D#1702712,XAUUSD,100,7349874591905647876,7349874591886473595,7349874591969369987,7349874591969369887,19,2026-03-24T16:45:28.000Z,2026-03-24T16:45:47.000Z,59,-60.4,52.0,-7,0,0.2,4424.39,4427.12,,,BUY,USD,1,1,1583663
D#1671093,XAUUSD,100,7349874591905647961,7349874591886473558,7349874591969370405,7349874591969369581,220,2026-03-24T16:44:00.000Z,2026-03-24T16:47:40.000Z,-18.06,17.639999999999997,-20.16,-2.1,0,0.06,4423.51,4420.28,,4438.4,BUY,USD,1,1,1583663
D#1702712,XAUUSD,100,7349874591905648111,7349874591886473636,7349874591969371137,7349874591969370193,282,2026-03-24T16:46:40.000Z,2026-03-24T16:51:22.000Z,17,-17.7,13.5,-3.5,0,0.1,4423.93,4425.41,,,BUY,USD,1,1,1583663
D#1702403,XAUUSD,100,7349874591905648224,7349874591886473752,7349874591969371776,7349874591969371108,246,2026-03-24T16:51:13.000Z,2026-03-24T16:55:19.000Z,-96.4,95.0,-103.4,-7,0,0.2,4426.12,4421.08,,4431.16,BUY,USD,1,1,1583663
D#1702712,XAUUSD,100,7349874591905648225,7349874591886473762,7349874591969371777,7349874591969371230,204,2026-03-24T16:51:55.000Z,2026-03-24T16:55:19.000Z,-63.4,62.0,-70.4,-7,0,0.2,4424.71,4421.32,,,BUY,USD,1,1,1583663
D#1702712,XAUUSD,100,7349874591905648360,7349874591886473847,7349874591969372326,7349874591969372024,95,2026-03-24T16:56:25.000Z,2026-03-24T16:58:00.000Z,-55.4,54.0,-62.4,-7,0,0.2,4422.62,4419.63,,,BUY,USD,1,1,1583663
D#1702712,XAUUSD,100,7349874591905648410,7349874591886473886,7349874591969372684,7349874591969372343,130,2026-03-24T16:58:04.000Z,2026-03-24T17:00:14.000Z,-55.8,54.4,-62.8,-7,0,0.2,4419.32,4422.33,,,SELL,USD,1,1,1583663
D#1702403,XAUUSD,100,7349874591905648433,7349874591886473839,7349874591969372777,7349874591969371924,299,2026-03-24T16:55:51.000Z,2026-03-24T17:00:50.000Z,-140.4,139.0,-147.4,-7,0,0.2,4419.19,4426.43,,4413.61,SELL,USD,1,1,1583663
D#1702712,XAUUSD,100,7349874591905648521,7349874591886473919,7349874591969373232,7349874591969372759,97,2026-03-24T17:00:44.000Z,2026-03-24T17:02:21.000Z,-61.6,60.2,-68.6,-7,0,0.2,4425.71,4422.41,,,BUY,USD,1,1,1583663
D#1702422,XAUUSD,100,7349874591905648612,7349874591886473601,7349874591969373510,7349874591969369948,1065,2026-03-24T16:45:40.000Z,2026-03-24T17:03:25.000Z,-31.62,31.41,-32.68,-1.06,0,0.03,4425.67,4414.91,4410.38,4465.04,BUY,USD,1,1,1583663
D#1702720,XAUUSD,100,7349874591905648615,7349874591886473562,7349874591969369712,7349874591969369605,1161,2026-03-24T16:44:05.000Z,2026-03-24T17:03:26.000Z,107.85,-108.89999999999999,102.59,-5.26,0,0.15,4422.28,4415.31,,4415.19,SELL,USD,1,1,1583663
D#1702692,XAUUSD,100,7349874591905648618,7349874591886473600,7349874591969373525,7349874591969369933,1069,2026-03-24T16:45:38.000Z,2026-03-24T17:03:27.000Z,-30.24,30.029999999999998,-31.3,-1.06,0,0.03,4425.51,4415.21,4410.39,4464.72,BUY,USD,1,1,1583663
D#1702526,XAUUSD,100,7349874591905648736,7349874591886473539,7349874591969373816,7349874591969369400,1286,2026-03-24T16:43:11.000Z,2026-03-24T17:04:37.000Z,-41.03,40.26,-44.89,-3.86,0,0.11,4417.51,4413.56,,4428.3,BUY,USD,1,1,1583663
D#1671080,XAUUSD,100,7349874591905648866,7349874591886473877,7349874591969372354,7349874591969372289,433,2026-03-24T16:57:50.000Z,2026-03-24T17:05:03.000Z,80.7,-81.05,78.94,-1.76,0,0.05,4420.53,4404.61,4429.3,4404.25,SELL,USD,1,1,1583663
D#1702371,XAUUSD,100,7349874591905649095,7349874591886472954,7349874591969374410,7349874591969365290,2448,2026-03-24T16:24:33.000Z,2026-03-24T17:05:21.000Z,576.4,-577.8,569.4,-7,0,0.2,4422.89,4394.29,,,SELL,USD,1,1,1583663
D#1702504,XAUUSD,100,7349874591905649103,7349874591886473618,7349874591969374428,7349874591969370021,1166,2026-03-24T16:45:56.000Z,2026-03-24T17:05:22.000Z,-159.6,159.25,-161.36,-1.76,0,0.05,4426.3,4394.16,4319.72,4698,BUY,USD,1,1,1583663
D#1702520,XAUUSD,100,7349874591905649110,7349874591886473535,7349874591969374436,7349874591969369362,1342,2026-03-24T16:43:01.000Z,2026-03-24T17:05:23.000Z,355.05,-356.1,349.79,-5.26,0,0.15,4417.49,4394.04,,,SELL,USD,1,1,1583663
D#1702661,XAUUSD,100,7349874591905649168,7349874591886472854,7349874591969374839,7349874591969364525,2653,2026-03-24T16:21:31.000Z,2026-03-24T17:05:44.000Z,23.54,-23.61,23.18,-0.36,0,0.01,4420.2,4396.88,,,SELL,USD,1,1,1583663
D#1702515,XAUUSD,100,7349874591905649184,7349874591886473319,7349874591969374879,7349874591969367958,1725,2026-03-24T16:37:05.000Z,2026-03-24T17:05:50.000Z,73.9,-74.25,72.14,-1.76,0,0.05,4411.92,4397.36,4443.31,,SELL,USD,1,1,1583663
D#1702710,XAUUSD,100,7349874591905649254,7349874591886474141,7349874591969375028,7349874591969374935,10,2026-03-24T17:05:59.000Z,2026-03-24T17:06:09.000Z,137.2,-138.6,130.2,-7,0,0.2,4394.07,4400.71,,,BUY,USD,1,1,1583663
D#1702710,XAUUSD,100,7349874591905649337,7349874591886474185,7349874591969375311,7349874591969375156,27,2026-03-24T17:06:29.000Z,2026-03-24T17:06:56.000Z,12.4,-13.1,8.9,-3.5,0,0.1,4403.07,4404.09,,,BUY,USD,1,1,1583663
D#1702710,XAUUSD,100,7349874591905649482,7349874591886474225,7349874591969375870,7349874591969375433,91,2026-03-24T17:07:12.000Z,2026-03-24T17:08:43.000Z,-295.4,294.0,-302.4,-7,0,0.2,4407.92,4392.93,,,BUY,USD,1,1,1583663
D#1702439,XAUUSD,100,7349874591905649492,7349874591886470247,7349874591969346121,7349874591969345643,7051,2026-03-24T15:11:14.000Z,2026-03-24T17:08:45.000Z,13.67,-13.74,13.31,-0.36,0,0.01,4405.06,4391.61,4434.34,4391.81,SELL,USD,1,1,1583663
D#1702710,XAUUSD,100,7349874591905649527,7349874591886474296,7349874591969376007,7349874591969375892,23,2026-03-24T17:08:47.000Z,2026-03-24T17:09:10.000Z,-39.4,38.0,-46.4,-7,0,0.2,4390.89,4393.08,,,SELL,USD,1,1,1583663
D#1702588,XAUUSD,100,7349874591905649652,7349874591886472709,7349874591969363465,7349874591969361800,3148,2026-03-24T16:17:49.000Z,2026-03-24T17:10:17.000Z,120.12,-120.4,118.72,-1.4,0,0.04,4418.93,4389.12,4430.94,4389.04,SELL,USD,1,1,1583663
D#1702681,XAUUSD,100,7349874591905649663,7349874591886467772,7349874591969376432,7349874591969324822,9353,2026-03-24T14:34:27.000Z,2026-03-24T17:10:20.000Z,214.32,-214.88,211.52,-2.8,0,0.08,4416.09,4389.52,4443.31,4387.54,SELL,USD,1,1,1583663
D#1702692,XAUUSD,100,7349874591905649680,7349874591886474186,7349874591969376499,7349874591969375164,238,2026-03-24T17:06:30.000Z,2026-03-24T17:10:28.000Z,35.64,-35.85,34.58,-1.06,0,0.03,4402.58,4390.92,4418,4363.66,SELL,USD,1,1,1583663
D#1702422,XAUUSD,100,7349874591905649688,7349874591886474182,7349874591969376541,7349874591969375141,247,2026-03-24T17:06:27.000Z,2026-03-24T17:10:34.000Z,30.84,-31.05,29.78,-1.06,0,0.03,4403.07,4393.01,4418.76,4364.09,SELL,USD,1,1,1583663
D#1702720,XAUUSD,100,7349874591905649763,7349874591886474373,7349874591969376831,7349874591969376431,69,2026-03-24T17:10:20.000Z,2026-03-24T17:11:29.000Z,-108.9,107.85000000000001,-114.16,-5.26,0,0.15,4389.3,4396.78,,4389.17,SELL,USD,1,1,1583663
D#1702720,XAUUSD,100,7349874591905650001,7349874591886474478,7349874591969377823,7349874591969377263,131,2026-03-24T17:13:00.000Z,2026-03-24T17:15:11.000Z,-106.05,105.0,-111.31,-5.26,0,0.15,4391.56,4398.85,,4384.27,SELL,USD,1,1,1583663
D#1702385,XAUUSD,100,7349874591905650250,7349874591886474660,7349874591969378715,7349874591969378614,70,2026-03-24T17:18:26.000Z,2026-03-24T17:19:36.000Z,83.2,-84.60000000000001,76.2,-7,0,0.2,4402.13,4398.19,,4398.01,SELL,USD,1,1,1583663
D#1702718,XAUUSD,100,7349874591905650494,7349874591886474527,7349874591969379910,7349874591969377559,574,2026-03-24T17:14:06.000Z,2026-03-24T17:23:40.000Z,-426.5,423.0,-444.0,-17.5,0,0.5,4395.39,4404.14,,,SELL,USD,1,1,1583663
D#1702392,XAUUSD,100,7349874591905650787,7349874591886474422,7349874591969376993,7349874591969376806,1120,2026-03-24T17:11:24.000Z,2026-03-24T17:30:04.000Z,1.35,-1.7000000000000002,-0.41,-1.76,0,0.05,4396.65,4396.7,4396.89,4410.27,BUY,USD,1,1,1583663
D#1702370,XAUUSD,100,7349874591905650830,7349874591886474457,7349874591969379171,7349874591969377121,1081,2026-03-24T17:12:33.000Z,2026-03-24T17:30:34.000Z,-34,32.6,-41.0,-7,0,0.2,4396.51,4394.59,4394.81,4416.52,BUY,USD,1,1,1583663
D#1702692,XAUUSD,100,7349874591905650878,7349874591886474664,7349874591969381702,7349874591969378637,742,2026-03-24T17:18:31.000Z,2026-03-24T17:30:53.000Z,15.09,-15.3,14.03,-1.06,0,0.03,4400.79,4395.98,4416.26,4361.92,SELL,USD,1,1,1583663
D#1702422,XAUUSD,100,7349874591905650897,7349874591886474663,7349874591969381788,7349874591969378630,763,2026-03-24T17:18:30.000Z,2026-03-24T17:31:13.000Z,14.82,-15.030000000000001,13.76,-1.06,0,0.03,4401.17,4396.45,4415.78,4361.11,SELL,USD,1,1,1583663
D#1702385,XAUUSD,100,7349874591905650933,7349874591886475043,7349874591969381927,7349874591969381884,11,2026-03-24T17:31:35.000Z,2026-03-24T17:31:46.000Z,78.69,-81.7,63.63,-15.06,0,0.43,4395.19,4396.8,,4396.92,BUY,USD,1,1,1583663
D#1702564,XAUUSD,100,7349874591905651008,7349874591886470248,7349874591969382120,7349874591969345650,8466,2026-03-24T15:11:15.000Z,2026-03-24T17:32:21.000Z,-203.2,202.5,-206.7,-3.5,0,0.1,4406.02,4385.48,,4431.22,BUY,USD,1,1,1583663
D#1702370,XAUUSD,100,7349874591905651046,7349874591886475033,7349874591969382236,7349874591969381837,74,2026-03-24T17:31:24.000Z,2026-03-24T17:32:38.000Z,518.4,-521.1999999999999,504.4,-14,0,0.4,4396.55,4383.81,,,SELL,USD,1,1,1583663
D#1645696,XAUUSD,100,7349874591905651074,7349874591886474730,7349874591969382398,7349874591969379129,762,2026-03-24T17:20:21.000Z,2026-03-24T17:33:03.000Z,-150.21,149.58,-153.37,-3.16,0,0.09,4400.71,4383.8,,4411.71,BUY,USD,1,1,1583663
D#1702515,XAUUSD,100,7349874591905651103,7349874591886474940,7349874591969382594,7349874591969380994,283,2026-03-24T17:28:53.000Z,2026-03-24T17:33:36.000Z,108.7,-109.05,106.94,-1.76,0,0.05,4405.04,4383.52,,,SELL,USD,1,1,1583663
D#1702395,XAUUSD,100,7349874591905651240,7349874591886473146,7349874591969383204,7349874591969366789,3785,2026-03-24T16:32:05.000Z,2026-03-24T17:35:10.000Z,197.88,-198.29999999999998,195.78,-2.1,0,0.06,4418.18,4385.42,,,SELL,USD,1,1,1583663
D#1702634,XAUUSD,100,7349874591905652011,7349874591886475358,7349874591969384748,7349874591969384738,316,2026-03-24T17:39:48.000Z,2026-03-24T17:45:04.000Z,-81.5,80.8,-85.0,-3.5,0,0.1,4383.05,4374.68,4374.94,4433.46,BUY,USD,1,1,1583663
D#1702692,XAUUSD,100,7349874591905652399,7349874591886475347,7349874591969388295,7349874591969384592,661,2026-03-24T17:39:16.000Z,2026-03-24T17:50:17.000Z,3.87,-4.08,2.81,-1.06,0,0.03,4383.34,4384.41,4368.23,4422.56,BUY,USD,1,1,1583663
D#1702422,XAUUSD,100,7349874591905652400,7349874591886475348,7349874591969388301,7349874591969384610,659,2026-03-24T17:39:19.000Z,2026-03-24T17:50:18.000Z,4.23,-4.44,3.17,-1.06,0,0.03,4383.21,4384.4,4368.02,4422.68,BUY,USD,1,1,1583663
D#1670866,XAUUSD,100,7349874591905652643,7349874591886475821,7349874591969389305,7349874591969388725,115,2026-03-24T17:51:40.000Z,2026-03-24T17:53:35.000Z,21.5,-22.2,18.0,-3.5,0,0.1,4383.83,4381.9,,,SELL,USD,1,1,1583663
D#1671079,XAUUSD,100,7349874591905652948,7349874591886475677,7349874591969390227,7349874591969387473,512,2026-03-24T17:47:36.000Z,2026-03-24T17:56:08.000Z,99.5,-100.2,96.0,-3.5,0,0.1,4382.75,4392.48,,,BUY,USD,1,1,1583663
D#1645696,XAUUSD,100,7349874591905652951,7349874591886475109,7349874591969390243,7349874591969382478,1375,2026-03-24T17:33:16.000Z,2026-03-24T17:56:11.000Z,-56.96,56.4,-59.76,-2.8,0,0.08,4382.77,4390.11,,4367.88,SELL,USD,1,1,1583663
D#1702385,XAUUSD,100,7349874591905653699,7349874591886476382,7349874591969394564,7349874591969394479,59,2026-03-24T18:10:12.000Z,2026-03-24T18:11:11.000Z,92.02,-95.03,76.96,-15.06,0,0.43,4386.64,4388.56,,4388.72,BUY,USD,1,1,1583663
D#1702385,XAUUSD,100,7349874591905653783,7349874591886476437,7349874591969395230,7349874591969395167,49,2026-03-24T18:12:45.000Z,2026-03-24T18:13:34.000Z,58.05,-61.059999999999995,42.99,-15.06,0,0.43,4392.51,4391.38,,4391.25,SELL,USD,1,1,1583663
D#1670866,XAUUSD,100,7349874591905653789,7349874591886476425,7349874591969395367,7349874591969395032,92,2026-03-24T18:12:12.000Z,2026-03-24T18:13:44.000Z,20.4,-21.099999999999998,16.9,-3.5,0,0.1,4392.32,4390.5,,,SELL,USD,1,1,1583663
D#1702692,XAUUSD,100,7349874591905653793,7349874591886476008,7349874591969395422,7349874591969390276,1062,2026-03-24T17:56:16.000Z,2026-03-24T18:13:58.000Z,0.36,-0.57,-0.7,-1.06,0,0.03,4390.76,4390.66,4375.13,4429.46,BUY,USD,1,1,1583663
D#1702422,XAUUSD,100,7349874591905653794,7349874591886476006,7349874591969395426,7349874591969390262,1064,2026-03-24T17:56:15.000Z,2026-03-24T18:13:59.000Z,0.78,-0.99,-0.28,-1.06,0,0.03,4390.58,4390.62,4375.84,4430.5,BUY,USD,1,1,1583663
D#1670866,XAUUSD,100,7349874591905653877,7349874591886476460,7349874591969396020,7349874591969395546,111,2026-03-24T18:14:23.000Z,2026-03-24T18:16:14.000Z,16.4,-17.099999999999998,12.9,-3.5,0,0.1,4389.82,4388.4,,,SELL,USD,1,1,1583663
D#1702385,XAUUSD,100,7349874591905653900,7349874591886476494,7349874591969396105,7349874591969395996,22,2026-03-24T18:16:09.000Z,2026-03-24T18:16:31.000Z,81.7,-84.71000000000001,66.64,-15.06,0,0.43,4387.93,4389.61,,,BUY,USD,1,1,1583663
D#1702385,XAUUSD,100,7349874591905653979,7349874591886476528,7349874591969396625,7349874591969396546,18,2026-03-24T18:18:11.000Z,2026-03-24T18:18:29.000Z,60.9,-63.0,50.4,-10.5,0,0.3,4392.09,4390.28,,,SELL,USD,1,1,1583663
D#1702385,XAUUSD,100,7349874591905654018,7349874591886476546,7349874591969396800,7349874591969396768,8,2026-03-24T18:19:06.000Z,2026-03-24T18:19:14.000Z,51,-53.1,40.5,-10.5,0,0.3,4392.97,4394.45,,,BUY,USD,1,1,1583663
D#1702588,XAUUSD,100,7349874591905654077,7349874591886475962,7349874591969390005,7349874591969385997,1458,2026-03-24T17:55:39.000Z,2026-03-24T18:19:57.000Z,-39.05,38.699999999999996,-40.81,-1.76,0,0.05,4390.9,4398.93,4399.16,4366.65,SELL,USD,1,1,1583663
D#1671079,XAUUSD,100,7349874591905654186,7349874591886476010,7349874591969397458,7349874591969390302,1569,2026-03-24T17:56:22.000Z,2026-03-24T18:22:31.000Z,66.6,-67.3,63.1,-3.5,0,0.1,4391.79,4398.23,,,BUY,USD,1,1,1583663
D#1671079,XAUUSD,100,7349874591905654248,7349874591886476642,7349874591969397770,7349874591969397633,47,2026-03-24T18:23:29.000Z,2026-03-24T18:24:16.000Z,-2.96,2.82,-3.66,-0.7,0,0.02,4401.68,4403.38,,,SELL,USD,1,1,1583663
D#1702526,XAUUSD,100,7349874591905654292,7349874591886474196,7349874591969397915,7349874591969375262,4705,2026-03-24T17:06:46.000Z,2026-03-24T18:25:11.000Z,-26.73,25.96,-30.59,-3.86,0,0.11,4402.56,4405.21,,,SELL,USD,1,1,1583663
D#1591594,XAUUSD,100,7349874591905654392,7349874591886476482,7349874591969398368,7349874591969395890,697,2026-03-24T18:15:45.000Z,2026-03-24T18:27:22.000Z,-19.26,19.19,-19.62,-0.36,0,0.01,4388.62,4408.1,,,SELL,USD,1,1,1583663
D#1671079,XAUUSD,100,7349874591905654600,7349874591886476672,7349874591969399181,7349874591969397907,368,2026-03-24T18:25:09.000Z,2026-03-24T18:31:17.000Z,-54.5,53.8,-58.0,-3.5,0,0.1,4405.19,4410.86,,,SELL,USD,1,1,1583663
D#1671079,XAUUSD,100,7349874591905654732,7349874591886476836,7349874591969399450,7349874591969399247,30,2026-03-24T18:31:31.000Z,2026-03-24T18:32:01.000Z,-64.7,64.0,-68.2,-3.5,0,0.1,4413.44,4420.13,,,SELL,USD,1,1,1583663
D#1702588,XAUUSD,100,7349874591905654746,7349874591886476693,7349874591969398058,7349874591969398046,374,2026-03-24T18:25:50.000Z,2026-03-24T18:32:04.000Z,-48,47.72,-49.4,-1.4,0,0.04,4408.78,4421,4420.63,4378.99,SELL,USD,1,1,1583663
D#1670866,XAUUSD,100,7349874591905654762,7349874591886476506,7349874591969399494,7349874591969396154,929,2026-03-24T18:16:41.000Z,2026-03-24T18:32:10.000Z,-325.1,324.40000000000003,-328.6,-3.5,0,0.1,4389.51,4422.24,,,SELL,USD,1,1,1583663
D#1671079,XAUUSD,100,7349874591905655630,7349874591886476892,7349874591969402147,7349874591969399589,602,2026-03-24T18:32:33.000Z,2026-03-24T18:42:35.000Z,116.2,-116.9,112.7,-3.5,0,0.1,4419.64,4408.24,,,SELL,USD,1,1,1583663
D#1702422,XAUUSD,100,7349874591905655693,7349874591886476694,7349874591969398071,7349874591969398069,1041,2026-03-24T18:25:51.000Z,2026-03-24T18:43:12.000Z,-76.4,75.7,-79.9,-3.5,0,0.1,4408.5,4400.64,4402.22,4434.25,BUY,USD,1,1,1583663
D#1702398,XAUUSD,100,7349874591905655694,7349874591886477210,7349874591969401851,7349874591969401850,91,2026-03-24T18:41:41.000Z,2026-03-24T18:43:12.000Z,-21.74,21.599999999999998,-22.44,-0.7,0,0.02,4411.73,4400.64,4402.3,,BUY,USD,1,1,1583663
D#1702692,XAUUSD,100,7349874591905655716,7349874591886476724,7349874591969398396,7349874591969398395,951,2026-03-24T18:27:33.000Z,2026-03-24T18:43:24.000Z,-54.3,53.949999999999996,-56.06,-1.76,0,0.05,4408.53,4397.45,4397.53,4445.66,BUY,USD,1,1,1583663
D#1702634,XAUUSD,100,7349874591905655722,7349874591886476515,7349874591969396429,7349874591969396368,1548,2026-03-24T18:17:37.000Z,2026-03-24T18:43:25.000Z,49.6,-50.300000000000004,46.1,-3.5,0,0.1,4391.31,4396.05,4397.26,4433.54,BUY,USD,1,1,1583663
D#1671079,XAUUSD,100,7349874591905655727,7349874591886477279,7349874591969402401,7349874591969402189,42,2026-03-24T18:42:45.000Z,2026-03-24T18:43:27.000Z,126.6,-127.3,123.1,-3.5,0,0.1,4408.22,4395.78,,,SELL,USD,1,1,1583663
D#1702494,XAUUSD,100,7349874591905655740,7349874591886477243,7349874591969402457,7349874591969402032,81,2026-03-24T18:42:18.000Z,2026-03-24T18:43:39.000Z,54.67,-55.160000000000004,52.21,-2.46,0,0.07,4405.84,4398.25,4405.44,,SELL,USD,1,1,1583663
D#1702692,XAUUSD,100,7349874591905655828,7349874591886477352,7349874591969402816,7349874591969402812,14,2026-03-24T18:45:17.000Z,2026-03-24T18:45:31.000Z,-11.45,11.1,-13.21,-1.76,0,0.05,4400.1,4397.59,4398.05,4420.05,BUY,USD,1,1,1583663
D#1702422,XAUUSD,100,7349874591905656421,7349874591886477334,7349874591969402625,7349874591969402624,827,2026-03-24T18:44:20.000Z,2026-03-24T18:58:07.000Z,-102.5,101.8,-106.0,-3.5,0,0.1,4400.1,4389.63,4389.88,4429.88,BUY,USD,1,1,1583663
D#1702398,XAUUSD,100,7349874591905656450,7349874591886477312,7349874591969405478,7349874591969402435,887,2026-03-24T18:43:33.000Z,2026-03-24T18:58:20.000Z,-197.75,196.0,-206.51,-8.76,0,0.25,4397.54,4389.41,4387.95,,BUY,USD,1,1,1583663
D#1671079,XAUUSD,100,7349874591905656504,7349874591886477310,7349874591969405729,7349874591969402427,932,2026-03-24T18:43:32.000Z,2026-03-24T18:59:04.000Z,86.9,-87.60000000000001,83.4,-3.5,0,0.1,4395.87,4387.4,,,SELL,USD,1,1,1583663
D#1702494,XAUUSD,100,7349874591905656573,7349874591886477665,7349874591969405570,7349874591969405352,145,2026-03-24T18:58:01.000Z,2026-03-24T19:00:26.000Z,4.97,-5.46,2.51,-2.46,0,0.07,4392.95,4392.46,4391.83,,SELL,USD,1,1,1583663
D#1702588,XAUUSD,100,7349874591905657563,7349874591886478001,7349874591969408004,7349874591969404495,906,2026-03-24T19:11:18.000Z,2026-03-24T19:26:24.000Z,-35.2,34.64,-38.0,-2.8,0,0.08,4405.74,4410.36,4410.14,4390.66,SELL,USD,1,1,1583663
D#1702410,XAUUSD,100,7349874591905657929,7349874591886478134,7349874591969409170,7349874591969409133,922,2026-03-24T19:18:42.000Z,2026-03-24T19:34:04.000Z,-47.9,47.199999999999996,-51.4,-3.5,0,0.1,4406.74,4401.73,4401.85,4415.62,BUY,USD,1,1,1583663
D#1645756,XAUUSD,100,7349874591905657937,7349874591886467341,7349874591969411530,7349874591969328050,18378,2026-03-24T14:28:10.000Z,2026-03-24T19:34:28.000Z,22.44,-22.580000000000002,21.74,-0.7,0,0.02,4413.04,4402.04,4436.82,4397.86,SELL,USD,1,1,1583663
D#1702669,XAUUSD,100,7349874591905657993,7349874591886478159,7349874591969409418,7349874591969409401,905,2026-03-24T19:20:45.000Z,2026-03-24T19:35:50.000Z,-19.46,19.32,-20.16,-0.7,0,0.02,4407.04,4397.09,4397.12,4427.12,BUY,USD,1,1,1583663
D#1645756,XAUUSD,100,7349874591905658075,7349874591886478455,7349874591969412107,7349874591969411714,152,2026-03-24T19:35:38.000Z,2026-03-24T19:38:10.000Z,5.28,-5.5600000000000005,3.88,-1.4,0,0.04,4399.82,4400.92,4388.69,4412.53,BUY,USD,1,1,1583663
D#1702494,XAUUSD,100,7349874591905658187,7349874591886478315,7349874591969412537,7349874591969410680,691,2026-03-24T19:29:39.000Z,2026-03-24T19:41:10.000Z,58.87,-59.36,56.41,-2.46,0,0.07,4407.33,4399.14,4406.85,,SELL,USD,1,1,1583663
D#1645756,XAUUSD,100,7349874591905658662,7349874591886478502,7349874591969414554,7349874591969412170,930,2026-03-24T19:38:36.000Z,2026-03-24T19:54:06.000Z,22.72,-23.279999999999998,19.92,-2.8,0,0.08,4399.89,4402.51,4390.38,4412.53,BUY,USD,1,1,1583663
D#1702588,XAUUSD,100,7349874591905659470,7349874591886479069,7349874591969416423,7349874591969416317,638,2026-03-24T20:07:40.000Z,2026-03-24T20:18:18.000Z,-41.48,40.29,-47.44,-5.96,0,0.17,4401.03,4403.69,4403.52,4394.21,SELL,USD,1,1,1583663
D#1702588,XAUUSD,100,7349874591905659489,7349874591886479186,7349874591969417211,7349874591969417209,2,2026-03-24T20:18:40.000Z,2026-03-24T20:18:42.000Z,1.87,-3.0600000000000005,-4.09,-5.96,0,0.17,4405.15,4405.26,,,SELL,USD,1,1,1583663
D#1645756,XAUUSD,100,7349874591905659538,7349874591886478857,7349874591969415118,7349874591969414925,1414,2026-03-24T19:55:58.000Z,2026-03-24T20:19:32.000Z,-89.5,88.8,-93.0,-3.5,0,0.1,4400.43,4409.6,4409.47,4390.1,SELL,USD,1,1,1583663
D#1702588,XAUUSD,100,7349874591905659731,7349874591886479241,7349874591969417614,7349874591969417559,14,2026-03-24T20:20:42.000Z,2026-03-24T20:20:56.000Z,15.3,-16.490000000000002,9.34,-5.96,0,0.17,4412.03,4411.35,,,SELL,USD,1,1,1583663
D#1702487,XAUUSD,100,7349874591905659853,7349874591886476870,7349874591969399440,7349874591969397885,6579,2026-03-24T18:31:59.000Z,2026-03-24T20:21:38.000Z,6.28,-6.5600000000000005,4.88,-1.4,0,0.04,4419.12,4417.77,4418.03,4380.98,SELL,USD,1,1,1583663
D#1702661,XAUUSD,100,7349874591905659914,7349874591886477666,7349874591969405781,7349874591969403139,5046,2026-03-24T18:58:03.000Z,2026-03-24T20:22:09.000Z,64.18,-64.32000000000001,63.48,-0.7,0,0.02,4390.57,4422.44,4391.67,4422.51,BUY,USD,1,1,1583663
D#1702588,XAUUSD,100,7349874591905659933,7349874591886479276,7349874591969417790,7349874591969417789,39,2026-03-24T20:21:33.000Z,2026-03-24T20:22:12.000Z,-26.46,26.25,-27.52,-1.06,0,0.03,4414.71,4423.75,4423.03,4385.22,SELL,USD,1,1,1583663
D#1702669,XAUUSD,100,7349874591905660016,7349874591886478519,7349874591969412259,7349874591969412189,2595,2026-03-24T19:39:07.000Z,2026-03-24T20:22:22.000Z,60.98,-61.12,60.28,-0.7,0,0.02,4397.22,4427.49,4380.12,4427.12,BUY,USD,1,1,1583663
D#1702588,XAUUSD,100,7349874591905660120,7349874591886479348,7349874591969418452,7349874591969418388,14,2026-03-24T20:22:35.000Z,2026-03-24T20:22:49.000Z,-1.98,1.77,-3.04,-1.06,0,0.03,4429.7,4428.82,4416.64,,BUY,USD,1,1,1583663
D#1702634,XAUUSD,100,7349874591905660221,7349874591886477429,7349874591969403522,7349874591969403481,5717,2026-03-24T18:48:25.000Z,2026-03-24T20:23:42.000Z,363.5,-364.2,360.0,-3.5,0,0.1,4397.49,4433.62,4383.28,4433.57,BUY,USD,1,1,1583663
D#1702439,XAUUSD,100,7349874591905660234,7349874591886478194,7349874591969409814,7349874591969409731,3644,2026-03-24T19:23:00.000Z,2026-03-24T20:23:44.000Z,28.51,-28.580000000000002,28.15,-0.36,0,0.01,4407.1,4435.39,4373.48,4434.56,BUY,USD,1,1,1583663
D#1702422,XAUUSD,100,7349874591905660282,7349874591886477796,7349874591969406516,7349874591969406513,4901,2026-03-24T19:02:17.000Z,2026-03-24T20:23:58.000Z,398.4,-399.09999999999997,394.9,-3.5,0,0.1,4396.94,4436.56,4386.73,4436.73,BUY,USD,1,1,1583663
D#1702588,XAUUSD,100,7349874591905660293,7349874591886479380,7349874591969418607,7349874591969418605,46,2026-03-24T20:23:20.000Z,2026-03-24T20:24:06.000Z,-45.32,45.04,-46.72,-1.4,0,0.04,4428.09,4439.64,4439.28,,SELL,USD,1,1,1583663
D#1702692,XAUUSD,100,7349874591905660348,7349874591886477369,7349874591969402946,7349874591969402942,5904,2026-03-24T18:45:51.000Z,2026-03-24T20:24:15.000Z,240.45,-240.79999999999998,238.69,-1.76,0,0.05,4398.47,4446.34,4383.26,4445.87,BUY,USD,1,1,1583663
D#1702664,XAUUSD,100,7349874591905660403,7349874591886451954,7349874591969215173,7349874591969211945,45639,2026-03-24T07:43:44.000Z,2026-03-24T20:24:23.000Z,-240.5,240.15,-242.26,-1.76,0,0.05,4403.8,4452.12,4451.85,4330.19,SELL,USD,1,1,1583663
D#1614607,XAUUSD,100,7349874591905660422,7349874591886478886,7349874591969415194,7349874591969415191,1622,2026-03-24T19:57:22.000Z,2026-03-24T20:24:24.000Z,-51.68,51.61,-52.04,-0.36,0,0.01,4403.09,4454.99,4453.2,4284.2,SELL,USD,1,1,1583663
D#1671079,XAUUSD,100,7349874591905660434,7349874591886477720,7349874591969419001,7349874591969405802,5111,2026-03-24T18:59:15.000Z,2026-03-24T20:24:26.000Z,-693.3,692.5999999999999,-696.8,-3.5,0,0.1,4385.77,4455.32,,,SELL,USD,1,1,1583663
D#1702407,XAUUSD,100,7349874591905660444,7349874591886452041,7349874591969419032,7349874591969212715,45416,2026-03-24T07:47:35.000Z,2026-03-24T20:24:31.000Z,-246.05,245.70000000000002,-247.81,-1.76,0,0.05,4408.14,4457.57,,,SELL,USD,1,1,1583663
D#1702494,XAUUSD,100,7349874591905660495,7349874591886479415,7349874591969419143,7349874591969418813,56,2026-03-24T20:24:00.000Z,2026-03-24T20:24:56.000Z,195.65,-196.14000000000001,193.19,-2.46,0,0.07,4436.88,4464.61,4441.04,,BUY,USD,1,1,1583663
D#1702441,XAUUSD,100,7349874591905660515,7349874591886442152,7349874591969419176,7349874591969096716,69615,2026-03-24T01:04:46.000Z,2026-03-24T20:25:01.000Z,-206.86,206.72000000000003,-207.56,-0.7,0,0.02,4360.86,4464.51,4514,4158,SELL,USD,1,1,1583663
D#1702495,XAUUSD,100,7349874591905660578,7349874591886471225,7349874591969354102,7349874591969352703,17289,2026-03-24T15:37:12.000Z,2026-03-24T20:25:21.000Z,104.34,-104.48,103.64,-0.7,0,0.02,4418.82,4470.77,4370,4470,BUY,USD,1,1,1583663
D#1670982,XAUUSD,100,7349874591905660627,7349874591886473875,7349874591969372486,7349874591969372273,12472,2026-03-24T16:57:44.000Z,2026-03-24T20:25:36.000Z,-55.15,55.08,-55.51,-0.36,0,0.01,4420.18,4475.55,4475,4100,SELL,USD,1,1,1583663
D#1645756,XAUUSD,100,7349874591905661054,7349874591886479563,7349874591969420291,7349874591969419682,90,2026-03-24T20:26:30.000Z,2026-03-24T20:28:00.000Z,99.4,-100.10000000000001,95.9,-3.5,0,0.1,4471.05,4461.33,,,SELL,USD,1,1,1583663
D#1702588,XAUUSD,100,7349874591905661088,7349874591886479500,7349874591969419364,7349874591969419361,176,2026-03-24T20:25:31.000Z,2026-03-24T20:28:27.000Z,-111.06,110.64,-113.16,-2.1,0,0.06,4470.53,4451.8,4451.74,4514.21,BUY,USD,1,1,1583663
D#1702588,XAUUSD,100,7349874591905661255,7349874591886479752,7349874591969420828,7349874591969420486,68,2026-03-24T20:28:38.000Z,2026-03-24T20:29:46.000Z,-4.94,4.03,-9.5,-4.56,0,0.13,4455.44,4456.04,4468.64,4423.69,SELL,USD,1,1,1583663
D#1702422,XAUUSD,100,7349874591905661813,7349874591886479956,7349874591969422631,7349874591969421794,197,2026-03-24T20:33:36.000Z,2026-03-24T20:36:53.000Z,-55.15,54.8,-56.91,-1.76,0,0.05,4457.05,4468.3,4478.91,4378.91,SELL,USD,1,1,1583663
D#1702588,XAUUSD,100,7349874591905661829,7349874591886479862,7349874591969422715,7349874591969421085,390,2026-03-24T20:30:41.000Z,2026-03-24T20:37:11.000Z,-64.32,63.199999999999996,-69.92,-5.6,0,0.16,4465.06,4469.3,4484.23,4428.96,SELL,USD,1,1,1583663
D#1702422,XAUUSD,100,7349874591905662186,7349874591886480137,7349874591969424039,7349874591969423008,266,2026-03-24T20:38:34.000Z,2026-03-24T20:43:00.000Z,83.95,-84.3,82.19,-1.76,0,0.05,4469.55,4452.98,4489.04,4423.83,SELL,USD,1,1,1583663
D#1702634,XAUUSD,100,7349874591905662521,7349874591886480334,7349874591969424652,7349874591969424559,389,2026-03-24T20:45:34.000Z,2026-03-24T20:52:03.000Z,67.9,-68.25,66.14,-1.76,0,0.05,4461.47,4474.83,4453.94,4474.46,BUY,USD,1,1,1583663
D#1702515,XAUUSD,100,7349874591905663117,7349874591886475460,7349874591969427237,7349874591969385718,15748,2026-03-24T17:42:52.000Z,2026-03-24T22:05:20.000Z,-542.45,542.1,-544.21,-1.76,0,0.05,4376.16,4484.87,,4352.89,SELL,USD,1,1,1583663
D#1702487,XAUUSD,100,7349874591905663203,7349874591886480788,7349874591969428128,7349874591969428066,16,2026-03-24T22:07:17.000Z,2026-03-24T22:07:33.000Z,-9.16,8.88,-10.56,-1.4,0,0.04,4478.49,4475.98,,,BUY,USD,1,1,1583663
D#1702753,XAUUSD,100,7349874591905663265,7349874591886480751,7349874591969428460,7349874591969427279,211,2026-03-24T22:05:32.000Z,2026-03-24T22:09:03.000Z,17.29,-17.779999999999998,14.83,-2.46,0,0.07,4484.89,4482.64,4490.18,4460.69,SELL,USD,1,1,1583663
D#1702753,XAUUSD,100,7349874591905663285,7349874591886480838,7349874591969428540,7349874591969428512,11,2026-03-24T22:09:20.000Z,2026-03-24T22:09:31.000Z,-10.92,10.43,-13.38,-2.46,0,0.07,4483.21,4484.99,,,SELL,USD,1,1,1583663
D#1702753,XAUUSD,100,7349874591905663381,7349874591886480848,7349874591969428902,7349874591969428575,110,2026-03-24T22:09:38.000Z,2026-03-24T22:11:28.000Z,3.29,-3.7800000000000002,0.83,-2.46,0,0.07,4484.72,4484.47,,,SELL,USD,1,1,1583663
D#1702753,XAUUSD,100,7349874591905663583,7349874591886480915,7349874591969429352,7349874591969428947,362,2026-03-24T22:11:50.000Z,2026-03-24T22:17:52.000Z,-99.28,98.09,-105.24,-5.96,0,0.17,4484.28,4478.22,4479.06,4498.17,BUY,USD,1,1,1583663
D#1702753,XAUUSD,100,7349874591905663654,7349874591886481022,7349874591969430214,7349874591969430024,100,2026-03-24T22:18:03.000Z,2026-03-24T22:19:43.000Z,-47.26,46.07,-53.22,-5.96,0,0.17,4478.38,4481.38,4481.11,4474.01,SELL,USD,1,1,1583663
D#1702753,XAUUSD,100,7349874591905663706,7349874591886481066,7349874591969430528,7349874591969430377,74,2026-03-24T22:20:03.000Z,2026-03-24T22:21:17.000Z,24,-25.4,17.0,-7,0,0.2,4483.47,4484.45,,,BUY,USD,1,1,1583663
D#1702753,XAUUSD,100,7349874591905663751,7349874591886481113,7349874591969430758,7349874591969430682,45,2026-03-24T22:22:54.000Z,2026-03-24T22:23:39.000Z,5.4,-6.800000000000001,-1.6,-7,0,0.2,4484.82,4484.87,,,BUY,USD,1,1,1583663
D#1702661,XAUUSD,100,7349874591905663803,7349874591886480825,7349874591969430935,7349874591969428403,972,2026-03-24T22:08:43.000Z,2026-03-24T22:24:55.000Z,20,-20.35,18.24,-1.76,0,0.05,4482.12,4478.34,,,SELL,USD,1,1,1583663
D#1702487,XAUUSD,100,7349874591905663851,7349874591886481082,7349874591969430471,7349874591969430470,284,2026-03-24T22:20:41.000Z,2026-03-24T22:25:25.000Z,-40.48,40.199999999999996,-41.88,-1.4,0,0.04,4484.6,4474.26,4474.53,4523,BUY,USD,1,1,1583663
D#1702410,XAUUSD,100,7349874591905664163,7349874591886481321,7349874591969432206,7349874591969432112,55,2026-03-24T22:31:20.000Z,2026-03-24T22:32:15.000Z,-67.75,66.0,-76.51,-8.76,0,0.25,4461.96,4459.03,4459.2,4470.53,BUY,USD,1,1,1583663
D#1702410,XAUUSD,100,7349874591905664320,7349874591886481410,7349874591969433037,7349874591969432804,112,2026-03-24T22:34:44.000Z,2026-03-24T22:36:36.000Z,105,-106.4,98.0,-7,0,0.2,4461.27,4466.3,4458.28,4467,BUY,USD,1,1,1583663
D#1702487,XAUUSD,100,7349874591905664388,7349874591886481203,7349874591969431208,7349874591969431207,763,2026-03-24T22:26:06.000Z,2026-03-24T22:38:49.000Z,5.56,-5.84,4.16,-1.4,0,0.04,4469.92,4468.75,4468.49,4420.95,SELL,USD,1,1,1583663
D#1702410,XAUUSD,100,7349874591905664599,7349874591886481507,7349874591969433482,7349874591969433432,356,2026-03-24T22:39:32.000Z,2026-03-24T22:45:28.000Z,4,-5.4,-3.0,-7,0,0.2,4467.06,4467.04,4467.3,4471.61,BUY,USD,1,1,1583663
D#1702487,XAUUSD,100,7349874591905664822,7349874591886481626,7349874591969434913,7349874591969433461,210,2026-03-24T22:46:26.000Z,2026-03-24T22:49:56.000Z,1.48,-1.76,0.08,-1.4,0,0.04,4476.33,4476.18,4486.47,4428.77,SELL,USD,1,1,1583663
D#1702410,XAUUSD,100,7349874591905665252,7349874591886481902,7349874591969436779,7349874591969436703,76,2026-03-24T23:03:24.000Z,2026-03-24T23:04:40.000Z,109.4,-110.80000000000001,102.4,-7,0,0.2,4478.31,4473.06,4478.07,4473.45,SELL,USD,1,1,1583663
D#1702410,XAUUSD,100,7349874591905665469,7349874591886481988,7349874591969437462,7349874591969437395,235,2026-03-24T23:07:39.000Z,2026-03-24T23:11:34.000Z,2.2,-3.6000000000000005,-4.8,-7,0,0.2,4480.39,4480.28,4480.63,4485.28,BUY,USD,1,1,1583663
D#1702669,XAUUSD,100,7349874591905665554,7349874591886480155,7349874591969423151,7349874591969423039,9426,2026-03-24T20:39:14.000Z,2026-03-24T23:16:20.000Z,-44.24,44.1,-44.94,-0.7,0,0.02,4466.45,4488.79,4487.26,4428.19,SELL,USD,1,1,1583663
D#1645756,XAUUSD,100,7349874591905665663,7349874591886479731,7349874591969438506,7349874591969420409,10106,2026-03-24T20:28:25.000Z,2026-03-24T23:16:51.000Z,-445.1,444.40000000000003,-448.6,-3.5,0,0.1,4454.38,4499.11,,4444.68,SELL,USD,1,1,1583663
D#1702653,XAUUSD,100,7349874591905665763,7349874591886482166,7349874591969438834,7349874591969438785,66,2026-03-24T23:18:06.000Z,2026-03-24T23:19:12.000Z,-0.03,-0.04000000000000001,-0.39,-0.36,0,0.01,4494,4494.25,4493.86,,SELL,USD,1,1,1583663
D#1702410,XAUUSD,100,7349874591905665841,7349874591886482095,7349874591969439273,7349874591969438292,298,2026-03-24T23:16:12.000Z,2026-03-24T23:21:10.000Z,264.6,-266.0,257.6,-7,0,0.2,4484.52,4497.53,4489.72,,BUY,USD,1,1,1583663
D#1702653,XAUUSD,100,7349874591905666025,7349874591886482267,7349874591969439631,7349874591969439526,134,2026-03-24T23:22:40.000Z,2026-03-24T23:24:54.000Z,-4.33,4.26,-4.69,-0.36,0,0.01,4497.44,4501.99,4502.26,,SELL,USD,1,1,1583663
D#1702653,XAUUSD,100,7349874591905666059,7349874591886482316,7349874591969439967,7349874591969439941,39,2026-03-24T23:25:01.000Z,2026-03-24T23:25:40.000Z,-0.36,0.29,-0.72,-0.36,0,0.01,4502.24,4502.82,4503.51,,SELL,USD,1,1,1583663
D#1702653,XAUUSD,100,7349874591905666111,7349874591886482334,7349874591969440204,7349874591969440088,29,2026-03-24T23:25:52.000Z,2026-03-24T23:26:21.000Z,-6.13,6.06,-6.49,-0.36,0,0.01,4501.5,4507.85,,,SELL,USD,1,1,1583663
D#1702653,XAUUSD,100,7349874591905666250,7349874591886482364,7349874591969440472,7349874591969440364,173,2026-03-24T23:27:07.000Z,2026-03-24T23:30:00.000Z,-6.08,6.01,-6.44,-0.36,0,0.01,4505.12,4511.42,4510.63,4455.72,SELL,USD,1,1,1583663
D#1702653,XAUUSD,100,7349874591905666367,7349874591886482447,7349874591969441009,7349874591969440960,90,2026-03-24T23:30:34.000Z,2026-03-24T23:32:04.000Z,0.26,-0.33,-0.1,-0.36,0,0.01,4510.17,4510.13,4509.97,,SELL,USD,1,1,1583663
D#1589404,XAUUSD,100,7349874591905666589,7349874591886454132,7349874591969228821,7349874591969228731,52857,2026-03-24T08:55:34.000Z,2026-03-24T23:36:31.000Z,109.91,-109.97999999999999,109.55,-0.36,0,0.01,4408.21,4517.9,,4518,BUY,USD,1,1,1583663
D#1702453,XAUUSD,100,7349874591905666601,7349874591886479492,7349874591969419305,7349874591969336328,11480,2026-03-24T20:25:21.000Z,2026-03-24T23:36:41.000Z,-95.4,95.26,-96.1,-0.7,0,0.02,4470.77,4518.69,4518.53,4281.62,SELL,USD,1,1,1583663
D#1702487,XAUUSD,100,7349874591905666613,7349874591886482425,7349874591969440825,7349874591969438229,402,2026-03-24T23:30:00.000Z,2026-03-24T23:36:42.000Z,-56.4,56.05,-58.16,-1.76,0,0.05,4511.15,4522.65,4520.79,4470.79,SELL,USD,1,1,1583663
D#1702653,XAUUSD,100,7349874591905666742,7349874591886482618,7349874591969442244,7349874591969442179,62,2026-03-24T23:37:18.000Z,2026-03-24T23:38:20.000Z,-1.5,1.43,-1.86,-0.36,0,0.01,4529.45,4531.17,4529.5,,SELL,USD,1,1,1583663
D#1671048,XAUUSD,100,7349874591905666885,7349874591886482682,7349874591969442787,7349874591969442712,16,2026-03-24T23:39:36.000Z,2026-03-24T23:39:52.000Z,5.32,-5.8100000000000005,2.86,-2.46,0,0.07,4543,4543.54,,,BUY,USD,1,1,1583663
D#1702653,XAUUSD,100,7349874591905667027,7349874591886482665,7349874591969442940,7349874591969442636,229,2026-03-24T23:39:22.000Z,2026-03-24T23:43:11.000Z,-7.03,6.96,-7.39,-0.36,0,0.01,4533.33,4540.58,4540.18,,SELL,USD,1,1,1583663
D#1702653,XAUUSD,100,7349874591905667056,7349874591886482771,7349874591969443573,7349874591969443547,30,2026-03-24T23:43:45.000Z,2026-03-24T23:44:15.000Z,-3.81,3.74,-4.17,-0.36,0,0.01,4540.92,4544.95,4544.22,,SELL,USD,1,1,1583663
D#1702653,XAUUSD,100,7349874591905667199,7349874591886482827,7349874591969444069,7349874591969444034,104,2026-03-24T23:46:24.000Z,2026-03-24T23:48:08.000Z,-6.24,6.17,-6.6,-0.36,0,0.01,4534.09,4540.55,4540.43,,SELL,USD,1,1,1583663
D#1702653,XAUUSD,100,7349874591905667271,7349874591886482863,7349874591969444427,7349874591969444360,74,2026-03-24T23:48:25.000Z,2026-03-24T23:49:39.000Z,-8.24,8.17,-8.6,-0.36,0,0.01,4538.27,4546.73,4546.21,,SELL,USD,1,1,1583663
D#1702653,XAUUSD,100,7349874591905667788,7349874591886483034,7349874591969447715,7349874591969446099,311,2026-03-24T23:58:18.000Z,2026-03-25T00:03:29.000Z,-0.37,0.3,-0.73,-0.36,0,0.01,4548.11,4548.7,4547.96,4447.82,SELL,USD,1,1,1583663
D#1702653,XAUUSD,100,7349874591905667845,7349874591886483166,7349874591969448590,7349874591969448461,41,2026-03-25T00:03:44.000Z,2026-03-25T00:04:25.000Z,-5.43,5.359999999999999,-5.79,-0.36,0,0.01,4546.5,4552.15,4551.67,,SELL,USD,1,1,1583663
D#1702653,XAUUSD,100,7349874591905668282,7349874591886483209,7349874591969448792,7349874591969448746,398,2026-03-25T00:04:53.000Z,2026-03-25T00:11:31.000Z,0.46,-0.53,0.1,-0.36,0,0.01,4553.1,4552.86,4552.84,4447.98,SELL,USD,1,1,1583663
D#1702487,XAUUSD,100,7349874591905668408,7349874591886482626,7349874591969444732,7349874591969442233,2193,2026-03-24T23:37:33.000Z,2026-03-25T00:14:06.000Z,249.7,-250.39999999999998,246.2,-3.5,0,0.1,4530.1,4554.85,4532.24,4554.99,BUY,USD,1,1,1583663
D#1702487,XAUUSD,100,7349874591905668514,7349874591886483503,7349874591969451023,7349874591969450864,46,2026-03-25T00:15:06.000Z,2026-03-25T00:15:52.000Z,-69.9,69.2,-73.4,-3.5,0,0.1,4550.65,4543.44,,4550.84,BUY,USD,1,1,1583663
D#1702487,XAUUSD,100,7349874591905668625,7349874591886483534,7349874591969451290,7349874591969451096,67,2026-03-25T00:16:06.000Z,2026-03-25T00:17:13.000Z,2.7,-3.4000000000000004,-0.8,-3.5,0,0.1,4542.49,4542.44,4541.98,4532.6,SELL,USD,1,1,1583663
D#1702487,XAUUSD,100,7349874591905668895,7349874591886483622,7349874591969452609,7349874591969451582,257,2026-03-25T00:19:04.000Z,2026-03-25T00:23:21.000Z,11.9,-12.6,8.4,-3.5,0,0.1,4544.91,4543.94,4550.09,4535.09,SELL,USD,1,1,1583663
D#1702540,XAUUSD,100,7349874591905669534,7349874591886482063,7349874591969438880,7349874591969437998,4881,2026-03-24T23:13:11.000Z,2026-03-25T00:34:32.000Z,401.15,-401.5,399.39,-1.76,0,0.05,4480.77,4560.78,4470.68,4560.67,BUY,USD,1,1,1583663
D#1702487,XAUUSD,100,7349874591905669732,7349874591886483792,7349874591969455576,7349874591969453170,652,2026-03-25T00:26:29.000Z,2026-03-25T00:37:21.000Z,60.1,-60.800000000000004,56.6,-3.5,0,0.1,4555.4,4561.19,4555.64,4563.29,BUY,USD,1,1,1583663
D#1702495,XAUUSD,100,7349874591905670072,7349874591886484301,7349874591969456752,7349874591969456719,16,2026-03-25T00:43:03.000Z,2026-03-25T00:43:19.000Z,1.12,-1.2600000000000002,0.42,-0.7,0,0.02,4566.89,4567.23,,,BUY,USD,1,1,1583663
D#1702495,XAUUSD,100,7349874591905670101,7349874591886484313,7349874591969456882,7349874591969456792,31,2026-03-25T00:43:34.000Z,2026-03-25T00:44:05.000Z,61.8,-63.199999999999996,54.8,-7,0,0.2,4566.81,4569.68,,,BUY,USD,1,1,1583663
