accountId,instrument,lotSize,closeTradeId,positionId,closeOrderId,openOrderId,durationSec,openDateTime,closeDateTime,profit,reverseProfit,netProfit,commission,swap,amount,openPrice,closePrice,slPrice,tpPrice,side,currency,openTradeCrossPrice,closeTradeCrossPrice,userGroupId
D#1702729,XAUUSD,100,7349874591907346739,7349874591887309228,7349874591975358332,7349874591975358005,57,2026-04-24T01:00:24.000Z,2026-04-24T01:01:21.000Z,54.75,-56.5,45.99,-8.76,0,0.25,4704.88,4702.91,4708.13,4700.83,SELL,USD,1,1,1583663
D#1702566,XAUUSD,100,7349874591907346937,7349874591887309282,7349874591975359246,7349874591975358498,124,2026-04-24T01:01:47.000Z,2026-04-24T01:03:51.000Z,1.18,-1.32,0.48,-0.7,0,0.02,4701.25,4701.62,,,BUY,USD,1,1,1583663
D#1702553,XAUUSD,100,7349874591907347069,7349874591887309368,7349874591975359286,7349874591975359152,94,2026-04-24T01:03:34.000Z,2026-04-24T01:05:08.000Z,-49.72,48.95,-53.58,-3.86,0,0.11,4700.96,4696.22,4696,4710.09,BUY,USD,1,1,1583663
D#1702459,XAUUSD,100,7349874591907347097,7349874591887309435,7349874591975359827,7349874591975359677,20,2026-04-24T01:05:01.000Z,2026-04-24T01:05:21.000Z,13.4,-14.8,6.4,-7,0,0.2,4697.95,4698.4,,,BUY,USD,1,1,1583663
D#1670960,XAUUSD,100,7349874591907347119,7349874591887309297,7349874591975359920,7349874591975358643,203,2026-04-24T01:02:12.000Z,2026-04-24T01:05:35.000Z,-4.4,4.05,-6.16,-1.76,0,0.05,4698.73,4697.63,,4714.55,BUY,USD,1,1,1583663
D#1702358,XAUUSD,100,7349874591907347195,7349874591887309463,7349874591975360207,7349874591975359784,67,2026-04-24T01:05:13.000Z,2026-04-24T01:06:20.000Z,-209.62,206.33,-226.08,-16.46,0,0.47,4696.68,4701.36,,,SELL,USD,1,1,1583663
D#1702729,XAUUSD,100,7349874591907347309,7349874591887309284,7349874591975361008,7349874591975358511,429,2026-04-24T01:01:49.000Z,2026-04-24T01:08:58.000Z,-1.55,1.48,-1.91,-0.36,0,0.01,4700.21,4701.98,4702.61,4690.51,SELL,USD,1,1,1583663
D#1702729,XAUUSD,100,7349874591907347335,7349874591887309598,7349874591975361194,7349874591975361016,31,2026-04-24T01:08:59.000Z,2026-04-24T01:09:30.000Z,20.5,-22.25,11.74,-8.76,0,0.25,4702.31,4702.91,,,BUY,USD,1,1,1583663
D#1702560,XAUUSD,100,7349874591907347384,7349874591887309339,7349874591975358942,7349874591975358940,459,2026-04-24T01:03:00.000Z,2026-04-24T01:10:39.000Z,-58.9,58.2,-62.4,-3.5,0,0.1,4699.28,4705.39,4705.19,4687.91,SELL,USD,1,1,1583663
D#1702397,XAUUSD,100,7349874591907347397,7349874591887309402,7349874591975361621,7349874591975359418,394,2026-04-24T01:04:17.000Z,2026-04-24T01:10:51.000Z,-212.4,209.6,-226.4,-14,0,0.4,4699.97,4705.5,,4679.96,SELL,USD,1,1,1583663
D#1702667,XAUUSD,100,7349874591907347398,7349874591887309462,7349874591975361627,7349874591975359778,339,2026-04-24T01:05:12.000Z,2026-04-24T01:10:51.000Z,92.3,-93.0,88.8,-3.5,0,0.1,4696.38,4705.39,4666.3,,BUY,USD,1,1,1583663
D#1670868,XAUUSD,100,7349874591907347404,7349874591887309570,7349874591975360613,7349874591975359961,200,2026-04-24T01:07:36.000Z,2026-04-24T01:10:56.000Z,-29.4,28.7,-32.9,-3.5,0,0.1,4703.02,4706.18,4705.99,,SELL,USD,1,1,1583663
D#1702544,XAUUSD,100,7349874591907347424,7349874591887309587,7349874591975361019,7349874591975360894,160,2026-04-24T01:08:34.000Z,2026-04-24T01:11:14.000Z,-49.5,48.8,-53,-3.5,0,0.1,4701.55,4706.72,4706.6,4689.93,SELL,USD,1,1,1583663
D#1670951,XAUUSD,100,7349874591907347430,7349874591887309500,7349874591975360259,7349874591975360089,316,2026-04-24T01:06:01.000Z,2026-04-24T01:11:17.000Z,105.45,-106.5,100.19,-5.26,0,0.15,4700.04,4706.85,4701.95,4707.04,BUY,USD,1,1,1583663
D#1702669,XAUUSD,100,7349874591907347459,7349874591887309542,7349874591975360963,7349874591975360444,256,2026-04-24T01:07:05.000Z,2026-04-24T01:11:21.000Z,74.1,-74.8,70.6,-3.5,0,0.1,4701.03,4708.22,4696.97,4707.56,BUY,USD,1,1,1583663
D#1671070,XAUUSD,100,7349874591907347524,7349874591887309530,7349874591975362001,7349874591975360367,306,2026-04-24T01:06:48.000Z,2026-04-24T01:11:54.000Z,81.6,-82.3,78.1,-3.5,0,0.1,4700.5,4708.44,,,BUY,USD,1,1,1583663
D#1702566,XAUUSD,100,7349874591907347554,7349874591887309413,7349874591975362125,7349874591975359474,474,2026-04-24T01:04:25.000Z,2026-04-24T01:12:19.000Z,46.1,-46.45,44.34,-1.76,0,0.05,4699.62,4708.62,,,BUY,USD,1,1,1583663
D#1702729,XAUUSD,100,7349874591907347894,7349874591887309621,7349874591975363858,7349874591975361248,516,2026-04-24T01:09:40.000Z,2026-04-24T01:18:16.000Z,3.25,-3.32,2.89,-0.36,0,0.01,4704.28,4707.31,4695.55,4728.14,BUY,USD,1,1,1583663
D#1702729,XAUUSD,100,7349874591907347929,7349874591887309883,7349874591975364009,7349874591975363970,11,2026-04-24T01:18:44.000Z,2026-04-24T01:18:55.000Z,39.5,-41.25,30.74,-8.76,0,0.25,4707.81,4706.45,,,SELL,USD,1,1,1583663
D#1670951,XAUUSD,100,7349874591907348052,7349874591887309869,7349874591975364021,7349874591975363868,117,2026-04-24T01:18:18.000Z,2026-04-24T01:20:15.000Z,-59.85,58.8,-65.11,-5.26,0,0.15,4707.53,4703.32,4703.98,4714.96,BUY,USD,1,1,1583663
D#1671094,XAUUSD,100,7349874591907348287,7349874591887310048,7349874591975365847,7349874591975365650,55,2026-04-24T01:24:10.000Z,2026-04-24T01:25:05.000Z,-6.36,2.65,-24.92,-18.56,0,0.53,4703.08,4702.74,,,BUY,USD,1,1,1583663
D#1670951,XAUUSD,100,7349874591907348328,7349874591887309945,7349874591975364712,7349874591975364497,320,2026-04-24T01:20:17.000Z,2026-04-24T01:25:37.000Z,-37.5,36.45,-42.76,-5.26,0,0.15,4703.44,4700.72,4700.84,4711.08,BUY,USD,1,1,1583663
D#1702729,XAUUSD,100,7349874591907348344,7349874591887309907,7349874591975366042,7349874591975364224,375,2026-04-24T01:19:29.000Z,2026-04-24T01:25:44.000Z,5.24,-5.31,4.88,-0.36,0,0.01,4705.95,4700.93,4711.17,4695.54,SELL,USD,1,1,1583663
D#1702729,XAUUSD,100,7349874591907348367,7349874591887310089,7349874591975366188,7349874591975366111,16,2026-04-24T01:26:01.000Z,2026-04-24T01:26:17.000Z,15.5,-17.25,6.74,-8.76,0,0.25,4701.82,4702.22,,,BUY,USD,1,1,1583663
D#1702669,XAUUSD,100,7349874591907348431,7349874591887309735,7349874591975364098,7349874591975362495,897,2026-04-24T01:13:32.000Z,2026-04-24T01:28:29.000Z,80.8,-81.5,77.3,-3.5,0,0.1,4708.14,4700.28,4711.04,4700.32,SELL,USD,1,1,1583663
D#1670951,XAUUSD,100,7349874591907348432,7349874591887310094,7349874591975366271,7349874591975366160,137,2026-04-24T01:26:12.000Z,2026-04-24T01:28:29.000Z,-30.45,29.4,-35.71,-5.26,0,0.15,4702.33,4700.08,4700.32,4709.87,BUY,USD,1,1,1583663
D#1702459,XAUUSD,100,7349874591907348478,7349874591887309491,7349874591975360313,7349874591975360029,1419,2026-04-24T01:05:52.000Z,2026-04-24T01:29:31.000Z,8.2,-9.6,1.2,-7,0,0.2,4699.08,4699.27,4699.38,4731,BUY,USD,1,1,1583663
D#1671094,XAUUSD,100,7349874591907348479,7349874591887310088,7349874591975366691,7349874591975366104,211,2026-04-24T01:26:00.000Z,2026-04-24T01:29:31.000Z,-115,111.5,-132.5,-17.5,0,0.5,4701.79,4699.27,4699.55,4709.47,BUY,USD,1,1,1583663
D#1702587,XAUUSD,100,7349874591907348523,7349874591887310111,7349874591975367062,7349874591975366348,185,2026-04-24T01:26:57.000Z,2026-04-24T01:30:02.000Z,77.6,-79.0,70.6,-7,0,0.2,4702.59,4698.93,,,SELL,USD,1,1,1583663
D#1670951,XAUUSD,100,7349874591907348648,7349874591887310149,7349874591975367038,7349874591975366803,147,2026-04-24T01:29:04.000Z,2026-04-24T01:31:31.000Z,-40.5,39.45,-45.76,-5.26,0,0.15,4700.81,4697.89,4698.15,4708.28,BUY,USD,1,1,1583663
D#1702553,XAUUSD,100,7349874591907348654,7349874591887309480,7349874591975360156,7349874591975359929,1556,2026-04-24T01:05:36.000Z,2026-04-24T01:31:32.000Z,21.68,-22.03,19.92,-1.76,0,0.05,4697.83,4697.75,4697.88,4719.78,BUY,USD,1,1,1583663
D#1671094,XAUUSD,100,7349874591907348680,7349874591887310210,7349874591975367672,7349874591975367234,77,2026-04-24T01:30:24.000Z,2026-04-24T01:31:41.000Z,-65,61.5,-82.5,-17.5,0,0.5,4699.68,4698.16,,4708,BUY,USD,1,1,1583663
D#1671093,XAUUSD,100,7349874591907348748,7349874591887309725,7349874591975362457,7349874591975362363,1141,2026-04-24T01:13:03.000Z,2026-04-24T01:32:04.000Z,-68.95,68.6,-70.71,-1.76,0,0.05,4709.02,4695.01,4695.75,4726.91,BUY,USD,1,1,1583663
D#1670960,XAUUSD,100,7349874591907348764,7349874591887309522,7349874591975360228,7349874591975360226,1542,2026-04-24T01:06:23.000Z,2026-04-24T01:32:05.000Z,-58.88,58.32,-61.68,-2.8,0,0.08,4702.58,4695,4694.92,4717.53,BUY,USD,1,1,1583663
D#1702560,XAUUSD,100,7349874591907348763,7349874591887309897,7349874591975364142,7349874591975364138,772,2026-04-24T01:19:13.000Z,2026-04-24T01:32:05.000Z,112.8,-113.5,109.3,-3.5,0,0.1,4706.4,4695.34,4705.17,4695.04,SELL,USD,1,1,1583663
D#1702729,XAUUSD,100,7349874591907348786,7349874591887310122,7349874591975366528,7349874591975366469,282,2026-04-24T01:27:25.000Z,2026-04-24T01:32:07.000Z,7.27,-7.34,6.91,-0.36,0,0.01,4700.87,4693.82,4708.93,4693.75,SELL,USD,1,1,1583663
D#1702692,XAUUSD,100,7349874591907348837,7349874591887309359,7349874591975360524,7349874591975359098,1728,2026-04-24T01:03:24.000Z,2026-04-24T01:32:12.000Z,-40.08,39.8,-41.48,-1.4,0,0.04,4701.61,4691.37,4691.82,,BUY,USD,1,1,1583663
D#1589455,XAUUSD,100,7349874591907348876,7349874591887310005,7349874591975367984,7349874591975365208,585,2026-04-24T01:22:35.000Z,2026-04-24T01:32:20.000Z,-194.6,193.2,-201.6,-7,0,0.2,4704.11,4694.16,,,BUY,USD,1,1,1583663
D#1702729,XAUUSD,100,7349874591907349167,7349874591887310420,7349874591975369878,7349874591975369027,167,2026-04-24T01:35:16.000Z,2026-04-24T01:38:03.000Z,-2.92,2.85,-3.28,-0.36,0,0.01,4693.47,4696.61,4702.9,4683.03,SELL,USD,1,1,1583663
D#1702729,XAUUSD,100,7349874591907349242,7349874591887310489,7349874591975369997,7349874591975369885,97,2026-04-24T01:38:04.000Z,2026-04-24T01:39:41.000Z,10.75,-12.5,1.99,-8.76,0,0.25,4696.59,4696.8,4697.07,4699.78,BUY,USD,1,1,1583663
D#1702729,XAUUSD,100,7349874591907349282,7349874591887310533,7349874591975370528,7349874591975370421,51,2026-04-24T01:39:49.000Z,2026-04-24T01:40:40.000Z,18.75,-20.5,9.99,-8.76,0,0.25,4696.49,4695.96,4695.72,4692.92,SELL,USD,1,1,1583663
D#1702729,XAUUSD,100,7349874591907349374,7349874591887310548,7349874591975371190,7349874591975370668,108,2026-04-24T01:40:42.000Z,2026-04-24T01:42:30.000Z,-11.75,10.0,-20.51,-8.76,0,0.25,4696.4,4695.71,4693.96,4699.7,BUY,USD,1,1,1583663
D#1702587,XAUUSD,100,7349874591907349392,7349874591887310378,7349874591975371352,7349874591975368570,556,2026-04-24T01:33:52.000Z,2026-04-24T01:43:08.000Z,-30,28.6,-37,-7,0,0.2,4696.34,4694.62,,,BUY,USD,1,1,1583663
D#1670951,XAUUSD,100,7349874591907349396,7349874591887310396,7349874591975368872,7349874591975368730,533,2026-04-24T01:34:21.000Z,2026-04-24T01:43:14.000Z,-18.75,17.7,-24.01,-5.26,0,0.15,4695.53,4694.06,4694.38,4703.19,BUY,USD,1,1,1583663
D#1702463,XAUUSD,100,7349874591907349452,7349874591887310511,7349874591975370317,7349874591975370137,305,2026-04-24T01:38:52.000Z,2026-04-24T01:43:57.000Z,-19.55,19.2,-21.31,-1.76,0,0.05,4696.19,4692.06,4692,4711.52,BUY,USD,1,1,1583663
D#1702729,XAUUSD,100,7349874591907349464,7349874591887310608,7349874591975371662,7349874591975371213,93,2026-04-24T01:42:35.000Z,2026-04-24T01:44:08.000Z,87.25,-89.0,78.49,-8.76,0,0.25,4695.08,4691.81,4694.25,4691.33,SELL,USD,1,1,1583663
D#1702692,XAUUSD,100,7349874591907349592,7349874591887310723,7349874591975372254,7349874591975372156,21,2026-04-24T01:45:30.000Z,2026-04-24T01:45:51.000Z,1.83,-2.04,0.77,-1.06,0,0.03,4692.14,4692.53,,,BUY,USD,1,1,1583663
D#1702692,XAUUSD,100,7349874591907349610,7349874591887310731,7349874591975372361,7349874591975372293,16,2026-04-24T01:45:58.000Z,2026-04-24T01:46:14.000Z,-4.56,3.72,-8.76,-4.2,0,0.12,4692.62,4692.02,,,BUY,USD,1,1,1583663
D#1702729,XAUUSD,100,7349874591907349631,7349874591887310714,7349874591975372295,7349874591975372079,79,2026-04-24T01:45:16.000Z,2026-04-24T01:46:35.000Z,14.75,-16.5,5.99,-8.76,0,0.25,4691.29,4691.66,4691.66,4695.2,BUY,USD,1,1,1583663
D#1702729,XAUUSD,100,7349874591907349702,7349874591887310757,7349874591975372966,7349874591975372539,97,2026-04-24T01:46:52.000Z,2026-04-24T01:48:29.000Z,48.25,-50.0,39.49,-8.76,0,0.25,4693.16,4694.87,4690.99,4695.94,BUY,USD,1,1,1583663
D#1702729,XAUUSD,100,7349874591907349763,7349874591887310790,7349874591975373175,7349874591975373139,9,2026-04-24T01:49:05.000Z,2026-04-24T01:49:14.000Z,12,-13.75,3.24,-8.76,0,0.25,4695.2,4695.46,,,BUY,USD,1,1,1583663
D#1702463,XAUUSD,100,7349874591907349843,7349874591887310721,7349874591975373640,7349874591975372133,331,2026-04-24T01:45:25.000Z,2026-04-24T01:50:56.000Z,-25.62,25.2,-27.72,-2.1,0,0.06,4691.83,4696.32,,4658.36,SELL,USD,1,1,1583663
D#1702729,XAUUSD,100,7349874591907349933,7349874591887310865,7349874591975374324,7349874591975373846,129,2026-04-24T01:51:46.000Z,2026-04-24T01:53:55.000Z,-35.75,34.0,-44.51,-8.76,0,0.25,4694.51,4696.16,4696.63,4692.25,SELL,USD,1,1,1583663
D#1702729,XAUUSD,100,7349874591907349966,7349874591887310899,7349874591975374726,7349874591975374335,114,2026-04-24T01:53:57.000Z,2026-04-24T01:55:51.000Z,-26.75,25.0,-35.51,-8.76,0,0.25,4696.22,4694.93,4691.91,4700.31,BUY,USD,1,1,1583663
D#1671054,XAUUSD,100,7349874591907350029,7349874591887310919,7349874591975375250,7349874591975374771,130,2026-04-24T01:56:03.000Z,2026-04-24T01:58:13.000Z,-114.8,111.93,-129.16,-14.36,0,0.41,4694.49,4697.51,,,SELL,USD,1,1,1583663
D#1670971,XAUUSD,100,7349874591907350045,7349874591887310930,7349874591975375032,7349874591975374850,122,2026-04-24T01:56:23.000Z,2026-04-24T01:58:25.000Z,-74.1,72.77,-80.76,-6.66,0,0.19,4694.15,4698.27,4697.75,4688.96,SELL,USD,1,1,1583663
D#1702669,XAUUSD,100,7349874591907350082,7349874591887310405,7349874591975375372,7349874591975368799,1448,2026-04-24T01:34:30.000Z,2026-04-24T01:58:38.000Z,-19.05,18.7,-20.81,-1.76,0,0.05,4694.52,4698.55,4700.05,4677.16,SELL,USD,1,1,1583663
D#1702537,XAUUSD,100,7349874591907350104,7349874591887310947,7349874591975375460,7349874591975375159,70,2026-04-24T01:57:45.000Z,2026-04-24T01:58:55.000Z,80.5,-84.0,63,-17.5,0,0.5,4696.92,4698.31,,,BUY,USD,1,1,1583663
D#1702587,XAUUSD,100,7349874591907350117,7349874591887310873,7349874591975375503,7349874591975373888,428,2026-04-24T01:51:56.000Z,2026-04-24T01:59:04.000Z,81.2,-82.6,74.2,-7,0,0.2,4695.04,4698.88,,,BUY,USD,1,1,1583663
D#1702729,XAUUSD,100,7349874591907350124,7349874591887310915,7349874591975374968,7349874591975374735,208,2026-04-24T01:55:53.000Z,2026-04-24T01:59:21.000Z,-132.6,130.5,-143.1,-10.5,0,0.3,4694.94,4699.58,4699.39,4691.79,SELL,USD,1,1,1583663
D#1702451,XAUUSD,100,7349874591907350195,7349874591887310708,7349874591975373434,7349874591975372009,874,2026-04-24T01:45:05.000Z,2026-04-24T01:59:39.000Z,-99.8,99.1,-103.3,-3.5,0,0.1,4690.48,4700.68,4700.46,4678.92,SELL,USD,1,1,1583663
D#1670951,XAUUSD,100,7349874591907350288,7349874591887310889,7349874591975374362,7349874591975374201,435,2026-04-24T01:53:24.000Z,2026-04-24T02:00:39.000Z,37.65,-38.7,32.39,-5.26,0,0.15,4695.39,4697.68,4697.69,4703.17,BUY,USD,1,1,1583663
D#1670882,XAUUSD,100,7349874591907350310,7349874591887311033,7349874591975376227,7349874591975375929,43,2026-04-24T02:00:19.000Z,2026-04-24T02:01:02.000Z,13.9,-14.6,10.4,-3.5,0,0.1,4699.72,4698.55,4711.9,4664.07,SELL,USD,1,1,1583663
D#1702451,XAUUSD,100,7349874591907350431,7349874591887311012,7349874591975376637,7349874591975375762,173,2026-04-24T01:59:52.000Z,2026-04-24T02:02:45.000Z,-41.1,40.4,-44.6,-3.5,0,0.1,4700.62,4696.29,4696.58,4712.23,BUY,USD,1,1,1583663
D#1702451,XAUUSD,100,7349874591907350558,7349874591887311207,7349874591975377395,7349874591975377381,4,2026-04-24T02:04:45.000Z,2026-04-24T02:04:49.000Z,2.3,-3.0,-1.2,-3.5,0,0.1,4696.68,4696.69,,,BUY,USD,1,1,1583663
D#1671054,XAUUSD,100,7349874591907350625,7349874591887310957,7349874591975377744,7349874591975375300,462,2026-04-24T01:58:24.000Z,2026-04-24T02:06:06.000Z,27.6,-30.4,13.6,-14,0,0.4,4697.39,4697.86,,,BUY,USD,1,1,1583663
D#1702669,XAUUSD,100,7349874591907350770,7349874591887310990,7349874591975375908,7349874591975375579,637,2026-04-24T01:59:23.000Z,2026-04-24T02:10:00.000Z,-56,55.3,-59.5,-3.5,0,0.1,4699.73,4693.91,4694.78,4707.05,BUY,USD,1,1,1583663
D#1702729,XAUUSD,100,7349874591907350754,7349874591887311110,7349874591975376597,7349874591975376466,491,2026-04-24T02:01:49.000Z,2026-04-24T02:10:00.000Z,94,-96.8,80,-14,0,0.4,4697.21,4695.08,,4695.02,SELL,USD,1,1,1583663
D#1702537,XAUUSD,100,7349874591907350807,7349874591887311031,7349874591975378779,7349874591975375888,598,2026-04-24T02:00:12.000Z,2026-04-24T02:10:10.000Z,-370,366.5,-387.5,-17.5,0,0.5,4700.2,4692.58,,,BUY,USD,1,1,1583663
D#1702463,XAUUSD,100,7349874591907350880,7349874591887310847,7349874591975373741,7349874591975373670,1205,2026-04-24T01:51:03.000Z,2026-04-24T02:11:08.000Z,-27,26.58,-29.1,-2.1,0,0.06,4696.32,4691.6,4691.94,4721.39,BUY,USD,1,1,1583663
D#1702587,XAUUSD,100,7349874591907350883,7349874591887311157,7349874591975379117,7349874591975376834,489,2026-04-24T02:03:00.000Z,2026-04-24T02:11:09.000Z,-81.4,80.0,-88.4,-7,0,0.2,4695.95,4691.66,,,BUY,USD,1,1,1583663
D#1702451,XAUUSD,100,7349874591907350967,7349874591887311265,7349874591975379589,7349874591975377775,399,2026-04-24T02:06:11.000Z,2026-04-24T02:12:50.000Z,-32.85,32.5,-34.61,-1.76,0,0.05,4697.76,4690.97,,4721.08,BUY,USD,1,1,1583663
D#1670951,XAUUSD,100,7349874591907350977,7349874591887311305,7349874591975378329,7349874591975378225,299,2026-04-24T02:07:52.000Z,2026-04-24T02:12:51.000Z,113.1,-114.15,107.84,-5.26,0,0.15,4697.76,4690.44,4694.43,4690.42,SELL,USD,1,1,1583663
D#1702667,XAUUSD,100,7349874591907350994,7349874591887309850,7349874591975379654,7349874591975363715,3316,2026-04-24T01:17:45.000Z,2026-04-24T02:13:01.000Z,-159.6,158.9,-163.1,-3.5,0,0.1,4706.88,4690.7,4666.56,4702.2,BUY,USD,1,1,1583663
D#1702451,XAUUSD,100,7349874591907351154,7349874591887311448,7349874591975380552,7349874591975379621,206,2026-04-24T02:12:54.000Z,2026-04-24T02:16:20.000Z,-15.65,15.3,-17.41,-1.76,0,0.05,4690.85,4694.2,,4668.26,SELL,USD,1,1,1583663
D#1702729,XAUUSD,100,7349874591907351173,7349874591887311376,7349874591975379144,7349874591975378908,394,2026-04-24T02:10:33.000Z,2026-04-24T02:17:07.000Z,101,-104.5,83.5,-17.5,0,0.5,4692.64,4694.44,4688.6,4694.53,BUY,USD,1,1,1583663
D#1702588,XAUUSD,100,7349874591907351179,7349874591887311518,7349874591975380778,7349874591975380337,107,2026-04-24T02:15:33.000Z,2026-04-24T02:17:20.000Z,31.95,-35.1,16.19,-15.76,0,0.45,4694.17,4694.66,,,BUY,USD,1,1,1583663
D#1702729,XAUUSD,100,7349874591907351242,7349874591887311556,7349874591975380995,7349874591975380881,25,2026-04-24T02:17:42.000Z,2026-04-24T02:18:07.000Z,27.5,-31.0,10,-17.5,0,0.5,4695.49,4695.16,,,SELL,USD,1,1,1583663
D#1670882,XAUUSD,100,7349874591907351312,7349874591887311077,7349874591975381321,7349874591975376257,1093,2026-04-24T02:01:07.000Z,2026-04-24T02:19:20.000Z,399,-402.5,381.5,-17.5,0,0.5,4698.36,4690.6,4711.13,4663.97,SELL,USD,1,1,1583663
D#1614619,XAUUSD,100,7349874591907351486,7349874591887309489,7349874591975362168,7349874591975360015,4617,2026-04-24T01:05:49.000Z,2026-04-24T02:22:46.000Z,-113.7,113.0,-117.2,-3.5,0,0.1,4698.86,4687.27,4688,4739.26,BUY,USD,1,1,1583663
D#1670868,XAUUSD,100,7349874591907351488,7349874591887309711,7349874591975362675,7349874591975362255,4204,2026-04-24T01:12:42.000Z,2026-04-24T02:22:46.000Z,206.7,-207.4,203.2,-3.5,0,0.1,4708.19,4687.74,4713.69,4688.17,SELL,USD,1,1,1583663
D#1702692,XAUUSD,100,7349874591907351480,7349874591887310744,7349874591975373402,7349874591975372404,2183,2026-04-24T01:46:23.000Z,2026-04-24T02:22:46.000Z,-93.4,92.0,-100.4,-7,0,0.2,4692.66,4687.77,4688.71,4716.78,BUY,USD,1,1,1583663
D#1702681,XAUUSD,100,7349874591907351552,7349874591887310171,7349874591975382257,7349874591975367036,3202,2026-04-24T01:29:59.000Z,2026-04-24T02:23:21.000Z,-198.4,197.0,-205.4,-7,0,0.2,4698.61,4688.47,,,BUY,USD,1,1,1583663
D#1702639,XAUUSD,100,7349874591907351550,7349874591887311069,7349874591975382256,7349874591975376204,1344,2026-04-24T02:00:57.000Z,2026-04-24T02:23:21.000Z,-199,197.6,-206,-7,0,0.2,4698.64,4688.47,,4704,BUY,USD,1,1,1583663
D#1670951,XAUUSD,100,7349874591907351608,7349874591887311740,7349874591975382424,7349874591975382356,29,2026-04-24T02:23:51.000Z,2026-04-24T02:24:20.000Z,-34.2,33.15,-39.46,-5.26,0,0.15,4690.01,4687.51,4688.03,4697.3,BUY,USD,1,1,1583663
D#1702615,XAUUSD,100,7349874591907351625,7349874591887310409,7349874591975369240,7349874591975368894,2991,2026-04-24T01:34:48.000Z,2026-04-24T02:24:39.000Z,92.85,-93.9,87.59,-5.26,0,0.15,4693.27,4687.3,4706.56,4687.16,SELL,USD,1,1,1583663
D#1702632,XAUUSD,100,7349874591907351632,7349874591887311569,7349874591975381603,7349874591975380987,394,2026-04-24T02:18:06.000Z,2026-04-24T02:24:40.000Z,-66.16,65.6,-68.96,-2.8,0,0.08,4695.29,4686.8,4686.94,4715,BUY,USD,1,1,1583663
D#1671093,XAUUSD,100,7349874591907351647,7349874591887311028,7349874591975375986,7349874591975375864,1474,2026-04-24T02:00:07.000Z,2026-04-24T02:24:41.000Z,-71.15,70.8,-72.91,-1.76,0,0.05,4700.36,4685.91,4686.89,4719.25,BUY,USD,1,1,1583663
D#1670868,XAUUSD,100,7349874591907351653,7349874591887311737,7349874591975382478,7349874591975382349,52,2026-04-24T02:23:49.000Z,2026-04-24T02:24:41.000Z,43.3,-44.0,39.8,-3.5,0,0.1,4690.25,4686.14,4693.42,4686.36,SELL,USD,1,1,1583663
D#1702560,XAUUSD,100,7349874591907351691,7349874591887310531,7349874591975370386,7349874591975370382,2701,2026-04-24T01:39:43.000Z,2026-04-24T02:24:44.000Z,119.1,-119.8,115.6,-3.5,0,0.1,4696.91,4685.22,4700.76,4685.3,SELL,USD,1,1,1583663
D#1702553,XAUUSD,100,7349874591907351703,7349874591887310320,7349874591975368528,7349874591975367953,3149,2026-04-24T01:32:17.000Z,2026-04-24T02:24:46.000Z,-42.8,42.45,-44.56,-1.76,0,0.05,4694.18,4685.4,4685.03,4720,BUY,USD,1,1,1583663
D#1670945,XAUUSD,100,7349874591907351708,7349874591887311683,7349874591975382589,7349874591975381993,154,2026-04-24T02:22:15.000Z,2026-04-24T02:24:49.000Z,39.1,-39.8,35.6,-3.5,0,0.1,4690.15,4686.46,4702.92,4683.44,SELL,USD,1,1,1583663
D#1702404,XAUUSD,100,7349874591907351711,7349874591887310841,7349874591975382594,7349874591975373648,2033,2026-04-24T01:50:58.000Z,2026-04-24T02:24:51.000Z,449.2,-452.0,435.2,-14,0,0.4,4696.17,4685.16,,4684.3,SELL,USD,1,1,1583663
D#1671054,XAUUSD,100,7349874591907351713,7349874591887311280,7349874591975382603,7349874591975377922,1094,2026-04-24T02:06:37.000Z,2026-04-24T02:24:51.000Z,532.4,-535.2,518.4,-14,0,0.4,4698.18,4685.09,,,SELL,USD,1,1,1583663
D#1702588,XAUUSD,100,7349874591907351714,7349874591887311623,7349874591975382602,7349874591975381487,285,2026-04-24T02:20:07.000Z,2026-04-24T02:24:52.000Z,-327.15,324.0,-342.91,-15.76,0,0.45,4692.38,4684.89,,,BUY,USD,1,1,1583663
D#1702457,XAUUSD,100,7349874591907351757,7349874591887311383,7349874591975378973,7349874591975378968,865,2026-04-24T02:10:43.000Z,2026-04-24T02:25:08.000Z,123.3,-124.35,118.04,-5.26,0,0.15,4692.74,4684.74,4700.75,4684.79,SELL,USD,1,1,1583663
D#1670961,XAUUSD,100,7349874591907351789,7349874591887309266,7349874591975358578,7349874591975358360,5032,2026-04-24T01:01:25.000Z,2026-04-24T02:25:17.000Z,-183,182.3,-186.5,-3.5,0,0.1,4702.57,4684.05,4684.16,4758.75,BUY,USD,1,1,1583663
D#1702582,XAUUSD,100,7349874591907351862,7349874591887309436,7349874591975382960,7349874591975359683,4871,2026-04-24T01:05:02.000Z,2026-04-24T02:26:13.000Z,-35.28,35.07,-36.34,-1.06,0,0.03,4697.89,4685.91,,4705.57,BUY,USD,1,1,1583663
D#1670951,XAUUSD,100,7349874591907351912,7349874591887311832,7349874591975382997,7349874591975382886,45,2026-04-24T02:25:53.000Z,2026-04-24T02:26:38.000Z,-40.65,39.6,-45.91,-5.26,0,0.15,4686.18,4683.25,4683.42,4693.87,BUY,USD,1,1,1583663
D#1670961,XAUUSD,100,7349874591907351916,7349874591887311838,7349874591975383096,7349874591975382934,34,2026-04-24T02:26:07.000Z,2026-04-24T02:26:41.000Z,-24.2,23.5,-27.7,-3.5,0,0.1,4686.48,4683.84,,,BUY,USD,1,1,1583663
D#1671058,XAUUSD,100,7349874591907351933,7349874591887310418,7349874591975383142,7349874591975369017,3096,2026-04-24T01:35:14.000Z,2026-04-24T02:26:50.000Z,-204,202.6,-211,-7,0,0.2,4694.02,4683.6,,,BUY,USD,1,1,1583663
D#1670951,XAUUSD,100,7349874591907352026,7349874591887311887,7349874591975383269,7349874591975383195,77,2026-04-24T02:26:58.000Z,2026-04-24T02:28:15.000Z,-17.85,16.8,-23.11,-5.26,0,0.15,4683.94,4682.53,4682.68,4691.64,BUY,USD,1,1,1583663
D#1702667,XAUUSD,100,7349874591907352067,7349874591887311464,7349874591975383549,7349874591975379735,929,2026-04-24T02:13:16.000Z,2026-04-24T02:28:45.000Z,75.7,-76.4,72.2,-3.5,0,0.1,4690.89,4683.54,4900.77,4682.28,SELL,USD,1,1,1583663
D#1702729,XAUUSD,100,7349874591907352131,7349874591887311960,7349874591975383681,7349874591975383589,58,2026-04-24T02:29:03.000Z,2026-04-24T02:30:01.000Z,74.5,-78.0,57,-17.5,0,0.5,4683.35,4684.62,4680.65,4685.26,BUY,USD,1,1,1583663
D#1670971,XAUUSD,100,7349874591907352274,7349874591887311973,7349874591975383983,7349874591975383694,137,2026-04-24T02:29:34.000Z,2026-04-24T02:31:51.000Z,-80.37,79.04,-87.03,-6.66,0,0.19,4684.28,4688.73,4688.63,4679.09,SELL,USD,1,1,1583663
D#1670971,XAUUSD,100,7349874591907352416,7349874591887312062,7349874591975384598,7349874591975384454,132,2026-04-24T02:32:11.000Z,2026-04-24T02:34:23.000Z,-25.6,24.9,-29.1,-3.5,0,0.1,4687.79,4690.57,4690.11,4682.87,SELL,USD,1,1,1583663
D#1702480,XAUUSD,100,7349874591907352426,7349874591887312093,7349874591975385076,7349874591975384707,94,2026-04-24T02:33:04.000Z,2026-04-24T02:34:38.000Z,-58.8,57.4,-65.8,-7,0,0.2,4687.42,4690.58,,,SELL,USD,1,1,1583663
D#1670951,XAUUSD,100,7349874591907352457,7349874591887311957,7349874591975383635,7349874591975383563,376,2026-04-24T02:28:52.000Z,2026-04-24T02:35:08.000Z,66.3,-67.35,61.04,-5.26,0,0.15,4684,4688.2,4688.46,4691.34,BUY,USD,1,1,1583663
D#1670971,XAUUSD,100,7349874591907352461,7349874591887312133,7349874591975385209,7349874591975385067,37,2026-04-24T02:34:34.000Z,2026-04-24T02:35:11.000Z,-18.6,17.9,-22.1,-3.5,0,0.1,4690.51,4688.43,,4692.49,BUY,USD,1,1,1583663
D#1702480,XAUUSD,100,7349874591907352669,7349874591887312175,7349874591975385597,7349874591975385380,215,2026-04-24T02:36:05.000Z,2026-04-24T02:39:40.000Z,104.6,-106.0,97.6,-7,0,0.2,4688.42,4683.41,,4683.41,SELL,USD,1,1,1583663
D#1670936,XAUUSD,100,7349874591907352695,7349874591887312243,7349874591975386126,7349874591975385751,160,2026-04-24T02:37:35.000Z,2026-04-24T02:40:15.000Z,22.2,-24.3,11.7,-10.5,0,0.3,4683.74,4683.22,4693.74,,SELL,USD,1,1,1583663
D#1589457,XAUUSD,100,7349874591907352749,7349874591887309977,7349874591975364887,7349874591975364882,4810,2026-04-24T01:21:28.000Z,2026-04-24T02:41:38.000Z,215.7,-216.4,212.2,-3.5,0,0.1,4702.98,4681.63,4707.59,4682.09,SELL,USD,1,1,1583663
D#1702632,XAUUSD,100,7349874591907352750,7349874591887311861,7349874591975383192,7349874591975383039,907,2026-04-24T02:26:31.000Z,2026-04-24T02:41:38.000Z,-24.8,24.24,-27.6,-2.8,0,0.08,4684.79,4681.47,4682.02,,BUY,USD,1,1,1583663
D#1702669,XAUUSD,100,7349874591907352766,7349874591887311400,7349874591975379418,7349874591975379189,1814,2026-04-24T02:11:25.000Z,2026-04-24T02:41:39.000Z,108.2,-108.9,104.7,-3.5,0,0.1,4691.82,4681.22,,4681.25,SELL,USD,1,1,1583663
D#1702532,XAUUSD,100,7349874591907352772,7349874591887312164,7349874591975386368,7349874591975385310,353,2026-04-24T02:35:47.000Z,2026-04-24T02:41:40.000Z,101.25,-102.3,95.99,-5.26,0,0.15,4688.17,4681.64,4694.06,,SELL,USD,1,1,1583663
D#1671070,XAUUSD,100,7349874591907352789,7349874591887309761,7349874591975386427,7349874591975362753,5253,2026-04-24T01:14:17.000Z,2026-04-24T02:41:50.000Z,-276.8,276.1,-280.3,-3.5,0,0.1,4708.73,4680.83,,,BUY,USD,1,1,1583663
D#1702667,XAUUSD,100,7349874591907353019,7349874591887312059,7349874591975387245,7349874591975384419,828,2026-04-24T02:32:04.000Z,2026-04-24T02:45:52.000Z,75.6,-76.3,72.1,-3.5,0,0.1,4689.49,4682.15,4900.65,4678.78,SELL,USD,1,1,1583663
D#1702459,XAUUSD,100,7349874591907353162,7349874591887310236,7349874591975387758,7349874591975367472,4652,2026-04-24T01:31:09.000Z,2026-04-24T02:48:41.000Z,401.8,-403.2,394.8,-7,0,0.2,4699.4,4679.53,4705,4664.54,SELL,USD,1,1,1583663
D#1671062,XAUUSD,100,7349874591907353199,7349874591887311697,7349874591975382105,7349874591975370290,1565,2026-04-24T02:22:45.000Z,2026-04-24T02:48:50.000Z,-101.5,100.8,-105,-3.5,0,0.1,4688.97,4678.6,4678.77,,BUY,USD,1,1,1583663
D#1671056,XAUUSD,100,7349874591907353197,7349874591887311739,7349874591975382462,7349874591975382352,1501,2026-04-24T02:23:49.000Z,2026-04-24T02:48:50.000Z,115.7,-116.4,112.2,-3.5,0,0.1,4690.26,4678.91,,4678.67,SELL,USD,1,1,1583663
D#1670960,XAUUSD,100,7349874591907353202,7349874591887310381,7349874591975387803,7349874591975368591,4495,2026-04-24T01:33:56.000Z,2026-04-24T02:48:51.000Z,-136.48,135.92,-139.28,-2.8,0,0.08,4695.8,4678.52,,4708.19,BUY,USD,1,1,1583663
D#1670945,XAUUSD,100,7349874591907353285,7349874591887311834,7349874591975383262,7349874591975382893,1395,2026-04-24T02:25:56.000Z,2026-04-24T02:49:11.000Z,90.4,-91.1,86.9,-3.5,0,0.1,4685.96,4677.14,4703.36,4676.97,SELL,USD,1,1,1583663
D#1702494,XAUUSD,100,7349874591907353280,7349874591887312354,7349874591975387905,7349874591975386671,375,2026-04-24T02:42:56.000Z,2026-04-24T02:49:11.000Z,-254.25,251.1,-270.01,-15.76,0,0.45,4682.79,4676.92,,,BUY,USD,1,1,1583663
D#1702367,XAUUSD,100,7349874591907353311,7349874591887312012,7349874591975387972,7349874591975383987,1122,2026-04-24T02:30:39.000Z,2026-04-24T02:49:21.000Z,-208.2,206.8,-215.2,-7,0,0.2,4687.43,4676.8,,,BUY,USD,1,1,1583663
D#1702476,XAUUSD,100,7349874591907353313,7349874591887312426,7349874591975387978,7349874591975387174,235,2026-04-24T02:45:26.000Z,2026-04-24T02:49:21.000Z,-189,186.9,-199.5,-10.5,0,0.3,4683.67,4677.15,,4686.72,BUY,USD,1,1,1583663
D#1670936,XAUUSD,100,7349874591907353315,7349874591887312331,7349874591975387980,7349874591975386473,446,2026-04-24T02:41:56.000Z,2026-04-24T02:49:22.000Z,14.8,-15.15,13.04,-1.76,0,0.05,4680.25,4677.51,4693.23,,SELL,USD,1,1,1583663
D#1702696,XAUUSD,100,7349874591907353355,7349874591887310792,7349874591975373445,7349874591975373156,3632,2026-04-24T01:49:09.000Z,2026-04-24T02:49:41.000Z,-38.12,37.98,-38.82,-0.7,0,0.02,4695.59,4676.31,4676.59,4753.84,BUY,USD,1,1,1583663
D#1702457,XAUUSD,100,7349874591907353357,7349874591887311876,7349874591975383124,7349874591975383121,1375,2026-04-24T02:26:46.000Z,2026-04-24T02:49:41.000Z,130.14,-131.4,123.84,-6.3,0,0.18,4683.52,4676.51,4692.76,4676.42,SELL,USD,1,1,1583663
D#1670951,XAUUSD,100,7349874591907353407,7349874591887312288,7349874591975388213,7349874591975386139,587,2026-04-24T02:40:25.000Z,2026-04-24T02:50:12.000Z,104.55,-105.6,99.29,-5.26,0,0.15,4682.78,4676.03,4680.68,4675.05,SELL,USD,1,1,1583663
D#1670874,XAUUSD,100,7349874591907353428,7349874591887312255,7349874591975388297,7349874591975385845,746,2026-04-24T02:38:04.000Z,2026-04-24T02:50:30.000Z,-61.32,60.9,-63.42,-2.1,0,0.06,4685.74,4675.3,,,BUY,USD,1,1,1583663
D#1670948,XAUUSD,100,7349874591907353557,7349874591887312648,7349874591975388717,7349874591975388609,40,2026-04-24T02:52:02.000Z,2026-04-24T02:52:42.000Z,6.05,-6.4,4.29,-1.76,0,0.05,4675.79,4676.78,,,BUY,USD,1,1,1583663
D#1702533,XAUUSD,100,7349874591907353738,7349874591887312397,7349874591975387249,7349874591975387038,674,2026-04-24T02:44:39.000Z,2026-04-24T02:55:53.000Z,50.46,-50.88,48.36,-2.1,0,0.06,4682.45,4674.26,,4674.22,SELL,USD,1,1,1583663
D#1702544,XAUUSD,100,7349874591907353844,7349874591887312011,7349874591975384162,7349874591975383981,1594,2026-04-24T02:30:39.000Z,2026-04-24T02:57:13.000Z,140.5,-141.2,137,-3.5,0,0.1,4687.26,4673.43,,4673.82,SELL,USD,1,1,1583663
D#1670951,XAUUSD,100,7349874591907353843,7349874591887312762,7349874591975389487,7349874591975389376,65,2026-04-24T02:56:08.000Z,2026-04-24T02:57:13.000Z,-39.75,38.7,-45.01,-5.26,0,0.15,4676.02,4673.15,4674.11,4683.85,BUY,USD,1,1,1583663
D#1702751,XAUUSD,100,7349874591907354045,7349874591887312844,7349874591975390037,7349874591975389920,205,2026-04-24T02:59:18.000Z,2026-04-24T03:02:43.000Z,126,-128.8,112,-14,0,0.4,4677.32,4674.39,4677.43,4674.83,SELL,USD,1,1,1583663
D#1670951,XAUUSD,100,7349874591907354070,7349874591887312801,7349874591975389794,7349874591975389650,356,2026-04-24T02:57:24.000Z,2026-04-24T03:03:20.000Z,-10.8,9.75,-16.06,-5.26,0,0.15,4674.94,4674,4674.19,4682.5,BUY,USD,1,1,1583663
D#1702669,XAUUSD,100,7349874591907354106,7349874591887312811,7349874591975389972,7349874591975389740,349,2026-04-24T02:57:43.000Z,2026-04-24T03:03:32.000Z,-24.4,23.7,-27.9,-3.5,0,0.1,4675.08,4672.42,4673.15,4680.73,BUY,USD,1,1,1583663
D#1702621,XAUUSD,100,7349874591907354334,7349874591887312027,7349874591975384891,7349874591975384093,2155,2026-04-24T02:31:02.000Z,2026-04-24T03:06:57.000Z,117.53,-118.02,115.07,-2.46,0,0.07,4687,4670.43,4701.37,4670.52,SELL,USD,1,1,1583663
D#1670913,XAUUSD,100,7349874591907354364,7349874591887312992,7349874591975391506,7349874591975391241,88,2026-04-24T03:05:54.000Z,2026-04-24T03:07:22.000Z,64.6,-66.0,57.6,-7,0,0.2,4673.57,4670.56,,,SELL,USD,1,1,1583663
D#1670936,XAUUSD,100,7349874591907354466,7349874591887312748,7349874591975391883,7349874591975389322,816,2026-04-24T02:55:55.000Z,2026-04-24T03:09:31.000Z,40.5,-41.2,37,-3.5,0,0.1,4674.74,4670.91,4690.57,4663.85,SELL,USD,1,1,1583663
D#1702700,XAUUSD,100,7349874591907354476,7349874591887312831,7349874591975391935,7349874591975389869,696,2026-04-24T02:58:18.000Z,2026-04-24T03:09:54.000Z,-14.79,14.58,-15.85,-1.06,0,0.03,4675.3,4670.15,,,BUY,USD,1,1,1583663
D#1670951,XAUUSD,100,7349874591907354490,7349874591887313067,7349874591975391826,7349874591975391742,100,2026-04-24T03:08:31.000Z,2026-04-24T03:10:11.000Z,-29.1,28.05,-34.36,-5.26,0,0.15,4671.76,4669.6,4669.87,4679.07,BUY,USD,1,1,1583663
D#1702669,XAUUSD,100,7349874591907354496,7349874591887312976,7349874591975391855,7349874591975391121,307,2026-04-24T03:05:07.000Z,2026-04-24T03:10:14.000Z,-44.4,43.7,-47.9,-3.5,0,0.1,4673.83,4669.17,4669.43,4684.12,BUY,USD,1,1,1583663
D#1702527,XAUUSD,100,7349874591907354500,7349874591887312905,7349874591975390756,7349874591975390578,449,2026-04-24T03:02:46.000Z,2026-04-24T03:10:15.000Z,119.4,-120.8,112.4,-7,0,0.2,4674.58,4668.83,,4669.17,SELL,USD,1,1,1583663
D#1670951,XAUUSD,100,7349874591907354681,7349874591887313165,7349874591975392608,7349874591975392543,80,2026-04-24T03:13:04.000Z,2026-04-24T03:14:24.000Z,-18.15,17.1,-23.41,-5.26,0,0.15,4671.04,4669.61,4669.82,4678.54,BUY,USD,1,1,1583663
D#1702463,XAUUSD,100,7349874591907354791,7349874591887311478,7349874591975393334,7349874591975379886,3819,2026-04-24T02:13:55.000Z,2026-04-24T03:17:34.000Z,113.46,-113.88,111.36,-2.1,0,0.06,4691.76,4673.07,4681.19,4664.7,SELL,USD,1,1,1583663
D#1702700,XAUUSD,100,7349874591907354802,7349874591887313104,7349874591975393410,7349874591975392083,445,2026-04-24T03:10:36.000Z,2026-04-24T03:18:01.000Z,10.74,-11.16,8.64,-2.1,0,0.06,4671.11,4672.68,,,BUY,USD,1,1,1583663
D#1702611,XAUUSD,100,7349874591907354809,7349874591887313176,7349874591975393441,7349874591975392687,247,2026-04-24T03:14:02.000Z,2026-04-24T03:18:09.000Z,-25.6,24.9,-29.1,-3.5,0,0.1,4670.36,4673.14,,,SELL,USD,1,1,1583663
D#1702751,XAUUSD,100,7349874591907354871,7349874591887313242,7349874591975393326,7349874591975392280,162,2026-04-24T03:17:33.000Z,2026-04-24T03:20:15.000Z,-74.4,71.6,-88.4,-14,0,0.4,4672.96,4675.04,4674.88,4670.43,SELL,USD,1,1,1583663
D#1702753,XAUUSD,100,7349874591907354875,7349874591887313111,7349874591975393539,7349874591975392137,566,2026-04-24T03:10:51.000Z,2026-04-24T03:20:17.000Z,-102.9,100.8,-113.4,-10.5,0,0.3,4671.54,4675.19,4674.98,4668.15,SELL,USD,1,1,1583663
D#1702632,XAUUSD,100,7349874591907354932,7349874591887312760,7349874591975389497,7349874591975389373,1568,2026-04-24T02:56:08.000Z,2026-04-24T03:22:16.000Z,-1,0.3,-4.5,-3.5,0,0.1,4675.82,4676.14,4676,4664,SELL,USD,1,1,1583663
D#1702527,XAUUSD,100,7349874591907354964,7349874591887313217,7349874591975393116,7349874591975393000,430,2026-04-24T03:15:43.000Z,2026-04-24T03:22:53.000Z,116.2,-117.6,109.2,-7,0,0.2,4671.03,4676.62,4667.11,4676.7,BUY,USD,1,1,1583663
D#1670951,XAUUSD,100,7349874591907355070,7349874591887313206,7349874591975394648,7349874591975392902,544,2026-04-24T03:15:10.000Z,2026-04-24T03:24:14.000Z,69.9,-70.95,64.64,-5.26,0,0.15,4671.01,4675.45,4673.82,4678.7,BUY,USD,1,1,1583663
D#1702753,XAUUSD,100,7349874591907355194,7349874591887313288,7349874591975395083,7349874591975393870,351,2026-04-24T03:20:26.000Z,2026-04-24T03:26:17.000Z,96,-98.1,85.5,-10.5,0,0.3,4674.73,4677.71,,4678.28,BUY,USD,1,1,1583663
D#1702611,XAUUSD,100,7349874591907355226,7349874591887313254,7349874591975395266,7349874591975393458,550,2026-04-24T03:18:15.000Z,2026-04-24T03:27:25.000Z,110.4,-112.5,99.9,-10.5,0,0.3,4673.22,4676.68,,,BUY,USD,1,1,1583663
D#1671065,XAUUSD,100,7349874591907355239,7349874591887313435,7349874591975395317,7349874591975395299,10,2026-04-24T03:27:35.000Z,2026-04-24T03:27:45.000Z,1.7,-2.05,-0.06,-1.76,0,0.05,4675.85,4675.73,,,SELL,USD,1,1,1583663
D#1702527,XAUUSD,100,7349874591907355550,7349874591887313487,7349874591975395944,7349874591975395788,251,2026-04-24T03:30:05.000Z,2026-04-24T03:34:16.000Z,-63.4,62.0,-70.4,-7,0,0.2,4673.79,4677.18,4677.06,4670.82,SELL,USD,1,1,1583663
D#1702524,XAUUSD,100,7349874591907355564,7349874591887313552,7349874591975396690,7349874591975396293,135,2026-04-24T03:32:23.000Z,2026-04-24T03:34:38.000Z,30.5,-31.2,27,-3.5,0,0.1,4673.59,4676.42,,,BUY,USD,1,1,1583663
D#1670945,XAUUSD,100,7349874591907355567,7349874591887313230,7349874591975396713,7349874591975393156,1093,2026-04-24T03:16:34.000Z,2026-04-24T03:34:47.000Z,44.1,-44.8,40.6,-3.5,0,0.1,4672.11,4676.3,4663.61,4684.57,BUY,USD,1,1,1583663
D#1702342,XAUUSD,100,7349874591907355620,7349874591887313551,7349874591975396585,7349874591975396277,239,2026-04-24T03:32:16.000Z,2026-04-24T03:36:15.000Z,105.5,-109.0,88,-17.5,0,0.5,4673.49,4675.38,4675.5,,BUY,USD,1,1,1583663
D#1702526,XAUUSD,100,7349874591907355748,7349874591887312518,7349874591975397571,7349874591975387864,3049,2026-04-24T02:49:01.000Z,2026-04-24T03:39:50.000Z,29.2,-30.6,22.2,-7,0,0.2,4678.41,4677.17,4689.04,4658.33,SELL,USD,1,1,1583663
D#1702728,XAUUSD,100,7349874591907355821,7349874591887313018,7349874591975397971,7349874591975386018,2162,2026-04-24T03:06:54.000Z,2026-04-24T03:42:56.000Z,32.75,-33.1,30.99,-1.76,0,0.05,4671.23,4677.56,4659.2,4687,BUY,USD,1,1,1583663
D#1702700,XAUUSD,100,7349874591907355835,7349874591887313257,7349874591975398055,7349874591975393525,1517,2026-04-24T03:18:33.000Z,2026-04-24T03:43:50.000Z,-32.67,32.04,-35.83,-3.16,0,0.09,4673.38,4677.23,,,SELL,USD,1,1,1583663
D#1702635,XAUUSD,100,7349874591907355900,7349874591887312861,7349874591975398360,7349874591975390214,2740,2026-04-24T03:00:16.000Z,2026-04-24T03:45:56.000Z,-4.16,3.88,-5.56,-1.4,0,0.04,4677.7,4676.44,4655,,BUY,USD,1,1,1583663
D#1670951,XAUUSD,100,7349874591907356154,7349874591887313581,7349874591975396799,7349874591975396594,1248,2026-04-24T03:34:12.000Z,2026-04-24T03:55:00.000Z,-54.9,53.85,-60.16,-5.26,0,0.15,4676.99,4673.11,4673.34,4684.54,BUY,USD,1,1,1583663
D#1614623,XAUUSD,100,7349874591907356171,7349874591887313461,7349874591975396746,7349874591975395530,1580,2026-04-24T03:28:53.000Z,2026-04-24T03:55:13.000Z,-34.4,33.7,-37.9,-3.5,0,0.1,4676.24,4672.58,4672.78,4687.13,BUY,USD,1,1,1583663
D#1670945,XAUUSD,100,7349874591907356226,7349874591887313711,7349874591975399790,7349874591975397702,948,2026-04-24T03:40:45.000Z,2026-04-24T03:56:33.000Z,43.9,-44.6,40.4,-3.5,0,0.1,4677.23,4673.06,4699.69,4664.01,SELL,USD,1,1,1583663
D#1702526,XAUUSD,100,7349874591907356278,7349874591887313707,7349874591975400136,7349874591975397672,1145,2026-04-24T03:40:35.000Z,2026-04-24T03:59:40.000Z,-207,203.85,-222.76,-15.76,0,0.45,4677.28,4672.46,,4686.21,BUY,USD,1,1,1583663
D#1702751,XAUUSD,100,7349874591907356281,7349874591887313300,7349874591975400149,7349874591975393857,2307,2026-04-24T03:21:16.000Z,2026-04-24T03:59:43.000Z,118.4,-121.2,104.4,-14,0,0.4,4675.32,4672.58,4678.46,4672.07,SELL,USD,1,1,1583663
D#1670951,XAUUSD,100,7349874591907356289,7349874591887313947,7349874591975399861,7349874591975399739,224,2026-04-24T03:56:10.000Z,2026-04-24T03:59:54.000Z,-14.25,13.2,-19.51,-5.26,0,0.15,4672.79,4671.62,4672.05,4680.12,BUY,USD,1,1,1583663
D#1702527,XAUUSD,100,7349874591907356307,7349874591887313596,7349874591975396822,7349874591975396735,1511,2026-04-24T03:34:54.000Z,2026-04-24T04:00:05.000Z,109,-110.4,102,-7,0,0.2,4676.3,4671.07,4679.96,4670.93,SELL,USD,1,1,1583663
D#1702632,XAUUSD,100,7349874591907356344,7349874591887313726,7349874591975397932,7349874591975397866,1099,2026-04-24T03:41:59.000Z,2026-04-24T04:00:18.000Z,-72.2,71.5,-75.7,-3.5,0,0.1,4677.4,4669.96,4670,,BUY,USD,1,1,1583663
D#1702611,XAUUSD,100,7349874591907356347,7349874591887313669,7349874591975400273,7349874591975397339,1321,2026-04-24T03:38:19.000Z,2026-04-24T04:00:20.000Z,-282.4,279.6,-296.4,-14,0,0.4,4677.3,4670.02,,,BUY,USD,1,1,1583663
D#1702426,XAUUSD,100,7349874591907356346,7349874591887313838,7349874591975400271,7349874591975398811,656,2026-04-24T03:49:24.000Z,2026-04-24T04:00:20.000Z,-228.8,226.0,-242.8,-14,0,0.4,4675.89,4669.95,,,BUY,USD,1,1,1583663
D#1702342,XAUUSD,100,7349874591907356418,7349874591887313986,7349874591975400377,7349874591975400186,43,2026-04-24T04:00:00.000Z,2026-04-24T04:00:43.000Z,112,-115.5,94.5,-17.5,0,0.5,4671.86,4669.84,4669.72,,SELL,USD,1,1,1583663
D#1702534,XAUUSD,100,7349874591907356438,7349874591887314002,7349874591975400449,7349874591975400276,37,2026-04-24T04:00:22.000Z,2026-04-24T04:00:59.000Z,0.18,-0.25,-0.18,-0.36,0,0.01,4670.25,4670.21,,4670.49,BUY,USD,1,1,1583663
D#1670956,XAUUSD,100,7349874591907356513,7349874591887313961,7349874591975400877,7349874591975399894,356,2026-04-24T03:57:25.000Z,2026-04-24T04:03:21.000Z,11.84,-12.12,10.44,-1.4,0,0.04,4673.49,4670.75,,,SELL,USD,1,1,1583663
D#1702700,XAUUSD,100,7349874591907356514,7349874591887313751,7349874591975400878,7349874591975398100,1150,2026-04-24T03:44:12.000Z,2026-04-24T04:03:22.000Z,53,-53.7,49.5,-3.5,0,0.1,4675.83,4670.75,,,SELL,USD,1,1,1583663
D#1670956,XAUUSD,100,7349874591907356536,7349874591887314089,7349874591975401004,7349874591975400928,27,2026-04-24T04:03:45.000Z,2026-04-24T04:04:12.000Z,-6.76,6.48,-8.16,-1.4,0,0.04,4669.93,4671.84,,,SELL,USD,1,1,1583663
D#1671051,XAUUSD,100,7349874591907356548,7349874591887314016,7349874591975401071,7349874591975400352,240,2026-04-24T04:00:35.000Z,2026-04-24T04:04:35.000Z,2.16,-2.23,1.8,-0.36,0,0.01,4669.05,4670.99,,,BUY,USD,1,1,1583663
D#1671051,XAUUSD,100,7349874591907356563,7349874591887314107,7349874591975401165,7349874591975401080,34,2026-04-24T04:04:42.000Z,2026-04-24T04:05:16.000Z,31.5,-35.0,14,-17.5,0,0.5,4671.1,4671.51,,,BUY,USD,1,1,1583663
D#1671051,XAUUSD,100,7349874591907356599,7349874591887314120,7349874591975401281,7349874591975401199,41,2026-04-24T04:05:30.000Z,2026-04-24T04:06:11.000Z,-61,57.5,-78.5,-17.5,0,0.5,4671.8,4670.36,,,BUY,USD,1,1,1583663
D#1670956,XAUUSD,100,7349874591907356648,7349874591887314115,7349874591975401509,7349874591975401182,170,2026-04-24T04:05:23.000Z,2026-04-24T04:08:13.000Z,17.6,-20.4,3.6,-14,0,0.4,4671.67,4671.45,,,SELL,USD,1,1,1583663
D#1702482,XAUUSD,100,7349874591907356689,7349874591887314114,7349874591975401642,7349874591975401181,238,2026-04-24T04:05:22.000Z,2026-04-24T04:09:20.000Z,23.4,-24.1,19.9,-3.5,0,0.1,4671.87,4673.99,,,BUY,USD,1,1,1583663
D#1702527,XAUUSD,100,7349874591907356703,7349874591887314125,7349874591975401273,7349874591975401214,243,2026-04-24T04:05:38.000Z,2026-04-24T04:09:41.000Z,-64.2,62.8,-71.2,-7,0,0.2,4671.16,4674.59,4674.3,4668.53,SELL,USD,1,1,1583663
D#1670951,XAUUSD,100,7349874591907356771,7349874591887314128,7349874591975401926,7349874591975401225,357,2026-04-24T04:05:43.000Z,2026-04-24T04:11:40.000Z,17.55,-18.6,12.29,-5.26,0,0.15,4671.32,4672.27,4669.74,4679.05,BUY,USD,1,1,1583663
D#1670956,XAUUSD,100,7349874591907356817,7349874591887314188,7349874591975402094,7349874591975401670,212,2026-04-24T04:09:36.000Z,2026-04-24T04:13:08.000Z,119.6,-122.4,105.6,-14,0,0.4,4673.91,4671.14,,,SELL,USD,1,1,1583663
D#1670956,XAUUSD,100,7349874591907356863,7349874591887314254,7349874591975402264,7349874591975402171,65,2026-04-24T04:13:53.000Z,2026-04-24T04:14:58.000Z,-44,41.2,-58,-14,0,0.4,4671.45,4670.13,,,BUY,USD,1,1,1583663
D#1670956,XAUUSD,100,7349874591907357074,7349874591887314315,7349874591975403021,7349874591975402517,250,2026-04-24T04:16:34.000Z,2026-04-24T04:20:44.000Z,-87.6,84.8,-101.6,-14,0,0.4,4670.53,4668.12,,,BUY,USD,1,1,1583663
D#1670951,XAUUSD,100,7349874591907357075,7349874591887314350,7349874591975402854,7349874591975402768,132,2026-04-24T04:18:32.000Z,2026-04-24T04:20:44.000Z,-24,22.95,-29.26,-5.26,0,0.15,4669.94,4668.12,4668.25,4677.34,BUY,USD,1,1,1583663
D#1702720,XAUUSD,100,7349874591907357082,7349874591887313954,7349874591975403035,7349874591975399830,1444,2026-04-24T03:56:47.000Z,2026-04-24T04:20:51.000Z,-186.4,183.6,-200.4,-14,0,0.4,4672.97,4668.09,,,BUY,USD,1,1,1583663
D#1702669,XAUUSD,100,7349874591907357147,7349874591887313100,7349874591975403071,7349874591975392075,4286,2026-04-24T03:10:35.000Z,2026-04-24T04:22:01.000Z,-37.9,37.2,-41.4,-3.5,0,0.1,4671.05,4667.04,4667.3,4680.96,BUY,USD,1,1,1583663
D#1614623,XAUUSD,100,7349874591907357139,7349874591887314073,7349874591975400808,7349874591975400755,1170,2026-04-24T04:02:31.000Z,2026-04-24T04:22:01.000Z,-34,33.3,-37.5,-3.5,0,0.1,4670.96,4667.34,4667.48,4681.85,BUY,USD,1,1,1583663
D#1702718,XAUUSD,100,7349874591907357146,7349874591887314320,7349874591975402674,7349874591975402586,298,2026-04-24T04:17:03.000Z,2026-04-24T04:22:01.000Z,-27.9,27.2,-31.4,-3.5,0,0.1,4670.05,4667.04,4667.39,,BUY,USD,1,1,1583663
D#1670951,XAUUSD,100,7349874591907357136,7349874591887314399,7349874591975403158,7349874591975403054,62,2026-04-24T04:20:59.000Z,2026-04-24T04:22:01.000Z,-10.95,9.9,-16.21,-5.26,0,0.15,4668.32,4667.37,4667.49,4675.97,BUY,USD,1,1,1583663
D#1702667,XAUUSD,100,7349874591907357157,7349874591887312443,7349874591975387456,7349874591975387321,5744,2026-04-24T02:46:19.000Z,2026-04-24T04:22:03.000Z,-168.6,167.9,-172.1,-3.5,0,0.1,4683.84,4666.76,4666.92,4691.71,BUY,USD,1,1,1583663
D#1670913,XAUUSD,100,7349874591907357168,7349874591887313150,7349874591975392742,7349874591975392447,4170,2026-04-24T03:12:37.000Z,2026-04-24T04:22:07.000Z,53.4,-54.8,46.4,-7,0,0.2,4669.35,4666.9,,4666.78,SELL,USD,1,1,1583663
D#1702461,XAUUSD,100,7349874591907357181,7349874591887314090,7349874591975401121,7349874591975400942,1099,2026-04-24T04:03:49.000Z,2026-04-24T04:22:08.000Z,-46.8,46.1,-50.3,-3.5,0,0.1,4670.17,4665.27,4666.6,4687.71,BUY,USD,1,1,1583663
D#1702527,XAUUSD,100,7349874591907357175,7349874591887314228,7349874591975402062,7349874591975402002,594,2026-04-24T04:12:14.000Z,2026-04-24T04:22:08.000Z,118.8,-120.2,111.8,-7,0,0.2,4671.53,4665.81,4675.03,4665.91,SELL,USD,1,1,1583663
D#1702615,XAUUSD,100,7349874591907357235,7349874591887312266,7349874591975386263,7349874591975385976,6175,2026-04-24T02:39:14.000Z,2026-04-24T04:22:09.000Z,-337.35,336.3,-342.61,-5.26,0,0.15,4685.59,4662.88,4664.91,4694.68,BUY,USD,1,1,1583663
D#1702553,XAUUSD,100,7349874591907357226,7349874591887312348,7349874591975386888,7349874591975386627,5968,2026-04-24T02:42:41.000Z,2026-04-24T04:22:09.000Z,140.15,-140.92,136.29,-3.86,0,0.11,4683.44,4663.42,4682.44,4665.07,SELL,USD,1,1,1583663
D#1670914,XAUUSD,100,7349874591907357291,7349874591887313636,7349874591975397074,7349874591975397047,2726,2026-04-24T03:36:43.000Z,2026-04-24T04:22:09.000Z,10.97,-11.04,10.61,-0.36,0,0.01,4674.85,4664.1,4699.99,4664.16,SELL,USD,1,1,1583663
D#1702560,XAUUSD,100,7349874591907357284,7349874591887313828,7349874591975398734,7349874591975398731,2000,2026-04-24T03:48:49.000Z,2026-04-24T04:22:09.000Z,111.4,-112.1,107.9,-3.5,0,0.1,4675.14,4664.22,4678.34,4663.97,SELL,USD,1,1,1583663
D#1702533,XAUUSD,100,7349874591907357274,7349874591887313849,7349874591975399132,7349874591975398935,1899,2026-04-24T03:50:30.000Z,2026-04-24T04:22:09.000Z,-69.24,68.82,-71.34,-2.1,0,0.06,4675.09,4663.33,4663,4686.64,BUY,USD,1,1,1583663
D#1671051,XAUUSD,100,7349874591907357255,7349874591887314137,7349874591975403234,7349874591975401291,953,2026-04-24T04:06:16.000Z,2026-04-24T04:22:09.000Z,-301,297.5,-318.5,-17.5,0,0.5,4669.73,4663.49,,,BUY,USD,1,1,1583663
D#1702409,XAUUSD,100,7349874591907357278,7349874591887314196,7349874591975401783,7349874591975401741,722,2026-04-24T04:10:07.000Z,2026-04-24T04:22:09.000Z,102.8,-103.5,99.3,-3.5,0,0.1,4674.28,4664.22,,4663.78,SELL,USD,1,1,1583663
D#1702710,XAUUSD,100,7349874591907357303,7349874591887314394,7349874591975403289,7349874591975403012,90,2026-04-24T04:20:41.000Z,2026-04-24T04:22:11.000Z,-119.4,117.3,-129.9,-10.5,0,0.3,4668.59,4664.39,,4671.17,BUY,USD,1,1,1583663
D#1670948,XAUUSD,100,7349874591907357321,7349874591887312664,7349874591975403337,7349874591975388741,5373,2026-04-24T02:52:48.000Z,2026-04-24T04:22:21.000Z,-228.6,227.2,-235.6,-7,0,0.2,4676.23,4664.58,,4696.47,BUY,USD,1,1,1583663
D#1670936,XAUUSD,100,7349874591907357393,7349874591887313244,7349874591975393502,7349874591975393340,3928,2026-04-24T03:17:35.000Z,2026-04-24T04:23:03.000Z,112,-112.7,108.5,-3.5,0,0.1,4672.86,4661.88,4684.09,4662.22,SELL,USD,1,1,1583663
D#1670951,XAUUSD,100,7349874591907357390,7349874591887314458,7349874591975403448,7349874591975403345,40,2026-04-24T04:22:23.000Z,2026-04-24T04:23:03.000Z,-49.5,48.45,-54.76,-5.26,0,0.15,4665.16,4661.64,4662.49,4672.26,BUY,USD,1,1,1583663
D#1702398,XAUUSD,100,7349874591907357406,7349874591887313968,7349874591975403537,7349874591975399970,1510,2026-04-24T03:58:01.000Z,2026-04-24T04:23:11.000Z,-207.6,206.2,-214.6,-7,0,0.2,4673.37,4662.77,,4693.6,BUY,USD,1,1,1583663
D#1702700,XAUUSD,100,7349874591907357474,7349874591887314104,7349874591975403818,7349874591975401073,1193,2026-04-24T04:04:36.000Z,2026-04-24T04:24:29.000Z,158.4,-159.8,151.4,-7,0,0.2,4670.92,4663.22,,,SELL,USD,1,1,1583663
D#1670967,XAUUSD,100,7349874591907357485,7349874591887314483,7349874591975403846,7349874591975403481,99,2026-04-24T04:22:57.000Z,2026-04-24T04:24:36.000Z,-0.17,0.1,-0.53,-0.36,0,0.01,4662.75,4663.14,4667.74,,SELL,USD,1,1,1583663
D#1670956,XAUUSD,100,7349874591907357495,7349874591887314459,7349874591975403886,7349874591975403347,144,2026-04-24T04:22:24.000Z,2026-04-24T04:24:48.000Z,91.6,-94.4,77.6,-14,0,0.4,4664.97,4662.9,,,SELL,USD,1,1,1583663
D#1645648,XAUUSD,100,7349874591907357509,7349874591887313208,7349874591975393499,7349874591975392927,4185,2026-04-24T03:15:20.000Z,2026-04-24T04:25:05.000Z,98.1,-98.8,94.6,-3.5,0,0.1,4671.45,4661.86,4682.5,4661.5,SELL,USD,1,1,1583663
D#1702361,XAUUSD,100,7349874591907357553,7349874591887313917,7349874591975399592,7349874591975399502,1835,2026-04-24T03:54:39.000Z,2026-04-24T04:25:14.000Z,-15.41,15.34,-15.77,-0.36,0,0.01,4675.61,4659.98,4661.13,4736.21,BUY,USD,1,1,1583663
D#1670945,XAUUSD,100,7349874591907357550,7349874591887314126,7349874591975401372,7349874591975401222,1174,2026-04-24T04:05:40.000Z,2026-04-24T04:25:14.000Z,-110.5,109.8,-114,-3.5,0,0.1,4671.25,4659.98,4659.71,4687.19,BUY,USD,1,1,1583663
D#1671062,XAUUSD,100,7349874591907357548,7349874591887314435,7349874591975403225,7349874591975390077,186,2026-04-24T04:22:08.000Z,2026-04-24T04:25:14.000Z,-56.1,55.4,-59.6,-3.5,0,0.1,4665.81,4659.98,4659.93,,BUY,USD,1,1,1583663
D#1670913,XAUUSD,100,7349874591907357545,7349874591887314485,7349874591975403584,7349874591975403497,134,2026-04-24T04:23:00.000Z,2026-04-24T04:25:14.000Z,60.4,-61.8,53.4,-7,0,0.2,4663.08,4660.28,,4659.86,SELL,USD,1,1,1583663
D#1670951,XAUUSD,100,7349874591907357580,7349874591887314496,7349874591975404029,7349874591975403558,124,2026-04-24T04:23:17.000Z,2026-04-24T04:25:21.000Z,-9.9,8.85,-15.16,-5.26,0,0.15,4663.06,4662.18,,4670.75,BUY,USD,1,1,1583663
D#1702553,XAUUSD,100,7349874591907357674,7349874591887314535,7349874591975404375,7349874591975403873,132,2026-04-24T04:24:45.000Z,2026-04-24T04:26:57.000Z,-2.86,2.72,-3.56,-0.7,0,0.02,4662.95,4661.3,4654.34,4687.84,BUY,USD,1,1,1583663
D#1670956,XAUUSD,100,7349874591907357687,7349874591887314571,7349874591975404443,7349874591975404070,114,2026-04-24T04:25:25.000Z,2026-04-24T04:27:19.000Z,-51.2,48.4,-65.2,-14,0,0.4,4662.27,4660.77,,,BUY,USD,1,1,1583663
D#1670967,XAUUSD,100,7349874591907357711,7349874591887314630,7349874591975404545,7349874591975404435,52,2026-04-24T04:27:16.000Z,2026-04-24T04:28:08.000Z,35.51,-39.22,16.95,-18.56,0,0.53,4660.98,4660.53,,,SELL,USD,1,1,1583663
D#1702669,XAUUSD,100,7349874591907357774,7349874591887314597,7349874591975404657,7349874591975404195,242,2026-04-24T04:26:00.000Z,2026-04-24T04:30:02.000Z,-32,31.3,-35.5,-3.5,0,0.1,4662.76,4659.34,4659.32,4673.89,BUY,USD,1,1,1583663
D#1702513,XAUUSD,100,7349874591907357878,7349874591887314368,7349874591975405134,7349874591975402831,780,2026-04-24T04:19:10.000Z,2026-04-24T04:32:10.000Z,-77.28,76.79,-79.74,-2.46,0,0.07,4670.03,4658.77,,,BUY,USD,1,1,1583663
D#1702687,XAUUSD,100,7349874591907357879,7349874591887314662,7349874591975405135,7349874591975404701,158,2026-04-24T04:29:34.000Z,2026-04-24T04:32:12.000Z,2.1,-2.24,1.4,-0.7,0,0.02,4659.77,4658.94,4664.3,,SELL,USD,1,1,1583663
D#1702638,XAUUSD,100,7349874591907357970,7349874591887314734,7349874591975405451,7349874591975405148,139,2026-04-24T04:32:20.000Z,2026-04-24T04:34:39.000Z,-8.55,8.2,-10.31,-1.76,0,0.05,4659.41,4661.34,,,SELL,USD,1,1,1583663
D#1670956,XAUUSD,100,7349874591907357977,7349874591887314637,7349874591975405475,7349874591975404507,423,2026-04-24T04:27:49.000Z,2026-04-24T04:34:52.000Z,-23.2,20.4,-37.2,-14,0,0.4,4660.73,4661.53,,,SELL,USD,1,1,1583663
D#1589410,XAUUSD,100,7349874591907358056,7349874591887314744,7349874591975405679,7349874591975405253,163,2026-04-24T04:33:20.000Z,2026-04-24T04:36:03.000Z,-251.43,247.86,-269.29,-17.86,0,0.51,4659.41,4664.56,,,SELL,USD,1,1,1583663
D#1670967,XAUUSD,100,7349874591907358055,7349874591887314767,7349874591975405678,7349874591975405406,97,2026-04-24T04:34:26.000Z,2026-04-24T04:36:03.000Z,-167.44,163.8,-185.64,-18.2,0,0.52,4660.88,4664.32,,,SELL,USD,1,1,1583663
D#1702638,XAUUSD,100,7349874591907358118,7349874591887314778,7349874591975405870,7349874591975405457,148,2026-04-24T04:34:41.000Z,2026-04-24T04:37:09.000Z,18.35,-18.7,16.59,-1.76,0,0.05,4661.09,4664.54,,,BUY,USD,1,1,1583663
D#1702638,XAUUSD,100,7349874591907358248,7349874591887314899,7349874591975406341,7349874591975406248,36,2026-04-24T04:40:02.000Z,2026-04-24T04:40:38.000Z,22.6,-24.0,15.6,-7,0,0.2,4665.75,4666.66,,,BUY,USD,1,1,1583663
D#1702635,XAUUSD,100,7349874591907358285,7349874591887314794,7349874591975406502,7349874591975405567,376,2026-04-24T04:35:29.000Z,2026-04-24T04:41:45.000Z,156.4,-159.2,142.4,-14,0,0.4,4662.01,4665.7,,,BUY,USD,1,1,1583663
D#1702347,XAUUSD,100,7349874591907358312,7349874591887314772,7349874591975406599,7349874591975405434,478,2026-04-24T04:34:32.000Z,2026-04-24T04:42:30.000Z,132.9,-135.0,122.4,-10.5,0,0.3,4661.6,4665.81,,,BUY,USD,1,1,1583663
D#1702638,XAUUSD,100,7349874591907358313,7349874591887314936,7349874591975406602,7349874591975406539,41,2026-04-24T04:41:52.000Z,2026-04-24T04:42:33.000Z,9.2,-10.6,2.2,-7,0,0.2,4665.62,4665.86,,,BUY,USD,1,1,1583663
D#1702638,XAUUSD,100,7349874591907358345,7349874591887314948,7349874591975406704,7349874591975406634,37,2026-04-24T04:43:02.000Z,2026-04-24T04:43:39.000Z,-36.4,35.0,-43.4,-7,0,0.2,4665.03,4667.07,,,SELL,USD,1,1,1583663
D#1702587,XAUUSD,100,7349874591907358357,7349874591887314477,7349874591975406743,7349874591975403426,1278,2026-04-24T04:22:41.000Z,2026-04-24T04:43:59.000Z,54.2,-55.6,47.2,-7,0,0.2,4663.9,4666.39,,,BUY,USD,1,1,1583663
D#1702560,XAUUSD,100,7349874591907358364,7349874591887314575,7349874591975406763,7349874591975404075,1123,2026-04-24T04:25:25.000Z,2026-04-24T04:44:08.000Z,-47.1,46.4,-50.6,-3.5,0,0.1,4662.2,4667.13,4667.64,4650.34,SELL,USD,1,1,1583663
D#1702669,XAUUSD,100,7349874591907358404,7349874591887314709,7349874591975405152,7349874591975404969,840,2026-04-24T04:31:05.000Z,2026-04-24T04:45:05.000Z,95.1,-95.8,91.6,-3.5,0,0.1,4659.52,4668.81,4656.49,4668.91,BUY,USD,1,1,1583663
D#1702753,XAUUSD,100,7349874591907358403,7349874591887314862,7349874591975406082,7349874591975406042,386,2026-04-24T04:38:39.000Z,2026-04-24T04:45:05.000Z,111,-113.1,100.5,-10.5,0,0.3,4665.33,4668.81,,4668.88,BUY,USD,1,1,1583663
D#1702638,XAUUSD,100,7349874591907358458,7349874591887314959,7349874591975407067,7349874591975406715,167,2026-04-24T04:43:43.000Z,2026-04-24T04:46:30.000Z,63.6,-65.0,56.6,-7,0,0.2,4666.87,4669.83,,,BUY,USD,1,1,1583663
D#1589457,XAUUSD,100,7349874591907358514,7349874591887314269,7349874591975402306,7349874591975402246,1940,2026-04-24T04:14:49.000Z,2026-04-24T04:47:09.000Z,-24,23.3,-27.5,-3.5,0,0.1,4670.46,4673.08,4673.11,4650.06,SELL,USD,1,1,1583663
D#1702409,XAUUSD,100,7349874591907358572,7349874591887314799,7349874591975405639,7349874591975405589,731,2026-04-24T04:35:38.000Z,2026-04-24T04:47:49.000Z,111.2,-111.9,107.7,-3.5,0,0.1,4662.86,4673.76,,4673.6,BUY,USD,1,1,1583663
D#1670956,XAUUSD,100,7349874591907358578,7349874591887314785,7349874591975407283,7349874591975405512,766,2026-04-24T04:35:05.000Z,2026-04-24T04:47:51.000Z,482,-484.8,468,-14,0,0.4,4662.06,4673.89,,,BUY,USD,1,1,1583663
D#1702751,XAUUSD,100,7349874591907358589,7349874591887315007,7349874591975407061,7349874591975405818,88,2026-04-24T04:46:26.000Z,2026-04-24T04:47:54.000Z,-214.4,211.6,-228.4,-14,0,0.4,4669.71,4675.29,4674.73,4666.66,SELL,USD,1,1,1583663
D#1702560,XAUUSD,100,7349874591907358587,7349874591887315015,7349874591975407129,7349874591975407128,55,2026-04-24T04:46:59.000Z,2026-04-24T04:47:54.000Z,-38.4,37.7,-41.9,-3.5,0,0.1,4671.23,4675.29,4675.16,4659.51,SELL,USD,1,1,1583663
D#1702638,XAUUSD,100,7349874591907358614,7349874591887315038,7349874591975407341,7349874591975407263,19,2026-04-24T04:47:46.000Z,2026-04-24T04:48:05.000Z,42.6,-44.0,35.6,-7,0,0.2,4673.1,4675.01,,,BUY,USD,1,1,1583663
D#1702338,XAUUSD,100,7349874591907358622,7349874591887314881,7349874591975407364,7349874591975406149,527,2026-04-24T04:39:24.000Z,2026-04-24T04:48:11.000Z,452.25,-455.4,436.49,-15.76,0,0.45,4665.47,4675.3,,,BUY,USD,1,1,1583663
D#1702461,XAUUSD,100,7349874591907358623,7349874591887314915,7349874591975407366,7349874591975406389,436,2026-04-24T04:40:55.000Z,2026-04-24T04:48:11.000Z,-178.4,177.0,-185.4,-7,0,0.2,4666.24,4675.38,,,SELL,USD,1,1,1583663
D#1702521,XAUUSD,100,7349874591907358658,7349874591887313546,7349874591975407527,7349874591975396249,4617,2026-04-24T03:32:09.000Z,2026-04-24T04:49:06.000Z,4.44,-4.65,3.38,-1.06,0,0.03,4674.16,4675.42,,,BUY,USD,1,1,1583663
D#1702638,XAUUSD,100,7349874591907358682,7349874591887315064,7349874591975407597,7349874591975407411,67,2026-04-24T04:48:26.000Z,2026-04-24T04:49:33.000Z,11.2,-12.6,4.2,-7,0,0.2,4675.59,4675.93,,,BUY,USD,1,1,1583663
D#1670956,XAUUSD,100,7349874591907358718,7349874591887315082,7349874591975407708,7349874591975407540,66,2026-04-24T04:49:10.000Z,2026-04-24T04:50:16.000Z,14,-14.7,10.5,-3.5,0,0.1,4675.46,4674.28,,,SELL,USD,1,1,1583663
D#1702638,XAUUSD,100,7349874591907358748,7349874591887315108,7349874591975407824,7349874591975407732,31,2026-04-24T04:50:26.000Z,2026-04-24T04:50:57.000Z,7,-8.4,0,-7,0,0.2,4674.69,4674.82,,,BUY,USD,1,1,1583663
D#1614623,XAUUSD,100,7349874591907358779,7349874591887314581,7349874591975407938,7349874591975404130,1562,2026-04-24T04:25:40.000Z,2026-04-24T04:51:42.000Z,116.5,-117.2,113,-3.5,0,0.1,4662.71,4674.14,4657.6,,BUY,USD,1,1,1583663
D#1702582,XAUUSD,100,7349874591907358951,7349874591887313089,7349874591975408451,7349874591975391993,6322,2026-04-24T03:10:12.000Z,2026-04-24T04:55:34.000Z,-14.25,14.04,-15.31,-1.06,0,0.03,4669.58,4674.55,,,SELL,USD,1,1,1583663
D#1702638,XAUUSD,100,7349874591907358964,7349874591887315127,7349874591975408485,7349874591975407863,275,2026-04-24T04:51:10.000Z,2026-04-24T04:55:45.000Z,15.6,-17.0,8.6,-7,0,0.2,4674.58,4675.14,,,BUY,USD,1,1,1583663
D#1702498,XAUUSD,100,7349874591907358973,7349874591887315172,7349874591975408516,7349874591975408088,195,2026-04-24T04:52:43.000Z,2026-04-24T04:55:58.000Z,9.8,-10.5,6.3,-3.5,0,0.1,4674.44,4675.2,,,BUY,USD,1,1,1583663
D#1702480,XAUUSD,100,7349874591907359140,7349874591887315180,7349874591975408394,7349874591975408127,430,2026-04-24T04:53:11.000Z,2026-04-24T05:00:21.000Z,-42.6,41.2,-49.6,-7,0,0.2,4674.37,4676.72,4676.56,4669.1,SELL,USD,1,1,1583663
D#1702638,XAUUSD,100,7349874591907359143,7349874591887315271,7349874591975409336,7349874591975408659,217,2026-04-24T04:56:44.000Z,2026-04-24T05:00:21.000Z,24.2,-25.6,17.2,-7,0,0.2,4675.39,4676.38,,4680.68,BUY,USD,1,1,1583663
D#1702370,XAUUSD,100,7349874591907359208,7349874591887315370,7349874591975409734,7349874591975409694,15,2026-04-24T05:02:04.000Z,2026-04-24T05:02:19.000Z,-1.8,1.45,-3.56,-1.76,0,0.05,4673.91,4674.49,,,SELL,USD,1,1,1583663
D#1702751,XAUUSD,100,7349874591907359259,7349874591887315095,7349874591975410112,7349874591975407692,856,2026-04-24T04:50:13.000Z,2026-04-24T05:04:29.000Z,8.4,-11.2,-5.6,-14,0,0.4,4674.33,4674.34,4677.25,4670.93,SELL,USD,1,1,1583663
D#1702751,XAUUSD,100,7349874591907359317,7349874591887315404,7349874591975410251,7349874591975410125,91,2026-04-24T05:04:32.000Z,2026-04-24T05:06:03.000Z,-62.8,60.0,-76.8,-14,0,0.4,4674.14,4672.35,4672.45,4676.77,BUY,USD,1,1,1583663
D#1702432,XAUUSD,100,7349874591907359341,7349874591887314727,7349874591975410579,7349874591975405061,2095,2026-04-24T04:31:44.000Z,2026-04-24T05:06:39.000Z,93.73,-94.22,91.27,-2.46,0,0.07,4659.27,4672.44,,,BUY,USD,1,1,1583663
D#1702669,XAUUSD,100,7349874591907359384,7349874591887315342,7349874591975410088,7349874591975409402,501,2026-04-24T05:00:39.000Z,2026-04-24T05:09:00.000Z,-57.2,56.5,-60.7,-3.5,0,0.1,4676.92,4670.98,4671.52,4687.19,BUY,USD,1,1,1583663
D#1702482,XAUUSD,100,7349874591907359409,7349874591887315471,7349874591975411003,7349874591975410798,78,2026-04-24T05:08:08.000Z,2026-04-24T05:09:26.000Z,-37.2,36.15,-42.46,-5.26,0,0.15,4673.26,4670.56,,,BUY,USD,1,1,1583663
D#1670936,XAUUSD,100,7349874591907359413,7349874591887315104,7349874591975411034,7349874591975407718,1156,2026-04-24T04:50:21.000Z,2026-04-24T05:09:37.000Z,35.5,-36.2,32,-3.5,0,0.1,4674.2,4670.87,4685.91,4663.89,SELL,USD,1,1,1583663
D#1702753,XAUUSD,100,7349874591907359519,7349874591887315431,7349874591975411380,7349874591975410405,342,2026-04-24T05:05:57.000Z,2026-04-24T05:11:39.000Z,59.4,-61.5,48.9,-10.5,0,0.3,4673.25,4671.49,4675.02,4670.02,SELL,USD,1,1,1583663
D#1670981,XAUUSD,100,7349874591907359538,7349874591887315543,7349874591975411456,7349874591975411443,4,2026-04-24T05:12:05.000Z,2026-04-24T05:12:09.000Z,-0.19,0.12,-0.55,-0.36,0,0.01,4670.17,4670.58,,,SELL,USD,1,1,1583663
D#1702480,XAUUSD,100,7349874591907359576,7349874591887315438,7349874591975411127,7349874591975410465,425,2026-04-24T05:06:12.000Z,2026-04-24T05:13:17.000Z,-0.8,-0.6,-7.8,-7,0,0.2,4672.12,4672.38,4672.15,4667.11,SELL,USD,1,1,1583663
D#1702669,XAUUSD,100,7349874591907359586,7349874591887315494,7349874591975411643,7349874591975411050,215,2026-04-24T05:09:44.000Z,2026-04-24T05:13:19.000Z,-23.9,23.2,-27.4,-3.5,0,0.1,4670.33,4672.94,,4659.41,SELL,USD,1,1,1583663
D#1702467,XAUUSD,100,7349874591907359603,7349874591887315556,7349874591975411707,7349874591975411544,59,2026-04-24T05:12:45.000Z,2026-04-24T05:13:44.000Z,-16.8,16.45,-18.56,-1.76,0,0.05,4670.39,4673.97,,,SELL,USD,1,1,1583663
D#1702482,XAUUSD,100,7349874591907359622,7349874591887315496,7349874591975411779,7349874591975411053,263,2026-04-24T05:09:45.000Z,2026-04-24T05:14:08.000Z,-50.4,49.35,-55.66,-5.26,0,0.15,4670.33,4673.91,,4667,SELL,USD,1,1,1583663
D#1702467,XAUUSD,100,7349874591907359660,7349874591887315583,7349874591975411935,7349874591975411766,68,2026-04-24T05:14:05.000Z,2026-04-24T05:15:13.000Z,-0.95,0.6,-2.71,-1.76,0,0.05,4673.5,4673.91,,,SELL,USD,1,1,1583663
D#1702392,XAUUSD,100,7349874591907359686,7349874591887315547,7349874591975411964,7349874591975411473,203,2026-04-24T05:12:12.000Z,2026-04-24T05:15:35.000Z,51,-51.7,47.5,-3.5,0,0.1,4670.71,4675.59,,4675.54,BUY,USD,1,1,1583663
D#1702638,XAUUSD,100,7349874591907359697,7349874591887315358,7349874591975412054,7349874591975409563,863,2026-04-24T05:01:25.000Z,2026-04-24T05:15:48.000Z,-6.4,5.28,-12,-5.6,0,0.16,4676.14,4675.52,,4678.32,BUY,USD,1,1,1583663
D#1671065,XAUUSD,100,7349874591907359745,7349874591887315623,7349874591975412211,7349874591975412015,88,2026-04-24T05:15:36.000Z,2026-04-24T05:17:04.000Z,-16.94,16.45,-19.4,-2.46,0,0.07,4675.79,4673.15,4669.61,4686.97,BUY,USD,1,1,1583663
D#1670921,XAUUSD,100,7349874591907359812,7349874591887315673,7349874591975412582,7349874591975412370,93,2026-04-24T05:18:30.000Z,2026-04-24T05:20:03.000Z,-2.17,2.1,-2.53,-0.36,0,0.01,4672.35,4674.74,,,SELL,USD,1,1,1583663
D#1671065,XAUUSD,100,7349874591907359814,7349874591887315674,7349874591975412589,7349874591975412371,94,2026-04-24T05:18:31.000Z,2026-04-24T05:20:05.000Z,-22.9,22.2,-26.4,-3.5,0,0.1,4672.51,4675.02,4677.2,4659.88,SELL,USD,1,1,1583663
D#1702513,XAUUSD,100,7349874591907359826,7349874591887315706,7349874591975412647,7349874591975412629,11,2026-04-24T05:20:29.000Z,2026-04-24T05:20:40.000Z,2.61,-2.82,1.55,-1.06,0,0.03,4674.39,4673.74,,,SELL,USD,1,1,1583663
D#1702621,XAUUSD,100,7349874591907359873,7349874591887314372,7349874591975412920,7349874591975402846,3872,2026-04-24T04:19:20.000Z,2026-04-24T05:23:52.000Z,-36.54,36.05,-39,-2.46,0,0.07,4669.21,4674.65,4683.9,4652.41,SELL,USD,1,1,1583663
D#1702666,XAUUSD,100,7349874591907359889,7349874591887315660,7349874591975412344,7349874591975412272,406,2026-04-24T05:17:34.000Z,2026-04-24T05:24:20.000Z,-33.4,32.7,-36.9,-3.5,0,0.1,4672.68,4676.24,4676.12,4670.42,SELL,USD,1,1,1583663
D#1670874,XAUUSD,100,7349874591907359906,7349874591887314931,7349874591975413047,7349874591975406499,2586,2026-04-24T04:41:44.000Z,2026-04-24T05:24:50.000Z,72.03,-72.52,69.57,-2.46,0,0.07,4666.08,4676.15,,,BUY,USD,1,1,1583663
D#1702482,XAUUSD,100,7349874591907359922,7349874591887315587,7349874591975413110,7349874591975411809,653,2026-04-24T05:14:19.000Z,2026-04-24T05:25:12.000Z,36.6,-37.65,31.34,-5.26,0,0.15,4674.04,4676.26,,,BUY,USD,1,1,1583663
D#1702480,XAUUSD,100,7349874591907359934,7349874591887315582,7349874591975412216,7349874591975411761,690,2026-04-24T05:14:02.000Z,2026-04-24T05:25:32.000Z,-64.8,63.4,-71.8,-7,0,0.2,4673.42,4676.88,4676.87,4667.8,SELL,USD,1,1,1583663
D#1702580,XAUUSD,100,7349874591907359966,7349874591887315777,7349874591975413231,7349874591975413173,35,2026-04-24T05:25:54.000Z,2026-04-24T05:26:29.000Z,1.84,-2.4,-0.96,-2.8,0,0.08,4676.94,4676.95,,,BUY,USD,1,1,1583663
D#1702689,XAUUSD,100,7349874591907359978,7349874591887315720,7349874591975413246,7349874591975412754,281,2026-04-24T05:21:58.000Z,2026-04-24T05:26:39.000Z,1.78,-1.85,1.42,-0.36,0,0.01,4675.67,4677.23,4662.18,4684.31,BUY,USD,1,1,1583663
D#1670913,XAUUSD,100,7349874591907359979,7349874591887314717,7349874591975413252,7349874591975405024,3308,2026-04-24T04:31:33.000Z,2026-04-24T05:26:41.000Z,-353.4,352.0,-360.4,-7,0,0.2,4659.26,4677.15,,4655.68,SELL,USD,1,1,1583663
D#1702507,XAUUSD,100,7349874591907360019,7349874591887315280,7349874591975413346,7349874591975408779,1791,2026-04-24T04:57:29.000Z,2026-04-24T05:27:20.000Z,-184.5,181.0,-202,-17.5,0,0.5,4674.08,4677.99,,,SELL,USD,1,1,1583663
D#1702513,XAUUSD,100,7349874591907360052,7349874591887315711,7349874591975413492,7349874591975412667,440,2026-04-24T05:20:51.000Z,2026-04-24T05:28:11.000Z,-107.5,105.75,-116.26,-8.76,0,0.25,4673.64,4678.16,,,SELL,USD,1,1,1583663
D#1670945,XAUUSD,100,7349874591907360079,7349874591887315783,7349874591975413570,7349874591975413203,148,2026-04-24T05:26:16.000Z,2026-04-24T05:28:44.000Z,9.5,-10.2,6,-3.5,0,0.1,4677.05,4677.78,4662.63,4688.16,BUY,USD,1,1,1583663
D#1671088,XAUUSD,100,7349874591907360087,7349874591887315800,7349874591975413610,7349874591975413309,117,2026-04-24T05:27:04.000Z,2026-04-24T05:29:01.000Z,-0.64,0.57,-1,-0.36,0,0.01,4677.89,4677.03,,,BUY,USD,1,1,1583663
D#1702385,XAUUSD,100,7349874591907360169,7349874591887314871,7349874591975406075,7349874591975406072,3109,2026-04-24T04:38:56.000Z,2026-04-24T05:30:45.000Z,105.2,-105.76,102.4,-2.8,0,0.08,4665.45,4678.38,4657.18,4678.92,BUY,USD,1,1,1583663
D#1702530,XAUUSD,100,7349874591907360180,7349874591887315398,7349874591975410246,7349874591975410062,1600,2026-04-24T05:04:14.000Z,2026-04-24T05:30:54.000Z,-6.03,5.96,-6.39,-0.36,0,0.01,4673.6,4679.85,4679.01,4659.41,SELL,USD,1,1,1583663
D#1702713,XAUUSD,100,7349874591907360193,7349874591887314412,7349874591975403316,7349874591975403120,4168,2026-04-24T04:21:27.000Z,2026-04-24T05:30:55.000Z,-33.6,33.39,-34.66,-1.06,0,0.03,4668.62,4680.04,4679.71,4624.35,SELL,USD,1,1,1583663
D#1702560,XAUUSD,100,7349874591907360200,7349874591887315160,7349874591975408055,7349874591975408053,2300,2026-04-24T04:52:35.000Z,2026-04-24T05:30:55.000Z,-52.1,51.4,-55.6,-3.5,0,0.1,4674.64,4680.07,4679.09,4662.86,SELL,USD,1,1,1583663
D#1702753,XAUUSD,100,7349874591907360191,7349874591887315748,7349874591975412996,7349874591975412995,392,2026-04-24T05:24:23.000Z,2026-04-24T05:30:55.000Z,110.4,-112.5,99.9,-10.5,0,0.3,4676.35,4679.81,4676.2,4679.9,BUY,USD,1,1,1583663
D#1702528,XAUUSD,100,7349874591907360201,7349874591887315797,7349874591975413595,7349874591975413287,242,2026-04-24T05:26:53.000Z,2026-04-24T05:30:55.000Z,-13.1,12.75,-14.86,-1.76,0,0.05,4677.23,4680.07,4679.11,,SELL,USD,1,1,1583663
D#1702638,XAUUSD,100,7349874591907360221,7349874591887315888,7349874591975413979,7349874591975413878,25,2026-04-24T05:30:38.000Z,2026-04-24T05:31:03.000Z,26.41,-27.74,19.75,-6.66,0,0.19,4678.78,4679.95,,,BUY,USD,1,1,1583663
D#1671088,XAUUSD,100,7349874591907360237,7349874591887315870,7349874591975414029,7349874591975413775,64,2026-04-24T05:30:10.000Z,2026-04-24T05:31:14.000Z,131.5,-135.0,114,-17.5,0,0.5,4677.8,4680.21,,,BUY,USD,1,1,1583663
D#1702544,XAUUSD,100,7349874591907360297,7349874591887314365,7349874591975402847,7349874591975402811,4440,2026-04-24T04:18:57.000Z,2026-04-24T05:32:57.000Z,-11.6,11.53,-11.96,-0.36,0,0.01,4668.91,4680.73,4680.69,4637.02,SELL,USD,1,1,1583663
D#1702635,XAUUSD,100,7349874591907360301,7349874591887315848,7349874591975414284,7349874591975413633,231,2026-04-24T05:29:13.000Z,2026-04-24T05:33:04.000Z,-136.8,134.0,-150.8,-14,0,0.4,4677.04,4680.68,,,SELL,USD,1,1,1583663
D#1702638,XAUUSD,100,7349874591907360325,7349874591887315922,7349874591975414329,7349874591975414122,87,2026-04-24T05:31:53.000Z,2026-04-24T05:33:20.000Z,27.93,-29.26,21.27,-6.66,0,0.19,4680.22,4681.47,,4683.62,BUY,USD,1,1,1583663
D#1702482,XAUUSD,100,7349874591907360326,7349874591887315793,7349874591975414332,7349874591975413266,399,2026-04-24T05:26:43.000Z,2026-04-24T05:33:22.000Z,-62.1,61.05,-67.36,-5.26,0,0.15,4677.37,4681.73,,,SELL,USD,1,1,1583663
D#1671066,XAUUSD,100,7349874591907360359,7349874591887315592,7349874591975412236,7349874591975411855,1130,2026-04-24T05:14:46.000Z,2026-04-24T05:33:36.000Z,101.1,-101.8,97.6,-3.5,0,0.1,4673.48,4683.37,4672.08,4683.4,BUY,USD,1,1,1583663
D#1702480,XAUUSD,100,7349874591907360384,7349874591887315842,7349874591975414417,7349874591975413607,290,2026-04-24T05:29:00.000Z,2026-04-24T05:33:50.000Z,-119,117.6,-126,-7,0,0.2,4677.07,4683.24,,4671.91,SELL,USD,1,1,1583663
D#1702674,XAUUSD,100,7349874591907360392,7349874591887315957,7349874591975414362,7349874591975414360,27,2026-04-24T05:33:33.000Z,2026-04-24T05:34:00.000Z,59.1,-61.2,48.6,-10.5,0,0.3,4681.87,4683.62,,4683.69,BUY,USD,1,1,1583663
D#1671088,XAUUSD,100,7349874591907360421,7349874591887315950,7349874591975414488,7349874591975414337,49,2026-04-24T05:33:25.000Z,2026-04-24T05:34:14.000Z,121,-124.5,103.5,-17.5,0,0.5,4681.45,4683.65,,,BUY,USD,1,1,1583663
D#1702482,XAUUSD,100,7349874591907360429,7349874591887315955,7349874591975414519,7349874591975414357,52,2026-04-24T05:33:32.000Z,2026-04-24T05:34:24.000Z,49.5,-51.25,40.74,-8.76,0,0.25,4681.78,4683.54,,,BUY,USD,1,1,1583663
D#1702463,XAUUSD,100,7349874591907360443,7349874591887315520,7349874591975411329,7349874591975411284,1398,2026-04-24T05:11:10.000Z,2026-04-24T05:34:28.000Z,77.88,-78.3,75.78,-2.1,0,0.06,4671.62,4684.38,4668.52,4684.04,BUY,USD,1,1,1583663
D#1702669,XAUUSD,100,7349874591907360439,7349874591887315569,7349874591975411942,7349874591975411658,1263,2026-04-24T05:13:25.000Z,2026-04-24T05:34:28.000Z,114.6,-115.3,111.1,-3.5,0,0.1,4673.14,4684.38,4669.39,4684.49,BUY,USD,1,1,1583663
D#1671088,XAUUSD,100,7349874591907360556,7349874591887316021,7349874591975414940,7349874591975414798,40,2026-04-24T05:35:58.000Z,2026-04-24T05:36:38.000Z,4,-7.5,-13.5,-17.5,0,0.5,4683.05,4682.91,,,BUY,USD,1,1,1583663
D#1702638,XAUUSD,100,7349874591907360561,7349874591887316008,7349874591975414976,7349874591975414735,73,2026-04-24T05:35:38.000Z,2026-04-24T05:36:51.000Z,5.89,-7.22,-0.77,-6.66,0,0.19,4682.67,4682.76,,,BUY,USD,1,1,1583663
D#1702471,XAUUSD,100,7349874591907360571,7349874591887316045,7349874591975415026,7349874591975414971,18,2026-04-24T05:36:50.000Z,2026-04-24T05:37:08.000Z,1.66,-1.73,1.3,-0.36,0,0.01,4683.1,4684.54,,,BUY,USD,1,1,1583663
D#1671065,XAUUSD,100,7349874591907360588,7349874591887315703,7349874591975415104,7349874591975412602,1040,2026-04-24T05:20:19.000Z,2026-04-24T05:37:39.000Z,50.24,-50.94,46.73,-3.51,0,0.1,4674.97,4683.86,4675.21,4686.95,BUY,USD,1,1,1583663
D#1702482,XAUUSD,100,7349874591907360618,7349874591887316033,7349874591975415223,7349874591975414870,144,2026-04-24T05:36:17.000Z,2026-04-24T05:38:41.000Z,22.75,-24.5,13.99,-8.76,0,0.25,4682.67,4683.36,,4687.13,BUY,USD,1,1,1583663
D#1702638,XAUUSD,100,7349874591907360641,7349874591887316066,7349874591975415251,7349874591975415170,77,2026-04-24T05:38:10.000Z,2026-04-24T05:39:27.000Z,21.47,-22.8,14.81,-6.66,0,0.19,4683.66,4684.57,,4684.68,BUY,USD,1,1,1583663
D#1671088,XAUUSD,100,7349874591907360642,7349874591887316047,7349874591975415313,7349874591975414986,155,2026-04-24T05:36:53.000Z,2026-04-24T05:39:28.000Z,57.5,-61.0,40,-17.5,0,0.5,4683.62,4684.55,,,BUY,USD,1,1,1583663
D#1670921,XAUUSD,100,7349874591907360675,7349874591887315863,7349874591975415421,7349874591975413728,607,2026-04-24T05:30:02.000Z,2026-04-24T05:40:09.000Z,11.93,-12.07,11.22,-0.71,0,0.02,4677.55,4683.77,,,BUY,USD,1,1,1583663
D#1702638,XAUUSD,100,7349874591907360700,7349874591887316099,7349874591975415528,7349874591975415441,32,2026-04-24T05:40:15.000Z,2026-04-24T05:40:47.000Z,27.74,-29.07,21.08,-6.66,0,0.19,4683.82,4685.06,,4685.34,BUY,USD,1,1,1583663
D#1670945,XAUUSD,100,7349874591907360727,7349874591887315843,7349874591975413659,7349874591975413612,736,2026-04-24T05:29:04.000Z,2026-04-24T05:41:20.000Z,270.3,-272.4,259.8,-10.5,0,0.3,4677.25,4686.04,4657.7,4686.11,BUY,USD,1,1,1583663
D#1702472,XAUUSD,100,7349874591907360725,7349874591887316073,7349874591975415635,7349874591975415204,168,2026-04-24T05:38:32.000Z,2026-04-24T05:41:20.000Z,-49.56,48.09,-56.92,-7.36,0,0.21,4683.4,4685.98,,,SELL,USD,1,1,1583663
D#1670962,XAUUSD,100,7349874591907360738,7349874591887313130,7349874591975392645,7349874591975392259,8991,2026-04-24T03:11:33.000Z,2026-04-24T05:41:24.000Z,-76.2,75.85,-77.96,-1.76,0,0.05,4671.08,4686.54,4686.19,4637.14,SELL,USD,1,1,1583663
D#1702674,XAUUSD,100,7349874591907360737,7349874591887316006,7349874591975415159,7349874591975414712,353,2026-04-24T05:35:31.000Z,2026-04-24T05:41:24.000Z,-108.3,106.2,-118.8,-10.5,0,0.3,4682.71,4686.54,4686.15,4679.6,SELL,USD,1,1,1583663
D#1702623,XAUUSD,100,7349874591907360748,7349874591887315928,7349874591975414287,7349874591975414167,556,2026-04-24T05:32:14.000Z,2026-04-24T05:41:30.000Z,410.75,-414.46,401.47,-9.28,0,0.53,4679.72,4687.25,,4687.2,BUY,USD,1,1,1583663
D#1702533,XAUUSD,100,7349874591907360754,7349874591887315155,7349874591975415699,7349874591975408017,2951,2026-04-24T04:52:23.000Z,2026-04-24T05:41:34.000Z,74.94,-75.36,72.84,-2.1,0,0.06,4674.83,4687.1,,4689.72,BUY,USD,1,1,1583663
D#1702471,XAUUSD,100,7349874591907360796,7349874591887316091,7349874591975415867,7349874591975415339,176,2026-04-24T05:39:35.000Z,2026-04-24T05:42:31.000Z,-18.4,17.0,-25.4,-7,0,0.2,4684.54,4685.68,,,SELL,USD,1,1,1583663
D#1702623,XAUUSD,100,7349874591907360803,7349874591887316144,7349874591975415900,7349874591975415757,60,2026-04-24T05:41:49.000Z,2026-04-24T05:42:49.000Z,16.65,-19.8,0.89,-15.76,0,0.45,4685.91,4686.06,,,BUY,USD,1,1,1583663
D#1702635,XAUUSD,100,7349874591907360835,7349874591887316067,7349874591975416024,7349874591975415171,327,2026-04-24T05:38:10.000Z,2026-04-24T05:43:37.000Z,-49.2,46.4,-63.2,-14,0,0.4,4683.46,4684.91,,,SELL,USD,1,1,1583663
D#1702700,XAUUSD,100,7349874591907360847,7349874591887315953,7349874591975416084,7349874591975414346,635,2026-04-24T05:33:28.000Z,2026-04-24T05:44:03.000Z,62.2,-63.6,55.2,-7,0,0.2,4681.4,4684.29,,,BUY,USD,1,1,1583663
D#1702638,XAUUSD,100,7349874591907360874,7349874591887316165,7349874591975416179,7349874591975415927,91,2026-04-24T05:43:00.000Z,2026-04-24T05:44:31.000Z,-66.69,65.36,-73.35,-6.66,0,0.19,4686.25,4682.52,,,BUY,USD,1,1,1583663
D#1702587,XAUUSD,100,7349874591907360875,7349874591887316128,7349874591975416188,7349874591975415663,193,2026-04-24T05:41:24.000Z,2026-04-24T05:44:37.000Z,80.8,-82.2,73.8,-7,0,0.2,4686.33,4682.51,,,SELL,USD,1,1,1583663
D#1702363,XAUUSD,100,7349874591907360877,7349874591887315714,7349874591975416193,7349874591975412708,1391,2026-04-24T05:21:27.000Z,2026-04-24T05:44:38.000Z,73.5,-74.2,70,-3.5,0,0.1,4674.97,4682.1,4670,4701.27,BUY,USD,1,1,1583663
D#1702638,XAUUSD,100,7349874591907360886,7349874591887316198,7349874591975416233,7349874591975416196,14,2026-04-24T05:44:39.000Z,2026-04-24T05:44:53.000Z,-0.36,0.29,-0.72,-0.36,0,0.01,4682.07,4682.65,,,SELL,USD,1,1,1583663
D#1702623,XAUUSD,100,7349874591907360919,7349874591887316218,7349874591975416402,7349874591975416327,30,2026-04-24T05:45:25.000Z,2026-04-24T05:45:55.000Z,7,-8.4,0,-7,0,0.2,4683.23,4683.36,,,BUY,USD,1,1,1583663
D#1702517,XAUUSD,100,7349874591907360925,7349874591887316116,7349874591975416443,7349874591975415542,314,2026-04-24T05:40:54.000Z,2026-04-24T05:46:08.000Z,-21.4,20.0,-28.4,-7,0,0.2,4685.23,4683.94,,,BUY,USD,1,1,1583663
D#1702713,XAUUSD,100,7349874591907361023,7349874591887316269,7349874591975416844,7349874591975416738,27,2026-04-24T05:47:59.000Z,2026-04-24T05:48:26.000Z,-19.2,18.36,-23.4,-4.2,0,0.12,4681.55,4683.37,,,SELL,USD,1,1,1583663
D#1702460,XAUUSD,100,7349874591907361049,7349874591887316298,7349874591975416960,7349874591975416942,5,2026-04-24T05:49:02.000Z,2026-04-24T05:49:07.000Z,0.25,-0.32,-0.11,-0.36,0,0.01,4681.45,4681.42,,,SELL,USD,1,1,1583663
D#1702666,XAUUSD,100,7349874591907361071,7349874591887316245,7349874591975416567,7349874591975416530,170,2026-04-24T05:46:45.000Z,2026-04-24T05:49:35.000Z,-20.8,20.1,-24.3,-3.5,0,0.1,4683.04,4680.74,4680.87,4686.77,BUY,USD,1,1,1583663
D#1702482,XAUUSD,100,7349874591907361077,7349874591887316130,7349874591975417066,7349874591975415670,506,2026-04-24T05:41:25.000Z,2026-04-24T05:49:51.000Z,-142.5,140.75,-151.26,-8.76,0,0.25,4686.61,4680.69,,4691.51,BUY,USD,1,1,1583663
D#1702623,XAUUSD,100,7349874591907361078,7349874591887316263,7349874591975417068,7349874591975416682,134,2026-04-24T05:47:37.000Z,2026-04-24T05:49:51.000Z,9.8,-11.2,2.8,-7,0,0.2,4681.18,4680.91,4684.41,4680.34,SELL,USD,1,1,1583663
D#1702669,XAUUSD,100,7349874591907361089,7349874591887316084,7349874591975417126,7349874591975415303,659,2026-04-24T05:39:24.000Z,2026-04-24T05:50:23.000Z,22.8,-23.5,19.3,-3.5,0,0.1,4684.15,4682.09,,4676.09,SELL,USD,1,1,1583663
D#1702582,XAUUSD,100,7349874591907361098,7349874591887315240,7349874591975417143,7349874591975408469,3289,2026-04-24T04:55:40.000Z,2026-04-24T05:50:29.000Z,24.48,-24.76,23.08,-1.4,0,0.04,4675.26,4681.16,4653.44,4697.99,BUY,USD,1,1,1583663
D#1645644,XAUUSD,100,7349874591907361131,7349874591887316294,7349874591975417319,7349874591975416933,178,2026-04-24T05:48:58.000Z,2026-04-24T05:51:56.000Z,4.8,-6.2,-2.2,-7,0,0.2,4681.62,4681.6,,,SELL,USD,1,1,1583663
D#1702696,XAUUSD,100,7349874591907361145,7349874591887316351,7349874591975417364,7349874591975417356,3,2026-04-24T05:52:16.000Z,2026-04-24T05:52:19.000Z,0.15,-0.36,-0.91,-1.06,0,0.03,4682.04,4681.87,,,BUY,USD,1,1,1583663
D#1702472,XAUUSD,100,7349874591907361198,7349874591887316210,7349874591975417548,7349874591975416277,552,2026-04-24T05:45:05.000Z,2026-04-24T05:54:17.000Z,-48.93,47.46,-56.29,-7.36,0,0.21,4681.85,4684.4,,,SELL,USD,1,1,1583663
D#1702471,XAUUSD,100,7349874591907361197,7349874591887316211,7349874591975417547,7349874591975416278,552,2026-04-24T05:45:05.000Z,2026-04-24T05:54:17.000Z,-46.2,44.8,-53.2,-7,0,0.2,4681.87,4684.4,,,SELL,USD,1,1,1583663
D#1670945,XAUUSD,100,7349874591907361211,7349874591887316336,7349874591975417601,7349874591975417246,202,2026-04-24T05:51:18.000Z,2026-04-24T05:54:40.000Z,23.1,-23.8,19.6,-3.5,0,0.1,4681.98,4684.07,4667.1,4686.85,BUY,USD,1,1,1583663
D#1702753,XAUUSD,100,7349874591907361301,7349874591887316314,7349874591975417085,7349874591975417084,436,2026-04-24T05:50:04.000Z,2026-04-24T05:57:20.000Z,110.2,-111.6,103.2,-7,0,0.2,4680.69,4685.98,4678.08,4686.08,BUY,USD,1,1,1583663
D#1702587,XAUUSD,100,7349874591907361326,7349874591887316352,7349874591975418011,7349874591975417366,316,2026-04-24T05:52:22.000Z,2026-04-24T05:57:38.000Z,72.4,-73.8,65.4,-7,0,0.2,4682.37,4685.77,,,BUY,USD,1,1,1583663
D#1702534,XAUUSD,100,7349874591907361339,7349874591887315487,7349874591975418042,7349874591975410967,2917,2026-04-24T05:09:12.000Z,2026-04-24T05:57:49.000Z,154.85,-155.9,149.59,-5.26,0,0.15,4671.01,4685.97,4654.15,4722,BUY,USD,1,1,1583663
D#1702498,XAUUSD,100,7349874591907361341,7349874591887316320,7349874591975418049,7349874591975417128,451,2026-04-24T05:50:23.000Z,2026-04-24T05:57:54.000Z,82.2,-83.6,75.2,-7,0,0.2,4682.09,4685.98,,,BUY,USD,1,1,1583663
D#1702336,XAUUSD,100,7349874591907361342,7349874591887316393,7349874591975418058,7349874591975417606,196,2026-04-24T05:54:43.000Z,2026-04-24T05:57:59.000Z,77.2,-80.0,63.2,-14,0,0.4,4684.44,4686.15,,,BUY,USD,1,1,1583663
D#1702528,XAUUSD,100,7349874591907361349,7349874591887316292,7349874591975418105,7349874591975416907,565,2026-04-24T05:48:47.000Z,2026-04-24T05:58:12.000Z,19.15,-19.5,17.39,-1.76,0,0.05,4682.05,4685.66,,,BUY,USD,1,1,1583663
D#1671088,XAUUSD,100,7349874591907361430,7349874591887316120,7349874591975418310,7349874591975415634,1097,2026-04-24T05:41:20.000Z,2026-04-24T05:59:37.000Z,39,-42.5,21.5,-17.5,0,0.5,4685.98,4686.54,,,BUY,USD,1,1,1583663
D#1702700,XAUUSD,100,7349874591907361431,7349874591887316201,7349874591975418311,7349874591975416222,887,2026-04-24T05:44:51.000Z,2026-04-24T05:59:38.000Z,143.4,-145.5,132.9,-10.5,0,0.3,4682.08,4686.64,,,BUY,USD,1,1,1583663
D#1702385,XAUUSD,100,7349874591907361472,7349874591887316250,7349874591975416548,7349874591975416547,790,2026-04-24T05:46:52.000Z,2026-04-24T06:00:02.000Z,-47.2,46.64,-50,-2.8,0,0.08,4681.89,4688.01,4687.79,4667.25,SELL,USD,1,1,1583663
D#1670914,XAUUSD,100,7349874591907361474,7349874591887316261,7349874591975416748,7349874591975416671,750,2026-04-24T05:47:32.000Z,2026-04-24T06:00:02.000Z,95.7,-96.75,90.44,-5.26,0,0.15,4681.64,4687.8,4676.33,4687.91,BUY,USD,1,1,1583663
D#1702527,XAUUSD,100,7349874591907361461,7349874591887316295,7349874591975417026,7349874591975416935,662,2026-04-24T05:49:00.000Z,2026-04-24T06:00:02.000Z,123.8,-125.2,116.8,-7,0,0.2,4681.72,4687.69,4677.38,4687.49,BUY,USD,1,1,1583663
D#1702534,XAUUSD,100,7349874591907361480,7349874591887316492,7349874591975418365,7349874591975418307,29,2026-04-24T05:59:36.000Z,2026-04-24T06:00:05.000Z,-10.7,10.0,-14.2,-3.5,0,0.1,4686.81,4685.52,4685.84,,BUY,USD,1,1,1583663
D#1702582,XAUUSD,100,7349874591907361482,7349874591887316382,7349874591975418400,7349874591975417530,359,2026-04-24T05:54:08.000Z,2026-04-24T06:00:07.000Z,6.25,-6.6,4.49,-1.76,0,0.05,4683.55,4684.58,,,BUY,USD,1,1,1583663
D#1702495,XAUUSD,100,7349874591907361541,7349874591887316511,7349874591975418568,7349874591975418352,51,2026-04-24T05:59:51.000Z,2026-04-24T06:00:42.000Z,28.35,-29.4,23.09,-5.26,0,0.15,4686.3,4684.63,,,SELL,USD,1,1,1583663
D#1702460,XAUUSD,100,7349874591907361714,7349874591887316391,7349874591975419276,7349874591975417593,527,2026-04-24T05:54:35.000Z,2026-04-24T06:03:22.000Z,0.15,-0.36,-0.91,-1.06,0,0.03,4684.31,4684.14,,,BUY,USD,1,1,1583663
D#1702336,XAUUSD,100,7349874591907361718,7349874591887316498,7349874591975419292,7349874591975418322,225,2026-04-24T05:59:40.000Z,2026-04-24T06:03:25.000Z,-155.5,152.0,-173,-17.5,0,0.5,4686.82,4683.49,,,BUY,USD,1,1,1583663
D#1702580,XAUUSD,100,7349874591907361777,7349874591887315790,7349874591975419519,7349874591975413257,2255,2026-04-24T05:26:42.000Z,2026-04-24T06:04:17.000Z,108.16,-109.28,102.56,-5.6,0,0.16,4677.14,4683.68,,,BUY,USD,1,1,1583663
D#1702713,XAUUSD,100,7349874591907361827,7349874591887316286,7349874591975419709,7349874591975416857,1001,2026-04-24T05:48:28.000Z,2026-04-24T06:05:09.000Z,-0.72,-0.12,-4.92,-4.2,0,0.12,4683.41,4683.13,4676.28,4700.45,BUY,USD,1,1,1583663
D#1702580,XAUUSD,100,7349874591907361936,7349874591887316695,7349874591975420034,7349874591975419762,68,2026-04-24T06:05:22.000Z,2026-04-24T06:06:30.000Z,-6.6,5.2,-13.6,-7,0,0.2,4683.39,4683.94,,,SELL,USD,1,1,1583663
D#1702472,XAUUSD,100,7349874591907362210,7349874591887316793,7349874591975420801,7349874591975420242,159,2026-04-24T06:07:15.000Z,2026-04-24T06:09:54.000Z,3.1,-3.8,-0.4,-3.5,0,0.1,4683.04,4683.13,4682.91,,BUY,USD,1,1,1583663
D#1702666,XAUUSD,100,7349874591907362228,7349874591887316875,7349874591975420904,7349874591975420786,70,2026-04-24T06:09:16.000Z,2026-04-24T06:10:26.000Z,-26.5,25.8,-30,-3.5,0,0.1,4684.96,4682.09,4682.25,,BUY,USD,1,1,1583663
D#1702471,XAUUSD,100,7349874591907362234,7349874591887316804,7349874591975421070,7349874591975420284,182,2026-04-24T06:07:30.000Z,2026-04-24T06:10:32.000Z,-1.4,0.7,-4.9,-3.5,0,0.1,4682.29,4681.93,,,BUY,USD,1,1,1583663
D#1702336,XAUUSD,100,7349874591907362245,7349874591887316661,7349874591975421101,7349874591975419329,428,2026-04-24T06:03:29.000Z,2026-04-24T06:10:37.000Z,98.5,-102.0,81,-17.5,0,0.5,4683.51,4681.76,,,SELL,USD,1,1,1583663
D#1702635,XAUUSD,100,7349874591907362252,7349874591887316561,7349874591975421141,7349874591975418647,592,2026-04-24T06:00:57.000Z,2026-04-24T06:10:49.000Z,132.4,-135.2,118.4,-14,0,0.4,4684.49,4681.4,,,SELL,USD,1,1,1583663
D#1702495,XAUUSD,100,7349874591907362296,7349874591887316572,7349874591975421409,7349874591975418721,654,2026-04-24T06:01:09.000Z,2026-04-24T06:12:03.000Z,56,-57.4,49,-7,0,0.2,4684.61,4682.03,4684.37,4678.72,SELL,USD,1,1,1583663
D#1702471,XAUUSD,100,7349874591907362318,7349874591887316914,7349874591975421513,7349874591975421173,81,2026-04-24T06:11:00.000Z,2026-04-24T06:12:21.000Z,21.7,-22.4,18.2,-3.5,0,0.1,4680.99,4682.94,,,BUY,USD,1,1,1583663
D#1702504,XAUUSD,100,7349874591907362349,7349874591887316359,7349874591975421648,7349874591975417414,1187,2026-04-24T05:53:04.000Z,2026-04-24T06:12:51.000Z,5.6,-5.88,4.2,-1.4,0,0.04,4681.84,4683.02,4674,4700,BUY,USD,1,1,1583663
D#1671066,XAUUSD,100,7349874591907362353,7349874591887316400,7349874591975421673,7349874591975417647,1076,2026-04-24T05:55:01.000Z,2026-04-24T06:12:57.000Z,-11,10.3,-14.5,-3.5,0,0.1,4684.65,4683.33,4680.32,4694.8,BUY,USD,1,1,1583663
D#1702336,XAUUSD,100,7349874591907362499,7349874591887317000,7349874591975422664,7349874591975422015,98,2026-04-24T06:14:15.000Z,2026-04-24T06:15:53.000Z,86,-89.5,68.5,-17.5,0,0.5,4682.08,4680.58,,,SELL,USD,1,1,1583663
D#1702553,XAUUSD,100,7349874591907362512,7349874591887314627,7349874591975404755,7349874591975404416,6527,2026-04-24T04:27:10.000Z,2026-04-24T06:15:57.000Z,91,-91.35,89.24,-1.76,0,0.05,4662.29,4680.27,4680.4,4690.13,BUY,USD,1,1,1583663
D#1702666,XAUUSD,100,7349874591907362514,7349874591887316938,7349874591975421508,7349874591975421436,230,2026-04-24T06:12:07.000Z,2026-04-24T06:15:57.000Z,-18.3,17.6,-21.8,-3.5,0,0.1,4682.32,4680.27,4680.42,,BUY,USD,1,1,1583663
D#1702640,XAUUSD,100,7349874591907362521,7349874591887316398,7349874591975418038,7349874591975417644,1258,2026-04-24T05:55:00.000Z,2026-04-24T06:15:58.000Z,-43.9,43.2,-47.4,-3.5,0,0.1,4684.69,4680.08,4680.31,4694.9,BUY,USD,1,1,1583663
D#1702351,XAUUSD,100,7349874591907362524,7349874591887316898,7349874591975421028,7349874591975421027,334,2026-04-24T06:10:24.000Z,2026-04-24T06:15:58.000Z,-47.04,46.06,-51.94,-4.9,0,0.14,4683.5,4679.92,4680.13,4690.8,BUY,USD,1,1,1583663
D#1702336,XAUUSD,100,7349874591907362578,7349874591887317070,7349874591975423184,7349874591975422994,39,2026-04-24T06:16:13.000Z,2026-04-24T06:16:52.000Z,-0.53,-3.18,-19.09,-18.56,0,0.53,4680.08,4679.85,,,BUY,USD,1,1,1583663
D#1702638,XAUUSD,100,7349874591907362602,7349874591887316209,7349874591975416412,7349874591975416275,1927,2026-04-24T05:45:04.000Z,2026-04-24T06:17:11.000Z,54.6,-56.0,47.6,-7,0,0.2,4681.72,4679.21,,4679.4,SELL,USD,1,1,1583663
D#1702625,XAUUSD,100,7349874591907362603,7349874591887316670,7349874591975419550,7349874591975419463,791,2026-04-24T06:04:00.000Z,2026-04-24T06:17:11.000Z,85.4,-86.8,78.4,-7,0,0.2,4683.26,4679.21,,4679.33,SELL,USD,1,1,1583663
D#1702528,XAUUSD,100,7349874591907362607,7349874591887316671,7349874591975419842,7349874591975419507,778,2026-04-24T06:04:14.000Z,2026-04-24T06:17:12.000Z,-23.65,23.3,-25.41,-1.76,0,0.05,4683.98,4679.03,4679.14,,BUY,USD,1,1,1583663
D#1702504,XAUUSD,100,7349874591907362639,7349874591887316980,7349874591975423421,7349874591975421823,265,2026-04-24T06:13:30.000Z,2026-04-24T06:17:55.000Z,-37.1,36.4,-40.6,-3.5,0,0.1,4683.1,4679.17,,,BUY,USD,1,1,1583663
D#1702456,XAUUSD,100,7349874591907362677,7349874591887316331,7349874591975417264,7349874591975417202,1650,2026-04-24T05:50:56.000Z,2026-04-24T06:18:26.000Z,116.7,-118.8,106.2,-10.5,0,0.3,4681.59,4677.92,,4677.92,SELL,USD,1,1,1583663
D#1702495,XAUUSD,100,7349874591907362683,7349874591887316943,7349874591975421544,7349874591975421458,377,2026-04-24T06:12:09.000Z,2026-04-24T06:18:26.000Z,83.4,-84.8,76.4,-7,0,0.2,4681.74,4677.79,,4677.85,SELL,USD,1,1,1583663
D#1702669,XAUUSD,100,7349874591907362723,7349874591887316476,7349874591975419015,7349874591975418210,1184,2026-04-24T05:59:08.000Z,2026-04-24T06:18:52.000Z,87.5,-88.2,84,-3.5,0,0.1,4685.98,4677.45,,4677.36,SELL,USD,1,1,1583663
D#1702582,XAUUSD,100,7349874591907362800,7349874591887317183,7349874591975423894,7349874591975423801,22,2026-04-24T06:19:18.000Z,2026-04-24T06:19:40.000Z,2.65,-3.0,0.89,-1.76,0,0.05,4677.31,4677.62,,,BUY,USD,1,1,1583663
D#1702638,XAUUSD,100,7349874591907362812,7349874591887317129,7349874591975423939,7349874591975423492,90,2026-04-24T06:18:19.000Z,2026-04-24T06:19:49.000Z,-21.8,20.4,-28.8,-7,0,0.2,4678.83,4677.52,,,BUY,USD,1,1,1583663
D#1702336,XAUUSD,100,7349874591907362836,7349874591887317178,7349874591975423994,7349874591975423786,45,2026-04-24T06:19:15.000Z,2026-04-24T06:20:00.000Z,-48.23,44.52,-66.79,-18.56,0,0.53,4677.24,4678.37,,,SELL,USD,1,1,1583663
D#1670917,XAUUSD,100,7349874591907362971,7349874591887316872,7349874591975420995,7349874591975420716,728,2026-04-24T06:08:55.000Z,2026-04-24T06:21:03.000Z,-101.9,101.2,-105.4,-3.5,0,0.1,4685.1,4674.69,4675,4693,BUY,USD,1,1,1583663
D#1702635,XAUUSD,100,7349874591907362996,7349874591887317097,7349874591975424450,7349874591975423236,250,2026-04-24T06:17:07.000Z,2026-04-24T06:21:17.000Z,43.5,-44.2,40,-3.5,0,0.1,4679.79,4675.66,,,SELL,USD,1,1,1583663
D#1702495,XAUUSD,100,7349874591907363004,7349874591887317150,7349874591975424467,7349874591975423631,156,2026-04-24T06:18:43.000Z,2026-04-24T06:21:19.000Z,34,-35.4,27,-7,0,0.2,4677.75,4676.27,,4673.86,SELL,USD,1,1,1583663
D#1702544,XAUUSD,100,7349874591907363010,7349874591887317017,7349874591975424482,7349874591975422134,401,2026-04-24T06:14:41.000Z,2026-04-24T06:21:22.000Z,-31,30.65,-32.76,-1.76,0,0.05,4682.42,4676,,,BUY,USD,1,1,1583663
D#1702582,XAUUSD,100,7349874591907363016,7349874591887317232,7349874591975424498,7349874591975424070,71,2026-04-24T06:20:12.000Z,2026-04-24T06:21:23.000Z,4.95,-5.3,3.19,-1.76,0,0.05,4676.9,4676.13,,,SELL,USD,1,1,1583663
D#1670945,XAUUSD,100,7349874591907363022,7349874591887316579,7349874591975424510,7349874591975418793,1191,2026-04-24T06:01:34.000Z,2026-04-24T06:21:25.000Z,-51.15,50.8,-52.91,-1.76,0,0.05,4686.51,4676.06,4669.67,4689.88,BUY,USD,1,1,1583663
D#1702428,XAUUSD,100,7349874591907363027,7349874591887316224,7349874591975424524,7349874591975416374,2146,2026-04-24T05:45:42.000Z,2026-04-24T06:21:28.000Z,6.68,-6.75,6.32,-0.36,0,0.01,4682.84,4676.38,,,SELL,USD,1,1,1583663
D#1702667,XAUUSD,100,7349874591907363118,7349874591887316022,7349874591975424859,7349874591975414801,2796,2026-04-24T05:35:59.000Z,2026-04-24T06:22:35.000Z,87.8,-88.5,84.3,-3.5,0,0.1,4683.2,4674.64,4900.81,4673.03,SELL,USD,1,1,1583663
D#1702442,XAUUSD,100,7349874591907363124,7349874591887317352,7349874591975424869,7349874591975424718,29,2026-04-24T06:22:07.000Z,2026-04-24T06:22:36.000Z,19,-19.7,15.5,-3.5,0,0.1,4676.24,4674.56,,,SELL,USD,1,1,1583663
D#1671071,XAUUSD,100,7349874591907363149,7349874591887317112,7349874591975424925,7349874591975423373,302,2026-04-24T06:17:42.000Z,2026-04-24T06:22:44.000Z,12.99,-13.2,11.93,-1.06,0,0.03,4679.35,4675.24,,4669.45,SELL,USD,1,1,1583663
D#1702638,XAUUSD,100,7349874591907363175,7349874591887317224,7349874591975425024,7349874591975424024,179,2026-04-24T06:20:05.000Z,2026-04-24T06:23:04.000Z,78.8,-80.2,71.8,-7,0,0.2,4677.87,4674.15,,,SELL,USD,1,1,1583663
D#1702342,XAUUSD,100,7349874591907363182,7349874591887316945,7349874591975425050,7349874591975421464,660,2026-04-24T06:12:11.000Z,2026-04-24T06:23:11.000Z,-393,389.5,-410.5,-17.5,0,0.5,4681.98,4673.9,,4683.99,BUY,USD,1,1,1583663
D#1702471,XAUUSD,100,7349874591907363187,7349874591887317052,7349874591975425075,7349874591975422660,444,2026-04-24T06:15:51.000Z,2026-04-24T06:23:15.000Z,-110.4,109.35,-115.66,-5.26,0,0.15,4681.27,4673.69,,,BUY,USD,1,1,1583663
D#1702495,XAUUSD,100,7349874591907363232,7349874591887317314,7349874591975425259,7349874591975424492,153,2026-04-24T06:21:23.000Z,2026-04-24T06:23:56.000Z,39,-40.4,32,-7,0,0.2,4675.9,4674.17,4675.66,,SELL,USD,1,1,1583663
D#1645644,XAUUSD,100,7349874591907363280,7349874591887316360,7349874591975425408,7349874591975417422,1871,2026-04-24T05:53:06.000Z,2026-04-24T06:24:17.000Z,32.95,-33.3,31.19,-1.76,0,0.05,4681.69,4675.32,4705.12,4623.2,SELL,USD,1,1,1583663
D#1702726,XAUUSD,100,7349874591907363340,7349874591887316689,7349874591975420403,7349874591975419722,1196,2026-04-24T06:05:12.000Z,2026-04-24T06:25:08.000Z,125.88,-126.72,121.68,-4.2,0,0.12,4683.43,4673.16,,4673.3,SELL,USD,1,1,1583663
D#1702336,XAUUSD,100,7349874591907363347,7349874591887317293,7349874591975425656,7349874591975424395,242,2026-04-24T06:21:07.000Z,2026-04-24T06:25:09.000Z,121.68,-125.32,103.48,-18.2,0,0.52,4675.29,4673.17,,,SELL,USD,1,1,1583663
D#1702471,XAUUSD,100,7349874591907363353,7349874591887317471,7349874591975425667,7349874591975425537,27,2026-04-24T06:24:44.000Z,2026-04-24T06:25:11.000Z,-49.98,46.41,-67.84,-17.86,0,0.51,4673.97,4672.77,,,BUY,USD,1,1,1583663
D#1702363,XAUUSD,100,7349874591907363360,7349874591887317250,7349874591975424148,7349874591975417201,292,2026-04-24T06:20:21.000Z,2026-04-24T06:25:13.000Z,-34.8,34.1,-38.3,-3.5,0,0.1,4676.12,4672.42,4672.83,4696.87,BUY,USD,1,1,1583663
D#1702614,XAUUSD,100,7349874591907363388,7349874591887317282,7349874591975424633,7349874591975424342,258,2026-04-24T06:20:59.000Z,2026-04-24T06:25:17.000Z,-88.5,86.4,-99,-10.5,0,0.3,4675.34,4672.17,4672.32,4688.18,BUY,USD,1,1,1583663
D#1702580,XAUUSD,100,7349874591907363413,7349874591887316826,7349874591975425771,7349874591975420453,1037,2026-04-24T06:08:05.000Z,2026-04-24T06:25:22.000Z,-294,292.25,-302.76,-8.76,0,0.25,4684.2,4672.22,,4697.6,BUY,USD,1,1,1583663
D#1702638,XAUUSD,100,7349874591907363442,7349874591887317452,7349874591975425869,7349874591975425443,77,2026-04-24T06:24:22.000Z,2026-04-24T06:25:39.000Z,43.4,-44.8,36.4,-7,0,0.2,4674.82,4672.87,,,SELL,USD,1,1,1583663
D#1702660,XAUUSD,100,7349874591907363455,7349874591887316937,7349874591975421736,7349874591975421435,820,2026-04-24T06:12:06.000Z,2026-04-24T06:25:46.000Z,125.4,-126.24,121.2,-4.2,0,0.12,4682.22,4671.99,,4672,SELL,USD,1,1,1583663
D#1702385,XAUUSD,100,7349874591907363481,7349874591887316580,7349874591975418798,7349874591975418794,1471,2026-04-24T06:01:35.000Z,2026-04-24T06:26:06.000Z,121.28,-121.84,118.48,-2.8,0,0.08,4686.33,4671.39,4691.48,4671.4,SELL,USD,1,1,1583663
D#1702495,XAUUSD,100,7349874591907363491,7349874591887317473,7349874591975426039,7349874591975425542,87,2026-04-24T06:24:46.000Z,2026-04-24T06:26:13.000Z,45.2,-46.6,38.2,-7,0,0.2,4674.11,4672.07,4673.87,,SELL,USD,1,1,1583663
D#1702753,XAUUSD,100,7349874591907363693,7349874591887317435,7349874591975426848,7349874591975425298,321,2026-04-24T06:24:03.000Z,2026-04-24T06:29:24.000Z,-78.2,76.8,-85.2,-7,0,0.2,4675.07,4670.94,,4679.58,BUY,USD,1,1,1583663
D#1702533,XAUUSD,100,7349874591907363697,7349874591887316225,7349874591975416422,7349874591975416390,2619,2026-04-24T05:45:49.000Z,2026-04-24T06:29:28.000Z,80.22,-80.64,78.12,-2.1,0,0.06,4684.01,4670.86,,4670.78,SELL,USD,1,1,1583663
D#1702442,XAUUSD,100,7349874591907363785,7349874591887317395,7349874591975427107,7349874591975424998,444,2026-04-24T06:22:58.000Z,2026-04-24T06:30:22.000Z,9.6,-12.4,-4.4,-14,0,0.4,4673.96,4673.94,,,SELL,USD,1,1,1583663
D#1702336,XAUUSD,100,7349874591907363789,7349874591887317549,7349874591975427122,7349874591975425993,260,2026-04-24T06:26:05.000Z,2026-04-24T06:30:25.000Z,-106.5,103.0,-124,-17.5,0,0.5,4671.54,4673.89,,4591.91,SELL,USD,1,1,1583663
D#1702336,XAUUSD,100,7349874591907363828,7349874591887317719,7349874591975427270,7349874591975427165,25,2026-04-24T06:30:34.000Z,2026-04-24T06:30:59.000Z,66.5,-70.0,49,-17.5,0,0.5,4673.75,4674.86,,,BUY,USD,1,1,1583663
D#1614595,XAUUSD,100,7349874591907363836,7349874591887317575,7349874591975427288,7349874591975426187,256,2026-04-24T06:26:47.000Z,2026-04-24T06:31:03.000Z,-77.85,74.7,-93.61,-15.76,0,0.45,4673.01,4674.96,,4663.92,SELL,USD,1,1,1583663
D#1702336,XAUUSD,100,7349874591907363913,7349874591887317753,7349874591975427587,7349874591975427317,53,2026-04-24T06:31:08.000Z,2026-04-24T06:32:01.000Z,-107.5,104.0,-125,-17.5,0,0.5,4674.18,4671.81,,,BUY,USD,1,1,1583663
D#1702336,XAUUSD,100,7349874591907363922,7349874591887317795,7349874591975427646,7349874591975427600,13,2026-04-24T06:32:03.000Z,2026-04-24T06:32:16.000Z,-46,42.5,-63.5,-17.5,0,0.5,4671.78,4672.92,,,SELL,USD,1,1,1583663
D#1702432,XAUUSD,100,7349874591907363940,7349874591887315452,7349874591975427738,7349874591975410590,5154,2026-04-24T05:06:45.000Z,2026-04-24T06:32:39.000Z,-1.75,1.26,-4.21,-2.46,0,0.07,4672.45,4672.92,,,SELL,USD,1,1,1583663
D#1614595,XAUUSD,100,7349874591907364035,7349874591887317760,7349874591975428216,7349874591975427343,199,2026-04-24T06:31:13.000Z,2026-04-24T06:34:32.000Z,-107.18,103.96,-123.28,-16.1,0,0.46,4674.45,4671.9,,4684.83,BUY,USD,1,1,1583663
D#1702442,XAUUSD,100,7349874591907364039,7349874591887317731,7349874591975428234,7349874591975427248,221,2026-04-24T06:30:56.000Z,2026-04-24T06:34:37.000Z,-90.9,87.75,-106.66,-15.76,0,0.45,4674.27,4672.03,,,BUY,USD,1,1,1583663
D#1702442,XAUUSD,100,7349874591907364111,7349874591887317858,7349874591975428542,7349874591975428246,61,2026-04-24T06:34:43.000Z,2026-04-24T06:35:44.000Z,-66.74,63.45,-83.2,-16.46,0,0.47,4672.11,4673.75,,,SELL,USD,1,1,1583663
D#1702442,XAUUSD,100,7349874591907364132,7349874591887317896,7349874591975428703,7349874591975428581,26,2026-04-24T06:35:55.000Z,2026-04-24T06:36:21.000Z,12.69,-15.98,-3.77,-16.46,0,0.47,4673.21,4673.26,,,BUY,USD,1,1,1583663
D#1702409,XAUUSD,100,7349874591907364203,7349874591887315855,7349874591975429131,7349874591975413687,4101,2026-04-24T05:29:44.000Z,2026-04-24T06:38:05.000Z,27.9,-28.6,24.4,-3.5,0,0.1,4676.91,4674.34,,4669.94,SELL,USD,1,1,1583663
D#1702472,XAUUSD,100,7349874591907364211,7349874591887317871,7349874591975428564,7349874591975428369,190,2026-04-24T06:35:06.000Z,2026-04-24T06:38:16.000Z,-1.68,0.21,-9.04,-7.36,0,0.21,4672.25,4671.95,4672.15,,BUY,USD,1,1,1583663
D#1702728,XAUUSD,100,7349874591907364284,7349874591887317650,7349874591975428214,7349874591975426730,669,2026-04-24T06:28:57.000Z,2026-04-24T06:40:06.000Z,142.1,-144.55,129.84,-12.26,0,0.35,4671.97,4675.81,4664.7,4675.84,BUY,USD,1,1,1583663
D#1702753,XAUUSD,100,7349874591907364289,7349874591887317752,7349874591975429753,7349874591975427316,540,2026-04-24T06:31:08.000Z,2026-04-24T06:40:08.000Z,46.5,-48.6,36,-10.5,0,0.3,4674.18,4675.51,,4677.73,BUY,USD,1,1,1583663
D#1702638,XAUUSD,100,7349874591907364368,7349874591887317813,7349874591975430088,7349874591975427730,531,2026-04-24T06:32:36.000Z,2026-04-24T06:41:27.000Z,31,-32.4,24,-7,0,0.2,4672.89,4674.22,,4678.67,BUY,USD,1,1,1583663
D#1702521,XAUUSD,100,7349874591907364431,7349874591887315085,7349874591975430266,7349874591975407557,6774,2026-04-24T04:49:22.000Z,2026-04-24T06:42:16.000Z,-19.25,18.9,-21.01,-1.76,0,0.05,4676.4,4672.33,,,BUY,USD,1,1,1583663
D#1702472,XAUUSD,100,7349874591907364436,7349874591887317964,7349874591975430283,7349874591975429340,197,2026-04-24T06:39:01.000Z,2026-04-24T06:42:18.000Z,-60.48,58.24,-71.68,-11.2,0,0.32,4674.35,4672.24,,,BUY,USD,1,1,1583663
D#1702666,XAUUSD,100,7349874591907364443,7349874591887317755,7349874591975427412,7349874591975427323,669,2026-04-24T06:31:10.000Z,2026-04-24T06:42:19.000Z,-33.5,32.8,-37,-3.5,0,0.1,4674.3,4670.73,4671.73,4678.68,BUY,USD,1,1,1583663
D#1702640,XAUUSD,100,7349874591907364445,7349874591887317977,7349874591975430147,7349874591975429571,138,2026-04-24T06:40:01.000Z,2026-04-24T06:42:19.000Z,-45.5,44.8,-49,-3.5,0,0.1,4675.5,4670.73,4671.32,4685.02,BUY,USD,1,1,1583663
D#1671066,XAUUSD,100,7349874591907364442,7349874591887317978,7349874591975429951,7349874591975429576,138,2026-04-24T06:40:01.000Z,2026-04-24T06:42:19.000Z,-44.8,44.1,-48.3,-3.5,0,0.1,4675.5,4670.8,4671.32,4685.02,BUY,USD,1,1,1583663
D#1702472,XAUUSD,100,7349874591907364505,7349874591887318053,7349874591975430370,7349874591975430352,3,2026-04-24T06:42:28.000Z,2026-04-24T06:42:31.000Z,36.8,-39.04,25.6,-11.2,0,0.32,4671.55,4672.48,,,BUY,USD,1,1,1583663
D#1670945,XAUUSD,100,7349874591907364553,7349874591887317331,7349874591975430524,7349874591975424591,1283,2026-04-24T06:21:41.000Z,2026-04-24T06:43:04.000Z,-14.85,14.5,-16.61,-1.76,0,0.05,4676.4,4673.21,4657.62,4701.26,BUY,USD,1,1,1583663
D#1702472,XAUUSD,100,7349874591907364635,7349874591887318068,7349874591975430752,7349874591975430398,102,2026-04-24T06:42:38.000Z,2026-04-24T06:44:20.000Z,-3.2,0.96,-14.4,-11.2,0,0.32,4673.73,4673.41,4673.72,4678.61,BUY,USD,1,1,1583663
D#1702667,XAUUSD,100,7349874591907364634,7349874591887318074,7349874591975430558,7349874591975430419,98,2026-04-24T06:42:42.000Z,2026-04-24T06:44:20.000Z,4.6,-5.3,1.1,-3.5,0,0.1,4673.83,4673.59,4900,4673.56,SELL,USD,1,1,1583663
D#1702472,XAUUSD,100,7349874591907364698,7349874591887318194,7349874591975431119,7349874591975430921,60,2026-04-24T06:44:40.000Z,2026-04-24T06:45:40.000Z,-37.82,35.65,-48.68,-10.86,0,0.31,4673.75,4672.31,,,BUY,USD,1,1,1583663
D#1702383,XAUUSD,100,7349874591907364770,7349874591887318216,7349874591975431308,7349874591975431162,22,2026-04-24T06:45:53.000Z,2026-04-24T06:46:15.000Z,-15.52,14.96,-18.32,-2.8,0,0.08,4671.76,4669.6,,,BUY,USD,1,1,1583663
D#1702553,XAUUSD,100,7349874591907364839,7349874591887317341,7349874591975424929,7349874591975424627,1477,2026-04-24T06:21:49.000Z,2026-04-24T06:46:26.000Z,-13.8,13.66,-14.5,-0.7,0,0.02,4676.53,4669.41,4669.57,4687.79,BUY,USD,1,1,1583663
D#1670945,XAUUSD,100,7349874591907364860,7349874591887318102,7349874591975431468,7349874591975430580,198,2026-04-24T06:43:20.000Z,2026-04-24T06:46:38.000Z,-70.2,69.15,-75.46,-5.26,0,0.15,4674.25,4669.35,4657.55,4688.58,BUY,USD,1,1,1583663
D#1702392,XAUUSD,100,7349874591907364865,7349874591887315625,7349874591975412101,7349874591975412030,5458,2026-04-24T05:15:42.000Z,2026-04-24T06:46:40.000Z,66.6,-67.3,63.1,-3.5,0,0.1,4675.84,4669.4,,4669.39,SELL,USD,1,1,1583663
D#1614623,XAUUSD,100,7349874591907364945,7349874591887316874,7349874591975431746,7349874591975420784,2306,2026-04-24T06:09:14.000Z,2026-04-24T06:47:40.000Z,-146.1,145.4,-149.6,-3.5,0,0.1,4684.97,4670.14,,4695.86,BUY,USD,1,1,1583663
D#1702514,XAUUSD,100,7349874591907364981,7349874591887317996,7349874591975431927,7349874591975429916,458,2026-04-24T06:40:51.000Z,2026-04-24T06:48:29.000Z,-5.79,5.72,-6.15,-0.36,0,0.01,4675.8,4669.79,,,BUY,USD,1,1,1583663
D#1702667,XAUUSD,100,7349874591907364979,7349874591887318203,7349874591975431921,7349874591975431034,192,2026-04-24T06:45:17.000Z,2026-04-24T06:48:29.000Z,34.7,-35.4,31.2,-3.5,0,0.1,4673.2,4669.95,4999,,SELL,USD,1,1,1583663
D#1702667,XAUUSD,100,7349874591907365060,7349874591887318299,7349874591975432425,7349874591975431995,108,2026-04-24T06:48:54.000Z,2026-04-24T06:50:42.000Z,2.3,-3.0,-1.2,-3.5,0,0.1,4670.1,4670.11,4471.07,,BUY,USD,1,1,1583663
D#1702495,XAUUSD,100,7349874591907365093,7349874591887317563,7349874591975426262,7349874591975426097,1486,2026-04-24T06:26:26.000Z,2026-04-24T06:51:12.000Z,92,-93.4,85,-7,0,0.2,4672.4,4668.02,,4668.26,SELL,USD,1,1,1583663
D#1702463,XAUUSD,100,7349874591907365098,7349874591887317638,7349874591975426742,7349874591975426626,1358,2026-04-24T06:28:34.000Z,2026-04-24T06:51:12.000Z,-21.72,21.3,-23.82,-2.1,0,0.06,4671.67,4667.83,4668.09,4684.86,BUY,USD,1,1,1583663
D#1702385,XAUUSD,100,7349874591907365094,7349874591887317992,7349874591975429871,7349874591975429870,632,2026-04-24T06:40:40.000Z,2026-04-24T06:51:12.000Z,-59.12,58.56,-61.92,-2.8,0,0.08,4675.45,4667.84,4668.19,4689.45,BUY,USD,1,1,1583663
D#1702572,XAUUSD,100,7349874591907365122,7349874591887315634,7349874591975412274,7349874591975412103,5701,2026-04-24T05:16:12.000Z,2026-04-24T06:51:13.000Z,-82.7,82.0,-86.2,-3.5,0,0.1,4675.14,4666.65,4667.03,,BUY,USD,1,1,1583663
D#1702391,XAUUSD,100,7349874591907365118,7349874591887317181,7349874591975424201,7349874591975423796,1916,2026-04-24T06:19:17.000Z,2026-04-24T06:51:13.000Z,124.68,-125.52,120.48,-4.2,0,0.12,4677.11,4666.94,,4667,SELL,USD,1,1,1583663
D#1670914,XAUUSD,100,7349874591907365110,7349874591887317387,7349874591975425073,7349874591975424957,1702,2026-04-24T06:22:51.000Z,2026-04-24T06:51:13.000Z,106.5,-107.55,101.24,-5.26,0,0.15,4674.38,4667.5,4678.6,4667.81,SELL,USD,1,1,1583663
D#1702445,XAUUSD,100,7349874591907365133,7349874591887316630,7349874591975432611,7349874591975419082,2921,2026-04-24T06:02:40.000Z,2026-04-24T06:51:21.000Z,-194.76,193.92,-198.96,-4.2,0,0.12,4685.14,4668.69,,4695,BUY,USD,1,1,1583663
D#1702689,XAUUSD,100,7349874591907365320,7349874591887318359,7349874591975432961,7349874591975432546,180,2026-04-24T06:51:12.000Z,2026-04-24T06:54:12.000Z,-6.07,6.0,-6.43,-0.36,0,0.01,4667.68,4673.97,4673.69,4659.92,SELL,USD,1,1,1583663
D#1702666,XAUUSD,100,7349874591907365364,7349874591887318238,7349874591975431844,7349874591975431433,496,2026-04-24T06:46:32.000Z,2026-04-24T06:54:48.000Z,-50.5,49.8,-54,-3.5,0,0.1,4669.61,4674.88,4674.65,4657.95,SELL,USD,1,1,1583663
D#1702560,XAUUSD,100,7349874591907365386,7349874591887318270,7349874591975431698,7349874591975431697,453,2026-04-24T06:47:28.000Z,2026-04-24T06:55:01.000Z,-62,61.3,-65.5,-3.5,0,0.1,4669,4675.42,4675.34,4657.18,SELL,USD,1,1,1583663
D#1670917,XAUUSD,100,7349874591907365416,7349874591887318393,7349874591975433733,7349874591975432781,205,2026-04-24T06:52:00.000Z,2026-04-24T06:55:25.000Z,78.7,-79.4,75.2,-3.5,0,0.1,4667.96,4675.61,4664,4677,BUY,USD,1,1,1583663
D#1614623,XAUUSD,100,7349874591907365433,7349874591887318289,7349874591975433790,7349874591975431836,455,2026-04-24T06:48:03.000Z,2026-04-24T06:55:38.000Z,113.6,-115.0,106.6,-7,0,0.2,4669.98,4675.44,,,BUY,USD,1,1,1583663
D#1702528,XAUUSD,100,7349874591907365500,7349874591887318225,7349874591975433982,7349874591975431263,613,2026-04-24T06:46:08.000Z,2026-04-24T06:56:21.000Z,28,-28.35,26.24,-1.76,0,0.05,4670.72,4676.1,4665.67,,BUY,USD,1,1,1583663
D#1702753,XAUUSD,100,7349874591907365502,7349874591887318012,7349874591975433995,7349874591975430070,902,2026-04-24T06:41:25.000Z,2026-04-24T06:56:27.000Z,54.6,-56.7,44.1,-10.5,0,0.3,4674.46,4676.06,,4677.68,BUY,USD,1,1,1583663
D#1702428,XAUUSD,100,7349874591907365510,7349874591887318518,7349874591975434016,7349874591975433669,83,2026-04-24T06:55:10.000Z,2026-04-24T06:56:33.000Z,1.12,-1.19,0.76,-0.36,0,0.01,4674.89,4675.79,,,BUY,USD,1,1,1583663
D#1702485,XAUUSD,100,7349874591907365634,7349874591887318464,7349874591975434575,7349874591975433310,316,2026-04-24T06:53:51.000Z,2026-04-24T06:59:07.000Z,2.2,-2.9,-1.3,-3.5,0,0.1,4672.83,4672.83,,,BUY,USD,1,1,1583663
D#1670945,XAUUSD,100,7349874591907365659,7349874591887318254,7349874591975434648,7349874591975431550,752,2026-04-24T06:46:52.000Z,2026-04-24T06:59:24.000Z,70,-71.4,63,-7,0,0.2,4669.12,4672.4,4659.98,4688.41,BUY,USD,1,1,1583663
D#1702667,XAUUSD,100,7349874591907365692,7349874591887318559,7349874591975434798,7349874591975433957,231,2026-04-24T06:56:12.000Z,2026-04-24T07:00:03.000Z,44.4,-45.1,40.9,-3.5,0,0.1,4676.27,4672.05,4975.91,,SELL,USD,1,1,1583663
D#1670945,XAUUSD,100,7349874591907365798,7349874591887318689,7349874591975435221,7349874591975434888,78,2026-04-24T07:00:26.000Z,2026-04-24T07:01:44.000Z,34.6,-36.0,27.6,-7,0,0.2,4672.83,4674.34,4660.31,4676.85,BUY,USD,1,1,1583663
D#1702625,XAUUSD,100,7349874591907366036,7349874591887317801,7349874591975427700,7349874591975427651,2019,2026-04-24T06:32:17.000Z,2026-04-24T07:05:56.000Z,81.2,-82.6,74.2,-7,0,0.2,4672.91,4676.75,,4676.87,BUY,USD,1,1,1583663
D#1702560,XAUUSD,100,7349874591907366047,7349874591887318604,7349874591975434281,7349874591975434279,493,2026-04-24T06:57:44.000Z,2026-04-24T07:05:57.000Z,-34.6,33.9,-38.1,-3.5,0,0.1,4673.75,4677.43,4677.07,4661.97,SELL,USD,1,1,1583663
D#1702741,XAUUSD,100,7349874591907366075,7349874591887318292,7349874591975436693,7349874591975431913,1064,2026-04-24T06:48:28.000Z,2026-04-24T07:06:12.000Z,-163,161.6,-170,-7,0,0.2,4669.76,4678.13,,,SELL,USD,1,1,1583663
D#1671068,XAUUSD,100,7349874591907366083,7349874591887317819,7349874591975428614,7349874591975427761,2018,2026-04-24T06:32:46.000Z,2026-04-24T07:06:24.000Z,-105.6,104.2,-112.6,-7,0,0.2,4672.93,4678.43,4678.17,4659.12,SELL,USD,1,1,1583663
D#1702638,XAUUSD,100,7349874591907366086,7349874591887318709,7349874591975435134,7349874591975435077,312,2026-04-24T07:01:12.000Z,2026-04-24T07:06:24.000Z,98,-99.4,91,-7,0,0.2,4673.55,4678.23,,4678.35,BUY,USD,1,1,1583663
D#1702741,XAUUSD,100,7349874591907366177,7349874591887318887,7349874591975437230,7349874591975436731,84,2026-04-24T07:06:18.000Z,2026-04-24T07:07:42.000Z,14.1,-16.2,3.6,-10.5,0,0.3,4677.49,4677.74,,,BUY,USD,1,1,1583663
D#1702741,XAUUSD,100,7349874591907366206,7349874591887318940,7349874591975437439,7349874591975437238,37,2026-04-24T07:07:43.000Z,2026-04-24T07:08:20.000Z,-40,36.5,-57.5,-17.5,0,0.5,4677.73,4676.71,,,BUY,USD,1,1,1583663
D#1670945,XAUUSD,100,7349874591907366270,7349874591887318783,7349874591975437928,7349874591975435626,396,2026-04-24T07:03:13.000Z,2026-04-24T07:09:49.000Z,25.8,-26.5,22.3,-3.5,0,0.1,4675.27,4677.63,4657.96,4684.78,BUY,USD,1,1,1583663
D#1702456,XAUUSD,100,7349874591907366340,7349874591887317423,7349874591975438319,7349874591975425188,2845,2026-04-24T06:23:39.000Z,2026-04-24T07:11:04.000Z,197.2,-200.0,183.2,-14,0,0.4,4673.99,4678.7,,4684.21,BUY,USD,1,1,1583663
D#1702346,XAUUSD,100,7349874591907366356,7349874591887318025,7349874591975432146,7349874591975430172,1769,2026-04-24T06:41:50.000Z,2026-04-24T07:11:19.000Z,-20.34,20.13,-21.4,-1.06,0,0.03,4672.79,4679.79,4679.69,4659.23,SELL,USD,1,1,1583663
D#1702667,XAUUSD,100,7349874591907366359,7349874591887318751,7349874591975438395,7349874591975435316,552,2026-04-24T07:02:09.000Z,2026-04-24T07:11:21.000Z,60.9,-61.6,57.4,-3.5,0,0.1,4673.74,4679.61,4666.11,4684.06,BUY,USD,1,1,1583663
D#1670945,XAUUSD,100,7349874591907366388,7349874591887319022,7349874591975438546,7349874591975438199,64,2026-04-24T07:10:44.000Z,2026-04-24T07:11:48.000Z,15.4,-16.1,11.9,-3.5,0,0.1,4678.85,4680.17,4665.72,4681.41,BUY,USD,1,1,1583663
D#1702544,XAUUSD,100,7349874591907366461,7349874591887317934,7349874591975429074,7349874591975428984,2140,2026-04-24T06:37:22.000Z,2026-04-24T07:13:02.000Z,-36.55,36.2,-38.31,-1.76,0,0.05,4673.34,4680.87,4680.42,4646.42,SELL,USD,1,1,1583663
D#1614623,XAUUSD,100,7349874591907366458,7349874591887318538,7349874591975433887,7349874591975433806,1040,2026-04-24T06:55:42.000Z,2026-04-24T07:13:02.000Z,112.2,-113.6,105.2,-7,0,0.2,4675.35,4680.74,4670.98,4680.74,BUY,USD,1,1,1583663
D#1702689,XAUUSD,100,7349874591907366459,7349874591887318495,7349874591975433727,7349874591975433532,1105,2026-04-24T06:54:38.000Z,2026-04-24T07:13:03.000Z,-12.7,12.56,-13.4,-0.7,0,0.02,4674.3,4680.87,4680.47,4666.74,SELL,USD,1,1,1583663
D#1702495,XAUUSD,100,7349874591907366517,7349874591887318614,7349874591975439165,7349874591975434333,961,2026-04-24T06:57:54.000Z,2026-04-24T07:13:55.000Z,-152,150.6,-159,-7,0,0.2,4672.93,4680.75,,4669.29,SELL,USD,1,1,1583663
D#1702409,XAUUSD,100,7349874591907366546,7349874591887318750,7349874591975439325,7349874591975435304,740,2026-04-24T07:02:06.000Z,2026-04-24T07:14:26.000Z,72,-72.7,68.5,-3.5,0,0.1,4673.48,4680.46,,4682.39,BUY,USD,1,1,1583663
D#1702753,XAUUSD,100,7349874591907366675,7349874591887319077,7349874591975438792,7349874591975438647,297,2026-04-24T07:12:05.000Z,2026-04-24T07:17:02.000Z,2.4,-4.5,-8.1,-10.5,0,0.3,4680.24,4680.1,,4680.16,BUY,USD,1,1,1583663
D#1671068,XAUUSD,100,7349874591907366752,7349874591887318898,7349874591975440446,7349874591975436850,696,2026-04-24T07:06:35.000Z,2026-04-24T07:18:11.000Z,-73.4,72.0,-80.4,-7,0,0.2,4677.68,4681.57,,,SELL,USD,1,1,1583663
D#1670945,XAUUSD,100,7349874591907366899,7349874591887319106,7349874591975441184,7349874591975438972,462,2026-04-24T07:13:10.000Z,2026-04-24T07:20:52.000Z,25.4,-26.1,21.9,-3.5,0,0.1,4680.63,4682.95,4652.62,4690.91,BUY,USD,1,1,1583663
D#1702455,XAUUSD,100,7349874591907366928,7349874591887317808,7349874591975441398,7349874591975427687,2967,2026-04-24T06:32:23.000Z,2026-04-24T07:21:50.000Z,-202.8,201.4,-209.8,-7,0,0.2,4672.83,4683.19,4688,4645,SELL,USD,1,1,1583663
D#1702555,XAUUSD,100,7349874591907366973,7349874591887317429,7349874591975425263,7349874591975425261,3539,2026-04-24T06:23:57.000Z,2026-04-24T07:22:56.000Z,122.04,-122.88,117.84,-4.2,0,0.12,4674.12,4684.07,,4684.2,BUY,USD,1,1,1583663
D#1702753,XAUUSD,100,7349874591907366982,7349874591887319219,7349874591975441664,7349874591975440147,349,2026-04-24T07:17:15.000Z,2026-04-24T07:23:04.000Z,92.4,-94.5,81.9,-10.5,0,0.3,4681.13,4683.99,,4684.68,BUY,USD,1,1,1583663
D#1670945,XAUUSD,100,7349874591907367048,7349874591887319383,7349874591975441980,7349874591975441700,62,2026-04-24T07:23:13.000Z,2026-04-24T07:24:15.000Z,21.8,-22.5,18.3,-3.5,0,0.1,4684.05,4682.09,4691.5,4679.98,SELL,USD,1,1,1583663
D#1702700,XAUUSD,100,7349874591907367209,7349874591887317119,7349874591975442788,7349874591975423425,4165,2026-04-24T06:17:56.000Z,2026-04-24T07:27:21.000Z,52.7,-53.4,49.2,-3.5,0,0.1,4679.22,4684.27,,,BUY,USD,1,1,1583663
D#1702753,XAUUSD,100,7349874591907367210,7349874591887319489,7349874591975442794,7349874591975442674,28,2026-04-24T07:26:54.000Z,2026-04-24T07:27:22.000Z,1.5,-3.6,-9,-10.5,0,0.3,4684.5,4684.33,,4685.38,BUY,USD,1,1,1583663
D#1702587,XAUUSD,100,7349874591907367273,7349874591887319469,7349874591975443162,7349874591975442491,160,2026-04-24T07:26:18.000Z,2026-04-24T07:28:58.000Z,-6.6,5.2,-13.6,-7,0,0.2,4683.02,4683.57,,,SELL,USD,1,1,1583663
D#1670988,XAUUSD,100,7349874591907367296,7349874591887318258,7349874591975443321,7349874591975431575,2563,2026-04-24T06:46:58.000Z,2026-04-24T07:29:41.000Z,-194.35,193.44,-198.91,-4.56,0,0.13,4669.38,4684.55,,4661.65,SELL,USD,1,1,1583663
D#1670945,XAUUSD,100,7349874591907367359,7349874591887319519,7349874591975443730,7349874591975442995,183,2026-04-24T07:28:13.000Z,2026-04-24T07:31:16.000Z,7,-7.7,3.5,-3.5,0,0.1,4683.33,4682.85,4687.96,4679.02,SELL,USD,1,1,1583663
D#1702582,XAUUSD,100,7349874591907367388,7349874591887317333,7349874591975443944,7349874591975424594,4229,2026-04-24T06:21:41.000Z,2026-04-24T07:32:10.000Z,34.65,-35.0,32.89,-1.76,0,0.05,4676.4,4683.11,,4686.99,BUY,USD,1,1,1583663
D#1671071,XAUUSD,100,7349874591907367425,7349874591887317440,7349874591975444186,7349874591975425344,4143,2026-04-24T06:24:08.000Z,2026-04-24T07:33:11.000Z,40.25,-40.6,38.49,-1.76,0,0.05,4675.18,4683.01,,4695.1,BUY,USD,1,1,1583663
D#1702534,XAUUSD,100,7349874591907367580,7349874591887316924,7349874591975444986,7349874591975421263,5129,2026-04-24T06:11:16.000Z,2026-04-24T07:36:45.000Z,32.45,-33.15,28.94,-3.51,0,0.1,4681.14,4685.41,4655.67,4721.46,BUY,USD,1,1,1583663
D#1671071,XAUUSD,100,7349874591907367908,7349874591887319843,7349874591975445915,7349874591975445871,66,2026-04-24T07:43:14.000Z,2026-04-24T07:44:20.000Z,-5.5,5.15,-7.26,-1.76,0,0.05,4684.21,4685.53,4685.65,,SELL,USD,1,1,1583663
D#1702530,XAUUSD,100,7349874591907367973,7349874591887317829,7349874591975427936,7349874591975427855,4314,2026-04-24T06:33:11.000Z,2026-04-24T07:45:05.000Z,-82.81,82.32,-85.27,-2.46,0,0.07,4674.18,4686.23,4685.97,4658.28,SELL,USD,1,1,1583663
D#1702560,XAUUSD,100,7349874591907368010,7349874591887319533,7349874591975443113,7349874591975443112,996,2026-04-24T07:28:43.000Z,2026-04-24T07:45:19.000Z,-36.1,35.4,-39.6,-3.5,0,0.1,4683.31,4687.14,4686.97,4671.68,SELL,USD,1,1,1583663
D#1702495,XAUUSD,100,7349874591907368012,7349874591887319741,7349874591975445208,7349874591975445167,456,2026-04-24T07:37:44.000Z,2026-04-24T07:45:20.000Z,-55.4,54.0,-62.4,-7,0,0.2,4684.52,4687.51,4687.13,4672.88,SELL,USD,1,1,1583663
D#1702485,XAUUSD,100,7349874591907368071,7349874591887318644,7349874591975439776,7349874591975434595,2774,2026-04-24T06:59:13.000Z,2026-04-24T07:45:27.000Z,-159.4,158.7,-162.9,-3.5,0,0.1,4672.57,4688.73,4688.02,4631.65,SELL,USD,1,1,1583663
D#1702351,XAUUSD,100,7349874591907368061,7349874591887319104,7349874591975438924,7349874591975425181,1944,2026-04-24T07:13:03.000Z,2026-04-24T07:45:27.000Z,-61.52,60.96,-64.32,-2.8,0,0.08,4680.79,4688.7,4688.28,4665.81,SELL,USD,1,1,1583663
D#1702689,XAUUSD,100,7349874591907368066,7349874591887319254,7349874591975442323,7349874591975440481,1629,2026-04-24T07:18:18.000Z,2026-04-24T07:45:27.000Z,-15.1,14.96,-15.8,-0.7,0,0.02,4680.93,4688.7,4688.28,4672.95,SELL,USD,1,1,1583663
D#1702528,XAUUSD,100,7349874591907368063,7349874591887319296,7349874591975441240,7349874591975440820,1555,2026-04-24T07:19:32.000Z,2026-04-24T07:45:27.000Z,-79.1,78.4,-82.6,-3.5,0,0.1,4680.57,4688.7,4688.02,,SELL,USD,1,1,1583663
D#1702385,XAUUSD,100,7349874591907368075,7349874591887319453,7349874591975442303,7349874591975442301,1193,2026-04-24T07:25:34.000Z,2026-04-24T07:45:27.000Z,-51.52,50.96,-54.32,-2.8,0,0.08,4682.07,4688.73,4688.05,4667.72,SELL,USD,1,1,1583663
D#1702719,XAUUSD,100,7349874591907368143,7349874591887317531,7349874591975425857,7349874591975425854,4829,2026-04-24T06:25:38.000Z,2026-04-24T07:46:07.000Z,-96.96,96.54,-99.06,-2.1,0,0.06,4672.75,4689.13,4689,4655,SELL,USD,1,1,1583663
D#1702728,XAUUSD,100,7349874591907368152,7349874591887319480,7349874591975442761,7349874591975442613,1162,2026-04-24T07:26:45.000Z,2026-04-24T07:46:07.000Z,-110.22,108.68,-117.92,-7.7,0,0.22,4684.16,4689.39,4689.23,4670.75,SELL,USD,1,1,1583663
D#1702676,XAUUSD,100,7349874591907368158,7349874591887317106,7349874591975423282,7349874591975423280,5332,2026-04-24T06:17:16.000Z,2026-04-24T07:46:08.000Z,122.76,-123.6,118.56,-4.2,0,0.12,4679.33,4689.34,,4689.5,BUY,USD,1,1,1583663
D#1702597,XAUUSD,100,7349874591907368185,7349874591887317533,7349874591975446514,7349874591975425871,4842,2026-04-24T06:25:39.000Z,2026-04-24T07:46:21.000Z,-200.28,199.44,-204.48,-4.2,0,0.12,4672.58,4689.49,,4662.5,SELL,USD,1,1,1583663
D#1589457,XAUUSD,100,7349874591907368191,7349874591887319644,7349874591975444388,7349874591975444387,730,2026-04-24T07:34:14.000Z,2026-04-24T07:46:24.000Z,-74.3,73.6,-77.8,-3.5,0,0.1,4682.67,4690.32,4689.83,4661.82,SELL,USD,1,1,1583663
D#1702520,XAUUSD,100,7349874591907368194,7349874591887319687,7349874591975444909,7349874591975444785,623,2026-04-24T07:36:01.000Z,2026-04-24T07:46:24.000Z,-141.6,139.5,-152.1,-10.5,0,0.3,4685.38,4690.32,4689.73,,SELL,USD,1,1,1583663
D#1702432,XAUUSD,100,7349874591907368216,7349874591887317818,7349874591975446583,7349874591975427753,4425,2026-04-24T06:32:44.000Z,2026-04-24T07:46:29.000Z,123.55,-124.04,121.09,-2.46,0,0.07,4672.99,4690.42,,,BUY,USD,1,1,1583663
D#1702521,XAUUSD,100,7349874591907368240,7349874591887318055,7349874591975446657,7349874591975430359,3852,2026-04-24T06:42:29.000Z,2026-04-24T07:46:41.000Z,-179,178.3,-182.5,-3.5,0,0.1,4672.02,4690.14,,,SELL,USD,1,1,1583663
D#1670936,XAUUSD,100,7349874591907368362,7349874591887315731,7349874591975412849,7349874591975412848,8768,2026-04-24T05:23:03.000Z,2026-04-24T07:49:11.000Z,-173.9,173.2,-177.4,-3.5,0,0.1,4674.27,4691.88,4691.73,4663.42,SELL,USD,1,1,1583663
D#1702528,XAUUSD,100,7349874591907368557,7349874591887319998,7349874591975448054,7349874591975447033,239,2026-04-24T07:48:05.000Z,2026-04-24T07:52:04.000Z,-22.5,21.8,-26,-3.5,0,0.1,4689.77,4692.24,4696.25,,SELL,USD,1,1,1583663
D#1702456,XAUUSD,100,7349874591907368563,7349874591887319060,7349874591975448084,7349874591975438556,2421,2026-04-24T07:11:49.000Z,2026-04-24T07:52:10.000Z,-484.4,481.6,-498.4,-14,0,0.4,4680.05,4692.38,,4677.34,SELL,USD,1,1,1583663
D#1702517,XAUUSD,100,7349874591907368564,7349874591887316232,7349874591975448088,7349874591975416455,7556,2026-04-24T05:46:15.000Z,2026-04-24T07:52:11.000Z,-167.4,166.0,-174.4,-7,0,0.2,4683.79,4692.38,,,SELL,USD,1,1,1583663
D#1702498,XAUUSD,100,7349874591907368590,7349874591887316493,7349874591975448215,7349874591975418308,6785,2026-04-24T05:59:36.000Z,2026-04-24T07:52:41.000Z,54.5,-55.2,51,-3.5,0,0.1,4686.79,4692.02,,,BUY,USD,1,1,1583663
D#1702495,XAUUSD,100,7349874591907368621,7349874591887319997,7349874591975448363,7349874591975446989,317,2026-04-24T07:47:52.000Z,2026-04-24T07:53:09.000Z,42.6,-44.0,35.6,-7,0,0.2,4690.14,4692.05,,4695.03,BUY,USD,1,1,1583663
D#1702528,XAUUSD,100,7349874591907368664,7349874591887320102,7349874591975448549,7349874591975448184,83,2026-04-24T07:52:31.000Z,2026-04-24T07:53:54.000Z,-6.9,6.2,-10.4,-3.5,0,0.1,4692.18,4691.27,,,BUY,USD,1,1,1583663
D#1702504,XAUUSD,100,7349874591907368688,7349874591887317148,7349874591975448730,7349874591975423600,5761,2026-04-24T06:18:39.000Z,2026-04-24T07:54:40.000Z,134.9,-135.6,131.4,-3.5,0,0.1,4677.88,4691.15,4567,4738,BUY,USD,1,1,1583663
D#1702495,XAUUSD,100,7349874591907368735,7349874591887320127,7349874591975448899,7349874591975448393,126,2026-04-24T07:53:16.000Z,2026-04-24T07:55:22.000Z,-16.6,15.2,-23.6,-7,0,0.2,4691.4,4690.35,,4694.29,BUY,USD,1,1,1583663
D#1702706,XAUUSD,100,7349874591907368934,7349874591887316896,7349874591975421020,7349874591975421019,6495,2026-04-24T06:10:19.000Z,2026-04-24T07:58:34.000Z,126.72,-127.56,122.52,-4.2,0,0.12,4683.82,4694.16,,4694,BUY,USD,1,1,1583663
D#1671088,XAUUSD,100,7349874591907368997,7349874591887320069,7349874591975450056,7349874591975447768,474,2026-04-24T07:50:57.000Z,2026-04-24T07:58:51.000Z,131.5,-135.0,114,-17.5,0,0.5,4692.26,4694.67,,,BUY,USD,1,1,1583663
D#1645648,XAUUSD,100,7349874591907369052,7349874591887318962,7349874591975437852,7349874591975437507,3068,2026-04-24T07:08:33.000Z,2026-04-24T07:59:41.000Z,-183.8,183.1,-187.3,-3.5,0,0.1,4676.85,4695.45,4695.2,4665.5,SELL,USD,1,1,1583663
D#1702460,XAUUSD,100,7349874591907369120,7349874591887320224,7349874591975450635,7349874591975449274,240,2026-04-24T07:56:54.000Z,2026-04-24T08:00:54.000Z,-10.2,9.5,-13.7,-3.5,0,0.1,4691.39,4690.15,4690.53,4701.58,BUY,USD,1,1,1583663
D#1702495,XAUUSD,100,7349874591907369210,7349874591887320279,7349874591975450992,7349874591975450024,180,2026-04-24T07:58:47.000Z,2026-04-24T08:01:47.000Z,-125.6,124.2,-132.6,-7,0,0.2,4694.47,4687.97,,4700,BUY,USD,1,1,1583663
D#1702736,XAUUSD,100,7349874591907369228,7349874591887317069,7349874591975451077,7349874591975422965,6350,2026-04-24T06:16:08.000Z,2026-04-24T08:01:58.000Z,111.6,-112.65,106.34,-5.26,0,0.15,4680.3,4687.52,,,BUY,USD,1,1,1583663
D#1702504,XAUUSD,100,7349874591907369227,7349874591887320322,7349874591975451074,7349874591975450411,116,2026-04-24T08:00:02.000Z,2026-04-24T08:01:58.000Z,-70.8,70.1,-74.3,-3.5,0,0.1,4694.77,4687.47,,,BUY,USD,1,1,1583663
D#1702710,XAUUSD,100,7349874591907369299,7349874591887320423,7349874591975451405,7349874591975451292,30,2026-04-24T08:02:48.000Z,2026-04-24T08:03:18.000Z,51.6,-54.4,37.6,-14,0,0.4,4688.57,4689.64,,,BUY,USD,1,1,1583663
D#1702635,XAUUSD,100,7349874591907369358,7349874591887320005,7349874591975451640,7349874591975447131,943,2026-04-24T07:48:36.000Z,2026-04-24T08:04:19.000Z,20.8,-21.5,17.3,-3.5,0,0.1,4689.7,4687.84,,,SELL,USD,1,1,1583663
D#1702728,XAUUSD,100,7349874591907369360,7349874591887320292,7349874591975451645,7349874591975450126,317,2026-04-24T07:59:03.000Z,2026-04-24T08:04:20.000Z,107.4,-108.45,102.14,-5.26,0,0.15,4694.71,4687.77,4700.48,,SELL,USD,1,1,1583663
D#1702520,XAUUSD,100,7349874591907369392,7349874591887320363,7349874591975451739,7349874591975450850,195,2026-04-24T08:01:25.000Z,2026-04-24T08:04:40.000Z,-78.6,76.5,-89.1,-10.5,0,0.3,4689.71,4686.87,4683.03,,BUY,USD,1,1,1583663
D#1702534,XAUUSD,100,7349874591907369568,7349874591887319729,7349874591975452851,7349874591975445089,1897,2026-04-24T07:37:14.000Z,2026-04-24T08:08:51.000Z,-9.63,8.93,-13.14,-3.51,0,0.1,4684.79,4688.66,4725.88,4640.08,SELL,USD,1,1,1583663
D#1702528,XAUUSD,100,7349874591907369607,7349874591887320188,7349874591975453120,7349874591975448910,887,2026-04-24T07:55:25.000Z,2026-04-24T08:10:12.000Z,26,-26.7,22.5,-3.5,0,0.1,4690.22,4687.84,,,SELL,USD,1,1,1583663
D#1702385,XAUUSD,100,7349874591907369671,7349874591887320641,7349874591975453600,7349874591975453331,59,2026-04-24T08:11:02.000Z,2026-04-24T08:12:01.000Z,11.68,-12.24,8.88,-2.8,0,0.08,4689.86,4688.62,4697.36,4675.76,SELL,USD,1,1,1583663
D#1702745,XAUUSD,100,7349874591907369770,7349874591887313582,7349874591975454145,7349874591975396597,16801,2026-04-24T03:34:13.000Z,2026-04-24T08:14:14.000Z,97.02,-97.65,93.86,-3.16,0,0.09,4677,4687.56,,4725,BUY,USD,1,1,1583663
D#1670917,XAUUSD,100,7349874591907369927,7349874591887319536,7349874591975454828,7349874591975443146,2835,2026-04-24T07:28:53.000Z,2026-04-24T08:16:08.000Z,-71.3,70.6,-74.8,-3.5,0,0.1,4683.56,4690.91,,4675,SELL,USD,1,1,1583663
D#1702710,XAUUSD,100,7349874591907369954,7349874591887320556,7349874591975454920,7349874591975452422,544,2026-04-24T08:07:16.000Z,2026-04-24T08:16:20.000Z,-144.4,141.6,-158.4,-14,0,0.4,4688.41,4692.24,,4686.53,SELL,USD,1,1,1583663
D#1670972,XAUUSD,100,7349874591907370119,7349874591887320842,7349874591975455718,7349874591975455283,86,2026-04-24T08:17:20.000Z,2026-04-24T08:18:46.000Z,14.2,-15.6,7.2,-7,0,0.2,4690.15,4690.64,4666.17,4743.09,BUY,USD,1,1,1583663
D#1702631,XAUUSD,100,7349874591907370240,7349874591887320448,7349874591975452049,7349874591975451535,907,2026-04-24T08:03:58.000Z,2026-04-24T08:19:05.000Z,-39.8,39.1,-43.3,-3.5,0,0.1,4689.17,4693.37,4693.2,4683.2,SELL,USD,1,1,1583663
D#1702631,XAUUSD,100,7349874591907370339,7349874591887320944,7349874591975456364,7349874591975456308,12,2026-04-24T08:20:22.000Z,2026-04-24T08:20:34.000Z,0.4,-1.1,-3.1,-3.5,0,0.1,4693.41,4693.59,,,SELL,USD,1,1,1583663
D#1702686,XAUUSD,100,7349874591907370391,7349874591887320064,7349874591975456493,7349874591975447742,1804,2026-04-24T07:50:53.000Z,2026-04-24T08:20:57.000Z,29.8,-30.5,26.3,-3.5,0,0.1,4692.6,4695.36,4680.16,4700.96,BUY,USD,1,1,1583663
D#1670914,XAUUSD,100,7349874591907370388,7349874591887320682,7349874591975453991,7349874591975453918,469,2026-04-24T08:13:08.000Z,2026-04-24T08:20:57.000Z,108.75,-109.8,103.49,-5.26,0,0.15,4687.99,4695.02,4679.57,4694.98,BUY,USD,1,1,1583663
D#1702726,XAUUSD,100,7349874591907370420,7349874591887319701,7349874591975444958,7349874591975444856,2695,2026-04-24T07:36:10.000Z,2026-04-24T08:21:05.000Z,123.12,-123.96,118.92,-4.2,0,0.12,4685.55,4695.59,,4695.65,BUY,USD,1,1,1583663
D#1702385,XAUUSD,100,7349874591907370454,7349874591887320672,7349874591975453789,7349874591975453787,508,2026-04-24T08:12:41.000Z,2026-04-24T08:21:09.000Z,-66.16,65.6,-68.96,-2.8,0,0.08,4688.01,4696.5,4696.38,4673.26,SELL,USD,1,1,1583663
D#1670868,XAUUSD,100,7349874591907370452,7349874591887320902,7349874591975455877,7349874591975450408,124,2026-04-24T08:19:05.000Z,2026-04-24T08:21:09.000Z,-31.1,30.4,-34.6,-3.5,0,0.1,4693.16,4696.49,4696.21,4686.08,SELL,USD,1,1,1583663
D#1702415,XAUUSD,100,7349874591907370609,7349874591887320314,7349874591975457223,7349874591975450349,1385,2026-04-24T07:59:49.000Z,2026-04-24T08:22:54.000Z,-46.6,45.2,-53.6,-7,0,0.2,4694.63,4692.08,,,BUY,USD,1,1,1583663
D#1671066,XAUUSD,100,7349874591907370728,7349874591887320931,7349874591975457859,7349874591975456194,300,2026-04-24T08:20:02.000Z,2026-04-24T08:25:02.000Z,-10.1,9.4,-13.6,-3.5,0,0.1,4693.26,4692.03,4687.57,4703.69,BUY,USD,1,1,1583663
D#1702640,XAUUSD,100,7349874591907370727,7349874591887320934,7349874591975457856,7349874591975456205,299,2026-04-24T08:20:03.000Z,2026-04-24T08:25:02.000Z,-9.6,8.9,-13.1,-3.5,0,0.1,4693.24,4692.06,4687.56,4703.69,BUY,USD,1,1,1583663
D#1702528,XAUUSD,100,7349874591907370747,7349874591887320911,7349874591975457929,7349874591975455993,346,2026-04-24T08:19:29.000Z,2026-04-24T08:25:15.000Z,16.1,-16.8,12.6,-3.5,0,0.1,4693.34,4691.95,,,SELL,USD,1,1,1583663
D#1702495,XAUUSD,100,7349874591907370868,7349874591887320558,7349874591975458654,7349874591975452444,1227,2026-04-24T08:07:21.000Z,2026-04-24T08:27:48.000Z,32.4,-33.8,25.4,-7,0,0.2,4688.52,4689.92,4686,4698.41,BUY,USD,1,1,1583663
D#1702592,XAUUSD,100,7349874591907370940,7349874591887321123,7349874591975458129,7349874591975458126,178,2026-04-24T08:25:51.000Z,2026-04-24T08:28:49.000Z,-55.58,54.6,-60.48,-4.9,0,0.14,4690.92,4686.73,4687,4695,BUY,USD,1,1,1583663
D#1702631,XAUUSD,100,7349874591907370954,7349874591887320953,7349874591975459009,7349874591975456383,503,2026-04-24T08:20:39.000Z,2026-04-24T08:29:02.000Z,53.6,-54.3,50.1,-3.5,0,0.1,4693.4,4688.26,,,SELL,USD,1,1,1583663
D#1702730,XAUUSD,100,7349874591907371050,7349874591887321238,7349874591975459559,7349874591975459432,37,2026-04-24T08:30:28.000Z,2026-04-24T08:31:05.000Z,-27.6,25.5,-38.1,-10.5,0,0.3,4687.6,4686.46,4686.54,4690.96,BUY,USD,1,1,1583663
D#1702638,XAUUSD,100,7349874591907371060,7349874591887320617,7349874591975453610,7349874591975453124,1254,2026-04-24T08:10:14.000Z,2026-04-24T08:31:08.000Z,37,-38.4,30,-7,0,0.2,4687.75,4686.12,,4686.18,SELL,USD,1,1,1583663
D#1702614,XAUUSD,100,7349874591907371081,7349874591887321197,7349874591975459694,7349874591975458921,156,2026-04-24T08:28:44.000Z,2026-04-24T08:31:20.000Z,-24,21.9,-34.5,-10.5,0,0.3,4687.34,4686.32,,4696.87,BUY,USD,1,1,1583663
D#1702614,XAUUSD,100,7349874591907371169,7349874591887321268,7349874591975460346,7349874591975459748,131,2026-04-24T08:31:29.000Z,2026-04-24T08:33:40.000Z,-58.4,55.6,-72.4,-14,0,0.4,4685.94,4687.62,,,SELL,USD,1,1,1583663
D#1702385,XAUUSD,100,7349874591907371170,7349874591887321296,7349874591975460355,7349874591975460055,62,2026-04-24T08:32:41.000Z,2026-04-24T08:33:43.000Z,6.24,-6.8,3.44,-2.8,0,0.08,4686.65,4687.21,,,BUY,USD,1,1,1583663
D#1702730,XAUUSD,100,7349874591907371175,7349874591887321306,7349874591975460286,7349874591975460204,32,2026-04-24T08:33:14.000Z,2026-04-24T08:33:46.000Z,-20.1,18.0,-30.6,-10.5,0,0.3,4687.53,4686.64,4686.85,4690.82,BUY,USD,1,1,1583663
D#1702736,XAUUSD,100,7349874591907371256,7349874591887321047,7349874591975460937,7349874591975457279,767,2026-04-24T08:23:07.000Z,2026-04-24T08:35:54.000Z,101.4,-102.45,96.14,-5.26,0,0.15,4692.45,4685.91,,4685.23,SELL,USD,1,1,1583663
D#1702730,XAUUSD,100,7349874591907371260,7349874591887321355,7349874591975460876,7349874591975460726,53,2026-04-24T08:35:05.000Z,2026-04-24T08:35:58.000Z,10.2,-12.3,-0.3,-10.5,0,0.3,4686.75,4686.63,4686.51,4683.74,SELL,USD,1,1,1583663
D#1702495,XAUUSD,100,7349874591907371352,7349874591887321381,7349874591975461265,7349874591975461053,119,2026-04-24T08:36:16.000Z,2026-04-24T08:38:15.000Z,-50.6,49.2,-57.6,-7,0,0.2,4685.3,4688.05,4687.86,4675.41,SELL,USD,1,1,1583663
D#1702638,XAUUSD,100,7349874591907371489,7349874591887321463,7349874591975462297,7349874591975462019,52,2026-04-24T08:39:58.000Z,2026-04-24T08:40:50.000Z,28.6,-30.0,21.6,-7,0,0.2,4688.1,4689.31,,,BUY,USD,1,1,1583663
D#1702730,XAUUSD,100,7349874591907371501,7349874591887321466,7349874591975462213,7349874591975462055,64,2026-04-24T08:40:04.000Z,2026-04-24T08:41:08.000Z,-35.4,33.3,-45.9,-10.5,0,0.3,4688.89,4690.29,4690.08,4686.01,SELL,USD,1,1,1583663
D#1702528,XAUUSD,100,7349874591907371597,7349874591887321271,7349874591975463092,7349874591975459767,740,2026-04-24T08:31:33.000Z,2026-04-24T08:43:53.000Z,16.6,-17.3,13.1,-3.5,0,0.1,4686.72,4688.16,,,BUY,USD,1,1,1583663
D#1702385,XAUUSD,100,7349874591907371620,7349874591887321330,7349874591975463245,7349874591975460467,626,2026-04-24T08:34:07.000Z,2026-04-24T08:44:33.000Z,4.24,-4.8,1.44,-2.8,0,0.08,4687.42,4687.73,4679.63,4700.92,BUY,USD,1,1,1583663
D#1702736,XAUUSD,100,7349874591907371659,7349874591887321383,7349874591975463427,7349874591975461058,550,2026-04-24T08:36:17.000Z,2026-04-24T08:45:27.000Z,49.65,-50.7,44.39,-5.26,0,0.15,4685.49,4688.58,,,BUY,USD,1,1,1583663
D#1702592,XAUUSD,100,7349874591907371713,7349874591887321266,7349874591975463645,7349874591975459719,888,2026-04-24T08:31:25.000Z,2026-04-24T08:46:13.000Z,69.44,-70.42,64.54,-4.9,0,0.14,4686.14,4690.88,4683,4700,BUY,USD,1,1,1583663
D#1614623,XAUUSD,100,7349874591907371804,7349874591887321285,7349874591975460000,7349874591975459899,1008,2026-04-24T08:31:59.000Z,2026-04-24T08:48:47.000Z,113.2,-114.6,106.2,-7,0,0.2,4686.86,4692.3,4684.76,4692.25,BUY,USD,1,1,1583663
D#1702460,XAUUSD,100,7349874591907371905,7349874591887320511,7349874591975464839,7349874591975452013,2686,2026-04-24T08:05:41.000Z,2026-04-24T08:50:27.000Z,18.2,-18.9,14.7,-3.5,0,0.1,4690.12,4691.72,,4705.7,BUY,USD,1,1,1583663
D#1702385,XAUUSD,100,7349874591907371941,7349874591887321617,7349874591975465044,7349874591975463583,308,2026-04-24T08:46:05.000Z,2026-04-24T08:51:13.000Z,5.92,-6.48,3.12,-2.8,0,0.08,4691.05,4691.57,4685.02,4705.42,BUY,USD,1,1,1583663
D#1702703,XAUUSD,100,7349874591907372232,7349874591887321691,7349874591975466197,7349874591975464556,389,2026-04-24T08:49:37.000Z,2026-04-24T08:56:06.000Z,-4.66,4.52,-5.36,-0.7,0,0.02,4691.84,4689.29,4676.74,4713.16,BUY,USD,1,1,1583663
D#1670975,XAUUSD,100,7349874591907372235,7349874591887321709,7349874591975464823,7349874591975464711,363,2026-04-24T08:50:05.000Z,2026-04-24T08:56:08.000Z,78.3,-80.4,67.8,-10.5,0,0.3,4691.75,4689.36,,4689.27,SELL,USD,1,1,1583663
D#1702415,XAUUSD,100,7349874591907372337,7349874591887321494,7349874591975466769,7349874591975462364,1094,2026-04-24T08:41:08.000Z,2026-04-24T08:59:22.000Z,1.4,-2.8,-5.6,-7,0,0.2,4690.15,4690,,,BUY,USD,1,1,1583663
D#1702587,XAUUSD,100,7349874591907372370,7349874591887321518,7349874591975466987,7349874591975462697,1072,2026-04-24T08:42:24.000Z,2026-04-24T09:00:16.000Z,81,-82.4,74,-7,0,0.2,4688.29,4692.12,,,BUY,USD,1,1,1583663
D#1702533,XAUUSD,100,7349874591907372404,7349874591887321949,7349874591975467099,7349874591975466505,160,2026-04-24T08:58:00.000Z,2026-04-24T09:00:40.000Z,-19.44,19.02,-21.54,-2.1,0,0.06,4689.09,4692.55,,4675.86,SELL,USD,1,1,1583663
D#1702730,XAUUSD,100,7349874591907372576,7349874591887322081,7349874591975468040,7349874591975467887,79,2026-04-24T09:04:18.000Z,2026-04-24T09:05:37.000Z,21.3,-23.4,10.8,-10.5,0,0.3,4691.63,4692.12,4690.71,4694.7,BUY,USD,1,1,1583663
D#1670980,XAUUSD,100,7349874591907372586,7349874591887322099,7349874591975468016,7349874591975467989,49,2026-04-24T09:05:17.000Z,2026-04-24T09:06:06.000Z,29.6,-31.0,22.6,-7,0,0.2,4691.49,4692.75,,4692.84,BUY,USD,1,1,1583663
D#1702560,XAUUSD,100,7349874591907372596,7349874591887321874,7349874591975466028,7349874591975466027,673,2026-04-24T08:55:05.000Z,2026-04-24T09:06:18.000Z,-32.6,31.9,-36.1,-3.5,0,0.1,4690.25,4693.73,4693.47,4678.39,SELL,USD,1,1,1583663
D#1670868,XAUUSD,100,7349874591907372617,7349874591887321476,7349874591975462194,7349874591975461685,1577,2026-04-24T08:40:32.000Z,2026-04-24T09:06:49.000Z,-43.6,42.9,-47.1,-3.5,0,0.1,4689.64,4694.22,4694.1,4683.24,SELL,USD,1,1,1583663
D#1702582,XAUUSD,100,7349874591907372871,7349874591887321354,7349874591975469289,7349874591975460712,2205,2026-04-24T08:35:03.000Z,2026-04-24T09:11:48.000Z,-29.4,29.05,-31.16,-1.76,0,0.05,4686.79,4692.89,,,SELL,USD,1,1,1583663
D#1702587,XAUUSD,100,7349874591907372917,7349874591887322144,7349874591975469574,7349874591975468456,316,2026-04-24T09:07:48.000Z,2026-04-24T09:13:04.000Z,29.6,-31.0,22.6,-7,0,0.2,4691.74,4693,,,BUY,USD,1,1,1583663
D#1702635,XAUUSD,100,7349874591907372919,7349874591887322011,7349874591975469581,7349874591975467264,709,2026-04-24T09:01:17.000Z,2026-04-24T09:13:06.000Z,-53.4,51.3,-63.9,-10.5,0,0.3,4691.24,4693.24,,,SELL,USD,1,1,1583663
D#1702347,XAUUSD,100,7349874591907372955,7349874591887321951,7349874591975469682,7349874591975466556,910,2026-04-24T08:58:16.000Z,2026-04-24T09:13:26.000Z,-110.4,108.3,-120.9,-10.5,0,0.3,4690.58,4694.48,,,SELL,USD,1,1,1583663
D#1702592,XAUUSD,100,7349874591907372962,7349874591887321701,7349874591975464667,7349874591975464663,1411,2026-04-24T08:49:59.000Z,2026-04-24T09:13:30.000Z,47.46,-48.44,42.56,-4.9,0,0.14,4692.05,4695.22,4685.63,4695,BUY,USD,1,1,1583663
D#1670914,XAUUSD,100,7349874591907373035,7349874591887321585,7349874591975463431,7349874591975463352,1816,2026-04-24T08:45:04.000Z,2026-04-24T09:15:20.000Z,-116.85,115.8,-122.11,-5.26,0,0.15,4687.97,4695.98,4695.78,4681.12,SELL,USD,1,1,1583663
D#1614623,XAUUSD,100,7349874591907373043,7349874591887322067,7349874591975467745,7349874591975467706,742,2026-04-24T09:03:05.000Z,2026-04-24T09:15:27.000Z,106.8,-108.2,99.8,-7,0,0.2,4690.93,4696.05,4689.64,4696.32,BUY,USD,1,1,1583663
D#1670980,XAUUSD,100,7349874591907373060,7349874591887322135,7349874591975468424,7349874591975468400,506,2026-04-24T09:07:17.000Z,2026-04-24T09:15:43.000Z,96.6,-98.0,89.6,-7,0,0.2,4691.86,4696.47,,4696.61,BUY,USD,1,1,1583663
D#1702385,XAUUSD,100,7349874591907373133,7349874591887321872,7349874591975470522,7349874591975466006,1323,2026-04-24T08:55:03.000Z,2026-04-24T09:17:06.000Z,40.4,-40.96,37.6,-2.8,0,0.08,4690.08,4694.91,4684.46,4704.09,BUY,USD,1,1,1583663
D#1702592,XAUUSD,100,7349874591907373313,7349874591887322382,7349874591975471714,7349874591975470563,282,2026-04-24T09:17:15.000Z,2026-04-24T09:21:57.000Z,-60.2,59.22,-65.1,-4.9,0,0.14,4696.05,4691.53,4690,4700,BUY,USD,1,1,1583663
D#1702730,XAUUSD,100,7349874591907373324,7349874591887322449,7349874591975471780,7349874591975471401,103,2026-04-24T09:20:31.000Z,2026-04-24T09:22:14.000Z,-56.4,54.3,-66.9,-10.5,0,0.3,4693.54,4691.44,,,BUY,USD,1,1,1583663
D#1670975,XAUUSD,100,7349874591907373326,7349874591887322445,7349874591975471385,7349874591975471337,123,2026-04-24T09:20:12.000Z,2026-04-24T09:22:15.000Z,81.3,-83.4,70.8,-10.5,0,0.3,4693.87,4691.38,,4691.13,SELL,USD,1,1,1583663
D#1702346,XAUUSD,100,7349874591907373354,7349874591887322467,7349874591975471564,7349874591975471164,87,2026-04-24T09:21:12.000Z,2026-04-24T09:22:39.000Z,-47.25,45.5,-56.01,-8.76,0,0.25,4692.46,4690.35,4690.4,4696.42,BUY,USD,1,1,1583663
D#1702730,XAUUSD,100,7349874591907373453,7349874591887322510,7349874591975472053,7349874591975472006,11,2026-04-24T09:23:06.000Z,2026-04-24T09:23:17.000Z,-67.5,65.4,-78,-10.5,0,0.3,4690.93,4693.4,,,SELL,USD,1,1,1583663
D#1702415,XAUUSD,100,7349874591907373459,7349874591887321986,7349874591975472085,7349874591975467085,1365,2026-04-24T09:00:38.000Z,2026-04-24T09:23:23.000Z,-23.6,22.2,-30.6,-7,0,0.2,4693.21,4691.81,,,BUY,USD,1,1,1583663
D#1702635,XAUUSD,100,7349874591907373508,7349874591887322320,7349874591975472342,7349874591975469938,584,2026-04-24T09:14:42.000Z,2026-04-24T09:24:26.000Z,-206.4,204.3,-216.9,-10.5,0,0.3,4694.89,4687.79,,,BUY,USD,1,1,1583663
D#1702347,XAUUSD,100,7349874591907373521,7349874591887322323,7349874591975472401,7349874591975469955,593,2026-04-24T09:14:47.000Z,2026-04-24T09:24:40.000Z,-219.9,217.8,-230.4,-10.5,0,0.3,4694.99,4687.44,,,BUY,USD,1,1,1583663
D#1702687,XAUUSD,100,7349874591907373562,7349874591887321501,7349874591975462436,7349874591975462435,2630,2026-04-24T08:41:25.000Z,2026-04-24T09:25:15.000Z,-82.4,81.0,-89.4,-7,0,0.2,4689.29,4684.95,4685.13,4709.79,BUY,USD,1,1,1583663
D#1702533,XAUUSD,100,7349874591907373591,7349874591887322027,7349874591975467549,7349874591975467480,1411,2026-04-24T09:02:01.000Z,2026-04-24T09:25:32.000Z,87.15,-88.2,81.89,-5.26,0,0.15,4690.32,4684.73,,4684.62,SELL,USD,1,1,1583663
D#1702363,XAUUSD,100,7349874591907373616,7349874591887321459,7349874591975462345,7349874591975461952,2756,2026-04-24T08:39:44.000Z,2026-04-24T09:25:40.000Z,-57.9,57.2,-61.4,-3.5,0,0.1,4688.94,4682.93,4683.88,4719.98,BUY,USD,1,1,1583663
D#1702346,XAUUSD,100,7349874591907373670,7349874591887322531,7349874591975472780,7349874591975472223,140,2026-04-24T09:23:53.000Z,2026-04-24T09:26:13.000Z,54.5,-56.25,45.74,-8.76,0,0.25,4689.26,4687.3,,,SELL,USD,1,1,1583663
D#1702592,XAUUSD,100,7349874591907373837,7349874591887322600,7349874591975473651,7349874591975472814,229,2026-04-24T09:26:22.000Z,2026-04-24T09:30:11.000Z,43.54,-44.52,38.64,-4.9,0,0.14,4686.51,4683.62,4690.16,4679,SELL,USD,1,1,1583663
D#1702371,XAUUSD,100,7349874591907373921,7349874591887321816,7349874591975465703,7349874591975465587,2271,2026-04-24T08:53:25.000Z,2026-04-24T09:31:16.000Z,81.5,-82.2,78,-3.5,0,0.1,4689.61,4681.68,,4681.72,SELL,USD,1,1,1583663
D#1671065,XAUUSD,100,7349874591907373998,7349874591887322723,7349874591975474372,7349874591975473975,77,2026-04-24T09:31:11.000Z,2026-04-24T09:32:28.000Z,2,-2.56,-0.8,-2.8,0,0.08,4682.11,4682.08,4685.14,4672.66,SELL,USD,1,1,1583663
D#1702667,XAUUSD,100,7349874591907374016,7349874591887319074,7349874591975474559,7349874591975438631,8473,2026-04-24T07:12:01.000Z,2026-04-24T09:33:14.000Z,-6.9,6.2,-10.4,-3.5,0,0.1,4680.19,4681.1,4979.58,4669.74,SELL,USD,1,1,1583663
D#1702391,XAUUSD,100,7349874591907374028,7349874591887320013,7349874591975447214,7349874591975447209,6265,2026-04-24T07:48:57.000Z,2026-04-24T09:33:22.000Z,117.12,-117.96,112.92,-4.2,0,0.12,4689.81,4680.27,,4680.25,SELL,USD,1,1,1583663
D#1702736,XAUUSD,100,7349874591907374073,7349874591887321631,7349874591975474706,7349874591975463693,2840,2026-04-24T08:46:21.000Z,2026-04-24T09:33:41.000Z,164.55,-165.6,159.29,-5.26,0,0.15,4690.9,4680.15,,,SELL,USD,1,1,1583663
D#1702385,XAUUSD,100,7349874591907374117,7349874591887322459,7349874591975471506,7349874591975471504,812,2026-04-24T09:21:01.000Z,2026-04-24T09:34:33.000Z,78.64,-79.2,75.84,-2.8,0,0.08,4692.87,4683.26,4682.91,4678.73,SELL,USD,1,1,1583663
D#1702346,XAUUSD,100,7349874591907374203,7349874591887322803,7349874591975475370,7349874591975474718,140,2026-04-24T09:33:43.000Z,2026-04-24T09:36:03.000Z,-45,43.25,-53.76,-8.76,0,0.25,4680.18,4682.2,,,SELL,USD,1,1,1583663
D#1671065,XAUUSD,100,7349874591907374288,7349874591887322868,7349874591975475889,7349874591975475369,126,2026-04-24T09:36:03.000Z,2026-04-24T09:38:09.000Z,-10.36,9.87,-12.82,-2.46,0,0.07,4682.07,4683.77,4685.46,4660,SELL,USD,1,1,1583663
D#1670914,XAUUSD,100,7349874591907374407,7349874591887322659,7349874591975476779,7349874591975473367,783,2026-04-24T09:28:58.000Z,2026-04-24T09:42:01.000Z,5.7,-6.75,0.44,-5.26,0,0.15,4684.02,4683.86,4690.95,4677.01,SELL,USD,1,1,1583663
D#1702592,XAUUSD,100,7349874591907374454,7349874591887322841,7349874591975475168,7349874591975475166,445,2026-04-24T09:35:16.000Z,2026-04-24T09:42:41.000Z,-55.72,54.74,-60.62,-4.9,0,0.14,4682.75,4686.95,4686.79,4678.8,SELL,USD,1,1,1583663
D#1702711,XAUUSD,100,7349874591907374485,7349874591887320614,7349874591975453678,7349874591975453089,5570,2026-04-24T08:10:03.000Z,2026-04-24T09:42:53.000Z,-3.91,2.72,-9.87,-5.96,0,0.17,4687.83,4688.28,4687.58,4673,SELL,USD,1,1,1583663
D#1670980,XAUUSD,100,7349874591907374483,7349874591887322937,7349874591975476317,7349874591975476262,169,2026-04-24T09:40:04.000Z,2026-04-24T09:42:53.000Z,110.2,-111.6,103.2,-7,0,0.2,4682.73,4688.02,,4687.64,BUY,USD,1,1,1583663
D#1671066,XAUUSD,100,7349874591907374486,7349874591887322943,7349874591975476584,7349874591975476300,159,2026-04-24T09:40:14.000Z,2026-04-24T09:42:53.000Z,112.2,-113.6,105.2,-7,0,0.2,4682.63,4688.02,4680.98,4687.72,BUY,USD,1,1,1583663
D#1702582,XAUUSD,100,7349874591907374556,7349874591887322263,7349874591975477387,7349874591975469308,1955,2026-04-24T09:11:55.000Z,2026-04-24T09:44:30.000Z,-43.32,42.9,-45.42,-2.1,0,0.06,4692.51,4685.07,,,BUY,USD,1,1,1583663
D#1702544,XAUUSD,100,7349874591907374712,7349874591887319375,7349874591975478561,7349874591975441651,8823,2026-04-24T07:23:01.000Z,2026-04-24T09:50:04.000Z,11.5,-12.2,8,-3.5,0,0.1,4684.2,4685.13,,4698.77,BUY,USD,1,1,1583663
D#1702385,XAUUSD,100,7349874591907374722,7349874591887322953,7349874591975476436,7349874591975476435,571,2026-04-24T09:40:44.000Z,2026-04-24T09:50:15.000Z,15.2,-15.76,12.4,-2.8,0,0.08,4682.79,4684.47,4684.59,4697.65,BUY,USD,1,1,1583663
D#1702592,XAUUSD,100,7349874591907374803,7349874591887323125,7349874591975479097,7349874591975478324,205,2026-04-24T09:48:47.000Z,2026-04-24T09:52:12.000Z,11.06,-12.04,6.16,-4.9,0,0.14,4685.04,4684.47,4689,4682,SELL,USD,1,1,1583663
D#1670914,XAUUSD,100,7349874591907374819,7349874591887322999,7349874591975479175,7349874591975476859,610,2026-04-24T09:42:22.000Z,2026-04-24T09:52:32.000Z,-45.4,44.0,-52.4,-7,0,0.2,4685.2,4682.71,4679.81,4690.33,BUY,USD,1,1,1583663
D#1702745,XAUUSD,100,7349874591907374919,7349874591887320723,7349874591975459841,7349874591975454343,5957,2026-04-24T08:15:03.000Z,2026-04-24T09:54:20.000Z,136.17,-137.36,130.21,-5.96,0,0.17,4687.68,4679.89,,4680,SELL,USD,1,1,1583663
D#1702721,XAUUSD,100,7349874591907374920,7349874591887323122,7349874591975478293,7349874591975478291,341,2026-04-24T09:48:39.000Z,2026-04-24T09:54:20.000Z,-5.2,5.13,-5.56,-0.36,0,0.01,4685.18,4679.76,4679.9,,BUY,USD,1,1,1583663
D#1702667,XAUUSD,100,7349874591907375018,7349874591887322799,7349874591975480295,7349874591975474650,1416,2026-04-24T09:33:31.000Z,2026-04-24T09:57:07.000Z,40.4,-41.1,36.9,-3.5,0,0.1,4679.63,4683.45,4666.15,4689.32,BUY,USD,1,1,1583663
D#1702635,XAUUSD,100,7349874591907375147,7349874591887323295,7349874591975481085,7349874591975480182,246,2026-04-24T09:56:34.000Z,2026-04-24T10:00:40.000Z,-39,36.9,-49.5,-10.5,0,0.3,4683.04,4684.56,,,SELL,USD,1,1,1583663
D#1702701,XAUUSD,100,7349874591907375326,7349874591887323386,7349874591975481871,7349874591975481360,311,2026-04-24T10:01:52.000Z,2026-04-24T10:07:03.000Z,-40.5,38.4,-51,-10.5,0,0.3,4682.88,4684.45,4684.89,4679.63,SELL,USD,1,1,1583663
D#1702555,XAUUSD,100,7349874591907375486,7349874591887319639,7349874591975483542,7349874591975444335,9546,2026-04-24T07:33:57.000Z,2026-04-24T10:13:03.000Z,3.12,-3.96,-1.08,-4.2,0,0.12,4682.48,4682.44,,4672.5,SELL,USD,1,1,1583663
D#1671065,XAUUSD,100,7349874591907375595,7349874591887323440,7349874591975484517,7349874591975482048,754,2026-04-24T10:05:46.000Z,2026-04-24T10:18:20.000Z,-23.6,22.9,-27.1,-3.5,0,0.1,4681.09,4683.67,4683.8,4671.96,SELL,USD,1,1,1583663
D#1702533,XAUUSD,100,7349874591907375636,7349874591887322692,7349874591975484890,7349874591975473695,3002,2026-04-24T09:30:20.000Z,2026-04-24T10:20:22.000Z,-7.65,6.6,-12.91,-5.26,0,0.15,4683.08,4683.81,,4680.31,SELL,USD,1,1,1583663
D#1671065,XAUUSD,100,7349874591907375842,7349874591887323661,7349874591975485922,7349874591975485482,105,2026-04-24T10:23:05.000Z,2026-04-24T10:24:50.000Z,-21.3,20.6,-24.8,-3.5,0,0.1,4681.44,4683.79,4684.68,4672.33,SELL,USD,1,1,1583663
D#1702592,XAUUSD,100,7349874591907375849,7349874591887323304,7349874591975485964,7349874591975480233,1697,2026-04-24T09:56:51.000Z,2026-04-24T10:25:08.000Z,8.26,-9.24,3.36,-4.9,0,0.14,4682.75,4683.12,4681.07,4687.9,BUY,USD,1,1,1583663
D#1670914,XAUUSD,100,7349874591907375888,7349874591887323206,7349874591975479255,7349874591975479223,1959,2026-04-24T09:52:47.000Z,2026-04-24T10:25:26.000Z,-77.1,75.0,-87.6,-10.5,0,0.3,4682.67,4685.46,4685.25,4679.1,SELL,USD,1,1,1583663
D#1702346,XAUUSD,100,7349874591907375882,7349874591887323344,7349874591975483222,7349874591975480768,1580,2026-04-24T09:59:06.000Z,2026-04-24T10:25:26.000Z,-60.5,58.75,-69.26,-8.76,0,0.25,4682.82,4685.46,4684.89,4679,SELL,USD,1,1,1583663
D#1702701,XAUUSD,100,7349874591907375892,7349874591887323459,7349874591975483167,7349874591975482492,1091,2026-04-24T10:07:15.000Z,2026-04-24T10:25:26.000Z,-43.5,41.4,-54,-10.5,0,0.3,4683.76,4685.43,4685.33,4679.51,SELL,USD,1,1,1583663
D#1702698,XAUUSD,100,7349874591907376075,7349874591887323264,7349874591975486768,7349874591975479813,1998,2026-04-24T09:54:59.000Z,2026-04-24T10:28:17.000Z,23.5,-24.2,20,-3.5,0,0.1,4682.39,4684.52,4666,4735,BUY,USD,1,1,1583663
D#1702592,XAUUSD,100,7349874591907376147,7349874591887323811,7349874591975486960,7349874591975486959,70,2026-04-24T10:28:56.000Z,2026-04-24T10:30:06.000Z,-47.6,46.62,-52.5,-4.9,0,0.14,4685.39,4681.77,4682,4689,BUY,USD,1,1,1583663
D#1702533,XAUUSD,100,7349874591907376216,7349874591887323605,7349874591975487492,7349874591975484909,639,2026-04-24T10:20:29.000Z,2026-04-24T10:31:08.000Z,-42,40.95,-47.26,-5.26,0,0.15,4683.8,4680.78,,4689.51,BUY,USD,1,1,1583663
D#1671088,XAUUSD,100,7349874591907376240,7349874591887323244,7349874591975487570,7349874591975479615,2222,2026-04-24T09:54:18.000Z,2026-04-24T10:31:20.000Z,52.5,-56.0,35,-17.5,0,0.5,4680.29,4679.46,,,SELL,USD,1,1,1583663
D#1670975,XAUUSD,100,7349874591907376245,7349874591887323270,7349874591975479932,7349874591975479863,2169,2026-04-24T09:55:13.000Z,2026-04-24T10:31:22.000Z,85.5,-87.6,80.25,-5.25,0,0.3,4681.78,4679.15,,4679.15,SELL,USD,1,1,1583663
D#1702703,XAUUSD,100,7349874591907376248,7349874591887321918,7349874591975466452,7349874591975466313,5686,2026-04-24T08:56:37.000Z,2026-04-24T10:31:23.000Z,-65.28,64.86,-67.38,-2.1,0,0.06,4690.08,4678.98,4679.13,4713.16,BUY,USD,1,1,1583663
D#1702625,XAUUSD,100,7349874591907376258,7349874591887319616,7349874591975444065,7349874591975443994,10742,2026-04-24T07:32:23.000Z,2026-04-24T10:31:25.000Z,86.2,-87.6,82.7,-3.5,0,0.2,4682.95,4678.86,,4678.96,SELL,USD,1,1,1583663
D#1702454,XAUUSD,100,7349874591907376257,7349874591887320422,7349874591975452077,7349874591975451289,8917,2026-04-24T08:02:48.000Z,2026-04-24T10:31:25.000Z,196,-197.4,189,-7,0,0.2,4688.44,4678.86,4703,4679,SELL,USD,1,1,1583663
D#1670868,XAUUSD,100,7349874591907376321,7349874591887322826,7349874591975475064,7349874591975475005,3432,2026-04-24T09:34:44.000Z,2026-04-24T10:31:56.000Z,-45.6,44.9,-49.1,-3.5,0,0.1,4682.92,4678.14,4678.32,4695.59,BUY,USD,1,1,1583663
D#1670872,XAUUSD,100,7349874591907376325,7349874591887322816,7349874591975475495,7349874591975474892,3457,2026-04-24T09:34:23.000Z,2026-04-24T10:32:00.000Z,14.5,-14.85,12.74,-1.76,0,0.05,4680.9,4678.22,4689.01,4678.15,SELL,USD,1,1,1583663
D#1614619,XAUUSD,100,7349874591907376336,7349874591887319245,7349874591975445940,7349874591975440373,11643,2026-04-24T07:17:59.000Z,2026-04-24T10:32:02.000Z,-85,83.6,-92,-7,0,0.2,4682.19,4677.72,4678.1,4707.6,BUY,USD,1,1,1583663
D#1645648,XAUUSD,100,7349874591907376337,7349874591887321504,7349874591975462645,7349874591975462497,6621,2026-04-24T08:41:41.000Z,2026-04-24T10:32:02.000Z,114.7,-115.4,111.2,-3.5,0,0.1,4689.33,4678.08,,4678,SELL,USD,1,1,1583663
D#1702533,XAUUSD,100,7349874591907376338,7349874591887323864,7349874591975487833,7349874591975487499,54,2026-04-24T10:31:08.000Z,2026-04-24T10:32:02.000Z,-77.25,75.5,-86.01,-8.76,0,0.25,4681.2,4677.89,,,BUY,USD,1,1,1583663
D#1702721,XAUUSD,100,7349874591907376350,7349874591887323301,7349874591975487880,7349874591975480218,2123,2026-04-24T09:56:47.000Z,2026-04-24T10:32:10.000Z,-181.6,178.8,-195.6,-14,0,0.4,4683.11,4678.35,4677.34,,BUY,USD,1,1,1583663
D#1702490,XAUUSD,100,7349874591907376377,7349874591887323136,7349874591975478715,7349874591975478432,2591,2026-04-24T09:49:21.000Z,2026-04-24T10:32:32.000Z,80.1,-80.8,76.6,-3.5,0,0.1,4685,4677.21,4688.66,4677.39,SELL,USD,1,1,1583663
D#1702403,XAUUSD,100,7349874591907376411,7349874591887323820,7349874591975487161,7349874591975487112,199,2026-04-24T10:29:40.000Z,2026-04-24T10:32:59.000Z,94.64,-95.62,89.74,-4.9,0,0.14,4683.26,4676.72,,4676.94,SELL,USD,1,1,1583663
D#1702351,XAUUSD,100,7349874591907376439,7349874591887321467,7349874591975488194,7349874591975462063,6785,2026-04-24T08:40:06.000Z,2026-04-24T10:33:11.000Z,-85.89,85.4,-88.35,-2.46,0,0.07,4689.07,4676.58,4665.79,4706.1,BUY,USD,1,1,1583663
D#1702371,XAUUSD,100,7349874591907376464,7349874591887322820,7349874591975474947,7349874591975474471,3524,2026-04-24T09:34:34.000Z,2026-04-24T10:33:18.000Z,115.2,-116.25,109.94,-5.26,0,0.15,4683.37,4675.91,,4676.12,SELL,USD,1,1,1583663
D#1702582,XAUUSD,100,7349874591907376465,7349874591887323051,7349874591975477638,7349874591975477425,2916,2026-04-24T09:44:42.000Z,2026-04-24T10:33:18.000Z,94.3,-95.0,90.8,-3.5,0,0.1,4685.12,4675.91,4689.95,4676.05,SELL,USD,1,1,1583663
D#1702385,XAUUSD,100,7349874591907376469,7349874591887323257,7349874591975479719,7349874591975479717,2322,2026-04-24T09:54:36.000Z,2026-04-24T10:33:18.000Z,-49.92,49.36,-52.72,-2.8,0,0.08,4682.14,4675.68,4675.76,4696.86,BUY,USD,1,1,1583663
D#1702729,XAUUSD,100,7349874591907376470,7349874591887323939,7349874591975488228,7349874591975488102,23,2026-04-24T10:32:55.000Z,2026-04-24T10:33:18.000Z,76.5,-80.0,59,-17.5,0,0.5,4677.17,4675.86,,4676.05,SELL,USD,1,1,1583663
D#1702533,XAUUSD,100,7349874591907376477,7349874591887323911,7349874591975488272,7349874591975487847,75,2026-04-24T10:32:05.000Z,2026-04-24T10:33:20.000Z,72,-73.75,63.24,-8.76,0,0.25,4678.49,4675.83,,4675.4,SELL,USD,1,1,1583663
D#1614623,XAUUSD,100,7349874591907376486,7349874591887322804,7349874591975488305,7349874591975474774,3570,2026-04-24T09:33:58.000Z,2026-04-24T10:33:28.000Z,80.2,-81.6,73.2,-7,0,0.2,4680.19,4676.4,4682.5,4675.35,SELL,USD,1,1,1583663
D#1702689,XAUUSD,100,7349874591907376561,7349874591887323029,7349874591975488668,7349874591975477183,3081,2026-04-24T09:43:38.000Z,2026-04-24T10:34:59.000Z,20.34,-20.48,19.64,-0.7,0,0.02,4685.4,4675.45,4692.37,4670.01,SELL,USD,1,1,1583663
D#1671066,XAUUSD,100,7349874591907376615,7349874591887323909,7349874591975488794,7349874591975487838,202,2026-04-24T10:32:03.000Z,2026-04-24T10:35:25.000Z,33.4,-34.8,26.4,-7,0,0.2,4677.85,4676.4,4679.99,4672.94,SELL,USD,1,1,1583663
D#1702393,XAUUSD,100,7349874591907376720,7349874591887321517,7349874591975462914,7349874591975462663,6894,2026-04-24T08:42:18.000Z,2026-04-24T10:37:12.000Z,-114.2,113.5,-117.7,-3.5,0,0.1,4688.8,4677.16,4675,4710,BUY,USD,1,1,1583663
D#1702385,XAUUSD,100,7349874591907376768,7349874591887324079,7349874591975489335,7349874591975489120,51,2026-04-24T10:37:15.000Z,2026-04-24T10:38:06.000Z,9.04,-9.6,6.24,-2.8,0,0.08,4677.36,4678.27,4670.8,4691.89,BUY,USD,1,1,1583663
D#1702498,XAUUSD,100,7349874591907376769,7349874591887320697,7349874591975489340,7349874591975454041,8666,2026-04-24T08:13:41.000Z,2026-04-24T10:38:07.000Z,90,-90.7,86.5,-3.5,0,0.1,4687.16,4678.38,,,SELL,USD,1,1,1583663
D#1702592,XAUUSD,100,7349874591907376790,7349874591887323884,7349874591975489489,7349874591975487651,437,2026-04-24T10:31:31.000Z,2026-04-24T10:38:48.000Z,6.16,-7.14,1.26,-4.9,0,0.14,4678.62,4678.4,4680.21,4671.83,SELL,USD,1,1,1583663
D#1702592,XAUUSD,100,7349874591907376894,7349874591887324128,7349874591975489717,7349874591975489589,109,2026-04-24T10:39:16.000Z,2026-04-24T10:41:05.000Z,-30.2,28.8,-37.2,-7,0,0.2,4677.63,4679.36,4679.23,4672,SELL,USD,1,1,1583663
D#1702729,XAUUSD,100,7349874591907376899,7349874591887324107,7349874591975489979,7349874591975489334,184,2026-04-24T10:38:06.000Z,2026-04-24T10:41:10.000Z,12.5,-14.25,3.74,-8.76,0,0.25,4678.39,4678.67,4675.63,4680.31,BUY,USD,1,1,1583663
D#1702498,XAUUSD,100,7349874591907376964,7349874591887324164,7349874591975490301,7349874591975489988,75,2026-04-24T10:41:14.000Z,2026-04-24T10:42:29.000Z,27.2,-28.6,20.2,-7,0,0.2,4678.88,4680.02,,,BUY,USD,1,1,1583663
D#1671065,XAUUSD,100,7349874591907376978,7349874591887323855,7349874591975490351,7349874591975487443,704,2026-04-24T10:30:57.000Z,2026-04-24T10:42:41.000Z,47.66,-48.36,44.16,-3.5,0,0.1,4680.57,4680.32,4682.68,,SELL,USD,1,1,1583663
D#1702371,XAUUSD,100,7349874591907377168,7349874591887324218,7349874591975491271,7349874591975490548,168,2026-04-24T10:43:26.000Z,2026-04-24T10:46:14.000Z,-1.66,1.59,-2.02,-0.36,0,0.01,4681.08,4679.2,4677.33,4683.15,BUY,USD,1,1,1583663
D#1702415,XAUUSD,100,7349874591907377202,7349874591887324286,7349874591975491578,7349874591975491082,129,2026-04-24T10:45:35.000Z,2026-04-24T10:47:44.000Z,19.4,-20.8,12.4,-7,0,0.2,4678.12,4678.87,,,BUY,USD,1,1,1583663
D#1702371,XAUUSD,100,7349874591907377232,7349874591887324305,7349874591975491835,7349874591975491289,175,2026-04-24T10:46:19.000Z,2026-04-24T10:49:14.000Z,-0.3,0.23,-0.66,-0.36,0,0.01,4679.37,4678.85,4675.82,,BUY,USD,1,1,1583663
D#1702621,XAUUSD,100,7349874591907377252,7349874591887323080,7349874591975492189,7349874591975477744,3839,2026-04-24T09:45:59.000Z,2026-04-24T10:49:58.000Z,45.22,-45.71,42.76,-2.46,0,0.07,4685.99,4679.75,4700.76,4669.27,SELL,USD,1,1,1583663
D#1671065,XAUUSD,100,7349874591907377260,7349874591887324273,7349874591975492231,7349874591975490997,288,2026-04-24T10:45:19.000Z,2026-04-24T10:50:07.000Z,-9.6,8.9,-13.1,-3.5,0,0.1,4678.96,4680.14,4682.48,4660.18,SELL,USD,1,1,1583663
D#1671066,XAUUSD,100,7349874591907377272,7349874591887324331,7349874591975492137,7349874591975491688,117,2026-04-24T10:48:24.000Z,2026-04-24T10:50:21.000Z,-36.4,35.0,-43.4,-7,0,0.2,4678.37,4680.41,4680.22,4675.01,SELL,USD,1,1,1583663
D#1702667,XAUUSD,100,7349874591907377540,7349874591887323362,7349874591975493668,7349874591975481024,3398,2026-04-24T10:00:30.000Z,2026-04-24T10:57:08.000Z,53.6,-54.3,50.1,-3.5,0,0.1,4684.17,4679.03,4999.28,4674.09,SELL,USD,1,1,1583663
D#1671065,XAUUSD,100,7349874591907377544,7349874591887324492,7349874591975493562,7349874591975493498,56,2026-04-24T10:56:21.000Z,2026-04-24T10:57:17.000Z,-15.8,15.1,-19.3,-3.5,0,0.1,4677.42,4679.22,4679.06,4672.19,SELL,USD,1,1,1583663
D#1702729,XAUUSD,100,7349874591907377719,7349874591887324173,7349874591975494484,7349874591975490086,1143,2026-04-24T10:41:40.000Z,2026-04-24T11:00:43.000Z,-27,25.25,-35.76,-8.76,0,0.25,4678.64,4679.94,4686.36,4675.05,SELL,USD,1,1,1583663
D#1671066,XAUUSD,100,7349874591907377721,7349874591887324408,7349874591975492825,7349874591975492746,484,2026-04-24T10:52:39.000Z,2026-04-24T11:00:43.000Z,-21.6,20.2,-28.6,-7,0,0.2,4679.19,4680.49,4680.12,4675,SELL,USD,1,1,1583663
D#1702713,XAUUSD,100,7349874591907377748,7349874591887324435,7349874591975493151,7349874591975492987,414,2026-04-24T10:54:04.000Z,2026-04-24T11:00:58.000Z,-54.84,54.0,-59.04,-4.2,0,0.12,4676.99,4681.78,4681.61,4666.72,SELL,USD,1,1,1583663
D#1702490,XAUUSD,100,7349874591907377751,7349874591887324157,7349874591975490016,7349874591975489932,1199,2026-04-24T10:41:00.000Z,2026-04-24T11:00:59.000Z,-30.5,29.8,-34,-3.5,0,0.1,4678.55,4681.82,4681.71,4670.8,SELL,USD,1,1,1583663
D#1702530,XAUUSD,100,7349874591907377812,7349874591887324421,7349874591975492941,7349874591975492868,501,2026-04-24T10:53:30.000Z,2026-04-24T11:01:51.000Z,-31.85,31.36,-34.31,-2.46,0,0.07,4677.71,4682.48,4682.01,4666.98,SELL,USD,1,1,1583663
D#1702729,XAUUSD,100,7349874591907377839,7349874591887324595,7349874591975494561,7349874591975494497,70,2026-04-24T11:00:44.000Z,2026-04-24T11:01:54.000Z,97,-98.75,88.24,-8.76,0,0.25,4679.94,4683.6,4680.3,4683.73,BUY,USD,1,1,1583663
D#1702592,XAUUSD,100,7349874591907377861,7349874591887324320,7349874591975491468,7349874591975491465,894,2026-04-24T10:47:09.000Z,2026-04-24T11:02:03.000Z,98.2,-99.6,91.2,-7,0,0.2,4679.35,4684.04,4675.8,4684.28,BUY,USD,1,1,1583663
D#1702498,XAUUSD,100,7349874591907377882,7349874591887324213,7349874591975495074,7349874591975490524,1148,2026-04-24T10:43:22.000Z,2026-04-24T11:02:30.000Z,20,-21.4,13,-7,0,0.2,4680.96,4681.74,,,BUY,USD,1,1,1583663
D#1702483,XAUUSD,100,7349874591907378000,7349874591887324673,7349874591975495386,7349874591975495273,100,2026-04-24T11:03:11.000Z,2026-04-24T11:04:51.000Z,124.5,-126.6,114,-10.5,0,0.3,4681.65,4685.58,,4684.07,BUY,USD,1,1,1583663
D#1702582,XAUUSD,100,7349874591907378025,7349874591887324232,7349874591975491853,7349874591975490641,1272,2026-04-24T10:43:40.000Z,2026-04-24T11:04:52.000Z,67.4,-68.1,63.9,-3.5,0,0.1,4680.68,4687.2,,4685.66,BUY,USD,1,1,1583663
D#1670982,XAUUSD,100,7349874591907378058,7349874591887324641,7349874591975494914,7349874591975490697,172,2026-04-24T11:02:00.000Z,2026-04-24T11:04:52.000Z,-70.6,69.2,-77.6,-7,0,0.2,4683.81,4687.56,4687.25,4678.39,SELL,USD,1,1,1583663
D#1702667,XAUUSD,100,7349874591907378187,7349874591887324520,7349874591975494602,7349874591975493831,417,2026-04-24T10:57:56.000Z,2026-04-24T11:04:53.000Z,89.8,-90.5,86.3,-3.5,0,0.1,4679.35,4688.11,4600.45,4688.95,BUY,USD,1,1,1583663
D#1702711,XAUUSD,100,7349874591907378247,7349874591887323089,7349874591975478042,7349874591975477787,4727,2026-04-24T09:46:10.000Z,2026-04-24T11:04:57.000Z,-80.75,79.56,-86.71,-5.96,0,0.17,4685.79,4690.76,4690.16,4666,SELL,USD,1,1,1583663
D#1702726,XAUUSD,100,7349874591907378246,7349874591887323874,7349874591975487575,7349874591975487572,2016,2026-04-24T10:31:21.000Z,2026-04-24T11:04:57.000Z,136.08,-136.92,131.88,-4.2,0,0.12,4679.4,4690.52,,4690,BUY,USD,1,1,1583663
D#1702706,XAUUSD,100,7349874591907378244,7349874591887324198,7349874591975490342,7349874591975490340,1337,2026-04-24T10:42:40.000Z,2026-04-24T11:04:57.000Z,123.36,-124.2,119.16,-4.2,0,0.12,4680.46,4690.52,,4690,BUY,USD,1,1,1583663
D#1671066,XAUUSD,100,7349874591907378261,7349874591887324669,7349874591975496036,7349874591975495254,111,2026-04-24T11:03:07.000Z,2026-04-24T11:04:58.000Z,-165.4,164.0,-172.4,-7,0,0.2,4681.85,4690.34,,4679.55,SELL,USD,1,1,1583663
D#1670936,XAUUSD,100,7349874591907378349,7349874591887323544,7349874591975483784,7349874591975483782,3040,2026-04-24T10:14:23.000Z,2026-04-24T11:05:03.000Z,-105.5,104.8,-109,-3.5,0,0.1,4681.35,4692.12,4691.69,4670.39,SELL,USD,1,1,1583663
D#1670868,XAUUSD,100,7349874591907378361,7349874591887323918,7349874591975489046,7349874591975487876,1974,2026-04-24T10:32:10.000Z,2026-04-24T11:05:04.000Z,138.2,-138.9,134.7,-3.5,0,0.1,4678.42,4692.02,4674.45,4692.17,BUY,USD,1,1,1583663
D#1702533,XAUUSD,100,7349874591907378427,7349874591887323970,7349874591975496218,7349874591975488284,1907,2026-04-24T10:33:24.000Z,2026-04-24T11:05:11.000Z,-463.75,462.0,-472.51,-8.76,0,0.25,4675.83,4694.6,,4672.74,SELL,USD,1,1,1583663
D#1702385,XAUUSD,100,7349874591907378437,7349874591887324197,7349874591975490336,7349874591975490332,1353,2026-04-24T10:42:39.000Z,2026-04-24T11:05:12.000Z,125.52,-126.08,122.72,-2.8,0,0.08,4680.51,4695.98,4673.62,4694.82,BUY,USD,1,1,1583663
D#1702403,XAUUSD,100,7349874591907378481,7349874591887324133,7349874591975496307,7349874591975489673,1543,2026-04-24T10:39:38.000Z,2026-04-24T11:05:21.000Z,-251.68,250.56,-257.28,-5.6,0,0.16,4677.44,4693.39,,4671.92,SELL,USD,1,1,1583663
D#1702371,XAUUSD,100,7349874591907378479,7349874591887324632,7349874591975496302,7349874591975492316,210,2026-04-24T11:01:51.000Z,2026-04-24T11:05:21.000Z,-218.6,217.2,-225.6,-7,0,0.2,4682.31,4693.46,,4671.08,SELL,USD,1,1,1583663
D#1671066,XAUUSD,100,7349874591907378582,7349874591887324793,7349874591975496669,7349874591975496206,61,2026-04-24T11:05:10.000Z,2026-04-24T11:06:11.000Z,-118,116.6,-125,-7,0,0.2,4694.57,4688.45,,,BUY,USD,1,1,1583663
D#1671053,XAUUSD,100,7349874591907378613,7349874591887321170,7349874591975496885,7349874591975458664,9533,2026-04-24T08:27:52.000Z,2026-04-24T11:06:45.000Z,-1.6,1.25,-3.36,-1.76,0,0.05,4690.2,4690.74,4697.35,4607.75,SELL,USD,1,1,1583663
D#1702631,XAUUSD,100,7349874591907378651,7349874591887323673,7349874591975497047,7349874591975485631,2608,2026-04-24T10:23:40.000Z,2026-04-24T11:07:08.000Z,102.5,-103.2,99,-3.5,0,0.1,4681.14,4691.17,4669.92,4698.68,BUY,USD,1,1,1583663
D#1589450,XAUUSD,100,7349874591907378765,7349874591887321880,7349874591975466213,7349874591975466088,7925,2026-04-24T08:55:22.000Z,2026-04-24T11:07:27.000Z,-24.09,23.88,-25.15,-1.06,0,0.03,4689.92,4698.17,4697.24,4637.29,SELL,USD,1,1,1583663
D#1702592,XAUUSD,100,7349874591907378818,7349874591887324800,7349874591975496782,7349874591975496253,134,2026-04-24T11:05:14.000Z,2026-04-24T11:07:28.000Z,76.6,-78.0,69.6,-7,0,0.2,4695.33,4698.94,4674.91,4698.9,BUY,USD,1,1,1583663
D#1702568,XAUUSD,100,7349874591907378905,7349874591887319021,7349874591975497356,7349874591975438200,14216,2026-04-24T07:10:44.000Z,2026-04-24T11:07:40.000Z,-214.2,213.5,-217.7,-3.5,0,0.1,4678.76,4700.4,,,SELL,USD,1,1,1583663
D#1702587,XAUUSD,100,7349874591907378909,7349874591887322478,7349874591975497360,7349874591975471737,6338,2026-04-24T09:22:02.000Z,2026-04-24T11:07:40.000Z,182,-183.4,175,-7,0,0.2,4691.61,4700.49,,,BUY,USD,1,1,1583663
D#1702711,XAUUSD,100,7349874591907378935,7349874591887324898,7349874591975497364,7349874591975496994,41,2026-04-24T11:07:00.000Z,2026-04-24T11:07:41.000Z,-146.37,145.18,-152.33,-5.96,0,0.17,4691.62,4700.45,,,SELL,USD,1,1,1583663
D#1702676,XAUUSD,100,7349874591907378975,7349874591887320250,7349874591975449607,7349874591975449518,11403,2026-04-24T07:57:41.000Z,2026-04-24T11:07:44.000Z,141.84,-142.68,137.64,-4.2,0,0.12,4690.88,4702.48,,4701,BUY,USD,1,1,1583663
D#1702415,XAUUSD,100,7349874591907379078,7349874591887324974,7349874591975497553,7349874591975497427,16,2026-04-24T11:07:45.000Z,2026-04-24T11:08:01.000Z,14,-15.4,7,-7,0,0.2,4702.33,4702.81,,,BUY,USD,1,1,1583663
D#1702692,XAUUSD,100,7349874591907379084,7349874591887323539,7349874591975497564,7349874591975483686,3250,2026-04-24T10:13:53.000Z,2026-04-24T11:08:03.000Z,-21.11,21.04,-21.47,-0.36,0,0.01,4681.38,4702.71,,,SELL,USD,1,1,1583663
D#1670982,XAUUSD,100,7349874591907379097,7349874591887324926,7349874591975497605,7349874591975497207,40,2026-04-24T11:07:27.000Z,2026-04-24T11:08:07.000Z,88.6,-90.0,81.6,-7,0,0.2,4698.49,4702.7,,,BUY,USD,1,1,1583663
D#1702698,XAUUSD,100,7349874591907379102,7349874591887323927,7349874591975497621,7349874591975486995,2139,2026-04-24T10:32:32.000Z,2026-04-24T11:08:11.000Z,255.8,-256.5,252.3,-3.5,0,0.1,4677.21,4702.57,4666,4722,BUY,USD,1,1,1583663
D#1702692,XAUUSD,100,7349874591907379216,7349874591887325013,7349874591975497988,7349874591975497747,47,2026-04-24T11:08:29.000Z,2026-04-24T11:09:16.000Z,-56.6,55.2,-63.6,-7,0,0.2,4697.14,4700.19,4700.47,,SELL,USD,1,1,1583663
D#1702504,XAUUSD,100,7349874591907379491,7349874591887320410,7349874591975499864,7349874591975451233,11445,2026-04-24T08:02:33.000Z,2026-04-24T11:13:18.000Z,86.1,-86.8,82.6,-3.5,0,0.1,4689.2,4697.59,,,BUY,USD,1,1,1583663
D#1702625,XAUUSD,100,7349874591907379617,7349874591887325266,7349874591975500564,7349874591975500489,44,2026-04-24T11:15:11.000Z,2026-04-24T11:15:55.000Z,77.6,-79.0,70.6,-7,0,0.2,4696.78,4700.44,,4700.44,BUY,USD,1,1,1583663
D#1702640,XAUUSD,100,7349874591907379669,7349874591887325270,7349874591975500938,7349874591975500472,69,2026-04-24T11:15:22.000Z,2026-04-24T11:16:31.000Z,25.8,-27.9,15.3,-10.5,0,0.3,4697.69,4697.05,,4693.61,SELL,USD,1,1,1583663
D#1702713,XAUUSD,100,7349874591907379682,7349874591887324823,7349874591975501049,7349874591975496425,673,2026-04-24T11:05:39.000Z,2026-04-24T11:16:52.000Z,47.52,-48.36,43.32,-4.2,0,0.12,4691.66,4695.4,,4739.37,BUY,USD,1,1,1583663
D#1702504,XAUUSD,100,7349874591907379807,7349874591887325349,7349874591975501753,7349874591975501186,104,2026-04-24T11:17:15.000Z,2026-04-24T11:18:59.000Z,114,-117.5,96.5,-17.5,0,0.5,4696.14,4694.08,,,SELL,USD,1,1,1583663
D#1702729,XAUUSD,100,7349874591907379838,7349874591887325233,7349874591975500252,7349874591975500042,345,2026-04-24T11:13:51.000Z,2026-04-24T11:19:36.000Z,22.4,-23.1,18.9,-3.5,0,0.1,4697.05,4695.03,4694.49,4690.07,SELL,USD,1,1,1583663
D#1702726,XAUUSD,100,7349874591907379841,7349874591887325250,7349874591975501955,7349874591975500367,284,2026-04-24T11:14:54.000Z,2026-04-24T11:19:38.000Z,-1.72,1.65,-2.08,-0.36,0,0.01,4697.36,4695.42,,,BUY,USD,1,1,1583663
D#1702729,XAUUSD,100,7349874591907379913,7349874591887325419,7349874591975502091,7349874591975501976,71,2026-04-24T11:19:41.000Z,2026-04-24T11:20:52.000Z,-23.3,22.6,-26.8,-3.5,0,0.1,4696.15,4693.6,4693.63,,BUY,USD,1,1,1583663
D#1702504,XAUUSD,100,7349874591907379916,7349874591887325414,7349874591975502380,7349874591975501958,76,2026-04-24T11:19:38.000Z,2026-04-24T11:20:54.000Z,-83,79.5,-100.5,-17.5,0,0.5,4695.5,4693.62,,,BUY,USD,1,1,1583663
D#1702640,XAUUSD,100,7349874591907379930,7349874591887325417,7349874591975501965,7349874591975501956,104,2026-04-24T11:19:39.000Z,2026-04-24T11:21:23.000Z,143.08,-146.51,125.92,-17.16,0,0.49,4695.86,4693.16,,4693.35,SELL,USD,1,1,1583663
D#1645648,XAUUSD,100,7349874591907380014,7349874591887325404,7349874591975502246,7349874591975501821,156,2026-04-24T11:19:10.000Z,2026-04-24T11:21:46.000Z,-80,79.3,-83.5,-3.5,0,0.1,4693.49,4701.71,4701.5,4686,SELL,USD,1,1,1583663
D#1702729,XAUUSD,100,7349874591907380035,7349874591887325465,7349874591975502668,7349874591975502512,23,2026-04-24T11:21:24.000Z,2026-04-24T11:21:47.000Z,-267.3,265.2,-277.8,-10.5,0,0.3,4692.98,4702.11,,,SELL,USD,1,1,1583663
D#1702415,XAUUSD,100,7349874591907380073,7349874591887325066,7349874591975502757,7349874591975498079,764,2026-04-24T11:09:14.000Z,2026-04-24T11:21:58.000Z,25.6,-27.0,18.6,-7,0,0.2,4698.55,4699.61,,,BUY,USD,1,1,1583663
D#1702733,XAUUSD,100,7349874591907380144,7349874591887325307,7349874591975502365,7349874591975500846,365,2026-04-24T11:16:16.000Z,2026-04-24T11:22:21.000Z,-136.4,135.0,-143.4,-7,0,0.2,4697.65,4704.69,4703.78,,SELL,USD,1,1,1583663
D#1702495,XAUUSD,100,7349874591907380246,7349874591887325415,7349874591975503105,7349874591975501960,182,2026-04-24T11:19:38.000Z,2026-04-24T11:22:40.000Z,-198.8,197.4,-205.8,-7,0,0.2,4695.36,4705.52,,4688.47,SELL,USD,1,1,1583663
D#1702544,XAUUSD,100,7349874591907380271,7349874591887323166,7349874591975503187,7349874591975478722,5535,2026-04-24T09:50:35.000Z,2026-04-24T11:22:50.000Z,-203.9,203.2,-207.4,-3.5,0,0.1,4684.18,4704.79,,4670.33,SELL,USD,1,1,1583663
D#1702555,XAUUSD,100,7349874591907380404,7349874591887324264,7349874591975503592,7349874591975490944,2318,2026-04-24T10:45:02.000Z,2026-04-24T11:23:40.000Z,-344.52,343.68,-348.72,-4.2,0,0.12,4679.1,4708.03,,4669.42,SELL,USD,1,1,1583663
D#1702592,XAUUSD,100,7349874591907380422,7349874591887324992,7349874591975497567,7349874591975497563,941,2026-04-24T11:08:03.000Z,2026-04-24T11:23:44.000Z,117.8,-119.2,110.8,-7,0,0.2,4702.71,4708.38,4683.58,4708.38,BUY,USD,1,1,1583663
D#1670975,XAUUSD,100,7349874591907380455,7349874591887325616,7349874591975503729,7349874591975503372,44,2026-04-24T11:23:12.000Z,2026-04-24T11:23:56.000Z,87.6,-89.7,77.1,-10.5,0,0.3,4705.31,4708.01,,,BUY,USD,1,1,1583663
D#1671065,XAUUSD,100,7349874591907380469,7349874591887324660,7349874591975503780,7349874591975495110,1287,2026-04-24T11:02:36.000Z,2026-04-24T11:24:03.000Z,129.9,-130.6,126.39,-3.51,0,0.1,4682.99,4706.79,4684.04,,BUY,USD,1,1,1583663
D#1702671,XAUUSD,100,7349874591907380542,7349874591887316394,7349874591975418336,7349874591975417610,19786,2026-04-24T05:54:45.000Z,2026-04-24T11:24:31.000Z,270.3,-271.0,266.8,-3.5,0,0.1,4684.52,4711.33,4665.41,4710.48,BUY,USD,1,1,1583663
D#1589450,XAUUSD,100,7349874591907380541,7349874591887325140,7349874591975499317,7349874591975498748,818,2026-04-24T11:10:53.000Z,2026-04-24T11:24:31.000Z,-49.52,49.24,-50.92,-1.4,0,0.04,4698.96,4711.56,4710.98,4629.37,SELL,USD,1,1,1583663
D#1702383,XAUUSD,100,7349874591907380538,7349874591887325547,7349874591975502945,7349874591975439282,130,2026-04-24T11:22:21.000Z,2026-04-24T11:24:31.000Z,-25.92,25.64,-27.32,-1.4,0,0.04,4704.86,4711.56,4710.07,4664.06,SELL,USD,1,1,1583663
D#1702680,XAUUSD,100,7349874591907380575,7349874591887325685,7349874591975504015,7349874591975503896,17,2026-04-24T11:24:19.000Z,2026-04-24T11:24:36.000Z,8.1,-8.45,6.34,-1.76,0,0.05,4708.74,4710.14,,,BUY,USD,1,1,1583663
D#1670914,XAUUSD,100,7349874591907380648,7349874591887325684,7349874591975504018,7349874591975503893,47,2026-04-24T11:24:19.000Z,2026-04-24T11:25:06.000Z,99.9,-102.0,89.4,-10.5,0,0.3,4707.98,4711.09,4701.4,4711.43,BUY,USD,1,1,1583663
D#1702504,XAUUSD,100,7349874591907380714,7349874591887325630,7349874591975504516,7349874591975503473,139,2026-04-24T11:23:24.000Z,2026-04-24T11:25:43.000Z,5,-8.5,-12.5,-17.5,0,0.5,4707.73,4707.61,,,BUY,USD,1,1,1583663
D#1702640,XAUUSD,100,7349874591907380715,7349874591887325735,7349874591975504204,7349874591975504082,43,2026-04-24T11:25:00.000Z,2026-04-24T11:25:43.000Z,116.1,-119.25,100.34,-15.76,0,0.45,4710.29,4707.93,,4707.75,SELL,USD,1,1,1583663
D#1702504,XAUUSD,100,7349874591907380831,7349874591887325785,7349874591975504923,7349874591975504602,47,2026-04-24T11:25:53.000Z,2026-04-24T11:26:40.000Z,-86.5,83.0,-104,-17.5,0,0.5,4707.12,4709.07,,,SELL,USD,1,1,1583663
D#1702391,XAUUSD,100,7349874591907380916,7349874591887324005,7349874591975505158,7349874591975488657,3134,2026-04-24T10:34:56.000Z,2026-04-24T11:27:10.000Z,-455.28,454.44,-459.48,-4.2,0,0.12,4675.35,4713.51,,4665.25,SELL,USD,1,1,1583663
D#1702680,XAUUSD,100,7349874591907380930,7349874591887325736,7349874591975505235,7349874591975504198,142,2026-04-24T11:25:00.000Z,2026-04-24T11:27:22.000Z,3.45,-3.52,3.09,-0.36,0,0.01,4710.46,4713.69,,,BUY,USD,1,1,1583663
D#1702463,XAUUSD,100,7349874591907380986,7349874591887325376,7349874591975501604,7349874591975501506,584,2026-04-24T11:18:12.000Z,2026-04-24T11:27:56.000Z,125.4,-125.82,123.3,-2.1,0,0.06,4694.39,4715.07,4688.57,4714.62,BUY,USD,1,1,1583663
D#1589450,XAUUSD,100,7349874591907381014,7349874591887325721,7349874591975505773,7349874591975504168,191,2026-04-24T11:24:56.000Z,2026-04-24T11:28:07.000Z,-32.68,32.4,-34.08,-1.4,0,0.04,4706.6,4714.99,4728.17,4637.29,SELL,USD,1,1,1583663
D#1702706,XAUUSD,100,7349874591907381051,7349874591887325686,7349874591975503913,7349874591975503911,242,2026-04-24T11:24:22.000Z,2026-04-24T11:28:24.000Z,105.24,-106.08,101.04,-4.2,0,0.12,4708.49,4717.04,,4717,BUY,USD,1,1,1583663
D#1702640,XAUUSD,100,7349874591907381341,7349874591887325971,7349874591975506903,7349874591975506254,52,2026-04-24T11:29:55.000Z,2026-04-24T11:30:47.000Z,85.05,-88.2,69.29,-15.76,0,0.45,4714.76,4713.09,,4712.6,SELL,USD,1,1,1583663
D#1702432,XAUUSD,100,7349874591907381462,7349874591887321448,7349874591975507514,7349874591975461844,10380,2026-04-24T08:39:21.000Z,2026-04-24T11:32:21.000Z,185.36,-185.85,182.9,-2.46,0,0.07,4689.15,4715.41,,,BUY,USD,1,1,1583663
D#1702640,XAUUSD,100,7349874591907381552,7349874591887326043,7349874591975507934,7349874591975507045,138,2026-04-24T11:31:08.000Z,2026-04-24T11:33:26.000Z,-93.6,90.45,-109.36,-15.76,0,0.45,4710.36,4712.66,,4708.99,SELL,USD,1,1,1583663
D#1671053,XAUUSD,100,7349874591907381603,7349874591887324957,7349874591975507974,7349874591975497355,1603,2026-04-24T11:07:40.000Z,2026-04-24T11:34:23.000Z,66.9,-67.25,65.14,-1.76,0,0.05,4700.4,4713.56,,4713.86,BUY,USD,1,1,1583663
D#1702625,XAUUSD,100,7349874591907381725,7349874591887326200,7349874591975508583,7349874591975508482,45,2026-04-24T11:35:03.000Z,2026-04-24T11:35:48.000Z,82.4,-83.8,75.4,-7,0,0.2,4713.23,4709.33,,4709.31,SELL,USD,1,1,1583663
D#1702463,XAUUSD,100,7349874591907381835,7349874591887326072,7349874591975507421,7349874591975507309,348,2026-04-24T11:31:50.000Z,2026-04-24T11:37:38.000Z,-34.02,33.6,-36.12,-2.1,0,0.06,4712.81,4706.92,4707.23,4734.4,BUY,USD,1,1,1583663
D#1702696,XAUUSD,100,7349874591907381869,7349874591887316356,7349874591975509510,7349874591975417382,20720,2026-04-24T05:52:36.000Z,2026-04-24T11:37:56.000Z,76.2,-76.41,75.14,-1.06,0,0.03,4682.03,4707.21,4653.81,4720.27,BUY,USD,1,1,1583663
D#1702640,XAUUSD,100,7349874591907381976,7349874591887326306,7349874591975510224,7349874591975509411,152,2026-04-24T11:37:40.000Z,2026-04-24T11:40:12.000Z,16.65,-19.8,0.89,-15.76,0,0.45,4706.99,4707.14,,4709.13,BUY,USD,1,1,1583663
D#1671069,XAUUSD,100,7349874591907382009,7349874591887310013,7349874591975510364,7349874591975365266,37068,2026-04-24T01:22:50.000Z,2026-04-24T11:40:38.000Z,4.57,-4.64,4.21,-0.36,0,0.01,4702.81,4707.16,,,BUY,USD,1,1,1583663
D#1702640,XAUUSD,100,7349874591907382143,7349874591887326440,7349874591975511090,7349874591975510516,99,2026-04-24T11:41:27.000Z,2026-04-24T11:43:06.000Z,68.85,-72.0,53.09,-15.76,0,0.45,4708.67,4707.36,,4706.36,SELL,USD,1,1,1583663
D#1702621,XAUUSD,100,7349874591907382155,7349874591887325799,7349874591975511133,7349874591975504736,1022,2026-04-24T11:26:13.000Z,2026-04-24T11:43:15.000Z,-18.13,17.64,-20.59,-2.46,0,0.07,4710.08,4707.27,4695.37,4726.96,BUY,USD,1,1,1583663
D#1702671,XAUUSD,100,7349874591907382257,7349874591887325836,7349874591975511581,7349874591975505046,1074,2026-04-24T11:26:57.000Z,2026-04-24T11:44:51.000Z,152.8,-154.2,145.8,-7,0,0.2,4712.82,4705.4,4722,4703.15,SELL,USD,1,1,1583663
D#1702706,XAUUSD,100,7349874591907382275,7349874591887326411,7349874591975511677,7349874591975510407,264,2026-04-24T11:40:43.000Z,2026-04-24T11:45:07.000Z,-2.92,2.85,-3.28,-0.36,0,0.01,4707.77,4704.63,,,BUY,USD,1,1,1583663
D#1702706,XAUUSD,100,7349874591907382322,7349874591887326553,7349874591975511984,7349874591975511861,21,2026-04-24T11:45:42.000Z,2026-04-24T11:46:03.000Z,-1.16,1.09,-1.52,-0.36,0,0.01,4705.8,4704.42,,4715,BUY,USD,1,1,1583663
D#1702676,XAUUSD,100,7349874591907382368,7349874591887325842,7349874591975505382,7349874591975505073,1211,2026-04-24T11:26:59.000Z,2026-04-24T11:47:10.000Z,120.84,-121.68,116.64,-4.2,0,0.12,4712.91,4703.06,,4703,SELL,USD,1,1,1583663
D#1702563,XAUUSD,100,7349874591907382436,7349874591887326302,7349874591975512828,7349874591975509409,677,2026-04-24T11:37:39.000Z,2026-04-24T11:48:56.000Z,-120,116.5,-137.5,-17.5,0,0.5,4706.96,4704.34,,,BUY,USD,1,1,1583663
D#1702625,XAUUSD,100,7349874591907382918,7349874591887326704,7349874591975513836,7349874591975513722,395,2026-04-24T11:52:11.000Z,2026-04-24T11:58:46.000Z,30.2,-31.6,23.2,-7,0,0.2,4707.02,4708.31,,4708.29,BUY,USD,1,1,1583663
D#1670975,XAUUSD,100,7349874591907383449,7349874591887327140,7349874591975518342,7349874591975518247,53,2026-04-24T12:06:01.000Z,2026-04-24T12:06:54.000Z,81.3,-83.4,70.8,-10.5,0,0.3,4706.34,4703.85,,4703.81,SELL,USD,1,1,1583663
D#1702680,XAUUSD,100,7349874591907383757,7349874591887325868,7349874591975520308,7349874591975505270,2728,2026-04-24T11:27:26.000Z,2026-04-24T12:12:54.000Z,-61.8,61.1,-65.3,-3.5,0,0.1,4714.18,4707.78,,,BUY,USD,1,1,1583663
D#1670872,XAUUSD,100,7349874591907383788,7349874591887327258,7349874591975519442,7349874591975519440,192,2026-04-24T12:09:56.000Z,2026-04-24T12:13:08.000Z,22.6,-22.95,20.84,-1.76,0,0.05,4705.63,4709.93,,4710.19,BUY,USD,1,1,1583663
D#1702528,XAUUSD,100,7349874591907383997,7349874591887326894,7349874591975521495,7349874591975515691,1059,2026-04-24T11:58:46.000Z,2026-04-24T12:16:25.000Z,12.2,-12.9,8.7,-3.5,0,0.1,4708.32,4709.32,,,BUY,USD,1,1,1583663
D#1702341,XAUUSD,100,7349874591907384006,7349874591887326915,7349874591975521546,7349874591975515870,1037,2026-04-24T11:59:18.000Z,2026-04-24T12:16:35.000Z,6.36,-6.57,5.3,-1.06,0,0.03,4707.86,4709.76,,,BUY,USD,1,1,1583663
D#1702706,XAUUSD,100,7349874591907384068,7349874591887326567,7349874591975521807,7349874591975512142,1848,2026-04-24T11:46:32.000Z,2026-04-24T12:17:20.000Z,66.72,-67.56,62.52,-4.2,0,0.12,4705.12,4710.46,,4714.1,BUY,USD,1,1,1583663
D#1702733,XAUUSD,100,7349874591907384101,7349874591887327066,7349874591975521937,7349874591975517454,864,2026-04-24T12:03:16.000Z,2026-04-24T12:17:40.000Z,-68,66.6,-75,-7,0,0.2,4708.09,4711.71,4717.62,4657,SELL,USD,1,1,1583663
D#1702535,XAUUSD,100,7349874591907384142,7349874591887327068,7349874591975522059,7349874591975517463,877,2026-04-24T12:03:19.000Z,2026-04-24T12:17:56.000Z,-10.29,10.08,-11.35,-1.06,0,0.03,4708,4711.65,4735,4683,SELL,USD,1,1,1583663
D#1702392,XAUUSD,100,7349874591907384270,7349874591887327566,7349874591975522559,7349874591975522238,52,2026-04-24T12:18:24.000Z,2026-04-24T12:19:16.000Z,53.4,-54.1,49.9,-3.5,0,0.1,4709.73,4704.61,,,SELL,USD,1,1,1583663
D#1702687,XAUUSD,100,7349874591907384340,7349874591887327072,7349874591975517478,7349874591975517477,968,2026-04-24T12:03:21.000Z,2026-04-24T12:19:29.000Z,-132.8,131.4,-139.8,-7,0,0.2,4708.46,4701.6,4702.26,4730.71,BUY,USD,1,1,1583663
D#1702341,XAUUSD,100,7349874591907384382,7349874591887327531,7349874591975522735,7349874591975521994,111,2026-04-24T12:17:49.000Z,2026-04-24T12:19:40.000Z,-219.6,217.5,-230.1,-10.5,0,0.3,4711.83,4704.29,,,BUY,USD,1,1,1583663
D#1702563,XAUUSD,100,7349874591907384386,7349874591887326621,7349874591975522749,7349874591975512867,1835,2026-04-24T11:49:06.000Z,2026-04-24T12:19:41.000Z,-2.5,-1.0,-20,-17.5,0,0.5,4704.34,4704.07,,,BUY,USD,1,1,1583663
D#1670868,XAUUSD,100,7349874591907384485,7349874591887327597,7349874591975523179,7349874591975520515,89,2026-04-24T12:19:15.000Z,2026-04-24T12:20:44.000Z,28.6,-29.3,25.1,-3.5,0,0.1,4705.41,4708.05,4700.77,,BUY,USD,1,1,1583663
D#1702728,XAUUSD,100,7349874591907384536,7349874591887327668,7349874591975523409,7349874591975522984,66,2026-04-24T12:20:13.000Z,2026-04-24T12:21:19.000Z,6.75,-9.9,-9.01,-15.76,0,0.45,4706.82,4706.89,,,SELL,USD,1,1,1583663
D#1670868,XAUUSD,100,7349874591907384678,7349874591887327783,7349874591975524140,7349874591975523985,27,2026-04-24T12:22:52.000Z,2026-04-24T12:23:19.000Z,14.4,-15.1,10.9,-3.5,0,0.1,4705.22,4706.44,,,BUY,USD,1,1,1583663
D#1702392,XAUUSD,100,7349874591907384748,7349874591887327656,7349874591975523083,7349874591975522899,262,2026-04-24T12:20:00.000Z,2026-04-24T12:24:22.000Z,47.1,-47.8,43.6,-3.5,0,0.1,4706.54,4711.03,,4710.64,BUY,USD,1,1,1583663
D#1702534,XAUUSD,100,7349874591907384803,7349874591887320607,7349874591975525063,7349874591975453043,15344,2026-04-24T08:09:49.000Z,2026-04-24T12:25:33.000Z,171.6,-172.16,168.8,-2.8,0,0.08,4687.91,4709.14,4659,4722.63,BUY,USD,1,1,1583663
D#1670949,XAUUSD,100,7349874591907384875,7349874591887327305,7349874591975525416,7349874591975519842,920,2026-04-24T12:11:15.000Z,2026-04-24T12:26:35.000Z,-6.95,6.6,-8.71,-1.76,0,0.05,4707.67,4709.28,4719.48,4688.27,SELL,USD,1,1,1583663
D#1670949,XAUUSD,100,7349874591907385407,7349874591887327908,7349874591975525573,7349874591975525425,506,2026-04-24T12:26:37.000Z,2026-04-24T12:35:03.000Z,-104,102.25,-112.76,-8.76,0,0.25,4709.3,4704.92,4705.1,4712.91,BUY,USD,1,1,1583663
D#1702415,XAUUSD,100,7349874591907386114,7349874591887327847,7349874591975530826,7349874591975524807,1087,2026-04-24T12:24:43.000Z,2026-04-24T12:42:50.000Z,-159.6,158.2,-166.6,-7,0,0.2,4710.3,4702.1,,,BUY,USD,1,1,1583663
D#1702726,XAUUSD,100,7349874591907386199,7349874591887326625,7349874591975531128,7349874591975512918,3262,2026-04-24T11:49:18.000Z,2026-04-24T12:43:40.000Z,32.52,-33.36,28.32,-4.2,0,0.12,4704.02,4701.53,,4694,SELL,USD,1,1,1583663
D#1702511,XAUUSD,100,7349874591907386215,7349874591887327863,7349874591975525478,7349874591975525048,1095,2026-04-24T12:25:31.000Z,2026-04-24T12:43:46.000Z,69.68,-70.24,66.88,-2.8,0,0.08,4709.16,4700.67,4712.86,4700.63,SELL,USD,1,1,1583663
D#1670949,XAUUSD,100,7349874591907386217,7349874591887328209,7349874591975528553,7349874591975528012,520,2026-04-24T12:35:06.000Z,2026-04-24T12:43:46.000Z,116.5,-118.25,107.74,-8.76,0,0.25,4705.11,4700.67,4708.72,4701,SELL,USD,1,1,1583663
D#1702689,XAUUSD,100,7349874591907386230,7349874591887327598,7349874591975522550,7349874591975520023,1471,2026-04-24T12:19:16.000Z,2026-04-24T12:43:47.000Z,-25.25,24.9,-27.01,-1.76,0,0.05,4705.36,4700.09,4700.62,4710.5,BUY,USD,1,1,1583663
D#1702346,XAUUSD,100,7349874591907386308,7349874591887327523,7349874591975521915,7349874591975520276,1604,2026-04-24T12:17:37.000Z,2026-04-24T12:44:21.000Z,101.28,-101.84,98.48,-2.8,0,0.08,4711.67,4699.23,4717.93,4699.18,SELL,USD,1,1,1583663
D#1670868,XAUUSD,100,7349874591907386310,7349874591887328326,7349874591975528909,7349874591975528360,426,2026-04-24T12:37:15.000Z,2026-04-24T12:44:21.000Z,-71.25,70.2,-76.51,-5.26,0,0.15,4704.07,4699.1,4699.41,4710.93,BUY,USD,1,1,1583663
D#1670936,XAUUSD,100,7349874591907386329,7349874591887326477,7349874591975511107,7349874591975511106,3685,2026-04-24T11:43:09.000Z,2026-04-24T12:44:34.000Z,-81.4,80.7,-84.9,-3.5,0,0.1,4707.27,4698.91,4699.05,4718.46,BUY,USD,1,1,1583663
D#1702483,XAUUSD,100,7349874591907386344,7349874591887327577,7349874591975531575,7349874591975522343,1557,2026-04-24T12:18:43.000Z,2026-04-24T12:44:40.000Z,-305.1,303.0,-315.6,-10.5,0,0.3,4709.79,4699.4,,4712.24,BUY,USD,1,1,1583663
D#1670868,XAUUSD,100,7349874591907386379,7349874591887328656,7349874591975531742,7349874591975531541,32,2026-04-24T12:44:36.000Z,2026-04-24T12:45:08.000Z,-9.75,8.7,-15.01,-5.26,0,0.15,4699.24,4698.37,4693.77,4705.21,BUY,USD,1,1,1583663
D#1702713,XAUUSD,100,7349874591907386401,7349874591887328045,7349874591975527026,7349874591975526783,833,2026-04-24T12:31:21.000Z,2026-04-24T12:45:14.000Z,-122.76,121.92,-126.96,-4.2,0,0.12,4708.68,4698.23,4698.33,4753.08,BUY,USD,1,1,1583663
D#1702463,XAUUSD,100,7349874591907386446,7349874591887326348,7349874591975509952,7349874591975509873,3998,2026-04-24T11:39:03.000Z,2026-04-24T12:45:41.000Z,-56.58,56.16,-58.68,-2.1,0,0.06,4707.28,4697.63,4697.74,4732.53,BUY,USD,1,1,1583663
D#1702592,XAUUSD,100,7349874591907386582,7349874591887325899,7349874591975532443,7349874591975505793,4721,2026-04-24T11:28:09.000Z,2026-04-24T12:46:50.000Z,-353.6,352.2,-360.6,-7,0,0.2,4715.25,4697.35,4683.6,4720.63,BUY,USD,1,1,1583663
D#1645648,XAUUSD,100,7349874591907386703,7349874591887327318,7349874591975520237,7349874591975520009,2182,2026-04-24T12:11:50.000Z,2026-04-24T12:48:12.000Z,109.6,-110.3,106.1,-3.5,0,0.1,4706.58,4695.84,,4696,SELL,USD,1,1,1583663
D#1670949,XAUUSD,100,7349874591907386711,7349874591887328633,7349874591975531578,7349874591975531343,245,2026-04-24T12:44:07.000Z,2026-04-24T12:48:12.000Z,-122.5,120.75,-131.26,-8.76,0,0.25,4700.37,4695.25,4695.66,4704.05,BUY,USD,1,1,1583663
D#1702621,XAUUSD,100,7349874591907386713,7349874591887327487,7349874591975522251,7349874591975521609,1887,2026-04-24T12:16:46.000Z,2026-04-24T12:48:13.000Z,-100.66,100.17,-103.12,-2.46,0,0.07,4709.76,4695.16,4695.31,4726.51,BUY,USD,1,1,1583663
D#1670964,XAUUSD,100,7349874591907386728,7349874591887328500,7349874591975533065,7349874591975530406,405,2026-04-24T12:41:35.000Z,2026-04-24T12:48:20.000Z,403.92,-407.0,388.52,-15.4,0,0.44,4704.76,4695.8,,,SELL,USD,1,1,1583663
D#1670949,XAUUSD,100,7349874591907386863,7349874591887328854,7349874591975533513,7349874591975533066,65,2026-04-24T12:48:21.000Z,2026-04-24T12:49:26.000Z,125.5,-129.0,108,-17.5,0,0.5,4695.71,4693.42,,,SELL,USD,1,1,1583663
D#1702553,XAUUSD,100,7349874591907386876,7349874591887326974,7349874591975517125,7349874591975516366,2928,2026-04-24T12:00:44.000Z,2026-04-24T12:49:32.000Z,169.2,-169.9,165.7,-3.5,0,0.1,4709.36,4692.66,4717.67,4692.62,SELL,USD,1,1,1583663
D#1702530,XAUUSD,100,7349874591907386880,7349874591887327016,7349874591975517406,7349874591975516909,2879,2026-04-24T12:01:33.000Z,2026-04-24T12:49:32.000Z,-68.05,67.7,-69.81,-1.76,0,0.05,4706.39,4692.56,4692.59,4716.79,BUY,USD,1,1,1583663
D#1702698,XAUUSD,100,7349874591907386918,7349874591887328686,7349874591975531819,7349874591975512502,260,2026-04-24T12:45:15.000Z,2026-04-24T12:49:35.000Z,-59,58.3,-62.5,-3.5,0,0.1,4698.22,4692.1,4691.86,4734.73,BUY,USD,1,1,1583663
D#1670868,XAUUSD,100,7349874591907386917,7349874591887328756,7349874591975532372,7349874591975532144,173,2026-04-24T12:46:42.000Z,2026-04-24T12:49:35.000Z,-50.4,49.7,-53.9,-3.5,0,0.1,4697.36,4692.1,4692.26,4709.56,BUY,USD,1,1,1583663
D#1702346,XAUUSD,100,7349874591907386921,7349874591887328815,7349874591975533315,7349874591975532782,118,2026-04-24T12:47:37.000Z,2026-04-24T12:49:35.000Z,-51.4,50.7,-54.9,-3.5,0,0.1,4697.43,4692.07,4692.1,4696.59,BUY,USD,1,1,1583663
D#1702535,XAUUSD,100,7349874591907386959,7349874591887327556,7349874591975522646,7349874591975522162,1891,2026-04-24T12:18:09.000Z,2026-04-24T12:49:40.000Z,449.68,-451.22,441.98,-7.7,0,0.22,4711.01,4690.79,4750,4691,SELL,USD,1,1,1583663
D#1670914,XAUUSD,100,7349874591907386960,7349874591887328782,7349874591975532556,7349874591975532554,153,2026-04-24T12:47:07.000Z,2026-04-24T12:49:40.000Z,-200.4,198.3,-210.9,-10.5,0,0.3,4697.49,4690.59,4691.11,4700.95,BUY,USD,1,1,1583663
D#1702680,XAUUSD,100,7349874591907386993,7349874591887327348,7349874591975533713,7349874591975520319,2206,2026-04-24T12:12:57.000Z,2026-04-24T12:49:43.000Z,-167,166.3,-170.5,-3.5,0,0.1,4708.04,4691.12,,,BUY,USD,1,1,1583663
D#1702428,XAUUSD,100,7349874591907387015,7349874591887327808,7349874591975533771,7349874591975524236,1571,2026-04-24T12:23:39.000Z,2026-04-24T12:49:50.000Z,166.7,-167.4,163.2,-3.5,0,0.1,4707.13,4690.68,,,SELL,USD,1,1,1583663
D#1702631,XAUUSD,100,7349874591907387018,7349874591887327219,7349874591975533782,7349874591975519029,2481,2026-04-24T12:08:30.000Z,2026-04-24T12:49:51.000Z,319.8,-321.2,312.8,-7,0,0.2,4706.7,4690.93,,,SELL,USD,1,1,1583663
D#1670949,XAUUSD,100,7349874591907387160,7349874591887328955,7349874591975534219,7349874591975533731,58,2026-04-24T12:49:44.000Z,2026-04-24T12:50:42.000Z,114.5,-118.0,97,-17.5,0,0.5,4691.3,4693.37,,,BUY,USD,1,1,1583663
D#1670949,XAUUSD,100,7349874591907387242,7349874591887329075,7349874591975534502,7349874591975534451,7,2026-04-24T12:51:10.000Z,2026-04-24T12:51:17.000Z,42,-45.5,24.5,-17.5,0,0.5,4694.41,4693.79,,,SELL,USD,1,1,1583663
D#1671069,XAUUSD,100,7349874591907387372,7349874591887327027,7349874591975535229,7349874591975517007,3082,2026-04-24T12:01:50.000Z,2026-04-24T12:53:12.000Z,13.97,-14.04,13.61,-0.36,0,0.01,4707.51,4693.76,,,SELL,USD,1,1,1583663
D#1702530,XAUUSD,100,7349874591907387380,7349874591887329147,7349874591975535266,7349874591975535150,22,2026-04-24T12:52:59.000Z,2026-04-24T12:53:21.000Z,-10.5,9.45,-15.76,-5.26,0,0.15,4693.12,4694.04,,,SELL,USD,1,1,1583663
D#1671069,XAUUSD,100,7349874591907387412,7349874591887329167,7349874591975535423,7349874591975535298,20,2026-04-24T12:53:27.000Z,2026-04-24T12:53:47.000Z,0.33,-0.4,-0.03,-0.36,0,0.01,4694.01,4693.9,,,SELL,USD,1,1,1583663
D#1670949,XAUUSD,100,7349874591907387473,7349874591887329213,7349874591975535700,7349874591975535660,4,2026-04-24T12:54:27.000Z,2026-04-24T12:54:31.000Z,15,-17.1,4.5,-10.5,0,0.3,4693.48,4693.76,,,BUY,USD,1,1,1583663
D#1702346,XAUUSD,100,7349874591907387701,7349874591887329150,7349874591975535696,7349874591975535186,242,2026-04-24T12:53:05.000Z,2026-04-24T12:57:07.000Z,-33.4,32.7,-36.9,-3.5,0,0.1,4693.76,4697.32,4697.02,4683.87,SELL,USD,1,1,1583663
D#1670949,XAUUSD,100,7349874591907387732,7349874591887329313,7349874591975536719,7349874591975536600,24,2026-04-24T12:56:51.000Z,2026-04-24T12:57:15.000Z,-121.6,118.8,-135.6,-14,0,0.4,4695.29,4698.55,4698.37,,SELL,USD,1,1,1583663
D#1702490,XAUUSD,100,7349874591907387821,7349874591887329316,7349874591975536769,7349874591975536631,69,2026-04-24T12:56:56.000Z,2026-04-24T12:58:05.000Z,-32.1,31.4,-35.6,-3.5,0,0.1,4695.51,4698.94,4698.81,,SELL,USD,1,1,1583663
D#1670914,XAUUSD,100,7349874591907387859,7349874591887329238,7349874591975536030,7349874591975535910,189,2026-04-24T12:55:06.000Z,2026-04-24T12:58:15.000Z,105.8,-107.2,98.8,-7,0,0.2,4694.87,4699.94,4686,4700.03,BUY,USD,1,1,1583663
D#1670949,XAUUSD,100,7349874591907387866,7349874591887329339,7349874591975536946,7349874591975536797,59,2026-04-24T12:57:17.000Z,2026-04-24T12:58:16.000Z,88.4,-91.2,74.4,-14,0,0.4,4698.29,4700.28,4695.48,4700.5,BUY,USD,1,1,1583663
D#1589450,XAUUSD,100,7349874591907388034,7349874591887325928,7349874591975506140,7349874591975506138,5463,2026-04-24T11:29:05.000Z,2026-04-24T13:00:08.000Z,37.96,-38.24,36.56,-1.4,0,0.04,4711.43,4702.16,4701.86,4637.29,SELL,USD,1,1,1583663
D#1670949,XAUUSD,100,7349874591907388166,7349874591887329431,7349874591975537664,7349874591975537569,121,2026-04-24T12:59:15.000Z,2026-04-24T13:01:16.000Z,-104.8,102.0,-118.8,-14,0,0.4,4700.21,4703.05,4702.64,4697.91,SELL,USD,1,1,1583663
D#1670949,XAUUSD,100,7349874591907388311,7349874591887329551,7349874591975539141,7349874591975538507,83,2026-04-24T13:01:18.000Z,2026-04-24T13:02:41.000Z,-112.4,109.6,-126.4,-14,0,0.4,4702.96,4699.93,,4704.77,BUY,USD,1,1,1583663
D#1670936,XAUUSD,100,7349874591907388367,7349874591887329473,7349874591975539401,7349874591975537914,194,2026-04-24T13:00:06.000Z,2026-04-24T13:03:20.000Z,-35.1,34.4,-38.6,-3.5,0,0.1,4701.73,4698,4688.63,4711.71,BUY,USD,1,1,1583663
D#1702689,XAUUSD,100,7349874591907389016,7349874591887329003,7349874591975534420,7349874591975533992,1293,2026-04-24T12:50:15.000Z,2026-04-24T13:11:48.000Z,130.9,-131.6,127.4,-3.5,0,0.1,4691.51,4704.38,4685.85,4703.47,BUY,USD,1,1,1583663
D#1671069,XAUUSD,100,7349874591907389046,7349874591887329447,7349874591975538264,7349874591975537723,727,2026-04-24T12:59:42.000Z,2026-04-24T13:11:49.000Z,4.13,-4.2,3.77,-0.36,0,0.01,4700.89,4704.8,,4704.53,BUY,USD,1,1,1583663
D#1670914,XAUUSD,100,7349874591907389045,7349874591887329510,7349874591975538287,7349874591975538191,670,2026-04-24T13:00:39.000Z,2026-04-24T13:11:49.000Z,110.6,-112.0,103.6,-7,0,0.2,4699.49,4704.8,4694.81,4704.71,BUY,USD,1,1,1583663
D#1702649,XAUUSD,100,7349874591907389985,7349874591887330495,7349874591975546906,7349874591975546459,67,2026-04-24T13:22:01.000Z,2026-04-24T13:23:08.000Z,20.5,-22.25,11.74,-8.76,0,0.25,4699.3,4698.7,4698.34,4695.66,SELL,USD,1,1,1583663
D#1702583,XAUUSD,100,7349874591907390119,7349874591887320401,7349874591975547565,7349874591975451167,19333,2026-04-24T08:02:18.000Z,2026-04-24T13:24:31.000Z,92.5,-93.2,89,-3.5,0,0.1,4688.61,4697.64,,,BUY,USD,1,1,1583663
D#1589450,XAUUSD,100,7349874591907390481,7349874591887329534,7349874591975549117,7349874591975538396,1624,2026-04-24T13:01:06.000Z,2026-04-24T13:28:10.000Z,-26.88,26.6,-28.28,-1.4,0,0.04,4701.18,4694.24,4689.68,4773.29,BUY,USD,1,1,1583663
D#1670914,XAUUSD,100,7349874591907391050,7349874591887330477,7349874591975546316,7349874591975546240,579,2026-04-24T13:21:29.000Z,2026-04-24T13:31:08.000Z,-171.8,170.4,-178.8,-7,0,0.2,4701.53,4692.72,4692.59,4706.77,BUY,USD,1,1,1583663
D#1671053,XAUUSD,100,7349874591907391215,7349874591887326368,7349874591975551651,7349874591975510114,6721,2026-04-24T11:39:51.000Z,2026-04-24T13:31:52.000Z,-78.75,78.4,-80.51,-1.76,0,0.05,4707.48,4691.51,,4796.43,BUY,USD,1,1,1583663
D#1702385,XAUUSD,100,7349874591907391220,7349874591887330025,7349874591975542456,7349874591975542454,1221,2026-04-24T13:11:32.000Z,2026-04-24T13:31:53.000Z,-76.8,76.24,-79.6,-2.8,0,0.08,4701.06,4691.24,4691.44,4715.65,BUY,USD,1,1,1583663
D#1670975,XAUUSD,100,7349874591907391485,7349874591887328972,7349874591975534098,7349874591975533845,2577,2026-04-24T12:49:58.000Z,2026-04-24T13:32:55.000Z,54,-56.1,43.5,-10.5,0,0.3,4691.62,4690.04,,4690.01,SELL,USD,1,1,1583663
D#1670914,XAUUSD,100,7349874591907392517,7349874591887331147,7349874591975551611,7349874591975551458,360,2026-04-24T13:31:36.000Z,2026-04-24T13:37:36.000Z,-132,129.9,-142.5,-10.5,0,0.3,4692.95,4697.57,4697.16,4689.49,SELL,USD,1,1,1583663
D#1702583,XAUUSD,100,7349874591907392804,7349874591887330635,7349874591975556506,7349874591975547690,854,2026-04-24T13:24:46.000Z,2026-04-24T13:39:00.000Z,-38.3,37.6,-41.8,-3.5,0,0.1,4696.3,4700.35,,,SELL,USD,1,1,1583663
D#1702649,XAUUSD,100,7349874591907392990,7349874591887330577,7349874591975557025,7349874591975547171,969,2026-04-24T13:23:36.000Z,2026-04-24T13:39:45.000Z,103.25,-105.0,94.49,-8.76,0,0.25,4698.14,4702.05,,4702.35,BUY,USD,1,1,1583663
D#1702728,XAUUSD,100,7349874591907393017,7349874591887331844,7349874591975557087,7349874591975555277,163,2026-04-24T13:37:07.000Z,2026-04-24T13:39:50.000Z,-348.3,345.15,-364.06,-15.76,0,0.45,4694.45,4702.41,,,SELL,USD,1,1,1583663
D#1670914,XAUUSD,100,7349874591907393030,7349874591887332059,7349874591975556860,7349874591975556700,36,2026-04-24T13:39:17.000Z,2026-04-24T13:39:53.000Z,111,-113.1,100.5,-10.5,0,0.3,4700.28,4703.76,4695.35,4703.7,BUY,USD,1,1,1583663
D#1702490,XAUUSD,100,7349874591907393263,7349874591887329511,7349874591975538447,7349874591975538204,2402,2026-04-24T13:00:41.000Z,2026-04-24T13:40:43.000Z,-77.5,76.8,-81,-3.5,0,0.1,4699.22,4707.19,4705.96,4687.66,SELL,USD,1,1,1583663
D#1670868,XAUUSD,100,7349874591907393373,7349874591887328973,7349874591975534428,7349874591975533856,3064,2026-04-24T12:49:59.000Z,2026-04-24T13:41:03.000Z,155.8,-156.5,152.3,-3.5,0,0.1,4692.49,4707.85,4685.47,4707.96,BUY,USD,1,1,1583663
D#1671053,XAUUSD,100,7349874591907393645,7349874591887331208,7349874591975558913,7349874591975551799,606,2026-04-24T13:32:05.000Z,2026-04-24T13:42:11.000Z,-73.35,73.0,-75.11,-1.76,0,0.05,4692.3,4707.19,,,SELL,USD,1,1,1583663
D#1702528,XAUUSD,100,7349874591907394330,7349874591887330190,7349874591975561174,7349874591975543743,1889,2026-04-24T13:14:30.000Z,2026-04-24T13:45:59.000Z,59,-59.7,55.5,-3.5,0,0.1,4703.71,4709.39,,,BUY,USD,1,1,1583663
D#1614623,XAUUSD,100,7349874591907394647,7349874591887332804,7349874591975562254,7349874591975561138,112,2026-04-24T13:45:55.000Z,2026-04-24T13:47:47.000Z,-24.8,24.1,-28.3,-3.5,0,0.1,4710.08,4707.38,,4712.47,BUY,USD,1,1,1583663
D#1645648,XAUUSD,100,7349874591907394750,7349874591887329928,7349874591975542015,7349874591975541714,2323,2026-04-24T13:09:35.000Z,2026-04-24T13:48:18.000Z,112.3,-113.0,108.8,-3.5,0,0.1,4699.98,4710.99,,4711,BUY,USD,1,1,1583663
D#1589450,XAUUSD,100,7349874591907394754,7349874591887330823,7349874591975549452,7349874591975549233,1192,2026-04-24T13:28:26.000Z,2026-04-24T13:48:18.000Z,-68.04,67.76,-69.44,-1.4,0,0.04,4693.91,4711.14,4710.75,4637.29,SELL,USD,1,1,1583663
D#1670980,XAUUSD,100,7349874591907394759,7349874591887328400,7349874591975529617,7349874591975529502,4174,2026-04-24T12:38:45.000Z,2026-04-24T13:48:19.000Z,97,-98.4,90,-7,0,0.2,4706.75,4711.38,,4711.32,BUY,USD,1,1,1583663
D#1702649,XAUUSD,100,7349874591907394765,7349874591887332360,7349874591975558659,7349874591975558380,409,2026-04-24T13:41:30.000Z,2026-04-24T13:48:19.000Z,-210.4,207.6,-224.4,-14,0,0.4,4706.24,4711.72,4711.48,4704.12,SELL,USD,1,1,1583663
D#1614623,XAUUSD,100,7349874591907394803,7349874591887333013,7349874591975562655,7349874591975562416,22,2026-04-24T13:48:02.000Z,2026-04-24T13:48:24.000Z,69.4,-70.8,62.4,-7,0,0.2,4709.08,4712.33,,,BUY,USD,1,1,1583663
D#1702409,XAUUSD,100,7349874591907394958,7349874591887327983,7349874591975526289,7349874591975526219,4749,2026-04-24T12:29:28.000Z,2026-04-24T13:48:37.000Z,70.6,-71.3,67.1,-3.5,0,0.1,4709.93,4716.77,,4716.75,BUY,USD,1,1,1583663
D#1702649,XAUUSD,100,7349874591907395074,7349874591887333068,7349874591975562969,7349874591975562732,36,2026-04-24T13:48:29.000Z,2026-04-24T13:49:05.000Z,100,-103.5,82.5,-17.5,0,0.5,4714.13,4712.35,,4712.61,SELL,USD,1,1,1583663
D#1670962,XAUUSD,100,7349874591907395501,7349874591887333262,7349874591975564731,7349874591975563760,76,2026-04-24T13:50:06.000Z,2026-04-24T13:51:22.000Z,-127,123.5,-144.5,-17.5,0,0.5,4712.16,4709.4,,,BUY,USD,1,1,1583663
D#1645648,XAUUSD,100,7349874591907395850,7349874591887333428,7349874591975565908,7349874591975564947,106,2026-04-24T13:51:45.000Z,2026-04-24T13:53:31.000Z,10.2,-10.9,6.7,-3.5,0,0.1,4707.08,4707.88,,4718,BUY,USD,1,1,1583663
D#1702649,XAUUSD,100,7349874591907396568,7349874591887333515,7349874591975565803,7349874591975565533,274,2026-04-24T13:52:49.000Z,2026-04-24T13:57:23.000Z,108.5,-112.0,91,-17.5,0,0.5,4708.72,4710.67,,4710.55,BUY,USD,1,1,1583663
D#1670914,XAUUSD,100,7349874591907396611,7349874591887333810,7349874591975568256,7349874591975567682,62,2026-04-24T13:56:40.000Z,2026-04-24T13:57:42.000Z,-86.7,84.6,-97.2,-10.5,0,0.3,4706.74,4709.85,4711.07,4703.32,SELL,USD,1,1,1583663
D#1702383,XAUUSD,100,7349874591907397947,7349874591887327505,7349874591975521744,7349874591975520025,6481,2026-04-24T12:17:11.000Z,2026-04-24T14:05:12.000Z,-34.08,33.8,-35.48,-1.4,0,0.04,4710.97,4719.71,4718.19,4659.62,SELL,USD,1,1,1583663
D#1670868,XAUUSD,100,7349874591907397948,7349874591887333414,7349874591975565383,7349874591975564856,815,2026-04-24T13:51:37.000Z,2026-04-24T14:05:12.000Z,170.85,-171.9,165.59,-5.26,0,0.15,4708.34,4719.51,4700.52,4718.15,BUY,USD,1,1,1583663
D#1702567,XAUUSD,100,7349874591907398039,7349874591887326831,7349874591975572727,7349874591975514974,7745,2026-04-24T11:56:16.000Z,2026-04-24T14:05:21.000Z,-258.8,257.4,-265.8,-7,0,0.2,4706.34,4719.5,,,SELL,USD,1,1,1583663
D#1702356,XAUUSD,100,7349874591907398136,7349874591887324153,7349874591975490060,7349874591975489908,12273,2026-04-24T10:40:55.000Z,2026-04-24T14:05:28.000Z,386.72,-387.42,383.22,-3.5,0,0.1,4679.2,4721.66,4689.44,4721.48,BUY,USD,1,1,1583663
D#1702649,XAUUSD,100,7349874591907398214,7349874591887334156,7349874591975573031,7349874591975569790,317,2026-04-24T14:00:23.000Z,2026-04-24T14:05:40.000Z,-280,278.25,-288.76,-8.76,0,0.25,4710.41,4721.83,,4706.65,SELL,USD,1,1,1583663
D#1702669,XAUUSD,100,7349874591907398233,7349874591887318693,7349874591975573054,7349874591975434916,25509,2026-04-24T07:00:32.000Z,2026-04-24T14:05:41.000Z,-516.3,515.6,-519.8,-3.5,0,0.1,4671.44,4723.29,,4660.6,SELL,USD,1,1,1583663
D#1702463,XAUUSD,100,7349874591907398240,7349874591887328882,7349874591975533414,7349874591975533304,4600,2026-04-24T12:49:02.000Z,2026-04-24T14:05:42.000Z,168,-168.42,165.9,-2.1,0,0.06,4695.85,4723.63,4689.35,4723.47,BUY,USD,1,1,1583663
D#1702621,XAUUSD,100,7349874591907398330,7349874591887332724,7349874591975562249,7349874591975560635,1245,2026-04-24T13:45:04.000Z,2026-04-24T14:05:49.000Z,120.47,-120.96,118.01,-2.46,0,0.07,4709.5,4726.49,4694.4,4726.57,BUY,USD,1,1,1583663
D#1614593,XAUUSD,100,7349874591907398341,7349874591887328511,7349874591975573223,7349874591975530509,5033,2026-04-24T12:41:57.000Z,2026-04-24T14:05:50.000Z,-224.4,223.7,-227.9,-3.5,0,0.1,4703.97,4726.63,,4662.69,SELL,USD,1,1,1583663
D#1671071,XAUUSD,100,7349874591907398346,7349874591887320576,7349874591975573234,7349874591975452657,21465,2026-04-24T08:08:06.000Z,2026-04-24T14:05:51.000Z,-272.37,271.88,-274.83,-2.46,0,0.07,4687.57,4726.7,,4657.5,SELL,USD,1,1,1583663
D#1702485,XAUUSD,100,7349874591907398353,7349874591887334701,7349874591975573254,7349874591975448451,23,2026-04-24T14:05:28.000Z,2026-04-24T14:05:51.000Z,-46,45.3,-49.5,-3.5,0,0.1,4721.79,4726.61,4737.17,4656,SELL,USD,1,1,1583663
D#1702745,XAUUSD,100,7349874591907398411,7349874591887324199,7349874591975573420,7349874591975490341,12202,2026-04-24T10:42:40.000Z,2026-04-24T14:06:02.000Z,-428.6,427.9,-432.1,-3.5,0,0.1,4680.16,4723.24,,,SELL,USD,1,1,1583663
D#1702409,XAUUSD,100,7349874591907398977,7349874591887334837,7349874591975575254,7349874591975573693,146,2026-04-24T14:06:24.000Z,2026-04-24T14:08:50.000Z,46,-46.7,42.5,-3.5,0,0.1,4722.43,4726.81,,4727.88,BUY,USD,1,1,1583663
D#1670996,XAUUSD,100,7349874591907399076,7349874591887319091,7349874591975441764,7349874591975438805,24999,2026-04-24T07:12:39.000Z,2026-04-24T14:09:18.000Z,243.75,-244.1,241.99,-1.76,0,0.05,4680.04,4728.57,4672.89,4727.31,BUY,USD,1,1,1583663
D#1702534,XAUUSD,100,7349874591907399186,7349874591887332077,7349874591975557129,7349874591975556809,1809,2026-04-24T13:39:25.000Z,2026-04-24T14:09:34.000Z,-375.44,374.53,-380,-4.56,0,0.13,4701.89,4730.99,4730.94,4701.64,SELL,USD,1,1,1583663
D#1702640,XAUUSD,100,7349874591907399570,7349874591887335362,7349874591975577034,7349874591975576576,40,2026-04-24T14:10:29.000Z,2026-04-24T14:11:09.000Z,115.2,-118.35,99.44,-15.76,0,0.45,4726.71,4729.05,,4730.33,BUY,USD,1,1,1583663
D#1670972,XAUUSD,100,7349874591907399749,7349874591887320899,7349874591975577484,7349874591975455858,21168,2026-04-24T08:19:03.000Z,2026-04-24T14:11:51.000Z,400.2,-400.9,396.7,-3.5,0,0.1,4692.96,4732.76,4674.63,4757.22,BUY,USD,1,1,1583663
D#1671093,XAUUSD,100,7349874591907399979,7349874591887325522,7349874591975577874,7349874591975502840,10207,2026-04-24T11:22:11.000Z,2026-04-24T14:12:18.000Z,105.9,-106.11,104.84,-1.06,0,0.03,4700.75,4735.83,4688.07,4740.11,BUY,USD,1,1,1583663
D#1702583,XAUUSD,100,7349874591907399988,7349874591887332048,7349874591975577906,7349874591975556638,1990,2026-04-24T13:39:11.000Z,2026-04-24T14:12:21.000Z,364.4,-365.1,360.9,-3.5,0,0.1,4699.58,4735.8,,,BUY,USD,1,1,1583663
D#1702385,XAUUSD,100,7349874591907400085,7349874591887334851,7349874591975574384,7349874591975573793,373,2026-04-24T14:06:34.000Z,2026-04-24T14:12:47.000Z,-135.2,134.64,-138,-2.8,0,0.08,4721.07,4738.19,4737.52,4681.76,SELL,USD,1,1,1583663
D#1702498,XAUUSD,100,7349874591907400127,7349874591887324895,7349874591975578253,7349874591975496973,11155,2026-04-24T11:06:56.000Z,2026-04-24T14:12:51.000Z,-464.1,463.4,-467.6,-3.5,0,0.1,4691.32,4737.95,,,SELL,USD,1,1,1583663
D#1671056,XAUUSD,100,7349874591907400332,7349874591887312783,7349874591975578618,7349874591975389541,40585,2026-04-24T02:56:56.000Z,2026-04-24T14:13:21.000Z,-307.9,307.55,-309.66,-1.76,0,0.05,4676.57,4738.37,,4653.28,SELL,USD,1,1,1583663
D#1702363,XAUUSD,100,7349874591907400335,7349874591887334213,7349874591975578630,7349874591975570125,746,2026-04-24T14:00:56.000Z,2026-04-24T14:13:22.000Z,408.15,-409.2,402.89,-5.26,0,0.15,4710.53,4737.52,4668.92,4745.6,BUY,USD,1,1,1583663
D#1702667,XAUUSD,100,7349874591907400341,7349874591887324879,7349874591975578640,7349874591975496876,11199,2026-04-24T11:06:44.000Z,2026-04-24T14:13:23.000Z,-471.4,470.7,-474.9,-3.5,0,0.1,4690.17,4737.53,4999.51,4680.38,SELL,USD,1,1,1583663
D#1702640,XAUUSD,100,7349874591907400945,7349874591887335764,7349874591975578953,7349874591975578946,148,2026-04-24T14:13:49.000Z,2026-04-24T14:16:17.000Z,-137.7,134.55,-153.46,-15.76,0,0.45,4734.62,4731.34,,4731.4,BUY,USD,1,1,1583663
D#1702640,XAUUSD,100,7349874591907401153,7349874591887336045,7349874591975581395,7349874591975580673,75,2026-04-24T14:16:30.000Z,2026-04-24T14:17:45.000Z,-90.45,87.3,-106.21,-15.76,0,0.45,4733.19,4730.96,,4735.31,BUY,USD,1,1,1583663
D#1702392,XAUUSD,100,7349874591907402142,7349874591887336372,7349874591975583324,7349874591975583023,299,2026-04-24T14:21:14.000Z,2026-04-24T14:26:13.000Z,63,-63.7,59.5,-3.5,0,0.1,4730.85,4724.77,,4724.61,SELL,USD,1,1,1583663
D#1702640,XAUUSD,100,7349874591907402205,7349874591887336535,7349874591975584562,7349874591975584382,130,2026-04-24T14:24:10.000Z,2026-04-24T14:26:20.000Z,109.8,-112.95,94.04,-15.76,0,0.45,4726.75,4724.53,,4724.3,SELL,USD,1,1,1583663
D#1702354,XAUUSD,100,7349874591907402421,7349874591887335795,7349874591975579875,7349874591975579136,808,2026-04-24T14:14:05.000Z,2026-04-24T14:27:33.000Z,-128.2,127.5,-131.7,-3.5,0,0.1,4734.69,4721.65,4721.74,4756.18,BUY,USD,1,1,1583663
D#1702698,XAUUSD,100,7349874591907402492,7349874591887336586,7349874591975585525,7349874591975584830,177,2026-04-24T14:25:16.000Z,2026-04-24T14:28:13.000Z,28.2,-28.9,24.7,-3.5,0,0.1,4727.27,4724.67,4724.09,,SELL,USD,1,1,1583663
D#1702640,XAUUSD,100,7349874591907402662,7349874591887336741,7349874591975587067,7349874591975585901,142,2026-04-24T14:27:20.000Z,2026-04-24T14:29:42.000Z,-134.55,131.4,-150.31,-15.76,0,0.45,4722.36,4725.57,,4720.03,SELL,USD,1,1,1583663
D#1702392,XAUUSD,100,7349874591907403032,7349874591887336792,7349874591975588486,7349874591975586354,268,2026-04-24T14:28:17.000Z,2026-04-24T14:32:45.000Z,38,-38.7,34.5,-3.5,0,0.1,4725.65,4729.23,,4730.18,BUY,USD,1,1,1583663
D#1702640,XAUUSD,100,7349874591907403395,7349874591887337213,7349874591975589624,7349874591975589401,37,2026-04-24T14:34:36.000Z,2026-04-24T14:35:13.000Z,117,-120.15,101.24,-15.76,0,0.45,4730.71,4728.33,,4728.53,SELL,USD,1,1,1583663
D#1702640,XAUUSD,100,7349874591907403701,7349874591887337440,7349874591975591100,7349874591975591059,8,2026-04-24T14:38:11.000Z,2026-04-24T14:38:19.000Z,-25.65,22.5,-41.41,-15.76,0,0.45,4727.86,4727.07,,,BUY,USD,1,1,1583663
D#1702640,XAUUSD,100,7349874591907403986,7349874591887337487,7349874591975592018,7349874591975591339,78,2026-04-24T14:38:48.000Z,2026-04-24T14:40:06.000Z,8.55,-11.7,-7.21,-15.76,0,0.45,4730.17,4730.2,,4727.98,SELL,USD,1,1,1583663
D#1702640,XAUUSD,100,7349874591907404255,7349874591887337639,7349874591975593431,7349874591975592696,109,2026-04-24T14:41:53.000Z,2026-04-24T14:43:42.000Z,-119.7,116.55,-135.46,-15.76,0,0.45,4728.68,4731.56,,4726.4,SELL,USD,1,1,1583663
D#1702640,XAUUSD,100,7349874591907404532,7349874591887337781,7349874591975594546,7349874591975593739,71,2026-04-24T14:44:59.000Z,2026-04-24T14:46:10.000Z,-75.15,72.0,-90.91,-15.76,0,0.45,4730.55,4728.66,,4732.91,BUY,USD,1,1,1583663
D#1702392,XAUUSD,100,7349874591907405965,7349874591887337089,7349874591975600204,7349874591975588527,1614,2026-04-24T14:32:53.000Z,2026-04-24T14:59:47.000Z,25.8,-26.5,22.3,-3.5,0,0.1,4728.32,4725.96,,4721.83,SELL,USD,1,1,1583663
D#1702392,XAUUSD,100,7349874591907406258,7349874591887338693,7349874591975601469,7349874591975601254,30,2026-04-24T15:02:49.000Z,2026-04-24T15:03:19.000Z,15.5,-16.2,12,-3.5,0,0.1,4725.02,4726.35,,,BUY,USD,1,1,1583663
D#1702622,XAUUSD,100,7349874591907406268,7349874591887338710,7349874591975601565,7349874591975601376,32,2026-04-24T15:03:03.000Z,2026-04-24T15:03:35.000Z,-9.6,8.9,-13.1,-3.5,0,0.1,4727.03,4725.85,,4740.83,BUY,USD,1,1,1583663
D#1702622,XAUUSD,100,7349874591907406295,7349874591887338728,7349874591975601684,7349874591975601587,19,2026-04-24T15:03:40.000Z,2026-04-24T15:03:59.000Z,-15.2,14.5,-18.7,-3.5,0,0.1,4725.73,4723.99,,,BUY,USD,1,1,1583663
D#1702392,XAUUSD,100,7349874591907406326,7349874591887338731,7349874591975601805,7349874591975601635,30,2026-04-24T15:03:50.000Z,2026-04-24T15:04:20.000Z,16.1,-16.8,12.6,-3.5,0,0.1,4725.59,4724.2,,,SELL,USD,1,1,1583663
D#1702716,XAUUSD,100,7349874591907406575,7349874591887338628,7349874591975602689,7349874591975600592,354,2026-04-24T15:00:47.000Z,2026-04-24T15:06:41.000Z,-200.4,197.6,-214.4,-14,0,0.4,4726.13,4720.9,,4728.34,BUY,USD,1,1,1583663
D#1702673,XAUUSD,100,7349874591907406595,7349874591887338560,7349874591975600573,7349874591975600115,436,2026-04-24T14:59:31.000Z,2026-04-24T15:06:47.000Z,94.6,-96.0,87.6,-7,0,0.2,4724.85,4720.34,4729.24,4720.23,SELL,USD,1,1,1583663
D#1702457,XAUUSD,100,7349874591907406621,7349874591887336312,7349874591975582587,7349874591975581880,2796,2026-04-24T14:20:14.000Z,2026-04-24T15:06:50.000Z,-254.6,253.2,-261.6,-7,0,0.2,4732.36,4719.41,4719.41,4738.76,BUY,USD,1,1,1583663
D#1702658,XAUUSD,100,7349874591907406856,7349874591887338671,7349874591975604053,7349874591975601091,489,2026-04-24T15:02:20.000Z,2026-04-24T15:10:29.000Z,0.5,-0.64,-0.2,-0.7,0,0.02,4724.15,4724.12,,,SELL,USD,1,1,1583663
D#1702392,XAUUSD,100,7349874591907407701,7349874591887338949,7349874591975608072,7349874591975603702,729,2026-04-24T15:09:26.000Z,2026-04-24T15:21:35.000Z,4.5,-5.2,1,-3.5,0,0.1,4724.2,4723.97,,4717.92,SELL,USD,1,1,1583663
D#1702392,XAUUSD,100,7349874591907408152,7349874591887339541,7349874591975609733,7349874591975608790,156,2026-04-24T15:23:14.000Z,2026-04-24T15:25:50.000Z,51.6,-52.3,48.1,-3.5,0,0.1,4725.37,4720.43,,,SELL,USD,1,1,1583663
D#1589450,XAUUSD,100,7349874591907408295,7349874591887336894,7349874591975610281,7349874591975587089,3445,2026-04-24T14:29:45.000Z,2026-04-24T15:27:10.000Z,-26.44,26.16,-27.84,-1.4,0,0.04,4726.28,4719.45,4711.16,4873.29,BUY,USD,1,1,1583663
D#1591594,XAUUSD,100,7349874591907408797,7349874591887339887,7349874591975612697,7349874591975611933,140,2026-04-24T15:32:21.000Z,2026-04-24T15:34:41.000Z,-60.16,59.04,-65.76,-5.6,0,0.16,4724.16,4720.18,4699.84,,BUY,USD,1,1,1583663
D#1702385,XAUUSD,100,7349874591907409363,7349874591887337773,7349874591975594395,7349874591975593950,3528,2026-04-24T14:44:49.000Z,2026-04-24T15:43:37.000Z,112.64,-113.2,109.84,-2.8,0,0.08,4730.95,4717.09,4739.28,4717.04,SELL,USD,1,1,1583663
D#1702621,XAUUSD,100,7349874591907409377,7349874591887336095,7349874591975581834,7349874591975580961,5215,2026-04-24T14:16:55.000Z,2026-04-24T15:43:50.000Z,-111.72,111.23,-114.18,-2.46,0,0.07,4732.9,4716.72,4716.89,4749.89,BUY,USD,1,1,1583663
D#1702674,XAUUSD,100,7349874591907409425,7349874591887340164,7349874591975615021,7349874591975614694,232,2026-04-24T15:40:35.000Z,2026-04-24T15:44:27.000Z,-120.6,118.5,-131.1,-10.5,0,0.3,4719.38,4715.14,4716.44,4724.79,BUY,USD,1,1,1583663
D#1702622,XAUUSD,100,7349874591907409515,7349874591887338908,7349874591975615959,7349874591975603240,2195,2026-04-24T15:08:05.000Z,2026-04-24T15:44:40.000Z,8.91,-11.22,-2.65,-11.56,0,0.33,4721.09,4721.14,,4740.14,BUY,USD,1,1,1583663
D#1702673,XAUUSD,100,7349874591907409533,7349874591887338869,7349874591975615767,7349874591975602816,2263,2026-04-24T15:06:58.000Z,2026-04-24T15:44:41.000Z,-70.2,68.8,-77.2,-7,0,0.2,4719.47,4723.2,4722.03,4714.8,SELL,USD,1,1,1583663
D#1702457,XAUUSD,100,7349874591907409681,7349874591887340194,7349874591975615084,7349874591975615083,176,2026-04-24T15:41:50.000Z,2026-04-24T15:44:46.000Z,-294.3,291.15,-310.06,-15.76,0,0.45,4718.8,4725.56,4725.12,4714.02,SELL,USD,1,1,1583663
D#1702673,XAUUSD,100,7349874591907410115,7349874591887340315,7349874591975616452,7349874591975616151,24,2026-04-24T15:44:54.000Z,2026-04-24T15:45:18.000Z,86.2,-87.6,79.2,-7,0,0.2,4728.75,4732.84,,,BUY,USD,1,1,1583663
D#1645671,XAUUSD,100,7349874591907410669,7349874591887340635,7349874591975618265,7349874591975618101,23,2026-04-24T15:48:39.000Z,2026-04-24T15:49:02.000Z,-1.5,1.43,-1.86,-0.36,0,0.01,4727.19,4725.47,,,BUY,USD,1,1,1583663
D#1702673,XAUUSD,100,7349874591907411859,7349874591887340837,7349874591975620199,7349874591975619831,855,2026-04-24T15:52:51.000Z,2026-04-24T16:07:06.000Z,106.8,-108.2,99.8,-7,0,0.2,4728.48,4723.36,4730.44,4723.73,SELL,USD,1,1,1583663
D#1702673,XAUUSD,100,7349874591907412051,7349874591887341253,7349874591975624831,7349874591975624522,129,2026-04-24T16:07:19.000Z,2026-04-24T16:09:28.000Z,40.6,-42.0,33.6,-7,0,0.2,4722.81,4721,4722.99,4720.83,SELL,USD,1,1,1583663
D#1670996,XAUUSD,100,7349874591907412251,7349874591887341412,7349874591975626406,7349874591975626238,32,2026-04-24T16:12:27.000Z,2026-04-24T16:12:59.000Z,1.28,-1.35,0.92,-0.36,0,0.01,4723.35,4722.29,,,SELL,USD,1,1,1583663
D#1671069,XAUUSD,100,7349874591907412503,7349874591887336889,7349874591975627886,7349874591975587040,6477,2026-04-24T14:29:40.000Z,2026-04-24T16:17:37.000Z,50,-50.7,46.5,-3.5,0,0.1,4724.98,4720.2,,4691.19,SELL,USD,1,1,1583663
D#1702696,XAUUSD,100,7349874591907412673,7349874591887333032,7349874591975628938,7349874591975562555,9185,2026-04-24T13:48:16.000Z,2026-04-24T16:21:21.000Z,39.06,-39.27,38,-1.06,0,0.03,4710.54,4723.34,4689.29,4742.27,BUY,USD,1,1,1583663
D#1702673,XAUUSD,100,7349874591907412890,7349874591887341441,7349874591975627017,7349874591975626633,673,2026-04-24T16:13:48.000Z,2026-04-24T16:25:01.000Z,-41.4,40.0,-48.4,-7,0,0.2,4723.07,4725.36,4724.97,4718.37,SELL,USD,1,1,1583663
D#1671069,XAUUSD,100,7349874591907413377,7349874591887341576,7349874591975632231,7349874591975628186,780,2026-04-24T16:18:40.000Z,2026-04-24T16:31:40.000Z,116.6,-118.0,109.6,-7,0,0.2,4720.89,4726.5,,,BUY,USD,1,1,1583663
D#1702673,XAUUSD,100,7349874591907413624,7349874591887341783,7349874591975631863,7349874591975630370,599,2026-04-24T16:25:53.000Z,2026-04-24T16:35:52.000Z,-3.6,2.2,-10.6,-7,0,0.2,4724.18,4723.78,4724.06,4728.31,BUY,USD,1,1,1583663
D#1702673,XAUUSD,100,7349874591907413955,7349874591887342164,7349874591975634091,7349874591975633969,348,2026-04-24T16:36:32.000Z,2026-04-24T16:42:20.000Z,60.8,-62.2,53.8,-7,0,0.2,4724.33,4721.51,4725.82,4721.57,SELL,USD,1,1,1583663
D#1671069,XAUUSD,100,7349874591907413960,7349874591887342020,7349874591975634833,7349874591975632309,632,2026-04-24T16:31:55.000Z,2026-04-24T16:42:27.000Z,91.2,-92.6,84.2,-7,0,0.2,4725.64,4721.3,,4721.15,SELL,USD,1,1,1583663
D#1671069,XAUUSD,100,7349874591907414312,7349874591887342382,7349874591975636378,7349874591975636343,284,2026-04-24T16:44:56.000Z,2026-04-24T16:49:40.000Z,48.8,-50.2,41.8,-7,0,0.2,4722.78,4720.56,,4720.73,SELL,USD,1,1,1583663
D#1645671,XAUUSD,100,7349874591907414474,7349874591887342101,7349874591975638734,7349874591975633322,1155,2026-04-24T16:34:24.000Z,2026-04-24T16:53:39.000Z,-6.32,6.04,-7.72,-1.4,0,0.04,4725.24,4723.44,,4829.28,BUY,USD,1,1,1583663
D#1702673,XAUUSD,100,7349874591907414577,7349874591887342401,7349874591975637215,7349874591975636588,581,2026-04-24T16:45:49.000Z,2026-04-24T16:55:30.000Z,-28.2,26.8,-35.2,-7,0,0.2,4723.8,4725.43,4725.29,4720.12,SELL,USD,1,1,1583663
D#1702579,XAUUSD,100,7349874591907414698,7349874591887342479,7349874591975640002,7349874591975637677,518,2026-04-24T16:49:37.000Z,2026-04-24T16:58:15.000Z,-26.6,26.25,-28.36,-1.76,0,0.05,4720.84,4726.38,,4709,SELL,USD,1,1,1583663
D#1702370,XAUUSD,100,7349874591907414885,7349874591887342499,7349874591975638203,7349874591975638009,587,2026-04-24T16:50:51.000Z,2026-04-24T17:00:38.000Z,-32.35,32.0,-34.11,-1.76,0,0.05,4722.3,4728.99,4728.7,4712.11,SELL,USD,1,1,1583663
D#1702460,XAUUSD,100,7349874591907415078,7349874591887342375,7349874591975642032,7349874591975636221,1177,2026-04-24T16:44:26.000Z,2026-04-24T17:04:03.000Z,55.2,-55.9,51.7,-3.5,0,0.1,4722.71,4728.01,4722.96,4737.88,BUY,USD,1,1,1583663
D#1702673,XAUUSD,100,7349874591907415090,7349874591887342735,7349874591975641478,7349874591975640610,265,2026-04-24T17:00:05.000Z,2026-04-24T17:04:30.000Z,2.2,-3.6,-4.8,-7,0,0.2,4727.76,4727.65,4727.82,4730.38,BUY,USD,1,1,1583663
D#1702579,XAUUSD,100,7349874591907415093,7349874591887342662,7349874591975642153,7349874591975640065,365,2026-04-24T16:58:26.000Z,2026-04-24T17:04:31.000Z,4.5,-5.2,1,-3.5,0,0.1,4727.07,4727.3,,4733,BUY,USD,1,1,1583663
D#1645671,XAUUSD,100,7349874591907415374,7349874591887343007,7349874591975644246,7349874591975644202,10,2026-04-24T17:12:01.000Z,2026-04-24T17:12:11.000Z,-0.09,0.02,-0.45,-0.36,0,0.01,4727.14,4726.83,,,BUY,USD,1,1,1583663
D#1645671,XAUUSD,100,7349874591907415386,7349874591887343015,7349874591975644349,7349874591975644325,6,2026-04-24T17:12:29.000Z,2026-04-24T17:12:35.000Z,1.4,-2.1,-2.1,-3.5,0,0.1,4726.8,4726.72,,,BUY,USD,1,1,1583663
D#1702579,XAUUSD,100,7349874591907415604,7349874591887342863,7349874591975645734,7349874591975642180,789,2026-04-24T17:04:35.000Z,2026-04-24T17:17:44.000Z,-9.5,8.8,-13,-3.5,0,0.1,4727.2,4728.37,,4719.45,SELL,USD,1,1,1583663
D#1702551,XAUUSD,100,7349874591907415662,7349874591887326672,7349874591975646200,7349874591975513404,19710,2026-04-24T11:51:11.000Z,2026-04-24T17:19:41.000Z,22.82,-22.89,22.46,-0.36,0,0.01,4706.34,4728.94,,,BUY,USD,1,1,1583663
D#1702673,XAUUSD,100,7349874591907415816,7349874591887342895,7349874591975642774,7349874591975642520,994,2026-04-24T17:05:42.000Z,2026-04-24T17:22:16.000Z,80,-81.4,73,-7,0,0.2,4728.03,4724.25,,4724.36,SELL,USD,1,1,1583663
D#1702673,XAUUSD,100,7349874591907416416,7349874591887343461,7349874591975649064,7349874591975648968,110,2026-04-24T17:28:39.000Z,2026-04-24T17:30:29.000Z,83.4,-84.8,76.4,-7,0,0.2,4725.93,4721.98,4728.26,4722.29,SELL,USD,1,1,1583663
D#1702370,XAUUSD,100,7349874591907416598,7349874591887343203,7349874591975650182,7349874591975646708,646,2026-04-24T17:21:31.000Z,2026-04-24T17:32:17.000Z,28.7,-29.05,26.94,-1.76,0,0.05,4726.12,4720.6,,,SELL,USD,1,1,1583663
D#1702435,XAUUSD,100,7349874591907417052,7349874591887343192,7349874591975652525,7349874591975646590,1111,2026-04-24T17:21:06.000Z,2026-04-24T17:39:37.000Z,208.8,-211.6,194.8,-14,0,0.4,4726.6,4721.6,4726.46,4716.6,SELL,USD,1,1,1583663
D#1702701,XAUUSD,100,7349874591907417055,7349874591887343732,7349874591975652544,7349874591975651817,147,2026-04-24T17:37:13.000Z,2026-04-24T17:39:40.000Z,-106.5,104.4,-117,-10.5,0,0.3,4725.24,4721.47,4713.63,4742.14,BUY,USD,1,1,1583663
D#1702673,XAUUSD,100,7349874591907417784,7349874591887343810,7349874591975652852,7349874591975652651,882,2026-04-24T17:40:03.000Z,2026-04-24T17:54:45.000Z,108.2,-109.6,101.2,-7,0,0.2,4722.29,4727.48,4720.49,4726.92,BUY,USD,1,1,1583663
D#1702435,XAUUSD,100,7349874591907417796,7349874591887343833,7349874591975653224,7349874591975652824,850,2026-04-24T17:40:35.000Z,2026-04-24T17:54:45.000Z,205.6,-208.4,191.6,-14,0,0.4,4722.28,4727.2,4718.22,4727.18,BUY,USD,1,1,1583663
D#1702579,XAUUSD,100,7349874591907417957,7349874591887343795,7349874591975656871,7349874591975652474,1025,2026-04-24T17:39:27.000Z,2026-04-24T17:56:32.000Z,31.3,-32.0,27.8,-3.5,0,0.1,4721.83,4724.74,4718.5,4733,BUY,USD,1,1,1583663
D#1702435,XAUUSD,100,7349874591907418053,7349874591887344205,7349874591975657733,7349874591975657062,149,2026-04-24T17:57:17.000Z,2026-04-24T17:59:46.000Z,16.8,-18.2,9.8,-7,0,0.2,4724.31,4723.69,,4722.96,SELL,USD,1,1,1583663
D#1670924,XAUUSD,100,7349874591907418135,7349874591887344251,7349874591975658246,7349874591975657795,110,2026-04-24T18:00:02.000Z,2026-04-24T18:01:52.000Z,0.4,-1.8,-6.6,-7,0,0.2,4723.95,4723.75,,4729.31,BUY,USD,1,1,1583663
D#1670924,XAUUSD,100,7349874591907418217,7349874591887344297,7349874591975658781,7349874591975658393,95,2026-04-24T18:02:28.000Z,2026-04-24T18:04:03.000Z,65.2,-68.0,51.2,-14,0,0.4,4724.79,4723.38,,4722.37,SELL,USD,1,1,1583663
D#1670924,XAUUSD,100,7349874591907418334,7349874591887344360,7349874591975659380,7349874591975659076,65,2026-04-24T18:05:14.000Z,2026-04-24T18:06:19.000Z,-50.4,47.6,-64.4,-14,0,0.4,4722.28,4720.8,,4724.59,BUY,USD,1,1,1583663
D#1702742,XAUUSD,100,7349874591907418368,7349874591887319140,7349874591975659674,7349874591975439300,39179,2026-04-24T07:14:21.000Z,2026-04-24T18:07:20.000Z,40.66,-40.73,40.3,-0.36,0,0.01,4681.1,4721.54,,,BUY,USD,1,1,1583663
D#1670924,XAUUSD,100,7349874591907418612,7349874591887344394,7349874591975661615,7349874591975659521,557,2026-04-24T18:06:47.000Z,2026-04-24T18:16:04.000Z,-111.2,108.4,-125.2,-14,0,0.4,4721.44,4724.44,,4718.73,SELL,USD,1,1,1583663
D#1702385,XAUUSD,100,7349874591907418963,7349874591887340512,7349874591975617611,7349874591975617249,9620,2026-04-24T15:46:53.000Z,2026-04-24T18:27:13.000Z,-79.12,78.56,-81.92,-2.8,0,0.08,4729.32,4719.21,4719.2,4743.6,BUY,USD,1,1,1583663
D#1645671,XAUUSD,100,7349874591907418961,7349874591887343084,7349874591975645819,7349874591975645123,4292,2026-04-24T17:15:41.000Z,2026-04-24T18:27:13.000Z,421,-424.5,412.25,-8.75,0,0.5,4727.56,4719.36,,4719.09,SELL,USD,1,1,1583663
D#1670862,XAUUSD,100,7349874591907418985,7349874591887343767,7349874591975664269,7349874591975652179,2937,2026-04-24T17:38:24.000Z,2026-04-24T18:27:21.000Z,-273.5,270.0,-291,-17.5,0,0.5,4723.94,4718.25,,4732.84,BUY,USD,1,1,1583663
D#1670924,XAUUSD,100,7349874591907418989,7349874591887344545,7349874591975664273,7349874591975661802,632,2026-04-24T18:16:49.000Z,2026-04-24T18:27:21.000Z,-108,105.2,-122,-14,0,0.4,4721.35,4718.43,,4724.06,BUY,USD,1,1,1583663
D#1702356,XAUUSD,100,7349874591907418994,7349874591887341464,7349874591975664286,7349874591975626865,7975,2026-04-24T16:14:28.000Z,2026-04-24T18:27:23.000Z,19,-19.35,17.24,-1.76,0,0.05,4722.54,4718.96,4733.28,4717.31,SELL,USD,1,1,1583663
D#1645671,XAUUSD,100,7349874591907419017,7349874591887344724,7349874591975664439,7349874591975664401,11,2026-04-24T18:27:47.000Z,2026-04-24T18:27:58.000Z,-0.03,-0.04,-0.39,-0.36,0,0.01,4718.93,4719.18,,,SELL,USD,1,1,1583663
D#1645671,XAUUSD,100,7349874591907419032,7349874591887344726,7349874591975664522,7349874591975664469,13,2026-04-24T18:28:05.000Z,2026-04-24T18:28:18.000Z,0.29,-0.36,-0.07,-0.36,0,0.01,4718.56,4718.49,,,SELL,USD,1,1,1583663
D#1671069,XAUUSD,100,7349874591907419035,7349874591887343285,7349874591975664541,7349874591975647538,3868,2026-04-24T17:23:53.000Z,2026-04-24T18:28:21.000Z,103.2,-104.6,96.2,-7,0,0.2,4723.43,4718.49,,4710.1,SELL,USD,1,1,1583663
D#1645671,XAUUSD,100,7349874591907419052,7349874591887344737,7349874591975664590,7349874591975664546,8,2026-04-24T18:28:22.000Z,2026-04-24T18:28:30.000Z,0.32,-0.39,-0.04,-0.36,0,0.01,4718.36,4718.26,,,SELL,USD,1,1,1583663
D#1645671,XAUUSD,100,7349874591907419151,7349874591887344793,7349874591975665247,7349874591975665222,5,2026-04-24T18:31:00.000Z,2026-04-24T18:31:05.000Z,36.5,-40.0,19,-17.5,0,0.5,4717.38,4717.89,,,BUY,USD,1,1,1583663
D#1671060,XAUUSD,100,7349874591907420021,7349874591887338748,7349874591975671353,7349874591975601773,14006,2026-04-24T15:04:15.000Z,2026-04-24T18:57:41.000Z,17.36,-17.92,14.56,-2.8,0,0.08,4724.04,4722.09,4762.33,4689.44,SELL,USD,1,1,1583663
D#1702553,XAUUSD,100,7349874591907420941,7349874591887345475,7349874591975675148,7349874591975674985,623,2026-04-24T19:13:48.000Z,2026-04-24T19:24:11.000Z,50.5,-51.2,47,-3.5,0,0.1,4722.74,4717.91,4728.01,4718.01,SELL,USD,1,1,1583663
D#1702553,XAUUSD,100,7349874591907421191,7349874591887345642,7349874591975677546,7349874591975677428,395,2026-04-24T19:25:07.000Z,2026-04-24T19:31:42.000Z,20.68,-21.45,16.82,-3.86,0,0.11,4718.73,4720.39,4715.15,4720.44,BUY,USD,1,1,1583663
D#1671057,XAUUSD,100,7349874591907421389,7349874591887341599,7349874591975680162,7349874591975628373,11907,2026-04-24T16:19:19.000Z,2026-04-24T19:37:46.000Z,4.34,-4.48,3.64,-0.7,0,0.02,4720.14,4718.19,,,SELL,USD,1,1,1583663
D#1702553,XAUUSD,100,7349874591907421729,7349874591887345901,7349874591975681336,7349874591975681251,303,2026-04-24T19:42:38.000Z,2026-04-24T19:47:41.000Z,-15.73,14.96,-19.59,-3.86,0,0.11,4716.56,4718.21,4718,4715.28,SELL,USD,1,1,1583663
D#1702553,XAUUSD,100,7349874591907421782,7349874591887345966,7349874591975682642,7349874591975682553,54,2026-04-24T19:48:44.000Z,2026-04-24T19:49:38.000Z,13.31,-14.08,9.45,-3.86,0,0.11,4717.27,4716.28,4718.83,4716.12,SELL,USD,1,1,1583663
D#1670872,XAUUSD,100,7349874591907421873,7349874591887344763,7349874591975683377,7349874591975664955,4923,2026-04-24T18:30:00.000Z,2026-04-24T19:52:03.000Z,3.3,-3.65,1.54,-1.76,0,0.05,4717.02,4716.58,4726.94,4715.5,SELL,USD,1,1,1583663
D#1702458,XAUUSD,100,7349874591907421969,7349874591887337035,7349874591975683929,7349874591975588130,19345,2026-04-24T14:32:04.000Z,2026-04-24T19:54:29.000Z,62.16,-62.65,59.7,-2.46,0,0.07,4725.81,4717.15,4733.9,4706.59,SELL,USD,1,1,1583663
D#1702553,XAUUSD,100,7349874591907422031,7349874591887346007,7349874591975683300,7349874591975683163,295,2026-04-24T19:51:07.000Z,2026-04-24T19:56:02.000Z,14.28,-15.12,10.08,-4.2,0,0.12,4716.22,4715.25,4718.81,4715.11,SELL,USD,1,1,1583663
D#1702354,XAUUSD,100,7349874591907422041,7349874591887336758,7349874591975684322,7349874591975586058,19709,2026-04-24T14:27:41.000Z,2026-04-24T19:56:10.000Z,-68.1,67.4,-71.6,-3.5,0,0.1,4722.23,4715.2,4714.77,4775.04,BUY,USD,1,1,1583663
D#1702479,XAUUSD,100,7349874591907422067,7349874591887338863,7349874591975602760,7349874591975598302,17372,2026-04-24T15:06:48.000Z,2026-04-24T19:56:20.000Z,-108,106.6,-115,-7,0,0.2,4720.13,4714.51,4714.58,4740.21,BUY,USD,1,1,1583663
D#1702553,XAUUSD,100,7349874591907422284,7349874591887346119,7349874591975685137,7349874591975684881,179,2026-04-24T19:58:25.000Z,2026-04-24T20:01:24.000Z,32.88,-33.72,28.68,-4.2,0,0.12,4716.45,4713.93,4719.41,4713.84,SELL,USD,1,1,1583663
D#1702463,XAUUSD,100,7349874591907422296,7349874591887341560,7349874591975628086,7349874591975628001,13422,2026-04-24T16:18:02.000Z,2026-04-24T20:01:44.000Z,-38.82,38.4,-40.92,-2.1,0,0.06,4720.36,4713.67,4713.78,4742.81,BUY,USD,1,1,1583663
D#1702385,XAUUSD,100,7349874591907422306,7349874591887344946,7349874591975667467,7349874591975667466,4919,2026-04-24T18:39:45.000Z,2026-04-24T20:01:44.000Z,-52.48,51.92,-55.28,-2.8,0,0.08,4719.83,4713.05,4713.67,4734,BUY,USD,1,1,1583663
D#1702621,XAUUSD,100,7349874591907422388,7349874591887342092,7349874591975633471,7349874591975633245,12564,2026-04-24T16:34:10.000Z,2026-04-24T20:03:34.000Z,-102.69,102.2,-105.15,-2.46,0,0.07,4726.56,4711.67,4711.83,4742.92,BUY,USD,1,1,1583663
D#1671093,XAUUSD,100,7349874591907422430,7349874591887335901,7349874591975579767,7349874591975579762,20979,2026-04-24T14:15:08.000Z,2026-04-24T20:04:47.000Z,-71.08,70.8,-72.48,-1.4,0,0.04,4729.3,4711.31,4711.45,4750.44,BUY,USD,1,1,1583663
D#1702661,XAUUSD,100,7349874591907422444,7349874591887344429,7349874591975686411,7349874591975659905,7018,2026-04-24T18:08:12.000Z,2026-04-24T20:05:10.000Z,408.4,-411.2,394.4,-14,0,0.4,4721.49,4711.5,,,SELL,USD,1,1,1583663
D#1670872,XAUUSD,100,7349874591907422570,7349874591887346253,7349874591975687084,7349874591975686939,45,2026-04-24T20:08:01.000Z,2026-04-24T20:08:46.000Z,6.35,-6.7,4.59,-1.76,0,0.05,4710.93,4709.88,,4709.5,SELL,USD,1,1,1583663
D#1702719,XAUUSD,100,7349874591907422633,7349874591887345357,7349874591975687465,7349874591975673087,3961,2026-04-24T19:04:42.000Z,2026-04-24T20:10:43.000Z,56.67,-57.09,54.56,-2.11,0,0.06,4724.42,4709.53,4732,4680,SELL,USD,1,1,1583663
D#1702616,XAUUSD,100,7349874591907422967,7349874591887345766,7349874591975689713,7349874591975679157,3123,2026-04-24T19:32:59.000Z,2026-04-24T20:25:02.000Z,62.95,-63.3,61.19,-1.76,0,0.05,4719.81,4707.44,4733.28,4692.56,SELL,USD,1,1,1583663
D#1671093,XAUUSD,100,7349874591907422992,7349874591887346411,7349874591975689970,7349874591975689605,151,2026-04-24T20:24:10.000Z,2026-04-24T20:26:41.000Z,-1.45,1.1,-3.21,-1.76,0,0.05,4707.95,4707.44,4691.52,,BUY,USD,1,1,1583663
