accountId,instrument,lotSize,closeTradeId,positionId,closeOrderId,openOrderId,durationSec,openDateTime,closeDateTime,profit,reverseProfit,netProfit,commission,swap,amount,openPrice,closePrice,slPrice,tpPrice,side,currency,openTradeCrossPrice,closeTradeCrossPrice,userGroupId
D#1702433,XAUUSD,100,7.34987E+18,7.34987E+18,7.34987E+18,7.34987E+18,46,2026-03-27T01:02:46.000Z,2026-03-27T01:03:32.000Z,23.2,-23.525,21.44,-1.76,0,0.05,4382.64,4387.06,,,BUY,USD,1,1,1583663
D#1671059,XAUUSD,100,7.34987E+18,7.34987E+18,7.34987E+18,7.34987E+18,152,2026-03-27T01:02:29.000Z,2026-03-27T01:05:01.000Z,25.2,-25.525,23.44,-1.76,0,0.05,4383.37,4388.19,,,BUY,USD,1,1,1583663
D#1671085,XAUUSD,100,7.34987E+18,7.34987E+18,7.34987E+18,7.34987E+18,281,2026-03-27T01:01:18.000Z,2026-03-27T01:05:59.000Z,50.2,-50.85,46.7,-3.5,0,0.1,4386.86,4391.66,,,BUY,USD,1,1,1583663
D#1702695,XAUUSD,100,7.34987E+18,7.34987E+18,7.34987E+18,7.34987E+18,243,2026-03-27T01:02:08.000Z,2026-03-27T01:06:11.000Z,39.78,-40.17,37.68,-2.1,0,0.06,4384.94,4391.35,,,BUY,USD,1,1,1583663
D#1702364,XAUUSD,100,7.34987E+18,7.34987E+18,7.34987E+18,7.34987E+18,96,2026-03-27T01:05:07.000Z,2026-03-27T01:06:43.000Z,29.4,-31.35,18.9,-10.5,0,0.3,4388.73,4389.49,4389.6,4401.97,BUY,USD,1,1,1583663
D#1670968,XAUUSD,100,7.34987E+18,7.34987E+18,7.34987E+18,7.34987E+18,55,2026-03-27T01:06:32.000Z,2026-03-27T01:07:27.000Z,1.83,-1.895,1.47,-0.36,0,0.01,4391.41,4389.8,,,SELL,USD,1,1,1583663
D#1671059,XAUUSD,100,7.34987E+18,7.34987E+18,7.34987E+18,7.34987E+18,187,2026-03-27T01:05:06.000Z,2026-03-27T01:08:13.000Z,7.2,-8.175,1.94,-5.26,0,0.15,4388.67,4388.93,4389.2,4399,BUY,USD,1,1,1583663
D#1702433,XAUUSD,100,7.34987E+18,7.34987E+18,7.34987E+18,7.34987E+18,127,2026-03-27T01:07:43.000Z,2026-03-27T01:09:50.000Z,29.8,-30.45,26.3,-3.5,0,0.1,4389.86,4392.62,,,BUY,USD,1,1,1583663
D#1671059,XAUUSD,100,7.34987E+18,7.34987E+18,7.34987E+18,7.34987E+18,132,2026-03-27T01:08:15.000Z,2026-03-27T01:10:27.000Z,-61.2,60.225,-66.46,-5.26,0,0.15,4388.8,4393.1,4393.1,,SELL,USD,1,1,1583663
D#1589456,XAUUSD,100,7.34987E+18,7.34987E+18,7.34987E+18,7.34987E+18,223,2026-03-27T01:06:46.000Z,2026-03-27T01:10:29.000Z,103.95,-105.315,96.59,-7.36,0,0.21,4390.15,4394.88,,4394.52,BUY,USD,1,1,1583663
D#1702364,XAUUSD,100,7.34987E+18,7.34987E+18,7.34987E+18,7.34987E+18,51,2026-03-27T01:09:38.000Z,2026-03-27T01:10:29.000Z,74.1,-76.05,63.6,-10.5,0,0.3,4392.63,4394.88,4388.28,4394.44,BUY,USD,1,1,1583663
D#1671085,XAUUSD,100,7.34987E+18,7.34987E+18,7.34987E+18,7.34987E+18,286,2026-03-27T01:06:02.000Z,2026-03-27T01:10:48.000Z,51.1,-51.75,47.6,-3.5,0,0.1,4392.48,4397.37,4372.39,4411.18,BUY,USD,1,1,1583663
D#1702433,XAUUSD,100,7.34987E+18,7.34987E+18,7.34987E+18,7.34987E+18,106,2026-03-27T01:10:53.000Z,2026-03-27T01:12:39.000Z,29.1,-29.75,25.6,-3.5,0,0.1,4396.09,4398.78,,,BUY,USD,1,1,1583663
D#1671059,XAUUSD,100,7.34987E+18,7.34987E+18,7.34987E+18,7.34987E+18,220,2026-03-27T01:10:29.000Z,2026-03-27T01:14:09.000Z,-2,0.7,-9,-7,0,0.2,4394.78,4394.46,4395.53,4401.69,BUY,USD,1,1,1583663
D#1671054,XAUUSD,100,7.34987E+18,7.34987E+18,7.34987E+18,7.34987E+18,71,2026-03-27T01:12:58.000Z,2026-03-27T01:14:09.000Z,-58,56.7,-65,-7,0,0.2,4397.58,4394.46,4395.47,4402.22,BUY,USD,1,1,1583663
D#1671059,XAUUSD,100,7.34987E+18,7.34987E+18,7.34987E+18,7.34987E+18,11,2026-03-27T01:14:11.000Z,2026-03-27T01:14:22.000Z,14.4,-15.7,7.4,-7,0,0.2,4394.18,4393.68,,,SELL,USD,1,1,1583663
D#1702433,XAUUSD,100,7.34987E+18,7.34987E+18,7.34987E+18,7.34987E+18,45,2026-03-27T01:13:40.000Z,2026-03-27T01:14:25.000Z,-59.55,58.575,-64.81,-5.26,0,0.15,4397.29,4393.1,,,BUY,USD,1,1,1583663
D#1671066,XAUUSD,100,7.34987E+18,7.34987E+18,7.34987E+18,7.34987E+18,735,2026-03-27T01:02:38.000Z,2026-03-27T01:14:53.000Z,26.32,-26.45,25.62,-0.7,0,0.02,4381.13,4394.07,4355.69,4437.96,BUY,USD,1,1,1583663
D#1671059,XAUUSD,100,7.34987E+18,7.34987E+18,7.34987E+18,7.34987E+18,41,2026-03-27T01:14:37.000Z,2026-03-27T01:15:18.000Z,-2.6,1.3,-9.6,-7,0,0.2,4394.36,4394.01,4394.44,,BUY,USD,1,1,1583663
D#1702599,XAUUSD,100,7.34987E+18,7.34987E+18,7.34987E+18,7.34987E+18,30,2026-03-27T01:16:36.000Z,2026-03-27T01:17:06.000Z,-137.76,134.64,-154.56,-16.8,0,0.48,4394.01,4397.1,,,SELL,USD,1,1,1583663
D#1671059,XAUUSD,100,7.34987E+18,7.34987E+18,7.34987E+18,7.34987E+18,116,2026-03-27T01:15:30.000Z,2026-03-27T01:17:26.000Z,-74.8,73.5,-81.8,-7,0,0.2,4393.96,4397.92,4397.42,4386.73,SELL,USD,1,1,1583663
D#1671054,XAUUSD,100,7.34987E+18,7.34987E+18,7.34987E+18,7.34987E+18,87,2026-03-27T01:15:59.000Z,2026-03-27T01:17:26.000Z,-59.55,58.575,-64.81,-5.26,0,0.15,4393.73,4397.92,4397.38,4388.38,SELL,USD,1,1,1583663
D#1702599,XAUUSD,100,7.34987E+18,7.34987E+18,7.34987E+18,7.34987E+18,49,2026-03-27T01:17:21.000Z,2026-03-27T01:18:10.000Z,-50.88,47.76,-67.68,-16.8,0,0.48,4397.34,4396.06,,,BUY,USD,1,1,1583663
D#1671059,XAUUSD,100,7.34987E+18,7.34987E+18,7.34987E+18,7.34987E+18,53,2026-03-27T01:17:28.000Z,2026-03-27T01:18:21.000Z,-64.4,63.1,-71.4,-7,0,0.2,4399.09,4395.65,,,BUY,USD,1,1,1583663
D#1702572,XAUUSD,100,7.34987E+18,7.34987E+18,7.34987E+18,7.34987E+18,320,2026-03-27T01:13:24.000Z,2026-03-27T01:18:44.000Z,16.6,-16.925,14.84,-1.76,0,0.05,4396.78,4393.68,4401,4392,SELL,USD,1,1,1583663
D#1670934,XAUUSD,100,7.34987E+18,7.34987E+18,7.34987E+18,7.34987E+18,905,2026-03-27T01:03:41.000Z,2026-03-27T01:18:46.000Z,23.48,-23.74,22.08,-1.4,0,0.04,4387.36,4393.01,4393.19,4399.92,BUY,USD,1,1,1583663
D#1702552,XAUUSD,100,7.34987E+18,7.34987E+18,7.34987E+18,7.34987E+18,217,2026-03-27T01:15:27.000Z,2026-03-27T01:19:04.000Z,25.1,-25.75,21.6,-3.5,0,0.1,4394.52,4392.23,,,SELL,USD,1,1,1583663
D#1671050,XAUUSD,100,7.34987E+18,7.34987E+18,7.34987E+18,7.34987E+18,317,2026-03-27T01:16:04.000Z,2026-03-27T01:21:21.000Z,19.24,-20.085,14.68,-4.56,0,0.13,4394.04,4392.78,,,SELL,USD,1,1,1583663
D#1702552,XAUUSD,100,7.34987E+18,7.34987E+18,7.34987E+18,7.34987E+18,106,2026-03-27T01:20:04.000Z,2026-03-27T01:21:50.000Z,77.6,-78.9,70.6,-7,0,0.2,4391.42,4395.08,,,BUY,USD,1,1,1583663
D#1702364,XAUUSD,100,7.34987E+18,7.34987E+18,7.34987E+18,7.34987E+18,186,2026-03-27T01:18:59.000Z,2026-03-27T01:22:05.000Z,58.2,-60.15,47.7,-10.5,0,0.3,4393.5,4395.22,4394.13,4395.81,BUY,USD,1,1,1583663
D#1702707,XAUUSD,100,7.34987E+18,7.34987E+18,7.34987E+18,7.34987E+18,1069,2026-03-27T01:06:57.000Z,2026-03-27T01:24:46.000Z,86.6,-87.25,83.1,-3.5,0,0.1,4391.36,4399.8,4381.02,4399.62,BUY,USD,1,1,1583663
D#1671050,XAUUSD,100,7.34987E+18,7.34987E+18,7.34987E+18,7.34987E+18,169,2026-03-27T01:22:08.000Z,2026-03-27T01:24:57.000Z,-91.26,90.415,-95.82,-4.56,0,0.13,4394.62,4401.86,,,SELL,USD,1,1,1583663
D#1671050,XAUUSD,100,7.34987E+18,7.34987E+18,7.34987E+18,7.34987E+18,41,2026-03-27T01:25:27.000Z,2026-03-27T01:26:08.000Z,-36.01,35.165,-40.57,-4.56,0,0.13,4400.04,4403.03,,,SELL,USD,1,1,1583663
D#1702473,XAUUSD,100,7.34987E+18,7.34987E+18,7.34987E+18,7.34987E+18,264,2026-03-27T01:22:00.000Z,2026-03-27T01:26:24.000Z,73,-73.65,69.5,-3.5,0,0.1,4395.35,4402.43,4395.95,4410.43,BUY,USD,1,1,1583663
D#1702590,XAUUSD,100,7.34987E+18,7.34987E+18,7.34987E+18,7.34987E+18,782,2026-03-27T01:14:40.000Z,2026-03-27T01:27:42.000Z,108.8,-109.45,105.3,-3.5,0,0.1,4394.67,4405.33,4390.66,4405.67,BUY,USD,1,1,1583663
D#1702373,XAUUSD,100,7.34987E+18,7.34987E+18,7.34987E+18,7.34987E+18,630,2026-03-27T01:17:18.000Z,2026-03-27T01:27:48.000Z,200.8,-202.1,193.8,-7,0,0.2,4396.11,4405.93,4389.71,4406.05,BUY,USD,1,1,1583663
D#1671050,XAUUSD,100,7.34987E+18,7.34987E+18,7.34987E+18,7.34987E+18,248,2026-03-27T01:26:14.000Z,2026-03-27T01:30:22.000Z,-86.97,86.125,-91.53,-4.56,0,0.13,4402.32,4409.23,,,SELL,USD,1,1,1583663
D#1671050,XAUUSD,100,7.34987E+18,7.34987E+18,7.34987E+18,7.34987E+18,7,2026-03-27T01:30:33.000Z,2026-03-27T01:30:40.000Z,5.85,-6.695,1.29,-4.56,0,0.13,4407.65,4407.42,,,SELL,USD,1,1,1583663
D#1702433,XAUUSD,100,7.34987E+18,7.34987E+18,7.34987E+18,7.34987E+18,973,2026-03-27T01:14:28.000Z,2026-03-27T01:30:41.000Z,-209.1,208.125,-214.36,-5.26,0,0.15,4393.18,4407.34,,,SELL,USD,1,1,1583663
D#1671085,XAUUSD,100,7.34987E+18,7.34987E+18,7.34987E+18,7.34987E+18,1163,2026-03-27T01:11:23.000Z,2026-03-27T01:30:46.000Z,60.41,-60.865,57.95,-2.46,0,0.07,4396.66,4405.07,,,BUY,USD,1,1,1583663
D#1702572,XAUUSD,100,7.34987E+18,7.34987E+18,7.34987E+18,7.34987E+18,358,2026-03-27T01:24:48.000Z,2026-03-27T01:30:46.000Z,21.65,-21.975,19.89,-1.76,0,0.05,4400.31,4404.42,4404.84,,BUY,USD,1,1,1583663
D#1702364,XAUUSD,100,7.34987E+18,7.34987E+18,7.34987E+18,7.34987E+18,19,2026-03-27T01:31:11.000Z,2026-03-27T01:31:30.000Z,99.6,-101.55,89.1,-10.5,0,0.3,4407.68,4410.78,4403.29,4410.9,BUY,USD,1,1,1583663
D#1702671,XAUUSD,100,7.34987E+18,7.34987E+18,7.34987E+18,7.34987E+18,1294,2026-03-27T01:10:00.000Z,2026-03-27T01:31:34.000Z,103.35,-103.675,101.59,-1.76,0,0.05,4392.84,4413.29,4394.31,4413.03,BUY,USD,1,1,1583663
D#1614603,XAUUSD,100,7.34987E+18,7.34987E+18,7.34987E+18,7.34987E+18,269,2026-03-27T01:27:06.000Z,2026-03-27T01:31:35.000Z,-51.95,51.625,-53.71,-1.76,0,0.05,4403.89,4414.5,4413.97,4383.97,SELL,USD,1,1,1583663
D#1702552,XAUUSD,100,7.34987E+18,7.34987E+18,7.34987E+18,7.34987E+18,262,2026-03-27T01:27:16.000Z,2026-03-27T01:31:38.000Z,-233.4,232.1,-240.4,-7,0,0.2,4402.72,4414.61,,,SELL,USD,1,1,1583663
D#1702348,XAUUSD,100,7.34987E+18,7.34987E+18,7.34987E+18,7.34987E+18,39,2026-03-27T01:31:02.000Z,2026-03-27T01:31:41.000Z,18.76,-18.89,18.06,-0.7,0,0.02,4405.64,4414.8,,,BUY,USD,1,1,1583663
D#1671054,XAUUSD,100,7.34987E+18,7.34987E+18,7.34987E+18,7.34987E+18,15,2026-03-27T01:31:27.000Z,2026-03-27T01:31:42.000Z,90.75,-91.725,85.49,-5.26,0,0.15,4409.32,4415.15,,4415.21,BUY,USD,1,1,1583663
D#1702473,XAUUSD,100,7.34987E+18,7.34987E+18,7.34987E+18,7.34987E+18,319,2026-03-27T01:26:29.000Z,2026-03-27T01:31:48.000Z,129,-129.65,125.5,-3.5,0,0.1,4402.33,4415.01,4404.21,4415.69,BUY,USD,1,1,1583663
D#1702376,XAUUSD,100,7.34987E+18,7.34987E+18,7.34987E+18,7.34987E+18,660,2026-03-27T01:20:50.000Z,2026-03-27T01:31:50.000Z,-202.95,202.365,-206.11,-3.16,0,0.09,4392.69,4415.46,,,SELL,USD,1,1,1583663
D#1702385,XAUUSD,100,7.34987E+18,7.34987E+18,7.34987E+18,7.34987E+18,239,2026-03-27T01:28:29.000Z,2026-03-27T01:32:28.000Z,50.1,-50.425,48.34,-1.76,0,0.05,4406.19,4415.99,4394.06,4429.44,BUY,USD,1,1,1583663
D#1671085,XAUUSD,100,7.34987E+18,7.34987E+18,7.34987E+18,7.34987E+18,161,2026-03-27T01:31:01.000Z,2026-03-27T01:33:42.000Z,56.56,-57.015,54.1,-2.46,0,0.07,4405.7,4413.56,,,BUY,USD,1,1,1583663
D#1702348,XAUUSD,100,7.34987E+18,7.34987E+18,7.34987E+18,7.34987E+18,83,2026-03-27T01:32:19.000Z,2026-03-27T01:33:42.000Z,-35,34.35,-38.5,-3.5,0,0.1,4417.25,4413.53,,,BUY,USD,1,1,1583663
D#1702552,XAUUSD,100,7.34987E+18,7.34987E+18,7.34987E+18,7.34987E+18,121,2026-03-27T01:31:45.000Z,2026-03-27T01:33:46.000Z,32,-33.3,25,-7,0,0.2,4415.21,4413.83,,,SELL,USD,1,1,1583663
D#1702373,XAUUSD,100,7.34987E+18,7.34987E+18,7.34987E+18,7.34987E+18,144,2026-03-27T01:32:15.000Z,2026-03-27T01:34:39.000Z,114.8,-116.1,107.8,-7,0,0.2,4416.86,4411.34,4414.28,4411.5,SELL,USD,1,1,1583663
D#1702473,XAUUSD,100,7.34987E+18,7.34987E+18,7.34987E+18,7.34987E+18,253,2026-03-27T01:31:56.000Z,2026-03-27T01:36:09.000Z,12.75,-13.725,7.49,-5.26,0,0.15,4415.3,4414.67,4414.49,4405.95,SELL,USD,1,1,1583663
D#1702373,XAUUSD,100,7.34987E+18,7.34987E+18,7.34987E+18,7.34987E+18,56,2026-03-27T01:35:14.000Z,2026-03-27T01:36:10.000Z,74.4,-75.7,67.4,-7,0,0.2,4411.57,4415.07,4409.53,4415.02,BUY,USD,1,1,1583663
D#1702746,XAUUSD,100,7.34987E+18,7.34987E+18,7.34987E+18,7.34987E+18,43,2026-03-27T01:36:25.000Z,2026-03-27T01:37:08.000Z,85.4,-87.675,73.14,-12.26,0,0.35,4414.61,4412.39,,,SELL,USD,1,1,1583663
D#1702364,XAUUSD,100,7.34987E+18,7.34987E+18,7.34987E+18,7.34987E+18,30,2026-03-27T01:37:07.000Z,2026-03-27T01:37:37.000Z,27,-28.95,16.5,-10.5,0,0.3,4412.51,4411.83,4417.03,4409.79,SELL,USD,1,1,1583663
D#1702572,XAUUSD,100,7.34987E+18,7.34987E+18,7.34987E+18,7.34987E+18,282,2026-03-27T01:33:35.000Z,2026-03-27T01:38:17.000Z,14.7,-15.025,12.94,-1.76,0,0.05,4414.77,4412.05,4412,,SELL,USD,1,1,1583663
D#1702695,XAUUSD,100,7.34987E+18,7.34987E+18,7.34987E+18,7.34987E+18,1781,2026-03-27T01:08:37.000Z,2026-03-27T01:38:18.000Z,115.65,-115.975,113.89,-1.76,0,0.05,4388.88,4411.79,,,BUY,USD,1,1,1583663
D#1702552,XAUUSD,100,7.34987E+18,7.34987E+18,7.34987E+18,7.34987E+18,365,2026-03-27T01:33:55.000Z,2026-03-27T01:40:00.000Z,80,-81.3,73,-7,0,0.2,4413.45,4417.23,,,BUY,USD,1,1,1583663
D#1670934,XAUUSD,100,7.34987E+18,7.34987E+18,7.34987E+18,7.34987E+18,351,2026-03-27T01:34:27.000Z,2026-03-27T01:40:18.000Z,-24.32,24.06,-25.72,-1.4,0,0.04,4412.2,4418.5,4418.19,4406.29,SELL,USD,1,1,1583663
D#1702513,XAUUSD,100,7.34987E+18,7.34987E+18,7.34987E+18,7.34987E+18,312,2026-03-27T01:35:06.000Z,2026-03-27T01:40:18.000Z,-136,134.7,-143,-7,0,0.2,4411.48,4418.5,4418.25,4406.52,SELL,USD,1,1,1583663
D#1702695,XAUUSD,100,7.34987E+18,7.34987E+18,7.34987E+18,7.34987E+18,68,2026-03-27T01:39:10.000Z,2026-03-27T01:40:18.000Z,21.77,-22.225,19.31,-2.46,0,0.07,4415.37,4418.26,4385.49,4418.11,BUY,USD,1,1,1583663
D#1702533,XAUUSD,100,7.34987E+18,7.34987E+18,7.34987E+18,7.34987E+18,306,2026-03-27T01:36:37.000Z,2026-03-27T01:41:43.000Z,-107.6,106.3,-114.6,-7,0,0.2,4414.24,4419.84,,,SELL,USD,1,1,1583663
D#1702473,XAUUSD,100,7.34987E+18,7.34987E+18,7.34987E+18,7.34987E+18,271,2026-03-27T01:38:26.000Z,2026-03-27T01:42:57.000Z,81.15,-82.125,75.89,-5.26,0,0.15,4413.46,4418.65,4418.98,4423.42,BUY,USD,1,1,1583663
D#1671054,XAUUSD,100,7.34987E+18,7.34987E+18,7.34987E+18,7.34987E+18,347,2026-03-27T01:39:10.000Z,2026-03-27T01:44:57.000Z,62.85,-63.825,57.59,-5.26,0,0.15,4415.36,4419.33,4415.6,4421.04,BUY,USD,1,1,1583663
D#1702513,XAUUSD,100,7.34987E+18,7.34987E+18,7.34987E+18,7.34987E+18,165,2026-03-27T01:42:24.000Z,2026-03-27T01:45:09.000Z,12.6,-13.9,5.6,-7,0,0.2,4419.91,4419.5,4421.45,4414.87,SELL,USD,1,1,1583663
D#1702458,XAUUSD,100,7.34987E+18,7.34987E+18,7.34987E+18,7.34987E+18,350,2026-03-27T01:39:58.000Z,2026-03-27T01:45:48.000Z,17.5,-18.15,14,-3.5,0,0.1,4416.72,4418.25,4372.98,4448.33,BUY,USD,1,1,1583663
D#1702364,XAUUSD,100,7.34987E+18,7.34987E+18,7.34987E+18,7.34987E+18,190,2026-03-27T01:43:13.000Z,2026-03-27T01:46:23.000Z,98.4,-100.35,87.9,-10.5,0,0.3,4418.6,4415.54,4418.15,4415.7,SELL,USD,1,1,1583663
D#1670971,XAUUSD,100,7.34987E+18,7.34987E+18,7.34987E+18,7.34987E+18,416,2026-03-27T01:39:32.000Z,2026-03-27T01:46:28.000Z,4,-4.325,2.24,-1.76,0,0.05,4414.83,4415.41,,,BUY,USD,1,1,1583663
D#1702513,XAUUSD,100,7.34987E+18,7.34987E+18,7.34987E+18,7.34987E+18,70,2026-03-27T01:45:46.000Z,2026-03-27T01:46:56.000Z,-62,60.7,-69,-7,0,0.2,4418.39,4415.07,,,BUY,USD,1,1,1583663
D#1702373,XAUUSD,100,7.34987E+18,7.34987E+18,7.34987E+18,7.34987E+18,575,2026-03-27T01:39:16.000Z,2026-03-27T01:48:51.000Z,56.4,-57.7,49.4,-7,0,0.2,4415.89,4413.29,4421.33,,SELL,USD,1,1,1583663
D#1702473,XAUUSD,100,7.34987E+18,7.34987E+18,7.34987E+18,7.34987E+18,358,2026-03-27T01:43:32.000Z,2026-03-27T01:49:30.000Z,97.35,-98.325,92.09,-5.26,0,0.15,4419.18,4412.91,4418.86,4410.09,SELL,USD,1,1,1583663
D#1702695,XAUUSD,100,7.34987E+18,7.34987E+18,7.34987E+18,7.34987E+18,538,2026-03-27T01:40:34.000Z,2026-03-27T01:49:32.000Z,-49.44,48.92,-52.24,-2.8,0,0.08,4418.32,4411.92,4412.04,4433.08,BUY,USD,1,1,1583663
D#1702572,XAUUSD,100,7.34987E+18,7.34987E+18,7.34987E+18,7.34987E+18,156,2026-03-27T01:46:57.000Z,2026-03-27T01:49:33.000Z,11,-11.325,9.24,-1.76,0,0.05,4415.08,4413.1,4413.2,,SELL,USD,1,1,1583663
D#1702473,XAUUSD,100,7.34987E+18,7.34987E+18,7.34987E+18,7.34987E+18,38,2026-03-27T01:49:44.000Z,2026-03-27T01:50:22.000Z,12.4,-13.7,5.4,-7,0,0.2,4412.96,4413.36,4413.49,,BUY,USD,1,1,1583663
D#1702590,XAUUSD,100,7.34987E+18,7.34987E+18,7.34987E+18,7.34987E+18,554,2026-03-27T01:42:07.000Z,2026-03-27T01:51:21.000Z,42.8,-43.45,39.3,-3.5,0,0.1,4419.34,4415.28,4423.1,4407.59,SELL,USD,1,1,1583663
D#1702473,XAUUSD,100,7.34987E+18,7.34987E+18,7.34987E+18,7.34987E+18,132,2026-03-27T01:50:35.000Z,2026-03-27T01:52:47.000Z,2.2,-3.5,-4.8,-7,0,0.2,4413.88,4413.77,4413.98,,BUY,USD,1,1,1583663
D#1702364,XAUUSD,100,7.34987E+18,7.34987E+18,7.34987E+18,7.34987E+18,61,2026-03-27T01:52:01.000Z,2026-03-27T01:53:02.000Z,72,-73.95,61.5,-10.5,0,0.3,4414.58,4412.4,4417.82,4412.35,SELL,USD,1,1,1583663
D#1645671,XAUUSD,100,7.34987E+18,7.34987E+18,7.34987E+18,7.34987E+18,85,2026-03-27T01:54:10.000Z,2026-03-27T01:55:35.000Z,7.2,-7.525,5.44,-1.76,0,0.05,4413.54,4414.76,,4550,BUY,USD,1,1,1583663
D#1702473,XAUUSD,100,7.34987E+18,7.34987E+18,7.34987E+18,7.34987E+18,169,2026-03-27T01:53:01.000Z,2026-03-27T01:55:50.000Z,-81,79.7,-88,-7,0,0.2,4413.03,4417.3,4416.2,,SELL,USD,1,1,1583663
D#1702552,XAUUSD,100,7.34987E+18,7.34987E+18,7.34987E+18,7.34987E+18,604,2026-03-27T01:46:27.000Z,2026-03-27T01:56:31.000Z,70.6,-71.9,63.6,-7,0,0.2,4415.62,4418.93,,,BUY,USD,1,1,1583663
D#1702519,XAUUSD,100,7.34987E+18,7.34987E+18,7.34987E+18,7.34987E+18,511,2026-03-27T01:48:00.000Z,2026-03-27T01:56:31.000Z,36.2,-36.85,32.7,-3.5,0,0.1,4415.19,4418.59,4410.08,4420.46,BUY,USD,1,1,1583663
D#1702473,XAUUSD,100,7.34987E+18,7.34987E+18,7.34987E+18,7.34987E+18,84,2026-03-27T01:55:55.000Z,2026-03-27T01:57:19.000Z,-5.8,4.5,-12.8,-7,0,0.2,4417.37,4416.86,4417.61,4424.35,BUY,USD,1,1,1583663
D#1702364,XAUUSD,100,7.34987E+18,7.34987E+18,7.34987E+18,7.34987E+18,2,2026-03-27T01:58:21.000Z,2026-03-27T01:58:23.000Z,28.8,-30.75,18.3,-10.5,0,0.3,4418.08,4418.82,4416,4418.84,BUY,USD,1,1,1583663
D#1702458,XAUUSD,100,7.34987E+18,7.34987E+18,7.34987E+18,7.34987E+18,773,2026-03-27T01:47:15.000Z,2026-03-27T02:00:08.000Z,50.3,-50.95,46.8,-3.5,0,0.1,4415.56,4420.37,4409.98,4420.65,BUY,USD,1,1,1583663
D#1670971,XAUUSD,100,7.34987E+18,7.34987E+18,7.34987E+18,7.34987E+18,628,2026-03-27T01:49:41.000Z,2026-03-27T02:00:09.000Z,-72.2,71.55,-75.7,-3.5,0,0.1,4413.22,4420.66,4420.71,4399.16,SELL,USD,1,1,1583663
D#1702590,XAUUSD,100,7.34987E+18,7.34987E+18,7.34987E+18,7.34987E+18,259,2026-03-27T01:55:53.000Z,2026-03-27T02:00:12.000Z,-37.9,37.25,-41.4,-3.5,0,0.1,4417.04,4421.05,4420.94,4406.09,SELL,USD,1,1,1583663
D#1702473,XAUUSD,100,7.34987E+18,7.34987E+18,7.34987E+18,7.34987E+18,178,2026-03-27T01:57:27.000Z,2026-03-27T02:00:25.000Z,-97,95.7,-104,-7,0,0.2,4416.23,4421.3,4421.28,4409.23,SELL,USD,1,1,1583663
D#1671066,XAUUSD,100,7.34987E+18,7.34987E+18,7.34987E+18,7.34987E+18,2766,2026-03-27T01:15:14.000Z,2026-03-27T02:01:20.000Z,121.24,-121.5,119.84,-1.4,0,0.04,4395.4,4425.49,4370.2,4425.08,BUY,USD,1,1,1583663
D#1589456,XAUUSD,100,7.34987E+18,7.34987E+18,7.34987E+18,7.34987E+18,471,2026-03-27T01:53:29.000Z,2026-03-27T02:01:20.000Z,-236.25,234.885,-243.61,-7.36,0,0.21,4413.08,4424.55,,4408.72,SELL,USD,1,1,1583663
D#1702552,XAUUSD,100,7.34987E+18,7.34987E+18,7.34987E+18,7.34987E+18,69,2026-03-27T02:00:12.000Z,2026-03-27T02:01:21.000Z,85.4,-86.7,78.4,-7,0,0.2,4421.06,4425.11,,,BUY,USD,1,1,1583663
D#1670921,XAUUSD,100,7.34987E+18,7.34987E+18,7.34987E+18,7.34987E+18,645,2026-03-27T01:51:06.000Z,2026-03-27T02:01:51.000Z,-207.35,206.505,-211.91,-4.56,0,0.13,4413.79,4429.96,,,SELL,USD,1,1,1583663
D#1702473,XAUUSD,100,7.34987E+18,7.34987E+18,7.34987E+18,7.34987E+18,75,2026-03-27T02:00:36.000Z,2026-03-27T02:01:51.000Z,-263.1,261.15,-273.6,-10.5,0,0.3,4420.94,4429.93,,,SELL,USD,1,1,1583663
D#1671054,XAUUSD,100,7.34987E+18,7.34987E+18,7.34987E+18,7.34987E+18,65,2026-03-27T02:01:22.000Z,2026-03-27T02:02:27.000Z,33.75,-34.725,28.49,-5.26,0,0.15,4427.22,4429.25,4427.59,4434.25,BUY,USD,1,1,1583663
D#1671051,XAUUSD,100,7.34987E+18,7.34987E+18,7.34987E+18,7.34987E+18,1610,2026-03-27T01:35:44.000Z,2026-03-27T02:02:34.000Z,163.2,-163.85,159.7,-3.5,0,0.1,4412.43,4428.53,,,BUY,USD,1,1,1583663
D#1702458,XAUUSD,100,7.34987E+18,7.34987E+18,7.34987E+18,7.34987E+18,169,2026-03-27T02:03:08.000Z,2026-03-27T02:05:57.000Z,-55.5,54.85,-59,-3.5,0,0.1,4434.09,4428.32,,,BUY,USD,1,1,1583663
D#1702695,XAUUSD,100,7.34987E+18,7.34987E+18,7.34987E+18,7.34987E+18,581,2026-03-27T01:56:54.000Z,2026-03-27T02:06:35.000Z,52.8,-53.32,50,-2.8,0,0.08,4419.79,4426.17,4414.24,4437.71,BUY,USD,1,1,1583663
D#1671054,XAUUSD,100,7.34987E+18,7.34987E+18,7.34987E+18,7.34987E+18,9,2026-03-27T02:07:50.000Z,2026-03-27T02:07:59.000Z,45.15,-46.125,39.89,-5.26,0,0.15,4428.56,4431.35,4425.13,4431.35,BUY,USD,1,1,1583663
D#1702552,XAUUSD,100,7.34987E+18,7.34987E+18,7.34987E+18,7.34987E+18,111,2026-03-27T02:06:11.000Z,2026-03-27T02:08:02.000Z,81.6,-82.9,74.6,-7,0,0.2,4427.59,4431.45,,,BUY,USD,1,1,1583663
D#1589456,XAUUSD,100,7.34987E+18,7.34987E+18,7.34987E+18,7.34987E+18,86,2026-03-27T02:06:39.000Z,2026-03-27T02:08:05.000Z,114.87,-116.235,107.51,-7.36,0,0.21,4427.27,4432.52,,,BUY,USD,1,1,1583663
D#1702422,XAUUSD,100,7.34987E+18,7.34987E+18,7.34987E+18,7.34987E+18,3221,2026-03-27T01:14:39.000Z,2026-03-27T02:08:20.000Z,-195.8,195.475,-197.56,-1.76,0,0.05,4394.41,4433.79,,,SELL,USD,1,1,1583663
D#1702728,XAUUSD,100,7.34987E+18,7.34987E+18,7.34987E+18,7.34987E+18,2015,2026-03-27T01:34:46.000Z,2026-03-27T02:08:21.000Z,-200.52,199.935,-203.68,-3.16,0,0.09,4411.3,4433.8,,,SELL,USD,1,1,1583663
D#1702695,XAUUSD,100,7.34987E+18,7.34987E+18,7.34987E+18,7.34987E+18,46,2026-03-27T02:07:41.000Z,2026-03-27T02:08:27.000Z,-71.3,70.65,-74.8,-3.5,0,0.1,4426.09,4433.44,,,SELL,USD,1,1,1583663
D#1702458,XAUUSD,100,7.34987E+18,7.34987E+18,7.34987E+18,7.34987E+18,197,2026-03-27T02:06:09.000Z,2026-03-27T02:09:26.000Z,-66.8,66.15,-70.3,-3.5,0,0.1,4427.33,4434.23,,,SELL,USD,1,1,1583663
D#1702348,XAUUSD,100,7.34987E+18,7.34987E+18,7.34987E+18,7.34987E+18,2160,2026-03-27T01:33:50.000Z,2026-03-27T02:09:50.000Z,460.8,-462.1,453.8,-7,0,0.2,4413.8,4436.62,,,BUY,USD,1,1,1583663
D#1702385,XAUUSD,100,7.34987E+18,7.34987E+18,7.34987E+18,7.34987E+18,1767,2026-03-27T01:40:53.000Z,2026-03-27T02:10:20.000Z,101.1,-101.425,99.34,-1.76,0,0.05,4418.24,4438.24,4418.88,4438.13,BUY,USD,1,1,1583663
D#1671051,XAUUSD,100,7.34987E+18,7.34987E+18,7.34987E+18,7.34987E+18,111,2026-03-27T02:08:56.000Z,2026-03-27T02:10:47.000Z,41.8,-42.45,38.3,-3.5,0,0.1,4432.94,4436.9,,,BUY,USD,1,1,1583663
D#1670971,XAUUSD,100,7.34987E+18,7.34987E+18,7.34987E+18,7.34987E+18,582,2026-03-27T02:01:38.000Z,2026-03-27T02:11:20.000Z,5.26,-5.39,4.56,-0.7,0,0.02,4430.1,4432.51,4433.7,4632.74,BUY,USD,1,1,1583663
D#1671054,XAUUSD,100,7.34987E+18,7.34987E+18,7.34987E+18,7.34987E+18,99,2026-03-27T02:13:06.000Z,2026-03-27T02:14:45.000Z,-38.25,37.275,-43.51,-5.26,0,0.15,4432.58,4435.35,4434.85,4427.47,SELL,USD,1,1,1583663
D#1702552,XAUUSD,100,7.34987E+18,7.34987E+18,7.34987E+18,7.34987E+18,266,2026-03-27T02:11:23.000Z,2026-03-27T02:15:49.000Z,84.8,-86.1,77.8,-7,0,0.2,4432.18,4436.2,,,BUY,USD,1,1,1583663
D#1671054,XAUUSD,100,7.34987E+18,7.34987E+18,7.34987E+18,7.34987E+18,13,2026-03-27T02:17:21.000Z,2026-03-27T02:17:34.000Z,-40.35,39.375,-45.61,-5.26,0,0.15,4436.18,4433.27,4433.68,4441.28,BUY,USD,1,1,1583663
D#1702700,XAUUSD,100,7.34987E+18,7.34987E+18,7.34987E+18,7.34987E+18,367,2026-03-27T02:12:24.000Z,2026-03-27T02:18:31.000Z,-37.95,36.975,-43.21,-5.26,0,0.15,4433.94,4431.19,4431.8,4444.03,BUY,USD,1,1,1583663
D#1671085,XAUUSD,100,7.34987E+18,7.34987E+18,7.34987E+18,7.34987E+18,1563,2026-03-27T01:55:56.000Z,2026-03-27T02:21:59.000Z,99.19,-99.645,96.73,-2.46,0,0.07,4417.29,4431.24,4373.15,4447.59,BUY,USD,1,1,1583663
D#1702700,XAUUSD,100,7.34987E+18,7.34987E+18,7.34987E+18,7.34987E+18,237,2026-03-27T02:19:00.000Z,2026-03-27T02:22:57.000Z,-50.55,49.575,-55.81,-5.26,0,0.15,4432.11,4428.52,4428.81,,BUY,USD,1,1,1583663
D#1702380,XAUUSD,100,7.34987E+18,7.34987E+18,7.34987E+18,7.34987E+18,133,2026-03-27T02:20:49.000Z,2026-03-27T02:23:02.000Z,63.75,-65.375,54.99,-8.76,0,0.25,4430.84,4428.51,,4428.28,SELL,USD,1,1,1583663
D#1702753,XAUUSD,100,7.34987E+18,7.34987E+18,7.34987E+18,7.34987E+18,390,2026-03-27T02:16:57.000Z,2026-03-27T02:23:27.000Z,80.55,-81.135,77.39,-3.16,0,0.09,4435.29,4426.56,4447.5,4426.51,SELL,USD,1,1,1583663
D#1702700,XAUUSD,100,7.34987E+18,7.34987E+18,7.34987E+18,7.34987E+18,33,2026-03-27T02:25:10.000Z,2026-03-27T02:25:43.000Z,-85.8,84.825,-91.06,-5.26,0,0.15,4428.79,4434.73,4432.58,,SELL,USD,1,1,1583663
D#1702552,XAUUSD,100,7.34987E+18,7.34987E+18,7.34987E+18,7.34987E+18,355,2026-03-27T02:19:49.000Z,2026-03-27T02:25:44.000Z,99.2,-100.5,92.2,-7,0,0.2,4429.56,4434.3,,,BUY,USD,1,1,1583663
D#1589456,XAUUSD,100,7.34987E+18,7.34987E+18,7.34987E+18,7.34987E+18,108,2026-03-27T02:24:02.000Z,2026-03-27T02:25:50.000Z,-196.8,194.85,-207.3,-10.5,0,0.3,4426.81,4433.59,,4423.55,SELL,USD,1,1,1583663
D#1702486,XAUUSD,100,7.34987E+18,7.34987E+18,7.34987E+18,7.34987E+18,17,2026-03-27T02:26:02.000Z,2026-03-27T02:26:19.000Z,-0.39,0.325,-0.75,-0.36,0,0.01,4430.45,4431.06,,,SELL,USD,1,1,1583663
D#1671054,XAUUSD,100,7.34987E+18,7.34987E+18,7.34987E+18,7.34987E+18,16,2026-03-27T02:26:32.000Z,2026-03-27T02:26:48.000Z,-36.6,35.625,-41.86,-5.26,0,0.15,4432,4429.34,4429.67,4434.65,BUY,USD,1,1,1583663
D#1702533,XAUUSD,100,7.34987E+18,7.34987E+18,7.34987E+18,7.34987E+18,1996,2026-03-27T01:53:56.000Z,2026-03-27T02:27:12.000Z,70.25,-70.575,68.49,-1.76,0,0.05,4413.59,4427.42,4421.62,4441.29,BUY,USD,1,1,1583663
D#1702356,XAUUSD,100,7.34987E+18,7.34987E+18,7.34987E+18,7.34987E+18,1780,2026-03-27T02:00:37.000Z,2026-03-27T02:30:17.000Z,15.39,-15.585,14.33,-1.06,0,0.03,4421.09,4426,4426,4456.22,BUY,USD,1,1,1583663
D#1702671,XAUUSD,100,7.34987E+18,7.34987E+18,7.34987E+18,7.34987E+18,1160,2026-03-27T02:10:57.000Z,2026-03-27T02:30:17.000Z,-55,54.675,-56.76,-1.76,0,0.05,4437.25,4426.03,4426.19,4457.48,BUY,USD,1,1,1583663
D#1702458,XAUUSD,100,7.34987E+18,7.34987E+18,7.34987E+18,7.34987E+18,1105,2026-03-27T02:12:07.000Z,2026-03-27T02:30:32.000Z,-77.2,76.55,-80.7,-3.5,0,0.1,4432.82,4424.88,4425.22,4446.43,BUY,USD,1,1,1583663
D#1671054,XAUUSD,100,7.34987E+18,7.34987E+18,7.34987E+18,7.34987E+18,77,2026-03-27T02:32:04.000Z,2026-03-27T02:33:21.000Z,-35.55,34.575,-40.81,-5.26,0,0.15,4427.57,4430.16,4429.87,4424.89,SELL,USD,1,1,1583663
D#1702552,XAUUSD,100,7.34987E+18,7.34987E+18,7.34987E+18,7.34987E+18,17,2026-03-27T02:33:08.000Z,2026-03-27T02:33:25.000Z,79.4,-80.7,72.4,-7,0,0.2,4427.95,4431.7,,,BUY,USD,1,1,1583663
D#1702700,XAUUSD,100,7.34987E+18,7.34987E+18,7.34987E+18,7.34987E+18,468,2026-03-27T02:25:49.000Z,2026-03-27T02:33:37.000Z,-8.85,7.875,-14.11,-5.26,0,0.15,4433.62,4434.43,4433.74,4419.33,SELL,USD,1,1,1583663
D#1702506,XAUUSD,100,7.34987E+18,7.34987E+18,7.34987E+18,7.34987E+18,329,2026-03-27T02:28:11.000Z,2026-03-27T02:33:40.000Z,-45.8,45.15,-49.3,-3.5,0,0.1,4429.09,4433.89,,,SELL,USD,1,1,1583663
D#1702486,XAUUSD,100,7.34987E+18,7.34987E+18,7.34987E+18,7.34987E+18,123,2026-03-27T02:31:53.000Z,2026-03-27T02:33:56.000Z,-78.6,77.625,-83.86,-5.26,0,0.15,4427.66,4433.12,,,SELL,USD,1,1,1583663
D#1614622,XAUUSD,100,7.34987E+18,7.34987E+18,7.34987E+18,7.34987E+18,114,2026-03-27T02:32:46.000Z,2026-03-27T02:34:40.000Z,7.16,-7.29,6.46,-0.7,0,0.02,4428.88,4432.24,,,BUY,USD,1,1,1583663
D#1591591,XAUUSD,100,7.34987E+18,7.34987E+18,7.34987E+18,7.34987E+18,616,2026-03-27T02:25:45.000Z,2026-03-27T02:36:01.000Z,3.15,-3.345,2.09,-1.06,0,0.03,4434.09,4433.26,4437.01,4417.38,SELL,USD,1,1,1583663
D#1702506,XAUUSD,100,7.34987E+18,7.34987E+18,7.34987E+18,7.34987E+18,258,2026-03-27T02:34:03.000Z,2026-03-27T02:38:21.000Z,-143.6,141,-157.6,-14,0,0.4,4432.28,4428.47,,,BUY,USD,1,1,1583663
D#1671054,XAUUSD,100,7.34987E+18,7.34987E+18,7.34987E+18,7.34987E+18,155,2026-03-27T02:39:03.000Z,2026-03-27T02:41:38.000Z,3.3,-4.275,-1.96,-5.26,0,0.15,4428.24,4428.24,4428.7,4434.62,BUY,USD,1,1,1583663
D#1614622,XAUUSD,100,7.34987E+18,7.34987E+18,7.34987E+18,7.34987E+18,627,2026-03-27T02:35:56.000Z,2026-03-27T02:46:23.000Z,12.75,-13.725,7.49,-5.26,0,0.15,4432.02,4432.65,,,BUY,USD,1,1,1583663
D#1670913,XAUUSD,100,7.34987E+18,7.34987E+18,7.34987E+18,7.34987E+18,945,2026-03-27T02:30:39.000Z,2026-03-27T02:46:24.000Z,-35.95,35.625,-37.71,-1.76,0,0.05,4425.62,4433.03,4432.9,4408.19,SELL,USD,1,1,1583663
D#1671054,XAUUSD,100,7.34987E+18,7.34987E+18,7.34987E+18,7.34987E+18,40,2026-03-27T02:45:50.000Z,2026-03-27T02:46:30.000Z,49.8,-50.775,44.54,-5.26,0,0.15,4429.94,4433.04,4426.94,4435.94,BUY,USD,1,1,1583663
D#1702522,XAUUSD,100,7.34987E+18,7.34987E+18,7.34987E+18,7.34987E+18,247,2026-03-27T02:43:11.000Z,2026-03-27T02:47:18.000Z,-111.84,110.8,-117.44,-5.6,0,0.16,4429.65,4436.86,4438.62,4411.53,SELL,USD,1,1,1583663
D#1702486,XAUUSD,100,7.34987E+18,7.34987E+18,7.34987E+18,7.34987E+18,798,2026-03-27T02:34:02.000Z,2026-03-27T02:47:20.000Z,-116.25,114.235,-127.11,-10.86,0,0.31,4432.03,4436,,,SELL,USD,1,1,1583663
D#1702590,XAUUSD,100,7.34987E+18,7.34987E+18,7.34987E+18,7.34987E+18,2311,2026-03-27T02:09:20.000Z,2026-03-27T02:47:51.000Z,-53.2,52.55,-56.7,-3.5,0,0.1,4434.1,4439.64,4439.04,4422.31,SELL,USD,1,1,1583663
D#1702427,XAUUSD,100,7.34987E+18,7.34987E+18,7.34987E+18,7.34987E+18,3744,2026-03-27T01:45:28.000Z,2026-03-27T02:47:52.000Z,-43.36,43.23,-44.06,-0.7,0,0.02,4418.74,4440.64,4439.81,4390.97,SELL,USD,1,1,1583663
D#1671051,XAUUSD,100,7.34987E+18,7.34987E+18,7.34987E+18,7.34987E+18,2154,2026-03-27T02:13:03.000Z,2026-03-27T02:48:57.000Z,1.5,-2.15,-2,-3.5,0,0.1,4433.25,4433.18,,,BUY,USD,1,1,1583663
D#1702572,XAUUSD,100,7.34987E+18,7.34987E+18,7.34987E+18,7.34987E+18,208,2026-03-27T02:46:31.000Z,2026-03-27T02:49:59.000Z,14.2,-14.525,12.44,-1.76,0,0.05,4432.92,4430.3,4430,,SELL,USD,1,1,1583663
D#1671051,XAUUSD,100,7.34987E+18,7.34987E+18,7.34987E+18,7.34987E+18,110,2026-03-27T02:49:27.000Z,2026-03-27T02:51:17.000Z,29.1,-29.75,25.6,-3.5,0,0.1,4429.61,4432.3,,,BUY,USD,1,1,1583663
D#1702590,XAUUSD,100,7.34987E+18,7.34987E+18,7.34987E+18,7.34987E+18,197,2026-03-27T02:48:28.000Z,2026-03-27T02:51:45.000Z,50.9,-51.55,47.4,-3.5,0,0.1,4438.51,4433.64,,4427.55,SELL,USD,1,1,1583663
D#1614622,XAUUSD,100,7.34987E+18,7.34987E+18,7.34987E+18,7.34987E+18,62,2026-03-27T02:51:03.000Z,2026-03-27T02:52:05.000Z,72,-74.925,56.24,-15.76,0,0.45,4432.48,4433.86,,,BUY,USD,1,1,1583663
D#1671054,XAUUSD,100,7.34987E+18,7.34987E+18,7.34987E+18,7.34987E+18,64,2026-03-27T02:52:32.000Z,2026-03-27T02:53:36.000Z,-43.5,42.525,-48.76,-5.26,0,0.15,4432.05,4435.17,4435.05,4428.83,SELL,USD,1,1,1583663
D#1614622,XAUUSD,100,7.34987E+18,7.34987E+18,7.34987E+18,7.34987E+18,42,2026-03-27T02:53:03.000Z,2026-03-27T02:53:45.000Z,65.7,-68.625,49.94,-15.76,0,0.45,4432.75,4433.99,,,BUY,USD,1,1,1583663
D#1614622,XAUUSD,100,7.34987E+18,7.34987E+18,7.34987E+18,7.34987E+18,26,2026-03-27T02:54:07.000Z,2026-03-27T02:54:33.000Z,-76.05,73.125,-91.81,-15.76,0,0.45,4432.31,4430.4,,,BUY,USD,1,1,1583663
D#1614622,XAUUSD,100,7.34987E+18,7.34987E+18,7.34987E+18,7.34987E+18,30,2026-03-27T02:55:22.000Z,2026-03-27T02:55:52.000Z,-54.45,51.525,-70.21,-15.76,0,0.45,4431.27,4429.84,,,BUY,USD,1,1,1583663
D#1614622,XAUUSD,100,7.34987E+18,7.34987E+18,7.34987E+18,7.34987E+18,220,2026-03-27T02:56:23.000Z,2026-03-27T03:00:03.000Z,34.65,-37.575,18.89,-15.76,0,0.45,4431.32,4431.87,,,BUY,USD,1,1,1583663
D#1671054,XAUUSD,100,7.34987E+18,7.34987E+18,7.34987E+18,7.34987E+18,189,2026-03-27T02:57:12.000Z,2026-03-27T03:00:21.000Z,-46.5,45.525,-51.76,-5.26,0,0.15,4430.25,4433.57,4433.36,4426.79,SELL,USD,1,1,1583663
D#1702380,XAUUSD,100,7.34987E+18,7.34987E+18,7.34987E+18,7.34987E+18,363,2026-03-27T02:54:55.000Z,2026-03-27T03:00:58.000Z,-101,99.375,-109.76,-8.76,0,0.25,4430.79,4435.05,4434.72,4428.42,SELL,USD,1,1,1583663
D#1702679,XAUUSD,100,7.34987E+18,7.34987E+18,7.34987E+18,7.34987E+18,43,2026-03-27T03:00:16.000Z,2026-03-27T03:00:59.000Z,-49.6,48.3,-56.6,-7,0,0.2,4432.45,4435.15,,,SELL,USD,1,1,1583663
D#1614622,XAUUSD,100,7.34987E+18,7.34987E+18,7.34987E+18,7.34987E+18,35,2026-03-27T03:03:17.000Z,2026-03-27T03:03:52.000Z,-17,16.35,-20.5,-3.5,0,0.1,4432.76,4430.84,,,BUY,USD,1,1,1583663
D#1702522,XAUUSD,100,7.34987E+18,7.34987E+18,7.34987E+18,7.34987E+18,142,2026-03-27T03:01:58.000Z,2026-03-27T03:04:20.000Z,-110.58,109.345,-117.24,-6.66,0,0.19,4433.8,4427.76,4425.37,4444.42,BUY,USD,1,1,1583663
D#1702396,XAUUSD,100,7.34987E+18,7.34987E+18,7.34987E+18,7.34987E+18,5818,2026-03-27T01:27:32.000Z,2026-03-27T03:04:30.000Z,224.1,-224.75,220.6,-3.5,0,0.1,4403.92,4426.11,4426.29,4444.01,BUY,USD,1,1,1583663
D#1591591,XAUUSD,100,7.34987E+18,7.34987E+18,7.34987E+18,7.34987E+18,1712,2026-03-27T02:36:04.000Z,2026-03-27T03:04:36.000Z,-19.83,19.635,-20.89,-1.06,0,0.03,4432.68,4425.85,4425.99,4449.23,BUY,USD,1,1,1583663
D#1702458,XAUUSD,100,7.34987E+18,7.34987E+18,7.34987E+18,7.34987E+18,2039,2026-03-27T02:31:09.000Z,2026-03-27T03:05:08.000Z,-17.2,16.55,-20.7,-3.5,0,0.1,4428.27,4426.33,,4446.67,BUY,USD,1,1,1583663
D#1671054,XAUUSD,100,7.34987E+18,7.34987E+18,7.34987E+18,7.34987E+18,26,2026-03-27T03:04:47.000Z,2026-03-27T03:05:13.000Z,-44.85,43.875,-50.11,-5.26,0,0.15,4427.01,4423.8,4423.93,4432.93,BUY,USD,1,1,1583663
D#1702671,XAUUSD,100,7.34987E+18,7.34987E+18,7.34987E+18,7.34987E+18,1900,2026-03-27T02:33:39.000Z,2026-03-27T03:05:19.000Z,-57.95,57.625,-59.71,-1.76,0,0.05,4433.84,4422.03,4422.65,4457.91,BUY,USD,1,1,1583663
D#1702358,XAUUSD,100,7.34987E+18,7.34987E+18,7.34987E+18,7.34987E+18,3382,2026-03-27T02:08:58.000Z,2026-03-27T03:05:20.000Z,-240.2,238.9,-247.2,-7,0,0.2,4433.94,4421.71,,,BUY,USD,1,1,1583663
D#1702590,XAUUSD,100,7.34987E+18,7.34987E+18,7.34987E+18,7.34987E+18,163,2026-03-27T03:02:46.000Z,2026-03-27T03:05:29.000Z,81.3,-81.95,77.8,-3.5,0,0.1,4430.82,4422.91,4435.51,4419.15,SELL,USD,1,1,1583663
D#1702588,XAUUSD,100,7.34987E+18,7.34987E+18,7.34987E+18,7.34987E+18,114,2026-03-27T03:06:14.000Z,2026-03-27T03:08:08.000Z,21.5,-22.15,18,-3.5,0,0.1,4425.19,4427.12,4427.08,4433.08,BUY,USD,1,1,1583663
D#1702385,XAUUSD,100,7.34987E+18,7.34987E+18,7.34987E+18,7.34987E+18,3289,2026-03-27T02:14:01.000Z,2026-03-27T03:08:50.000Z,7.38,-7.51,6.68,-0.7,0,0.02,4431.07,4427.6,4456.01,4378.43,SELL,USD,1,1,1583663
D#1702588,XAUUSD,100,7.34987E+18,7.34987E+18,7.34987E+18,7.34987E+18,93,2026-03-27T03:08:18.000Z,2026-03-27T03:09:51.000Z,-34.3,33.65,-37.8,-3.5,0,0.1,4428.14,4424.49,,,BUY,USD,1,1,1583663
D#1702396,XAUUSD,100,7.34987E+18,7.34987E+18,7.34987E+18,7.34987E+18,307,2026-03-27T03:04:49.000Z,2026-03-27T03:09:56.000Z,19.9,-20.55,16.4,-3.5,0,0.1,4426.45,4424.68,4433.25,4414.8,SELL,USD,1,1,1583663
D#1614622,XAUUSD,100,7.34987E+18,7.34987E+18,7.34987E+18,7.34987E+18,6,2026-03-27T03:11:04.000Z,2026-03-27T03:11:10.000Z,26,-28.6,12,-14,0,0.4,4424.05,4423.62,,,SELL,USD,1,1,1583663
D#1702458,XAUUSD,100,7.34987E+18,7.34987E+18,7.34987E+18,7.34987E+18,264,2026-03-27T03:08:26.000Z,2026-03-27T03:12:50.000Z,-21.6,20.95,-25.1,-3.5,0,0.1,4427.33,4429.71,4440.73,4408.01,SELL,USD,1,1,1583663
D#1702418,XAUUSD,100,7.34987E+18,7.34987E+18,7.34987E+18,7.34987E+18,27,2026-03-27T03:17:18.000Z,2026-03-27T03:17:45.000Z,-2.2,2.135,-2.56,-0.36,0,0.01,4430.8,4428.38,,,BUY,USD,1,1,1583663
D#1702695,XAUUSD,100,7.34987E+18,7.34987E+18,7.34987E+18,7.34987E+18,289,2026-03-27T03:14:28.000Z,2026-03-27T03:19:17.000Z,-17.7,17.05,-21.2,-3.5,0,0.1,4428.73,4430.72,,,SELL,USD,1,1,1583663
D#1702590,XAUUSD,100,7.34987E+18,7.34987E+18,7.34987E+18,7.34987E+18,380,2026-03-27T03:14:30.000Z,2026-03-27T03:20:50.000Z,-43.5,42.85,-47,-3.5,0,0.1,4428.89,4433.46,4433.11,4418,SELL,USD,1,1,1583663
D#1614622,XAUUSD,100,7.34987E+18,7.34987E+18,7.34987E+18,7.34987E+18,69,2026-03-27T03:21:05.000Z,2026-03-27T03:22:14.000Z,-45.6,43,-59.6,-14,0,0.4,4432.05,4430.69,,,BUY,USD,1,1,1583663
D#1702418,XAUUSD,100,7.34987E+18,7.34987E+18,7.34987E+18,7.34987E+18,346,2026-03-27T03:18:04.000Z,2026-03-27T03:23:50.000Z,11.5,-12.15,8,-3.5,0,0.1,4429.62,4430.55,,4440.85,BUY,USD,1,1,1583663
D#1614622,XAUUSD,100,7.34987E+18,7.34987E+18,7.34987E+18,7.34987E+18,156,2026-03-27T03:22:46.000Z,2026-03-27T03:25:22.000Z,28.8,-31.4,14.8,-14,0,0.4,4431.27,4431.77,,,BUY,USD,1,1,1583663
D#1702487,XAUUSD,100,7.34987E+18,7.34987E+18,7.34987E+18,7.34987E+18,567,2026-03-27T03:17:00.000Z,2026-03-27T03:26:27.000Z,-11.4,10.1,-18.4,-7,0,0.2,4429.66,4428.87,4429.1,4439.14,BUY,USD,1,1,1583663
D#1614622,XAUUSD,100,7.34987E+18,7.34987E+18,7.34987E+18,7.34987E+18,62,2026-03-27T03:25:49.000Z,2026-03-27T03:26:51.000Z,-121.6,119,-135.6,-14,0,0.4,4431.77,4428.51,,,BUY,USD,1,1,1583663
D#1702588,XAUUSD,100,7.34987E+18,7.34987E+18,7.34987E+18,7.34987E+18,1145,2026-03-27T03:10:01.000Z,2026-03-27T03:29:06.000Z,95.9,-96.55,92.4,-3.5,0,0.1,4425.03,4434.4,4425.27,4434.42,BUY,USD,1,1,1583663
D#1702590,XAUUSD,100,7.34987E+18,7.34987E+18,7.34987E+18,7.34987E+18,463,2026-03-27T03:21:24.000Z,2026-03-27T03:29:07.000Z,-38.3,37.65,-41.8,-3.5,0,0.1,4431.71,4435.76,4435.23,4420.17,SELL,USD,1,1,1583663
D#1670947,XAUUSD,100,7.34987E+18,7.34987E+18,7.34987E+18,7.34987E+18,2809,2026-03-27T02:42:19.000Z,2026-03-27T03:29:08.000Z,-45.5,45.175,-47.26,-1.76,0,0.05,4427.81,4437.13,4436.3,4419.04,SELL,USD,1,1,1583663
D#1702580,XAUUSD,100,7.34987E+18,7.34987E+18,7.34987E+18,7.34987E+18,278,2026-03-27T03:29:46.000Z,2026-03-27T03:34:24.000Z,22.62,-23.465,18.06,-4.56,0,0.13,4435.86,4434.34,4433.91,,SELL,USD,1,1,1583663
D#1702346,XAUUSD,100,7.34987E+18,7.34987E+18,7.34987E+18,7.34987E+18,207,2026-03-27T03:34:20.000Z,2026-03-27T03:37:47.000Z,-42.5,41.85,-46,-3.5,0,0.1,4432.77,4437.24,,4425.14,SELL,USD,1,1,1583663
D#1702356,XAUUSD,100,7.34987E+18,7.34987E+18,7.34987E+18,7.34987E+18,2122,2026-03-27T03:04:01.000Z,2026-03-27T03:39:23.000Z,-50.6,50.275,-52.36,-1.76,0,0.05,4429.58,4439.92,4440.03,4409.23,SELL,USD,1,1,1583663
D#1702385,XAUUSD,100,7.34987E+18,7.34987E+18,7.34987E+18,7.34987E+18,1640,2026-03-27T03:12:03.000Z,2026-03-27T03:39:23.000Z,-67,66.675,-68.76,-1.76,0,0.05,4426.48,4440.1,4441,4405.45,SELL,USD,1,1,1583663
D#1702393,XAUUSD,100,7.34987E+18,7.34987E+18,7.34987E+18,7.34987E+18,53,2026-03-27T03:38:40.000Z,2026-03-27T03:39:33.000Z,5.67,-5.865,4.61,-1.06,0,0.03,4438.5,4440.17,,,BUY,USD,1,1,1583663
D#1702380,XAUUSD,100,7.34987E+18,7.34987E+18,7.34987E+18,7.34987E+18,318,2026-03-27T03:34:22.000Z,2026-03-27T03:39:40.000Z,-152,150.375,-160.76,-8.76,0,0.25,4433.44,4439.74,,4431.21,SELL,USD,1,1,1583663
D#1702580,XAUUSD,100,7.34987E+18,7.34987E+18,7.34987E+18,7.34987E+18,274,2026-03-27T03:35:07.000Z,2026-03-27T03:39:41.000Z,-233.6,231,-247.6,-14,0,0.4,4433.69,4439.75,4437.55,4424.05,SELL,USD,1,1,1583663
D#1670947,XAUUSD,100,7.34987E+18,7.34987E+18,7.34987E+18,7.34987E+18,211,2026-03-27T03:36:22.000Z,2026-03-27T03:39:53.000Z,-41.75,41.425,-43.51,-1.76,0,0.05,4433.38,4441.95,4440.84,4424.85,SELL,USD,1,1,1583663
D#1702460,XAUUSD,100,7.34987E+18,7.34987E+18,7.34987E+18,7.34987E+18,1639,2026-03-27T03:12:36.000Z,2026-03-27T03:39:55.000Z,121.2,-121.85,117.7,-3.5,0,0.1,4430.47,4442.37,4421.92,4442.34,BUY,USD,1,1,1583663
D#1702590,XAUUSD,100,7.34987E+18,7.34987E+18,7.34987E+18,7.34987E+18,466,2026-03-27T03:32:14.000Z,2026-03-27T03:40:00.000Z,113.5,-114.15,110,-3.5,0,0.1,4433.06,4444.19,4428.97,4443.98,BUY,USD,1,1,1583663
D#1702341,XAUUSD,100,7.34987E+18,7.34987E+18,7.34987E+18,7.34987E+18,3663,2026-03-27T02:39:04.000Z,2026-03-27T03:40:07.000Z,87.15,-87.475,85.39,-1.76,0,0.05,4428.19,4445.4,,4444.82,BUY,USD,1,1,1583663
D#1702572,XAUUSD,100,7.34987E+18,7.34987E+18,7.34987E+18,7.34987E+18,139,2026-03-27T03:37:49.000Z,2026-03-27T03:40:08.000Z,-41.85,41.525,-43.61,-1.76,0,0.05,4437.01,4445.6,,,SELL,USD,1,1,1583663
D#1702487,XAUUSD,100,7.34987E+18,7.34987E+18,7.34987E+18,7.34987E+18,452,2026-03-27T03:35:47.000Z,2026-03-27T03:43:19.000Z,95,-96.3,88,-7,0,0.2,4433.99,4438.52,4439.02,4450.42,BUY,USD,1,1,1583663
D#1702346,XAUUSD,100,7.34987E+18,7.34987E+18,7.34987E+18,7.34987E+18,412,2026-03-27T03:37:50.000Z,2026-03-27T03:44:42.000Z,6.9,-7.55,3.4,-3.5,0,0.1,4436.94,4437.41,,4448.83,BUY,USD,1,1,1583663
D#1702572,XAUUSD,100,7.34987E+18,7.34987E+18,7.34987E+18,7.34987E+18,289,2026-03-27T03:40:15.000Z,2026-03-27T03:45:04.000Z,-46.9,46.575,-48.66,-1.76,0,0.05,4444.71,4435.11,4435.7,4460,BUY,USD,1,1,1583663
D#1702396,XAUUSD,100,7.34987E+18,7.34987E+18,7.34987E+18,7.34987E+18,1203,2026-03-27T03:25:50.000Z,2026-03-27T03:45:53.000Z,19,-19.65,15.5,-3.5,0,0.1,4431.77,4433.45,4431.59,4448.63,BUY,USD,1,1,1583663
D#1702572,XAUUSD,100,7.34987E+18,7.34987E+18,7.34987E+18,7.34987E+18,314,2026-03-27T03:45:29.000Z,2026-03-27T03:50:43.000Z,3.65,-3.975,1.89,-1.76,0,0.05,4434.25,4434.76,4435.22,4440.06,BUY,USD,1,1,1583663
D#1702487,XAUUSD,100,7.34987E+18,7.34987E+18,7.34987E+18,7.34987E+18,189,2026-03-27T03:48:13.000Z,2026-03-27T03:51:22.000Z,-63.08,61.845,-69.74,-6.66,0,0.19,4433.76,4437.3,4436.4,4421.31,SELL,USD,1,1,1583663
D#1702418,XAUUSD,100,7.34987E+18,7.34987E+18,7.34987E+18,7.34987E+18,1767,2026-03-27T03:23:55.000Z,2026-03-27T03:53:22.000Z,73.1,-73.75,69.6,-3.5,0,0.1,4430.14,4437.23,,,BUY,USD,1,1,1583663
D#1702418,XAUUSD,100,7.34987E+18,7.34987E+18,7.34987E+18,7.34987E+18,69,2026-03-27T03:53:26.000Z,2026-03-27T03:54:35.000Z,39.6,-40.25,36.1,-3.5,0,0.1,4437.68,4433.94,,4434.8,SELL,USD,1,1,1583663
D#1702572,XAUUSD,100,7.34987E+18,7.34987E+18,7.34987E+18,7.34987E+18,167,2026-03-27T03:51:56.000Z,2026-03-27T03:54:43.000Z,2.75,-3.075,0.99,-1.76,0,0.05,4437.52,4437.19,4436.11,,SELL,USD,1,1,1583663
D#1589450,XAUUSD,100,7.34987E+18,7.34987E+18,7.34987E+18,7.34987E+18,610,2026-03-27T03:51:02.000Z,2026-03-27T04:01:12.000Z,27.9,-28.55,24.4,-3.5,0,0.1,4433.08,4435.65,4436.06,4444.56,BUY,USD,1,1,1583663
D#1702487,XAUUSD,100,7.34987E+18,7.34987E+18,7.34987E+18,7.34987E+18,315,2026-03-27T03:58:14.000Z,2026-03-27T04:03:29.000Z,-4.94,3.705,-11.6,-6.66,0,0.19,4436.54,4436.06,4436.97,,BUY,USD,1,1,1583663
D#1702572,XAUUSD,100,7.34987E+18,7.34987E+18,7.34987E+18,7.34987E+18,92,2026-03-27T04:02:32.000Z,2026-03-27T04:04:04.000Z,8.55,-9.135,5.39,-3.16,0,0.09,4436.44,4437.17,,,BUY,USD,1,1,1583663
D#1702572,XAUUSD,100,7.34987E+18,7.34987E+18,7.34987E+18,7.34987E+18,90,2026-03-27T04:08:38.000Z,2026-03-27T04:10:08.000Z,16.02,-16.605,12.86,-3.16,0,0.09,4434.61,4436.17,,4436,BUY,USD,1,1,1583663
D#1702590,XAUUSD,100,7.34987E+18,7.34987E+18,7.34987E+18,7.34987E+18,1570,2026-03-27T03:51:20.000Z,2026-03-27T04:17:30.000Z,-26.1,25.45,-29.6,-3.5,0,0.1,4435.04,4432.21,4432.55,4446.38,BUY,USD,1,1,1583663
D#1702381,XAUUSD,100,7.34987E+18,7.34987E+18,7.34987E+18,7.34987E+18,424,2026-03-27T04:10:26.000Z,2026-03-27T04:17:30.000Z,-35.25,34.275,-40.51,-5.26,0,0.15,4434.78,4432.21,4432.69,4440.83,BUY,USD,1,1,1583663
D#1702631,XAUUSD,100,7.34987E+18,7.34987E+18,7.34987E+18,7.34987E+18,122,2026-03-27T04:16:52.000Z,2026-03-27T04:18:54.000Z,0.33,-0.395,-0.03,-0.36,0,0.01,4433.21,4433.1,,4426,SELL,USD,1,1,1583663
D#1702385,XAUUSD,100,7.34987E+18,7.34987E+18,7.34987E+18,7.34987E+18,2399,2026-03-27T03:39:28.000Z,2026-03-27T04:19:27.000Z,-44.3,43.975,-46.06,-1.76,0,0.05,4440.74,4431.66,4431.8,4464.03,BUY,USD,1,1,1583663
D#1671060,XAUUSD,100,7.34987E+18,7.34987E+18,7.34987E+18,7.34987E+18,343,2026-03-27T04:13:50.000Z,2026-03-27T04:19:33.000Z,-32.2,31.55,-35.7,-3.5,0,0.1,4435.07,4431.63,4428.01,4442.74,BUY,USD,1,1,1583663
D#1702572,XAUUSD,100,7.34987E+18,7.34987E+18,7.34987E+18,7.34987E+18,129,2026-03-27T04:17:54.000Z,2026-03-27T04:20:03.000Z,20.34,-20.925,17.18,-3.16,0,0.09,4432.23,4434.27,,4433.8,BUY,USD,1,1,1583663
D#1670936,XAUUSD,100,7.34987E+18,7.34987E+18,7.34987E+18,7.34987E+18,1753,2026-03-27T03:51:34.000Z,2026-03-27T04:20:47.000Z,20.4,-21.05,16.9,-3.5,0,0.1,4436.96,4435.14,4435.13,4425.55,SELL,USD,1,1,1583663
D#1702620,XAUUSD,100,7.34987E+18,7.34987E+18,7.34987E+18,7.34987E+18,80,2026-03-27T04:19:45.000Z,2026-03-27T04:21:05.000Z,-46.75,45.125,-55.51,-8.76,0,0.25,4432.48,4434.57,,,SELL,USD,1,1,1583663
D#1702620,XAUUSD,100,7.34987E+18,7.34987E+18,7.34987E+18,7.34987E+18,58,2026-03-27T04:21:13.000Z,2026-03-27T04:22:11.000Z,44.4,-46.35,33.9,-10.5,0,0.3,4434.69,4435.95,,,BUY,USD,1,1,1583663
D#1702572,XAUUSD,100,7.34987E+18,7.34987E+18,7.34987E+18,7.34987E+18,153,2026-03-27T04:22:41.000Z,2026-03-27T04:25:14.000Z,21.24,-21.825,18.08,-3.16,0,0.09,4437,4434.86,4436.48,4435,SELL,USD,1,1,1583663
D#1702631,XAUUSD,100,7.34987E+18,7.34987E+18,7.34987E+18,7.34987E+18,214,2026-03-27T04:22:07.000Z,2026-03-27T04:25:41.000Z,-0.32,0.19,-1.02,-0.7,0,0.02,4435.93,4435.55,4428.16,,BUY,USD,1,1,1583663
D#1702396,XAUUSD,100,7.34987E+18,7.34987E+18,7.34987E+18,7.34987E+18,2663,2026-03-27T03:46:41.000Z,2026-03-27T04:31:04.000Z,3.5,-4.15,0,-3.5,0,0.1,4434.54,4434.67,4428.54,4449.34,BUY,USD,1,1,1583663
D#1670968,XAUUSD,100,7.34987E+18,7.34987E+18,7.34987E+18,7.34987E+18,29,2026-03-27T04:30:54.000Z,2026-03-27T04:31:23.000Z,0.11,-0.175,-0.25,-0.36,0,0.01,4434.8,4434.91,,,SELL,USD,1,1,1583663
D#1702631,XAUUSD,100,7.34987E+18,7.34987E+18,7.34987E+18,7.34987E+18,348,2026-03-27T04:26:00.000Z,2026-03-27T04:31:48.000Z,0.8,-1.125,-0.96,-1.76,0,0.05,4434.82,4434.88,,,SELL,USD,1,1,1583663
D#1702487,XAUUSD,100,7.34987E+18,7.34987E+18,7.34987E+18,7.34987E+18,370,2026-03-27T04:27:37.000Z,2026-03-27T04:33:47.000Z,-80.8,79.5,-87.8,-7,0,0.2,4434.06,4438.32,4437.65,4422.25,SELL,USD,1,1,1583663
D#1702551,XAUUSD,100,7.34987E+18,7.34987E+18,7.34987E+18,7.34987E+18,275,2026-03-27T04:29:47.000Z,2026-03-27T04:34:22.000Z,-53,52.35,-56.5,-3.5,0,0.1,4433.84,4439.36,4439.53,4424.2,SELL,USD,1,1,1583663
D#1702497,XAUUSD,100,7.34987E+18,7.34987E+18,7.34987E+18,7.34987E+18,1191,2026-03-27T04:14:37.000Z,2026-03-27T04:34:28.000Z,-117.61,116.375,-124.27,-6.66,0,0.19,4434.27,4440.68,4440,4420.64,SELL,USD,1,1,1583663
D#1702381,XAUUSD,100,7.34987E+18,7.34987E+18,7.34987E+18,7.34987E+18,972,2026-03-27T04:18:16.000Z,2026-03-27T04:34:28.000Z,157.8,-159.1,150.8,-7,0,0.2,4432.65,4440.32,4431.51,4440.12,BUY,USD,1,1,1583663
D#1702744,XAUUSD,100,7.34987E+18,7.34987E+18,7.34987E+18,7.34987E+18,729,2026-03-27T04:23:01.000Z,2026-03-27T04:35:10.000Z,-20.5,20.175,-22.26,-1.76,0,0.05,4437.11,4441.43,4441.31,4413.7,SELL,USD,1,1,1583663
D#1670947,XAUUSD,100,7.34987E+18,7.34987E+18,7.34987E+18,7.34987E+18,961,2026-03-27T04:19:13.000Z,2026-03-27T04:35:14.000Z,43,-43.325,41.24,-1.76,0,0.05,4432.89,4441.27,4428.4,4441.51,BUY,USD,1,1,1583663
D#1670971,XAUUSD,100,7.34987E+18,7.34987E+18,7.34987E+18,7.34987E+18,5386,2026-03-27T03:05:33.000Z,2026-03-27T04:35:19.000Z,-34.72,34.59,-35.42,-0.7,0,0.02,4424.61,4442.19,4447.87,4373.61,SELL,USD,1,1,1583663
D#1702613,XAUUSD,100,7.34987E+18,7.34987E+18,7.34987E+18,7.34987E+18,82,2026-03-27T04:34:55.000Z,2026-03-27T04:36:17.000Z,5.2,-6.5,-1.8,-7,0,0.2,4439.88,4439.92,4439.87,4460.02,BUY,USD,1,1,1583663
D#1702590,XAUUSD,100,7.34987E+18,7.34987E+18,7.34987E+18,7.34987E+18,289,2026-03-27T04:31:40.000Z,2026-03-27T04:36:29.000Z,30.3,-30.95,26.8,-3.5,0,0.1,4434.84,4437.65,4433.67,4446.17,BUY,USD,1,1,1583663
D#1645648,XAUUSD,100,7.34987E+18,7.34987E+18,7.34987E+18,7.34987E+18,232,2026-03-27T04:33:14.000Z,2026-03-27T04:37:06.000Z,-33,32.35,-36.5,-3.5,0,0.1,4434.54,4438.06,,4422.95,SELL,USD,1,1,1583663
D#1702487,XAUUSD,100,7.34987E+18,7.34987E+18,7.34987E+18,7.34987E+18,346,2026-03-27T04:37:14.000Z,2026-03-27T04:43:00.000Z,-50.6,49.3,-57.6,-7,0,0.2,4438.3,4441.05,4440.91,4422.37,SELL,USD,1,1,1583663
D#1671060,XAUUSD,100,7.34987E+18,7.34987E+18,7.34987E+18,7.34987E+18,1298,2026-03-27T04:21:30.000Z,2026-03-27T04:43:08.000Z,-64.8,64.15,-68.3,-3.5,0,0.1,4434.55,4441.25,4442.62,4427,SELL,USD,1,1,1583663
D#1702590,XAUUSD,100,7.34987E+18,7.34987E+18,7.34987E+18,7.34987E+18,327,2026-03-27T04:40:36.000Z,2026-03-27T04:46:03.000Z,-24.3,23.65,-27.8,-3.5,0,0.1,4439.68,4442.33,4441.96,4428.2,SELL,USD,1,1,1583663
D#1702460,XAUUSD,100,7.34987E+18,7.34987E+18,7.34987E+18,7.34987E+18,3223,2026-03-27T03:52:55.000Z,2026-03-27T04:46:38.000Z,38.6,-39.25,35.1,-3.5,0,0.1,4437.64,4441.28,4430.35,4449.46,BUY,USD,1,1,1583663
D#1702381,XAUUSD,100,7.34987E+18,7.34987E+18,7.34987E+18,7.34987E+18,353,2026-03-27T04:41:17.000Z,2026-03-27T04:47:10.000Z,-58.4,57.1,-65.4,-7,0,0.2,4440.21,4443.35,4442.3,4437.25,SELL,USD,1,1,1583663
D#1702385,XAUUSD,100,7.34987E+18,7.34987E+18,7.34987E+18,7.34987E+18,1229,2026-03-27T04:28:16.000Z,2026-03-27T04:48:45.000Z,-50.3,49.975,-52.06,-1.76,0,0.05,4433.39,4443.67,4443.5,4410.1,SELL,USD,1,1,1583663
D#1702463,XAUUSD,100,7.34987E+18,7.34987E+18,7.34987E+18,7.34987E+18,17,2026-03-27T04:51:00.000Z,2026-03-27T04:51:17.000Z,6.3,-8.575,-5.96,-12.26,0,0.35,4443.1,4443.06,,,BUY,USD,1,1,1583663
D#1702381,XAUUSD,100,7.34987E+18,7.34987E+18,7.34987E+18,7.34987E+18,224,2026-03-27T04:47:35.000Z,2026-03-27T04:51:19.000Z,-21.8,20.5,-28.8,-7,0,0.2,4442.75,4444.06,4443.92,4437.21,SELL,USD,1,1,1583663
D#1670936,XAUUSD,100,7.34987E+18,7.34987E+18,7.34987E+18,7.34987E+18,1014,2026-03-27T04:34:28.000Z,2026-03-27T04:51:22.000Z,-39.7,39.05,-43.2,-3.5,0,0.1,4440.29,4444.48,4444.36,4431.18,SELL,USD,1,1,1583663
D#1671060,XAUUSD,100,7.34987E+18,7.34987E+18,7.34987E+18,7.34987E+18,302,2026-03-27T04:47:03.000Z,2026-03-27T04:52:05.000Z,-36.3,35.65,-39.8,-3.5,0,0.1,4441.67,4445.52,4444.65,4434.08,SELL,USD,1,1,1583663
D#1671085,XAUUSD,100,7.34987E+18,7.34987E+18,7.34987E+18,7.34987E+18,9038,2026-03-27T02:22:02.000Z,2026-03-27T04:52:40.000Z,98.49,-98.945,96.03,-2.46,0,0.07,4431.02,4444.87,4406.17,4450.32,BUY,USD,1,1,1583663
D#1702497,XAUUSD,100,7.34987E+18,7.34987E+18,7.34987E+18,7.34987E+18,608,2026-03-27T04:42:33.000Z,2026-03-27T04:52:41.000Z,-69.3,68.325,-74.56,-5.26,0,0.15,4440.24,4445.08,4448,4415,SELL,USD,1,1,1583663
D#1670913,XAUUSD,100,7.34987E+18,7.34987E+18,7.34987E+18,7.34987E+18,3860,2026-03-27T03:48:52.000Z,2026-03-27T04:53:12.000Z,48.3,-48.625,46.54,-1.76,0,0.05,4434.59,4444.03,4424.46,4452.62,BUY,USD,1,1,1583663
D#1670968,XAUUSD,100,7.34987E+18,7.34987E+18,7.34987E+18,7.34987E+18,1341,2026-03-27T04:31:38.000Z,2026-03-27T04:53:59.000Z,-9.88,9.815,-10.24,-0.36,0,0.01,4434.63,4444.73,,,SELL,USD,1,1,1583663
D#1702381,XAUUSD,100,7.34987E+18,7.34987E+18,7.34987E+18,7.34987E+18,189,2026-03-27T04:51:25.000Z,2026-03-27T04:54:34.000Z,-22,20.7,-29,-7,0,0.2,4444.42,4445.74,4445.61,4437.25,SELL,USD,1,1,1583663
D#1702418,XAUUSD,100,7.34987E+18,7.34987E+18,7.34987E+18,7.34987E+18,3491,2026-03-27T03:57:16.000Z,2026-03-27T04:55:27.000Z,93.7,-94.35,90.2,-3.5,0,0.1,4436.83,4445.98,,4446.25,BUY,USD,1,1,1583663
D#1702707,XAUUSD,100,7.34987E+18,7.34987E+18,7.34987E+18,7.34987E+18,880,2026-03-27T04:40:47.000Z,2026-03-27T04:55:27.000Z,-58.7,58.05,-62.2,-3.5,0,0.1,4440.16,4446.25,4446.07,4428.56,SELL,USD,1,1,1583663
D#1702463,XAUUSD,100,7.34987E+18,7.34987E+18,7.34987E+18,7.34987E+18,247,2026-03-27T04:51:20.000Z,2026-03-27T04:55:27.000Z,117.7,-121.275,98.44,-19.26,0,0.55,4444.06,4445.98,,4446.03,BUY,USD,1,1,1583663
D#1702381,XAUUSD,100,7.34987E+18,7.34987E+18,7.34987E+18,7.34987E+18,37,2026-03-27T04:54:50.000Z,2026-03-27T04:55:27.000Z,-50,46.75,-67.5,-17.5,0,0.5,4445.03,4446.25,4446.38,4436.68,SELL,USD,1,1,1583663
D#1702679,XAUUSD,100,7.34987E+18,7.34987E+18,7.34987E+18,7.34987E+18,6899,2026-03-27T03:01:17.000Z,2026-03-27T04:56:16.000Z,-49.56,49.3,-50.96,-1.4,0,0.04,4434.98,4447.59,4447.48,4399.54,SELL,USD,1,1,1583663
D#1702572,XAUUSD,100,7.34987E+18,7.34987E+18,7.34987E+18,7.34987E+18,1393,2026-03-27T04:33:47.000Z,2026-03-27T04:57:00.000Z,-86.94,86.355,-90.1,-3.16,0,0.09,4437.19,4447.07,,4435.08,SELL,USD,1,1,1583663
D#1671060,XAUUSD,100,7.34987E+18,7.34987E+18,7.34987E+18,7.34987E+18,308,2026-03-27T04:52:46.000Z,2026-03-27T04:57:54.000Z,83.6,-84.9,76.6,-7,0,0.2,4444.78,4448.74,4443.46,4448.45,BUY,USD,1,1,1583663
D#1702381,XAUUSD,100,7.34987E+18,7.34987E+18,7.34987E+18,7.34987E+18,141,2026-03-27T04:55:40.000Z,2026-03-27T04:58:01.000Z,-117,113.75,-134.5,-17.5,0,0.5,4446.45,4449.01,4448.54,4437.27,SELL,USD,1,1,1583663
D#1702640,XAUUSD,100,7.34987E+18,7.34987E+18,7.34987E+18,7.34987E+18,718,2026-03-27T04:47:43.000Z,2026-03-27T04:59:41.000Z,-65.7,65.05,-69.2,-3.5,0,0.1,4442.53,4449.32,4453.57,4402.03,SELL,USD,1,1,1583663
D#1702590,XAUUSD,100,7.34987E+18,7.34987E+18,7.34987E+18,7.34987E+18,767,2026-03-27T04:47:09.000Z,2026-03-27T04:59:56.000Z,44.7,-45.35,41.2,-3.5,0,0.1,4442.17,4446.42,4439.42,4453.78,BUY,USD,1,1,1583663
D#1645648,XAUUSD,100,7.34987E+18,7.34987E+18,7.34987E+18,7.34987E+18,1570,2026-03-27T04:37:12.000Z,2026-03-27T05:03:22.000Z,50.1,-50.75,46.6,-3.5,0,0.1,4438.54,4443.33,,4450.23,BUY,USD,1,1,1583663
D#1702744,XAUUSD,100,7.34987E+18,7.34987E+18,7.34987E+18,7.34987E+18,1705,2026-03-27T04:35:19.000Z,2026-03-27T05:03:44.000Z,7.55,-7.875,5.79,-1.76,0,0.05,4442.19,4443.48,4434.49,4465.23,BUY,USD,1,1,1583663
D#1702517,XAUUSD,100,7.34987E+18,7.34987E+18,7.34987E+18,7.34987E+18,112,2026-03-27T05:02:45.000Z,2026-03-27T05:04:37.000Z,-15.68,12.04,-35.28,-19.6,0,0.56,4443.51,4443.01,4441.71,,BUY,USD,1,1,1583663
D#1702533,XAUUSD,100,7.34987E+18,7.34987E+18,7.34987E+18,7.34987E+18,9381,2026-03-27T02:28:27.000Z,2026-03-27T05:04:48.000Z,67.05,-67.375,65.29,-1.76,0,0.05,4430.11,4443.3,4416.3,4469.07,BUY,USD,1,1,1583663
D#1702517,XAUUSD,100,7.34987E+18,7.34987E+18,7.34987E+18,7.34987E+18,96,2026-03-27T05:05:01.000Z,2026-03-27T05:06:37.000Z,-162.5,159.25,-180,-17.5,0,0.5,4443.05,4446.52,,4441.14,SELL,USD,1,1,1583663
D#1702517,XAUUSD,100,7.34987E+18,7.34987E+18,7.34987E+18,7.34987E+18,6,2026-03-27T05:06:45.000Z,2026-03-27T05:06:51.000Z,35.5,-38.75,18,-17.5,0,0.5,4446.26,4445.77,,,SELL,USD,1,1,1583663
D#1702744,XAUUSD,100,7.34987E+18,7.34987E+18,7.34987E+18,7.34987E+18,181,2026-03-27T05:04:31.000Z,2026-03-27T05:07:32.000Z,-8.22,8.09,-8.92,-0.7,0,0.02,4443.28,4447.61,,4438.86,SELL,USD,1,1,1583663
D#1702460,XAUUSD,100,7.34987E+18,7.34987E+18,7.34987E+18,7.34987E+18,1203,2026-03-27T04:51:19.000Z,2026-03-27T05:11:22.000Z,8.9,-9.55,5.4,-3.5,0,0.1,4443.76,4443.09,4449.99,4438.2,SELL,USD,1,1,1583663
D#1702590,XAUUSD,100,7.34987E+18,7.34987E+18,7.34987E+18,7.34987E+18,299,2026-03-27T05:06:27.000Z,2026-03-27T05:11:26.000Z,-21.6,20.95,-25.1,-3.5,0,0.1,4444.7,4442.32,4442.69,4456.06,BUY,USD,1,1,1583663
D#1702396,XAUUSD,100,7.34987E+18,7.34987E+18,7.34987E+18,7.34987E+18,1583,2026-03-27T04:45:17.000Z,2026-03-27T05:11:40.000Z,7,-7.65,3.5,-3.5,0,0.1,4441.71,4442.19,4437.39,4456.4,BUY,USD,1,1,1583663
D#1702478,XAUUSD,100,7.34987E+18,7.34987E+18,7.34987E+18,7.34987E+18,29,2026-03-27T05:11:36.000Z,2026-03-27T05:12:05.000Z,8.1,-11.025,-7.66,-15.76,0,0.45,4442.3,4442.34,,,SELL,USD,1,1,1583663
D#1671051,XAUUSD,100,7.34987E+18,7.34987E+18,7.34987E+18,7.34987E+18,4759,2026-03-27T03:55:06.000Z,2026-03-27T05:14:25.000Z,87,-87.65,83.5,-3.5,0,0.1,4437.72,4446.2,,,BUY,USD,1,1,1583663
D#1670968,XAUUSD,100,7.34987E+18,7.34987E+18,7.34987E+18,7.34987E+18,1212,2026-03-27T04:55:13.000Z,2026-03-27T05:15:25.000Z,0.79,-0.855,0.43,-0.36,0,0.01,4444.84,4444.27,,,SELL,USD,1,1,1583663
D#1671051,XAUUSD,100,7.34987E+18,7.34987E+18,7.34987E+18,7.34987E+18,172,2026-03-27T05:14:54.000Z,2026-03-27T05:17:46.000Z,0.4,-1.05,-3.1,-3.5,0,0.1,4443.96,4444.14,,,SELL,USD,1,1,1583663
D#1671051,XAUUSD,100,7.34987E+18,7.34987E+18,7.34987E+18,7.34987E+18,19,2026-03-27T05:19:28.000Z,2026-03-27T05:19:47.000Z,6.5,-7.15,3,-3.5,0,0.1,4445.91,4445.48,,,SELL,USD,1,1,1583663
D#1702385,XAUUSD,100,7.34987E+18,7.34987E+18,7.34987E+18,7.34987E+18,1951,2026-03-27T04:49:28.000Z,2026-03-27T05:21:59.000Z,3.4,-4.05,-0.1,-3.5,0,0.1,4442.9,4443.02,4434.79,4454.29,BUY,USD,1,1,1583663
D#1670968,XAUUSD,100,7.34987E+18,7.34987E+18,7.34987E+18,7.34987E+18,429,2026-03-27T05:15:57.000Z,2026-03-27T05:23:06.000Z,15.84,-16.425,12.68,-3.16,0,0.09,4444.72,4443.18,,,SELL,USD,1,1,1583663
D#1671051,XAUUSD,100,7.34987E+18,7.34987E+18,7.34987E+18,7.34987E+18,69,2026-03-27T05:22:40.000Z,2026-03-27T05:23:49.000Z,8.8,-9.45,5.3,-3.5,0,0.1,4443.41,4444.07,,,BUY,USD,1,1,1583663
D#1671051,XAUUSD,100,7.34987E+18,7.34987E+18,7.34987E+18,7.34987E+18,44,2026-03-27T05:24:31.000Z,2026-03-27T05:25:15.000Z,2.1,-2.75,-1.4,-3.5,0,0.1,4444.16,4444.15,,,BUY,USD,1,1,1583663
D#1671051,XAUUSD,100,7.34987E+18,7.34987E+18,7.34987E+18,7.34987E+18,20,2026-03-27T05:25:42.000Z,2026-03-27T05:26:02.000Z,-12.5,11.85,-16,-3.5,0,0.1,4443.76,4442.29,,,BUY,USD,1,1,1583663
D#1702478,XAUUSD,100,7.34987E+18,7.34987E+18,7.34987E+18,7.34987E+18,460,2026-03-27T05:18:40.000Z,2026-03-27T05:26:20.000Z,-183.15,180.225,-198.91,-15.76,0,0.45,4446.73,4442.44,,,BUY,USD,1,1,1583663
D#1702744,XAUUSD,100,7.34987E+18,7.34987E+18,7.34987E+18,7.34987E+18,1132,2026-03-27T05:07:38.000Z,2026-03-27T05:26:30.000Z,-26.4,26.075,-28.16,-1.76,0,0.05,4447.4,4441.9,,4470.75,BUY,USD,1,1,1583663
D#1702487,XAUUSD,100,7.34987E+18,7.34987E+18,7.34987E+18,7.34987E+18,2591,2026-03-27T04:43:24.000Z,2026-03-27T05:26:35.000Z,11,-12.3,4,-7,0,0.2,4440.98,4441.31,4441.52,4456.48,BUY,USD,1,1,1583663
D#1670968,XAUUSD,100,7.34987E+18,7.34987E+18,7.34987E+18,7.34987E+18,33,2026-03-27T05:26:04.000Z,2026-03-27T05:26:37.000Z,38.42,-40.63,26.52,-11.9,0,0.34,4442.44,4441.53,,,SELL,USD,1,1,1583663
D#1702396,XAUUSD,100,7.34987E+18,7.34987E+18,7.34987E+18,7.34987E+18,735,2026-03-27T05:14:24.000Z,2026-03-27T05:26:39.000Z,-49.7,49.05,-53.2,-3.5,0,0.1,4446.43,4441.24,4441.35,4461.16,BUY,USD,1,1,1583663
D#1702418,XAUUSD,100,7.34987E+18,7.34987E+18,7.34987E+18,7.34987E+18,1813,2026-03-27T04:56:29.000Z,2026-03-27T05:26:42.000Z,49.8,-50.45,46.3,-3.5,0,0.1,4445.99,4441.23,,4441.31,SELL,USD,1,1,1583663
D#1671060,XAUUSD,100,7.34987E+18,7.34987E+18,7.34987E+18,7.34987E+18,28,2026-03-27T05:26:14.000Z,2026-03-27T05:26:42.000Z,-17,15.7,-24,-7,0,0.2,4442.06,4440.99,4441.12,4447.47,BUY,USD,1,1,1583663
D#1702666,XAUUSD,100,7.34987E+18,7.34987E+18,7.34987E+18,7.34987E+18,12159,2026-03-27T02:04:05.000Z,2026-03-27T05:26:44.000Z,66.85,-67.305,64.39,-2.46,0,0.07,4431.67,4441,4435.92,4474.06,BUY,USD,1,1,1583663
D#1671051,XAUUSD,100,7.34987E+18,7.34987E+18,7.34987E+18,7.34987E+18,21,2026-03-27T05:26:23.000Z,2026-03-27T05:26:44.000Z,11.5,-12.15,8,-3.5,0,0.1,4442.17,4441.24,,,SELL,USD,1,1,1583663
D#1702590,XAUUSD,100,7.34987E+18,7.34987E+18,7.34987E+18,7.34987E+18,919,2026-03-27T05:12:19.000Z,2026-03-27T05:27:38.000Z,-21.7,21.05,-25.2,-3.5,0,0.1,4442.8,4440.41,4440.81,4453.99,BUY,USD,1,1,1583663
D#1702463,XAUUSD,100,7.34987E+18,7.34987E+18,7.34987E+18,7.34987E+18,244,2026-03-27T05:23:37.000Z,2026-03-27T05:27:41.000Z,-170.5,166.925,-189.76,-19.26,0,0.55,4443.74,4440.42,,4445.61,BUY,USD,1,1,1583663
D#1702463,XAUUSD,100,7.34987E+18,7.34987E+18,7.34987E+18,7.34987E+18,1,2026-03-27T05:27:44.000Z,2026-03-27T05:27:45.000Z,-13.75,10.175,-33.01,-19.26,0,0.55,4440.91,4440.44,,,BUY,USD,1,1,1583663
D#1671051,XAUUSD,100,7.34987E+18,7.34987E+18,7.34987E+18,7.34987E+18,22,2026-03-27T05:28:36.000Z,2026-03-27T05:28:58.000Z,8.3,-8.95,4.8,-3.5,0,0.1,4441.69,4442.3,,,BUY,USD,1,1,1583663
D#1702463,XAUUSD,100,7.34987E+18,7.34987E+18,7.34987E+18,7.34987E+18,127,2026-03-27T05:27:54.000Z,2026-03-27T05:30:01.000Z,138.5,-141.75,121,-17.5,0,0.5,4441.45,4444,,4443.56,BUY,USD,1,1,1583663
D#1702396,XAUUSD,100,7.34987E+18,7.34987E+18,7.34987E+18,7.34987E+18,198,2026-03-27T05:26:44.000Z,2026-03-27T05:30:02.000Z,-72.64,71.6,-78.24,-5.6,0,0.16,4441,4445.76,4445.51,4428.06,SELL,USD,1,1,1583663
D#1671060,XAUUSD,100,7.34987E+18,7.34987E+18,7.34987E+18,7.34987E+18,179,2026-03-27T05:27:06.000Z,2026-03-27T05:30:05.000Z,98.4,-99.7,91.4,-7,0,0.2,4442.58,4447.28,,4446.15,BUY,USD,1,1,1583663
D#1670936,XAUUSD,100,7.34987E+18,7.34987E+18,7.34987E+18,7.34987E+18,493,2026-03-27T05:21:53.000Z,2026-03-27T05:30:06.000Z,-47.9,47.25,-51.4,-3.5,0,0.1,4442.99,4448,4447.99,4432.49,SELL,USD,1,1,1583663
D#1670946,XAUUSD,100,7.34987E+18,7.34987E+18,7.34987E+18,7.34987E+18,407,2026-03-27T05:23:19.000Z,2026-03-27T05:30:06.000Z,-48.4,47.75,-51.9,-3.5,0,0.1,4443.03,4448.09,4447.3,4433.45,SELL,USD,1,1,1583663
D#1702707,XAUUSD,100,7.34987E+18,7.34987E+18,7.34987E+18,7.34987E+18,146,2026-03-27T05:27:41.000Z,2026-03-27T05:30:07.000Z,-80.1,79.45,-83.6,-3.5,0,0.1,4440.42,4448.65,4448.33,4427.66,SELL,USD,1,1,1583663
D#1702385,XAUUSD,100,7.34987E+18,7.34987E+18,7.34987E+18,7.34987E+18,464,2026-03-27T05:22:25.000Z,2026-03-27T05:30:09.000Z,-47.4,46.75,-50.9,-3.5,0,0.1,4443.55,4448.51,,4438.16,SELL,USD,1,1,1583663
D#1670947,XAUUSD,100,7.34987E+18,7.34987E+18,7.34987E+18,7.34987E+18,2343,2026-03-27T04:51:22.000Z,2026-03-27T05:30:25.000Z,-36.8,36.475,-38.56,-1.76,0,0.05,4444.24,4451.82,4449.97,4435.44,SELL,USD,1,1,1583663
D#1589450,XAUUSD,100,7.34987E+18,7.34987E+18,7.34987E+18,7.34987E+18,252,2026-03-27T05:26:13.000Z,2026-03-27T05:30:25.000Z,95.2,-95.85,91.7,-3.5,0,0.1,4442.07,4451.37,4438,4450.5,BUY,USD,1,1,1583663
D#1702427,XAUUSD,100,7.34987E+18,7.34987E+18,7.34987E+18,7.34987E+18,8991,2026-03-27T03:00:35.000Z,2026-03-27T05:30:26.000Z,-36.22,36.09,-36.92,-0.7,0,0.02,4433.78,4452.11,4451.37,4377.95,SELL,USD,1,1,1583663
D#1702744,XAUUSD,100,7.34987E+18,7.34987E+18,7.34987E+18,7.34987E+18,230,2026-03-27T05:26:36.000Z,2026-03-27T05:30:26.000Z,-104.5,103.85,-108,-3.5,0,0.1,4441.28,4451.95,,4429.63,SELL,USD,1,1,1583663
D#1702502,XAUUSD,100,7.34987E+18,7.34987E+18,7.34987E+18,7.34987E+18,19,2026-03-27T05:30:08.000Z,2026-03-27T05:30:27.000Z,65.7,-67.65,55.2,-10.5,0,0.3,4448.65,4450.62,,,BUY,USD,1,1,1583663
D#1702463,XAUUSD,100,7.34987E+18,7.34987E+18,7.34987E+18,7.34987E+18,3,2026-03-27T05:30:24.000Z,2026-03-27T05:30:27.000Z,79,-82.25,61.5,-17.5,0,0.5,4449.26,4450.62,,,BUY,USD,1,1,1583663
D#1702744,XAUUSD,100,7.34987E+18,7.34987E+18,7.34987E+18,7.34987E+18,40,2026-03-27T05:30:31.000Z,2026-03-27T05:31:11.000Z,-25.4,24.75,-28.9,-3.5,0,0.1,4451.76,4449,,,BUY,USD,1,1,1583663
D#1702502,XAUUSD,100,7.34987E+18,7.34987E+18,7.34987E+18,7.34987E+18,7,2026-03-27T05:31:07.000Z,2026-03-27T05:31:14.000Z,3,-4.95,-7.5,-10.5,0,0.3,4448.77,4448.65,,,BUY,USD,1,1,1583663
D#1702487,XAUUSD,100,7.34987E+18,7.34987E+18,7.34987E+18,7.34987E+18,250,2026-03-27T05:28:25.000Z,2026-03-27T05:32:35.000Z,151.2,-152.5,144.2,-7,0,0.2,4441.81,4449.15,4449.13,4457.34,BUY,USD,1,1,1583663
D#1702502,XAUUSD,100,7.34987E+18,7.34987E+18,7.34987E+18,7.34987E+18,49,2026-03-27T05:31:48.000Z,2026-03-27T05:32:37.000Z,23.4,-25.35,12.9,-10.5,0,0.3,4450.11,4449.55,,,SELL,USD,1,1,1583663
D#1645648,XAUUSD,100,7.34987E+18,7.34987E+18,7.34987E+18,7.34987E+18,1642,2026-03-27T05:06:11.000Z,2026-03-27T05:33:33.000Z,-84.9,84.25,-88.4,-3.5,0,0.1,4443.59,4452.3,,4437.7,SELL,USD,1,1,1583663
D#1614603,XAUUSD,100,7.34987E+18,7.34987E+18,7.34987E+18,7.34987E+18,4090,2026-03-27T04:25:24.000Z,2026-03-27T05:33:34.000Z,169.2,-169.85,165.7,-3.5,0,0.1,4435.51,4452.21,4435.75,4452.42,BUY,USD,1,1,1583663
D#1702590,XAUUSD,100,7.34987E+18,7.34987E+18,7.34987E+18,7.34987E+18,322,2026-03-27T05:28:13.000Z,2026-03-27T05:33:35.000Z,113.4,-114.05,109.9,-3.5,0,0.1,4441.78,4452.9,4439.21,4453.34,BUY,USD,1,1,1583663
D#1702502,XAUUSD,100,7.34987E+18,7.34987E+18,7.34987E+18,7.34987E+18,29,2026-03-27T05:33:06.000Z,2026-03-27T05:33:35.000Z,-67.2,65.25,-77.7,-10.5,0,0.3,4450.69,4453.15,4452.58,4448.7,SELL,USD,1,1,1583663
D#1702671,XAUUSD,100,7.34987E+18,7.34987E+18,7.34987E+18,7.34987E+18,8460,2026-03-27T03:12:40.000Z,2026-03-27T05:33:40.000Z,119.4,-119.725,117.64,-1.76,0,0.05,4430.56,4454.22,4435.79,4454.32,BUY,USD,1,1,1583663
D#1702346,XAUUSD,100,7.34987E+18,7.34987E+18,7.34987E+18,7.34987E+18,6522,2026-03-27T03:44:59.000Z,2026-03-27T05:33:41.000Z,-179.7,179.05,-183.2,-3.5,0,0.1,4436.2,4454.39,,4424.48,SELL,USD,1,1,1583663
D#1702341,XAUUSD,100,7.34987E+18,7.34987E+18,7.34987E+18,7.34987E+18,6114,2026-03-27T03:52:14.000Z,2026-03-27T05:34:08.000Z,83.8,-84.125,82.04,-1.76,0,0.05,4438.58,4455.12,,4455.29,BUY,USD,1,1,1583663
D#1702533,XAUUSD,100,7.34987E+18,7.34987E+18,7.34987E+18,7.34987E+18,349,2026-03-27T05:28:19.000Z,2026-03-27T05:34:08.000Z,-13.88,13.815,-14.24,-0.36,0,0.01,4441.52,4455.62,4454.94,4391.71,SELL,USD,1,1,1583663
D#1702707,XAUUSD,100,7.34987E+18,7.34987E+18,7.34987E+18,7.34987E+18,159,2026-03-27T05:31:39.000Z,2026-03-27T05:34:18.000Z,-64.2,63.55,-67.7,-3.5,0,0.1,4450.77,4457.41,4456.66,4438.57,SELL,USD,1,1,1583663
D#1702613,XAUUSD,100,7.34987E+18,7.34987E+18,7.34987E+18,7.34987E+18,3477,2026-03-27T04:36:31.000Z,2026-03-27T05:34:28.000Z,414.4,-415.7,407.4,-7,0,0.2,4437.46,4457.96,4437.57,4458.06,BUY,USD,1,1,1583663
D#1702502,XAUUSD,100,7.34987E+18,7.34987E+18,7.34987E+18,7.34987E+18,55,2026-03-27T05:33:43.000Z,2026-03-27T05:34:38.000Z,60.3,-62.25,49.8,-10.5,0,0.3,4454.32,4456.11,,,BUY,USD,1,1,1583663
D#1702753,XAUUSD,100,7.34987E+18,7.34987E+18,7.34987E+18,7.34987E+18,10948,2026-03-27T02:32:23.000Z,2026-03-27T05:34:51.000Z,-289.98,289.395,-293.14,-3.16,0,0.09,4426.95,4459.39,4482.61,4417.61,SELL,USD,1,1,1583663
D#1702359,XAUUSD,100,7.34987E+18,7.34987E+18,7.34987E+18,7.34987E+18,5678,2026-03-27T04:00:13.000Z,2026-03-27T05:34:51.000Z,-202.4,201.75,-205.9,-3.5,0,0.1,4437.68,4458.14,,4429.27,SELL,USD,1,1,1583663
D#1702418,XAUUSD,100,7.34987E+18,7.34987E+18,7.34987E+18,7.34987E+18,213,2026-03-27T05:31:19.000Z,2026-03-27T05:34:52.000Z,95.8,-96.45,92.3,-3.5,0,0.1,4450.51,4459.87,,4459.54,BUY,USD,1,1,1583663
D#1645648,XAUUSD,100,7.34987E+18,7.34987E+18,7.34987E+18,7.34987E+18,73,2026-03-27T05:33:40.000Z,2026-03-27T05:34:53.000Z,113.2,-114.5,106.2,-7,0,0.2,4454.13,4459.57,,4459.76,BUY,USD,1,1,1583663
D#1702572,XAUUSD,100,7.34987E+18,7.34987E+18,7.34987E+18,7.34987E+18,2266,2026-03-27T04:57:10.000Z,2026-03-27T05:34:56.000Z,103.59,-104.175,100.43,-3.16,0,0.09,4447.78,4459.07,4457.57,4460.14,BUY,USD,1,1,1583663
D#1670968,XAUUSD,100,7.34987E+18,7.34987E+18,7.34987E+18,7.34987E+18,19,2026-03-27T05:34:38.000Z,2026-03-27T05:34:57.000Z,101.32,-103.53,89.42,-11.9,0,0.34,4456.64,4459.4,,,BUY,USD,1,1,1583663
D#1702385,XAUUSD,100,7.34987E+18,7.34987E+18,7.34987E+18,7.34987E+18,288,2026-03-27T05:30:16.000Z,2026-03-27T05:35:04.000Z,113.1,-113.75,109.6,-3.5,0,0.1,4448.88,4459.97,,4460.27,BUY,USD,1,1,1583663
D#1702707,XAUUSD,100,7.34987E+18,7.34987E+18,7.34987E+18,7.34987E+18,32,2026-03-27T05:34:39.000Z,2026-03-27T05:35:11.000Z,-204.5,201.25,-222,-17.5,0,0.5,4457.75,4462.06,,,SELL,USD,1,1,1583663
D#1671066,XAUUSD,100,7.34987E+18,7.34987E+18,7.34987E+18,7.34987E+18,5175,2026-03-27T04:09:00.000Z,2026-03-27T05:35:15.000Z,115.04,-115.3,113.64,-1.4,0,0.04,4434.8,4463.34,4410.66,4462.76,BUY,USD,1,1,1583663
D#1702396,XAUUSD,100,7.34987E+18,7.34987E+18,7.34987E+18,7.34987E+18,138,2026-03-27T05:32:58.000Z,2026-03-27T05:35:16.000Z,305.8,-307.23,298.1,-7.7,0,0.22,4451.59,4465.27,4449.9,4464.46,BUY,USD,1,1,1583663
D#1702502,XAUUSD,100,7.34987E+18,7.34987E+18,7.34987E+18,7.34987E+18,24,2026-03-27T05:34:56.000Z,2026-03-27T05:35:20.000Z,-192.3,190.35,-202.8,-10.5,0,0.3,4459.06,4465.69,,,SELL,USD,1,1,1583663
D#1702356,XAUUSD,100,7.34987E+18,7.34987E+18,7.34987E+18,7.34987E+18,5704,2026-03-27T04:00:24.000Z,2026-03-27T05:35:28.000Z,129.7,-130.025,127.94,-1.76,0,0.05,4438.78,4464.5,4420.71,4466.84,BUY,USD,1,1,1583663
D#1702502,XAUUSD,100,7.34987E+18,7.34987E+18,7.34987E+18,7.34987E+18,18,2026-03-27T05:35:23.000Z,2026-03-27T05:35:41.000Z,-81,79.05,-91.5,-10.5,0,0.3,4465.51,4462.59,,,BUY,USD,1,1,1583663
D#1702679,XAUUSD,100,7.34987E+18,7.34987E+18,7.34987E+18,7.34987E+18,844,2026-03-27T05:23:07.000Z,2026-03-27T05:37:11.000Z,-104.56,104.3,-105.96,-1.4,0,0.04,4442.77,4469.13,,,SELL,USD,1,1,1583663
D#1702659,XAUUSD,100,7.34987E+18,7.34987E+18,7.34987E+18,7.34987E+18,187,2026-03-27T05:34:09.000Z,2026-03-27T05:37:16.000Z,-88.08,87.69,-90.18,-2.1,0,0.06,4455.08,4469.98,4469.87,4363.12,SELL,USD,1,1,1583663
D#1702743,XAUUSD,100,7.34987E+18,7.34987E+18,7.34987E+18,7.34987E+18,9158,2026-03-27T03:04:43.000Z,2026-03-27T05:37:21.000Z,-213.25,212.925,-215.01,-1.76,0,0.05,4426.85,4469.72,,4404.9,SELL,USD,1,1,1583663
D#1702418,XAUUSD,100,7.34987E+18,7.34987E+18,7.34987E+18,7.34987E+18,131,2026-03-27T05:35:28.000Z,2026-03-27T05:37:39.000Z,80.3,-80.95,76.8,-3.5,0,0.1,4464.16,4471.97,,4470.81,BUY,USD,1,1,1583663
D#1645671,XAUUSD,100,7.34987E+18,7.34987E+18,7.34987E+18,7.34987E+18,13325,2026-03-27T01:55:46.000Z,2026-03-27T05:37:51.000Z,382.06,-382.515,379.6,-2.46,0,0.07,4415.23,4469.59,,4550,BUY,USD,1,1,1583663
D#1670968,XAUUSD,100,7.34987E+18,7.34987E+18,7.34987E+18,7.34987E+18,156,2026-03-27T05:35:19.000Z,2026-03-27T05:37:55.000Z,141.44,-143.65,129.54,-11.9,0,0.34,4465.99,4469.93,,,BUY,USD,1,1,1583663
D#1702482,XAUUSD,100,7.34987E+18,7.34987E+18,7.34987E+18,7.34987E+18,110,2026-03-27T05:38:09.000Z,2026-03-27T05:39:59.000Z,-37.05,36.725,-38.81,-1.76,0,0.05,4466.44,4474.07,4473.97,4450.55,SELL,USD,1,1,1583663
D#1671051,XAUUSD,100,7.34987E+18,7.34987E+18,7.34987E+18,7.34987E+18,12,2026-03-27T05:41:41.000Z,2026-03-27T05:41:53.000Z,22.3,-22.95,18.8,-3.5,0,0.1,4469.55,4467.54,,,SELL,USD,1,1,1583663
D#1671051,XAUUSD,100,7.34987E+18,7.34987E+18,7.34987E+18,7.34987E+18,22,2026-03-27T05:42:16.000Z,2026-03-27T05:42:38.000Z,-7.5,6.85,-11,-3.5,0,0.1,4468.12,4469.09,,,SELL,USD,1,1,1583663
D#1671051,XAUUSD,100,7.34987E+18,7.34987E+18,7.34987E+18,7.34987E+18,31,2026-03-27T05:43:03.000Z,2026-03-27T05:43:34.000Z,4.5,-5.15,1,-3.5,0,0.1,4469.14,4468.91,,,SELL,USD,1,1,1583663
D#1671051,XAUUSD,100,7.34987E+18,7.34987E+18,7.34987E+18,7.34987E+18,9,2026-03-27T05:43:47.000Z,2026-03-27T05:43:56.000Z,0.9,-1.55,-2.6,-3.5,0,0.1,4469.06,4468.93,,,BUY,USD,1,1,1583663
D#1702488,XAUUSD,100,7.34987E+18,7.34987E+18,7.34987E+18,7.34987E+18,38,2026-03-27T05:43:34.000Z,2026-03-27T05:44:12.000Z,-1.45,1.125,-3.21,-1.76,0,0.05,4468.29,4468.8,,,SELL,USD,1,1,1583663
D#1702488,XAUUSD,100,7.34987E+18,7.34987E+18,7.34987E+18,7.34987E+18,13,2026-03-27T05:44:19.000Z,2026-03-27T05:44:32.000Z,-6.25,5.925,-8.01,-1.76,0,0.05,4469.24,4467.77,,,BUY,USD,1,1,1583663
D#1671051,XAUUSD,100,7.34987E+18,7.34987E+18,7.34987E+18,7.34987E+18,54,2026-03-27T05:44:03.000Z,2026-03-27T05:44:57.000Z,-29.1,28.45,-32.6,-3.5,0,0.1,4469.14,4466.01,,,BUY,USD,1,1,1583663
D#1702488,XAUUSD,100,7.34987E+18,7.34987E+18,7.34987E+18,7.34987E+18,45,2026-03-27T05:44:33.000Z,2026-03-27T05:45:18.000Z,14.55,-14.875,12.79,-1.76,0,0.05,4467.74,4465.05,,,SELL,USD,1,1,1583663
D#1702590,XAUUSD,100,7.34987E+18,7.34987E+18,7.34987E+18,7.34987E+18,401,2026-03-27T05:38:38.000Z,2026-03-27T05:45:19.000Z,70.4,-71.05,66.9,-3.5,0,0.1,4472.11,4465.29,4474.59,4460.37,SELL,USD,1,1,1583663
D#1671051,XAUUSD,100,7.34987E+18,7.34987E+18,7.34987E+18,7.34987E+18,22,2026-03-27T05:45:11.000Z,2026-03-27T05:45:33.000Z,2.5,-3.15,-1,-3.5,0,0.1,4464.3,4464.27,,,SELL,USD,1,1,1583663
D#1702488,XAUUSD,100,7.34987E+18,7.34987E+18,7.34987E+18,7.34987E+18,33,2026-03-27T05:45:27.000Z,2026-03-27T05:46:00.000Z,-0.6,-0.7,-7.6,-7,0,0.2,4464.65,4464.9,,,SELL,USD,1,1,1583663
D#1702488,XAUUSD,100,7.34987E+18,7.34987E+18,7.34987E+18,7.34987E+18,3,2026-03-27T05:46:02.000Z,2026-03-27T05:46:05.000Z,-9.4,8.1,-16.4,-7,0,0.2,4464.17,4464.86,,,SELL,USD,1,1,1583663
D#1671051,XAUUSD,100,7.34987E+18,7.34987E+18,7.34987E+18,7.34987E+18,38,2026-03-27T05:46:06.000Z,2026-03-27T05:46:44.000Z,-34.3,33.65,-37.8,-3.5,0,0.1,4464.88,4468.53,,,SELL,USD,1,1,1583663
D#1702488,XAUUSD,100,7.34987E+18,7.34987E+18,7.34987E+18,7.34987E+18,40,2026-03-27T05:46:07.000Z,2026-03-27T05:46:47.000Z,54.2,-55.5,47.2,-7,0,0.2,4464.9,4467.39,,,BUY,USD,1,1,1583663
D#1702488,XAUUSD,100,7.34987E+18,7.34987E+18,7.34987E+18,7.34987E+18,55,2026-03-27T05:46:50.000Z,2026-03-27T05:47:45.000Z,18.8,-20.1,11.8,-7,0,0.2,4467.24,4466.52,,,SELL,USD,1,1,1583663
D#1702488,XAUUSD,100,7.34987E+18,7.34987E+18,7.34987E+18,7.34987E+18,10,2026-03-27T05:47:48.000Z,2026-03-27T05:47:58.000Z,3.4,-4.7,-3.6,-7,0,0.2,4465.96,4465.91,,,BUY,USD,1,1,1583663
D#1702488,XAUUSD,100,7.34987E+18,7.34987E+18,7.34987E+18,7.34987E+18,42,2026-03-27T05:48:01.000Z,2026-03-27T05:48:43.000Z,4,-5.3,-3,-7,0,0.2,4466.11,4466.13,,,SELL,USD,1,1,1583663
D#1702407,XAUUSD,100,7.34987E+18,7.34987E+18,7.34987E+18,7.34987E+18,1659,2026-03-27T05:21:56.000Z,2026-03-27T05:49:35.000Z,-81.56,81.3,-82.96,-1.4,0,0.04,4442.87,4463.48,,,SELL,USD,1,1,1583663
D#1702488,XAUUSD,100,7.34987E+18,7.34987E+18,7.34987E+18,7.34987E+18,47,2026-03-27T05:48:59.000Z,2026-03-27T05:49:46.000Z,24.9,-26.85,14.4,-10.5,0,0.3,4464.83,4464.22,,,SELL,USD,1,1,1583663
D#1702488,XAUUSD,100,7.34987E+18,7.34987E+18,7.34987E+18,7.34987E+18,8,2026-03-27T05:49:47.000Z,2026-03-27T05:49:55.000Z,-39.9,37.95,-50.4,-10.5,0,0.3,4464.14,4462.59,,,BUY,USD,1,1,1583663
D#1702735,XAUUSD,100,7.34987E+18,7.34987E+18,7.34987E+18,7.34987E+18,137,2026-03-27T05:47:43.000Z,2026-03-27T05:50:00.000Z,-41.4,40.75,-44.9,-3.5,0,0.1,4466.63,4462.27,4462.37,4477,BUY,USD,1,1,1583663
D#1702488,XAUUSD,100,7.34987E+18,7.34987E+18,7.34987E+18,7.34987E+18,6,2026-03-27T05:49:58.000Z,2026-03-27T05:50:04.000Z,29.1,-31.05,18.6,-10.5,0,0.3,4462.65,4461.9,,,SELL,USD,1,1,1583663
D#1702436,XAUUSD,100,7.34987E+18,7.34987E+18,7.34987E+18,7.34987E+18,511,2026-03-27T05:41:34.000Z,2026-03-27T05:50:05.000Z,83.3,-83.95,79.8,-3.5,0,0.1,4470.03,4461.92,,4461.64,SELL,USD,1,1,1583663
D#1702487,XAUUSD,100,7.34987E+18,7.34987E+18,7.34987E+18,7.34987E+18,229,2026-03-27T05:46:48.000Z,2026-03-27T05:50:37.000Z,98.6,-99.9,91.6,-7,0,0.2,4467.4,4462.69,4462.31,4459.57,SELL,USD,1,1,1583663
D#1702488,XAUUSD,100,7.34987E+18,7.34987E+18,7.34987E+18,7.34987E+18,136,2026-03-27T05:50:06.000Z,2026-03-27T05:52:22.000Z,27,-28.95,16.5,-10.5,0,0.3,4462.09,4462.77,,,BUY,USD,1,1,1583663
D#1670947,XAUUSD,100,7.34987E+18,7.34987E+18,7.34987E+18,7.34987E+18,948,2026-03-27T05:36:43.000Z,2026-03-27T05:52:31.000Z,3.5,-3.825,1.74,-1.76,0,0.05,4462.89,4462.41,,4453.37,SELL,USD,1,1,1583663
D#1702488,XAUUSD,100,7.34987E+18,7.34987E+18,7.34987E+18,7.34987E+18,10,2026-03-27T05:52:37.000Z,2026-03-27T05:52:47.000Z,-12.9,10.95,-23.4,-10.5,0,0.3,4462.22,4462.87,,,SELL,USD,1,1,1583663
D#1702417,XAUUSD,100,7.34987E+18,7.34987E+18,7.34987E+18,7.34987E+18,94,2026-03-27T05:52:01.000Z,2026-03-27T05:53:35.000Z,-16.3,15.65,-19.8,-3.5,0,0.1,4462.09,4463.94,4463.83,4454.81,SELL,USD,1,1,1583663
D#1702488,XAUUSD,100,7.34987E+18,7.34987E+18,7.34987E+18,7.34987E+18,86,2026-03-27T05:52:48.000Z,2026-03-27T05:54:14.000Z,-23.1,21.15,-33.6,-10.5,0,0.3,4462.12,4461.13,,,BUY,USD,1,1,1583663
D#1671051,XAUUSD,100,7.34987E+18,7.34987E+18,7.34987E+18,7.34987E+18,419,2026-03-27T05:47:23.000Z,2026-03-27T05:54:22.000Z,68.8,-69.45,65.3,-3.5,0,0.1,4466.44,4459.78,,,SELL,USD,1,1,1583663
D#1702590,XAUUSD,100,7.34987E+18,7.34987E+18,7.34987E+18,7.34987E+18,247,2026-03-27T05:50:24.000Z,2026-03-27T05:54:31.000Z,-33.3,32.65,-36.8,-3.5,0,0.1,4462.04,4458.49,4458.86,4469.3,BUY,USD,1,1,1583663
D#1702488,XAUUSD,100,7.34987E+18,7.34987E+18,7.34987E+18,7.34987E+18,90,2026-03-27T05:54:15.000Z,2026-03-27T05:55:45.000Z,53.4,-55.35,42.9,-10.5,0,0.3,4461.08,4459.52,,,SELL,USD,1,1,1583663
D#1702675,XAUUSD,100,7.34987E+18,7.34987E+18,7.34987E+18,7.34987E+18,883,2026-03-27T05:41:46.000Z,2026-03-27T05:56:29.000Z,149.25,-150.225,143.99,-5.26,0,0.15,4468.96,4459.23,,,SELL,USD,1,1,1583663
D#1702488,XAUUSD,100,7.34987E+18,7.34987E+18,7.34987E+18,7.34987E+18,47,2026-03-27T05:55:49.000Z,2026-03-27T05:56:36.000Z,2.7,-4.65,-7.8,-10.5,0,0.3,4459.39,4459.26,,,BUY,USD,1,1,1583663
D#1670997,XAUUSD,100,7.34987E+18,7.34987E+18,7.34987E+18,7.34987E+18,214,2026-03-27T05:53:30.000Z,2026-03-27T05:57:04.000Z,86.6,-87.9,79.6,-7,0,0.2,4462.64,4458.53,4463.41,4458.24,SELL,USD,1,1,1583663
D#1671060,XAUUSD,100,7.34987E+18,7.34987E+18,7.34987E+18,7.34987E+18,186,2026-03-27T05:54:19.000Z,2026-03-27T05:57:25.000Z,77.6,-78.9,70.6,-7,0,0.2,4460.49,4456.83,,4456.75,SELL,USD,1,1,1583663
D#1702590,XAUUSD,100,7.34987E+18,7.34987E+18,7.34987E+18,7.34987E+18,116,2026-03-27T05:55:30.000Z,2026-03-27T05:57:26.000Z,-48.2,47.55,-51.7,-3.5,0,0.1,4461.06,4456.02,4456.57,4472.26,BUY,USD,1,1,1583663
D#1702669,XAUUSD,100,7.34987E+18,7.34987E+18,7.34987E+18,7.34987E+18,483,2026-03-27T05:50:04.000Z,2026-03-27T05:58:07.000Z,69.2,-69.85,65.7,-3.5,0,0.1,4461.72,4455.02,4461.48,4451.45,SELL,USD,1,1,1583663
D#1671060,XAUUSD,100,7.34987E+18,7.34987E+18,7.34987E+18,7.34987E+18,35,2026-03-27T05:57:32.000Z,2026-03-27T05:58:07.000Z,14.8,-16.1,7.8,-7,0,0.2,4455.54,4455.02,,,SELL,USD,1,1,1583663
D#1702589,XAUUSD,100,7.34987E+18,7.34987E+18,7.34987E+18,7.34987E+18,100,2026-03-27T05:56:31.000Z,2026-03-27T05:58:11.000Z,-106.75,105.125,-115.51,-8.76,0,0.25,4459.26,4454.77,,4461.98,BUY,USD,1,1,1583663
D#1702572,XAUUSD,100,7.34987E+18,7.34987E+18,7.34987E+18,7.34987E+18,1420,2026-03-27T05:35:26.000Z,2026-03-27T05:59:06.000Z,88.29,-88.875,85.13,-3.16,0,0.09,4465.1,4455.51,,4452.29,SELL,USD,1,1,1583663
D#1702488,XAUUSD,100,7.34987E+18,7.34987E+18,7.34987E+18,7.34987E+18,218,2026-03-27T05:56:40.000Z,2026-03-27T06:00:18.000Z,72.9,-74.85,62.4,-10.5,0,0.3,4460.18,4457.97,,,SELL,USD,1,1,1583663
D#1702659,XAUUSD,100,7.34987E+18,7.34987E+18,7.34987E+18,7.34987E+18,1275,2026-03-27T05:39:09.000Z,2026-03-27T06:00:24.000Z,134.1,-134.75,130.6,-3.5,0,0.1,4471.64,4458.45,4485.74,,SELL,USD,1,1,1583663
D#1702488,XAUUSD,100,7.34987E+18,7.34987E+18,7.34987E+18,7.34987E+18,16,2026-03-27T06:00:20.000Z,2026-03-27T06:00:36.000Z,69.9,-71.85,59.4,-10.5,0,0.3,4457.81,4459.92,,,BUY,USD,1,1,1583663
D#1702589,XAUUSD,100,7.34987E+18,7.34987E+18,7.34987E+18,7.34987E+18,147,2026-03-27T05:58:13.000Z,2026-03-27T06:00:40.000Z,-143.5,141.875,-152.26,-8.76,0,0.25,4454.08,4460.04,,4451.71,SELL,USD,1,1,1583663
D#1702505,XAUUSD,100,7.34987E+18,7.34987E+18,7.34987E+18,7.34987E+18,4,2026-03-27T06:00:39.000Z,2026-03-27T06:00:43.000Z,0.14,-0.205,-0.22,-0.36,0,0.01,4459.84,4459.92,,,SELL,USD,1,1,1583663
D#1671060,XAUUSD,100,7.34987E+18,7.34987E+18,7.34987E+18,7.34987E+18,74,2026-03-27T05:59:31.000Z,2026-03-27T06:00:45.000Z,64.65,-65.625,59.39,-5.26,0,0.15,4455.71,4459.8,4453.08,4465.2,BUY,USD,1,1,1583663
D#1702488,XAUUSD,100,7.34987E+18,7.34987E+18,7.34987E+18,7.34987E+18,15,2026-03-27T06:00:48.000Z,2026-03-27T06:01:03.000Z,-51.3,49.35,-61.8,-10.5,0,0.3,4458.6,4460.53,,,SELL,USD,1,1,1583663
D#1702477,XAUUSD,100,7.34987E+18,7.34987E+18,7.34987E+18,7.34987E+18,11625,2026-03-27T02:47:31.000Z,2026-03-27T06:01:16.000Z,143.52,-143.91,141.42,-2.1,0,0.06,4437.08,4460.78,,,BUY,USD,1,1,1583663
D#1702488,XAUUSD,100,7.34987E+18,7.34987E+18,7.34987E+18,7.34987E+18,38,2026-03-27T06:01:31.000Z,2026-03-27T06:02:09.000Z,-93.9,91.95,-104.4,-10.5,0,0.3,4460.86,4457.51,,,BUY,USD,1,1,1583663
D#1702590,XAUUSD,100,7.34987E+18,7.34987E+18,7.34987E+18,7.34987E+18,381,2026-03-27T05:59:06.000Z,2026-03-27T06:05:27.000Z,-18.1,17.45,-21.6,-3.5,0,0.1,4455.51,4453.48,4453.55,4467.12,BUY,USD,1,1,1583663
D#1670997,XAUUSD,100,7.34987E+18,7.34987E+18,7.34987E+18,7.34987E+18,204,2026-03-27T06:02:03.000Z,2026-03-27T06:05:27.000Z,96.8,-98.1,89.8,-7,0,0.2,4458.06,4453.44,4461.28,4453.36,SELL,USD,1,1,1583663
D#1671060,XAUUSD,100,7.34987E+18,7.34987E+18,7.34987E+18,7.34987E+18,137,2026-03-27T06:03:12.000Z,2026-03-27T06:05:29.000Z,-88.95,87.975,-94.21,-5.26,0,0.15,4459.03,4452.88,4453.12,4466.62,BUY,USD,1,1,1583663
D#1702482,XAUUSD,100,7.34987E+18,7.34987E+18,7.34987E+18,7.34987E+18,1475,2026-03-27T05:41:03.000Z,2026-03-27T06:05:38.000Z,100.05,-100.375,98.29,-1.76,0,0.05,4471.91,4452.12,4471.23,4452.02,SELL,USD,1,1,1583663
D#1671051,XAUUSD,100,7.34987E+18,7.34987E+18,7.34987E+18,7.34987E+18,586,2026-03-27T05:55:52.000Z,2026-03-27T06:05:38.000Z,-71.4,70.75,-74.9,-3.5,0,0.1,4459.27,4451.91,4452.05,4471.9,BUY,USD,1,1,1583663
D#1702417,XAUUSD,100,7.34987E+18,7.34987E+18,7.34987E+18,7.34987E+18,292,2026-03-27T06:01:00.000Z,2026-03-27T06:05:52.000Z,56.2,-56.85,52.69,-3.51,0,0.1,4459.5,4453.13,4462.03,4451.74,SELL,USD,1,1,1583663
D#1702488,XAUUSD,100,7.34987E+18,7.34987E+18,7.34987E+18,7.34987E+18,243,2026-03-27T06:02:13.000Z,2026-03-27T06:06:16.000Z,75,-76.95,64.5,-10.5,0,0.3,4457.32,4455.04,,,SELL,USD,1,1,1583663
D#1702488,XAUUSD,100,7.34987E+18,7.34987E+18,7.34987E+18,7.34987E+18,18,2026-03-27T06:06:20.000Z,2026-03-27T06:06:38.000Z,42.6,-44.55,32.1,-10.5,0,0.3,4455.75,4456.95,,,BUY,USD,1,1,1583663
D#1702488,XAUUSD,100,7.34987E+18,7.34987E+18,7.34987E+18,7.34987E+18,82,2026-03-27T06:06:41.000Z,2026-03-27T06:08:03.000Z,6.9,-8.85,-3.6,-10.5,0,0.3,4457.29,4457.28,,,SELL,USD,1,1,1583663
D#1702488,XAUUSD,100,7.34987E+18,7.34987E+18,7.34987E+18,7.34987E+18,55,2026-03-27T06:08:06.000Z,2026-03-27T06:09:01.000Z,49.2,-51.15,38.7,-10.5,0,0.3,4456.74,4458.16,,,BUY,USD,1,1,1583663
D#1702417,XAUUSD,100,7.34987E+18,7.34987E+18,7.34987E+18,7.34987E+18,110,2026-03-27T06:07:17.000Z,2026-03-27T06:09:07.000Z,-29.9,29.25,-33.4,-3.5,0,0.1,4457.61,4460.82,4460.58,4451.14,SELL,USD,1,1,1583663
D#1702356,XAUUSD,100,7.34987E+18,7.34987E+18,7.34987E+18,7.34987E+18,224,2026-03-27T06:05:27.000Z,2026-03-27T06:09:11.000Z,-41.85,41.525,-43.61,-1.76,0,0.05,4453.22,4461.81,4461.73,4442.24,SELL,USD,1,1,1583663
D#1702385,XAUUSD,100,7.34987E+18,7.34987E+18,7.34987E+18,7.34987E+18,1401,2026-03-27T05:45:52.000Z,2026-03-27T06:09:13.000Z,2.6,-2.925,0.84,-1.76,0,0.05,4463.21,4462.91,4462.59,4440.9,SELL,USD,1,1,1583663
D#1670946,XAUUSD,100,7.34987E+18,7.34987E+18,7.34987E+18,7.34987E+18,680,2026-03-27T05:58:18.000Z,2026-03-27T06:09:38.000Z,94.7,-95.35,91.2,-3.5,0,0.1,4453.79,4463.04,4449.52,4463.16,BUY,USD,1,1,1583663
D#1702488,XAUUSD,100,7.34987E+18,7.34987E+18,7.34987E+18,7.34987E+18,55,2026-03-27T06:09:26.000Z,2026-03-27T06:10:21.000Z,-50.1,48.15,-60.6,-10.5,0,0.3,4461.57,4463.46,,,SELL,USD,1,1,1583663
D#1702746,XAUUSD,100,7.34987E+18,7.34987E+18,7.34987E+18,7.34987E+18,185,2026-03-27T06:07:35.000Z,2026-03-27T06:10:40.000Z,-259,256.725,-271.26,-12.26,0,0.35,4456.51,4464.13,,,SELL,USD,1,1,1583663
D#1671051,XAUUSD,100,7.34987E+18,7.34987E+18,7.34987E+18,7.34987E+18,272,2026-03-27T06:06:38.000Z,2026-03-27T06:11:10.000Z,148.2,-149.5,141.2,-7,0,0.2,4457.12,4464.31,4450.81,,BUY,USD,1,1,1583663
D#1702488,XAUUSD,100,7.34987E+18,7.34987E+18,7.34987E+18,7.34987E+18,67,2026-03-27T06:10:22.000Z,2026-03-27T06:11:29.000Z,3,-4.95,-7.5,-10.5,0,0.3,4463.33,4463.21,,,BUY,USD,1,1,1583663
D#1702488,XAUUSD,100,7.34987E+18,7.34987E+18,7.34987E+18,7.34987E+18,32,2026-03-27T06:11:36.000Z,2026-03-27T06:12:08.000Z,-53.1,51.15,-63.6,-10.5,0,0.3,4462.98,4464.97,,,SELL,USD,1,1,1583663
D#1702488,XAUUSD,100,7.34987E+18,7.34987E+18,7.34987E+18,7.34987E+18,22,2026-03-27T06:12:09.000Z,2026-03-27T06:12:31.000Z,-43.8,41.85,-54.3,-10.5,0,0.3,4465.07,4463.39,,,BUY,USD,1,1,1583663
D#1670997,XAUUSD,100,7.34987E+18,7.34987E+18,7.34987E+18,7.34987E+18,131,2026-03-27T06:11:43.000Z,2026-03-27T06:13:54.000Z,85.8,-87.1,78.8,-7,0,0.2,4462.87,4466.94,4460.93,4466.47,BUY,USD,1,1,1583663
D#1589455,XAUUSD,100,7.34987E+18,7.34987E+18,7.34987E+18,7.34987E+18,461,2026-03-27T06:06:29.000Z,2026-03-27T06:14:10.000Z,-224.6,223.3,-231.6,-7,0,0.2,4456.44,4467.89,4470.26,4450.2,SELL,USD,1,1,1583663
D#1702645,XAUUSD,100,7.34987E+18,7.34987E+18,7.34987E+18,7.34987E+18,427,2026-03-27T06:07:23.000Z,2026-03-27T06:14:30.000Z,-126.3,125.65,-129.8,-3.5,0,0.1,4457.73,4470.58,4470.35,,SELL,USD,1,1,1583663
D#1702417,XAUUSD,100,7.34987E+18,7.34987E+18,7.34987E+18,7.34987E+18,68,2026-03-27T06:13:22.000Z,2026-03-27T06:14:30.000Z,-59.5,58.85,-63,-3.5,0,0.1,4464.38,4470.55,4470.06,4450.28,SELL,USD,1,1,1583663
D#1702482,XAUUSD,100,7.34987E+18,7.34987E+18,7.34987E+18,7.34987E+18,399,2026-03-27T06:07:56.000Z,2026-03-27T06:14:35.000Z,75.95,-76.275,74.19,-1.76,0,0.05,4456.31,4471.28,4459.78,4471.06,BUY,USD,1,1,1583663
D#1702488,XAUUSD,100,7.34987E+18,7.34987E+18,7.34987E+18,7.34987E+18,101,2026-03-27T06:12:59.000Z,2026-03-27T06:14:40.000Z,-170,168.7,-177,-7,0,0.2,4464.34,4473.06,,,SELL,USD,1,1,1583663
D#1702372,XAUUSD,100,7.34987E+18,7.34987E+18,7.34987E+18,7.34987E+18,109,2026-03-27T06:13:00.000Z,2026-03-27T06:14:49.000Z,279.2,-281.8,265.2,-14,0,0.4,4465.22,4471.98,,,BUY,USD,1,1,1583663
D#1702487,XAUUSD,100,7.34987E+18,7.34987E+18,7.34987E+18,7.34987E+18,819,2026-03-27T06:01:16.000Z,2026-03-27T06:14:55.000Z,150.15,-151.125,144.89,-5.26,0,0.15,4460.98,4470.77,4470.87,4473.17,BUY,USD,1,1,1583663
D#1702417,XAUUSD,100,7.34987E+18,7.34987E+18,7.34987E+18,7.34987E+18,188,2026-03-27T06:14:59.000Z,2026-03-27T06:18:07.000Z,32.8,-33.45,29.3,-3.5,0,0.1,4471.43,4468.37,4473.1,4465.93,SELL,USD,1,1,1583663
D#1702669,XAUUSD,100,7.34987E+18,7.34987E+18,7.34987E+18,7.34987E+18,532,2026-03-27T06:09:26.000Z,2026-03-27T06:18:18.000Z,56.9,-57.55,53.4,-3.5,0,0.1,4461.44,4466.91,4461.68,4471.54,BUY,USD,1,1,1583663
D#1702590,XAUUSD,100,7.34987E+18,7.34987E+18,7.34987E+18,7.34987E+18,92,2026-03-27T06:17:07.000Z,2026-03-27T06:18:39.000Z,-27.5,26.85,-31,-3.5,0,0.1,4469.02,4466.05,4465.78,4480.3,BUY,USD,1,1,1583663
D#1702460,XAUUSD,100,7.34987E+18,7.34987E+18,7.34987E+18,7.34987E+18,308,2026-03-27T06:14:50.000Z,2026-03-27T06:19:58.000Z,69,-69.65,65.5,-3.5,0,0.1,4471.99,4465.31,4480,4459.93,SELL,USD,1,1,1583663
D#1670935,XAUUSD,100,7.34987E+18,7.34987E+18,7.34987E+18,7.34987E+18,204,2026-03-27T06:16:45.000Z,2026-03-27T06:20:09.000Z,78.3,-79.275,73.04,-5.26,0,0.15,4468.5,4463.5,4468.37,4463.45,SELL,USD,1,1,1583663
D#1671060,XAUUSD,100,7.34987E+18,7.34987E+18,7.34987E+18,7.34987E+18,293,2026-03-27T06:15:18.000Z,2026-03-27T06:20:11.000Z,88.5,-89.475,83.24,-5.26,0,0.15,4468.1,4462.42,,4462.75,SELL,USD,1,1,1583663
D#1670946,XAUUSD,100,7.34987E+18,7.34987E+18,7.34987E+18,7.34987E+18,118,2026-03-27T06:18:29.000Z,2026-03-27T06:20:27.000Z,-45.9,45.25,-49.4,-3.5,0,0.1,4466.15,4461.34,4461.88,4475.64,BUY,USD,1,1,1583663
D#1702590,XAUUSD,100,7.34987E+18,7.34987E+18,7.34987E+18,7.34987E+18,123,2026-03-27T06:18:53.000Z,2026-03-27T06:20:56.000Z,-43.3,42.65,-46.8,-3.5,0,0.1,4465.46,4460.91,4460.69,4477,BUY,USD,1,1,1583663
D#1702385,XAUUSD,100,7.34987E+18,7.34987E+18,7.34987E+18,7.34987E+18,270,2026-03-27T06:16:45.000Z,2026-03-27T06:21:15.000Z,-108.7,108.05,-112.2,-3.5,0,0.1,4468.88,4457.79,4458.09,4480.27,BUY,USD,1,1,1583663
D#1702595,XAUUSD,100,7.34987E+18,7.34987E+18,7.34987E+18,7.34987E+18,467,2026-03-27T06:13:29.000Z,2026-03-27T06:21:16.000Z,108.8,-109.84,103.2,-5.6,0,0.16,4464.55,4457.97,,,SELL,USD,1,1,1583663
D#1702442,XAUUSD,100,7.34987E+18,7.34987E+18,7.34987E+18,7.34987E+18,21,2026-03-27T06:22:27.000Z,2026-03-27T06:22:48.000Z,-31.4,30.1,-38.4,-7,0,0.2,4460.07,4461.86,,,SELL,USD,1,1,1583663
D#1702645,XAUUSD,100,7.34987E+18,7.34987E+18,7.34987E+18,7.34987E+18,293,2026-03-27T06:18:00.000Z,2026-03-27T06:22:53.000Z,59.4,-60.05,55.9,-3.5,0,0.1,4467.21,4461.49,4475.7,,SELL,USD,1,1,1583663
D#1702442,XAUUSD,100,7.34987E+18,7.34987E+18,7.34987E+18,7.34987E+18,41,2026-03-27T06:22:50.000Z,2026-03-27T06:23:31.000Z,-21.2,19.9,-28.2,-7,0,0.2,4461.26,4459.98,,,BUY,USD,1,1,1583663
D#1670997,XAUUSD,100,7.34987E+18,7.34987E+18,7.34987E+18,7.34987E+18,244,2026-03-27T06:20:19.000Z,2026-03-27T06:24:23.000Z,79.6,-80.9,72.6,-7,0,0.2,4462.18,4458.42,4464.04,4458.52,SELL,USD,1,1,1583663
D#1702590,XAUUSD,100,7.34987E+18,7.34987E+18,7.34987E+18,7.34987E+18,197,2026-03-27T06:21:07.000Z,2026-03-27T06:24:24.000Z,-18.5,17.85,-22,-3.5,0,0.1,4459.88,4457.81,4457.97,4471.06,BUY,USD,1,1,1583663
D#1702356,XAUUSD,100,7.34987E+18,7.34987E+18,7.34987E+18,7.34987E+18,566,2026-03-27T06:15:11.000Z,2026-03-27T06:24:37.000Z,-75.6,75.21,-77.7,-2.1,0,0.06,4469.67,4456.85,4457.17,4495.11,BUY,USD,1,1,1583663
D#1702372,XAUUSD,100,7.34987E+18,7.34987E+18,7.34987E+18,7.34987E+18,180,2026-03-27T06:23:05.000Z,2026-03-27T06:26:05.000Z,91.6,-94.2,77.6,-14,0,0.4,4462.69,4464.76,,,BUY,USD,1,1,1583663
D#1702442,XAUUSD,100,7.34987E+18,7.34987E+18,7.34987E+18,7.34987E+18,149,2026-03-27T06:23:37.000Z,2026-03-27T06:26:06.000Z,-121.5,119.55,-132,-10.5,0,0.3,4460.68,4464.95,,,SELL,USD,1,1,1583663
D#1702442,XAUUSD,100,7.34987E+18,7.34987E+18,7.34987E+18,7.34987E+18,6,2026-03-27T06:26:14.000Z,2026-03-27T06:26:20.000Z,-1.8,-0.15,-12.3,-10.5,0,0.3,4463.83,4464.11,,,SELL,USD,1,1,1583663
D#1702595,XAUUSD,100,7.34987E+18,7.34987E+18,7.34987E+18,7.34987E+18,316,2026-03-27T06:21:33.000Z,2026-03-27T06:26:49.000Z,48.96,-50,43.36,-5.6,0,0.16,4461.19,4464.03,,,BUY,USD,1,1,1583663
D#1702463,XAUUSD,100,7.34987E+18,7.34987E+18,7.34987E+18,7.34987E+18,27,2026-03-27T06:27:14.000Z,2026-03-27T06:27:41.000Z,-90.27,86.955,-108.13,-17.86,0,0.51,4464.99,4463,,,BUY,USD,1,1,1583663
D#1702726,XAUUSD,100,7.34987E+18,7.34987E+18,7.34987E+18,7.34987E+18,178,2026-03-27T06:25:03.000Z,2026-03-27T06:28:01.000Z,8.64,-8.9,7.24,-1.4,0,0.04,4462.37,4464.31,,,BUY,USD,1,1,1583663
D#1702588,XAUUSD,100,7.34987E+18,7.34987E+18,7.34987E+18,7.34987E+18,1399,2026-03-27T06:05:58.000Z,2026-03-27T06:29:17.000Z,-109.3,108.65,-112.8,-3.5,0,0.1,4452.68,4463.83,,,SELL,USD,1,1,1583663
D#1670968,XAUUSD,100,7.34987E+18,7.34987E+18,7.34987E+18,7.34987E+18,86,2026-03-27T06:28:54.000Z,2026-03-27T06:30:20.000Z,27.72,-29.865,16.16,-11.56,0,0.33,4463.2,4462.58,,,SELL,USD,1,1,1583663
D#1702463,XAUUSD,100,7.34987E+18,7.34987E+18,7.34987E+18,7.34987E+18,165,2026-03-27T06:27:43.000Z,2026-03-27T06:30:28.000Z,112.2,-115.515,94.34,-17.86,0,0.51,4463.49,4461.51,,4461.41,SELL,USD,1,1,1583663
D#1702385,XAUUSD,100,7.34987E+18,7.34987E+18,7.34987E+18,7.34987E+18,572,2026-03-27T06:21:30.000Z,2026-03-27T06:31:02.000Z,-61.1,60.45,-64.6,-3.5,0,0.1,4460.72,4467.05,4466.83,4449.13,SELL,USD,1,1,1583663
D#1702417,XAUUSD,100,7.34987E+18,7.34987E+18,7.34987E+18,7.34987E+18,154,2026-03-27T06:28:29.000Z,2026-03-27T06:31:03.000Z,-41.5,40.85,-45,-3.5,0,0.1,4463.63,4468,4467.9,4455.6,SELL,USD,1,1,1583663
D#1670997,XAUUSD,100,7.34987E+18,7.34987E+18,7.34987E+18,7.34987E+18,187,2026-03-27T06:30:28.000Z,2026-03-27T06:33:35.000Z,-43,41.7,-50,-7,0,0.2,4461.39,4463.76,4463.32,,SELL,USD,1,1,1583663
D#1702572,XAUUSD,100,7.34987E+18,7.34987E+18,7.34987E+18,7.34987E+18,174,2026-03-27T06:32:23.000Z,2026-03-27T06:35:17.000Z,17.91,-18.495,14.75,-3.16,0,0.09,4461.81,4463.58,4463.04,4466.09,BUY,USD,1,1,1583663
D#1702590,XAUUSD,100,7.34987E+18,7.34987E+18,7.34987E+18,7.34987E+18,202,2026-03-27T06:32:00.000Z,2026-03-27T06:35:22.000Z,-25.4,24.1,-32.4,-7,0,0.2,4463.57,4465.06,4464.93,4458.15,SELL,USD,1,1,1583663
D#1670969,XAUUSD,100,7.34987E+18,7.34987E+18,7.34987E+18,7.34987E+18,398,2026-03-27T06:28:48.000Z,2026-03-27T06:35:26.000Z,-51.2,48.6,-65.2,-14,0,0.4,4463.4,4464.9,,,SELL,USD,1,1,1583663
D#1702385,XAUUSD,100,7.34987E+18,7.34987E+18,7.34987E+18,7.34987E+18,206,2026-03-27T06:33:02.000Z,2026-03-27T06:36:28.000Z,-42.6,41.95,-46.1,-3.5,0,0.1,4461.49,4465.97,,4449.8,SELL,USD,1,1,1583663
D#1702356,XAUUSD,100,7.34987E+18,7.34987E+18,7.34987E+18,7.34987E+18,291,2026-03-27T06:32:42.000Z,2026-03-27T06:37:33.000Z,-42,41.61,-44.1,-2.1,0,0.06,4461.31,4468.53,4468.35,4440.46,SELL,USD,1,1,1583663
D#1670969,XAUUSD,100,7.34987E+18,7.34987E+18,7.34987E+18,7.34987E+18,135,2026-03-27T06:35:27.000Z,2026-03-27T06:37:42.000Z,120.4,-123,106.4,-14,0,0.4,4464.9,4467.69,,,BUY,USD,1,1,1583663
D#1702572,XAUUSD,100,7.34987E+18,7.34987E+18,7.34987E+18,7.34987E+18,75,2026-03-27T06:37:04.000Z,2026-03-27T06:38:19.000Z,20.25,-20.835,17.09,-3.16,0,0.09,4467.88,4465.85,,4465.84,SELL,USD,1,1,1583663
D#1702583,XAUUSD,100,7.34987E+18,7.34987E+18,7.34987E+18,7.34987E+18,400,2026-03-27T06:31:57.000Z,2026-03-27T06:38:37.000Z,10.6,-11.9,3.6,-7,0,0.2,4464.96,4465.27,4465.43,4470.46,BUY,USD,1,1,1583663
D#1670997,XAUUSD,100,7.34987E+18,7.34987E+18,7.34987E+18,7.34987E+18,96,2026-03-27T06:37:12.000Z,2026-03-27T06:38:48.000Z,91.6,-92.9,84.6,-7,0,0.2,4467.82,4463.46,4469.39,4464.59,SELL,USD,1,1,1583663
D#1670969,XAUUSD,100,7.34987E+18,7.34987E+18,7.34987E+18,7.34987E+18,66,2026-03-27T06:37:44.000Z,2026-03-27T06:38:50.000Z,166,-168.6,152,-14,0,0.4,4467.36,4463.43,,,SELL,USD,1,1,1583663
D#1702385,XAUUSD,100,7.34987E+18,7.34987E+18,7.34987E+18,7.34987E+18,160,2026-03-27T06:36:31.000Z,2026-03-27T06:39:11.000Z,-31.4,30.75,-34.9,-3.5,0,0.1,4467.55,4464.19,,4479.24,BUY,USD,1,1,1583663
D#1670969,XAUUSD,100,7.34987E+18,7.34987E+18,7.34987E+18,7.34987E+18,49,2026-03-27T06:39:01.000Z,2026-03-27T06:39:50.000Z,88.8,-91.4,74.8,-14,0,0.4,4464.22,4466.22,,,BUY,USD,1,1,1583663
D#1702722,XAUUSD,100,7.34987E+18,7.34987E+18,7.34987E+18,7.34987E+18,264,2026-03-27T06:36:11.000Z,2026-03-27T06:40:35.000Z,-1.2,0.875,-2.96,-1.76,0,0.05,4465.14,4465.6,,,SELL,USD,1,1,1583663
D#1670969,XAUUSD,100,7.34987E+18,7.34987E+18,7.34987E+18,7.34987E+18,51,2026-03-27T06:39:53.000Z,2026-03-27T06:40:44.000Z,-3.2,0.6,-17.2,-14,0,0.4,4466.14,4466.44,,,SELL,USD,1,1,1583663
D#1702463,XAUUSD,100,7.34987E+18,7.34987E+18,7.34987E+18,7.34987E+18,74,2026-03-27T06:40:50.000Z,2026-03-27T06:42:04.000Z,-40.29,36.975,-58.15,-17.86,0,0.51,4466.15,4467.16,,,SELL,USD,1,1,1583663
D#1702460,XAUUSD,100,7.34987E+18,7.34987E+18,7.34987E+18,7.34987E+18,1201,2026-03-27T06:22:05.000Z,2026-03-27T06:42:06.000Z,-71,70.35,-74.5,-3.5,0,0.1,4459.76,4467.08,4469.77,4447.57,SELL,USD,1,1,1583663
D#1670969,XAUUSD,100,7.34987E+18,7.34987E+18,7.34987E+18,7.34987E+18,82,2026-03-27T06:40:45.000Z,2026-03-27T06:42:07.000Z,29.2,-31.8,15.2,-14,0,0.4,4466.44,4466.95,,,BUY,USD,1,1,1583663
D#1702590,XAUUSD,100,7.34987E+18,7.34987E+18,7.34987E+18,7.34987E+18,138,2026-03-27T06:40:21.000Z,2026-03-27T06:42:39.000Z,-28.4,27.1,-35.4,-7,0,0.2,4465.81,4467.45,4467.53,4460.25,SELL,USD,1,1,1583663
D#1670969,XAUUSD,100,7.34987E+18,7.34987E+18,7.34987E+18,7.34987E+18,34,2026-03-27T06:42:10.000Z,2026-03-27T06:42:44.000Z,-52,49.4,-66,-14,0,0.4,4466.85,4468.37,,,SELL,USD,1,1,1583663
D#1670969,XAUUSD,100,7.34987E+18,7.34987E+18,7.34987E+18,7.34987E+18,25,2026-03-27T06:42:46.000Z,2026-03-27T06:43:11.000Z,-53.2,50.6,-67.2,-14,0,0.4,4468.15,4466.6,,,BUY,USD,1,1,1583663
D#1670969,XAUUSD,100,7.34987E+18,7.34987E+18,7.34987E+18,7.34987E+18,17,2026-03-27T06:43:12.000Z,2026-03-27T06:43:29.000Z,49.6,-52.2,35.6,-14,0,0.4,4467.37,4466.35,,,SELL,USD,1,1,1583663
D#1670969,XAUUSD,100,7.34987E+18,7.34987E+18,7.34987E+18,7.34987E+18,33,2026-03-27T06:43:31.000Z,2026-03-27T06:44:04.000Z,18.8,-21.4,4.8,-14,0,0.4,4466.66,4466.91,,,BUY,USD,1,1,1583663
D#1670969,XAUUSD,100,7.34987E+18,7.34987E+18,7.34987E+18,7.34987E+18,28,2026-03-27T06:44:05.000Z,2026-03-27T06:44:33.000Z,-16.8,14.2,-30.8,-14,0,0.4,4465.88,4466.52,,,SELL,USD,1,1,1583663
D#1702590,XAUUSD,100,7.34987E+18,7.34987E+18,7.34987E+18,7.34987E+18,103,2026-03-27T06:43:04.000Z,2026-03-27T06:44:47.000Z,-36.2,34.9,-43.2,-7,0,0.2,4467.4,4465.37,4465.57,4472.7,BUY,USD,1,1,1583663
D#1670969,XAUUSD,100,7.34987E+18,7.34987E+18,7.34987E+18,7.34987E+18,24,2026-03-27T06:44:34.000Z,2026-03-27T06:44:58.000Z,-57.2,54.6,-71.2,-14,0,0.4,4466.58,4464.93,,,BUY,USD,1,1,1583663
D#1702583,XAUUSD,100,7.34987E+18,7.34987E+18,7.34987E+18,7.34987E+18,142,2026-03-27T06:42:54.000Z,2026-03-27T06:45:16.000Z,-70.6,69.3,-77.6,-7,0,0.2,4468.5,4464.75,,,BUY,USD,1,1,1583663
D#1702590,XAUUSD,100,7.34987E+18,7.34987E+18,7.34987E+18,7.34987E+18,53,2026-03-27T06:45:32.000Z,2026-03-27T06:46:25.000Z,-28.8,27.5,-35.8,-7,0,0.2,4465.27,4463.61,4463.79,4471,BUY,USD,1,1,1583663
D#1702372,XAUUSD,100,7.34987E+18,7.34987E+18,7.34987E+18,7.34987E+18,71,2026-03-27T06:45:16.000Z,2026-03-27T06:46:27.000Z,-72,69.4,-86,-14,0,0.4,4465.03,4463.01,4463.2,,BUY,USD,1,1,1583663
D#1702463,XAUUSD,100,7.34987E+18,7.34987E+18,7.34987E+18,7.34987E+18,274,2026-03-27T06:42:06.000Z,2026-03-27T06:46:40.000Z,-234.09,230.775,-251.95,-17.86,0,0.51,4467.12,4462.31,,4469.4,BUY,USD,1,1,1583663
D#1702417,XAUUSD,100,7.34987E+18,7.34987E+18,7.34987E+18,7.34987E+18,565,2026-03-27T06:37:36.000Z,2026-03-27T06:47:01.000Z,60.9,-61.55,57.4,-3.5,0,0.1,4468.19,4462.32,4467.65,4460.99,SELL,USD,1,1,1583663
D#1670969,XAUUSD,100,7.34987E+18,7.34987E+18,7.34987E+18,7.34987E+18,161,2026-03-27T06:44:59.000Z,2026-03-27T06:47:40.000Z,140.4,-143,126.4,-14,0,0.4,4464.92,4461.63,,,SELL,USD,1,1,1583663
D#1702595,XAUUSD,100,7.34987E+18,7.34987E+18,7.34987E+18,7.34987E+18,702,2026-03-27T06:36:05.000Z,2026-03-27T06:47:47.000Z,44,-45.04,38.4,-5.6,0,0.16,4464.3,4461.77,,,SELL,USD,1,1,1583663
D#1670969,XAUUSD,100,7.34987E+18,7.34987E+18,7.34987E+18,7.34987E+18,18,2026-03-27T06:47:42.000Z,2026-03-27T06:48:00.000Z,-35.6,33,-49.6,-14,0,0.4,4461.63,4460.52,,,BUY,USD,1,1,1583663
D#1670997,XAUUSD,100,7.34987E+18,7.34987E+18,7.34987E+18,7.34987E+18,303,2026-03-27T06:43:19.000Z,2026-03-27T06:48:22.000Z,-85.6,84.3,-92.6,-7,0,0.2,4466.56,4462.06,,4468.68,BUY,USD,1,1,1583663
D#1670969,XAUUSD,100,7.34987E+18,7.34987E+18,7.34987E+18,7.34987E+18,27,2026-03-27T06:48:01.000Z,2026-03-27T06:48:28.000Z,-71.6,69,-85.6,-14,0,0.4,4460.61,4462.62,,,SELL,USD,1,1,1583663
D#1702583,XAUUSD,100,7.34987E+18,7.34987E+18,7.34987E+18,7.34987E+18,199,2026-03-27T06:45:33.000Z,2026-03-27T06:48:52.000Z,55.4,-56.7,48.4,-7,0,0.2,4465.1,4462.55,4464.86,4459.3,SELL,USD,1,1,1583663
D#1670969,XAUUSD,100,7.34987E+18,7.34987E+18,7.34987E+18,7.34987E+18,47,2026-03-27T06:48:32.000Z,2026-03-27T06:49:19.000Z,-52,49.4,-66,-14,0,0.4,4461.75,4460.23,,,BUY,USD,1,1,1583663
D#1702550,XAUUSD,100,7.34987E+18,7.34987E+18,7.34987E+18,7.34987E+18,252,2026-03-27T06:45:17.000Z,2026-03-27T06:49:29.000Z,65.85,-66.825,60.59,-5.26,0,0.15,4464.9,4460.73,,,SELL,USD,1,1,1583663
D#1702583,XAUUSD,100,7.34987E+18,7.34987E+18,7.34987E+18,7.34987E+18,88,2026-03-27T06:49:40.000Z,2026-03-27T06:51:08.000Z,-43.2,41.9,-50.2,-7,0,0.2,4460.86,4458.48,4458.87,4466.77,BUY,USD,1,1,1583663
D#1702732,XAUUSD,100,7.34987E+18,7.34987E+18,7.34987E+18,7.34987E+18,137,2026-03-27T06:48:52.000Z,2026-03-27T06:51:09.000Z,-52.6,51.95,-56.1,-3.5,0,0.1,4462.55,4457.07,4457.72,,BUY,USD,1,1,1583663
D#1702436,XAUUSD,100,7.34987E+18,7.34987E+18,7.34987E+18,7.34987E+18,763,2026-03-27T06:38:29.000Z,2026-03-27T06:51:12.000Z,85.9,-86.55,82.4,-3.5,0,0.1,4465.37,4457,4473.98,4456.88,SELL,USD,1,1,1583663
D#1702417,XAUUSD,100,7.34987E+18,7.34987E+18,7.34987E+18,7.34987E+18,100,2026-03-27T06:49:33.000Z,2026-03-27T06:51:13.000Z,-42,41.35,-45.5,-3.5,0,0.1,4461.13,4456.71,4456.87,4466.13,BUY,USD,1,1,1583663
D#1670997,XAUUSD,100,7.34987E+18,7.34987E+18,7.34987E+18,7.34987E+18,67,2026-03-27T06:50:06.000Z,2026-03-27T06:51:13.000Z,89.4,-90.7,82.4,-7,0,0.2,4460.1,4455.85,,4456.6,SELL,USD,1,1,1583663
D#1670946,XAUUSD,100,7.34987E+18,7.34987E+18,7.34987E+18,7.34987E+18,53,2026-03-27T06:50:20.000Z,2026-03-27T06:51:13.000Z,-46.5,45.85,-50,-3.5,0,0.1,4460.3,4455.43,4455.66,4469.4,BUY,USD,1,1,1583663
D#1702726,XAUUSD,100,7.34987E+18,7.34987E+18,7.34987E+18,7.34987E+18,290,2026-03-27T06:48:19.000Z,2026-03-27T06:53:09.000Z,9.32,-9.58,7.92,-1.4,0,0.04,4461.61,4459.5,,,SELL,USD,1,1,1583663
D#1670969,XAUUSD,100,7.34987E+18,7.34987E+18,7.34987E+18,7.34987E+18,230,2026-03-27T06:49:25.000Z,2026-03-27T06:53:15.000Z,-47.2,44.6,-61.2,-14,0,0.4,4460.15,4458.75,,,BUY,USD,1,1,1583663
D#1670969,XAUUSD,100,7.34987E+18,7.34987E+18,7.34987E+18,7.34987E+18,30,2026-03-27T06:53:18.000Z,2026-03-27T06:53:48.000Z,-37.6,35,-51.6,-14,0,0.4,4458.99,4460.15,,,SELL,USD,1,1,1583663
D#1702583,XAUUSD,100,7.34987E+18,7.34987E+18,7.34987E+18,7.34987E+18,118,2026-03-27T06:52:01.000Z,2026-03-27T06:53:59.000Z,-42.2,40.9,-49.2,-7,0,0.2,4458.79,4461.12,4461.01,4452.69,SELL,USD,1,1,1583663
D#1670969,XAUUSD,100,7.34987E+18,7.34987E+18,7.34987E+18,7.34987E+18,30,2026-03-27T06:53:49.000Z,2026-03-27T06:54:19.000Z,103.6,-106.2,89.6,-14,0,0.4,4460.12,4462.49,,,BUY,USD,1,1,1583663
D#1702372,XAUUSD,100,7.34987E+18,7.34987E+18,7.34987E+18,7.34987E+18,181,2026-03-27T06:51:19.000Z,2026-03-27T06:54:20.000Z,228.4,-231,214.4,-14,0,0.4,4457.18,4462.67,4452.5,,BUY,USD,1,1,1583663
D#1670969,XAUUSD,100,7.34987E+18,7.34987E+18,7.34987E+18,7.34987E+18,5,2026-03-27T06:54:21.000Z,2026-03-27T06:54:26.000Z,-17.2,14.6,-31.2,-14,0,0.4,4462.74,4463.39,,,SELL,USD,1,1,1583663
D#1670969,XAUUSD,100,7.34987E+18,7.34987E+18,7.34987E+18,7.34987E+18,26,2026-03-27T06:54:27.000Z,2026-03-27T06:54:53.000Z,6.4,-9,-7.6,-14,0,0.4,4463.46,4463.4,,,BUY,USD,1,1,1583663
D#1702722,XAUUSD,100,7.34987E+18,7.34987E+18,7.34987E+18,7.34987E+18,825,2026-03-27T06:41:18.000Z,2026-03-27T06:55:03.000Z,24,-24.65,20.5,-3.5,0,0.1,4465.48,4463.3,4465.24,,SELL,USD,1,1,1583663
D#1670969,XAUUSD,100,7.34987E+18,7.34987E+18,7.34987E+18,7.34987E+18,22,2026-03-27T06:54:54.000Z,2026-03-27T06:55:16.000Z,40.8,-43.4,26.8,-14,0,0.4,4463.23,4462.43,,,SELL,USD,1,1,1583663
D#1702550,XAUUSD,100,7.34987E+18,7.34987E+18,7.34987E+18,7.34987E+18,43,2026-03-27T06:54:34.000Z,2026-03-27T06:55:17.000Z,27.45,-28.425,22.19,-5.26,0,0.15,4464.05,4462.44,,,SELL,USD,1,1,1583663
D#1670969,XAUUSD,100,7.34987E+18,7.34987E+18,7.34987E+18,7.34987E+18,15,2026-03-27T06:55:18.000Z,2026-03-27T06:55:33.000Z,10.8,-13.4,-3.2,-14,0,0.4,4462.7,4462.75,,,BUY,USD,1,1,1583663
D#1702595,XAUUSD,100,7.34987E+18,7.34987E+18,7.34987E+18,7.34987E+18,460,2026-03-27T06:48:00.000Z,2026-03-27T06:55:40.000Z,36.32,-37.36,30.72,-5.6,0,0.16,4460.71,4462.76,,,BUY,USD,1,1,1583663
D#1702631,XAUUSD,100,7.34987E+18,7.34987E+18,7.34987E+18,7.34987E+18,292,2026-03-27T06:51:06.000Z,2026-03-27T06:55:58.000Z,-34.4,33.75,-37.9,-3.5,0,0.1,4459.76,4463.42,4463.33,4443.5,SELL,USD,1,1,1583663
D#1670969,XAUUSD,100,7.34987E+18,7.34987E+18,7.34987E+18,7.34987E+18,43,2026-03-27T06:55:34.000Z,2026-03-27T06:56:17.000Z,-60.4,57.8,-74.4,-14,0,0.4,4462.74,4464.47,,,SELL,USD,1,1,1583663
D#1702572,XAUUSD,100,7.34987E+18,7.34987E+18,7.34987E+18,7.34987E+18,579,2026-03-27T06:46:39.000Z,2026-03-27T06:56:18.000Z,24.39,-24.975,21.23,-3.16,0,0.09,4462.36,4464.85,,4464.9,BUY,USD,1,1,1583663
D#1670969,XAUUSD,100,7.34987E+18,7.34987E+18,7.34987E+18,7.34987E+18,32,2026-03-27T06:56:19.000Z,2026-03-27T06:56:51.000Z,-86.8,84.2,-100.8,-14,0,0.4,4465.01,4462.62,,,BUY,USD,1,1,1583663
D#1702583,XAUUSD,100,7.34987E+18,7.34987E+18,7.34987E+18,7.34987E+18,182,2026-03-27T06:54:23.000Z,2026-03-27T06:57:25.000Z,-33.4,32.1,-40.4,-7,0,0.2,4463.05,4461.16,4461.38,4468.86,BUY,USD,1,1,1583663
D#1702451,XAUUSD,100,7.34987E+18,7.34987E+18,7.34987E+18,7.34987E+18,9,2026-03-27T06:58:08.000Z,2026-03-27T06:58:17.000Z,12,-12.52,9.2,-2.8,0,0.08,4459.88,4458.6,,,SELL,USD,1,1,1583663
D#1702451,XAUUSD,100,7.34987E+18,7.34987E+18,7.34987E+18,7.34987E+18,62,2026-03-27T06:58:21.000Z,2026-03-27T06:59:23.000Z,-72.4,69.8,-86.4,-14,0,0.4,4458.46,4460.49,,,SELL,USD,1,1,1583663
D#1670997,XAUUSD,100,7.34987E+18,7.34987E+18,7.34987E+18,7.34987E+18,410,2026-03-27T06:52:36.000Z,2026-03-27T06:59:26.000Z,-15.4,14.1,-22.4,-7,0,0.2,4459.01,4460,4460.51,4456.56,SELL,USD,1,1,1583663
D#1702451,XAUUSD,100,7.34987E+18,7.34987E+18,7.34987E+18,7.34987E+18,34,2026-03-27T06:59:28.000Z,2026-03-27T07:00:02.000Z,-36,33.4,-50,-14,0,0.4,4460.05,4458.93,,,BUY,USD,1,1,1583663
D#1702583,XAUUSD,100,7.34987E+18,7.34987E+18,7.34987E+18,7.34987E+18,142,2026-03-27T06:58:02.000Z,2026-03-27T07:00:24.000Z,9.5,-10.735,2.84,-6.66,0,0.19,4460.8,4460.52,,4454.36,SELL,USD,1,1,1583663
D#1702451,XAUUSD,100,7.34987E+18,7.34987E+18,7.34987E+18,7.34987E+18,38,2026-03-27T07:00:02.000Z,2026-03-27T07:00:40.000Z,-191,187.75,-208.5,-17.5,0,0.5,4458.93,4462.97,,,SELL,USD,1,1,1583663
D#1671060,XAUUSD,100,7.34987E+18,7.34987E+18,7.34987E+18,7.34987E+18,317,2026-03-27T06:56:35.000Z,2026-03-27T07:01:52.000Z,90.75,-91.725,85.49,-5.26,0,0.15,4462.65,4456.82,4464.71,4457.06,SELL,USD,1,1,1583663
D#1702583,XAUUSD,100,7.34987E+18,7.34987E+18,7.34987E+18,7.34987E+18,67,2026-03-27T07:01:03.000Z,2026-03-27T07:02:10.000Z,-59.4,58.1,-66.4,-7,0,0.2,4459.8,4456.61,,4465.73,BUY,USD,1,1,1583663
D#1670997,XAUUSD,100,7.34987E+18,7.34987E+18,7.34987E+18,7.34987E+18,80,2026-03-27T07:01:02.000Z,2026-03-27T07:02:22.000Z,95,-96.3,88,-7,0,0.2,4459.59,4455.06,4461.07,4455,SELL,USD,1,1,1583663
D#1702550,XAUUSD,100,7.34987E+18,7.34987E+18,7.34987E+18,7.34987E+18,257,2026-03-27T06:58:11.000Z,2026-03-27T07:02:28.000Z,29.7,-30.675,24.44,-5.26,0,0.15,4457.94,4456.18,,,SELL,USD,1,1,1583663
D#1702482,XAUUSD,100,7.34987E+18,7.34987E+18,7.34987E+18,7.34987E+18,2665,2026-03-27T06:18:13.000Z,2026-03-27T07:02:38.000Z,76.2,-76.525,74.44,-1.76,0,0.05,4468.6,4453.58,4472.71,4453.71,SELL,USD,1,1,1583663
D#1702732,XAUUSD,100,7.34987E+18,7.34987E+18,7.34987E+18,7.34987E+18,593,2026-03-27T06:52:45.000Z,2026-03-27T07:02:38.000Z,-65.2,64.55,-68.7,-3.5,0,0.1,4459.22,4452.48,4454.66,4475.27,BUY,USD,1,1,1583663
D#1702533,XAUUSD,100,7.34987E+18,7.34987E+18,7.34987E+18,7.34987E+18,465,2026-03-27T06:55:01.000Z,2026-03-27T07:02:46.000Z,-44,43.675,-45.76,-1.76,0,0.05,4462.91,4453.89,4446.15,4521.43,BUY,USD,1,1,1583663
D#1702645,XAUUSD,100,7.34987E+18,7.34987E+18,7.34987E+18,7.34987E+18,2071,2026-03-27T06:28:18.000Z,2026-03-27T07:02:49.000Z,106.7,-107.35,103.2,-3.5,0,0.1,4464.65,4454.2,4475.7,,SELL,USD,1,1,1583663
D#1702631,XAUUSD,100,7.34987E+18,7.34987E+18,7.34987E+18,7.34987E+18,377,2026-03-27T06:56:33.000Z,2026-03-27T07:02:50.000Z,455.5,-458.75,438,-17.5,0,0.5,4463.31,4454.42,4467.74,,SELL,USD,1,1,1583663
D#1702726,XAUUSD,100,7.34987E+18,7.34987E+18,7.34987E+18,7.34987E+18,471,2026-03-27T06:55:06.000Z,2026-03-27T07:02:57.000Z,28.56,-28.82,27.16,-1.4,0,0.04,4462.81,4455.89,,,SELL,USD,1,1,1583663
D#1702590,XAUUSD,100,7.34987E+18,7.34987E+18,7.34987E+18,7.34987E+18,44,2026-03-27T07:03:08.000Z,2026-03-27T07:03:52.000Z,-41.8,40.5,-48.8,-7,0,0.2,4455,4452.69,4452.93,4460.76,BUY,USD,1,1,1583663
D#1702741,XAUUSD,100,7.34987E+18,7.34987E+18,7.34987E+18,7.34987E+18,407,2026-03-27T06:57:23.000Z,2026-03-27T07:04:10.000Z,-227,225.375,-235.76,-8.76,0,0.25,4461.82,4452.52,,4464.48,BUY,USD,1,1,1583663
D#1702590,XAUUSD,100,7.34987E+18,7.34987E+18,7.34987E+18,7.34987E+18,32,2026-03-27T07:03:57.000Z,2026-03-27T07:04:29.000Z,-18.2,16.9,-25.2,-7,0,0.2,4452.49,4451.36,4451.49,4458.03,BUY,USD,1,1,1583663
D#1702533,XAUUSD,100,7.34987E+18,7.34987E+18,7.34987E+18,7.34987E+18,93,2026-03-27T07:02:58.000Z,2026-03-27T07:04:31.000Z,-20.95,20.625,-22.71,-1.76,0,0.05,4455.92,4451.51,4442.85,4499.49,BUY,USD,1,1,1583663
D#1591594,XAUUSD,100,7.34987E+18,7.34987E+18,7.34987E+18,7.34987E+18,1419,2026-03-27T06:41:11.000Z,2026-03-27T07:04:50.000Z,79,-79.325,77.24,-1.76,0,0.05,4466.35,4450.77,4475.96,4450.89,SELL,USD,1,1,1583663
D#1702550,XAUUSD,100,7.34987E+18,7.34987E+18,7.34987E+18,7.34987E+18,16,2026-03-27T07:06:32.000Z,2026-03-27T07:06:48.000Z,17.1,-18.075,11.84,-5.26,0,0.15,4451.61,4452.53,,,BUY,USD,1,1,1583663
D#1702671,XAUUSD,100,7.34987E+18,7.34987E+18,7.34987E+18,7.34987E+18,576,2026-03-27T06:57:24.000Z,2026-03-27T07:07:00.000Z,27.25,-27.575,25.49,-1.76,0,0.05,4461.32,4456.09,4459.11,4440.41,SELL,USD,1,1,1583663
D#1702341,XAUUSD,100,7.34987E+18,7.34987E+18,7.34987E+18,7.34987E+18,4958,2026-03-27T05:45:44.000Z,2026-03-27T07:08:22.000Z,75.4,-75.725,73.64,-1.76,0,0.05,4463.99,4449.13,,4448.41,SELL,USD,1,1,1583663
D#1671060,XAUUSD,100,7.34987E+18,7.34987E+18,7.34987E+18,7.34987E+18,47,2026-03-27T07:08:36.000Z,2026-03-27T07:09:23.000Z,75.9,-76.55,72.4,-3.5,0,0.1,4448,4455.37,4438.28,4458.54,BUY,USD,1,1,1583663
D#1702572,XAUUSD,100,7.34987E+18,7.34987E+18,7.34987E+18,7.34987E+18,453,2026-03-27T07:02:24.000Z,2026-03-27T07:09:57.000Z,5.85,-6.435,2.69,-3.16,0,0.09,4455.38,4455.81,,4460.03,BUY,USD,1,1,1583663
D#1702590,XAUUSD,100,7.34987E+18,7.34987E+18,7.34987E+18,7.34987E+18,450,2026-03-27T07:04:47.000Z,2026-03-27T07:12:17.000Z,115.8,-117.1,108.8,-7,0,0.2,4451.68,4457.25,4449.62,4457.3,BUY,USD,1,1,1583663
D#1702550,XAUUSD,100,7.34987E+18,7.34987E+18,7.34987E+18,7.34987E+18,207,2026-03-27T07:08:53.000Z,2026-03-27T07:12:20.000Z,78.9,-79.875,73.64,-5.26,0,0.15,4453.15,4458.19,,,BUY,USD,1,1,1583663
D#1702595,XAUUSD,100,7.34987E+18,7.34987E+18,7.34987E+18,7.34987E+18,1292,2026-03-27T06:55:48.000Z,2026-03-27T07:17:20.000Z,-162.24,161.2,-167.84,-5.6,0,0.16,4463.19,4452.83,4450,4468,BUY,USD,1,1,1583663
D#1702669,XAUUSD,100,7.34987E+18,7.34987E+18,7.34987E+18,7.34987E+18,69,2026-03-27T07:19:20.000Z,2026-03-27T07:20:29.000Z,-25.8,25.15,-29.3,-3.5,0,0.1,4451.59,4454.39,4455.46,,SELL,USD,1,1,1583663
D#1671060,XAUUSD,100,7.34987E+18,7.34987E+18,7.34987E+18,7.34987E+18,560,2026-03-27T07:12:02.000Z,2026-03-27T07:21:22.000Z,0.6,-1.25,-2.9,-3.5,0,0.1,4455.67,4455.83,4455.43,4448.02,SELL,USD,1,1,1583663
D#1702669,XAUUSD,100,7.34987E+18,7.34987E+18,7.34987E+18,7.34987E+18,28,2026-03-27T07:21:31.000Z,2026-03-27T07:21:59.000Z,-23.2,22.55,-26.7,-3.5,0,0.1,4455.81,4453.27,4453.64,,BUY,USD,1,1,1583663
D#1702669,XAUUSD,100,7.34987E+18,7.34987E+18,7.34987E+18,7.34987E+18,23,2026-03-27T07:22:11.000Z,2026-03-27T07:22:34.000Z,-14.3,13.65,-17.8,-3.5,0,0.1,4454.17,4455.82,,,SELL,USD,1,1,1583663
D#1702669,XAUUSD,100,7.34987E+18,7.34987E+18,7.34987E+18,7.34987E+18,317,2026-03-27T07:22:50.000Z,2026-03-27T07:28:07.000Z,2.7,-3.35,-0.8,-3.5,0,0.1,4455.68,4455.73,4453.39,4461.57,BUY,USD,1,1,1583663
D#1702591,XAUUSD,100,7.34987E+18,7.34987E+18,7.34987E+18,7.34987E+18,641,2026-03-27T07:18:34.000Z,2026-03-27T07:29:15.000Z,-27.4,26.1,-34.4,-7,0,0.2,4453.2,4451.61,4451.3,4475.42,BUY,USD,1,1,1583663
D#1702417,XAUUSD,100,7.34987E+18,7.34987E+18,7.34987E+18,7.34987E+18,617,2026-03-27T07:18:58.000Z,2026-03-27T07:29:15.000Z,17.4,-18.05,13.9,-3.5,0,0.1,4451.46,4451.14,4451.62,4458.89,BUY,USD,1,1,1583663
D#1702590,XAUUSD,100,7.34987E+18,7.34987E+18,7.34987E+18,7.34987E+18,667,2026-03-27T07:18:11.000Z,2026-03-27T07:29:18.000Z,-45.6,44.3,-52.6,-7,0,0.2,4453.31,4450.81,4451.14,4459.03,BUY,USD,1,1,1583663
D#1702732,XAUUSD,100,7.34987E+18,7.34987E+18,7.34987E+18,7.34987E+18,421,2026-03-27T07:23:46.000Z,2026-03-27T07:30:47.000Z,-40.1,39.45,-43.6,-3.5,0,0.1,4454.52,4450.29,4450.2,4471.34,BUY,USD,1,1,1583663
D#1702590,XAUUSD,100,7.34987E+18,7.34987E+18,7.34987E+18,7.34987E+18,73,2026-03-27T07:29:35.000Z,2026-03-27T07:30:48.000Z,-35.6,34.3,-42.6,-7,0,0.2,4451.63,4449.63,4449.83,4457.23,BUY,USD,1,1,1583663
D#1702669,XAUUSD,100,7.34987E+18,7.34987E+18,7.34987E+18,7.34987E+18,365,2026-03-27T07:29:07.000Z,2026-03-27T07:35:12.000Z,20.7,-21.35,17.2,-3.5,0,0.1,4453.27,4451.42,4453.03,4443.38,SELL,USD,1,1,1583663
D#1702591,XAUUSD,100,7.34987E+18,7.34987E+18,7.34987E+18,7.34987E+18,22,2026-03-27T07:36:06.000Z,2026-03-27T07:36:28.000Z,4,-5.3,-3,-7,0,0.2,4452.42,4452.4,,,BUY,USD,1,1,1583663
D#1702572,XAUUSD,100,7.34987E+18,7.34987E+18,7.34987E+18,7.34987E+18,461,2026-03-27T07:29:16.000Z,2026-03-27T07:36:57.000Z,33.93,-34.515,30.77,-3.16,0,0.09,4451.62,4455.17,,4454,BUY,USD,1,1,1583663
D#1702669,XAUUSD,100,7.34987E+18,7.34987E+18,7.34987E+18,7.34987E+18,87,2026-03-27T07:35:30.000Z,2026-03-27T07:36:57.000Z,29.1,-29.75,25.6,-3.5,0,0.1,4452.15,4454.84,4449.97,4454.04,BUY,USD,1,1,1583663
D#1702590,XAUUSD,100,7.34987E+18,7.34987E+18,7.34987E+18,7.34987E+18,179,2026-03-27T07:34:29.000Z,2026-03-27T07:37:28.000Z,94.2,-95.5,87.2,-7,0,0.2,4450.58,4455.07,4448.69,4456.14,BUY,USD,1,1,1583663
D#1702669,XAUUSD,100,7.34987E+18,7.34987E+18,7.34987E+18,7.34987E+18,35,2026-03-27T07:37:38.000Z,2026-03-27T07:38:13.000Z,-11.4,10.75,-14.9,-3.5,0,0.1,4454.23,4452.87,4451.55,,BUY,USD,1,1,1583663
D#1702669,XAUUSD,100,7.34987E+18,7.34987E+18,7.34987E+18,7.34987E+18,49,2026-03-27T07:38:35.000Z,2026-03-27T07:39:24.000Z,-16.4,15.75,-19.9,-3.5,0,0.1,4454.06,4452.2,4452.84,4454.95,BUY,USD,1,1,1583663
D#1702669,XAUUSD,100,7.34987E+18,7.34987E+18,7.34987E+18,7.34987E+18,24,2026-03-27T07:39:33.000Z,2026-03-27T07:39:57.000Z,-7.8,7.15,-11.3,-3.5,0,0.1,4452.04,4453.04,,,SELL,USD,1,1,1583663
D#1702669,XAUUSD,100,7.34987E+18,7.34987E+18,7.34987E+18,7.34987E+18,20,2026-03-27T07:40:00.000Z,2026-03-27T07:40:20.000Z,-3.6,2.95,-7.1,-3.5,0,0.1,4453.43,4452.85,,,BUY,USD,1,1,1583663
D#1702669,XAUUSD,100,7.34987E+18,7.34987E+18,7.34987E+18,7.34987E+18,33,2026-03-27T07:40:27.000Z,2026-03-27T07:41:00.000Z,-15.75,14.775,-21.01,-5.26,0,0.15,4452.88,4451.61,,,BUY,USD,1,1,1583663
D#1670968,XAUUSD,100,7.34987E+18,7.34987E+18,7.34987E+18,7.34987E+18,34,2026-03-27T07:41:10.000Z,2026-03-27T07:41:44.000Z,26.56,-28.64,15.36,-11.2,0,0.32,4451.32,4450.71,,,SELL,USD,1,1,1583663
D#1702590,XAUUSD,100,7.34987E+18,7.34987E+18,7.34987E+18,7.34987E+18,84,2026-03-27T07:40:57.000Z,2026-03-27T07:42:21.000Z,-64.4,63.1,-71.4,-7,0,0.2,4451.77,4448.33,4449.86,4457.61,BUY,USD,1,1,1583663
D#1702417,XAUUSD,100,7.34987E+18,7.34987E+18,7.34987E+18,7.34987E+18,750,2026-03-27T07:30:02.000Z,2026-03-27T07:42:32.000Z,-34.8,34.15,-38.3,-3.5,0,0.1,4451.31,4447.61,4447.97,4457.94,BUY,USD,1,1,1583663
D#1702591,XAUUSD,100,7.34987E+18,7.34987E+18,7.34987E+18,7.34987E+18,365,2026-03-27T07:36:35.000Z,2026-03-27T07:42:40.000Z,-208.5,205.25,-226,-17.5,0,0.5,4452.38,4447.99,,,BUY,USD,1,1,1583663
D#1702436,XAUUSD,100,7.34987E+18,7.34987E+18,7.34987E+18,7.34987E+18,1557,2026-03-27T07:17:01.000Z,2026-03-27T07:42:58.000Z,-70.9,70.25,-74.4,-3.5,0,0.1,4454.59,4447.28,4447.37,4462.48,BUY,USD,1,1,1583663
D#1702595,XAUUSD,100,7.34987E+18,7.34987E+18,7.34987E+18,7.34987E+18,1527,2026-03-27T07:17:33.000Z,2026-03-27T07:43:00.000Z,-89.76,88.72,-95.36,-5.6,0,0.16,4452.62,4446.79,4447,4463.1,BUY,USD,1,1,1583663
D#1670955,XAUUSD,100,7.34987E+18,7.34987E+18,7.34987E+18,7.34987E+18,219,2026-03-27T07:39:28.000Z,2026-03-27T07:43:07.000Z,49.1,-49.75,45.6,-3.5,0,0.1,4451.88,4447.19,,,SELL,USD,1,1,1583663
D#1702703,XAUUSD,100,7.34987E+18,7.34987E+18,7.34987E+18,7.34987E+18,6995,2026-03-27T05:46:35.000Z,2026-03-27T07:43:10.000Z,-205.1,204.45,-208.6,-3.5,0,0.1,4467.81,4447.08,,,BUY,USD,1,1,1583663
D#1702417,XAUUSD,100,7.34987E+18,7.34987E+18,7.34987E+18,7.34987E+18,248,2026-03-27T07:43:42.000Z,2026-03-27T07:47:50.000Z,39.3,-39.95,35.8,-3.5,0,0.1,4447.26,4450.97,4447.73,4455.87,BUY,USD,1,1,1583663
D#1670955,XAUUSD,100,7.34987E+18,7.34987E+18,7.34987E+18,7.34987E+18,45,2026-03-27T07:47:59.000Z,2026-03-27T07:48:44.000Z,19.4,-20.7,12.4,-7,0,0.2,4452.13,4451.38,,,SELL,USD,1,1,1583663
D#1702590,XAUUSD,100,7.34987E+18,7.34987E+18,7.34987E+18,7.34987E+18,372,2026-03-27T07:42:59.000Z,2026-03-27T07:49:11.000Z,119.6,-120.9,112.6,-7,0,0.2,4447.19,4452.95,4445.28,4452.98,BUY,USD,1,1,1583663
D#1702356,XAUUSD,100,7.34987E+18,7.34987E+18,7.34987E+18,7.34987E+18,3850,2026-03-27T06:47:07.000Z,2026-03-27T07:51:17.000Z,73.74,-74.13,71.64,-2.1,0,0.06,4461.89,4449.82,4468.89,4443.16,SELL,USD,1,1,1583663
D#1670968,XAUUSD,100,7.34987E+18,7.34987E+18,7.34987E+18,7.34987E+18,159,2026-03-27T07:50:12.000Z,2026-03-27T07:52:51.000Z,140.48,-142.56,129.28,-11.2,0,0.32,4451,4446.83,,,SELL,USD,1,1,1583663
D#1702590,XAUUSD,100,7.34987E+18,7.34987E+18,7.34987E+18,7.34987E+18,105,2026-03-27T07:52:10.000Z,2026-03-27T07:53:55.000Z,-53.6,52.3,-60.6,-7,0,0.2,4448.59,4445.69,4446.15,4454.37,BUY,USD,1,1,1583663
D#1670955,XAUUSD,100,7.34987E+18,7.34987E+18,7.34987E+18,7.34987E+18,300,2026-03-27T07:49:07.000Z,2026-03-27T07:54:07.000Z,147.12,-148.68,138.72,-8.4,0,0.24,4451.85,4445.94,,,SELL,USD,1,1,1583663
D#1702371,XAUUSD,100,7.34987E+18,7.34987E+18,7.34987E+18,7.34987E+18,1748,2026-03-27T07:25:03.000Z,2026-03-27T07:54:11.000Z,-46.65,46.325,-48.41,-1.76,0,0.05,4455.24,4445.69,4442.29,4479.01,BUY,USD,1,1,1583663
D#1702590,XAUUSD,100,7.34987E+18,7.34987E+18,7.34987E+18,7.34987E+18,53,2026-03-27T07:53:59.000Z,2026-03-27T07:54:52.000Z,-34.4,33.1,-41.4,-7,0,0.2,4445.88,4443.94,4444.29,4451.58,BUY,USD,1,1,1583663
D#1702669,XAUUSD,100,7.34987E+18,7.34987E+18,7.34987E+18,7.34987E+18,832,2026-03-27T07:41:04.000Z,2026-03-27T07:54:56.000Z,121.35,-122.325,116.09,-5.26,0,0.15,4451,4443.13,4459.11,4443.11,SELL,USD,1,1,1583663
D#1670936,XAUUSD,100,7.34987E+18,7.34987E+18,7.34987E+18,7.34987E+18,716,2026-03-27T07:43:00.000Z,2026-03-27T07:54:56.000Z,-38.6,37.95,-42.1,-3.5,0,0.1,4447,4442.92,4443.01,4458.51,BUY,USD,1,1,1583663
D#1645648,XAUUSD,100,7.34987E+18,7.34987E+18,7.34987E+18,7.34987E+18,8224,2026-03-27T05:38:06.000Z,2026-03-27T07:55:10.000Z,-225.1,224.45,-228.6,-3.5,0,0.1,4467.38,4444.65,,4479.08,BUY,USD,1,1,1583663
D#1670935,XAUUSD,100,7.34987E+18,7.34987E+18,7.34987E+18,7.34987E+18,81,2026-03-27T07:58:08.000Z,2026-03-27T07:59:29.000Z,-16.2,15.225,-21.46,-5.26,0,0.15,4446.52,4447.82,4447.6,4442.28,SELL,USD,1,1,1583663
D#1702590,XAUUSD,100,7.34987E+18,7.34987E+18,7.34987E+18,7.34987E+18,396,2026-03-27T07:55:04.000Z,2026-03-27T08:01:40.000Z,129.6,-130.9,122.6,-7,0,0.2,4444.1,4450.36,4443.02,4449.84,BUY,USD,1,1,1583663
D#1670935,XAUUSD,100,7.34987E+18,7.34987E+18,7.34987E+18,7.34987E+18,138,2026-03-27T08:00:02.000Z,2026-03-27T08:02:20.000Z,-37.5,36.525,-42.76,-5.26,0,0.15,4447.39,4444.67,4445.3,4453.01,BUY,USD,1,1,1583663
D#1702526,XAUUSD,100,7.34987E+18,7.34987E+18,7.34987E+18,7.34987E+18,131,2026-03-27T08:00:10.000Z,2026-03-27T08:02:21.000Z,-25.1,24.45,-28.6,-3.5,0,0.1,4445.97,4443.24,4443.58,4454.99,BUY,USD,1,1,1583663
D#1670935,XAUUSD,100,7.34987E+18,7.34987E+18,7.34987E+18,7.34987E+18,44,2026-03-27T08:02:33.000Z,2026-03-27T08:03:17.000Z,-54.6,53.625,-59.86,-5.26,0,0.15,4447.9,4444.04,4444.19,,BUY,USD,1,1,1583663
D#1702695,XAUUSD,100,7.34987E+18,7.34987E+18,7.34987E+18,7.34987E+18,16991,2026-03-27T03:20:20.000Z,2026-03-27T08:03:31.000Z,61.55,-61.875,59.79,-1.76,0,0.05,4432.01,4444.1,,,BUY,USD,1,1,1583663
D#1702675,XAUUSD,100,7.34987E+18,7.34987E+18,7.34987E+18,7.34987E+18,5293,2026-03-27T06:36:38.000Z,2026-03-27T08:04:51.000Z,-349.35,348.375,-354.61,-5.26,0,0.15,4466.63,4443.12,,,BUY,USD,1,1,1583663
D#1671060,XAUUSD,100,7.34987E+18,7.34987E+18,7.34987E+18,7.34987E+18,495,2026-03-27T07:59:18.000Z,2026-03-27T08:07:33.000Z,-5.9,5.25,-9.4,-3.5,0,0.1,4446.32,4445.51,4446.56,4453.32,BUY,USD,1,1,1583663
D#1702572,XAUUSD,100,7.34987E+18,7.34987E+18,7.34987E+18,7.34987E+18,32,2026-03-27T08:07:01.000Z,2026-03-27T08:07:33.000Z,24.39,-24.975,21.23,-3.16,0,0.09,4448.33,4445.84,,4446,SELL,USD,1,1,1583663
D#1670935,XAUUSD,100,7.34987E+18,7.34987E+18,7.34987E+18,7.34987E+18,399,2026-03-27T08:04:21.000Z,2026-03-27T08:11:00.000Z,1.2,-2.175,-4.06,-5.26,0,0.15,4444.27,4444.13,4444.48,4450.83,BUY,USD,1,1,1583663
D#1670955,XAUUSD,100,7.34987E+18,7.34987E+18,7.34987E+18,7.34987E+18,914,2026-03-27T07:55:50.000Z,2026-03-27T08:11:04.000Z,12,-13.56,3.6,-8.4,0,0.24,4444.9,4444.62,,,SELL,USD,1,1,1583663
D#1670935,XAUUSD,100,7.34987E+18,7.34987E+18,7.34987E+18,7.34987E+18,313,2026-03-27T08:11:27.000Z,2026-03-27T08:16:40.000Z,-10.35,9.375,-15.61,-5.26,0,0.15,4444.85,4443.94,4444.17,4451.1,BUY,USD,1,1,1583663
D#1702595,XAUUSD,100,7.34987E+18,7.34987E+18,7.34987E+18,7.34987E+18,950,2026-03-27T08:01:22.000Z,2026-03-27T08:17:12.000Z,-76.16,75.12,-81.76,-5.6,0,0.16,4448.03,4443.05,4440.75,,BUY,USD,1,1,1583663
D#1702526,XAUUSD,100,7.34987E+18,7.34987E+18,7.34987E+18,7.34987E+18,833,2026-03-27T08:03:19.000Z,2026-03-27T08:17:12.000Z,-0.2,-0.45,-3.7,-3.5,0,0.1,4443.39,4443.15,4443.63,4452.08,BUY,USD,1,1,1583663
D#1702590,XAUUSD,100,7.34987E+18,7.34987E+18,7.34987E+18,7.34987E+18,606,2026-03-27T08:07:06.000Z,2026-03-27T08:17:12.000Z,-103.4,102.1,-110.4,-7,0,0.2,4448.54,4443.15,4443.68,4454.09,BUY,USD,1,1,1583663
D#1702436,XAUUSD,100,7.34987E+18,7.34987E+18,7.34987E+18,7.34987E+18,1632,2026-03-27T07:50:14.000Z,2026-03-27T08:17:26.000Z,87.2,-87.85,83.7,-3.5,0,0.1,4451.21,4442.71,4458.51,4442.82,SELL,USD,1,1,1583663
D#1670935,XAUUSD,100,7.34987E+18,7.34987E+18,7.34987E+18,7.34987E+18,28,2026-03-27T08:17:01.000Z,2026-03-27T08:17:29.000Z,-33.45,32.475,-38.71,-5.26,0,0.15,4444.48,4442.03,4442.26,,BUY,USD,1,1,1583663
D#1670970,XAUUSD,100,7.34987E+18,7.34987E+18,7.34987E+18,7.34987E+18,8586,2026-03-27T05:54:26.000Z,2026-03-27T08:17:32.000Z,120.89,-121.345,118.43,-2.46,0,0.07,4459.04,4441.99,4453.33,4441.9,SELL,USD,1,1,1583663
D#1702361,XAUUSD,100,7.34987E+18,7.34987E+18,7.34987E+18,7.34987E+18,1966,2026-03-27T07:44:46.000Z,2026-03-27T08:17:32.000Z,117.2,-118.5,110.2,-7,0,0.2,4447.65,4442.01,,4442.06,SELL,USD,1,1,1583663
D#1670947,XAUUSD,100,7.34987E+18,7.34987E+18,7.34987E+18,7.34987E+18,4161,2026-03-27T07:08:15.000Z,2026-03-27T08:17:36.000Z,55,-55.325,53.24,-1.76,0,0.05,4452.2,4441.42,,4441.25,SELL,USD,1,1,1583663
D#1702551,XAUUSD,100,7.34987E+18,7.34987E+18,7.34987E+18,7.34987E+18,1612,2026-03-27T07:50:44.000Z,2026-03-27T08:17:36.000Z,91.7,-92.35,88.2,-3.5,0,0.1,4450.35,4441.4,4459.26,4441.34,SELL,USD,1,1,1583663
D#1671060,XAUUSD,100,7.34987E+18,7.34987E+18,7.34987E+18,7.34987E+18,498,2026-03-27T08:09:18.000Z,2026-03-27T08:17:36.000Z,80.4,-81.375,75.14,-5.26,0,0.15,4446.49,4441.35,4449.87,4441.41,SELL,USD,1,1,1583663
D#1702722,XAUUSD,100,7.34987E+18,7.34987E+18,7.34987E+18,7.34987E+18,4769,2026-03-27T06:58:16.000Z,2026-03-27T08:17:45.000Z,-182,181.35,-185.5,-3.5,0,0.1,4458.83,4440.41,4440.58,4468.26,BUY,USD,1,1,1583663
D#1670990,XAUUSD,100,7.34987E+18,7.34987E+18,7.34987E+18,7.34987E+18,1884,2026-03-27T07:46:21.000Z,2026-03-27T08:17:45.000Z,-56.42,55.965,-58.88,-2.46,0,0.07,4448.49,4440.21,4440.41,4496.28,BUY,USD,1,1,1583663
D#1702356,XAUUSD,100,7.34987E+18,7.34987E+18,7.34987E+18,7.34987E+18,554,2026-03-27T08:08:32.000Z,2026-03-27T08:17:46.000Z,-49.44,49.05,-51.54,-2.1,0,0.06,4448.56,4440.1,4440.41,4471.71,BUY,USD,1,1,1583663
D#1702628,XAUUSD,100,7.34987E+18,7.34987E+18,7.34987E+18,7.34987E+18,2621,2026-03-27T07:34:24.000Z,2026-03-27T08:18:05.000Z,98.2,-98.85,94.7,-3.5,0,0.1,4449.58,4439.98,,,SELL,USD,1,1,1583663
D#1702695,XAUUSD,100,7.34987E+18,7.34987E+18,7.34987E+18,7.34987E+18,190,2026-03-27T08:15:52.000Z,2026-03-27T08:19:02.000Z,8.85,-9.175,7.09,-1.76,0,0.05,4444.48,4442.93,,,SELL,USD,1,1,1583663
D#1670955,XAUUSD,100,7.34987E+18,7.34987E+18,7.34987E+18,7.34987E+18,83,2026-03-27T08:19:10.000Z,2026-03-27T08:20:33.000Z,-35.28,33.72,-43.68,-8.4,0,0.24,4442.98,4441.29,,,BUY,USD,1,1,1583663
D#1702590,XAUUSD,100,7.34987E+18,7.34987E+18,7.34987E+18,7.34987E+18,406,2026-03-27T08:17:26.000Z,2026-03-27T08:24:12.000Z,-81,79.7,-88,-7,0,0.2,4442.71,4438.44,4438.9,4448.34,BUY,USD,1,1,1583663
D#1614603,XAUUSD,100,7.34987E+18,7.34987E+18,7.34987E+18,7.34987E+18,2480,2026-03-27T07:43:00.000Z,2026-03-27T08:24:20.000Z,-50.3,49.975,-52.06,-1.76,0,0.05,4447,4436.72,4437.01,4467.01,BUY,USD,1,1,1583663
D#1702595,XAUUSD,100,7.34987E+18,7.34987E+18,7.34987E+18,7.34987E+18,415,2026-03-27T08:17:25.000Z,2026-03-27T08:24:20.000Z,-102.72,101.68,-108.32,-5.6,0,0.16,4443.36,4436.72,,,BUY,USD,1,1,1583663
D#1591594,XAUUSD,100,7.34987E+18,7.34987E+18,7.34987E+18,7.34987E+18,3036,2026-03-27T07:33:45.000Z,2026-03-27T08:24:21.000Z,-72.95,72.625,-74.71,-1.76,0,0.05,4451.09,4436.28,4436.83,4468.06,BUY,USD,1,1,1583663
D#1702722,XAUUSD,100,7.34987E+18,7.34987E+18,7.34987E+18,7.34987E+18,385,2026-03-27T08:17:57.000Z,2026-03-27T08:24:22.000Z,-53.4,52.425,-58.66,-5.26,0,0.15,4440.09,4436.31,,,BUY,USD,1,1,1583663
D#1702695,XAUUSD,100,7.34987E+18,7.34987E+18,7.34987E+18,7.34987E+18,282,2026-03-27T08:20:31.000Z,2026-03-27T08:25:13.000Z,88.2,-89.5,81.2,-7,0,0.2,4441.54,4437.35,,4430.52,SELL,USD,1,1,1583663
D#1702572,XAUUSD,100,7.34987E+18,7.34987E+18,7.34987E+18,7.34987E+18,949,2026-03-27T08:09:34.000Z,2026-03-27T08:25:23.000Z,-101.61,101.025,-104.77,-3.16,0,0.09,4446.69,4435.18,,4448,BUY,USD,1,1,1583663
D#1702371,XAUUSD,100,7.34987E+18,7.34987E+18,7.34987E+18,7.34987E+18,1681,2026-03-27T07:57:23.000Z,2026-03-27T08:25:24.000Z,-63.25,62.925,-65.01,-1.76,0,0.05,4447.83,4434.96,,4472.07,BUY,USD,1,1,1583663
D#1702393,XAUUSD,100,7.34987E+18,7.34987E+18,7.34987E+18,7.34987E+18,14920,2026-03-27T04:18:02.000Z,2026-03-27T08:26:42.000Z,-7.71,7.515,-8.77,-1.06,0,0.03,4431.82,4434.61,,,SELL,USD,1,1,1583663
D#1702590,XAUUSD,100,7.34987E+18,7.34987E+18,7.34987E+18,7.34987E+18,60,2026-03-27T08:26:29.000Z,2026-03-27T08:27:29.000Z,-60.8,59.5,-67.8,-7,0,0.2,4435.08,4431.82,4432.02,4440.8,BUY,USD,1,1,1583663
D#1702650,XAUUSD,100,7.34987E+18,7.34987E+18,7.34987E+18,7.34987E+18,572,2026-03-27T08:17:58.000Z,2026-03-27T08:27:30.000Z,82.3,-82.95,78.8,-3.5,0,0.1,4439.78,4431.77,4434.68,4431.65,SELL,USD,1,1,1583663
D#1670935,XAUUSD,100,7.34987E+18,7.34987E+18,7.34987E+18,7.34987E+18,571,2026-03-27T08:18:03.000Z,2026-03-27T08:27:34.000Z,127.05,-128.025,121.79,-5.26,0,0.15,4439.3,4431.05,4439.08,4431.36,SELL,USD,1,1,1583663
D#1591591,XAUUSD,100,7.34987E+18,7.34987E+18,7.34987E+18,7.34987E+18,194,2026-03-27T08:24:20.000Z,2026-03-27T08:27:34.000Z,-17.88,17.685,-18.94,-1.06,0,0.03,4437.06,4430.88,4431.37,4455.58,BUY,USD,1,1,1583663
D#1702590,XAUUSD,100,7.34987E+18,7.34987E+18,7.34987E+18,7.34987E+18,2,2026-03-27T08:27:38.000Z,2026-03-27T08:27:40.000Z,32.2,-33.5,25.2,-7,0,0.2,4431.36,4432.75,,,BUY,USD,1,1,1583663
D#1702695,XAUUSD,100,7.34987E+18,7.34987E+18,7.34987E+18,7.34987E+18,70,2026-03-27T08:26:40.000Z,2026-03-27T08:27:50.000Z,20.2,-21.5,13.2,-7,0,0.2,4434.43,4433.64,,4425.23,SELL,USD,1,1,1583663
D#1702732,XAUUSD,100,7.34987E+18,7.34987E+18,7.34987E+18,7.34987E+18,651,2026-03-27T08:17:22.000Z,2026-03-27T08:28:13.000Z,106.7,-107.35,103.2,-3.5,0,0.1,4443.43,4432.98,4449.32,4429.93,SELL,USD,1,1,1583663
D#1702349,XAUUSD,100,7.34987E+18,7.34987E+18,7.34987E+18,7.34987E+18,10046,2026-03-27T05:41:14.000Z,2026-03-27T08:28:40.000Z,-197.05,196.725,-198.81,-1.76,0,0.05,4471.65,4432.02,,,BUY,USD,1,1,1583663
D#1702417,XAUUSD,100,7.34987E+18,7.34987E+18,7.34987E+18,7.34987E+18,1395,2026-03-27T08:05:26.000Z,2026-03-27T08:28:41.000Z,-132.5,131.85,-136,-3.5,0,0.1,4446.12,4432.65,4430.59,4451.56,BUY,USD,1,1,1583663
D#1702645,XAUUSD,100,7.34987E+18,7.34987E+18,7.34987E+18,7.34987E+18,4667,2026-03-27T07:10:56.000Z,2026-03-27T08:28:43.000Z,-215.1,214.45,-218.6,-3.5,0,0.1,4454.38,4432.65,,,BUY,USD,1,1,1583663
D#1702550,XAUUSD,100,7.34987E+18,7.34987E+18,7.34987E+18,7.34987E+18,130,2026-03-27T08:28:06.000Z,2026-03-27T08:30:16.000Z,22.65,-23.625,17.39,-5.26,0,0.15,4434.16,4435.45,,,BUY,USD,1,1,1583663
D#1702695,XAUUSD,100,7.34987E+18,7.34987E+18,7.34987E+18,7.34987E+18,113,2026-03-27T08:28:23.000Z,2026-03-27T08:30:16.000Z,-87,85.7,-94,-7,0,0.2,4431.31,4435.88,,,SELL,USD,1,1,1583663
D#1702572,XAUUSD,100,7.34987E+18,7.34987E+18,7.34987E+18,7.34987E+18,313,2026-03-27T08:25:43.000Z,2026-03-27T08:30:56.000Z,13.86,-14.445,10.7,-3.16,0,0.09,4434.91,4433.59,,4422.7,SELL,USD,1,1,1583663
D#1702487,XAUUSD,100,7.34987E+18,7.34987E+18,7.34987E+18,7.34987E+18,378,2026-03-27T08:26:49.000Z,2026-03-27T08:33:07.000Z,-46.05,45.075,-51.31,-5.26,0,0.15,4433.99,4437.28,4437.1,4421.58,SELL,USD,1,1,1583663
D#1645749,XAUUSD,100,7.34987E+18,7.34987E+18,7.34987E+18,7.34987E+18,214,2026-03-27T08:30:14.000Z,2026-03-27T08:33:48.000Z,3.75,-5.375,-5.01,-8.76,0,0.25,4435.5,4435.43,4435.62,4443.77,BUY,USD,1,1,1583663
D#1670935,XAUUSD,100,7.34987E+18,7.34987E+18,7.34987E+18,7.34987E+18,247,2026-03-27T08:30:33.000Z,2026-03-27T08:34:40.000Z,-38.25,37.275,-43.51,-5.26,0,0.15,4435.22,4432.45,4432.56,4440.34,BUY,USD,1,1,1583663
D#1702669,XAUUSD,100,7.34987E+18,7.34987E+18,7.34987E+18,7.34987E+18,420,2026-03-27T08:27:59.000Z,2026-03-27T08:34:59.000Z,-33,32.35,-36.5,-3.5,0,0.1,4434.58,4431.06,4429.47,4444.47,BUY,USD,1,1,1583663
D#1702650,XAUUSD,100,7.34987E+18,7.34987E+18,7.34987E+18,7.34987E+18,308,2026-03-27T08:31:09.000Z,2026-03-27T08:36:17.000Z,-46,45.35,-49.5,-3.5,0,0.1,4434.44,4429.62,4429.71,4442.02,BUY,USD,1,1,1583663
D#1702371,XAUUSD,100,7.34987E+18,7.34987E+18,7.34987E+18,7.34987E+18,371,2026-03-27T08:30:14.000Z,2026-03-27T08:36:25.000Z,-27.75,27.425,-29.51,-1.76,0,0.05,4435.48,4429.71,,,BUY,USD,1,1,1583663
D#1670935,XAUUSD,100,7.34987E+18,7.34987E+18,7.34987E+18,7.34987E+18,414,2026-03-27T08:34:49.000Z,2026-03-27T08:41:43.000Z,-89.4,88.425,-94.66,-5.26,0,0.15,4430.58,4436.76,4436.54,4425.14,SELL,USD,1,1,1583663
D#1645749,XAUUSD,100,7.34987E+18,7.34987E+18,7.34987E+18,7.34987E+18,353,2026-03-27T08:36:02.000Z,2026-03-27T08:41:55.000Z,-128.25,126.625,-137.01,-8.76,0,0.25,4432.49,4437.84,4437.47,4414.44,SELL,USD,1,1,1583663
D#1702509,XAUUSD,100,7.34987E+18,7.34987E+18,7.34987E+18,7.34987E+18,110,2026-03-27T08:40:29.000Z,2026-03-27T08:42:19.000Z,11.08,-11.21,10.38,-0.7,0,0.02,4434.01,4439.33,4434.3,,BUY,USD,1,1,1583663
D#1702572,XAUUSD,100,7.34987E+18,7.34987E+18,7.34987E+18,7.34987E+18,715,2026-03-27T08:31:07.000Z,2026-03-27T08:43:02.000Z,28.62,-29.205,25.46,-3.16,0,0.09,4434.54,4437.5,4438,4446.26,BUY,USD,1,1,1583663
D#1702487,XAUUSD,100,7.34987E+18,7.34987E+18,7.34987E+18,7.34987E+18,220,2026-03-27T08:40:43.000Z,2026-03-27T08:44:23.000Z,13.05,-14.025,7.79,-5.26,0,0.15,4434.48,4435.13,4435.21,4450.04,BUY,USD,1,1,1583663
D#1702375,XAUUSD,100,7.34987E+18,7.34987E+18,7.34987E+18,7.34987E+18,148,2026-03-27T08:42:10.000Z,2026-03-27T08:44:38.000Z,102.9,-104.85,92.4,-10.5,0,0.3,4439.54,4436.33,4443.49,4410,SELL,USD,1,1,1583663
D#1702393,XAUUSD,100,7.34987E+18,7.34987E+18,7.34987E+18,7.34987E+18,15,2026-03-27T08:45:19.000Z,2026-03-27T08:45:34.000Z,42,-45.25,24.5,-17.5,0,0.5,4437.47,4438.09,,,BUY,USD,1,1,1583663
D#1702669,XAUUSD,100,7.34987E+18,7.34987E+18,7.34987E+18,7.34987E+18,586,2026-03-27T08:37:01.000Z,2026-03-27T08:46:47.000Z,37.65,-38.625,32.39,-5.26,0,0.15,4432.76,4435.05,4433,4440.65,BUY,USD,1,1,1583663
D#1702695,XAUUSD,100,7.34987E+18,7.34987E+18,7.34987E+18,7.34987E+18,136,2026-03-27T08:45:09.000Z,2026-03-27T08:47:25.000Z,2.8,-3.45,-0.7,-3.5,0,0.1,4435.79,4435.73,,,SELL,USD,1,1,1583663
D#1702650,XAUUSD,100,7.34987E+18,7.34987E+18,7.34987E+18,7.34987E+18,692,2026-03-27T08:36:34.000Z,2026-03-27T08:48:06.000Z,19,-19.65,15.5,-3.5,0,0.1,4430.94,4432.62,4434,4442.71,BUY,USD,1,1,1583663
D#1702572,XAUUSD,100,7.34987E+18,7.34987E+18,7.34987E+18,7.34987E+18,226,2026-03-27T08:44:20.000Z,2026-03-27T08:48:06.000Z,31.5,-32.085,28.34,-3.16,0,0.09,4436.11,4432.83,,4433.3,SELL,USD,1,1,1583663
D#1702550,XAUUSD,100,7.34987E+18,7.34987E+18,7.34987E+18,7.34987E+18,170,2026-03-27T08:45:19.000Z,2026-03-27T08:48:09.000Z,63,-63.975,57.74,-5.26,0,0.15,4437.25,4433.27,,,SELL,USD,1,1,1583663
D#1702482,XAUUSD,100,7.34987E+18,7.34987E+18,7.34987E+18,7.34987E+18,399,2026-03-27T08:44:08.000Z,2026-03-27T08:50:47.000Z,0.8,-1.125,-0.96,-1.76,0,0.05,4437.98,4438.04,4437.75,4423.09,SELL,USD,1,1,1583663
D#1702669,XAUUSD,100,7.34987E+18,7.34987E+18,7.34987E+18,7.34987E+18,58,2026-03-27T08:50:59.000Z,2026-03-27T08:51:57.000Z,-8.55,7.575,-13.81,-5.26,0,0.15,4437.92,4437.13,,,BUY,USD,1,1,1583663
D#1702695,XAUUSD,100,7.34987E+18,7.34987E+18,7.34987E+18,7.34987E+18,120,2026-03-27T08:50:55.000Z,2026-03-27T08:52:55.000Z,-63.8,62.5,-70.8,-7,0,0.2,4438.05,4434.64,4434.82,4449.22,BUY,USD,1,1,1583663
D#1702354,XAUUSD,100,7.34987E+18,7.34987E+18,7.34987E+18,7.34987E+18,36,2026-03-27T08:53:30.000Z,2026-03-27T08:54:06.000Z,0.54,-0.67,-0.16,-0.7,0,0.02,4432.18,4432.13,,,SELL,USD,1,1,1583663
D#1702375,XAUUSD,100,7.34987E+18,7.34987E+18,7.34987E+18,7.34987E+18,230,2026-03-27T08:50:35.000Z,2026-03-27T08:54:25.000Z,242.4,-244.35,231.9,-10.5,0,0.3,4436.57,4428.71,4436.68,4429.12,SELL,USD,1,1,1583663
D#1702671,XAUUSD,100,7.34987E+18,7.34987E+18,7.34987E+18,7.34987E+18,6379,2026-03-27T07:08:07.000Z,2026-03-27T08:54:26.000Z,121.05,-121.375,119.29,-1.76,0,0.05,4452.85,4428.86,4440.48,4429.09,SELL,USD,1,1,1583663
D#1591591,XAUUSD,100,7.34987E+18,7.34987E+18,7.34987E+18,7.34987E+18,1089,2026-03-27T08:36:18.000Z,2026-03-27T08:54:27.000Z,-6.06,5.67,-8.16,-2.1,0,0.06,4429.61,4428.38,4428.39,4473.73,BUY,USD,1,1,1583663
D#1645749,XAUUSD,100,7.34987E+18,7.34987E+18,7.34987E+18,7.34987E+18,125,2026-03-27T08:52:57.000Z,2026-03-27T08:55:02.000Z,57.5,-59.125,48.74,-8.76,0,0.25,4434.67,4432.59,4432.66,4417.55,SELL,USD,1,1,1583663
D#1702669,XAUUSD,100,7.34987E+18,7.34987E+18,7.34987E+18,7.34987E+18,23,2026-03-27T08:54:39.000Z,2026-03-27T08:55:02.000Z,17.7,-18.675,12.44,-5.26,0,0.15,4431.26,4432.22,,,BUY,USD,1,1,1583663
D#1702393,XAUUSD,100,7.34987E+18,7.34987E+18,7.34987E+18,7.34987E+18,45,2026-03-27T08:54:26.000Z,2026-03-27T08:55:11.000Z,-162,158.75,-179.5,-17.5,0,0.5,4428.49,4431.95,,,SELL,USD,1,1,1583663
D#1702695,XAUUSD,100,7.34987E+18,7.34987E+18,7.34987E+18,7.34987E+18,308,2026-03-27T08:53:06.000Z,2026-03-27T08:58:14.000Z,70.4,-71.7,63.4,-7,0,0.2,4433.07,4429.77,,,SELL,USD,1,1,1583663
D#1702706,XAUUSD,100,7.34987E+18,7.34987E+18,7.34987E+18,7.34987E+18,2367,2026-03-27T08:19:31.000Z,2026-03-27T08:58:58.000Z,61.56,-61.82,60.16,-1.4,0,0.04,4442.55,4427.38,4451.46,4426.32,SELL,USD,1,1,1583663
D#1702347,XAUUSD,100,7.34987E+18,7.34987E+18,7.34987E+18,7.34987E+18,2086,2026-03-27T08:24:12.000Z,2026-03-27T08:58:58.000Z,89.36,-89.88,86.56,-2.8,0,0.08,4438.33,4427.38,,4426.27,SELL,USD,1,1,1583663
D#1670970,XAUUSD,100,7.34987E+18,7.34987E+18,7.34987E+18,7.34987E+18,1011,2026-03-27T08:42:07.000Z,2026-03-27T08:58:58.000Z,116.7,-117.35,113.2,-3.5,0,0.1,4438.83,4427.38,4448.91,4426.91,SELL,USD,1,1,1583663
D#1702354,XAUUSD,100,7.34987E+18,7.34987E+18,7.34987E+18,7.34987E+18,290,2026-03-27T08:54:08.000Z,2026-03-27T08:58:58.000Z,47.7,-48.35,44.2,-3.5,0,0.1,4431.93,4427.38,4434.73,4426.67,SELL,USD,1,1,1583663
D#1702361,XAUUSD,100,7.34987E+18,7.34987E+18,7.34987E+18,7.34987E+18,2427,2026-03-27T08:18:44.000Z,2026-03-27T08:59:11.000Z,-350.6,349.3,-357.6,-7,0,0.2,4442.42,4424.67,,4447.83,BUY,USD,1,1,1583663
D#1702650,XAUUSD,100,7.34987E+18,7.34987E+18,7.34987E+18,7.34987E+18,656,2026-03-27T08:48:36.000Z,2026-03-27T08:59:32.000Z,98,-98.65,94.5,-3.5,0,0.1,4434.46,4424.88,4438.65,4424.22,SELL,USD,1,1,1583663
D#1702371,XAUUSD,100,7.34987E+18,7.34987E+18,7.34987E+18,7.34987E+18,1388,2026-03-27T08:36:47.000Z,2026-03-27T08:59:55.000Z,-43.1,42.775,-44.86,-1.76,0,0.05,4432.55,4423.71,,,BUY,USD,1,1,1583663
D#1670870,XAUUSD,100,7.34987E+18,7.34987E+18,7.34987E+18,7.34987E+18,10094,2026-03-27T06:12:41.000Z,2026-03-27T09:00:55.000Z,176.9,-177.225,175.14,-1.76,0,0.05,4462.41,4427.25,4437.13,4421.08,SELL,USD,1,1,1583663
D#1702487,XAUUSD,100,7.34987E+18,7.34987E+18,7.34987E+18,7.34987E+18,301,2026-03-27T08:55:57.000Z,2026-03-27T09:00:58.000Z,16.35,-17.325,11.09,-5.26,0,0.15,4429.42,4428.55,4428.33,4414.34,SELL,USD,1,1,1583663
D#1702354,XAUUSD,100,7.34987E+18,7.34987E+18,7.34987E+18,7.34987E+18,118,2026-03-27T08:59:29.000Z,2026-03-27T09:01:27.000Z,50.4,-51.05,46.9,-3.5,0,0.1,4424.59,4429.41,4421.73,4429.49,BUY,USD,1,1,1583663
D#1702371,XAUUSD,100,7.34987E+18,7.34987E+18,7.34987E+18,7.34987E+18,22,2026-03-27T09:01:48.000Z,2026-03-27T09:02:10.000Z,-12.55,12.225,-14.31,-1.76,0,0.05,4431.11,4428.38,,,BUY,USD,1,1,1583663
D#1702669,XAUUSD,100,7.34987E+18,7.34987E+18,7.34987E+18,7.34987E+18,157,2026-03-27T09:00:27.000Z,2026-03-27T09:03:04.000Z,45,-45.975,39.74,-5.26,0,0.15,4427.45,4430.23,4423.62,4431.09,BUY,USD,1,1,1583663
D#1702669,XAUUSD,100,7.34987E+18,7.34987E+18,7.34987E+18,7.34987E+18,33,2026-03-27T09:04:09.000Z,2026-03-27T09:04:42.000Z,-38.25,37.275,-43.51,-5.26,0,0.15,4430.6,4427.83,,,BUY,USD,1,1,1583663
D#1702669,XAUUSD,100,7.34987E+18,7.34987E+18,7.34987E+18,7.34987E+18,52,2026-03-27T09:04:50.000Z,2026-03-27T09:05:42.000Z,-32.85,31.875,-38.11,-5.26,0,0.15,4426.92,4429.33,4430.61,4424.09,SELL,USD,1,1,1583663
D#1702354,XAUUSD,100,7.34987E+18,7.34987E+18,7.34987E+18,7.34987E+18,303,2026-03-27T09:01:54.000Z,2026-03-27T09:06:57.000Z,53,-53.65,49.5,-3.5,0,0.1,4430.57,4425.49,4432.86,4425.47,SELL,USD,1,1,1583663
D#1702732,XAUUSD,100,7.34987E+18,7.34987E+18,7.34987E+18,7.34987E+18,172,2026-03-27T09:04:06.000Z,2026-03-27T09:06:58.000Z,-48.7,48.05,-52.2,-3.5,0,0.1,4430.45,4425.36,4425.59,,BUY,USD,1,1,1583663
D#1702482,XAUUSD,100,7.34987E+18,7.34987E+18,7.34987E+18,7.34987E+18,426,2026-03-27T08:59:55.000Z,2026-03-27T09:07:01.000Z,4.65,-4.975,2.89,-1.76,0,0.05,4423.89,4424.6,4424.84,4435.78,BUY,USD,1,1,1583663
D#1591591,XAUUSD,100,7.34987E+18,7.34987E+18,7.34987E+18,7.34987E+18,226,2026-03-27T09:03:15.000Z,2026-03-27T09:07:01.000Z,-22.92,22.53,-25.02,-2.1,0,0.06,4428.64,4424.6,4424.8,4457.06,BUY,USD,1,1,1583663
D#1702550,XAUUSD,100,7.34987E+18,7.34987E+18,7.34987E+18,7.34987E+18,55,2026-03-27T09:08:06.000Z,2026-03-27T09:09:01.000Z,21.7,-22.35,18.2,-3.5,0,0.1,4425.92,4423.97,,,SELL,USD,1,1,1583663
D#1702356,XAUUSD,100,7.34987E+18,7.34987E+18,7.34987E+18,7.34987E+18,443,2026-03-27T09:01:50.000Z,2026-03-27T09:09:13.000Z,-46.14,45.75,-48.24,-2.1,0,0.06,4431.12,4423.21,4423.52,4447.37,BUY,USD,1,1,1583663
D#1702650,XAUUSD,100,7.34987E+18,7.34987E+18,7.34987E+18,7.34987E+18,154,2026-03-27T09:06:42.000Z,2026-03-27T09:09:16.000Z,-48,47.35,-51.5,-3.5,0,0.1,4427.56,4422.54,4422.8,4435.48,BUY,USD,1,1,1583663
D#1702732,XAUUSD,100,7.34987E+18,7.34987E+18,7.34987E+18,7.34987E+18,49,2026-03-27T09:08:29.000Z,2026-03-27T09:09:18.000Z,-14.7,14.05,-18.2,-3.5,0,0.1,4425.91,4424.22,,,BUY,USD,1,1,1583663
D#1702732,XAUUSD,100,7.34987E+18,7.34987E+18,7.34987E+18,7.34987E+18,79,2026-03-27T09:09:26.000Z,2026-03-27T09:10:45.000Z,-38.9,38.25,-42.4,-3.5,0,0.1,4425.27,4421.16,,,BUY,USD,1,1,1583663
D#1591594,XAUUSD,100,7.34987E+18,7.34987E+18,7.34987E+18,7.34987E+18,1168,2026-03-27T08:51:21.000Z,2026-03-27T09:10:49.000Z,-86.6,86.275,-88.36,-1.76,0,0.05,4438.28,4420.74,4420.89,4454.99,BUY,USD,1,1,1583663
D#1702650,XAUUSD,100,7.34987E+18,7.34987E+18,7.34987E+18,7.34987E+18,89,2026-03-27T09:09:20.000Z,2026-03-27T09:10:49.000Z,-33.9,33.25,-37.4,-3.5,0,0.1,4424.35,4420.74,4420.9,4433.98,BUY,USD,1,1,1583663
D#1670935,XAUUSD,100,7.34987E+18,7.34987E+18,7.34987E+18,7.34987E+18,708,2026-03-27T08:59:03.000Z,2026-03-27T09:10:51.000Z,-81.6,80.625,-86.86,-5.26,0,0.15,4426.86,4421.2,4419.43,4435.74,BUY,USD,1,1,1583663
D#1702354,XAUUSD,100,7.34987E+18,7.34987E+18,7.34987E+18,7.34987E+18,166,2026-03-27T09:08:29.000Z,2026-03-27T09:11:15.000Z,52.2,-52.85,48.7,-3.5,0,0.1,4425.87,4420.87,4427.39,4420.92,SELL,USD,1,1,1583663
D#1702650,XAUUSD,100,7.34987E+18,7.34987E+18,7.34987E+18,7.34987E+18,38,2026-03-27T09:11:56.000Z,2026-03-27T09:12:34.000Z,58.6,-59.25,55.1,-3.5,0,0.1,4421.93,4427.57,4420.09,4427.31,BUY,USD,1,1,1583663
D#1702354,XAUUSD,100,7.34987E+18,7.34987E+18,7.34987E+18,7.34987E+18,40,2026-03-27T09:12:18.000Z,2026-03-27T09:12:58.000Z,-28.6,27.95,-32.1,-3.5,0,0.1,4426.17,4429.25,4428.75,4421.26,SELL,USD,1,1,1583663
D#1670947,XAUUSD,100,7.34987E+18,7.34987E+18,7.34987E+18,7.34987E+18,636,2026-03-27T09:02:58.000Z,2026-03-27T09:13:34.000Z,1.3,-1.625,-0.46,-1.76,0,0.05,4429.94,4429.9,4430.05,4420.53,SELL,USD,1,1,1583663
D#1702354,XAUUSD,100,7.34987E+18,7.34987E+18,7.34987E+18,7.34987E+18,43,2026-03-27T09:13:04.000Z,2026-03-27T09:13:47.000Z,-22.7,22.05,-26.2,-3.5,0,0.1,4428.62,4431.11,4430.94,4423.52,SELL,USD,1,1,1583663
D#1702354,XAUUSD,100,7.34987E+18,7.34987E+18,7.34987E+18,7.34987E+18,195,2026-03-27T09:13:52.000Z,2026-03-27T09:17:07.000Z,-17,16.35,-20.5,-3.5,0,0.1,4430.43,4432.35,4432.29,4425.36,SELL,USD,1,1,1583663
D#1670934,XAUUSD,100,7.34987E+18,7.34987E+18,7.34987E+18,7.34987E+18,246,2026-03-27T09:13:12.000Z,2026-03-27T09:17:18.000Z,-16.64,16.38,-18.04,-1.4,0,0.04,4428.54,4432.92,4432.52,4420.84,SELL,USD,1,1,1583663
D#1702354,XAUUSD,100,7.34987E+18,7.34987E+18,7.34987E+18,7.34987E+18,117,2026-03-27T09:17:10.000Z,2026-03-27T09:19:07.000Z,-16.8,16.15,-20.3,-3.5,0,0.1,4431.54,4433.44,4432.97,4426.49,SELL,USD,1,1,1583663
D#1670970,XAUUSD,100,7.34987E+18,7.34987E+18,7.34987E+18,7.34987E+18,1156,2026-03-27T09:00:21.000Z,2026-03-27T09:19:37.000Z,-110.4,109.75,-113.9,-3.5,0,0.1,4424.47,4435.73,4435.64,4412.5,SELL,USD,1,1,1583663
D#1702354,XAUUSD,100,7.34987E+18,7.34987E+18,7.34987E+18,7.34987E+18,98,2026-03-27T09:19:09.000Z,2026-03-27T09:20:47.000Z,-13.9,13.25,-17.4,-3.5,0,0.1,4433.68,4432.07,4432.13,4438.62,BUY,USD,1,1,1583663
D#1702354,XAUUSD,100,7.34987E+18,7.34987E+18,7.34987E+18,7.34987E+18,242,2026-03-27T09:22:31.000Z,2026-03-27T09:26:33.000Z,-30,29.025,-35.26,-5.26,0,0.15,4431.87,4434.09,4433.94,4428.37,SELL,USD,1,1,1583663
D#1670947,XAUUSD,100,7.34987E+18,7.34987E+18,7.34987E+18,7.34987E+18,263,2026-03-27T09:22:13.000Z,2026-03-27T09:26:36.000Z,-19.7,19.375,-21.46,-1.76,0,0.05,4430.69,4434.85,4434.6,4420.81,SELL,USD,1,1,1583663
D#1671060,XAUUSD,100,7.34987E+18,7.34987E+18,7.34987E+18,7.34987E+18,321,2026-03-27T09:21:30.000Z,2026-03-27T09:26:51.000Z,64.95,-65.925,59.69,-5.26,0,0.15,4431.18,4435.29,4427.91,4435.94,BUY,USD,1,1,1583663
D#1702509,XAUUSD,100,7.34987E+18,7.34987E+18,7.34987E+18,7.34987E+18,415,2026-03-27T09:22:09.000Z,2026-03-27T09:29:04.000Z,-21.8,21.475,-23.56,-1.76,0,0.05,4430.72,4435.3,4435.82,,SELL,USD,1,1,1583663
D#1702354,XAUUSD,100,7.34987E+18,7.34987E+18,7.34987E+18,7.34987E+18,177,2026-03-27T09:26:43.000Z,2026-03-27T09:29:40.000Z,-19.95,18.975,-25.21,-5.26,0,0.15,4434.85,4436.4,4436.16,4431.42,SELL,USD,1,1,1583663
D#1702669,XAUUSD,100,7.34987E+18,7.34987E+18,7.34987E+18,7.34987E+18,1590,2026-03-27T09:06:00.000Z,2026-03-27T09:32:30.000Z,123,-123.975,117.74,-5.26,0,0.15,4428.95,4436.93,4420.94,4436.74,BUY,USD,1,1,1583663
D#1702550,XAUUSD,100,7.34987E+18,7.34987E+18,7.34987E+18,7.34987E+18,1236,2026-03-27T09:12:09.000Z,2026-03-27T09:32:45.000Z,-109.7,109.05,-113.2,-3.5,0,0.1,4425.31,4436.5,,,SELL,USD,1,1,1583663
D#1702650,XAUUSD,100,7.34987E+18,7.34987E+18,7.34987E+18,7.34987E+18,704,2026-03-27T09:21:05.000Z,2026-03-27T09:32:49.000Z,60.3,-60.95,56.8,-3.5,0,0.1,4432.24,4438.05,4429.77,4438.09,BUY,USD,1,1,1583663
D#1702354,XAUUSD,100,7.34987E+18,7.34987E+18,7.34987E+18,7.34987E+18,37,2026-03-27T09:35:16.000Z,2026-03-27T09:35:53.000Z,-17.6,16.3,-24.6,-7,0,0.2,4433.66,4432.56,4432.67,4436.17,BUY,USD,1,1,1583663
D#1702354,XAUUSD,100,7.34987E+18,7.34987E+18,7.34987E+18,7.34987E+18,46,2026-03-27T09:36:14.000Z,2026-03-27T09:37:00.000Z,-24.4,23.1,-31.4,-7,0,0.2,4433.19,4434.63,4434.33,4430.58,SELL,USD,1,1,1583663
D#1702735,XAUUSD,100,7.34987E+18,7.34987E+18,7.34987E+18,7.34987E+18,264,2026-03-27T09:32:48.000Z,2026-03-27T09:37:12.000Z,10.5,-11.475,5.24,-5.26,0,0.15,4436.84,4436.36,4436.24,4428.4,SELL,USD,1,1,1583663
D#1702460,XAUUSD,100,7.34987E+18,7.34987E+18,7.34987E+18,7.34987E+18,725,2026-03-27T09:25:12.000Z,2026-03-27T09:37:17.000Z,23.1,-23.75,19.6,-3.5,0,0.1,4433.53,4435.62,4425.97,4445.74,BUY,USD,1,1,1583663
D#1702354,XAUUSD,100,7.34987E+18,7.34987E+18,7.34987E+18,7.34987E+18,52,2026-03-27T09:37:17.000Z,2026-03-27T09:38:09.000Z,53.6,-54.9,46.6,-7,0,0.2,4435.63,4433.17,4436.66,4433.08,SELL,USD,1,1,1583663
D#1702550,XAUUSD,100,7.34987E+18,7.34987E+18,7.34987E+18,7.34987E+18,301,2026-03-27T09:34:12.000Z,2026-03-27T09:39:13.000Z,-34.65,33.675,-39.91,-5.26,0,0.15,4435.67,4433.14,,,BUY,USD,1,1,1583663
D#1702354,XAUUSD,100,7.34987E+18,7.34987E+18,7.34987E+18,7.34987E+18,130,2026-03-27T09:38:13.000Z,2026-03-27T09:40:23.000Z,-18.2,16.9,-25.2,-7,0,0.2,4433.65,4432.52,4432.63,4436.19,BUY,USD,1,1,1583663
D#1670947,XAUUSD,100,7.34987E+18,7.34987E+18,7.34987E+18,7.34987E+18,710,2026-03-27T09:29:00.000Z,2026-03-27T09:40:50.000Z,-18.65,18.325,-20.41,-1.76,0,0.05,4435.08,4431.13,4431.36,4443.94,BUY,USD,1,1,1583663
D#1702354,XAUUSD,100,7.34987E+18,7.34987E+18,7.34987E+18,7.34987E+18,20,2026-03-27T09:40:30.000Z,2026-03-27T09:40:50.000Z,-29.2,27.9,-36.2,-7,0,0.2,4432.81,4431.13,4431.27,4435.21,BUY,USD,1,1,1583663
D#1702620,XAUUSD,100,7.34987E+18,7.34987E+18,7.34987E+18,7.34987E+18,31,2026-03-27T09:40:22.000Z,2026-03-27T09:40:53.000Z,23.6,-24.25,20.1,-3.5,0,0.1,4432.67,4430.53,,,SELL,USD,1,1,1583663
D#1702505,XAUUSD,100,7.34987E+18,7.34987E+18,7.34987E+18,7.34987E+18,13212,2026-03-27T06:00:46.000Z,2026-03-27T09:40:58.000Z,88.53,-88.725,87.47,-1.06,0,0.03,4459.75,4430.46,4458.54,4325.55,SELL,USD,1,1,1583663
D#1670955,XAUUSD,100,7.34987E+18,7.34987E+18,7.34987E+18,7.34987E+18,1790,2026-03-27T09:15:23.000Z,2026-03-27T09:45:13.000Z,0.96,-2.52,-7.44,-8.4,0,0.24,4430.96,4431.14,,,SELL,USD,1,1,1583663
D#1670955,XAUUSD,100,7.34987E+18,7.34987E+18,7.34987E+18,7.34987E+18,90,2026-03-27T09:45:23.000Z,2026-03-27T09:46:53.000Z,5.76,-7.32,-2.64,-8.4,0,0.24,4431.6,4431.62,,,BUY,USD,1,1,1583663
D#1702354,XAUUSD,100,7.34987E+18,7.34987E+18,7.34987E+18,7.34987E+18,207,2026-03-27T09:44:05.000Z,2026-03-27T09:47:32.000Z,55.2,-56.5,48.2,-7,0,0.2,4431.81,4429.27,4434.07,4429.36,SELL,USD,1,1,1583663
D#1702706,XAUUSD,100,7.34987E+18,7.34987E+18,7.34987E+18,7.34987E+18,1774,2026-03-27T09:19:28.000Z,2026-03-27T09:49:02.000Z,21.76,-22.02,20.36,-1.4,0,0.04,4434.89,4429.67,4439.5,4392.04,SELL,USD,1,1,1583663
D#1702509,XAUUSD,100,7.34987E+18,7.34987E+18,7.34987E+18,7.34987E+18,67,2026-03-27T09:48:20.000Z,2026-03-27T09:49:27.000Z,-25.28,24.24,-30.88,-5.6,0,0.16,4430.51,4428.71,4428.89,,BUY,USD,1,1,1583663
D#1702509,XAUUSD,100,7.34987E+18,7.34987E+18,7.34987E+18,7.34987E+18,88,2026-03-27T09:50:00.000Z,2026-03-27T09:51:28.000Z,-8,6.96,-13.6,-5.6,0,0.16,4431.03,4430.31,4431.12,,BUY,USD,1,1,1583663
D#1702505,XAUUSD,100,7.34987E+18,7.34987E+18,7.34987E+18,7.34987E+18,700,2026-03-27T09:41:03.000Z,2026-03-27T09:52:43.000Z,3.15,-3.475,1.39,-1.76,0,0.05,4430.15,4429.74,4439.04,4349.89,SELL,USD,1,1,1583663
D#1702505,XAUUSD,100,7.34987E+18,7.34987E+18,7.34987E+18,7.34987E+18,13,2026-03-27T09:52:46.000Z,2026-03-27T09:52:59.000Z,-0.15,-0.175,-1.91,-1.76,0,0.05,4430.51,4430.76,,,SELL,USD,1,1,1583663
D#1702505,XAUUSD,100,7.34987E+18,7.34987E+18,7.34987E+18,7.34987E+18,3,2026-03-27T09:53:00.000Z,2026-03-27T09:53:03.000Z,0.15,-0.475,-1.61,-1.76,0,0.05,4430.68,4430.87,,,SELL,USD,1,1,1583663
D#1702505,XAUUSD,100,7.34987E+18,7.34987E+18,7.34987E+18,7.34987E+18,5,2026-03-27T09:53:05.000Z,2026-03-27T09:53:10.000Z,-0.65,0.325,-2.41,-1.76,0,0.05,4430.71,4431.06,,,SELL,USD,1,1,1583663
D#1702509,XAUUSD,100,7.34987E+18,7.34987E+18,7.34987E+18,7.34987E+18,111,2026-03-27T09:51:35.000Z,2026-03-27T09:53:26.000Z,5.12,-6.16,-0.48,-5.6,0,0.16,4430.71,4430.81,4430.8,,BUY,USD,1,1,1583663
D#1702509,XAUUSD,100,7.34987E+18,7.34987E+18,7.34987E+18,7.34987E+18,32,2026-03-27T09:54:04.000Z,2026-03-27T09:54:36.000Z,-14.4,13.36,-20,-5.6,0,0.16,4430.69,4429.57,,,BUY,USD,1,1,1583663
D#1702354,XAUUSD,100,7.34987E+18,7.34987E+18,7.34987E+18,7.34987E+18,249,2026-03-27T09:50:38.000Z,2026-03-27T09:54:47.000Z,56.6,-57.9,49.6,-7,0,0.2,4431.56,4428.95,4431.66,4428.97,SELL,USD,1,1,1583663
D#1702735,XAUUSD,100,7.34987E+18,7.34987E+18,7.34987E+18,7.34987E+18,936,2026-03-27T09:40:18.000Z,2026-03-27T09:55:54.000Z,-74.4,73.425,-79.66,-5.26,0,0.15,4433.22,4428.04,4428.31,4442.37,BUY,USD,1,1,1583663
D#1702354,XAUUSD,100,7.34987E+18,7.34987E+18,7.34987E+18,7.34987E+18,45,2026-03-27T09:55:09.000Z,2026-03-27T09:55:54.000Z,-29.2,27.9,-36.2,-7,0,0.2,4429.69,4428.01,4428.61,4432.3,BUY,USD,1,1,1583663
D#1702550,XAUUSD,100,7.34987E+18,7.34987E+18,7.34987E+18,7.34987E+18,987,2026-03-27T09:39:30.000Z,2026-03-27T09:55:57.000Z,97,-98.3,90,-7,0,0.2,4433.47,4428.84,,,SELL,USD,1,1,1583663
D#1670945,XAUUSD,100,7.34987E+18,7.34987E+18,7.34987E+18,7.34987E+18,3056,2026-03-27T09:06:30.000Z,2026-03-27T09:57:26.000Z,-1.3,1.17,-2,-0.7,0,0.02,4428.02,4428.89,4481.38,4350,SELL,USD,1,1,1583663
D#1614603,XAUUSD,100,7.34987E+18,7.34987E+18,7.34987E+18,7.34987E+18,3461,2026-03-27T08:59:52.000Z,2026-03-27T09:57:33.000Z,24.6,-24.925,22.84,-1.76,0,0.05,4424.05,4428.75,4414.03,4448.94,BUY,USD,1,1,1583663
D#1702354,XAUUSD,100,7.34987E+18,7.34987E+18,7.34987E+18,7.34987E+18,30,2026-03-27T09:58:12.000Z,2026-03-27T09:58:42.000Z,38.8,-40.1,31.8,-7,0,0.2,4429.98,4428.26,4430.97,4428.15,SELL,USD,1,1,1583663
D#1702650,XAUUSD,100,7.34987E+18,7.34987E+18,7.34987E+18,7.34987E+18,1590,2026-03-27T09:32:56.000Z,2026-03-27T09:59:26.000Z,107.2,-107.85,103.7,-3.5,0,0.1,4437.82,4427.32,4442.91,4427.6,SELL,USD,1,1,1583663
D#1702509,XAUUSD,100,7.34987E+18,7.34987E+18,7.34987E+18,7.34987E+18,302,2026-03-27T09:54:41.000Z,2026-03-27T09:59:43.000Z,0.48,-1.52,-5.12,-5.6,0,0.16,4429.15,4429.34,4428.86,,SELL,USD,1,1,1583663
D#1702505,XAUUSD,100,7.34987E+18,7.34987E+18,7.34987E+18,7.34987E+18,458,2026-03-27T09:53:12.000Z,2026-03-27T10:00:50.000Z,10.55,-10.875,8.79,-1.76,0,0.05,4430.84,4428.95,4438.85,4349.75,SELL,USD,1,1,1583663
D#1702505,XAUUSD,100,7.34987E+18,7.34987E+18,7.34987E+18,7.34987E+18,21,2026-03-27T10:00:55.000Z,2026-03-27T10:01:16.000Z,-0.87,0.675,-1.93,-1.06,0,0.03,4428.45,4428.96,,,SELL,USD,1,1,1583663
D#1702505,XAUUSD,100,7.34987E+18,7.34987E+18,7.34987E+18,7.34987E+18,6,2026-03-27T10:01:19.000Z,2026-03-27T10:01:25.000Z,2.7,-3.025,0.94,-1.76,0,0.05,4428.37,4428.05,,,SELL,USD,1,1,1583663
D#1702509,XAUUSD,100,7.34987E+18,7.34987E+18,7.34987E+18,7.34987E+18,63,2026-03-27T10:00:36.000Z,2026-03-27T10:01:39.000Z,57.24,-59.58,44.64,-12.6,0,0.36,4428.56,4427.19,4429.71,,SELL,USD,1,1,1583663
D#1702526,XAUUSD,100,7.34987E+18,7.34987E+18,7.34987E+18,7.34987E+18,1014,2026-03-27T09:44:52.000Z,2026-03-27T10:01:46.000Z,99.15,-100.125,93.89,-5.26,0,0.15,4432.84,4426.45,4432.59,4426.39,SELL,USD,1,1,1583663
D#1702509,XAUUSD,100,7.34987E+18,7.34987E+18,7.34987E+18,7.34987E+18,7,2026-03-27T10:01:56.000Z,2026-03-27T10:02:03.000Z,18.36,-20.7,5.76,-12.6,0,0.36,4427.09,4427.38,,,BUY,USD,1,1,1583663
D#1702354,XAUUSD,100,7.34987E+18,7.34987E+18,7.34987E+18,7.34987E+18,215,2026-03-27T09:58:46.000Z,2026-03-27T10:02:21.000Z,-28.6,27.3,-35.6,-7,0,0.2,4428.27,4429.92,4429.67,4425.91,SELL,USD,1,1,1583663
D#1702509,XAUUSD,100,7.34987E+18,7.34987E+18,7.34987E+18,7.34987E+18,131,2026-03-27T10:04:48.000Z,2026-03-27T10:06:59.000Z,-170.5,167.25,-188,-17.5,0,0.5,4427.04,4430.67,4430.25,,SELL,USD,1,1,1583663
D#1702526,XAUUSD,100,7.34987E+18,7.34987E+18,7.34987E+18,7.34987E+18,61,2026-03-27T10:08:13.000Z,2026-03-27T10:09:14.000Z,72.2,-73.5,65.2,-7,0,0.2,4431.63,4428.24,4432.85,4428.18,SELL,USD,1,1,1583663
D#1702354,XAUUSD,100,7.34987E+18,7.34987E+18,7.34987E+18,7.34987E+18,29,2026-03-27T10:08:54.000Z,2026-03-27T10:09:23.000Z,79.6,-80.9,72.6,-7,0,0.2,4430.85,4427.09,4433.18,4427.06,SELL,USD,1,1,1583663
D#1702354,XAUUSD,100,7.34987E+18,7.34987E+18,7.34987E+18,7.34987E+18,25,2026-03-27T10:09:49.000Z,2026-03-27T10:10:14.000Z,-15.6,14.3,-22.6,-7,0,0.2,4427.77,4426.77,4426.86,4432.03,BUY,USD,1,1,1583663
D#1670955,XAUUSD,100,7.34987E+18,7.34987E+18,7.34987E+18,7.34987E+18,781,2026-03-27T09:59:40.000Z,2026-03-27T10:12:41.000Z,26.88,-28.44,18.48,-8.4,0,0.24,4427.59,4426.69,,,SELL,USD,1,1,1583663
D#1702671,XAUUSD,100,7.34987E+18,7.34987E+18,7.34987E+18,7.34987E+18,2522,2026-03-27T09:31:32.000Z,2026-03-27T10:13:34.000Z,-48.9,48.575,-50.66,-1.76,0,0.05,4435.57,4425.57,4425.41,4455.75,BUY,USD,1,1,1583663
D#1702533,XAUUSD,100,7.34987E+18,7.34987E+18,7.34987E+18,7.34987E+18,2161,2026-03-27T09:37:38.000Z,2026-03-27T10:13:39.000Z,-104.9,104.25,-108.4,-3.5,0,0.1,4435.92,4425.21,4425.31,4456.94,BUY,USD,1,1,1583663
D#1670955,XAUUSD,100,7.34987E+18,7.34987E+18,7.34987E+18,7.34987E+18,43,2026-03-27T10:13:17.000Z,2026-03-27T10:14:00.000Z,-2.51,2.445,-2.87,-0.36,0,0.01,4427.31,4424.58,,,BUY,USD,1,1,1583663
D#1670947,XAUUSD,100,7.34987E+18,7.34987E+18,7.34987E+18,7.34987E+18,1942,2026-03-27T09:42:04.000Z,2026-03-27T10:14:26.000Z,30,-30.325,28.24,-1.76,0,0.05,4431.99,4426.21,4438.77,4421.2,SELL,USD,1,1,1583663
D#1702519,XAUUSD,100,7.34987E+18,7.34987E+18,7.34987E+18,7.34987E+18,883,2026-03-27T10:02:08.000Z,2026-03-27T10:16:51.000Z,-87.4,86.165,-94.06,-6.66,0,0.19,4428.95,4424.13,4424.26,4434.36,BUY,USD,1,1,1583663
D#1670955,XAUUSD,100,7.34987E+18,7.34987E+18,7.34987E+18,7.34987E+18,172,2026-03-27T10:15:12.000Z,2026-03-27T10:18:04.000Z,-1.68,0.12,-10.08,-8.4,0,0.24,4425.87,4425.58,,,BUY,USD,1,1,1583663
D#1670934,XAUUSD,100,7.34987E+18,7.34987E+18,7.34987E+18,7.34987E+18,4047,2026-03-27T09:17:45.000Z,2026-03-27T10:25:12.000Z,10.44,-10.7,9.04,-1.4,0,0.04,4431.49,4429.1,4429.61,,SELL,USD,1,1,1583663
D#1702354,XAUUSD,100,7.34987E+18,7.34987E+18,7.34987E+18,7.34987E+18,979,2026-03-27T10:10:34.000Z,2026-03-27T10:26:53.000Z,-69.8,68.5,-76.8,-7,0,0.2,4426.31,4430.02,4429.72,4421.25,SELL,USD,1,1,1583663
D#1702650,XAUUSD,100,7.34987E+18,7.34987E+18,7.34987E+18,7.34987E+18,737,2026-03-27T10:14:37.000Z,2026-03-27T10:26:54.000Z,-43.1,42.45,-46.6,-3.5,0,0.1,4426.28,4430.81,4430.59,4414.45,SELL,USD,1,1,1583663
D#1702550,XAUUSD,100,7.34987E+18,7.34987E+18,7.34987E+18,7.34987E+18,904,2026-03-27T10:12:33.000Z,2026-03-27T10:27:37.000Z,76.6,-77.9,69.6,-7,0,0.2,4427.41,4431.02,,,BUY,USD,1,1,1583663
D#1702375,XAUUSD,100,7.34987E+18,7.34987E+18,7.34987E+18,7.34987E+18,38,2026-03-27T10:28:22.000Z,2026-03-27T10:29:00.000Z,40.5,-42.45,30,-10.5,0,0.3,4429.38,4430.51,4427.61,4430.57,BUY,USD,1,1,1583663
D#1702650,XAUUSD,100,7.34987E+18,7.34987E+18,7.34987E+18,7.34987E+18,254,2026-03-27T10:28:32.000Z,2026-03-27T10:32:46.000Z,-36.5,35.85,-40,-3.5,0,0.1,4429.93,4426.06,4426.26,4439.24,BUY,USD,1,1,1583663
D#1702482,XAUUSD,100,7.34987E+18,7.34987E+18,7.34987E+18,7.34987E+18,1417,2026-03-27T10:09:15.000Z,2026-03-27T10:32:52.000Z,-13.8,13.475,-15.56,-1.76,0,0.05,4428.24,4425.26,4425.49,4447.67,BUY,USD,1,1,1583663
D#1702526,XAUUSD,100,7.34987E+18,7.34987E+18,7.34987E+18,7.34987E+18,62,2026-03-27T10:34:39.000Z,2026-03-27T10:35:41.000Z,-6.4,5.1,-13.4,-7,0,0.2,4425.71,4425.17,4425.95,4429.64,BUY,USD,1,1,1583663
D#1702460,XAUUSD,100,7.34987E+18,7.34987E+18,7.34987E+18,7.34987E+18,3238,2026-03-27T09:42:02.000Z,2026-03-27T10:36:00.000Z,-239.4,237.45,-249.9,-10.5,0,0.3,4431.8,4423.6,4423.51,4435.64,BUY,USD,1,1,1583663
D#1702650,XAUUSD,100,7.34987E+18,7.34987E+18,7.34987E+18,7.34987E+18,177,2026-03-27T10:33:03.000Z,2026-03-27T10:36:00.000Z,-38.1,37.45,-41.6,-3.5,0,0.1,4427.59,4423.56,4423.67,4436.87,BUY,USD,1,1,1583663
D#1670870,XAUUSD,100,7.34987E+18,7.34987E+18,7.34987E+18,7.34987E+18,1659,2026-03-27T10:08:31.000Z,2026-03-27T10:36:10.000Z,-262,258.75,-279.5,-17.5,0,0.5,4431.13,4425.67,,4435.67,BUY,USD,1,1,1583663
D#1670970,XAUUSD,100,7.34987E+18,7.34987E+18,7.34987E+18,7.34987E+18,4731,2026-03-27T09:19:42.000Z,2026-03-27T10:38:33.000Z,123,-123.65,119.5,-3.5,0,0.1,4435.14,4423.06,4435.29,4423.1,SELL,USD,1,1,1583663
D#1702356,XAUUSD,100,7.34987E+18,7.34987E+18,7.34987E+18,7.34987E+18,4830,2026-03-27T09:18:15.000Z,2026-03-27T10:38:45.000Z,-57.36,56.97,-59.46,-2.1,0,0.06,4431.76,4421.98,4422.48,4449.53,BUY,USD,1,1,1583663
D#1702347,XAUUSD,100,7.34987E+18,7.34987E+18,7.34987E+18,7.34987E+18,1813,2026-03-27T10:08:32.000Z,2026-03-27T10:38:45.000Z,-72,71.48,-74.8,-2.8,0,0.08,4431.2,4421.98,4422.45,4442.7,BUY,USD,1,1,1583663
D#1645749,XAUUSD,100,7.34987E+18,7.34987E+18,7.34987E+18,7.34987E+18,2363,2026-03-27T09:59:23.000Z,2026-03-27T10:38:46.000Z,154.75,-156.375,145.99,-8.76,0,0.25,4428.02,4422.05,4433.27,4421.99,SELL,USD,1,1,1583663
D#1702518,XAUUSD,100,7.34987E+18,7.34987E+18,7.34987E+18,7.34987E+18,245,2026-03-27T10:34:41.000Z,2026-03-27T10:38:46.000Z,-30.48,29.96,-33.28,-2.8,0,0.08,4425.88,4421.85,4422.02,4436.02,BUY,USD,1,1,1583663
D#1702436,XAUUSD,100,7.34987E+18,7.34987E+18,7.34987E+18,7.34987E+18,2803,2026-03-27T09:52:41.000Z,2026-03-27T10:39:24.000Z,84.8,-85.45,81.3,-3.5,0,0.1,4429.74,4421.48,4438.51,4421.35,SELL,USD,1,1,1583663
D#1702550,XAUUSD,100,7.34987E+18,7.34987E+18,7.34987E+18,7.34987E+18,35,2026-03-27T10:39:43.000Z,2026-03-27T10:40:18.000Z,16.6,-17.9,9.6,-7,0,0.2,4421.65,4422.26,,,BUY,USD,1,1,1583663
D#1702667,XAUUSD,100,7.34987E+18,7.34987E+18,7.34987E+18,7.34987E+18,1510,2026-03-27T10:15:57.000Z,2026-03-27T10:41:07.000Z,-49.3,48.65,-52.8,-3.5,0,0.1,4426.18,4421.03,4421.07,4476.1,BUY,USD,1,1,1583663
D#1670934,XAUUSD,100,7.34987E+18,7.34987E+18,7.34987E+18,7.34987E+18,943,2026-03-27T10:25:35.000Z,2026-03-27T10:41:18.000Z,-33.84,33.58,-35.24,-1.4,0,0.04,4429.07,4420.39,4420.45,4443.34,BUY,USD,1,1,1583663
D#1702726,XAUUSD,100,7.34987E+18,7.34987E+18,7.34987E+18,7.34987E+18,2741,2026-03-27T09:55:54.000Z,2026-03-27T10:41:35.000Z,-32.64,32.38,-34.04,-1.4,0,0.04,4428.39,4420.01,4420.34,4443.68,BUY,USD,1,1,1583663
D#1670947,XAUUSD,100,7.34987E+18,7.34987E+18,7.34987E+18,7.34987E+18,1587,2026-03-27T10:15:08.000Z,2026-03-27T10:41:35.000Z,-31.2,30.875,-32.96,-1.76,0,0.05,4426.47,4420.01,4420.3,4435.83,BUY,USD,1,1,1583663
D#1702477,XAUUSD,100,7.34987E+18,7.34987E+18,7.34987E+18,7.34987E+18,16818,2026-03-27T06:01:22.000Z,2026-03-27T10:41:40.000Z,-239.64,239.25,-241.74,-2.1,0,0.06,4460.05,4419.89,,,BUY,USD,1,1,1583663
D#1702628,XAUUSD,100,7.34987E+18,7.34987E+18,7.34987E+18,7.34987E+18,5937,2026-03-27T09:02:55.000Z,2026-03-27T10:41:52.000Z,123.7,-124.35,120.2,-3.5,0,0.1,4429.89,4417.74,,,SELL,USD,1,1,1583663
D#1702706,XAUUSD,100,7.34987E+18,7.34987E+18,7.34987E+18,7.34987E+18,204,2026-03-27T10:38:46.000Z,2026-03-27T10:42:10.000Z,-24.12,23.86,-25.52,-1.4,0,0.04,4422.13,4415.88,4416.6,4507.2,BUY,USD,1,1,1583663
D#1702487,XAUUSD,100,7.34987E+18,7.34987E+18,7.34987E+18,7.34987E+18,5276,2026-03-27T09:14:40.000Z,2026-03-27T10:42:36.000Z,160.5,-161.475,155.24,-5.26,0,0.15,4428.12,4417.64,4417.33,4413.86,SELL,USD,1,1,1583663
D#1702650,XAUUSD,100,7.34987E+18,7.34987E+18,7.34987E+18,7.34987E+18,405,2026-03-27T10:36:15.000Z,2026-03-27T10:43:00.000Z,113.7,-114.35,110.2,-3.5,0,0.1,4425.86,4414.71,4429.55,4414.8,SELL,USD,1,1,1583663
D#1702516,XAUUSD,100,7.34987E+18,7.34987E+18,7.34987E+18,7.34987E+18,4098,2026-03-27T09:34:43.000Z,2026-03-27T10:43:01.000Z,-60.72,60.525,-61.78,-1.06,0,0.03,4434.91,4414.45,4414.49,4474.97,BUY,USD,1,1,1583663
D#1702666,XAUUSD,100,7.34987E+18,7.34987E+18,7.34987E+18,7.34987E+18,13695,2026-03-27T06:55:17.000Z,2026-03-27T10:43:32.000Z,348.11,-348.565,345.65,-2.46,0,0.07,4462.25,4412.74,4440.3,4412.59,SELL,USD,1,1,1583663
D#1702654,XAUUSD,100,7.34987E+18,7.34987E+18,7.34987E+18,7.34987E+18,861,2026-03-27T10:30:04.000Z,2026-03-27T10:44:25.000Z,53.12,-53.38,51.72,-1.4,0,0.04,4427.88,4414.82,,,SELL,USD,1,1,1583663
D#1702572,XAUUSD,100,7.34987E+18,7.34987E+18,7.34987E+18,7.34987E+18,6351,2026-03-27T08:59:55.000Z,2026-03-27T10:45:46.000Z,105.75,-106.335,102.59,-3.16,0,0.09,4423.71,4412.18,,4412.23,SELL,USD,1,1,1583663
D#1702669,XAUUSD,100,7.34987E+18,7.34987E+18,7.34987E+18,7.34987E+18,66,2026-03-27T10:44:41.000Z,2026-03-27T10:45:47.000Z,-56.25,55.275,-61.51,-5.26,0,0.15,4415.58,4411.61,4412.01,4419.13,BUY,USD,1,1,1583663
D#1702388,XAUUSD,100,7.34987E+18,7.34987E+18,7.34987E+18,7.34987E+18,6274,2026-03-27T09:04:04.000Z,2026-03-27T10:48:38.000Z,161,-161.65,157.5,-3.5,0,0.1,4430.29,4414.41,4443.14,,SELL,USD,1,1,1583663
D#1702375,XAUUSD,100,7.34987E+18,7.34987E+18,7.34987E+18,7.34987E+18,81,2026-03-27T10:50:00.000Z,2026-03-27T10:51:21.000Z,50.4,-52.35,39.9,-10.5,0,0.3,4415.98,4414.52,4416.69,,SELL,USD,1,1,1583663
D#1645749,XAUUSD,100,7.34987E+18,7.34987E+18,7.34987E+18,7.34987E+18,264,2026-03-27T10:47:42.000Z,2026-03-27T10:52:06.000Z,-106,104.375,-114.76,-8.76,0,0.25,4415.66,4411.2,4411.57,4432.49,BUY,USD,1,1,1583663
D#1702519,XAUUSD,100,7.34987E+18,7.34987E+18,7.34987E+18,7.34987E+18,242,2026-03-27T10:48:34.000Z,2026-03-27T10:52:36.000Z,-52.82,51.585,-59.48,-6.66,0,0.19,4414.37,4411.37,4411.15,,BUY,USD,1,1,1583663
D#1671066,XAUUSD,100,7.34987E+18,7.34987E+18,7.34987E+18,7.34987E+18,6399,2026-03-27T09:07:29.000Z,2026-03-27T10:54:08.000Z,21.36,-21.62,19.96,-1.4,0,0.04,4424.27,4419.15,4442.25,4398.77,SELL,USD,1,1,1583663
D#1702356,XAUUSD,100,7.34987E+18,7.34987E+18,7.34987E+18,7.34987E+18,402,2026-03-27T10:54:58.000Z,2026-03-27T11:01:40.000Z,-35.82,35.43,-37.92,-2.1,0,0.06,4417.92,4411.73,4410.85,4437.54,BUY,USD,1,1,1583663
D#1702519,XAUUSD,100,7.34987E+18,7.34987E+18,7.34987E+18,7.34987E+18,363,2026-03-27T10:55:48.000Z,2026-03-27T11:01:51.000Z,-78.47,77.235,-85.13,-6.66,0,0.19,4414.44,4410.09,4410.48,4419.19,BUY,USD,1,1,1583663
D#1670936,XAUUSD,100,7.34987E+18,7.34987E+18,7.34987E+18,7.34987E+18,22,2026-03-27T11:01:58.000Z,2026-03-27T11:02:20.000Z,-174.5,171.25,-192,-17.5,0,0.5,4411.75,4415.46,,,SELL,USD,1,1,1583663
D#1702472,XAUUSD,100,7.34987E+18,7.34987E+18,7.34987E+18,7.34987E+18,21976,2026-03-27T04:58:23.000Z,2026-03-27T11:04:39.000Z,117.9,-118.095,116.84,-1.06,0,0.03,4449.07,4409.99,4505.71,4409.99,SELL,USD,1,1,1583663
D#1702650,XAUUSD,100,7.34987E+18,7.34987E+18,7.34987E+18,7.34987E+18,1278,2026-03-27T10:43:26.000Z,2026-03-27T11:04:44.000Z,-39.2,38.55,-42.7,-3.5,0,0.1,4413.49,4409.35,4409.61,4423.91,BUY,USD,1,1,1583663
D#1670970,XAUUSD,100,7.34987E+18,7.34987E+18,7.34987E+18,7.34987E+18,1241,2026-03-27T10:44:19.000Z,2026-03-27T11:05:00.000Z,-53.4,52.75,-56.9,-3.5,0,0.1,4414.62,4409.06,4409.29,4425.13,BUY,USD,1,1,1583663
D#1702702,XAUUSD,100,7.34987E+18,7.34987E+18,7.34987E+18,7.34987E+18,127,2026-03-27T11:03:03.000Z,2026-03-27T11:05:10.000Z,-187.5,184.25,-205,-17.5,0,0.5,4414.09,4410.12,,4421.98,BUY,USD,1,1,1583663
D#1670947,XAUUSD,100,7.34987E+18,7.34987E+18,7.34987E+18,7.34987E+18,664,2026-03-27T10:55:23.000Z,2026-03-27T11:06:27.000Z,-37.45,37.125,-39.21,-1.76,0,0.05,4416.14,4408.43,4408.89,4424.5,BUY,USD,1,1,1583663
D#1670913,XAUUSD,100,7.34987E+18,7.34987E+18,7.34987E+18,7.34987E+18,54,2026-03-27T11:06:35.000Z,2026-03-27T11:07:29.000Z,-4.05,3.075,-9.31,-5.26,0,0.15,4407.56,4408.05,,,SELL,USD,1,1,1583663
D#1702726,XAUUSD,100,7.34987E+18,7.34987E+18,7.34987E+18,7.34987E+18,999,2026-03-27T10:50:52.000Z,2026-03-27T11:07:31.000Z,-34.85,34.525,-36.61,-1.76,0,0.05,4414.95,4407.76,,,BUY,USD,1,1,1583663
D#1702650,XAUUSD,100,7.34987E+18,7.34987E+18,7.34987E+18,7.34987E+18,167,2026-03-27T11:04:58.000Z,2026-03-27T11:07:45.000Z,-26.2,25.55,-29.7,-3.5,0,0.1,4409.84,4407,4407.02,4421.37,BUY,USD,1,1,1583663
D#1645749,XAUUSD,100,7.34987E+18,7.34987E+18,7.34987E+18,7.34987E+18,179,2026-03-27T11:05:00.000Z,2026-03-27T11:07:59.000Z,121,-122.625,112.24,-8.76,0,0.25,4409.15,4404.53,4413.21,4404.67,SELL,USD,1,1,1583663
D#1702550,XAUUSD,100,7.34987E+18,7.34987E+18,7.34987E+18,7.34987E+18,181,2026-03-27T11:05:01.000Z,2026-03-27T11:08:02.000Z,70.2,-71.5,63.2,-7,0,0.2,4409.27,4405.98,,,SELL,USD,1,1,1583663
D#1591594,XAUUSD,100,7.34987E+18,7.34987E+18,7.34987E+18,7.34987E+18,2606,2026-03-27T10:24:45.000Z,2026-03-27T11:08:11.000Z,-116.95,116.625,-118.71,-1.76,0,0.05,4429.36,4405.75,,,BUY,USD,1,1,1583663
D#1702391,XAUUSD,100,7.34987E+18,7.34987E+18,7.34987E+18,7.34987E+18,10442,2026-03-27T08:14:10.000Z,2026-03-27T11:08:12.000Z,-200.6,200.275,-202.36,-1.76,0,0.05,4446.14,4405.8,,4526.49,BUY,USD,1,1,1583663
D#1702654,XAUUSD,100,7.34987E+18,7.34987E+18,7.34987E+18,7.34987E+18,1401,2026-03-27T10:45:47.000Z,2026-03-27T11:09:08.000Z,15.6,-15.925,13.84,-1.76,0,0.05,4411.6,4408.7,,,SELL,USD,1,1,1583663
D#1670913,XAUUSD,100,7.34987E+18,7.34987E+18,7.34987E+18,7.34987E+18,154,2026-03-27T11:07:45.000Z,2026-03-27T11:10:19.000Z,-55.95,54.975,-61.21,-5.26,0,0.15,4407.26,4411.21,4411.04,4401.02,SELL,USD,1,1,1583663
D#1702460,XAUUSD,100,7.34987E+18,7.34987E+18,7.34987E+18,7.34987E+18,153,2026-03-27T11:07:48.000Z,2026-03-27T11:10:21.000Z,-140.4,138.45,-150.9,-10.5,0,0.3,4406.32,4411.22,,4402.24,SELL,USD,1,1,1583663
D#1589450,XAUUSD,100,7.34987E+18,7.34987E+18,7.34987E+18,7.34987E+18,124,2026-03-27T11:08:20.000Z,2026-03-27T11:10:24.000Z,-50.1,49.45,-53.6,-3.5,0,0.1,4406.17,4411.4,4411.28,4396.28,SELL,USD,1,1,1583663
D#1702482,XAUUSD,100,7.34987E+18,7.34987E+18,7.34987E+18,7.34987E+18,1960,2026-03-27T10:38:12.000Z,2026-03-27T11:10:52.000Z,54.05,-54.375,52.29,-1.76,0,0.05,4423.4,4412.81,4412.26,4403.91,SELL,USD,1,1,1583663
D#1702482,XAUUSD,100,7.34987E+18,7.34987E+18,7.34987E+18,7.34987E+18,57,2026-03-27T11:11:38.000Z,2026-03-27T11:12:35.000Z,-8.9,8.575,-10.66,-1.76,0,0.05,4411.66,4409.66,4409.55,4423.55,BUY,USD,1,1,1583663
D#1702657,XAUUSD,100,7.34987E+18,7.34987E+18,7.34987E+18,7.34987E+18,21161,2026-03-27T05:20:40.000Z,2026-03-27T11:13:21.000Z,125.56,-125.82,124.16,-1.4,0,0.04,4443.97,4412.8,4498.08,4362.59,SELL,USD,1,1,1583663
D#1589410,XAUUSD,100,7.34987E+18,7.34987E+18,7.34987E+18,7.34987E+18,105,2026-03-27T11:12:43.000Z,2026-03-27T11:14:28.000Z,-26.55,26.225,-28.31,-1.76,0,0.05,4409.2,4414.73,4414.32,4399.76,SELL,USD,1,1,1583663
D#1670913,XAUUSD,100,7.34987E+18,7.34987E+18,7.34987E+18,7.34987E+18,124,2026-03-27T11:13:32.000Z,2026-03-27T11:15:36.000Z,82.5,-84.45,72,-10.5,0,0.3,4412.93,4415.46,4411.61,4415.5,BUY,USD,1,1,1583663
D#1702572,XAUUSD,100,7.34987E+18,7.34987E+18,7.34987E+18,7.34987E+18,376,2026-03-27T11:09:51.000Z,2026-03-27T11:16:07.000Z,-54.63,54.045,-57.79,-3.16,0,0.09,4409.95,4416.24,,4407,SELL,USD,1,1,1583663
D#1702366,XAUUSD,100,7.34987E+18,7.34987E+18,7.34987E+18,7.34987E+18,355,2026-03-27T11:10:12.000Z,2026-03-27T11:16:07.000Z,-36.4,35.945,-38.86,-2.46,0,0.07,4410.85,4416.27,4416.04,4395.82,SELL,USD,1,1,1583663
D#1614607,XAUUSD,100,7.34987E+18,7.34987E+18,7.34987E+18,7.34987E+18,94,2026-03-27T11:14:53.000Z,2026-03-27T11:16:27.000Z,-28.98,28.395,-32.14,-3.16,0,0.09,4413.04,4416.48,4416.37,4402.95,SELL,USD,1,1,1583663
D#1589450,XAUUSD,100,7.34987E+18,7.34987E+18,7.34987E+18,7.34987E+18,340,2026-03-27T11:11:29.000Z,2026-03-27T11:17:09.000Z,20.5,-21.15,17,-3.5,0,0.1,4411.4,4413.23,4413.29,4422.79,BUY,USD,1,1,1583663
D#1702482,XAUUSD,100,7.34987E+18,7.34987E+18,7.34987E+18,7.34987E+18,56,2026-03-27T11:16:16.000Z,2026-03-27T11:17:12.000Z,-35.8,35.15,-39.3,-3.5,0,0.1,4416.03,4412.23,4412.92,4422.92,BUY,USD,1,1,1583663
D#1614607,XAUUSD,100,7.34987E+18,7.34987E+18,7.34987E+18,7.34987E+18,42,2026-03-27T11:16:31.000Z,2026-03-27T11:17:13.000Z,-39.42,38.835,-42.58,-3.16,0,0.09,4416.58,4411.98,,4430.71,BUY,USD,1,1,1583663
D#1702650,XAUUSD,100,7.34987E+18,7.34987E+18,7.34987E+18,7.34987E+18,607,2026-03-27T11:08:16.000Z,2026-03-27T11:18:23.000Z,34.4,-35.05,30.9,-3.5,0,0.1,4406.44,4409.66,4409.87,4418.07,BUY,USD,1,1,1583663
D#1702657,XAUUSD,100,7.34987E+18,7.34987E+18,7.34987E+18,7.34987E+18,337,2026-03-27T11:13:35.000Z,2026-03-27T11:19:12.000Z,16.56,-16.82,15.16,-1.4,0,0.04,4412.68,4408.76,4491.22,,SELL,USD,1,1,1583663
D#1702518,XAUUSD,100,7.34987E+18,7.34987E+18,7.34987E+18,7.34987E+18,352,2026-03-27T11:15:24.000Z,2026-03-27T11:21:16.000Z,2.56,-3.08,-0.24,-2.8,0,0.08,4413.29,4413.19,4413.05,4402.12,SELL,USD,1,1,1583663
D#1589410,XAUUSD,100,7.34987E+18,7.34987E+18,7.34987E+18,7.34987E+18,439,2026-03-27T11:18:05.000Z,2026-03-27T11:25:24.000Z,-8.25,7.925,-10.01,-1.76,0,0.05,4410.71,4412.58,4412.46,4394.63,SELL,USD,1,1,1583663
D#1589450,XAUUSD,100,7.34987E+18,7.34987E+18,7.34987E+18,7.34987E+18,544,2026-03-27T11:17:20.000Z,2026-03-27T11:26:24.000Z,-31.4,30.75,-34.9,-3.5,0,0.1,4411.77,4415.13,4414.88,4401.88,SELL,USD,1,1,1583663
D#1702487,XAUUSD,100,7.34987E+18,7.34987E+18,7.34987E+18,7.34987E+18,230,2026-03-27T11:22:42.000Z,2026-03-27T11:26:32.000Z,54.9,-55.55,51.4,-3.5,0,0.1,4410.2,4415.47,4412.47,4415.51,BUY,USD,1,1,1583663
D#1589410,XAUUSD,100,7.34987E+18,7.34987E+18,7.34987E+18,7.34987E+18,129,2026-03-27T11:25:27.000Z,2026-03-27T11:27:36.000Z,46.15,-47.125,40.89,-5.26,0,0.15,4412.53,4415.98,,,BUY,USD,1,1,1583663
D#1702477,XAUUSD,100,7.34987E+18,7.34987E+18,7.34987E+18,7.34987E+18,3352,2026-03-27T10:41:44.000Z,2026-03-27T11:37:36.000Z,8.34,-8.73,6.24,-2.1,0,0.06,4417.22,4416.05,,,SELL,USD,1,1,1583663
D#1614607,XAUUSD,100,7.34987E+18,7.34987E+18,7.34987E+18,7.34987E+18,1273,2026-03-27T11:17:15.000Z,2026-03-27T11:38:28.000Z,-57.42,56.835,-60.58,-3.16,0,0.09,4411.79,4418.39,4417.94,4397.79,SELL,USD,1,1,1583663
D#1702636,XAUUSD,100,7.34987E+18,7.34987E+18,7.34987E+18,7.34987E+18,990,2026-03-27T11:21:58.000Z,2026-03-27T11:38:28.000Z,-57,56.22,-61.2,-4.2,0,0.12,4412.63,4417.6,4417.34,4406.65,SELL,USD,1,1,1583663
D#1670970,XAUUSD,100,7.34987E+18,7.34987E+18,7.34987E+18,7.34987E+18,2007,2026-03-27T11:05:08.000Z,2026-03-27T11:38:35.000Z,-93.9,93.25,-97.4,-3.5,0,0.1,4410.11,4419.72,4419.18,4398.02,SELL,USD,1,1,1583663
D#1702456,XAUUSD,100,7.34987E+18,7.34987E+18,7.34987E+18,7.34987E+18,517,2026-03-27T11:29:58.000Z,2026-03-27T11:38:35.000Z,82.4,-83.7,75.4,-7,0,0.2,4415.62,4419.52,,4419.07,BUY,USD,1,1,1583663
D#1702482,XAUUSD,100,7.34987E+18,7.34987E+18,7.34987E+18,7.34987E+18,1204,2026-03-27T11:18:34.000Z,2026-03-27T11:38:38.000Z,81.5,-82.15,78,-3.5,0,0.1,4410.16,4418.09,4411.82,4419.85,BUY,USD,1,1,1583663
D#1702650,XAUUSD,100,7.34987E+18,7.34987E+18,7.34987E+18,7.34987E+18,1390,2026-03-27T11:19:31.000Z,2026-03-27T11:42:41.000Z,50.5,-51.15,47,-3.5,0,0.1,4409.91,4414.74,4414.93,4421.68,BUY,USD,1,1,1583663
D#1670975,XAUUSD,100,7.34987E+18,7.34987E+18,7.34987E+18,7.34987E+18,2428,2026-03-27T11:02:57.000Z,2026-03-27T11:43:25.000Z,-98.2,96.9,-105.2,-7,0,0.2,4413.92,4419.05,,4394.56,SELL,USD,1,1,1583663
D#1702671,XAUUSD,100,7.34987E+18,7.34987E+18,7.34987E+18,7.34987E+18,5139,2026-03-27T10:17:57.000Z,2026-03-27T11:43:36.000Z,28.15,-28.475,26.39,-1.76,0,0.05,4425.24,4419.83,4419.59,4401.36,SELL,USD,1,1,1583663
D#1702456,XAUUSD,100,7.34987E+18,7.34987E+18,7.34987E+18,7.34987E+18,57,2026-03-27T11:42:56.000Z,2026-03-27T11:43:53.000Z,42.36,-43.14,38.16,-4.2,0,0.12,4416.45,4419.76,,,BUY,USD,1,1,1583663
D#1702366,XAUUSD,100,7.34987E+18,7.34987E+18,7.34987E+18,7.34987E+18,1615,2026-03-27T11:17:42.000Z,2026-03-27T11:44:37.000Z,59.29,-59.745,56.83,-2.46,0,0.07,4412.48,4420.73,4407.64,4420.53,BUY,USD,1,1,1583663
D#1702482,XAUUSD,100,7.34987E+18,7.34987E+18,7.34987E+18,7.34987E+18,220,2026-03-27T11:40:59.000Z,2026-03-27T11:44:39.000Z,47.2,-47.85,43.7,-3.5,0,0.1,4415.93,4420.43,4413.82,4423.2,BUY,USD,1,1,1583663
D#1702620,XAUUSD,100,7.34987E+18,7.34987E+18,7.34987E+18,7.34987E+18,56,2026-03-27T11:43:49.000Z,2026-03-27T11:44:45.000Z,7.8,-8.45,4.3,-3.5,0,0.1,4420.13,4420.69,,,BUY,USD,1,1,1583663
D#1589410,XAUUSD,100,7.34987E+18,7.34987E+18,7.34987E+18,7.34987E+18,677,2026-03-27T11:33:44.000Z,2026-03-27T11:45:01.000Z,32.3,-32.625,30.54,-1.76,0,0.05,4415.97,4422.21,4413.61,4422.06,BUY,USD,1,1,1583663
D#1702669,XAUUSD,100,7.34987E+18,7.34987E+18,7.34987E+18,7.34987E+18,3518,2026-03-27T10:46:39.000Z,2026-03-27T11:45:17.000Z,115.05,-116.025,109.79,-5.26,0,0.15,4414.56,4422.01,,4422.35,BUY,USD,1,1,1583663
D#1670978,XAUUSD,100,7.34987E+18,7.34987E+18,7.34987E+18,7.34987E+18,2673,2026-03-27T11:00:59.000Z,2026-03-27T11:45:32.000Z,95.4,-95.985,92.24,-3.16,0,0.09,4413.52,4423.9,4403.86,4423.95,BUY,USD,1,1,1583663
D#1670946,XAUUSD,100,7.34987E+18,7.34987E+18,7.34987E+18,7.34987E+18,58,2026-03-27T11:44:36.000Z,2026-03-27T11:45:34.000Z,-46.8,46.15,-50.3,-3.5,0,0.1,4420.32,4425.22,4424.71,4410.48,SELL,USD,1,1,1583663
D#1645749,XAUUSD,100,7.34987E+18,7.34987E+18,7.34987E+18,7.34987E+18,368,2026-03-27T11:39:52.000Z,2026-03-27T11:46:00.000Z,182.5,-184.125,173.74,-8.76,0,0.25,4416.44,4423.52,4413.5,4425.71,BUY,USD,1,1,1583663
D#1702572,XAUUSD,100,7.34987E+18,7.34987E+18,7.34987E+18,7.34987E+18,1809,2026-03-27T11:16:38.000Z,2026-03-27T11:46:47.000Z,53.19,-53.775,50.03,-3.16,0,0.09,4416.55,4422.24,4422.5,4428,BUY,USD,1,1,1583663
D#1702654,XAUUSD,100,7.34987E+18,7.34987E+18,7.34987E+18,7.34987E+18,1222,2026-03-27T11:26:45.000Z,2026-03-27T11:47:07.000Z,24.45,-24.775,22.69,-1.76,0,0.05,4415.73,4420.4,,,BUY,USD,1,1,1583663
D#1670955,XAUUSD,100,7.34987E+18,7.34987E+18,7.34987E+18,7.34987E+18,34,2026-03-27T11:47:11.000Z,2026-03-27T11:47:45.000Z,29.52,-31.08,21.12,-8.4,0,0.24,4420.33,4419.32,,,SELL,USD,1,1,1583663
D#1702654,XAUUSD,100,7.34987E+18,7.34987E+18,7.34987E+18,7.34987E+18,95,2026-03-27T11:50:28.000Z,2026-03-27T11:52:03.000Z,28.3,-28.95,24.8,-3.5,0,0.1,4421.8,4419.19,,,SELL,USD,1,1,1583663
D#1702456,XAUUSD,100,7.34987E+18,7.34987E+18,7.34987E+18,7.34987E+18,451,2026-03-27T11:47:52.000Z,2026-03-27T11:55:23.000Z,74.4,-75.18,70.2,-4.2,0,0.12,4420.11,4426.09,,4426.13,BUY,USD,1,1,1583663
D#1702518,XAUUSD,100,7.34987E+18,7.34987E+18,7.34987E+18,7.34987E+18,1167,2026-03-27T11:35:58.000Z,2026-03-27T11:55:25.000Z,89.04,-89.56,86.24,-2.8,0,0.08,4415.17,4426.08,4411.13,4426.27,BUY,USD,1,1,1583663
D#1702628,XAUUSD,100,7.34987E+18,7.34987E+18,7.34987E+18,7.34987E+18,1474,2026-03-27T11:30:53.000Z,2026-03-27T11:55:27.000Z,102,-102.65,98.5,-3.5,0,0.1,4416.03,4426.01,,,BUY,USD,1,1,1583663
D#1702654,XAUUSD,100,7.34987E+18,7.34987E+18,7.34987E+18,7.34987E+18,122,2026-03-27T11:54:49.000Z,2026-03-27T11:56:51.000Z,-79.4,78.1,-86.4,-7,0,0.2,4425.77,4421.58,,,BUY,USD,1,1,1583663
D#1702482,XAUUSD,100,7.34987E+18,7.34987E+18,7.34987E+18,7.34987E+18,738,2026-03-27T11:45:21.000Z,2026-03-27T11:57:39.000Z,-20.85,20.525,-22.61,-1.76,0,0.05,4422.14,4417.75,4418.03,4440.03,BUY,USD,1,1,1583663
D#1702654,XAUUSD,100,7.34987E+18,7.34987E+18,7.34987E+18,7.34987E+18,31,2026-03-27T11:57:36.000Z,2026-03-27T11:58:07.000Z,11.2,-12.5,4.2,-7,0,0.2,4418.11,4417.77,,,SELL,USD,1,1,1583663
D#1670975,XAUUSD,100,7.34987E+18,7.34987E+18,7.34987E+18,7.34987E+18,852,2026-03-27T11:44:28.000Z,2026-03-27T11:58:40.000Z,-86.7,84.75,-97.2,-10.5,0,0.3,4419.59,4416.48,,4429.96,BUY,USD,1,1,1583663
D#1645696,XAUUSD,100,7.34987E+18,7.34987E+18,7.34987E+18,7.34987E+18,4484,2026-03-27T10:44:18.000Z,2026-03-27T11:59:02.000Z,30.24,-31.28,24.64,-5.6,0,0.16,4414.24,4415.91,4416.04,4441.14,BUY,USD,1,1,1583663
D#1702550,XAUUSD,100,7.34987E+18,7.34987E+18,7.34987E+18,7.34987E+18,117,2026-03-27T11:57:55.000Z,2026-03-27T11:59:52.000Z,68.8,-70.1,61.8,-7,0,0.2,4416.59,4419.81,,,BUY,USD,1,1,1583663
D#1702654,XAUUSD,100,7.34987E+18,7.34987E+18,7.34987E+18,7.34987E+18,26,2026-03-27T11:59:37.000Z,2026-03-27T12:00:03.000Z,53.6,-54.9,46.6,-7,0,0.2,4417.03,4419.49,,,BUY,USD,1,1,1583663
D#1702456,XAUUSD,100,7.34987E+18,7.34987E+18,7.34987E+18,7.34987E+18,151,2026-03-27T11:57:48.000Z,2026-03-27T12:00:19.000Z,74.25,-75.225,68.99,-5.26,0,0.15,4416.99,4421.72,,4421.82,BUY,USD,1,1,1583663
D#1702482,XAUUSD,100,7.34987E+18,7.34987E+18,7.34987E+18,7.34987E+18,86,2026-03-27T12:00:24.000Z,2026-03-27T12:01:50.000Z,2.3,-2.625,0.54,-1.76,0,0.05,4421.2,4420.96,4424.31,,SELL,USD,1,1,1583663
D#1702654,XAUUSD,100,7.34987E+18,7.34987E+18,7.34987E+18,7.34987E+18,276,2026-03-27T12:00:15.000Z,2026-03-27T12:04:51.000Z,34.4,-35.7,27.4,-7,0,0.2,4421.59,4423.09,,,BUY,USD,1,1,1583663
D#1702673,XAUUSD,100,7.34987E+18,7.34987E+18,7.34987E+18,7.34987E+18,33801,2026-03-27T02:42:00.000Z,2026-03-27T12:05:21.000Z,22.4,-22.66,21,-1.4,0,0.04,4427.49,4422.11,,,SELL,USD,1,1,1583663
D#1702562,XAUUSD,100,7.34987E+18,7.34987E+18,7.34987E+18,7.34987E+18,113,2026-03-27T12:04:18.000Z,2026-03-27T12:06:11.000Z,-23.16,22.9,-24.56,-1.4,0,0.04,4423.67,4417.66,4415.99,4433.49,BUY,USD,1,1,1583663
D#1702482,XAUUSD,100,7.34987E+18,7.34987E+18,7.34987E+18,7.34987E+18,259,2026-03-27T12:02:12.000Z,2026-03-27T12:06:31.000Z,-52.2,51.55,-55.7,-3.5,0,0.1,4421.73,4416.29,4416.62,4431.42,BUY,USD,1,1,1583663
D#1702347,XAUUSD,100,7.34987E+18,7.34987E+18,7.34987E+18,7.34987E+18,4396,2026-03-27T10:53:53.000Z,2026-03-27T12:07:09.000Z,-19.44,18.92,-22.24,-2.8,0,0.08,4418.62,4415.97,,4429.31,BUY,USD,1,1,1583663
D#1670970,XAUUSD,100,7.34987E+18,7.34987E+18,7.34987E+18,7.34987E+18,1485,2026-03-27T11:42:38.000Z,2026-03-27T12:07:23.000Z,-3.7,3.05,-7.2,-3.5,0,0.1,4415.58,4414.99,4415.51,4427.52,BUY,USD,1,1,1583663
D#1702650,XAUUSD,100,7.34987E+18,7.34987E+18,7.34987E+18,7.34987E+18,1192,2026-03-27T11:47:31.000Z,2026-03-27T12:07:23.000Z,-51.3,50.65,-54.8,-3.5,0,0.1,4420.07,4414.72,4414.92,4430.38,BUY,USD,1,1,1583663
D#1702562,XAUUSD,100,7.34987E+18,7.34987E+18,7.34987E+18,7.34987E+18,170,2026-03-27T12:06:14.000Z,2026-03-27T12:09:04.000Z,12.2,-12.46,10.8,-1.4,0,0.04,4418.97,4416.14,4418.83,4411.52,SELL,USD,1,1,1583663
D#1702482,XAUUSD,100,7.34987E+18,7.34987E+18,7.34987E+18,7.34987E+18,34,2026-03-27T12:08:30.000Z,2026-03-27T12:09:04.000Z,19.2,-20.5,12.2,-7,0,0.2,4415.2,4415.94,,,BUY,USD,1,1,1583663
D#1702482,XAUUSD,100,7.34987E+18,7.34987E+18,7.34987E+18,7.34987E+18,86,2026-03-27T12:09:30.000Z,2026-03-27T12:10:56.000Z,-32.8,31.5,-39.8,-7,0,0.2,4417.5,4419.36,4419.11,,SELL,USD,1,1,1583663
D#1702695,XAUUSD,100,7.34987E+18,7.34987E+18,7.34987E+18,7.34987E+18,311,2026-03-27T12:07:06.000Z,2026-03-27T12:12:17.000Z,-31.1,30.775,-32.86,-1.76,0,0.05,4417.36,4423.8,,,SELL,USD,1,1,1583663
D#1702482,XAUUSD,100,7.34987E+18,7.34987E+18,7.34987E+18,7.34987E+18,67,2026-03-27T12:11:11.000Z,2026-03-27T12:12:18.000Z,-65.4,64.1,-72.4,-7,0,0.2,4420.69,4424.18,4423.8,,SELL,USD,1,1,1583663
D#1702562,XAUUSD,100,7.34987E+18,7.34987E+18,7.34987E+18,7.34987E+18,210,2026-03-27T12:09:13.000Z,2026-03-27T12:12:43.000Z,25.32,-25.58,23.92,-1.4,0,0.04,4416.79,4422.9,4417.56,4426.55,BUY,USD,1,1,1583663
D#1702482,XAUUSD,100,7.34987E+18,7.34987E+18,7.34987E+18,7.34987E+18,7,2026-03-27T12:12:58.000Z,2026-03-27T12:13:05.000Z,53.2,-55.8,39.2,-14,0,0.4,4424.11,4425.22,,,BUY,USD,1,1,1583663
D#1702673,XAUUSD,100,7.34987E+18,7.34987E+18,7.34987E+18,7.34987E+18,453,2026-03-27T12:05:42.000Z,2026-03-27T12:13:15.000Z,21.16,-21.42,19.76,-1.4,0,0.04,4420.06,4425.13,,,BUY,USD,1,1,1583663
D#1702654,XAUUSD,100,7.34987E+18,7.34987E+18,7.34987E+18,7.34987E+18,552,2026-03-27T12:05:12.000Z,2026-03-27T12:14:24.000Z,55.8,-57.1,48.8,-7,0,0.2,4422.87,4425.44,,,BUY,USD,1,1,1583663
D#1702673,XAUUSD,100,7.34987E+18,7.34987E+18,7.34987E+18,7.34987E+18,96,2026-03-27T12:14:16.000Z,2026-03-27T12:15:52.000Z,-1.37,1.305,-1.73,-0.36,0,0.01,4425.68,4427.27,,,SELL,USD,1,1,1583663
D#1702482,XAUUSD,100,7.34987E+18,7.34987E+18,7.34987E+18,7.34987E+18,149,2026-03-27T12:13:39.000Z,2026-03-27T12:16:08.000Z,110,-112.6,96,-14,0,0.4,4426.78,4429.31,,4428.92,BUY,USD,1,1,1583663
D#1670947,XAUUSD,100,7.34987E+18,7.34987E+18,7.34987E+18,7.34987E+18,1668,2026-03-27T11:48:28.000Z,2026-03-27T12:16:16.000Z,-39.25,38.925,-41.01,-1.76,0,0.05,4422.11,4430.18,4429.99,4411.53,SELL,USD,1,1,1583663
D#1702628,XAUUSD,100,7.34987E+18,7.34987E+18,7.34987E+18,7.34987E+18,966,2026-03-27T12:00:24.000Z,2026-03-27T12:16:30.000Z,114.7,-115.35,111.2,-3.5,0,0.1,4421.41,4432.66,,,BUY,USD,1,1,1583663
D#1702482,XAUUSD,100,7.34987E+18,7.34987E+18,7.34987E+18,7.34987E+18,14,2026-03-27T12:16:17.000Z,2026-03-27T12:16:31.000Z,132,-134.6,118,-14,0,0.4,4429.65,4432.73,,,BUY,USD,1,1,1583663
D#1702436,XAUUSD,100,7.34987E+18,7.34987E+18,7.34987E+18,7.34987E+18,211,2026-03-27T12:13:02.000Z,2026-03-27T12:16:33.000Z,85.3,-85.95,81.8,-3.5,0,0.1,4424.52,4432.83,4413.84,4432.91,BUY,USD,1,1,1583663
D#1702650,XAUUSD,100,7.34987E+18,7.34987E+18,7.34987E+18,7.34987E+18,18,2026-03-27T12:16:16.000Z,2026-03-27T12:16:34.000Z,-39.5,38.85,-43,-3.5,0,0.1,4429.98,4434.15,4433.87,4418.59,SELL,USD,1,1,1583663
D#1702654,XAUUSD,100,7.34987E+18,7.34987E+18,7.34987E+18,7.34987E+18,83,2026-03-27T12:15:26.000Z,2026-03-27T12:16:49.000Z,151.4,-152.7,144.4,-7,0,0.2,4425.76,4433.11,,,BUY,USD,1,1,1583663
D#1670955,XAUUSD,100,7.34987E+18,7.34987E+18,7.34987E+18,7.34987E+18,141,2026-03-27T12:16:51.000Z,2026-03-27T12:19:12.000Z,148.32,-149.88,139.92,-8.4,0,0.24,4432.97,4427.01,,,SELL,USD,1,1,1583663
D#1702654,XAUUSD,100,7.34987E+18,7.34987E+18,7.34987E+18,7.34987E+18,76,2026-03-27T12:18:05.000Z,2026-03-27T12:19:21.000Z,114.2,-115.5,107.2,-7,0,0.2,4432.16,4426.67,,,SELL,USD,1,1,1583663
D#1702726,XAUUSD,100,7.34987E+18,7.34987E+18,7.34987E+18,7.34987E+18,4119,2026-03-27T11:10:54.000Z,2026-03-27T12:19:33.000Z,-102.06,101.605,-104.52,-2.46,0,0.07,4412.42,4427.22,,,SELL,USD,1,1,1583663
D#1670955,XAUUSD,100,7.34987E+18,7.34987E+18,7.34987E+18,7.34987E+18,12,2026-03-27T12:19:52.000Z,2026-03-27T12:20:04.000Z,78.48,-80.04,70.08,-8.4,0,0.24,4425.83,4422.78,,,SELL,USD,1,1,1583663
D#1670955,XAUUSD,100,7.34987E+18,7.34987E+18,7.34987E+18,7.34987E+18,7,2026-03-27T12:20:29.000Z,2026-03-27T12:20:36.000Z,-2.64,1.08,-11.04,-8.4,0,0.24,4421.57,4421.9,,,SELL,USD,1,1,1583663
D#1670955,XAUUSD,100,7.34987E+18,7.34987E+18,7.34987E+18,7.34987E+18,117,2026-03-27T12:20:59.000Z,2026-03-27T12:22:56.000Z,15.12,-16.68,6.72,-8.4,0,0.24,4419.22,4418.81,,,SELL,USD,1,1,1583663
D#1671058,XAUUSD,100,7.34987E+18,7.34987E+18,7.34987E+18,7.34987E+18,111,2026-03-27T12:21:05.000Z,2026-03-27T12:22:56.000Z,-62,59.4,-76,-14,0,0.4,4420.46,4418.69,4418.85,4422.85,BUY,USD,1,1,1583663
D#1702726,XAUUSD,100,7.34987E+18,7.34987E+18,7.34987E+18,7.34987E+18,230,2026-03-27T12:20:00.000Z,2026-03-27T12:23:50.000Z,-48.7,48.05,-52.2,-3.5,0,0.1,4424.12,4419.03,,,BUY,USD,1,1,1583663
D#1671058,XAUUSD,100,7.34987E+18,7.34987E+18,7.34987E+18,7.34987E+18,79,2026-03-27T12:23:01.000Z,2026-03-27T12:24:20.000Z,-55.6,53,-69.6,-14,0,0.4,4418.37,4419.98,4419.98,4415.98,SELL,USD,1,1,1583663
D#1702669,XAUUSD,100,7.34987E+18,7.34987E+18,7.34987E+18,7.34987E+18,996,2026-03-27T12:07:54.000Z,2026-03-27T12:24:30.000Z,-64.2,63.225,-69.46,-5.26,0,0.15,4416.82,4421.32,,4416.57,SELL,USD,1,1,1583663
D#1671058,XAUUSD,100,7.34987E+18,7.34987E+18,7.34987E+18,7.34987E+18,40,2026-03-27T12:24:30.000Z,2026-03-27T12:25:10.000Z,-124.8,122.2,-138.8,-14,0,0.4,4421.18,4424.52,,4418.79,SELL,USD,1,1,1583663
D#1702562,XAUUSD,100,7.34987E+18,7.34987E+18,7.34987E+18,7.34987E+18,81,2026-03-27T12:27:05.000Z,2026-03-27T12:28:26.000Z,-17,16.675,-18.76,-1.76,0,0.05,4424.01,4427.63,4433.46,4383.65,SELL,USD,1,1,1583663
D#1702669,XAUUSD,100,7.34987E+18,7.34987E+18,7.34987E+18,7.34987E+18,275,2026-03-27T12:24:34.000Z,2026-03-27T12:29:09.000Z,118.5,-119.475,113.24,-5.26,0,0.15,4421.64,4429.32,4421.88,4429.53,BUY,USD,1,1,1583663
D#1702572,XAUUSD,100,7.34987E+18,7.34987E+18,7.34987E+18,7.34987E+18,2092,2026-03-27T11:55:35.000Z,2026-03-27T12:30:27.000Z,23.49,-24.075,20.33,-3.16,0,0.09,4425.9,4428.29,4428.5,4438,BUY,USD,1,1,1583663
D#1702562,XAUUSD,100,7.34987E+18,7.34987E+18,7.34987E+18,7.34987E+18,377,2026-03-27T12:30:30.000Z,2026-03-27T12:36:47.000Z,-1.8,1.15,-5.3,-3.5,0,0.1,4428.27,4428.67,4428.53,4400.45,SELL,USD,1,1,1583663
D#1645749,XAUUSD,100,7.34987E+18,7.34987E+18,7.34987E+18,7.34987E+18,182,2026-03-27T12:34:38.000Z,2026-03-27T12:37:40.000Z,-101.75,100.125,-110.51,-8.76,0,0.25,4426.35,4430.64,4430.02,4414.4,SELL,USD,1,1,1583663
D#1702650,XAUUSD,100,7.34987E+18,7.34987E+18,7.34987E+18,7.34987E+18,1053,2026-03-27T12:20:11.000Z,2026-03-27T12:37:44.000Z,122.3,-122.95,118.8,-3.5,0,0.1,4420.6,4432.61,4416.34,4432.47,BUY,USD,1,1,1583663
D#1670862,XAUUSD,100,7.34987E+18,7.34987E+18,7.34987E+18,7.34987E+18,511,2026-03-27T12:29:31.000Z,2026-03-27T12:38:02.000Z,40.05,-40.635,36.89,-3.16,0,0.09,4429.05,4433.28,4423.26,4433.38,BUY,USD,1,1,1583663
D#1702354,XAUUSD,100,7.34987E+18,7.34987E+18,7.34987E+18,7.34987E+18,311,2026-03-27T12:33:05.000Z,2026-03-27T12:38:16.000Z,-126.2,124.9,-133.2,-7,0,0.2,4428.43,4434.96,4434.3,4417.12,SELL,USD,1,1,1583663
D#1702673,XAUUSD,100,7.34987E+18,7.34987E+18,7.34987E+18,7.34987E+18,1327,2026-03-27T12:16:10.000Z,2026-03-27T12:38:17.000Z,25.15,-25.475,23.39,-1.76,0,0.05,4429.77,4434.58,,,BUY,USD,1,1,1583663
D#1702516,XAUUSD,100,7.34987E+18,7.34987E+18,7.34987E+18,7.34987E+18,6925,2026-03-27T10:43:03.000Z,2026-03-27T12:38:28.000Z,-62.61,62.415,-63.67,-1.06,0,0.03,4415.03,4436.12,4435.37,4374.35,SELL,USD,1,1,1583663
D#1614603,XAUUSD,100,7.34987E+18,7.34987E+18,7.34987E+18,7.34987E+18,6384,2026-03-27T10:52:06.000Z,2026-03-27T12:38:30.000Z,125.4,-125.725,123.64,-1.76,0,0.05,4411.38,4436.24,4401.3,4436.3,BUY,USD,1,1,1583663
D#1702354,XAUUSD,100,7.34987E+18,7.34987E+18,7.34987E+18,7.34987E+18,10,2026-03-27T12:39:19.000Z,2026-03-27T12:39:29.000Z,-50.4,48.45,-60.9,-10.5,0,0.3,4435.87,4433.97,,,BUY,USD,1,1,1583663
D#1702354,XAUUSD,100,7.34987E+18,7.34987E+18,7.34987E+18,7.34987E+18,10,2026-03-27T12:39:30.000Z,2026-03-27T12:39:40.000Z,18.6,-20.55,8.1,-10.5,0,0.3,4434.14,4433.74,,,SELL,USD,1,1,1583663
D#1702477,XAUUSD,100,7.34987E+18,7.34987E+18,7.34987E+18,7.34987E+18,3762,2026-03-27T11:37:42.000Z,2026-03-27T12:40:24.000Z,103.92,-104.31,101.82,-2.1,0,0.06,4415.98,4433.08,,,BUY,USD,1,1,1583663
D#1702685,XAUUSD,100,7.34987E+18,7.34987E+18,7.34987E+18,7.34987E+18,44,2026-03-27T12:40:52.000Z,2026-03-27T12:41:36.000Z,-98.8,95.42,-117,-18.2,0,0.52,4433.35,4435.47,,,SELL,USD,1,1,1583663
D#1702562,XAUUSD,100,7.34987E+18,7.34987E+18,7.34987E+18,7.34987E+18,310,2026-03-27T12:38:24.000Z,2026-03-27T12:43:34.000Z,0,-0.65,-3.5,-3.5,0,0.1,4434.75,4434.53,4434.75,4451.6,BUY,USD,1,1,1583663
D#1702685,XAUUSD,100,7.34987E+18,7.34987E+18,7.34987E+18,7.34987E+18,133,2026-03-27T12:41:38.000Z,2026-03-27T12:43:51.000Z,-96.72,93.34,-114.92,-18.2,0,0.52,4436.38,4434.3,,4438.45,BUY,USD,1,1,1583663
D#1702562,XAUUSD,100,7.34987E+18,7.34987E+18,7.34987E+18,7.34987E+18,121,2026-03-27T12:44:09.000Z,2026-03-27T12:46:10.000Z,-41.8,41.15,-45.3,-3.5,0,0.1,4433.43,4437.83,4437.72,4412.53,SELL,USD,1,1,1583663
D#1702572,XAUUSD,100,7.34987E+18,7.34987E+18,7.34987E+18,7.34987E+18,219,2026-03-27T12:42:34.000Z,2026-03-27T12:46:13.000Z,13.77,-14.355,10.61,-3.16,0,0.09,4436.39,4437.7,,4440.26,BUY,USD,1,1,1583663
D#1670913,XAUUSD,100,7.34987E+18,7.34987E+18,7.34987E+18,7.34987E+18,103,2026-03-27T12:44:49.000Z,2026-03-27T12:46:32.000Z,-10.96,10.7,-12.36,-1.4,0,0.04,4433.27,4436.23,4437.82,4428.16,SELL,USD,1,1,1583663
D#1702738,XAUUSD,100,7.34987E+18,7.34987E+18,7.34987E+18,7.34987E+18,8,2026-03-27T12:47:27.000Z,2026-03-27T12:47:35.000Z,3.1,-3.425,1.34,-1.76,0,0.05,4436.78,4436.38,,,SELL,USD,1,1,1583663
D#1702505,XAUUSD,100,7.34987E+18,7.34987E+18,7.34987E+18,7.34987E+18,10077,2026-03-27T10:01:27.000Z,2026-03-27T12:49:24.000Z,-55.25,54.925,-57.01,-1.76,0,0.05,4428.03,4439.3,4438.48,4350.22,SELL,USD,1,1,1583663
D#1670913,XAUUSD,100,7.34987E+18,7.34987E+18,7.34987E+18,7.34987E+18,166,2026-03-27T12:46:38.000Z,2026-03-27T12:49:24.000Z,112.8,-115.4,98.8,-14,0,0.4,4436.09,4438.69,4434.64,4438.27,BUY,USD,1,1,1583663
D#1702738,XAUUSD,100,7.34987E+18,7.34987E+18,7.34987E+18,7.34987E+18,92,2026-03-27T12:47:52.000Z,2026-03-27T12:49:24.000Z,-78.89,75.705,-96.05,-17.16,0,0.49,4435.86,4437.69,,,SELL,USD,1,1,1583663
D#1702572,XAUUSD,100,7.34987E+18,7.34987E+18,7.34987E+18,7.34987E+18,52,2026-03-27T12:48:43.000Z,2026-03-27T12:49:35.000Z,14.85,-15.435,11.69,-3.16,0,0.09,4436.91,4438.34,,,BUY,USD,1,1,1583663
D#1670934,XAUUSD,100,7.34987E+18,7.34987E+18,7.34987E+18,7.34987E+18,4352,2026-03-27T11:37:36.000Z,2026-03-27T12:50:08.000Z,97.84,-98.1,96.44,-1.4,0,0.04,4416.05,4440.29,4425.69,4440.67,BUY,USD,1,1,1583663
D#1702657,XAUUSD,100,7.34987E+18,7.34987E+18,7.34987E+18,7.34987E+18,5437,2026-03-27T11:19:32.000Z,2026-03-27T12:50:09.000Z,-187.44,187.05,-189.54,-2.1,0,0.06,4409.67,4441.13,4440.93,4380.73,SELL,USD,1,1,1583663
D#1702562,XAUUSD,100,7.34987E+18,7.34987E+18,7.34987E+18,7.34987E+18,155,2026-03-27T12:47:37.000Z,2026-03-27T12:50:12.000Z,-70,69.35,-73.5,-3.5,0,0.1,4435.14,4442.36,4441.48,4409.22,SELL,USD,1,1,1583663
D#1702456,XAUUSD,100,7.34987E+18,7.34987E+18,7.34987E+18,7.34987E+18,112,2026-03-27T12:48:20.000Z,2026-03-27T12:50:12.000Z,90.8,-92.1,83.8,-7,0,0.2,4437.79,4442.11,,4441.38,BUY,USD,1,1,1583663
D#1702738,XAUUSD,100,7.34987E+18,7.34987E+18,7.34987E+18,7.34987E+18,46,2026-03-27T12:49:26.000Z,2026-03-27T12:50:12.000Z,193.55,-196.735,176.39,-17.16,0,0.49,4438.68,4442.41,,,BUY,USD,1,1,1583663
D#1670913,XAUUSD,100,7.34987E+18,7.34987E+18,7.34987E+18,7.34987E+18,30,2026-03-27T12:49:57.000Z,2026-03-27T12:50:27.000Z,92.4,-95,78.4,-14,0,0.4,4439.19,4441.28,,,BUY,USD,1,1,1583663
D#1702562,XAUUSD,100,7.34987E+18,7.34987E+18,7.34987E+18,7.34987E+18,19,2026-03-27T12:50:15.000Z,2026-03-27T12:50:34.000Z,-22.8,22.15,-26.3,-3.5,0,0.1,4442.88,4440.38,4437.29,,BUY,USD,1,1,1583663
D#1702738,XAUUSD,100,7.34987E+18,7.34987E+18,7.34987E+18,7.34987E+18,35,2026-03-27T12:50:27.000Z,2026-03-27T12:51:02.000Z,-111.23,108.045,-128.39,-17.16,0,0.49,4441.23,4443.72,,,SELL,USD,1,1,1583663
D#1670913,XAUUSD,100,7.34987E+18,7.34987E+18,7.34987E+18,7.34987E+18,28,2026-03-27T12:50:35.000Z,2026-03-27T12:51:03.000Z,135.2,-137.8,121.2,-14,0,0.4,4440.35,4443.51,,,BUY,USD,1,1,1583663
D#1702572,XAUUSD,100,7.34987E+18,7.34987E+18,7.34987E+18,7.34987E+18,27,2026-03-27T12:50:37.000Z,2026-03-27T12:51:04.000Z,29.61,-30.195,26.45,-3.16,0,0.09,4440.76,4443.83,,,BUY,USD,1,1,1583663
D#1702562,XAUUSD,100,7.34987E+18,7.34987E+18,7.34987E+18,7.34987E+18,44,2026-03-27T12:50:37.000Z,2026-03-27T12:51:21.000Z,-38.4,37.75,-41.9,-3.5,0,0.1,4440.13,4444.19,4445.76,,SELL,USD,1,1,1583663
D#1702671,XAUUSD,100,7.34987E+18,7.34987E+18,7.34987E+18,7.34987E+18,4005,2026-03-27T11:44:46.000Z,2026-03-27T12:51:31.000Z,119,-119.325,117.24,-1.76,0,0.05,4420.97,4444.55,4407.85,4444.48,BUY,USD,1,1,1583663
D#1702738,XAUUSD,100,7.34987E+18,7.34987E+18,7.34987E+18,7.34987E+18,20,2026-03-27T12:51:14.000Z,2026-03-27T12:51:34.000Z,43.61,-46.795,26.45,-17.16,0,0.49,4443.65,4444.32,,,BUY,USD,1,1,1583663
D#1702738,XAUUSD,100,7.34987E+18,7.34987E+18,7.34987E+18,7.34987E+18,82,2026-03-27T12:51:36.000Z,2026-03-27T12:52:58.000Z,-70.56,67.375,-87.72,-17.16,0,0.49,4442.92,4444.58,,,SELL,USD,1,1,1583663
D#1670978,XAUUSD,100,7.34987E+18,7.34987E+18,7.34987E+18,7.34987E+18,2147,2026-03-27T12:17:19.000Z,2026-03-27T12:53:06.000Z,106.02,-106.605,102.86,-3.16,0,0.09,4433.5,4445.06,4437.42,4445.04,BUY,USD,1,1,1583663
D#1702732,XAUUSD,100,7.34987E+18,7.34987E+18,7.34987E+18,7.34987E+18,187,2026-03-27T12:50:13.000Z,2026-03-27T12:53:20.000Z,-11.4,10.75,-14.9,-3.5,0,0.1,4442.66,4444.02,,4356.27,SELL,USD,1,1,1583663
D#1670913,XAUUSD,100,7.34987E+18,7.34987E+18,7.34987E+18,7.34987E+18,162,2026-03-27T12:51:15.000Z,2026-03-27T12:53:57.000Z,-40.8,38.2,-54.8,-14,0,0.4,4444.17,4442.93,,4447.1,BUY,USD,1,1,1583663
D#1702738,XAUUSD,100,7.34987E+18,7.34987E+18,7.34987E+18,7.34987E+18,78,2026-03-27T12:53:02.000Z,2026-03-27T12:54:20.000Z,-110.74,107.555,-127.9,-17.16,0,0.49,4444.75,4442.27,,,BUY,USD,1,1,1583663
D#1702735,XAUUSD,100,7.34987E+18,7.34987E+18,7.34987E+18,7.34987E+18,380,2026-03-27T12:48:20.000Z,2026-03-27T12:54:40.000Z,42.75,-43.725,37.49,-5.26,0,0.15,4437.78,4440.41,4440.94,4447.23,BUY,USD,1,1,1583663
D#1670913,XAUUSD,100,7.34987E+18,7.34987E+18,7.34987E+18,7.34987E+18,32,2026-03-27T12:54:11.000Z,2026-03-27T12:54:43.000Z,103.2,-105.8,89.2,-14,0,0.4,4442.56,4440.2,,,SELL,USD,1,1,1583663
D#1702733,XAUUSD,100,7.34987E+18,7.34987E+18,7.34987E+18,7.34987E+18,58,2026-03-27T12:59:10.000Z,2026-03-27T13:00:08.000Z,120.5,-123.75,103,-17.5,0,0.5,4438.34,4440.53,,,BUY,USD,1,1,1583663
D#1702669,XAUUSD,100,7.34987E+18,7.34987E+18,7.34987E+18,7.34987E+18,380,2026-03-27T12:54:10.000Z,2026-03-27T13:00:30.000Z,5.55,-6.525,0.29,-5.26,0,0.15,4442.56,4442.41,4442.31,4434.67,SELL,USD,1,1,1583663
D#1702572,XAUUSD,100,7.34987E+18,7.34987E+18,7.34987E+18,7.34987E+18,177,2026-03-27T12:57:54.000Z,2026-03-27T13:00:51.000Z,-36.99,36.405,-40.15,-3.16,0,0.09,4438.13,4442.46,,4435.85,SELL,USD,1,1,1583663
D#1702733,XAUUSD,100,7.34987E+18,7.34987E+18,7.34987E+18,7.34987E+18,82,2026-03-27T13:00:20.000Z,2026-03-27T13:01:42.000Z,132,-135.25,114.5,-17.5,0,0.5,4440.76,4438.34,,,SELL,USD,1,1,1583663
D#1670913,XAUUSD,100,7.34987E+18,7.34987E+18,7.34987E+18,7.34987E+18,403,2026-03-27T12:55:06.000Z,2026-03-27T13:01:49.000Z,111.6,-114.2,97.6,-14,0,0.4,4439.15,4436.58,,4436.49,SELL,USD,1,1,1583663
D#1702733,XAUUSD,100,7.34987E+18,7.34987E+18,7.34987E+18,7.34987E+18,47,2026-03-27T13:02:22.000Z,2026-03-27T13:03:09.000Z,14,-17.25,-3.5,-17.5,0,0.5,4437.09,4437.03,,,SELL,USD,1,1,1583663
D#1702518,XAUUSD,100,7.34987E+18,7.34987E+18,7.34987E+18,7.34987E+18,619,2026-03-27T12:53:06.000Z,2026-03-27T13:03:25.000Z,92.4,-92.92,89.6,-2.8,0,0.08,4445.06,4433.73,4450.42,4433.65,SELL,USD,1,1,1583663
D#1670978,XAUUSD,100,7.34987E+18,7.34987E+18,7.34987E+18,7.34987E+18,575,2026-03-27T12:53:51.000Z,2026-03-27T13:03:26.000Z,-123.4,122.75,-126.9,-3.5,0,0.1,4443.97,4431.41,4431.9,4455.86,BUY,USD,1,1,1583663
D#1702436,XAUUSD,100,7.34987E+18,7.34987E+18,7.34987E+18,7.34987E+18,406,2026-03-27T12:56:40.000Z,2026-03-27T13:03:26.000Z,88.7,-89.35,85.2,-3.5,0,0.1,4440.36,4431.71,4448.94,4431.97,SELL,USD,1,1,1583663
D#1702733,XAUUSD,100,7.34987E+18,7.34987E+18,7.34987E+18,7.34987E+18,75,2026-03-27T13:03:12.000Z,2026-03-27T13:04:27.000Z,103.5,-106.75,86,-17.5,0,0.5,4435.34,4437.19,,,BUY,USD,1,1,1583663
D#1702733,XAUUSD,100,7.34987E+18,7.34987E+18,7.34987E+18,7.34987E+18,11,2026-03-27T13:05:03.000Z,2026-03-27T13:05:14.000Z,100,-103.25,82.5,-17.5,0,0.5,4433.24,4431.46,,,SELL,USD,1,1,1583663
D#1702733,XAUUSD,100,7.34987E+18,7.34987E+18,7.34987E+18,7.34987E+18,5,2026-03-27T13:05:17.000Z,2026-03-27T13:05:22.000Z,32.5,-35.75,15,-17.5,0,0.5,4431.16,4431.59,,,BUY,USD,1,1,1583663
D#1702733,XAUUSD,100,7.34987E+18,7.34987E+18,7.34987E+18,7.34987E+18,29,2026-03-27T13:05:30.000Z,2026-03-27T13:05:59.000Z,-38.5,35.25,-56,-17.5,0,0.5,4434.42,4435.41,,,SELL,USD,1,1,1583663
D#1702572,XAUUSD,100,7.34987E+18,7.34987E+18,7.34987E+18,7.34987E+18,250,2026-03-27T13:03:30.000Z,2026-03-27T13:07:40.000Z,8.28,-8.865,5.12,-3.16,0,0.09,4432.75,4432.05,,4425.81,SELL,USD,1,1,1583663
D#1702526,XAUUSD,100,7.34987E+18,7.34987E+18,7.34987E+18,7.34987E+18,122,2026-03-27T13:08:09.000Z,2026-03-27T13:10:11.000Z,87.6,-88.9,80.6,-7,0,0.2,4431.76,4427.6,4436.41,4427.4,SELL,USD,1,1,1583663
D#1702357,XAUUSD,100,7.34987E+18,7.34987E+18,7.34987E+18,7.34987E+18,984,2026-03-27T12:54:17.000Z,2026-03-27T13:10:41.000Z,-220.87,220.025,-225.43,-4.56,0,0.13,4442.81,4425.6,,4474.44,BUY,USD,1,1,1583663
D#1670955,XAUUSD,100,7.34987E+18,7.34987E+18,7.34987E+18,7.34987E+18,2057,2026-03-27T12:36:28.000Z,2026-03-27T13:10:45.000Z,53.28,-54.84,44.88,-8.4,0,0.24,4427,4425,,,SELL,USD,1,1,1583663
D#1702572,XAUUSD,100,7.34987E+18,7.34987E+18,7.34987E+18,7.34987E+18,50,2026-03-27T13:13:04.000Z,2026-03-27T13:13:54.000Z,11.52,-12.105,8.36,-3.16,0,0.09,4429.21,4430.27,,,BUY,USD,1,1,1583663
D#1702650,XAUUSD,100,7.34987E+18,7.34987E+18,7.34987E+18,7.34987E+18,380,2026-03-27T13:10:11.000Z,2026-03-27T13:16:31.000Z,85.2,-85.85,81.7,-3.5,0,0.1,4427.56,4435.86,4422.41,4436.25,BUY,USD,1,1,1583663
D#1702693,XAUUSD,100,7.34987E+18,7.34987E+18,7.34987E+18,7.34987E+18,325,2026-03-27T13:11:06.000Z,2026-03-27T13:16:31.000Z,442.2,-445.775,422.94,-19.26,0,0.55,4428.3,4436.12,,4435.9,BUY,USD,1,1,1583663
D#1702650,XAUUSD,100,7.34987E+18,7.34987E+18,7.34987E+18,7.34987E+18,63,2026-03-27T13:18:02.000Z,2026-03-27T13:19:05.000Z,-25.6,24.95,-29.1,-3.5,0,0.1,4436.16,4438.94,4438.84,4431.62,SELL,USD,1,1,1583663
D#1702572,XAUUSD,100,7.34987E+18,7.34987E+18,7.34987E+18,7.34987E+18,163,2026-03-27T13:16:32.000Z,2026-03-27T13:19:15.000Z,39.15,-39.735,35.99,-3.16,0,0.09,4436.21,4440.34,,4440,BUY,USD,1,1,1583663
D#1702669,XAUUSD,100,7.34987E+18,7.34987E+18,7.34987E+18,7.34987E+18,439,2026-03-27T13:12:01.000Z,2026-03-27T13:19:20.000Z,112.3,-112.95,108.8,-3.5,0,0.1,4429.15,4440.16,4425.04,4441.04,BUY,USD,1,1,1583663
D#1702657,XAUUSD,100,7.34987E+18,7.34987E+18,7.34987E+18,7.34987E+18,834,2026-03-27T13:06:06.000Z,2026-03-27T13:20:00.000Z,-24.96,24.57,-27.06,-2.1,0,0.06,4434.64,4439.02,4445.21,4405.03,SELL,USD,1,1,1583663
D#1702650,XAUUSD,100,7.34987E+18,7.34987E+18,7.34987E+18,7.34987E+18,77,2026-03-27T13:23:43.000Z,2026-03-27T13:25:00.000Z,-36.2,35.55,-39.7,-3.5,0,0.1,4431.35,4427.51,4427.7,4439.44,BUY,USD,1,1,1583663
D#1702673,XAUUSD,100,7.34987E+18,7.34987E+18,7.34987E+18,7.34987E+18,2865,2026-03-27T12:38:56.000Z,2026-03-27T13:26:41.000Z,40.45,-40.775,38.69,-1.76,0,0.05,4433.69,4425.82,,,SELL,USD,1,1,1583663
D#1670862,XAUUSD,100,7.34987E+18,7.34987E+18,7.34987E+18,7.34987E+18,154,2026-03-27T13:24:13.000Z,2026-03-27T13:26:47.000Z,-55.35,54.765,-58.51,-3.16,0,0.09,4430.98,4424.61,4424.79,4435.9,BUY,USD,1,1,1583663
D#1702572,XAUUSD,100,7.34987E+18,7.34987E+18,7.34987E+18,7.34987E+18,42,2026-03-27T13:27:20.000Z,2026-03-27T13:28:02.000Z,26.37,-26.955,23.21,-3.16,0,0.09,4423.23,4420.52,,,SELL,USD,1,1,1583663
D#1702710,XAUUSD,100,7.34987E+18,7.34987E+18,7.34987E+18,7.34987E+18,301,2026-03-27T13:26:23.000Z,2026-03-27T13:31:24.000Z,118.82,-119.665,114.26,-4.56,0,0.13,4426.99,4418.07,,4417.87,SELL,USD,1,1,1583663
D#1702673,XAUUSD,100,7.34987E+18,7.34987E+18,7.34987E+18,7.34987E+18,190,2026-03-27T13:28:28.000Z,2026-03-27T13:31:38.000Z,54.18,-55.35,47.88,-6.3,0,0.18,4421.85,4419.06,,,SELL,USD,1,1,1583663
D#1702456,XAUUSD,100,7.34987E+18,7.34987E+18,7.34987E+18,7.34987E+18,2333,2026-03-27T12:52:58.000Z,2026-03-27T13:31:51.000Z,-551.4,550.1,-558.4,-7,0,0.2,4444.57,4416.78,,4447.97,BUY,USD,1,1,1583663
D#1702696,XAUUSD,100,7.34987E+18,7.34987E+18,7.34987E+18,7.34987E+18,16125,2026-03-27T09:04:32.000Z,2026-03-27T13:33:17.000Z,-68.55,68.225,-70.31,-1.76,0,0.05,4428.51,4414.58,,4448.62,BUY,USD,1,1,1583663
D#1702526,XAUUSD,100,7.34987E+18,7.34987E+18,7.34987E+18,7.34987E+18,55,2026-03-27T13:34:40.000Z,2026-03-27T13:35:35.000Z,103.6,-104.9,96.6,-7,0,0.2,4416.71,4421.67,4413.57,4421.42,BUY,USD,1,1,1583663
D#1702650,XAUUSD,100,7.34987E+18,7.34987E+18,7.34987E+18,7.34987E+18,106,2026-03-27T13:33:52.000Z,2026-03-27T13:35:38.000Z,-47.5,46.85,-51,-3.5,0,0.1,4418.35,4423.32,4422.88,4406.89,SELL,USD,1,1,1583663
D#1702695,XAUUSD,100,7.34987E+18,7.34987E+18,7.34987E+18,7.34987E+18,164,2026-03-27T13:32:55.000Z,2026-03-27T13:35:39.000Z,-150.11,149.005,-156.07,-5.96,0,0.17,4414.87,4423.92,,,SELL,USD,1,1,1583663
D#1702650,XAUUSD,100,7.34987E+18,7.34987E+18,7.34987E+18,7.34987E+18,129,2026-03-27T13:36:05.000Z,2026-03-27T13:38:14.000Z,-52.2,51.55,-55.7,-3.5,0,0.1,4419.78,4425.22,4425.02,4407.89,SELL,USD,1,1,1583663
D#1702673,XAUUSD,100,7.34987E+18,7.34987E+18,7.34987E+18,7.34987E+18,329,2026-03-27T13:32:52.000Z,2026-03-27T13:38:21.000Z,-276.15,273.875,-288.41,-12.26,0,0.35,4414.74,4422.85,,,SELL,USD,1,1,1583663
D#1670946,XAUUSD,100,7.34987E+18,7.34987E+18,7.34987E+18,7.34987E+18,65,2026-03-27T13:37:58.000Z,2026-03-27T13:39:03.000Z,-40.4,39.75,-43.9,-3.5,0,0.1,4422.53,4426.79,4426.69,4412.3,SELL,USD,1,1,1583663
D#1702650,XAUUSD,100,7.34987E+18,7.34987E+18,7.34987E+18,7.34987E+18,306,2026-03-27T13:39:02.000Z,2026-03-27T13:44:08.000Z,-46.4,45.75,-49.9,-3.5,0,0.1,4426.02,4430.88,4431,4414.7,SELL,USD,1,1,1583663
D#1702657,XAUUSD,100,7.34987E+18,7.34987E+18,7.34987E+18,7.34987E+18,690,2026-03-27T13:33:21.000Z,2026-03-27T13:44:51.000Z,-129.36,128.84,-132.16,-2.8,0,0.08,4414.54,4430.93,4436.34,,SELL,USD,1,1,1583663
D#1702620,XAUUSD,100,7.34987E+18,7.34987E+18,7.34987E+18,7.34987E+18,14,2026-03-27T13:45:12.000Z,2026-03-27T13:45:26.000Z,67.98,-69.41,60.28,-7.7,0,0.22,4429.33,4432.2,,,BUY,USD,1,1,1583663
D#1670978,XAUUSD,100,7.34987E+18,7.34987E+18,7.34987E+18,7.34987E+18,595,2026-03-27T13:35:32.000Z,2026-03-27T13:45:27.000Z,128.2,-128.85,124.7,-3.5,0,0.1,4420.21,4432.81,4413.61,4432.73,BUY,USD,1,1,1583663
D#1670862,XAUUSD,100,7.34987E+18,7.34987E+18,7.34987E+18,7.34987E+18,337,2026-03-27T13:39:54.000Z,2026-03-27T13:45:31.000Z,-48.51,47.925,-51.67,-3.16,0,0.09,4427.32,4432.93,4433.09,4421.98,SELL,USD,1,1,1583663
D#1702505,XAUUSD,100,7.34987E+18,7.34987E+18,7.34987E+18,7.34987E+18,1114,2026-03-27T13:27:06.000Z,2026-03-27T13:45:40.000Z,-243.6,241.715,-253.76,-10.16,0,0.29,4423.9,4432.52,,4409.62,SELL,USD,1,1,1583663
D#1702620,XAUUSD,100,7.34987E+18,7.34987E+18,7.34987E+18,7.34987E+18,23,2026-03-27T13:45:40.000Z,2026-03-27T13:46:03.000Z,20,-21.3,13,-7,0,0.2,4432.52,4433.3,,,BUY,USD,1,1,1583663
D#1702696,XAUUSD,100,7.34987E+18,7.34987E+18,7.34987E+18,7.34987E+18,796,2026-03-27T13:33:22.000Z,2026-03-27T13:46:38.000Z,104.25,-104.575,102.49,-1.76,0,0.05,4414.87,4435.5,,4435.42,BUY,USD,1,1,1583663
D#1702695,XAUUSD,100,7.34987E+18,7.34987E+18,7.34987E+18,7.34987E+18,642,2026-03-27T13:36:08.000Z,2026-03-27T13:46:50.000Z,-161.1,160.45,-164.6,-3.5,0,0.1,4421.5,4437.83,,,SELL,USD,1,1,1583663
D#1702650,XAUUSD,100,7.34987E+18,7.34987E+18,7.34987E+18,7.34987E+18,55,2026-03-27T13:46:06.000Z,2026-03-27T13:47:01.000Z,-48.2,47.55,-51.7,-3.5,0,0.1,4435.13,4440.17,4440.06,4423.73,SELL,USD,1,1,1583663
D#1702710,XAUUSD,100,7.34987E+18,7.34987E+18,7.34987E+18,7.34987E+18,832,2026-03-27T13:33:19.000Z,2026-03-27T13:47:11.000Z,-304.85,304.005,-309.41,-4.56,0,0.13,4414.77,4438.44,,4405.39,SELL,USD,1,1,1583663
D#1702650,XAUUSD,100,7.34987E+18,7.34987E+18,7.34987E+18,7.34987E+18,296,2026-03-27T13:47:08.000Z,2026-03-27T13:52:04.000Z,116.4,-117.05,112.9,-3.5,0,0.1,4438.25,4426.83,4443.39,4426.8,SELL,USD,1,1,1583663
D#1702620,XAUUSD,100,7.34987E+18,7.34987E+18,7.34987E+18,7.34987E+18,77,2026-03-27T13:50:51.000Z,2026-03-27T13:52:08.000Z,28.4,-29.05,24.9,-3.5,0,0.1,4428.97,4426.35,,,SELL,USD,1,1,1583663
D#1702650,XAUUSD,100,7.34987E+18,7.34987E+18,7.34987E+18,7.34987E+18,163,2026-03-27T13:52:18.000Z,2026-03-27T13:55:01.000Z,-32.8,32.15,-36.3,-3.5,0,0.1,4428.39,4424.89,4425.12,4437.83,BUY,USD,1,1,1583663
D#1670978,XAUUSD,100,7.34987E+18,7.34987E+18,7.34987E+18,7.34987E+18,221,2026-03-27T13:51:25.000Z,2026-03-27T13:55:06.000Z,-53.3,52.65,-56.8,-3.5,0,0.1,4429.28,4423.73,4423.68,4441.07,BUY,USD,1,1,1583663
D#1702620,XAUUSD,100,7.34987E+18,7.34987E+18,7.34987E+18,7.34987E+18,11,2026-03-27T13:56:26.000Z,2026-03-27T13:56:37.000Z,13.2,-14.5,6.2,-7,0,0.2,4422.97,4422.53,,,SELL,USD,1,1,1583663
D#1702477,XAUUSD,100,7.34987E+18,7.34987E+18,7.34987E+18,7.34987E+18,1143,2026-03-27T13:38:02.000Z,2026-03-27T13:57:05.000Z,4.26,-4.65,2.16,-2.1,0,0.06,4422.19,4422.68,,,BUY,USD,1,1,1583663
D#1702620,XAUUSD,100,7.34987E+18,7.34987E+18,7.34987E+18,7.34987E+18,14,2026-03-27T13:59:05.000Z,2026-03-27T13:59:19.000Z,40.8,-42.1,33.8,-7,0,0.2,4427.49,4429.31,,,BUY,USD,1,1,1583663
D#1670970,XAUUSD,100,7.34987E+18,7.34987E+18,7.34987E+18,7.34987E+18,229,2026-03-27T13:55:55.000Z,2026-03-27T13:59:44.000Z,-102.1,101.45,-105.6,-3.5,0,0.1,4423.36,4433.79,4433.79,4411.47,SELL,USD,1,1,1583663
D#1702459,XAUUSD,100,7.34987E+18,7.34987E+18,7.34987E+18,7.34987E+18,314,2026-03-27T13:55:42.000Z,2026-03-27T14:00:56.000Z,420.35,-422.625,408.09,-12.26,0,0.35,4423.67,4435.46,4415.04,4435.67,BUY,USD,1,1,1583663
D#1702650,XAUUSD,100,7.34987E+18,7.34987E+18,7.34987E+18,7.34987E+18,64,2026-03-27T13:59:59.000Z,2026-03-27T14:01:03.000Z,-51.3,50.65,-54.8,-3.5,0,0.1,4432.34,4437.69,4437.45,4420.48,SELL,USD,1,1,1583663
D#1702650,XAUUSD,100,7.34987E+18,7.34987E+18,7.34987E+18,7.34987E+18,38,2026-03-27T14:02:04.000Z,2026-03-27T14:02:42.000Z,-49.3,48.65,-52.8,-3.5,0,0.1,4436.42,4441.57,4441.74,4425.81,SELL,USD,1,1,1583663
D#1702620,XAUUSD,100,7.34987E+18,7.34987E+18,7.34987E+18,7.34987E+18,31,2026-03-27T14:02:44.000Z,2026-03-27T14:03:15.000Z,3.51,-3.575,3.15,-0.36,0,0.01,4441.67,4444.96,,,BUY,USD,1,1,1583663
D#1702388,XAUUSD,100,7.34987E+18,7.34987E+18,7.34987E+18,7.34987E+18,1421,2026-03-27T13:39:35.000Z,2026-03-27T14:03:16.000Z,-213.2,212.55,-216.7,-3.5,0,0.1,4426.98,4448.52,4447.8,,SELL,USD,1,1,1583663
D#1702706,XAUUSD,100,7.34987E+18,7.34987E+18,7.34987E+18,7.34987E+18,32,2026-03-27T14:02:47.000Z,2026-03-27T14:03:19.000Z,-65.66,65.205,-68.12,-2.46,0,0.07,4441.35,4450.95,4449.8,4401.24,SELL,USD,1,1,1583663
D#1702352,XAUUSD,100,7.34987E+18,7.34987E+18,7.34987E+18,7.34987E+18,18935,2026-03-27T08:47:45.000Z,2026-03-27T14:03:20.000Z,78.5,-78.825,76.74,-1.76,0,0.05,4436.06,4451.54,,4451.95,BUY,USD,1,1,1583663
D#1702696,XAUUSD,100,7.34987E+18,7.34987E+18,7.34987E+18,7.34987E+18,641,2026-03-27T13:52:52.000Z,2026-03-27T14:03:33.000Z,117.1,-117.425,115.34,-1.76,0,0.05,4428.98,4452.18,,4452.51,BUY,USD,1,1,1583663
D#1671066,XAUUSD,100,7.34987E+18,7.34987E+18,7.34987E+18,7.34987E+18,6478,2026-03-27T12:15:39.000Z,2026-03-27T14:03:37.000Z,116.56,-116.82,115.16,-1.4,0,0.04,4426.86,4455.78,4401.8,4455.82,BUY,USD,1,1,1583663
D#1702341,XAUUSD,100,7.34987E+18,7.34987E+18,7.34987E+18,7.34987E+18,19281,2026-03-27T08:42:19.000Z,2026-03-27T14:03:40.000Z,81.8,-82.125,80.04,-1.76,0,0.05,4439.47,4455.61,,4456.07,BUY,USD,1,1,1583663
D#1702667,XAUUSD,100,7.34987E+18,7.34987E+18,7.34987E+18,7.34987E+18,6899,2026-03-27T12:08:42.000Z,2026-03-27T14:03:41.000Z,503.16,-503.94,498.96,-4.2,0,0.12,4413,4454.71,4408.8,4473.9,BUY,USD,1,1,1583663
D#1702347,XAUUSD,100,7.34987E+18,7.34987E+18,7.34987E+18,7.34987E+18,6695,2026-03-27T12:12:06.000Z,2026-03-27T14:03:41.000Z,-259.04,258.52,-261.84,-2.8,0,0.08,4423.24,4455.84,,4410.7,SELL,USD,1,1,1583663
D#1702658,XAUUSD,100,7.34987E+18,7.34987E+18,7.34987E+18,7.34987E+18,35,2026-03-27T14:03:25.000Z,2026-03-27T14:04:00.000Z,-92.55,91.575,-97.81,-5.26,0,0.15,4450.47,4456.86,,,SELL,USD,1,1,1583663
D#1702650,XAUUSD,100,7.34987E+18,7.34987E+18,7.34987E+18,7.34987E+18,51,2026-03-27T14:04:14.000Z,2026-03-27T14:05:05.000Z,-73.5,72.85,-77,-3.5,0,0.1,4455.44,4463.01,4460.17,4443.62,SELL,USD,1,1,1583663
D#1702658,XAUUSD,100,7.34987E+18,7.34987E+18,7.34987E+18,7.34987E+18,57,2026-03-27T14:04:24.000Z,2026-03-27T14:05:21.000Z,-99.15,98.175,-104.41,-5.26,0,0.15,4453.09,4459.92,,,SELL,USD,1,1,1583663
D#1702407,XAUUSD,100,7.34987E+18,7.34987E+18,7.34987E+18,7.34987E+18,23934,2026-03-27T07:26:39.000Z,2026-03-27T14:05:33.000Z,-17.91,17.715,-18.97,-1.06,0,0.03,4456.47,4462.66,,,SELL,USD,1,1,1583663
D#1670978,XAUUSD,100,7.34987E+18,7.34987E+18,7.34987E+18,7.34987E+18,61,2026-03-27T14:05:08.000Z,2026-03-27T14:06:09.000Z,-67.4,66.75,-70.9,-3.5,0,0.1,4461.54,4454.58,4455.51,4468.91,BUY,USD,1,1,1583663
D#1671066,XAUUSD,100,7.34987E+18,7.34987E+18,7.34987E+18,7.34987E+18,40,2026-03-27T14:05:53.000Z,2026-03-27T14:06:33.000Z,-38.92,38.66,-40.32,-1.4,0,0.04,4461.9,4451.95,,,BUY,USD,1,1,1583663
D#1645644,XAUUSD,100,7.34987E+18,7.34987E+18,7.34987E+18,7.34987E+18,347,2026-03-27T14:04:15.000Z,2026-03-27T14:10:02.000Z,-77.3,76.65,-80.8,-3.5,0,0.1,4456.34,4448.39,4448.88,4464.62,BUY,USD,1,1,1583663
D#1702650,XAUUSD,100,7.34987E+18,7.34987E+18,7.34987E+18,7.34987E+18,288,2026-03-27T14:05:14.000Z,2026-03-27T14:10:02.000Z,116.8,-117.45,113.3,-3.5,0,0.1,4460.23,4448.77,4465.1,4448.74,SELL,USD,1,1,1583663
D#1670970,XAUUSD,100,7.34987E+18,7.34987E+18,7.34987E+18,7.34987E+18,176,2026-03-27T14:08:14.000Z,2026-03-27T14:11:10.000Z,-109.8,109.15,-113.3,-3.5,0,0.1,4456.17,4444.97,4445.21,4468.06,BUY,USD,1,1,1583663
D#1671066,XAUUSD,100,7.34987E+18,7.34987E+18,7.34987E+18,7.34987E+18,75,2026-03-27T14:10:45.000Z,2026-03-27T14:12:00.000Z,-19.92,19.66,-21.32,-1.4,0,0.04,4447.68,4452.88,,,SELL,USD,1,1,1583663
D#1702620,XAUUSD,100,7.34987E+18,7.34987E+18,7.34987E+18,7.34987E+18,20,2026-03-27T14:11:45.000Z,2026-03-27T14:12:05.000Z,78,-79.3,71,-7,0,0.2,4451.41,4455.09,,,BUY,USD,1,1,1583663
D#1670978,XAUUSD,100,7.34987E+18,7.34987E+18,7.34987E+18,7.34987E+18,119,2026-03-27T14:10:27.000Z,2026-03-27T14:12:26.000Z,120.3,-120.95,116.8,-3.5,0,0.1,4448.73,4460.54,4441.66,4460.61,BUY,USD,1,1,1583663
D#1671066,XAUUSD,100,7.34987E+18,7.34987E+18,7.34987E+18,7.34987E+18,29,2026-03-27T14:14:30.000Z,2026-03-27T14:14:59.000Z,-20.4,20.14,-21.8,-1.4,0,0.04,4457.08,4462.4,,,SELL,USD,1,1,1583663
D#1702733,XAUUSD,100,7.34987E+18,7.34987E+18,7.34987E+18,7.34987E+18,21,2026-03-27T14:14:47.000Z,2026-03-27T14:15:08.000Z,56.5,-59.75,39,-17.5,0,0.5,4460.11,4459.2,,,SELL,USD,1,1,1583663
D#1702733,XAUUSD,100,7.34987E+18,7.34987E+18,7.34987E+18,7.34987E+18,24,2026-03-27T14:15:18.000Z,2026-03-27T14:15:42.000Z,36,-39.25,18.5,-17.5,0,0.5,4459.4,4459.9,,,BUY,USD,1,1,1583663
D#1702706,XAUUSD,100,7.34987E+18,7.34987E+18,7.34987E+18,7.34987E+18,717,2026-03-27T14:03:54.000Z,2026-03-27T14:15:51.000Z,-34.65,34.195,-37.11,-2.46,0,0.07,4454.81,4459.98,4476.71,4378.98,SELL,USD,1,1,1583663
D#1702620,XAUUSD,100,7.34987E+18,7.34987E+18,7.34987E+18,7.34987E+18,243,2026-03-27T14:12:24.000Z,2026-03-27T14:16:27.000Z,21.8,-23.1,14.8,-7,0,0.2,4459.86,4460.73,,,BUY,USD,1,1,1583663
D#1670970,XAUUSD,100,7.34987E+18,7.34987E+18,7.34987E+18,7.34987E+18,281,2026-03-27T14:11:50.000Z,2026-03-27T14:16:31.000Z,122.4,-123.05,118.9,-3.5,0,0.1,4451.77,4463.79,,4463.66,BUY,USD,1,1,1583663
D#1645644,XAUUSD,100,7.34987E+18,7.34987E+18,7.34987E+18,7.34987E+18,258,2026-03-27T14:12:13.000Z,2026-03-27T14:16:31.000Z,90.1,-90.75,86.6,-3.5,0,0.1,4455,4463.79,4446.19,4463.14,BUY,USD,1,1,1583663
D#1702650,XAUUSD,100,7.34987E+18,7.34987E+18,7.34987E+18,7.34987E+18,301,2026-03-27T14:11:37.000Z,2026-03-27T14:16:38.000Z,-171.4,170.75,-174.9,-3.5,0,0.1,4448.65,4466.01,4464.53,4438.2,SELL,USD,1,1,1583663
D#1702733,XAUUSD,100,7.34987E+18,7.34987E+18,7.34987E+18,7.34987E+18,4,2026-03-27T14:17:09.000Z,2026-03-27T14:17:13.000Z,50.5,-53.75,33,-17.5,0,0.5,4468,4468.79,,,BUY,USD,1,1,1583663
D#1702650,XAUUSD,100,7.34987E+18,7.34987E+18,7.34987E+18,7.34987E+18,195,2026-03-27T14:16:49.000Z,2026-03-27T14:20:04.000Z,-43.9,43.25,-47.4,-3.5,0,0.1,4468.61,4464,4463.93,4480.46,BUY,USD,1,1,1583663
D#1589410,XAUUSD,100,7.34987E+18,7.34987E+18,7.34987E+18,7.34987E+18,536,2026-03-27T14:12:47.000Z,2026-03-27T14:21:43.000Z,3.15,-3.475,1.39,-1.76,0,0.05,4457.92,4458.33,4458.46,4470.37,BUY,USD,1,1,1583663
D#1670970,XAUUSD,100,7.34987E+18,7.34987E+18,7.34987E+18,7.34987E+18,335,2026-03-27T14:17:14.000Z,2026-03-27T14:22:49.000Z,-103.4,102.75,-106.9,-3.5,0,0.1,4468.67,4458.11,4457.65,4480.57,BUY,USD,1,1,1583663
D#1702650,XAUUSD,100,7.34987E+18,7.34987E+18,7.34987E+18,7.34987E+18,399,2026-03-27T14:20:09.000Z,2026-03-27T14:26:48.000Z,116.7,-117.35,113.2,-3.5,0,0.1,4464.71,4453.26,4469.49,4453.17,SELL,USD,1,1,1583663
D#1670947,XAUUSD,100,7.34987E+18,7.34987E+18,7.34987E+18,7.34987E+18,139,2026-03-27T14:24:29.000Z,2026-03-27T14:26:48.000Z,51.8,-52.125,50.04,-1.76,0,0.05,4463.31,4453.17,4469.94,4453.52,SELL,USD,1,1,1583663
D#1702620,XAUUSD,100,7.34987E+18,7.34987E+18,7.34987E+18,7.34987E+18,159,2026-03-27T14:26:47.000Z,2026-03-27T14:29:26.000Z,14.9,-15.55,11.4,-3.5,0,0.1,4454.15,4452.88,,,SELL,USD,1,1,1583663
D#1589410,XAUUSD,100,7.34987E+18,7.34987E+18,7.34987E+18,7.34987E+18,630,2026-03-27T14:21:57.000Z,2026-03-27T14:32:27.000Z,-0.4,0.075,-2.16,-1.76,0,0.05,4459.62,4459.92,4459.58,4445.54,SELL,USD,1,1,1583663
D#1702650,XAUUSD,100,7.34987E+18,7.34987E+18,7.34987E+18,7.34987E+18,384,2026-03-27T14:27:23.000Z,2026-03-27T14:33:47.000Z,-50.5,49.85,-54,-3.5,0,0.1,4455.06,4460.33,4460.09,4443.48,SELL,USD,1,1,1583663
D#1589410,XAUUSD,100,7.34987E+18,7.34987E+18,7.34987E+18,7.34987E+18,96,2026-03-27T14:32:56.000Z,2026-03-27T14:34:32.000Z,-53.28,52.695,-56.44,-3.16,0,0.09,4457.51,4463.65,4463.46,4452.74,SELL,USD,1,1,1583663
D#1670862,XAUUSD,100,7.34987E+18,7.34987E+18,7.34987E+18,7.34987E+18,93,2026-03-27T14:32:59.000Z,2026-03-27T14:34:32.000Z,-50.76,50.175,-53.92,-3.16,0,0.09,4457.79,4463.65,4463.34,4448.9,SELL,USD,1,1,1583663
D#1702526,XAUUSD,100,7.34987E+18,7.34987E+18,7.34987E+18,7.34987E+18,62,2026-03-27T14:34:26.000Z,2026-03-27T14:35:28.000Z,-51.4,50.1,-58.4,-7,0,0.2,4461.03,4458.24,4458.41,,BUY,USD,1,1,1583663
D#1589410,XAUUSD,100,7.34987E+18,7.34987E+18,7.34987E+18,7.34987E+18,68,2026-03-27T14:34:35.000Z,2026-03-27T14:35:43.000Z,-63,62.415,-66.16,-3.16,0,0.09,4462.65,4455.43,4456.04,4467.7,BUY,USD,1,1,1583663
D#1702526,XAUUSD,100,7.34987E+18,7.34987E+18,7.34987E+18,7.34987E+18,74,2026-03-27T14:41:20.000Z,2026-03-27T14:42:34.000Z,-0.4,-0.9,-7.4,-7,0,0.2,4460.8,4461.04,4460.56,4456.3,SELL,USD,1,1,1583663
D#1702650,XAUUSD,100,7.34987E+18,7.34987E+18,7.34987E+18,7.34987E+18,669,2026-03-27T14:33:55.000Z,2026-03-27T14:45:04.000Z,-73.5,72.85,-77,-3.5,0,0.1,4460.07,4467.64,4466.74,4448.91,SELL,USD,1,1,1583663
D#1589410,XAUUSD,100,7.34987E+18,7.34987E+18,7.34987E+18,7.34987E+18,421,2026-03-27T14:38:03.000Z,2026-03-27T14:45:04.000Z,-66.6,65.95,-70.1,-3.5,0,0.1,4460.76,4467.64,4466.27,4453.41,SELL,USD,1,1,1583663
D#1702620,XAUUSD,100,7.34987E+18,7.34987E+18,7.34987E+18,7.34987E+18,439,2026-03-27T14:37:52.000Z,2026-03-27T14:45:11.000Z,71.4,-72.05,67.9,-3.5,0,0.1,4462.45,4469.37,,,BUY,USD,1,1,1583663
D#1670970,XAUUSD,100,7.34987E+18,7.34987E+18,7.34987E+18,7.34987E+18,1437,2026-03-27T14:22:54.000Z,2026-03-27T14:46:51.000Z,122.4,-123.05,118.9,-3.5,0,0.1,4457.8,4469.82,,4469.87,BUY,USD,1,1,1583663
D#1670934,XAUUSD,100,7.34987E+18,7.34987E+18,7.34987E+18,7.34987E+18,1221,2026-03-27T14:26:32.000Z,2026-03-27T14:46:53.000Z,-62.7,62.375,-64.46,-1.76,0,0.05,4457.73,4470.49,4470.4,4436.76,SELL,USD,1,1,1583663
D#1670947,XAUUSD,100,7.34987E+18,7.34987E+18,7.34987E+18,7.34987E+18,422,2026-03-27T14:39:51.000Z,2026-03-27T14:46:53.000Z,-45.15,44.825,-46.91,-1.76,0,0.05,4461.39,4470.64,4470.03,4451.32,SELL,USD,1,1,1583663
D#1591591,XAUUSD,100,7.34987E+18,7.34987E+18,7.34987E+18,7.34987E+18,20350,2026-03-27T09:08:01.000Z,2026-03-27T14:47:11.000Z,-131.67,131.475,-132.73,-1.06,0,0.03,4425.81,4469.92,4479.91,4351.07,SELL,USD,1,1,1583663
D#1589410,XAUUSD,100,7.34987E+18,7.34987E+18,7.34987E+18,7.34987E+18,44,2026-03-27T14:46:37.000Z,2026-03-27T14:47:21.000Z,-34.9,34.25,-38.4,-3.5,0,0.1,4466,4469.71,,,SELL,USD,1,1,1583663
D#1670978,XAUUSD,100,7.34987E+18,7.34987E+18,7.34987E+18,7.34987E+18,2013,2026-03-27T14:14:10.000Z,2026-03-27T14:47:43.000Z,127.2,-127.59,125.1,-2.1,0,0.06,4454.38,4475.36,4446.6,4475.49,BUY,USD,1,1,1583663
D#1702341,XAUUSD,100,7.34987E+18,7.34987E+18,7.34987E+18,7.34987E+18,365,2026-03-27T14:44:45.000Z,2026-03-27T14:50:50.000Z,81.3,-81.625,79.54,-1.76,0,0.05,4463.14,4479.18,,4479.24,BUY,USD,1,1,1583663
D#1702388,XAUUSD,100,7.34987E+18,7.34987E+18,7.34987E+18,7.34987E+18,1957,2026-03-27T14:18:14.000Z,2026-03-27T14:50:51.000Z,-130.3,129.65,-133.8,-3.5,0,0.1,4466.86,4480.11,4479.88,4416.8,SELL,USD,1,1,1583663
D#1702739,XAUUSD,100,7.34987E+18,7.34987E+18,7.34987E+18,7.34987E+18,40259,2026-03-27T03:39:53.000Z,2026-03-27T14:50:52.000Z,-119.58,119.385,-120.64,-1.06,0,0.03,4441.71,4481.79,4480.31,4397.16,SELL,USD,1,1,1583663
D#1702427,XAUUSD,100,7.34987E+18,7.34987E+18,7.34987E+18,7.34987E+18,29909,2026-03-27T06:32:23.000Z,2026-03-27T14:50:52.000Z,-39.2,39.07,-39.9,-0.7,0,0.02,4461.97,4481.79,4480.87,4404.12,SELL,USD,1,1,1583663
D#1702650,XAUUSD,100,7.34987E+18,7.34987E+18,7.34987E+18,7.34987E+18,333,2026-03-27T14:45:19.000Z,2026-03-27T14:50:52.000Z,129.6,-130.25,126.1,-3.5,0,0.1,4468.84,4481.58,,4480.18,BUY,USD,1,1,1583663
D#1670945,XAUUSD,100,7.34987E+18,7.34987E+18,7.34987E+18,7.34987E+18,17605,2026-03-27T09:57:29.000Z,2026-03-27T14:50:54.000Z,-219,218.74,-220.4,-1.4,0,0.04,4428.74,4483.71,4483.17,4315.98,SELL,USD,1,1,1583663
D#1670862,XAUUSD,100,7.34987E+18,7.34987E+18,7.34987E+18,7.34987E+18,169,2026-03-27T14:48:25.000Z,2026-03-27T14:51:14.000Z,109,-109.65,105.5,-3.5,0,0.1,4474.23,4484.91,4469.11,4485.02,BUY,USD,1,1,1583663
D#1671066,XAUUSD,100,7.34987E+18,7.34987E+18,7.34987E+18,7.34987E+18,1837,2026-03-27T14:20:48.000Z,2026-03-27T14:51:25.000Z,99.12,-99.38,97.72,-1.4,0,0.04,4465.81,4490.37,4440.55,4490,BUY,USD,1,1,1583663
D#1702620,XAUUSD,100,7.34987E+18,7.34987E+18,7.34987E+18,7.34987E+18,27,2026-03-27T14:51:24.000Z,2026-03-27T14:51:51.000Z,-26.9,26.575,-28.66,-1.76,0,0.05,4489.46,4495.06,,,SELL,USD,1,1,1583663
D#1670934,XAUUSD,100,7.34987E+18,7.34987E+18,7.34987E+18,7.34987E+18,94,2026-03-27T14:51:07.000Z,2026-03-27T14:52:41.000Z,-58.25,57.925,-60.01,-1.76,0,0.05,4484.65,4496.52,,,SELL,USD,1,1,1583663
D#1702431,XAUUSD,100,7.34987E+18,7.34987E+18,7.34987E+18,7.34987E+18,46601,2026-03-27T01:56:29.000Z,2026-03-27T14:53:10.000Z,390.05,-390.375,388.29,-1.76,0,0.05,4418.71,4496.5,4325.67,,BUY,USD,1,1,1583663
D#1702620,XAUUSD,100,7.34987E+18,7.34987E+18,7.34987E+18,7.34987E+18,108,2026-03-27T14:52:02.000Z,2026-03-27T14:53:50.000Z,13.2,-14.5,6.2,-7,0,0.2,4494.94,4494.5,,,SELL,USD,1,1,1583663
D#1702388,XAUUSD,100,7.34987E+18,7.34987E+18,7.34987E+18,7.34987E+18,15,2026-03-27T14:54:55.000Z,2026-03-27T14:55:10.000Z,-119.2,117.9,-126.2,-7,0,0.2,4487.67,4493.85,,,SELL,USD,1,1,1583663
D#1702620,XAUUSD,100,7.34987E+18,7.34987E+18,7.34987E+18,7.34987E+18,41,2026-03-27T14:55:14.000Z,2026-03-27T14:55:55.000Z,-46.3,45.65,-49.8,-3.5,0,0.1,4495.49,4500.34,,,SELL,USD,1,1,1583663
D#1702650,XAUUSD,100,7.34987E+18,7.34987E+18,7.34987E+18,7.34987E+18,243,2026-03-27T14:52:10.000Z,2026-03-27T14:56:13.000Z,-63.4,62.75,-66.9,-3.5,0,0.1,4496.57,4503.13,4501.42,4485.11,SELL,USD,1,1,1583663
D#1702706,XAUUSD,100,7.34987E+18,7.34987E+18,7.34987E+18,7.34987E+18,2437,2026-03-27T14:16:04.000Z,2026-03-27T14:56:41.000Z,478.8,-479.45,475.3,-3.5,0,0.1,4460.04,4507.7,,,BUY,USD,1,1,1583663
D#1702421,XAUUSD,100,7.34987E+18,7.34987E+18,7.34987E+18,7.34987E+18,3955,2026-03-27T13:51:00.000Z,2026-03-27T14:56:55.000Z,228.96,-229.155,227.9,-1.06,0,0.03,4427.72,4503.82,4413.81,4478.32,BUY,USD,1,1,1583663
D#1702365,XAUUSD,100,7.34987E+18,7.34987E+18,7.34987E+18,7.34987E+18,598,2026-03-27T14:47:21.000Z,2026-03-27T14:57:19.000Z,242.62,-243.075,240.16,-2.46,0,0.07,4469.58,4504.02,,,BUY,USD,1,1,1583663
D#1702620,XAUUSD,100,7.34987E+18,7.34987E+18,7.34987E+18,7.34987E+18,39,2026-03-27T14:56:43.000Z,2026-03-27T14:57:22.000Z,41.99,-43.225,35.33,-6.66,0,0.19,4505.74,4503.75,,,SELL,USD,1,1,1583663
D#1670934,XAUUSD,100,7.34987E+18,7.34987E+18,7.34987E+18,7.34987E+18,330,2026-03-27T14:53:09.000Z,2026-03-27T14:58:39.000Z,-67.15,66.825,-68.91,-1.76,0,0.05,4496.88,4510.53,,,SELL,USD,1,1,1583663
D#1702365,XAUUSD,100,7.34987E+18,7.34987E+18,7.34987E+18,7.34987E+18,103,2026-03-27T14:58:04.000Z,2026-03-27T14:59:47.000Z,-35.42,34.965,-37.88,-2.46,0,0.07,4506.02,4511.3,,,SELL,USD,1,1,1583663
D#1702620,XAUUSD,100,7.34987E+18,7.34987E+18,7.34987E+18,7.34987E+18,109,2026-03-27T14:58:37.000Z,2026-03-27T15:00:26.000Z,49.97,-51.205,43.31,-6.66,0,0.19,4510.41,4508,,,SELL,USD,1,1,1583663
D#1702659,XAUUSD,100,7.34987E+18,7.34987E+18,7.34987E+18,7.34987E+18,83,2026-03-27T14:59:08.000Z,2026-03-27T15:00:31.000Z,-381.84,379.045,-396.9,-15.06,0,0.43,4512.48,4503.38,,,BUY,USD,1,1,1583663
D#1702620,XAUUSD,100,7.34987E+18,7.34987E+18,7.34987E+18,7.34987E+18,46,2026-03-27T15:01:03.000Z,2026-03-27T15:01:49.000Z,-54.1,53.45,-57.6,-3.5,0,0.1,4506.36,4511.99,,,SELL,USD,1,1,1583663
D#1702588,XAUUSD,100,7.34987E+18,7.34987E+18,7.34987E+18,7.34987E+18,325,2026-03-27T14:56:31.000Z,2026-03-27T15:01:56.000Z,75.5,-76.15,72,-3.5,0,0.1,4506.21,4513.54,,4513.55,BUY,USD,1,1,1583663
D#1702620,XAUUSD,100,7.34987E+18,7.34987E+18,7.34987E+18,7.34987E+18,25,2026-03-27T15:02:07.000Z,2026-03-27T15:02:32.000Z,89.5,-91.125,80.74,-8.76,0,0.25,4510.05,4506.69,,,SELL,USD,1,1,1583663
D#1702735,XAUUSD,100,7.34987E+18,7.34987E+18,7.34987E+18,7.34987E+18,170,2026-03-27T15:00:37.000Z,2026-03-27T15:03:27.000Z,-36.15,35.175,-41.41,-5.26,0,0.15,4505.9,4503.27,4504.49,4515.3,BUY,USD,1,1,1583663
D#1702588,XAUUSD,100,7.34987E+18,7.34987E+18,7.34987E+18,7.34987E+18,75,2026-03-27T15:02:12.000Z,2026-03-27T15:03:27.000Z,78.8,-79.45,75.3,-3.5,0,0.1,4511.02,4503.36,,4505.33,SELL,USD,1,1,1583663
D#1702620,XAUUSD,100,7.34987E+18,7.34987E+18,7.34987E+18,7.34987E+18,39,2026-03-27T15:02:49.000Z,2026-03-27T15:03:28.000Z,25.9,-26.55,22.4,-3.5,0,0.1,4507.5,4505.13,,,SELL,USD,1,1,1583663
D#1702735,XAUUSD,100,7.34987E+18,7.34987E+18,7.34987E+18,7.34987E+18,21,2026-03-27T15:03:42.000Z,2026-03-27T15:04:03.000Z,-16.05,15.075,-21.31,-5.26,0,0.15,4511.92,4510.63,4510.91,4518.29,BUY,USD,1,1,1583663
D#1702650,XAUUSD,100,7.34987E+18,7.34987E+18,7.34987E+18,7.34987E+18,219,2026-03-27T15:01:19.000Z,2026-03-27T15:04:58.000Z,-45.2,44.55,-48.7,-3.5,0,0.1,4511.22,4515.96,4516.04,4499.58,SELL,USD,1,1,1583663
D#1702620,XAUUSD,100,7.34987E+18,7.34987E+18,7.34987E+18,7.34987E+18,20,2026-03-27T15:05:25.000Z,2026-03-27T15:05:45.000Z,10.4,-11.05,6.9,-3.5,0,0.1,4512.91,4512.09,,,SELL,USD,1,1,1583663
D#1702620,XAUUSD,100,7.34987E+18,7.34987E+18,7.34987E+18,7.34987E+18,9,2026-03-27T15:06:09.000Z,2026-03-27T15:06:18.000Z,21.7,-22.35,18.2,-3.5,0,0.1,4512.05,4510.1,,,SELL,USD,1,1,1583663
D#1702620,XAUUSD,100,7.34987E+18,7.34987E+18,7.34987E+18,7.34987E+18,6,2026-03-27T15:06:39.000Z,2026-03-27T15:06:45.000Z,26.4,-27.05,22.9,-3.5,0,0.1,4510.07,4507.65,,,SELL,USD,1,1,1583663
D#1702588,XAUUSD,100,7.34987E+18,7.34987E+18,7.34987E+18,7.34987E+18,232,2026-03-27T15:03:47.000Z,2026-03-27T15:07:39.000Z,69,-69.65,65.5,-3.5,0,0.1,4513.34,4506.66,,4507,SELL,USD,1,1,1583663
D#1702735,XAUUSD,100,7.34987E+18,7.34987E+18,7.34987E+18,7.34987E+18,200,2026-03-27T15:04:19.000Z,2026-03-27T15:07:39.000Z,-56.4,55.425,-61.66,-5.26,0,0.15,4510.45,4506.47,4506.67,4519.26,BUY,USD,1,1,1583663
D#1702526,XAUUSD,100,7.34987E+18,7.34987E+18,7.34987E+18,7.34987E+18,327,2026-03-27T15:03:32.000Z,2026-03-27T15:08:59.000Z,-99.2,97.9,-106.2,-7,0,0.2,4508.82,4514,4513.42,4504.42,SELL,USD,1,1,1583663
D#1702640,XAUUSD,100,7.34987E+18,7.34987E+18,7.34987E+18,7.34987E+18,118,2026-03-27T15:08:03.000Z,2026-03-27T15:10:01.000Z,-128.4,127.1,-135.4,-7,0,0.2,4507.03,4513.67,,,SELL,USD,1,1,1583663
D#1671091,XAUUSD,100,7.34987E+18,7.34987E+18,7.34987E+18,7.34987E+18,110,2026-03-27T15:09:05.000Z,2026-03-27T15:10:55.000Z,-41.6,40.95,-45.1,-3.5,0,0.1,4510.41,4514.79,,,SELL,USD,1,1,1583663
D#1702526,XAUUSD,100,7.34987E+18,7.34987E+18,7.34987E+18,7.34987E+18,102,2026-03-27T15:09:26.000Z,2026-03-27T15:11:08.000Z,-70,68.7,-77,-7,0,0.2,4512.17,4515.89,4515.75,4507.26,SELL,USD,1,1,1583663
D#1702588,XAUUSD,100,7.34987E+18,7.34987E+18,7.34987E+18,7.34987E+18,194,2026-03-27T15:08:11.000Z,2026-03-27T15:11:25.000Z,-67.8,67.15,-71.3,-3.5,0,0.1,4506.58,4513.58,,4500.2,SELL,USD,1,1,1583663
D#1671091,XAUUSD,100,7.34987E+18,7.34987E+18,7.34987E+18,7.34987E+18,38,2026-03-27T15:11:07.000Z,2026-03-27T15:11:45.000Z,-81.8,80.5,-88.8,-7,0,0.2,4515.4,4511.09,,,BUY,USD,1,1,1583663
D#1671091,XAUUSD,100,7.34987E+18,7.34987E+18,7.34987E+18,7.34987E+18,31,2026-03-27T15:11:50.000Z,2026-03-27T15:12:21.000Z,-96,94.7,-103,-7,0,0.2,4510.67,4515.69,,,SELL,USD,1,1,1583663
D#1670970,XAUUSD,100,7.34987E+18,7.34987E+18,7.34987E+18,7.34987E+18,838,2026-03-27T14:58:28.000Z,2026-03-27T15:12:26.000Z,119.3,-119.95,115.8,-3.5,0,0.1,4510.71,4522.42,,4522.6,BUY,USD,1,1,1583663
D#1670934,XAUUSD,100,7.34987E+18,7.34987E+18,7.34987E+18,7.34987E+18,711,2026-03-27T15:00:40.000Z,2026-03-27T15:12:31.000Z,-74.55,74.225,-76.31,-1.76,0,0.05,4505.7,4520.83,,,SELL,USD,1,1,1583663
D#1702650,XAUUSD,100,7.34987E+18,7.34987E+18,7.34987E+18,7.34987E+18,447,2026-03-27T15:05:04.000Z,2026-03-27T15:12:31.000Z,-59.2,58.55,-62.7,-3.5,0,0.1,4514.48,4520.62,,4502.74,SELL,USD,1,1,1583663
D#1670990,XAUUSD,100,7.34987E+18,7.34987E+18,7.34987E+18,7.34987E+18,889,2026-03-27T14:58:16.000Z,2026-03-27T15:13:05.000Z,-98,97.545,-100.46,-2.46,0,0.07,4511.87,4526.09,4525.04,,SELL,USD,1,1,1583663
D#1702588,XAUUSD,100,7.34987E+18,7.34987E+18,7.34987E+18,7.34987E+18,106,2026-03-27T15:11:31.000Z,2026-03-27T15:13:17.000Z,-115.6,114.95,-119.1,-3.5,0,0.1,4513.19,4524.97,,4504.5,SELL,USD,1,1,1583663
D#1702351,XAUUSD,100,7.34987E+18,7.34987E+18,7.34987E+18,7.34987E+18,15,2026-03-27T15:13:02.000Z,2026-03-27T15:13:17.000Z,7.24,-7.5,5.84,-1.4,0,0.04,4523.14,4524.73,,,BUY,USD,1,1,1583663
D#1670988,XAUUSD,100,7.34987E+18,7.34987E+18,7.34987E+18,7.34987E+18,9,2026-03-27T15:18:18.000Z,2026-03-27T15:18:27.000Z,57.8,-58.45,54.3,-3.5,0,0.1,4531.93,4537.49,,,BUY,USD,1,1,1583663
D#1702351,XAUUSD,100,7.34987E+18,7.34987E+18,7.34987E+18,7.34987E+18,201,2026-03-27T15:15:10.000Z,2026-03-27T15:18:31.000Z,67.3,-67.95,63.8,-3.5,0,0.1,4528.82,4535.33,4493.02,,BUY,USD,1,1,1583663
D#1702696,XAUUSD,100,7.34987E+18,7.34987E+18,7.34987E+18,7.34987E+18,3195,2026-03-27T14:25:25.000Z,2026-03-27T15:18:40.000Z,-348.2,347.875,-349.96,-1.76,0,0.05,4464.68,4534.54,,4441.37,SELL,USD,1,1,1583663
D#1670988,XAUUSD,100,7.34987E+18,7.34987E+18,7.34987E+18,7.34987E+18,22,2026-03-27T15:19:54.000Z,2026-03-27T15:20:16.000Z,5.7,-6.35,2.2,-3.5,0,0.1,4533.11,4533.46,,,BUY,USD,1,1,1583663
D#1702351,XAUUSD,100,7.34987E+18,7.34987E+18,7.34987E+18,7.34987E+18,60,2026-03-27T15:20:28.000Z,2026-03-27T15:21:28.000Z,57.3,-57.95,53.8,-3.5,0,0.1,4535.46,4540.97,,,BUY,USD,1,1,1583663
D#1670970,XAUUSD,100,7.34987E+18,7.34987E+18,7.34987E+18,7.34987E+18,162,2026-03-27T15:18:54.000Z,2026-03-27T15:21:36.000Z,131.8,-132.45,128.3,-3.5,0,0.1,4534.75,4547.71,,4546.65,BUY,USD,1,1,1583663
D#1702588,XAUUSD,100,7.34987E+18,7.34987E+18,7.34987E+18,7.34987E+18,96,2026-03-27T15:20:10.000Z,2026-03-27T15:21:46.000Z,-165.7,165.05,-169.2,-3.5,0,0.1,4533.96,4550.75,,4528,SELL,USD,1,1,1583663
D#1670988,XAUUSD,100,7.34987E+18,7.34987E+18,7.34987E+18,7.34987E+18,174,2026-03-27T15:20:48.000Z,2026-03-27T15:23:42.000Z,-156.4,155.75,-159.9,-3.5,0,0.1,4534.81,4550.67,,,SELL,USD,1,1,1583663
D#1702588,XAUUSD,100,7.34987E+18,7.34987E+18,7.34987E+18,7.34987E+18,12,2026-03-27T15:23:39.000Z,2026-03-27T15:23:51.000Z,-56.85,56.525,-58.61,-1.76,0,0.05,4543.29,4554.88,,,SELL,USD,1,1,1583663
D#1670988,XAUUSD,100,7.34987E+18,7.34987E+18,7.34987E+18,7.34987E+18,66,2026-03-27T15:23:45.000Z,2026-03-27T15:24:51.000Z,-92.7,92.05,-96.2,-3.5,0,0.1,4550.97,4541.48,,,BUY,USD,1,1,1583663
D#1614616,XAUUSD,100,7.34987E+18,7.34987E+18,7.34987E+18,7.34987E+18,59,2026-03-27T15:23:55.000Z,2026-03-27T15:24:54.000Z,64.2,-64.525,62.44,-1.76,0,0.05,4555.14,4542.52,,,SELL,USD,1,1,1583663
D#1702477,XAUUSD,100,7.34987E+18,7.34987E+18,7.34987E+18,7.34987E+18,2103,2026-03-27T14:52:13.000Z,2026-03-27T15:27:16.000Z,313.26,-313.65,311.16,-2.1,0,0.06,4497.44,4549.43,,,BUY,USD,1,1,1583663
D#1614616,XAUUSD,100,7.34987E+18,7.34987E+18,7.34987E+18,7.34987E+18,217,2026-03-27T15:26:39.000Z,2026-03-27T15:30:16.000Z,48.3,-48.625,46.54,-1.76,0,0.05,4548.48,4539.04,,,SELL,USD,1,1,1583663
D#1702424,XAUUSD,100,7.34987E+18,7.34987E+18,7.34987E+18,7.34987E+18,76,2026-03-27T15:30:15.000Z,2026-03-27T15:31:31.000Z,-28.23,28.035,-29.29,-1.06,0,0.03,4538.5,4548.13,,,SELL,USD,1,1,1583663
D#1614616,XAUUSD,100,7.34987E+18,7.34987E+18,7.34987E+18,7.34987E+18,94,2026-03-27T15:31:55.000Z,2026-03-27T15:33:29.000Z,40.8,-41.125,39.04,-1.76,0,0.05,4551.42,4543.48,,,SELL,USD,1,1,1583663
D#1702337,XAUUSD,100,7.34987E+18,7.34987E+18,7.34987E+18,7.34987E+18,65,2026-03-27T15:32:35.000Z,2026-03-27T15:33:40.000Z,-242.5,239.25,-260,-17.5,0,0.5,4548.76,4543.69,,,BUY,USD,1,1,1583663
D#1614616,XAUUSD,100,7.34987E+18,7.34987E+18,7.34987E+18,7.34987E+18,154,2026-03-27T15:33:57.000Z,2026-03-27T15:36:31.000Z,46.45,-46.775,44.69,-1.76,0,0.05,4544.63,4535.56,,,SELL,USD,1,1,1583663
D#1702477,XAUUSD,100,7.34987E+18,7.34987E+18,7.34987E+18,7.34987E+18,816,2026-03-27T15:27:34.000Z,2026-03-27T15:41:10.000Z,82.02,-82.41,79.92,-2.1,0,0.06,4546.26,4532.81,,,SELL,USD,1,1,1583663
D#1702351,XAUUSD,100,7.34987E+18,7.34987E+18,7.34987E+18,7.34987E+18,440,2026-03-27T15:34:15.000Z,2026-03-27T15:41:35.000Z,296.2,-297.5,289.2,-7,0,0.2,4542.62,4528.03,4541.76,4528.31,SELL,USD,1,1,1583663
D#1614616,XAUUSD,100,7.34987E+18,7.34987E+18,7.34987E+18,7.34987E+18,326,2026-03-27T15:37:39.000Z,2026-03-27T15:43:05.000Z,50.85,-51.175,49.09,-1.76,0,0.05,4538.62,4528.67,4560,4524,SELL,USD,1,1,1583663
D#1702366,XAUUSD,100,7.34987E+18,7.34987E+18,7.34987E+18,7.34987E+18,65,2026-03-27T15:42:10.000Z,2026-03-27T15:43:15.000Z,-44.7,43.725,-49.96,-5.26,0,0.15,4529.16,4532.36,4532.07,4521.6,SELL,USD,1,1,1583663
D#1702558,XAUUSD,100,7.34987E+18,7.34987E+18,7.34987E+18,7.34987E+18,160,2026-03-27T15:42:49.000Z,2026-03-27T15:45:29.000Z,27.2,-27.85,23.7,-3.5,0,0.1,4528.73,4531.23,,,BUY,USD,1,1,1583663
D#1589450,XAUUSD,100,7.34987E+18,7.34987E+18,7.34987E+18,7.34987E+18,352,2026-03-27T15:40:37.000Z,2026-03-27T15:46:29.000Z,-69.1,68.45,-72.6,-3.5,0,0.1,4535.14,4528.01,4529.03,4546.83,BUY,USD,1,1,1583663
D#1702671,XAUUSD,100,7.34987E+18,7.34987E+18,7.34987E+18,7.34987E+18,1230,2026-03-27T15:26:40.000Z,2026-03-27T15:47:10.000Z,-116.05,115.725,-117.81,-1.76,0,0.05,4548.78,4525.35,4525.59,4561.49,BUY,USD,1,1,1583663
D#1702366,XAUUSD,100,7.34987E+18,7.34987E+18,7.34987E+18,7.34987E+18,210,2026-03-27T15:43:47.000Z,2026-03-27T15:47:17.000Z,69.15,-70.125,63.89,-5.26,0,0.15,4532.22,4527.83,4527.39,4524.84,SELL,USD,1,1,1583663
D#1589450,XAUUSD,100,7.34987E+18,7.34987E+18,7.34987E+18,7.34987E+18,53,2026-03-27T15:47:28.000Z,2026-03-27T15:48:21.000Z,-7.3,6.65,-10.8,-3.5,0,0.1,4527.67,4528.62,,4528.58,SELL,USD,1,1,1583663
D#1702518,XAUUSD,100,7.34987E+18,7.34987E+18,7.34987E+18,7.34987E+18,379,2026-03-27T15:43:14.000Z,2026-03-27T15:49:33.000Z,-36,35.48,-38.8,-2.8,0,0.08,4531.62,4536.34,4535.9,4517.42,SELL,USD,1,1,1583663
D#1670978,XAUUSD,100,7.34987E+18,7.34987E+18,7.34987E+18,7.34987E+18,43,2026-03-27T15:50:21.000Z,2026-03-27T15:51:04.000Z,8.64,-9.03,6.54,-2.1,0,0.06,4533.23,4532.01,,,SELL,USD,1,1,1583663
D#1702558,XAUUSD,100,7.34987E+18,7.34987E+18,7.34987E+18,7.34987E+18,247,2026-03-27T15:48:10.000Z,2026-03-27T15:52:17.000Z,44.8,-45.45,41.3,-3.5,0,0.1,4529.53,4533.79,,,BUY,USD,1,1,1583663
D#1589450,XAUUSD,100,7.34987E+18,7.34987E+18,7.34987E+18,7.34987E+18,64,2026-03-27T15:51:17.000Z,2026-03-27T15:52:21.000Z,-128.8,126.2,-142.8,-14,0,0.4,4530.11,4533.55,,,SELL,USD,1,1,1583663
D#1702366,XAUUSD,100,7.34987E+18,7.34987E+18,7.34987E+18,7.34987E+18,311,2026-03-27T15:47:37.000Z,2026-03-27T15:52:48.000Z,-72,71.025,-77.26,-5.26,0,0.15,4525.82,4530.84,,4525.82,SELL,USD,1,1,1583663
D#1702671,XAUUSD,100,7.34987E+18,7.34987E+18,7.34987E+18,7.34987E+18,275,2026-03-27T15:49:30.000Z,2026-03-27T15:54:05.000Z,-42,41.675,-43.76,-1.76,0,0.05,4535.56,4526.94,4524.45,4558.63,BUY,USD,1,1,1583663
D#1702366,XAUUSD,100,7.34987E+18,7.34987E+18,7.34987E+18,7.34987E+18,124,2026-03-27T15:52:55.000Z,2026-03-27T15:54:59.000Z,-17.7,16.725,-22.96,-5.26,0,0.15,4528.22,4526.82,,,BUY,USD,1,1,1583663
D#1702366,XAUUSD,100,7.34987E+18,7.34987E+18,7.34987E+18,7.34987E+18,19,2026-03-27T15:55:02.000Z,2026-03-27T15:55:21.000Z,-27.3,26.325,-32.56,-5.26,0,0.15,4526.76,4528.8,,,SELL,USD,1,1,1583663
D#1702366,XAUUSD,100,7.34987E+18,7.34987E+18,7.34987E+18,7.34987E+18,7,2026-03-27T15:55:24.000Z,2026-03-27T15:55:31.000Z,-25.5,24.525,-30.76,-5.26,0,0.15,4528.92,4527,,,BUY,USD,1,1,1583663
D#1702366,XAUUSD,100,7.34987E+18,7.34987E+18,7.34987E+18,7.34987E+18,16,2026-03-27T15:55:33.000Z,2026-03-27T15:55:49.000Z,34.05,-35.025,28.79,-5.26,0,0.15,4526.71,4524.66,,,SELL,USD,1,1,1583663
D#1589408,XAUUSD,100,7.34987E+18,7.34987E+18,7.34987E+18,7.34987E+18,57,2026-03-27T15:55:09.000Z,2026-03-27T15:56:06.000Z,-53.62,53.165,-56.08,-2.46,0,0.07,4528.4,4520.52,4520.99,4552.12,BUY,USD,1,1,1583663
D#1702366,XAUUSD,100,7.34987E+18,7.34987E+18,7.34987E+18,7.34987E+18,13,2026-03-27T15:55:56.000Z,2026-03-27T15:56:09.000Z,-36.3,35.325,-41.56,-5.26,0,0.15,4524.25,4521.61,,,BUY,USD,1,1,1583663
D#1702366,XAUUSD,100,7.34987E+18,7.34987E+18,7.34987E+18,7.34987E+18,16,2026-03-27T15:56:13.000Z,2026-03-27T15:56:29.000Z,-34.65,33.675,-39.91,-5.26,0,0.15,4521.75,4524.28,,,SELL,USD,1,1,1583663
D#1614616,XAUUSD,100,7.34987E+18,7.34987E+18,7.34987E+18,7.34987E+18,651,2026-03-27T15:45:51.000Z,2026-03-27T15:56:42.000Z,37.2,-37.525,35.44,-1.76,0,0.05,4531.76,4524.54,4560,4515.64,SELL,USD,1,1,1583663
D#1702366,XAUUSD,100,7.34987E+18,7.34987E+18,7.34987E+18,7.34987E+18,68,2026-03-27T15:56:32.000Z,2026-03-27T15:57:40.000Z,-33,32.025,-38.26,-5.26,0,0.15,4523.48,4525.9,,,SELL,USD,1,1,1583663
D#1702551,XAUUSD,100,7.34987E+18,7.34987E+18,7.34987E+18,7.34987E+18,1812,2026-03-27T16:02:48.000Z,2026-03-27T16:33:00.000Z,89.3,-89.95,85.8,-3.5,0,0.1,4527.5,4518.79,4538.59,4518.59,SELL,USD,1,1,1583663
D#1614603,XAUUSD,100,7.34987E+18,7.34987E+18,7.34987E+18,7.34987E+18,3085,2026-03-27T15:41:46.000Z,2026-03-27T16:33:11.000Z,-50.95,50.625,-52.71,-1.76,0,0.05,4527.53,4517.12,4517.6,4552.6,BUY,USD,1,1,1583663
D#1702518,XAUUSD,100,7.34987E+18,7.34987E+18,7.34987E+18,7.34987E+18,624,2026-03-27T16:22:47.000Z,2026-03-27T16:33:11.000Z,95.6,-96.12,92.8,-2.8,0,0.08,4530.03,4518.3,4537.73,4518,SELL,USD,1,1,1583663
D#1670917,XAUUSD,100,7.34987E+18,7.34987E+18,7.34987E+18,7.34987E+18,3370,2026-03-27T15:37:11.000Z,2026-03-27T16:33:21.000Z,-182.1,181.45,-185.6,-3.5,0,0.1,4537.28,4518.85,,4548.25,BUY,USD,1,1,1583663
D#1670947,XAUUSD,100,7.34987E+18,7.34987E+18,7.34987E+18,7.34987E+18,2027,2026-03-27T15:59:46.000Z,2026-03-27T16:33:33.000Z,-46.7,46.375,-48.46,-1.76,0,0.05,4524.36,4514.8,4515.42,4534.63,BUY,USD,1,1,1583663
D#1645749,XAUUSD,100,7.34987E+18,7.34987E+18,7.34987E+18,7.34987E+18,2425,2026-03-27T15:53:16.000Z,2026-03-27T16:33:41.000Z,339,-340.625,330.24,-8.76,0,0.25,4527.8,4514.46,4534.63,4508.86,SELL,USD,1,1,1583663
D#1614616,XAUUSD,100,7.34987E+18,7.34987E+18,7.34987E+18,7.34987E+18,2139,2026-03-27T15:58:03.000Z,2026-03-27T16:33:42.000Z,57.2,-57.525,55.44,-1.76,0,0.05,4525.61,4514.39,4560,4514,SELL,USD,1,1,1583663
D#1614616,XAUUSD,100,7.34987E+18,7.34987E+18,7.34987E+18,7.34987E+18,25,2026-03-27T16:37:33.000Z,2026-03-27T16:37:58.000Z,4.6,-4.925,2.84,-1.76,0,0.05,4513.2,4512.5,,,SELL,USD,1,1,1583663
D#1671062,XAUUSD,100,7.34987E+18,7.34987E+18,7.34987E+18,7.34987E+18,3047,2026-03-27T15:55:59.000Z,2026-03-27T16:46:46.000Z,95.1,-95.75,91.6,-3.5,0,0.1,4522.01,4512.72,4512.12,4479.27,SELL,USD,1,1,1583663
D#1671062,XAUUSD,100,7.34987E+18,7.34987E+18,7.34987E+18,7.34987E+18,113,2026-03-27T16:47:14.000Z,2026-03-27T16:49:07.000Z,47.3,-47.95,43.8,-3.5,0,0.1,4514.91,4519.42,4514.93,4525.6,BUY,USD,1,1,1583663
D#1645696,XAUUSD,100,7.34987E+18,7.34987E+18,7.34987E+18,7.34987E+18,630,2026-03-27T16:40:08.000Z,2026-03-27T16:50:38.000Z,-178.08,177.04,-183.68,-5.6,0,0.16,4508.16,4519.51,4553.47,,SELL,USD,1,1,1583663
D#1671062,XAUUSD,100,7.34987E+18,7.34987E+18,7.34987E+18,7.34987E+18,99,2026-03-27T16:59:37.000Z,2026-03-27T17:01:16.000Z,-70.6,69.3,-77.6,-7,0,0.2,4515.96,4512.21,,,BUY,USD,1,1,1583663
D#1614616,XAUUSD,100,7.34987E+18,7.34987E+18,7.34987E+18,7.34987E+18,662,2026-03-27T16:51:20.000Z,2026-03-27T17:02:22.000Z,-25.65,25.325,-27.41,-1.76,0,0.05,4515.32,4509.97,,4525,BUY,USD,1,1,1583663
D#1671062,XAUUSD,100,7.34987E+18,7.34987E+18,7.34987E+18,7.34987E+18,68,2026-03-27T17:01:30.000Z,2026-03-27T17:02:38.000Z,7.2,-8.5,0.2,-7,0,0.2,4512.33,4512.19,4512.18,4493.46,SELL,USD,1,1,1583663
D#1614595,XAUUSD,100,7.34987E+18,7.34987E+18,7.34987E+18,7.34987E+18,37083,2026-03-27T06:45:15.000Z,2026-03-27T17:03:18.000Z,135.27,-135.465,134.21,-1.06,0,0.03,4464.95,4509.82,,,BUY,USD,1,1,1583663
D#1671062,XAUUSD,100,7.34987E+18,7.34987E+18,7.34987E+18,7.34987E+18,221,2026-03-27T17:03:16.000Z,2026-03-27T17:06:57.000Z,-162.6,161.3,-169.6,-7,0,0.2,4509.8,4518.15,4517.39,4491.1,SELL,USD,1,1,1583663
D#1614603,XAUUSD,100,7.34987E+18,7.34987E+18,7.34987E+18,7.34987E+18,1709,2026-03-27T16:38:31.000Z,2026-03-27T17:07:00.000Z,-46.8,46.475,-48.56,-1.76,0,0.05,4512.03,4521.61,4522.02,4482.02,SELL,USD,1,1,1583663
D#1671062,XAUUSD,100,7.34987E+18,7.34987E+18,7.34987E+18,7.34987E+18,31,2026-03-27T17:07:40.000Z,2026-03-27T17:08:11.000Z,-121.6,119,-135.6,-14,0,0.4,4509.98,4513.24,4516.81,4497.22,SELL,USD,1,1,1583663
D#1670978,XAUUSD,100,7.34987E+18,7.34987E+18,7.34987E+18,7.34987E+18,2434,2026-03-27T16:35:16.000Z,2026-03-27T17:15:50.000Z,-81.9,81.51,-84,-2.1,0,0.06,4516.62,4502.75,4503,4530.61,BUY,USD,1,1,1583663
D#1589408,XAUUSD,100,7.34987E+18,7.34987E+18,7.34987E+18,7.34987E+18,4588,2026-03-27T16:00:26.000Z,2026-03-27T17:16:54.000Z,150.85,-151.305,148.39,-2.46,0,0.07,4527.16,4501.91,4533.78,4502.07,SELL,USD,1,1,1583663
D#1670978,XAUUSD,100,7.34987E+18,7.34987E+18,7.34987E+18,7.34987E+18,25,2026-03-27T17:16:29.000Z,2026-03-27T17:16:54.000Z,-27.48,27.09,-29.58,-2.1,0,0.06,4506.54,4501.74,4502.38,4527.43,BUY,USD,1,1,1583663
D#1670970,XAUUSD,100,7.34987E+18,7.34987E+18,7.34987E+18,7.34987E+18,6800,2026-03-27T15:24:31.000Z,2026-03-27T17:17:51.000Z,-439.4,438.75,-442.9,-3.5,0,0.1,4545.06,4500.9,,4556.95,BUY,USD,1,1,1583663
D#1614616,XAUUSD,100,7.34987E+18,7.34987E+18,7.34987E+18,7.34987E+18,1043,2026-03-27T17:02:55.000Z,2026-03-27T17:20:18.000Z,60.3,-60.625,58.54,-1.76,0,0.05,4509.82,4497.98,,4496,SELL,USD,1,1,1583663
D#1702671,XAUUSD,100,7.34987E+18,7.34987E+18,7.34987E+18,7.34987E+18,5062,2026-03-27T15:56:01.000Z,2026-03-27T17:20:23.000Z,121.9,-122.225,120.14,-1.76,0,0.05,4521.23,4497.07,4540.29,4497.36,SELL,USD,1,1,1583663
D#1702671,XAUUSD,100,7.34987E+18,7.34987E+18,7.34987E+18,7.34987E+18,257,2026-03-27T17:21:22.000Z,2026-03-27T17:25:39.000Z,-45.15,44.825,-46.91,-1.76,0,0.05,4500.87,4491.62,4491.76,4521.94,BUY,USD,1,1,1583663
D#1702424,XAUUSD,100,7.34987E+18,7.34987E+18,7.34987E+18,7.34987E+18,6857,2026-03-27T15:31:44.000Z,2026-03-27T17:26:01.000Z,-170.79,170.595,-171.85,-1.06,0,0.03,4548.55,4491.4,4490,4588,BUY,USD,1,1,1583663
D#1670946,XAUUSD,100,7.34987E+18,7.34987E+18,7.34987E+18,7.34987E+18,50,2026-03-27T17:25:36.000Z,2026-03-27T17:26:26.000Z,-34.4,33.75,-37.9,-3.5,0,0.1,4492.44,4488.78,4489.16,4503.44,BUY,USD,1,1,1583663
D#1702365,XAUUSD,100,7.34987E+18,7.34987E+18,7.34987E+18,7.34987E+18,9165,2026-03-27T15:00:00.000Z,2026-03-27T17:32:45.000Z,106.33,-106.785,103.87,-2.46,0,0.07,4509.67,4494.7,,,SELL,USD,1,1,1583663
D#1702634,XAUUSD,100,7.34987E+18,7.34987E+18,7.34987E+18,7.34987E+18,174,2026-03-27T17:31:36.000Z,2026-03-27T17:34:30.000Z,-190,187.4,-204,-14,0,0.4,4492.3,4497.27,,,SELL,USD,1,1,1583663
D#1614616,XAUUSD,100,7.34987E+18,7.34987E+18,7.34987E+18,7.34987E+18,903,2026-03-27T17:20:37.000Z,2026-03-27T17:35:40.000Z,12.05,-12.375,10.29,-1.76,0,0.05,4497.42,4499.61,,4507.3,BUY,USD,1,1,1583663
D#1702518,XAUUSD,100,7.34987E+18,7.34987E+18,7.34987E+18,7.34987E+18,378,2026-03-27T17:33:59.000Z,2026-03-27T17:40:17.000Z,71.36,-71.88,68.56,-2.8,0,0.08,4497.46,4488.76,4498.8,4488.83,SELL,USD,1,1,1583663
D#1702714,XAUUSD,100,7.34987E+18,7.34987E+18,7.34987E+18,7.34987E+18,17,2026-03-27T17:53:37.000Z,2026-03-27T17:53:54.000Z,12.8,-14.1,5.8,-7,0,0.2,4496.33,4495.91,4497.82,,SELL,USD,1,1,1583663
D#1702714,XAUUSD,100,7.34987E+18,7.34987E+18,7.34987E+18,7.34987E+18,74,2026-03-27T17:54:05.000Z,2026-03-27T17:55:19.000Z,97.8,-99.1,90.8,-7,0,0.2,4494.74,4490.07,4497.61,4490.73,SELL,USD,1,1,1583663
D#1702714,XAUUSD,100,7.34987E+18,7.34987E+18,7.34987E+18,7.34987E+18,11,2026-03-27T17:56:02.000Z,2026-03-27T17:56:13.000Z,27.2,-28.5,20.2,-7,0,0.2,4489.24,4488.1,4490.3,,SELL,USD,1,1,1583663
D#1702365,XAUUSD,100,7.34987E+18,7.34987E+18,7.34987E+18,7.34987E+18,1340,2026-03-27T17:34:48.000Z,2026-03-27T17:57:08.000Z,-63.7,63.245,-66.16,-2.46,0,0.07,4496.69,4487.37,,4506.99,BUY,USD,1,1,1583663
D#1702714,XAUUSD,100,7.34987E+18,7.34987E+18,7.34987E+18,7.34987E+18,107,2026-03-27T17:57:31.000Z,2026-03-27T17:59:18.000Z,23,-24.3,16,-7,0,0.2,4487.49,4488.42,4486.05,4488.44,BUY,USD,1,1,1583663
D#1702714,XAUUSD,100,7.34987E+18,7.34987E+18,7.34987E+18,7.34987E+18,82,2026-03-27T18:00:05.000Z,2026-03-27T18:01:27.000Z,80.2,-81.5,73.2,-7,0,0.2,4488.37,4492.16,4491.18,4493.92,BUY,USD,1,1,1583663
D#1702714,XAUUSD,100,7.34987E+18,7.34987E+18,7.34987E+18,7.34987E+18,7,2026-03-27T18:01:44.000Z,2026-03-27T18:01:51.000Z,-11.2,9.9,-18.2,-7,0,0.2,4497.86,4497.08,,,BUY,USD,1,1,1583663
D#1702714,XAUUSD,100,7.34987E+18,7.34987E+18,7.34987E+18,7.34987E+18,24,2026-03-27T18:02:22.000Z,2026-03-27T18:02:46.000Z,47.8,-49.1,40.8,-7,0,0.2,4496.2,4494.03,4497.35,,SELL,USD,1,1,1583663
D#1702714,XAUUSD,100,7.34987E+18,7.34987E+18,7.34987E+18,7.34987E+18,56,2026-03-27T18:03:05.000Z,2026-03-27T18:04:01.000Z,7.2,-8.5,0.2,-7,0,0.2,4494.64,4494.78,4495.11,4502.05,BUY,USD,1,1,1583663
D#1702714,XAUUSD,100,7.34987E+18,7.34987E+18,7.34987E+18,7.34987E+18,115,2026-03-27T18:04:08.000Z,2026-03-27T18:06:03.000Z,-29.4,28.1,-36.4,-7,0,0.2,4494.92,4493.23,4493.42,4500.88,BUY,USD,1,1,1583663
D#1702714,XAUUSD,100,7.34987E+18,7.34987E+18,7.34987E+18,7.34987E+18,11,2026-03-27T18:06:06.000Z,2026-03-27T18:06:17.000Z,-36.2,34.9,-43.2,-7,0,0.2,4492.47,4494.5,4494.34,,SELL,USD,1,1,1583663
D#1670972,XAUUSD,100,7.34987E+18,7.34987E+18,7.34987E+18,7.34987E+18,141,2026-03-27T18:04:28.000Z,2026-03-27T18:06:49.000Z,70.8,-72.1,63.8,-7,0,0.2,4494.34,4491.02,,,SELL,USD,1,1,1583663
D#1702714,XAUUSD,100,7.34987E+18,7.34987E+18,7.34987E+18,7.34987E+18,45,2026-03-27T18:06:38.000Z,2026-03-27T18:07:23.000Z,-8.8,7.5,-15.8,-7,0,0.2,4491.71,4492.37,4494.95,,SELL,USD,1,1,1583663
D#1670972,XAUUSD,100,7.34987E+18,7.34987E+18,7.34987E+18,7.34987E+18,402,2026-03-27T18:07:56.000Z,2026-03-27T18:14:38.000Z,-172.6,171.3,-179.6,-7,0,0.2,4489.52,4498.37,,,SELL,USD,1,1,1583663
D#1670862,XAUUSD,100,7.34987E+18,7.34987E+18,7.34987E+18,7.34987E+18,1222,2026-03-27T17:54:39.000Z,2026-03-27T18:15:01.000Z,-50.3,49.65,-53.8,-3.5,0,0.1,4494.19,4499.44,4499.11,4484.11,SELL,USD,1,1,1583663
D#1702421,XAUUSD,100,7.34987E+18,7.34987E+18,7.34987E+18,7.34987E+18,5193,2026-03-27T16:48:34.000Z,2026-03-27T18:15:07.000Z,55.23,-55.425,54.17,-1.06,0,0.03,4518.41,4500.22,4533.96,,SELL,USD,1,1,1583663
D#1702671,XAUUSD,100,7.34987E+18,7.34987E+18,7.34987E+18,7.34987E+18,2706,2026-03-27T17:30:03.000Z,2026-03-27T18:15:09.000Z,-48.55,48.225,-50.31,-1.76,0,0.05,4491.46,4501.39,4500.62,4467.39,SELL,USD,1,1,1583663
D#1670972,XAUUSD,100,7.34987E+18,7.34987E+18,7.34987E+18,7.34987E+18,177,2026-03-27T18:15:04.000Z,2026-03-27T18:18:01.000Z,99,-100.3,92,-7,0,0.2,4500.11,4504.84,,,BUY,USD,1,1,1583663
D#1670972,XAUUSD,100,7.34987E+18,7.34987E+18,7.34987E+18,7.34987E+18,71,2026-03-27T18:18:09.000Z,2026-03-27T18:19:20.000Z,-35.7,35.05,-39.2,-3.5,0,0.1,4504.9,4508.69,,,SELL,USD,1,1,1583663
D#1670862,XAUUSD,100,7.34987E+18,7.34987E+18,7.34987E+18,7.34987E+18,181,2026-03-27T18:16:55.000Z,2026-03-27T18:19:56.000Z,-47.8,47.15,-51.3,-3.5,0,0.1,4505.6,4510.6,4510.35,4495.35,SELL,USD,1,1,1583663
D#1702714,XAUUSD,100,7.34987E+18,7.34987E+18,7.34987E+18,7.34987E+18,998,2026-03-27T18:15:31.000Z,2026-03-27T18:32:09.000Z,-139,137.7,-146,-7,0,0.2,4506.74,4513.91,4513.59,4487.26,SELL,USD,1,1,1583663
D#1702671,XAUUSD,100,7.34987E+18,7.34987E+18,7.34987E+18,7.34987E+18,1154,2026-03-27T18:18:01.000Z,2026-03-27T18:37:15.000Z,118.8,-119.125,117.04,-1.76,0,0.05,4504.93,4528.47,4510.92,4528.5,BUY,USD,1,1,1583663
D#1614595,XAUUSD,100,7.34987E+18,7.34987E+18,7.34987E+18,7.34987E+18,5703,2026-03-27T17:06:05.000Z,2026-03-27T18:41:08.000Z,-41.8,41.475,-43.56,-1.76,0,0.05,4509.76,4518.34,,4475,SELL,USD,1,1,1583663
D#1670996,XAUUSD,100,7.34987E+18,7.34987E+18,7.34987E+18,7.34987E+18,1268,2026-03-27T18:41:47.000Z,2026-03-27T19:02:55.000Z,-72.4,71.75,-75.9,-3.5,0,0.1,4520.7,4513.24,4513.14,,BUY,USD,1,1,1583663
D#1702671,XAUUSD,100,7.34987E+18,7.34987E+18,7.34987E+18,7.34987E+18,1642,2026-03-27T18:37:19.000Z,2026-03-27T19:04:41.000Z,-92.25,91.925,-94.01,-1.76,0,0.05,4528.46,4509.79,4510.04,4546.45,BUY,USD,1,1,1583663
D#1702671,XAUUSD,100,7.34987E+18,7.34987E+18,7.34987E+18,7.34987E+18,418,2026-03-27T19:05:49.000Z,2026-03-27T19:12:47.000Z,-9.75,9.425,-11.51,-1.76,0,0.05,4511.41,4513.58,4522.07,4487.49,SELL,USD,1,1,1583663
D#1702526,XAUUSD,100,7.34987E+18,7.34987E+18,7.34987E+18,7.34987E+18,373,2026-03-27T19:06:40.000Z,2026-03-27T19:12:53.000Z,94.4,-95.7,87.4,-7,0,0.2,4509.58,4514.08,4507.35,4514.13,BUY,USD,1,1,1583663
D#1702421,XAUUSD,100,7.34987E+18,7.34987E+18,7.34987E+18,7.34987E+18,1152,2026-03-27T19:00:03.000Z,2026-03-27T19:19:15.000Z,-4.05,3.725,-5.81,-1.76,0,0.05,4518.67,4519.7,4527.69,4495.56,SELL,USD,1,1,1583663
D#1702671,XAUUSD,100,7.34987E+18,7.34987E+18,7.34987E+18,7.34987E+18,430,2026-03-27T19:16:02.000Z,2026-03-27T19:23:12.000Z,120.7,-121.35,117.2,-3.5,0,0.1,4511.37,4523.22,4521.47,4523.32,BUY,USD,1,1,1583663
D#1702526,XAUUSD,100,7.34987E+18,7.34987E+18,7.34987E+18,7.34987E+18,138,2026-03-27T19:26:40.000Z,2026-03-27T19:28:58.000Z,-32.2,30.9,-39.2,-7,0,0.2,4520.95,4522.78,4522.9,4515.8,SELL,USD,1,1,1583663
D#1702421,XAUUSD,100,7.34987E+18,7.34987E+18,7.34987E+18,7.34987E+18,447,2026-03-27T19:29:19.000Z,2026-03-27T19:36:46.000Z,-12.36,12.1,-13.76,-1.4,0,0.04,4521.35,4518.04,4509.08,4553.88,BUY,USD,1,1,1583663
D#1702671,XAUUSD,100,7.34987E+18,7.34987E+18,7.34987E+18,7.34987E+18,1092,2026-03-27T19:23:19.000Z,2026-03-27T19:41:31.000Z,-173.3,172.65,-176.8,-3.5,0,0.1,4523.33,4505.78,4506.1,4531.09,BUY,USD,1,1,1583663
D#1702714,XAUUSD,100,7.34987E+18,7.34987E+18,7.34987E+18,7.34987E+18,3864,2026-03-27T18:37:13.000Z,2026-03-27T19:41:37.000Z,413.4,-414.7,406.4,-7,0,0.2,4525.58,4505.13,4530.41,4505.26,SELL,USD,1,1,1583663
D#1702677,XAUUSD,100,7.34987E+18,7.34987E+18,7.34987E+18,7.34987E+18,575,2026-03-27T19:32:02.000Z,2026-03-27T19:41:37.000Z,-189.5,188.85,-193,-3.5,0,0.1,4524.1,4504.93,4505.53,4562.1,BUY,USD,1,1,1583663
D#1702518,XAUUSD,100,7.34987E+18,7.34987E+18,7.34987E+18,7.34987E+18,53,2026-03-27T19:41:29.000Z,2026-03-27T19:42:22.000Z,-35.28,34.76,-38.08,-2.8,0,0.08,4506.95,4502.32,4502.5,4515.68,BUY,USD,1,1,1583663
D#1702671,XAUUSD,100,7.34987E+18,7.34987E+18,7.34987E+18,7.34987E+18,224,2026-03-27T19:41:46.000Z,2026-03-27T19:45:30.000Z,37.7,-38.35,34.2,-3.5,0,0.1,4505.55,4509.1,4495.32,4517.53,BUY,USD,1,1,1583663
D#1702671,XAUUSD,100,7.34987E+18,7.34987E+18,7.34987E+18,7.34987E+18,280,2026-03-27T19:46:04.000Z,2026-03-27T19:50:44.000Z,24.1,-24.75,20.6,-3.5,0,0.1,4505.91,4508.1,4490.55,4517.8,BUY,USD,1,1,1583663
D#1702518,XAUUSD,100,7.34987E+18,7.34987E+18,7.34987E+18,7.34987E+18,665,2026-03-27T19:42:38.000Z,2026-03-27T19:53:43.000Z,92.72,-93.24,89.92,-2.8,0,0.08,4503.06,4514.43,4499.13,4513.57,BUY,USD,1,1,1583663
D#1614595,XAUUSD,100,7.34987E+18,7.34987E+18,7.34987E+18,7.34987E+18,4455,2026-03-27T18:41:33.000Z,2026-03-27T19:55:48.000Z,-4.9,4.25,-8.4,-3.5,0,0.1,4519.52,4518.81,,4555,BUY,USD,1,1,1583663
D#1702671,XAUUSD,100,7.34987E+18,7.34987E+18,7.34987E+18,7.34987E+18,291,2026-03-27T19:51:10.000Z,2026-03-27T19:56:01.000Z,118.6,-119.25,115.1,-3.5,0,0.1,4509.52,4521.16,4514.9,4521.45,BUY,USD,1,1,1583663
D#1702421,XAUUSD,100,7.34987E+18,7.34987E+18,7.34987E+18,7.34987E+18,943,2026-03-27T19:45:36.000Z,2026-03-27T20:01:19.000Z,75.53,-75.985,73.07,-2.46,0,0.07,4507.96,4518.53,4500.81,4515.16,BUY,USD,1,1,1583663
D#1702671,XAUUSD,100,7.34987E+18,7.34987E+18,7.34987E+18,7.34987E+18,275,2026-03-27T19:56:44.000Z,2026-03-27T20:01:19.000Z,-24.1,23.45,-27.6,-3.5,0,0.1,4517.85,4520.48,4516.96,4509.02,SELL,USD,1,1,1583663
D#1614595,XAUUSD,100,7.34987E+18,7.34987E+18,7.34987E+18,7.34987E+18,309,2026-03-27T19:56:53.000Z,2026-03-27T20:02:02.000Z,55.8,-56.58,51.6,-4.2,0,0.12,4518.13,4513.7,,,SELL,USD,1,1,1583663
D#1702677,XAUUSD,100,7.34987E+18,7.34987E+18,7.34987E+18,7.34987E+18,15,2026-03-27T20:05:06.000Z,2026-03-27T20:05:21.000Z,-18.8,18.15,-22.3,-3.5,0,0.1,4512.8,4510.7,,,BUY,USD,1,1,1583663
D#1702518,XAUUSD,100,7.34987E+18,7.34987E+18,7.34987E+18,7.34987E+18,581,2026-03-27T19:55:51.000Z,2026-03-27T20:05:32.000Z,87.92,-88.44,85.12,-2.8,0,0.08,4520.39,4509.62,4526.94,4509.54,SELL,USD,1,1,1583663
D#1702671,XAUUSD,100,7.34987E+18,7.34987E+18,7.34987E+18,7.34987E+18,369,2026-03-27T20:02:00.000Z,2026-03-27T20:08:09.000Z,41.4,-42.05,37.9,-3.5,0,0.1,4514.29,4510.37,4537.27,4502.98,SELL,USD,1,1,1583663
D#1702421,XAUUSD,100,7.34987E+18,7.34987E+18,7.34987E+18,7.34987E+18,115,2026-03-27T20:08:09.000Z,2026-03-27T20:10:04.000Z,-18.36,17.775,-21.52,-3.16,0,0.09,4510.16,4512.42,4515.55,,SELL,USD,1,1,1583663
D#1702421,XAUUSD,100,7.34987E+18,7.34987E+18,7.34987E+18,7.34987E+18,495,2026-03-27T20:11:01.000Z,2026-03-27T20:19:16.000Z,-49.12,48.08,-54.72,-5.6,0,0.16,4510.02,4506.73,4507.01,4514.77,BUY,USD,1,1,1583663
D#1702421,XAUUSD,100,7.34987E+18,7.34987E+18,7.34987E+18,7.34987E+18,574,2026-03-27T20:23:16.000Z,2026-03-27T20:32:50.000Z,77.04,-78.21,70.74,-6.3,0,0.18,4507.97,4503.91,4510.79,4503.79,SELL,USD,1,1,1583663
D#1702421,XAUUSD,100,7.34987E+18,7.34987E+18,7.34987E+18,7.34987E+18,128,2026-03-27T20:35:37.000Z,2026-03-27T20:37:45.000Z,69.96,-71.39,62.26,-7.7,0,0.22,4504.91,4507.87,4502.61,4508.04,BUY,USD,1,1,1583663
D#1702421,XAUUSD,100,7.34987E+18,7.34987E+18,7.34987E+18,7.34987E+18,200,2026-03-27T20:40:11.000Z,2026-03-27T20:43:31.000Z,14.88,-15.92,9.28,-5.6,0,0.16,4510.8,4510.09,4513.92,4510.01,SELL,USD,1,1,1583663
D#1645644,XAUUSD,100,7.34987E+18,7.34987E+18,7.34987E+18,7.34987E+18,1510,2026-03-27T20:19:10.000Z,2026-03-27T20:44:20.000Z,-72.6,71.95,-76.1,-3.5,0,0.1,4508.26,4500.78,4501.89,4516.4,BUY,USD,1,1,1583663
D#1702729,XAUUSD,100,7.34987E+18,7.34987E+18,7.34987E+18,7.34987E+18,950,2026-03-27T20:28:30.000Z,2026-03-27T20:44:20.000Z,47.9,-48.55,44.4,-3.5,0,0.1,4505.68,4501.11,4522.93,4500.92,SELL,USD,1,1,1583663
D#1670972,XAUUSD,100,7.34987E+18,7.34987E+18,7.34987E+18,7.34987E+18,8754,2026-03-27T18:19:27.000Z,2026-03-27T20:45:21.000Z,-138.8,137.5,-145.8,-7,0,0.2,4508.69,4501.53,,,BUY,USD,1,1,1583663
D#1702671,XAUUSD,100,7.34987E+18,7.34987E+18,7.34987E+18,7.34987E+18,2515,2026-03-27T20:09:09.000Z,2026-03-27T20:51:04.000Z,-167.5,166.85,-171,-3.5,0,0.1,4511.7,4494.73,4494.61,4519.12,BUY,USD,1,1,1583663
D#1645644,XAUUSD,100,7.34987E+18,7.34987E+18,7.34987E+18,7.34987E+18,379,2026-03-27T20:44:45.000Z,2026-03-27T20:51:04.000Z,105.6,-106.25,102.1,-3.5,0,0.1,4505.48,4495.14,4512.11,4497.18,SELL,USD,1,1,1583663
D#1702729,XAUUSD,100,7.34987E+18,7.34987E+18,7.34987E+18,7.34987E+18,362,2026-03-27T20:45:02.000Z,2026-03-27T20:51:04.000Z,123.96,-124.74,119.76,-4.2,0,0.12,4505.28,4495.17,,4495.17,SELL,USD,1,1,1583663
D#1614595,XAUUSD,100,7.34987E+18,7.34987E+18,7.34987E+18,7.34987E+18,2937,2026-03-27T20:02:35.000Z,2026-03-27T20:51:32.000Z,220.08,-220.86,215.88,-4.2,0,0.12,4514.21,4496.09,,4491,SELL,USD,1,1,1583663
D#1614595,XAUUSD,100,7.34987E+18,7.34987E+18,7.34987E+18,7.34987E+18,85,2026-03-27T20:52:40.000Z,2026-03-27T20:54:05.000Z,34.68,-35.46,30.48,-4.2,0,0.12,4494.9,4492.23,,,SELL,USD,1,1,1583663
