accountId,instrument,lotSize,closeTradeId,positionId,closeOrderId,openOrderId,durationSec,openDateTime,closeDateTime,profit,reverseProfit,netProfit,commission,swap,amount,openPrice,closePrice,slPrice,tpPrice,side,currency,openTradeCrossPrice,closeTradeCrossPrice,userGroupId
D#1702579,XAUUSD,100,7349874591908135031,7349874591887697275,7349874591978977770,7349874591978977548,39,2026-05-07T01:00:12.000Z,2026-05-07T01:00:51.000Z,6.5,-10.0,-11.0,-17.5,0,0.5,4687.17,4687.26,,,SELL,USD,1,1,1583663
D#1702338,XAUUSD,100,7349874591908135221,7349874591887697274,7349874591978977822,7349874591978977543,180,2026-05-07T01:00:11.000Z,2026-05-07T01:03:11.000Z,-60.32,59.410000000000004,-64.88,-4.56,0,0.13,4687.35,4692.21,4691.95,4680.12,SELL,USD,1,1,1583663
D#1702579,XAUUSD,100,7349874591908135240,7349874591887697299,7349874591978978745,7349874591978977832,143,2026-05-07T01:00:58.000Z,2026-05-07T01:03:21.000Z,-116.25,114.5,-125.01,-8.76,0,0.25,4687.25,4692.12,,4683,SELL,USD,1,1,1583663
D#1702566,XAUUSD,100,7349874591908135461,7349874591887697497,7349874591978979717,7349874591978979534,30,2026-05-07T01:05:26.000Z,2026-05-07T01:05:56.000Z,26.2,-27.599999999999998,19.2,-7,0,0.2,4693.11,4694.2,,4694,BUY,USD,1,1,1583663
D#1702579,XAUUSD,100,7349874591908135514,7349874591887697405,7349874591978978886,7349874591978978757,199,2026-05-07T01:03:23.000Z,2026-05-07T01:06:42.000Z,84.75,-86.5,75.99,-8.76,0,0.25,4692.12,4695.29,,4695.29,BUY,USD,1,1,1583663
D#1670991,XAUUSD,100,7349874591908135518,7349874591887697408,7349874591978979030,7349874591978978797,194,2026-05-07T01:03:30.000Z,2026-05-07T01:06:44.000Z,-54.9,53.85,-60.16,-5.26,0,0.15,4691.8,4695.68,4695.51,4684.23,SELL,USD,1,1,1583663
D#1702338,XAUUSD,100,7349874591908135547,7349874591887697427,7349874591978980094,7349874591978978969,170,2026-05-07T01:03:59.000Z,2026-05-07T01:06:49.000Z,-59.15,58.24,-63.71,-4.56,0,0.13,4692.21,4696.98,,4685.44,SELL,USD,1,1,1583663
D#1671094,XAUUSD,100,7349874591908135770,7349874591887697407,7349874591978980903,7349874591978978783,325,2026-05-07T01:03:29.000Z,2026-05-07T01:08:54.000Z,307.5,-311.0,290.0,-17.5,0,0.5,4692.16,4698.09,,,BUY,USD,1,1,1583663
D#1702496,XAUUSD,100,7349874591908135775,7349874591887697605,7349874591978980939,7349874591978980482,82,2026-05-07T01:07:40.000Z,2026-05-07T01:09:02.000Z,1.25,-1.6,-0.51,-1.76,0,0.05,4698.06,4698.09,,,BUY,USD,1,1,1583663
D#1702496,XAUUSD,100,7349874591908135810,7349874591887697664,7349874591978981227,7349874591978981034,41,2026-05-07T01:09:25.000Z,2026-05-07T01:10:06.000Z,29.7,-31.8,19.2,-10.5,0,0.3,4697.53,4698.3,,,BUY,USD,1,1,1583663
D#1702552,XAUUSD,100,7349874591908135897,7349874591887697338,7349874591978979018,7349874591978978099,520,2026-05-07T01:01:39.000Z,2026-05-07T01:10:19.000Z,-15.73,15.66,-16.09,-0.36,0,0.01,4686.52,4702.47,4701.63,4651.63,SELL,USD,1,1,1583663
D#1702579,XAUUSD,100,7349874591908135902,7349874591887697566,7349874591978981349,7349874591978980096,210,2026-05-07T01:06:49.000Z,2026-05-07T01:10:19.000Z,-280,276.5,-297.5,-17.5,0,0.5,4696.68,4702.5,,4695.16,SELL,USD,1,1,1583663
D#1702338,XAUUSD,100,7349874591908135982,7349874591887697640,7349874591978981475,7349874591978980737,126,2026-05-07T01:08:24.000Z,2026-05-07T01:10:30.000Z,-94.77,93.86,-99.33,-4.56,0,0.13,4695.68,4703.19,,4688.09,SELL,USD,1,1,1583663
D#1671094,XAUUSD,100,7349874591908136011,7349874591887697672,7349874591978981516,7349874591978981163,39,2026-05-07T01:09:54.000Z,2026-05-07T01:10:33.000Z,199.2,-201.29999999999998,188.7,-10.5,0,0.3,4697.25,4703.67,,,BUY,USD,1,1,1583663
D#1670991,XAUUSD,100,7349874591908136035,7349874591887697613,7349874591978981571,7349874591978980551,170,2026-05-07T01:07:51.000Z,2026-05-07T01:10:41.000Z,-117.15,116.10000000000001,-122.41,-5.26,0,0.15,4696.31,4704.34,,4688.43,SELL,USD,1,1,1583663
D#1702595,XAUUSD,100,7349874591908136038,7349874591887697693,7349874591978981575,7349874591978981326,24,2026-05-07T01:10:17.000Z,2026-05-07T01:10:41.000Z,3.07,-3.1399999999999997,2.71,-0.36,0,0.01,4701.26,4704.11,,,BUY,USD,1,1,1583663
D#1702393,XAUUSD,100,7349874591908136046,7349874591887697500,7349874591978981598,7349874591978979553,315,2026-05-07T01:05:29.000Z,2026-05-07T01:10:44.000Z,-218.6,217.2,-225.6,-7,0,0.2,4693.06,4704.21,,4687.66,SELL,USD,1,1,1583663
D#1670975,XAUUSD,100,7349874591908136071,7349874591887697311,7349874591978981641,7349874591978977904,578,2026-05-07T01:01:10.000Z,2026-05-07T01:10:48.000Z,-19.07,19.0,-19.43,-0.36,0,0.01,4685.73,4705.02,,,SELL,USD,1,1,1583663
D#1702455,XAUUSD,100,7349874591908136107,7349874591887697622,7349874591978981769,7349874591978980606,184,2026-05-07T01:08:00.000Z,2026-05-07T01:11:04.000Z,-56.58,56.16,-58.68,-2.1,0,0.06,4696.94,4706.59,,,SELL,USD,1,1,1583663
D#1702720,XAUUSD,100,7349874591908136183,7349874591887697620,7349874591978982090,7349874591978980583,235,2026-05-07T01:07:56.000Z,2026-05-07T01:11:51.000Z,-202.8,201.4,-209.8,-7,0,0.2,4696.75,4707.11,,,SELL,USD,1,1,1583663
D#1702496,XAUUSD,100,7349874591908136215,7349874591887697681,7349874591978982211,7349874591978981268,118,2026-05-07T01:10:12.000Z,2026-05-07T01:12:10.000Z,-212.1,210.0,-222.6,-10.5,0,0.3,4699.62,4706.91,,,SELL,USD,1,1,1583663
D#1702729,XAUUSD,100,7349874591908136225,7349874591887697798,7349874591978982235,7349874591978981991,33,2026-05-07T01:11:40.000Z,2026-05-07T01:12:13.000Z,-0.56,0.49000000000000005,-0.92,-0.36,0,0.01,4706.16,4706.94,,,SELL,USD,1,1,1583663
D#1702566,XAUUSD,100,7349874591908136246,7349874591887697792,7349874591978982248,7349874591978981948,48,2026-05-07T01:11:32.000Z,2026-05-07T01:12:20.000Z,52.5,-53.97,45.14,-7.36,0,0.21,4705.8,4708.08,,4708,BUY,USD,1,1,1583663
D#1702729,XAUUSD,100,7349874591908136283,7349874591887697831,7349874591978982401,7349874591978982278,18,2026-05-07T01:12:20.000Z,2026-05-07T01:12:38.000Z,-0.58,0.51,-0.94,-0.36,0,0.01,4707.73,4708.53,,,SELL,USD,1,1,1583663
D#1702364,XAUUSD,100,7349874591908136296,7349874591887697734,7349874591978982449,7349874591978981550,127,2026-05-07T01:10:38.000Z,2026-05-07T01:12:45.000Z,106,-107.75,97.24,-8.76,0,0.25,4704.22,4708.24,4704.49,4708.73,BUY,USD,1,1,1583663
D#1702494,XAUUSD,100,7349874591908136429,7349874591887697436,7349874591978982771,7349874591978979046,549,2026-05-07T01:04:11.000Z,2026-05-07T01:13:20.000Z,-185.16,184.32,-189.36,-4.2,0,0.12,4693.4,4709.05,,4683.51,SELL,USD,1,1,1583663
D#1702364,XAUUSD,100,7349874591908136442,7349874591887697883,7349874591978982652,7349874591978982605,32,2026-05-07T01:12:59.000Z,2026-05-07T01:13:31.000Z,-53.9,51.449999999999996,-66.16,-12.26,0,0.35,4710.12,4708.36,4708.5,4712.81,BUY,USD,1,1,1583663
D#1702653,XAUUSD,100,7349874591908136605,7349874591887697656,7349874591978983664,7349874591978980950,396,2026-05-07T01:09:04.000Z,2026-05-07T01:15:40.000Z,-214.35,213.29999999999998,-219.61,-5.26,0,0.15,4697.95,4712.46,,,SELL,USD,1,1,1583663
D#1702364,XAUUSD,100,7349874591908136652,7349874591887697919,7349874591978983033,7349874591978982904,166,2026-05-07T01:13:39.000Z,2026-05-07T01:16:25.000Z,185.15,-187.6,172.89,-12.26,0,0.35,4708.96,4714.03,4708.99,4714.14,BUY,USD,1,1,1583663
D#1702689,XAUUSD,100,7349874591908136663,7349874591887697931,7349874591978983185,7349874591978983040,144,2026-05-07T01:14:04.000Z,2026-05-07T01:16:28.000Z,-119.2,117.8,-126.2,-7,0,0.2,4708.4,4714.58,4714.6,4704.9,SELL,USD,1,1,1583663
D#1702364,XAUUSD,100,7349874591908136781,7349874591887698064,7349874591978984273,7349874591978984212,29,2026-05-07T01:17:05.000Z,2026-05-07T01:17:34.000Z,-66.5,64.05,-78.76,-12.26,0,0.35,4716.59,4714.47,4714.59,,BUY,USD,1,1,1583663
D#1702445,XAUUSD,100,7349874591908136786,7349874591887698073,7349874591978984428,7349874591978984278,21,2026-05-07T01:17:16.000Z,2026-05-07T01:17:37.000Z,-1.45,1.38,-1.81,-0.36,0,0.01,4716.25,4714.58,,,BUY,USD,1,1,1583663
D#1670975,XAUUSD,100,7349874591908136810,7349874591887697771,7349874591978984529,7349874591978981770,412,2026-05-07T01:11:04.000Z,2026-05-07T01:17:56.000Z,37.55,-37.9,35.79,-1.76,0,0.05,4706.45,4713.74,,,BUY,USD,1,1,1583663
D#1702689,XAUUSD,100,7349874591908136825,7349874591887698041,7349874591978984419,7349874591978983980,98,2026-05-07T01:16:30.000Z,2026-05-07T01:18:08.000Z,-73.2,71.10000000000001,-83.7,-10.5,0,0.3,4715.39,4712.73,4713.05,4718.78,BUY,USD,1,1,1583663
D#1702364,XAUUSD,100,7349874591908136824,7349874591887698101,7349874591978984524,7349874591978984469,22,2026-05-07T01:17:46.000Z,2026-05-07T01:18:08.000Z,-46.2,43.75,-58.46,-12.26,0,0.35,4714.24,4712.7,4712.98,,BUY,USD,1,1,1583663
D#1702689,XAUUSD,100,7349874591908136843,7349874591887698122,7349874591978984697,7349874591978984624,12,2026-05-07T01:18:10.000Z,2026-05-07T01:18:22.000Z,-19.5,17.4,-30.0,-10.5,0,0.3,4712.1,4712.97,,,SELL,USD,1,1,1583663
D#1702445,XAUUSD,100,7349874591908136853,7349874591887698118,7349874591978984772,7349874591978984582,34,2026-05-07T01:18:03.000Z,2026-05-07T01:18:37.000Z,-0.9,0.8300000000000001,-1.26,-0.36,0,0.01,4713.81,4712.69,,,BUY,USD,1,1,1583663
D#1702445,XAUUSD,100,7349874591908136869,7349874591887698144,7349874591978984886,7349874591978984837,10,2026-05-07T01:18:43.000Z,2026-05-07T01:18:53.000Z,0.37,-0.44,0.01,-0.36,0,0.01,4713.62,4713.77,,,BUY,USD,1,1,1583663
D#1702364,XAUUSD,100,7349874591908136880,7349874591887698143,7349874591978984896,7349874591978984836,19,2026-05-07T01:18:43.000Z,2026-05-07T01:19:02.000Z,-31.85,29.400000000000002,-44.11,-12.26,0,0.35,4713.62,4712.49,4712.58,,BUY,USD,1,1,1583663
D#1702445,XAUUSD,100,7349874591908136896,7349874591887698157,7349874591978985050,7349874591978984941,18,2026-05-07T01:19:02.000Z,2026-05-07T01:19:20.000Z,1.43,-1.5,1.07,-0.36,0,0.01,4712.69,4713.9,,,BUY,USD,1,1,1583663
D#1702595,XAUUSD,100,7349874591908136897,7349874591887697750,7349874591978985071,7349874591978981627,516,2026-05-07T01:10:46.000Z,2026-05-07T01:19:22.000Z,45.6,-45.95,43.84,-1.76,0,0.05,4704.94,4713.84,,,BUY,USD,1,1,1583663
D#1702364,XAUUSD,100,7349874591908136926,7349874591887698162,7349874591978985064,7349874591978984981,53,2026-05-07T01:19:07.000Z,2026-05-07T01:20:00.000Z,-36.75,34.3,-49.01,-12.26,0,0.35,4713.85,4712.58,4712.69,4719.31,BUY,USD,1,1,1583663
D#1702445,XAUUSD,100,7349874591908136944,7349874591887698173,7349874591978985389,7349874591978985145,46,2026-05-07T01:19:34.000Z,2026-05-07T01:20:20.000Z,-1.43,1.3599999999999999,-1.79,-0.36,0,0.01,4713.86,4712.21,,,BUY,USD,1,1,1583663
D#1702364,XAUUSD,100,7349874591908136953,7349874591887698191,7349874591978985403,7349874591978985343,15,2026-05-07T01:20:12.000Z,2026-05-07T01:20:27.000Z,-51.45,49.0,-63.71,-12.26,0,0.35,4712.59,4710.9,4711.32,,BUY,USD,1,1,1583663
D#1702364,XAUUSD,100,7349874591908137062,7349874591887698205,7349874591978985527,7349874591978985459,51,2026-05-07T01:20:34.000Z,2026-05-07T01:21:25.000Z,-35.7,33.25,-47.96,-12.26,0,0.35,4711.08,4709.84,4709.96,4716.97,BUY,USD,1,1,1583663
D#1702364,XAUUSD,100,7349874591908137134,7349874591887698254,7349874591978985907,7349874591978985863,21,2026-05-07T01:21:33.000Z,2026-05-07T01:21:54.000Z,-44.1,41.65,-56.36,-12.26,0,0.35,4710.4,4708.92,4709.21,,BUY,USD,1,1,1583663
D#1702566,XAUUSD,100,7349874591908137155,7349874591887698246,7349874591978986135,7349874591978985782,59,2026-05-07T01:21:22.000Z,2026-05-07T01:22:21.000Z,1.5,-3.25,-7.26,-8.76,0,0.25,4710.84,4710.68,,,BUY,USD,1,1,1583663
D#1702364,XAUUSD,100,7349874591908137159,7349874591887698289,7349874591978986145,7349874591978986038,22,2026-05-07T01:22:01.000Z,2026-05-07T01:22:23.000Z,75.25,-77.7,62.99,-12.26,0,0.35,4709.19,4711.12,,,BUY,USD,1,1,1583663
D#1702570,XAUUSD,100,7349874591908137181,7349874591887698292,7349874591978986272,7349874591978986057,44,2026-05-07T01:22:04.000Z,2026-05-07T01:22:48.000Z,12.55,-12.9,10.79,-1.76,0,0.05,4709.2,4711.49,,,BUY,USD,1,1,1583663
D#1702570,XAUUSD,100,7349874591908137203,7349874591887698312,7349874591978986434,7349874591978986285,26,2026-05-07T01:22:50.000Z,2026-05-07T01:23:16.000Z,9,-10.05,3.74,-5.26,0,0.15,4711.35,4711.73,,4721.19,BUY,USD,1,1,1583663
D#1702364,XAUUSD,100,7349874591908137227,7349874591887698303,7349874591978986215,7349874591978986172,70,2026-05-07T01:22:28.000Z,2026-05-07T01:23:38.000Z,-6.65,4.200000000000001,-18.91,-12.26,0,0.35,4711.05,4710.64,4710.94,4718,BUY,USD,1,1,1583663
D#1702364,XAUUSD,100,7349874591908137242,7349874591887698344,7349874591978986654,7349874591978986596,15,2026-05-07T01:23:45.000Z,2026-05-07T01:24:00.000Z,-27.65,25.2,-39.91,-12.26,0,0.35,4710.99,4709.98,4710.15,,BUY,USD,1,1,1583663
D#1702570,XAUUSD,100,7349874591908137245,7349874591887698331,7349874591978986687,7349874591978986486,39,2026-05-07T01:23:23.000Z,2026-05-07T01:24:02.000Z,-79.8,77.7,-90.3,-10.5,0,0.3,4712.54,4709.66,,,BUY,USD,1,1,1583663
D#1702364,XAUUSD,100,7349874591908137275,7349874591887698355,7349874591978986881,7349874591978986716,35,2026-05-07T01:24:08.000Z,2026-05-07T01:24:43.000Z,6.65,-9.1,-5.61,-12.26,0,0.35,4710.28,4710.25,,,BUY,USD,1,1,1583663
D#1702570,XAUUSD,100,7349874591908137314,7349874591887698358,7349874591978987081,7349874591978986762,67,2026-05-07T01:24:17.000Z,2026-05-07T01:25:24.000Z,-19.24,15.599999999999998,-37.44,-18.2,0,0.52,4710.16,4709.57,,4719.14,BUY,USD,1,1,1583663
D#1670958,XAUUSD,100,7349874591908137353,7349874591887698333,7349874591978986719,7349874591978986509,141,2026-05-07T01:23:28.000Z,2026-05-07T01:25:49.000Z,-11.44,11.16,-12.84,-1.4,0,0.04,4711.6,4708.52,4708.66,,BUY,USD,1,1,1583663
D#1702691,XAUUSD,100,7349874591908137421,7349874591887698147,7349874591978987485,7349874591978984853,457,2026-05-07T01:18:47.000Z,2026-05-07T01:26:24.000Z,50.47,-50.96,48.01,-2.46,0,0.07,4713.56,4706.57,,,SELL,USD,1,1,1583663
D#1670923,XAUUSD,100,7349874591908137485,7349874591887698371,7349874591978987655,7349874591978986883,130,2026-05-07T01:24:44.000Z,2026-05-07T01:26:54.000Z,-5.74,5.67,-6.1,-0.36,0,0.01,4710.36,4704.4,,,BUY,USD,1,1,1583663
D#1702390,XAUUSD,100,7349874591908137558,7349874591887698392,7349874591978987965,7349874591978987145,143,2026-05-07T01:25:32.000Z,2026-05-07T01:27:55.000Z,15.56,-15.84,14.16,-1.4,0,0.04,4708.84,4705.17,,,SELL,USD,1,1,1583663
D#1702566,XAUUSD,100,7349874591908137658,7349874591887698455,7349874591978988682,7349874591978987516,224,2026-05-07T01:26:46.000Z,2026-05-07T01:30:30.000Z,2,-3.75,-6.76,-8.76,0,0.25,4705.06,4704.92,,4706.5,BUY,USD,1,1,1583663
D#1702580,XAUUSD,100,7349874591908137763,7349874591887698606,7349874591978989393,7349874591978989361,6,2026-05-07T01:32:29.000Z,2026-05-07T01:32:35.000Z,3.6,-4.3,0.1,-3.5,0,0.1,4704.85,4704.99,,,BUY,USD,1,1,1583663
D#1702679,XAUUSD,100,7349874591908137900,7349874591887698472,7349874591978989339,7349874591978987683,515,2026-05-07T01:27:00.000Z,2026-05-07T01:35:35.000Z,-44.8,43.4,-51.8,-7,0,0.2,4704.76,4707.22,4707.06,4702,SELL,USD,1,1,1583663
D#1670958,XAUUSD,100,7349874591908137911,7349874591887698626,7349874591978989766,7349874591978989719,123,2026-05-07T01:33:42.000Z,2026-05-07T01:35:45.000Z,-20.85,20.5,-22.61,-1.76,0,0.05,4703.43,4707.82,4707.7,,SELL,USD,1,1,1583663
D#1702640,XAUUSD,100,7349874591908138031,7349874591887698762,7349874591978991053,7349874591978990937,18,2026-05-07T01:37:17.000Z,2026-05-07T01:37:35.000Z,3.6,-6.75,-12.16,-15.76,0,0.45,4708.2,4708.06,,,BUY,USD,1,1,1583663
D#1702566,XAUUSD,100,7349874591908138094,7349874591887698772,7349874591978991260,7349874591978991065,54,2026-05-07T01:37:38.000Z,2026-05-07T01:38:32.000Z,50.4,-52.5,39.9,-10.5,0,0.3,4708.61,4710.07,,4710,BUY,USD,1,1,1583663
D#1702640,XAUUSD,100,7349874591908138098,7349874591887698788,7349874591978991376,7349874591978991238,27,2026-05-07T01:38:06.000Z,2026-05-07T01:38:33.000Z,68.4,-71.55000000000001,52.64,-15.76,0,0.45,4708.72,4710.02,,,BUY,USD,1,1,1583663
D#1670923,XAUUSD,100,7349874591908138104,7349874591887698480,7349874591978991418,7349874591978987736,692,2026-05-07T01:27:09.000Z,2026-05-07T01:38:41.000Z,-26.3,25.95,-28.06,-1.76,0,0.05,4704.86,4710.34,,,SELL,USD,1,1,1583663
D#1702445,XAUUSD,100,7349874591908138119,7349874591887698744,7349874591978991504,7349874591978990780,127,2026-05-07T01:36:53.000Z,2026-05-07T01:39:00.000Z,0.98,-1.05,0.62,-0.36,0,0.01,4708.66,4709.42,,,BUY,USD,1,1,1583663
D#1702640,XAUUSD,100,7349874591908138132,7349874591887698815,7349874591978991590,7349874591978991551,5,2026-05-07T01:39:11.000Z,2026-05-07T01:39:16.000Z,-5.85,2.6999999999999997,-21.61,-15.76,0,0.45,4709.55,4709.2,,,BUY,USD,1,1,1583663
D#1702640,XAUUSD,100,7349874591908138154,7349874591887698823,7349874591978991733,7349874591978991619,22,2026-05-07T01:39:23.000Z,2026-05-07T01:39:45.000Z,103.05,-106.2,87.29,-15.76,0,0.45,4709.9,4711.97,,,BUY,USD,1,1,1583663
D#1702681,XAUUSD,100,7349874591908138251,7349874591887698527,7349874591978988504,7349874591978988501,612,2026-05-07T01:30:03.000Z,2026-05-07T01:40:15.000Z,-43.53,43.32,-44.59,-1.06,0,0.03,4703.28,4718.01,4717.86,,SELL,USD,1,1,1583663
D#1702445,XAUUSD,100,7349874591908138299,7349874591887698821,7349874591978992082,7349874591978991613,72,2026-05-07T01:39:22.000Z,2026-05-07T01:40:34.000Z,265.02,-267.96,250.32,-14.7,0,0.42,4709.62,4715.71,,4724.82,BUY,USD,1,1,1583663
D#1702566,XAUUSD,100,7349874591908138325,7349874591887698845,7349874591978992234,7349874591978991861,57,2026-05-07T01:40:02.000Z,2026-05-07T01:40:59.000Z,-69,66.9,-79.5,-10.5,0,0.3,4713.09,4715.61,,,SELL,USD,1,1,1583663
D#1702445,XAUUSD,100,7349874591908138484,7349874591887698893,7349874591978993007,7349874591978992204,161,2026-05-07T01:40:54.000Z,2026-05-07T01:43:35.000Z,-145.14,142.26999999999998,-159.5,-14.36,0,0.41,4715.63,4711.87,,4719.94,BUY,USD,1,1,1583663
D#1702346,XAUUSD,100,7349874591908138775,7349874591887698992,7349874591978994341,7349874591978993122,228,2026-05-07T01:44:02.000Z,2026-05-07T01:47:50.000Z,-188.8,186.0,-202.8,-14,0,0.4,4712.61,4717.55,,4710.11,SELL,USD,1,1,1583663
D#1702445,XAUUSD,100,7349874591908138794,7349874591887699012,7349874591978994419,7349874591978993316,205,2026-05-07T01:44:40.000Z,2026-05-07T01:48:05.000Z,-197.2,194.39999999999998,-211.2,-14,0,0.4,4713.19,4718.34,,4707.4,SELL,USD,1,1,1583663
D#1702681,XAUUSD,100,7349874591908138823,7349874591887698973,7349874591978993043,7349874591978992918,310,2026-05-07T01:43:17.000Z,2026-05-07T01:48:27.000Z,-19.35,19.14,-20.41,-1.06,0,0.03,4712.22,4718.89,4718.78,,SELL,USD,1,1,1583663
D#1702558,XAUUSD,100,7349874591908138885,7349874591887697794,7349874591978994711,7349874591978981960,2236,2026-05-07T01:11:35.000Z,2026-05-07T01:48:51.000Z,402,-404.1,391.5,-10.5,0,0.3,4705.84,4719.02,,,BUY,USD,1,1,1583663
D#1702615,XAUUSD,100,7349874591908138987,7349874591887697882,7349874591978982826,7349874591978982586,2266,2026-05-07T01:12:56.000Z,2026-05-07T01:50:42.000Z,48.45,-48.800000000000004,46.69,-1.76,0,0.05,4710.74,4720.21,4713.28,4720.56,BUY,USD,1,1,1583663
D#1670870,XAUUSD,100,7349874591908138984,7349874591887698304,7349874591978986402,7349874591978986201,1687,2026-05-07T01:22:35.000Z,2026-05-07T01:50:42.000Z,91.4,-92.10000000000001,87.9,-3.5,0,0.1,4711.29,4720.21,4700.11,4720.18,BUY,USD,1,1,1583663
D#1702383,XAUUSD,100,7349874591908139081,7349874591887698240,7349874591978995622,7349874591978985707,1842,2026-05-07T01:21:10.000Z,2026-05-07T01:51:52.000Z,55.72,-56.21,53.26,-2.46,0,0.07,4711.36,4719.1,4683.88,4725.5,BUY,USD,1,1,1583663
D#1702595,XAUUSD,100,7349874591908139133,7349874591887698325,7349874591978995906,7349874591978986448,1774,2026-05-07T01:23:18.000Z,2026-05-07T01:52:52.000Z,37.65,-38.0,35.89,-1.76,0,0.05,4712.23,4719.54,,,BUY,USD,1,1,1583663
D#1702679,XAUUSD,100,7349874591908139166,7349874591887698902,7349874591978996037,7349874591978992320,724,2026-05-07T01:41:19.000Z,2026-05-07T01:53:23.000Z,68.6,-70.0,61.6,-7,0,0.2,4716.93,4720.14,,,BUY,USD,1,1,1583663
D#1702533,XAUUSD,100,7349874591908139212,7349874591887699280,7349874591978995890,7349874591978995739,110,2026-05-07T01:52:17.000Z,2026-05-07T01:54:07.000Z,-6.55,6.2,-8.31,-1.76,0,0.05,4719.9,4718.37,4718.3,,BUY,USD,1,1,1583663
D#1702433,XAUUSD,100,7349874591908139224,7349874591887699301,7349874591978996205,7349874591978995898,87,2026-05-07T01:52:51.000Z,2026-05-07T01:54:18.000Z,105,-108.5,87.5,-17.5,0,0.5,4719.83,4717.95,,4717.81,SELL,USD,1,1,1583663
D#1671059,XAUUSD,100,7349874591908139280,7349874591887699144,7349874591978994953,7349874591978994592,419,2026-05-07T01:48:34.000Z,2026-05-07T01:55:33.000Z,-44.5,43.8,-48.0,-3.5,0,0.1,4719.89,4715.22,4715.14,4733.3,BUY,USD,1,1,1583663
D#1702445,XAUUSD,100,7349874591908139316,7349874591887699134,7349874591978996736,7349874591978994509,451,2026-05-07T01:48:19.000Z,2026-05-07T01:55:50.000Z,-121.2,118.4,-135.2,-14,0,0.4,4718.04,4714.79,,4736.22,BUY,USD,1,1,1583663
D#1702433,XAUUSD,100,7349874591908139456,7349874591887699411,7349874591978997514,7349874591978997421,123,2026-05-07T01:58:27.000Z,2026-05-07T02:00:30.000Z,109.5,-113.0,92.0,-17.5,0,0.5,4714,4715.97,,4716.03,BUY,USD,1,1,1583663
D#1702679,XAUUSD,100,7349874591908139492,7349874591887699413,7349874591978997473,7349874591978997470,132,2026-05-07T01:58:37.000Z,2026-05-07T02:00:49.000Z,74.8,-76.2,67.8,-7,0,0.2,4714.76,4718.28,4711.82,4718.43,BUY,USD,1,1,1583663
D#1589405,XAUUSD,100,7349874591908139603,7349874591887699181,7349874591978998885,7349874591978994974,828,2026-05-07T01:49:52.000Z,2026-05-07T02:03:40.000Z,44.82,-46.71,35.36,-9.46,0,0.27,4718.88,4717.44,,,SELL,USD,1,1,1583663
D#1702433,XAUUSD,100,7349874591908139717,7349874591887699537,7349874591978999193,7349874591978999005,71,2026-05-07T02:04:09.000Z,2026-05-07T02:05:20.000Z,104,-107.5,86.5,-17.5,0,0.5,4716.18,4714.32,,4714.21,SELL,USD,1,1,1583663
D#1702480,XAUUSD,100,7349874591908139797,7349874591887699521,7349874591978998786,7349874591978998712,300,2026-05-07T02:02:53.000Z,2026-05-07T02:07:53.000Z,-87.6,86.19999999999999,-94.6,-7,0,0.2,4717.9,4713.3,4713.8,4722.7,BUY,USD,1,1,1583663
D#1702533,XAUUSD,100,7349874591908139802,7349874591887699493,7349874591978998446,7349874591978998370,371,2026-05-07T02:01:44.000Z,2026-05-07T02:07:55.000Z,-17.2,16.849999999999998,-18.96,-1.76,0,0.05,4716.74,4713.08,4713.2,,BUY,USD,1,1,1583663
D#1702679,XAUUSD,100,7349874591908139871,7349874591887699561,7349874591978999268,7349874591978999265,309,2026-05-07T02:05:01.000Z,2026-05-07T02:10:10.000Z,-46.8,45.4,-53.8,-7,0,0.2,4714.96,4712.4,4712.65,4718.78,BUY,USD,1,1,1583663
D#1702580,XAUUSD,100,7349874591908139954,7349874591887699299,7349874591978996173,7349874591978995896,1118,2026-05-07T01:52:50.000Z,2026-05-07T02:11:28.000Z,96.2,-96.9,92.7,-3.5,0,0.1,4719.92,4710.52,4721.83,4710.36,SELL,USD,1,1,1583663
D#1614600,XAUUSD,100,7349874591908140014,7349874591887698434,7349874591979001157,7349874591978987440,2736,2026-05-07T01:26:18.000Z,2026-05-07T02:11:54.000Z,1.11,-1.1800000000000002,0.75,-0.36,0,0.01,4707.46,4708.35,4701.87,4760.07,BUY,USD,1,1,1583663
D#1702628,XAUUSD,100,7349874591908140056,7349874591887699533,7349874591979000770,7349874591978998910,518,2026-05-07T02:03:45.000Z,2026-05-07T02:12:23.000Z,103.6,-104.3,100.1,-3.5,0,0.1,4717.03,4706.89,,4706.89,SELL,USD,1,1,1583663
D#1702566,XAUUSD,100,7349874591908140077,7349874591887698914,7349874591979001400,7349874591978992453,1858,2026-05-07T01:41:42.000Z,2026-05-07T02:12:40.000Z,-201,198.9,-211.5,-10.5,0,0.3,4715.01,4708.09,,4724,BUY,USD,1,1,1583663
D#1702501,XAUUSD,100,7349874591908140148,7349874591887699372,7349874591979001611,7349874591978996774,1031,2026-05-07T01:55:59.000Z,2026-05-07T02:13:10.000Z,497,-500.5,479.5,-17.5,0,0.5,4714.53,4704.81,,4698.6,SELL,USD,1,1,1583663
D#1702373,XAUUSD,100,7349874591908140162,7349874591887699176,7349874591979001682,7349874591978994912,1427,2026-05-07T01:49:33.000Z,2026-05-07T02:13:20.000Z,-199.2,198.14999999999998,-204.46,-5.26,0,0.15,4719.53,4706.03,,4724.82,BUY,USD,1,1,1583663
D#1702679,XAUUSD,100,7349874591908140217,7349874591887699786,7349874591979001810,7349874591979001808,49,2026-05-07T02:13:39.000Z,2026-05-07T02:14:28.000Z,-29.2,27.8,-36.2,-7,0,0.2,4705.84,4704.16,4704.56,4714.72,BUY,USD,1,1,1583663
D#1702433,XAUUSD,100,7349874591908140240,7349874591887699625,7349874591979002180,7349874591979000142,397,2026-05-07T02:08:04.000Z,2026-05-07T02:14:41.000Z,-440.5,437.0,-458.0,-17.5,0,0.5,4713.76,4704.73,,4715.82,BUY,USD,1,1,1583663
D#1702513,XAUUSD,100,7349874591908140251,7349874591887699345,7349874591978996907,7349874591978996501,1190,2026-05-07T01:55:04.000Z,2026-05-07T02:14:54.000Z,414,-416.1,403.5,-10.5,0,0.3,4717.36,4703.78,4722.75,4703.84,SELL,USD,1,1,1583663
D#1614600,XAUUSD,100,7349874591908140290,7349874591887699752,7349874591979002460,7349874591979001491,158,2026-05-07T02:12:53.000Z,2026-05-07T02:15:31.000Z,-7.24,7.1000000000000005,-7.94,-0.7,0,0.02,4706.85,4703.01,4697.9,,BUY,USD,1,1,1583663
D#1614600,XAUUSD,100,7349874591908140492,7349874591887699897,7349874591979003425,7349874591979003078,72,2026-05-07T02:17:09.000Z,2026-05-07T02:18:21.000Z,-0.88,0.74,-1.58,-0.7,0,0.02,4706.92,4706.26,,,BUY,USD,1,1,1583663
D#1702679,XAUUSD,100,7349874591908140615,7349874591887699886,7349874591979002957,7349874591979002954,305,2026-05-07T02:16:47.000Z,2026-05-07T02:21:52.000Z,-35.6,34.2,-42.6,-7,0,0.2,4707.15,4705.15,4705.4,4714.72,BUY,USD,1,1,1583663
D#1702616,XAUUSD,100,7349874591908140631,7349874591887700006,7349874591979004368,7349874591979004355,4,2026-05-07T02:22:09.000Z,2026-05-07T02:22:13.000Z,0.74,-0.81,0.38,-0.36,0,0.01,4705.03,4704.51,,,SELL,USD,1,1,1583663
D#1702729,XAUUSD,100,7349874591908140784,7349874591887698291,7349874591979004922,7349874591978986055,3706,2026-05-07T01:22:04.000Z,2026-05-07T02:23:50.000Z,15.72,-15.930000000000001,14.66,-1.06,0,0.03,4708.98,4703.96,4708.73,4695,SELL,USD,1,1,1583663
D#1702533,XAUUSD,100,7349874591908140841,7349874591887699928,7349874591979003601,7349874591979003490,393,2026-05-07T02:18:34.000Z,2026-05-07T02:25:07.000Z,9.4,-10.1,5.9,-3.5,0,0.1,4705.73,4705.01,4704.8,,SELL,USD,1,1,1583663
D#1702710,XAUUSD,100,7349874591908141051,7349874591887700157,7349874591979006479,7349874591979005910,175,2026-05-07T02:27:07.000Z,2026-05-07T02:30:02.000Z,-89,85.5,-106.5,-17.5,0,0.5,4703.75,4701.75,4701.91,4711.71,BUY,USD,1,1,1583663
D#1702469,XAUUSD,100,7349874591908141145,7349874591887698553,7349874591978988960,7349874591978988798,3579,2026-05-07T01:30:51.000Z,2026-05-07T02:30:30.000Z,-14.01,13.799999999999999,-15.07,-1.06,0,0.03,4705.16,4700.27,4700.48,4741.88,BUY,USD,1,1,1583663
D#1702462,XAUUSD,100,7349874591908141146,7349874591887700195,7349874591979006591,7349874591979006356,98,2026-05-07T02:28:52.000Z,2026-05-07T02:30:30.000Z,-7.74,7.53,-8.8,-1.06,0,0.03,4703.07,4700.27,4700.49,,BUY,USD,1,1,1583663
D#1702462,XAUUSD,100,7349874591908141208,7349874591887700257,7349874591979007142,7349874591979007080,20,2026-05-07T02:31:08.000Z,2026-05-07T02:31:28.000Z,6.11,-7.0200000000000005,1.55,-4.56,0,0.13,4702.03,4702.28,4699.47,4701.85,BUY,USD,1,1,1583663
D#1702729,XAUUSD,100,7349874591908141233,7349874591887700077,7349874591979007304,7349874591979005122,431,2026-05-07T02:24:36.000Z,2026-05-07T02:31:47.000Z,1.17,-1.24,0.81,-0.36,0,0.01,4703.39,4702.44,4713.5,4693.5,SELL,USD,1,1,1583663
D#1702679,XAUUSD,100,7349874591908141276,7349874591887700287,7349874591979007415,7349874591979007414,55,2026-05-07T02:32:08.000Z,2026-05-07T02:33:03.000Z,-30.6,29.200000000000003,-37.6,-7,0,0.2,4702.21,4700.46,4700.36,4709.52,BUY,USD,1,1,1583663
D#1702679,XAUUSD,100,7349874591908141348,7349874591887700347,7349874591979008211,7349874591979008209,21,2026-05-07T02:34:45.000Z,2026-05-07T02:35:06.000Z,-31.8,30.400000000000002,-38.8,-7,0,0.2,4701.14,4702.95,4702.7,4697.83,SELL,USD,1,1,1583663
D#1614600,XAUUSD,100,7349874591908141376,7349874591887699925,7349874591979008500,7349874591979003460,1040,2026-05-07T02:18:28.000Z,2026-05-07T02:35:48.000Z,6.64,-6.779999999999999,5.94,-0.7,0,0.02,4705.97,4702.87,4711.09,,SELL,USD,1,1,1583663
D#1702580,XAUUSD,100,7349874591908141430,7349874591887700174,7349874591979006205,7349874591979006097,621,2026-05-07T02:27:48.000Z,2026-05-07T02:38:09.000Z,1.8,-2.5,-1.7,-3.5,0,0.1,4703.69,4703.73,4703.57,4694.21,SELL,USD,1,1,1583663
D#1702533,XAUUSD,100,7349874591908141439,7349874591887700304,7349874591979007914,7349874591979007712,339,2026-05-07T02:33:00.000Z,2026-05-07T02:38:39.000Z,-31.3,30.6,-34.8,-3.5,0,0.1,4700.47,4703.82,4703.7,,SELL,USD,1,1,1583663
D#1670926,XAUUSD,100,7349874591908141622,7349874591887698231,7349874591979010386,7349874591978985630,4952,2026-05-07T01:20:57.000Z,2026-05-07T02:43:29.000Z,69.5,-70.2,66.0,-3.5,0,0.1,4712.03,4705.3,4711.07,4701.16,SELL,USD,1,1,1583663
D#1702572,XAUUSD,100,7349874591908141842,7349874591887700530,7349874591979011677,7349874591979010769,233,2026-05-07T02:45:15.000Z,2026-05-07T02:49:08.000Z,3.92,-4.2,2.52,-1.4,0,0.04,4705.57,4706.33,4704,4714,BUY,USD,1,1,1583663
D#1702561,XAUUSD,100,7349874591908141860,7349874591887700354,7349874591979011872,7349874591979008298,903,2026-05-07T02:35:05.000Z,2026-05-07T02:50:08.000Z,-4.34,4.27,-4.7,-0.36,0,0.01,4702.57,4707.13,4710.44,4684.54,SELL,USD,1,1,1583663
D#1614600,XAUUSD,100,7349874591908141879,7349874591887700654,7349874591979012027,7349874591979011943,18,2026-05-07T02:50:22.000Z,2026-05-07T02:50:40.000Z,0.32,-0.46,-0.38,-0.7,0,0.02,4706.21,4706.15,,,BUY,USD,1,1,1583663
D#1702383,XAUUSD,100,7349874591908141880,7349874591887700344,7349874591979012028,7349874591979008185,961,2026-05-07T02:34:40.000Z,2026-05-07T02:50:41.000Z,37.73,-38.22,35.27,-2.46,0,0.07,4700.98,4706.15,4683.32,4713.89,BUY,USD,1,1,1583663
D#1614600,XAUUSD,100,7349874591908142015,7349874591887700667,7349874591979013009,7349874591979012168,212,2026-05-07T02:51:17.000Z,2026-05-07T02:54:49.000Z,-0.72,0.58,-1.42,-0.7,0,0.02,4707.4,4706.82,4700,,BUY,USD,1,1,1583663
D#1702495,XAUUSD,100,7349874591908142150,7349874591887700517,7349874591979013505,7349874591979010522,758,2026-05-07T02:44:03.000Z,2026-05-07T02:56:41.000Z,-181.5,178.0,-199.0,-17.5,0,0.5,4704.63,4708.48,,4696.38,SELL,USD,1,1,1583663
D#1671059,XAUUSD,100,7349874591908142189,7349874591887700011,7349874591979004643,7349874591979004437,2087,2026-05-07T02:22:27.000Z,2026-05-07T02:57:14.000Z,-47.9,47.199999999999996,-51.4,-3.5,0,0.1,4704.57,4709.58,4709.24,4687.32,SELL,USD,1,1,1583663
D#1702436,XAUUSD,100,7349874591908142248,7349874591887700316,7349874591979013895,7349874591979007857,1471,2026-05-07T02:33:28.000Z,2026-05-07T02:57:59.000Z,420,-423.5,402.5,-17.5,0,0.5,4701.55,4709.73,4701.31,4710.04,BUY,USD,1,1,1583663
D#1702448,XAUUSD,100,7349874591908142493,7349874591887700927,7349874591979015536,7349874591979015369,43,2026-05-07T03:03:51.000Z,2026-05-07T03:04:34.000Z,11.6,-12.299999999999999,8.1,-3.5,0,0.1,4707.36,4708.3,4701.21,,BUY,USD,1,1,1583663
D#1670958,XAUUSD,100,7349874591908142633,7349874591887698950,7349874591979016780,7349874591978992740,5267,2026-05-07T01:42:37.000Z,2026-05-07T03:10:24.000Z,25.85,-26.200000000000003,24.09,-1.76,0,0.05,4714.12,4709.17,4714.26,,SELL,USD,1,1,1583663
D#1702580,XAUUSD,100,7349874591908142652,7349874591887700452,7349874591979009717,7349874591979009382,1875,2026-05-07T02:40:46.000Z,2026-05-07T03:12:01.000Z,50.9,-51.6,47.4,-3.5,0,0.1,4701.66,4706.53,4707.19,4711.33,BUY,USD,1,1,1583663
D#1702711,XAUUSD,100,7349874591908142923,7349874591887700910,7349874591979018755,7349874591979015159,1022,2026-05-07T03:02:57.000Z,2026-05-07T03:19:59.000Z,-11.9,11.55,-13.66,-1.76,0,0.05,4705.86,4708.46,,,SELL,USD,1,1,1583663
D#1702622,XAUUSD,100,7349874591908142982,7349874591887700730,7349874591979019137,7349874591979013058,1590,2026-05-07T02:55:01.000Z,2026-05-07T03:21:31.000Z,7.54,-8.45,2.98,-4.56,0,0.13,4706.91,4707.27,,,BUY,USD,1,1,1583663
D#1702640,XAUUSD,100,7349874591908143266,7349874591887700828,7349874591979016196,7349874591979014174,1879,2026-05-07T02:59:03.000Z,2026-05-07T03:30:22.000Z,-207.9,204.75,-223.66,-15.76,0,0.45,4708.83,4703.99,4704.14,4714.65,BUY,USD,1,1,1583663
D#1702711,XAUUSD,100,7349874591908143464,7349874591887701200,7349874591979022730,7349874591979019027,1029,2026-05-07T03:21:04.000Z,2026-05-07T03:38:13.000Z,125.1,-127.19999999999999,114.6,-10.5,0,0.3,4707.35,4703.4,,4692.3,SELL,USD,1,1,1583663
D#1670955,XAUUSD,100,7349874591908143604,7349874591887700993,7349874591979023745,7349874591979016259,2189,2026-05-07T03:07:56.000Z,2026-05-07T03:44:25.000Z,107.2,-108.60000000000001,100.2,-7,0,0.2,4708.6,4703.46,,,SELL,USD,1,1,1583663
D#1702646,XAUUSD,100,7349874591908143752,7349874591887701620,7349874591979024757,7349874591979024643,40,2026-05-07T03:50:02.000Z,2026-05-07T03:50:42.000Z,-25.2,23.099999999999998,-35.7,-10.5,0,0.3,4704.39,4703.33,4703.49,4707.79,BUY,USD,1,1,1583663
D#1589455,XAUUSD,100,7349874591908143820,7349874591887701657,7349874591979025365,7349874591979025251,35,2026-05-07T03:54:00.000Z,2026-05-07T03:54:35.000Z,0.14,-0.21000000000000002,-0.22,-0.36,0,0.01,4704.11,4704.03,,,BUY,USD,1,1,1583663
D#1702732,XAUUSD,100,7349874591908143854,7349874591887701658,7349874591979025351,7349874591979025256,131,2026-05-07T03:54:02.000Z,2026-05-07T03:56:13.000Z,-15.8,15.100000000000001,-19.3,-3.5,0,0.1,4704.07,4702.27,4702.33,4709.31,BUY,USD,1,1,1583663
D#1702646,XAUUSD,100,7349874591908143861,7349874591887701629,7349874591979024946,7349874591979024804,319,2026-05-07T03:51:04.000Z,2026-05-07T03:56:23.000Z,-41.4,39.3,-51.9,-10.5,0,0.3,4703.2,4701.6,4701.75,4706.79,BUY,USD,1,1,1583663
D#1702679,XAUUSD,100,7349874591908143904,7349874591887700414,7349874591979009225,7349874591979009224,4720,2026-05-07T02:38:47.000Z,2026-05-07T03:57:27.000Z,-47.6,46.2,-54.6,-7,0,0.2,4703.5,4700.9,4700.98,4713.6,BUY,USD,1,1,1583663
D#1702415,XAUUSD,100,7349874591908143900,7349874591887701027,7349874591979017201,7349874591979017007,2739,2026-05-07T03:11:48.000Z,2026-05-07T03:57:27.000Z,-68.2,67.5,-71.7,-3.5,0,0.1,4707.93,4700.89,4701.59,4721.87,BUY,USD,1,1,1583663
D#1702347,XAUUSD,100,7349874591908143901,7349874591887701382,7349874591979021518,7349874591979011631,1527,2026-05-07T03:32:00.000Z,2026-05-07T03:57:27.000Z,-11.65,11.3,-13.41,-1.76,0,0.05,4703.44,4700.89,4701.27,4710.76,BUY,USD,1,1,1583663
D#1614600,XAUUSD,100,7349874591908143947,7349874591887700767,7349874591979013623,7349874591979013507,3683,2026-05-07T02:56:41.000Z,2026-05-07T03:58:04.000Z,-16.08,15.939999999999998,-16.78,-0.7,0,0.02,4708.51,4700.25,4700.33,,BUY,USD,1,1,1583663
D#1702628,XAUUSD,100,7349874591908144018,7349874591887700812,7349874591979013881,7349874591979013393,3697,2026-05-07T02:57:57.000Z,2026-05-07T03:59:34.000Z,101.3,-102.0,97.8,-3.5,0,0.1,4709.52,4699.61,4718.91,4699.51,SELL,USD,1,1,1583663
D#1702462,XAUUSD,100,7349874591908144022,7349874591887700429,7349874591979009470,7349874591979009399,4805,2026-05-07T02:39:33.000Z,2026-05-07T03:59:38.000Z,-51.61,50.7,-56.17,-4.56,0,0.13,4703.37,4699.18,4699.38,,BUY,USD,1,1,1583663
D#1702710,XAUUSD,100,7349874591908144035,7349874591887700223,7349874591979026200,7349874591979006670,5374,2026-05-07T02:30:06.000Z,2026-05-07T03:59:40.000Z,-118,114.5,-135.5,-17.5,0,0.5,4701.67,4699.09,,4712.25,BUY,USD,1,1,1583663
D#1589405,XAUUSD,100,7349874591908144037,7349874591887701717,7349874591979026203,7349874591979026019,58,2026-05-07T03:58:43.000Z,2026-05-07T03:59:41.000Z,-42.39,40.5,-51.85,-9.46,0,0.27,4700.87,4699.08,,,BUY,USD,1,1,1583663
D#1670926,XAUUSD,100,7349874591908144071,7349874591887700507,7349874591979010630,7349874591979010408,4587,2026-05-07T02:43:34.000Z,2026-05-07T04:00:01.000Z,-186.9,184.8,-197.4,-10.5,0,0.3,4705.32,4698.87,4699.01,4720.79,BUY,USD,1,1,1583663
D#1670870,XAUUSD,100,7349874591908144090,7349874591887700931,7349874591979015444,7349874591979015401,3368,2026-05-07T03:04:01.000Z,2026-05-07T04:00:09.000Z,-78.6,77.89999999999999,-82.1,-3.5,0,0.1,4706.8,4698.72,4698.85,4713.96,BUY,USD,1,1,1583663
D#1670958,XAUUSD,100,7349874591908144089,7349874591887701019,7349874591979016828,7349874591979016794,2978,2026-05-07T03:10:31.000Z,2026-05-07T04:00:09.000Z,-48.85,48.5,-50.61,-1.76,0,0.05,4708.71,4698.72,4698.88,,BUY,USD,1,1,1583663
D#1589405,XAUUSD,100,7349874591908144097,7349874591887701740,7349874591979026380,7349874591979026247,22,2026-05-07T03:59:52.000Z,2026-05-07T04:00:14.000Z,-4.32,2.43,-13.78,-9.46,0,0.27,4699.52,4699.14,,,BUY,USD,1,1,1583663
D#1589405,XAUUSD,100,7349874591908144136,7349874591887701759,7349874591979026484,7349874591979026397,12,2026-05-07T04:00:17.000Z,2026-05-07T04:00:29.000Z,-30.24,28.349999999999998,-39.7,-9.46,0,0.27,4699.41,4698.07,,,BUY,USD,1,1,1583663
D#1702729,XAUUSD,100,7349874591908144144,7349874591887700781,7349874591979013663,7349874591979012071,3796,2026-05-07T02:57:14.000Z,2026-05-07T04:00:30.000Z,23.38,-23.52,22.68,-0.7,0,0.02,4709.37,4697.9,4718,4698,SELL,USD,1,1,1583663
D#1702388,XAUUSD,100,7349874591908144162,7349874591887701339,7349874591979021012,7349874591979021011,1848,2026-05-07T03:29:43.000Z,2026-05-07T04:00:31.000Z,-59.52,58.96,-62.32,-2.8,0,0.08,4705.07,4697.41,4697.51,4719.5,BUY,USD,1,1,1583663
D#1702616,XAUUSD,100,7349874591908144176,7349874591887701655,7349874591979026535,7349874591979025173,427,2026-05-07T03:53:28.000Z,2026-05-07T04:00:35.000Z,-53.8,53.099999999999994,-57.3,-3.5,0,0.1,4702.74,4697.14,,,BUY,USD,1,1,1583663
D#1671083,XAUUSD,100,7349874591908144185,7349874591887701647,7349874591979026579,7349874591979025040,481,2026-05-07T03:52:39.000Z,2026-05-07T04:00:40.000Z,-192,189.2,-206.0,-14,0,0.4,4702.88,4697.86,,,BUY,USD,1,1,1583663
D#1589405,XAUUSD,100,7349874591908144190,7349874591887701777,7349874591979026633,7349874591979026529,19,2026-05-07T04:00:34.000Z,2026-05-07T04:00:53.000Z,-27.54,25.65,-37.0,-9.46,0,0.27,4697.15,4698.39,,,SELL,USD,1,1,1583663
D#1702377,XAUUSD,100,7349874591908144194,7349874591887701715,7349874591979026645,7349874591979025980,148,2026-05-07T03:58:27.000Z,2026-05-07T04:00:55.000Z,1.61,-1.6800000000000002,1.25,-0.36,0,0.01,4700.4,4699.01,,,SELL,USD,1,1,1583663
D#1702732,XAUUSD,100,7349874591908144323,7349874591887701840,7349874591979027268,7349874591979027090,100,2026-05-07T04:02:20.000Z,2026-05-07T04:04:00.000Z,3.15,-4.2,-2.11,-5.26,0,0.15,4698.94,4698.95,4698.85,4697.33,SELL,USD,1,1,1583663
D#1589455,XAUUSD,100,7349874591908144330,7349874591887701669,7349874591979027531,7349874591979025439,549,2026-05-07T03:55:07.000Z,2026-05-07T04:04:16.000Z,5.42,-5.49,5.06,-0.36,0,0.01,4704.01,4698.81,,,SELL,USD,1,1,1583663
D#1702515,XAUUSD,100,7349874591908144397,7349874591887701845,7349874591979027412,7349874591979027156,226,2026-05-07T04:02:34.000Z,2026-05-07T04:06:20.000Z,-50.1,48.0,-60.6,-10.5,0,0.3,4699.14,4701.03,4700.91,4697.14,SELL,USD,1,1,1583663
D#1702728,XAUUSD,100,7349874591908144505,7349874591887701924,7349874591979028770,7349874591979027969,237,2026-05-07T04:06:18.000Z,2026-05-07T04:10:15.000Z,-5,1.5,-22.5,-17.5,0,0.5,4700.2,4700.52,,,SELL,USD,1,1,1583663
D#1702646,XAUUSD,100,7349874591908144523,7349874591887702002,7349874591979028887,7349874591979028764,61,2026-05-07T04:10:14.000Z,2026-05-07T04:11:15.000Z,-38.7,36.6,-49.2,-10.5,0,0.3,4700.54,4699.03,4699.24,4703.76,BUY,USD,1,1,1583663
D#1702347,XAUUSD,100,7349874591908144572,7349874591887701774,7349874591979026501,7349874591979026033,762,2026-05-07T04:00:31.000Z,2026-05-07T04:13:13.000Z,-1.1,0.4,-4.6,-3.5,0,0.1,4697.71,4697.38,4697.19,4703.12,BUY,USD,1,1,1583663
D#1702546,XAUUSD,100,7349874591908144709,7349874591887700522,7349874591979029923,7349874591979010576,5512,2026-05-07T02:44:19.000Z,2026-05-07T04:16:11.000Z,-198.4,197.0,-205.4,-7,0,0.2,4705.51,4695.37,,4720.18,BUY,USD,1,1,1583663
D#1702628,XAUUSD,100,7349874591908144745,7349874591887702102,7349874591979030107,7349874591979029890,68,2026-05-07T04:16:04.000Z,2026-05-07T04:17:12.000Z,-12.2,11.5,-15.7,-3.5,0,0.1,4695.42,4696.86,,,SELL,USD,1,1,1583663
D#1670923,XAUUSD,100,7349874591908144833,7349874591887698808,7349874591979030645,7349874591978991459,9659,2026-05-07T01:38:51.000Z,2026-05-07T04:19:50.000Z,-138.6,137.9,-142.1,-3.5,0,0.1,4710.09,4696.01,,,BUY,USD,1,1,1583663
D#1702515,XAUUSD,100,7349874591908144861,7349874591887702125,7349874591979030859,7349874591979030109,220,2026-05-07T04:17:13.000Z,2026-05-07T04:20:53.000Z,-4.8,2.6999999999999997,-15.3,-10.5,0,0.3,4696.66,4697.04,4698.09,4693.75,SELL,USD,1,1,1583663
D#1670955,XAUUSD,100,7349874591908144885,7349874591887701993,7349874591979031016,7349874591979028675,725,2026-05-07T04:09:45.000Z,2026-05-07T04:21:50.000Z,-65.6,64.19999999999999,-72.6,-7,0,0.2,4700.24,4696.74,,,BUY,USD,1,1,1583663
D#1589405,XAUUSD,100,7349874591908145003,7349874591887701793,7349874591979031837,7349874591979026679,1552,2026-05-07T04:01:01.000Z,2026-05-07T04:26:53.000Z,113.1,-115.83,99.44,-13.66,0,0.39,4698.96,4696.28,,,SELL,USD,1,1,1583663
D#1670985,XAUUSD,100,7349874591908145084,7349874591887701521,7349874591979032596,7349874591979023419,2920,2026-05-07T03:42:39.000Z,2026-05-07T04:31:19.000Z,104.55,-105.6,99.29,-5.26,0,0.15,4703.48,4696.73,,4680,SELL,USD,1,1,1583663
D#1702515,XAUUSD,100,7349874591908145129,7349874591887702209,7349874591979031375,7349874591979031167,629,2026-05-07T04:22:37.000Z,2026-05-07T04:33:06.000Z,93.3,-95.39999999999999,82.8,-10.5,0,0.3,4698.09,4695.2,4697.85,4695.1,SELL,USD,1,1,1583663
D#1589405,XAUUSD,100,7349874591908145134,7349874591887702272,7349874591979031873,7349874591979031872,361,2026-05-07T04:27:05.000Z,2026-05-07T04:33:06.000Z,71.76,-74.49000000000001,58.1,-13.66,0,0.39,4696.82,4695.2,,4695.34,SELL,USD,1,1,1583663
D#1702372,XAUUSD,100,7349874591908145138,7349874591887701872,7349874591979029818,7349874591979027410,1769,2026-05-07T04:03:39.000Z,2026-05-07T04:33:08.000Z,40.95,-42.0,35.69,-5.26,0,0.15,4697.53,4695.02,4704.98,4694.97,SELL,USD,1,1,1583663
D#1671091,XAUUSD,100,7349874591908145173,7349874591887699059,7349874591979032959,7349874591978993731,10040,2026-05-07T01:46:01.000Z,2026-05-07T04:33:21.000Z,409.2,-410.59999999999997,402.2,-7,0,0.2,4714.87,4694.63,4725.93,4677.42,SELL,USD,1,1,1583663
D#1589409,XAUUSD,100,7349874591908145172,7349874591887699217,7349874591979032958,7349874591978995239,9758,2026-05-07T01:50:43.000Z,2026-05-07T04:33:21.000Z,-205.12,204.56,-207.92,-2.8,0,0.08,4720.31,4694.45,,,BUY,USD,1,1,1583663
D#1702580,XAUUSD,100,7349874591908145185,7349874591887702186,7349874591979030834,7349874591979030812,774,2026-05-07T04:20:36.000Z,2026-05-07T04:33:30.000Z,-9.85,9.5,-11.61,-1.76,0,0.05,4696.35,4694.16,4694.51,,BUY,USD,1,1,1583663
D#1702462,XAUUSD,100,7349874591908145193,7349874591887701975,7349874591979033022,7349874591979028494,1490,2026-05-07T04:08:51.000Z,2026-05-07T04:33:41.000Z,-127.16,125.61999999999999,-134.86,-7.7,0,0.22,4700.44,4694.44,,,BUY,USD,1,1,1583663
D#1702640,XAUUSD,100,7349874591908145272,7349874591887702369,7349874591979033226,7349874591979033124,24,2026-05-07T04:34:11.000Z,2026-05-07T04:34:35.000Z,0.39,-0.46,0.03,-0.36,0,0.01,4693.86,4693.69,,,SELL,USD,1,1,1583663
D#1702519,XAUUSD,100,7349874591908145284,7349874591887702333,7349874591979033318,7349874591979032813,141,2026-05-07T04:32:38.000Z,2026-05-07T04:34:59.000Z,56.1,-58.2,45.6,-10.5,0,0.3,4695.57,4693.92,,4691.91,SELL,USD,1,1,1583663
D#1702649,XAUUSD,100,7349874591908145295,7349874591887701462,7349874591979022665,7349874591979022663,3441,2026-05-07T03:37:43.000Z,2026-05-07T04:35:04.000Z,-66.85,66.36,-69.31,-2.46,0,0.07,4703.11,4693.34,4693.46,4718.15,BUY,USD,1,1,1583663
D#1702677,XAUUSD,100,7349874591908145306,7349874591887702072,7349874591979029625,7349874591978981512,1221,2026-05-07T04:14:53.000Z,2026-05-07T04:35:14.000Z,-37.6,36.9,-41.1,-3.5,0,0.1,4696.92,4692.94,4693.13,4711.92,BUY,USD,1,1,1583663
D#1645651,XAUUSD,100,7349874591908145314,7349874591887702231,7349874591979031705,7349874591979031457,640,2026-05-07T04:24:36.000Z,2026-05-07T04:35:16.000Z,-21.44,21.16,-22.84,-1.4,0,0.04,4698.19,4692.61,4692.69,4705.87,BUY,USD,1,1,1583663
D#1670935,XAUUSD,100,7349874591908145319,7349874591887702049,7349874591979033430,7349874591979029328,1327,2026-05-07T04:13:13.000Z,2026-05-07T04:35:20.000Z,-203,199.5,-220.5,-17.5,0,0.5,4697.6,4693.32,,,BUY,USD,1,1,1583663
D#1589455,XAUUSD,100,7349874591908145342,7349874591887701888,7349874591979033603,7349874591979027593,1897,2026-05-07T04:04:35.000Z,2026-05-07T04:36:12.000Z,69.9,-70.60000000000001,66.4,-3.5,0,0.1,4699.58,4692.81,,,SELL,USD,1,1,1583663
D#1589455,XAUUSD,100,7349874591908145370,7349874591887702423,7349874591979033751,7349874591979033708,11,2026-05-07T04:36:38.000Z,2026-05-07T04:36:49.000Z,2.1,-2.8000000000000003,-1.4,-3.5,0,0.1,4694.96,4694.95,,,BUY,USD,1,1,1583663
D#1702640,XAUUSD,100,7349874591908145421,7349874591887702381,7349874591979034064,7349874591979033244,210,2026-05-07T04:34:40.000Z,2026-05-07T04:38:10.000Z,-56.25,53.1,-72.01,-15.76,0,0.45,4693.61,4695.08,4701.67,4687.16,SELL,USD,1,1,1583663
D#1702347,XAUUSD,100,7349874591908145460,7349874591887702357,7349874591979034305,7349874591979033000,359,2026-05-07T04:33:34.000Z,2026-05-07T04:39:33.000Z,-13.9,13.200000000000001,-17.4,-3.5,0,0.1,4694.38,4695.99,,,SELL,USD,1,1,1583663
D#1702732,XAUUSD,100,7349874591908145463,7349874591887702056,7349874591979034322,7349874591979029410,1556,2026-05-07T04:13:39.000Z,2026-05-07T04:39:35.000Z,21.15,-22.2,15.89,-5.26,0,0.15,4697.1,4695.91,4696.55,4689.36,SELL,USD,1,1,1583663
D#1670979,XAUUSD,100,7349874591908145503,7349874591887702327,7349874591979032856,7349874591979032687,512,2026-05-07T04:31:50.000Z,2026-05-07T04:40:22.000Z,-30,28.6,-37.0,-7,0,0.2,4696.5,4698.22,4698.05,4691.04,SELL,USD,1,1,1583663
D#1671088,XAUUSD,100,7349874591908145572,7349874591887702506,7349874591979034830,7349874591979034592,88,2026-05-07T04:40:40.000Z,2026-05-07T04:42:08.000Z,5.7,-6.4,2.2,-3.5,0,0.1,4698.7,4699.05,,,BUY,USD,1,1,1583663
D#1589455,XAUUSD,100,7349874591908145724,7349874591887702494,7349874591979035681,7349874591979034451,387,2026-05-07T04:40:09.000Z,2026-05-07T04:46:36.000Z,1.4,-2.1,-2.1,-3.5,0,0.1,4697.39,4697.31,,,BUY,USD,1,1,1583663
D#1670985,XAUUSD,100,7349874591908145734,7349874591887702350,7349874591979035729,7349874591979032947,812,2026-05-07T04:33:17.000Z,2026-05-07T04:46:49.000Z,135,-138.5,117.5,-17.5,0,0.5,4694.83,4697.31,,,BUY,USD,1,1,1583663
D#1589455,XAUUSD,100,7349874591908145871,7349874591887702621,7349874591979036562,7349874591979035715,272,2026-05-07T04:46:45.000Z,2026-05-07T04:51:17.000Z,13.5,-14.2,10.0,-3.5,0,0.1,4697.27,4696.14,,,SELL,USD,1,1,1583663
D#1670920,XAUUSD,100,7349874591908145896,7349874591887702719,7349874591979036741,7349874591979036729,3,2026-05-07T04:52:05.000Z,2026-05-07T04:52:08.000Z,-18.55,14.84,-37.11,-18.56,0,0.53,4694.83,4695.4,,,SELL,USD,1,1,1583663
D#1670920,XAUUSD,100,7349874591908145920,7349874591887702732,7349874591979036918,7349874591979036812,51,2026-05-07T04:52:33.000Z,2026-05-07T04:53:24.000Z,-71.76,68.12,-89.96,-18.2,0,0.52,4695.08,4696.68,,4687.45,SELL,USD,1,1,1583663
D#1670976,XAUUSD,100,7349874591908145984,7349874591887702769,7349874591979037226,7349874591979037167,13,2026-05-07T04:54:42.000Z,2026-05-07T04:54:55.000Z,0.8,-1.5,-2.7,-3.5,0,0.1,4695.85,4695.71,,4698.8,BUY,USD,1,1,1583663
D#1670979,XAUUSD,100,7349874591908145990,7349874591887702590,7349874591979037265,7349874591979035383,594,2026-05-07T04:45:11.000Z,2026-05-07T04:55:05.000Z,41.6,-43.0,34.6,-7,0,0.2,4697.99,4696.13,4699.92,4693.88,SELL,USD,1,1,1583663
D#1670976,XAUUSD,100,7349874591908146035,7349874591887702780,7349874591979037352,7349874591979037257,88,2026-05-07T04:55:02.000Z,2026-05-07T04:56:30.000Z,-50.1,48.0,-60.6,-10.5,0,0.3,4696.32,4694.43,4694.53,4699.85,BUY,USD,1,1,1583663
D#1670920,XAUUSD,100,7349874591908146081,7349874591887702748,7349874591979037638,7349874591979036992,193,2026-05-07T04:53:48.000Z,2026-05-07T04:57:01.000Z,42,-44.8,28.0,-14,0,0.4,4695.92,4695.09,4696.03,4689.21,SELL,USD,1,1,1583663
D#1589455,XAUUSD,100,7349874591908146098,7349874591887702721,7349874591979037739,7349874591979036734,328,2026-05-07T04:52:07.000Z,2026-05-07T04:57:35.000Z,-17.1,16.400000000000002,-20.6,-3.5,0,0.1,4694.85,4696.78,,,SELL,USD,1,1,1583663
D#1670976,XAUUSD,100,7349874591908146108,7349874591887702828,7349874591979037803,7349874591979037769,12,2026-05-07T04:57:47.000Z,2026-05-07T04:57:59.000Z,0.31,-2.48,-10.55,-10.86,0,0.31,4696.48,4696.69,,,SELL,USD,1,1,1583663
D#1645651,XAUUSD,100,7349874591908146128,7349874591887702653,7349874591979037966,7349874591979036040,614,2026-05-07T04:48:34.000Z,2026-05-07T04:58:48.000Z,28.4,-29.799999999999997,21.4,-7,0,0.2,4696.09,4697.29,4691.71,4698.66,BUY,USD,1,1,1583663
D#1702515,XAUUSD,100,7349874591908146129,7349874591887702838,7349874591979037976,7349874591979037870,28,2026-05-07T04:58:22.000Z,2026-05-07T04:58:50.000Z,-13.5,11.4,-24.0,-10.5,0,0.3,4696.58,4697.25,,,SELL,USD,1,1,1583663
D#1670985,XAUUSD,100,7349874591908146198,7349874591887702662,7349874591979036104,7349874591979036103,738,2026-05-07T04:48:57.000Z,2026-05-07T05:01:15.000Z,95,-98.5,77.5,-17.5,0,0.5,4696.06,4697.74,,4698,BUY,USD,1,1,1583663
D#1670985,XAUUSD,100,7349874591908146235,7349874591887702892,7349874591979038638,7349874591979038614,6,2026-05-07T05:01:44.000Z,2026-05-07T05:01:50.000Z,-23.52,19.599999999999998,-43.12,-19.6,0,0.56,4698.23,4698.87,,,SELL,USD,1,1,1583663
D#1670976,XAUUSD,100,7349874591908146276,7349874591887702835,7349874591979037888,7349874591979037823,249,2026-05-07T04:58:04.000Z,2026-05-07T05:02:13.000Z,119.66,-121.83,108.8,-10.86,0,0.31,4696.62,4700.26,4696.59,4700.23,BUY,USD,1,1,1583663
D#1670956,XAUUSD,100,7349874591908146291,7349874591887702321,7349874591979032796,7349874591979032613,1853,2026-05-07T04:31:28.000Z,2026-05-07T05:02:21.000Z,-42.2,41.5,-45.7,-3.5,0,0.1,4696.56,4701,4700.84,4685.09,SELL,USD,1,1,1583663
D#1670979,XAUUSD,100,7349874591908146331,7349874591887702781,7349874591979037611,7349874591979037278,465,2026-05-07T04:55:13.000Z,2026-05-07T05:02:58.000Z,94.8,-96.2,87.8,-7,0,0.2,4696.01,4700.53,4692.71,4700.98,BUY,USD,1,1,1583663
D#1670985,XAUUSD,100,7349874591908146408,7349874591887702929,7349874591979039174,7349874591979038996,51,2026-05-07T05:03:15.000Z,2026-05-07T05:04:06.000Z,34.1,-37.95,14.84,-19.26,0,0.55,4700.97,4700.57,,4699,SELL,USD,1,1,1583663
D#1589455,XAUUSD,100,7349874591908146417,7349874591887702833,7349874591979039253,7349874591979037806,390,2026-05-07T04:57:59.000Z,2026-05-07T05:04:29.000Z,38.4,-39.1,34.9,-3.5,0,0.1,4696.7,4700.32,,,BUY,USD,1,1,1583663
D#1670870,XAUUSD,100,7349874591908146438,7349874591887702840,7349874591979039361,7349874591979037891,392,2026-05-07T04:58:27.000Z,2026-05-07T05:04:59.000Z,63.4,-64.8,56.4,-7,0,0.2,4697.12,4700.07,4691.85,,BUY,USD,1,1,1583663
D#1670985,XAUUSD,100,7349874591908146511,7349874591887703013,7349874591979039899,7349874591979039833,21,2026-05-07T05:06:53.000Z,2026-05-07T05:07:14.000Z,-20.9,17.049999999999997,-40.16,-19.26,0,0.55,4699.68,4699.08,,,BUY,USD,1,1,1583663
D#1589455,XAUUSD,100,7349874591908146586,7349874591887702977,7349874591979040699,7349874591979039398,379,2026-05-07T05:05:04.000Z,2026-05-07T05:11:23.000Z,0.3,-1.0,-3.2,-3.5,0,0.1,4699.68,4699.87,,,SELL,USD,1,1,1583663
D#1670976,XAUUSD,100,7349874591908146658,7349874591887703047,7349874591979040367,7349874591979040308,366,2026-05-07T05:09:07.000Z,2026-05-07T05:15:13.000Z,1.2,-2.6,-5.8,-7,0,0.2,4699.32,4699.16,4699.38,4704.78,BUY,USD,1,1,1583663
D#1670920,XAUUSD,100,7349874591908146671,7349874591887703095,7349874591979041469,7349874591979040980,181,2026-05-07T05:12:41.000Z,2026-05-07T05:15:42.000Z,19,-22.5,1.5,-17.5,0,0.5,4700.34,4700.18,4701.29,4690.43,SELL,USD,1,1,1583663
D#1702698,XAUUSD,100,7349874591908146681,7349874591887703051,7349874591979041556,7349874591979040342,410,2026-05-07T05:09:16.000Z,2026-05-07T05:16:06.000Z,42.4,-45.199999999999996,28.4,-14,0,0.4,4699.03,4699.87,4697.24,4702,BUY,USD,1,1,1583663
D#1670964,XAUUSD,100,7349874591908146735,7349874591887703075,7349874591979041950,7349874591979040748,387,2026-05-07T05:11:41.000Z,2026-05-07T05:18:08.000Z,-65.2,62.400000000000006,-79.2,-14,0,0.4,4700.8,4698.95,,,BUY,USD,1,1,1583663
D#1702732,XAUUSD,100,7349874591908146754,7349874591887702694,7349874591979036550,7349874591979036442,1659,2026-05-07T04:50:42.000Z,2026-05-07T05:18:21.000Z,25.05,-26.1,19.79,-5.26,0,0.15,4696.15,4697.6,4697.49,4703.87,BUY,USD,1,1,1583663
D#1670985,XAUUSD,100,7349874591908146750,7349874591887703120,7349874591979041997,7349874591979041388,186,2026-05-07T05:15:15.000Z,2026-05-07T05:18:21.000Z,-125.4,121.55000000000001,-144.66,-19.26,0,0.55,4699.81,4697.31,,4705,BUY,USD,1,1,1583663
D#1702551,XAUUSD,100,7349874591908146767,7349874591887703071,7349874591979040716,7349874591979039568,421,2026-05-07T05:11:27.000Z,2026-05-07T05:18:28.000Z,126,-128.8,112.0,-14,0,0.4,4700,4697.07,4702.57,4697.15,SELL,USD,1,1,1583663
D#1702524,XAUUSD,100,7349874591908146781,7349874591887703146,7349874591979042136,7349874591979041704,130,2026-05-07T05:16:47.000Z,2026-05-07T05:18:57.000Z,-27.7,27.0,-31.2,-3.5,0,0.1,4700.08,4697.09,4695.9,4711.82,BUY,USD,1,1,1583663
D#1670926,XAUUSD,100,7349874591908146852,7349874591887702996,7349874591979042406,7349874591979039668,839,2026-05-07T05:06:11.000Z,2026-05-07T05:20:10.000Z,-102.3,100.2,-112.8,-10.5,0,0.3,4699.03,4695.4,,4722.33,BUY,USD,1,1,1583663
D#1589455,XAUUSD,100,7349874591908146861,7349874591887703072,7349874591979042490,7349874591979040730,537,2026-05-07T05:11:34.000Z,2026-05-07T05:20:31.000Z,-44.3,43.599999999999994,-47.8,-3.5,0,0.1,4700.27,4695.62,,,BUY,USD,1,1,1583663
D#1670979,XAUUSD,100,7349874591908146871,7349874591887702975,7349874591979039560,7349874591979039393,938,2026-05-07T05:05:03.000Z,2026-05-07T05:20:41.000Z,96,-97.4,89.0,-7,0,0.2,4699.68,4695.1,4701.77,4695.01,SELL,USD,1,1,1583663
D#1589455,XAUUSD,100,7349874591908146907,7349874591887703219,7349874591979042670,7349874591979042495,39,2026-05-07T05:20:32.000Z,2026-05-07T05:21:11.000Z,-0.4,-0.30000000000000004,-3.9,-3.5,0,0.1,4695.74,4696,,,SELL,USD,1,1,1583663
D#1670976,XAUUSD,100,7349874591908146938,7349874591887703244,7349874591979042903,7349874591979042799,30,2026-05-07T05:21:44.000Z,2026-05-07T05:22:14.000Z,-26.7,24.599999999999998,-37.2,-10.5,0,0.3,4696.52,4695.41,4695.61,4700.24,BUY,USD,1,1,1583663
D#1702524,XAUUSD,100,7349874591908146949,7349874591887703188,7349874591979042748,7349874591979042161,213,2026-05-07T05:19:00.000Z,2026-05-07T05:22:33.000Z,0.6,-1.3,-2.9,-3.5,0,0.1,4697.07,4697.23,4696.83,4685.19,SELL,USD,1,1,1583663
D#1670976,XAUUSD,100,7349874591908146976,7349874591887703257,7349874591979042986,7349874591979042927,79,2026-05-07T05:22:20.000Z,2026-05-07T05:23:39.000Z,3.3,-5.4,-7.2,-10.5,0,0.3,4695.93,4695.82,4695.97,4699.6,BUY,USD,1,1,1583663
D#1670976,XAUUSD,100,7349874591908147030,7349874591887703282,7349874591979043514,7349874591979043258,65,2026-05-07T05:23:59.000Z,2026-05-07T05:25:04.000Z,-54.6,52.5,-65.1,-10.5,0,0.3,4696.97,4694.93,,4700.56,BUY,USD,1,1,1583663
D#1702515,XAUUSD,100,7349874591908147032,7349874591887703264,7349874591979043530,7349874591979042994,150,2026-05-07T05:22:37.000Z,2026-05-07T05:25:07.000Z,-60.9,58.8,-71.4,-10.5,0,0.3,4697.31,4695.06,,,BUY,USD,1,1,1583663
D#1670985,XAUUSD,100,7349874591908147031,7349874591887703276,7349874591979043525,7349874591979043229,74,2026-05-07T05:23:53.000Z,2026-05-07T05:25:07.000Z,-47.7,43.99,-66.26,-18.56,0,0.53,4696.18,4695.06,,4702,BUY,USD,1,1,1583663
D#1670976,XAUUSD,100,7349874591908147113,7349874591887703309,7349874591979043825,7349874591979043561,180,2026-05-07T05:25:12.000Z,2026-05-07T05:28:12.000Z,-38.85,36.4,-51.11,-12.26,0,0.35,4695.07,4696.4,4695.93,4692.01,SELL,USD,1,1,1583663
D#1670985,XAUUSD,100,7349874591908147111,7349874591887703316,7349874591979044101,7349874591979043659,155,2026-05-07T05:25:37.000Z,2026-05-07T05:28:12.000Z,-30.21,26.5,-48.77,-18.56,0,0.53,4695.21,4696,,4687,SELL,USD,1,1,1583663
D#1670976,XAUUSD,100,7349874591908147142,7349874591887703350,7349874591979044203,7349874591979044163,87,2026-05-07T05:28:33.000Z,2026-05-07T05:30:00.000Z,-30,26.5,-47.5,-17.5,0,0.5,4695.85,4695.03,4695.82,4698,BUY,USD,1,1,1583663
D#1670964,XAUUSD,100,7349874591908147156,7349874591887703231,7349874591979042743,7349874591979042661,539,2026-05-07T05:21:09.000Z,2026-05-07T05:30:08.000Z,-85.2,82.4,-99.2,-14,0,0.4,4695.75,4698.1,4697.83,,SELL,USD,1,1,1583663
D#1702551,XAUUSD,100,7349874591908147162,7349874591887703220,7349874591979042780,7349874591979042504,576,2026-05-07T05:20:35.000Z,2026-05-07T05:30:11.000Z,113.2,-116.0,99.2,-14,0,0.4,4695.75,4698.36,4693.37,4698.48,BUY,USD,1,1,1583663
D#1670976,XAUUSD,100,7349874591908147178,7349874591887703371,7349874591979044512,7349874591979044446,13,2026-05-07T05:30:04.000Z,2026-05-07T05:30:17.000Z,104,-107.5,86.5,-17.5,0,0.5,4697.22,4699.08,,,BUY,USD,1,1,1583663
D#1702372,XAUUSD,100,7349874591908147180,7349874591887703230,7349874591979042657,7349874591979042571,551,2026-05-07T05:21:08.000Z,2026-05-07T05:30:19.000Z,-51.75,50.7,-57.01,-5.26,0,0.15,4695.75,4699.42,4699.29,4689.32,SELL,USD,1,1,1583663
D#1702515,XAUUSD,100,7349874591908147192,7349874591887703358,7349874591979044585,7349874591979044327,62,2026-05-07T05:29:30.000Z,2026-05-07T05:30:32.000Z,77.4,-79.5,66.9,-10.5,0,0.3,4696.72,4699.08,,,BUY,USD,1,1,1583663
D#1702698,XAUUSD,100,7349874591908147206,7349874591887703177,7349874591979042221,7349874591979042030,754,2026-05-07T05:18:25.000Z,2026-05-07T05:30:59.000Z,112.4,-115.2,98.4,-14,0,0.4,4697.41,4700,,4699.98,BUY,USD,1,1,1583663
D#1702728,XAUUSD,100,7349874591908147202,7349874591887703344,7349874591979044294,7349874591979044086,173,2026-05-07T05:28:06.000Z,2026-05-07T05:30:59.000Z,169.6,-172.4,155.6,-14,0,0.4,4695.89,4699.91,4694.8,4699.84,BUY,USD,1,1,1583663
D#1702587,XAUUSD,100,7349874591908147233,7349874591887703331,7349874591979044728,7349874591979043841,274,2026-05-07T05:26:32.000Z,2026-05-07T05:31:06.000Z,-288.5,285.0,-306.0,-17.5,0,0.5,4695.32,4701.31,,4692.85,SELL,USD,1,1,1583663
D#1670976,XAUUSD,100,7349874591908147229,7349874591887703384,7349874591979044615,7349874591979044552,42,2026-05-07T05:30:24.000Z,2026-05-07T05:31:06.000Z,117.5,-121.0,100.0,-17.5,0,0.5,4698.98,4701.11,4699.01,4701.16,BUY,USD,1,1,1583663
D#1670964,XAUUSD,100,7349874591908147235,7349874591887703378,7349874591979044762,7349874591979044510,54,2026-05-07T05:30:16.000Z,2026-05-07T05:31:10.000Z,-82.4,79.60000000000001,-96.4,-14,0,0.4,4699.15,4701.43,,,SELL,USD,1,1,1583663
D#1702691,XAUUSD,100,7349874591908147302,7349874591887702038,7349874591979045074,7349874591979029237,4764,2026-05-07T04:12:53.000Z,2026-05-07T05:32:17.000Z,25.06,-25.549999999999997,22.6,-2.46,0,0.07,4697.71,4701.07,,,BUY,USD,1,1,1583663
D#1670985,XAUUSD,100,7349874591908147328,7349874591887703425,7349874591979045160,7349874591979045025,33,2026-05-07T05:32:05.000Z,2026-05-07T05:32:38.000Z,-99.32,95.67999999999999,-117.52,-18.2,0,0.52,4700.99,4703.12,,,SELL,USD,1,1,1583663
D#1702415,XAUUSD,100,7349874591908147365,7349874591887701906,7349874591979028036,7349874591979027802,5231,2026-05-07T04:05:37.000Z,2026-05-07T05:32:48.000Z,-46.9,46.199999999999996,-50.4,-3.5,0,0.1,4699.64,4704.55,4704.14,4684.89,SELL,USD,1,1,1583663
D#1702628,XAUUSD,100,7349874591908147369,7349874591887702142,7349874591979030246,7349874591979030245,4496,2026-05-07T04:17:52.000Z,2026-05-07T05:32:48.000Z,-80.3,79.6,-83.8,-3.5,0,0.1,4696.27,4704.52,4704.33,4681.62,SELL,USD,1,1,1583663
D#1670976,XAUUSD,100,7349874591908147368,7349874591887703404,7349874591979044951,7349874591979044779,95,2026-05-07T05:31:13.000Z,2026-05-07T05:32:48.000Z,141.5,-145.0,124.0,-17.5,0,0.5,4701.71,4704.32,4701.66,4703.75,BUY,USD,1,1,1583663
D#1671059,XAUUSD,100,7349874591908147419,7349874591887701853,7349874591979045348,7349874591979027253,5408,2026-05-07T04:03:02.000Z,2026-05-07T05:33:10.000Z,-99.8,98.39999999999999,-106.8,-7,0,0.2,4699.11,4704.32,,4685.56,SELL,USD,1,1,1583663
D#1702551,XAUUSD,100,7349874591908147501,7349874591887703457,7349874591979045819,7349874591979045319,106,2026-05-07T05:33:06.000Z,2026-05-07T05:34:52.000Z,30,-32.8,16.0,-14,0,0.4,4704.11,4703.58,,,SELL,USD,1,1,1583663
D#1670985,XAUUSD,100,7349874591908147516,7349874591887703464,7349874591979045906,7349874591979045347,120,2026-05-07T05:33:10.000Z,2026-05-07T05:35:10.000Z,-56,52.5,-73.5,-17.5,0,0.5,4704.32,4702.98,,,BUY,USD,1,1,1583663
D#1589455,XAUUSD,100,7349874591908147535,7349874591887703240,7349874591979046014,7349874591979042753,851,2026-05-07T05:21:32.000Z,2026-05-07T05:35:43.000Z,-77,76.3,-80.5,-3.5,0,0.1,4695.92,4703.84,,,SELL,USD,1,1,1583663
D#1670870,XAUUSD,100,7349874591908147542,7349874591887703094,7349874591979046052,7349874591979040973,1389,2026-05-07T05:12:40.000Z,2026-05-07T05:35:49.000Z,85.6,-87.0,78.6,-7,0,0.2,4700.58,4704.64,4700.63,4708.4,BUY,USD,1,1,1583663
D#1589455,XAUUSD,100,7349874591908147615,7349874591887703523,7349874591979046544,7349874591979046073,124,2026-05-07T05:35:53.000Z,2026-05-07T05:37:57.000Z,5.4,-6.1000000000000005,1.9,-3.5,0,0.1,4704.64,4704.96,,,BUY,USD,1,1,1583663
D#1702622,XAUUSD,100,7349874591908147643,7349874591887702567,7349874591979046754,7349874591979035218,3280,2026-05-07T04:44:13.000Z,2026-05-07T05:38:53.000Z,100.5,-101.55,95.24,-5.26,0,0.15,4698.1,4704.58,,,BUY,USD,1,1,1583663
D#1670976,XAUUSD,100,7349874591908147689,7349874591887703559,7349874591979046558,7349874591979046483,152,2026-05-07T05:37:41.000Z,2026-05-07T05:40:13.000Z,10.5,-12.6,0.0,-10.5,0,0.3,4704.61,4704.74,4704.85,4708.12,BUY,USD,1,1,1583663
D#1702551,XAUUSD,100,7349874591908147780,7349874591887703515,7349874591979046292,7349874591979045978,522,2026-05-07T05:35:30.000Z,2026-05-07T05:44:12.000Z,-36.8,34.0,-50.8,-14,0,0.4,4703.37,4704.51,4706.8,4704.35,SELL,USD,1,1,1583663
D#1670976,XAUUSD,100,7349874591908147781,7349874591887703630,7349874591979047364,7349874591979047292,174,2026-05-07T05:41:18.000Z,2026-05-07T05:44:12.000Z,0.3,-2.4,-10.2,-10.5,0,0.3,4704.52,4704.31,4704.5,4707.89,BUY,USD,1,1,1583663
D#1702412,XAUUSD,100,7349874591908147797,7349874591887703466,7349874591979047975,7349874591979045378,691,2026-05-07T05:33:15.000Z,2026-05-07T05:44:46.000Z,15.6,-18.4,1.6,-14,0,0.4,4703.94,4703.77,,,SELL,USD,1,1,1583663
D#1670956,XAUUSD,100,7349874591908147800,7349874591887703178,7349874591979047991,7349874591979042032,1587,2026-05-07T05:18:25.000Z,2026-05-07T05:44:52.000Z,62.7,-63.400000000000006,59.2,-3.5,0,0.1,4697.36,4703.41,4694.58,4708.82,BUY,USD,1,1,1583663
D#1702631,XAUUSD,100,7349874591908147829,7349874591887703608,7349874591979047137,7349874591979047012,360,2026-05-07T05:40:03.000Z,2026-05-07T05:46:03.000Z,-50,48.6,-57.0,-7,0,0.2,4705.3,4702.58,4702.71,4710.16,BUY,USD,1,1,1583663
D#1702515,XAUUSD,100,7349874591908147830,7349874591887703650,7349874591979047893,7349874591979047647,179,2026-05-07T05:43:04.000Z,2026-05-07T05:46:03.000Z,-85.2,83.10000000000001,-95.7,-10.5,0,0.3,4705.64,4702.58,4702.71,,BUY,USD,1,1,1583663
D#1702698,XAUUSD,100,7349874591908147833,7349874591887703592,7349874591979047110,7349874591979046894,389,2026-05-07T05:39:35.000Z,2026-05-07T05:46:04.000Z,121.6,-124.39999999999999,107.6,-14,0,0.4,4705.39,4702.57,4708.65,4702.53,SELL,USD,1,1,1583663
D#1702551,XAUUSD,100,7349874591908147965,7349874591887703683,7349874591979048203,7349874591979047992,452,2026-05-07T05:44:52.000Z,2026-05-07T05:52:24.000Z,88,-90.8,74.0,-14,0,0.4,4703.6,4705.58,4701.22,4705.35,BUY,USD,1,1,1583663
D#1670976,XAUUSD,100,7349874591908148007,7349874591887703732,7349874591979048826,7349874591979048781,235,2026-05-07T05:48:54.000Z,2026-05-07T05:52:49.000Z,112.5,-116.0,95.0,-17.5,0,0.5,4704.41,4706.44,4704.38,4706.44,BUY,USD,1,1,1583663
D#1670955,XAUUSD,100,7349874591908148010,7349874591887702200,7349874591979049579,7349874591979031032,5452,2026-05-07T04:21:59.000Z,2026-05-07T05:52:51.000Z,-194,192.6,-201.0,-7,0,0.2,4696.39,4706.31,,,SELL,USD,1,1,1583663
D#1702631,XAUUSD,100,7349874591908148138,7349874591887703855,7349874591979050289,7349874591979050128,70,2026-05-07T05:56:01.000Z,2026-05-07T05:57:11.000Z,-23.2,21.8,-30.2,-7,0,0.2,4704.07,4702.69,4702.92,4708.73,BUY,USD,1,1,1583663
D#1702515,XAUUSD,100,7349874591908148154,7349874591887703719,7349874591979049041,7349874591979048462,638,2026-05-07T05:47:11.000Z,2026-05-07T05:57:49.000Z,-52.2,50.1,-62.7,-10.5,0,0.3,4703.73,4701.77,4702.71,4707.11,BUY,USD,1,1,1583663
D#1702518,XAUUSD,100,7349874591908148188,7349874591887703137,7349874591979050608,7349874591979041608,2512,2026-05-07T05:16:23.000Z,2026-05-07T05:58:15.000Z,15.2,-15.899999999999999,11.7,-3.5,0,0.1,4700.46,4701.76,4691.91,4741.49,BUY,USD,1,1,1583663
D#1702527,XAUUSD,100,7349874591908148192,7349874591887703728,7349874591979048653,7349874591979048651,607,2026-05-07T05:48:10.000Z,2026-05-07T05:58:17.000Z,-14.5,14.15,-16.26,-1.76,0,0.05,4704.1,4700.98,4701.55,4725.4,BUY,USD,1,1,1583663
D#1702412,XAUUSD,100,7349874591908148267,7349874591887703929,7349874591979051094,7349874591979050932,49,2026-05-07T05:59:25.000Z,2026-05-07T06:00:14.000Z,29.2,-32.0,15.2,-14,0,0.4,4702.35,4702.86,,,BUY,USD,1,1,1583663
D#1702348,XAUUSD,100,7349874591908148285,7349874591887703556,7349874591979051273,7349874591979046427,1420,2026-05-07T05:37:23.000Z,2026-05-07T06:01:03.000Z,4.6,-6.0,-2.4,-7,0,0.2,4704.57,4704.56,,4698.91,SELL,USD,1,1,1583663
D#1702518,XAUUSD,100,7349874591908148286,7349874591887703908,7349874591979051285,7349874591979050655,163,2026-05-07T05:58:22.000Z,2026-05-07T06:01:05.000Z,-3.43,3.3600000000000003,-3.79,-0.36,0,0.01,4701.15,4704.8,,,SELL,USD,1,1,1583663
D#1670979,XAUUSD,100,7349874591908148354,7349874591887703922,7349874591979051185,7349874591979050837,203,2026-05-07T05:59:03.000Z,2026-05-07T06:02:26.000Z,-101.4,100.0,-108.4,-7,0,0.2,4702.08,4707.37,4706.77,4697.94,SELL,USD,1,1,1583663
D#1702551,XAUUSD,100,7349874591908148508,7349874591887703987,7349874591979052448,7349874591979051691,187,2026-05-07T06:02:34.000Z,2026-05-07T06:05:41.000Z,90,-92.8,76.0,-14,0,0.4,4707.47,4705.44,4710.69,4704.61,SELL,USD,1,1,1583663
D#1670976,XAUUSD,100,7349874591908148551,7349874591887703990,7349874591979052508,7349874591979051702,258,2026-05-07T06:02:37.000Z,2026-05-07T06:06:55.000Z,-104,100.5,-121.5,-17.5,0,0.5,4707.23,4704.93,4705.28,4709.21,BUY,USD,1,1,1583663
D#1702519,XAUUSD,100,7349874591908148599,7349874591887704025,7349874591979053039,7349874591979052156,219,2026-05-07T06:04:23.000Z,2026-05-07T06:08:02.000Z,42.9,-45.0,32.4,-10.5,0,0.3,4705.65,4706.86,,4708.67,BUY,USD,1,1,1583663
D#1670976,XAUUSD,100,7349874591908148604,7349874591887704082,7349874591979053074,7349874591979052810,62,2026-05-07T06:07:07.000Z,2026-05-07T06:08:09.000Z,-5.94,2.16,-24.84,-18.9,0,0.54,4706.31,4705.98,4706.22,4708.26,BUY,USD,1,1,1583663
D#1670917,XAUUSD,100,7349874591908148636,7349874591887702912,7349874591979039109,7349874591979038792,3994,2026-05-07T05:02:27.000Z,2026-05-07T06:09:01.000Z,-71,70.3,-74.5,-3.5,0,0.1,4700.65,4707.97,4707.79,4686.44,SELL,USD,1,1,1583663
D#1670979,XAUUSD,100,7349874591908148634,7349874591887704028,7349874591979052516,7349874591979052205,263,2026-05-07T06:04:38.000Z,2026-05-07T06:09:01.000Z,-43.6,42.2,-50.6,-7,0,0.2,4705.57,4707.97,4707.7,4700.94,SELL,USD,1,1,1583663
D#1670976,XAUUSD,100,7349874591908148642,7349874591887704116,7349874591979053292,7349874591979053216,20,2026-05-07T06:08:42.000Z,2026-05-07T06:09:02.000Z,64.66,-68.36999999999999,46.1,-18.56,0,0.53,4706.33,4707.33,,,BUY,USD,1,1,1583663
D#1702690,XAUUSD,100,7349874591908148689,7349874591887702008,7349874591979028994,7349874591979028817,7167,2026-05-07T04:10:33.000Z,2026-05-07T06:10:00.000Z,41.25,-41.6,39.49,-1.76,0,0.05,4700.42,4708.45,,4708.35,BUY,USD,1,1,1583663
D#1702648,XAUUSD,100,7349874591908148702,7349874591887702362,7349874591979039973,7349874591979033042,5779,2026-05-07T04:33:46.000Z,2026-05-07T06:10:05.000Z,353.5,-355.25,344.74,-8.76,0,0.25,4694.67,4708.59,,4708.86,BUY,USD,1,1,1583663
D#1670917,XAUUSD,100,7349874591908148716,7349874591887704154,7349874591979053751,7349874591979053709,10,2026-05-07T06:10:31.000Z,2026-05-07T06:10:41.000Z,2.3,-3.0,-1.2,-3.5,0,0.1,4707.53,4707.54,,,BUY,USD,1,1,1583663
D#1702524,XAUUSD,100,7349874591908148744,7349874591887703263,7349874591979044957,7349874591979042991,2914,2026-05-07T05:22:36.000Z,2026-05-07T06:11:10.000Z,122,-122.7,118.5,-3.5,0,0.1,4697.32,4709.3,4698.38,4709.16,BUY,USD,1,1,1583663
D#1670956,XAUUSD,100,7349874591908148738,7349874591887703846,7349874591979050251,7349874591979050050,938,2026-05-07T05:55:32.000Z,2026-05-07T06:11:10.000Z,-44.5,43.8,-48.0,-3.5,0,0.1,4704.76,4709.43,4708.92,4693.18,SELL,USD,1,1,1583663
D#1670976,XAUUSD,100,7349874591908148743,7349874591887704133,7349874591979053444,7349874591979053400,104,2026-05-07T06:09:26.000Z,2026-05-07T06:11:10.000Z,130.91,-134.62,112.35,-18.56,0,0.53,4707.05,4709.3,4707.07,4709.11,BUY,USD,1,1,1583663
D#1589455,XAUUSD,100,7349874591908148752,7349874591887703565,7349874591979053950,7349874591979046578,1992,2026-05-07T05:38:06.000Z,2026-05-07T06:11:18.000Z,-40.5,39.8,-44.0,-3.5,0,0.1,4704.76,4709.03,,,SELL,USD,1,1,1583663
D#1702457,XAUUSD,100,7349874591908148779,7349874591887704150,7349874591979054153,7349874591979053628,116,2026-05-07T06:10:15.000Z,2026-05-07T06:12:11.000Z,44.4,-46.5,33.9,-10.5,0,0.3,4708.1,4709.36,,,BUY,USD,1,1,1583663
D#1702729,XAUUSD,100,7349874591908148825,7349874591887702314,7349874591979035087,7349874591979032543,6101,2026-05-07T04:30:58.000Z,2026-05-07T06:12:39.000Z,-26.42,26.28,-27.12,-0.7,0,0.02,4696.89,4710.32,4710,4690.64,SELL,USD,1,1,1583663
D#1702348,XAUUSD,100,7349874591908148826,7349874591887703963,7349874591979051998,7349874591979051383,673,2026-05-07T06:01:26.000Z,2026-05-07T06:12:39.000Z,117.4,-118.80000000000001,110.4,-7,0,0.2,4704.6,4710.25,,4710.34,BUY,USD,1,1,1583663
D#1670979,XAUUSD,100,7349874591908148824,7349874591887704136,7349874591979053699,7349874591979053420,189,2026-05-07T06:09:30.000Z,2026-05-07T06:12:39.000Z,-67.2,65.8,-74.2,-7,0,0.2,4706.74,4710.32,4710.09,4702.73,SELL,USD,1,1,1583663
D#1589455,XAUUSD,100,7349874591908148830,7349874591887704197,7349874591979054308,7349874591979054128,39,2026-05-07T06:12:05.000Z,2026-05-07T06:12:44.000Z,34.6,-36.0,27.6,-7,0,0.2,4708.64,4710.15,,,BUY,USD,1,1,1583663
D#1670976,XAUUSD,100,7349874591908148844,7349874591887704185,7349874591979054061,7349874591979053972,90,2026-05-07T06:11:24.000Z,2026-05-07T06:12:54.000Z,-2.12,-1.5899999999999999,-20.68,-18.56,0,0.53,4709.12,4708.86,4709.12,4712.87,BUY,USD,1,1,1583663
D#1670976,XAUUSD,100,7349874591908148874,7349874591887704225,7349874591979054478,7349874591979054398,19,2026-05-07T06:13:00.000Z,2026-05-07T06:13:19.000Z,-49.82,46.11,-68.38,-18.56,0,0.53,4708.38,4709.54,,,SELL,USD,1,1,1583663
D#1670976,XAUUSD,100,7349874591908148928,7349874591887704240,7349874591979054793,7349874591979054493,74,2026-05-07T06:13:22.000Z,2026-05-07T06:14:36.000Z,-56.71,53.0,-75.27,-18.56,0,0.53,4709.68,4708.39,4708.51,4711.93,BUY,USD,1,1,1583663
D#1670976,XAUUSD,100,7349874591908148986,7349874591887704282,7349874591979055007,7349874591979054907,71,2026-05-07T06:14:57.000Z,2026-05-07T06:16:08.000Z,-34.45,30.740000000000002,-53.01,-18.56,0,0.53,4708.03,4708.9,4708.72,4706.12,SELL,USD,1,1,1583663
D#1702572,XAUUSD,100,7349874591908149006,7349874591887704235,7349874591979055279,7349874591979054457,191,2026-05-07T06:13:14.000Z,2026-05-07T06:16:25.000Z,-7.28,7.0,-8.68,-1.4,0,0.04,4708.35,4710.39,4710,4706,SELL,USD,1,1,1583663
D#1670979,XAUUSD,100,7349874591908149007,7349874591887704260,7349874591979055104,7349874591979054716,132,2026-05-07T06:14:15.000Z,2026-05-07T06:16:27.000Z,-17.2,15.799999999999999,-24.2,-7,0,0.2,4709.25,4710.33,4710.3,4704.87,SELL,USD,1,1,1583663
D#1702412,XAUUSD,100,7349874591908149013,7349874591887704193,7349874591979055362,7349874591979054078,283,2026-05-07T06:11:51.000Z,2026-05-07T06:16:34.000Z,70,-72.8,56.0,-14,0,0.4,4708.65,4710.18,,,BUY,USD,1,1,1583663
D#1702576,XAUUSD,100,7349874591908149031,7349874591887701881,7349874591979028316,7349874591979027522,7971,2026-05-07T04:04:12.000Z,2026-05-07T06:17:03.000Z,-180.15,179.1,-185.41,-5.26,0,0.15,4698.85,4711.08,4710.87,4691.16,SELL,USD,1,1,1583663
D#1702388,XAUUSD,100,7349874591908149030,7349874591887702165,7349874591979030527,7349874591979030524,7063,2026-05-07T04:19:20.000Z,2026-05-07T06:17:03.000Z,117.36,-117.92,114.56,-2.8,0,0.08,4696.46,4710.91,4682.63,4710.9,BUY,USD,1,1,1583663
D#1702698,XAUUSD,100,7349874591908149032,7349874591887704127,7349874591979053622,7349874591979053317,476,2026-05-07T06:09:07.000Z,2026-05-07T06:17:03.000Z,-152.8,150.0,-166.8,-14,0,0.4,4707.04,4711.08,4710.94,4704.39,SELL,USD,1,1,1583663
D#1670976,XAUUSD,100,7349874591908149061,7349874591887704311,7349874591979055651,7349874591979055243,98,2026-05-07T06:16:12.000Z,2026-05-07T06:17:50.000Z,66.25,-69.96,47.69,-18.56,0,0.53,4708.82,4709.85,4708.81,4715.57,BUY,USD,1,1,1583663
D#1670976,XAUUSD,100,7349874591908149087,7349874591887704343,7349874591979055816,7349874591979055717,45,2026-05-07T06:18:10.000Z,2026-05-07T06:18:55.000Z,-51.94,48.23,-70.5,-18.56,0,0.53,4710.12,4708.92,4709.09,4712.45,BUY,USD,1,1,1583663
D#1702502,XAUUSD,100,7349874591908149128,7349874591887704286,7349874591979056148,7349874591979054932,305,2026-05-07T06:15:02.000Z,2026-05-07T06:20:07.000Z,8.35,-8.7,6.59,-1.76,0,0.05,4708.22,4709.67,4699.18,,BUY,USD,1,1,1583663
D#1702551,XAUUSD,100,7349874591908149161,7349874591887704187,7349874591979054353,7349874591979054006,551,2026-05-07T06:11:32.000Z,2026-05-07T06:20:43.000Z,-104.8,102.0,-118.8,-14,0,0.4,4708.95,4711.79,4711.59,,SELL,USD,1,1,1583663
D#1702518,XAUUSD,100,7349874591908149184,7349874591887703960,7349874591979056374,7349874591979051347,1175,2026-05-07T06:01:16.000Z,2026-05-07T06:20:51.000Z,441,-444.5,423.5,-17.5,0,0.5,4703.83,4712.43,,4712.64,BUY,USD,1,1,1583663
D#1702358,XAUUSD,100,7349874591908149204,7349874591887703411,7349874591979045511,7349874591979044841,2968,2026-05-07T05:31:28.000Z,2026-05-07T06:20:56.000Z,-58.7,58.35,-60.46,-1.76,0,0.05,4701.64,4713.6,4713.39,4661.51,SELL,USD,1,1,1583663
D#1702477,XAUUSD,100,7349874591908149234,7349874591887704296,7349874591979056469,7349874591979055057,341,2026-05-07T06:15:24.000Z,2026-05-07T06:21:05.000Z,82.95,-84.0,77.69,-5.26,0,0.15,4707.89,4713.2,,,BUY,USD,1,1,1583663
D#1702360,XAUUSD,100,7349874591908149243,7349874591887704353,7349874591979056518,7349874591979055825,146,2026-05-07T06:18:46.000Z,2026-05-07T06:21:12.000Z,3.71,-3.78,3.35,-0.36,0,0.01,4709.45,4712.94,,,BUY,USD,1,1,1583663
D#1702383,XAUUSD,100,7349874591908149278,7349874591887701098,7349874591979056704,7349874591979017729,11222,2026-05-07T03:14:54.000Z,2026-05-07T06:21:56.000Z,49.7,-50.190000000000005,47.24,-2.46,0,0.07,4706.41,4713.29,4688.7,4719.55,BUY,USD,1,1,1583663
D#1702467,XAUUSD,100,7349874591908149413,7349874591887703674,7349874591979048051,7349874591979047906,2445,2026-05-07T05:44:25.000Z,2026-05-07T06:25:10.000Z,96.2,-96.9,92.7,-3.5,0,0.1,4704.79,4714.19,4696.6,4714.32,BUY,USD,1,1,1583663
D#1670976,XAUUSD,100,7349874591908149451,7349874591887704355,7349874591979056542,7349874591979055900,389,2026-05-07T06:19:05.000Z,2026-05-07T06:25:34.000Z,162,-165.5,144.5,-17.5,0,0.5,4709.87,4712.89,4713.14,4718.53,BUY,USD,1,1,1583663
D#1702721,XAUUSD,100,7349874591908149496,7349874591887704397,7349874591979056648,7349874591979056314,339,2026-05-07T06:20:44.000Z,2026-05-07T06:26:23.000Z,-0.4,-1.0,-7.4,-7,0,0.2,4711.79,4711.55,4711.77,4720.91,BUY,USD,1,1,1583663
D#1702667,XAUUSD,100,7349874591908149569,7349874591887704405,7349874591979056402,7349874591979013354,416,2026-05-07T06:20:56.000Z,2026-05-07T06:27:52.000Z,-4.8,4.59,-5.86,-1.06,0,0.03,4713.31,4715.13,4715.01,4660.18,SELL,USD,1,1,1583663
D#1589455,XAUUSD,100,7349874591908149582,7349874591887704288,7349874591979058463,7349874591979054951,784,2026-05-07T06:15:06.000Z,2026-05-07T06:28:10.000Z,-147.8,146.4,-154.8,-7,0,0.2,4707.39,4715,,,SELL,USD,1,1,1583663
D#1702348,XAUUSD,100,7349874591908149589,7349874591887704254,7349874591979057237,7349874591979054617,876,2026-05-07T06:13:50.000Z,2026-05-07T06:28:26.000Z,119.6,-121.0,112.6,-7,0,0.2,4709.6,4715.36,,4715.29,BUY,USD,1,1,1583663
D#1589405,XAUUSD,100,7349874591908149606,7349874591887703749,7349874591979058587,7349874591979049133,2271,2026-05-07T05:50:49.000Z,2026-05-07T06:28:40.000Z,-281.4,279.29999999999995,-291.9,-10.5,0,0.3,4705.01,4714.61,,,SELL,USD,1,1,1583663
D#1702576,XAUUSD,100,7349874591908149612,7349874591887704357,7349874591979058636,7349874591979055913,584,2026-05-07T06:19:08.000Z,2026-05-07T06:28:52.000Z,71.95,-73.0,66.69,-5.26,0,0.15,4709.14,4714.65,4692.15,,BUY,USD,1,1,1583663
D#1702665,XAUUSD,100,7349874591908149634,7349874591887702760,7349874591979037231,7349874591979037099,5689,2026-05-07T04:54:21.000Z,2026-05-07T06:29:10.000Z,-40.94,40.8,-41.64,-0.7,0,0.02,4695.63,4716.32,4716.17,4659.55,SELL,USD,1,1,1583663
D#1702551,XAUUSD,100,7349874591908149648,7349874591887704420,7349874591979058667,7349874591979056585,474,2026-05-07T06:21:29.000Z,2026-05-07T06:29:23.000Z,-148,145.2,-162.0,-14,0,0.4,4713.01,4716.93,4716.48,4710.14,SELL,USD,1,1,1583663
D#1702730,XAUUSD,100,7349874591908149662,7349874591887700193,7349874591979006558,7349874591979006346,14434,2026-05-07T02:28:50.000Z,2026-05-07T06:29:24.000Z,-108.32,107.75999999999999,-111.12,-2.8,0,0.08,4703.36,4717.12,4716.94,4688.61,SELL,USD,1,1,1583663
D#1702698,XAUUSD,100,7349874591908149661,7349874591887704502,7349874591979057995,7349874591979057521,263,2026-05-07T06:25:01.000Z,2026-05-07T06:29:24.000Z,-128.4,125.60000000000001,-142.4,-14,0,0.4,4713.69,4717.12,4716.97,4710.5,SELL,USD,1,1,1583663
D#1645641,XAUUSD,100,7349874591908149699,7349874591887704201,7349874591979055989,7349874591979054198,1034,2026-05-07T06:12:20.000Z,2026-05-07T06:29:34.000Z,82.2,-82.9,78.7,-3.5,0,0.1,4709.73,4717.73,,4717.72,BUY,USD,1,1,1583663
D#1671050,XAUUSD,100,7349874591908149714,7349874591887702636,7349874591979058887,7349874591979035840,6136,2026-05-07T04:47:24.000Z,2026-05-07T06:29:40.000Z,-210.8,210.10000000000002,-214.3,-3.5,0,0.1,4696.3,4717.6,,,SELL,USD,1,1,1583663
D#1702737,XAUUSD,100,7349874591908149722,7349874591887704410,7349874591979058926,7349874591979056434,531,2026-05-07T06:20:59.000Z,2026-05-07T06:29:50.000Z,-38.2,37.5,-41.7,-3.5,0,0.1,4713.49,4717.53,,,SELL,USD,1,1,1583663
D#1702739,XAUUSD,100,7349874591908149812,7349874591887704676,7349874591979059227,7349874591979059184,7,2026-05-07T06:30:34.000Z,2026-05-07T06:30:41.000Z,12,-14.1,1.5,-10.5,0,0.3,4716.93,4717.11,,,BUY,USD,1,1,1583663
D#1670976,XAUUSD,100,7349874591908149853,7349874591887704534,7349874591979058254,7349874591979057779,335,2026-05-07T06:25:43.000Z,2026-05-07T06:31:18.000Z,282.5,-286.0,265.0,-17.5,0,0.5,4712.96,4718.39,4716.12,4718.5,BUY,USD,1,1,1583663
D#1702477,XAUUSD,100,7349874591908149863,7349874591887704421,7349874591979059459,7349874591979056592,591,2026-05-07T06:21:32.000Z,2026-05-07T06:31:23.000Z,94.65,-95.7,89.39,-5.26,0,0.15,4712.91,4719,,,BUY,USD,1,1,1583663
D#1702524,XAUUSD,100,7349874591908149892,7349874591887704181,7349874591979054150,7349874591979053925,1218,2026-05-07T06:11:12.000Z,2026-05-07T06:31:30.000Z,120.7,-121.4,117.2,-3.5,0,0.1,4709.16,4721.01,4700.22,4721.02,BUY,USD,1,1,1583663
D#1702347,XAUUSD,100,7349874591908149932,7349874591887702484,7349874591979034370,7349874591979034323,6715,2026-05-07T04:39:36.000Z,2026-05-07T06:31:31.000Z,218.95,-219.64999999999998,215.44,-3.51,0,0.1,4695.91,4721.77,4692.6,4721.27,BUY,USD,1,1,1583663
D#1589419,XAUUSD,100,7349874591908149929,7349874591887704259,7349874591979054850,7349874591979054711,1036,2026-05-07T06:14:15.000Z,2026-05-07T06:31:31.000Z,-62.5,62.15,-64.26,-1.76,0,0.05,4709.35,4722.07,4721.4,4687.81,SELL,USD,1,1,1583663
D#1702739,XAUUSD,100,7349874591908149947,7349874591887704697,7349874591979059522,7349874591979059398,19,2026-05-07T06:31:12.000Z,2026-05-07T06:31:31.000Z,150.3,-152.4,139.8,-10.5,0,0.3,4717.66,4722.45,,,BUY,USD,1,1,1583663
D#1702681,XAUUSD,100,7349874591908150027,7349874591887699607,7349874591978999996,7349874591978999955,15848,2026-05-07T02:07:24.000Z,2026-05-07T06:31:32.000Z,-27.42,27.21,-28.48,-1.06,0,0.03,4714.99,4724.35,4722.6,4675.37,SELL,USD,1,1,1583663
D#1702575,XAUUSD,100,7349874591908149981,7349874591887703981,7349874591979051866,7349874591979051632,1751,2026-05-07T06:02:21.000Z,2026-05-07T06:31:32.000Z,86.65,-87.0,84.89,-1.76,0,0.05,4706.11,4723.22,,4722,BUY,USD,1,1,1583663
D#1702415,XAUUSD,100,7349874591908150041,7349874591887704191,7349874591979054319,7349874591979054052,1188,2026-05-07T06:11:44.000Z,2026-05-07T06:31:32.000Z,142.8,-143.5,139.3,-3.5,0,0.1,4708.9,4722.96,4704.12,4724.03,BUY,USD,1,1,1583663
D#1702348,XAUUSD,100,7349874591908150004,7349874591887704648,7349874591979059464,7349874591979058908,108,2026-05-07T06:29:44.000Z,2026-05-07T06:31:32.000Z,139.8,-141.20000000000002,132.8,-7,0,0.2,4717.35,4724.12,,4722.79,BUY,USD,1,1,1583663
D#1670976,XAUUSD,100,7349874591908149977,7349874591887704706,7349874591979059528,7349874591979059485,5,2026-05-07T06:31:27.000Z,2026-05-07T06:31:32.000Z,41.9,-42.6,38.4,-3.5,0,0.1,4719.25,4723.22,,,BUY,USD,1,1,1583663
D#1670936,XAUUSD,100,7349874591908150054,7349874591887701039,7349874591979017546,7349874591979017139,11951,2026-05-07T03:12:22.000Z,2026-05-07T06:31:33.000Z,-54.12,53.91,-55.18,-1.06,0,0.03,4706.12,4724.38,4724.33,4688.92,SELL,USD,1,1,1583663
D#1702405,XAUUSD,100,7349874591908150068,7349874591887704224,7349874591979059639,7349874591979054399,1119,2026-05-07T06:13:00.000Z,2026-05-07T06:31:39.000Z,431.04,-433.28000000000003,419.84,-11.2,0,0.32,4708.57,4721.82,,,BUY,USD,1,1,1583663
D#1670923,XAUUSD,100,7349874591908150072,7349874591887702177,7349874591979059655,7349874591979030676,7903,2026-05-07T04:19:58.000Z,2026-05-07T06:31:41.000Z,-26.57,26.5,-26.93,-0.36,0,0.01,4695.59,4722.38,,,SELL,USD,1,1,1583663
D#1702743,XAUUSD,100,7349874591908150073,7349874591887703049,7349874591979059658,7349874591979040325,4951,2026-05-07T05:09:11.000Z,2026-05-07T06:31:42.000Z,473.4,-474.79999999999995,466.4,-7,0,0.2,4699.17,4722.62,,4739.41,BUY,USD,1,1,1583663
D#1702616,XAUUSD,100,7349874591908150093,7349874591887704211,7349874591979054289,7349874591979027954,1151,2026-05-07T06:12:39.000Z,2026-05-07T06:31:50.000Z,-155.1,154.4,-158.6,-3.5,0,0.1,4710.19,4725.92,4725.18,4660.15,SELL,USD,1,1,1583663
D#1702340,XAUUSD,100,7349874591908150095,7349874591887704521,7349874591979057657,7349874591979057654,393,2026-05-07T06:25:17.000Z,2026-05-07T06:31:50.000Z,146.38,-147.29,141.82,-4.56,0,0.13,4714.7,4725.74,4705.58,4725.01,BUY,USD,1,1,1583663
D#1702595,XAUUSD,100,7349874591908150105,7349874591887699414,7349874591978999581,7349874591978997497,16387,2026-05-07T01:58:44.000Z,2026-05-07T06:31:51.000Z,48.75,-49.1,46.99,-1.76,0,0.05,4715.5,4725.03,4659.17,4725.97,BUY,USD,1,1,1583663
D#1702576,XAUUSD,100,7349874591908150127,7349874591887704611,7349874591979059762,7349874591979058670,174,2026-05-07T06:29:01.000Z,2026-05-07T06:31:55.000Z,-180.75,179.7,-186.01,-5.26,0,0.15,4714.5,4726.77,,,SELL,USD,1,1,1583663
D#1702551,XAUUSD,100,7349874591908150126,7349874591887704644,7349874591979059757,7349874591979058878,136,2026-05-07T06:29:39.000Z,2026-05-07T06:31:55.000Z,-364.8,362.0,-378.8,-14,0,0.4,4717.55,4726.89,,,SELL,USD,1,1,1583663
D#1702737,XAUUSD,100,7349874591908150141,7349874591887704649,7349874591979059810,7349874591979058927,131,2026-05-07T06:29:51.000Z,2026-05-07T06:32:02.000Z,-101,100.3,-104.5,-3.5,0,0.1,4717.26,4727.58,,,SELL,USD,1,1,1583663
D#1702489,XAUUSD,100,7349874591908150185,7349874591887697852,7349874591978982716,7349874591978982408,19165,2026-05-07T01:12:40.000Z,2026-05-07T06:32:05.000Z,111.2,-111.55,109.44,-1.76,0,0.05,4708.57,4730.59,,4728.93,BUY,USD,1,1,1583663
D#1702527,XAUUSD,100,7349874591908150219,7349874591887704058,7349874591979052594,7349874591979052590,1548,2026-05-07T06:06:17.000Z,2026-05-07T06:32:05.000Z,234.5,-235.2,231.0,-3.5,0,0.1,4706.89,4730.12,4710.37,4730.69,BUY,USD,1,1,1583663
D#1670975,XAUUSD,100,7349874591908150171,7349874591887704304,7349874591979060035,7349874591979055166,975,2026-05-07T06:15:50.000Z,2026-05-07T06:32:05.000Z,-177.12,176.56,-179.92,-2.8,0,0.08,4707.82,4730.18,,,SELL,USD,1,1,1583663
D#1670913,XAUUSD,100,7349874591908150238,7349874591887704066,7349874591979060083,7349874591979052689,1529,2026-05-07T06:06:42.000Z,2026-05-07T06:32:11.000Z,-252.7,252.0,-256.2,-3.5,0,0.1,4705.55,4731.04,,,SELL,USD,1,1,1583663
D#1702348,XAUUSD,100,7349874591908150240,7349874591887704744,7349874591979060088,7349874591979059690,24,2026-05-07T06:31:47.000Z,2026-05-07T06:32:11.000Z,161.6,-163.0,154.6,-7,0,0.2,4723.23,4731.09,,,BUY,USD,1,1,1583663
D#1702646,XAUUSD,100,7349874591908150239,7349874591887704756,7349874591979060089,7349874591979059778,14,2026-05-07T06:31:57.000Z,2026-05-07T06:32:11.000Z,154.2,-156.29999999999998,143.7,-10.5,0,0.3,4726.17,4731.09,,,BUY,USD,1,1,1583663
D#1645694,XAUUSD,100,7349874591908150279,7349874591887702377,7349874591979060191,7349874591979033173,7080,2026-05-07T04:34:21.000Z,2026-05-07T06:32:21.000Z,-219.54,219.12,-221.64,-2.1,0,0.06,4693.89,4730.7,,,SELL,USD,1,1,1583663
D#1702412,XAUUSD,100,7349874591908150282,7349874591887704739,7349874591979060198,7349874591979059626,44,2026-05-07T06:31:38.000Z,2026-05-07T06:32:22.000Z,-322,319.2,-336.0,-14,0,0.4,4722.22,4730.49,,,SELL,USD,1,1,1583663
D#1702580,XAUUSD,100,7349874591908150285,7349874591887702791,7349874591979060203,7349874591979037376,5798,2026-05-07T04:55:45.000Z,2026-05-07T06:32:23.000Z,177.05,-177.4,175.29,-1.76,0,0.05,4695.5,4730.69,4693.93,,BUY,USD,1,1,1583663
D#1702739,XAUUSD,100,7349874591908150322,7349874591887704794,7349874591979060423,7349874591979060259,26,2026-05-07T06:32:33.000Z,2026-05-07T06:32:59.000Z,50.4,-52.5,39.9,-10.5,0,0.3,4730.78,4729.32,,,SELL,USD,1,1,1583663
D#1670914,XAUUSD,100,7349874591908150333,7349874591887704367,7349874591979060512,7349874591979055972,830,2026-05-07T06:19:26.000Z,2026-05-07T06:33:16.000Z,197.64,-198.26999999999998,194.48,-3.16,0,0.09,4708.93,4730.67,,,BUY,USD,1,1,1583663
D#1645641,XAUUSD,100,7349874591908150478,7349874591887704681,7349874591979061184,7349874591979059218,272,2026-05-07T06:30:39.000Z,2026-05-07T06:35:11.000Z,-298.62,297.36,-304.92,-6.3,0,0.18,4717.25,4734.06,,4712.88,SELL,USD,1,1,1583663
D#1702698,XAUUSD,100,7349874591908150480,7349874591887704789,7349874591979061187,7349874591979060205,168,2026-05-07T06:32:23.000Z,2026-05-07T06:35:11.000Z,-124.8,122.0,-138.8,-14,0,0.4,4730.69,4734.03,,4727.46,SELL,USD,1,1,1583663
D#1702536,XAUUSD,100,7349874591908150495,7349874591887704862,7349874591979061041,7349874591979061039,25,2026-05-07T06:34:51.000Z,2026-05-07T06:35:16.000Z,117,-120.15,101.24,-15.76,0,0.45,4733.06,4735.44,,4734.96,BUY,USD,1,1,1583663
D#1614623,XAUUSD,100,7349874591908150503,7349874591887704849,7349874591979061069,7349874591979060909,48,2026-05-07T06:34:29.000Z,2026-05-07T06:35:17.000Z,87.2,-88.60000000000001,80.2,-7,0,0.2,4731.62,4735.76,,4735.72,BUY,USD,1,1,1583663
D#1702414,XAUUSD,100,7349874591908150506,7349874591887702441,7349874591979034263,7349874591979033904,7076,2026-05-07T04:37:23.000Z,2026-05-07T06:35:19.000Z,419.5,-420.2,416.0,-3.5,0,0.1,4694.92,4736.65,4698.81,4736.05,BUY,USD,1,1,1583663
D#1702502,XAUUSD,100,7349874591908150564,7349874591887704385,7349874591979061383,7349874591979056194,921,2026-05-07T06:20:19.000Z,2026-05-07T06:35:40.000Z,409.95,-411.0,404.69,-5.26,0,0.15,4709.85,4736.96,4701.61,4754.66,BUY,USD,1,1,1583663
D#1671088,XAUUSD,100,7349874591908150563,7349874591887704839,7349874591979061380,7349874591979060791,92,2026-05-07T06:34:08.000Z,2026-05-07T06:35:40.000Z,-176.05,173.60000000000002,-188.31,-12.26,0,0.35,4731.75,4737,,,SELL,USD,1,1,1583663
D#1702737,XAUUSD,100,7349874591908150565,7349874591887704769,7349874591979061389,7349874591979060050,215,2026-05-07T06:32:06.000Z,2026-05-07T06:35:41.000Z,-71.4,70.7,-74.9,-3.5,0,0.1,4729.64,4737,,,SELL,USD,1,1,1583663
D#1670920,XAUUSD,100,7349874591908150617,7349874591887704914,7349874591979061655,7349874591979061496,27,2026-05-07T06:36:03.000Z,2026-05-07T06:36:30.000Z,-74.97,71.4,-92.83,-17.86,0,0.51,4735.32,4737.01,,4725.47,SELL,USD,1,1,1583663
D#1671088,XAUUSD,100,7349874591908150635,7349874591887704917,7349874591979061724,7349874591979061510,35,2026-05-07T06:36:05.000Z,2026-05-07T06:36:40.000Z,-126.9,123.75,-142.66,-15.76,0,0.45,4734.81,4737.85,,,SELL,USD,1,1,1583663
D#1670920,XAUUSD,100,7349874591908150661,7349874591887704950,7349874591979061879,7349874591979061811,13,2026-05-07T06:36:57.000Z,2026-05-07T06:37:10.000Z,60.5,-64.0,43.0,-17.5,0,0.5,4736.48,4735.49,,,SELL,USD,1,1,1583663
D#1702340,XAUUSD,100,7349874591908150780,7349874591887704811,7349874591979060482,7349874591979060479,320,2026-05-07T06:33:12.000Z,2026-05-07T06:38:32.000Z,108.68,-109.59,104.12,-4.56,0,0.13,4731.41,4739.55,4725.45,4739.63,BUY,USD,1,1,1583663
D#1702536,XAUUSD,100,7349874591908150779,7349874591887705000,7349874591979062212,7349874591979062211,30,2026-05-07T06:38:02.000Z,2026-05-07T06:38:32.000Z,95.4,-98.55000000000001,79.64,-15.76,0,0.45,4737.65,4739.55,,4739.46,BUY,USD,1,1,1583663
D#1702742,XAUUSD,100,7349874591908150839,7349874591887704942,7349874591979062403,7349874591979061758,156,2026-05-07T06:36:46.000Z,2026-05-07T06:39:22.000Z,-47.1,46.4,-50.6,-3.5,0,0.1,4737.17,4742.1,4741.25,,SELL,USD,1,1,1583663
D#1670992,XAUUSD,100,7349874591908150851,7349874591887704976,7349874591979062141,7349874591979061997,111,2026-05-07T06:37:31.000Z,2026-05-07T06:39:22.000Z,-61.1,60.4,-64.6,-3.5,0,0.1,4735.58,4741.91,4741.2,4715.73,SELL,USD,1,1,1583663
D#1614623,XAUUSD,100,7349874591908150852,7349874591887705002,7349874591979062393,7349874591979062220,79,2026-05-07T06:38:03.000Z,2026-05-07T06:39:22.000Z,78.4,-79.80000000000001,71.4,-7,0,0.2,4737.77,4741.47,,4742,BUY,USD,1,1,1583663
D#1702628,XAUUSD,100,7349874591908150900,7349874591887704346,7349874591979062839,7349874591979055742,1282,2026-05-07T06:18:18.000Z,2026-05-07T06:39:40.000Z,-340.3,339.6,-343.8,-3.5,0,0.1,4709.61,4743.86,,4697.33,SELL,USD,1,1,1583663
D#1702442,XAUUSD,100,7349874591908150938,7349874591887705085,7349874591979063044,7349874591979062952,17,2026-05-07T06:39:57.000Z,2026-05-07T06:40:14.000Z,69,-72.5,51.5,-17.5,0,0.5,4742.98,4744.14,,,BUY,USD,1,1,1583663
D#1671048,XAUUSD,100,7349874591908150940,7349874591887705078,7349874591979063056,7349874591979062884,29,2026-05-07T06:39:48.000Z,2026-05-07T06:40:17.000Z,45,-48.5,27.5,-17.5,0,0.5,4743.77,4744.45,,,BUY,USD,1,1,1583663
D#1702524,XAUUSD,100,7349874591908150959,7349874591887704864,7349874591979061750,7349874591979061051,337,2026-05-07T06:34:53.000Z,2026-05-07T06:40:30.000Z,126,-126.7,122.5,-3.5,0,0.1,4733.3,4745.68,4733.54,4745.15,BUY,USD,1,1,1583663
D#1702360,XAUUSD,100,7349874591908150964,7349874591887704978,7349874591979062241,7349874591979062015,176,2026-05-07T06:37:34.000Z,2026-05-07T06:40:30.000Z,95.4,-96.10000000000001,91.9,-3.5,0,0.1,4736.35,4745.67,4734.15,4745.8,BUY,USD,1,1,1583663
D#1702517,XAUUSD,100,7349874591908150984,7349874591887704049,7349874591979063201,7349874591979052494,2089,2026-05-07T06:05:51.000Z,2026-05-07T06:40:40.000Z,-200.7,200.35,-202.46,-1.76,0,0.05,4705.71,4746.07,,,SELL,USD,1,1,1583663
D#1702748,XAUUSD,100,7349874591908151049,7349874591887703739,7349874591979063501,7349874591979048977,3090,2026-05-07T05:50:06.000Z,2026-05-07T06:41:36.000Z,200.15,-200.5,198.39,-1.76,0,0.05,4704.37,4744.18,4694.43,,BUY,USD,1,1,1583663
D#1614623,XAUUSD,100,7349874591908151248,7349874591887705180,7349874591979064108,7349874591979063949,44,2026-05-07T06:42:58.000Z,2026-05-07T06:43:42.000Z,87.4,-88.80000000000001,80.4,-7,0,0.2,4742.53,4746.68,,4746.63,BUY,USD,1,1,1583663
D#1702485,XAUUSD,100,7349874591908151273,7349874591887705177,7349874591979064307,7349874591979063887,68,2026-05-07T06:42:44.000Z,2026-05-07T06:43:52.000Z,-220.8,218.0,-234.8,-14,0,0.4,4742.18,4747.92,,,SELL,USD,1,1,1583663
D#1702561,XAUUSD,100,7349874591908151342,7349874591887700651,7349874591979064462,7349874591979011920,14037,2026-05-07T02:50:15.000Z,2026-05-07T06:44:12.000Z,400.2,-400.9,396.7,-3.5,0,0.1,4707.16,4746.96,4691.5,,BUY,USD,1,1,1583663
D#1670870,XAUUSD,100,7349874591908151360,7349874591887705241,7349874591979064591,7349874591979064433,21,2026-05-07T06:44:07.000Z,2026-05-07T06:44:28.000Z,56,-57.4,49.0,-7,0,0.2,4748.26,4745.68,4748.18,,SELL,USD,1,1,1583663
D#1702572,XAUUSD,100,7349874591908151414,7349874591887705203,7349874591979064900,7349874591979064147,97,2026-05-07T06:43:34.000Z,2026-05-07T06:45:11.000Z,7.28,-7.5600000000000005,5.88,-1.4,0,0.04,4743.93,4745.53,,4755,BUY,USD,1,1,1583663
D#1702721,XAUUSD,100,7349874591908151454,7349874591887705075,7349874591979063440,7349874591979062851,360,2026-05-07T06:39:42.000Z,2026-05-07T06:45:42.000Z,28.2,-30.3,17.7,-10.5,0,0.3,4743.83,4744.55,4744.65,4761.17,BUY,USD,1,1,1583663
D#1671048,XAUUSD,100,7349874591908151468,7349874591887705302,7349874591979065155,7349874591979065006,23,2026-05-07T06:45:29.000Z,2026-05-07T06:45:52.000Z,-178.5,175.0,-196.0,-17.5,0,0.5,4746.65,4742.86,,,BUY,USD,1,1,1583663
D#1702442,XAUUSD,100,7349874591908151522,7349874591887705299,7349874591979065570,7349874591979064972,101,2026-05-07T06:45:22.000Z,2026-05-07T06:47:03.000Z,-231,227.5,-248.5,-17.5,0,0.5,4746.43,4741.59,,,BUY,USD,1,1,1583663
D#1702665,XAUUSD,100,7349874591908151541,7349874591887704913,7349874591979065709,7349874591979061492,688,2026-05-07T06:36:02.000Z,2026-05-07T06:47:30.000Z,17.19,-17.400000000000002,16.13,-1.06,0,0.03,4735.55,4741.06,4710,,BUY,USD,1,1,1583663
D#1702524,XAUUSD,100,7349874591908151551,7349874591887705289,7349874591979065755,7349874591979064871,153,2026-05-07T06:45:07.000Z,2026-05-07T06:47:40.000Z,-52.7,52.0,-56.2,-3.5,0,0.1,4745.94,4740.45,,,BUY,USD,1,1,1583663
D#1702536,XAUUSD,100,7349874591908151565,7349874591887705226,7349874591979065806,7349874591979064336,235,2026-05-07T06:43:56.000Z,2026-05-07T06:47:51.000Z,-374.4,371.25,-390.16,-15.76,0,0.45,4748.57,4740.03,,4750.9,BUY,USD,1,1,1583663
D#1702442,XAUUSD,100,7349874591908151575,7349874591887705374,7349874591979065850,7349874591979065801,9,2026-05-07T06:47:50.000Z,2026-05-07T06:47:59.000Z,-66.5,63.0,-84.0,-17.5,0,0.5,4739.72,4741.27,,,SELL,USD,1,1,1583663
D#1702572,XAUUSD,100,7349874591908151646,7349874591887705334,7349874591979065716,7349874591979065278,172,2026-05-07T06:46:12.000Z,2026-05-07T06:49:04.000Z,-17.08,16.799999999999997,-18.48,-1.4,0,0.04,4743.11,4738.62,4739,4745,BUY,USD,1,1,1583663
D#1671048,XAUUSD,100,7349874591908151662,7349874591887705419,7349874591979066320,7349874591979066246,10,2026-05-07T06:49:03.000Z,2026-05-07T06:49:13.000Z,21,-24.5,3.5,-17.5,0,0.5,4738.97,4738.77,,,SELL,USD,1,1,1583663
D#1702340,XAUUSD,100,7349874591908151666,7349874591887705112,7349874591979063186,7349874591979063184,518,2026-05-07T06:40:38.000Z,2026-05-07T06:49:16.000Z,-94.38,93.47,-98.94,-4.56,0,0.13,4745.8,4738.32,4738.44,4754.23,BUY,USD,1,1,1583663
D#1702739,XAUUSD,100,7349874591908151776,7349874591887705464,7349874591979066957,7349874591979066697,46,2026-05-07T06:50:20.000Z,2026-05-07T06:51:06.000Z,-47.4,45.3,-57.9,-10.5,0,0.3,4739.93,4738.13,,,BUY,USD,1,1,1583663
D#1702554,XAUUSD,100,7349874591908151841,7349874591887705521,7349874591979067279,7349874591979067277,0,2026-05-07T06:52:05.000Z,2026-05-07T06:52:05.000Z,2.7,-4.800000000000001,-7.8,-10.5,0,0.3,4739.33,4739.2,,,BUY,USD,1,1,1583663
D#1671048,XAUUSD,100,7349874591908151863,7349874591887705518,7349874591979067487,7349874591979067222,49,2026-05-07T06:51:55.000Z,2026-05-07T06:52:44.000Z,30.5,-34.0,13.0,-17.5,0,0.5,4738.89,4738.5,,,SELL,USD,1,1,1583663
D#1702360,XAUUSD,100,7349874591908151939,7349874591887705468,7349874591979066848,7349874591979066732,236,2026-05-07T06:50:28.000Z,2026-05-07T06:54:24.000Z,-34.4,33.699999999999996,-37.9,-3.5,0,0.1,4740.1,4736.44,4737.28,,BUY,USD,1,1,1583663
D#1702554,XAUUSD,100,7349874591908151937,7349874591887705527,7349874591979067695,7349874591979067335,130,2026-05-07T06:52:14.000Z,2026-05-07T06:54:24.000Z,-66.6,64.5,-77.1,-10.5,0,0.3,4738.87,4736.43,4736.76,4742.48,BUY,USD,1,1,1583663
D#1702360,XAUUSD,100,7349874591908152028,7349874591887705589,7349874591979068235,7349874591979068021,38,2026-05-07T06:54:48.000Z,2026-05-07T06:55:26.000Z,2.8,-3.5,-0.7,-3.5,0,0.1,4736.33,4736.27,,,SELL,USD,1,1,1583663
D#1671048,XAUUSD,100,7349874591908152082,7349874591887705598,7349874591979068480,7349874591979068122,65,2026-05-07T06:55:05.000Z,2026-05-07T06:56:10.000Z,-36.5,33.0,-54.0,-17.5,0,0.5,4736.29,4737.24,,,SELL,USD,1,1,1583663
D#1702554,XAUUSD,100,7349874591908152122,7349874591887705633,7349874591979068713,7349874591979068438,60,2026-05-07T06:56:02.000Z,2026-05-07T06:57:02.000Z,-2.7,0.6000000000000001,-13.2,-10.5,0,0.3,4737.43,4737.12,,4741,BUY,USD,1,1,1583663
D#1702721,XAUUSD,100,7349874591908152197,7349874591887705339,7349874591979069133,7349874591979065353,729,2026-05-07T06:46:25.000Z,2026-05-07T06:58:34.000Z,110.1,-112.19999999999999,99.6,-10.5,0,0.3,4742.44,4738.99,4739.5,4724.51,SELL,USD,1,1,1583663
D#1670870,XAUUSD,100,7349874591908152230,7349874591887705685,7349874591979069353,7349874591979069055,63,2026-05-07T06:58:16.000Z,2026-05-07T06:59:19.000Z,13,-14.4,6.0,-7,0,0.2,4738.15,4738.58,4735.23,,BUY,USD,1,1,1583663
D#1702599,XAUUSD,100,7349874591908152231,7349874591887705679,7349874591979069361,7349874591979069005,75,2026-05-07T06:58:06.000Z,2026-05-07T06:59:21.000Z,0.5,-0.8500000000000001,-1.26,-1.76,0,0.05,4738.53,4738.41,,,BUY,USD,1,1,1583663
D#1702732,XAUUSD,100,7349874591908152302,7349874591887705642,7349874591979068697,7349874591979068561,246,2026-05-07T06:56:30.000Z,2026-05-07T07:00:36.000Z,22.2,-23.25,16.94,-5.26,0,0.15,4737.61,4738.87,4739.07,4744.58,BUY,USD,1,1,1583663
D#1614623,XAUUSD,100,7349874591908152353,7349874591887705354,7349874591979068662,7349874591979065566,878,2026-05-07T06:47:03.000Z,2026-05-07T07:01:41.000Z,-67.8,66.39999999999999,-74.8,-7,0,0.2,4741.75,4738.14,4738.26,4746.06,BUY,USD,1,1,1583663
D#1702497,XAUUSD,100,7349874591908152357,7349874591887705502,7349874591979070143,7349874591979067004,626,2026-05-07T06:51:17.000Z,2026-05-07T07:01:43.000Z,0.65,-0.72,0.29,-0.36,0,0.01,4738.76,4738.33,4758.64,4717.13,SELL,USD,1,1,1583663
D#1702721,XAUUSD,100,7349874591908152380,7349874591887705699,7349874591979069283,7349874591979069146,221,2026-05-07T06:58:40.000Z,2026-05-07T07:02:21.000Z,-66.3,64.2,-76.8,-10.5,0,0.3,4738.92,4736.49,4737.01,4751.56,BUY,USD,1,1,1583663
D#1702524,XAUUSD,100,7349874591908152419,7349874591887705707,7349874591979070579,7349874591979069229,256,2026-05-07T06:58:49.000Z,2026-05-07T07:03:05.000Z,-26.8,26.1,-30.3,-3.5,0,0.1,4739.08,4736.18,4730.24,4750.93,BUY,USD,1,1,1583663
D#1702347,XAUUSD,100,7349874591908152421,7349874591887705659,7349874591979068911,7349874591979068815,336,2026-05-07T06:57:31.000Z,2026-05-07T07:03:07.000Z,-20.2,19.5,-23.7,-3.5,0,0.1,4738.19,4735.95,4736.06,4750.12,BUY,USD,1,1,1583663
D#1702648,XAUUSD,100,7349874591908152448,7349874591887705772,7349874591979070381,7349874591979070076,122,2026-05-07T07:01:32.000Z,2026-05-07T07:03:34.000Z,19.85,-20.200000000000003,18.09,-1.76,0,0.05,4739,4735.25,,4735.25,SELL,USD,1,1,1583663
D#1702480,XAUUSD,100,7349874591908152471,7349874591887705506,7349874591979067124,7349874591979067040,746,2026-05-07T06:51:23.000Z,2026-05-07T07:03:49.000Z,-82.6,81.19999999999999,-89.6,-7,0,0.2,4738.47,4734.12,4734.3,4743.14,BUY,USD,1,1,1583663
D#1702554,XAUUSD,100,7349874591908152475,7349874591887705678,7349874591979070834,7349874591979069003,345,2026-05-07T06:58:05.000Z,2026-05-07T07:03:50.000Z,-125.7,123.60000000000001,-136.2,-10.5,0,0.3,4738.53,4734.12,,4742.08,BUY,USD,1,1,1583663
D#1702360,XAUUSD,100,7349874591908152479,7349874591887705616,7349874591979068330,7349874591979068263,504,2026-05-07T06:55:34.000Z,2026-05-07T07:03:58.000Z,-25.6,24.900000000000002,-29.1,-3.5,0,0.1,4736.69,4733.91,4734.1,4749.55,BUY,USD,1,1,1583663
D#1702340,XAUUSD,100,7349874591908152511,7349874591887705454,7349874591979066605,7349874591979066603,863,2026-05-07T06:50:02.000Z,2026-05-07T07:04:25.000Z,-74.1,73.19,-78.66,-4.56,0,0.13,4738.16,4732.24,4732.4,4747.68,BUY,USD,1,1,1583663
D#1702347,XAUUSD,100,7349874591908152518,7349874591887705833,7349874591979070882,7349874591979070752,30,2026-05-07T07:03:58.000Z,2026-05-07T07:04:28.000Z,-40.8,39.4,-47.8,-7,0,0.2,4734.24,4731.98,4732.15,,BUY,USD,1,1,1583663
D#1702599,XAUUSD,100,7349874591908152521,7349874591887705716,7349874591979071088,7349874591979069401,299,2026-05-07T06:59:33.000Z,2026-05-07T07:04:32.000Z,-83.1,82.05,-88.36,-5.26,0,0.15,4739.44,4733.68,,,BUY,USD,1,1,1583663
D#1702739,XAUUSD,100,7349874591908152587,7349874591887705504,7349874591979071426,7349874591979067028,843,2026-05-07T06:51:21.000Z,2026-05-07T07:05:24.000Z,105.3,-107.39999999999999,94.8,-10.5,0,0.3,4738.92,4735.63,,,SELL,USD,1,1,1583663
D#1702721,XAUUSD,100,7349874591908152678,7349874591887705803,7349874591979070835,7349874591979070531,185,2026-05-07T07:03:01.000Z,2026-05-07T07:06:06.000Z,20.1,-22.200000000000003,9.6,-10.5,0,0.3,4737,4736.55,4736.46,4717.43,SELL,USD,1,1,1583663
D#1702732,XAUUSD,100,7349874591908152701,7349874591887705877,7349874591979071540,7349874591979071375,85,2026-05-07T07:05:17.000Z,2026-05-07T07:06:42.000Z,-31.8,30.75,-37.06,-5.26,0,0.15,4735.74,4733.4,4733.56,,BUY,USD,1,1,1583663
D#1702340,XAUUSD,100,7349874591908152837,7349874591887705860,7349874591979071179,7349874591979071177,176,2026-05-07T07:04:48.000Z,2026-05-07T07:07:44.000Z,-96.72,95.81,-101.28,-4.56,0,0.13,4733.08,4740.74,4740.59,4723.66,SELL,USD,1,1,1583663
D#1702732,XAUUSD,100,7349874591908152852,7349874591887705971,7349874591979072321,7349874591979071972,51,2026-05-07T07:06:53.000Z,2026-05-07T07:07:44.000Z,87.9,-88.95,82.64,-5.26,0,0.15,4736.14,4741.78,4737,4741.39,BUY,USD,1,1,1583663
D#1702397,XAUUSD,100,7349874591908152884,7349874591887705832,7349874591979072471,7349874591979070828,239,2026-05-07T07:03:50.000Z,2026-05-07T07:07:49.000Z,-147.2,145.79999999999998,-154.2,-7,0,0.2,4734.16,4741.74,,4728.54,SELL,USD,1,1,1583663
D#1702739,XAUUSD,100,7349874591908152888,7349874591887705910,7349874591979072492,7349874591979071469,141,2026-05-07T07:05:29.000Z,2026-05-07T07:07:50.000Z,-194.7,192.6,-205.2,-10.5,0,0.3,4735.15,4741.86,,,SELL,USD,1,1,1583663
D#1702665,XAUUSD,100,7349874591908152899,7349874591887705853,7349874591979072539,7349874591979071121,198,2026-05-07T07:04:37.000Z,2026-05-07T07:07:55.000Z,-25.38,25.169999999999998,-26.44,-1.06,0,0.03,4732.63,4741.31,4750,,SELL,USD,1,1,1583663
D#1702742,XAUUSD,100,7349874591908152911,7349874591887705496,7349874591979066975,7349874591979066933,1016,2026-05-07T06:51:02.000Z,2026-05-07T07:07:58.000Z,-47.6,46.9,-51.1,-3.5,0,0.1,4738.25,4743.23,4742.33,,SELL,USD,1,1,1583663
D#1702721,XAUUSD,100,7349874591908152997,7349874591887705976,7349874591979072726,7349874591979072030,67,2026-05-07T07:07:03.000Z,2026-05-07T07:08:10.000Z,380.5,-384.0,363.0,-17.5,0,0.5,4735.71,4743.1,4736,4748.36,BUY,USD,1,1,1583663
D#1670975,XAUUSD,100,7349874591908153149,7349874591887704777,7349874591979073397,7349874591979060120,2233,2026-05-07T06:32:15.000Z,2026-05-07T07:09:28.000Z,119.94,-120.64,116.44,-3.5,0,0.1,4731.25,4744.4,,,BUY,USD,1,1,1583663
D#1702742,XAUUSD,100,7349874591908153196,7349874591887706123,7349874591979073509,7349874591979073312,55,2026-05-07T07:09:17.000Z,2026-05-07T07:10:12.000Z,-30.5,29.8,-34.0,-3.5,0,0.1,4743.01,4746.28,4746.04,,SELL,USD,1,1,1583663
D#1702361,XAUUSD,100,7349874591908153203,7349874591887706112,7349874591979073699,7349874591979073145,77,2026-05-07T07:08:57.000Z,2026-05-07T07:10:14.000Z,3.9,-4.04,3.2,-0.7,0,0.02,4744.32,4746.05,,,BUY,USD,1,1,1583663
D#1702637,XAUUSD,100,7349874591908153251,7349874591887705735,7349874591979073991,7349874591979069588,650,2026-05-07T07:00:05.000Z,2026-05-07T07:10:55.000Z,103.5,-104.55,98.24,-5.26,0,0.15,4739.7,4746.38,,,BUY,USD,1,1,1583663
D#1670975,XAUUSD,100,7349874591908153257,7349874591887706157,7349874591979074022,7349874591979073651,51,2026-05-07T07:10:08.000Z,2026-05-07T07:10:59.000Z,39,-40.4,32.0,-7,0,0.2,4745.37,4747.1,,,BUY,USD,1,1,1583663
D#1702524,XAUUSD,100,7349874591908153266,7349874591887705979,7349874591979072630,7349874591979072135,223,2026-05-07T07:07:19.000Z,2026-05-07T07:11:02.000Z,123.1,-123.8,119.6,-3.5,0,0.1,4735.65,4747.74,4735.89,4747.62,BUY,USD,1,1,1583663
D#1702397,XAUUSD,100,7349874591908153288,7349874591887706092,7349874591979073222,7349874591979072977,146,2026-05-07T07:08:41.000Z,2026-05-07T07:11:07.000Z,107.8,-109.2,100.8,-7,0,0.2,4743.98,4749.15,,4749.34,BUY,USD,1,1,1583663
D#1670992,XAUUSD,100,7349874591908153408,7349874591887705329,7349874591979065346,7349874591979065243,1563,2026-05-07T06:46:05.000Z,2026-05-07T07:12:08.000Z,-73.9,73.2,-77.4,-3.5,0,0.1,4742.63,4750.24,4749.97,4721,SELL,USD,1,1,1583663
D#1670975,XAUUSD,100,7349874591908153417,7349874591887706228,7349874591979074553,7349874591979074303,37,2026-05-07T07:11:34.000Z,2026-05-07T07:12:11.000Z,38.5,-42.0,21.0,-17.5,0,0.5,4748.96,4749.51,,,BUY,USD,1,1,1583663
D#1670870,XAUUSD,100,7349874591908153555,7349874591887706304,7349874591979075400,7349874591979075182,33,2026-05-07T07:13:44.000Z,2026-05-07T07:14:17.000Z,14.2,-15.6,7.2,-7,0,0.2,4747.44,4747.93,4742.65,,BUY,USD,1,1,1583663
D#1670975,XAUUSD,100,7349874591908153559,7349874591887706305,7349874591979075438,7349874591979075184,38,2026-05-07T07:13:44.000Z,2026-05-07T07:14:22.000Z,-6,2.5,-23.5,-17.5,0,0.5,4747.29,4747.63,,,SELL,USD,1,1,1583663
D#1702390,XAUUSD,100,7349874591908153621,7349874591887704974,7349874591979075731,7349874591979061993,2260,2026-05-07T06:37:31.000Z,2026-05-07T07:15:11.000Z,52.72,-53.0,51.32,-1.4,0,0.04,4735.83,4748.79,,,BUY,USD,1,1,1583663
D#1702347,XAUUSD,100,7349874591908153648,7349874591887705850,7349874591979075849,7349874591979071090,655,2026-05-07T07:04:32.000Z,2026-05-07T07:15:27.000Z,275.23,-276.63,268.22,-7.01,0,0.2,4733.75,4750.19,4733.89,4750.95,BUY,USD,1,1,1583663
D#1670917,XAUUSD,100,7349874591908153657,7349874591887705781,7349874591979075890,7349874591979070175,822,2026-05-07T07:01:49.000Z,2026-05-07T07:15:31.000Z,-124,123.3,-127.5,-3.5,0,0.1,4738.07,4750.69,4761.67,4694.88,SELL,USD,1,1,1583663
D#1670975,XAUUSD,100,7349874591908153729,7349874591887706345,7349874591979076168,7349874591979075635,67,2026-05-07T07:14:57.000Z,2026-05-07T07:16:04.000Z,-222,218.5,-239.5,-17.5,0,0.5,4748.77,4744.11,,,BUY,USD,1,1,1583663
D#1702347,XAUUSD,100,7349874591908153820,7349874591887706411,7349874591979076832,7349874591979076361,74,2026-05-07T07:16:36.000Z,2026-05-07T07:17:50.000Z,31.2,-31.9,27.7,-3.5,0,0.1,4746.51,4749.41,4743.99,4751.54,BUY,USD,1,1,1583663
D#1702360,XAUUSD,100,7349874591908153832,7349874591887705843,7349874591979076964,7349874591979071012,830,2026-05-07T07:04:21.000Z,2026-05-07T07:18:11.000Z,-144.2,143.5,-147.7,-3.5,0,0.1,4732.87,4747.51,,,SELL,USD,1,1,1583663
D#1702599,XAUUSD,100,7349874591908153913,7349874591887706269,7349874591979077340,7349874591979074800,382,2026-05-07T07:12:47.000Z,2026-05-07T07:19:09.000Z,108.9,-109.95,103.64,-5.26,0,0.15,4749.63,4742.59,,,SELL,USD,1,1,1583663
D#1702524,XAUUSD,100,7349874591908153921,7349874591887706255,7349874591979077378,7349874591979074588,416,2026-05-07T07:12:17.000Z,2026-05-07T07:19:13.000Z,-52.8,52.099999999999994,-56.3,-3.5,0,0.1,4748.63,4743.13,4740.12,4761.02,BUY,USD,1,1,1583663
D#1702728,XAUUSD,100,7349874591908154166,7349874591887706543,7349874591979078443,7349874591979077991,199,2026-05-07T07:20:47.000Z,2026-05-07T07:24:06.000Z,-162,159.2,-176.0,-14,0,0.4,4744.03,4739.76,4739.93,4750.89,BUY,USD,1,1,1583663
D#1702360,XAUUSD,100,7349874591908154178,7349874591887706463,7349874591979079175,7349874591979077043,346,2026-05-07T07:18:24.000Z,2026-05-07T07:24:10.000Z,-83.9,83.2,-87.4,-3.5,0,0.1,4748.68,4740.07,,,BUY,USD,1,1,1583663
D#1670914,XAUUSD,100,7349874591908154202,7349874591887706429,7349874591979079321,7349874591979076548,448,2026-05-07T07:17:06.000Z,2026-05-07T07:24:34.000Z,-64.8,64.17,-67.96,-3.16,0,0.09,4747.74,4740.32,,,BUY,USD,1,1,1583663
D#1702397,XAUUSD,100,7349874591908154246,7349874591887706482,7349874591979079417,7349874591979075996,383,2026-05-07T07:19:04.000Z,2026-05-07T07:25:27.000Z,-82.8,81.39999999999999,-89.8,-7,0,0.2,4743.85,4739.49,4739.47,4749.34,BUY,USD,1,1,1583663
D#1702415,XAUUSD,100,7349874591908154250,7349874591887706171,7349874591979074639,7349874591979073800,904,2026-05-07T07:10:29.000Z,2026-05-07T07:25:33.000Z,-73.5,72.8,-77.0,-3.5,0,0.1,4746.77,4739.2,4739.31,4765.25,BUY,USD,1,1,1583663
D#1702718,XAUUSD,100,7349874591908154338,7349874591887706208,7349874591979074118,7349874591979074116,1008,2026-05-07T07:11:08.000Z,2026-05-07T07:27:56.000Z,-102.9,102.2,-106.4,-3.5,0,0.1,4749.16,4738.65,4738.83,4759.05,BUY,USD,1,1,1583663
D#1702340,XAUUSD,100,7349874591908154347,7349874591887706084,7349874591979072922,7349874591979072921,1162,2026-05-07T07:08:35.000Z,2026-05-07T07:27:57.000Z,-76.05,75.14,-80.61,-4.56,0,0.13,4743.82,4737.75,4738.05,4752.69,BUY,USD,1,1,1583663
D#1670870,XAUUSD,100,7349874591908154346,7349874591887706585,7349874591979078641,7349874591979078510,343,2026-05-07T07:22:14.000Z,2026-05-07T07:27:57.000Z,100.6,-102.0,93.6,-7,0,0.2,4742.74,4737.93,4749.18,4738.61,SELL,USD,1,1,1583663
D#1702397,XAUUSD,100,7349874591908154349,7349874591887706704,7349874591979080066,7349874591979079922,93,2026-05-07T07:26:24.000Z,2026-05-07T07:27:57.000Z,129,-131.1,118.5,-10.5,0,0.3,4742.01,4737.93,,4738.46,SELL,USD,1,1,1583663
D#1702649,XAUUSD,100,7349874591908154426,7349874591887706776,7349874591979081129,7349874591979080932,33,2026-05-07T07:29:36.000Z,2026-05-07T07:30:09.000Z,-6.23,5.74,-8.69,-2.46,0,0.07,4740.03,4738.92,,,BUY,USD,1,1,1583663
D#1702665,XAUUSD,100,7349874591908154546,7349874591887706079,7349874591979081990,7349874591979072870,1464,2026-05-07T07:08:29.000Z,2026-05-07T07:32:53.000Z,-8.58,8.37,-9.64,-1.06,0,0.03,4743.82,4740.74,4730,,BUY,USD,1,1,1583663
D#1702361,XAUUSD,100,7349874591908154582,7349874591887706216,7349874591979082259,7349874591979074166,1350,2026-05-07T07:11:14.000Z,2026-05-07T07:33:44.000Z,38.87,-39.22,37.11,-1.76,0,0.05,4748.01,4741.52,4757.95,4687.11,SELL,USD,1,1,1583663
D#1702644,XAUUSD,100,7349874591908154710,7349874591887706871,7349874591979083383,7349874591979082094,262,2026-05-07T07:33:11.000Z,2026-05-07T07:37:33.000Z,13.6,-15.0,6.6,-7,0,0.2,4741.47,4741.01,,,SELL,USD,1,1,1583663
D#1670870,XAUUSD,100,7349874591908154814,7349874591887706860,7349874591979081992,7349874591979081953,536,2026-05-07T07:32:46.000Z,2026-05-07T07:41:42.000Z,-2.4,0.9999999999999998,-9.4,-7,0,0.2,4740.34,4740,4740.32,4744.69,BUY,USD,1,1,1583663
D#1702586,XAUUSD,100,7349874591908154897,7349874591887706623,7349874591979079306,7349874591979079013,1245,2026-05-07T07:23:44.000Z,2026-05-07T07:44:29.000Z,-11.5,11.15,-13.26,-1.76,0,0.05,4741.59,4744.11,4744,4725,SELL,USD,1,1,1583663
D#1670974,XAUUSD,100,7349874591908154931,7349874591887706924,7349874591979085446,7349874591979082837,591,2026-05-07T07:35:40.000Z,2026-05-07T07:45:31.000Z,63.6,-66.4,49.6,-14,0,0.4,4741.56,4742.93,,,BUY,USD,1,1,1583663
D#1702524,XAUUSD,100,7349874591908155059,7349874591887706760,7349874591979081802,7349874591979080815,1174,2026-05-07T07:29:13.000Z,2026-05-07T07:48:47.000Z,2.7,-3.4000000000000004,-0.8,-3.5,0,0.1,4738.99,4739.04,4739.23,4750.25,BUY,USD,1,1,1583663
D#1702728,XAUUSD,100,7349874591908155062,7349874591887706850,7349874591979082498,7349874591979081794,992,2026-05-07T07:32:16.000Z,2026-05-07T07:48:48.000Z,-84.5,81.0,-102.0,-17.5,0,0.5,4740.17,4738.26,4738.94,4750.87,BUY,USD,1,1,1583663
D#1670870,XAUUSD,100,7349874591908155070,7349874591887707056,7349874591979085258,7349874591979085230,254,2026-05-07T07:44:37.000Z,2026-05-07T07:48:51.000Z,-127.2,125.8,-134.2,-7,0,0.2,4744.25,4737.67,4737.87,4748.52,BUY,USD,1,1,1583663
D#1702690,XAUUSD,100,7349874591908155095,7349874591887707003,7349874591979084629,7349874591979084365,467,2026-05-07T07:41:17.000Z,2026-05-07T07:49:04.000Z,27.15,-27.5,25.39,-1.76,0,0.05,4742.93,4737.72,,4737.69,SELL,USD,1,1,1583663
D#1702728,XAUUSD,100,7349874591908155129,7349874591887707169,7349874591979086740,7349874591979086601,27,2026-05-07T07:49:21.000Z,2026-05-07T07:49:48.000Z,-35.5,32.0,-53.0,-17.5,0,0.5,4737.25,4738.18,,,SELL,USD,1,1,1583663
D#1702732,XAUUSD,100,7349874591908155143,7349874591887707129,7349874591979086521,7349874591979086262,110,2026-05-07T07:48:14.000Z,2026-05-07T07:50:04.000Z,9.45,-10.5,4.19,-5.26,0,0.15,4740.31,4739.9,4739.79,4732.71,SELL,USD,1,1,1583663
D#1702728,XAUUSD,100,7349874591908155167,7349874591887707194,7349874591979086983,7349874591979086876,25,2026-05-07T07:50:14.000Z,2026-05-07T07:50:39.000Z,-75.5,72.0,-93.0,-17.5,0,0.5,4739.36,4741.09,,,SELL,USD,1,1,1583663
D#1702490,XAUUSD,100,7349874591908155246,7349874591887707119,7349874591979087440,7349874591979086167,252,2026-05-07T07:47:56.000Z,2026-05-07T07:52:08.000Z,-55.8,54.4,-62.8,-7,0,0.2,4740.97,4743.98,,4735.58,SELL,USD,1,1,1583663
D#1702524,XAUUSD,100,7349874591908155367,7349874591887707189,7349874591979087001,7349874591979086834,330,2026-05-07T07:50:06.000Z,2026-05-07T07:55:36.000Z,2.4,-3.1,-1.1,-3.5,0,0.1,4739.33,4739.35,4739.57,4750.53,BUY,USD,1,1,1583663
D#1702732,XAUUSD,100,7349874591908155385,7349874591887707252,7349874591979088047,7349874591979087646,200,2026-05-07T07:52:57.000Z,2026-05-07T07:56:17.000Z,8.25,-9.3,2.99,-5.26,0,0.15,4740.84,4740.51,4740.3,4734.12,SELL,USD,1,1,1583663
D#1702490,XAUUSD,100,7349874591908155472,7349874591887707251,7349874591979089093,7349874591979087624,319,2026-05-07T07:52:50.000Z,2026-05-07T07:58:09.000Z,-53.6,52.2,-60.6,-7,0,0.2,4741.07,4743.97,,4735.68,SELL,USD,1,1,1583663
D#1670974,XAUUSD,100,7349874591908155478,7349874591887707105,7349874591979089121,7349874591979085977,662,2026-05-07T07:47:16.000Z,2026-05-07T07:58:18.000Z,52,-54.8,38.0,-14,0,0.4,4742.5,4743.58,,,BUY,USD,1,1,1583663
D#1702586,XAUUSD,100,7349874591908155544,7349874591887707256,7349874591979087956,7349874591979087694,396,2026-05-07T07:53:05.000Z,2026-05-07T07:59:41.000Z,-80,78.6,-87.0,-7,0,0.2,4739.97,4744.19,4743.93,4731.98,SELL,USD,1,1,1583663
D#1702751,XAUUSD,100,7349874591908155575,7349874591887707397,7349874591979089636,7349874591979089541,16,2026-05-07T07:59:51.000Z,2026-05-07T08:00:07.000Z,0.1,-0.8,-3.4,-3.5,0,0.1,4743.99,4743.78,,,BUY,USD,1,1,1583663
D#1702527,XAUUSD,100,7349874591908155646,7349874591887706557,7349874591979078139,7349874591979078137,2397,2026-05-07T07:21:10.000Z,2026-05-07T08:01:07.000Z,-39.9,39.199999999999996,-43.4,-3.5,0,0.1,4742.2,4746.41,4745.84,4718.61,SELL,USD,1,1,1583663
D#1702340,XAUUSD,100,7349874591908155641,7349874591887706779,7349874591979080994,7349874591979080993,1880,2026-05-07T07:29:47.000Z,2026-05-07T08:01:07.000Z,-85.15,84.24000000000001,-89.71,-4.56,0,0.13,4739.64,4746.41,4746.26,4730.32,SELL,USD,1,1,1583663
D#1670979,XAUUSD,100,7349874591908155642,7349874591887706852,7349874591979082049,7349874591979081804,1728,2026-05-07T07:32:19.000Z,2026-05-07T08:01:07.000Z,127.8,-129.2,120.8,-7,0,0.2,4740.07,4746.24,4736.7,4745.01,BUY,USD,1,1,1583663
D#1670870,XAUUSD,100,7349874591908155647,7349874591887707206,7349874591979087188,7349874591979087051,615,2026-05-07T07:50:52.000Z,2026-05-07T08:01:07.000Z,101,-102.4,94.0,-7,0,0.2,4741.41,4746.24,4736.75,4746.15,BUY,USD,1,1,1583663
D#1671084,XAUUSD,100,7349874591908155660,7349874591887707348,7349874591979089205,7349874591979088977,203,2026-05-07T07:57:46.000Z,2026-05-07T08:01:09.000Z,94,-95.4,87.0,-7,0,0.2,4742.89,4747.37,4738.8,4747.34,BUY,USD,1,1,1583663
D#1702490,XAUUSD,100,7349874591908155682,7349874591887707361,7349874591979089143,7349874591979089099,180,2026-05-07T07:58:11.000Z,2026-05-07T08:01:11.000Z,113.4,-114.80000000000001,106.4,-7,0,0.2,4743.97,4749.42,,4749.36,BUY,USD,1,1,1583663
D#1670992,XAUUSD,100,7349874591908155687,7349874591887706441,7349874591979090080,7349874591979076689,2625,2026-05-07T07:17:27.000Z,2026-05-07T08:01:12.000Z,-17.2,16.5,-20.7,-3.5,0,0.1,4747.63,4749.57,4752.92,4718.42,SELL,USD,1,1,1583663
D#1702397,XAUUSD,100,7349874591908155701,7349874591887706807,7349874591979090158,7349874591979081278,1848,2026-05-07T07:30:34.000Z,2026-05-07T08:01:22.000Z,-266.4,264.29999999999995,-276.9,-10.5,0,0.3,4740.2,4749.3,,4736.63,SELL,USD,1,1,1583663
D#1702742,XAUUSD,100,7349874591908155712,7349874591887706342,7349874591979075729,7349874591979075600,2794,2026-05-07T07:14:50.000Z,2026-05-07T08:01:24.000Z,4.7,-5.4,1.2,-3.5,0,0.1,4748.76,4750.4,4749.92,4679.81,SELL,USD,1,1,1583663
D#1702361,XAUUSD,100,7349874591908155720,7349874591887706887,7349874591979083148,7349874591979082342,1642,2026-05-07T07:34:02.000Z,2026-05-07T08:01:24.000Z,65.46,-65.88,63.36,-2.1,0,0.06,4740.42,4751.11,4732.14,4750.32,BUY,USD,1,1,1583663
D#1670956,XAUUSD,100,7349874591908155734,7349874591887706634,7349874591979079146,7349874591979074090,2240,2026-05-07T07:24:07.000Z,2026-05-07T08:01:27.000Z,117.9,-118.60000000000001,114.4,-3.5,0,0.1,4739.62,4751.19,4734.83,4751.33,BUY,USD,1,1,1583663
D#1702524,XAUUSD,100,7349874591908155736,7349874591887707311,7349874591979088818,7349874591979088554,316,2026-05-07T07:56:11.000Z,2026-05-07T08:01:27.000Z,117.8,-118.5,114.3,-3.5,0,0.1,4739.89,4751.45,4740.13,4751.41,BUY,USD,1,1,1583663
D#1702357,XAUUSD,100,7349874591908155930,7349874591887700249,7349874591979091379,7349874591979006959,20030,2026-05-07T02:30:50.000Z,2026-05-07T08:04:40.000Z,-202.32,202.04,-203.72,-1.4,0,0.04,4700.82,4751.62,,4680,SELL,USD,1,1,1583663
D#1702341,XAUUSD,100,7349874591908155931,7349874591887707515,7349874591979091394,7349874591979090907,81,2026-05-07T08:03:22.000Z,2026-05-07T08:04:43.000Z,26.4,-27.099999999999998,22.9,-3.5,0,0.1,4748.16,4750.58,4745.93,4756.02,BUY,USD,1,1,1583663
D#1702742,XAUUSD,100,7349874591908155995,7349874591887707468,7349874591979090604,7349874591979090267,271,2026-05-07T08:01:33.000Z,2026-05-07T08:06:04.000Z,-18.3,17.6,-21.8,-3.5,0,0.1,4750.13,4752.18,4751.93,4679.94,SELL,USD,1,1,1583663
D#1702426,XAUUSD,100,7349874591908155994,7349874591887707504,7349874591979091148,7349874591979090748,195,2026-05-07T08:02:49.000Z,2026-05-07T08:06:04.000Z,126.3,-128.4,115.8,-10.5,0,0.3,4748.02,4752.01,,4751.62,BUY,USD,1,1,1583663
D#1702490,XAUUSD,100,7349874591908156002,7349874591887707563,7349874591979091836,7349874591979091488,64,2026-05-07T08:05:01.000Z,2026-05-07T08:06:05.000Z,-43.6,42.2,-50.6,-7,0,0.2,4749.7,4752.1,,4744.31,SELL,USD,1,1,1583663
D#1702497,XAUUSD,100,7349874591908156015,7349874591887705799,7349874591979070712,7349874591979070487,3799,2026-05-07T07:02:52.000Z,2026-05-07T08:06:11.000Z,-70.75,70.4,-72.51,-1.76,0,0.05,4737.94,4752.31,4752.17,4697.91,SELL,USD,1,1,1583663
D#1670981,XAUUSD,100,7349874591908156057,7349874591887706590,7349874591979092051,7349874591979078575,2652,2026-05-07T07:22:29.000Z,2026-05-07T08:06:41.000Z,-201.4,200.0,-208.4,-7,0,0.2,4742.44,4752.73,,4732.08,SELL,USD,1,1,1583663
D#1702586,XAUUSD,100,7349874591908156105,7349874591887707603,7349874591979091993,7349874591979091905,98,2026-05-07T08:06:15.000Z,2026-05-07T08:07:53.000Z,-39.45,38.400000000000006,-44.71,-5.26,0,0.15,4752.18,4749.33,4749.65,,BUY,USD,1,1,1583663
D#1702490,XAUUSD,100,7349874591908156152,7349874591887707612,7349874591979092102,7349874591979092033,140,2026-05-07T08:06:37.000Z,2026-05-07T08:08:57.000Z,114.6,-116.0,107.6,-7,0,0.2,4752.43,4746.92,,4746.94,SELL,USD,1,1,1583663
D#1670870,XAUUSD,100,7349874591908156158,7349874591887707556,7349874591979091456,7349874591979091342,262,2026-05-07T08:04:36.000Z,2026-05-07T08:08:58.000Z,-90.2,88.8,-97.2,-7,0,0.2,4751.16,4746.43,4746.61,4756.09,BUY,USD,1,1,1583663
D#1671070,XAUUSD,100,7349874591908156178,7349874591887707542,7349874591979092864,7349874591979091224,293,2026-05-07T08:04:18.000Z,2026-05-07T08:09:11.000Z,-159.5,156.0,-177.0,-17.5,0,0.5,4750.66,4747.25,,4758.65,BUY,USD,1,1,1583663
D#1702480,XAUUSD,100,7349874591908156180,7349874591887707651,7349874591979092873,7349874591979092740,20,2026-05-07T08:08:52.000Z,2026-05-07T08:09:12.000Z,-28.2,26.8,-35.2,-7,0,0.2,4748.99,4747.36,4743.6,,BUY,USD,1,1,1583663
D#1671084,XAUUSD,100,7349874591908156309,7349874591887707629,7349874591979092538,7349874591979092435,244,2026-05-07T08:07:53.000Z,2026-05-07T08:11:57.000Z,91.4,-92.80000000000001,84.4,-7,0,0.2,4749.61,4745.26,4752.65,4745.1,SELL,USD,1,1,1583663
D#1670870,XAUUSD,100,7349874591908156333,7349874591887707660,7349874591979092895,7349874591979092848,204,2026-05-07T08:09:08.000Z,2026-05-07T08:12:32.000Z,-39.4,38.0,-46.4,-7,0,0.2,4746.96,4744.77,4744.91,4753.8,BUY,USD,1,1,1583663
D#1702677,XAUUSD,100,7349874591908156412,7349874591887707630,7349874591979092671,7349874591979092473,396,2026-05-07T08:08:00.000Z,2026-05-07T08:14:36.000Z,-67.6,66.89999999999999,-71.1,-3.5,0,0.1,4749.55,4742.57,4743.11,4795.37,BUY,USD,1,1,1583663
D#1702447,XAUUSD,100,7349874591908156415,7349874591887707713,7349874591979093604,7349874591979093446,218,2026-05-07T08:10:58.000Z,2026-05-07T08:14:36.000Z,113.4,-115.5,102.9,-10.5,0,0.3,4746.29,4742.73,,4743.13,SELL,USD,1,1,1583663
D#1702362,XAUUSD,100,7349874591908156445,7349874591887706464,7349874591979094727,7349874591979077047,3401,2026-05-07T07:18:25.000Z,2026-05-07T08:15:06.000Z,112.6,-114.0,105.6,-7,0,0.2,4748.47,4743.06,4760,4730,SELL,USD,1,1,1583663
D#1702709,XAUUSD,100,7349874591908156471,7349874591887707785,7349874591979094587,7349874591979094522,53,2026-05-07T08:14:24.000Z,2026-05-07T08:15:17.000Z,99.6,-101.69999999999999,89.1,-10.5,0,0.3,4744.13,4741.03,,4740.86,SELL,USD,1,1,1583663
D#1702667,XAUUSD,100,7349874591908156493,7349874591887707726,7349874591979093707,7349874591979093607,238,2026-05-07T08:11:31.000Z,2026-05-07T08:15:29.000Z,-39.7,39.35,-41.46,-1.76,0,0.05,4746.99,4738.83,4738.97,4769.51,BUY,USD,1,1,1583663
D#1702622,XAUUSD,100,7349874591908156520,7349874591887707576,7349874591979095019,7349874591979091645,618,2026-05-07T08:05:28.000Z,2026-05-07T08:15:46.000Z,-148.35,147.29999999999998,-153.61,-5.26,0,0.15,4750.08,4739.97,,,BUY,USD,1,1,1583663
D#1670956,XAUUSD,100,7349874591908156646,7349874591887707812,7349874591979095043,7349874591979094604,213,2026-05-07T08:15:09.000Z,2026-05-07T08:18:42.000Z,-44.7,44.0,-48.2,-3.5,0,0.1,4742.09,4737.4,4737.27,4752.49,BUY,USD,1,1,1583663
D#1670870,XAUUSD,100,7349874591908156666,7349874591887707855,7349874591979095295,7349874591979095243,139,2026-05-07T08:16:27.000Z,2026-05-07T08:18:46.000Z,-66.8,65.39999999999999,-73.8,-7,0,0.2,4740.12,4736.56,4737.02,,BUY,USD,1,1,1583663
D#1670949,XAUUSD,100,7349874591908156691,7349874591887707581,7349874591979096076,7349874591979091717,806,2026-05-07T08:05:44.000Z,2026-05-07T08:19:10.000Z,-214.37,213.18,-220.33,-5.96,0,0.17,4749.56,4736.73,,,BUY,USD,1,1,1583663
D#1702586,XAUUSD,100,7349874591908156690,7349874591887707655,7349874591979096073,7349874591979092785,612,2026-05-07T08:08:58.000Z,2026-05-07T08:19:10.000Z,194.6,-196.0,187.6,-7,0,0.2,4746.43,4736.92,,,SELL,USD,1,1,1583663
D#1702718,XAUUSD,100,7349874591908156705,7349874591887707381,7349874591979096133,7349874591979089350,1206,2026-05-07T07:59:14.000Z,2026-05-07T08:19:20.000Z,-93.9,92.85000000000001,-99.16,-5.26,0,0.15,4743.43,4736.95,4736.39,,BUY,USD,1,1,1583663
D#1702410,XAUUSD,100,7349874591908156757,7349874591887707936,7349874591979096413,7349874591979096345,10,2026-05-07T08:19:56.000Z,2026-05-07T08:20:06.000Z,0.39,-0.6,-0.67,-1.06,0,0.03,4736.78,4736.69,,,BUY,USD,1,1,1583663
D#1702674,XAUUSD,100,7349874591908156773,7349874591887707671,7349874591979096555,7349874591979093041,642,2026-05-07T08:09:52.000Z,2026-05-07T08:20:34.000Z,-106.8,106.1,-110.3,-3.5,0,0.1,4747.36,4736.46,,,BUY,USD,1,1,1583663
D#1702648,XAUUSD,100,7349874591908156908,7349874591887707918,7349874591979096981,7349874591979096135,287,2026-05-07T08:19:21.000Z,2026-05-07T08:24:08.000Z,13.9,-14.25,12.14,-1.76,0,0.05,4737.13,4739.69,,4739.18,BUY,USD,1,1,1583663
D#1671084,XAUUSD,100,7349874591908156909,7349874591887708017,7349874591979097621,7349874591979097379,57,2026-05-07T08:23:11.000Z,2026-05-07T08:24:08.000Z,-62.4,61.0,-69.4,-7,0,0.2,4736.52,4739.86,4739.5,4733.45,SELL,USD,1,1,1583663
D#1591591,XAUUSD,100,7349874591908157026,7349874591887706422,7349874591979077408,7349874591979076470,4139,2026-05-07T07:16:51.000Z,2026-05-07T08:25:50.000Z,123.6,-124.3,120.1,-3.5,0,0.1,4746.86,4734.72,4757,4735.5,SELL,USD,1,1,1583663
D#1702490,XAUUSD,100,7349874591908157032,7349874591887707833,7349874591979097029,7349874591979094938,615,2026-05-07T08:15:35.000Z,2026-05-07T08:25:50.000Z,-92.8,91.39999999999999,-99.8,-7,0,0.2,4739.41,4734.55,4735.3,4744.9,BUY,USD,1,1,1583663
D#1670979,XAUUSD,100,7349874591908157043,7349874591887707892,7349874591979096401,7349874591979095814,446,2026-05-07T08:18:24.000Z,2026-05-07T08:25:50.000Z,-85.6,84.19999999999999,-92.6,-7,0,0.2,4739.47,4734.97,4734.41,4744.22,BUY,USD,1,1,1583663
D#1670870,XAUUSD,100,7349874591908157033,7349874591887707964,7349874591979096739,7349874591979096674,296,2026-05-07T08:20:54.000Z,2026-05-07T08:25:50.000Z,-55.6,54.2,-62.6,-7,0,0.2,4737.55,4734.55,4735.41,,BUY,USD,1,1,1583663
D#1671084,XAUUSD,100,7349874591908157036,7349874591887708039,7349874591979097868,7349874591979097709,92,2026-05-07T08:24:18.000Z,2026-05-07T08:25:50.000Z,101.2,-102.60000000000001,94.2,-7,0,0.2,4739.13,4734.29,4741.67,4736.14,SELL,USD,1,1,1583663
D#1702599,XAUUSD,100,7349874591908157064,7349874591887706725,7349874591979098261,7349874591979080185,3526,2026-05-07T07:27:10.000Z,2026-05-07T08:25:56.000Z,79.5,-80.55,74.24,-5.26,0,0.15,4741.22,4736.14,,,SELL,USD,1,1,1583663
D#1702410,XAUUSD,100,7349874591908157155,7349874591887707950,7349874591979096637,7349874591979096458,492,2026-05-07T08:20:16.000Z,2026-05-07T08:28:28.000Z,127.8,-129.9,117.3,-10.5,0,0.3,4737.21,4741.25,,4740.63,BUY,USD,1,1,1583663
D#1702731,XAUUSD,100,7349874591908157153,7349874591887708079,7349874591979098513,7349874591979098184,159,2026-05-07T08:25:49.000Z,2026-05-07T08:28:28.000Z,117.6,-119.69999999999999,107.1,-10.5,0,0.3,4737.55,4741.25,,4740.74,BUY,USD,1,1,1583663
D#1702490,XAUUSD,100,7349874591908157171,7349874591887708097,7349874591979098484,7349874591979098300,162,2026-05-07T08:26:01.000Z,2026-05-07T08:28:43.000Z,113,-114.4,106.0,-7,0,0.2,4736.29,4741.72,4733.65,4741.78,BUY,USD,1,1,1583663
D#1670992,XAUUSD,100,7349874591908157176,7349874591887707577,7349874591979099152,7349874591979091665,1394,2026-05-07T08:05:32.000Z,2026-05-07T08:28:46.000Z,78.5,-79.2,75.0,-3.5,0,0.1,4749.56,4741.93,4753.81,4721.26,SELL,USD,1,1,1583663
D#1670870,XAUUSD,100,7349874591908157428,7349874591887708133,7349874591979099437,7349874591979098723,462,2026-05-07T08:27:07.000Z,2026-05-07T08:34:49.000Z,124.9,-128.4,107.4,-17.5,0,0.5,4737.8,4737.63,4737.85,,BUY,USD,1,1,1583663
D#1670992,XAUUSD,100,7349874591908157488,7349874591887708164,7349874591979099286,7349874591979099184,456,2026-05-07T08:28:51.000Z,2026-05-07T08:36:27.000Z,-53.2,52.5,-56.7,-3.5,0,0.1,4741.97,4736.43,4736.56,4765.19,BUY,USD,1,1,1583663
D#1702490,XAUUSD,100,7349874591908157494,7349874591887708231,7349874591979101428,7349874591979099814,353,2026-05-07T08:30:42.000Z,2026-05-07T08:36:35.000Z,-99.6,98.19999999999999,-106.6,-7,0,0.2,4741.2,4736,,4746.69,BUY,USD,1,1,1583663
D#1670979,XAUUSD,100,7349874591908157549,7349874591887708156,7349874591979099348,7349874591979099077,573,2026-05-07T08:28:29.000Z,2026-05-07T08:38:02.000Z,-117.2,115.8,-124.2,-7,0,0.2,4741.39,4735.31,4735.42,4746.09,BUY,USD,1,1,1583663
D#1702361,XAUUSD,100,7349874591908157588,7349874591887707530,7349874591979102000,7349874591979091080,2080,2026-05-07T08:03:54.000Z,2026-05-07T08:38:34.000Z,81.84,-82.26,79.74,-2.1,0,0.06,4748.18,4734.76,4739.22,4732.88,SELL,USD,1,1,1583663
D#1702586,XAUUSD,100,7349874591908157738,7349874591887708451,7349874591979102713,7349874591979102618,196,2026-05-07T08:41:03.000Z,2026-05-07T08:44:19.000Z,-57.8,56.4,-64.8,-7,0,0.2,4738.27,4735.16,4735.35,,BUY,USD,1,1,1583663
D#1702713,XAUUSD,100,7349874591908157741,7349874591887708418,7349874591979103381,7349874591979102318,273,2026-05-07T08:39:48.000Z,2026-05-07T08:44:21.000Z,-11.5,10.8,-15.0,-3.5,0,0.1,4736.51,4735.14,,4777.5,BUY,USD,1,1,1583663
D#1670992,XAUUSD,100,7349874591908157761,7349874591887708430,7349874591979103620,7349874591979102415,315,2026-05-07T08:40:08.000Z,2026-05-07T08:45:23.000Z,-15,14.3,-18.5,-3.5,0,0.1,4737.51,4735.79,4733.34,4763.44,BUY,USD,1,1,1583663
D#1670979,XAUUSD,100,7349874591908157832,7349874591887708406,7349874591979104180,7349874591979102100,525,2026-05-07T08:38:56.000Z,2026-05-07T08:47:41.000Z,-4,2.5999999999999996,-11.0,-7,0,0.2,4735.7,4735.28,,4740.68,BUY,USD,1,1,1583663
D#1670870,XAUUSD,100,7349874591908157875,7349874591887708488,7349874591979103301,7349874591979103230,326,2026-05-07T08:43:33.000Z,2026-05-07T08:48:59.000Z,-161,157.5,-178.5,-17.5,0,0.5,4736.87,4733.43,4733.83,,BUY,USD,1,1,1583663
D#1702490,XAUUSD,100,7349874591908157895,7349874591887708359,7349874591979103384,7349874591979101610,700,2026-05-07T08:37:20.000Z,2026-05-07T08:49:00.000Z,-77.4,76.0,-84.4,-7,0,0.2,4737.48,4733.39,4733.5,4742.97,BUY,USD,1,1,1583663
D#1702646,XAUUSD,100,7349874591908157905,7349874591887708287,7349874591979104563,7349874591979100599,943,2026-05-07T08:33:28.000Z,2026-05-07T08:49:11.000Z,-194.4,192.3,-204.9,-10.5,0,0.3,4741.05,4734.35,,4744.69,BUY,USD,1,1,1583663
D#1702497,XAUUSD,100,7349874591908157995,7349874591887708602,7349874591979105193,7349874591979105086,31,2026-05-07T08:51:07.000Z,2026-05-07T08:51:38.000Z,11.16,-12.0,6.96,-4.2,0,0.12,4734.24,4733.53,,,SELL,USD,1,1,1583663
D#1702415,XAUUSD,100,7349874591908158005,7349874591887706759,7349874591979081065,7349874591979080810,4948,2026-05-07T07:29:13.000Z,2026-05-07T08:51:41.000Z,-59.8,59.099999999999994,-63.3,-3.5,0,0.1,4738.98,4732.78,4733.03,4765.69,BUY,USD,1,1,1583663
D#1702490,XAUUSD,100,7349874591908158004,7349874591887708572,7349874591979104844,7349874591979104581,144,2026-05-07T08:49:17.000Z,2026-05-07T08:51:41.000Z,-49.2,47.800000000000004,-56.2,-7,0,0.2,4735.46,4732.78,4733,4740.95,BUY,USD,1,1,1583663
D#1702667,XAUUSD,100,7349874591908158017,7349874591887707854,7349874591979105243,7349874591979095223,2127,2026-05-07T08:16:24.000Z,2026-05-07T08:51:51.000Z,-124.6,123.19999999999999,-131.6,-7,0,0.2,4740.42,4733.97,,4767.46,BUY,USD,1,1,1583663
D#1702711,XAUUSD,100,7349874591908158107,7349874591887708327,7349874591979105917,7349874591979101210,1104,2026-05-07T08:35:47.000Z,2026-05-07T08:54:11.000Z,46.5,-48.6,36.0,-10.5,0,0.3,4738.34,4737.01,,4722.18,SELL,USD,1,1,1583663
D#1702431,XAUUSD,100,7349874591908158149,7349874591887708650,7349874591979106117,7349874591979105754,75,2026-05-07T08:53:36.000Z,2026-05-07T08:54:51.000Z,-19.46,18.970000000000002,-21.92,-2.46,0,0.07,4736.53,4733.53,,,BUY,USD,1,1,1583663
D#1702614,XAUUSD,100,7349874591908158299,7349874591887706375,7349874591979107014,7349874591979075915,6158,2026-05-07T07:15:33.000Z,2026-05-07T08:58:11.000Z,-195.48,194.64,-199.68,-4.2,0,0.12,4749.22,4732.71,,4768,BUY,USD,1,1,1583663
D#1702575,XAUUSD,100,7349874591908158307,7349874591887706511,7349874591979107094,7349874591979077664,5915,2026-05-07T07:19:56.000Z,2026-05-07T08:58:31.000Z,56.55,-56.9,54.79,-1.76,0,0.05,4743.93,4732.84,,4728.1,SELL,USD,1,1,1583663
D#1671084,XAUUSD,100,7349874591908158332,7349874591887708352,7349874591979101733,7349874591979101507,1313,2026-05-07T08:36:55.000Z,2026-05-07T08:58:48.000Z,102.6,-104.0,95.6,-7,0,0.2,4736.71,4731.8,4739.25,4731.74,SELL,USD,1,1,1583663
D#1670951,XAUUSD,100,7349874591908158359,7349874591887708603,7349874591979107056,7349874591979105107,494,2026-05-07T08:51:13.000Z,2026-05-07T08:59:27.000Z,5,-6.4,-2.0,-7,0,0.2,4734.29,4734.26,4734.05,,SELL,USD,1,1,1583663
D#1702388,XAUUSD,100,7349874591908158385,7349874591887707776,7349874591979094401,7349874591979094397,2736,2026-05-07T08:14:03.000Z,2026-05-07T08:59:39.000Z,116.16,-116.72,113.36,-2.8,0,0.08,4745.85,4731.55,4742.78,4731.37,SELL,USD,1,1,1583663
D#1702729,XAUUSD,100,7349874591908158387,7349874591887706540,7349874591979079590,7349874591979077937,5941,2026-05-07T07:20:39.000Z,2026-05-07T08:59:40.000Z,-24,23.86,-24.7,-0.7,0,0.02,4743.45,4731.23,4731.36,4754.02,BUY,USD,1,1,1583663
D#1702681,XAUUSD,100,7349874591908158390,7349874591887706560,7349874591979078165,7349874591979078163,5907,2026-05-07T07:21:14.000Z,2026-05-07T08:59:41.000Z,-33.69,33.48,-34.75,-1.06,0,0.03,4742.68,4731.23,4731.31,,BUY,USD,1,1,1583663
D#1702649,XAUUSD,100,7349874591908158396,7349874591887706796,7349874591979107500,7349874591979081173,5373,2026-05-07T07:30:17.000Z,2026-05-07T08:59:50.000Z,-117.13,115.94,-123.09,-5.96,0,0.17,4738.81,4731.7,,,BUY,USD,1,1,1583663
D#1702361,XAUUSD,100,7349874591908158427,7349874591887708413,7349874591979102444,7349874591979102250,1234,2026-05-07T08:39:33.000Z,2026-05-07T09:00:07.000Z,-28.2,27.779999999999998,-30.3,-2.1,0,0.06,4734.96,4730.04,4730.27,4751.57,BUY,USD,1,1,1583663
D#1702383,XAUUSD,100,7349874591908158512,7349874591887705276,7349874591979064779,7349874591979064777,8148,2026-05-07T06:44:55.000Z,2026-05-07T09:00:43.000Z,-125.93,125.44000000000001,-128.39,-2.46,0,0.07,4746.33,4728.12,4728.25,4761.64,BUY,USD,1,1,1583663
D#1670922,XAUUSD,100,7349874591908158532,7349874591887708674,7349874591979107907,7349874591979106035,376,2026-05-07T08:54:35.000Z,2026-05-07T09:00:51.000Z,-183.6,181.5,-194.1,-10.5,0,0.3,4735.17,4728.83,,,BUY,USD,1,1,1583663
D#1670951,XAUUSD,100,7349874591908158577,7349874591887708783,7349874591979107709,7349874591979107490,102,2026-05-07T08:59:48.000Z,2026-05-07T09:01:30.000Z,111.2,-112.60000000000001,104.2,-7,0,0.2,4731.74,4726.4,4731.5,4726.39,SELL,USD,1,1,1583663
D#1702711,XAUUSD,100,7349874591908158591,7349874591887708683,7349874591979108190,7349874591979106152,401,2026-05-07T08:54:58.000Z,2026-05-07T09:01:39.000Z,275.45,-277.9,263.19,-12.26,0,0.35,4734.05,4726.4,,,SELL,USD,1,1,1583663
D#1702362,XAUUSD,100,7349874591908158608,7349874591887707975,7349874591979108267,7349874591979096748,2447,2026-05-07T08:21:04.000Z,2026-05-07T09:01:51.000Z,-330,327.9,-340.5,-10.5,0,0.3,4737.35,4726.13,4722,4765.6,BUY,USD,1,1,1583663
D#1670974,XAUUSD,100,7349874591908158607,7349874591887708581,7349874591979108264,7349874591979104689,732,2026-05-07T08:49:39.000Z,2026-05-07T09:01:51.000Z,-352,349.2,-366.0,-14,0,0.4,4735.18,4726.16,,,BUY,USD,1,1,1583663
D#1702361,XAUUSD,100,7349874591908158612,7349874591887708854,7349874591979108290,7349874591979108159,21,2026-05-07T09:01:34.000Z,2026-05-07T09:01:55.000Z,0.78,-1.2,-1.32,-2.1,0,0.06,4726.54,4726.63,,,SELL,USD,1,1,1583663
D#1702363,XAUUSD,100,7349874591908158656,7349874591887708059,7349874591979098117,7349874591979097929,2270,2026-05-07T08:24:59.000Z,2026-05-07T09:02:49.000Z,-72.95,72.60000000000001,-74.71,-1.76,0,0.05,4739.98,4725.17,4725.63,4800,BUY,USD,1,1,1583663
D#1702477,XAUUSD,100,7349874591908158708,7349874591887706271,7349874591979108764,7349874591979074819,6631,2026-05-07T07:12:50.000Z,2026-05-07T09:03:21.000Z,-378.3,377.25,-383.56,-5.26,0,0.15,4749.53,4724.09,,,BUY,USD,1,1,1583663
D#1702630,XAUUSD,100,7349874591908158724,7349874591887706733,7349874591979108795,7349874591979080331,5746,2026-05-07T07:27:41.000Z,2026-05-07T09:03:27.000Z,156.8,-157.5,153.3,-3.5,0,0.1,4739.46,4724,,,SELL,USD,1,1,1583663
D#1670946,XAUUSD,100,7349874591908158723,7349874591887708337,7349874591979101709,7349874591979101312,1636,2026-05-07T08:36:11.000Z,2026-05-07T09:03:27.000Z,-14.48,14.41,-14.84,-0.36,0,0.01,4738.48,4723.78,4723.36,4755.96,BUY,USD,1,1,1583663
D#1702469,XAUUSD,100,7349874591908158759,7349874591887707543,7349874591979097776,7349874591979091225,3568,2026-05-07T08:04:18.000Z,2026-05-07T09:03:46.000Z,142.35,-142.7,140.59,-1.76,0,0.05,4750.49,4722.24,4749.05,4722.06,SELL,USD,1,1,1583663
D#1670992,XAUUSD,100,7349874591908158783,7349874591887708505,7349874591979109010,7349874591979103628,1117,2026-05-07T08:45:25.000Z,2026-05-07T09:04:02.000Z,116.2,-116.9,112.7,-3.5,0,0.1,4735.76,4724.36,4739.75,4721.01,SELL,USD,1,1,1583663
D#1702599,XAUUSD,100,7349874591908158828,7349874591887708905,7349874591979109354,7349874591979108868,93,2026-05-07T09:03:39.000Z,2026-05-07T09:05:12.000Z,72.4,-73.80000000000001,65.4,-7,0,0.2,4723.51,4726.91,,,BUY,USD,1,1,1583663
D#1670924,XAUUSD,100,7349874591908158881,7349874591887707852,7349874591979109724,7349874591979095208,3005,2026-05-07T08:16:22.000Z,2026-05-07T09:06:27.000Z,12.84,-12.91,12.48,-0.36,0,0.01,4740.08,4727.46,4754.57,4697.05,SELL,USD,1,1,1583663
D#1702415,XAUUSD,100,7349874591908158960,7349874591887708923,7349874591979109180,7349874591979109063,235,2026-05-07T09:04:11.000Z,2026-05-07T09:08:06.000Z,-63.1,62.4,-66.6,-3.5,0,0.1,4725.45,4731.98,4731.81,4701.49,SELL,USD,1,1,1583663
D#1702427,XAUUSD,100,7349874591908159018,7349874591887708709,7349874591979106721,7349874591979106431,828,2026-05-07T08:55:57.000Z,2026-05-07T09:09:45.000Z,26,-27.75,17.24,-8.76,0,0.25,4733.85,4733.03,4732.88,4717.42,SELL,USD,1,1,1583663
D#1702659,XAUUSD,100,7349874591908159042,7349874591887704867,7349874591979110819,7349874591979061079,9312,2026-05-07T06:34:58.000Z,2026-05-07T09:10:10.000Z,8.6,-9.299999999999999,5.1,-3.5,0,0.1,4733.51,4732.87,,,SELL,USD,1,1,1583663
D#1670951,XAUUSD,100,7349874591908159078,7349874591887709043,7349874591979110968,7349874591979110518,85,2026-05-07T09:09:07.000Z,2026-05-07T09:10:32.000Z,-55.4,54.0,-62.4,-7,0,0.2,4731.82,4734.81,,4726.62,SELL,USD,1,1,1583663
D#1670870,XAUUSD,100,7349874591908159230,7349874591887708971,7349874591979111985,7349874591979109590,468,2026-05-07T09:06:00.000Z,2026-05-07T09:13:48.000Z,138.2,-139.6,131.2,-7,0,0.2,4726.88,4733.57,,,BUY,USD,1,1,1583663
D#1702339,XAUUSD,100,7349874591908159231,7349874591887709134,7349874591979111998,7349874591979111429,116,2026-05-07T09:11:55.000Z,2026-05-07T09:13:51.000Z,-1.14,1.0699999999999998,-1.5,-0.36,0,0.01,4734.78,4733.42,,,BUY,USD,1,1,1583663
D#1702339,XAUUSD,100,7349874591908159299,7349874591887709176,7349874591979112612,7349874591979112024,140,2026-05-07T09:13:56.000Z,2026-05-07T09:16:16.000Z,0.53,-0.6000000000000001,0.17,-0.36,0,0.01,4733.48,4733.17,,,SELL,USD,1,1,1583663
D#1702431,XAUUSD,100,7349874591908159310,7349874591887709035,7349874591979111874,7349874591979110398,466,2026-05-07T09:08:38.000Z,2026-05-07T09:16:24.000Z,1.89,-2.38,-0.57,-2.46,0,0.07,4731.75,4731.8,4731.95,4748.75,BUY,USD,1,1,1583663
D#1702426,XAUUSD,100,7349874591908159353,7349874591887709177,7349874591979112922,7349874591979112026,206,2026-05-07T09:13:57.000Z,2026-05-07T09:17:23.000Z,-80.7,78.60000000000001,-91.2,-10.5,0,0.3,4733.48,4736.39,4736.5,4729.88,SELL,USD,1,1,1583663
D#1702599,XAUUSD,100,7349874591908159387,7349874591887709089,7349874591979113164,7349874591979110982,447,2026-05-07T09:10:36.000Z,2026-05-07T09:18:03.000Z,-19,17.6,-26.0,-7,0,0.2,4735.21,4736.38,,,SELL,USD,1,1,1583663
D#1702339,XAUUSD,100,7349874591908159397,7349874591887709229,7349874591979113223,7349874591979112739,92,2026-05-07T09:16:44.000Z,2026-05-07T09:18:16.000Z,2.27,-2.34,1.91,-0.36,0,0.01,4734.61,4736.66,,,BUY,USD,1,1,1583663
D#1702427,XAUUSD,100,7349874591908159653,7349874591887709104,7349874591979111403,7349874591979111090,941,2026-05-07T09:10:53.000Z,2026-05-07T09:26:34.000Z,-79,77.25,-87.76,-8.76,0,0.25,4735.23,4738.61,4738.54,4719.6,SELL,USD,1,1,1583663
D#1671084,XAUUSD,100,7349874591908159656,7349874591887709105,7349874591979111450,7349874591979111091,941,2026-05-07T09:10:53.000Z,2026-05-07T09:26:34.000Z,-67.2,65.8,-74.2,-7,0,0.2,4735.23,4738.81,4738.51,4731.04,SELL,USD,1,1,1583663
D#1702586,XAUUSD,100,7349874591908159813,7349874591887709445,7349874591979115876,7349874591979115831,131,2026-05-07T09:28:31.000Z,2026-05-07T09:30:42.000Z,-29.2,27.8,-36.2,-7,0,0.2,4735.47,4733.79,4733.92,4742.12,BUY,USD,1,1,1583663
D#1702519,XAUUSD,100,7349874591908159826,7349874591887709438,7349874591979116458,7349874591979115726,169,2026-05-07T09:28:07.000Z,2026-05-07T09:30:56.000Z,-44.1,42.0,-54.6,-10.5,0,0.3,4735.32,4733.63,,,BUY,USD,1,1,1583663
D#1702599,XAUUSD,100,7349874591908159933,7349874591887709274,7349874591979117321,7349874591979113197,980,2026-05-07T09:18:08.000Z,2026-05-07T09:34:28.000Z,-37.4,36.0,-44.4,-7,0,0.2,4736.63,4734.54,,4741.76,BUY,USD,1,1,1583663
D#1702583,XAUUSD,100,7349874591908160069,7349874591887709603,7349874591979118277,7349874591979117839,120,2026-05-07T09:36:19.000Z,2026-05-07T09:38:19.000Z,-74.88,71.24,-93.08,-18.2,0,0.52,4735.92,4734.26,4731.64,4742.23,BUY,USD,1,1,1583663
D#1702586,XAUUSD,100,7349874591908160071,7349874591887709502,7349874591979116574,7349874591979116512,434,2026-05-07T09:31:09.000Z,2026-05-07T09:38:23.000Z,-2.2,0.8,-9.2,-7,0,0.2,4734.36,4734.03,4734.23,,BUY,USD,1,1,1583663
D#1702543,XAUUSD,100,7349874591908160150,7349874591887709608,7349874591979118048,7349874591979117959,270,2026-05-07T09:36:48.000Z,2026-05-07T09:41:18.000Z,87.29,-90.30000000000001,72.23,-15.06,0,0.43,4736.36,4738.17,,4738.29,BUY,USD,1,1,1583663
D#1702497,XAUUSD,100,7349874591908160152,7349874591887708612,7349874591979118987,7349874591979105245,2970,2026-05-07T08:51:51.000Z,2026-05-07T09:41:21.000Z,-129.92,127.67999999999999,-141.12,-11.2,0,0.32,4734.09,4738.37,,,SELL,USD,1,1,1583663
D#1589408,XAUUSD,100,7349874591908160318,7349874591887709324,7349874591979120209,7349874591979114093,1499,2026-05-07T09:21:43.000Z,2026-05-07T09:46:42.000Z,36.8,-37.5,33.3,-3.5,0,0.1,4735.25,4738.71,,,BUY,USD,1,1,1583663
D#1702674,XAUUSD,100,7349874591908160380,7349874591887707982,7349874591979120769,7349874591979096858,5274,2026-05-07T08:21:24.000Z,2026-05-07T09:49:18.000Z,-1.4,0.6999999999999998,-4.9,-3.5,0,0.1,4737.26,4737.62,,,SELL,USD,1,1,1583663
D#1702599,XAUUSD,100,7349874591908160408,7349874591887709565,7349874591979120921,7349874591979117348,924,2026-05-07T09:34:33.000Z,2026-05-07T09:49:57.000Z,-12.8,11.4,-19.8,-7,0,0.2,4735.03,4735.89,,,SELL,USD,1,1,1583663
D#1702427,XAUUSD,100,7349874591908160438,7349874591887709818,7349874591979121150,7349874591979121126,7,2026-05-07T09:50:41.000Z,2026-05-07T09:50:48.000Z,-2.5,0.75,-11.26,-8.76,0,0.25,4735.26,4734.94,,,BUY,USD,1,1,1583663
D#1702586,XAUUSD,100,7349874591908160501,7349874591887709829,7349874591979121462,7349874591979121366,32,2026-05-07T09:51:37.000Z,2026-05-07T09:52:09.000Z,-26,24.6,-33.0,-7,0,0.2,4736.24,4734.72,4734.76,,BUY,USD,1,1,1583663
D#1702599,XAUUSD,100,7349874591908160533,7349874591887709809,7349874591979121718,7349874591979120951,164,2026-05-07T09:50:03.000Z,2026-05-07T09:52:47.000Z,-57,55.6,-64.0,-7,0,0.2,4736.58,4733.51,,,BUY,USD,1,1,1583663
D#1702426,XAUUSD,100,7349874591908160539,7349874591887709379,7349874591979116504,7349874591979114927,1676,2026-05-07T09:24:55.000Z,2026-05-07T09:52:51.000Z,-109.2,107.10000000000001,-119.7,-10.5,0,0.3,4737.04,4733.18,4733.28,4740.64,BUY,USD,1,1,1583663
D#1670951,XAUUSD,100,7349874591908160555,7349874591887709088,7349874591979111420,7349874591979110978,2556,2026-05-07T09:10:35.000Z,2026-05-07T09:53:11.000Z,-37.8,36.4,-44.8,-7,0,0.2,4735.14,4733.03,4733.18,4740.46,BUY,USD,1,1,1583663
D#1702586,XAUUSD,100,7349874591908160607,7349874591887709874,7349874591979122289,7349874591979122112,37,2026-05-07T09:54:17.000Z,2026-05-07T09:54:54.000Z,-30.4,27.599999999999998,-44.4,-14,0,0.4,4734.82,4733.84,,,BUY,USD,1,1,1583663
D#1702533,XAUUSD,100,7349874591908160631,7349874591887709617,7349874591979118240,7349874591979118134,1110,2026-05-07T09:37:31.000Z,2026-05-07T09:56:01.000Z,-35.7,35.0,-39.2,-3.5,0,0.1,4736.63,4732.84,4733,,BUY,USD,1,1,1583663
D#1671084,XAUUSD,100,7349874591908160648,7349874591887709422,7349874591979115617,7349874591979115497,1769,2026-05-07T09:27:11.000Z,2026-05-07T09:56:40.000Z,100.2,-101.60000000000001,93.2,-7,0,0.2,4736.73,4731.94,4739.54,4732.06,SELL,USD,1,1,1583663
D#1645651,XAUUSD,100,7349874591908160652,7349874591887709688,7349874591979119398,7349874591979119221,864,2026-05-07T09:42:18.000Z,2026-05-07T09:56:42.000Z,-101.6,100.19999999999999,-108.6,-7,0,0.2,4736.96,4731.66,4731.83,4741.6,BUY,USD,1,1,1583663
D#1702586,XAUUSD,100,7349874591908160678,7349874591887709895,7349874591979122792,7349874591979122459,74,2026-05-07T09:55:37.000Z,2026-05-07T09:56:51.000Z,-108.4,105.60000000000001,-122.4,-14,0,0.4,4733.78,4730.85,,,BUY,USD,1,1,1583663
D#1702383,XAUUSD,100,7349874591908160689,7349874591887709712,7349874591979119719,7349874591979119718,733,2026-05-07T09:44:46.000Z,2026-05-07T09:56:59.000Z,-55.51,55.019999999999996,-57.97,-2.46,0,0.07,4738.51,4730.36,4730.49,4752.54,BUY,USD,1,1,1583663
D#1702431,XAUUSD,100,7349874591908160704,7349874591887709245,7349874591979113171,7349874591979112896,2395,2026-05-07T09:17:15.000Z,2026-05-07T09:57:10.000Z,-31.01,30.520000000000003,-33.47,-2.46,0,0.07,4734.32,4729.67,4729.78,4751.13,BUY,USD,1,1,1583663
D#1702519,XAUUSD,100,7349874591908160701,7349874591887709499,7349874591979116713,7349874591979116471,1570,2026-05-07T09:31:00.000Z,2026-05-07T09:57:10.000Z,125.1,-127.19999999999999,114.6,-10.5,0,0.3,4733.79,4729.84,,4729.88,SELL,USD,1,1,1583663
D#1702663,XAUUSD,100,7349874591908160719,7349874591887709330,7349874591979122958,7349874591979114250,2096,2026-05-07T09:22:25.000Z,2026-05-07T09:57:21.000Z,-200,197.2,-214.0,-14,0,0.4,4735.84,4730.62,,,BUY,USD,1,1,1583663
D#1702426,XAUUSD,100,7349874591908160715,7349874591887709864,7349874591979122955,7349874591979121967,218,2026-05-07T09:53:43.000Z,2026-05-07T09:57:21.000Z,-93,90.9,-103.5,-10.5,0,0.3,4733.94,4730.62,,4737.47,BUY,USD,1,1,1583663
D#1702599,XAUUSD,100,7349874591908160727,7349874591887709877,7349874591979123001,7349874591979122159,184,2026-05-07T09:54:26.000Z,2026-05-07T09:57:30.000Z,112.6,-114.0,105.6,-7,0,0.2,4734.69,4729.28,,,SELL,USD,1,1,1583663
D#1702388,XAUUSD,100,7349874591908160745,7349874591887709543,7349874591979117058,7349874591979117056,1459,2026-05-07T09:33:22.000Z,2026-05-07T09:57:41.000Z,-59.28,58.72,-62.08,-2.8,0,0.08,4735.59,4727.96,4728.11,4750.32,BUY,USD,1,1,1583663
D#1702674,XAUUSD,100,7349874591908160754,7349874591887709799,7349874591979123115,7349874591979120880,487,2026-05-07T09:49:44.000Z,2026-05-07T09:57:51.000Z,-84.7,83.93,-88.56,-3.86,0,0.11,4735.79,4727.87,,,BUY,USD,1,1,1583663
D#1670988,XAUUSD,100,7349874591908160787,7349874591887709103,7349874591979111980,7349874591979111088,2842,2026-05-07T09:10:53.000Z,2026-05-07T09:58:15.000Z,-42.85,42.5,-44.61,-1.76,0,0.05,4734.85,4726.06,4726.61,4788.28,BUY,USD,1,1,1583663
D#1671079,XAUUSD,100,7349874591908160884,7349874591887709185,7349874591979123936,7349874591979112128,2767,2026-05-07T09:14:22.000Z,2026-05-07T10:00:29.000Z,-118.4,117.0,-125.4,-7,0,0.2,4733.31,4727.17,4725.93,4753.36,BUY,USD,1,1,1583663
D#1670992,XAUUSD,100,7349874591908160894,7349874591887708943,7349874591979124021,7349874591979109309,3344,2026-05-07T09:05:01.000Z,2026-05-07T10:00:45.000Z,16,-16.7,12.5,-3.5,0,0.1,4726.57,4727.95,4720.5,4769.45,BUY,USD,1,1,1583663
D#1702693,XAUUSD,100,7349874591908160896,7349874591887709618,7349874591979124027,7349874591979118179,1377,2026-05-07T09:37:49.000Z,2026-05-07T10:00:46.000Z,-85.8,85.03,-89.66,-3.86,0,0.11,4736.02,4728,,4745,BUY,USD,1,1,1583663
D#1702687,XAUUSD,100,7349874591908160934,7349874591887709913,7349874591979124320,7349874591979122794,286,2026-05-07T09:56:51.000Z,2026-05-07T10:01:37.000Z,1.03,-1.1,0.67,-0.36,0,0.01,4730.83,4730.02,,,SELL,USD,1,1,1583663
D#1702365,XAUUSD,100,7349874591908160952,7349874591887709555,7349874591979123196,7349874591979117203,1685,2026-05-07T09:33:59.000Z,2026-05-07T10:02:04.000Z,62.6,-64.0,55.6,-7,0,0.2,4733.93,4731.02,4730.87,4685.96,SELL,USD,1,1,1583663
D#1671079,XAUUSD,100,7349874591908160973,7349874591887710036,7349874591979124518,7349874591979124358,31,2026-05-07T10:01:45.000Z,2026-05-07T10:02:16.000Z,14.9,-15.6,11.4,-3.5,0,0.1,4730.4,4731.67,,,BUY,USD,1,1,1583663
D#1702654,XAUUSD,100,7349874591908160980,7349874591887709307,7349874591979124560,7349874591979113812,2510,2026-05-07T09:20:35.000Z,2026-05-07T10:02:25.000Z,31.1,-31.8,27.6,-3.5,0,0.1,4734.63,4731.74,4743.96,4720.95,SELL,USD,1,1,1583663
D#1671079,XAUUSD,100,7349874591908161046,7349874591887710082,7349874591979125059,7349874591979124832,52,2026-05-07T10:03:22.000Z,2026-05-07T10:04:14.000Z,37.2,-39.300000000000004,26.7,-10.5,0,0.3,4729.79,4728.77,,,SELL,USD,1,1,1583663
D#1671079,XAUUSD,100,7349874591908161065,7349874591887710105,7349874591979125207,7349874591979125118,15,2026-05-07T10:04:26.000Z,2026-05-07T10:04:41.000Z,-56.1,54.0,-66.6,-10.5,0,0.3,4727.98,4730.07,,,SELL,USD,1,1,1583663
D#1702693,XAUUSD,100,7349874591908161171,7349874591887710020,7349874591979124204,7349874591979124202,407,2026-05-07T10:01:18.000Z,2026-05-07T10:08:05.000Z,101.4,-102.80000000000001,94.4,-7,0,0.2,4728.26,4733.11,,4733.25,BUY,USD,1,1,1583663
D#1671079,XAUUSD,100,7349874591908161306,7349874591887710153,7349874591979127093,7349874591979125884,260,2026-05-07T10:07:22.000Z,2026-05-07T10:11:42.000Z,67.2,-69.3,56.7,-10.5,0,0.3,4731.96,4733.98,,,BUY,USD,1,1,1583663
D#1645651,XAUUSD,100,7349874591908161311,7349874591887710140,7349874591979127128,7349874591979125722,304,2026-05-07T10:06:46.000Z,2026-05-07T10:11:50.000Z,-95.4,94.0,-102.4,-7,0,0.2,4729.26,4734.25,,4722.82,SELL,USD,1,1,1583663
D#1670992,XAUUSD,100,7349874591908161458,7349874591887710077,7349874591979124907,7349874591979124794,761,2026-05-07T10:03:17.000Z,2026-05-07T10:15:58.000Z,-62.3,61.599999999999994,-65.8,-3.5,0,0.1,4729.91,4736.36,4735.68,4689.48,SELL,USD,1,1,1583663
D#1671057,XAUUSD,100,7349874591908161509,7349874591887710343,7349874591979128483,7349874591979128427,18,2026-05-07T10:17:11.000Z,2026-05-07T10:17:29.000Z,13.53,-16.4,-0.83,-14.36,0,0.41,4734.83,4734.72,,,SELL,USD,1,1,1583663
D#1702361,XAUUSD,100,7349874591908161548,7349874591887710348,7349874591979128733,7349874591979128499,68,2026-05-07T10:17:35.000Z,2026-05-07T10:18:43.000Z,2.22,-2.64,0.12,-2.1,0,0.06,4734.53,4734.38,4755.15,4724.41,SELL,USD,1,1,1583663
D#1702431,XAUUSD,100,7349874591908161565,7349874591887710161,7349874591979128304,7349874591979126010,707,2026-05-07T10:07:53.000Z,2026-05-07T10:19:40.000Z,4.27,-4.76,1.81,-2.46,0,0.07,4732.44,4732.83,4732.97,4749.24,BUY,USD,1,1,1583663
D#1702527,XAUUSD,100,7349874591908161621,7349874591887710133,7349874591979125575,7349874591979125573,877,2026-05-07T10:06:09.000Z,2026-05-07T10:20:46.000Z,1.2,-1.9,-2.3,-3.5,0,0.1,4730.44,4730.34,4730.51,4750.62,BUY,USD,1,1,1583663
D#1702356,XAUUSD,100,7349874591908161966,7349874591887710429,7349874591979129915,7349874591979129575,527,2026-05-07T10:22:36.000Z,2026-05-07T10:31:23.000Z,180.01,-183.29999999999998,163.55,-16.46,0,0.47,4731.82,4728.21,4739.66,4729.56,SELL,USD,1,1,1583663
D#1671057,XAUUSD,100,7349874591908161976,7349874591887710492,7349874591979131598,7349874591979130266,374,2026-05-07T10:25:19.000Z,2026-05-07T10:31:33.000Z,-200.34,197.4,-215.04,-14.7,0,0.42,4734.41,4729.42,,,BUY,USD,1,1,1583663
D#1702656,XAUUSD,100,7349874591908162118,7349874591887710643,7349874591979132670,7349874591979132598,16,2026-05-07T10:35:53.000Z,2026-05-07T10:36:09.000Z,0.3,-1.0,-3.2,-3.5,0,0.1,4731.23,4731.04,,,BUY,USD,1,1,1583663
D#1589407,XAUUSD,100,7349874591908162120,7349874591887710616,7349874591979132475,7349874591979132229,129,2026-05-07T10:34:08.000Z,2026-05-07T10:36:17.000Z,-12.9,12.55,-14.66,-1.76,0,0.05,4729.47,4732.27,4732,,SELL,USD,1,1,1583663
D#1702656,XAUUSD,100,7349874591908162185,7349874591887710654,7349874591979133105,7349874591979132733,90,2026-05-07T10:36:31.000Z,2026-05-07T10:38:01.000Z,24.9,-27.0,14.4,-10.5,0,0.3,4732.32,4732.93,,,BUY,USD,1,1,1583663
D#1702356,XAUUSD,100,7349874591908162225,7349874591887710607,7349874591979132070,7349874591979132068,313,2026-05-07T10:33:21.000Z,2026-05-07T10:38:34.000Z,-50.4,49.769999999999996,-53.56,-3.16,0,0.09,4730.76,4736.58,4736.43,4719.18,SELL,USD,1,1,1583663
D#1702427,XAUUSD,100,7349874591908162263,7349874591887709820,7349874591979121378,7349874591979121175,2878,2026-05-07T09:50:52.000Z,2026-05-07T10:38:50.000Z,-54.25,52.5,-63.01,-8.76,0,0.25,4735.11,4737.5,4737.3,4717.42,SELL,USD,1,1,1583663
D#1702656,XAUUSD,100,7349874591908162300,7349874591887710689,7349874591979133471,7349874591979133271,35,2026-05-07T10:38:41.000Z,2026-05-07T10:39:16.000Z,41.1,-43.2,30.6,-10.5,0,0.3,4737.18,4738.33,,,BUY,USD,1,1,1583663
D#1702572,XAUUSD,100,7349874591908162303,7349874591887710664,7349874591979133490,7349874591979132880,138,2026-05-07T10:37:02.000Z,2026-05-07T10:39:20.000Z,-30.65,30.299999999999997,-32.41,-1.76,0,0.05,4731.64,4737.99,,,SELL,USD,1,1,1583663
D#1702656,XAUUSD,100,7349874591908162440,7349874591887710743,7349874591979134508,7349874591979133781,183,2026-05-07T10:40:19.000Z,2026-05-07T10:43:22.000Z,15,-17.1,4.5,-10.5,0,0.3,4737.08,4737.36,,,BUY,USD,1,1,1583663
D#1702358,XAUUSD,100,7349874591908162486,7349874591887709997,7349874591979124250,7349874591979123877,2641,2026-05-07T10:00:19.000Z,2026-05-07T10:44:20.000Z,-60,59.65,-61.76,-1.76,0,0.05,4727.32,4739.54,4739.23,4686.65,SELL,USD,1,1,1583663
D#1702644,XAUUSD,100,7349874591908162485,7349874591887710627,7349874591979132812,7349874591979132404,563,2026-05-07T10:34:57.000Z,2026-05-07T10:44:20.000Z,-176,174.6,-183.0,-7,0,0.2,4730.51,4739.53,4739.2,4709.96,SELL,USD,1,1,1583663
D#1670956,XAUUSD,100,7349874591908162506,7349874591887710005,7349874591979124782,7349874591979123982,2631,2026-05-07T10:00:39.000Z,2026-05-07T10:44:30.000Z,117.7,-118.4,114.2,-3.5,0,0.1,4728.01,4739.56,4723.21,4739.53,BUY,USD,1,1,1583663
D#1702656,XAUUSD,100,7349874591908162614,7349874591887710875,7349874591979135558,7349874591979135074,125,2026-05-07T10:45:27.000Z,2026-05-07T10:47:32.000Z,-107.2,104.4,-121.2,-14,0,0.4,4739.81,4736.91,,,BUY,USD,1,1,1583663
D#1702618,XAUUSD,100,7349874591908162701,7349874591887710941,7349874591979136021,7349874591979135804,53,2026-05-07T10:48:25.000Z,2026-05-07T10:49:18.000Z,4.8,-5.85,-0.46,-5.26,0,0.15,4737.19,4737.29,,,BUY,USD,1,1,1583663
D#1702751,XAUUSD,100,7349874591908162795,7349874591887710989,7349874591979136515,7349874591979136247,100,2026-05-07T10:50:07.000Z,2026-05-07T10:51:47.000Z,-65.6,62.8,-79.6,-14,0,0.4,4735.76,4737.62,4737.51,4733.11,SELL,USD,1,1,1583663
D#1702618,XAUUSD,100,7349874591908162830,7349874591887711008,7349874591979136930,7349874591979136480,131,2026-05-07T10:51:01.000Z,2026-05-07T10:53:12.000Z,17.2,-18.599999999999998,10.2,-7,0,0.2,4736.91,4737.55,,,BUY,USD,1,1,1583663
D#1702427,XAUUSD,100,7349874591908162838,7349874591887710892,7349874591979136989,7349874591979135238,433,2026-05-07T10:46:16.000Z,2026-05-07T10:53:29.000Z,45.75,-47.5,36.99,-8.76,0,0.25,4738.58,4736.97,4740.79,4714.89,SELL,USD,1,1,1583663
D#1702650,XAUUSD,100,7349874591908163150,7349874591887710157,7349874591979138965,7349874591979125917,3220,2026-05-07T10:07:30.000Z,2026-05-07T11:01:10.000Z,-16.26,16.05,-17.32,-1.06,0,0.03,4731.32,4736.96,4740.9,4712.56,SELL,USD,1,1,1583663
D#1702431,XAUUSD,100,7349874591908163300,7349874591887710486,7349874591979135161,7349874591979130189,2433,2026-05-07T10:25:03.000Z,2026-05-07T11:05:36.000Z,6.37,-6.86,3.91,-2.46,0,0.07,4733.28,4733.97,4734.47,4750.27,BUY,USD,1,1,1583663
D#1702427,XAUUSD,100,7349874591908163302,7349874591887711058,7349874591979137375,7349874591979137043,715,2026-05-07T10:53:41.000Z,2026-05-07T11:05:36.000Z,-63.25,61.5,-72.01,-8.76,0,0.25,4736.72,4733.97,4734.31,4746.22,BUY,USD,1,1,1583663
D#1702744,XAUUSD,100,7349874591908163713,7349874591887710992,7349874591979136377,7349874591979136290,1324,2026-05-07T10:50:17.000Z,2026-05-07T11:12:21.000Z,-45.5,44.8,-49.0,-3.5,0,0.1,4736.69,4731.92,4732.37,4743.22,BUY,USD,1,1,1583663
D#1702638,XAUUSD,100,7349874591908163710,7349874591887710994,7349874591979136402,7349874591979136300,1322,2026-05-07T10:50:19.000Z,2026-05-07T11:12:21.000Z,95,-96.4,88.0,-7,0,0.2,4736.61,4732.08,,4732.1,SELL,USD,1,1,1583663
D#1671084,XAUUSD,100,7349874591908163712,7349874591887711077,7349874591979137450,7349874591979137232,1076,2026-05-07T10:54:25.000Z,2026-05-07T11:12:21.000Z,102,-103.4,95.0,-7,0,0.2,4736.94,4732.06,4740.45,4732.02,SELL,USD,1,1,1583663
D#1702572,XAUUSD,100,7349874591908163714,7349874591887711133,7349874591979138340,7349874591979137948,913,2026-05-07T10:57:08.000Z,2026-05-07T11:12:21.000Z,27.15,-27.5,25.39,-1.76,0,0.05,4737.27,4732.06,4740,4732,SELL,USD,1,1,1583663
D#1702356,XAUUSD,100,7349874591908163738,7349874591887711019,7349874591979140241,7349874591979136608,1241,2026-05-07T10:51:45.000Z,2026-05-07T11:12:26.000Z,122.74,-124.07,116.08,-6.66,0,0.19,4737.39,4731.15,4740.09,4731.18,SELL,USD,1,1,1583663
D#1702427,XAUUSD,100,7349874591908163736,7349874591887711455,7349874591979141824,7349874591979141727,78,2026-05-07T11:11:08.000Z,2026-05-07T11:12:26.000Z,-20.5,19.8,-24.0,-3.5,0,0.1,4733.24,4730.97,4731.16,,BUY,USD,1,1,1583663
D#1702383,XAUUSD,100,7349874591908163806,7349874591887711046,7349874591979136912,7349874591979136911,1200,2026-05-07T10:53:09.000Z,2026-05-07T11:13:09.000Z,-52.99,52.5,-55.45,-2.46,0,0.07,4737.53,4729.74,4729.94,4754.08,BUY,USD,1,1,1583663
D#1670946,XAUUSD,100,7349874591908163936,7349874591887709403,7349874591979142820,7349874591979115276,6496,2026-05-07T09:26:22.000Z,2026-05-07T11:14:38.000Z,14.44,-14.58,13.74,-0.7,0,0.02,4736.67,4729.67,4736.13,4709.62,SELL,USD,1,1,1583663
D#1702644,XAUUSD,100,7349874591908164103,7349874591887710907,7349874591979135596,7349874591979135435,1795,2026-05-07T10:46:59.000Z,2026-05-07T11:16:54.000Z,510.5,-514.0,493.0,-17.5,0,0.5,4738.23,4728.24,4744.31,4728.21,SELL,USD,1,1,1583663
D#1702615,XAUUSD,100,7349874591908164129,7349874591887710943,7349874591979135973,7349874591979135816,1714,2026-05-07T10:48:30.000Z,2026-05-07T11:17:04.000Z,46.4,-46.75,44.64,-1.76,0,0.05,4737.1,4728.04,4745.42,4727.93,SELL,USD,1,1,1583663
D#1702753,XAUUSD,100,7349874591908164513,7349874591887711863,7349874591979145474,7349874591979145087,79,2026-05-07T11:20:41.000Z,2026-05-07T11:22:00.000Z,-56.4,54.3,-66.9,-10.5,0,0.3,4731.04,4728.94,4729,4733.4,BUY,USD,1,1,1583663
D#1702753,XAUUSD,100,7349874591908164607,7349874591887711906,7349874591979146005,7349874591979145480,96,2026-05-07T11:22:02.000Z,2026-05-07T11:23:38.000Z,-57,54.9,-67.5,-10.5,0,0.3,4729.07,4731.19,4732.34,4726.4,SELL,USD,1,1,1583663
D#1702638,XAUUSD,100,7349874591908164687,7349874591887711673,7349874591979143495,7349874591979143410,492,2026-05-07T11:16:08.000Z,2026-05-07T11:24:20.000Z,97.5,-99.25,88.74,-8.76,0,0.25,4730.21,4733.89,,4733.9,BUY,USD,1,1,1583663
D#1702753,XAUUSD,100,7349874591908164706,7349874591887711960,7349874591979146304,7349874591979146016,42,2026-05-07T11:23:42.000Z,2026-05-07T11:24:24.000Z,99,-101.1,88.5,-10.5,0,0.3,4731.31,4734.39,,4734.81,BUY,USD,1,1,1583663
D#1702732,XAUUSD,100,7349874591908164711,7349874591887711108,7349874591979137632,7349874591979137546,1738,2026-05-07T10:55:28.000Z,2026-05-07T11:24:26.000Z,12.1,-12.799999999999999,8.6,-3.5,0,0.1,4736.19,4735.2,4734.87,4726.15,SELL,USD,1,1,1583663
D#1702572,XAUUSD,100,7349874591908164727,7349874591887711524,7349874591979146405,7349874591979142164,727,2026-05-07T11:12:38.000Z,2026-05-07T11:24:45.000Z,20.2,-20.55,18.44,-1.76,0,0.05,4731.11,4734.93,,4738,BUY,USD,1,1,1583663
D#1702753,XAUUSD,100,7349874591908164889,7349874591887712065,7349874591979147408,7349874591979147170,48,2026-05-07T11:27:06.000Z,2026-05-07T11:27:54.000Z,54.9,-57.0,44.4,-10.5,0,0.3,4735.48,4733.87,4737.29,4732.82,SELL,USD,1,1,1583663
D#1702669,XAUUSD,100,7349874591908164955,7349874591887712053,7349874591979147739,7349874591979147050,144,2026-05-07T11:26:41.000Z,2026-05-07T11:29:05.000Z,-4.17,4.1,-4.53,-0.36,0,0.01,4735.66,4731.27,4721.42,4771.18,BUY,USD,1,1,1583663
D#1702729,XAUUSD,100,7349874591908164995,7349874591887709358,7349874591979147941,7349874591979114614,7566,2026-05-07T09:23:47.000Z,2026-05-07T11:29:53.000Z,9.25,-9.39,8.54,-0.71,0,0.02,4736.74,4732.46,4749.49,4726.73,SELL,USD,1,1,1583663
D#1702638,XAUUSD,100,7349874591908164998,7349874591887712004,7349874591979147956,7349874591979146515,287,2026-05-07T11:25:09.000Z,2026-05-07T11:29:56.000Z,42.75,-44.5,33.99,-8.76,0,0.25,4733.99,4732.5,,4730.3,SELL,USD,1,1,1583663
D#1702656,XAUUSD,100,7349874591908165047,7349874591887710914,7349874591979148251,7349874591979135576,2600,2026-05-07T10:47:36.000Z,2026-05-07T11:30:56.000Z,154.98,-157.85,140.62,-14.36,0,0.41,4736.4,4732.84,,,SELL,USD,1,1,1583663
D#1702753,XAUUSD,100,7349874591908165237,7349874591887712250,7349874591979149379,7349874591979149291,39,2026-05-07T11:34:41.000Z,2026-05-07T11:35:20.000Z,68.1,-70.19999999999999,57.6,-10.5,0,0.3,4734.31,4736.36,4733.63,4736.4,BUY,USD,1,1,1583663
D#1702638,XAUUSD,100,7349874591908165238,7349874591887712150,7349874591979148137,7349874591979148063,306,2026-05-07T11:30:15.000Z,2026-05-07T11:35:21.000Z,107.5,-109.25,98.74,-8.76,0,0.25,4732.55,4736.63,,4736.44,BUY,USD,1,1,1583663
D#1702751,XAUUSD,100,7349874591908165338,7349874591887712300,7349874591979150264,7349874591979150022,57,2026-05-07T11:37:19.000Z,2026-05-07T11:38:16.000Z,-89.6,86.8,-103.6,-14,0,0.4,4733.72,4736.18,,4731.2,SELL,USD,1,1,1583663
D#1702751,XAUUSD,100,7349874591908165459,7349874591887712373,7349874591979151030,7349874591979150935,24,2026-05-07T11:40:57.000Z,2026-05-07T11:41:21.000Z,-20,17.2,-34.0,-14,0,0.4,4736.14,4735.42,,,BUY,USD,1,1,1583663
D#1702388,XAUUSD,100,7349874591908165476,7349874591887710266,7349874591979151280,7349874591979127406,5384,2026-05-07T10:12:49.000Z,2026-05-07T11:42:33.000Z,1.6,-2.16,-1.2,-2.8,0,0.08,4734.83,4734.81,4722.3,4749.04,BUY,USD,1,1,1583663
D#1702595,XAUUSD,100,7349874591908165568,7349874591887711572,7349874591979151878,7349874591979142530,1880,2026-05-07T11:13:45.000Z,2026-05-07T11:45:05.000Z,42.96,-43.38,40.86,-2.1,0,0.06,4729.14,4736.08,,4740.78,BUY,USD,1,1,1583663
D#1702644,XAUUSD,100,7349874591908165595,7349874591887712301,7349874591979152049,7349874591979150030,506,2026-05-07T11:37:20.000Z,2026-05-07T11:45:46.000Z,-143,139.5,-160.5,-17.5,0,0.5,4733.5,4736.58,4740.33,4726.2,SELL,USD,1,1,1583663
D#1702527,XAUUSD,100,7349874591908165601,7349874591887711636,7349874591979152075,7349874591979143073,1834,2026-05-07T11:15:17.000Z,2026-05-07T11:45:51.000Z,72.2,-72.9,68.7,-3.5,0,0.1,4729.69,4736.69,4729.82,4749.71,BUY,USD,1,1,1583663
D#1702659,XAUUSD,100,7349874591908165670,7349874591887711555,7349874591979152623,7349874591979142443,2075,2026-05-07T11:13:30.000Z,2026-05-07T11:48:05.000Z,104.6,-105.3,101.1,-3.5,0,0.1,4728.76,4739,,,BUY,USD,1,1,1583663
D#1702753,XAUUSD,100,7349874591908165791,7349874591887712521,7349874591979153126,7349874591979152982,75,2026-05-07T11:49:29.000Z,2026-05-07T11:50:44.000Z,-66,63.9,-76.5,-10.5,0,0.3,4736.64,4734.22,4734.46,4739.21,BUY,USD,1,1,1583663
D#1702753,XAUUSD,100,7349874591908165839,7349874591887712574,7349874591979153579,7349874591979153510,13,2026-05-07T11:51:14.000Z,2026-05-07T11:51:27.000Z,84.3,-86.39999999999999,73.8,-10.5,0,0.3,4735.45,4738.04,,4738.1,BUY,USD,1,1,1583663
D#1702656,XAUUSD,100,7349874591908165841,7349874591887712555,7349874591979153609,7349874591979153340,50,2026-05-07T11:50:38.000Z,2026-05-07T11:51:28.000Z,-130.38,127.50999999999999,-144.74,-14.36,0,0.41,4735.15,4738.55,,,SELL,USD,1,1,1583663
D#1702693,XAUUSD,100,7349874591908166033,7349874591887710268,7349874591979127534,7349874591979127440,6179,2026-05-07T10:12:55.000Z,2026-05-07T11:55:54.000Z,121,-122.4,114.0,-7,0,0.2,4734.62,4740.45,,4740.76,BUY,USD,1,1,1583663
D#1670992,XAUUSD,100,7349874591908166035,7349874591887710337,7349874591979128386,7349874591979128312,5950,2026-05-07T10:16:44.000Z,2026-05-07T11:55:54.000Z,-53.3,52.599999999999994,-56.8,-3.5,0,0.1,4735.06,4740.61,4740.4,4686.14,SELL,USD,1,1,1583663
D#1702361,XAUUSD,100,7349874591908166034,7349874591887710800,7349874591979134914,7349874591979134445,4371,2026-05-07T10:43:03.000Z,2026-05-07T11:55:54.000Z,-19.08,18.659999999999997,-21.18,-2.1,0,0.06,4737.16,4740.56,4740.47,4722.66,SELL,USD,1,1,1583663
D#1702744,XAUUSD,100,7349874591908166036,7349874591887711989,7349874591979146402,7349874591979146296,1891,2026-05-07T11:24:23.000Z,2026-05-07T11:55:54.000Z,62.8,-63.5,59.3,-3.5,0,0.1,4734.41,4740.47,4730.05,4740.65,BUY,USD,1,1,1583663
D#1702648,XAUUSD,100,7349874591908166108,7349874591887708271,7349874591979100541,7349874591979100342,12276,2026-05-07T08:32:23.000Z,2026-05-07T11:56:59.000Z,14.7,-15.049999999999999,12.94,-1.76,0,0.05,4739.29,4742.01,,4742.03,BUY,USD,1,1,1583663
D#1591591,XAUUSD,100,7349874591908166106,7349874591887710088,7349874591979125238,7349874591979124928,6792,2026-05-07T10:03:47.000Z,2026-05-07T11:56:59.000Z,-130,129.3,-133.5,-3.5,0,0.1,4728.96,4742.18,4742,4718,SELL,USD,1,1,1583663
D#1702687,XAUUSD,100,7349874591908166140,7349874591887710062,7349874591979124923,7349874591979124628,6873,2026-05-07T10:02:40.000Z,2026-05-07T11:57:13.000Z,-10.89,10.82,-11.25,-0.36,0,0.01,4731.54,4742.65,4742.54,4712,SELL,USD,1,1,1583663
D#1702729,XAUUSD,100,7349874591908166175,7349874591887712141,7349874591979148314,7349874591979147988,1650,2026-05-07T11:30:00.000Z,2026-05-07T11:57:30.000Z,21.24,-21.38,20.54,-0.7,0,0.02,4732.86,4743.26,4721.34,4742.94,BUY,USD,1,1,1583663
D#1702351,XAUUSD,100,7349874591908166194,7349874591887708601,7349874591979155287,7349874591979105013,11204,2026-05-07T08:50:48.000Z,2026-05-07T11:57:32.000Z,93.8,-94.5,90.3,-3.5,0,0.1,4734.02,4743.18,,,BUY,USD,1,1,1583663
D#1702644,XAUUSD,100,7349874591908166368,7349874591887712463,7349874591979156184,7349874591979152078,868,2026-05-07T11:45:52.000Z,2026-05-07T12:00:20.000Z,-381,377.5,-398.5,-17.5,0,0.5,4736.68,4744.52,4745.1,4725.13,SELL,USD,1,1,1583663
D#1702615,XAUUSD,100,7349874591908166404,7349874591887712385,7349874591979151208,7349874591979151129,1118,2026-05-07T11:41:53.000Z,2026-05-07T12:00:31.000Z,50.7,-51.050000000000004,48.94,-1.76,0,0.05,4735.62,4745.54,4728.49,4745.32,BUY,USD,1,1,1583663
D#1702656,XAUUSD,100,7349874591908166481,7349874591887712585,7349874591979156690,7349874591979153639,607,2026-05-07T11:51:33.000Z,2026-05-07T12:01:40.000Z,157.85,-160.72,143.49,-14.36,0,0.41,4738.61,4742.24,,,BUY,USD,1,1,1583663
D#1702753,XAUUSD,100,7349874591908166505,7349874591887712880,7349874591979156817,7349874591979156613,36,2026-05-07T12:01:26.000Z,2026-05-07T12:02:02.000Z,42.3,-44.4,31.8,-10.5,0,0.3,4743.49,4742.3,,4740.21,SELL,USD,1,1,1583663
D#1702656,XAUUSD,100,7349874591908166753,7349874591887712934,7349874591979158256,7349874591979157023,222,2026-05-07T12:02:32.000Z,2026-05-07T12:06:14.000Z,-118.9,116.03,-133.26,-14.36,0,0.41,4740.31,4743.43,,,SELL,USD,1,1,1583663
D#1702656,XAUUSD,100,7349874591908166866,7349874591887713054,7349874591979159048,7349874591979158280,152,2026-05-07T12:06:19.000Z,2026-05-07T12:08:51.000Z,-123,120.13,-137.36,-14.36,0,0.41,4744.08,4740.86,,,BUY,USD,1,1,1583663
D#1702741,XAUUSD,100,7349874591908166953,7349874591887712575,7349874591979159562,7349874591979153520,1151,2026-05-07T11:51:15.000Z,2026-05-07T12:10:26.000Z,7.78,-7.8500000000000005,7.42,-0.36,0,0.01,4735.68,4743.24,,,BUY,USD,1,1,1583663
D#1670992,XAUUSD,100,7349874591908166972,7349874591887713107,7349874591979159639,7349874591979158906,136,2026-05-07T12:08:21.000Z,2026-05-07T12:10:37.000Z,-31,30.3,-34.5,-3.5,0,0.1,4740.71,4744.03,4745.97,4687.18,SELL,USD,1,1,1583663
D#1670992,XAUUSD,100,7349874591908167016,7349874591887713183,7349874591979159973,7349874591979159654,60,2026-05-07T12:10:40.000Z,2026-05-07T12:11:40.000Z,5.7,-6.4,2.2,-3.5,0,0.1,4743.93,4744.28,4739.56,4804.29,BUY,USD,1,1,1583663
D#1670870,XAUUSD,100,7349874591908167037,7349874591887709292,7349874591979160057,7349874591979113634,10315,2026-05-07T09:19:59.000Z,2026-05-07T12:11:54.000Z,188.2,-189.6,181.2,-7,0,0.2,4735.8,4744.99,,,BUY,USD,1,1,1583663
D#1702595,XAUUSD,100,7349874591908167065,7349874591887712527,7349874591979160268,7349874591979153020,1382,2026-05-07T11:49:37.000Z,2026-05-07T12:12:39.000Z,42.66,-43.08,40.56,-2.1,0,0.06,4737.3,4744.19,4743.09,4747.9,BUY,USD,1,1,1583663
D#1702753,XAUUSD,100,7349874591908167401,7349874591887712991,7349874591979162223,7349874591979157529,893,2026-05-07T12:04:01.000Z,2026-05-07T12:18:54.000Z,13.35,-13.7,11.59,-1.76,0,0.05,4741.74,4744.19,4727.04,4757.75,BUY,USD,1,1,1583663
D#1702731,XAUUSD,100,7349874591908167466,7349874591887713384,7349874591979161788,7349874591979161736,159,2026-05-07T12:17:22.000Z,2026-05-07T12:20:01.000Z,99.3,-101.39999999999999,88.8,-10.5,0,0.3,4745.45,4742.36,,4742.22,SELL,USD,1,1,1583663
D#1702447,XAUUSD,100,7349874591908167588,7349874591887713306,7349874591979161165,7349874591979161083,392,2026-05-07T12:15:22.000Z,2026-05-07T12:21:54.000Z,101.1,-103.19999999999999,90.6,-10.5,0,0.3,4744.16,4741.01,,4741.12,SELL,USD,1,1,1583663
D#1702410,XAUUSD,100,7349874591908167591,7349874591887713448,7349874591979162493,7349874591979162400,149,2026-05-07T12:19:28.000Z,2026-05-07T12:21:57.000Z,107.4,-109.5,96.9,-10.5,0,0.3,4743.98,4740.62,,4740.75,SELL,USD,1,1,1583663
D#1670972,XAUUSD,100,7349874591908167624,7349874591887712663,7349874591979154955,7349874591979154697,1579,2026-05-07T11:55:45.000Z,2026-05-07T12:22:04.000Z,30.6,-32.7,20.1,-10.5,0,0.3,4740.03,4739.23,,4739.16,SELL,USD,1,1,1583663
D#1702744,XAUUSD,100,7349874591908167625,7349874591887713059,7349874591979158453,7349874591979158384,920,2026-05-07T12:06:44.000Z,2026-05-07T12:22:04.000Z,-40.1,39.4,-43.6,-3.5,0,0.1,4743.29,4739.06,4739.05,4749.12,BUY,USD,1,1,1583663
D#1702637,XAUUSD,100,7349874591908167664,7349874591887713320,7349874591979163394,7349874591979161173,393,2026-05-07T12:15:39.000Z,2026-05-07T12:22:12.000Z,97.05,-98.1,91.79,-5.26,0,0.15,4744.05,4737.8,,,SELL,USD,1,1,1583663
D#1702390,XAUUSD,100,7349874591908167674,7349874591887713197,7349874591979163430,7349874591979159824,667,2026-05-07T12:11:10.000Z,2026-05-07T12:22:17.000Z,20.32,-20.6,18.92,-1.4,0,0.04,4743.59,4738.73,,,SELL,USD,1,1,1583663
D#1702709,XAUUSD,100,7349874591908167678,7349874591887713534,7349874591979163435,7349874591979163203,30,2026-05-07T12:21:47.000Z,2026-05-07T12:22:17.000Z,89.7,-91.8,79.2,-10.5,0,0.3,4741.44,4738.67,,,SELL,USD,1,1,1583663
D#1702351,XAUUSD,100,7349874591908167843,7349874591887713053,7349874591979164021,7349874591979158275,1034,2026-05-07T12:06:18.000Z,2026-05-07T12:23:32.000Z,70.3,-71.0,66.8,-3.5,0,0.1,4743.5,4736.69,,,SELL,USD,1,1,1583663
D#1702677,XAUUSD,100,7349874591908167958,7349874591887713153,7349874591979159572,7349874591979159381,913,2026-05-07T12:09:53.000Z,2026-05-07T12:25:06.000Z,-67.7,67.0,-71.2,-3.5,0,0.1,4740.61,4733.62,4733.97,4785.83,BUY,USD,1,1,1583663
D#1670870,XAUUSD,100,7349874591908168062,7349874591887713734,7349874591979165118,7349874591979164902,26,2026-05-07T12:25:54.000Z,2026-05-07T12:26:20.000Z,39.8,-41.199999999999996,32.8,-7,0,0.2,4736.91,4738.68,4732.27,,BUY,USD,1,1,1583663
D#1702753,XAUUSD,100,7349874591908168228,7349874591887713464,7349874591979166092,7349874591979162592,562,2026-05-07T12:20:02.000Z,2026-05-07T12:29:24.000Z,18.45,-18.8,16.69,-1.76,0,0.05,4741.9,4738.43,4753.94,4724.79,SELL,USD,1,1,1583663
D#1702575,XAUUSD,100,7349874591908168355,7349874591887708893,7349874591979162951,7349874591979108751,12463,2026-05-07T09:03:19.000Z,2026-05-07T12:31:02.000Z,-102.55,102.2,-104.31,-1.76,0,0.05,4724.29,4745.02,4745,4708.6,SELL,USD,1,1,1583663
D#1702492,XAUUSD,100,7349874591908168384,7349874591887713372,7349874591979161621,7349874591979114862,847,2026-05-07T12:17:01.000Z,2026-05-07T12:31:08.000Z,11.94,-12.29,10.18,-1.76,0,0.05,4747.01,4746.95,4746.59,,SELL,USD,1,1,1583663
D#1670924,XAUUSD,100,7349874591908168394,7349874591887710811,7349874591979134542,7349874591979134538,6458,2026-05-07T10:43:31.000Z,2026-05-07T12:31:09.000Z,-21.02,20.88,-21.72,-0.7,0,0.02,4736.98,4747.71,4747.31,4712.4,SELL,USD,1,1,1583663
D#1702370,XAUUSD,100,7349874591908168414,7349874591887713111,7349874591979159118,7349874591979158970,1357,2026-05-07T12:08:33.000Z,2026-05-07T12:31:10.000Z,-75.2,74.5,-78.7,-3.5,0,0.1,4740.75,4748.49,4748,4726,SELL,USD,1,1,1583663
D#1702741,XAUUSD,100,7349874591908168515,7349874591887713180,7349874591979167000,7349874591979159636,1277,2026-05-07T12:10:36.000Z,2026-05-07T12:31:53.000Z,1.42,-1.49,1.06,-0.36,0,0.01,4744.35,4745.55,,,BUY,USD,1,1,1583663
D#1702599,XAUUSD,100,7349874591908168565,7349874591887710166,7349874591979167259,7349874591979126026,8674,2026-05-07T10:07:56.000Z,2026-05-07T12:32:30.000Z,-276,274.6,-283.0,-7,0,0.2,4732.46,4746.48,,,SELL,USD,1,1,1583663
D#1702753,XAUUSD,100,7349874591908168611,7349874591887713853,7349874591979167512,7349874591979166104,231,2026-05-07T12:29:27.000Z,2026-05-07T12:33:18.000Z,40,-40.35,38.24,-1.76,0,0.05,4738.52,4746.3,4742.73,4753.93,BUY,USD,1,1,1583663
D#1702637,XAUUSD,100,7349874591908168819,7349874591887714011,7349874591979168867,7349874591979167485,262,2026-05-07T12:33:12.000Z,2026-05-07T12:37:34.000Z,38.55,-39.599999999999994,33.29,-5.26,0,0.15,4746.81,4744.46,,,SELL,USD,1,1,1583663
D#1702390,XAUUSD,100,7349874591908168822,7349874591887713991,7349874591979168881,7349874591979167308,299,2026-05-07T12:32:38.000Z,2026-05-07T12:37:37.000Z,5.12,-5.4,3.72,-1.4,0,0.04,4745.99,4744.93,,,SELL,USD,1,1,1583663
D#1702508,XAUUSD,100,7349874591908168827,7349874591887714120,7349874591979168913,7349874591979168666,52,2026-05-07T12:36:51.000Z,2026-05-07T12:37:43.000Z,0.35,-0.42,-0.01,-0.36,0,0.01,4745.1,4745.23,,,BUY,USD,1,1,1583663
D#1702753,XAUUSD,100,7349874591908168875,7349874591887714108,7349874591979169191,7349874591979168553,121,2026-05-07T12:36:31.000Z,2026-05-07T12:38:32.000Z,-16.85,16.5,-18.61,-1.76,0,0.05,4744.78,4748.37,,,SELL,USD,1,1,1583663
D#1702559,XAUUSD,100,7349874591908168891,7349874591887712345,7349874591979169245,7349874591979150645,3537,2026-05-07T11:39:43.000Z,2026-05-07T12:38:40.000Z,447.44,-449.82,435.54,-11.9,0,0.34,4736.38,4749.32,,,BUY,USD,1,1,1583663
D#1702508,XAUUSD,100,7349874591908169057,7349874591887714258,7349874591979170166,7349874591979170053,22,2026-05-07T12:41:06.000Z,2026-05-07T12:41:28.000Z,-98.28,94.64,-116.48,-18.2,0,0.52,4749.01,4751.12,,,SELL,USD,1,1,1583663
D#1702622,XAUUSD,100,7349874591908169092,7349874591887707843,7349874591979170245,7349874591979095083,15944,2026-05-07T08:15:56.000Z,2026-05-07T12:41:40.000Z,-155.1,154.04999999999998,-160.36,-5.26,0,0.15,4740.06,4750.62,,,SELL,USD,1,1,1583663
D#1702388,XAUUSD,100,7349874591908169113,7349874591887713167,7349874591979159537,7349874591979159535,1896,2026-05-07T12:10:20.000Z,2026-05-07T12:41:56.000Z,-73.6,73.03999999999999,-76.4,-2.8,0,0.08,4742.19,4751.61,4751.46,4727.71,SELL,USD,1,1,1583663
D#1702741,XAUUSD,100,7349874591908169208,7349874591887713978,7349874591979170681,7349874591979167171,634,2026-05-07T12:32:16.000Z,2026-05-07T12:42:50.000Z,2.44,-2.51,2.08,-0.36,0,0.01,4747.49,4749.71,,,BUY,USD,1,1,1583663
D#1702621,XAUUSD,100,7349874591908169339,7349874591887713335,7349874591979161305,7349874591979161303,1734,2026-05-07T12:16:08.000Z,2026-05-07T12:45:02.000Z,-53.04,52.48,-55.84,-2.8,0,0.08,4745.68,4752.53,4752.27,,SELL,USD,1,1,1583663
D#1702744,XAUUSD,100,7349874591908169340,7349874591887714123,7349874591979168734,7349874591979168701,482,2026-05-07T12:37:00.000Z,2026-05-07T12:45:02.000Z,73.3,-74.0,69.8,-3.5,0,0.1,4745.23,4752.34,4739.5,4752.16,BUY,USD,1,1,1583663
D#1702677,XAUUSD,100,7349874591908169537,7349874591887714478,7349874591979172280,7349874591979171997,49,2026-05-07T12:46:52.000Z,2026-05-07T12:47:41.000Z,-17,16.3,-20.5,-3.5,0,0.1,4750.99,4749.07,4739.96,4804.7,BUY,USD,1,1,1583663
D#1702741,XAUUSD,100,7349874591908169548,7349874591887714335,7349874591979172348,7349874591979170723,295,2026-05-07T12:42:59.000Z,2026-05-07T12:47:54.000Z,0.49,-0.56,0.13,-0.36,0,0.01,4749.16,4749.43,,,BUY,USD,1,1,1583663
D#1702693,XAUUSD,100,7349874591908169628,7349874591887713293,7349874591979172797,7349874591979160899,2078,2026-05-07T12:14:46.000Z,2026-05-07T12:49:24.000Z,140.6,-142.0,133.6,-7,0,0.2,4744.84,4751.65,,4759.73,BUY,USD,1,1,1583663
D#1702618,XAUUSD,100,7349874591908169633,7349874591887714519,7349874591979172829,7349874591979172493,61,2026-05-07T12:48:30.000Z,2026-05-07T12:49:31.000Z,19,-20.4,12.0,-7,0,0.2,4750.86,4751.59,,,BUY,USD,1,1,1583663
D#1702709,XAUUSD,100,7349874591908169853,7349874591887714563,7349874591979172905,7349874591979172865,166,2026-05-07T12:49:39.000Z,2026-05-07T12:52:25.000Z,102.6,-104.69999999999999,92.1,-10.5,0,0.3,4751.47,4748.27,,4748.19,SELL,USD,1,1,1583663
D#1702753,XAUUSD,100,7349874591908169969,7349874591887714171,7349874591979174406,7349874591979169209,948,2026-05-07T12:38:34.000Z,2026-05-07T12:54:22.000Z,-0.9,0.55,-2.66,-1.76,0,0.05,4748.23,4747.83,4742.08,4762.96,BUY,USD,1,1,1583663
D#1702753,XAUUSD,100,7349874591908169987,7349874591887714735,7349874591979174479,7349874591979174435,8,2026-05-07T12:54:26.000Z,2026-05-07T12:54:34.000Z,3.55,-3.9,1.79,-1.76,0,0.05,4748.6,4748.11,,,SELL,USD,1,1,1583663
D#1702731,XAUUSD,100,7349874591908170087,7349874591887714654,7349874591979173746,7349874591979173663,206,2026-05-07T12:52:02.000Z,2026-05-07T12:55:28.000Z,112.8,-114.89999999999999,102.3,-10.5,0,0.3,4750.01,4746.47,,4746.78,SELL,USD,1,1,1583663
D#1702447,XAUUSD,100,7349874591908170248,7349874591887714499,7349874591979172362,7349874591979172224,571,2026-05-07T12:47:32.000Z,2026-05-07T12:57:03.000Z,104.1,-106.19999999999999,93.6,-10.5,0,0.3,4748.86,4745.61,,4745.58,SELL,USD,1,1,1583663
D#1702753,XAUUSD,100,7349874591908170253,7349874591887714740,7349874591979174574,7349874591979174486,150,2026-05-07T12:54:35.000Z,2026-05-07T12:57:05.000Z,63,-65.1,52.5,-10.5,0,0.3,4747.31,4745.43,4752.93,4745.33,SELL,USD,1,1,1583663
D#1702431,XAUUSD,100,7349874591908170672,7349874591887714293,7349874591979173102,7349874591979170362,1170,2026-05-07T12:42:00.000Z,2026-05-07T13:01:30.000Z,-74.34,73.85000000000001,-76.8,-2.46,0,0.07,4751.65,4740.81,4741.38,4769.56,BUY,USD,1,1,1583663
D#1702730,XAUUSD,100,7349874591908170704,7349874591887714566,7349874591979177213,7349874591979172927,709,2026-05-07T12:49:52.000Z,2026-05-07T13:01:41.000Z,-91.04,90.48,-93.84,-2.8,0,0.08,4752.01,4740.41,,4766.21,BUY,USD,1,1,1583663
D#1702618,XAUUSD,100,7349874591908170702,7349874591887714599,7349874591979177199,7349874591979173173,673,2026-05-07T12:50:28.000Z,2026-05-07T13:01:41.000Z,-230.8,229.4,-237.8,-7,0,0.2,4752.16,4740.4,,,BUY,USD,1,1,1583663
D#1702351,XAUUSD,100,7349874591908170719,7349874591887714055,7349874591979177272,7349874591979167956,1627,2026-05-07T12:34:41.000Z,2026-05-07T13:01:48.000Z,63.2,-63.900000000000006,59.7,-3.5,0,0.1,4747.36,4741.26,,,SELL,USD,1,1,1583663
D#1702527,XAUUSD,100,7349874591908170723,7349874591887714561,7349874591979177278,7349874591979172850,732,2026-05-07T12:49:37.000Z,2026-05-07T13:01:49.000Z,95,-95.7,91.5,-3.5,0,0.1,4751.22,4741.94,4751.18,4712.29,SELL,USD,1,1,1583663
D#1702375,XAUUSD,100,7349874591908171099,7349874591887715164,7349874591979178911,7349874591979178356,70,2026-05-07T13:04:18.000Z,2026-05-07T13:05:28.000Z,40,-42.8,26.0,-14,0,0.4,4738.57,4737.79,,,SELL,USD,1,1,1583663
D#1702361,XAUUSD,100,7349874591908171135,7349874591887714003,7349874591979179104,7349874591979167395,1976,2026-05-07T12:32:54.000Z,2026-05-07T13:05:50.000Z,71.6,-72.3,68.1,-3.5,0,0.1,4746,4739.06,4755.58,4724.74,SELL,USD,1,1,1583663
D#1702659,XAUUSD,100,7349874591908171356,7349874591887712679,7349874591979180549,7349874591979154913,4381,2026-05-07T11:56:31.000Z,2026-05-07T13:09:32.000Z,2.7,-3.4000000000000004,-0.8,-3.5,0,0.1,4740.2,4740.15,,,SELL,USD,1,1,1583663
D#1670870,XAUUSD,100,7349874591908171412,7349874591887715389,7349874591979180338,7349874591979180302,81,2026-05-07T13:08:52.000Z,2026-05-07T13:10:13.000Z,-42.2,40.800000000000004,-49.2,-7,0,0.2,4740.21,4737.88,4738.35,,BUY,USD,1,1,1583663
D#1702390,XAUUSD,100,7349874591908171513,7349874591887715375,7349874591979181240,7349874591979180164,163,2026-05-07T13:08:27.000Z,2026-05-07T13:11:10.000Z,15.48,-15.76,14.08,-1.4,0,0.04,4740.68,4737.03,,,SELL,USD,1,1,1583663
D#1702375,XAUUSD,100,7349874591908171596,7349874591887715302,7349874591979181591,7349874591979179446,322,2026-05-07T13:06:37.000Z,2026-05-07T13:11:59.000Z,-183.6,180.79999999999998,-197.6,-14,0,0.4,4740.66,4735.85,,,BUY,USD,1,1,1583663
D#1702388,XAUUSD,100,7349874591908171640,7349874591887714450,7349874591979171755,7349874591979171751,1577,2026-05-07T12:46:06.000Z,2026-05-07T13:12:23.000Z,114.96,-115.52,112.16,-2.8,0,0.08,4749.88,4735.73,4743.23,4735.74,SELL,USD,1,1,1583663
D#1702375,XAUUSD,100,7349874591908171668,7349874591887715551,7349874591979181868,7349874591979181768,14,2026-05-07T13:12:26.000Z,2026-05-07T13:12:40.000Z,-42.4,39.6,-56.4,-14,0,0.4,4735.51,4736.79,,,SELL,USD,1,1,1583663
D#1670956,XAUUSD,100,7349874591908171738,7349874591887715162,7349874591979178346,7349874591979177841,539,2026-05-07T13:04:17.000Z,2026-05-07T13:13:16.000Z,-45.2,44.5,-48.7,-3.5,0,0.1,4738.74,4734,4734.3,4750.28,BUY,USD,1,1,1583663
D#1702410,XAUUSD,100,7349874591908171751,7349874591887714765,7349874591979182151,7349874591979174688,1092,2026-05-07T12:55:08.000Z,2026-05-07T13:13:20.000Z,-412.8,410.7,-423.3,-10.5,0,0.3,4748.56,4734.58,,4751.82,BUY,USD,1,1,1583663
D#1589408,XAUUSD,100,7349874591908171805,7349874591887715184,7349874591979182003,7349874591979178508,551,2026-05-07T13:04:38.000Z,2026-05-07T13:13:49.000Z,-256,252.5,-273.5,-17.5,0,0.5,4738.77,4733.43,4733.56,4753.25,BUY,USD,1,1,1583663
D#1702597,XAUUSD,100,7349874591908171855,7349874591887712155,7349874591979148739,7349874591979148192,6193,2026-05-07T11:30:42.000Z,2026-05-07T13:13:55.000Z,-0.91,0.8400000000000001,-1.27,-0.36,0,0.01,4733.13,4732,4732.53,4762.07,BUY,USD,1,1,1583663
D#1702625,XAUUSD,100,7349874591908171846,7349874591887712877,7349874591979157171,7349874591979156588,4354,2026-05-07T12:01:21.000Z,2026-05-07T13:13:55.000Z,111.8,-112.5,108.3,-3.5,0,0.1,4743.45,4732.49,4755.08,4732.93,SELL,USD,1,1,1583663
D#1671080,XAUUSD,100,7349874591908171965,7349874591887709548,7349874591979182880,7349874591979117096,13287,2026-05-07T09:33:30.000Z,2026-05-07T13:14:57.000Z,2.55,-2.6199999999999997,2.19,-0.36,0,0.01,4735.61,4733.28,,,SELL,USD,1,1,1583663
D#1670946,XAUUSD,100,7349874591908171978,7349874591887712057,7349874591979182932,7349874591979147083,6496,2026-05-07T11:26:47.000Z,2026-05-07T13:15:03.000Z,12.04,-12.319999999999999,10.64,-1.4,0,0.04,4735.73,4732.94,,4630.82,SELL,USD,1,1,1583663
D#1702741,XAUUSD,100,7349874591908172019,7349874591887715664,7349874591979183150,7349874591979182661,67,2026-05-07T13:14:27.000Z,2026-05-07T13:15:34.000Z,0.66,-0.73,0.3,-0.36,0,0.01,4733.26,4733.7,,,BUY,USD,1,1,1583663
D#1702741,XAUUSD,100,7349874591908172042,7349874591887715738,7349874591979183258,7349874591979183256,3,2026-05-07T13:15:51.000Z,2026-05-07T13:15:54.000Z,0.61,-0.6799999999999999,0.25,-0.36,0,0.01,4734.66,4735.05,,4735.16,BUY,USD,1,1,1583663
D#1671066,XAUUSD,100,7349874591908172051,7349874591887714588,7349874591979174136,7349874591979173119,1540,2026-05-07T12:50:20.000Z,2026-05-07T13:16:00.000Z,142.92,-143.54999999999998,139.76,-3.16,0,0.09,4752.23,4736.57,4736.4,4704.89,SELL,USD,1,1,1583663
D#1670870,XAUUSD,100,7349874591908172128,7349874591887715651,7349874591979183678,7349874591979182579,153,2026-05-07T13:14:17.000Z,2026-05-07T13:16:50.000Z,114.03,-115.5,106.67,-7.36,0,0.21,4733.2,4738.41,4731.09,,BUY,USD,1,1,1583663
D#1702741,XAUUSD,100,7349874591908172127,7349874591887715754,7349874591979183675,7349874591979183418,37,2026-05-07T13:16:13.000Z,2026-05-07T13:16:50.000Z,1.34,-1.4100000000000001,0.98,-0.36,0,0.01,4737.26,4738.38,,,BUY,USD,1,1,1583663
D#1702351,XAUUSD,100,7349874591908172173,7349874591887715653,7349874591979183912,7349874591979182595,183,2026-05-07T13:14:20.000Z,2026-05-07T13:17:23.000Z,64.9,-65.60000000000001,61.4,-3.5,0,0.1,4733.15,4739.42,,,BUY,USD,1,1,1583663
D#1670946,XAUUSD,100,7349874591908172351,7349874591887715817,7349874591979185025,7349874591979183985,165,2026-05-07T13:17:33.000Z,2026-05-07T13:20:18.000Z,2.4,-2.75,0.64,-1.76,0,0.05,4739.46,4739.2,,,SELL,USD,1,1,1583663
D#1702492,XAUUSD,100,7349874591908172369,7349874591887714084,7349874591979185138,7349874591979168255,2703,2026-05-07T12:35:34.000Z,2026-05-07T13:20:37.000Z,39.25,-39.6,37.49,-1.76,0,0.05,4747.3,4739.67,,,SELL,USD,1,1,1583663
D#1702679,XAUUSD,100,7349874591908172407,7349874591887715944,7349874591979185376,7349874591979185268,19,2026-05-07T13:21:01.000Z,2026-05-07T13:21:20.000Z,-17.2,15.799999999999999,-24.2,-7,0,0.2,4740,4738.92,,,BUY,USD,1,1,1583663
D#1589407,XAUUSD,100,7349874591908172435,7349874591887714269,7349874591979170156,7349874591979134078,2417,2026-05-07T12:41:27.000Z,2026-05-07T13:21:44.000Z,97.8,-98.64,93.6,-4.2,0,0.12,4750.09,4742.16,4741.11,4711.86,SELL,USD,1,1,1583663
D#1670924,XAUUSD,100,7349874591908172445,7349874591887713971,7349874591979167076,7349874591979167074,2982,2026-05-07T12:32:03.000Z,2026-05-07T13:21:45.000Z,24.84,-25.26,22.74,-2.1,0,0.06,4746.33,4742.41,4741.88,4727.06,SELL,USD,1,1,1583663
D#1702753,XAUUSD,100,7349874591908172474,7349874591887715953,7349874591979185647,7349874591979185348,44,2026-05-07T13:21:15.000Z,2026-05-07T13:21:59.000Z,-118.8,116.7,-129.3,-10.5,0,0.3,4738.54,4742.72,,4737.59,SELL,USD,1,1,1583663
D#1702424,XAUUSD,100,7349874591908172521,7349874591887715874,7349874591979185834,7349874591979184597,195,2026-05-07T13:19:09.000Z,2026-05-07T13:22:24.000Z,1.98,-2.05,1.62,-0.36,0,0.01,4740.61,4742.37,4731.01,,BUY,USD,1,1,1583663
D#1702753,XAUUSD,100,7349874591908172582,7349874591887715997,7349874591979186181,7349874591979185677,86,2026-05-07T13:22:02.000Z,2026-05-07T13:23:28.000Z,-9.9,7.800000000000001,-20.4,-10.5,0,0.3,4743.36,4742.81,,,BUY,USD,1,1,1583663
D#1702731,XAUUSD,100,7349874591908173054,7349874591887716062,7349874591979186444,7349874591979186214,357,2026-05-07T13:23:34.000Z,2026-05-07T13:29:31.000Z,94.8,-96.89999999999999,84.3,-10.5,0,0.3,4743.32,4746.26,,4746.3,BUY,USD,1,1,1583663
D#1702753,XAUUSD,100,7349874591908173075,7349874591887716059,7349874591979188513,7349874591979186186,369,2026-05-07T13:23:30.000Z,2026-05-07T13:29:39.000Z,-107.7,105.60000000000001,-118.2,-10.5,0,0.3,4743.02,4746.83,,4739.79,SELL,USD,1,1,1583663
D#1702753,XAUUSD,100,7349874591908173261,7349874591887716330,7349874591979188996,7349874591979188588,33,2026-05-07T13:29:44.000Z,2026-05-07T13:30:17.000Z,-52.2,50.1,-62.7,-10.5,0,0.3,4746.12,4744.16,,4748.6,BUY,USD,1,1,1583663
D#1670972,XAUUSD,100,7349874591908173378,7349874591887715819,7349874591979189326,7349874591979183999,785,2026-05-07T13:17:36.000Z,2026-05-07T13:30:41.000Z,-211.2,209.1,-221.7,-10.5,0,0.3,4739.3,4746.56,,4736.85,SELL,USD,1,1,1583663
D#1671066,XAUUSD,100,7349874591908173399,7349874591887715769,7349874591979183729,7349874591979183543,855,2026-05-07T13:16:31.000Z,2026-05-07T13:30:46.000Z,92.5,-93.2,89.0,-3.5,0,0.1,4737.93,4746.96,4737.16,4747.06,BUY,USD,1,1,1583663
D#1702741,XAUUSD,100,7349874591908173407,7349874591887715810,7349874591979185577,7349874591979183914,804,2026-05-07T13:17:23.000Z,2026-05-07T13:30:47.000Z,420,-423.5,402.5,-17.5,0,0.5,4739.53,4747.71,,4747.59,BUY,USD,1,1,1583663
D#1702659,XAUUSD,100,7349874591908173427,7349874591887715484,7349874591979189471,7349874591979181165,1191,2026-05-07T13:11:00.000Z,2026-05-07T13:30:51.000Z,107.3,-108.0,103.8,-3.5,0,0.1,4736.91,4747.42,,,BUY,USD,1,1,1583663
D#1702753,XAUUSD,100,7349874591908173424,7349874591887716431,7349874591979189464,7349874591979189046,31,2026-05-07T13:30:20.000Z,2026-05-07T13:30:51.000Z,-85.8,83.7,-96.3,-10.5,0,0.3,4745.12,4748.2,,4743.41,SELL,USD,1,1,1583663
D#1702615,XAUUSD,100,7349874591908173581,7349874591887716157,7349874591979187208,7349874591979187078,332,2026-05-07T13:25:57.000Z,2026-05-07T13:31:29.000Z,36.5,-36.85,34.74,-1.76,0,0.05,4743.12,4750.2,4737.37,4750.18,BUY,USD,1,1,1583663
D#1670956,XAUUSD,100,7349874591908173568,7349874591887716276,7349874591979189889,7349874591979188243,139,2026-05-07T13:29:10.000Z,2026-05-07T13:31:29.000Z,-50.1,49.4,-53.6,-3.5,0,0.1,4744.76,4749.99,4749.6,,SELL,USD,1,1,1583663
D#1702361,XAUUSD,100,7349874591908173832,7349874591887715686,7349874591979183274,7349874591979182868,1077,2026-05-07T13:14:56.000Z,2026-05-07T13:32:53.000Z,189,-189.7,185.5,-3.5,0,0.1,4732.97,4751.65,4729.71,4751.58,BUY,USD,1,1,1583663
D#1702742,XAUUSD,100,7349874591908173863,7349874591887707598,7349874591979091964,7349874591979091846,19610,2026-05-07T08:06:06.000Z,2026-05-07T13:32:56.000Z,-23.3,22.6,-26.8,-3.5,0,0.1,4751.77,4754.32,4753.26,4685.81,SELL,USD,1,1,1583663
D#1670957,XAUUSD,100,7349874591908173868,7349874591887709756,7349874591979120518,7349874591979120168,13587,2026-05-07T09:46:29.000Z,2026-05-07T13:32:56.000Z,30.9,-31.04,30.2,-0.7,0,0.02,4738.92,4754.15,4714,4752.88,BUY,USD,1,1,1583663
D#1702388,XAUUSD,100,7349874591908173875,7349874591887715773,7349874591979183578,7349874591979183574,981,2026-05-07T13:16:35.000Z,2026-05-07T13:32:56.000Z,127.84,-128.4,125.04,-2.8,0,0.08,4738.36,4754.12,4740.52,4752.95,BUY,USD,1,1,1583663
D#1589419,XAUUSD,100,7349874591908173931,7349874591887712837,7349874591979156198,7349874591979099367,5555,2026-05-07T12:00:22.000Z,2026-05-07T13:32:57.000Z,-50.85,50.5,-52.61,-1.76,0,0.05,4744.58,4754.97,4753.71,4715.31,SELL,USD,1,1,1583663
D#1702356,XAUUSD,100,7349874591908173913,7349874591887715139,7349874591979178069,7349874591979178067,1760,2026-05-07T13:03:37.000Z,2026-05-07T13:32:57.000Z,-67.2,66.85000000000001,-68.96,-1.76,0,0.05,4741.23,4754.89,4753.83,4721.07,SELL,USD,1,1,1583663
D#1702492,XAUUSD,100,7349874591908173915,7349874591887715964,7349874591979190417,7349874591979185435,687,2026-05-07T13:21:30.000Z,2026-05-07T13:32:57.000Z,75.35,-75.69999999999999,73.59,-1.76,0,0.05,4739.86,4754.71,,4754.07,BUY,USD,1,1,1583663
D#1645648,XAUUSD,100,7349874591908173937,7349874591887716136,7349874591979187793,7349874591979186825,463,2026-05-07T13:25:14.000Z,2026-05-07T13:32:57.000Z,-272.5,270.75,-281.26,-8.76,0,0.25,4743.74,4754.86,4754.78,4726.93,SELL,USD,1,1,1583663
D#1702648,XAUUSD,100,7349874591908174005,7349874591887714523,7349874591979191095,7349874591979172516,2676,2026-05-07T12:48:36.000Z,2026-05-07T13:33:12.000Z,13.8,-14.15,12.04,-1.76,0,0.05,4750.56,4753.1,,,BUY,USD,1,1,1583663
D#1670870,XAUUSD,100,7349874591908174123,7349874591887716769,7349874591979191227,7349874591979191152,22,2026-05-07T13:33:18.000Z,2026-05-07T13:33:40.000Z,-76.8,75.39999999999999,-83.8,-7,0,0.2,4751.75,4755.81,4755.42,,SELL,USD,1,1,1583663
D#1702529,XAUUSD,100,7349874591908174168,7349874591887712672,7349874591979155002,7349874591979154774,5865,2026-05-07T11:55:59.000Z,2026-05-07T13:33:44.000Z,160.9,-161.6,157.4,-3.5,0,0.1,4740.73,4756.6,4705.09,4756.21,BUY,USD,1,1,1583663
D#1670932,XAUUSD,100,7349874591908174210,7349874591887706256,7349874591979075576,7349874591979074618,22885,2026-05-07T07:12:22.000Z,2026-05-07T13:33:47.000Z,-35.64,35.36,-37.04,-1.4,0,0.04,4748.6,4757.73,4757.18,,SELL,USD,1,1,1583663
D#1702514,XAUUSD,100,7349874591908174201,7349874591887709238,7349874591979113075,7349874591979112826,15406,2026-05-07T09:17:01.000Z,2026-05-07T13:33:47.000Z,113.1,-113.44999999999999,111.34,-1.76,0,0.05,4735.13,4757.53,4723.49,4757.25,BUY,USD,1,1,1583663
D#1614593,XAUUSD,100,7349874591908174219,7349874591887705609,7349874591979191589,7349874591979068220,23908,2026-05-07T06:55:22.000Z,2026-05-07T13:33:50.000Z,-204.1,203.4,-207.6,-3.5,0,0.1,4736.13,4756.76,,,SELL,USD,1,1,1583663
D#1702447,XAUUSD,100,7349874591908174227,7349874591887715857,7349874591979191610,7349874591979184366,920,2026-05-07T13:18:31.000Z,2026-05-07T13:33:51.000Z,-508.8,506.7,-519.3,-10.5,0,0.3,4739.52,4756.7,,4736.26,SELL,USD,1,1,1583663
D#1702638,XAUUSD,100,7349874591908174230,7349874591887712379,7349874591979191621,7349874591979151012,6755,2026-05-07T11:41:17.000Z,2026-05-07T13:33:52.000Z,-529.25,527.5,-538.01,-8.76,0,0.25,4735.25,4756.64,,4731.08,SELL,USD,1,1,1583663
D#1702552,XAUUSD,100,7349874591908174270,7349874591887713492,7349874591979163232,7349874591979162774,4408,2026-05-07T12:20:33.000Z,2026-05-07T13:34:01.000Z,-14.89,14.82,-15.25,-0.36,0,0.01,4743,4758.11,4758.11,4713.11,SELL,USD,1,1,1583663
D#1702595,XAUUSD,100,7349874591908174269,7349874591887714069,7349874591979168982,7349874591979168120,3533,2026-05-07T12:35:08.000Z,2026-05-07T13:34:01.000Z,107.7,-108.4,104.2,-3.5,0,0.1,4747.52,4758.07,,4757.99,BUY,USD,1,1,1583663
D#1702532,XAUUSD,100,7349874591908174293,7349874591887716469,7349874591979190965,7349874591979189229,211,2026-05-07T13:30:34.000Z,2026-05-07T13:34:05.000Z,58.1,-58.45,56.34,-1.76,0,0.05,4746.8,4758.2,4746.76,4758.31,BUY,USD,1,1,1583663
D#1702597,XAUUSD,100,7349874591908174308,7349874591887715677,7349874591979191839,7349874591979182808,1163,2026-05-07T13:14:48.000Z,2026-05-07T13:34:11.000Z,23.81,-23.88,23.45,-0.36,0,0.01,4732.87,4756.46,4731.43,,BUY,USD,1,1,1583663
D#1670870,XAUUSD,100,7349874591908174631,7349874591887716932,7349874591979192961,7349874591979192115,78,2026-05-07T13:34:32.000Z,2026-05-07T13:35:50.000Z,53.5,-57.0,36.0,-17.5,0,0.5,4754.65,4753.8,4754.8,,SELL,USD,1,1,1583663
D#1702619,XAUUSD,100,7349874591908174926,7349874591887713035,7349874591979194089,7349874591979158030,5516,2026-05-07T12:05:34.000Z,2026-05-07T13:37:30.000Z,-59.2,58.85,-60.96,-1.76,0,0.05,4740.69,4752.75,,4660,SELL,USD,1,1,1583663
D#1702361,XAUUSD,100,7349874591908174940,7349874591887717233,7349874591979194155,7349874591979193979,15,2026-05-07T13:37:22.000Z,2026-05-07T13:37:37.000Z,1.1,-1.8000000000000003,-2.4,-3.5,0,0.1,4752.37,4752.48,,,SELL,USD,1,1,1583663
D#1671066,XAUUSD,100,7349874591908175043,7349874591887716963,7349874591979194647,7349874591979192376,208,2026-05-07T13:35:01.000Z,2026-05-07T13:38:29.000Z,53,-54.4,46.0,-7,0,0.2,4755.85,4753.42,4755.71,4743.59,SELL,USD,1,1,1583663
D#1670946,XAUUSD,100,7349874591908175047,7349874591887717298,7349874591979194661,7349874591979194547,12,2026-05-07T13:38:18.000Z,2026-05-07T13:38:30.000Z,24.6,-25.3,21.1,-3.5,0,0.1,4752.15,4754.39,,,BUY,USD,1,1,1583663
D#1702361,XAUUSD,100,7349874591908175265,7349874591887717341,7349874591979195434,7349874591979194903,47,2026-05-07T13:38:54.000Z,2026-05-07T13:39:41.000Z,25.2,-25.9,21.7,-3.5,0,0.1,4754.31,4752.01,4761.29,4731.36,SELL,USD,1,1,1583663
D#1670870,XAUUSD,100,7349874591908175274,7349874591887717079,7349874591979195464,7349874591979193072,223,2026-05-07T13:36:01.000Z,2026-05-07T13:39:44.000Z,5.6,-7.0,-1.4,-7,0,0.2,4752.46,4752.4,,,SELL,USD,1,1,1583663
D#1670969,XAUUSD,100,7349874591908175501,7349874591887717394,7349874591979195628,7349874591979195193,104,2026-05-07T13:39:17.000Z,2026-05-07T13:41:01.000Z,-56.32,55.55,-60.18,-3.86,0,0.11,4754.56,4749.22,4749.17,4774.31,BUY,USD,1,1,1583663
D#1670946,XAUUSD,100,7349874591908175552,7349874591887717569,7349874591979196564,7349874591979196289,26,2026-05-07T13:40:55.000Z,2026-05-07T13:41:21.000Z,0.3,-1.0,-3.2,-3.5,0,0.1,4749.6,4749.41,,,BUY,USD,1,1,1583663
D#1670969,XAUUSD,100,7349874591908176349,7349874591887717648,7349874591979197032,7349874591979196833,241,2026-05-07T13:41:46.000Z,2026-05-07T13:45:47.000Z,-50.71,49.94,-54.57,-3.86,0,0.11,4750.27,4745.44,4745.59,4795.61,BUY,USD,1,1,1583663
D#1702615,XAUUSD,100,7349874591908176408,7349874591887717016,7349874591979192874,7349874591979192599,633,2026-05-07T13:35:17.000Z,2026-05-07T13:45:50.000Z,49.3,-49.65,47.54,-1.76,0,0.05,4754.68,4745.04,4752.83,4745.04,SELL,USD,1,1,1583663
D#1702597,XAUUSD,100,7349874591908176417,7349874591887717766,7349874591979199461,7349874591979197716,160,2026-05-07T13:43:11.000Z,2026-05-07T13:45:51.000Z,-6.98,6.91,-7.34,-0.36,0,0.01,4751.83,4744.63,,,BUY,USD,1,1,1583663
D#1670980,XAUUSD,100,7349874591908176516,7349874591887717256,7349874591979194437,7349874591979194181,499,2026-05-07T13:37:40.000Z,2026-05-07T13:45:59.000Z,-90.9,90.2,-94.4,-3.5,0,0.1,4752.18,4742.87,4743.5,,BUY,USD,1,1,1583663
D#1702365,XAUUSD,100,7349874591908176587,7349874591887717877,7349874591979199744,7349874591979198509,94,2026-05-07T13:44:35.000Z,2026-05-07T13:46:09.000Z,73.2,-74.60000000000001,66.2,-7,0,0.2,4749.07,4745.63,4748.35,4735.29,SELL,USD,1,1,1583663
D#1702595,XAUUSD,100,7349874591908176589,7349874591887717482,7349874591979199751,7349874591979195782,358,2026-05-07T13:40:12.000Z,2026-05-07T13:46:10.000Z,62.5,-63.2,59.0,-3.5,0,0.1,4752,4745.97,4753.1,4741.36,SELL,USD,1,1,1583663
D#1702365,XAUUSD,100,7349874591908176749,7349874591887718157,7349874591979200360,7349874591979200204,12,2026-05-07T13:46:46.000Z,2026-05-07T13:46:58.000Z,7.4,-8.8,0.4,-7,0,0.2,4748.01,4747.86,,,SELL,USD,1,1,1583663
D#1702731,XAUUSD,100,7349874591908176893,7349874591887718069,7349874591979199766,7349874591979199613,96,2026-05-07T13:46:01.000Z,2026-05-07T13:47:37.000Z,61.8,-63.9,51.3,-10.5,0,0.3,4743.12,4741.28,,4741.49,SELL,USD,1,1,1583663
D#1702597,XAUUSD,100,7349874591908176896,7349874591887718082,7349874591979200140,7349874591979199671,93,2026-05-07T13:46:04.000Z,2026-05-07T13:47:37.000Z,-2.66,2.5900000000000003,-3.02,-0.36,0,0.01,4743.95,4741.07,4742.12,,BUY,USD,1,1,1583663
D#1702659,XAUUSD,100,7349874591908177036,7349874591887716590,7349874591979201105,7349874591979189970,978,2026-05-07T13:31:35.000Z,2026-05-07T13:47:53.000Z,94.5,-95.2,91.0,-3.5,0,0.1,4749.8,4740.57,,,SELL,USD,1,1,1583663
D#1702669,XAUUSD,100,7349874591908177167,7349874591887712112,7349874591979201529,7349874591979147769,8356,2026-05-07T11:29:11.000Z,2026-05-07T13:48:27.000Z,54.95,-55.300000000000004,53.19,-1.76,0,0.05,4731.1,4741.87,4731.34,4823.01,BUY,USD,1,1,1583663
D#1702388,XAUUSD,100,7349874591908177542,7349874591887718142,7349874591979200097,7349874591979200095,239,2026-05-07T13:46:37.000Z,2026-05-07T13:50:36.000Z,19.12,-19.68,16.32,-2.8,0,0.08,4746.9,4744.73,4744.2,4733.31,SELL,USD,1,1,1583663
D#1702709,XAUUSD,100,7349874591908177812,7349874591887716183,7349874591979187398,7349874591979187291,1522,2026-05-07T13:26:37.000Z,2026-05-07T13:51:59.000Z,104.7,-106.8,94.2,-10.5,0,0.3,4742.6,4739.33,,4739.31,SELL,USD,1,1,1583663
D#1670969,XAUUSD,100,7349874591908177824,7349874591887718093,7349874591979201278,7349874591979199724,353,2026-05-07T13:46:07.000Z,2026-05-07T13:52:00.000Z,-74.58,73.81,-78.44,-3.86,0,0.11,4745.53,4738.53,4739.05,4799.42,BUY,USD,1,1,1583663
D#1670956,XAUUSD,100,7349874591908177847,7349874591887717831,7349874591979198598,7349874591979198212,476,2026-05-07T13:44:06.000Z,2026-05-07T13:52:02.000Z,118.3,-119.0,114.8,-3.5,0,0.1,4750.04,4738.43,4754.17,4738.45,SELL,USD,1,1,1583663
D#1670946,XAUUSD,100,7349874591908177869,7349874591887717765,7349874591979204037,7349874591979197704,541,2026-05-07T13:43:09.000Z,2026-05-07T13:52:10.000Z,-232.4,231.0,-239.4,-7,0,0.2,4751.41,4739.57,,,BUY,USD,1,1,1583663
D#1702390,XAUUSD,100,7349874591908178066,7349874591887716019,7349874591979204670,7349874591979185848,1841,2026-05-07T13:22:27.000Z,2026-05-07T13:53:08.000Z,6.44,-6.720000000000001,5.04,-1.4,0,0.04,4742.25,4740.86,,,SELL,USD,1,1,1583663
D#1702681,XAUUSD,100,7349874591908178781,7349874591887711166,7349874591979206908,7349874591979138376,10658,2026-05-07T10:59:00.000Z,2026-05-07T13:56:38.000Z,36.24,-36.52,34.84,-1.4,0,0.04,4736.78,4745.62,4721.96,,BUY,USD,1,1,1583663
D#1670870,XAUUSD,100,7349874591908178919,7349874591887719138,7349874591979207000,7349874591979206421,113,2026-05-07T13:55:50.000Z,2026-05-07T13:57:43.000Z,-3.6,2.2,-10.6,-7,0,0.2,4745.59,4745.99,4745.63,,SELL,USD,1,1,1583663
D#1670870,XAUUSD,100,7349874591908179271,7349874591887719420,7349874591979208433,7349874591979208375,51,2026-05-07T13:59:11.000Z,2026-05-07T14:00:02.000Z,-1.8,0.3999999999999999,-8.8,-7,0,0.2,4747.4,4747.71,4747.52,,SELL,USD,1,1,1583663
D#1670870,XAUUSD,100,7349874591908179713,7349874591887719546,7349874591979210784,7349874591979209153,155,2026-05-07T14:00:26.000Z,2026-05-07T14:03:01.000Z,32.2,-33.6,25.2,-7,0,0.2,4745.91,4744.52,4746.03,,SELL,USD,1,1,1583663
D#1702742,XAUUSD,100,7349874591908181083,7349874591887717852,7349874591979198704,7349874591979198337,1698,2026-05-07T13:44:17.000Z,2026-05-07T14:12:35.000Z,4.2,-4.9,0.7,-3.5,0,0.1,4750.52,4750.32,4750.18,4685.71,SELL,USD,1,1,1583663
D#1702577,XAUUSD,100,7349874591908181122,7349874591887720344,7349874591979216093,7349874591979215603,55,2026-05-07T14:11:48.000Z,2026-05-07T14:12:43.000Z,3.4,-3.4699999999999998,3.04,-0.36,0,0.01,4747.82,4751,,,BUY,USD,1,1,1583663
D#1702669,XAUUSD,100,7349874591908181144,7349874591887718398,7349874591979201899,7349874591979201590,1451,2026-05-07T13:48:34.000Z,2026-05-07T14:12:45.000Z,-52.3,51.949999999999996,-54.06,-1.76,0,0.05,4741.19,4751.87,4751.88,,SELL,USD,1,1,1583663
D#1702572,XAUUSD,100,7349874591908181151,7349874591887720319,7349874591979216116,7349874591979215379,87,2026-05-07T14:11:19.000Z,2026-05-07T14:12:46.000Z,-41.92,41.36,-44.72,-2.8,0,0.08,4746.63,4752.09,,,SELL,USD,1,1,1583663
D#1670989,XAUUSD,100,7349874591908181201,7349874591887718262,7349874591979200868,7349874591979186776,1517,2026-05-07T13:47:38.000Z,2026-05-07T14:12:55.000Z,226.6,-228.0,219.6,-7,0,0.2,4741.65,4752.76,4731.88,4752.76,BUY,USD,1,1,1583663
D#1702641,XAUUSD,100,7349874591908181269,7349874591887719737,7349874591979216457,7349874591979210684,635,2026-05-07T14:02:50.000Z,2026-05-07T14:13:25.000Z,-83,82.3,-86.5,-3.5,0,0.1,4743.3,4751.82,4760,4742,SELL,USD,1,1,1583663
D#1702742,XAUUSD,100,7349874591908181286,7349874591887720423,7349874591979216276,7349874591979216141,40,2026-05-07T14:12:48.000Z,2026-05-07T14:13:28.000Z,-17.7,17.0,-21.2,-3.5,0,0.1,4751.69,4753.68,4753.31,,SELL,USD,1,1,1583663
D#1702742,XAUUSD,100,7349874591908181330,7349874591887720475,7349874591979216595,7349874591979216529,8,2026-05-07T14:13:32.000Z,2026-05-07T14:13:40.000Z,8.4,-9.1,4.9,-3.5,0,0.1,4753.81,4753.19,,,SELL,USD,1,1,1583663
D#1702492,XAUUSD,100,7349874591908181503,7349874591887720535,7349874591979217375,7349874591979217097,30,2026-05-07T14:14:36.000Z,2026-05-07T14:15:06.000Z,-3.55,3.1999999999999997,-5.31,-1.76,0,0.05,4752.04,4751.11,,,BUY,USD,1,1,1583663
D#1702532,XAUUSD,100,7349874591908181791,7349874591887720415,7349874591979218070,7349874591979216073,207,2026-05-07T14:12:42.000Z,2026-05-07T14:16:09.000Z,-48.15,47.8,-49.91,-1.76,0,0.05,4750.95,4741.1,,4761.37,BUY,USD,1,1,1583663
D#1670969,XAUUSD,100,7349874591908181798,7349874591887718872,7349874591979205406,7349874591979204632,1385,2026-05-07T13:53:05.000Z,2026-05-07T14:16:10.000Z,9,-9.7,5.5,-3.5,0,0.1,4741.16,4741.84,4741.47,4811.05,BUY,USD,1,1,1583663
D#1702641,XAUUSD,100,7349874591908181847,7349874591887720519,7349874591979218201,7349874591979216898,128,2026-05-07T14:14:12.000Z,2026-05-07T14:16:20.000Z,-98.4,97.0,-105.4,-7,0,0.2,4752.37,4747.23,4737,4802,BUY,USD,1,1,1583663
D#1702388,XAUUSD,100,7349874591908182332,7349874591887719465,7349874591979208712,7349874591979208708,1246,2026-05-07T13:59:50.000Z,2026-05-07T14:20:36.000Z,-64.64,64.08,-67.44,-2.8,0,0.08,4746.18,4754.48,4754.06,4738.24,SELL,USD,1,1,1583663
D#1702637,XAUUSD,100,7349874591908182405,7349874591887716088,7349874591979220782,7349874591979186454,3392,2026-05-07T13:24:12.000Z,2026-05-07T14:20:44.000Z,-175.05,174.0,-180.31,-5.26,0,0.15,4743.09,4754.98,,,SELL,USD,1,1,1583663
D#1702390,XAUUSD,100,7349874591908182411,7349874591887719165,7349874591979220815,7349874591979206630,1481,2026-05-07T13:56:07.000Z,2026-05-07T14:20:48.000Z,-34.36,34.08,-35.76,-1.4,0,0.04,4745.48,4754.29,,,SELL,USD,1,1,1583663
D#1702383,XAUUSD,100,7349874591908182466,7349874591887720888,7349874591979220968,7349874591979219833,128,2026-05-07T14:18:52.000Z,2026-05-07T14:21:00.000Z,37.03,-37.52,34.57,-2.46,0,0.07,4749.8,4754.87,4735.32,,BUY,USD,1,1,1583663
D#1670956,XAUUSD,100,7349874591908182563,7349874591887719561,7349874591979210767,7349874591979208604,1244,2026-05-07T14:00:31.000Z,2026-05-07T14:21:15.000Z,105.84,-106.47,102.68,-3.16,0,0.09,4745.23,4756.77,4739.94,4756.88,BUY,USD,1,1,1583663
D#1702532,XAUUSD,100,7349874591908182991,7349874591887720746,7349874591979220826,7349874591979218440,407,2026-05-07T14:16:40.000Z,2026-05-07T14:23:27.000Z,-0.1,-0.6000000000000001,-3.6,-3.5,0,0.1,4752.56,4752.33,4752.67,4762.62,BUY,USD,1,1,1583663
D#1702383,XAUUSD,100,7349874591908183040,7349874591887721286,7349874591979222801,7349874591979222509,30,2026-05-07T14:23:22.000Z,2026-05-07T14:23:52.000Z,58.32,-60.84,45.72,-12.6,0,0.36,4753.41,4754.81,4745.5,,BUY,USD,1,1,1583663
D#1702400,XAUUSD,100,7349874591908183193,7349874591887715599,7349874591979223421,7349874591979182126,4299,2026-05-07T13:13:17.000Z,2026-05-07T14:24:56.000Z,239.8,-240.5,236.3,-3.5,0,0.1,4734.16,4757.92,4734.4,4785,BUY,USD,1,1,1583663
D#1702636,XAUUSD,100,7349874591908183290,7349874591887712767,7349874591979198061,7349874591979155566,8810,2026-05-07T11:58:26.000Z,2026-05-07T14:25:16.000Z,-16.17,16.1,-16.53,-0.36,0,0.01,4742.84,4759.23,4758.32,,SELL,USD,1,1,1583663
D#1589407,XAUUSD,100,7349874591908183279,7349874591887721396,7349874591979223327,7349874591979193285,28,2026-05-07T14:24:48.000Z,2026-05-07T14:25:16.000Z,-24.4,23.7,-27.9,-3.5,0,0.1,4757.12,4759.78,4759.45,4732.23,SELL,USD,1,1,1583663
D#1702693,XAUUSD,100,7349874591908183389,7349874591887714560,7349874591979223971,7349874591979172845,5775,2026-05-07T12:49:35.000Z,2026-05-07T14:25:50.000Z,145.6,-147.0,138.6,-7,0,0.2,4751.48,4758.54,,4761.37,BUY,USD,1,1,1583663
D#1702681,XAUUSD,100,7349874591908183501,7349874591887719289,7349874591979207539,7349874591979207537,1755,2026-05-07T13:57:47.000Z,2026-05-07T14:27:02.000Z,91.98,-92.61,88.82,-3.16,0,0.09,4746.86,4756.86,4757.11,4759.96,BUY,USD,1,1,1583663
D#1702337,XAUUSD,100,7349874591908183642,7349874591887721343,7349874591979225317,7349874591979222897,285,2026-05-07T14:24:02.000Z,2026-05-07T14:28:47.000Z,6.25,-6.6,4.49,-1.76,0,0.05,4755.91,4756.94,,,BUY,USD,1,1,1583663
D#1702390,XAUUSD,100,7349874591908183817,7349874591887721203,7349874591979225952,7349874591979221902,469,2026-05-07T14:22:22.000Z,2026-05-07T14:30:11.000Z,10.88,-11.16,9.48,-1.4,0,0.04,4754.9,4757.4,,,BUY,USD,1,1,1583663
D#1702532,XAUUSD,100,7349874591908184101,7349874591887721321,7349874591979227163,7349874591979222700,543,2026-05-07T14:23:40.000Z,2026-05-07T14:32:43.000Z,8.6,-9.299999999999999,5.1,-3.5,0,0.1,4754.3,4754.94,4754.26,4764.28,BUY,USD,1,1,1583663
D#1702365,XAUUSD,100,7349874591908184165,7349874591887721186,7349874591979227383,7349874591979221776,662,2026-05-07T14:22:10.000Z,2026-05-07T14:33:12.000Z,94,-97.5,76.5,-17.5,0,0.5,4756.05,4754.39,,4741.92,SELL,USD,1,1,1583663
D#1670989,XAUUSD,100,7349874591908184210,7349874591887721384,7349874591979227593,7349874591979223207,543,2026-05-07T14:24:36.000Z,2026-05-07T14:33:39.000Z,72.8,-74.2,65.8,-7,0,0.2,4756.64,4753.22,,,SELL,USD,1,1,1583663
D#1670870,XAUUSD,100,7349874591908184250,7349874591887720587,7349874591979222473,7349874591979217424,1129,2026-05-07T14:15:11.000Z,2026-05-07T14:34:00.000Z,13.6,-15.0,6.6,-7,0,0.2,4752.17,4751.71,,4751.98,SELL,USD,1,1,1583663
D#1670980,XAUUSD,100,7349874591908184511,7349874591887718183,7349874591979225878,7349874591979200376,2934,2026-05-07T13:47:00.000Z,2026-05-07T14:35:54.000Z,0.6,-1.3,-2.9,-3.5,0,0.1,4747.98,4747.82,4747.84,4800.78,BUY,USD,1,1,1583663
D#1702597,XAUUSD,100,7349874591908184538,7349874591887718285,7349874591979228860,7349874591979200977,2901,2026-05-07T13:47:46.000Z,2026-05-07T14:36:07.000Z,8.83,-8.9,8.47,-0.36,0,0.01,4740.41,4749.02,4739.78,4780.88,BUY,USD,1,1,1583663
D#1702709,XAUUSD,100,7349874591908184859,7349874591887722163,7349874591979230067,7349874591979229897,72,2026-05-07T14:38:23.000Z,2026-05-07T14:39:35.000Z,79.2,-81.3,68.7,-10.5,0,0.3,4750.49,4752.91,,4752.81,BUY,USD,1,1,1583663
D#1670989,XAUUSD,100,7349874591908185111,7349874591887721957,7349874591979231310,7349874591979228164,394,2026-05-07T14:34:49.000Z,2026-05-07T14:41:23.000Z,101.2,-102.60000000000001,94.2,-7,0,0.2,4748.94,4753.78,,,BUY,USD,1,1,1583663
D#1702388,XAUUSD,100,7349874591908185266,7349874591887721541,7349874591979224384,7349874591979224381,983,2026-05-07T14:26:41.000Z,2026-05-07T14:43:04.000Z,20.88,-21.439999999999998,18.08,-2.8,0,0.08,4758.91,4756.52,4756,4744.81,SELL,USD,1,1,1583663
D#1702532,XAUUSD,100,7349874591908185643,7349874591887721996,7349874591979233553,7349874591979228519,653,2026-05-07T14:35:27.000Z,2026-05-07T14:46:20.000Z,-177,174.9,-187.5,-10.5,0,0.3,4750.08,4756.2,4758.13,4741.6,SELL,USD,1,1,1583663
D#1702505,XAUUSD,100,7349874591908185731,7349874591887719315,7349874591979233838,7349874591979207706,2923,2026-05-07T13:58:06.000Z,2026-05-07T14:46:49.000Z,98.64,-99.27,95.48,-3.16,0,0.09,4747.03,4757.77,,,BUY,USD,1,1,1583663
D#1670870,XAUUSD,100,7349874591908186125,7349874591887722721,7349874591979235384,7349874591979234309,139,2026-05-07T14:47:48.000Z,2026-05-07T14:50:07.000Z,-40.8,39.4,-47.8,-7,0,0.2,4756.81,4759.07,4759.34,,SELL,USD,1,1,1583663
D#1671060,XAUUSD,100,7349874591908186239,7349874591887713001,7349874591979157623,7349874591979157619,9994,2026-05-07T12:04:18.000Z,2026-05-07T14:50:52.000Z,187.4,-188.1,183.9,-3.5,0,0.1,4741,4759.52,4720,4760,BUY,USD,1,1,1583663
D#1614607,XAUUSD,100,7349874591908186231,7349874591887721994,7349874591979229016,7349874591979228502,926,2026-05-07T14:35:26.000Z,2026-05-07T14:50:52.000Z,-18.8,18.66,-19.5,-0.7,0,0.02,4750.19,4759.81,4759.99,4699.65,SELL,USD,1,1,1583663
D#1670956,XAUUSD,100,7349874591908186238,7349874591887722350,7349874591979231434,7349874591979230289,553,2026-05-07T14:41:39.000Z,2026-05-07T14:50:52.000Z,-42.3,41.669999999999995,-45.46,-3.16,0,0.09,4754.8,4759.72,4760.19,4741.78,SELL,USD,1,1,1583663
D#1589407,XAUUSD,100,7349874591908186235,7349874591887722633,7349874591979233679,7349874591979231060,257,2026-05-07T14:46:35.000Z,2026-05-07T14:50:52.000Z,-32.1,31.05,-37.36,-5.26,0,0.15,4757.45,4759.81,4759.88,4734.95,SELL,USD,1,1,1583663
D#1670870,XAUUSD,100,7349874591908186314,7349874591887722891,7349874591979235697,7349874591979235617,51,2026-05-07T14:50:32.000Z,2026-05-07T14:51:23.000Z,-34.2,32.800000000000004,-41.2,-7,0,0.2,4759.37,4757.44,4757.63,,BUY,USD,1,1,1583663
D#1702478,XAUUSD,100,7349874591908186428,7349874591887709823,7349874591979236508,7349874591979121263,18070,2026-05-07T09:51:13.000Z,2026-05-07T14:52:23.000Z,-193.28,192.72,-196.08,-2.8,0,0.08,4734.89,4759.27,,,SELL,USD,1,1,1583663
D#1670870,XAUUSD,100,7349874591908186453,7349874591887722975,7349874591979236306,7349874591979236251,49,2026-05-07T14:51:50.000Z,2026-05-07T14:52:39.000Z,-43.2,41.800000000000004,-50.2,-7,0,0.2,4758.33,4760.71,4760.61,,SELL,USD,1,1,1583663
D#1702400,XAUUSD,100,7349874591908186638,7349874591887722800,7349874591979237318,7349874591979234928,315,2026-05-07T14:49:00.000Z,2026-05-07T14:54:15.000Z,-22.86,22.439999999999998,-24.96,-2.1,0,0.06,4756.94,4760.97,,,SELL,USD,1,1,1583663
D#1702650,XAUUSD,100,7349874591908186679,7349874591887711403,7349874591979141650,7349874591979141153,13523,2026-05-07T11:09:05.000Z,2026-05-07T14:54:28.000Z,162.78,-163.2,160.68,-2.1,0,0.06,4734.76,4761.67,4718.82,4761.69,BUY,USD,1,1,1583663
D#1670870,XAUUSD,100,7349874591908187156,7349874591887723165,7349874591979237939,7349874591979237865,139,2026-05-07T14:55:17.000Z,2026-05-07T14:57:36.000Z,-94,90.5,-111.5,-17.5,0,0.5,4760.91,4763.01,4762.21,4753.26,SELL,USD,1,1,1583663
D#1702489,XAUUSD,100,7349874591908187177,7349874591887706902,7349874591979082705,7349874591979082532,26579,2026-05-07T07:34:38.000Z,2026-05-07T14:57:37.000Z,101.6,-101.94999999999999,99.84,-1.76,0,0.05,4742.78,4762.88,,4762.96,BUY,USD,1,1,1583663
D#1702453,XAUUSD,100,7349874591908187168,7349874591887710117,7349874591979125756,7349874591979125372,17537,2026-05-07T10:05:20.000Z,2026-05-07T14:57:37.000Z,-31.86,31.79,-32.22,-0.36,0,0.01,4730.88,4762.96,4762.52,4595.51,SELL,USD,1,1,1583663
D#1702681,XAUUSD,100,7349874591908187220,7349874591887722410,7349874591979232514,7349874591979231865,907,2026-05-07T14:42:35.000Z,2026-05-07T14:57:42.000Z,116.82,-117.58999999999999,112.96,-3.86,0,0.11,4752.68,4763.08,4755.64,4763.28,BUY,USD,1,1,1583663
D#1702388,XAUUSD,100,7349874591908187283,7349874591887722855,7349874591979235421,7349874591979235418,478,2026-05-07T14:50:12.000Z,2026-05-07T14:58:10.000Z,-41.44,40.879999999999995,-44.24,-2.8,0,0.08,4758.23,4763.63,4763.44,4743.87,SELL,USD,1,1,1583663
D#1670924,XAUUSD,100,7349874591908187535,7349874591887722411,7349874591979231904,7349874591979231902,1056,2026-05-07T14:42:40.000Z,2026-05-07T15:00:16.000Z,-67.08,66.66,-69.18,-2.1,0,0.06,4753.45,4764.85,4764.57,4735.77,SELL,USD,1,1,1583663
D#1702457,XAUUSD,100,7349874591908187536,7349874591887723038,7349874591979240110,7349874591979236836,429,2026-05-07T14:53:07.000Z,2026-05-07T15:00:16.000Z,-156.9,154.8,-167.4,-10.5,0,0.3,4759.4,4764.85,,,SELL,USD,1,1,1583663
D#1702713,XAUUSD,100,7349874591908187543,7349874591887708910,7349874591979240152,7349874591979103945,21396,2026-05-07T09:03:45.000Z,2026-05-07T15:00:21.000Z,417.6,-418.3,414.1,-3.5,0,0.1,4722.86,4764.4,4710.36,4765.49,BUY,USD,1,1,1583663
D#1670989,XAUUSD,100,7349874591908187846,7349874591887723227,7349874591979241295,7349874591979238378,398,2026-05-07T14:56:15.000Z,2026-05-07T15:02:53.000Z,27.6,-29.0,20.6,-7,0,0.2,4760.49,4759.33,,,SELL,USD,1,1,1583663
D#1702457,XAUUSD,100,7349874591908187848,7349874591887723460,7349874591979241307,7349874591979240520,109,2026-05-07T15:01:06.000Z,2026-05-07T15:02:55.000Z,-84.9,82.80000000000001,-95.4,-10.5,0,0.3,4762.23,4759.18,,,BUY,USD,1,1,1583663
D#1702400,XAUUSD,100,7349874591908187877,7349874591887723270,7349874591979241433,7349874591979238831,347,2026-05-07T14:57:25.000Z,2026-05-07T15:03:12.000Z,-11.34,10.92,-13.44,-2.1,0,0.06,4761.11,4759,,,BUY,USD,1,1,1583663
D#1702492,XAUUSD,100,7349874591908187885,7349874591887723561,7349874591979241494,7349874591979241429,11,2026-05-07T15:03:11.000Z,2026-05-07T15:03:22.000Z,-0.25,-0.10000000000000003,-2.01,-1.76,0,0.05,4759.07,4758.8,4755,,BUY,USD,1,1,1583663
D#1702390,XAUUSD,100,7349874591908188038,7349874591887722054,7349874591979242413,7349874591979228995,1752,2026-05-07T14:36:26.000Z,2026-05-07T15:05:38.000Z,37.16,-37.44,35.76,-1.4,0,0.04,4750.79,4759.86,,,BUY,USD,1,1,1583663
D#1702637,XAUUSD,100,7349874591908188053,7349874591887721060,7349874591979242478,7349874591979221033,2682,2026-05-07T14:21:04.000Z,2026-05-07T15:05:46.000Z,49.05,-50.099999999999994,43.79,-5.26,0,0.15,4755.54,4758.59,,,BUY,USD,1,1,1583663
D#1670956,XAUUSD,100,7349874591908188735,7349874591887723058,7349874591979237289,7349874591979237006,1201,2026-05-07T14:53:34.000Z,2026-05-07T15:13:35.000Z,-43.11,42.48,-46.27,-3.16,0,0.09,4760.53,4755.52,4755.59,4773.36,BUY,USD,1,1,1583663
D#1702681,XAUUSD,100,7349874591908188732,7349874591887723901,7349874591979244877,7349874591979244876,124,2026-05-07T15:11:31.000Z,2026-05-07T15:13:35.000Z,-83.4,82.0,-90.4,-7,0,0.2,4759.91,4755.52,4755.71,4765.8,BUY,USD,1,1,1583663
D#1670938,XAUUSD,100,7349874591908188976,7349874591887717883,7349874591979246796,7349874591979198530,5485,2026-05-07T13:44:37.000Z,2026-05-07T15:16:02.000Z,6.59,-6.66,6.23,-0.36,0,0.01,4748.57,4754.94,4690.6,4850.49,BUY,USD,1,1,1583663
D#1702492,XAUUSD,100,7349874591908188992,7349874591887724072,7349874591979246931,7349874591979246586,49,2026-05-07T15:15:36.000Z,2026-05-07T15:16:25.000Z,3,-3.42,0.9,-2.1,0,0.06,4754.9,4754.62,4759,4754.69,SELL,USD,1,1,1583663
D#1702527,XAUUSD,100,7349874591908189077,7349874591887723151,7349874591979247477,7349874591979237750,1364,2026-05-07T14:55:07.000Z,2026-05-07T15:17:51.000Z,32.9,-33.25,31.14,-1.76,0,0.05,4761.48,4755.12,4761.55,4741.8,SELL,USD,1,1,1583663
D#1702637,XAUUSD,100,7349874591908189186,7349874591887723695,7349874591979248063,7349874591979242743,791,2026-05-07T15:06:19.000Z,2026-05-07T15:19:30.000Z,-60.3,59.25,-65.56,-5.26,0,0.15,4758.19,4753.95,,,BUY,USD,1,1,1583663
D#1702400,XAUUSD,100,7349874591908189205,7349874591887723609,7349874591979248214,7349874591979242000,918,2026-05-07T15:04:37.000Z,2026-05-07T15:19:55.000Z,-52.7,52.0,-56.2,-3.5,0,0.1,4759.35,4753.86,,,BUY,USD,1,1,1583663
D#1702637,XAUUSD,100,7349874591908189235,7349874591887724220,7349874591979248423,7349874591979248298,20,2026-05-07T15:20:08.000Z,2026-05-07T15:20:28.000Z,-34.8,33.75,-40.06,-5.26,0,0.15,4753.38,4755.92,,,SELL,USD,1,1,1583663
D#1702637,XAUUSD,100,7349874591908189342,7349874591887724231,7349874591979248887,7349874591979248448,55,2026-05-07T15:20:32.000Z,2026-05-07T15:21:27.000Z,-58.2,57.150000000000006,-63.46,-5.26,0,0.15,4756.38,4752.28,,,BUY,USD,1,1,1583663
D#1702424,XAUUSD,100,7349874591908189361,7349874591887723679,7349874591979248970,7349874591979242616,934,2026-05-07T15:06:02.000Z,2026-05-07T15:21:36.000Z,6.35,-6.42,5.99,-0.36,0,0.01,4758.3,4752.17,4761.95,,SELL,USD,1,1,1583663
D#1702390,XAUUSD,100,7349874591908189438,7349874591887723688,7349874591979249196,7349874591979242678,953,2026-05-07T15:06:11.000Z,2026-05-07T15:22:04.000Z,-24.56,24.279999999999998,-25.96,-1.4,0,0.04,4758.35,4751.99,,,BUY,USD,1,1,1583663
D#1702714,XAUUSD,100,7349874591908189811,7349874591887721197,7349874591979221874,7349874591979207524,3742,2026-05-07T14:22:20.000Z,2026-05-07T15:24:42.000Z,-56.21,55.72,-58.67,-2.46,0,0.07,4754.72,4746.47,4746.84,4787.4,BUY,USD,1,1,1583663
D#1702673,XAUUSD,100,7349874591908189809,7349874591887721288,7349874591979222531,7349874591979213307,3678,2026-05-07T14:23:24.000Z,2026-05-07T15:24:42.000Z,-51.92,51.36,-54.72,-2.8,0,0.08,4753.18,4746.47,4746.85,4787.45,BUY,USD,1,1,1583663
D#1702400,XAUUSD,100,7349874591908189843,7349874591887724225,7349874591979250557,7349874591979248340,274,2026-05-07T15:20:14.000Z,2026-05-07T15:24:48.000Z,-64.2,63.5,-67.7,-3.5,0,0.1,4754.08,4747.44,,,BUY,USD,1,1,1583663
D#1702637,XAUUSD,100,7349874591908189906,7349874591887724342,7349874591979250731,7349874591979249584,127,2026-05-07T15:22:57.000Z,2026-05-07T15:25:04.000Z,-84.15,83.10000000000001,-89.41,-5.26,0,0.15,4752.77,4746.94,,,BUY,USD,1,1,1583663
D#1702659,XAUUSD,100,7349874591908189970,7349874591887720429,7349874591979251018,7349874591979216175,4364,2026-05-07T14:12:51.000Z,2026-05-07T15:25:35.000Z,57.8,-58.5,54.3,-3.5,0,0.1,4752.1,4746.54,,,SELL,USD,1,1,1583663
D#1702351,XAUUSD,100,7349874591908189976,7349874591887720370,7349874591979251055,7349874591979215831,4403,2026-05-07T14:12:17.000Z,2026-05-07T15:25:40.000Z,18.7,-19.4,15.2,-3.5,0,0.1,4748.35,4746.7,,,SELL,USD,1,1,1583663
D#1702729,XAUUSD,100,7349874591908190014,7349874591887724154,7349874591979247863,7349874591979247460,497,2026-05-07T15:17:47.000Z,2026-05-07T15:26:04.000Z,20.08,-20.22,19.38,-0.7,0,0.02,4754.99,4745.17,4765.71,4745.09,SELL,USD,1,1,1583663
D#1702355,XAUUSD,100,7349874591908190010,7349874591887724281,7349874591979248883,7349874591979248880,278,2026-05-07T15:21:26.000Z,2026-05-07T15:26:04.000Z,146.8,-148.20000000000002,139.8,-7,0,0.2,4752.24,4745.12,4770,4745,SELL,USD,1,1,1583663
D#1702637,XAUUSD,100,7349874591908190034,7349874591887724491,7349874591979251299,7349874591979250747,64,2026-05-07T15:25:06.000Z,2026-05-07T15:26:10.000Z,-40.65,39.6,-45.91,-5.26,0,0.15,4747.56,4744.63,,,BUY,USD,1,1,1583663
D#1670870,XAUUSD,100,7349874591908190037,7349874591887723440,7349874591979251308,7349874591979240366,1523,2026-05-07T15:00:49.000Z,2026-05-07T15:26:12.000Z,380.6,-384.1,363.1,-17.5,0,0.5,4763.67,4744.91,4763.72,,SELL,USD,1,1,1583663
D#1702443,XAUUSD,100,7349874591908190082,7349874591887723502,7349874591979240912,7349874591979240001,1465,2026-05-07T15:02:00.000Z,2026-05-07T15:26:25.000Z,-81.6,81.25,-83.36,-1.76,0,0.05,4760.32,4743.78,4744.32,4816,BUY,USD,1,1,1583663
D#1702400,XAUUSD,100,7349874591908190094,7349874591887724482,7349874591979251453,7349874591979250655,92,2026-05-07T15:24:56.000Z,2026-05-07T15:26:28.000Z,-36.3,35.25,-41.56,-5.26,0,0.15,4747.49,4744.85,,,BUY,USD,1,1,1583663
D#1702388,XAUUSD,100,7349874591908190109,7349874591887723579,7349874591979241640,7349874591979241635,1373,2026-05-07T15:03:44.000Z,2026-05-07T15:26:37.000Z,123.36,-123.92,120.56,-2.8,0,0.08,4758.3,4743.1,4765.75,4743.8,SELL,USD,1,1,1583663
D#1670945,XAUUSD,100,7349874591908190116,7349874591887724381,7349874591979251536,7349874591979249958,172,2026-05-07T15:23:46.000Z,2026-05-07T15:26:38.000Z,-52,51.65,-53.76,-1.76,0,0.05,4753.65,4743.03,4731.48,4792.57,BUY,USD,1,1,1583663
D#1702383,XAUUSD,100,7349874591908190148,7349874591887721808,7349874591979226704,7349874591979226701,3301,2026-05-07T14:31:40.000Z,2026-05-07T15:26:41.000Z,-136.9,136.20000000000002,-140.4,-3.5,0,0.1,4755.4,4741.49,4741.84,4767.05,BUY,USD,1,1,1583663
D#1670924,XAUUSD,100,7349874591908190261,7349874591887724480,7349874591979250640,7349874591979250637,112,2026-05-07T15:24:55.000Z,2026-05-07T15:26:47.000Z,-50.4,49.98,-52.5,-2.1,0,0.06,4747.68,4739.06,4739.97,4766.76,BUY,USD,1,1,1583663
D#1702372,XAUUSD,100,7349874591908190321,7349874591887720750,7349874591979219361,7349874591979218475,4205,2026-05-07T14:16:43.000Z,2026-05-07T15:26:48.000Z,-212.7,211.64999999999998,-217.96,-5.26,0,0.15,4752.57,4738.17,4738.56,4767.01,BUY,USD,1,1,1583663
D#1702355,XAUUSD,100,7349874591908190292,7349874591887724559,7349874591979251415,7349874591979251412,24,2026-05-07T15:26:24.000Z,2026-05-07T15:26:48.000Z,114,-115.4,107.0,-7,0,0.2,4744.59,4739.11,,4739.02,SELL,USD,1,1,1583663
D#1702349,XAUUSD,100,7349874591908190341,7349874591887720522,7349874591979217133,7349874591979216906,4357,2026-05-07T14:14:12.000Z,2026-05-07T15:26:49.000Z,-42.96,42.75,-44.02,-1.06,0,0.03,4752.39,4737.85,4737.28,,BUY,USD,1,1,1583663
D#1702467,XAUUSD,100,7349874591908190333,7349874591887724468,7349874591979251273,7349874591979250542,123,2026-05-07T15:24:46.000Z,2026-05-07T15:26:49.000Z,-87.1,86.39999999999999,-90.6,-3.5,0,0.1,4746.78,4737.85,4737.24,4754.89,BUY,USD,1,1,1583663
D#1670870,XAUUSD,100,7349874591908190458,7349874591887724638,7349874591979252102,7349874591979251851,29,2026-05-07T15:26:59.000Z,2026-05-07T15:27:28.000Z,34,-37.5,16.5,-17.5,0,0.5,4740.89,4741.35,,4744.04,BUY,USD,1,1,1583663
D#1702630,XAUUSD,100,7349874591908190504,7349874591887719599,7349874591979252290,7349874591979209450,5218,2026-05-07T14:00:51.000Z,2026-05-07T15:27:49.000Z,40.1,-40.800000000000004,36.6,-3.5,0,0.1,4746.34,4742.55,,,SELL,USD,1,1,1583663
D#1702400,XAUUSD,100,7349874591908190604,7349874591887724579,7349874591979252870,7349874591979251507,115,2026-05-07T15:26:35.000Z,2026-05-07T15:28:30.000Z,-143.8,142.4,-150.8,-7,0,0.2,4744.16,4736.75,,,BUY,USD,1,1,1583663
D#1670870,XAUUSD,100,7349874591908190815,7349874591887724807,7349874591979253753,7349874591979253595,15,2026-05-07T15:29:54.000Z,2026-05-07T15:30:09.000Z,20.9,-21.599999999999998,17.4,-3.5,0,0.1,4739.02,4740.89,,,BUY,USD,1,1,1583663
D#1702390,XAUUSD,100,7349874591908190841,7349874591887724344,7349874591979253859,7349874591979249598,442,2026-05-07T15:22:59.000Z,2026-05-07T15:30:21.000Z,-48.08,47.8,-49.48,-1.4,0,0.04,4753.21,4740.97,,,BUY,USD,1,1,1583663
D#1702365,XAUUSD,100,7349874591908190859,7349874591887724754,7349874591979253949,7349874591979253086,99,2026-05-07T15:28:55.000Z,2026-05-07T15:30:34.000Z,16,-19.5,-1.5,-17.5,0,0.5,4739.92,4740.02,4740.13,4764.04,BUY,USD,1,1,1583663
D#1702492,XAUUSD,100,7349874591908191007,7349874591887724132,7349874591979254697,7349874591979247230,879,2026-05-07T15:17:15.000Z,2026-05-07T15:31:54.000Z,61.74,-62.160000000000004,59.64,-2.1,0,0.06,4754.83,4744.76,4746,4731,SELL,USD,1,1,1583663
D#1702355,XAUUSD,100,7349874591908191016,7349874591887724672,7349874591979252514,7349874591979252121,269,2026-05-07T15:27:30.000Z,2026-05-07T15:31:59.000Z,77.8,-79.2,70.8,-7,0,0.2,4741.67,4745.34,,4745.24,BUY,USD,1,1,1583663
D#1702659,XAUUSD,100,7349874591908191211,7349874591887724600,7349874591979255800,7349874591979251644,455,2026-05-07T15:26:45.000Z,2026-05-07T15:34:20.000Z,50.8,-51.5,47.3,-3.5,0,0.1,4742.06,4746.92,,,BUY,USD,1,1,1583663
D#1702355,XAUUSD,100,7349874591908191219,7349874591887725004,7349874591979255843,7349874591979255122,101,2026-05-07T15:32:45.000Z,2026-05-07T15:34:26.000Z,-23.4,22.7,-26.9,-3.5,0,0.1,4743.15,4745.71,,,SELL,USD,1,1,1583663
D#1702669,XAUUSD,100,7349874591908191430,7349874591887720477,7349874591979257025,7349874591979216548,5022,2026-05-07T14:13:35.000Z,2026-05-07T15:37:17.000Z,-44.75,44.4,-46.51,-1.76,0,0.05,4753.2,4744.03,4733.29,4846.59,BUY,USD,1,1,1583663
D#1702515,XAUUSD,100,7349874591908191462,7349874591887725195,7349874591979257238,7349874591979257160,12,2026-05-07T15:37:38.000Z,2026-05-07T15:37:50.000Z,2.4,-4.5,-8.1,-10.5,0,0.3,4745.28,4745.14,,,BUY,USD,1,1,1583663
D#1589419,XAUUSD,100,7349874591908191589,7349874591887725261,7349874591979258089,7349874591979257895,24,2026-05-07T15:39:29.000Z,2026-05-07T15:39:53.000Z,-18.6,17.200000000000003,-25.6,-7,0,0.2,4742.5,4743.65,,,SELL,USD,1,1,1583663
D#1670945,XAUUSD,100,7349874591908191810,7349874591887725239,7349874591979259361,7349874591979257685,256,2026-05-07T15:39:00.000Z,2026-05-07T15:43:16.000Z,3.6,-4.3,0.1,-3.5,0,0.1,4742.04,4741.9,,,SELL,USD,1,1,1583663
D#1702625,XAUUSD,100,7349874591908191827,7349874591887725116,7349874591979259464,7349874591979256358,477,2026-05-07T15:35:34.000Z,2026-05-07T15:43:31.000Z,95.6,-97.0,88.6,-7,0,0.2,4745.54,4740.98,,4734.15,SELL,USD,1,1,1583663
D#1589419,XAUUSD,100,7349874591908191872,7349874591887725410,7349874591979259690,7349874591979259442,42,2026-05-07T15:43:27.000Z,2026-05-07T15:44:09.000Z,-34.4,31.599999999999998,-48.4,-14,0,0.4,4740.85,4739.77,,,BUY,USD,1,1,1583663
D#1589419,XAUUSD,100,7349874591908191973,7349874591887725437,7349874591979260224,7349874591979259708,77,2026-05-07T15:44:12.000Z,2026-05-07T15:45:29.000Z,73.6,-76.39999999999999,59.6,-14,0,0.4,4740.25,4738.63,,,SELL,USD,1,1,1583663
D#1589419,XAUUSD,100,7349874591908192129,7349874591887725507,7349874591979260953,7349874591979260353,83,2026-05-07T15:45:47.000Z,2026-05-07T15:47:10.000Z,-49.6,46.800000000000004,-63.6,-14,0,0.4,4738.91,4737.45,,,BUY,USD,1,1,1583663
D#1702431,XAUUSD,100,7349874591908192131,7349874591887720115,7349874591979260959,7349874591979213446,5967,2026-05-07T14:07:44.000Z,2026-05-07T15:47:11.000Z,-66.85,66.36,-69.31,-2.46,0,0.07,4746.91,4737.14,,,BUY,USD,1,1,1583663
D#1702355,XAUUSD,100,7349874591908192137,7349874591887725082,7349874591979261001,7349874591979256020,747,2026-05-07T15:34:50.000Z,2026-05-07T15:47:17.000Z,-189,187.25,-197.76,-8.76,0,0.25,4745.24,4737.46,4725,4750,BUY,USD,1,1,1583663
D#1702365,XAUUSD,100,7349874591908192217,7349874591887724915,7349874591979261315,7349874591979254421,1006,2026-05-07T15:31:24.000Z,2026-05-07T15:48:10.000Z,-371.5,368.0,-389.0,-17.5,0,0.5,4744.29,4736.64,,,BUY,USD,1,1,1583663
D#1591594,XAUUSD,100,7349874591908192338,7349874591887725404,7349874591979261908,7349874591979259381,373,2026-05-07T15:43:19.000Z,2026-05-07T15:49:32.000Z,-62.4,61.699999999999996,-65.9,-3.5,0,0.1,4741.1,4734.64,,,BUY,USD,1,1,1583663
D#1702714,XAUUSD,100,7349874591908192421,7349874591887725297,7349874591979259129,7349874591979258018,596,2026-05-07T15:40:14.000Z,2026-05-07T15:50:10.000Z,-59.78,59.29,-62.24,-2.46,0,0.07,4742.32,4733.56,4734.16,,BUY,USD,1,1,1583663
D#1702400,XAUUSD,100,7349874591908192479,7349874591887724744,7349874591979262473,7349874591979252980,1319,2026-05-07T15:28:41.000Z,2026-05-07T15:50:40.000Z,-96,94.6,-103.0,-7,0,0.2,4738.58,4733.56,,4775,BUY,USD,1,1,1583663
D#1702673,XAUUSD,100,7349874591908192569,7349874591887725431,7349874591979259607,7349874591979258432,479,2026-05-07T15:43:54.000Z,2026-05-07T15:51:53.000Z,-48.72,48.16,-51.52,-2.8,0,0.08,4739.75,4733.44,4733.51,,BUY,USD,1,1,1583663
D#1670924,XAUUSD,100,7349874591908192591,7349874591887725440,7349874591979259742,7349874591979259740,467,2026-05-07T15:44:17.000Z,2026-05-07T15:52:04.000Z,-45.96,45.54,-48.06,-2.1,0,0.06,4739.96,4732.08,4732.52,4757.97,BUY,USD,1,1,1583663
D#1702527,XAUUSD,100,7349874591908192627,7349874591887725443,7349874591979263063,7349874591979259776,468,2026-05-07T15:44:23.000Z,2026-05-07T15:52:11.000Z,-70.6,69.89999999999999,-74.1,-3.5,0,0.1,4740.35,4733.07,,,BUY,USD,1,1,1583663
D#1671060,XAUUSD,100,7349874591908192716,7349874591887725012,7349874591979255224,7349874591979255222,1178,2026-05-07T15:33:00.000Z,2026-05-07T15:52:38.000Z,-143.9,143.20000000000002,-147.4,-3.5,0,0.1,4744.25,4729.64,4730,4760,BUY,USD,1,1,1583663
D#1670956,XAUUSD,100,7349874591908192717,7349874591887725315,7349874591979258862,7349874591979258438,710,2026-05-07T15:40:48.000Z,2026-05-07T15:52:38.000Z,119.1,-119.8,115.6,-3.5,0,0.1,4741.53,4729.84,4746.36,4729.83,SELL,USD,1,1,1583663
D#1702337,XAUUSD,100,7349874591908192747,7349874591887725569,7349874591979263368,7349874591979261115,310,2026-05-07T15:47:39.000Z,2026-05-07T15:52:49.000Z,-74.8,74.1,-78.3,-3.5,0,0.1,4737.45,4729.75,,,BUY,USD,1,1,1583663
D#1670945,XAUUSD,100,7349874591908192815,7349874591887725411,7349874591979263686,7349874591979259455,601,2026-05-07T15:43:30.000Z,2026-05-07T15:53:31.000Z,300.2,-303.7,282.7,-17.5,0,0.5,4740.84,4730.63,4735.79,,SELL,USD,1,1,1583663
D#1702619,XAUUSD,100,7349874591908192927,7349874591887717262,7349874591979264324,7349874591979194270,8225,2026-05-07T13:37:51.000Z,2026-05-07T15:54:56.000Z,-102.85,102.5,-104.61,-1.76,0,0.05,4753.26,4732.47,,,BUY,USD,1,1,1583663
D#1702615,XAUUSD,100,7349874591908193323,7349874591887725581,7349874591979261229,7349874591979253106,622,2026-05-07T15:47:59.000Z,2026-05-07T15:58:21.000Z,-42.85,42.5,-44.61,-1.76,0,0.05,4735.45,4726.66,4726.59,4755.18,BUY,USD,1,1,1583663
D#1702355,XAUUSD,100,7349874591908193358,7349874591887725585,7349874591979265894,7349874591979261281,627,2026-05-07T15:48:06.000Z,2026-05-07T15:58:33.000Z,311.15,-313.59999999999997,298.89,-12.26,0,0.35,4736.65,4727.98,,4725,SELL,USD,1,1,1583663
D#1670973,XAUUSD,100,7349874591908193369,7349874591887713902,7349874591979265951,7349874591979166603,12461,2026-05-07T12:31:00.000Z,2026-05-07T15:58:41.000Z,-194.04,193.2,-198.24,-4.2,0,0.12,4744.59,4728.2,,4779.22,BUY,USD,1,1,1583663
D#1702545,XAUUSD,100,7349874591908193412,7349874591887726070,7349874591979266007,7349874591979265999,9,2026-05-07T15:58:48.000Z,2026-05-07T15:58:57.000Z,28.5,-32.0,11.0,-17.5,0,0.5,4728.47,4728.12,4734.15,4728.15,SELL,USD,1,1,1583663
D#1702714,XAUUSD,100,7349874591908193487,7349874591887725736,7349874591979266367,7349874591979262863,473,2026-05-07T15:51:42.000Z,2026-05-07T15:59:35.000Z,-57.68,57.19,-60.14,-2.46,0,0.07,4737.12,4728.66,4728.76,,BUY,USD,1,1,1583663
D#1702673,XAUUSD,100,7349874591908193762,7349874591887725881,7349874591979264250,7349874591979263957,347,2026-05-07T15:54:46.000Z,2026-05-07T16:00:33.000Z,-49.6,49.04,-52.4,-2.8,0,0.08,4732.18,4725.76,4725.95,,BUY,USD,1,1,1583663
D#1702714,XAUUSD,100,7349874591908194139,7349874591887726138,7349874591979268330,7349874591979266539,202,2026-05-07T15:59:51.000Z,2026-05-07T16:03:13.000Z,-0.7,0.2099999999999999,-3.16,-2.46,0,0.07,4728.92,4729.24,4728.92,,SELL,USD,1,1,1583663
D#1702714,XAUUSD,100,7349874591908194240,7349874591887726409,7349874591979268870,7349874591979268539,36,2026-05-07T16:03:32.000Z,2026-05-07T16:04:08.000Z,11.27,-11.76,8.81,-2.46,0,0.07,4728.8,4727.41,,,SELL,USD,1,1,1583663
D#1702388,XAUUSD,100,7349874591908194280,7349874591887725711,7349874591979262571,7349874591979262570,810,2026-05-07T15:50:55.000Z,2026-05-07T16:04:25.000Z,-100.32,99.75999999999999,-103.12,-2.8,0,0.08,4735.46,4722.7,4723.15,4748.67,BUY,USD,1,1,1583663
D#1702529,XAUUSD,100,7349874591908194763,7349874591887723890,7349874591979245190,7349874591979244736,3355,2026-05-07T15:11:09.000Z,2026-05-07T16:07:04.000Z,-405.8,405.1,-409.3,-3.5,0,0.1,4761.03,4720.23,4721.02,4775.58,BUY,USD,1,1,1583663
D#1702467,XAUUSD,100,7349874591908194715,7349874591887725499,7349874591979260719,7349874591979260292,1285,2026-05-07T15:45:39.000Z,2026-05-07T16:07:04.000Z,171.1,-171.79999999999998,167.6,-3.5,0,0.1,4738.54,4721.65,4747.1,4721.75,SELL,USD,1,1,1583663
D#1702619,XAUUSD,100,7349874591908194837,7349874591887725913,7349874591979270549,7349874591979264535,718,2026-05-07T15:55:24.000Z,2026-05-07T16:07:22.000Z,-32.85,32.5,-34.61,-1.76,0,0.05,4728.85,4722.06,,,BUY,USD,1,1,1583663
D#1702625,XAUUSD,100,7349874591908194882,7349874591887726022,7349874591979267747,7349874591979265541,593,2026-05-07T15:57:46.000Z,2026-05-07T16:07:39.000Z,-224.6,223.2,-231.6,-7,0,0.2,4731.05,4719.6,4720.11,4742.83,BUY,USD,1,1,1583663
D#1702527,XAUUSD,100,7349874591908194898,7349874591887726108,7349874591979266341,7349874591979266340,490,2026-05-07T15:59:30.000Z,2026-05-07T16:07:40.000Z,-90.2,89.5,-93.7,-3.5,0,0.1,4728.68,4719.44,4719.63,4752.26,BUY,USD,1,1,1583663
D#1670924,XAUUSD,100,7349874591908194900,7349874591887726382,7349874591979268342,7349874591979268341,269,2026-05-07T16:03:11.000Z,2026-05-07T16:07:40.000Z,-45.1,44.75,-46.86,-1.76,0,0.05,4728.68,4719.44,4719.72,,BUY,USD,1,1,1583663
D#1702337,XAUUSD,100,7349874591908194947,7349874591887725791,7349874591979270820,7349874591979263400,898,2026-05-07T15:52:54.000Z,2026-05-07T16:07:52.000Z,-133.9,132.99,-138.46,-4.56,0,0.13,4730.48,4719.96,,,BUY,USD,1,1,1583663
D#1702668,XAUUSD,100,7349874591908195143,7349874591887705586,7349874591979271591,7349874591979068008,33276,2026-05-07T06:54:46.000Z,2026-05-07T16:09:22.000Z,37.24,-37.38,36.54,-0.7,0,0.02,4736.54,4718.14,,4692.22,SELL,USD,1,1,1583663
D#1702388,XAUUSD,100,7349874591908195350,7349874591887726632,7349874591979270156,7349874591979270154,252,2026-05-07T16:06:42.000Z,2026-05-07T16:10:54.000Z,-80,79.44,-82.8,-2.8,0,0.08,4724.14,4713.92,4714.45,4736.9,BUY,USD,1,1,1583663
D#1702376,XAUUSD,100,7349874591908195546,7349874591887726928,7349874591979272762,7349874591979272392,88,2026-05-07T16:10:55.000Z,2026-05-07T16:12:23.000Z,-0.5,-3.0,-18.0,-17.5,0,0.5,4714.09,4713.86,4714.08,,BUY,USD,1,1,1583663
D#1702668,XAUUSD,100,7349874591908195552,7349874591887726990,7349874591979273140,7349874591979272911,27,2026-05-07T16:11:56.000Z,2026-05-07T16:12:23.000Z,10.64,-10.92,9.24,-1.4,0,0.04,4716.15,4713.71,,,SELL,USD,1,1,1583663
D#1702668,XAUUSD,100,7349874591908195671,7349874591887727039,7349874591979273466,7349874591979273257,22,2026-05-07T16:12:39.000Z,2026-05-07T16:13:01.000Z,13.7,-14.399999999999999,10.2,-3.5,0,0.1,4715.67,4714.52,,,SELL,USD,1,1,1583663
D#1670941,XAUUSD,100,7349874591908195887,7349874591887727128,7349874591979274370,7349874591979274275,10,2026-05-07T16:14:57.000Z,2026-05-07T16:15:07.000Z,81,-84.5,63.5,-17.5,0,0.5,4714.96,4713.56,,,SELL,USD,1,1,1583663
D#1670914,XAUUSD,100,7349874591908196076,7349874591887707527,7349874591979274726,7349874591979091015,29520,2026-05-07T08:03:41.000Z,2026-05-07T16:15:41.000Z,-343.35,342.72,-346.51,-3.16,0,0.09,4750.16,4711.79,,,BUY,USD,1,1,1583663
D#1702625,XAUUSD,100,7349874591908196092,7349874591887726731,7349874591979271583,7349874591979270787,476,2026-05-07T16:07:48.000Z,2026-05-07T16:15:44.000Z,-93.4,92.7,-96.9,-3.5,0,0.1,4720.82,4711.26,4711.46,4744.88,BUY,USD,1,1,1583663
D#1670941,XAUUSD,100,7349874591908196188,7349874591887727229,7349874591979275049,7349874591979274874,17,2026-05-07T16:15:56.000Z,2026-05-07T16:16:13.000Z,53.5,-57.0,36.0,-17.5,0,0.5,4713,4712.15,,,SELL,USD,1,1,1583663
D#1702729,XAUUSD,100,7349874591908196214,7349874591887726765,7349874591979275346,7349874591979270974,499,2026-05-07T16:08:07.000Z,2026-05-07T16:16:26.000Z,-15.41,15.27,-16.12,-0.71,0,0.02,4720.14,4712.14,4710.11,4729.48,BUY,USD,1,1,1583663
D#1702376,XAUUSD,100,7349874591908196465,7349874591887727037,7349874591979276266,7349874591979273244,341,2026-05-07T16:12:37.000Z,2026-05-07T16:18:18.000Z,-286,282.5,-303.5,-17.5,0,0.5,4715,4709.06,,4723.92,BUY,USD,1,1,1583663
D#1702370,XAUUSD,100,7349874591908196531,7349874591887727184,7349874591979276490,7349874591979274619,189,2026-05-07T16:15:31.000Z,2026-05-07T16:18:40.000Z,-129.6,126.8,-143.6,-14,0,0.4,4711.95,4708.49,4700.28,4764.87,BUY,USD,1,1,1583663
D#1702388,XAUUSD,100,7349874591908196560,7349874591887727078,7349874591979276598,7349874591979273688,316,2026-05-07T16:13:36.000Z,2026-05-07T16:18:52.000Z,-68.72,68.16,-71.52,-2.8,0,0.08,4716.24,4707.43,4705.03,4730.63,BUY,USD,1,1,1583663
D#1702544,XAUUSD,100,7349874591908196630,7349874591887707110,7349874591979086482,7349874591979086029,30704,2026-05-07T07:47:26.000Z,2026-05-07T16:19:10.000Z,110.49,-110.69999999999999,109.43,-1.06,0,0.03,4741.23,4704.62,,4705.3,SELL,USD,1,1,1583663
D#1702374,XAUUSD,100,7349874591908197010,7349874591887727421,7349874591979278712,7349874591979276597,269,2026-05-07T16:18:52.000Z,2026-05-07T16:23:21.000Z,-215.1,213.0,-225.6,-10.5,0,0.3,4707.43,4714.82,,,SELL,USD,1,1,1583663
D#1702572,XAUUSD,100,7349874591908197494,7349874591887727769,7349874591979280236,7349874591979279577,139,2026-05-07T16:25:05.000Z,2026-05-07T16:27:24.000Z,38.9,-39.6,35.4,-3.5,0,0.1,4718.24,4721.91,,4722,BUY,USD,1,1,1583663
D#1670945,XAUUSD,100,7349874591908197648,7349874591887727832,7349874591979280356,7349874591979280036,205,2026-05-07T16:25:57.000Z,2026-05-07T16:29:22.000Z,19.3,-22.1,5.3,-14,0,0.4,4720.2,4720.15,4720.44,,BUY,USD,1,1,1583663
D#1702388,XAUUSD,100,7349874591908197670,7349874591887727543,7349874591979281706,7349874591979277415,553,2026-05-07T16:20:26.000Z,2026-05-07T16:29:39.000Z,82.72,-83.28,79.92,-2.8,0,0.08,4710.31,4720.43,4713.56,4724.82,BUY,USD,1,1,1583663
D#1702572,XAUUSD,100,7349874591908197743,7349874591887727976,7349874591979281766,7349874591979281470,88,2026-05-07T16:29:05.000Z,2026-05-07T16:30:33.000Z,23.8,-24.5,20.3,-3.5,0,0.1,4721.17,4719.01,,4719,SELL,USD,1,1,1583663
D#1702625,XAUUSD,100,7349874591908197793,7349874591887727848,7349874591979280721,7349874591979280190,280,2026-05-07T16:26:13.000Z,2026-05-07T16:30:53.000Z,-36.3,35.599999999999994,-39.8,-3.5,0,0.1,4720.14,4716.29,4716.47,4728.61,BUY,USD,1,1,1583663
D#1702572,XAUUSD,100,7349874591908197836,7349874591887728065,7349874591979282491,7349874591979282305,26,2026-05-07T16:30:54.000Z,2026-05-07T16:31:20.000Z,7.6,-8.299999999999999,4.1,-3.5,0,0.1,4716.12,4715.58,,,SELL,USD,1,1,1583663
D#1702572,XAUUSD,100,7349874591908197999,7349874591887728113,7349874591979283060,7349874591979282692,91,2026-05-07T16:31:45.000Z,2026-05-07T16:33:16.000Z,30.8,-31.5,27.3,-3.5,0,0.1,4717.15,4720.01,,4720,BUY,USD,1,1,1583663
D#1702729,XAUUSD,100,7349874591908198015,7349874591887728009,7349874591979283421,7349874591979281819,212,2026-05-07T16:29:56.000Z,2026-05-07T16:33:28.000Z,3.18,-3.3200000000000003,2.48,-0.7,0,0.02,4720.24,4718.87,4725.29,4711.17,SELL,USD,1,1,1583663
D#1702572,XAUUSD,100,7349874591908198028,7349874591887728176,7349874591979283525,7349874591979283409,17,2026-05-07T16:33:26.000Z,2026-05-07T16:33:43.000Z,14.7,-15.399999999999999,11.2,-3.5,0,0.1,4719,4717.75,,,SELL,USD,1,1,1583663
D#1671066,XAUUSD,100,7349874591908198397,7349874591887728088,7349874591979285650,7349874591979282527,479,2026-05-07T16:31:25.000Z,2026-05-07T16:39:24.000Z,88.2,-90.3,77.7,-10.5,0,0.3,4715.65,4712.93,4719.07,4705.69,SELL,USD,1,1,1583663
D#1702729,XAUUSD,100,7349874591908198671,7349874591887728183,7349874591979287162,7349874591979283488,582,2026-05-07T16:33:36.000Z,2026-05-07T16:43:18.000Z,22.4,-22.68,20.99,-1.41,0,0.04,4718.29,4713.42,4716.99,4703.95,SELL,USD,1,1,1583663
D#1702615,XAUUSD,100,7349874591908198783,7349874591887728241,7349874591979284303,7349874591979284176,542,2026-05-07T16:35:29.000Z,2026-05-07T16:44:31.000Z,-38.5,38.15,-40.26,-1.76,0,0.05,4718.72,4710.8,4710.92,4745.16,BUY,USD,1,1,1583663
D#1670945,XAUUSD,100,7349874591908198817,7349874591887728521,7349874591979287709,7349874591979287076,132,2026-05-07T16:43:01.000Z,2026-05-07T16:45:13.000Z,26.8,-29.6,12.8,-14,0,0.4,4712.34,4712.19,4711.98,,SELL,USD,1,1,1583663
D#1702583,XAUUSD,100,7349874591908198862,7349874591887728572,7349874591979288185,7349874591979287605,97,2026-05-07T16:44:24.000Z,2026-05-07T16:46:01.000Z,-102.51,98.94,-120.37,-17.86,0,0.51,4711.75,4713.98,4717.17,,SELL,USD,1,1,1583663
D#1671066,XAUUSD,100,7349874591908198872,7349874591887728508,7349874591979288226,7349874591979286943,207,2026-05-07T16:42:39.000Z,2026-05-07T16:46:06.000Z,-75.6,73.5,-86.1,-10.5,0,0.3,4712.03,4714.77,,,SELL,USD,1,1,1583663
D#1702673,XAUUSD,100,7349874591908199907,7349874591887726350,7349874591979293568,7349874591979267469,3469,2026-05-07T16:02:44.000Z,2026-05-07T17:00:33.000Z,102,-102.56,99.2,-2.8,0,0.08,4728.37,4715.84,4734.52,4715.73,SELL,USD,1,1,1583663
D#1702690,XAUUSD,100,7349874591908200003,7349874591887729099,7349874591979294187,7349874591979293516,117,2026-05-07T17:00:20.000Z,2026-05-07T17:02:17.000Z,66.4,-67.80000000000001,59.4,-7,0,0.2,4715.96,4712.86,,4711.4,SELL,USD,1,1,1583663
D#1702572,XAUUSD,100,7349874591908200139,7349874591887728285,7349874591979294912,7349874591979284619,1644,2026-05-07T16:36:45.000Z,2026-05-07T17:04:09.000Z,2.7,-3.4000000000000004,-0.8,-3.5,0,0.1,4717.25,4717.3,,4720,BUY,USD,1,1,1583663
D#1671066,XAUUSD,100,7349874591908200228,7349874591887728636,7349874591979295448,7349874591979288318,1162,2026-05-07T16:46:19.000Z,2026-05-07T17:05:41.000Z,40.5,-42.6,30.0,-10.5,0,0.3,4714.32,4715.45,,,BUY,USD,1,1,1583663
D#1589424,XAUUSD,100,7349874591908200233,7349874591887728702,7349874591979294775,7349874591979286657,1037,2026-05-07T16:48:24.000Z,2026-05-07T17:05:41.000Z,5.4,-6.1000000000000005,1.9,-3.5,0,0.1,4715.36,4715.04,4720.29,4715.4,SELL,USD,1,1,1583663
D#1702572,XAUUSD,100,7349874591908200232,7349874591887729238,7349874591979295412,7349874591979295018,73,2026-05-07T17:04:28.000Z,2026-05-07T17:05:41.000Z,28.1,-28.8,24.6,-3.5,0,0.1,4717.63,4715.04,,4715,SELL,USD,1,1,1583663
D#1702706,XAUUSD,100,7349874591908200251,7349874591887699433,7349874591979295580,7349874591978997794,54366,2026-05-07T01:59:59.000Z,2026-05-07T17:06:05.000Z,2.25,-2.46,1.19,-1.06,0,0.03,4714.92,4715.45,4682.07,,BUY,USD,1,1,1583663
D#1702669,XAUUSD,100,7349874591908200309,7349874591887725192,7349874591979295897,7349874591979257154,5360,2026-05-07T15:37:37.000Z,2026-05-07T17:06:57.000Z,140.05,-140.4,138.29,-1.76,0,0.05,4745.23,4717.44,4763.83,4644.02,SELL,USD,1,1,1583663
D#1670945,XAUUSD,100,7349874591908200336,7349874591887728608,7349874591979292589,7349874591979288047,1291,2026-05-07T16:45:35.000Z,2026-05-07T17:07:06.000Z,-294.8,292.0,-308.8,-14,0,0.4,4710.93,4718.52,4718.33,4706.93,SELL,USD,1,1,1583663
D#1671066,XAUUSD,100,7349874591908200407,7349874591887729283,7349874591979296202,7349874591979295506,111,2026-05-07T17:05:52.000Z,2026-05-07T17:07:43.000Z,-69.9,67.80000000000001,-80.4,-10.5,0,0.3,4715.58,4718.13,,,SELL,USD,1,1,1583663
D#1702714,XAUUSD,100,7349874591908200522,7349874591887726474,7349874591979296742,7349874591979269024,3888,2026-05-07T16:04:27.000Z,2026-05-07T17:09:15.000Z,33.11,-33.6,30.65,-2.46,0,0.07,4723.98,4719.47,,,SELL,USD,1,1,1583663
D#1702572,XAUUSD,100,7349874591908200681,7349874591887729414,7349874591979297099,7349874591979296877,116,2026-05-07T17:09:36.000Z,2026-05-07T17:11:32.000Z,38.7,-39.400000000000006,35.2,-3.5,0,0.1,4718.73,4715.08,,4715,SELL,USD,1,1,1583663
D#1702690,XAUUSD,100,7349874591908200771,7349874591887729176,7349874591979294560,7349874591979294419,598,2026-05-07T17:02:51.000Z,2026-05-07T17:12:49.000Z,70.2,-71.60000000000001,63.2,-7,0,0.2,4715.56,4712.27,,4712.3,SELL,USD,1,1,1583663
D#1589424,XAUUSD,100,7349874591908200770,7349874591887729420,7349874591979296920,7349874591979296432,186,2026-05-07T17:09:43.000Z,2026-05-07T17:12:49.000Z,-45.4,44.699999999999996,-48.9,-3.5,0,0.1,4717.09,4712.33,4712.53,4760.67,BUY,USD,1,1,1583663
D#1671066,XAUUSD,100,7349874591908201106,7349874591887729369,7349874591979296949,7349874591979296349,652,2026-05-07T17:08:03.000Z,2026-05-07T17:18:55.000Z,-282.8,280.0,-296.8,-14,0,0.4,4718.08,4710.79,4710.98,4724.1,BUY,USD,1,1,1583663
D#1671064,XAUUSD,100,7349874591908201115,7349874591887728099,7349874591979286941,7349874591979282612,2841,2026-05-07T16:31:35.000Z,2026-05-07T17:18:56.000Z,-125.4,124.0,-132.4,-7,0,0.2,4716.3,4709.81,4710.19,4721.36,BUY,USD,1,1,1583663
D#1702388,XAUUSD,100,7349874591908201123,7349874591887728212,7349874591979283764,7349874591979283762,2678,2026-05-07T16:34:18.000Z,2026-05-07T17:18:56.000Z,-78.64,78.08,-81.44,-2.8,0,0.08,4719.86,4709.81,4710.4,4735.04,BUY,USD,1,1,1583663
D#1702527,XAUUSD,100,7349874591908201171,7349874591887728659,7349874591979288662,7349874591979288661,1905,2026-05-07T16:47:15.000Z,2026-05-07T17:19:00.000Z,-52.1,51.4,-55.6,-3.5,0,0.1,4713.48,4708.05,4708.28,4736.19,BUY,USD,1,1,1583663
D#1589424,XAUUSD,100,7349874591908201173,7349874591887729653,7349874591979299945,7349874591979299138,43,2026-05-07T17:18:17.000Z,2026-05-07T17:19:00.000Z,-46.2,45.5,-49.7,-3.5,0,0.1,4712.92,4708.08,4708.52,4761.69,BUY,USD,1,1,1583663
D#1702383,XAUUSD,100,7349874591908201197,7349874591887728117,7349874591979282844,7349874591979282731,2839,2026-05-07T16:31:51.000Z,2026-05-07T17:19:10.000Z,-31.92,31.64,-33.32,-1.4,0,0.04,4716.15,4707.95,4708.12,4753.96,BUY,USD,1,1,1583663
D#1702714,XAUUSD,100,7349874591908201199,7349874591887729407,7349874591979300363,7349874591979296801,586,2026-05-07T17:09:25.000Z,2026-05-07T17:19:11.000Z,-82.11,81.62,-84.57,-2.46,0,0.07,4719.58,4707.63,,,BUY,USD,1,1,1583663
D#1702673,XAUUSD,100,7349874591908201216,7349874591887729137,7349874591979294088,7349874591979293993,1030,2026-05-07T17:02:04.000Z,2026-05-07T17:19:14.000Z,-46.8,46.239999999999995,-49.6,-2.8,0,0.08,4713.7,4707.63,4707.6,4777.32,BUY,USD,1,1,1583663
D#1702572,XAUUSD,100,7349874591908201250,7349874591887729478,7349874591979300491,7349874591979297695,453,2026-05-07T17:11:51.000Z,2026-05-07T17:19:24.000Z,-76,75.3,-79.5,-3.5,0,0.1,4714.59,4706.77,,4718,BUY,USD,1,1,1583663
D#1702615,XAUUSD,100,7349874591908201304,7349874591887728677,7349874591979288975,7349874591979288813,1947,2026-05-07T16:47:37.000Z,2026-05-07T17:20:04.000Z,-38.35,38.0,-40.11,-1.76,0,0.05,4713.76,4705.87,4705.86,4762.23,BUY,USD,1,1,1583663
D#1702572,XAUUSD,100,7349874591908201314,7349874591887729724,7349874591979300825,7349874591979300602,37,2026-05-07T17:19:38.000Z,2026-05-07T17:20:15.000Z,7.1,-7.8,3.6,-3.5,0,0.1,4706.4,4705.91,,,SELL,USD,1,1,1583663
D#1702492,XAUUSD,100,7349874591908201390,7349874591887726114,7349874591979301295,7349874591979266387,4912,2026-05-07T15:59:37.000Z,2026-05-07T17:21:29.000Z,117.06,-117.48,114.96,-2.1,0,0.06,4728.42,4709.13,4723.81,4701.29,SELL,USD,1,1,1583663
D#1702690,XAUUSD,100,7349874591908201478,7349874591887729713,7349874591979300916,7349874591979300502,214,2026-05-07T17:19:26.000Z,2026-05-07T17:23:00.000Z,83.6,-85.0,76.6,-7,0,0.2,4706.92,4710.88,,4710.02,BUY,USD,1,1,1583663
D#1702572,XAUUSD,100,7349874591908201497,7349874591887729753,7349874591979301581,7349874591979300959,155,2026-05-07T17:20:30.000Z,2026-05-07T17:23:05.000Z,64.1,-64.8,60.6,-3.5,0,0.1,4706.03,4712.22,,4712,BUY,USD,1,1,1583663
D#1671064,XAUUSD,100,7349874591908201519,7349874591887729798,7349874591979301990,7349874591979301489,78,2026-05-07T17:22:02.000Z,2026-05-07T17:23:20.000Z,-98.4,97.0,-105.4,-7,0,0.2,4708.29,4713.43,,,SELL,USD,1,1,1583663
D#1702690,XAUUSD,100,7349874591908201665,7349874591887729870,7349874591979302797,7349874591979302296,77,2026-05-07T17:24:06.000Z,2026-05-07T17:25:23.000Z,-23,21.6,-30.0,-7,0,0.2,4715.24,4716.61,,4712.05,SELL,USD,1,1,1583663
D#1702572,XAUUSD,100,7349874591908201723,7349874591887729841,7349874591979302515,7349874591979302034,137,2026-05-07T17:23:27.000Z,2026-05-07T17:25:44.000Z,19.2,-19.9,15.7,-3.5,0,0.1,4713.31,4711.61,,4712,SELL,USD,1,1,1583663
D#1670962,XAUUSD,100,7349874591908201876,7349874591887726914,7349874591979272289,7349874591979208098,4507,2026-05-07T16:10:47.000Z,2026-05-07T17:25:54.000Z,-106.96,106.39999999999999,-109.76,-2.8,0,0.08,4715.78,4702.19,4703.75,4798.06,BUY,USD,1,1,1583663
D#1702672,XAUUSD,100,7349874591908201872,7349874591887727061,7349874591979273683,7349874591979273456,4374,2026-05-07T16:13:00.000Z,2026-05-07T17:25:54.000Z,-60.55,60.199999999999996,-62.31,-1.76,0,0.05,4714.52,4702.19,4703.67,4754.83,BUY,USD,1,1,1583663
D#1589407,XAUUSD,100,7349874591908201831,7349874591887729705,7349874591979300463,7349874591979287050,393,2026-05-07T17:19:21.000Z,2026-05-07T17:25:54.000Z,-51.6,50.550000000000004,-56.86,-5.26,0,0.15,4707.15,4703.49,4704.26,4736.53,BUY,USD,1,1,1583663
D#1702690,XAUUSD,100,7349874591908202024,7349874591887729926,7349874591979303275,7349874591979302901,33,2026-05-07T17:25:37.000Z,2026-05-07T17:26:10.000Z,-258.8,257.40000000000003,-265.8,-7,0,0.2,4717.17,4704.01,,,BUY,USD,1,1,1583663
D#1702572,XAUUSD,100,7349874591908202046,7349874591887729955,7349874591979303367,7349874591979303093,26,2026-05-07T17:25:55.000Z,2026-05-07T17:26:21.000Z,21.2,-21.9,17.7,-3.5,0,0.1,4702.72,4704.62,,,BUY,USD,1,1,1583663
D#1702665,XAUUSD,100,7349874591908202218,7349874591887729082,7349874591979293694,7349874591979293295,1636,2026-05-07T16:59:38.000Z,2026-05-07T17:26:54.000Z,-52.47,52.26,-53.53,-1.06,0,0.03,4715.45,4697.74,4697.86,4763.28,BUY,USD,1,1,1583663
D#1670958,XAUUSD,100,7349874591908202271,7349874591887703194,7349874591979042354,7349874591979042224,43655,2026-05-07T05:19:23.000Z,2026-05-07T17:26:58.000Z,1.3,-1.6500000000000001,-0.46,-1.76,0,0.05,4696.96,4697,4697.05,,BUY,USD,1,1,1583663
D#1702572,XAUUSD,100,7349874591908202361,7349874591887730025,7349874591979303891,7349874591979303548,23,2026-05-07T17:26:42.000Z,2026-05-07T17:27:05.000Z,-78.4,77.7,-81.9,-3.5,0,0.1,4701.73,4693.67,,,BUY,USD,1,1,1583663
D#1702575,XAUUSD,100,7349874591908202422,7349874591887714504,7349874591979303980,7349874591979172304,16765,2026-05-07T12:47:45.000Z,2026-05-07T17:27:10.000Z,-305.45,305.09999999999997,-307.21,-1.76,0,0.05,4749.85,4688.54,,4765,BUY,USD,1,1,1583663
D#1702388,XAUUSD,100,7349874591908202497,7349874591887730007,7349874591979304048,7349874591979303423,55,2026-05-07T17:26:30.000Z,2026-05-07T17:27:25.000Z,117.92,-118.48,115.12,-2.8,0,0.08,4704.25,4689.73,4712.87,4689.61,SELL,USD,1,1,1583663
D#1589407,XAUUSD,100,7349874591908202651,7349874591887730136,7349874591979304608,7349874591979304058,76,2026-05-07T17:27:16.000Z,2026-05-07T17:28:32.000Z,-31.95,30.9,-37.21,-5.26,0,0.15,4692.5,4694.85,4694.71,4674.74,SELL,USD,1,1,1583663
D#1589407,XAUUSD,100,7349874591908203026,7349874591887730284,7349874591979305290,7349874591979305182,192,2026-05-07T17:29:23.000Z,2026-05-07T17:32:35.000Z,80.6,-82.0,73.6,-7,0,0.2,4703.8,4699.99,4700.26,4684.07,SELL,USD,1,1,1583663
D#1702492,XAUUSD,100,7349874591908203118,7349874591887730151,7349874591979306963,7349874591979304148,365,2026-05-07T17:27:25.000Z,2026-05-07T17:33:30.000Z,37.62,-38.04,35.52,-2.1,0,0.06,4689.67,4695.72,4677.31,,BUY,USD,1,1,1583663
D#1702409,XAUUSD,100,7349874591908203511,7349874591887730583,7349874591979308856,7349874591979308333,75,2026-05-07T17:36:49.000Z,2026-05-07T17:38:04.000Z,-177.6,174.79999999999998,-191.6,-14,0,0.4,4697.54,4702.2,,,SELL,USD,1,1,1583663
D#1702669,XAUUSD,100,7349874591908203651,7349874591887730075,7349874591979309661,7349874591979303777,781,2026-05-07T17:26:57.000Z,2026-05-07T17:39:58.000Z,-27.2,26.849999999999998,-28.96,-1.76,0,0.05,4697.82,4703.48,4713.1,4633.45,SELL,USD,1,1,1583663
D#1702744,XAUUSD,100,7349874591908203673,7349874591887730528,7349874591979307845,7349874591979307711,291,2026-05-07T17:35:20.000Z,2026-05-07T17:40:11.000Z,-69.4,68.7,-72.9,-3.5,0,0.1,4697.86,4705.02,4704.72,4690.27,SELL,USD,1,1,1583663
D#1589407,XAUUSD,100,7349874591908203670,7349874591887730656,7349874591979309329,7349874591979309067,101,2026-05-07T17:38:30.000Z,2026-05-07T17:40:11.000Z,-45.6,44.2,-52.6,-7,0,0.2,4702.52,4705.02,4704.79,4681.38,SELL,USD,1,1,1583663
D#1702724,XAUUSD,100,7349874591908203945,7349874591887730116,7349874591979311630,7349874591979281933,1091,2026-05-07T17:27:09.000Z,2026-05-07T17:45:20.000Z,24.93,-25.14,23.87,-1.06,0,0.03,4691.48,4699.57,4683.57,,BUY,USD,1,1,1583663
D#1702729,XAUUSD,100,7349874591908203951,7349874591887730612,7349874591979311653,7349874591979308682,461,2026-05-07T17:37:41.000Z,2026-05-07T17:45:22.000Z,14.9,-15.18,13.49,-1.41,0,0.04,4698.56,4699.53,4686.48,4713.35,BUY,USD,1,1,1583663
D#1702582,XAUUSD,100,7349874591908203989,7349874591887730726,7349874591979312011,7349874591979309863,366,2026-05-07T17:40:26.000Z,2026-05-07T17:46:32.000Z,-28.95,28.599999999999998,-30.71,-1.76,0,0.05,4705.3,4699.29,,,BUY,USD,1,1,1583663
D#1702729,XAUUSD,100,7349874591908204058,7349874591887730874,7349874591979312462,7349874591979311718,128,2026-05-07T17:45:35.000Z,2026-05-07T17:47:43.000Z,-5.83,5.55,-7.24,-1.41,0,0.04,4699.63,4703.21,4705.88,4684.45,SELL,USD,1,1,1583663
D#1702681,XAUUSD,100,7349874591908204095,7349874591887730936,7349874591979312754,7349874591979312554,35,2026-05-07T17:47:56.000Z,2026-05-07T17:48:31.000Z,21.28,-21.84,18.48,-2.8,0,0.08,4702.55,4700.11,4707.6,,SELL,USD,1,1,1583663
D#1702492,XAUUSD,100,7349874591908204135,7349874591887730630,7349874591979313133,7349874591979308813,697,2026-05-07T17:38:00.000Z,2026-05-07T17:49:37.000Z,15.42,-15.84,13.32,-2.1,0,0.06,4701.8,4699.45,,4687.65,SELL,USD,1,1,1583663
D#1702681,XAUUSD,100,7349874591908204449,7349874591887730953,7349874591979312867,7349874591979312805,472,2026-05-07T17:48:40.000Z,2026-05-07T17:56:32.000Z,-121.92,120.8,-127.52,-5.6,0,0.16,4700.75,4708.59,4706.8,4693.36,SELL,USD,1,1,1583663
D#1589407,XAUUSD,100,7349874591908204443,7349874591887731102,7349874591979315025,7349874591979314915,89,2026-05-07T17:55:03.000Z,2026-05-07T17:56:32.000Z,-52,50.6,-59.0,-7,0,0.2,4705.74,4708.56,4707.43,4688.57,SELL,USD,1,1,1583663
D#1702467,XAUUSD,100,7349874591908204568,7349874591887727012,7349874591979315855,7349874591979273090,6306,2026-05-07T16:12:18.000Z,2026-05-07T17:57:24.000Z,51.9,-52.6,48.4,-3.5,0,0.1,4714.51,4709.54,4743.88,4683.98,SELL,USD,1,1,1583663
D#1702492,XAUUSD,100,7349874591908204672,7349874591887731100,7349874591979316667,7349874591979314896,271,2026-05-07T17:55:00.000Z,2026-05-07T17:59:31.000Z,-32.4,31.979999999999997,-34.5,-2.1,0,0.06,4704.88,4710.5,,,SELL,USD,1,1,1583663
D#1702582,XAUUSD,100,7349874591908204755,7349874591887731238,7349874591979317197,7349874591979316704,82,2026-05-07T17:59:36.000Z,2026-05-07T18:00:58.000Z,3.9,-4.6,0.4,-3.5,0,0.1,4710.24,4710.41,4710.48,,BUY,USD,1,1,1583663
D#1702582,XAUUSD,100,7349874591908204782,7349874591887731290,7349874591979317397,7349874591979317329,12,2026-05-07T18:01:13.000Z,2026-05-07T18:01:25.000Z,-1.7,0.9999999999999999,-5.2,-3.5,0,0.1,4711.09,4710.7,4711.33,,BUY,USD,1,1,1583663
D#1702582,XAUUSD,100,7349874591908204805,7349874591887731300,7349874591979317625,7349874591979317433,35,2026-05-07T18:01:30.000Z,2026-05-07T18:02:05.000Z,1.3,-2.0,-2.2,-3.5,0,0.1,4710.22,4710.13,4710.46,,BUY,USD,1,1,1583663
D#1702732,XAUUSD,100,7349874591908205164,7349874591887731378,7349874591979318731,7349874591979318417,328,2026-05-07T18:04:17.000Z,2026-05-07T18:09:45.000Z,7.5,-8.55,2.24,-5.26,0,0.15,4708.6,4708.88,4709.22,4716.22,BUY,USD,1,1,1583663
D#1670951,XAUUSD,100,7349874591908205160,7349874591887731404,7349874591979319015,7349874591979318737,273,2026-05-07T18:05:12.000Z,2026-05-07T18:09:45.000Z,16.8,-18.900000000000002,6.3,-10.5,0,0.3,4708.54,4708.88,4709.18,4712.25,BUY,USD,1,1,1583663
D#1702582,XAUUSD,100,7349874591908205215,7349874591887731320,7349874591979319194,7349874591979317751,463,2026-05-07T18:02:21.000Z,2026-05-07T18:10:04.000Z,-40.5,39.8,-44.0,-3.5,0,0.1,4710.63,4706.36,4706.35,4754.7,BUY,USD,1,1,1583663
D#1702388,XAUUSD,100,7349874591908205235,7349874591887730381,7349874591979305986,7349874591979305984,2345,2026-05-07T17:31:03.000Z,2026-05-07T18:10:08.000Z,46.72,-47.28,43.92,-2.8,0,0.08,4699.84,4705.46,4705.56,4715.14,BUY,USD,1,1,1583663
D#1670951,XAUUSD,100,7349874591908205231,7349874591887731529,7349874591979320387,7349874591979320312,10,2026-05-07T18:09:58.000Z,2026-05-07T18:10:08.000Z,62.7,-64.8,57.45,-5.25,0,0.3,4707.5,4705.63,,,SELL,USD,1,1,1583663
D#1670951,XAUUSD,100,7349874591908205323,7349874591887731546,7349874591979321142,7349874591979320425,131,2026-05-07T18:10:14.000Z,2026-05-07T18:12:25.000Z,62.4,-64.5,51.9,-10.5,0,0.3,4707.13,4708.99,4707.37,,BUY,USD,1,1,1583663
D#1702582,XAUUSD,100,7349874591908205353,7349874591887731566,7349874591979321273,7349874591979320648,164,2026-05-07T18:10:51.000Z,2026-05-07T18:13:35.000Z,11.6,-14.4,-2.4,-14,0,0.4,4707.5,4707.57,4707.74,4719.11,BUY,USD,1,1,1583663
D#1670951,XAUUSD,100,7349874591908205373,7349874591887731617,7349874591979321543,7349874591979321382,57,2026-05-07T18:13:11.000Z,2026-05-07T18:14:08.000Z,8.7,-10.799999999999999,-1.8,-10.5,0,0.3,4708.94,4708.87,4708.7,,SELL,USD,1,1,1583663
D#1702492,XAUUSD,100,7349874591908205427,7349874591887731576,7349874591979322206,7349874591979320848,267,2026-05-07T18:11:28.000Z,2026-05-07T18:15:55.000Z,-0.54,0.12000000000000005,-2.64,-2.1,0,0.06,4708.05,4708.36,,,SELL,USD,1,1,1583663
D#1702582,XAUUSD,100,7349874591908205462,7349874591887731661,7349874591979322590,7349874591979322022,120,2026-05-07T18:15:13.000Z,2026-05-07T18:17:13.000Z,-104.4,101.60000000000001,-118.4,-14,0,0.4,4709.95,4707.12,,,BUY,USD,1,1,1583663
D#1670951,XAUUSD,100,7349874591908205467,7349874591887731641,7349874591979322615,7349874591979321735,182,2026-05-07T18:14:16.000Z,2026-05-07T18:17:18.000Z,-46.5,44.4,-57.0,-10.5,0,0.3,4709.17,4707.4,,4711.71,BUY,USD,1,1,1583663
D#1670951,XAUUSD,100,7349874591908205553,7349874591887731699,7349874591979323301,7349874591979322645,127,2026-05-07T18:17:24.000Z,2026-05-07T18:19:31.000Z,-52.2,50.1,-62.7,-10.5,0,0.3,4707.14,4709.1,,4703.91,SELL,USD,1,1,1583663
D#1702732,XAUUSD,100,7349874591908205613,7349874591887731532,7349874591979320746,7349874591979320345,658,2026-05-07T18:10:03.000Z,2026-05-07T18:21:01.000Z,-57.3,56.25,-62.56,-5.26,0,0.15,4707.02,4711.06,4710.82,4699.24,SELL,USD,1,1,1583663
D#1702732,XAUUSD,100,7349874591908205652,7349874591887731774,7349874591979324087,7349874591979323773,65,2026-05-07T18:21:04.000Z,2026-05-07T18:22:09.000Z,-34.8,33.75,-40.06,-5.26,0,0.15,4710.82,4708.28,4708.27,4718.55,BUY,USD,1,1,1583663
D#1702732,XAUUSD,100,7349874591908205696,7349874591887731795,7349874591979324259,7349874591979324175,75,2026-05-07T18:22:20.000Z,2026-05-07T18:23:35.000Z,-31.8,30.75,-37.06,-5.26,0,0.15,4710.09,4707.75,4708.01,,BUY,USD,1,1,1583663
D#1670951,XAUUSD,100,7349874591908205723,7349874591887731748,7349874591979324750,7349874591979323325,281,2026-05-07T18:19:35.000Z,2026-05-07T18:24:16.000Z,-47.1,45.0,-57.6,-10.5,0,0.3,4709.56,4707.77,,,BUY,USD,1,1,1583663
D#1670951,XAUUSD,100,7349874591908205760,7349874591887731835,7349874591979324997,7349874591979324799,37,2026-05-07T18:24:28.000Z,2026-05-07T18:25:05.000Z,79.6,-82.39999999999999,65.6,-14,0,0.4,4708.02,4706.25,,,SELL,USD,1,1,1583663
D#1670951,XAUUSD,100,7349874591908205813,7349874591887731855,7349874591979325231,7349874591979325048,33,2026-05-07T18:25:11.000Z,2026-05-07T18:25:44.000Z,15.6,-18.4,1.6,-14,0,0.4,4706.27,4706.44,,,BUY,USD,1,1,1583663
D#1702732,XAUUSD,100,7349874591908205856,7349874591887731825,7349874591979325561,7349874591979324584,181,2026-05-07T18:23:42.000Z,2026-05-07T18:26:43.000Z,-1.71,0.3799999999999999,-8.37,-6.66,0,0.19,4708.05,4708.36,,4702,SELL,USD,1,1,1583663
D#1670951,XAUUSD,100,7349874591908205857,7349874591887731883,7349874591979325564,7349874591979325377,36,2026-05-07T18:26:07.000Z,2026-05-07T18:26:43.000Z,-49.6,46.800000000000004,-63.6,-14,0,0.4,4706.83,4708.29,,,SELL,USD,1,1,1583663
D#1670951,XAUUSD,100,7349874591908205917,7349874591887731895,7349874591979325908,7349874591979325590,99,2026-05-07T18:26:47.000Z,2026-05-07T18:28:26.000Z,114,-116.8,100.0,-14,0,0.4,4708.07,4710.7,,4710.58,BUY,USD,1,1,1583663
D#1702744,XAUUSD,100,7349874591908205933,7349874591887731881,7349874591979325411,7349874591979325323,163,2026-05-07T18:25:57.000Z,2026-05-07T18:28:40.000Z,-53.6,52.9,-57.1,-3.5,0,0.1,4705.87,4711.45,4711.24,4698.3,SELL,USD,1,1,1583663
D#1670951,XAUUSD,100,7349874591908206025,7349874591887731940,7349874591979326694,7349874591979326290,75,2026-05-07T18:28:50.000Z,2026-05-07T18:30:05.000Z,-75.6,72.8,-89.6,-14,0,0.4,4710.65,4712.76,,4710.51,SELL,USD,1,1,1583663
D#1670951,XAUUSD,100,7349874591908206074,7349874591887731969,7349874591979327002,7349874591979326730,48,2026-05-07T18:30:10.000Z,2026-05-07T18:30:58.000Z,-15.6,12.799999999999999,-29.6,-14,0,0.4,4712.57,4711.96,,4714.96,BUY,USD,1,1,1583663
D#1670951,XAUUSD,100,7349874591908206100,7349874591887731998,7349874591979327161,7349874591979327011,44,2026-05-07T18:31:00.000Z,2026-05-07T18:31:44.000Z,1.2,-4.0,-12.8,-14,0,0.4,4711.88,4712.07,,4711.96,SELL,USD,1,1,1583663
D#1702681,XAUUSD,100,7349874591908206167,7349874591887731209,7349874591979316436,7349874591979316276,2088,2026-05-07T17:58:32.000Z,2026-05-07T18:33:20.000Z,-106.8,105.39999999999999,-113.8,-7,0,0.2,4708.35,4713.91,4713.76,,SELL,USD,1,1,1583663
D#1670951,XAUUSD,100,7349874591908206186,7349874591887732014,7349874591979327736,7349874591979327260,98,2026-05-07T18:31:51.000Z,2026-05-07T18:33:29.000Z,-75.6,72.8,-89.6,-14,0,0.4,4712.14,4714.25,,4709.56,SELL,USD,1,1,1583663
D#1702732,XAUUSD,100,7349874591908206201,7349874591887731892,7349874591979325781,7349874591979325576,414,2026-05-07T18:26:45.000Z,2026-05-07T18:33:39.000Z,123.5,-124.83,116.84,-6.66,0,0.19,4708.18,4714.46,4711.25,4714.41,BUY,USD,1,1,1583663
D#1670951,XAUUSD,100,7349874591908206206,7349874591887732055,7349874591979327815,7349874591979327749,9,2026-05-07T18:33:32.000Z,2026-05-07T18:33:41.000Z,8.8,-11.600000000000001,-5.2,-14,0,0.4,4714.29,4714.29,,,BUY,USD,1,1,1583663
D#1702388,XAUUSD,100,7349874591908206213,7349874591887731597,7349874591979321070,7349874591979321069,1294,2026-05-07T18:12:11.000Z,2026-05-07T18:33:45.000Z,-57.76,57.199999999999996,-60.56,-2.8,0,0.08,4707.97,4715.41,4715.21,4693.29,SELL,USD,1,1,1583663
D#1670951,XAUUSD,100,7349874591908206247,7349874591887732066,7349874591979327985,7349874591979327855,23,2026-05-07T18:33:48.000Z,2026-05-07T18:34:11.000Z,-29.2,26.4,-43.2,-14,0,0.4,4715.31,4714.36,,,BUY,USD,1,1,1583663
D#1702492,XAUUSD,100,7349874591908206355,7349874591887731770,7349874591979328739,7349874591979323709,941,2026-05-07T18:20:52.000Z,2026-05-07T18:36:33.000Z,-15.78,15.36,-17.88,-2.1,0,0.06,4710.12,4712.97,,,SELL,USD,1,1,1583663
D#1702550,XAUUSD,100,7349874591908206815,7349874591887732327,7349874591979331239,7349874591979331231,18,2026-05-07T18:44:21.000Z,2026-05-07T18:44:39.000Z,68.5,-70.25,59.74,-8.76,0,0.25,4709.45,4706.93,4713.45,4707.45,SELL,USD,1,1,1583663
D#1702437,XAUUSD,100,7349874591908206841,7349874591887732247,7349874591979331386,7349874591979330257,209,2026-05-07T18:41:12.000Z,2026-05-07T18:44:41.000Z,-313,309.5,-330.5,-17.5,0,0.5,4711.89,4705.41,,4720.25,BUY,USD,1,1,1583663
D#1702729,XAUUSD,100,7349874591908207005,7349874591887731244,7349874591979317128,7349874591979316810,2723,2026-05-07T17:59:53.000Z,2026-05-07T18:45:16.000Z,21.26,-21.610000000000003,19.49,-1.77,0,0.05,4711.24,4700.34,4719.44,4702.37,SELL,USD,1,1,1583663
D#1670962,XAUUSD,100,7349874591908207036,7349874591887732065,7349874591979327841,7349874591979327172,694,2026-05-07T18:33:46.000Z,2026-05-07T18:45:20.000Z,-107.24,106.75,-109.7,-2.46,0,0.07,4715.32,4699.78,4700,4891,BUY,USD,1,1,1583663
D#1702388,XAUUSD,100,7349874591908207161,7349874591887732333,7349874591979331816,7349874591979331289,138,2026-05-07T18:44:30.000Z,2026-05-07T18:46:48.000Z,10.24,-10.8,7.44,-2.8,0,0.08,4709.51,4708.45,4708.4,4694.07,SELL,USD,1,1,1583663
D#1702550,XAUUSD,100,7349874591908207308,7349874591887732426,7349874591979332045,7349874591979332041,206,2026-05-07T18:46:00.000Z,2026-05-07T18:49:26.000Z,95.4,-96.80000000000001,88.4,-7,0,0.2,4706.69,4702.14,4712,4702,SELL,USD,1,1,1583663
D#1670956,XAUUSD,100,7349874591908207389,7349874591887732388,7349874591979331708,7349874591979321804,325,2026-05-07T18:45:16.000Z,2026-05-07T18:50:41.000Z,-41.31,40.68,-44.47,-3.16,0,0.09,4700.82,4696.01,4696.61,4713.44,BUY,USD,1,1,1583663
D#1670956,XAUUSD,100,7349874591908207750,7349874591887732671,7349874591979335196,7349874591979334946,112,2026-05-07T18:53:57.000Z,2026-05-07T18:55:49.000Z,-49.7,49.0,-53.2,-3.5,0,0.1,4703.71,4708.9,4708.71,4692,SELL,USD,1,1,1583663
D#1702388,XAUUSD,100,7349874591908207888,7349874591887732528,7349874591979333492,7349874591979333490,487,2026-05-07T18:50:04.000Z,2026-05-07T18:58:11.000Z,-77.84,77.28,-80.64,-2.8,0,0.08,4700.47,4710.42,4710.3,4685.59,SELL,USD,1,1,1583663
D#1702489,XAUUSD,100,7349874591908207954,7349874591887732398,7349874591979337049,7349874591979331815,874,2026-05-07T18:45:29.000Z,2026-05-07T19:00:03.000Z,-103.7,103.0,-107.2,-3.5,0,0.1,4699.91,4710.5,,,SELL,USD,1,1,1583663
D#1702563,XAUUSD,100,7349874591908208028,7349874591887732782,7349874591979337457,7349874591979336338,221,2026-05-07T18:57:40.000Z,2026-05-07T19:01:21.000Z,2.64,-3.06,0.54,-2.1,0,0.06,4708.6,4708.82,,,BUY,USD,1,1,1583663
D#1702563,XAUUSD,100,7349874591908208197,7349874591887732848,7349874591979339324,7349874591979337476,392,2026-05-07T19:01:24.000Z,2026-05-07T19:07:56.000Z,-6.16,5.6,-8.96,-2.8,0,0.08,4708.74,4709.73,,,SELL,USD,1,1,1583663
D#1702563,XAUUSD,100,7349874591908208463,7349874591887732946,7349874591979341998,7349874591979339356,596,2026-05-07T19:08:01.000Z,2026-05-07T19:17:57.000Z,-48.9,48.199999999999996,-52.4,-3.5,0,0.1,4711.38,4706.27,,,BUY,USD,1,1,1583663
D#1702492,XAUUSD,100,7349874591908208537,7349874591887732615,7349874591979342372,7349874591979334311,1615,2026-05-07T18:52:08.000Z,2026-05-07T19:19:03.000Z,-2.58,2.16,-4.68,-2.1,0,0.06,4703.23,4703.88,,,SELL,USD,1,1,1583663
D#1670956,XAUUSD,100,7349874591908208541,7349874591887732909,7349874591979342401,7349874591979336554,871,2026-05-07T19:04:37.000Z,2026-05-07T19:19:08.000Z,-16.2,15.5,-19.7,-3.5,0,0.1,4705.29,4703.45,4700.28,4717.09,BUY,USD,1,1,1583663
D#1702550,XAUUSD,100,7349874591908208543,7349874591887732815,7349874591979336834,7349874591979336833,1203,2026-05-07T18:59:15.000Z,2026-05-07T19:19:18.000Z,-167,165.6,-174.0,-7,0,0.2,4709.73,4701.16,4702,4714.83,BUY,USD,1,1,1583663
D#1702472,XAUUSD,100,7349874591908208576,7349874591887732979,7349874591979342581,7349874591979339924,572,2026-05-07T19:10:08.000Z,2026-05-07T19:19:40.000Z,-232,229.97,-242.16,-10.16,0,0.29,4709.72,4701.5,,,BUY,USD,1,1,1583663
D#1702729,XAUUSD,100,7349874591908208856,7349874591887732858,7349874591979344325,7349874591979337536,1412,2026-05-07T19:01:34.000Z,2026-05-07T19:25:06.000Z,-21.25,20.9,-23.01,-1.76,0,0.05,4708.31,4698.68,4696.63,4718.3,BUY,USD,1,1,1583663
D#1702527,XAUUSD,100,7349874591908208927,7349874591887732296,7349874591979344781,7349874591979330790,2608,2026-05-07T18:42:58.000Z,2026-05-07T19:26:26.000Z,63.95,-64.3,62.19,-1.76,0,0.05,4714.55,4701.98,4714.48,4684.55,SELL,USD,1,1,1583663
D#1702388,XAUUSD,100,7349874591908209013,7349874591887732843,7349874591979337408,7349874591979337406,1592,2026-05-07T19:01:11.000Z,2026-05-07T19:27:43.000Z,28.16,-28.72,25.36,-2.8,0,0.08,4709.69,4706.39,4705.86,4694.37,SELL,USD,1,1,1583663
D#1702563,XAUUSD,100,7349874591908209043,7349874591887733081,7349874591979345421,7349874591979342037,608,2026-05-07T19:18:02.000Z,2026-05-07T19:28:10.000Z,-21.7,21.0,-25.2,-3.5,0,0.1,4703.57,4705.96,,,SELL,USD,1,1,1583663
D#1702467,XAUUSD,100,7349874591908209133,7349874591887731484,7349874591979346175,7349874591979319823,4938,2026-05-07T18:08:25.000Z,2026-05-07T19:30:43.000Z,53.9,-54.6,50.4,-3.5,0,0.1,4710.81,4705.64,4732.2,4691.66,SELL,USD,1,1,1583663
D#1702563,XAUUSD,100,7349874591908209182,7349874591887733326,7349874591979346628,7349874591979345438,242,2026-05-07T19:28:14.000Z,2026-05-07T19:32:16.000Z,-18.6,17.200000000000003,-25.6,-7,0,0.2,4705.76,4704.61,,,BUY,USD,1,1,1583663
D#1702563,XAUUSD,100,7349874591908209224,7349874591887733399,7349874591979347126,7349874591979346686,101,2026-05-07T19:32:27.000Z,2026-05-07T19:34:08.000Z,-30.8,29.400000000000002,-37.8,-7,0,0.2,4705.16,4706.92,,,SELL,USD,1,1,1583663
D#1702492,XAUUSD,100,7349874591908209249,7349874591887733139,7349874591979347342,7349874591979342929,863,2026-05-07T19:20:37.000Z,2026-05-07T19:35:00.000Z,47.1,-47.52,45.0,-2.1,0,0.06,4700.43,4708.06,,,BUY,USD,1,1,1583663
D#1702550,XAUUSD,100,7349874591908209347,7349874591887733135,7349874591979348077,7349874591979342875,1031,2026-05-07T19:20:29.000Z,2026-05-07T19:37:40.000Z,-195.6,194.2,-202.6,-7,0,0.2,4700.51,4710.51,4712,4695.95,SELL,USD,1,1,1583663
D#1702424,XAUUSD,100,7349874591908209409,7349874591887732717,7349874591979348687,7349874591979335409,2680,2026-05-07T18:55:11.000Z,2026-05-07T19:39:51.000Z,15.72,-15.860000000000001,15.02,-0.7,0,0.02,4703.67,4711.31,4694.79,,BUY,USD,1,1,1583663
D#1702729,XAUUSD,100,7349874591908209418,7349874591887733359,7349874591979348782,7349874591979345971,607,2026-05-07T19:30:04.000Z,2026-05-07T19:40:11.000Z,21.88,-22.439999999999998,19.08,-2.8,0,0.08,4704.63,4711.61,4699.34,4718.74,BUY,USD,1,1,1583663
D#1702383,XAUUSD,100,7349874591908209506,7349874591887733558,7349874591979349728,7349874591979349512,50,2026-05-07T19:42:51.000Z,2026-05-07T19:43:41.000Z,-7.28,6.720000000000001,-10.08,-2.8,0,0.08,4709.05,4710.18,4715.5,,SELL,USD,1,1,1583663
D#1702563,XAUUSD,100,7349874591908209536,7349874591887733416,7349874591979350117,7349874591979347139,662,2026-05-07T19:34:12.000Z,2026-05-07T19:45:14.000Z,38.8,-40.199999999999996,31.8,-7,0,0.2,4707.31,4709.03,,,BUY,USD,1,1,1583663
D#1702563,XAUUSD,100,7349874591908209666,7349874591887733591,7349874591979351443,7349874591979350235,275,2026-05-07T19:45:40.000Z,2026-05-07T19:50:15.000Z,-13.2,11.799999999999999,-20.2,-7,0,0.2,4709.16,4710.04,,,SELL,USD,1,1,1583663
D#1702563,XAUUSD,100,7349874591908209677,7349874591887733647,7349874591979351503,7349874591979351455,8,2026-05-07T19:50:18.000Z,2026-05-07T19:50:26.000Z,-5.4,4.0,-12.4,-7,0,0.2,4710.2,4709.71,,,BUY,USD,1,1,1583663
D#1702492,XAUUSD,100,7349874591908209688,7349874591887733535,7349874591979351550,7349874591979349155,543,2026-05-07T19:41:32.000Z,2026-05-07T19:50:35.000Z,4.56,-4.9799999999999995,2.46,-2.1,0,0.06,4709.91,4709.37,,,SELL,USD,1,1,1583663
D#1702563,XAUUSD,100,7349874591908209771,7349874591887733656,7349874591979352059,7349874591979351522,111,2026-05-07T19:50:30.000Z,2026-05-07T19:52:21.000Z,-101.1,99.0,-111.6,-10.5,0,0.3,4709.51,4705.92,,,BUY,USD,1,1,1583663
D#1702492,XAUUSD,100,7349874591908209847,7349874591887733704,7349874591979352619,7349874591979352272,68,2026-05-07T19:53:00.000Z,2026-05-07T19:54:08.000Z,4.6,-5.3,1.1,-3.5,0,0.1,4707.15,4706.91,,,SELL,USD,1,1,1583663
D#1702388,XAUUSD,100,7349874591908210208,7349874591887733394,7349874591979346584,7349874591979346582,1820,2026-05-07T19:32:07.000Z,2026-05-07T20:02:27.000Z,-76.08,75.52,-78.88,-2.8,0,0.08,4704.65,4714.38,4713.65,4690.39,SELL,USD,1,1,1583663
D#1702669,XAUUSD,100,7349874591908210265,7349874591887732871,7349874591979337915,7349874591979337736,3632,2026-05-07T19:02:13.000Z,2026-05-07T20:02:45.000Z,-54.85,54.5,-56.61,-1.76,0,0.05,4707.59,4718.78,4717.6,4627.25,SELL,USD,1,1,1583663
D#1702623,XAUUSD,100,7349874591908210280,7349874591887733692,7349874591979355160,7349874591979352038,632,2026-05-07T19:52:18.000Z,2026-05-07T20:02:50.000Z,596.5,-600.0,579.0,-17.5,0,0.5,4706.17,4717.88,4698.84,4724.9,BUY,USD,1,1,1583663
D#1702492,XAUUSD,100,7349874591908210480,7349874591887733880,7349874591979356623,7349874591979355190,288,2026-05-07T20:02:54.000Z,2026-05-07T20:07:42.000Z,44.4,-45.1,40.9,-3.5,0,0.1,4718.17,4713.95,,,SELL,USD,1,1,1583663
D#1702492,XAUUSD,100,7349874591908211060,7349874591887734216,7349874591979362219,7349874591979361632,224,2026-05-07T20:32:40.000Z,2026-05-07T20:36:24.000Z,-0.4,-0.30000000000000004,-3.9,-3.5,0,0.1,4713.63,4713.89,,,SELL,USD,1,1,1583663
D#1702650,XAUUSD,100,7349874591908211094,7349874591887734171,7349874591979360556,7349874591979360554,664,2026-05-07T20:26:22.000Z,2026-05-07T20:37:26.000Z,-47.74,46.97,-51.6,-3.86,0,0.11,4713.74,4709.18,4709.38,4726.82,BUY,USD,1,1,1583663
D#1702492,XAUUSD,100,7349874591908211099,7349874591887734248,7349874591979362417,7349874591979362311,23,2026-05-07T20:37:04.000Z,2026-05-07T20:37:27.000Z,47.8,-48.5,44.3,-3.5,0,0.1,4713.79,4709.23,,,SELL,USD,1,1,1583663
D#1702744,XAUUSD,100,7349874591908211381,7349874591887734303,7349874591979363059,7349874591979362984,248,2026-05-07T20:39:02.000Z,2026-05-07T20:43:10.000Z,-43.5,42.8,-47.0,-3.5,0,0.1,4702.2,4706.77,4706.26,4694.54,SELL,USD,1,1,1583663
D#1702507,XAUUSD,100,7349874591908212133,7349874591887732359,7349874591979331509,7349874591979324817,11783,2026-05-07T18:44:51.000Z,2026-05-07T22:01:14.000Z,-29.04,28.9,-29.74,-0.7,0,0.02,4703.95,4689.21,4692.97,4776.74,BUY,USD,1,1,1583663
D#1670956,XAUUSD,100,7349874591908212120,7349874591887733100,7349874591979342650,7349874591979342445,9718,2026-05-07T19:19:16.000Z,2026-05-07T22:01:14.000Z,134.5,-135.2,131.0,-3.5,0,0.1,4702.57,4689.34,,4690.7,SELL,USD,1,1,1583663
D#1702467,XAUUSD,100,7349874591908212124,7349874591887733377,7349874591979346600,7349874591979346243,9019,2026-05-07T19:30:55.000Z,2026-05-07T22:01:14.000Z,161.8,-162.5,158.3,-3.5,0,0.1,4705.4,4689.44,4720.42,4689,SELL,USD,1,1,1583663
D#1702744,XAUUSD,100,7349874591908212122,7349874591887734458,7349874591979366399,7349874591979366343,4124,2026-05-07T20:52:30.000Z,2026-05-07T22:01:14.000Z,107.5,-108.2,104.0,-3.5,0,0.1,4699.97,4689.44,,4689.91,SELL,USD,1,1,1583663
D#1702636,XAUUSD,100,7349874591908212157,7349874591887728265,7349874591979320173,7349874591979284459,19501,2026-05-07T16:36:19.000Z,2026-05-07T22:01:20.000Z,-29.78,29.71,-30.14,-0.36,0,0.01,4717.42,4687.42,4688.06,4765.79,BUY,USD,1,1,1583663
D#1702460,XAUUSD,100,7349874591908212186,7349874591887697721,7349874591979370965,7349874591978981447,75111,2026-05-07T01:10:27.000Z,2026-05-07T22:02:18.000Z,13.03,-13.1,12.67,-0.36,0,0.01,4702.9,4690.09,,,SELL,USD,1,1,1583663
D#1702662,XAUUSD,100,7349874591908213409,7349874591887732292,7349874591979331875,7349874591979330752,14593,2026-05-07T18:42:50.000Z,2026-05-07T22:46:03.000Z,-153.55,153.20000000000002,-155.31,-1.76,0,0.05,4714.13,4683.2,4683.57,4797.26,BUY,USD,1,1,1583663
D#1702534,XAUUSD,100,7349874591908213903,7349874591887708542,7349874591979384389,7349874591979104239,51602,2026-05-07T08:48:00.000Z,2026-05-07T23:08:02.000Z,284.58,-285.0,282.48,-2.1,0,0.06,4734.88,4687.67,4722.73,4686.64,SELL,USD,1,1,1583663
D#1702744,XAUUSD,100,7349874591908213998,7349874591887735311,7349874591979379215,7349874591979379160,2022,2026-05-07T22:37:41.000Z,2026-05-07T23:11:23.000Z,-42.7,42.0,-46.2,-3.5,0,0.1,4687.75,4692.24,4692.16,4681.2,SELL,USD,1,1,1583663
D#1702650,XAUUSD,100,7349874591908214176,7349874591887734975,7349874591979374870,7349874591979374869,3706,2026-05-07T22:18:22.000Z,2026-05-07T23:20:08.000Z,-35.64,34.87,-39.5,-3.86,0,0.11,4692.09,4695.55,4695.39,4678.05,SELL,USD,1,1,1583663
D#1702543,XAUUSD,100,7349874591908214775,7349874591887735843,7349874591979390442,7349874591979385917,1786,2026-05-07T23:17:44.000Z,2026-05-07T23:47:30.000Z,-277.78,274.77,-292.84,-15.06,0,0.43,4693.57,4700.25,,4691.65,SELL,USD,1,1,1583663
D#1702650,XAUUSD,100,7349874591908214827,7349874591887735928,7349874591979386840,7349874591979386839,1474,2026-05-07T23:23:40.000Z,2026-05-07T23:48:14.000Z,-51.26,50.489999999999995,-55.12,-3.86,0,0.11,4697.23,4702.11,4702,4682.29,SELL,USD,1,1,1583663
D#1702469,XAUUSD,100,7349874591908215489,7349874591887736270,7349874591979391545,7349874591979391275,960,2026-05-07T23:50:44.000Z,2026-05-08T00:06:44.000Z,-23.85,23.5,-25.61,-1.76,0,0.05,4702.81,4707.8,4707.33,4673.22,SELL,USD,1,1,1583663
D#1702650,XAUUSD,100,7349874591908215630,7349874591887736350,7349874591979392330,7349874591979392329,876,2026-05-07T23:55:56.000Z,2026-05-08T00:10:32.000Z,-41.36,40.589999999999996,-45.22,-3.86,0,0.11,4704.65,4708.63,4708.52,4689.78,SELL,USD,1,1,1583663
D#1702460,XAUUSD,100,7349874591908215963,7349874591887736658,7349874591979400520,7349874591979400345,244,2026-05-08T00:12:31.000Z,2026-05-08T00:16:35.000Z,5.76,-5.83,5.4,-0.36,0,0.01,4705.61,4700.07,,4700,SELL,USD,1,1,1583663
D#1702460,XAUUSD,100,7349874591908216287,7349874591887736946,7349874591979403253,7349874591979403066,40,2026-05-08T00:21:02.000Z,2026-05-08T00:21:42.000Z,2.17,-2.2399999999999998,1.81,-0.36,0,0.01,4696.99,4698.94,,4699.01,BUY,USD,1,1,1583663
D#1702650,XAUUSD,100,7349874591908216547,7349874591887736783,7349874591979401616,7349874591979401615,504,2026-05-08T00:16:44.000Z,2026-05-08T00:25:08.000Z,-60.83,60.059999999999995,-64.69,-3.86,0,0.11,4699.57,4705.32,4705.22,4682.93,SELL,USD,1,1,1583663
D#1670882,XAUUSD,100,7349874591908217405,7349874591887711234,7349874591979409489,7349874591979139304,49327,2026-05-07T11:02:29.000Z,2026-05-08T00:44:36.000Z,59.48,-59.62,58.78,-0.7,0,0.02,4735.13,4705.61,,,SELL,USD,1,1,1583663
D#1670957,XAUUSD,100,7349874591908217578,7349874591887730444,7349874591979410794,7349874591979306841,26207,2026-05-07T17:33:11.000Z,2026-05-08T00:49:58.000Z,-2.88,2.67,-3.94,-1.06,0,0.03,4699.09,4700.27,4720,4660,SELL,USD,1,1,1583663
D#1671080,XAUUSD,100,7349874591908217898,7349874591887721863,7349874591979412717,7349874591979227237,37536,2026-05-07T14:32:51.000Z,2026-05-08T00:58:27.000Z,-52.99,52.92,-53.35,-0.36,0,0.01,4753.92,4700.71,,,BUY,USD,1,1,1583663
