accountId,instrument,lotSize,closeTradeId,positionId,closeOrderId,openOrderId,durationSec,openDateTime,closeDateTime,profit,reverseProfit,netProfit,commission,swap,amount,openPrice,closePrice,slPrice,tpPrice,side,currency,openTradeCrossPrice,closeTradeCrossPrice,userGroupId
D#1702591,XAUUSD,100,7349874591908640852,7349874591887946037,7349874591981515950,7349874591981515802,60,2026-05-15T01:05:33.000Z,2026-05-15T01:06:33.000Z,-41.4,40.35,-46.66,-5.26,0,0.15,4620.63,4617.65,4617.86,4628.43,BUY,USD,1,1,1583663
D#1702463,XAUUSD,100,7349874591908640990,7349874591887945916,7349874591981516536,7349874591981514328,331,2026-05-15T01:01:40.000Z,2026-05-15T01:07:11.000Z,-267.12,265.65,-274.48,-7.36,0,0.21,4625.63,4612.69,,4638.01,BUY,USD,1,1,1583663
D#1702591,XAUUSD,100,7349874591908641215,7349874591887946176,7349874591981516955,7349874591981516798,122,2026-05-15T01:07:45.000Z,2026-05-15T01:09:47.000Z,-31.95,30.9,-37.21,-5.26,0,0.15,4612.98,4610.63,4610.63,4620.12,BUY,USD,1,1,1583663
D#1702726,XAUUSD,100,7349874591908641504,7349874591887946202,7349874591981517437,7349874591981517032,282,2026-05-15T01:08:17.000Z,2026-05-15T01:12:59.000Z,121.8,-123.2,114.8,-7,0,0.2,4613.96,4608.09,4618.64,4607.82,SELL,USD,1,1,1583663
D#1702480,XAUUSD,100,7349874591908641753,7349874591887946526,7349874591981520205,7349874591981520044,25,2026-05-15T01:15:45.000Z,2026-05-15T01:16:10.000Z,-152.2,150.79999999999998,-159.2,-7,0,0.2,4610.1,4617.93,,,SELL,USD,1,1,1583663
D#1645651,XAUUSD,100,7349874591908642066,7349874591887946191,7349874591981519656,7349874591981516911,760,2026-05-15T01:07:59.000Z,2026-05-15T01:20:39.000Z,223.6,-225.0,216.6,-7,0,0.2,4612.44,4623.4,,4623.1,BUY,USD,1,1,1583663
D#1670950,XAUUSD,100,7349874591908642090,7349874591887946463,7349874591981519544,7349874591981519369,410,2026-05-15T01:13:54.000Z,2026-05-15T01:20:44.000Z,126.1,-126.8,122.6,-3.5,0,0.1,4612.61,4625,4607.96,4624.34,BUY,USD,1,1,1583663
D#1702726,XAUUSD,100,7349874591908642087,7349874591887946607,7349874591981521170,7349874591981520917,159,2026-05-15T01:18:05.000Z,2026-05-15T01:20:44.000Z,132.4,-133.8,125.4,-7,0,0.2,4618.69,4625.09,4614.29,4624.23,BUY,USD,1,1,1583663
D#1702715,XAUUSD,100,7349874591908642101,7349874591887946643,7349874591981521543,7349874591981521162,122,2026-05-15T01:18:43.000Z,2026-05-15T01:20:45.000Z,153.2,-154.6,146.2,-7,0,0.2,4617.81,4625.25,4613.83,4625.79,BUY,USD,1,1,1583663
D#1670950,XAUUSD,100,7349874591908642267,7349874591887946778,7349874591981522762,7349874591981522724,7,2026-05-15T01:22:51.000Z,2026-05-15T01:22:58.000Z,-4.5,3.8,-8.0,-3.5,0,0.1,4620.03,4620.7,,,SELL,USD,1,1,1583663
D#1670950,XAUUSD,100,7349874591908642297,7349874591887946787,7349874591981522854,7349874591981522832,2,2026-05-15T01:23:09.000Z,2026-05-15T01:23:11.000Z,2.7,-3.4000000000000004,-0.8,-3.5,0,0.1,4618.26,4618.21,,,SELL,USD,1,1,1583663
D#1670950,XAUUSD,100,7349874591908642324,7349874591887946804,7349874591981522971,7349874591981522954,2,2026-05-15T01:23:24.000Z,2026-05-15T01:23:26.000Z,0.2,-0.9000000000000001,-3.3,-3.5,0,0.1,4616.79,4616.99,,,SELL,USD,1,1,1583663
D#1702591,XAUUSD,100,7349874591908642646,7349874591887946874,7349874591981523925,7349874591981523695,168,2026-05-15T01:25:37.000Z,2026-05-15T01:28:25.000Z,110.25,-111.3,104.99,-5.26,0,0.15,4618.8,4611.67,4621.36,4611.54,SELL,USD,1,1,1583663
D#1702624,XAUUSD,100,7349874591908642811,7349874591887946943,7349874591981525270,7349874591981524314,150,2026-05-15T01:27:15.000Z,2026-05-15T01:29:45.000Z,129.75,-131.5,120.99,-8.76,0,0.25,4613.81,4608.84,4615.47,4608.64,SELL,USD,1,1,1583663
D#1670950,XAUUSD,100,7349874591908642813,7349874591887946954,7349874591981525276,7349874591981524419,131,2026-05-15T01:27:34.000Z,2026-05-15T01:29:45.000Z,-55.9,55.199999999999996,-59.4,-3.5,0,0.1,4614.56,4608.75,,,BUY,USD,1,1,1583663
D#1702624,XAUUSD,100,7349874591908643021,7349874591887947089,7349874591981525907,7349874591981525812,24,2026-05-15T01:31:01.000Z,2026-05-15T01:31:25.000Z,-69.75,68.0,-78.51,-8.76,0,0.25,4610.45,4613.46,4612.77,4606.51,SELL,USD,1,1,1583663
D#1702729,XAUUSD,100,7349874591908643031,7349874591887947091,7349874591981526002,7349874591981525832,26,2026-05-15T01:31:05.000Z,2026-05-15T01:31:31.000Z,2.98,-3.05,2.62,-0.36,0,0.01,4610.54,4613.3,,,BUY,USD,1,1,1583663
D#1702365,XAUUSD,100,7349874591908643112,7349874591887946825,7349874591981526421,7349874591981523169,518,2026-05-15T01:24:03.000Z,2026-05-15T01:32:41.000Z,44.2,-44.900000000000006,40.7,-3.5,0,0.1,4618.48,4614.28,4622.61,4607.91,SELL,USD,1,1,1583663
D#1702624,XAUUSD,100,7349874591908643229,7349874591887947110,7349874591981526081,7349874591981526009,203,2026-05-15T01:31:32.000Z,2026-05-15T01:34:55.000Z,-47.5,45.75,-56.26,-8.76,0,0.25,4613.11,4615.23,4615.03,4606.76,SELL,USD,1,1,1583663
D#1702726,XAUUSD,100,7349874591908643236,7349874591887947114,7349874591981526179,7349874591981526035,201,2026-05-15T01:31:37.000Z,2026-05-15T01:34:58.000Z,-77,75.6,-84.0,-7,0,0.2,4612.62,4616.69,4616.54,4609.7,SELL,USD,1,1,1583663
D#1702624,XAUUSD,100,7349874591908643315,7349874591887947214,7349874591981527366,7349874591981527231,50,2026-05-15T01:35:04.000Z,2026-05-15T01:35:54.000Z,-57.75,56.0,-66.51,-8.76,0,0.25,4615.84,4618.37,4618.01,4608.27,SELL,USD,1,1,1583663
D#1589457,XAUUSD,100,7349874591908643319,7349874591887947086,7349874591981527582,7349874591981525759,302,2026-05-15T01:30:54.000Z,2026-05-15T01:35:56.000Z,87.56,-88.33,83.7,-3.86,0,0.11,4610.56,4618.3,,,BUY,USD,1,1,1583663
D#1702563,XAUUSD,100,7349874591908643324,7349874591887946764,7349874591981526023,7349874591981522483,831,2026-05-15T01:22:08.000Z,2026-05-15T01:35:59.000Z,31.15,-33.6,18.89,-12.26,0,0.35,4619.3,4618.63,4618.5,4607.22,SELL,USD,1,1,1583663
D#1702591,XAUUSD,100,7349874591908643366,7349874591887947237,7349874591981527616,7349874591981527452,51,2026-05-15T01:35:33.000Z,2026-05-15T01:36:24.000Z,-57.6,56.550000000000004,-62.86,-5.26,0,0.15,4616.49,4620.55,4620.41,4608.94,SELL,USD,1,1,1583663
D#1645651,XAUUSD,100,7349874591908643377,7349874591887946957,7349874591981524788,7349874591981524462,528,2026-05-15T01:27:42.000Z,2026-05-15T01:36:30.000Z,124.2,-125.60000000000001,117.2,-7,0,0.2,4615.08,4621.07,4607.59,4620.75,BUY,USD,1,1,1583663
D#1702624,XAUUSD,100,7349874591908643398,7349874591887947267,7349874591981527857,7349874591981527710,26,2026-05-15T01:36:14.000Z,2026-05-15T01:36:40.000Z,-44.75,43.0,-53.51,-8.76,0,0.25,4619.66,4617.65,4617.78,4627.78,BUY,USD,1,1,1583663
D#1702624,XAUUSD,100,7349874591908643526,7349874591887947289,7349874591981528040,7349874591981527936,152,2026-05-15T01:36:46.000Z,2026-05-15T01:39:18.000Z,-58.5,56.75,-67.26,-8.76,0,0.25,4617.34,4619.9,4619.72,4607.04,SELL,USD,1,1,1583663
D#1702624,XAUUSD,100,7349874591908643546,7349874591887947367,7349874591981528962,7349874591981528866,17,2026-05-15T01:39:23.000Z,2026-05-15T01:39:40.000Z,6,-7.75,-2.76,-8.76,0,0.25,4618.23,4618.21,,,SELL,USD,1,1,1583663
D#1702532,XAUUSD,100,7349874591908643683,7349874591887946936,7349874591981529968,7349874591981524223,937,2026-05-15T01:27:02.000Z,2026-05-15T01:42:39.000Z,-51.3,50.599999999999994,-54.8,-3.5,0,0.1,4615.97,4621.32,,,SELL,USD,1,1,1583663
D#1702591,XAUUSD,100,7349874591908643692,7349874591887947396,7349874591981529307,7349874591981529198,152,2026-05-15T01:40:18.000Z,2026-05-15T01:42:50.000Z,-36.15,35.1,-41.41,-5.26,0,0.15,4619.35,4621.98,4621.58,4612.11,SELL,USD,1,1,1583663
D#1670950,XAUUSD,100,7349874591908643779,7349874591887947099,7349874591981526077,7349874591981525547,818,2026-05-15T01:31:17.000Z,2026-05-15T01:44:55.000Z,112.4,-113.10000000000001,108.9,-3.5,0,0.1,4611.73,4622.75,4614.39,4622.87,BUY,USD,1,1,1583663
D#1702365,XAUUSD,100,7349874591908643804,7349874591887947315,7349874591981530820,7349874591981528284,473,2026-05-15T01:37:40.000Z,2026-05-15T01:45:33.000Z,-44.24,43.75,-46.7,-2.46,0,0.07,4615.93,4622.47,4624.07,4599.67,SELL,USD,1,1,1583663
D#1702715,XAUUSD,100,7349874591908643828,7349874591887947118,7349874591981526442,7349874591981526103,861,2026-05-15T01:31:49.000Z,2026-05-15T01:46:10.000Z,219.6,-221.0,212.6,-7,0,0.2,4612.51,4623.27,4607.44,4623.36,BUY,USD,1,1,1583663
D#1702563,XAUUSD,100,7349874591908643875,7349874591887947436,7349874591981531172,7349874591981529797,289,2026-05-15T01:42:09.000Z,2026-05-15T01:46:58.000Z,5.6,-8.049999999999999,-6.66,-12.26,0,0.35,4620.44,4620.38,4620.75,4633.81,BUY,USD,1,1,1583663
D#1702365,XAUUSD,100,7349874591908643906,7349874591887947516,7349874591981531407,7349874591981530912,86,2026-05-15T01:45:53.000Z,2026-05-15T01:47:19.000Z,-26.39,25.900000000000002,-28.85,-2.46,0,0.07,4621.81,4617.82,4614.66,,BUY,USD,1,1,1583663
D#1702532,XAUUSD,100,7349874591908643952,7349874591887947459,7349874591981531692,7349874591981530118,301,2026-05-15T01:43:07.000Z,2026-05-15T01:48:08.000Z,104.2,-105.60000000000001,97.2,-7,0,0.2,4621.48,4616.49,,4605.87,SELL,USD,1,1,1583663
D#1702726,XAUUSD,100,7349874591908643957,7349874591887947435,7349874591981529887,7349874591981529774,368,2026-05-15T01:42:06.000Z,2026-05-15T01:48:14.000Z,-92.2,90.8,-99.2,-7,0,0.2,4620.48,4615.65,4615.89,4626.37,BUY,USD,1,1,1583663
D#1670950,XAUUSD,100,7349874591908643979,7349874591887947538,7349874591981531235,7349874591981531125,119,2026-05-15T01:46:33.000Z,2026-05-15T01:48:32.000Z,59.4,-60.1,55.9,-3.5,0,0.1,4620.55,4614.83,4620.31,4614.85,SELL,USD,1,1,1583663
D#1702591,XAUUSD,100,7349874591908644092,7349874591887947587,7349874591981531861,7349874591981531803,184,2026-05-15T01:48:27.000Z,2026-05-15T01:51:31.000Z,-33.75,32.7,-39.01,-5.26,0,0.15,4616.13,4613.66,4613.87,4623.03,BUY,USD,1,1,1583663
D#1702536,XAUUSD,100,7349874591908644120,7349874591887947637,7349874591981532828,7349874591981532511,65,2026-05-15T01:50:44.000Z,2026-05-15T01:51:49.000Z,58.8,-59.779999999999994,53.9,-4.9,0,0.14,4616.19,4612.21,,,SELL,USD,1,1,1583663
D#1702532,XAUUSD,100,7349874591908644136,7349874591887947580,7349874591981532906,7349874591981531725,227,2026-05-15T01:48:14.000Z,2026-05-15T01:52:01.000Z,106,-107.4,99.0,-7,0,0.2,4615.65,4610.57,,,SELL,USD,1,1,1583663
D#1702591,XAUUSD,100,7349874591908644256,7349874591887947670,7349874591981533057,7349874591981532974,64,2026-05-15T01:52:12.000Z,2026-05-15T01:53:16.000Z,-34.8,33.75,-40.06,-5.26,0,0.15,4611.54,4609,4609.19,4619.36,BUY,USD,1,1,1583663
D#1702726,XAUUSD,100,7349874591908644262,7349874591887947589,7349874591981531974,7349874591981531819,286,2026-05-15T01:48:31.000Z,2026-05-15T01:53:17.000Z,129.6,-131.0,122.6,-7,0,0.2,4614.98,4608.72,4615.87,4608.92,SELL,USD,1,1,1583663
D#1702715,XAUUSD,100,7349874591908644300,7349874591887947723,7349874591981533465,7349874591981533328,18,2026-05-15T01:53:10.000Z,2026-05-15T01:53:28.000Z,10.43,-10.92,7.97,-2.46,0,0.07,4611.16,4609.89,,,SELL,USD,1,1,1583663
D#1702509,XAUUSD,100,7349874591908644325,7349874591887947647,7349874591981532993,7349874591981532680,140,2026-05-15T01:51:19.000Z,2026-05-15T01:53:39.000Z,-16.16,16.02,-16.86,-0.7,0,0.02,4615.43,4607.13,4607.47,4631.89,BUY,USD,1,1,1583663
D#1702518,XAUUSD,100,7349874591908644336,7349874591887947624,7349874591981533573,7349874591981532314,225,2026-05-15T01:50:00.000Z,2026-05-15T01:53:45.000Z,73.5,-74.2,70.0,-3.5,0,0.1,4616.21,4609.08,,,SELL,USD,1,1,1583663
D#1702532,XAUUSD,100,7349874591908644337,7349874591887947702,7349874591981533580,7349874591981533243,49,2026-05-15T01:52:57.000Z,2026-05-15T01:53:46.000Z,-53.8,52.4,-60.8,-7,0,0.2,4612.16,4609.25,,,BUY,USD,1,1,1583663
D#1702563,XAUUSD,100,7349874591908644428,7349874591887947556,7349874591981531779,7349874591981531360,497,2026-05-15T01:47:13.000Z,2026-05-15T01:55:30.000Z,193.2,-195.64999999999998,180.94,-12.26,0,0.35,4618.57,4613.27,4612.86,4606.6,SELL,USD,1,1,1583663
D#1702532,XAUUSD,100,7349874591908644437,7349874591887947748,7349874591981534213,7349874591981533614,101,2026-05-15T01:53:53.000Z,2026-05-15T01:55:34.000Z,-99.2,97.8,-106.2,-7,0,0.2,4608.26,4613.44,,,SELL,USD,1,1,1583663
D#1702591,XAUUSD,100,7349874591908644508,7349874591887947776,7349874591981534641,7349874591981533942,174,2026-05-15T01:54:49.000Z,2026-05-15T01:57:43.000Z,11.85,-12.9,6.59,-5.26,0,0.15,4610,4610.57,4611.05,4617.6,BUY,USD,1,1,1583663
D#1702715,XAUUSD,100,7349874591908644510,7349874591887947809,7349874591981534616,7349874591981534410,98,2026-05-15T01:56:09.000Z,2026-05-15T01:57:47.000Z,-24.4,23.7,-27.9,-3.5,0,0.1,4612.93,4610.27,4610.4,4614.37,BUY,USD,1,1,1583663
D#1702467,XAUUSD,100,7349874591908644690,7349874591887947854,7349874591981536005,7349874591981535213,163,2026-05-15T01:58:46.000Z,2026-05-15T02:01:29.000Z,-50,49.3,-53.5,-3.5,0,0.1,4615.58,4610.36,4610.47,,BUY,USD,1,1,1583663
D#1591591,XAUUSD,100,7349874591908644709,7349874591887947900,7349874591981536255,7349874591981535687,94,2026-05-15T02:00:14.000Z,2026-05-15T02:01:48.000Z,-9.04,8.899999999999999,-9.74,-0.7,0,0.02,4614.68,4609.94,,,BUY,USD,1,1,1583663
D#1670922,XAUUSD,100,7349874591908644909,7349874591887948013,7349874591981537641,7349874591981537184,86,2026-05-15T02:04:45.000Z,2026-05-15T02:06:11.000Z,3,-3.7,-0.5,-3.5,0,0.1,4613.03,4613.11,,,BUY,USD,1,1,1583663
D#1702554,XAUUSD,100,7349874591908644914,7349874591887948034,7349874591981537703,7349874591981537485,46,2026-05-15T02:05:39.000Z,2026-05-15T02:06:25.000Z,0.9,-3.0,-9.6,-10.5,0,0.3,4614.79,4614.98,,,SELL,USD,1,1,1583663
D#1671066,XAUUSD,100,7349874591908644931,7349874591887948019,7349874591981537811,7349874591981537282,104,2026-05-15T02:05:02.000Z,2026-05-15T02:06:46.000Z,52.5,-54.6,42.0,-10.5,0,0.3,4614.18,4615.71,,,BUY,USD,1,1,1583663
D#1702554,XAUUSD,100,7349874591908644933,7349874591887948051,7349874591981537821,7349874591981537723,19,2026-05-15T02:06:29.000Z,2026-05-15T02:06:48.000Z,19.2,-21.3,8.7,-10.5,0,0.3,4615.1,4615.52,,,BUY,USD,1,1,1583663
D#1702591,XAUUSD,100,7349874591908644960,7349874591887947933,7349874591981536147,7349874591981536002,385,2026-05-15T02:01:06.000Z,2026-05-15T02:07:31.000Z,-45.3,44.25,-50.56,-5.26,0,0.15,4613.33,4616.57,4616.31,4605.96,SELL,USD,1,1,1583663
D#1645671,XAUUSD,100,7349874591908645138,7349874591887948123,7349874591981538588,7349874591981538281,48,2026-05-15T02:08:14.000Z,2026-05-15T02:09:02.000Z,0.81,-0.8800000000000001,0.45,-0.36,0,0.01,4615.66,4616.25,,,BUY,USD,1,1,1583663
D#1671066,XAUUSD,100,7349874591908645147,7349874591887948176,7349874591981538658,7349874591981538497,24,2026-05-15T02:08:50.000Z,2026-05-15T02:09:14.000Z,38.7,-40.800000000000004,28.2,-10.5,0,0.3,4616.36,4617.43,,,BUY,USD,1,1,1583663
D#1645651,XAUUSD,100,7349874591908645155,7349874591887947931,7349874591981536252,7349874591981535965,499,2026-05-15T02:01:00.000Z,2026-05-15T02:09:19.000Z,34.54,-35.31,30.68,-3.86,0,0.11,4614.87,4617.79,4607.13,4617.87,BUY,USD,1,1,1583663
D#1702365,XAUUSD,100,7349874591908645158,7349874591887947562,7349874591981538707,7349874591981531462,1314,2026-05-15T01:47:28.000Z,2026-05-15T02:09:22.000Z,-10.8,10.100000000000001,-14.3,-3.5,0,0.1,4616.77,4618.07,4625.1,4601.76,SELL,USD,1,1,1583663
D#1702554,XAUUSD,100,7349874591908645159,7349874591887948057,7349874591981538709,7349874591981537828,152,2026-05-15T02:06:50.000Z,2026-05-15T02:09:22.000Z,64.2,-66.3,53.7,-10.5,0,0.3,4616.01,4617.93,,,BUY,USD,1,1,1583663
D#1702554,XAUUSD,100,7349874591908645201,7349874591887948240,7349874591981538934,7349874591981538795,23,2026-05-15T02:09:37.000Z,2026-05-15T02:10:00.000Z,29.5,-33.0,12.0,-17.5,0,0.5,4617.95,4618.32,,,BUY,USD,1,1,1583663
D#1702532,XAUUSD,100,7349874591908645204,7349874591887947801,7349874591981538954,7349874591981534295,856,2026-05-15T01:55:47.000Z,2026-05-15T02:10:03.000Z,102.2,-103.60000000000001,95.2,-7,0,0.2,4613.07,4617.96,,,BUY,USD,1,1,1583663
D#1702715,XAUUSD,100,7349874591908645392,7349874591887948258,7349874591981539274,7349874591981539030,107,2026-05-15T02:10:20.000Z,2026-05-15T02:12:07.000Z,41.1,-41.800000000000004,37.6,-3.5,0,0.1,4617.99,4614.1,4619.84,4614.01,SELL,USD,1,1,1583663
D#1702554,XAUUSD,100,7349874591908645397,7349874591887948254,7349874591981539718,7349874591981538973,123,2026-05-15T02:10:07.000Z,2026-05-15T02:12:10.000Z,-141,138.9,-151.5,-10.5,0,0.3,4618.64,4613.72,4607,4633.7,BUY,USD,1,1,1583663
D#1702591,XAUUSD,100,7349874591908645505,7349874591887948315,7349874591981540014,7349874591981539881,140,2026-05-15T02:12:41.000Z,2026-05-15T02:15:01.000Z,-18,16.95,-23.26,-5.26,0,0.15,4613.73,4612.31,4612.65,4621.58,BUY,USD,1,1,1583663
D#1645651,XAUUSD,100,7349874591908645508,7349874591887948340,7349874591981540561,7349874591981540214,71,2026-05-15T02:13:50.000Z,2026-05-15T02:15:01.000Z,-38.4,37.0,-45.4,-7,0,0.2,4614.35,4612.21,,,BUY,USD,1,1,1583663
D#1702726,XAUUSD,100,7349874591908645515,7349874591887948039,7349874591981537741,7349874591981537589,543,2026-05-15T02:06:02.000Z,2026-05-15T02:15:05.000Z,-72.8,71.39999999999999,-79.8,-7,0,0.2,4615.28,4611.42,4611.56,4621.33,BUY,USD,1,1,1583663
D#1702518,XAUUSD,100,7349874591908645533,7349874591887948345,7349874591981540675,7349874591981540302,70,2026-05-15T02:14:08.000Z,2026-05-15T02:15:18.000Z,46.4,-47.1,42.9,-3.5,0,0.1,4614.86,4610.44,,,SELL,USD,1,1,1583663
D#1702554,XAUUSD,100,7349874591908645539,7349874591887948305,7349874591981540695,7349874591981539737,188,2026-05-15T02:12:13.000Z,2026-05-15T02:15:21.000Z,-132.6,130.5,-143.1,-10.5,0,0.3,4614.89,4610.25,4607.29,4631.56,BUY,USD,1,1,1583663
D#1702532,XAUUSD,100,7349874591908645549,7349874591887948268,7349874591981540748,7349874591981539186,279,2026-05-15T02:10:51.000Z,2026-05-15T02:15:30.000Z,146,-147.4,139.0,-7,0,0.2,4616.62,4609.54,,,SELL,USD,1,1,1583663
D#1702518,XAUUSD,100,7349874591908645565,7349874591887948386,7349874591981540850,7349874591981540704,23,2026-05-15T02:15:23.000Z,2026-05-15T02:15:46.000Z,1.3,-2.0,-2.2,-3.5,0,0.1,4610.25,4610.34,,,SELL,USD,1,1,1583663
D#1702532,XAUUSD,100,7349874591908645609,7349874591887948408,7349874591981541067,7349874591981540960,19,2026-05-15T02:16:09.000Z,2026-05-15T02:16:28.000Z,15.8,-17.2,8.8,-7,0,0.2,4612.61,4612.04,,,SELL,USD,1,1,1583663
D#1671066,XAUUSD,100,7349874591908645645,7349874591887948434,7349874591981541380,7349874591981541256,25,2026-05-15T02:17:04.000Z,2026-05-15T02:17:29.000Z,13.8,-15.9,3.3,-10.5,0,0.3,4612.38,4612.14,,,SELL,USD,1,1,1583663
D#1702715,XAUUSD,100,7349874591908645685,7349874591887948407,7349874591981541655,7349874591981540959,131,2026-05-15T02:16:09.000Z,2026-05-15T02:18:20.000Z,31.2,-32.6,24.2,-7,0,0.2,4612.84,4614.18,4609.21,4614.83,BUY,USD,1,1,1583663
D#1591591,XAUUSD,100,7349874591908645863,7349874591887947961,7349874591981543018,7349874591981536337,1270,2026-05-15T02:02:03.000Z,2026-05-15T02:23:13.000Z,11.2,-11.69,8.74,-2.46,0,0.07,4611.46,4612.84,4605.86,4675.65,BUY,USD,1,1,1583663
D#1702532,XAUUSD,100,7349874591908645868,7349874591887948467,7349874591981543038,7349874591981541760,276,2026-05-15T02:18:41.000Z,2026-05-15T02:23:17.000Z,-28.6,27.200000000000003,-35.6,-7,0,0.2,4614.4,4612.75,,,BUY,USD,1,1,1583663
D#1702591,XAUUSD,100,7349874591908646147,7349874591887948448,7349874591981541741,7349874591981541505,675,2026-05-15T02:17:52.000Z,2026-05-15T02:29:07.000Z,-7.2,6.15,-12.46,-5.26,0,0.15,4612.28,4611.58,4611.73,4619.53,BUY,USD,1,1,1583663
D#1702591,XAUUSD,100,7349874591908646235,7349874591887948728,7349874591981545316,7349874591981544840,88,2026-05-15T02:29:22.000Z,2026-05-15T02:30:50.000Z,-38.4,37.35,-43.66,-5.26,0,0.15,4612.02,4614.8,,4604.51,SELL,USD,1,1,1583663
D#1645651,XAUUSD,100,7349874591908646269,7349874591887948487,7349874591981542417,7349874591981542031,731,2026-05-15T02:19:38.000Z,2026-05-15T02:31:49.000Z,-47.4,46.0,-54.4,-7,0,0.2,4613.88,4611.29,4611.42,4618.02,BUY,USD,1,1,1583663
D#1702658,XAUUSD,100,7349874591908646286,7349874591887948574,7349874591981543293,7349874591981543230,478,2026-05-15T02:23:56.000Z,2026-05-15T02:31:54.000Z,89.2,-90.60000000000001,82.2,-7,0,0.2,4614.4,4610.16,4621.39,4609.73,SELL,USD,1,1,1583663
D#1702532,XAUUSD,100,7349874591908646391,7349874591887948564,7349874591981546115,7349874591981543110,591,2026-05-15T02:23:31.000Z,2026-05-15T02:33:22.000Z,50,-51.4,43.0,-7,0,0.2,4612.73,4610.45,,,SELL,USD,1,1,1583663
D#1702518,XAUUSD,100,7349874591908646429,7349874591887948404,7349874591981546493,7349874591981540891,1123,2026-05-15T02:15:54.000Z,2026-05-15T02:34:37.000Z,0.8,-1.5,-2.7,-3.5,0,0.1,4611.1,4611.24,,,SELL,USD,1,1,1583663
D#1671066,XAUUSD,100,7349874591908646463,7349874591887948553,7349874591981546697,7349874591981542953,740,2026-05-15T02:22:57.000Z,2026-05-15T02:35:17.000Z,12.6,-14.7,2.1,-10.5,0,0.3,4614.21,4614.41,,,BUY,USD,1,1,1583663
D#1702365,XAUUSD,100,7349874591908646498,7349874591887948371,7349874591981546931,7349874591981540599,1252,2026-05-15T02:15:07.000Z,2026-05-15T02:35:59.000Z,-37,36.3,-40.5,-3.5,0,0.1,4610.6,4614.52,4619.52,4590.25,SELL,USD,1,1,1583663
D#1670988,XAUUSD,100,7349874591908646590,7349874591887948945,7349874591981547702,7349874591981547535,41,2026-05-15T02:38:04.000Z,2026-05-15T02:38:45.000Z,-0.51,0.44,-0.87,-0.36,0,0.01,4616.32,4615.59,,,BUY,USD,1,1,1583663
D#1645651,XAUUSD,100,7349874591908646624,7349874591887948939,7349874591981547631,7349874591981547384,137,2026-05-15T02:37:29.000Z,2026-05-15T02:39:46.000Z,-39.6,38.2,-46.6,-7,0,0.2,4615.92,4613.72,4613.2,4624,BUY,USD,1,1,1583663
D#1702365,XAUUSD,100,7349874591908646647,7349874591887948915,7349874591981548127,7349874591981547043,227,2026-05-15T02:36:20.000Z,2026-05-15T02:40:07.000Z,-34.6,33.2,-41.6,-7,0,0.2,4614.42,4612.47,,,BUY,USD,1,1,1583663
D#1671066,XAUUSD,100,7349874591908646658,7349874591887948903,7349874591981547571,7349874591981546875,276,2026-05-15T02:35:47.000Z,2026-05-15T02:40:23.000Z,85.8,-87.89999999999999,75.3,-10.5,0,0.3,4613.7,4611.06,,4611.01,SELL,USD,1,1,1583663
D#1702522,XAUUSD,100,7349874591908646854,7349874591887948325,7349874591981540128,7349874591981540040,1919,2026-05-15T02:13:12.000Z,2026-05-15T02:45:11.000Z,-4.26,4.1899999999999995,-4.62,-0.36,0,0.01,4614.04,4618.52,4618.36,4608.68,SELL,USD,1,1,1583663
D#1702430,XAUUSD,100,7349874591908646874,7349874591887948932,7349874591981549557,7349874591981547221,521,2026-05-15T02:36:55.000Z,2026-05-15T02:45:36.000Z,9.72,-10.0,8.32,-1.4,0,0.04,4615.07,4617.28,4618,,BUY,USD,1,1,1583663
D#1645671,XAUUSD,100,7349874591908646889,7349874591887949056,7349874591981549683,7349874591981549290,82,2026-05-15T02:44:27.000Z,2026-05-15T02:45:49.000Z,-0.54,0.33000000000000007,-1.6,-1.06,0,0.03,4616.87,4616.47,4616.7,,BUY,USD,1,1,1583663
D#1671066,XAUUSD,100,7349874591908646919,7349874591887949068,7349874591981549508,7349874591981549383,84,2026-05-15T02:44:48.000Z,2026-05-15T02:46:12.000Z,110.4,-112.5,99.9,-10.5,0,0.3,4617.4,4613.94,,4614.86,SELL,USD,1,1,1583663
D#1702417,XAUUSD,100,7349874591908647048,7349874591887949157,7349874591981550766,7349874591981550493,64,2026-05-15T02:48:33.000Z,2026-05-15T02:49:37.000Z,8.9,-9.6,5.4,-3.5,0,0.1,4613.1,4613.77,,,BUY,USD,1,1,1583663
D#1702403,XAUUSD,100,7349874591908647058,7349874591887947161,7349874591981550844,7349874591981526572,4610,2026-05-15T01:33:06.000Z,2026-05-15T02:49:56.000Z,-8.75,8.26,-11.21,-2.46,0,0.07,4613.27,4614.74,4627.61,4596.66,SELL,USD,1,1,1583663
D#1671066,XAUUSD,100,7349874591908647111,7349874591887949135,7349874591981550227,7349874591981550151,254,2026-05-15T02:47:13.000Z,2026-05-15T02:51:27.000Z,97.8,-99.89999999999999,87.3,-10.5,0,0.3,4613.35,4616.39,,4615.94,BUY,USD,1,1,1583663
D#1702487,XAUUSD,100,7349874591908647146,7349874591887949222,7349874591981551297,7349874591981551235,9,2026-05-15T02:51:29.000Z,2026-05-15T02:51:38.000Z,-1,0.9299999999999999,-1.36,-0.36,0,0.01,4616.49,4617.71,,,SELL,USD,1,1,1583663
D#1702726,XAUUSD,100,7349874591908647162,7349874591887948528,7349874591981542586,7349874591981542492,1835,2026-05-15T02:21:08.000Z,2026-05-15T02:51:43.000Z,-92.2,90.8,-99.2,-7,0,0.2,4614.45,4619.28,4618.92,4608.02,SELL,USD,1,1,1583663
D#1702562,XAUUSD,100,7349874591908647228,7349874591887947924,7349874591981536446,7349874591981535860,3079,2026-05-15T02:00:41.000Z,2026-05-15T02:52:00.000Z,-20.7,20.56,-21.4,-0.7,0,0.02,4610.39,4620.96,4620.5,4580.5,SELL,USD,1,1,1583663
D#1702526,XAUUSD,100,7349874591908647227,7349874591887948614,7349874591981543709,7349874591981543660,1602,2026-05-15T02:25:18.000Z,2026-05-15T02:52:00.000Z,-79,78.3,-82.5,-3.5,0,0.1,4612.84,4620.96,4620.5,4601.64,SELL,USD,1,1,1583663
D#1702690,XAUUSD,100,7349874591908647265,7349874591887948867,7349874591981551528,7349874591981546498,1056,2026-05-15T02:34:38.000Z,2026-05-15T02:52:14.000Z,154.2,-155.6,147.2,-7,0,0.2,4611.54,4619.03,,,BUY,USD,1,1,1583663
D#1702487,XAUUSD,100,7349874591908647307,7349874591887949234,7349874591981551764,7349874591981551321,73,2026-05-15T02:51:43.000Z,2026-05-15T02:52:56.000Z,1.84,-1.98,1.14,-0.7,0,0.02,4619.35,4620.05,,4622.15,BUY,USD,1,1,1583663
D#1702435,XAUUSD,100,7349874591908647491,7349874591887947615,7349874591981552634,7349874591981532147,3952,2026-05-15T01:49:26.000Z,2026-05-15T02:55:18.000Z,35.4,-36.1,31.9,-3.5,0,0.1,4617.41,4620.73,,4622,BUY,USD,1,1,1583663
D#1671058,XAUUSD,100,7349874591908647497,7349874591887947745,7349874591981552663,7349874591981533563,3700,2026-05-15T01:53:43.000Z,2026-05-15T02:55:23.000Z,125.7,-126.4,122.2,-3.5,0,0.1,4609.21,4621.56,,,BUY,USD,1,1,1583663
D#1702487,XAUUSD,100,7349874591908647531,7349874591887949311,7349874591981552077,7349874591981551980,149,2026-05-15T02:53:32.000Z,2026-05-15T02:56:01.000Z,10.44,-10.65,9.38,-1.06,0,0.03,4619.43,4622.69,,4622.79,BUY,USD,1,1,1583663
D#1702487,XAUUSD,100,7349874591908647615,7349874591887949419,7349874591981553369,7349874591981553099,54,2026-05-15T02:56:42.000Z,2026-05-15T02:57:36.000Z,-2.82,2.61,-3.88,-1.06,0,0.03,4623.13,4621.97,4597.79,4661.85,BUY,USD,1,1,1583663
D#1702536,XAUUSD,100,7349874591908647648,7349874591887948698,7349874591981553630,7349874591981544615,1804,2026-05-15T02:28:32.000Z,2026-05-15T02:58:36.000Z,-109.2,108.22,-114.1,-4.9,0,0.14,4613.14,4621.16,,,SELL,USD,1,1,1583663
D#1671058,XAUUSD,100,7349874591908647647,7349874591887949386,7349874591981553628,7349874591981552710,186,2026-05-15T02:55:30.000Z,2026-05-15T02:58:36.000Z,6.9,-7.6000000000000005,3.4,-3.5,0,0.1,4621.63,4621.16,,,SELL,USD,1,1,1583663
D#1645651,XAUUSD,100,7349874591908647689,7349874591887949370,7349874591981553215,7349874591981552529,265,2026-05-15T02:55:02.000Z,2026-05-15T02:59:27.000Z,-77.66,76.11999999999999,-85.36,-7.7,0,0.22,4621.45,4617.7,4618.31,4631.26,BUY,USD,1,1,1583663
D#1702417,XAUUSD,100,7349874591908647703,7349874591887949409,7349874591981553915,7349874591981552980,195,2026-05-15T02:56:21.000Z,2026-05-15T02:59:36.000Z,34.7,-35.400000000000006,31.2,-3.5,0,0.1,4620.98,4617.73,,,SELL,USD,1,1,1583663
D#1702417,XAUUSD,100,7349874591908647829,7349874591887949526,7349874591981554867,7349874591981554530,78,2026-05-15T03:01:35.000Z,2026-05-15T03:02:53.000Z,41,-41.7,37.5,-3.5,0,0.1,4619.01,4615.13,,,SELL,USD,1,1,1583663
D#1702435,XAUUSD,100,7349874591908647883,7349874591887949387,7349874591981555246,7349874591981552719,526,2026-05-15T02:55:33.000Z,2026-05-15T03:04:19.000Z,46.1,-46.800000000000004,42.6,-3.5,0,0.1,4621.82,4617.43,,4614,SELL,USD,1,1,1583663
D#1671066,XAUUSD,100,7349874591908647918,7349874591887949537,7349874591981554796,7349874591981554695,176,2026-05-15T03:02:16.000Z,2026-05-15T03:05:12.000Z,65.4,-67.5,54.9,-10.5,0,0.3,4617.81,4619.77,,4619.95,BUY,USD,1,1,1583663
D#1671058,XAUUSD,100,7349874591908647949,7349874591887949464,7349874591981555663,7349874591981553685,422,2026-05-15T02:58:50.000Z,2026-05-15T03:05:52.000Z,15.8,-16.5,12.3,-3.5,0,0.1,4620.46,4621.82,,,BUY,USD,1,1,1583663
D#1702417,XAUUSD,100,7349874591908647981,7349874591887949622,7349874591981556024,7349874591981555888,33,2026-05-15T03:06:39.000Z,2026-05-15T03:07:12.000Z,-20.8,20.1,-24.3,-3.5,0,0.1,4622.08,4619.78,,,BUY,USD,1,1,1583663
D#1671058,XAUUSD,100,7349874591908647984,7349874591887949621,7349874591981556041,7349874591981555870,41,2026-05-15T03:06:35.000Z,2026-05-15T03:07:16.000Z,72.3,-74.39999999999999,61.8,-10.5,0,0.3,4622.25,4620.06,,,SELL,USD,1,1,1583663
D#1702487,XAUUSD,100,7349874591908648006,7349874591887949441,7349874591981556235,7349874591981553400,625,2026-05-15T02:57:41.000Z,2026-05-15T03:08:06.000Z,-19.86,19.439999999999998,-21.96,-2.1,0,0.06,4622.24,4618.71,4589.79,4631.05,BUY,USD,1,1,1583663
D#1671058,XAUUSD,100,7349874591908648031,7349874591887949634,7349874591981556315,7349874591981556091,53,2026-05-15T03:07:30.000Z,2026-05-15T03:08:23.000Z,52.8,-54.9,42.3,-10.5,0,0.3,4619.46,4617.92,,,SELL,USD,1,1,1583663
D#1702435,XAUUSD,100,7349874591908648070,7349874591887949611,7349874591981555901,7349874591981555725,225,2026-05-15T03:06:05.000Z,2026-05-15T03:09:50.000Z,40,-40.7,36.5,-3.5,0,0.1,4621.18,4617.4,,4617,SELL,USD,1,1,1583663
D#1671066,XAUUSD,100,7349874591908648071,7349874591887949672,7349874591981556676,7349874591981556576,26,2026-05-15T03:09:25.000Z,2026-05-15T03:09:51.000Z,-8.7,6.6,-19.2,-10.5,0,0.3,4617.84,4617.33,,4618.5,BUY,USD,1,1,1583663
D#1702487,XAUUSD,100,7349874591908648099,7349874591887949647,7349874591981556908,7349874591981556247,148,2026-05-15T03:08:10.000Z,2026-05-15T03:10:38.000Z,2.32,-2.88,-0.48,-2.8,0,0.08,4618.12,4618.05,,4608.87,SELL,USD,1,1,1583663
D#1702417,XAUUSD,100,7349874591908648170,7349874591887949633,7349874591981557458,7349874591981556084,315,2026-05-15T03:07:28.000Z,2026-05-15T03:12:43.000Z,-3.1,2.4,-6.6,-3.5,0,0.1,4619.68,4619.15,,,BUY,USD,1,1,1583663
D#1702677,XAUUSD,100,7349874591908648184,7349874591887949688,7349874591981557610,7349874591981556792,186,2026-05-15T03:10:14.000Z,2026-05-15T03:13:20.000Z,4.08,-4.29,3.02,-1.06,0,0.03,4618.37,4619.51,4602.46,4649.55,BUY,USD,1,1,1583663
D#1670980,XAUUSD,100,7349874591908648212,7349874591887949617,7349874591981557821,7349874591981555827,464,2026-05-15T03:06:26.000Z,2026-05-15T03:14:10.000Z,-209.5,206.0,-227.0,-17.5,0,0.5,4621.62,4617.21,,,BUY,USD,1,1,1583663
D#1702417,XAUUSD,100,7349874591908648220,7349874591887949770,7349874591981557867,7349874591981557790,19,2026-05-15T03:14:04.000Z,2026-05-15T03:14:23.000Z,-7.5,6.8,-11.0,-3.5,0,0.1,4616.84,4617.81,,,SELL,USD,1,1,1583663
D#1671058,XAUUSD,100,7349874591908648257,7349874591887949686,7349874591981558333,7349874591981556761,366,2026-05-15T03:10:06.000Z,2026-05-15T03:16:12.000Z,14.1,-16.2,3.6,-10.5,0,0.3,4617.84,4617.59,,,SELL,USD,1,1,1583663
D#1702702,XAUUSD,100,7349874591908648296,7349874591887949640,7349874591981556843,7349874591981556156,536,2026-05-15T03:07:44.000Z,2026-05-15T03:16:40.000Z,-12.3,12.09,-13.36,-1.06,0,0.03,4620.02,4615.7,4615.82,4631.78,BUY,USD,1,1,1583663
D#1702707,XAUUSD,100,7349874591908648306,7349874591887949547,7349874591981558545,7349874591981554804,849,2026-05-15T03:02:41.000Z,2026-05-15T03:16:50.000Z,-1.09,1.02,-1.45,-0.36,0,0.01,4617.38,4616.07,4606.29,,BUY,USD,1,1,1583663
D#1702745,XAUUSD,100,7349874591908648311,7349874591887949829,7349874591981558648,7349874591981558558,26,2026-05-15T03:16:53.000Z,2026-05-15T03:17:19.000Z,2.6,-4.0,-4.4,-7,0,0.2,4616.83,4616.74,,,BUY,USD,1,1,1583663
D#1645651,XAUUSD,100,7349874591908648325,7349874591887949684,7349874591981557038,7349874591981556737,481,2026-05-15T03:10:02.000Z,2026-05-15T03:18:03.000Z,-69.52,67.97999999999999,-77.22,-7.7,0,0.22,4618.16,4614.78,4614.89,4630.26,BUY,USD,1,1,1583663
D#1702365,XAUUSD,100,7349874591908648345,7349874591887949671,7349874591981558915,7349874591981556571,536,2026-05-15T03:09:24.000Z,2026-05-15T03:18:20.000Z,-51.2,49.800000000000004,-58.2,-7,0,0.2,4618.06,4615.28,4612.38,4630.53,BUY,USD,1,1,1583663
D#1614622,XAUUSD,100,7349874591908648354,7349874591887949840,7349874591981558962,7349874591981558837,25,2026-05-15T03:18:05.000Z,2026-05-15T03:18:30.000Z,-0.93,0.8600000000000001,-1.29,-0.36,0,0.01,4614.53,4615.68,,,SELL,USD,1,1,1583663
D#1702745,XAUUSD,100,7349874591908648375,7349874591887949836,7349874591981559101,7349874591981558693,88,2026-05-15T03:17:30.000Z,2026-05-15T03:18:58.000Z,13.2,-14.6,6.2,-7,0,0.2,4615.98,4615.54,,,SELL,USD,1,1,1583663
D#1591591,XAUUSD,100,7349874591908648403,7349874591887948582,7349874591981559336,7349874591981543310,3348,2026-05-15T02:24:12.000Z,2026-05-15T03:20:00.000Z,13.7,-14.399999999999999,10.2,-3.5,0,0.1,4613.5,4614.65,4600.52,4658.98,BUY,USD,1,1,1583663
D#1702536,XAUUSD,100,7349874591908648447,7349874591887949463,7349874591981554078,7349874591981553684,1302,2026-05-15T02:58:50.000Z,2026-05-15T03:20:32.000Z,116.7,-117.75,111.44,-5.26,0,0.15,4620.35,4612.79,4623.32,4612.64,SELL,USD,1,1,1583663
D#1702726,XAUUSD,100,7349874591908648441,7349874591887949580,7349874591981555310,7349874591981555252,973,2026-05-15T03:04:19.000Z,2026-05-15T03:20:32.000Z,-92.8,91.39999999999999,-99.8,-7,0,0.2,4617.43,4612.57,4612.93,4624,BUY,USD,1,1,1583663
D#1671068,XAUUSD,100,7349874591908648459,7349874591887948427,7349874591981541174,7349874591981541168,3826,2026-05-15T02:16:49.000Z,2026-05-15T03:20:35.000Z,0.08,-0.15000000000000002,-0.28,-0.36,0,0.01,4612.27,4612.13,4612.21,4623.67,BUY,USD,1,1,1583663
D#1702417,XAUUSD,100,7349874591908648458,7349874591887949789,7349874591981559501,7349874591981558053,328,2026-05-15T03:15:07.000Z,2026-05-15T03:20:35.000Z,-57.4,56.699999999999996,-60.9,-3.5,0,0.1,4618.09,4612.13,,4620.03,BUY,USD,1,1,1583663
D#1702439,XAUUSD,100,7349874591908648461,7349874591887949084,7349874591981549502,7349874591981549499,2128,2026-05-15T02:45:08.000Z,2026-05-15T03:20:36.000Z,82.74,-83.72,77.84,-4.9,0,0.14,4617.77,4612.08,4626.25,4612.13,SELL,USD,1,1,1583663
D#1702690,XAUUSD,100,7349874591908648469,7349874591887949338,7349874591981559547,7349874591981552226,1594,2026-05-15T02:54:11.000Z,2026-05-15T03:20:45.000Z,-146.4,145.0,-153.4,-7,0,0.2,4619.32,4611.78,4599.76,4637.7,BUY,USD,1,1,1583663
D#1670934,XAUUSD,100,7349874591908648504,7349874591887949887,7349874591981559757,7349874591981559306,90,2026-05-15T03:19:51.000Z,2026-05-15T03:21:21.000Z,-166.8,164.0,-180.8,-14,0,0.4,4615.62,4611.23,,,BUY,USD,1,1,1583663
D#1702526,XAUUSD,100,7349874591908648536,7349874591887949612,7349874591981559972,7349874591981555726,955,2026-05-15T03:06:05.000Z,2026-05-15T03:22:00.000Z,98,-98.7,94.5,-3.5,0,0.1,4621.18,4611.6,,4609.73,SELL,USD,1,1,1583663
D#1591591,XAUUSD,100,7349874591908648604,7349874591887949892,7349874591981560686,7349874591981559361,295,2026-05-15T03:20:06.000Z,2026-05-15T03:25:01.000Z,34,-36.8,20.0,-14,0,0.4,4614.79,4614.16,4622.53,4586.9,SELL,USD,1,1,1583663
D#1702417,XAUUSD,100,7349874591908648608,7349874591887949925,7349874591981560148,7349874591981559701,238,2026-05-15T03:21:09.000Z,2026-05-15T03:25:07.000Z,36.7,-37.400000000000006,33.2,-3.5,0,0.1,4611.19,4614.64,,4614.54,BUY,USD,1,1,1583663
D#1702745,XAUUSD,100,7349874591908648615,7349874591887949876,7349874591981560743,7349874591981559171,356,2026-05-15T03:19:15.000Z,2026-05-15T03:25:11.000Z,9.4,-10.8,2.4,-7,0,0.2,4614.59,4614.34,,,SELL,USD,1,1,1583663
D#1702522,XAUUSD,100,7349874591908648627,7349874591887949964,7349874591981560841,7349874591981560296,132,2026-05-15T03:23:19.000Z,2026-05-15T03:25:31.000Z,2.6,-2.67,2.24,-0.36,0,0.01,4612.23,4614.61,4611.58,4615.76,BUY,USD,1,1,1583663
D#1702417,XAUUSD,100,7349874591908648652,7349874591887950010,7349874591981561070,7349874591981560892,39,2026-05-15T03:25:45.000Z,2026-05-15T03:26:24.000Z,2.4,-3.1,-1.1,-3.5,0,0.1,4614,4613.98,,,SELL,USD,1,1,1583663
D#1702658,XAUUSD,100,7349874591908648679,7349874591887949845,7349874591981561405,7349874591981558883,572,2026-05-15T03:18:15.000Z,2026-05-15T03:27:47.000Z,0.8,-2.2,-6.2,-7,0,0.2,4614.26,4614.44,4619.06,4609.1,SELL,USD,1,1,1583663
D#1702435,XAUUSD,100,7349874591908648700,7349874591887949979,7349874591981561672,7349874591981560509,286,2026-05-15T03:24:13.000Z,2026-05-15T03:28:59.000Z,-8.3,7.6000000000000005,-11.8,-3.5,0,0.1,4613.42,4612.37,,4615.5,BUY,USD,1,1,1583663
D#1702745,XAUUSD,100,7349874591908648710,7349874591887950002,7349874591981561703,7349874591981560800,223,2026-05-15T03:25:23.000Z,2026-05-15T03:29:06.000Z,42,-43.4,35.0,-7,0,0.2,4614.39,4612.51,,,SELL,USD,1,1,1583663
D#1702417,XAUUSD,100,7349874591908648712,7349874591887950042,7349874591981561705,7349874591981561401,80,2026-05-15T03:27:46.000Z,2026-05-15T03:29:06.000Z,-18.9,18.2,-22.4,-3.5,0,0.1,4614.43,4612.32,,,BUY,USD,1,1,1583663
D#1702522,XAUUSD,100,7349874591908648802,7349874591887950008,7349874591981561025,7349874591981560869,384,2026-05-15T03:25:40.000Z,2026-05-15T03:32:04.000Z,28.6,-29.3,25.1,-3.5,0,0.1,4613.95,4611.31,4616.44,4611.55,SELL,USD,1,1,1583663
D#1702745,XAUUSD,100,7349874591908648886,7349874591887950066,7349874591981563052,7349874591981561786,299,2026-05-15T03:29:21.000Z,2026-05-15T03:34:20.000Z,60.8,-62.199999999999996,53.8,-7,0,0.2,4612.65,4609.83,,,SELL,USD,1,1,1583663
D#1702487,XAUUSD,100,7349874591908648887,7349874591887949699,7349874591981557089,7349874591981556917,1421,2026-05-15T03:10:40.000Z,2026-05-15T03:34:21.000Z,143.99,-145.18,138.03,-5.96,0,0.17,4618.14,4609.89,4616.35,4609.77,SELL,USD,1,1,1583663
D#1645651,XAUUSD,100,7349874591908648895,7349874591887949989,7349874591981560949,7349874591981560657,569,2026-05-15T03:24:53.000Z,2026-05-15T03:34:22.000Z,-95.92,94.38,-103.62,-7.7,0,0.22,4613.91,4609.33,4609.65,4629.39,BUY,USD,1,1,1583663
D#1702467,XAUUSD,100,7349874591908648918,7349874591887947964,7349874591981536674,7349874591981536392,5541,2026-05-15T02:02:15.000Z,2026-05-15T03:34:36.000Z,-38.3,37.599999999999994,-41.8,-3.5,0,0.1,4612.56,4608.51,4608.86,4664,BUY,USD,1,1,1583663
D#1702417,XAUUSD,100,7349874591908648981,7349874591887950063,7349874591981563228,7349874591981561766,330,2026-05-15T03:29:17.000Z,2026-05-15T03:34:47.000Z,-34.6,33.9,-38.1,-3.5,0,0.1,4612.59,4608.91,,4616.01,BUY,USD,1,1,1583663
D#1670922,XAUUSD,100,7349874591908648988,7349874591887948046,7349874591981563250,7349874591981537694,5308,2026-05-15T02:06:23.000Z,2026-05-15T03:34:51.000Z,-194,191.2,-208.0,-14,0,0.4,4614.08,4609.01,,,BUY,USD,1,1,1583663
D#1702745,XAUUSD,100,7349874591908649069,7349874591887950157,7349874591981563718,7349874591981563180,95,2026-05-15T03:34:41.000Z,2026-05-15T03:36:16.000Z,54.8,-56.199999999999996,47.8,-7,0,0.2,4607.71,4610.23,,,BUY,USD,1,1,1583663
D#1614622,XAUUSD,100,7349874591908649189,7349874591887950228,7349874591981564226,7349874591981563755,90,2026-05-15T03:36:21.000Z,2026-05-15T03:37:51.000Z,-187.5,184.0,-205.0,-17.5,0,0.5,4610.01,4613.98,,4599.5,SELL,USD,1,1,1583663
D#1702417,XAUUSD,100,7349874591908649197,7349874591887950196,7349874591981564262,7349874591981563440,156,2026-05-15T03:35:24.000Z,2026-05-15T03:38:00.000Z,52.3,-53.0,48.8,-3.5,0,0.1,4609.38,4614.39,,4615.97,BUY,USD,1,1,1583663
D#1702648,XAUUSD,100,7349874591908649508,7349874591887950223,7349874591981566408,7349874591981563708,597,2026-05-15T03:36:13.000Z,2026-05-15T03:46:10.000Z,-18.9,18.549999999999997,-20.66,-1.76,0,0.05,4609.92,4613.92,,4600,SELL,USD,1,1,1583663
D#1702685,XAUUSD,100,7349874591908649513,7349874591887950337,7349874591981566459,7349874591981564854,375,2026-05-15T03:40:06.000Z,2026-05-15T03:46:21.000Z,-66,62.5,-83.5,-17.5,0,0.5,4615.35,4613.81,,4623.69,BUY,USD,1,1,1583663
D#1702745,XAUUSD,100,7349874591908649522,7349874591887950372,7349874591981566538,7349874591981565250,302,2026-05-15T03:41:40.000Z,2026-05-15T03:46:42.000Z,66,-67.4,59.0,-7,0,0.2,4616.02,4612.94,,,SELL,USD,1,1,1583663
D#1702745,XAUUSD,100,7349874591908649581,7349874591887950498,7349874591981566960,7349874591981566825,33,2026-05-15T03:48:07.000Z,2026-05-15T03:48:40.000Z,5.6,-7.0,-1.4,-7,0,0.2,4614.2,4614.26,,,BUY,USD,1,1,1583663
D#1702685,XAUUSD,100,7349874591908649612,7349874591887950470,7349874591981567311,7349874591981566478,235,2026-05-15T03:46:26.000Z,2026-05-15T03:50:21.000Z,-118,114.5,-135.5,-17.5,0,0.5,4613.62,4616.2,,4603.42,SELL,USD,1,1,1583663
D#1702336,XAUUSD,100,7349874591908649615,7349874591887950484,7349874591981566790,7349874591981566659,189,2026-05-15T03:47:16.000Z,2026-05-15T03:50:25.000Z,-14.55,14.200000000000001,-16.31,-1.76,0,0.05,4613.55,4616.68,4616.51,4610.17,SELL,USD,1,1,1583663
D#1702674,XAUUSD,100,7349874591908649635,7349874591887949987,7349874591981567595,7349874591981560627,1630,2026-05-15T03:24:43.000Z,2026-05-15T03:51:53.000Z,36.12,-37.099999999999994,31.22,-4.9,0,0.14,4613.69,4616.05,,,BUY,USD,1,1,1583663
D#1702417,XAUUSD,100,7349874591908649666,7349874591887950450,7349874591981567490,7349874591981566142,448,2026-05-15T03:45:09.000Z,2026-05-15T03:52:37.000Z,-37.5,36.8,-41.0,-3.5,0,0.1,4613.52,4617.49,4617.08,4612.25,SELL,USD,1,1,1583663
D#1671058,XAUUSD,100,7349874591908649668,7349874591887949808,7349874591981567772,7349874591981558369,2180,2026-05-15T03:16:19.000Z,2026-05-15T03:52:39.000Z,-10.5,8.4,-21.0,-10.5,0,0.3,4617.6,4617.03,,,BUY,USD,1,1,1583663
D#1671058,XAUUSD,100,7349874591908649676,7349874591887950557,7349874591981567854,7349874591981567801,16,2026-05-15T03:52:45.000Z,2026-05-15T03:53:01.000Z,42.9,-45.0,32.4,-10.5,0,0.3,4617.08,4615.87,,,SELL,USD,1,1,1583663
D#1702435,XAUUSD,100,7349874591908649800,7349874591887950340,7349874591981565021,7349874591981564898,955,2026-05-15T03:40:17.000Z,2026-05-15T03:56:12.000Z,40.7,-41.400000000000006,37.2,-3.5,0,0.1,4614.91,4611.06,,4611,SELL,USD,1,1,1583663
D#1645651,XAUUSD,100,7349874591908649802,7349874591887950333,7349874591981565002,7349874591981564825,970,2026-05-15T03:40:03.000Z,2026-05-15T03:56:13.000Z,-112.58,110.76,-121.68,-9.1,0,0.26,4615.28,4610.73,4610.88,,BUY,USD,1,1,1583663
D#1702522,XAUUSD,100,7349874591908649905,7349874591887950669,7349874591981569286,7349874591981569136,47,2026-05-15T03:58:40.000Z,2026-05-15T03:59:27.000Z,7.6,-8.299999999999999,4.1,-3.5,0,0.1,4615.7,4616.24,4612.42,4621.51,BUY,USD,1,1,1583663
D#1645651,XAUUSD,100,7349874591908649967,7349874591887950668,7349874591981569302,7349874591981569129,173,2026-05-15T03:58:38.000Z,2026-05-15T04:01:31.000Z,-23.66,21.84,-32.76,-9.1,0,0.26,4615.75,4614.62,4614.97,4633.19,BUY,USD,1,1,1583663
D#1702522,XAUUSD,100,7349874591908649976,7349874591887950697,7349874591981569807,7349874591981569518,88,2026-05-15T04:00:34.000Z,2026-05-15T04:02:02.000Z,-26,25.3,-29.5,-3.5,0,0.1,4616.73,4613.91,4615.15,,BUY,USD,1,1,1583663
D#1702745,XAUUSD,100,7349874591908649978,7349874591887950512,7349874591981569813,7349874591981567022,789,2026-05-15T03:48:54.000Z,2026-05-15T04:02:03.000Z,4,-5.4,-3.0,-7,0,0.2,4614.46,4614.48,,,SELL,USD,1,1,1583663
D#1702648,XAUUSD,100,7349874591908650036,7349874591887950485,7349874591981570212,7349874591981566674,987,2026-05-15T03:47:22.000Z,2026-05-15T04:03:49.000Z,8.6,-10.0,1.6,-7,0,0.2,4614.3,4614.51,,,BUY,USD,1,1,1583663
D#1702726,XAUUSD,100,7349874591908650097,7349874591887950577,7349874591981568070,7349874591981568020,734,2026-05-15T03:53:45.000Z,2026-05-15T04:05:59.000Z,-63.2,61.800000000000004,-70.2,-7,0,0.2,4614.78,4618.16,4617.95,4608.49,SELL,USD,1,1,1583663
D#1702439,XAUUSD,100,7349874591908650161,7349874591887950040,7349874591981561354,7349874591981561350,2392,2026-05-15T03:27:34.000Z,2026-05-15T04:07:26.000Z,80.5,-81.48,75.6,-4.9,0,0.14,4614.07,4619.6,4604.89,4619.7,BUY,USD,1,1,1583663
D#1591591,XAUUSD,100,7349874591908650168,7349874591887950463,7349874591981571037,7349874591981566298,1318,2026-05-15T03:45:42.000Z,2026-05-15T04:07:40.000Z,-217.6,214.79999999999998,-231.6,-14,0,0.4,4613.81,4619.47,,,SELL,USD,1,1,1583663
D#1671058,XAUUSD,100,7349874591908650201,7349874591887950564,7349874591981571244,7349874591981567888,931,2026-05-15T03:53:09.000Z,2026-05-15T04:08:40.000Z,158.4,-160.5,147.9,-10.5,0,0.3,4615.4,4620.46,,,BUY,USD,1,1,1583663
D#1702363,XAUUSD,100,7349874591908650264,7349874591887950496,7349874591981567137,7349874591981566803,1291,2026-05-15T03:48:00.000Z,2026-05-15T04:09:31.000Z,-35.65,35.3,-37.41,-1.76,0,0.05,4613.91,4621.26,4621.02,4594.02,SELL,USD,1,1,1583663
D#1614601,XAUUSD,100,7349874591908650449,7349874591887948062,7349874591981572079,7349874591981537961,7527,2026-05-15T02:07:18.000Z,2026-05-15T04:12:45.000Z,23.2,-23.55,21.44,-1.76,0,0.05,4615.1,4619.52,4619.64,4634.12,BUY,USD,1,1,1583663
D#1702336,XAUUSD,100,7349874591908650512,7349874591887950670,7349874591981573053,7349874591981569170,935,2026-05-15T03:58:49.000Z,2026-05-15T04:14:24.000Z,-23.94,23.52,-26.04,-2.1,0,0.06,4615.76,4619.97,4623.75,4593.7,SELL,USD,1,1,1583663
D#1702658,XAUUSD,100,7349874591908650703,7349874591887950828,7349874591981571618,7349874591981571541,622,2026-05-15T04:08:58.000Z,2026-05-15T04:19:20.000Z,-91.4,90.0,-98.4,-7,0,0.2,4620.24,4615.45,4615.58,4625.66,BUY,USD,1,1,1583663
D#1702726,XAUUSD,100,7349874591908650702,7349874591887951068,7349874591981574192,7349874591981574063,26,2026-05-15T04:18:54.000Z,2026-05-15T04:19:20.000Z,-38.4,37.0,-45.4,-7,0,0.2,4617.6,4615.46,4613.05,4623.72,BUY,USD,1,1,1583663
D#1702702,XAUUSD,100,7349874591908650714,7349874591887950641,7349874591981568985,7349874591981568792,1343,2026-05-15T03:57:08.000Z,2026-05-15T04:19:31.000Z,13.97,-14.74,10.11,-3.86,0,0.11,4613.49,4614.54,4615.01,4631.56,BUY,USD,1,1,1583663
D#1702336,XAUUSD,100,7349874591908650712,7349874591887950979,7349874591981573196,7349874591981573061,304,2026-05-15T04:14:27.000Z,2026-05-15T04:19:31.000Z,-52.3,51.599999999999994,-55.8,-3.5,0,0.1,4620.09,4614.64,4615.28,4636.85,BUY,USD,1,1,1583663
D#1702439,XAUUSD,100,7349874591908650745,7349874591887950902,7349874591981572554,7349874591981572206,528,2026-05-15T04:11:16.000Z,2026-05-15T04:20:04.000Z,80.5,-81.48,75.6,-4.9,0,0.14,4619.75,4614.22,4630.63,4614.11,SELL,USD,1,1,1583663
D#1702648,XAUUSD,100,7349874591908650746,7349874591887951056,7349874591981574357,7349874591981573970,98,2026-05-15T04:18:27.000Z,2026-05-15T04:20:05.000Z,36,-36.7,32.5,-3.5,0,0.1,4617.6,4614.22,,,SELL,USD,1,1,1583663
D#1702435,XAUUSD,100,7349874591908650776,7349874591887950789,7349874591981572181,7349874591981570864,814,2026-05-15T04:06:50.000Z,2026-05-15T04:20:24.000Z,67.3,-68.0,63.8,-3.5,0,0.1,4618.02,4611.51,,4612,SELL,USD,1,1,1583663
D#1702536,XAUUSD,100,7349874591908650777,7349874591887950873,7349874591981572393,7349874591981571946,606,2026-05-15T04:10:18.000Z,2026-05-15T04:20:24.000Z,-176.6,175.2,-183.6,-7,0,0.2,4620.3,4611.25,4612.32,4633.32,BUY,USD,1,1,1583663
D#1702431,XAUUSD,100,7349874591908650842,7349874591887951057,7349874591981574269,7349874591981573974,167,2026-05-15T04:18:29.000Z,2026-05-15T04:21:16.000Z,70.2,-70.9,66.7,-3.5,0,0.1,4617.53,4610.73,4622.64,4610.64,SELL,USD,1,1,1583663
D#1671056,XAUUSD,100,7349874591908650902,7349874591887949095,7349874591981574973,7349874591981549642,5783,2026-05-15T02:45:39.000Z,2026-05-15T04:22:02.000Z,-27.76,27.48,-29.16,-1.4,0,0.04,4617.43,4610.27,4605.26,4637.12,BUY,USD,1,1,1583663
D#1702336,XAUUSD,100,7349874591908650900,7349874591887951091,7349874591981574969,7349874591981574258,147,2026-05-15T04:19:35.000Z,2026-05-15T04:22:02.000Z,78.4,-79.80000000000001,71.4,-7,0,0.2,4614.22,4610.52,4617.9,4605.7,SELL,USD,1,1,1583663
D#1702408,XAUUSD,100,7349874591908650909,7349874591887950092,7349874591981575016,7349874591981562134,3099,2026-05-15T03:30:32.000Z,2026-05-15T04:22:11.000Z,82.4,-83.80000000000001,75.4,-7,0,0.2,4613.8,4609.9,,,SELL,USD,1,1,1583663
D#1702526,XAUUSD,100,7349874591908650927,7349874591887951030,7349874591981573870,7349874591981573728,309,2026-05-15T04:17:17.000Z,2026-05-15T04:22:26.000Z,91.1,-91.8,87.6,-3.5,0,0.1,4617.74,4608.85,4624.13,4608.71,SELL,USD,1,1,1583663
D#1702745,XAUUSD,100,7349874591908650948,7349874591887950720,7349874591981575111,7349874591981569886,1206,2026-05-15T04:02:25.000Z,2026-05-15T04:22:31.000Z,117,-118.4,110.0,-7,0,0.2,4613.58,4607.95,,,SELL,USD,1,1,1583663
D#1702336,XAUUSD,100,7349874591908651097,7349874591887951164,7349874591981576013,7349874591981574993,215,2026-05-15T04:22:07.000Z,2026-05-15T04:25:42.000Z,68.4,-70.5,57.9,-10.5,0,0.3,4609.72,4611.78,4607.68,4615.76,BUY,USD,1,1,1583663
D#1702336,XAUUSD,100,7349874591908651132,7349874591887951251,7349874591981576313,7349874591981576033,67,2026-05-15T04:25:46.000Z,2026-05-15T04:26:53.000Z,-16.5,14.4,-27.0,-10.5,0,0.3,4611.86,4612.63,4613.61,4605.86,SELL,USD,1,1,1583663
D#1702336,XAUUSD,100,7349874591908651207,7349874591887951277,7349874591981576775,7349874591981576363,106,2026-05-15T04:27:05.000Z,2026-05-15T04:28:51.000Z,63,-65.1,52.5,-10.5,0,0.3,4612.44,4610.56,4614.77,,SELL,USD,1,1,1583663
D#1702648,XAUUSD,100,7349874591908651299,7349874591887951189,7349874591981577437,7349874591981575272,520,2026-05-15T04:23:01.000Z,2026-05-15T04:31:41.000Z,53.1,-54.15,47.84,-5.26,0,0.15,4609.07,4612.39,,,BUY,USD,1,1,1583663
D#1702587,XAUUSD,100,7349874591908651313,7349874591887951350,7349874591981577306,7349874591981577135,104,2026-05-15T04:30:21.000Z,2026-05-15T04:32:05.000Z,-75,72.9,-85.5,-10.5,0,0.3,4610.85,4613.57,4613.36,4609.25,SELL,USD,1,1,1583663
D#1702745,XAUUSD,100,7349874591908651369,7349874591887951185,7349874591981577771,7349874591981575183,610,2026-05-15T04:22:45.000Z,2026-05-15T04:32:55.000Z,102,-103.4,95.0,-7,0,0.2,4609.89,4614.77,,,BUY,USD,1,1,1583663
D#1702336,XAUUSD,100,7349874591908651417,7349874591887951317,7349874591981578109,7349874591981576807,322,2026-05-15T04:28:57.000Z,2026-05-15T04:34:19.000Z,66.6,-68.69999999999999,56.1,-10.5,0,0.3,4610.95,4612.95,4612.13,,BUY,USD,1,1,1583663
D#1671057,XAUUSD,100,7349874591908651496,7349874591887951396,7349874591981577937,7349874591981577704,222,2026-05-15T04:32:40.000Z,2026-05-15T04:36:22.000Z,18.4,-19.799999999999997,11.4,-7,0,0.2,4613.87,4614.57,4611.58,4614.62,BUY,USD,1,1,1583663
D#1702452,XAUUSD,100,7349874591908651539,7349874591887951486,7349874591981579008,7349874591981578966,11,2026-05-15T04:37:42.000Z,2026-05-15T04:37:53.000Z,-4.5,1.0,-22.0,-17.5,0,0.5,4613.5,4613.81,,,SELL,USD,1,1,1583663
D#1671057,XAUUSD,100,7349874591908651577,7349874591887951498,7349874591981579202,7349874591981579125,23,2026-05-15T04:38:20.000Z,2026-05-15T04:38:43.000Z,82,-85.5,64.5,-17.5,0,0.5,4612.25,4610.83,4612.26,4611.03,SELL,USD,1,1,1583663
D#1702452,XAUUSD,100,7349874591908651587,7349874591887951488,7349874591981579235,7349874591981579036,45,2026-05-15T04:38:01.000Z,2026-05-15T04:38:46.000Z,154,-157.5,136.5,-17.5,0,0.5,4613.68,4610.82,,,SELL,USD,1,1,1583663
D#1671057,XAUUSD,100,7349874591908651617,7349874591887951507,7349874591981579514,7349874591981579263,56,2026-05-15T04:38:53.000Z,2026-05-15T04:39:49.000Z,27,-30.5,9.5,-17.5,0,0.5,4611.06,4611.38,4610.42,4612.4,BUY,USD,1,1,1583663
D#1702355,XAUUSD,100,7349874591908651626,7349874591887951472,7349874591981579600,7349874591981578757,202,2026-05-15T04:36:51.000Z,2026-05-15T04:40:13.000Z,-2.99,2.9200000000000004,-3.35,-0.36,0,0.01,4614.64,4611.43,,,BUY,USD,1,1,1583663
D#1702336,XAUUSD,100,7349874591908651644,7349874591887951432,7349874591981579749,7349874591981578152,392,2026-05-15T04:34:27.000Z,2026-05-15T04:40:59.000Z,40.2,-42.300000000000004,29.7,-10.5,0,0.3,4613.62,4612.5,4614.27,4607.02,SELL,USD,1,1,1583663
D#1702336,XAUUSD,100,7349874591908651679,7349874591887951540,7349874591981580055,7349874591981579768,81,2026-05-15T04:41:04.000Z,2026-05-15T04:42:25.000Z,-69,65.5,-86.5,-17.5,0,0.5,4612.66,4611.06,4610.81,4618.4,BUY,USD,1,1,1583663
D#1702587,XAUUSD,100,7349874591908651698,7349874591887951381,7349874591981577736,7349874591981577568,654,2026-05-15T04:32:10.000Z,2026-05-15T04:43:04.000Z,-89.4,87.30000000000001,-99.9,-10.5,0,0.3,4613.42,4610.22,4610.4,4615.36,BUY,USD,1,1,1583663
D#1671057,XAUUSD,100,7349874591908651714,7349874591887951557,7349874591981580230,7349874591981580008,55,2026-05-15T04:42:13.000Z,2026-05-15T04:43:08.000Z,95,-98.5,77.5,-17.5,0,0.5,4611.62,4609.94,,,SELL,USD,1,1,1583663
D#1670960,XAUUSD,100,7349874591908651719,7349874591887950445,7349874591981566312,7349874591981566069,3499,2026-05-15T03:44:51.000Z,2026-05-15T04:43:10.000Z,-95.8,94.39999999999999,-102.8,-7,0,0.2,4614.41,4609.4,4609.52,4630.19,BUY,USD,1,1,1583663
D#1702408,XAUUSD,100,7349874591908651723,7349874591887951168,7349874591981580263,7349874591981575052,1254,2026-05-15T04:22:22.000Z,2026-05-15T04:43:16.000Z,6.8,-8.2,-0.2,-7,0,0.2,4609.69,4609.57,,,SELL,USD,1,1,1583663
D#1702647,XAUUSD,100,7349874591908651731,7349874591887951481,7349874591981578969,7349874591981578877,365,2026-05-15T04:37:21.000Z,2026-05-15T04:43:26.000Z,-20.65,20.299999999999997,-22.41,-1.76,0,0.05,4613.38,4609.03,4609.34,4625.72,BUY,USD,1,1,1583663
D#1702436,XAUUSD,100,7349874591908651798,7349874591887948965,7349874591981548165,7349874591981547930,7453,2026-05-15T02:39:29.000Z,2026-05-15T04:43:42.000Z,-8.35,8.28,-8.71,-0.36,0,0.01,4615.04,4606.47,4606.7,4683.23,BUY,USD,1,1,1583663
D#1702729,XAUUSD,100,7349874591908651854,7349874591887949090,7349874591981554860,7349874591981549560,7113,2026-05-15T02:45:21.000Z,2026-05-15T04:43:54.000Z,-13.65,13.58,-14.01,-0.36,0,0.01,4618.84,4604.97,4605.15,,BUY,USD,1,1,1583663
D#1702562,XAUUSD,100,7349874591908651867,7349874591887950755,7349874591981572104,7349874591981570440,2336,2026-05-15T04:04:59.000Z,2026-05-15T04:43:55.000Z,-18.6,18.46,-19.3,-0.7,0,0.02,4614.47,4604.95,4605.08,4674.36,BUY,USD,1,1,1583663
D#1589456,XAUUSD,100,7349874591908651873,7349874591887949895,7349874591981559570,7349874591981559380,5025,2026-05-15T03:20:11.000Z,2026-05-15T04:43:56.000Z,-47.45,47.1,-49.21,-1.76,0,0.05,4614.58,4604.87,4605,4670,BUY,USD,1,1,1583663
D#1702587,XAUUSD,100,7349874591908651888,7349874591887951585,7349874591981580539,7349874591981580241,51,2026-05-15T04:43:10.000Z,2026-05-15T04:44:01.000Z,97.5,-99.6,87.0,-10.5,0,0.3,4609.4,4606.37,,,SELL,USD,1,1,1583663
D#1702452,XAUUSD,100,7349874591908651917,7349874591887951626,7349874591981580686,7349874591981580523,39,2026-05-15T04:43:57.000Z,2026-05-15T04:44:36.000Z,-14.5,11.0,-32.0,-17.5,0,0.5,4604.85,4604.34,,,BUY,USD,1,1,1583663
D#1702336,XAUUSD,100,7349874591908651933,7349874591887951567,7349874591981580702,7349874591981580154,106,2026-05-15T04:42:51.000Z,2026-05-15T04:44:37.000Z,324,-327.5,306.5,-17.5,0,0.5,4611.54,4605.28,,,SELL,USD,1,1,1583663
D#1670973,XAUUSD,100,7349874591908651995,7349874591887951106,7349874591981581092,7349874591981574471,1523,2026-05-15T04:20:29.000Z,2026-05-15T04:45:52.000Z,49.6,-50.300000000000004,46.1,-3.5,0,0.1,4611.31,4606.57,4606.62,4603,SELL,USD,1,1,1583663
D#1702748,XAUUSD,100,7349874591908652013,7349874591887949627,7349874591981581181,7349874591981555989,5943,2026-05-15T03:07:04.000Z,2026-05-15T04:46:07.000Z,103.25,-103.74,100.79,-2.46,0,0.07,4620.86,4606.33,,,SELL,USD,1,1,1583663
D#1702452,XAUUSD,100,7349874591908652022,7349874591887951653,7349874591981581243,7349874591981580746,100,2026-05-15T04:44:44.000Z,2026-05-15T04:46:24.000Z,21,-24.5,3.5,-17.5,0,0.5,4606.24,4606.44,,,BUY,USD,1,1,1583663
D#1702336,XAUUSD,100,7349874591908652032,7349874591887951671,7349874591981581332,7349874591981580940,82,2026-05-15T04:45:22.000Z,2026-05-15T04:46:44.000Z,47.4,-49.5,36.9,-10.5,0,0.3,4605.5,4606.86,,,BUY,USD,1,1,1583663
D#1702336,XAUUSD,100,7349874591908652061,7349874591887951714,7349874591981581456,7349874591981581439,4,2026-05-15T04:47:05.000Z,2026-05-15T04:47:09.000Z,-0.35,-5.551115123125783e-17,-2.11,-1.76,0,0.05,4606.99,4607.28,,,SELL,USD,1,1,1583663
D#1702452,XAUUSD,100,7349874591908652074,7349874591887951715,7349874591981581542,7349874591981581447,23,2026-05-15T04:47:07.000Z,2026-05-15T04:47:30.000Z,28.5,-32.0,11.0,-17.5,0,0.5,4607.05,4606.7,,,SELL,USD,1,1,1583663
D#1702336,XAUUSD,100,7349874591908652146,7349874591887951724,7349874591981581950,7349874591981581541,83,2026-05-15T04:47:30.000Z,2026-05-15T04:48:53.000Z,-8.55,8.200000000000001,-10.31,-1.76,0,0.05,4606.5,4608.43,4610.89,4604.42,SELL,USD,1,1,1583663
D#1702587,XAUUSD,100,7349874591908652202,7349874591887951676,7349874591981581394,7349874591981581023,269,2026-05-15T04:45:38.000Z,2026-05-15T04:50:07.000Z,122.1,-124.19999999999999,111.6,-10.5,0,0.3,4606.14,4609.99,4606.58,4610.06,BUY,USD,1,1,1583663
D#1702336,XAUUSD,100,7349874591908652205,7349874591887951759,7349874591981582304,7349874591981581982,69,2026-05-15T04:48:59.000Z,2026-05-15T04:50:08.000Z,19.3,-20.0,15.8,-3.5,0,0.1,4608.46,4610.17,,4610.76,BUY,USD,1,1,1583663
D#1702487,XAUUSD,100,7349874591908652229,7349874591887951716,7349874591981582356,7349874591981581453,190,2026-05-15T04:47:08.000Z,2026-05-15T04:50:18.000Z,-86.76,85.5,-93.06,-6.3,0,0.18,4606.81,4611.85,4615.06,4590.61,SELL,USD,1,1,1583663
D#1702452,XAUUSD,100,7349874591908652228,7349874591887951729,7349874591981582354,7349874591981581657,140,2026-05-15T04:47:58.000Z,2026-05-15T04:50:18.000Z,236.5,-240.0,219.0,-17.5,0,0.5,4607.11,4611.62,,,BUY,USD,1,1,1583663
D#1702587,XAUUSD,100,7349874591908652259,7349874591887951788,7349874591981582471,7349874591981582345,25,2026-05-15T04:50:16.000Z,2026-05-15T04:50:41.000Z,0.9,-3.0,-9.6,-10.5,0,0.3,4611.47,4611.28,,4613.77,BUY,USD,1,1,1583663
D#1702452,XAUUSD,100,7349874591908652296,7349874591887951802,7349874591981582716,7349874591981582460,57,2026-05-15T04:50:39.000Z,2026-05-15T04:51:36.000Z,30,-33.5,12.5,-17.5,0,0.5,4611.5,4611.12,,,SELL,USD,1,1,1583663
D#1670973,XAUUSD,100,7349874591908652308,7349874591887951698,7349874591981581520,7349874591981581275,319,2026-05-15T04:46:31.000Z,2026-05-15T04:51:50.000Z,53.6,-55.0,46.6,-7,0,0.2,4606.82,4609.28,4610.4,4618.32,BUY,USD,1,1,1583663
D#1702587,XAUUSD,100,7349874591908652320,7349874591887951806,7349874591981582813,7349874591981582511,65,2026-05-15T04:50:50.000Z,2026-05-15T04:51:55.000Z,-97.2,95.10000000000001,-107.7,-10.5,0,0.3,4612.31,4608.85,,,BUY,USD,1,1,1583663
D#1702452,XAUUSD,100,7349874591908652355,7349874591887951836,7349874591981583037,7349874591981582807,45,2026-05-15T04:51:55.000Z,2026-05-15T04:52:40.000Z,65,-68.5,47.5,-17.5,0,0.5,4609.05,4610.13,,,BUY,USD,1,1,1583663
D#1702648,XAUUSD,100,7349874591908652389,7349874591887951808,7349874591981583283,7349874591981582557,160,2026-05-15T04:50:57.000Z,2026-05-15T04:53:37.000Z,41.85,-42.9,36.59,-5.26,0,0.15,4611.93,4609.36,,,SELL,USD,1,1,1583663
D#1702452,XAUUSD,100,7349874591908652489,7349874591887951898,7349874591981583729,7349874591981583563,31,2026-05-15T04:54:44.000Z,2026-05-15T04:55:15.000Z,71,-74.5,53.5,-17.5,0,0.5,4608.59,4607.39,,,SELL,USD,1,1,1583663
D#1702587,XAUUSD,100,7349874591908652810,7349874591887951842,7349874591981583249,7349874591981582845,544,2026-05-15T04:52:00.000Z,2026-05-15T05:01:04.000Z,175.2,-177.29999999999998,164.7,-10.5,0,0.3,4608.65,4603.03,,4603.24,SELL,USD,1,1,1583663
D#1702563,XAUUSD,100,7349874591908652853,7349874591887947832,7349874591981585483,7349874591981534797,11037,2026-05-15T01:57:23.000Z,2026-05-15T05:01:20.000Z,223,-224.75,214.24,-8.76,0,0.25,4611.78,4603.08,,4596.43,SELL,USD,1,1,1583663
D#1702690,XAUUSD,100,7349874591908652856,7349874591887949971,7349874591981585497,7349874591981560360,5868,2026-05-15T03:23:34.000Z,2026-05-15T05:01:22.000Z,-197.6,196.2,-204.6,-7,0,0.2,4612.97,4602.87,,,BUY,USD,1,1,1583663
D#1702433,XAUUSD,100,7349874591908652923,7349874591887948722,7349874591981545720,7349874591981544788,9173,2026-05-15T02:29:10.000Z,2026-05-15T05:02:03.000Z,100.71,-101.33999999999999,97.55,-3.16,0,0.09,4611.99,4601.02,,4601,SELL,USD,1,1,1583663
D#1702469,XAUUSD,100,7349874591908652995,7349874591887951561,7349874591981585823,7349874591981580084,1176,2026-05-15T04:42:34.000Z,2026-05-15T05:02:10.000Z,-221.8,220.4,-228.8,-7,0,0.2,4611.66,4600.35,,4616.37,BUY,USD,1,1,1583663
D#1702641,XAUUSD,100,7349874591908652997,7349874591887951336,7349874591981585829,7349874591981577001,1946,2026-05-15T04:29:45.000Z,2026-05-15T05:02:11.000Z,-231.4,230.0,-238.4,-7,0,0.2,4612.1,4600.31,,,BUY,USD,1,1,1583663
D#1702677,XAUUSD,100,7349874591908653120,7349874591887949759,7349874591981557796,7349874591981557683,6610,2026-05-15T03:13:37.000Z,2026-05-15T05:03:47.000Z,100.3,-100.64999999999999,98.54,-1.76,0,0.05,4619.22,4599.38,4628.93,4599.24,SELL,USD,1,1,1583663
D#1702526,XAUUSD,100,7349874591908653157,7349874591887951587,7349874591981586560,7349874591981580258,1266,2026-05-15T04:43:15.000Z,2026-05-15T05:04:21.000Z,91.8,-92.5,88.3,-3.5,0,0.1,4609.4,4600.44,4615.65,4598.47,SELL,USD,1,1,1583663
D#1702497,XAUUSD,100,7349874591908653207,7349874591887946988,7349874591981526714,7349874591981524880,12991,2026-05-15T01:28:46.000Z,2026-05-15T05:05:17.000Z,-74.75,74.4,-76.51,-1.76,0,0.05,4613.64,4598.47,4598.77,4721.03,BUY,USD,1,1,1583663
D#1702615,XAUUSD,100,7349874591908653205,7349874591887951873,7349874591981583329,7349874591981583272,703,2026-05-15T04:53:34.000Z,2026-05-15T05:05:17.000Z,425.2,-428.0,411.2,-14,0,0.4,4609.1,4598.69,4610.77,4598.9,SELL,USD,1,1,1583663
D#1670915,XAUUSD,100,7349874591908653232,7349874591887951752,7349874591981585704,7349874591981581941,1004,2026-05-15T04:48:52.000Z,2026-05-15T05:05:36.000Z,37.5,-37.85,35.74,-1.76,0,0.05,4608.52,4601.24,4601.04,,SELL,USD,1,1,1583663
D#1702526,XAUUSD,100,7349874591908653350,7349874591887952223,7349874591981587027,7349874591981586970,110,2026-05-15T05:05:35.000Z,2026-05-15T05:07:25.000Z,-30.2,29.5,-33.7,-3.5,0,0.1,4601.11,4597.87,4597.89,4601.17,BUY,USD,1,1,1583663
D#1614603,XAUUSD,100,7349874591908653395,7349874591887951480,7349874591981578874,7349874591981578870,1811,2026-05-15T04:37:20.000Z,2026-05-15T05:07:31.000Z,115.78,-116.27,113.32,-2.46,0,0.07,4613.39,4597.07,4623.75,4597.07,SELL,USD,1,1,1583663
D#1702729,XAUUSD,100,7349874591908653422,7349874591887952224,7349874591981587708,7349874591981586972,120,2026-05-15T05:05:35.000Z,2026-05-15T05:07:35.000Z,-3.76,3.69,-4.12,-0.36,0,0.01,4601.11,4597.13,,,BUY,USD,1,1,1583663
D#1702363,XAUUSD,100,7349874591908653540,7349874591887950849,7349874591981572047,7349874591981571773,3527,2026-05-15T04:09:43.000Z,2026-05-15T05:08:30.000Z,134.9,-135.25,133.14,-1.76,0,0.05,4621.2,4594.44,4628.31,4594.31,SELL,USD,1,1,1583663
D#1614595,XAUUSD,100,7349874591908653570,7349874591887952216,7349874591981587049,7349874591981586926,191,2026-05-15T05:05:28.000Z,2026-05-15T05:08:39.000Z,5.61,-5.680000000000001,5.25,-0.36,0,0.01,4599.22,4593.83,4603.37,4593.78,SELL,USD,1,1,1583663
D#1702408,XAUUSD,100,7349874591908653631,7349874591887951590,7349874591981588577,7349874591981580284,1589,2026-05-15T04:43:22.000Z,2026-05-15T05:09:51.000Z,321.8,-323.2,314.8,-7,0,0.2,4609.38,4593.51,,,SELL,USD,1,1,1583663
D#1702358,XAUUSD,100,7349874591908653697,7349874591887952130,7349874591981588854,7349874591981585977,480,2026-05-15T05:02:35.000Z,2026-05-15T05:10:35.000Z,-135.9,134.85,-141.16,-5.26,0,0.15,4601.61,4592.33,,,BUY,USD,1,1,1583663
D#1702390,XAUUSD,100,7349874591908653771,7349874591887952350,7349874591981589159,7349874591981588381,131,2026-05-15T05:09:16.000Z,2026-05-15T05:11:27.000Z,107.9,-109.72,98.8,-9.1,0,0.26,4593.54,4589.61,,,SELL,USD,1,1,1583663
D#1589450,XAUUSD,100,7349874591908653893,7349874591887952031,7349874591981587562,7349874591981585119,798,2026-05-15T05:00:09.000Z,2026-05-15T05:13:27.000Z,171.8,-172.5,168.3,-3.5,0,0.1,4606.1,4589.14,4604.43,4589.06,SELL,USD,1,1,1583663
D#1670972,XAUUSD,100,7349874591908654039,7349874591887952515,7349874591981590543,7349874591981590259,80,2026-05-15T05:14:35.000Z,2026-05-15T05:15:55.000Z,-4.5,4.36,-5.2,-0.7,0,0.02,4592.65,4595.12,4595,,SELL,USD,1,1,1583663
D#1702457,XAUUSD,100,7349874591908654070,7349874591887952077,7349874591981590864,7349874591981585573,892,2026-05-15T05:01:34.000Z,2026-05-15T05:16:26.000Z,27.33,-27.54,26.27,-1.06,0,0.03,4602.3,4593.41,4602.05,,SELL,USD,1,1,1583663
D#1702403,XAUUSD,100,7349874591908654076,7349874591887952386,7349874591981590900,7349874591981588802,367,2026-05-15T05:10:25.000Z,2026-05-15T05:16:32.000Z,1.4,-1.89,-1.06,-2.46,0,0.07,4592.56,4592.54,4580.04,4607.04,BUY,USD,1,1,1583663
D#1670960,XAUUSD,100,7349874591908654080,7349874591887952455,7349874591981589803,7349874591981589419,265,2026-05-15T05:12:09.000Z,2026-05-15T05:16:34.000Z,-2.6,1.2,-9.6,-7,0,0.2,4592.37,4592.02,4592.16,4598.98,BUY,USD,1,1,1583663
D#1702522,XAUUSD,100,7349874591908654126,7349874591887952517,7349874591981590319,7349874591981590276,168,2026-05-15T05:14:38.000Z,2026-05-15T05:17:26.000Z,-40,39.3,-43.5,-3.5,0,0.1,4592.91,4588.69,4589.33,,BUY,USD,1,1,1583663
D#1702526,XAUUSD,100,7349874591908654136,7349874591887952379,7349874591981588769,7349874591981588716,436,2026-05-15T05:10:15.000Z,2026-05-15T05:17:31.000Z,-47.8,47.099999999999994,-51.3,-3.5,0,0.1,4593.06,4588.06,4588.03,4600.43,BUY,USD,1,1,1583663
D#1702358,XAUUSD,100,7349874591908654150,7349874591887952556,7349874591981591284,7349874591981590606,120,2026-05-15T05:15:40.000Z,2026-05-15T05:17:40.000Z,-81.45,80.4,-86.71,-5.26,0,0.15,4593.83,4588.18,,,BUY,USD,1,1,1583663
D#1702508,XAUUSD,100,7349874591908654160,7349874591887947346,7349874591981591329,7349874591981528666,13140,2026-05-15T01:38:46.000Z,2026-05-15T05:17:46.000Z,411.15,-412.2,405.89,-5.26,0,0.15,4614.72,4587.53,,,SELL,USD,1,1,1583663
D#1702487,XAUUSD,100,7349874591908654217,7349874591887951852,7349874591981583157,7349874591981583028,1559,2026-05-15T04:52:38.000Z,2026-05-15T05:18:37.000Z,382.72,-383.84000000000003,377.12,-5.6,0,0.16,4610.12,4586.42,4603.83,4586.33,SELL,USD,1,1,1583663
D#1702435,XAUUSD,100,7349874591908654252,7349874591887952562,7349874591981590922,7349874591981590708,166,2026-05-15T05:16:00.000Z,2026-05-15T05:18:46.000Z,97.7,-98.4,94.2,-3.5,0,0.1,4594.64,4585.09,,4585,SELL,USD,1,1,1583663
D#1702669,XAUUSD,100,7349874591908654262,7349874591887951623,7349874591981591689,7349874591981580495,2101,2026-05-15T04:43:51.000Z,2026-05-15T05:18:52.000Z,-200.8,200.10000000000002,-204.3,-3.5,0,0.1,4605.32,4585.02,,4608.55,BUY,USD,1,1,1583663
D#1702390,XAUUSD,100,7349874591908654264,7349874591887952620,7349874591981591698,7349874591981591438,48,2026-05-15T05:18:05.000Z,2026-05-15T05:18:53.000Z,10.5,-10.71,9.44,-1.06,0,0.03,4588.56,4585.28,,,SELL,USD,1,1,1583663
D#1702518,XAUUSD,100,7349874591908654391,7349874591887948873,7349874591981592254,7349874591981546527,9937,2026-05-15T02:34:43.000Z,2026-05-15T05:20:20.000Z,282.2,-282.9,278.7,-3.5,0,0.1,4611.14,4583.14,,,SELL,USD,1,1,1583663
D#1702390,XAUUSD,100,7349874591908654480,7349874591887952715,7349874591981592745,7349874591981592440,50,2026-05-15T05:20:54.000Z,2026-05-15T05:21:44.000Z,-16.38,16.169999999999998,-17.44,-1.06,0,0.03,4582.11,4587.79,,,SELL,USD,1,1,1583663
D#1702390,XAUUSD,100,7349874591908654552,7349874591887952765,7349874591981593232,7349874591981593044,36,2026-05-15T05:22:35.000Z,2026-05-15T05:23:11.000Z,4.05,-4.26,2.99,-1.06,0,0.03,4588.3,4587.17,,,SELL,USD,1,1,1583663
D#1702616,XAUUSD,100,7349874591908654683,7349874591887952681,7349874591981594375,7349874591981591963,430,2026-05-15T05:19:32.000Z,2026-05-15T05:26:42.000Z,-40.8,39.4,-47.8,-7,0,0.2,4582.51,4584.77,,4585.05,SELL,USD,1,1,1583663
D#1702677,XAUUSD,100,7349874591908654721,7349874591887952313,7349874591981594791,7349874591981588028,1194,2026-05-15T05:08:25.000Z,2026-05-15T05:28:19.000Z,35.52,-35.800000000000004,34.12,-1.4,0,0.04,4595.14,4586.48,4590.51,4569.03,SELL,USD,1,1,1583663
D#1614603,XAUUSD,100,7349874591908654747,7349874591887952494,7349874591981594913,7349874591981589962,904,2026-05-15T05:13:41.000Z,2026-05-15T05:28:45.000Z,13.72,-14.21,11.26,-2.46,0,0.07,4590,4588.26,4600.69,4573.33,SELL,USD,1,1,1583663
D#1670960,XAUUSD,100,7349874591908654849,7349874591887952694,7349874591981592447,7349874591981592122,616,2026-05-15T05:19:58.000Z,2026-05-15T05:30:14.000Z,22.6,-24.0,15.6,-7,0,0.2,4583.25,4584.16,4583.48,4598.51,BUY,USD,1,1,1583663
D#1702363,XAUUSD,100,7349874591908654915,7349874591887952354,7349874591981588694,7349874591981588466,1288,2026-05-15T05:09:30.000Z,2026-05-15T05:30:58.000Z,96.88,-97.44,94.08,-2.8,0,0.08,4593.04,4581.15,4599.4,4580.65,SELL,USD,1,1,1583663
D#1702435,XAUUSD,100,7349874591908654934,7349874591887952768,7349874591981594094,7349874591981593084,501,2026-05-15T05:22:42.000Z,2026-05-15T05:31:03.000Z,80.4,-81.10000000000001,76.9,-3.5,0,0.1,4587.52,4579.7,,4580,SELL,USD,1,1,1583663
D#1702390,XAUUSD,100,7349874591908654942,7349874591887952824,7349874591981595724,7349874591981593874,346,2026-05-15T05:25:17.000Z,2026-05-15T05:31:03.000Z,29.88,-30.3,27.78,-2.1,0,0.06,4584.35,4579.59,,,SELL,USD,1,1,1583663
D#1702526,XAUUSD,100,7349874591908654930,7349874591887952826,7349874591981594019,7349874591981593897,343,2026-05-15T05:25:20.000Z,2026-05-15T05:31:03.000Z,-48.2,47.5,-51.7,-3.5,0,0.1,4584.5,4579.46,4580.14,4595.47,BUY,USD,1,1,1583663
D#1702677,XAUUSD,100,7349874591908654997,7349874591887952903,7349874591981595923,7349874591981594866,176,2026-05-15T05:28:36.000Z,2026-05-15T05:31:32.000Z,-29.76,29.55,-30.82,-1.06,0,0.03,4588.79,4578.65,4575.19,4615.28,BUY,USD,1,1,1583663
D#1702632,XAUUSD,100,7349874591908655004,7349874591887952206,7349874591981595979,7349874591981586838,1587,2026-05-15T05:05:13.000Z,2026-05-15T05:31:40.000Z,-209.3,208.60000000000002,-212.8,-3.5,0,0.1,4599.95,4578.8,,,BUY,USD,1,1,1583663
D#1702528,XAUUSD,100,7349874591908655061,7349874591887952777,7349874591981593410,7349874591981593169,551,2026-05-15T05:22:57.000Z,2026-05-15T05:32:08.000Z,113.7,-114.4,110.2,-3.5,0,0.1,4587.19,4576.04,4603.27,4576.14,SELL,USD,1,1,1583663
D#1702403,XAUUSD,100,7349874591908655085,7349874591887952912,7349874591981595166,7349874591981594996,190,2026-05-15T05:29:03.000Z,2026-05-15T05:32:13.000Z,101.36,-101.85,98.9,-2.46,0,0.07,4588.39,4574.13,4596.72,4574.19,SELL,USD,1,1,1583663
D#1702364,XAUUSD,100,7349874591908655124,7349874591887946792,7349874591981596311,7349874591981522868,14948,2026-05-15T01:23:12.000Z,2026-05-15T05:32:20.000Z,441.8,-442.5,438.3,-3.5,0,0.1,4617.5,4573.54,4605,4572.61,SELL,USD,1,1,1583663
D#1702630,XAUUSD,100,7349874591908655130,7349874591887951461,7349874591981596342,7349874591981578619,3372,2026-05-15T04:36:13.000Z,2026-05-15T05:32:25.000Z,-197.85,197.5,-199.61,-1.76,0,0.05,4613.85,4574.06,,4654,BUY,USD,1,1,1583663
D#1702732,XAUUSD,100,7349874591908655155,7349874591887952996,7349874591981596469,7349874591981595776,94,2026-05-15T05:31:09.000Z,2026-05-15T05:32:43.000Z,24.48,-24.900000000000002,22.38,-2.1,0,0.06,4578.58,4574.72,4595.42,4570.74,SELL,USD,1,1,1583663
D#1702633,XAUUSD,100,7349874591908655349,7349874591887948502,7349874591981542511,7349874591981542174,11661,2026-05-15T02:20:09.000Z,2026-05-15T05:34:30.000Z,89.44,-89.58,88.74,-0.7,0,0.02,4613.04,4568.54,4627.82,4568.22,SELL,USD,1,1,1583663
D#1702672,XAUUSD,100,7349874591908655346,7349874591887951858,7349874591981583245,7349874591981583068,2501,2026-05-15T04:52:49.000Z,2026-05-15T05:34:30.000Z,418.7,-419.4,415.2,-3.5,0,0.1,4609.98,4568.33,4596.36,4569.46,SELL,USD,1,1,1583663
D#1614603,XAUUSD,100,7349874591908655347,7349874591887952972,7349874591981595583,7349874591981595578,227,2026-05-15T05:30:43.000Z,2026-05-15T05:34:30.000Z,115.78,-116.27,113.32,-2.46,0,0.07,4584.65,4568.33,4580.65,4568.52,SELL,USD,1,1,1583663
D#1614601,XAUUSD,100,7349874591908655384,7349874591887951420,7349874591981597291,7349874591981578045,3638,2026-05-15T04:34:03.000Z,2026-05-15T05:34:41.000Z,-227,226.65,-228.76,-1.76,0,0.05,4613.59,4567.97,,4632.73,BUY,USD,1,1,1583663
D#1702392,XAUUSD,100,7349874591908655533,7349874591887953010,7349874591981597997,7349874591981595948,273,2026-05-15T05:31:35.000Z,2026-05-15T05:36:08.000Z,404.1,-406.20000000000005,393.6,-10.5,0,0.3,4578.97,4565.72,,,SELL,USD,1,1,1583663
D#1645694,XAUUSD,100,7349874591908655561,7349874591887953170,7349874591981598146,7349874591981597404,93,2026-05-15T05:34:53.000Z,2026-05-15T05:36:26.000Z,-24.36,23.939999999999998,-26.46,-2.1,0,0.06,4569.39,4565.11,,,BUY,USD,1,1,1583663
D#1702457,XAUUSD,100,7349874591908655620,7349874591887952622,7349874591981598436,7349874591981591473,1135,2026-05-15T05:18:12.000Z,2026-05-15T05:37:07.000Z,54.63,-54.84,53.57,-1.06,0,0.03,4588.08,4570.09,4586.7,3960.99,SELL,USD,1,1,1583663
D#1702392,XAUUSD,100,7349874591908655636,7349874591887953279,7349874591981598584,7349874591981598394,25,2026-05-15T05:37:01.000Z,2026-05-15T05:37:26.000Z,3.66,-3.8000000000000003,2.96,-0.7,0,0.02,4569.96,4568.35,,,SELL,USD,1,1,1583663
D#1670960,XAUUSD,100,7349874591908655684,7349874591887953207,7349874591981597933,7349874591981597708,154,2026-05-15T05:35:30.000Z,2026-05-15T05:38:04.000Z,-90.8,89.39999999999999,-97.8,-7,0,0.2,4568.67,4563.91,4564,4587.44,BUY,USD,1,1,1583663
D#1645694,XAUUSD,100,7349874591908655690,7349874591887953283,7349874591981598889,7349874591981598464,64,2026-05-15T05:37:11.000Z,2026-05-15T05:38:15.000Z,-34.32,33.9,-36.42,-2.1,0,0.06,4570.16,4564.22,,,BUY,USD,1,1,1583663
D#1702532,XAUUSD,100,7349874591908655775,7349874591887953336,7349874591981599503,7349874591981599111,66,2026-05-15T05:38:50.000Z,2026-05-15T05:39:56.000Z,4.6,-6.0,-2.4,-7,0,0.2,4568.34,4568.35,,,BUY,USD,1,1,1583663
D#1702392,XAUUSD,100,7349874591908655794,7349874591887953339,7349874591981599659,7349874591981599124,88,2026-05-15T05:38:52.000Z,2026-05-15T05:40:20.000Z,5,-5.14,4.3,-0.7,0,0.02,4567.74,4570.02,,,BUY,USD,1,1,1583663
D#1702647,XAUUSD,100,7349874591908655804,7349874591887953199,7349874591981599728,7349874591981597648,308,2026-05-15T05:35:24.000Z,2026-05-15T05:40:32.000Z,-8.1,7.75,-9.86,-1.76,0,0.05,4568.52,4566.68,4560.45,4577.71,BUY,USD,1,1,1583663
D#1702677,XAUUSD,100,7349874591908655880,7349874591887953020,7349874591981597036,7349874591981596067,563,2026-05-15T05:31:54.000Z,2026-05-15T05:41:17.000Z,23.8,-24.150000000000002,22.04,-1.76,0,0.05,4579.79,4575.25,4575.06,4558.92,SELL,USD,1,1,1583663
D#1702502,XAUUSD,100,7349874591908655909,7349874591887951469,7349874591981600214,7349874591981578706,3896,2026-05-15T04:36:40.000Z,2026-05-15T05:41:36.000Z,40.97,-41.04,40.61,-0.36,0,0.01,4614.13,4573.38,4613.88,4522.07,SELL,USD,1,1,1583663
D#1702420,XAUUSD,100,7349874591908655962,7349874591887953459,7349874591981600500,7349874591981600416,11,2026-05-15T05:42:10.000Z,2026-05-15T05:42:21.000Z,59.5,-61.25,50.74,-8.76,0,0.25,4570.73,4572.89,,,BUY,USD,1,1,1583663
D#1670973,XAUUSD,100,7349874591908655973,7349874591887953308,7349874591981599275,7349874591981598733,289,2026-05-15T05:37:49.000Z,2026-05-15T05:42:38.000Z,82.2,-83.60000000000001,75.2,-7,0,0.2,4568.73,4572.62,4573,4578.62,BUY,USD,1,1,1583663
D#1702502,XAUUSD,100,7349874591908656033,7349874591887953465,7349874591981600904,7349874591981600434,79,2026-05-15T05:42:13.000Z,2026-05-15T05:43:32.000Z,2.92,-3.06,2.22,-0.7,0,0.02,4571.67,4572.91,4548.35,4707.12,BUY,USD,1,1,1583663
D#1670960,XAUUSD,100,7349874591908656100,7349874591887953328,7349874591981600287,7349874591981598950,393,2026-05-15T05:38:22.000Z,2026-05-15T05:44:55.000Z,62.4,-63.8,55.4,-7,0,0.2,4565.75,4568.65,4569.11,4587.35,BUY,USD,1,1,1583663
D#1702532,XAUUSD,100,7349874591908656179,7349874591887953414,7349874591981601639,7349874591981600023,263,2026-05-15T05:41:12.000Z,2026-05-15T05:45:35.000Z,-114.4,113.0,-121.4,-7,0,0.2,4573.38,4567.44,,,BUY,USD,1,1,1583663
D#1670973,XAUUSD,100,7349874591908656218,7349874591887953591,7349874591981601769,7349874591981601765,12,2026-05-15T05:45:57.000Z,2026-05-15T05:46:09.000Z,-27.1,26.400000000000002,-30.6,-3.5,0,0.1,4567.68,4570.61,4570.3,4550.58,SELL,USD,1,1,1583663
D#1670960,XAUUSD,100,7349874591908656267,7349874591887953565,7349874591981601909,7349874591981601508,80,2026-05-15T05:45:13.000Z,2026-05-15T05:46:33.000Z,-56,54.6,-63.0,-7,0,0.2,4566.64,4563.62,4563.92,4575.72,BUY,USD,1,1,1583663
D#1702403,XAUUSD,100,7349874591908656285,7349874591887953481,7349874591981602041,7349874591981600655,232,2026-05-15T05:42:46.000Z,2026-05-15T05:46:38.000Z,45.43,-45.92,42.97,-2.46,0,0.07,4570.6,4564.33,4586.01,4556.01,SELL,USD,1,1,1583663
D#1702390,XAUUSD,100,7349874591908656301,7349874591887953189,7349874591981602110,7349874591981597588,695,2026-05-15T05:35:15.000Z,2026-05-15T05:46:50.000Z,17.46,-17.880000000000003,15.36,-2.1,0,0.06,4567.43,4564.74,,,SELL,USD,1,1,1583663
D#1670973,XAUUSD,100,7349874591908656380,7349874591887953610,7349874591981602437,7349874591981601982,74,2026-05-15T05:46:30.000Z,2026-05-15T05:47:44.000Z,-15.3,14.600000000000001,-18.8,-3.5,0,0.1,4565.49,4567.24,4567.12,4555.2,SELL,USD,1,1,1583663
D#1670973,XAUUSD,100,7349874591908656617,7349874591887953672,7349874591981603242,7349874591981602617,146,2026-05-15T05:48:07.000Z,2026-05-15T05:50:33.000Z,-189,186.9,-199.5,-10.5,0,0.3,4564.28,4570.8,4570.59,,SELL,USD,1,1,1583663
D#1670973,XAUUSD,100,7349874591908656691,7349874591887953801,7349874591981603932,7349874591981603854,13,2026-05-15T05:51:12.000Z,2026-05-15T05:51:25.000Z,19.2,-21.3,8.7,-10.5,0,0.3,4569.84,4569.42,,,SELL,USD,1,1,1583663
D#1702532,XAUUSD,100,7349874591908656820,7349874591887953588,7349874591981604761,7349874591981601725,469,2026-05-15T05:45:49.000Z,2026-05-15T05:53:38.000Z,-103.8,102.39999999999999,-110.8,-7,0,0.2,4567.61,4573.02,,,SELL,USD,1,1,1583663
D#1702732,XAUUSD,100,7349874591908656928,7349874591887953331,7349874591981605550,7349874591981599034,1052,2026-05-15T05:38:38.000Z,2026-05-15T05:56:10.000Z,-8.22,7.800000000000001,-10.32,-2.1,0,0.06,4566.7,4568.29,4579.43,4554.75,SELL,USD,1,1,1583663
D#1702417,XAUUSD,100,7349874591908656949,7349874591887953873,7349874591981605641,7349874591981604568,199,2026-05-15T05:53:07.000Z,2026-05-15T05:56:26.000Z,-48.5,47.8,-52.0,-3.5,0,0.1,4570.91,4565.84,,4576.99,BUY,USD,1,1,1583663
D#1670973,XAUUSD,100,7349874591908656977,7349874591887953853,7349874591981605810,7349874591981604310,268,2026-05-15T05:52:27.000Z,2026-05-15T05:56:55.000Z,54.9,-57.0,44.4,-10.5,0,0.3,4569.26,4567.65,,,SELL,USD,1,1,1583663
D#1702417,XAUUSD,100,7349874591908657026,7349874591887953964,7349874591981606033,7349874591981605833,37,2026-05-15T05:57:00.000Z,2026-05-15T05:57:37.000Z,6.5,-7.2,3.0,-3.5,0,0.1,4567.32,4566.89,,,SELL,USD,1,1,1583663
D#1670973,XAUUSD,100,7349874591908657144,7349874591887953991,7349874591981606667,7349874591981606154,98,2026-05-15T05:57:56.000Z,2026-05-15T05:59:34.000Z,80.7,-82.8,70.2,-10.5,0,0.3,4568.42,4565.95,,,SELL,USD,1,1,1583663
D#1702532,XAUUSD,100,7349874591908657165,7349874591887953899,7349874591981606768,7349874591981604852,355,2026-05-15T05:53:55.000Z,2026-05-15T05:59:50.000Z,-255.3,253.20000000000002,-265.8,-10.5,0,0.3,4571.48,4562.75,,,BUY,USD,1,1,1583663
D#1702526,XAUUSD,100,7349874591908657184,7349874591887953270,7349874591981598849,7349874591981598322,1386,2026-05-15T05:36:51.000Z,2026-05-15T05:59:57.000Z,-62.7,62.0,-66.2,-3.5,0,0.1,4568.12,4561.63,4561.79,4579.34,BUY,USD,1,1,1583663
D#1670985,XAUUSD,100,7349874591908657212,7349874591887947728,7349874591981535608,7349874591981533351,14805,2026-05-15T01:53:13.000Z,2026-05-15T05:59:58.000Z,410.8,-411.36,408.0,-2.8,0,0.08,4610.56,4559.43,4610.32,4560.34,SELL,USD,1,1,1583663
D#1671057,XAUUSD,100,7349874591908657214,7349874591887953425,7349874591981600086,7349874591981598555,1120,2026-05-15T05:41:18.000Z,2026-05-15T05:59:58.000Z,-32.52,32.38,-33.22,-0.7,0,0.02,4575.64,4559.16,4560.35,4640.29,BUY,USD,1,1,1583663
D#1671071,XAUUSD,100,7349874591908657260,7349874591887953024,7349874591981606969,7349874591981596091,1694,2026-05-15T05:31:57.000Z,2026-05-15T06:00:11.000Z,-187.8,187.10000000000002,-191.3,-3.5,0,0.1,4579.45,4560.45,,,BUY,USD,1,1,1583663
D#1702493,XAUUSD,100,7349874591908657384,7349874591887948888,7349874591981607380,7349874591981546688,12344,2026-05-15T02:35:16.000Z,2026-05-15T06:01:00.000Z,270.25,-270.6,268.49,-1.76,0,0.05,4614.2,4560.37,4638.35,4540,SELL,USD,1,1,1583663
D#1589407,XAUUSD,100,7349874591908657457,7349874591887952632,7349874591981607680,7349874591981584463,2579,2026-05-15T05:18:42.000Z,2026-05-15T06:01:41.000Z,-183.75,183.26,-186.21,-2.46,0,0.07,4586.12,4559.65,4539,4665,BUY,USD,1,1,1583663
D#1702696,XAUUSD,100,7349874591908657460,7349874591887953797,7349874591981607688,7349874591981603828,634,2026-05-15T05:51:08.000Z,2026-05-15T06:01:42.000Z,-151.05,150.0,-156.31,-5.26,0,0.15,4570.6,4560.31,,,BUY,USD,1,1,1583663
D#1702647,XAUUSD,100,7349874591908657680,7349874591887954090,7349874591981608928,7349874591981607067,262,2026-05-15T06:00:22.000Z,2026-05-15T06:04:44.000Z,-26.25,25.9,-28.01,-1.76,0,0.05,4558.96,4564.43,,,SELL,USD,1,1,1583663
D#1702526,XAUUSD,100,7349874591908657729,7349874591887954232,7349874591981608302,7349874591981608255,135,2026-05-15T06:03:02.000Z,2026-05-15T06:05:17.000Z,-50.7,50.0,-54.2,-3.5,0,0.1,4560.78,4566.07,4565.94,,SELL,USD,1,1,1583663
D#1702363,XAUUSD,100,7349874591908657763,7349874591887953448,7349874591981601156,7349874591981600324,1428,2026-05-15T05:41:56.000Z,2026-05-15T06:05:44.000Z,60,-60.56,57.2,-2.8,0,0.08,4574.02,4566.74,4566,4549.13,SELL,USD,1,1,1583663
D#1702355,XAUUSD,100,7349874591908657773,7349874591887954099,7349874591981609385,7349874591981607124,322,2026-05-15T06:00:29.000Z,2026-05-15T06:05:51.000Z,-210.25,208.5,-219.01,-8.76,0,0.25,4558.22,4566.85,,,SELL,USD,1,1,1583663
D#1702417,XAUUSD,100,7349874591908657780,7349874591887954307,7349874591981609418,7349874591981609074,49,2026-05-15T06:05:07.000Z,2026-05-15T06:05:56.000Z,-28.9,28.2,-32.4,-3.5,0,0.1,4562.99,4566.1,,,SELL,USD,1,1,1583663
D#1670973,XAUUSD,100,7349874591908657826,7349874591887954089,7349874591981609608,7349874591981607054,359,2026-05-15T06:00:22.000Z,2026-05-15T06:06:21.000Z,-249.6,247.5,-260.1,-10.5,0,0.3,4559.02,4567.56,,,SELL,USD,1,1,1583663
D#1702472,XAUUSD,100,7349874591908657827,7349874591887954230,7349874591981609613,7349874591981608245,201,2026-05-15T06:03:01.000Z,2026-05-15T06:06:22.000Z,-185.36,183.4,-195.16,-9.8,0,0.28,4560.73,4567.57,,,SELL,USD,1,1,1583663
D#1702732,XAUUSD,100,7349874591908657831,7349874591887954255,7349874591981609634,7349874591981608467,173,2026-05-15T06:03:32.000Z,2026-05-15T06:06:25.000Z,39.42,-39.84,37.32,-2.1,0,0.06,4562.31,4568.66,,,BUY,USD,1,1,1583663
D#1671057,XAUUSD,100,7349874591908657846,7349874591887954180,7349874591981609783,7349874591981607833,289,2026-05-15T06:02:01.000Z,2026-05-15T06:06:50.000Z,-296.5,293.0,-314.0,-17.5,0,0.5,4562.15,4568.3,,4556.6,SELL,USD,1,1,1583663
D#1702656,XAUUSD,100,7349874591908657962,7349874591887954284,7349874591981610473,7349874591981608837,261,2026-05-15T06:04:28.000Z,2026-05-15T06:08:49.000Z,-88.54,87.21000000000001,-95.2,-6.66,0,0.19,4563.42,4568.3,,,SELL,USD,1,1,1583663
D#1702417,XAUUSD,100,7349874591908658049,7349874591887954364,7349874591981611240,7349874591981609716,272,2026-05-15T06:06:38.000Z,2026-05-15T06:11:10.000Z,-12.8,12.100000000000001,-16.3,-3.5,0,0.1,4568.23,4569.73,,,SELL,USD,1,1,1583663
D#1702656,XAUUSD,100,7349874591908658087,7349874591887954428,7349874591981611334,7349874591981610586,131,2026-05-15T06:09:09.000Z,2026-05-15T06:11:20.000Z,-161.12,159.79,-167.78,-6.66,0,0.19,4564.37,4573.07,,4555.66,SELL,USD,1,1,1583663
D#1702426,XAUUSD,100,7349874591908658097,7349874591887954465,7349874591981611388,7349874591981611157,35,2026-05-15T06:10:55.000Z,2026-05-15T06:11:30.000Z,-208.4,205.6,-222.4,-14,0,0.4,4567.4,4572.83,,,SELL,USD,1,1,1583663
D#1702457,XAUUSD,100,7349874591908658272,7349874591887954131,7349874591981612809,7349874591981607400,862,2026-05-15T06:01:04.000Z,2026-05-15T06:15:26.000Z,-38.01,37.8,-39.07,-1.06,0,0.03,4559.46,4572.35,,,SELL,USD,1,1,1583663
D#1702622,XAUUSD,100,7349874591908658294,7349874591887953213,7349874591981598563,7349874591981597794,2416,2026-05-15T05:35:43.000Z,2026-05-15T06:15:59.000Z,-32.45,32.1,-34.21,-1.76,0,0.05,4567.36,4574.07,4573.62,4556.41,SELL,USD,1,1,1583663
D#1702417,XAUUSD,100,7349874591908658389,7349874591887954502,7349874591981612286,7349874591981611679,267,2026-05-15T06:12:19.000Z,2026-05-15T06:16:46.000Z,-76.1,75.39999999999999,-79.6,-3.5,0,0.1,4568.23,4576.06,4575.73,4559.85,SELL,USD,1,1,1583663
D#1702575,XAUUSD,100,7349874591908658406,7349874591887954548,7349874591981613392,7349874591981612247,186,2026-05-15T06:13:46.000Z,2026-05-15T06:16:52.000Z,-300,297.2,-314.0,-14,0,0.4,4569.1,4576.82,,,SELL,USD,1,1,1583663
D#1702526,XAUUSD,100,7349874591908658435,7349874591887954327,7349874591981609463,7349874591981609319,696,2026-05-15T06:05:43.000Z,2026-05-15T06:17:19.000Z,117.1,-117.8,113.6,-3.5,0,0.1,4566,4577.49,4555.73,4577.51,BUY,USD,1,1,1583663
D#1702363,XAUUSD,100,7349874591908658444,7349874591887954451,7349874591981611988,7349874591981610924,431,2026-05-15T06:10:08.000Z,2026-05-15T06:17:19.000Z,-97.47,96.84,-100.63,-3.16,0,0.09,4566.72,4577.77,4577.94,4544.6,SELL,USD,1,1,1583663
D#1702420,XAUUSD,100,7349874591908658533,7349874591887953480,7349874591981614096,7349874591981600634,2168,2026-05-15T05:42:43.000Z,2026-05-15T06:18:51.000Z,17.75,-18.1,15.99,-1.76,0,0.05,4572.16,4575.49,4572.4,4664,BUY,USD,1,1,1583663
D#1702435,XAUUSD,100,7349874591908658564,7349874591887953101,7349874591981614350,7349874591981596825,2763,2026-05-15T05:33:36.000Z,2026-05-15T06:19:39.000Z,14.5,-15.2,11.0,-3.5,0,0.1,4575.43,4576.66,,,BUY,USD,1,1,1583663
D#1702732,XAUUSD,100,7349874591908658565,7349874591887954363,7349874591981614352,7349874591981609705,783,2026-05-15T06:06:36.000Z,2026-05-15T06:19:39.000Z,51.96,-52.38,49.86,-2.1,0,0.06,4568.23,4576.67,,,BUY,USD,1,1,1583663
D#1589457,XAUUSD,100,7349874591908658566,7349874591887954487,7349874591981614361,7349874591981611477,477,2026-05-15T06:11:44.000Z,2026-05-15T06:19:41.000Z,66.55,-67.32,62.69,-3.86,0,0.11,4570.03,4575.86,,,BUY,USD,1,1,1583663
D#1702677,XAUUSD,100,7349874591908658631,7349874591887954715,7349874591981614657,7349874591981614050,108,2026-05-15T06:18:42.000Z,2026-05-15T06:20:30.000Z,6.15,-6.5,4.39,-1.76,0,0.05,4575.46,4574.45,4582.93,4554.21,SELL,USD,1,1,1583663
D#1702702,XAUUSD,100,7349874591908658641,7349874591887954184,7349874591981614699,7349874591981607859,1111,2026-05-15T06:02:05.000Z,2026-05-15T06:20:36.000Z,130.02,-130.79000000000002,126.16,-3.86,0,0.11,4562.96,4574.56,4553.99,4587.1,BUY,USD,1,1,1583663
D#1702482,XAUUSD,100,7349874591908658661,7349874591887953671,7349874591981614836,7349874591981602609,1974,2026-05-15T05:48:07.000Z,2026-05-15T06:21:01.000Z,15.32,-15.6,13.92,-1.4,0,0.04,4564.62,4574.77,4546.67,4610.96,BUY,USD,1,1,1583663
D#1702648,XAUUSD,100,7349874591908658731,7349874591887953938,7349874591981615194,7349874591981605503,1556,2026-05-15T05:56:01.000Z,2026-05-15T06:21:57.000Z,133.8,-135.20000000000002,126.8,-7,0,0.2,4570.62,4577.09,,,BUY,USD,1,1,1583663
D#1702729,XAUUSD,100,7349874591908658746,7349874591887954819,7349874591981615308,7349874591981615099,33,2026-05-15T06:21:42.000Z,2026-05-15T06:22:15.000Z,9.5,-13.0,-8.0,-17.5,0,0.5,4578.01,4577.98,,,BUY,USD,1,1,1583663
D#1702677,XAUUSD,100,7349874591908658763,7349874591887954772,7349874591981615432,7349874591981614731,114,2026-05-15T06:20:42.000Z,2026-05-15T06:22:36.000Z,-3.75,3.4,-5.51,-1.76,0,0.05,4574.61,4573.64,,,BUY,USD,1,1,1583663
D#1702562,XAUUSD,100,7349874591908658788,7349874591887953729,7349874591981615678,7349874591981603192,2027,2026-05-15T05:49:33.000Z,2026-05-15T06:23:20.000Z,45,-45.35,43.24,-1.76,0,0.05,4566.42,4575.2,,4582,BUY,USD,1,1,1583663
D#1702748,XAUUSD,100,7349874591908658802,7349874591887954805,7349874591981615861,7349874591981615009,141,2026-05-15T06:21:29.000Z,2026-05-15T06:23:50.000Z,2.72,-3.2800000000000002,-0.08,-2.8,0,0.08,4577.11,4576.99,,,SELL,USD,1,1,1583663
D#1702729,XAUUSD,100,7349874591908658805,7349874591887954878,7349874591981615896,7349874591981615857,10,2026-05-15T06:23:49.000Z,2026-05-15T06:23:59.000Z,17,-20.5,-0.5,-17.5,0,0.5,4577.09,4577.21,,,BUY,USD,1,1,1583663
D#1702435,XAUUSD,100,7349874591908658883,7349874591887954739,7349874591981616191,7349874591981614400,306,2026-05-15T06:19:48.000Z,2026-05-15T06:24:54.000Z,1.2,-1.9,-2.3,-3.5,0,0.1,4575.26,4575.36,,,SELL,USD,1,1,1583663
D#1702435,XAUUSD,100,7349874591908658996,7349874591887954919,7349874591981616524,7349874591981616329,78,2026-05-15T06:25:19.000Z,2026-05-15T06:26:37.000Z,22.6,-23.3,19.1,-3.5,0,0.1,4575.03,4577.07,,4577,BUY,USD,1,1,1583663
D#1702435,XAUUSD,100,7349874591908659040,7349874591887954983,7349874591981617005,7349874591981616901,18,2026-05-15T06:26:52.000Z,2026-05-15T06:27:10.000Z,4.2,-4.9,0.7,-3.5,0,0.1,4577.21,4577.01,,,SELL,USD,1,1,1583663
D#1702716,XAUUSD,100,7349874591908659066,7349874591887954603,7349874591981617189,7349874591981612922,714,2026-05-15T06:15:48.000Z,2026-05-15T06:27:42.000Z,3.08,-3.15,2.72,-0.36,0,0.01,4572.72,4575.58,4556.73,4612.48,BUY,USD,1,1,1583663
D#1702748,XAUUSD,100,7349874591908659137,7349874591887954880,7349874591981617565,7349874591981615905,283,2026-05-15T06:24:01.000Z,2026-05-15T06:28:44.000Z,-19.52,18.96,-22.32,-2.8,0,0.08,4577.43,4574.77,,,BUY,USD,1,1,1583663
D#1702647,XAUUSD,100,7349874591908659274,7349874591887954692,7349874591981616257,7349874591981613756,773,2026-05-15T06:17:46.000Z,2026-05-15T06:30:39.000Z,-12.64,12.08,-15.44,-2.8,0,0.08,4576.93,4578.73,4578.54,4560.29,SELL,USD,1,1,1583663
D#1702526,XAUUSD,100,7349874591908659290,7349874591887954759,7349874591981614680,7349874591981614630,618,2026-05-15T06:20:26.000Z,2026-05-15T06:30:44.000Z,-60.8,60.099999999999994,-64.3,-3.5,0,0.1,4573.16,4579.46,4579.35,4566.25,SELL,USD,1,1,1583663
D#1702718,XAUUSD,100,7349874591908659318,7349874591887953621,7349874591981618490,7349874591981602060,2650,2026-05-15T05:46:41.000Z,2026-05-15T06:30:51.000Z,-222.6,221.54999999999998,-227.86,-5.26,0,0.15,4564.87,4579.93,,,SELL,USD,1,1,1583663
D#1702748,XAUUSD,100,7349874591908659462,7349874591887955065,7349874591981619211,7349874591981617612,235,2026-05-15T06:28:50.000Z,2026-05-15T06:32:45.000Z,-35.04,34.199999999999996,-39.24,-4.2,0,0.12,4575.53,4578.67,,,SELL,USD,1,1,1583663
D#1702616,XAUUSD,100,7349874591908659507,7349874591887955084,7349874591981619368,7349874591981617820,216,2026-05-15T06:29:34.000Z,2026-05-15T06:33:10.000Z,-76.4,75.0,-83.4,-7,0,0.2,4574.72,4578.76,,,SELL,USD,1,1,1583663
D#1670915,XAUUSD,100,7349874591908659630,7349874591887954865,7349874591981620006,7349874591981615602,721,2026-05-15T06:23:07.000Z,2026-05-15T06:35:08.000Z,-0.48,0.27,-1.54,-1.06,0,0.03,4574.59,4574.97,4590.7,4512.45,SELL,USD,1,1,1583663
D#1702740,XAUUSD,100,7349874591908659734,7349874591887947172,7349874591981612633,7349874591981526712,18179,2026-05-15T01:33:30.000Z,2026-05-15T06:36:29.000Z,-40.38,40.31,-40.74,-0.36,0,0.01,4613.3,4572.7,4573,,BUY,USD,1,1,1583663
D#1670915,XAUUSD,100,7349874591908659778,7349874591887955334,7349874591981620673,7349874591981620294,62,2026-05-15T06:35:54.000Z,2026-05-15T06:36:56.000Z,118.5,-122.0,101.0,-17.5,0,0.5,4574.82,4572.67,4580.96,4564.24,SELL,USD,1,1,1583663
D#1702562,XAUUSD,100,7349874591908659785,7349874591887954883,7349874591981620690,7349874591981615975,764,2026-05-15T06:24:14.000Z,2026-05-15T06:36:58.000Z,7.46,-7.6,6.76,-0.7,0,0.02,4575.87,4572.36,,4567.98,SELL,USD,1,1,1583663
D#1589456,XAUUSD,100,7349874591908659816,7349874591887954047,7349874591981620808,7349874591981606122,2235,2026-05-15T05:59:58.000Z,2026-05-15T06:37:13.000Z,60.85,-61.2,59.09,-1.76,0,0.05,4559.43,4571.38,4560.1,4614,BUY,USD,1,1,1583663
D#1589457,XAUUSD,100,7349874591908659853,7349874591887954844,7349874591981621038,7349874591981615315,940,2026-05-15T06:22:16.000Z,2026-05-15T06:37:56.000Z,90.3,-91.35,85.04,-5.26,0,0.15,4578.03,4572.23,,,SELL,USD,1,1,1583663
D#1702616,XAUUSD,100,7349874591908659911,7349874591887955270,7349874591981621364,7349874591981619805,265,2026-05-15T06:34:33.000Z,2026-05-15T06:38:58.000Z,8.68,-8.82,7.98,-0.7,0,0.02,4576.49,4572.37,,4572.47,SELL,USD,1,1,1583663
D#1702748,XAUUSD,100,7349874591908660093,7349874591887955236,7349874591981622285,7349874591981619381,491,2026-05-15T06:33:12.000Z,2026-05-15T06:41:23.000Z,-113.81,112.48,-120.47,-6.66,0,0.19,4578.69,4572.48,,,BUY,USD,1,1,1583663
D#1670874,XAUUSD,100,7349874591908660353,7349874591887955604,7349874591981622934,7349874591981622732,123,2026-05-15T06:42:38.000Z,2026-05-15T06:44:41.000Z,109.8,-112.32,97.2,-12.6,0,0.36,4571.01,4568.18,,4568.22,SELL,USD,1,1,1583663
D#1702587,XAUUSD,100,7349874591908660364,7349874591887954648,7349874591981623435,7349874591981610238,1682,2026-05-15T06:16:43.000Z,2026-05-15T06:44:45.000Z,-227.1,225.0,-237.6,-10.5,0,0.3,4575.3,4567.51,4566.09,4587.23,BUY,USD,1,1,1583663
D#1702622,XAUUSD,100,7349874591908660539,7349874591887954647,7349874591981613571,7349874591981613287,1900,2026-05-15T06:16:40.000Z,2026-05-15T06:48:20.000Z,-36.15,35.8,-37.91,-1.76,0,0.05,4574.02,4566.57,4566.68,4584.15,BUY,USD,1,1,1583663
D#1702587,XAUUSD,100,7349874591908660538,7349874591887955684,7349874591981624548,7349874591981623538,198,2026-05-15T06:45:02.000Z,2026-05-15T06:48:20.000Z,-54.6,52.5,-65.1,-10.5,0,0.3,4568.63,4566.59,4564.35,4578.48,BUY,USD,1,1,1583663
D#1589456,XAUUSD,100,7349874591908660565,7349874591887955456,7349874591981624607,7349874591981621437,566,2026-05-15T06:39:02.000Z,2026-05-15T06:48:28.000Z,44.31,-44.800000000000004,41.85,-2.46,0,0.07,4572.49,4566.38,4580.82,4563.61,SELL,USD,1,1,1583663
D#1670915,XAUUSD,100,7349874591908660604,7349874591887955413,7349874591981624870,7349874591981620917,701,2026-05-15T06:37:31.000Z,2026-05-15T06:49:12.000Z,1.7,-2.05,-0.06,-1.76,0,0.05,4572.38,4572.26,,,SELL,USD,1,1,1583663
D#1702647,XAUUSD,100,7349874591908660673,7349874591887955676,7349874591981625305,7349874591981623501,338,2026-05-15T06:44:57.000Z,2026-05-15T06:50:35.000Z,27.68,-28.24,24.88,-2.8,0,0.08,4568.39,4571.63,,,BUY,USD,1,1,1583663
D#1670972,XAUUSD,100,7349874591908660726,7349874591887952690,7349874591981625639,7349874591981592076,5502,2026-05-15T05:19:50.000Z,2026-05-15T06:51:32.000Z,33.99,-34.2,32.93,-1.06,0,0.03,4583.3,4572.19,4620,4554,SELL,USD,1,1,1583663
D#1702522,XAUUSD,100,7349874591908660919,7349874591887955866,7349874591981625896,7349874591981625834,195,2026-05-15T06:52:14.000Z,2026-05-15T06:55:29.000Z,-43.7,43.0,-47.2,-3.5,0,0.1,4573.17,4568.58,4568.72,,BUY,USD,1,1,1583663
D#1670967,XAUUSD,100,7349874591908660922,7349874591887955912,7349874591981626905,7349874591981626423,83,2026-05-15T06:54:08.000Z,2026-05-15T06:55:31.000Z,50.43,-53.3,36.07,-14.36,0,0.41,4569.63,4568.62,,,SELL,USD,1,1,1583663
D#1702522,XAUUSD,100,7349874591908660981,7349874591887955960,7349874591981627262,7349874591981626913,61,2026-05-15T06:55:33.000Z,2026-05-15T06:56:34.000Z,-14.7,14.0,-18.2,-3.5,0,0.1,4568.29,4569.98,,,SELL,USD,1,1,1583663
D#1702748,XAUUSD,100,7349874591908661035,7349874591887955558,7349874591981627614,7349874591981622341,966,2026-05-15T06:41:33.000Z,2026-05-15T06:57:39.000Z,92.61,-94.08,85.25,-7.36,0,0.21,4571.58,4567.39,,,SELL,USD,1,1,1583663
D#1702507,XAUUSD,100,7349874591908661064,7349874591887947054,7349874591981627783,7349874591981525500,19675,2026-05-15T01:30:17.000Z,2026-05-15T06:58:12.000Z,81.6,-81.74,80.9,-0.7,0,0.02,4608.08,4567.5,4627.38,4554.89,SELL,USD,1,1,1583663
D#1702527,XAUUSD,100,7349874591908661084,7349874591887955956,7349874591981626974,7349874591981626884,215,2026-05-15T06:55:27.000Z,2026-05-15T06:59:02.000Z,3.27,-3.62,1.51,-1.76,0,0.05,4569.14,4569.02,4568.81,,SELL,USD,1,1,1583663
D#1702748,XAUUSD,100,7349874591908661160,7349874591887956036,7349874591981628540,7349874591981627967,108,2026-05-15T06:58:49.000Z,2026-05-15T07:00:37.000Z,19.53,-21.0,12.17,-7.36,0,0.21,4567.98,4567.27,,,SELL,USD,1,1,1583663
D#1702527,XAUUSD,100,7349874591908661182,7349874591887956061,7349874591981628432,7349874591981628268,67,2026-05-15T06:59:54.000Z,2026-05-15T07:01:01.000Z,2.7,-3.0500000000000003,0.94,-1.76,0,0.05,4568.9,4569.03,4568.57,,SELL,USD,1,1,1583663
D#1702562,XAUUSD,100,7349874591908661423,7349874591887955432,7349874591981630200,7349874591981621149,1649,2026-05-15T06:38:15.000Z,2026-05-15T07:05:44.000Z,3.04,-3.18,2.69,-0.35,0,0.02,4571.8,4573.1,,,BUY,USD,1,1,1583663
D#1702522,XAUUSD,100,7349874591908661666,7349874591887956033,7349874591981631517,7349874591981627907,646,2026-05-15T06:58:39.000Z,2026-05-15T07:09:25.000Z,71.5,-72.2,68.0,-3.5,0,0.1,4567.84,4574.77,4565.76,,BUY,USD,1,1,1583663
D#1702748,XAUUSD,100,7349874591908661750,7349874591887956140,7349874591981631917,7349874591981629004,511,2026-05-15T07:01:54.000Z,2026-05-15T07:10:25.000Z,104.4,-105.10000000000001,100.9,-3.5,0,0.1,4567.5,4577.72,,,BUY,USD,1,1,1583663
D#1614603,XAUUSD,100,7349874591908661825,7349874591887953868,7349874591981604498,7349874591981604496,4690,2026-05-15T05:52:56.000Z,2026-05-15T07:11:06.000Z,-75.88,75.39,-78.34,-2.46,0,0.07,4569.28,4580.34,4580.69,4553.34,SELL,USD,1,1,1583663
D#1670915,XAUUSD,100,7349874591908661838,7349874591887955918,7349874591981626483,7349874591981626480,1012,2026-05-15T06:54:18.000Z,2026-05-15T07:11:10.000Z,-53.75,53.4,-55.51,-1.76,0,0.05,4570.21,4581.18,4581.01,,SELL,USD,1,1,1583663
D#1671084,XAUUSD,100,7349874591908661867,7349874591887955716,7349874591981632293,7349874591981623835,1532,2026-05-15T06:45:49.000Z,2026-05-15T07:11:21.000Z,-212.6,211.2,-219.6,-7,0,0.2,4570.39,4581.24,,,SELL,USD,1,1,1583663
D#1702648,XAUUSD,100,7349874591908661881,7349874591887955525,7349874591981632364,7349874591981622051,1843,2026-05-15T06:40:46.000Z,2026-05-15T07:11:29.000Z,100.5,-101.2,97.0,-3.5,0,0.1,4571.93,4581.76,,,BUY,USD,1,1,1583663
D#1702526,XAUUSD,100,7349874591908661903,7349874591887956291,7349874591981632453,7349874591981630787,267,2026-05-15T07:07:17.000Z,2026-05-15T07:11:44.000Z,94.6,-95.3,91.1,-3.5,0,0.1,4572.29,4581.53,4565.19,,BUY,USD,1,1,1583663
D#1702665,XAUUSD,100,7349874591908661941,7349874591887955403,7349874591981632623,7349874591981620834,2094,2026-05-15T06:37:17.000Z,2026-05-15T07:12:11.000Z,214.6,-216.0,207.6,-7,0,0.2,4572.25,4582.76,,4584.4,BUY,USD,1,1,1583663
D#1702597,XAUUSD,100,7349874591908662146,7349874591887953391,7349874591981633423,7349874591981599768,5607,2026-05-15T05:40:37.000Z,2026-05-15T07:14:04.000Z,163.8,-164.5,160.3,-3.5,0,0.1,4568.78,4584.94,,4613.28,BUY,USD,1,1,1583663
D#1702589,XAUUSD,100,7349874591908662256,7349874591887956238,7349874591981630216,7349874591981630069,554,2026-05-15T07:05:45.000Z,2026-05-15T07:14:59.000Z,128.3,-129.0,124.8,-3.5,0,0.1,4573.27,4585.88,4562.73,4585.92,BUY,USD,1,1,1583663
D#1702567,XAUUSD,100,7349874591908662478,7349874591887953493,7349874591981634771,7349874591981600767,5636,2026-05-15T05:43:06.000Z,2026-05-15T07:17:02.000Z,-9.85,9.78,-10.21,-0.36,0,0.01,4572.77,4582.84,4592.24,,SELL,USD,1,1,1583663
D#1702710,XAUUSD,100,7349874591908662708,7349874591887956807,7349874591981635879,7349874591981635372,80,2026-05-15T07:18:49.000Z,2026-05-15T07:20:09.000Z,1.41,-1.48,1.05,-0.36,0,0.01,4585.3,4586.49,,,BUY,USD,1,1,1583663
D#1702527,XAUUSD,100,7349874591908662883,7349874591887956895,7349874591981636558,7349874591981636199,65,2026-05-15T07:21:03.000Z,2026-05-15T07:22:08.000Z,1.3,-2.0,-2.2,-3.5,0,0.1,4586.8,4586.71,4587.04,,BUY,USD,1,1,1583663
D#1702527,XAUUSD,100,7349874591908662943,7349874591887956944,7349874591981636850,7349874591981636704,44,2026-05-15T07:22:30.000Z,2026-05-15T07:23:14.000Z,-10.4,9.700000000000001,-13.9,-3.5,0,0.1,4587.49,4586.23,4586.34,,BUY,USD,1,1,1583663
D#1670945,XAUUSD,100,7349874591908663016,7349874591887956982,7349874591981637379,7349874591981637244,28,2026-05-15T07:24:12.000Z,2026-05-15T07:24:40.000Z,-3.9,3.55,-5.66,-1.76,0,0.05,4584.27,4583.27,4583.4,,BUY,USD,1,1,1583663
D#1702677,XAUUSD,100,7349874591908663054,7349874591887954868,7349874591981637579,7349874591981615651,3717,2026-05-15T06:23:15.000Z,2026-05-15T07:25:12.000Z,16.1,-16.240000000000002,15.4,-0.7,0,0.02,4575.28,4583.11,4544.32,4623.97,BUY,USD,1,1,1583663
D#1702647,XAUUSD,100,7349874591908663117,7349874591887956872,7349874591981637917,7349874591981635983,346,2026-05-15T07:20:29.000Z,2026-05-15T07:26:15.000Z,57.52,-58.080000000000005,54.72,-2.8,0,0.08,4587.28,4580.31,4587.06,,SELL,USD,1,1,1583663
D#1702556,XAUUSD,100,7349874591908663153,7349874591887956938,7349874591981638158,7349874591981636630,286,2026-05-15T07:22:13.000Z,2026-05-15T07:26:59.000Z,80.1,-80.8,76.6,-3.5,0,0.1,4587.54,4579.75,4585.73,4565.08,SELL,USD,1,1,1583663
D#1702467,XAUUSD,100,7349874591908663161,7349874591887956700,7349874591981635260,7349874591981634380,660,2026-05-15T07:16:10.000Z,2026-05-15T07:27:10.000Z,-60.9,60.199999999999996,-64.4,-3.5,0,0.1,4585.59,4579.28,4579.48,4645,BUY,USD,1,1,1583663
D#1702527,XAUUSD,100,7349874591908663435,7349874591887957043,7349874591981638689,7349874591981637874,368,2026-05-15T07:26:08.000Z,2026-05-15T07:32:16.000Z,4.12,-4.82,0.62,-3.5,0,0.1,4580.52,4580.57,4580.04,,SELL,USD,1,1,1583663
D#1702598,XAUUSD,100,7349874591908663461,7349874591887956163,7349874591981640022,7349874591981629311,1793,2026-05-15T07:02:51.000Z,2026-05-15T07:32:44.000Z,75.1,-75.8,71.6,-3.5,0,0.1,4572.28,4579.57,,,BUY,USD,1,1,1583663
D#1702467,XAUUSD,100,7349874591908663535,7349874591887957082,7349874591981638837,7349874591981638384,378,2026-05-15T07:27:46.000Z,2026-05-15T07:34:04.000Z,-30.1,29.400000000000002,-33.6,-3.5,0,0.1,4580.66,4577.43,4577.55,,BUY,USD,1,1,1583663
D#1702556,XAUUSD,100,7349874591908663560,7349874591887957070,7349874591981640522,7349874591981638273,418,2026-05-15T07:27:24.000Z,2026-05-15T07:34:22.000Z,-0.2,-0.5,-3.7,-3.5,0,0.1,4579.25,4579.49,4592.05,4564.88,SELL,USD,1,1,1583663
D#1702467,XAUUSD,100,7349874591908663715,7349874591887957313,7349874591981641387,7349874591981640766,106,2026-05-15T07:35:05.000Z,2026-05-15T07:36:51.000Z,-6,5.3,-9.5,-3.5,0,0.1,4579,4578.18,,,BUY,USD,1,1,1583663
D#1702729,XAUUSD,100,7349874591908663808,7349874591887957402,7349874591981641682,7349874591981641553,17,2026-05-15T07:37:21.000Z,2026-05-15T07:37:38.000Z,6.4,-6.75,4.64,-1.76,0,0.05,4576.41,4575.35,,,SELL,USD,1,1,1583663
D#1702729,XAUUSD,100,7349874591908663841,7349874591887957430,7349874591981641903,7349874591981641807,18,2026-05-15T07:38:00.000Z,2026-05-15T07:38:18.000Z,2.45,-2.8000000000000003,0.69,-1.76,0,0.05,4577.09,4576.82,,,SELL,USD,1,1,1583663
D#1702729,XAUUSD,100,7349874591908663880,7349874591887957447,7349874591981642196,7349874591981642040,30,2026-05-15T07:38:50.000Z,2026-05-15T07:39:20.000Z,3.85,-4.2,2.09,-1.76,0,0.05,4577.44,4576.89,,,SELL,USD,1,1,1583663
D#1702729,XAUUSD,100,7349874591908663896,7349874591887957471,7349874591981642331,7349874591981642292,10,2026-05-15T07:39:41.000Z,2026-05-15T07:39:51.000Z,1.85,-2.2,0.09,-1.76,0,0.05,4577.27,4577.12,,,SELL,USD,1,1,1583663
D#1702729,XAUUSD,100,7349874591908663937,7349874591887957489,7349874591981642568,7349874591981642523,10,2026-05-15T07:40:33.000Z,2026-05-15T07:40:43.000Z,5.7,-6.05,3.94,-1.76,0,0.05,4578.57,4577.65,,,SELL,USD,1,1,1583663
D#1702556,XAUUSD,100,7349874591908663963,7349874591887957335,7349874591981642880,7349874591981640911,385,2026-05-15T07:35:29.000Z,2026-05-15T07:41:54.000Z,50.2,-50.900000000000006,46.7,-3.5,0,0.1,4581.35,4576.55,4592.37,4563.33,SELL,USD,1,1,1583663
D#1702729,XAUUSD,100,7349874591908664004,7349874591887957511,7349874591981643154,7349874591981642902,57,2026-05-15T07:42:00.000Z,2026-05-15T07:42:57.000Z,2.55,-2.9,0.79,-1.76,0,0.05,4576.51,4576.22,,,SELL,USD,1,1,1583663
D#1702729,XAUUSD,100,7349874591908664108,7349874591887957571,7349874591981644057,7349874591981643735,70,2026-05-15T07:45:02.000Z,2026-05-15T07:46:12.000Z,2.15,-2.5,0.39,-1.76,0,0.05,4577.11,4576.9,,,SELL,USD,1,1,1583663
D#1702430,XAUUSD,100,7349874591908664215,7349874591887957630,7349874591981644793,7349874591981644537,55,2026-05-15T07:48:08.000Z,2026-05-15T07:49:03.000Z,-11.8,11.450000000000001,-13.56,-1.76,0,0.05,4575.95,4578.53,,,SELL,USD,1,1,1583663
D#1670874,XAUUSD,100,7349874591908664259,7349874591887957108,7349874591981645045,7349874591981638648,1279,2026-05-15T07:28:32.000Z,2026-05-15T07:49:51.000Z,-284.76,282.24,-297.36,-12.6,0,0.36,4583.14,4575.01,,4585.89,BUY,USD,1,1,1583663
D#1671065,XAUUSD,100,7349874591908664334,7349874591887955943,7349874591981627477,7349874591981626742,3322,2026-05-15T06:55:05.000Z,2026-05-15T07:50:27.000Z,34.16,-34.51,32.4,-1.76,0,0.05,4570.42,4571.82,4572.04,4622.32,BUY,USD,1,1,1583663
D#1702648,XAUUSD,100,7349874591908664335,7349874591887957113,7349874591981639885,7349874591981638676,1311,2026-05-15T07:28:36.000Z,2026-05-15T07:50:27.000Z,-221.4,220.0,-228.4,-7,0,0.2,4583.13,4571.84,4572,,BUY,USD,1,1,1583663
D#1702705,XAUUSD,100,7349874591908664728,7349874591887954385,7349874591981647987,7349874591981609988,6688,2026-05-15T06:07:26.000Z,2026-05-15T07:58:54.000Z,5.43,-5.64,4.37,-1.06,0,0.03,4567.84,4569.43,,4700.43,BUY,USD,1,1,1583663
D#1670864,XAUUSD,100,7349874591908664845,7349874591887957928,7349874591981648078,7349874591981647889,139,2026-05-15T07:58:34.000Z,2026-05-15T08:00:53.000Z,-59.64,56.7,-74.34,-14.7,0,0.42,4570.28,4568.64,4568.78,4572.43,BUY,USD,1,1,1583663
D#1702528,XAUUSD,100,7349874591908664854,7349874591887957357,7349874591981641369,7349874591981641122,1486,2026-05-15T07:36:11.000Z,2026-05-15T08:00:57.000Z,119.5,-120.2,116.0,-3.5,0,0.1,4580.05,4568.32,4595.73,4568.33,SELL,USD,1,1,1583663
D#1702403,XAUUSD,100,7349874591908664861,7349874591887956482,7349874591981632759,7349874591981632577,2934,2026-05-15T07:12:04.000Z,2026-05-15T08:00:58.000Z,95.97,-96.46,93.51,-2.46,0,0.07,4581.61,4568.12,4591.95,4568.13,SELL,USD,1,1,1583663
D#1614603,XAUUSD,100,7349874591908664881,7349874591887956654,7349874591981634057,7349874591981634054,2732,2026-05-15T07:15:29.000Z,2026-05-15T08:01:01.000Z,117.46,-117.94999999999999,115.0,-2.46,0,0.07,4584.34,4567.78,4583.42,4567.57,SELL,USD,1,1,1583663
D#1670920,XAUUSD,100,7349874591908664892,7349874591887957772,7349874591981648719,7349874591981645911,527,2026-05-15T07:52:23.000Z,2026-05-15T08:01:10.000Z,-200,196.5,-217.5,-17.5,0,0.5,4572.26,4568.04,,,BUY,USD,1,1,1583663
D#1702677,XAUUSD,100,7349874591908664900,7349874591887957271,7349874591981640694,7349874591981640376,1638,2026-05-15T07:33:57.000Z,2026-05-15T08:01:15.000Z,-45.6,45.32,-47.0,-1.4,0,0.04,4578.34,4566.72,4567.36,4606.98,BUY,USD,1,1,1583663
D#1702748,XAUUSD,100,7349874591908665050,7349874591887956461,7349874591981649099,7349874591981632432,3017,2026-05-15T07:11:42.000Z,2026-05-15T08:01:59.000Z,102.78,-103.2,100.68,-2.1,0,0.06,4581.75,4564.84,,,SELL,USD,1,1,1583663
D#1702526,XAUUSD,100,7349874591908665083,7349874591887957890,7349874591981647442,7349874591981647417,318,2026-05-15T07:56:48.000Z,2026-05-15T08:02:06.000Z,-78.3,77.6,-81.8,-3.5,0,0.1,4571.36,4563.31,4563.5,4582.25,BUY,USD,1,1,1583663
D#1670864,XAUUSD,100,7349874591908665104,7349874591887958060,7349874591981649199,7349874591981649108,9,2026-05-15T08:02:00.000Z,2026-05-15T08:02:09.000Z,-89.04,86.10000000000001,-103.74,-14.7,0,0.42,4564.84,4562.5,,4566.75,BUY,USD,1,1,1583663
D#1671069,XAUUSD,100,7349874591908665106,7349874591887956699,7349874591981649207,7349874591981634366,2763,2026-05-15T07:16:08.000Z,2026-05-15T08:02:11.000Z,-228,227.3,-231.5,-3.5,0,0.1,4585.81,4562.79,,,BUY,USD,1,1,1583663
D#1702648,XAUUSD,100,7349874591908665108,7349874591887957862,7349874591981649211,7349874591981646844,408,2026-05-15T07:55:23.000Z,2026-05-15T08:02:11.000Z,-422,418.5,-439.5,-17.5,0,0.5,4571.28,4562.62,,,BUY,USD,1,1,1583663
D#1702556,XAUUSD,100,7349874591908665157,7349874591887957894,7349874591981647492,7349874591981647491,349,2026-05-15T07:57:05.000Z,2026-05-15T08:02:54.000Z,-92.5,91.8,-96.0,-3.5,0,0.1,4570.49,4561.02,4561.46,4585.94,BUY,USD,1,1,1583663
D#1702673,XAUUSD,100,7349874591908665199,7349874591887956651,7349874591981649554,7349874591981634042,2855,2026-05-15T07:15:28.000Z,2026-05-15T08:03:03.000Z,111.1,-111.44999999999999,109.34,-1.76,0,0.05,4584.14,4562.14,4595.19,4557.31,SELL,USD,1,1,1583663
D#1702430,XAUUSD,100,7349874591908665204,7349874591887957714,7349874591981649597,7349874591981645362,751,2026-05-15T07:50:40.000Z,2026-05-15T08:03:11.000Z,-196.8,195.4,-203.8,-7,0,0.2,4571.9,4561.84,,,BUY,USD,1,1,1583663
D#1670864,XAUUSD,100,7349874591908665214,7349874591887958117,7349874591981649670,7349874591981649592,11,2026-05-15T08:03:10.000Z,2026-05-15T08:03:21.000Z,23.94,-26.880000000000003,9.24,-14.7,0,0.42,4561.8,4561.45,,,SELL,USD,1,1,1583663
D#1670971,XAUUSD,100,7349874591908665323,7349874591887955406,7349874591981621232,7349874591981620856,5229,2026-05-15T06:37:21.000Z,2026-05-15T08:04:30.000Z,-132.4,131.70000000000002,-135.9,-3.5,0,0.1,4571.83,4558.37,4558.5,4623.75,BUY,USD,1,1,1583663
D#1702617,XAUUSD,100,7349874591908665393,7349874591887958106,7349874591981649986,7349874591981649507,147,2026-05-15T08:02:57.000Z,2026-05-15T08:05:24.000Z,-55.5,52.0,-73.0,-17.5,0,0.5,4561.09,4562.42,4562.2,4557.2,SELL,USD,1,1,1583663
D#1702738,XAUUSD,100,7349874591908665455,7349874591887958213,7349874591981650697,7349874591981650571,22,2026-05-15T08:05:44.000Z,2026-05-15T08:06:06.000Z,-20.8,18.0,-34.8,-14,0,0.4,4565.53,4564.79,,4567.56,BUY,USD,1,1,1583663
D#1702710,XAUUSD,100,7349874591908665559,7349874591887958240,7349874591981651163,7349874591981650775,89,2026-05-15T08:06:20.000Z,2026-05-15T08:07:49.000Z,0.43,-0.5,0.07,-0.36,0,0.01,4565.85,4566.06,,4566.09,BUY,USD,1,1,1583663
D#1702738,XAUUSD,100,7349874591908665566,7349874591887958268,7349874591981651295,7349874591981651085,47,2026-05-15T08:07:05.000Z,2026-05-15T08:07:52.000Z,-72.8,70.0,-86.8,-14,0,0.4,4564.83,4566.87,4566.73,4562.66,SELL,USD,1,1,1583663
D#1702738,XAUUSD,100,7349874591908665648,7349874591887958304,7349874591981651811,7349874591981651532,48,2026-05-15T08:08:22.000Z,2026-05-15T08:09:10.000Z,-141.6,138.79999999999998,-155.6,-14,0,0.4,4567.36,4563.6,,4569.23,BUY,USD,1,1,1583663
D#1702390,XAUUSD,100,7349874591908665882,7349874591887958233,7349874591981653811,7349874591981650716,573,2026-05-15T08:06:08.000Z,2026-05-15T08:15:41.000Z,-12.24,11.82,-14.34,-2.1,0,0.06,4564.98,4562.72,,,BUY,USD,1,1,1583663
D#1702710,XAUUSD,100,7349874591908665935,7349874591887958303,7349874591981652624,7349874591981651531,480,2026-05-15T08:08:22.000Z,2026-05-15T08:16:22.000Z,-32.15,31.799999999999997,-33.91,-1.76,0,0.05,4567.36,4560.71,4561.64,,BUY,USD,1,1,1583663
D#1702361,XAUUSD,100,7349874591908665974,7349874591887958445,7349874591981653962,7349874591981653483,112,2026-05-15T08:14:33.000Z,2026-05-15T08:16:25.000Z,-5.06,4.989999999999999,-5.42,-0.36,0,0.01,4565.12,4559.84,4560,4575.67,BUY,USD,1,1,1583663
D#1589404,XAUUSD,100,7349874591908666044,7349874591887958448,7349874591981654246,7349874591981653496,126,2026-05-15T08:14:35.000Z,2026-05-15T08:16:41.000Z,128.2,-129.6,121.2,-7,0,0.2,4565.33,4559.14,,,SELL,USD,1,1,1583663
D#1702526,XAUUSD,100,7349874591908666082,7349874591887958369,7349874591981653252,7349874591981652316,382,2026-05-15T08:10:43.000Z,2026-05-15T08:17:05.000Z,75,-75.7,71.5,-3.5,0,0.1,4565.73,4558.45,4568.42,4558.22,SELL,USD,1,1,1583663
D#1614595,XAUUSD,100,7349874591908666081,7349874591887958463,7349874591981653828,7349874591981653734,99,2026-05-15T08:15:26.000Z,2026-05-15T08:17:05.000Z,25.4,-25.68,24.0,-1.4,0,0.04,4564.58,4558.45,4567.8,4558.09,SELL,USD,1,1,1583663
D#1645648,XAUUSD,100,7349874591908666206,7349874591887954839,7349874591981615481,7349874591981615255,6924,2026-05-15T06:22:05.000Z,2026-05-15T08:17:29.000Z,-110.75,110.4,-112.51,-1.76,0,0.05,4577.29,4554.92,4555.73,4637.97,BUY,USD,1,1,1583663
D#1670873,XAUUSD,100,7349874591908666172,7349874591887958249,7349874591981651086,7349874591981650876,654,2026-05-15T08:06:35.000Z,2026-05-15T08:17:29.000Z,-39.75,39.4,-41.51,-1.76,0,0.05,4563.61,4555.44,4556.1,,BUY,USD,1,1,1583663
D#1702420,XAUUSD,100,7349874591908666202,7349874591887958284,7349874591981651228,7349874591981651226,599,2026-05-15T08:07:30.000Z,2026-05-15T08:17:29.000Z,-49.65,49.3,-51.41,-1.76,0,0.05,4565.09,4554.94,4555.73,,BUY,USD,1,1,1583663
D#1702556,XAUUSD,100,7349874591908666208,7349874591887958297,7349874591981651462,7349874591981651460,558,2026-05-15T08:08:11.000Z,2026-05-15T08:17:29.000Z,-118.4,117.7,-121.9,-3.5,0,0.1,4567,4554.94,4555.65,4603.61,BUY,USD,1,1,1583663
D#1702502,XAUUSD,100,7349874591908666248,7349874591887953523,7349874591981601049,7349874591981601044,9214,2026-05-15T05:43:56.000Z,2026-05-15T08:17:30.000Z,-33.16,33.019999999999996,-33.86,-0.7,0,0.02,4571.34,4554.54,4555.04,,BUY,USD,1,1,1583663
D#1702617,XAUUSD,100,7349874591908666237,7349874591887958216,7349874591981650827,7349874591981650590,704,2026-05-15T08:05:46.000Z,2026-05-15T08:17:30.000Z,520.5,-524.0,503.0,-17.5,0,0.5,4565.07,4554.88,4570.18,4555.18,SELL,USD,1,1,1583663
D#1702618,XAUUSD,100,7349874591908666232,7349874591887958334,7349874591981652732,7349874591981651835,495,2026-05-15T08:09:15.000Z,2026-05-15T08:17:30.000Z,-88.6,87.89999999999999,-92.1,-3.5,0,0.1,4563.91,4554.83,4555.52,,BUY,USD,1,1,1583663
D#1702493,XAUUSD,100,7349874591908666345,7349874591887956478,7349874591981654746,7349874591981632567,3948,2026-05-15T07:12:03.000Z,2026-05-15T08:17:51.000Z,127.55,-127.89999999999999,125.79,-1.76,0,0.05,4580.94,4555.65,4596.55,4532.22,SELL,USD,1,1,1583663
D#1702361,XAUUSD,100,7349874591908666399,7349874591887958546,7349874591981654802,7349874591981654417,79,2026-05-15T08:17:11.000Z,2026-05-15T08:18:30.000Z,-21.08,20.799999999999997,-22.48,-1.4,0,0.04,4558.5,4553.01,4553,4575,BUY,USD,1,1,1583663
D#1702710,XAUUSD,100,7349874591908666407,7349874591887958538,7349874591981655045,7349874591981654358,94,2026-05-15T08:17:00.000Z,2026-05-15T08:18:34.000Z,-42.84,42.35,-45.3,-2.46,0,0.07,4559.77,4553.43,,,BUY,USD,1,1,1583663
D#1702371,XAUUSD,100,7349874591908666580,7349874591887958603,7349874591981656093,7349874591981654900,172,2026-05-15T08:18:13.000Z,2026-05-15T08:21:05.000Z,-3.75,3.4,-5.51,-1.76,0,0.05,4556.49,4555.52,4550,4580,BUY,USD,1,1,1583663
D#1702361,XAUUSD,100,7349874591908666655,7349874591887958672,7349874591981656613,7349874591981655531,161,2026-05-15T08:19:48.000Z,2026-05-15T08:22:29.000Z,-0.4,0.04999999999999999,-2.16,-1.76,0,0.05,4557.18,4556.88,4552,4578.09,BUY,USD,1,1,1583663
D#1702527,XAUUSD,100,7349874591908666676,7349874591887958536,7349874591981654782,7349874591981654336,355,2026-05-15T08:16:58.000Z,2026-05-15T08:22:53.000Z,47.52,-48.92,40.52,-7,0,0.2,4560.14,4559.94,4559.75,,SELL,USD,1,1,1583663
D#1702388,XAUUSD,100,7349874591908666681,7349874591887953512,7349874591981656748,7349874591981600957,9552,2026-05-15T05:43:42.000Z,2026-05-15T08:22:54.000Z,121.9,-122.60000000000001,118.4,-3.5,0,0.1,4571.47,4559.5,,4531.08,SELL,USD,1,1,1583663
D#1702556,XAUUSD,100,7349874591908666691,7349874591887958783,7349874591981656635,7349874591981656634,24,2026-05-15T08:22:32.000Z,2026-05-15T08:22:56.000Z,-34.4,33.699999999999996,-37.9,-3.5,0,0.1,4557.38,4561.04,4560.99,4530.76,SELL,USD,1,1,1583663
D#1614603,XAUUSD,100,7349874591908666740,7349874591887958424,7349874591981657068,7349874591981653258,602,2026-05-15T08:13:49.000Z,2026-05-15T08:23:51.000Z,30.94,-31.43,28.48,-2.46,0,0.07,4565.04,4560.84,4561.55,4551.47,SELL,USD,1,1,1583663
D#1702618,XAUUSD,100,7349874591908666887,7349874591887958625,7349874591981658027,7349874591981655084,501,2026-05-15T08:18:39.000Z,2026-05-15T08:27:00.000Z,43.6,-44.300000000000004,40.1,-3.5,0,0.1,4554.73,4558.87,4545,,BUY,USD,1,1,1583663
D#1702388,XAUUSD,100,7349874591908667066,7349874591887958813,7349874591981657324,7349874591981657006,408,2026-05-15T08:23:37.000Z,2026-05-15T08:30:25.000Z,132.5,-134.25,123.74,-8.76,0,0.25,4559.59,4554.51,,4554.9,SELL,USD,1,1,1583663
D#1589428,XAUUSD,100,7349874591908667065,7349874591887958829,7349874591981657414,7349874591981657218,367,2026-05-15T08:24:18.000Z,2026-05-15T08:30:25.000Z,142.34,-143.88,134.64,-7.7,0,0.22,4560.76,4554.51,,4555.38,SELL,USD,1,1,1583663
D#1702567,XAUUSD,100,7349874591908667118,7349874591887957403,7349874591981641557,7349874591981634893,3194,2026-05-15T07:37:22.000Z,2026-05-15T08:30:36.000Z,-96.08,95.8,-97.48,-1.4,0,0.04,4576.58,4552.34,4552.89,,BUY,USD,1,1,1583663
D#1702677,XAUUSD,100,7349874591908667157,7349874591887958380,7349874591981652530,7349874591981652458,1176,2026-05-15T08:11:06.000Z,2026-05-15T08:30:42.000Z,-51.36,51.08,-52.76,-1.4,0,0.04,4565.06,4552,4552.22,4590.12,BUY,USD,1,1,1583663
D#1702665,XAUUSD,100,7349874591908667213,7349874591887957722,7349874591981659259,7349874591981645424,2397,2026-05-15T07:50:54.000Z,2026-05-15T08:30:51.000Z,-408.2,406.8,-415.2,-7,0,0.2,4571.87,4551.24,,4583.75,BUY,USD,1,1,1583663
D#1670915,XAUUSD,100,7349874591908667404,7349874591887958092,7349874591981660250,7349874591981649357,1855,2026-05-15T08:02:33.000Z,2026-05-15T08:33:28.000Z,94.5,-95.13,91.34,-3.16,0,0.09,4563.13,4552.85,4581.46,,SELL,USD,1,1,1583663
D#1702390,XAUUSD,100,7349874591908667407,7349874591887958727,7349874591981660276,7349874591981656002,761,2026-05-15T08:20:51.000Z,2026-05-15T08:33:32.000Z,68.25,-69.3,62.99,-5.26,0,0.15,4555.68,4551.35,,,SELL,USD,1,1,1583663
D#1702388,XAUUSD,100,7349874591908667437,7349874591887959056,7349874591981659916,7349874591981659913,83,2026-05-15T08:32:37.000Z,2026-05-15T08:34:00.000Z,-34.5,32.75,-43.26,-8.76,0,0.25,4553.59,4555.19,4555.03,4548.63,SELL,USD,1,1,1583663
D#1702388,XAUUSD,100,7349874591908667677,7349874591887959122,7349874591981661150,7349874591981660589,291,2026-05-15T08:34:26.000Z,2026-05-15T08:39:17.000Z,-96.9,94.80000000000001,-107.4,-10.5,0,0.3,4553.49,4556.94,4556.6,4549.6,SELL,USD,1,1,1583663
D#1702361,XAUUSD,100,7349874591908667746,7349874591887958790,7349874591981662603,7349874591981656719,1065,2026-05-15T08:22:50.000Z,2026-05-15T08:40:35.000Z,2.15,-2.5,0.39,-1.76,0,0.05,4558.84,4559.05,,,BUY,USD,1,1,1583663
D#1702589,XAUUSD,100,7349874591908667814,7349874591887959243,7349874591981663187,7349874591981661375,190,2026-05-15T08:39:23.000Z,2026-05-15T08:42:33.000Z,-66.88,64.64,-78.08,-11.2,0,0.32,4558.39,4560.7,4561.39,4554.3,SELL,USD,1,1,1583663
D#1702361,XAUUSD,100,7349874591908667823,7349874591887959281,7349874591981663234,7349874591981662628,122,2026-05-15T08:40:40.000Z,2026-05-15T08:42:42.000Z,12.33,-12.96,9.17,-3.16,0,0.09,4558.7,4559.85,,4575,BUY,USD,1,1,1583663
D#1702527,XAUUSD,100,7349874591908667843,7349874591887959025,7349874591981660060,7349874591981659592,675,2026-05-15T08:31:39.000Z,2026-05-15T08:42:54.000Z,-154.6,153.2,-161.6,-7,0,0.2,4553.93,4562.83,4562.23,,SELL,USD,1,1,1583663
D#1589457,XAUUSD,100,7349874591908667858,7349874591887959232,7349874591981663336,7349874591981662085,246,2026-05-15T08:38:53.000Z,2026-05-15T08:42:59.000Z,115.05,-116.1,109.79,-5.26,0,0.15,4554.52,4561.97,,,BUY,USD,1,1,1583663
D#1702420,XAUUSD,100,7349874591908667884,7349874591887959096,7349874591981663507,7349874591981660330,591,2026-05-15T08:33:42.000Z,2026-05-15T08:43:33.000Z,86.8,-87.5,83.3,-3.5,0,0.1,4552.99,4561.45,4549,4572.26,BUY,USD,1,1,1583663
D#1702361,XAUUSD,100,7349874591908667901,7349874591887959325,7349874591981663592,7349874591981663277,64,2026-05-15T08:42:50.000Z,2026-05-15T08:43:54.000Z,15.8,-16.5,12.3,-3.5,0,0.1,4559.46,4560.82,4561,,BUY,USD,1,1,1583663
D#1702431,XAUUSD,100,7349874591908667948,7349874591887958690,7349874591981656086,7349874591981655698,1490,2026-05-15T08:20:12.000Z,2026-05-15T08:45:02.000Z,-61.1,60.4,-64.6,-3.5,0,0.1,4556.65,4562.98,4562.76,4536.76,SELL,USD,1,1,1583663
D#1702361,XAUUSD,100,7349874591908667957,7349874591887959357,7349874591981663994,7349874591981663648,65,2026-05-15T08:44:00.000Z,2026-05-15T08:45:05.000Z,27.7,-28.4,24.2,-3.5,0,0.1,4560.67,4563.22,,,BUY,USD,1,1,1583663
D#1702388,XAUUSD,100,7349874591908668391,7349874591887959256,7349874591981662839,7349874591981662345,936,2026-05-15T08:39:45.000Z,2026-05-15T08:55:21.000Z,131,-134.5,113.5,-17.5,0,0.5,4557.28,4554.88,,4554.99,SELL,USD,1,1,1583663
D#1702673,XAUUSD,100,7349874591908668420,7349874591887959457,7349874591981666963,7349874591981664760,475,2026-05-15T08:47:31.000Z,2026-05-15T08:55:26.000Z,-73.7,73.0,-77.2,-3.5,0,0.1,4561.39,4553.8,4552.35,4577.57,BUY,USD,1,1,1583663
D#1670990,XAUUSD,100,7349874591908668490,7349874591887959391,7349874591981667404,7349874591981664034,701,2026-05-15T08:45:13.000Z,2026-05-15T08:56:54.000Z,-136,134.6,-143.0,-7,0,0.2,4563.42,4556.4,,4567.63,BUY,USD,1,1,1583663
D#1702388,XAUUSD,100,7349874591908668495,7349874591887959648,7349874591981667429,7349874591981667124,62,2026-05-15T08:55:57.000Z,2026-05-15T08:56:59.000Z,-41.5,38.0,-59.0,-17.5,0,0.5,4555.4,4556.45,,,SELL,USD,1,1,1583663
D#1702710,XAUUSD,100,7349874591908668500,7349874591887958627,7349874591981667483,7349874591981655094,2313,2026-05-15T08:18:40.000Z,2026-05-15T08:57:13.000Z,-6.4,5.7,-9.9,-3.5,0,0.1,4554.74,4555.6,,,SELL,USD,1,1,1583663
D#1702388,XAUUSD,100,7349874591908668557,7349874591887959680,7349874591981667797,7349874591981667549,95,2026-05-15T08:57:25.000Z,2026-05-15T08:59:00.000Z,127.5,-131.0,110.0,-17.5,0,0.5,4555.81,4553.48,,4553.52,SELL,USD,1,1,1583663
D#1702589,XAUUSD,100,7349874591908668561,7349874591887959381,7349874591981663952,7349874591981663596,841,2026-05-15T08:45:01.000Z,2026-05-15T08:59:02.000Z,-107.36,106.59,-111.22,-3.86,0,0.11,4562.89,4552.91,4553.23,4574.16,BUY,USD,1,1,1583663
D#1702388,XAUUSD,100,7349874591908668617,7349874591887959725,7349874591981668273,7349874591981668124,31,2026-05-15T08:59:30.000Z,2026-05-15T09:00:01.000Z,-24,20.5,-41.5,-17.5,0,0.5,4554,4554.7,,,SELL,USD,1,1,1583663
D#1702388,XAUUSD,100,7349874591908668688,7349874591887959752,7349874591981668685,7349874591981668448,62,2026-05-15T09:00:33.000Z,2026-05-15T09:01:35.000Z,98.5,-102.0,81.0,-17.5,0,0.5,4553.49,4551.74,,4551.7,SELL,USD,1,1,1583663
D#1702509,XAUUSD,100,7349874591908668690,7349874591887959589,7349874591981666623,7349874591981664475,417,2026-05-15T08:54:40.000Z,2026-05-15T09:01:37.000Z,-49.12,48.559999999999995,-51.92,-2.8,0,0.08,4557.58,4551.22,4551.33,4571.52,BUY,USD,1,1,1583663
D#1670949,XAUUSD,100,7349874591908668845,7349874591887959781,7349874591981669460,7349874591981668844,130,2026-05-15T09:01:50.000Z,2026-05-15T09:04:00.000Z,-87.2,84.4,-101.2,-14,0,0.4,4551.99,4554.39,4554.11,4549.56,SELL,USD,1,1,1583663
D#1702673,XAUUSD,100,7349874591908668959,7349874591887959683,7349874591981669942,7349874591981667572,453,2026-05-15T08:57:29.000Z,2026-05-15T09:05:02.000Z,32.8,-33.5,29.3,-3.5,0,0.1,4555.86,4558.92,4549.78,4581.21,BUY,USD,1,1,1583663
D#1702388,XAUUSD,100,7349874591908669025,7349874591887959785,7349874591981670252,7349874591981668868,237,2026-05-15T09:01:53.000Z,2026-05-15T09:05:50.000Z,-533,529.5,-550.5,-17.5,0,0.5,4552.33,4563.21,,4550.24,SELL,USD,1,1,1583663
D#1670990,XAUUSD,100,7349874591908669062,7349874591887959899,7349874591981670451,7349874591981670181,42,2026-05-15T09:05:38.000Z,2026-05-15T09:06:20.000Z,-74,72.6,-81.0,-7,0,0.2,4562.47,4558.55,,,BUY,USD,1,1,1583663
D#1671065,XAUUSD,100,7349874591908669117,7349874591887959844,7349874591981670418,7349874591981669536,185,2026-05-15T09:03:55.000Z,2026-05-15T09:07:00.000Z,53.75,-54.45,50.24,-3.51,0,0.1,4552.9,4554.47,4554.75,4564.94,BUY,USD,1,1,1583663
D#1670949,XAUUSD,100,7349874591908669235,7349874591887959968,7349874591981671230,7349874591981670908,67,2026-05-15T09:07:49.000Z,2026-05-15T09:08:56.000Z,-22,19.2,-36.0,-14,0,0.4,4554.24,4555.01,,4552.11,SELL,USD,1,1,1583663
D#1670967,XAUUSD,100,7349874591908669275,7349874591887959987,7349874591981671433,7349874591981671099,63,2026-05-15T09:08:29.000Z,2026-05-15T09:09:32.000Z,14,-16.8,0.0,-14,0,0.4,4554.5,4554.37,,,SELL,USD,1,1,1583663
D#1670949,XAUUSD,100,7349874591908669309,7349874591887960015,7349874591981671660,7349874591981671364,50,2026-05-15T09:09:22.000Z,2026-05-15T09:10:12.000Z,-67.2,64.4,-81.2,-14,0,0.4,4554.85,4552.95,,4557.19,BUY,USD,1,1,1583663
D#1670971,XAUUSD,100,7349874591908669329,7349874591887959984,7349874591981671329,7349874591981671060,119,2026-05-15T09:08:20.000Z,2026-05-15T09:10:19.000Z,-45.5,44.8,-49.0,-3.5,0,0.1,4554.82,4550.05,4550.35,4600.38,BUY,USD,1,1,1583663
D#1702371,XAUUSD,100,7349874591908669343,7349874591887958740,7349874591981656504,7349874591981656149,2946,2026-05-15T08:21:14.000Z,2026-05-15T09:10:20.000Z,-47.6,46.9,-51.1,-3.5,0,0.1,4554.83,4549.85,4550,4580,BUY,USD,1,1,1583663
D#1702751,XAUUSD,100,7349874591908669350,7349874591887957742,7349874591981646437,7349874591981645599,4739,2026-05-15T07:51:23.000Z,2026-05-15T09:10:22.000Z,214.3,-215.0,210.8,-3.5,0,0.1,4571.29,4550.08,4595,4550,SELL,USD,1,1,1583663
D#1614595,XAUUSD,100,7349874591908669365,7349874591887959865,7349874591981669796,7349874591981667088,357,2026-05-15T09:04:37.000Z,2026-05-15T09:10:34.000Z,35.24,-35.52,33.84,-1.4,0,0.04,4558.38,4549.79,4565.02,4549.61,SELL,USD,1,1,1583663
D#1671085,XAUUSD,100,7349874591908669384,7349874591887959926,7349874591981671855,7349874591981670469,257,2026-05-15T09:06:24.000Z,2026-05-15T09:10:41.000Z,-202.2,200.1,-212.7,-10.5,0,0.3,4558.06,4551.1,,,BUY,USD,1,1,1583663
D#1702710,XAUUSD,100,7349874591908669455,7349874591887959679,7349874591981672051,7349874591981667536,828,2026-05-15T08:57:23.000Z,2026-05-15T09:11:11.000Z,-108.15,107.10000000000001,-113.41,-5.26,0,0.15,4555.9,4548.47,,,BUY,USD,1,1,1583663
D#1589428,XAUUSD,100,7349874591908669459,7349874591887959094,7349874591981660507,7349874591981660325,2252,2026-05-15T08:33:41.000Z,2026-05-15T09:11:13.000Z,113.3,-114.84,105.6,-7.7,0,0.22,4552.76,4547.83,,4547.77,SELL,USD,1,1,1583663
D#1670967,XAUUSD,100,7349874591908669478,7349874591887960095,7349874591981672171,7349874591981672078,22,2026-05-15T09:11:15.000Z,2026-05-15T09:11:37.000Z,10.8,-13.600000000000001,-3.2,-14,0,0.4,4548.54,4548.49,,,SELL,USD,1,1,1583663
D#1702403,XAUUSD,100,7349874591908669488,7349874591887959940,7349874591981672218,7349874591981670644,293,2026-05-15T09:06:54.000Z,2026-05-15T09:11:47.000Z,48.72,-49.21,46.26,-2.46,0,0.07,4555.85,4549.11,4568.02,4539.83,SELL,USD,1,1,1583663
D#1702590,XAUUSD,100,7349874591908669517,7349874591887959370,7349874591981672384,7349874591981663797,1668,2026-05-15T08:44:28.000Z,2026-05-15T09:12:16.000Z,128.2,-128.89999999999998,124.7,-3.5,0,0.1,4561.39,4548.79,,,SELL,USD,1,1,1583663
D#1589404,XAUUSD,100,7349874591908669603,7349874591887958585,7349874591981655552,7349874591981654698,3398,2026-05-15T08:17:43.000Z,2026-05-15T09:14:21.000Z,136.8,-138.20000000000002,129.8,-7,0,0.2,4553.99,4547.37,,4547.52,SELL,USD,1,1,1583663
D#1702744,XAUUSD,100,7349874591908669613,7349874591887954206,7349874591981673027,7349874591981608041,11513,2026-05-15T06:02:32.000Z,2026-05-15T09:14:25.000Z,-43.65,43.44,-44.71,-1.06,0,0.03,4562.44,4547.67,4545.7,4697.31,BUY,USD,1,1,1583663
D#1702454,XAUUSD,100,7349874591908669637,7349874591887958103,7349874591981649990,7349874591981649459,4309,2026-05-15T08:02:50.000Z,2026-05-15T09:14:39.000Z,-16.03,15.96,-16.39,-0.36,0,0.01,4562.6,4546.35,4546.96,,BUY,USD,1,1,1583663
D#1589456,XAUUSD,100,7349874591908669654,7349874591887955764,7349874591981624934,7349874591981624624,8768,2026-05-15T06:48:32.000Z,2026-05-15T09:14:40.000Z,-139.58,139.09,-142.04,-2.46,0,0.07,4566.56,4546.4,4545.99,4610,BUY,USD,1,1,1583663
D#1702371,XAUUSD,100,7349874591908669661,7349874591887960108,7349874591981673148,7349874591981672247,172,2026-05-15T09:11:51.000Z,2026-05-15T09:14:43.000Z,-36.3,35.25,-41.56,-5.26,0,0.15,4549.57,4546.93,4545,4570,BUY,USD,1,1,1583663
D#1702527,XAUUSD,100,7349874591908669729,7349874591887960090,7349874591981673482,7349874591981672045,270,2026-05-15T09:11:09.000Z,2026-05-15T09:15:39.000Z,18.2,-19.599999999999998,11.2,-7,0,0.2,4548.51,4547.82,,,SELL,USD,1,1,1583663
D#1702371,XAUUSD,100,7349874591908669747,7349874591887960188,7349874591981673524,7349874591981673209,55,2026-05-15T09:14:57.000Z,2026-05-15T09:15:52.000Z,-63,59.5,-80.5,-17.5,0,0.5,4547.28,4545.8,4546,4555,BUY,USD,1,1,1583663
D#1702740,XAUUSD,100,7349874591908669754,7349874591887959229,7349874591981662468,7349874591981662033,2229,2026-05-15T08:38:44.000Z,2026-05-15T09:15:53.000Z,-20.1,19.96,-20.8,-0.7,0,0.02,4555.65,4545.38,4545.54,,BUY,USD,1,1,1583663
D#1614603,XAUUSD,100,7349874591908669781,7349874591887958888,7349874591981658009,7349874591981658005,2941,2026-05-15T08:26:57.000Z,2026-05-15T09:15:58.000Z,103.04,-103.53,100.58,-2.46,0,0.07,4559.27,4544.77,4556.4,4544.95,SELL,USD,1,1,1583663
D#1702453,XAUUSD,100,7349874591908669832,7349874591887958668,7349874591981657181,7349874591981655442,3396,2026-05-15T08:19:30.000Z,2026-05-15T09:16:06.000Z,-79.3,78.95,-81.06,-1.76,0,0.05,4558.19,4542.11,4542.5,,BUY,USD,1,1,1583663
D#1702342,XAUUSD,100,7349874591908669831,7349874591887960243,7349874591981673643,7349874591981673082,8,2026-05-15T09:15:58.000Z,2026-05-15T09:16:06.000Z,111.6,-114.75,95.84,-15.76,0,0.45,4544.52,4542.26,4546.59,4542.58,SELL,USD,1,1,1583663
D#1702371,XAUUSD,100,7349874591908669838,7349874591887960251,7349874591981673770,7349874591981673673,12,2026-05-15T09:15:59.000Z,2026-05-15T09:16:11.000Z,20.5,-24.0,3.0,-17.5,0,0.5,4542.51,4542.32,,,SELL,USD,1,1,1583663
D#1702677,XAUUSD,100,7349874591908669842,7349874591887959218,7349874591981662096,7349874591981661886,2275,2026-05-15T08:38:17.000Z,2026-05-15T09:16:12.000Z,-66.8,66.45,-68.56,-1.76,0,0.05,4555.14,4541.56,4541.6,4577.01,BUY,USD,1,1,1583663
D#1702729,XAUUSD,100,7349874591908669892,7349874591887957671,7349874591981645768,7349874591981645038,5200,2026-05-15T07:49:49.000Z,2026-05-15T09:16:29.000Z,-176.55,176.20000000000002,-178.31,-1.76,0,0.05,4575.05,4539.52,4540.31,,BUY,USD,1,1,1583663
D#1702517,XAUUSD,100,7349874591908669921,7349874591887957119,7349874591981673960,7349874591981638793,6455,2026-05-15T07:29:00.000Z,2026-05-15T09:16:35.000Z,80.68,-80.82000000000001,79.98,-0.7,0,0.02,4582.2,4542.08,,,SELL,USD,1,1,1583663
D#1702361,XAUUSD,100,7349874591908669934,7349874591887959400,7349874591981674006,7349874591981664127,1870,2026-05-15T08:45:30.000Z,2026-05-15T09:16:40.000Z,-198.8,198.10000000000002,-202.3,-3.5,0,0.1,4562.68,4542.58,,4578,BUY,USD,1,1,1583663
D#1702363,XAUUSD,100,7349874591908670401,7349874591887959539,7349874591981666182,7349874591981665948,1945,2026-05-15T08:52:04.000Z,2026-05-15T09:24:29.000Z,88.7,-89.4,85.2,-3.5,0,0.1,4560.05,4551.4,4551.16,4530.16,SELL,USD,1,1,1583663
D#1702618,XAUUSD,100,7349874591908670474,7349874591887958901,7349874591981677072,7349874591981658158,3502,2026-05-15T08:27:27.000Z,2026-05-15T09:25:49.000Z,52.2,-52.900000000000006,48.7,-3.5,0,0.1,4557.43,4552.43,4570,,SELL,USD,1,1,1583663
D#1702729,XAUUSD,100,7349874591908670486,7349874591887960557,7349874591981677118,7349874591981677057,13,2026-05-15T09:25:45.000Z,2026-05-15T09:25:58.000Z,1.05,-1.4000000000000001,-0.71,-1.76,0,0.05,4552.87,4552.86,,,BUY,USD,1,1,1583663
D#1702729,XAUUSD,100,7349874591908670511,7349874591887960577,7349874591981677299,7349874591981677282,4,2026-05-15T09:26:28.000Z,2026-05-15T09:26:32.000Z,2.05,-2.4,0.29,-1.76,0,0.05,4550.82,4551.01,,,BUY,USD,1,1,1583663
D#1702729,XAUUSD,100,7349874591908670521,7349874591887960579,7349874591981677365,7349874591981677338,4,2026-05-15T09:26:41.000Z,2026-05-15T09:26:45.000Z,1.35,-1.7000000000000002,-0.41,-1.76,0,0.05,4551.93,4551.98,,,BUY,USD,1,1,1583663
D#1702729,XAUUSD,100,7349874591908670541,7349874591887960585,7349874591981677551,7349874591981677394,31,2026-05-15T09:26:50.000Z,2026-05-15T09:27:21.000Z,0.5,-0.8500000000000001,-1.26,-1.76,0,0.05,4552.23,4552.11,,,BUY,USD,1,1,1583663
D#1702729,XAUUSD,100,7349874591908670643,7349874591887960641,7349874591981678155,7349874591981678100,10,2026-05-15T09:29:10.000Z,2026-05-15T09:29:20.000Z,-92,88.5,-109.5,-17.5,0,0.5,4553.71,4551.65,,,BUY,USD,1,1,1583663
D#1670918,XAUUSD,100,7349874591908670756,7349874591887960667,7349874591981678853,7349874591981678498,65,2026-05-15T09:30:20.000Z,2026-05-15T09:31:25.000Z,-51.2,49.800000000000004,-58.2,-7,0,0.2,4554.94,4552.16,,,BUY,USD,1,1,1583663
D#1670918,XAUUSD,100,7349874591908670895,7349874591887960702,7349874591981679918,7349874591981679015,191,2026-05-15T09:32:01.000Z,2026-05-15T09:35:12.000Z,-6.2,4.8,-13.2,-7,0,0.2,4553.7,4553.17,,4567.84,BUY,USD,1,1,1583663
D#1670873,XAUUSD,100,7349874591908671037,7349874591887960361,7349874591981676363,7349874591981674738,1144,2026-05-15T09:18:34.000Z,2026-05-15T09:37:38.000Z,4.1,-4.449999999999999,2.34,-1.76,0,0.05,4546.04,4546.64,4546.58,,BUY,USD,1,1,1583663
D#1702403,XAUUSD,100,7349874591908671164,7349874591887960578,7349874591981681542,7349874591981677286,828,2026-05-15T09:26:29.000Z,2026-05-15T09:40:17.000Z,39.76,-40.25,37.3,-2.46,0,0.07,4550.68,4545.22,4561.59,4535.6,SELL,USD,1,1,1583663
D#1670971,XAUUSD,100,7349874591908671362,7349874591887960921,7349874591981682797,7349874591981681708,231,2026-05-15T09:40:49.000Z,2026-05-15T09:44:40.000Z,-28.6,27.900000000000002,-32.1,-3.5,0,0.1,4546.51,4543.43,,,BUY,USD,1,1,1583663
D#1702740,XAUUSD,100,7349874591908671363,7349874591887960756,7349874591981682798,7349874591981679770,605,2026-05-15T09:34:36.000Z,2026-05-15T09:44:41.000Z,53.1,-53.45,51.34,-1.76,0,0.05,4554.03,4543.63,,,SELL,USD,1,1,1583663
D#1702740,XAUUSD,100,7349874591908671475,7349874591887961015,7349874591981683316,7349874591981682934,117,2026-05-15T09:45:06.000Z,2026-05-15T09:47:03.000Z,-3.1,2.75,-4.86,-1.76,0,0.05,4542.74,4543.58,4543.85,4442.85,SELL,USD,1,1,1583663
D#1702618,XAUUSD,100,7349874591908671545,7349874591887960597,7349874591981677524,7349874591981677523,1255,2026-05-15T09:27:16.000Z,2026-05-15T09:48:11.000Z,-116.6,115.89999999999999,-120.1,-3.5,0,0.1,4551.71,4539.83,4540,,BUY,USD,1,1,1583663
D#1671065,XAUUSD,100,7349874591908671558,7349874591887960038,7349874591981672254,7349874591981671569,2291,2026-05-15T09:10:08.000Z,2026-05-15T09:48:19.000Z,-141.1,140.4,-144.6,-3.5,0,0.1,4553.65,4539.32,4539.47,4562.99,BUY,USD,1,1,1583663
D#1702526,XAUUSD,100,7349874591908671580,7349874591887960063,7349874591981671922,7349874591981671822,2269,2026-05-15T09:10:35.000Z,2026-05-15T09:48:24.000Z,114.3,-115.0,110.8,-3.5,0,0.1,4550.24,4539.03,4562.4,4539.03,SELL,USD,1,1,1583663
D#1702453,XAUUSD,100,7349874591908671635,7349874591887960342,7349874591981674975,7349874591981674497,1882,2026-05-15T09:17:55.000Z,2026-05-15T09:49:17.000Z,-64.4,63.7,-67.9,-3.5,0,0.1,4544.42,4537.76,4538,4633,BUY,USD,1,1,1583663
D#1702622,XAUUSD,100,7349874591908671632,7349874591887960503,7349874591981676493,7349874591981676367,1547,2026-05-15T09:23:30.000Z,2026-05-15T09:49:17.000Z,-45.7,45.35,-47.46,-1.76,0,0.05,4547.18,4537.82,4538.42,4557.17,BUY,USD,1,1,1583663
D#1671080,XAUUSD,100,7349874591908671658,7349874591887958896,7349874591981684307,7349874591981658066,4933,2026-05-15T08:27:07.000Z,2026-05-15T09:49:20.000Z,-197.3,196.60000000000002,-200.8,-3.5,0,0.1,4558.66,4538.71,,4568,BUY,USD,1,1,1583663
D#1702633,XAUUSD,100,7349874591908671775,7349874591887960851,7349874591981681456,7349874591981680895,718,2026-05-15T09:38:16.000Z,2026-05-15T09:50:14.000Z,-28.04,27.9,-28.74,-0.7,0,0.02,4547.32,4533.08,4533.55,4592.83,BUY,USD,1,1,1583663
D#1702342,XAUUSD,100,7349874591908671773,7349874591887961138,7349874591981684526,7349874591981674602,13,2026-05-15T09:50:01.000Z,2026-05-15T09:50:14.000Z,89.1,-92.25,73.34,-15.76,0,0.45,4535.36,4533.6,4539.19,4534.34,SELL,USD,1,1,1583663
D#1702370,XAUUSD,100,7349874591908671885,7349874591887961074,7349874591981685157,7349874591981683742,239,2026-05-15T09:47:42.000Z,2026-05-15T09:51:41.000Z,48.38,-51.25,34.02,-14.36,0,0.41,4540.86,4539.9,,,SELL,USD,1,1,1583663
D#1702740,XAUUSD,100,7349874591908672114,7349874591887961071,7349874591981685762,7349874591981683697,508,2026-05-15T09:47:34.000Z,2026-05-15T09:56:02.000Z,-11.3,10.950000000000001,-13.06,-1.76,0,0.05,4541.98,4544.46,4544.09,4532.09,SELL,USD,1,1,1583663
D#1702622,XAUUSD,100,7349874591908672115,7349874591887961160,7349874591981685073,7349874591981684698,340,2026-05-15T09:50:22.000Z,2026-05-15T09:56:02.000Z,-52.85,52.5,-54.61,-1.76,0,0.05,4533.67,4544.46,4544,4523.18,SELL,USD,1,1,1583663
D#1702533,XAUUSD,100,7349874591908672153,7349874591887961141,7349874591981686733,7349874591981684537,378,2026-05-15T09:50:02.000Z,2026-05-15T09:56:20.000Z,-188.8,187.4,-195.8,-7,0,0.2,4535.44,4545.1,,,SELL,USD,1,1,1583663
D#1702439,XAUUSD,100,7349874591908672185,7349874591887961238,7349874591981686882,7349874591981685645,211,2026-05-15T09:53:14.000Z,2026-05-15T09:56:45.000Z,69.02,-70.0,64.12,-4.9,0,0.14,4541.4,4546.11,4532.72,4547.13,BUY,USD,1,1,1583663
D#1671065,XAUUSD,100,7349874591908672238,7349874591887961294,7349874591981687354,7349874591981686228,191,2026-05-15T09:55:01.000Z,2026-05-15T09:58:12.000Z,147,-150.5,129.5,-17.5,0,0.5,4542.51,4545.23,,4548.92,BUY,USD,1,1,1583663
D#1671065,XAUUSD,100,7349874591908672400,7349874591887961399,7349874591981688404,7349874591981687562,165,2026-05-15T09:58:55.000Z,2026-05-15T10:01:40.000Z,-19,15.5,-36.5,-17.5,0,0.5,4545.51,4544.91,4545.57,4547.73,BUY,USD,1,1,1583663
D#1671065,XAUUSD,100,7349874591908672454,7349874591887961481,7349874591981688643,7349874591981688445,39,2026-05-15T10:01:42.000Z,2026-05-15T10:02:21.000Z,180.5,-184.0,163.0,-17.5,0,0.5,4544.41,4547.8,,4547.85,BUY,USD,1,1,1583663
D#1702363,XAUUSD,100,7349874591908672610,7349874591887960788,7349874591981680400,7349874591981680207,1754,2026-05-15T09:36:12.000Z,2026-05-15T10:05:26.000Z,8.75,-9.1,6.99,-1.76,0,0.05,4552.36,4550.83,4550.47,4500,SELL,USD,1,1,1583663
D#1702611,XAUUSD,100,7349874591908672658,7349874591887961401,7349874591981689880,7349874591981687594,422,2026-05-15T09:59:03.000Z,2026-05-15T10:06:05.000Z,24.75,-25.1,22.99,-1.76,0,0.05,4545.63,4550.36,,,BUY,USD,1,1,1583663
D#1589450,XAUUSD,100,7349874591908672703,7349874591887959989,7349874591981671449,7349874591981671138,3478,2026-05-15T09:08:39.000Z,2026-05-15T10:06:37.000Z,9.25,-9.6,7.49,-1.76,0,0.05,4554.08,4552.45,4552.15,4509.93,SELL,USD,1,1,1583663
D#1702439,XAUUSD,100,7349874591908672710,7349874591887961388,7349874591981687793,7349874591981687369,506,2026-05-15T09:58:15.000Z,2026-05-15T10:06:41.000Z,-117.76,116.64,-123.36,-5.6,0,0.16,4545.14,4552.72,4552.39,4538.32,SELL,USD,1,1,1583663
D#1589457,XAUUSD,100,7349874591908672718,7349874591887960939,7349874591981690127,7349874591981681938,1511,2026-05-15T09:41:40.000Z,2026-05-15T10:06:51.000Z,72,-73.05,66.74,-5.26,0,0.15,4547.71,4552.29,,,BUY,USD,1,1,1583663
D#1670972,XAUUSD,100,7349874591908672793,7349874591887960304,7349874591981690633,7349874591981674160,3085,2026-05-15T09:17:02.000Z,2026-05-15T10:08:27.000Z,-36.45,36.24,-37.51,-1.06,0,0.03,4542.17,4554.54,4583,,SELL,USD,1,1,1583663
D#1670978,XAUUSD,100,7349874591908672804,7349874591887961065,7349874591981690691,7349874591981683623,1279,2026-05-15T09:47:21.000Z,2026-05-15T10:08:40.000Z,-212.1,211.04999999999998,-217.36,-5.26,0,0.15,4540.81,4555.17,,,SELL,USD,1,1,1583663
D#1670947,XAUUSD,100,7349874591908672812,7349874591887960208,7349874591981673472,7349874591981673328,3217,2026-05-15T09:15:15.000Z,2026-05-15T10:08:52.000Z,-76.2,75.5,-79.7,-3.5,0,0.1,4548.2,4556.04,4555.74,4527.56,SELL,USD,1,1,1583663
D#1702740,XAUUSD,100,7349874591908672841,7349874591887961519,7349874591981690858,7349874591981688933,361,2026-05-15T10:03:12.000Z,2026-05-15T10:09:13.000Z,92.5,-93.2,89.0,-3.5,0,0.1,4547.71,4556.74,4552.58,4647.6,BUY,USD,1,1,1583663
D#1702622,XAUUSD,100,7349874591908672877,7349874591887961619,7349874591981691018,7349874591981690101,174,2026-05-15T10:06:46.000Z,2026-05-15T10:09:40.000Z,-35.7,35.35,-37.46,-1.76,0,0.05,4552.18,4559.54,4562.6,4541.2,SELL,USD,1,1,1583663
D#1589428,XAUUSD,100,7349874591908672993,7349874591887961612,7349874591981690429,7349874591981690007,306,2026-05-15T10:06:29.000Z,2026-05-15T10:11:35.000Z,-194.48,192.94,-202.18,-7.7,0,0.22,4551.4,4560.46,4560.25,4547.59,SELL,USD,1,1,1583663
D#1702420,XAUUSD,100,7349874591908673004,7349874591887961219,7349874591981691705,7349874591981685347,1170,2026-05-15T09:52:14.000Z,2026-05-15T10:11:44.000Z,85.05,-85.39999999999999,83.29,-1.76,0,0.05,4542.01,4558.8,4542.25,,BUY,USD,1,1,1583663
D#1702531,XAUUSD,100,7349874591908673080,7349874591887961042,7349874591981692148,7349874591981683361,1576,2026-05-15T09:46:34.000Z,2026-05-15T10:12:50.000Z,-199.6,198.9,-203.1,-3.5,0,0.1,4541.52,4561.7,4582.2,,SELL,USD,1,1,1583663
D#1702673,XAUUSD,100,7349874591908673300,7349874591887959903,7349874591981693487,7349874591981670207,4284,2026-05-15T09:05:44.000Z,2026-05-15T10:17:08.000Z,-8.1,7.3999999999999995,-11.6,-3.5,0,0.1,4561.42,4562.45,4569.27,4490.06,SELL,USD,1,1,1583663
D#1702686,XAUUSD,100,7349874591908673397,7349874591887958036,7349874591981693999,7349874591981648927,8233,2026-05-15T08:01:38.000Z,2026-05-15T10:18:51.000Z,37.15,-37.5,35.39,-1.76,0,0.05,4566.07,4558.86,4572.88,4516.18,SELL,USD,1,1,1583663
D#1702541,XAUUSD,100,7349874591908673756,7349874591887961969,7349874591981694488,7349874591981694145,389,2026-05-15T10:19:19.000Z,2026-05-15T10:25:48.000Z,107.1,-109.19999999999999,96.6,-10.5,0,0.3,4558.18,4554.83,,4554.9,SELL,USD,1,1,1583663
D#1589428,XAUUSD,100,7349874591908673886,7349874591887961965,7349874591981694368,7349874591981694121,499,2026-05-15T10:19:15.000Z,2026-05-15T10:27:34.000Z,126.5,-128.04,118.8,-7.7,0,0.22,4558.21,4552.68,,4552.53,SELL,USD,1,1,1583663
D#1670873,XAUUSD,100,7349874591908673936,7349874591887961964,7349874591981696983,7349874591981694110,554,2026-05-15T10:19:12.000Z,2026-05-15T10:28:26.000Z,38.08,-38.57,35.62,-2.46,0,0.07,4558.28,4553.06,4558.23,,SELL,USD,1,1,1583663
D#1702541,XAUUSD,100,7349874591908674224,7349874591887962152,7349874591981698624,7349874591981696346,463,2026-05-15T10:26:26.000Z,2026-05-15T10:34:09.000Z,-12.35,12.0,-14.11,-1.76,0,0.05,4553.51,4556.2,,4544.38,SELL,USD,1,1,1583663
D#1670912,XAUUSD,100,7349874591908674444,7349874591887962466,7349874591981700199,7349874591981699900,70,2026-05-15T10:38:55.000Z,2026-05-15T10:40:05.000Z,1,-1.07,0.64,-0.36,0,0.01,4552.92,4552.14,,,SELL,USD,1,1,1583663
D#1702677,XAUUSD,100,7349874591908674506,7349874591887962012,7349874591981694895,7349874591981694639,1267,2026-05-15T10:20:56.000Z,2026-05-15T10:42:03.000Z,-43.7,43.35,-45.46,-1.76,0,0.05,4560.1,4551.14,4550.72,4581.74,BUY,USD,1,1,1583663
D#1702541,XAUUSD,100,7349874591908674511,7349874591887962371,7349874591981698777,7349874591981698649,472,2026-05-15T10:34:15.000Z,2026-05-15T10:42:07.000Z,103,-104.4,96.0,-7,0,0.2,4555.76,4550.83,,4550.76,SELL,USD,1,1,1583663
D#1670912,XAUUSD,100,7349874591908674547,7349874591887962488,7349874591981700936,7349874591981700216,164,2026-05-15T10:40:10.000Z,2026-05-15T10:42:54.000Z,0.35,-0.7,-1.41,-1.76,0,0.05,4552.06,4552.21,,,SELL,USD,1,1,1583663
D#1702363,XAUUSD,100,7349874591908674845,7349874591887962482,7349874591981701550,7349874591981700180,371,2026-05-15T10:40:02.000Z,2026-05-15T10:46:13.000Z,-49.35,49.0,-51.11,-1.76,0,0.05,4552.09,4562.18,4562.2,4502.2,SELL,USD,1,1,1583663
D#1670912,XAUUSD,100,7349874591908674919,7349874591887962549,7349874591981702249,7349874591981701037,180,2026-05-15T10:43:31.000Z,2026-05-15T10:46:31.000Z,-48.15,47.8,-49.91,-1.76,0,0.05,4552.02,4561.87,4572.24,4527.09,SELL,USD,1,1,1583663
D#1671061,XAUUSD,100,7349874591908674922,7349874591887962655,7349874591981702255,7349874591981702018,27,2026-05-15T10:46:05.000Z,2026-05-15T10:46:32.000Z,-25.4,24.0,-32.4,-7,0,0.2,4559.47,4560.96,,,SELL,USD,1,1,1583663
D#1671061,XAUUSD,100,7349874591908674949,7349874591887962697,7349874591981702412,7349874591981702304,15,2026-05-15T10:46:41.000Z,2026-05-15T10:46:56.000Z,-17.34,16.15,-23.3,-5.96,0,0.17,4558.88,4560.12,,,SELL,USD,1,1,1583663
D#1671061,XAUUSD,100,7349874591908674956,7349874591887962708,7349874591981702475,7349874591981702441,7,2026-05-15T10:47:01.000Z,2026-05-15T10:47:08.000Z,6,-8.1,-4.5,-10.5,0,0.3,4560.84,4560.86,,,SELL,USD,1,1,1583663
D#1702420,XAUUSD,100,7349874591908675087,7349874591887962484,7349874591981703222,7349874591981700187,553,2026-05-15T10:40:04.000Z,2026-05-15T10:49:17.000Z,51.45,-51.800000000000004,49.69,-1.76,0,0.05,4552.13,4562.2,4547.64,4563.2,BUY,USD,1,1,1583663
D#1702507,XAUUSD,100,7349874591908675271,7349874591887960758,7349874591981679824,7349874591981679822,4603,2026-05-15T09:34:49.000Z,2026-05-15T10:51:32.000Z,-48.32,48.04,-49.72,-1.4,0,0.04,4554.1,4566.4,4565.21,4525.15,SELL,USD,1,1,1583663
D#1702673,XAUUSD,100,7349874591908675275,7349874591887961932,7349874591981693946,7349874591981693772,2001,2026-05-15T10:18:11.000Z,2026-05-15T10:51:32.000Z,-120.6,119.19999999999999,-127.6,-7,0,0.2,4560.3,4566.55,4565.61,4520.84,SELL,USD,1,1,1583663
D#1589450,XAUUSD,100,7349874591908675252,7349874591887962105,7349874591981697921,7349874591981695934,1577,2026-05-15T10:25:15.000Z,2026-05-15T10:51:32.000Z,-45.4,45.05,-47.16,-1.76,0,0.05,4556.51,4565.81,4563.59,4522.05,SELL,USD,1,1,1583663
D#1702589,XAUUSD,100,7349874591908675284,7349874591887962500,7349874591981700492,7349874591981700437,629,2026-05-15T10:41:04.000Z,2026-05-15T10:51:33.000Z,135.85,-136.62,131.99,-3.86,0,0.11,4553.89,4566.02,4543.49,4566.04,BUY,USD,1,1,1583663
D#1702367,XAUUSD,100,7349874591908675302,7349874591887961832,7349874591981695875,7349874591981692390,2285,2026-05-15T10:13:31.000Z,2026-05-15T10:51:36.000Z,75,-76.05,69.74,-5.26,0,0.15,4562.16,4566.94,,4567.05,BUY,USD,1,1,1583663
D#1702390,XAUUSD,100,7349874591908675362,7349874591887961798,7349874591981704247,7349874591981692021,2351,2026-05-15T10:12:34.000Z,2026-05-15T10:51:45.000Z,95.25,-96.3,89.99,-5.26,0,0.15,4560.92,4567.05,,,BUY,USD,1,1,1583663
D#1671061,XAUUSD,100,7349874591908675373,7349874591887962712,7349874591981704282,7349874591981702495,278,2026-05-15T10:47:12.000Z,2026-05-15T10:51:50.000Z,-316,312.5,-333.5,-17.5,0,0.5,4560.98,4567.52,,,SELL,USD,1,1,1583663
D#1702556,XAUUSD,100,7349874591908675377,7349874591887959451,7349874591981704295,7349874591981664671,7477,2026-05-15T08:47:14.000Z,2026-05-15T10:51:51.000Z,-74.8,74.1,-78.3,-3.5,0,0.1,4559.53,4567.23,4601.08,4480.1,SELL,USD,1,1,1583663
D#1702541,XAUUSD,100,7349874591908675446,7349874591887962770,7349874591981704530,7349874591981703049,215,2026-05-15T10:48:47.000Z,2026-05-15T10:52:22.000Z,-118.2,116.8,-125.2,-7,0,0.2,4560.89,4567.02,,4555.58,SELL,USD,1,1,1583663
D#1702616,XAUUSD,100,7349874591908675553,7349874591887961811,7349874591981704832,7349874591981692172,2410,2026-05-15T10:12:55.000Z,2026-05-15T10:53:05.000Z,9.9,-10.040000000000001,9.2,-0.7,0,0.02,4561.81,4566.54,,,BUY,USD,1,1,1583663
D#1702367,XAUUSD,100,7349874591908675580,7349874591887962896,7349874591981704456,7349874591981704335,82,2026-05-15T10:51:56.000Z,2026-05-15T10:53:18.000Z,59.2,-60.6,52.2,-7,0,0.2,4567.59,4570.33,,4570.48,BUY,USD,1,1,1583663
D#1589404,XAUUSD,100,7349874591908675583,7349874591887961416,7349874591981704930,7349874591981687856,3194,2026-05-15T10:00:06.000Z,2026-05-15T10:53:20.000Z,-474.8,473.40000000000003,-481.8,-7,0,0.2,4545.64,4569.6,,4542.21,SELL,USD,1,1,1583663
D#1589456,XAUUSD,100,7349874591908675602,7349874591887962812,7349874591981703868,7349874591981703584,192,2026-05-15T10:50:18.000Z,2026-05-15T10:53:30.000Z,-112.8,112.1,-116.3,-3.5,0,0.1,4559.79,4571.29,4570.88,,SELL,USD,1,1,1583663
D#1589428,XAUUSD,100,7349874591908675630,7349874591887962389,7349874591981705065,7349874591981698813,1127,2026-05-15T10:34:53.000Z,2026-05-15T10:53:40.000Z,-389.18,387.64,-396.88,-7.7,0,0.22,4554.44,4572.35,,4548.67,SELL,USD,1,1,1583663
D#1702598,XAUUSD,100,7349874591908675761,7349874591887959769,7349874591981705652,7349874591981668659,6838,2026-05-15T09:01:14.000Z,2026-05-15T10:55:12.000Z,162,-162.7,158.5,-3.5,0,0.1,4553.36,4569.34,,,BUY,USD,1,1,1583663
D#1702748,XAUUSD,100,7349874591908676111,7349874591887958166,7349874591981707895,7349874591981650170,10615,2026-05-15T08:04:37.000Z,2026-05-15T11:01:32.000Z,100.17,-100.8,97.01,-3.16,0,0.09,4558.52,4569.43,,,BUY,USD,1,1,1583663
D#1670977,XAUUSD,100,7349874591908676328,7349874591887963085,7349874591981706554,7349874591981706116,519,2026-05-15T10:56:21.000Z,2026-05-15T11:05:00.000Z,128.8,-131.60000000000002,114.8,-14,0,0.4,4564.75,4561.75,,4561.65,SELL,USD,1,1,1583663
D#1670912,XAUUSD,100,7349874591908676492,7349874591887962761,7349874591981710020,7349874591981702905,1142,2026-05-15T10:48:20.000Z,2026-05-15T11:07:22.000Z,-8.65,8.3,-10.41,-1.76,0,0.05,4563.01,4561.06,4549.45,4606.5,BUY,USD,1,1,1583663
D#1702390,XAUUSD,100,7349874591908676723,7349874591887963224,7349874591981711713,7349874591981707773,677,2026-05-15T11:01:11.000Z,2026-05-15T11:12:28.000Z,20.85,-21.900000000000002,15.59,-5.26,0,0.15,4567.5,4568.67,,,BUY,USD,1,1,1583663
D#1702367,XAUUSD,100,7349874591908676750,7349874591887963200,7349874591981711917,7349874591981707470,766,2026-05-15T11:00:19.000Z,2026-05-15T11:13:05.000Z,-18.2,16.8,-25.2,-7,0,0.2,4567.82,4566.69,,4571.46,BUY,USD,1,1,1583663
D#1702342,XAUUSD,100,7349874591908676815,7349874591887963625,7349874591981712516,7349874591981712281,44,2026-05-15T11:14:20.000Z,2026-05-15T11:15:04.000Z,-38.7,35.550000000000004,-54.46,-15.76,0,0.45,4568.12,4567.04,,,BUY,USD,1,1,1583663
D#1670977,XAUUSD,100,7349874591908677156,7349874591887963509,7349874591981711366,7349874591981711040,898,2026-05-15T11:10:33.000Z,2026-05-15T11:25:31.000Z,144.4,-147.20000000000002,130.4,-14,0,0.4,4566,4562.61,,4562.85,SELL,USD,1,1,1583663
D#1702367,XAUUSD,100,7349874591908677160,7349874591887963601,7349874591981712003,7349874591981711959,736,2026-05-15T11:13:15.000Z,2026-05-15T11:25:31.000Z,75.4,-76.80000000000001,68.4,-7,0,0.2,4566.19,4562.64,,4562.55,SELL,USD,1,1,1583663
D#1702541,XAUUSD,100,7349874591908677169,7349874591887963654,7349874591981713154,7349874591981712662,602,2026-05-15T11:15:34.000Z,2026-05-15T11:25:36.000Z,117.6,-119.0,110.6,-7,0,0.2,4567.26,4561.6,,4561.68,SELL,USD,1,1,1583663
D#1645641,XAUUSD,100,7349874591908677221,7349874591887963487,7349874591981710932,7349874591981710746,972,2026-05-15T11:09:41.000Z,2026-05-15T11:25:53.000Z,103.75,-105.5,94.99,-8.76,0,0.25,4563.65,4559.72,,4559.64,SELL,USD,1,1,1583663
D#1670918,XAUUSD,100,7349874591908677254,7349874591887963603,7349874591981715491,7349874591981711991,769,2026-05-15T11:13:22.000Z,2026-05-15T11:26:11.000Z,-134.82,133.35,-142.18,-7.36,0,0.21,4566.85,4560.21,,,BUY,USD,1,1,1583663
D#1670977,XAUUSD,100,7349874591908677298,7349874591887963852,7349874591981715831,7349874591981715349,85,2026-05-15T11:25:45.000Z,2026-05-15T11:27:10.000Z,10,-12.8,-4.0,-14,0,0.4,4561.68,4561.71,,,BUY,USD,1,1,1583663
D#1702420,XAUUSD,100,7349874591908677340,7349874591887963484,7349874591981716283,7349874591981710704,1151,2026-05-15T11:09:31.000Z,2026-05-15T11:28:42.000Z,14.25,-14.6,12.49,-1.76,0,0.05,4563.69,4561.06,4569.06,4554.66,SELL,USD,1,1,1583663
D#1702740,XAUUSD,100,7349874591908677703,7349874591887964139,7349874591981718652,7349874591981718625,5,2026-05-15T11:36:53.000Z,2026-05-15T11:36:58.000Z,2.5,-3.2,-1.0,-3.5,0,0.1,4556.95,4556.92,,,SELL,USD,1,1,1583663
D#1645641,XAUUSD,100,7349874591908677734,7349874591887963977,7349874591981717035,7349874591981716949,375,2026-05-15T11:31:14.000Z,2026-05-15T11:37:29.000Z,108.25,-110.0,99.49,-8.76,0,0.25,4560.36,4556.25,,4556.17,SELL,USD,1,1,1583663
D#1702367,XAUUSD,100,7349874591908677855,7349874591887964210,7349874591981719510,7349874591981719294,36,2026-05-15T11:39:03.000Z,2026-05-15T11:39:39.000Z,-27.15,26.099999999999998,-32.41,-5.26,0,0.15,4555.81,4553.78,,4557.7,BUY,USD,1,1,1583663
D#1702688,XAUUSD,100,7349874591908677923,7349874591887963582,7349874591981712656,7349874591981711706,1700,2026-05-15T11:12:27.000Z,2026-05-15T11:40:47.000Z,405.25,-407.0,396.49,-8.76,0,0.25,4568.76,4552.77,4580.87,4552.67,SELL,USD,1,1,1583663
D#1702528,XAUUSD,100,7349874591908677927,7349874591887963692,7349874591981713530,7349874591981713217,1389,2026-05-15T11:17:39.000Z,2026-05-15T11:40:48.000Z,121.2,-121.9,117.7,-3.5,0,0.1,4564.46,4552.56,4583,4552.63,SELL,USD,1,1,1583663
D#1702367,XAUUSD,100,7349874591908677939,7349874591887964229,7349874591981719599,7349874591981719532,66,2026-05-15T11:39:44.000Z,2026-05-15T11:40:50.000Z,34.05,-35.099999999999994,31.42,-2.63,0,0.15,4554.34,4552.29,,4552.11,SELL,USD,1,1,1583663
D#1702403,XAUUSD,100,7349874591908678092,7349874591887961567,7349874591981720824,7349874591981689495,5927,2026-05-15T10:05:04.000Z,2026-05-15T11:43:51.000Z,-44.87,44.379999999999995,-47.33,-2.46,0,0.07,4546.33,4552.96,4565.85,,SELL,USD,1,1,1583663
D#1702367,XAUUSD,100,7349874591908678129,7349874591887964276,7349874591981720105,7349874591981720057,193,2026-05-15T11:41:23.000Z,2026-05-15T11:44:36.000Z,40.8,-41.849999999999994,35.54,-5.26,0,0.15,4553.94,4551.44,,4551.38,SELL,USD,1,1,1583663
D#1702373,XAUUSD,100,7349874591908678196,7349874591887964299,7349874591981721227,7349874591981720248,210,2026-05-15T11:42:02.000Z,2026-05-15T11:45:32.000Z,-11.4,10.0,-18.4,-7,0,0.2,4552.71,4553.5,4553.28,4547.07,SELL,USD,1,1,1583663
D#1702373,XAUUSD,100,7349874591908678263,7349874591887964411,7349874591981721684,7349874591981721494,34,2026-05-15T11:45:54.000Z,2026-05-15T11:46:28.000Z,-52.5,50.75,-61.26,-8.76,0,0.25,4553.01,4555.33,,,SELL,USD,1,1,1583663
D#1645641,XAUUSD,100,7349874591908678373,7349874591887964401,7349874591981721593,7349874591981721391,164,2026-05-15T11:45:38.000Z,2026-05-15T11:48:22.000Z,111.75,-113.5,102.99,-8.76,0,0.25,4553.64,4557.89,,4557.96,BUY,USD,1,1,1583663
D#1589409,XAUUSD,100,7349874591908678374,7349874591887964211,7349874591981719503,7349874591981719318,555,2026-05-15T11:39:08.000Z,2026-05-15T11:48:23.000Z,-22.4,21.7,-25.9,-3.5,0,0.1,4555.73,4558.19,4558.11,4545.78,SELL,USD,1,1,1583663
D#1702373,XAUUSD,100,7349874591908678478,7349874591887964428,7349874591981721995,7349874591981721731,215,2026-05-15T11:46:37.000Z,2026-05-15T11:50:12.000Z,17.1,-19.200000000000003,6.6,-10.5,0,0.3,4555.23,4555.58,4555.47,4559.03,BUY,USD,1,1,1583663
D#1702390,XAUUSD,100,7349874591908678542,7349874591887964550,7349874591981723215,7349874591981723025,35,2026-05-15T11:50:36.000Z,2026-05-15T11:51:11.000Z,20.25,-21.3,14.99,-5.26,0,0.15,4557.61,4558.74,,,BUY,USD,1,1,1583663
D#1702596,XAUUSD,100,7349874591908678600,7349874591887964581,7349874591981723619,7349874591981723383,44,2026-05-15T11:51:48.000Z,2026-05-15T11:52:32.000Z,-9,8.72,-10.4,-1.4,0,0.04,4558.16,4555.69,,,BUY,USD,1,1,1583663
D#1702647,XAUUSD,100,7349874591908678608,7349874591887964271,7349874591981723697,7349874591981720013,694,2026-05-15T11:41:15.000Z,2026-05-15T11:52:49.000Z,14.48,-15.040000000000001,11.68,-2.8,0,0.08,4553.57,4555.16,4549.56,4575.31,BUY,USD,1,1,1583663
D#1702420,XAUUSD,100,7349874591908678701,7349874591887964397,7349874591981721350,7349874591981721349,585,2026-05-15T11:45:31.000Z,2026-05-15T11:55:16.000Z,0.4,-0.75,-1.36,-1.76,0,0.05,4552.81,4552.67,4553.05,,BUY,USD,1,1,1583663
D#1702373,XAUUSD,100,7349874591908678704,7349874591887964541,7349874591981723386,7349874591981722958,298,2026-05-15T11:50:18.000Z,2026-05-15T11:55:16.000Z,123.9,-126.0,113.4,-10.5,0,0.3,4556.22,4552.31,4555.98,4552.61,SELL,USD,1,1,1583663
D#1645641,XAUUSD,100,7349874591908678718,7349874591887964603,7349874591981724078,7349874591981723636,166,2026-05-15T11:52:36.000Z,2026-05-15T11:55:22.000Z,118.75,-120.5,109.99,-8.76,0,0.25,4556.06,4551.53,,4551.67,SELL,USD,1,1,1583663
D#1702688,XAUUSD,100,7349874591908678750,7349874591887964390,7349874591981721737,7349874591981721286,616,2026-05-15T11:45:17.000Z,2026-05-15T11:55:33.000Z,27.25,-29.0,18.49,-8.76,0,0.25,4551.98,4551.11,,4551.09,SELL,USD,1,1,1583663
D#1589409,XAUUSD,100,7349874591908678779,7349874591887964505,7349874591981724587,7349874591981722458,417,2026-05-15T11:48:49.000Z,2026-05-15T11:55:46.000Z,132.2,-133.6,125.2,-7,0,0.2,4557.05,4550.66,4560.76,4543.83,SELL,USD,1,1,1583663
D#1670977,XAUUSD,100,7349874591908678785,7349874591887963915,7349874591981724613,7349874591981716010,1684,2026-05-15T11:27:46.000Z,2026-05-15T11:55:50.000Z,-440,437.2,-454.0,-14,0,0.4,4561.86,4550.64,,4563.75,BUY,USD,1,1,1583663
D#1702541,XAUUSD,100,7349874591908679072,7349874591887964219,7349874591981726250,7349874591981719422,1295,2026-05-15T11:39:27.000Z,2026-05-15T12:01:02.000Z,-128.6,127.19999999999999,-135.6,-7,0,0.2,4556.2,4549.55,,4561.88,BUY,USD,1,1,1583663
D#1702439,XAUUSD,100,7349874591908679125,7349874591887964599,7349874591981723784,7349874591981723602,522,2026-05-15T11:52:30.000Z,2026-05-15T12:01:12.000Z,-114.08,112.96,-119.68,-5.6,0,0.16,4555.72,4548.37,4548.39,4562.1,BUY,USD,1,1,1583663
D#1702420,XAUUSD,100,7349874591908679136,7349874591887964785,7349874591981725674,7349874591981725673,123,2026-05-15T11:59:12.000Z,2026-05-15T12:01:15.000Z,-22.45,22.099999999999998,-24.21,-1.76,0,0.05,4552.55,4547.84,4548,,BUY,USD,1,1,1583663
D#1702390,XAUUSD,100,7349874591908679191,7349874591887964814,7349874591981726482,7349874591981725975,82,2026-05-15T12:00:12.000Z,2026-05-15T12:01:34.000Z,57.75,-58.8,52.49,-5.26,0,0.15,4550.26,4546.63,,,SELL,USD,1,1,1583663
D#1702403,XAUUSD,100,7349874591908679206,7349874591887964577,7349874591981726529,7349874591981723347,606,2026-05-15T11:51:38.000Z,2026-05-15T12:01:44.000Z,66.57,-67.05999999999999,64.11,-2.46,0,0.07,4557.59,4548.3,4573.82,4540.67,SELL,USD,1,1,1583663
D#1702687,XAUUSD,100,7349874591908679289,7349874591887964710,7349874591981726988,7349874591981724855,382,2026-05-15T11:56:37.000Z,2026-05-15T12:02:59.000Z,4.2,-5.25,-1.06,-5.26,0,0.15,4551.06,4551,4557.26,4544.64,SELL,USD,1,1,1583663
D#1702363,XAUUSD,100,7349874591908679303,7349874591887963711,7349874591981714060,7349874591981713436,2683,2026-05-15T11:18:24.000Z,2026-05-15T12:03:07.000Z,149,-149.7,145.5,-3.5,0,0.1,4566.43,4551.75,4551.54,4536.54,SELL,USD,1,1,1583663
D#1702373,XAUUSD,100,7349874591908679304,7349874591887964852,7349874591981726922,7349874591981726356,111,2026-05-15T12:01:16.000Z,2026-05-15T12:03:07.000Z,-73.4,72.0,-80.4,-7,0,0.2,4547.86,4551.75,4551.61,4542.64,SELL,USD,1,1,1583663
D#1702647,XAUUSD,100,7349874591908679356,7349874591887964863,7349874591981727312,7349874591981726460,141,2026-05-15T12:01:30.000Z,2026-05-15T12:03:51.000Z,35.92,-36.480000000000004,33.12,-2.8,0,0.08,4546.97,4551.24,,,BUY,USD,1,1,1583663
D#1702373,XAUUSD,100,7349874591908679419,7349874591887964927,7349874591981727699,7349874591981727090,99,2026-05-15T12:03:13.000Z,2026-05-15T12:04:52.000Z,-16.8,15.4,-23.8,-7,0,0.2,4551.53,4550.47,,4556.8,BUY,USD,1,1,1583663
D#1702373,XAUUSD,100,7349874591908679524,7349874591887965014,7349874591981728193,7349874591981727813,107,2026-05-15T12:05:08.000Z,2026-05-15T12:06:55.000Z,7,-8.4,0.0,-7,0,0.2,4551.78,4551.65,4551.54,4546.31,SELL,USD,1,1,1583663
D#1702526,XAUUSD,100,7349874591908679639,7349874591887964129,7349874591981728876,7349874591981718557,1900,2026-05-15T11:36:42.000Z,2026-05-15T12:08:22.000Z,40.8,-41.5,37.3,-3.5,0,0.1,4557,4553.14,4564.93,4545.64,SELL,USD,1,1,1583663
D#1702373,XAUUSD,100,7349874591908679820,7349874591887965090,7349874591981729717,7349874591981728712,166,2026-05-15T12:07:54.000Z,2026-05-15T12:10:40.000Z,-125.6,122.8,-139.6,-14,0,0.4,4551.08,4554.44,,4548.34,SELL,USD,1,1,1583663
D#1702497,XAUUSD,100,7349874591908679917,7349874591887959048,7349874591981730216,7349874591981659823,13190,2026-05-15T08:32:20.000Z,2026-05-15T12:12:10.000Z,-1.22,1.08,-1.92,-0.7,0,0.02,4552.94,4552.11,,4725.11,BUY,USD,1,1,1583663
D#1671060,XAUUSD,100,7349874591908680144,7349874591887961854,7349874591981731332,7349874591981692712,7220,2026-05-15T10:14:30.000Z,2026-05-15T12:14:50.000Z,-210.34,209.43,-214.9,-4.56,0,0.13,4562.13,4545.73,,4628.52,BUY,USD,1,1,1583663
D#1702363,XAUUSD,100,7349874591908680195,7349874591887965118,7349874591981731480,7349874591981729032,382,2026-05-15T12:08:48.000Z,2026-05-15T12:15:10.000Z,48.5,-49.2,45.0,-3.5,0,0.1,4552.18,4547.55,4557.29,4544.29,SELL,USD,1,1,1583663
D#1702403,XAUUSD,100,7349874591908680398,7349874591887965217,7349874591981732525,7349874591981729847,412,2026-05-15T12:11:01.000Z,2026-05-15T12:17:53.000Z,40.46,-40.95,38.0,-2.46,0,0.07,4553.36,4547.8,4555.8,4541.3,SELL,USD,1,1,1583663
D#1589409,XAUUSD,100,7349874591908680554,7349874591887965417,7349874591981732359,7349874591981731980,241,2026-05-15T12:16:26.000Z,2026-05-15T12:20:27.000Z,-81,79.25,-89.76,-8.76,0,0.25,4549.52,4552.98,4552.54,4543.56,SELL,USD,1,1,1583663
D#1702673,XAUUSD,100,7349874591908680584,7349874591887964612,7349874591981733480,7349874591981723747,1657,2026-05-15T11:53:00.000Z,2026-05-15T12:20:37.000Z,18.2,-19.599999999999998,11.2,-7,0,0.2,4555.07,4554.38,4560,4532.56,SELL,USD,1,1,1583663
D#1589450,XAUUSD,100,7349874591908680594,7349874591887964980,7349874591981727775,7349874591981727468,988,2026-05-15T12:04:13.000Z,2026-05-15T12:20:41.000Z,-25.3,24.95,-27.06,-1.76,0,0.05,4550.34,4555.62,4555.34,4542.61,SELL,USD,1,1,1583663
D#1702526,XAUUSD,100,7349874591908680618,7349874591887965304,7349874591981731255,7349874591981731081,402,2026-05-15T12:14:16.000Z,2026-05-15T12:20:58.000Z,-77.3,76.6,-80.8,-3.5,0,0.1,4548.76,4556.71,4556.48,4537.42,SELL,USD,1,1,1583663
D#1702687,XAUUSD,100,7349874591908680728,7349874591887965003,7349874591981733954,7349874591981727182,1002,2026-05-15T12:05:00.000Z,2026-05-15T12:21:42.000Z,97.2,-98.25,91.94,-5.26,0,0.15,4550.59,4556.85,4544.43,4560.6,BUY,USD,1,1,1583663
D#1702449,XAUUSD,100,7349874591908681150,7349874591887965746,7349874591981735807,7349874591981734920,260,2026-05-15T12:24:15.000Z,2026-05-15T12:28:35.000Z,-48.5,45.0,-66.0,-17.5,0,0.5,4555.8,4554.61,4554.79,,BUY,USD,1,1,1583663
D#1702522,XAUUSD,100,7349874591908681233,7349874591887965911,7349874591981736852,7349874591981736794,9,2026-05-15T12:30:05.000Z,2026-05-15T12:30:14.000Z,13.2,-13.899999999999999,9.7,-3.5,0,0.1,4554.82,4553.72,,,SELL,USD,1,1,1583663
D#1702449,XAUUSD,100,7349874591908681252,7349874591887965899,7349874591981736892,7349874591981736646,48,2026-05-15T12:29:32.000Z,2026-05-15T12:30:20.000Z,-172.5,169.0,-190.0,-17.5,0,0.5,4556.51,4552.84,,,BUY,USD,1,1,1583663
D#1702522,XAUUSD,100,7349874591908681288,7349874591887965931,7349874591981736980,7349874591981736940,5,2026-05-15T12:30:28.000Z,2026-05-15T12:30:33.000Z,-24.5,23.8,-28.0,-3.5,0,0.1,4553.6,4550.93,,,BUY,USD,1,1,1583663
D#1614595,XAUUSD,100,7349874591908681310,7349874591887965877,7349874591981736604,7349874591981736395,120,2026-05-15T12:28:38.000Z,2026-05-15T12:30:38.000Z,-23.65,23.299999999999997,-25.41,-1.76,0,0.05,4554.91,4549.96,4550.26,4570.75,BUY,USD,1,1,1583663
D#1702460,XAUUSD,100,7349874591908681330,7349874591887965875,7349874591981736385,7349874591981736190,131,2026-05-15T12:28:36.000Z,2026-05-15T12:30:47.000Z,-53.1,52.4,-56.6,-3.5,0,0.1,4554.78,4549.25,4549.54,4566.17,BUY,USD,1,1,1583663
D#1702687,XAUUSD,100,7349874591908681374,7349874591887965664,7349874591981734180,7349874591981734170,519,2026-05-15T12:22:16.000Z,2026-05-15T12:30:55.000Z,-113.1,112.05,-118.36,-5.26,0,0.15,4556.51,4548.75,4548.61,4563.9,BUY,USD,1,1,1583663
D#1702522,XAUUSD,100,7349874591908681490,7349874591887966012,7349874591981737684,7349874591981737542,22,2026-05-15T12:31:53.000Z,2026-05-15T12:32:15.000Z,-13.5,12.8,-17.0,-3.5,0,0.1,4551.01,4549.44,,,BUY,USD,1,1,1583663
D#1589409,XAUUSD,100,7349874591908681528,7349874591887965577,7349874591981733910,7349874591981733519,722,2026-05-15T12:20:43.000Z,2026-05-15T12:32:45.000Z,139.25,-141.0,130.49,-8.76,0,0.25,4555.03,4549.68,4549.19,4543.49,SELL,USD,1,1,1583663
D#1702420,XAUUSD,100,7349874591908681587,7349874591887965700,7349874591981738180,7349874591981734506,624,2026-05-15T12:23:07.000Z,2026-05-15T12:33:31.000Z,-16.45,16.099999999999998,-18.21,-1.76,0,0.05,4557.2,4553.69,4539,,BUY,USD,1,1,1583663
D#1702522,XAUUSD,100,7349874591908681668,7349874591887966041,7349874591981738765,7349874591981737809,151,2026-05-15T12:32:35.000Z,2026-05-15T12:35:06.000Z,9,-10.4,2.0,-7,0,0.2,4549.13,4549.36,4549.08,4560.32,BUY,USD,1,1,1583663
D#1702526,XAUUSD,100,7349874591908681876,7349874591887965612,7349874591981739781,7349874591981733786,992,2026-05-15T12:21:19.000Z,2026-05-15T12:37:51.000Z,-77.6,76.89999999999999,-81.1,-3.5,0,0.1,4558.16,4550.18,4543.47,4569.46,BUY,USD,1,1,1583663
D#1702522,XAUUSD,100,7349874591908681875,7349874591887966141,7349874591981739777,7349874591981738935,141,2026-05-15T12:35:30.000Z,2026-05-15T12:37:51.000Z,-22.11,19.8,-33.67,-11.56,0,0.33,4550.74,4549.85,,,BUY,USD,1,1,1583663
D#1702522,XAUUSD,100,7349874591908681882,7349874591887966226,7349874591981739860,7349874591981739795,11,2026-05-15T12:37:54.000Z,2026-05-15T12:38:05.000Z,10.23,-12.540000000000001,-1.33,-11.56,0,0.33,4550.3,4550.39,,,BUY,USD,1,1,1583663
D#1702367,XAUUSD,100,7349874591908681944,7349874591887966194,7349874591981739609,7349874591981739503,115,2026-05-15T12:37:13.000Z,2026-05-15T12:39:08.000Z,75.75,-76.8,70.49,-5.26,0,0.15,4553.15,4548.32,,4548.26,SELL,USD,1,1,1583663
D#1702460,XAUUSD,100,7349874591908681971,7349874591887966180,7349874591981739367,7349874591981739364,148,2026-05-15T12:36:49.000Z,2026-05-15T12:39:17.000Z,-51.8,51.099999999999994,-55.3,-3.5,0,0.1,4552.98,4547.58,4547.86,4564.37,BUY,USD,1,1,1583663
D#1589409,XAUUSD,100,7349874591908681976,7349874591887966187,7349874591981740323,7349874591981739456,134,2026-05-15T12:37:06.000Z,2026-05-15T12:39:20.000Z,145.25,-147.0,136.49,-8.76,0,0.25,4553.44,4547.85,,4543.89,SELL,USD,1,1,1583663
D#1702438,XAUUSD,100,7349874591908682032,7349874591887965565,7349874591981740655,7349874591981733427,1184,2026-05-15T12:20:30.000Z,2026-05-15T12:40:14.000Z,42.9,-43.6,39.4,-3.5,0,0.1,4553.7,4549.63,4563.95,,SELL,USD,1,1,1583663
D#1702541,XAUUSD,100,7349874591908682196,7349874591887966060,7349874591981738461,7349874591981737993,566,2026-05-15T12:33:06.000Z,2026-05-15T12:42:32.000Z,119.2,-120.60000000000001,112.2,-7,0,0.2,4550.45,4544.71,,4544.97,SELL,USD,1,1,1583663
D#1702497,XAUUSD,100,7349874591908682228,7349874591887965263,7349874591981741538,7349874591981730321,1813,2026-05-15T12:12:28.000Z,2026-05-15T12:42:41.000Z,-28.25,27.9,-30.01,-1.76,0,0.05,4550.43,4544.56,,4670.63,BUY,USD,1,1,1583663
D#1670873,XAUUSD,100,7349874591908682243,7349874591887966184,7349874591981739682,7349874591981739427,349,2026-05-15T12:36:59.000Z,2026-05-15T12:42:48.000Z,-44.7,44.35,-46.46,-1.76,0,0.05,4553.07,4543.91,4544.02,,BUY,USD,1,1,1583663
D#1702367,XAUUSD,100,7349874591908682254,7349874591887966277,7349874591981740435,7349874591981740353,204,2026-05-15T12:39:25.000Z,2026-05-15T12:42:49.000Z,76.35,-77.39999999999999,71.09,-5.26,0,0.15,4548.7,4543.83,,4543.81,SELL,USD,1,1,1583663
D#1702522,XAUUSD,100,7349874591908682415,7349874591887966238,7349874591981742438,7349874591981739955,410,2026-05-15T12:38:18.000Z,2026-05-15T12:45:08.000Z,241.92,-244.85999999999999,227.22,-14.7,0,0.42,4550.3,4544.76,4550.68,4543.31,SELL,USD,1,1,1583663
D#1614595,XAUUSD,100,7349874591908682487,7349874591887966059,7349874591981742858,7349874591981737982,796,2026-05-15T12:33:04.000Z,2026-05-15T12:46:20.000Z,30.3,-31.0,26.8,-3.5,0,0.1,4550.39,4547.58,4556.91,4530.74,SELL,USD,1,1,1583663
D#1702673,XAUUSD,100,7349874591908682515,7349874591887965848,7349874591981742987,7349874591981736047,1154,2026-05-15T12:27:26.000Z,2026-05-15T12:46:40.000Z,144,-145.4,137.0,-7,0,0.2,4556.01,4549.03,4555.56,4530.36,SELL,USD,1,1,1583663
D#1702522,XAUUSD,100,7349874591908682629,7349874591887966555,7349874591981743523,7349874591981742871,108,2026-05-15T12:46:23.000Z,2026-05-15T12:48:11.000Z,140.4,-143.34,125.69,-14.71,0,0.42,4547.22,4551.59,4548.09,,BUY,USD,1,1,1583663
D#1670967,XAUUSD,100,7349874591908682756,7349874591887966663,7349874591981744331,7349874591981743953,67,2026-05-15T12:49:20.000Z,2026-05-15T12:50:27.000Z,56.55,-59.279999999999994,42.89,-13.66,0,0.39,4549.15,4547.92,,,SELL,USD,1,1,1583663
D#1702367,XAUUSD,100,7349874591908682834,7349874591887966586,7349874591981743344,7349874591981743285,253,2026-05-15T12:47:30.000Z,2026-05-15T12:51:43.000Z,83.85,-84.89999999999999,78.59,-5.26,0,0.15,4548.8,4554.17,,4552.82,BUY,USD,1,1,1583663
D#1702439,XAUUSD,100,7349874591908682841,7349874591887966352,7349874591981741225,7349874591981741053,627,2026-05-15T12:41:17.000Z,2026-05-15T12:51:44.000Z,106.88,-108.0,101.28,-5.6,0,0.16,4548.12,4554.58,4542.22,4554.6,BUY,USD,1,1,1583663
D#1702522,XAUUSD,100,7349874591908682904,7349874591887966632,7349874591981744951,7349874591981743613,225,2026-05-15T12:48:25.000Z,2026-05-15T12:52:10.000Z,155.82,-158.76,141.12,-14.7,0,0.42,4551.45,4554.94,,,BUY,USD,1,1,1583663
D#1702433,XAUUSD,100,7349874591908682933,7349874591887966086,7349874591981745023,7349874591981738269,1116,2026-05-15T12:33:43.000Z,2026-05-15T12:52:19.000Z,22.2,-22.9,18.7,-3.5,0,0.1,4553.54,4555.54,,,BUY,USD,1,1,1583663
D#1614595,XAUUSD,100,7349874591908683144,7349874591887966557,7349874591981746131,7349874591981742903,539,2026-05-15T12:46:27.000Z,2026-05-15T12:55:26.000Z,44.1,-44.800000000000004,40.6,-3.5,0,0.1,4547.75,4551.94,4542.3,4572.83,BUY,USD,1,1,1583663
D#1670967,XAUUSD,100,7349874591908683163,7349874591887966902,7349874591981746247,7349874591981746117,22,2026-05-15T12:55:23.000Z,2026-05-15T12:55:45.000Z,45.2,-48.0,31.2,-14,0,0.4,4552.49,4553.4,,,BUY,USD,1,1,1583663
D#1702428,XAUUSD,100,7349874591908683315,7349874591887965429,7349874591981746879,7349874591981732127,2451,2026-05-15T12:16:47.000Z,2026-05-15T12:57:38.000Z,6.75,-7.1,4.99,-1.76,0,0.05,4549.87,4551,4549.81,4630.01,BUY,USD,1,1,1583663
D#1670967,XAUUSD,100,7349874591908683341,7349874591887966982,7349874591981747033,7349874591981746901,23,2026-05-15T12:57:42.000Z,2026-05-15T12:58:05.000Z,40.95,-43.68,27.29,-13.66,0,0.39,4551.67,4550.84,,,SELL,USD,1,1,1583663
D#1702439,XAUUSD,100,7349874591908683447,7349874591887966797,7349874591981745420,7349874591981745207,408,2026-05-15T12:52:46.000Z,2026-05-15T12:59:34.000Z,105.28,-106.4,99.68,-5.6,0,0.16,4554.33,4547.97,4560.69,4548.06,SELL,USD,1,1,1583663
D#1702403,XAUUSD,100,7349874591908683471,7349874591887966963,7349874591981747663,7349874591981746673,170,2026-05-15T12:56:57.000Z,2026-05-15T12:59:47.000Z,42.28,-42.77,39.82,-2.46,0,0.07,4552.93,4547.11,4560.01,4543.08,SELL,USD,1,1,1583663
D#1702460,XAUUSD,100,7349874591908683515,7349874591887966576,7349874591981743076,7349874591981743073,785,2026-05-15T12:46:56.000Z,2026-05-15T13:00:01.000Z,-50.7,50.0,-54.2,-3.5,0,0.1,4549.66,4544.37,4544.55,4561.05,BUY,USD,1,1,1583663
D#1702433,XAUUSD,100,7349874591908683509,7349874591887966822,7349874591981746419,7349874591981745465,391,2026-05-15T12:53:30.000Z,2026-05-15T13:00:01.000Z,105.6,-106.3,102.1,-3.5,0,0.1,4554.12,4543.78,,4544,SELL,USD,1,1,1583663
D#1614595,XAUUSD,100,7349874591908683510,7349874591887966932,7349874591981746473,7349874591981746384,232,2026-05-15T12:56:09.000Z,2026-05-15T13:00:01.000Z,100.8,-101.5,97.3,-3.5,0,0.1,4553.64,4543.78,4555.5,4544.35,SELL,USD,1,1,1583663
D#1589409,XAUUSD,100,7349874591908683535,7349874591887967050,7349874591981747811,7349874591981747565,32,2026-05-15T12:59:35.000Z,2026-05-15T13:00:07.000Z,44,-45.75,35.24,-8.76,0,0.25,4548.1,4546.56,4547.84,,SELL,USD,1,1,1583663
D#1702733,XAUUSD,100,7349874591908683626,7349874591887966037,7349874591981737762,7349874591981737734,1685,2026-05-15T12:32:26.000Z,2026-05-15T13:00:31.000Z,-49.7,49.0,-53.2,-3.5,0,0.1,4548.32,4543.13,4543.24,4559.74,BUY,USD,1,1,1583663
D#1702633,XAUUSD,100,7349874591908683655,7349874591887962322,7349874591981698789,7349874591981698188,8875,2026-05-15T10:32:41.000Z,2026-05-15T13:00:36.000Z,-25.34,25.2,-26.04,-0.7,0,0.02,4554.22,4541.33,4541.5,4602.18,BUY,USD,1,1,1583663
D#1702526,XAUUSD,100,7349874591908683772,7349874591887966229,7349874591981740004,7349874591981739862,1395,2026-05-15T12:38:05.000Z,2026-05-15T13:01:20.000Z,115,-115.7,111.5,-3.5,0,0.1,4550.43,4539.15,4559.8,4539.42,SELL,USD,1,1,1583663
D#1671068,XAUUSD,100,7349874591908683776,7349874591887966581,7349874591981743164,7349874591981743161,851,2026-05-15T12:47:09.000Z,2026-05-15T13:01:20.000Z,-10.15,10.08,-10.51,-0.36,0,0.01,4549.29,4538.92,4539.37,4562.76,BUY,USD,1,1,1583663
D#1702497,XAUUSD,100,7349874591908683832,7349874591887966436,7349874591981748540,7349874591981741738,1102,2026-05-15T12:43:09.000Z,2026-05-15T13:01:31.000Z,-31.8,31.45,-33.56,-1.76,0,0.05,4545.76,4539.18,,,BUY,USD,1,1,1583663
D#1702687,XAUUSD,100,7349874591908683848,7349874591887966140,7349874591981748618,7349874591981738615,1572,2026-05-15T12:35:29.000Z,2026-05-15T13:01:41.000Z,-150.15,149.1,-155.41,-5.26,0,0.15,4551.11,4540.88,4538.49,4565.29,BUY,USD,1,1,1583663
D#1670967,XAUUSD,100,7349874591908683871,7349874591887967204,7349874591981748763,7349874591981748440,45,2026-05-15T13:01:21.000Z,2026-05-15T13:02:06.000Z,0,-2.73,-13.66,-13.66,0,0.39,4539.57,4539.79,,,SELL,USD,1,1,1583663
D#1702457,XAUUSD,100,7349874591908683877,7349874591887966719,7349874591981748806,7349874591981744433,684,2026-05-15T12:50:48.000Z,2026-05-15T13:02:12.000Z,26.94,-27.150000000000002,25.88,-1.06,0,0.03,4549.11,4540.35,,,SELL,USD,1,1,1583663
D#1702433,XAUUSD,100,7349874591908683975,7349874591887967157,7349874591981749260,7349874591981748164,156,2026-05-15T13:00:44.000Z,2026-05-15T13:03:20.000Z,-20.3,19.6,-23.8,-3.5,0,0.1,4543.83,4541.58,,,BUY,USD,1,1,1583663
D#1670967,XAUUSD,100,7349874591908684041,7349874591887967286,7349874591981749562,7349874591981749198,56,2026-05-15T13:03:09.000Z,2026-05-15T13:04:05.000Z,37.2,-40.0,23.2,-14,0,0.4,4544.33,4545.04,,,BUY,USD,1,1,1583663
D#1702439,XAUUSD,100,7349874591908684129,7349874591887967163,7349874591981749245,7349874591981748213,254,2026-05-15T13:00:52.000Z,2026-05-15T13:05:06.000Z,79.52,-80.5,74.62,-4.9,0,0.14,4542.17,4547.63,4534.57,4547.61,BUY,USD,1,1,1583663
D#1589450,XAUUSD,100,7349874591908684550,7349874591887966088,7349874591981746051,7349874591981738300,2120,2026-05-15T12:33:47.000Z,2026-05-15T13:09:07.000Z,77.05,-77.39999999999999,75.29,-1.76,0,0.05,4551.96,4536.77,4558.08,4536.63,SELL,USD,1,1,1583663
D#1702460,XAUUSD,100,7349874591908684563,7349874591887967429,7349874591981751215,7349874591981750360,184,2026-05-15T13:06:03.000Z,2026-05-15T13:09:07.000Z,117.4,-118.10000000000001,113.9,-3.5,0,0.1,4548.29,4536.77,4553.49,4536.9,SELL,USD,1,1,1583663
D#1589409,XAUUSD,100,7349874591908684570,7349874591887967111,7349874591981751708,7349874591981747934,528,2026-05-15T13:00:21.000Z,2026-05-15T13:09:09.000Z,-249.75,248.0,-258.51,-8.76,0,0.25,4548.07,4537.86,,4551.81,BUY,USD,1,1,1583663
D#1671091,XAUUSD,100,7349874591908684629,7349874591887967434,7349874591981752102,7349874591981750380,246,2026-05-15T13:06:04.000Z,2026-05-15T13:10:10.000Z,-163.2,161.79999999999998,-170.2,-7,0,0.2,4548.3,4539.92,,4553.66,BUY,USD,1,1,1583663
D#1589409,XAUUSD,100,7349874591908684636,7349874591887967604,7349874591981752143,7349874591981751717,66,2026-05-15T13:09:10.000Z,2026-05-15T13:10:16.000Z,-40.25,38.5,-49.01,-8.76,0,0.25,4538.42,4540.25,,,SELL,USD,1,1,1583663
D#1702741,XAUUSD,100,7349874591908684747,7349874591887967453,7349874591981752702,7349874591981750579,306,2026-05-15T13:06:32.000Z,2026-05-15T13:11:38.000Z,-79.5,78.8,-83.0,-3.5,0,0.1,4548.01,4539.84,,,BUY,USD,1,1,1583663
D#1702741,XAUUSD,100,7349874591908684851,7349874591887967726,7349874591981753195,7349874591981752771,66,2026-05-15T13:11:47.000Z,2026-05-15T13:12:53.000Z,105.2,-108.0,91.2,-14,0,0.4,4541.19,4543.6,,,BUY,USD,1,1,1583663
D#1670967,XAUUSD,100,7349874591908684909,7349874591887967793,7349874591981753451,7349874591981753373,15,2026-05-15T13:13:16.000Z,2026-05-15T13:13:31.000Z,32.37,-35.099999999999994,18.71,-13.66,0,0.39,4543.45,4542.84,,,SELL,USD,1,1,1583663
D#1702733,XAUUSD,100,7349874591908684952,7349874591887967656,7349874591981752191,7349874591981752072,225,2026-05-15T13:10:22.000Z,2026-05-15T13:14:07.000Z,-47.9,47.199999999999996,-51.4,-3.5,0,0.1,4540.85,4545.86,4545.76,4529.32,SELL,USD,1,1,1583663
D#1645694,XAUUSD,100,7349874591908684957,7349874591887953355,7349874591981753750,7349874591981599254,27303,2026-05-15T05:39:13.000Z,2026-05-15T13:14:16.000Z,118.56,-118.98,116.46,-2.1,0,0.06,4565.6,4546.06,4565.36,4497.61,SELL,USD,1,1,1583663
D#1589409,XAUUSD,100,7349874591908684965,7349874591887967655,7349874591981753776,7349874591981752184,239,2026-05-15T13:10:22.000Z,2026-05-15T13:14:21.000Z,-238.65,235.64000000000001,-253.71,-15.06,0,0.43,4539.98,4545.75,,4531.06,SELL,USD,1,1,1583663
D#1702741,XAUUSD,100,7349874591908685257,7349874591887967811,7349874591981754848,7349874591981753602,187,2026-05-15T13:13:57.000Z,2026-05-15T13:17:04.000Z,31,-31.7,27.5,-3.5,0,0.1,4543.4,4546.28,,,BUY,USD,1,1,1583663
D#1702460,XAUUSD,100,7349874591908685377,7349874591887967862,7349874591981754051,7349874591981754049,172,2026-05-15T13:15:14.000Z,2026-05-15T13:18:06.000Z,-51.7,51.0,-55.2,-3.5,0,0.1,4543.35,4548.74,4548.4,4531.96,SELL,USD,1,1,1583663
D#1702673,XAUUSD,100,7349874591908685447,7349874591887967965,7349874591981755465,7349874591981754610,111,2026-05-15T13:16:33.000Z,2026-05-15T13:18:24.000Z,-125,123.6,-132.0,-7,0,0.2,4543.34,4549.81,,,SELL,USD,1,1,1583663
D#1614595,XAUUSD,100,7349874591908685474,7349874591887967980,7349874591981754969,7349874591981754675,111,2026-05-15T13:16:41.000Z,2026-05-15T13:18:32.000Z,113.55,-114.6,108.29,-5.26,0,0.15,4543.65,4551,4540.57,4551.08,BUY,USD,1,1,1583663
D#1702741,XAUUSD,100,7349874591908685525,7349874591887968078,7349874591981755723,7349874591981755383,42,2026-05-15T13:18:12.000Z,2026-05-15T13:18:54.000Z,34.8,-35.5,31.3,-3.5,0,0.1,4549.8,4553.06,,,BUY,USD,1,1,1583663
D#1614595,XAUUSD,100,7349874591908685861,7349874591887968238,7349874591981756778,7349874591981756682,81,2026-05-15T13:21:08.000Z,2026-05-15T13:22:29.000Z,-52.5,51.45,-57.76,-5.26,0,0.15,4550.84,4554.56,4554.38,4542.58,SELL,USD,1,1,1583663
D#1614595,XAUUSD,100,7349874591908686076,7349874591887968347,7349874591981758127,7349874591981757843,52,2026-05-15T13:24:08.000Z,2026-05-15T13:25:00.000Z,-30.75,29.7,-36.01,-5.26,0,0.15,4553.03,4555.3,4555.04,4542.92,SELL,USD,1,1,1583663
D#1702733,XAUUSD,100,7349874591908686110,7349874591887968103,7349874591981755641,7349874591981755635,382,2026-05-15T13:18:42.000Z,2026-05-15T13:25:04.000Z,-46.3,45.599999999999994,-49.8,-3.5,0,0.1,4551.59,4556.44,4556.59,4540.2,SELL,USD,1,1,1583663
D#1702673,XAUUSD,100,7349874591908686138,7349874591887968113,7349874591981755949,7349874591981755700,378,2026-05-15T13:18:50.000Z,2026-05-15T13:25:08.000Z,-90.2,88.8,-97.2,-7,0,0.2,4552.88,4557.61,4557.28,,SELL,USD,1,1,1583663
D#1702638,XAUUSD,100,7349874591908686245,7349874591887968330,7349874591981758624,7349874591981757669,138,2026-05-15T13:23:41.000Z,2026-05-15T13:25:59.000Z,82.75,-84.5,73.99,-8.76,0,0.25,4553.52,4556.61,,,BUY,USD,1,1,1583663
D#1702477,XAUUSD,100,7349874591908686419,7349874591887949536,7349874591981759241,7349874591981554687,37501,2026-05-15T03:02:13.000Z,2026-05-15T13:27:14.000Z,188.76,-188.97,187.7,-1.06,0,0.03,4617.78,4555.08,4653,,SELL,USD,1,1,1583663
D#1670967,XAUUSD,100,7349874591908686539,7349874591887968207,7349874591981759605,7349874591981756308,471,2026-05-15T13:20:12.000Z,2026-05-15T13:28:03.000Z,-23.56,20.9,-36.86,-13.3,0,0.38,4549.99,4550.83,,,SELL,USD,1,1,1583663
D#1614595,XAUUSD,100,7349874591908687659,7349874591887968556,7349874591981763028,7349874591981759390,355,2026-05-15T13:27:37.000Z,2026-05-15T13:33:32.000Z,146.4,-147.45000000000002,141.14,-5.26,0,0.15,4552.99,4543.45,4558.06,4536.94,SELL,USD,1,1,1583663
D#1702460,XAUUSD,100,7349874591908687773,7349874591887968373,7349874591981759918,7349874591981757861,552,2026-05-15T13:24:56.000Z,2026-05-15T13:34:08.000Z,115.8,-116.5,112.3,-3.5,0,0.1,4553.88,4542.52,4558.74,4542.49,SELL,USD,1,1,1583663
D#1702638,XAUUSD,100,7349874591908687860,7349874591887969041,7349874591981763658,7349874591981761989,153,2026-05-15T13:32:02.000Z,2026-05-15T13:34:35.000Z,68.75,-70.5,59.99,-8.76,0,0.25,4545.5,4542.97,,,SELL,USD,1,1,1583663
D#1702589,XAUUSD,100,7349874591908688148,7349874591887968278,7349874591981757158,7349874591981756183,801,2026-05-15T13:22:24.000Z,2026-05-15T13:35:45.000Z,-103.84,103.28,-106.64,-2.8,0,0.08,4553.65,4540.45,4540.66,4569.3,BUY,USD,1,1,1583663
D#1670967,XAUUSD,100,7349874591908688257,7349874591887968832,7349874591981764839,7349874591981760961,349,2026-05-15T13:30:21.000Z,2026-05-15T13:36:10.000Z,-390.78,388.04999999999995,-404.44,-13.66,0,0.39,4548.8,4538.56,,,BUY,USD,1,1,1583663
D#1645749,XAUUSD,100,7349874591908688572,7349874591887968323,7349874591981765614,7349874591981757592,833,2026-05-15T13:23:27.000Z,2026-05-15T13:37:20.000Z,-228,227.16,-232.2,-4.2,0,0.12,4554.16,4534.94,,,BUY,USD,1,1,1583663
D#1702433,XAUUSD,100,7349874591908688597,7349874591887967355,7349874591981750733,7349874591981749830,1959,2026-05-15T13:04:45.000Z,2026-05-15T13:37:24.000Z,108.7,-109.4,105.2,-3.5,0,0.1,4543.96,4533.31,,4534,SELL,USD,1,1,1583663
D#1670912,XAUUSD,100,7349874591908688651,7349874591887963562,7349874591981711764,7349874591981711491,8737,2026-05-15T11:11:50.000Z,2026-05-15T13:37:27.000Z,179,-179.35,177.24,-1.76,0,0.05,4566.14,4530.56,4576.72,4532.09,SELL,USD,1,1,1583663
D#1702596,XAUUSD,100,7349874591908688661,7349874591887965814,7349874591981735887,7349874591981735588,4283,2026-05-15T12:26:04.000Z,2026-05-15T13:37:27.000Z,-26.22,26.15,-26.58,-0.36,0,0.01,4556.55,4530.11,4532.02,4612.82,BUY,USD,1,1,1583663
D#1702526,XAUUSD,100,7349874591908688646,7349874591887969304,7349874591981765322,7349874591981763409,197,2026-05-15T13:34:10.000Z,2026-05-15T13:37:27.000Z,117.4,-118.10000000000001,113.9,-3.5,0,0.1,4542.43,4530.91,4542.52,4531.77,SELL,USD,1,1,1583663
D#1702637,XAUUSD,100,7349874591908688805,7349874591887969653,7349874591981765882,7349874591981765224,53,2026-05-15T13:36:47.000Z,2026-05-15T13:37:40.000Z,-260.7,258.59999999999997,-271.2,-10.5,0,0.3,4538.12,4529.21,,,BUY,USD,1,1,1583663
D#1702705,XAUUSD,100,7349874591908688900,7349874591887957941,7349874591981766039,7349874591981648029,20329,2026-05-15T07:59:02.000Z,2026-05-15T13:37:51.000Z,-208.45,208.1,-210.21,-1.76,0,0.05,4570.01,4528.1,,4652.5,BUY,USD,1,1,1583663
D#1702497,XAUUSD,100,7349874591908689035,7349874591887967221,7349874591981766298,7349874591981748566,2198,2026-05-15T13:01:33.000Z,2026-05-15T13:38:11.000Z,-63.5,63.15,-65.26,-1.76,0,0.05,4540.03,4527.11,,4653.35,BUY,USD,1,1,1583663
D#1702526,XAUUSD,100,7349874591908689726,7349874591887970191,7349874591981768505,7349874591981768222,25,2026-05-15T13:40:51.000Z,2026-05-15T13:41:16.000Z,-52.5,51.8,-56.0,-3.5,0,0.1,4529.61,4524.14,4524.62,,BUY,USD,1,1,1583663
D#1702597,XAUUSD,100,7349874591908689757,7349874591887958085,7349874591981768658,7349874591981649286,20339,2026-05-15T08:02:22.000Z,2026-05-15T13:41:21.000Z,-381.8,381.1,-385.3,-3.5,0,0.1,4562.68,4524.28,,4592.65,BUY,USD,1,1,1583663
D#1702460,XAUUSD,100,7349874591908689890,7349874591887970142,7349874591981768439,7349874591981767924,88,2026-05-15T13:40:25.000Z,2026-05-15T13:41:53.000Z,-18.9,18.2,-22.4,-3.5,0,0.1,4526.81,4528.92,4528.45,,SELL,USD,1,1,1583663
D#1702741,XAUUSD,100,7349874591908690356,7349874591887970437,7349874591981770654,7349874591981769599,101,2026-05-15T13:42:46.000Z,2026-05-15T13:44:27.000Z,50.6,-51.300000000000004,47.1,-3.5,0,0.1,4528.21,4523.37,,,SELL,USD,1,1,1583663
D#1702733,XAUUSD,100,7349874591908690469,7349874591887969947,7349874591981766712,7349874591981766661,355,2026-05-15T13:38:49.000Z,2026-05-15T13:44:44.000Z,110.3,-111.0,106.8,-3.5,0,0.1,4531.81,4521,4536.27,4520.42,SELL,USD,1,1,1583663
D#1645756,XAUUSD,100,7349874591908690525,7349874591887963676,7349874591981770960,7349874591981712988,8882,2026-05-15T11:16:48.000Z,2026-05-15T13:44:50.000Z,-364.16,363.6,-366.96,-2.8,0,0.08,4566.33,4520.59,,,BUY,USD,1,1,1583663
D#1670947,XAUUSD,100,7349874591908690576,7349874591887965738,7349874591981735033,7349874591981734865,4852,2026-05-15T12:24:08.000Z,2026-05-15T13:45:00.000Z,355.2,-355.9,351.7,-3.5,0,0.1,4554.61,4519.31,4558.66,4520.04,SELL,USD,1,1,1583663
D#1702748,XAUUSD,100,7349874591908690643,7349874591887963675,7349874591981771206,7349874591981712920,8919,2026-05-15T11:16:31.000Z,2026-05-15T13:45:10.000Z,-507.98,507.21000000000004,-511.84,-3.86,0,0.11,4566.42,4520.02,,,BUY,USD,1,1,1583663
D#1670945,XAUUSD,100,7349874591908690761,7349874591887959245,7349874591981771359,7349874591981662268,18352,2026-05-15T08:39:29.000Z,2026-05-15T13:45:21.000Z,-208.9,208.55,-210.66,-1.76,0,0.05,4558.13,4516.13,,,BUY,USD,1,1,1583663
D#1702431,XAUUSD,100,7349874591908690822,7349874591887970131,7349874591981771478,7349874591981767854,309,2026-05-15T13:40:19.000Z,2026-05-15T13:45:28.000Z,128.2,-128.89999999999998,124.7,-3.5,0,0.1,4527.23,4514.63,,4497.34,SELL,USD,1,1,1583663
D#1702751,XAUUSD,100,7349874591908691035,7349874591887968150,7349874591981771892,7349874591981755944,1592,2026-05-15T13:19:21.000Z,2026-05-15T13:45:53.000Z,-477.12,476.28000000000003,-481.32,-4.2,0,0.12,4552.56,4512.58,,,BUY,USD,1,1,1583663
D#1671053,XAUUSD,100,7349874591908691324,7349874591887967806,7349874591981772711,7349874591981753508,1993,2026-05-15T13:13:41.000Z,2026-05-15T13:46:54.000Z,26.31,-26.38,25.95,-0.36,0,0.01,4543.25,4517.16,,,SELL,USD,1,1,1583663
D#1702460,XAUUSD,100,7349874591908691487,7349874591887970770,7349874591981772596,7349874591981771410,122,2026-05-15T13:45:24.000Z,2026-05-15T13:47:26.000Z,-54.7,54.0,-58.2,-3.5,0,0.1,4515.04,4520.73,4520.13,,SELL,USD,1,1,1583663
D#1702743,XAUUSD,100,7349874591908691541,7349874591887970987,7349874591981773258,7349874591981772479,62,2026-05-15T13:46:38.000Z,2026-05-15T13:47:40.000Z,-202.5,200.4,-213.0,-10.5,0,0.3,4513.52,4520.49,,,SELL,USD,1,1,1583663
D#1702550,XAUUSD,100,7349874591908691885,7349874591887970614,7349874591981774188,7349874591981770590,265,2026-05-15T13:44:20.000Z,2026-05-15T13:48:45.000Z,1.6,-2.3000000000000003,-1.9,-3.5,0,0.1,4524.47,4524.53,,,SELL,USD,1,1,1583663
D#1702526,XAUUSD,100,7349874591908692254,7349874591887970725,7349874591981774310,7349874591981771174,305,2026-05-15T13:45:07.000Z,2026-05-15T13:50:12.000Z,110,-110.7,106.5,-3.5,0,0.1,4520.76,4531.54,4514.51,4531.27,BUY,USD,1,1,1583663
D#1702733,XAUUSD,100,7349874591908692253,7349874591887971375,7349874591981774506,7349874591981774215,58,2026-05-15T13:49:14.000Z,2026-05-15T13:50:12.000Z,-54.1,53.4,-57.6,-3.5,0,0.1,4526.25,4531.88,4531.62,4515.17,SELL,USD,1,1,1583663
D#1702433,XAUUSD,100,7349874591908692283,7349874591887971413,7349874591981775373,7349874591981774740,43,2026-05-15T13:49:34.000Z,2026-05-15T13:50:17.000Z,48,-48.7,44.5,-3.5,0,0.1,4526.47,4531.05,,,BUY,USD,1,1,1583663
D#1702550,XAUUSD,100,7349874591908692626,7349874591887971346,7349874591981776384,7349874591981774348,160,2026-05-15T13:49:00.000Z,2026-05-15T13:51:40.000Z,159.53,-163.24,140.97,-18.56,0,0.53,4525,4527.79,,,BUY,USD,1,1,1583663
D#1670972,XAUUSD,100,7349874591908692730,7349874591887962174,7349874591981776789,7349874591981696596,12310,2026-05-15T10:27:13.000Z,2026-05-15T13:52:23.000Z,69.6,-69.80999999999999,68.54,-1.06,0,0.03,4554.98,4532,4573,4510,SELL,USD,1,1,1583663
D#1702541,XAUUSD,100,7349874591908692984,7349874591887970383,7349874591981769469,7349874591981769308,707,2026-05-15T13:42:17.000Z,2026-05-15T13:54:04.000Z,121.2,-122.60000000000001,114.2,-7,0,0.2,4528.93,4534.77,,4534.75,BUY,USD,1,1,1583663
D#1589450,XAUUSD,100,7349874591908693152,7349874591887971865,7349874591981778031,7349874591981777616,39,2026-05-15T13:53:48.000Z,2026-05-15T13:54:27.000Z,19.8,-20.150000000000002,18.04,-1.76,0,0.05,4532.93,4536.67,,,BUY,USD,1,1,1583663
D#1702598,XAUUSD,100,7349874591908693503,7349874591887971783,7349874591981777578,7349874591981777060,228,2026-05-15T13:52:52.000Z,2026-05-15T13:56:40.000Z,79.5,-80.2,76.0,-3.5,0,0.1,4532.78,4540.51,,4540.57,BUY,USD,1,1,1583663
D#1702733,XAUUSD,100,7349874591908693513,7349874591887972039,7349874591981778918,7349874591981778386,50,2026-05-15T13:55:52.000Z,2026-05-15T13:56:42.000Z,-50,49.3,-53.5,-3.5,0,0.1,4536.45,4541.67,4541.22,4524.84,SELL,USD,1,1,1583663
D#1702638,XAUUSD,100,7349874591908693518,7349874591887971892,7349874591981779458,7349874591981777815,151,2026-05-15T13:54:12.000Z,2026-05-15T13:56:43.000Z,144.5,-146.25,135.74,-8.76,0,0.25,4536.22,4541.78,,,BUY,USD,1,1,1583663
D#1702460,XAUUSD,100,7349874591908693542,7349874591887971695,7349874591981779529,7349874591981776374,311,2026-05-15T13:51:40.000Z,2026-05-15T13:56:51.000Z,-132.5,131.8,-136.0,-3.5,0,0.1,4527.64,4541.11,,,SELL,USD,1,1,1583663
D#1702438,XAUUSD,100,7349874591908693755,7349874591887972007,7349874591981780262,7349874591981778676,152,2026-05-15T13:55:26.000Z,2026-05-15T13:57:58.000Z,-33.8,33.099999999999994,-37.3,-3.5,0,0.1,4533.76,4537.36,,,SELL,USD,1,1,1583663
D#1702647,XAUUSD,100,7349874591908694196,7349874591887971946,7349874591981781719,7349874591981778165,322,2026-05-15T13:54:39.000Z,2026-05-15T14:00:01.000Z,5.04,-5.6,2.24,-2.8,0,0.08,4535.18,4534.77,,,SELL,USD,1,1,1583663
D#1702541,XAUUSD,100,7349874591908694319,7349874591887971950,7349874591981779297,7349874591981778200,349,2026-05-15T13:54:42.000Z,2026-05-15T14:00:31.000Z,97.4,-98.80000000000001,90.4,-7,0,0.2,4534.68,4530.03,,4529.66,SELL,USD,1,1,1583663
D#1702526,XAUUSD,100,7349874591908694317,7349874591887972305,7349874591981780772,7349874591981780677,115,2026-05-15T13:58:36.000Z,2026-05-15T14:00:31.000Z,-59.5,58.8,-63.0,-3.5,0,0.1,4535.92,4529.75,4529.69,,BUY,USD,1,1,1583663
D#1702638,XAUUSD,100,7349874591908695001,7349874591887972731,7349874591981784804,7349874591981783171,165,2026-05-15T14:02:04.000Z,2026-05-15T14:04:49.000Z,111.5,-113.25,102.74,-8.76,0,0.25,4526.88,4531.12,,,BUY,USD,1,1,1583663
D#1702733,XAUUSD,100,7349874591908695018,7349874591887972723,7349874591981783141,7349874591981783040,173,2026-05-15T14:02:03.000Z,2026-05-15T14:04:56.000Z,-52.2,51.5,-55.7,-3.5,0,0.1,4528.33,4533.77,4533.27,4516.94,SELL,USD,1,1,1583663
D#1702647,XAUUSD,100,7349874591908695214,7349874591887972697,7349874591981785446,7349874591981783016,238,2026-05-15T14:01:53.000Z,2026-05-15T14:05:51.000Z,67.52,-68.08,64.72,-2.8,0,0.08,4527.19,4535.41,,,BUY,USD,1,1,1583663
D#1614595,XAUUSD,100,7349874591908695294,7349874591887972996,7349874591981784984,7349874591981783487,73,2026-05-15T14:05:05.000Z,2026-05-15T14:06:18.000Z,-43.5,42.45,-48.76,-5.26,0,0.15,4536.46,4539.58,4538.96,4531.44,SELL,USD,1,1,1583663
D#1702673,XAUUSD,100,7349874591908695342,7349874591887972226,7349874591981785912,7349874591981780202,529,2026-05-15T13:57:52.000Z,2026-05-15T14:06:41.000Z,35.6,-37.0,28.6,-7,0,0.2,4537.12,4535.56,,,SELL,USD,1,1,1583663
D#1702438,XAUUSD,100,7349874591908695616,7349874591887973061,7349874591981787167,7349874591981785326,223,2026-05-15T14:05:37.000Z,2026-05-15T14:09:20.000Z,-15,11.5,-32.5,-17.5,0,0.5,4536.33,4536.85,,,SELL,USD,1,1,1583663
D#1614595,XAUUSD,100,7349874591908696005,7349874591887973301,7349874591981787420,7349874591981787324,170,2026-05-15T14:09:39.000Z,2026-05-15T14:12:29.000Z,-27.75,26.7,-33.01,-5.26,0,0.15,4538.37,4540.44,4540.35,4530.77,SELL,USD,1,1,1583663
D#1670972,XAUUSD,100,7349874591908696048,7349874591887972337,7349874591981788775,7349874591981780825,825,2026-05-15T13:58:48.000Z,2026-05-15T14:12:33.000Z,-32.3,31.949999999999996,-34.06,-1.76,0,0.05,4534.75,4541.43,,,SELL,USD,1,1,1583663
D#1702598,XAUUSD,100,7349874591908696065,7349874591887973365,7349874591981788434,7349874591981787868,106,2026-05-15T14:10:50.000Z,2026-05-15T14:12:36.000Z,-50.5,49.8,-54.0,-3.5,0,0.1,4537.4,4542.67,4542.42,4532.79,SELL,USD,1,1,1583663
D#1702590,XAUUSD,100,7349874591908696095,7349874591887971417,7349874591981788861,7349874591981774769,1383,2026-05-15T13:49:37.000Z,2026-05-15T14:12:40.000Z,-355.95,354.47999999999996,-363.31,-7.36,0,0.21,4525.96,4543.13,,,SELL,USD,1,1,1583663
D#1702638,XAUUSD,100,7349874591908696184,7349874591887973403,7349874591981788964,7349874591981788173,84,2026-05-15T14:11:25.000Z,2026-05-15T14:12:49.000Z,-164.5,162.75,-173.26,-8.76,0,0.25,4537.7,4544.5,,,SELL,USD,1,1,1583663
D#1702526,XAUUSD,100,7349874591908696439,7349874591887973168,7349874591981786383,7349874591981786259,365,2026-05-15T14:07:24.000Z,2026-05-15T14:13:29.000Z,117.9,-118.60000000000001,114.4,-3.5,0,0.1,4536.86,4548.43,4528.74,4547.78,BUY,USD,1,1,1583663
D#1702352,XAUUSD,100,7349874591908696542,7349874591887971697,7349874591981789618,7349874591981776389,1330,2026-05-15T13:51:41.000Z,2026-05-15T14:13:51.000Z,21.23,-21.3,20.87,-0.36,0,0.01,4527.91,4548.92,,,BUY,USD,1,1,1583663
D#1702658,XAUUSD,100,7349874591908696856,7349874591887973520,7349874591981790626,7349874591981788922,162,2026-05-15T14:12:46.000Z,2026-05-15T14:15:28.000Z,-76,74.6,-83.0,-7,0,0.2,4545.5,4541.48,4541.62,4550.92,BUY,USD,1,1,1583663
D#1702658,XAUUSD,100,7349874591908696919,7349874591887973799,7349874591981790805,7349874591981790756,5,2026-05-15T14:15:40.000Z,2026-05-15T14:15:45.000Z,-14.4,13.0,-21.4,-7,0,0.2,4541.8,4540.86,,,BUY,USD,1,1,1583663
D#1702741,XAUUSD,100,7349874591908696960,7349874591887973805,7349874591981790899,7349874591981790787,9,2026-05-15T14:15:44.000Z,2026-05-15T14:15:53.000Z,25,-25.7,21.5,-3.5,0,0.1,4541.64,4543.92,,,BUY,USD,1,1,1583663
D#1671068,XAUUSD,100,7349874591908697339,7349874591887973093,7349874591981785548,7349874591981785545,685,2026-05-15T14:05:58.000Z,2026-05-15T14:17:23.000Z,-13.6,13.53,-13.96,-0.36,0,0.01,4537.36,4551.18,4551,4512.2,SELL,USD,1,1,1583663
D#1702438,XAUUSD,100,7349874591908697347,7349874591887973323,7349874591981787964,7349874591981787515,440,2026-05-15T14:10:03.000Z,2026-05-15T14:17:23.000Z,-163.3,162.60000000000002,-166.8,-3.5,0,0.1,4534.82,4551.37,4551.38,4515.38,SELL,USD,1,1,1583663
D#1702741,XAUUSD,100,7349874591908697349,7349874591887973968,7349874591981791969,7349874591981791673,32,2026-05-15T14:16:52.000Z,2026-05-15T14:17:24.000Z,35.4,-36.1,31.9,-3.5,0,0.1,4547.88,4551.2,,,BUY,USD,1,1,1583663
D#1671053,XAUUSD,100,7349874591908697360,7349874591887971855,7349874591981791982,7349874591981777496,1432,2026-05-15T13:53:33.000Z,2026-05-15T14:17:25.000Z,-87.75,87.4,-89.51,-1.76,0,0.05,4532.62,4550.39,,,SELL,USD,1,1,1583663
D#1702438,XAUUSD,100,7349874591908697665,7349874591887974095,7349874591981792909,7349874591981792598,27,2026-05-15T14:18:24.000Z,2026-05-15T14:18:51.000Z,-7.5,4.0,-25.0,-17.5,0,0.5,4554.2,4554.57,,,SELL,USD,1,1,1583663
D#1702741,XAUUSD,100,7349874591908697690,7349874591887974054,7349874591981792999,7349874591981792341,56,2026-05-15T14:18:02.000Z,2026-05-15T14:18:58.000Z,30.8,-31.5,27.3,-3.5,0,0.1,4553.58,4556.44,,,BUY,USD,1,1,1583663
D#1614595,XAUUSD,100,7349874591908697736,7349874591887973617,7349874591981793089,7349874591981789463,322,2026-05-15T14:13:43.000Z,2026-05-15T14:19:05.000Z,-113.85,112.8,-119.11,-5.26,0,0.15,4549.03,4556.84,,4538.57,SELL,USD,1,1,1583663
D#1614595,XAUUSD,100,7349874591908697802,7349874591887974181,7349874591981793257,7349874591981793198,5,2026-05-15T14:19:17.000Z,2026-05-15T14:19:22.000Z,-12.75,11.7,-18.01,-5.26,0,0.15,4554.98,4556.05,,,SELL,USD,1,1,1583663
D#1702589,XAUUSD,100,7349874591908697898,7349874591887973493,7349874591981789087,7349874591981788782,444,2026-05-15T14:12:36.000Z,2026-05-15T14:20:00.000Z,133.12,-133.68,130.32,-2.8,0,0.08,4542.48,4558.9,4532.11,4558.22,BUY,USD,1,1,1583663
D#1702477,XAUUSD,100,7349874591908697952,7349874591887970025,7349874591981787387,7349874591981767243,2441,2026-05-15T13:39:26.000Z,2026-05-15T14:20:07.000Z,-159.7,159.35,-161.46,-1.76,0,0.05,4529.18,4561.34,4560,,SELL,USD,1,1,1583663
D#1614595,XAUUSD,100,7349874591908698148,7349874591887974264,7349874591981794233,7349874591981793734,51,2026-05-15T14:20:11.000Z,2026-05-15T14:21:02.000Z,68.5,-72.0,51.0,-17.5,0,0.5,4559.5,4560.65,,,BUY,USD,1,1,1583663
D#1702526,XAUUSD,100,7349874591908698419,7349874591887974354,7349874591981794440,7349874591981794303,102,2026-05-15T14:21:07.000Z,2026-05-15T14:22:49.000Z,29.9,-30.599999999999998,26.4,-3.5,0,0.1,4559.8,4557.03,4566.71,4556.97,SELL,USD,1,1,1583663
D#1614595,XAUUSD,100,7349874591908698505,7349874591887974481,7349874591981795379,7349874591981795269,12,2026-05-15T14:23:06.000Z,2026-05-15T14:23:18.000Z,34.5,-38.0,17.0,-17.5,0,0.5,4558.22,4558.69,,,BUY,USD,1,1,1583663
D#1671053,XAUUSD,100,7349874591908698655,7349874591887974038,7349874591981796094,7349874591981792217,415,2026-05-15T14:17:48.000Z,2026-05-15T14:24:43.000Z,61.29,-61.92,58.13,-3.16,0,0.09,4553.34,4559.93,,,BUY,USD,1,1,1583663
D#1702638,XAUUSD,100,7349874591908698803,7349874591887974427,7349874591981796649,7349874591981794833,214,2026-05-15T14:22:12.000Z,2026-05-15T14:25:46.000Z,106.5,-108.25,97.74,-8.76,0,0.25,4559.84,4555.8,,,SELL,USD,1,1,1583663
D#1671053,XAUUSD,100,7349874591908698930,7349874591887974615,7349874591981797192,7349874591981796265,98,2026-05-15T14:25:04.000Z,2026-05-15T14:26:42.000Z,-41.7,41.0,-45.2,-3.5,0,0.1,4558.05,4553.66,,,BUY,USD,1,1,1583663
D#1614595,XAUUSD,100,7349874591908698975,7349874591887974539,7349874591981797290,7349874591981795690,176,2026-05-15T14:23:54.000Z,2026-05-15T14:26:50.000Z,219,-222.5,201.5,-17.5,0,0.5,4557.76,4553.6,,4552.69,SELL,USD,1,1,1583663
D#1702439,XAUUSD,100,7349874591908699150,7349874591887974502,7349874591981796932,7349874591981795383,292,2026-05-15T14:23:19.000Z,2026-05-15T14:28:11.000Z,85.26,-86.24000000000001,80.36,-4.9,0,0.14,4558.69,4552.82,4566.32,4553.02,SELL,USD,1,1,1583663
D#1670972,XAUUSD,100,7349874591908699504,7349874591887973840,7349874591981799352,7349874591981790971,886,2026-05-15T14:15:57.000Z,2026-05-15T14:30:43.000Z,-61.65,61.3,-63.41,-1.76,0,0.05,4545.24,4557.79,4563,,SELL,USD,1,1,1583663
D#1671068,XAUUSD,100,7349874591908700619,7349874591887974521,7349874591981795538,7349874591981795535,1112,2026-05-15T14:23:34.000Z,2026-05-15T14:42:06.000Z,-60.55,60.059999999999995,-63.01,-2.46,0,0.07,4559.76,4550.89,4551.21,4581.89,BUY,USD,1,1,1583663
D#1670947,XAUUSD,100,7349874591908700985,7349874591887975769,7349874591981805453,7349874591981805225,160,2026-05-15T14:43:46.000Z,2026-05-15T14:46:26.000Z,-55.1,54.4,-58.6,-3.5,0,0.1,4556.86,4551.13,4551.28,4574.04,BUY,USD,1,1,1583663
D#1671065,XAUUSD,100,7349874591908700991,7349874591887975817,7349874591981805841,7349874591981805732,80,2026-05-15T14:45:06.000Z,2026-05-15T14:46:26.000Z,10.54,-10.68,9.84,-0.7,0,0.02,4556.15,4551.1,4555.67,4550.92,SELL,USD,1,1,1583663
D#1671053,XAUUSD,100,7349874591908701542,7349874591887974765,7349874591981808185,7349874591981797334,1424,2026-05-15T14:26:56.000Z,2026-05-15T14:50:40.000Z,57.4,-58.1,53.9,-3.5,0,0.1,4554.49,4548.97,,,SELL,USD,1,1,1583663
D#1671048,XAUUSD,100,7349874591908701718,7349874591887975746,7349874591981808910,7349874591981804946,550,2026-05-15T14:43:01.000Z,2026-05-15T14:52:11.000Z,416.5,-420.0,399.0,-17.5,0,0.5,4554.95,4546.84,,,SELL,USD,1,1,1583663
D#1671053,XAUUSD,100,7349874591908701905,7349874591887976183,7349874591981809794,7349874591981808592,170,2026-05-15T14:51:30.000Z,2026-05-15T14:54:20.000Z,-203.5,200.0,-221.0,-17.5,0,0.5,4546.6,4550.89,,,SELL,USD,1,1,1583663
D#1702589,XAUUSD,100,7349874591908702006,7349874591887976180,7349874591981808578,7349874591981806643,208,2026-05-15T14:51:28.000Z,2026-05-15T14:54:56.000Z,143.52,-144.64000000000001,137.92,-5.6,0,0.16,4546.81,4555.56,4540.73,4554.94,BUY,USD,1,1,1583663
D#1670947,XAUUSD,100,7349874591908702105,7349874591887976222,7349874591981810359,7349874591981808968,184,2026-05-15T14:52:16.000Z,2026-05-15T14:55:20.000Z,203.2,-204.6,196.2,-7,0,0.2,4547.71,4557.65,,4573.99,BUY,USD,1,1,1583663
D#1671068,XAUUSD,100,7349874591908702214,7349874591887975849,7349874591981805962,7349874591981805961,649,2026-05-15T14:45:37.000Z,2026-05-15T14:56:26.000Z,-69.5,68.8,-73.0,-3.5,0,0.1,4552.58,4559.75,4559.58,4528.77,SELL,USD,1,1,1583663
D#1670972,XAUUSD,100,7349874591908702282,7349874591887976003,7349874591981807721,7349874591981807214,501,2026-05-15T14:48:35.000Z,2026-05-15T14:56:56.000Z,-49.8,49.449999999999996,-51.56,-1.76,0,0.05,4551.92,4562.1,4561.88,,SELL,USD,1,1,1583663
D#1702638,XAUUSD,100,7349874591908702384,7349874591887975091,7349874591981811377,7349874591981799617,1577,2026-05-15T14:31:09.000Z,2026-05-15T14:57:26.000Z,115.5,-117.25,106.74,-8.76,0,0.25,4559.32,4563.72,,,BUY,USD,1,1,1583663
D#1702542,XAUUSD,100,7349874591908702435,7349874591887974248,7349874591981793653,7349874591981740102,2250,2026-05-15T14:20:07.000Z,2026-05-15T14:57:37.000Z,-50.3,49.599999999999994,-53.8,-3.5,0,0.1,4561.05,4566.3,4565.78,4520.06,SELL,USD,1,1,1583663
D#1702701,XAUUSD,100,7349874591908703045,7349874591887976636,7349874591981812870,7349874591981812305,213,2026-05-15T14:59:27.000Z,2026-05-15T15:03:00.000Z,89.7,-90.4,86.2,-3.5,0,0.1,4561.59,4552.84,,4552.65,SELL,USD,1,1,1583663
D#1670882,XAUUSD,100,7349874591908703096,7349874591887976842,7349874591981814111,7349874591981813924,17,2026-05-15T15:03:00.000Z,2026-05-15T15:03:17.000Z,5.1,-5.8,1.6,-3.5,0,0.1,4552.71,4553,,,BUY,USD,1,1,1583663
D#1702741,XAUUSD,100,7349874591908703877,7349874591887977221,7349874591981817894,7349874591981817329,93,2026-05-15T15:11:04.000Z,2026-05-15T15:12:37.000Z,-50.2,49.5,-53.7,-3.5,0,0.1,4559.15,4553.91,,,BUY,USD,1,1,1583663
D#1670972,XAUUSD,100,7349874591908703891,7349874591887977103,7349874591981817946,7349874591981816295,237,2026-05-15T15:08:47.000Z,2026-05-15T15:12:44.000Z,-15.85,15.5,-17.61,-1.76,0,0.05,4556.33,4552.94,4547,,BUY,USD,1,1,1583663
D#1702741,XAUUSD,100,7349874591908703931,7349874591887977295,7349874591981818195,7349874591981818049,22,2026-05-15T15:12:58.000Z,2026-05-15T15:13:20.000Z,-15.3,14.600000000000001,-18.8,-3.5,0,0.1,4554.11,4555.86,,,SELL,USD,1,1,1583663
D#1670884,XAUUSD,100,7349874591908703936,7349874591887977259,7349874591981818119,7349874591981817714,76,2026-05-15T15:12:08.000Z,2026-05-15T15:13:24.000Z,-2.17,0.0,-13.03,-10.86,0,0.31,4556.05,4556.34,4556.12,4546.81,SELL,USD,1,1,1583663
D#1702517,XAUUSD,100,7349874591908703938,7349874591887963499,7349874591981818220,7349874591981710968,14583,2026-05-15T11:10:22.000Z,2026-05-15T15:13:25.000Z,-18.4,18.259999999999998,-19.1,-0.7,0,0.02,4565.76,4556.34,,,BUY,USD,1,1,1583663
D#1702589,XAUUSD,100,7349874591908704005,7349874591887976491,7349874591981811154,7349874591981810390,1042,2026-05-15T14:56:59.000Z,2026-05-15T15:14:21.000Z,-96.08,95.52,-98.88,-2.8,0,0.08,4563.32,4551.09,4551.23,4578.19,BUY,USD,1,1,1583663
D#1702701,XAUUSD,100,7349874591908704207,7349874591887977372,7349874591981819555,7349874591981818802,124,2026-05-15T15:14:57.000Z,2026-05-15T15:17:01.000Z,-12.8,12.100000000000001,-16.3,-3.5,0,0.1,4552.97,4551.47,,,BUY,USD,1,1,1583663
D#1702390,XAUUSD,100,7349874591908704304,7349874591887977416,7349874591981820025,7349874591981819179,146,2026-05-15T15:15:57.000Z,2026-05-15T15:18:23.000Z,-11.1,10.049999999999999,-16.36,-5.26,0,0.15,4551.01,4551.97,,,SELL,USD,1,1,1583663
D#1670884,XAUUSD,100,7349874591908704376,7349874591887977323,7349874591981820362,7349874591981818366,326,2026-05-15T15:13:49.000Z,2026-05-15T15:19:15.000Z,258.8,-261.6,244.8,-14,0,0.4,4555.23,4548.98,4554.78,4548.02,SELL,USD,1,1,1583663
D#1702461,XAUUSD,100,7349874591908704446,7349874591887977291,7349874591981817992,7349874591981817988,410,2026-05-15T15:12:49.000Z,2026-05-15T15:19:39.000Z,73.6,-74.3,70.1,-3.5,0,0.1,4553.72,4546.58,4561.96,4546.68,SELL,USD,1,1,1583663
D#1645694,XAUUSD,100,7349874591908704723,7349874591887977407,7349874591981821447,7349874591981819069,407,2026-05-15T15:15:38.000Z,2026-05-15T15:22:25.000Z,2.1,-2.52,0.0,-2.1,0,0.06,4552.24,4552.11,4552,,SELL,USD,1,1,1583663
D#1670972,XAUUSD,100,7349874591908704862,7349874591887977577,7349874591981821174,7349874591981820846,216,2026-05-15T15:20:27.000Z,2026-05-15T15:24:03.000Z,-13.8,13.450000000000001,-15.56,-1.76,0,0.05,4549.38,4546.4,4546.61,,BUY,USD,1,1,1583663
D#1670882,XAUUSD,100,7349874591908705060,7349874591887977351,7349874591981822776,7349874591981818631,646,2026-05-15T15:14:31.000Z,2026-05-15T15:25:17.000Z,-123.6,122.19999999999999,-130.6,-7,0,0.2,4551.21,4544.81,,,BUY,USD,1,1,1583663
D#1671068,XAUUSD,100,7349874591908705220,7349874591887977885,7349874591981823555,7349874591981823554,12,2026-05-15T15:27:23.000Z,2026-05-15T15:27:35.000Z,-27,24.9,-37.5,-10.5,0,0.3,4546.33,4547.45,4547.32,4537.03,SELL,USD,1,1,1583663
D#1671068,XAUUSD,100,7349874591908705264,7349874591887977893,7349874591981823857,7349874591981823660,33,2026-05-15T15:27:38.000Z,2026-05-15T15:28:11.000Z,-47.4,45.3,-57.9,-10.5,0,0.3,4547.7,4545.9,,,BUY,USD,1,1,1583663
D#1645694,XAUUSD,100,7349874591908705275,7349874591887977859,7349874591981823925,7349874591981823309,99,2026-05-15T15:26:47.000Z,2026-05-15T15:28:26.000Z,8.94,-9.36,6.84,-2.1,0,0.06,4545.13,4543.86,,,SELL,USD,1,1,1583663
D#1702420,XAUUSD,100,7349874591908705281,7349874591887977858,7349874591981823931,7349874591981823306,100,2026-05-15T15:26:47.000Z,2026-05-15T15:28:27.000Z,3.36,-3.5,2.66,-0.7,0,0.02,4545.07,4543.61,,,SELL,USD,1,1,1583663
D#1670884,XAUUSD,100,7349874591908705343,7349874591887977868,7349874591981824279,7349874591981823404,132,2026-05-15T15:27:05.000Z,2026-05-15T15:29:17.000Z,-2.74,2.6,-3.44,-0.7,0,0.02,4546.52,4544.93,4538.29,4559.76,BUY,USD,1,1,1583663
D#1702655,XAUUSD,100,7349874591908705677,7349874591887978067,7349874591981825871,7349874591981825282,86,2026-05-15T15:31:47.000Z,2026-05-15T15:33:13.000Z,5.4,-6.1000000000000005,1.9,-3.5,0,0.1,4548.31,4547.99,,,SELL,USD,1,1,1583663
D#1670884,XAUUSD,100,7349874591908705781,7349874591887977963,7349874591981824438,7349874591981824354,326,2026-05-15T15:29:27.000Z,2026-05-15T15:34:53.000Z,-6.4,5.7,-9.9,-3.5,0,0.1,4545.22,4544.36,4544.78,4555.52,BUY,USD,1,1,1583663
D#1702541,XAUUSD,100,7349874591908705783,7349874591887978147,7349874591981826144,7349874591981826002,78,2026-05-15T15:33:35.000Z,2026-05-15T15:34:53.000Z,63.6,-65.0,56.6,-7,0,0.2,4547.38,4544.42,,4544.47,SELL,USD,1,1,1583663
D#1702740,XAUUSD,100,7349874591908705927,7349874591887978249,7349874591981827080,7349874591981827039,6,2026-05-15T15:36:23.000Z,2026-05-15T15:36:29.000Z,0.5,-1.2000000000000002,-3.0,-3.5,0,0.1,4546.06,4546.23,,,SELL,USD,1,1,1583663
D#1702461,XAUUSD,100,7349874591908706517,7349874591887978211,7349874591981826642,7349874591981826641,552,2026-05-15T15:35:21.000Z,2026-05-15T15:44:33.000Z,-47.2,46.5,-50.7,-3.5,0,0.1,4544.94,4540,4540.4,4555.21,BUY,USD,1,1,1583663
D#1670882,XAUUSD,100,7349874591908706555,7349874591887977807,7349874591981830209,7349874591981822826,1155,2026-05-15T15:25:25.000Z,2026-05-15T15:44:40.000Z,-82.8,81.39999999999999,-89.8,-7,0,0.2,4544.74,4540.38,,,BUY,USD,1,1,1583663
D#1670972,XAUUSD,100,7349874591908706613,7349874591887978158,7349874591981830438,7349874591981826123,679,2026-05-15T15:33:56.000Z,2026-05-15T15:45:15.000Z,30.85,-31.200000000000003,29.09,-1.76,0,0.05,4546.97,4541.02,4552,,SELL,USD,1,1,1583663
D#1702741,XAUUSD,100,7349874591908706623,7349874591887978393,7349874591981830515,7349874591981829057,227,2026-05-15T15:41:41.000Z,2026-05-15T15:45:28.000Z,9.6,-10.299999999999999,6.1,-3.5,0,0.1,4542.08,4541.34,,,SELL,USD,1,1,1583663
D#1670915,XAUUSD,100,7349874591908706806,7349874591887974284,7349874591981831587,7349874591981793869,5302,2026-05-15T14:20:25.000Z,2026-05-15T15:48:47.000Z,-182.97,182.34,-186.13,-3.16,0,0.09,4560.52,4539.97,,,BUY,USD,1,1,1583663
D#1702390,XAUUSD,100,7349874591908706887,7349874591887978199,7349874591981831964,7349874591981826515,888,2026-05-15T15:35:00.000Z,2026-05-15T15:49:48.000Z,61.2,-62.25,55.94,-5.26,0,0.15,4543.48,4539.62,,,SELL,USD,1,1,1583663
D#1702741,XAUUSD,100,7349874591908707255,7349874591887978843,7349874591981833442,7349874591981833364,14,2026-05-15T15:53:36.000Z,2026-05-15T15:53:50.000Z,4.25,-4.6,2.49,-1.76,0,0.05,4539.15,4538.52,,,SELL,USD,1,1,1583663
D#1670884,XAUUSD,100,7349874591908707402,7349874591887978581,7349874591981831619,7349874591981831061,473,2026-05-15T15:47:13.000Z,2026-05-15T15:55:06.000Z,102.8,-104.2,95.8,-7,0,0.2,4540.99,4536.07,4544.64,4536.06,SELL,USD,1,1,1583663
D#1702598,XAUUSD,100,7349874591908707479,7349874591887973745,7349874591981790975,7349874591981790449,6030,2026-05-15T14:15:11.000Z,2026-05-15T15:55:41.000Z,89.4,-90.10000000000001,85.9,-3.5,0,0.1,4543.99,4535.27,,4535.07,SELL,USD,1,1,1583663
D#1670961,XAUUSD,100,7349874591908707661,7349874591887979002,7349874591981834881,7349874591981834794,33,2026-05-15T15:57:16.000Z,2026-05-15T15:57:49.000Z,-76.56,74.53,-86.72,-10.16,0,0.29,4537.23,4534.37,4534.59,4543.27,BUY,USD,1,1,1583663
D#1670961,XAUUSD,100,7349874591908707821,7349874591887979026,7349874591981835634,7349874591981835010,97,2026-05-15T15:57:51.000Z,2026-05-15T15:59:28.000Z,-120.64,118.61,-130.8,-10.16,0,0.29,4534.24,4538.62,4539.04,4527.07,SELL,USD,1,1,1583663
D#1670961,XAUUSD,100,7349874591908707838,7349874591887979089,7349874591981835705,7349874591981835649,9,2026-05-15T15:59:31.000Z,2026-05-15T15:59:40.000Z,-3.19,1.1600000000000001,-13.35,-10.16,0,0.29,4538.7,4538.37,,,BUY,USD,1,1,1583663
D#1702461,XAUUSD,100,7349874591908708459,7349874591887978883,7349874591981833694,7349874591981833692,754,2026-05-15T15:54:24.000Z,2026-05-15T16:06:58.000Z,-59.8,59.099999999999994,-63.3,-3.5,0,0.1,4537.19,4530.99,4531.05,4548.44,BUY,USD,1,1,1583663
D#1702433,XAUUSD,100,7349874591908708489,7349874591887973219,7349874591981838568,7349874591981786753,7119,2026-05-15T14:08:32.000Z,2026-05-15T16:07:11.000Z,53.6,-54.300000000000004,50.1,-3.5,0,0.1,4536.79,4531.65,,4530,SELL,USD,1,1,1583663
D#1645694,XAUUSD,100,7349874591908708488,7349874591887977924,7349874591981838565,7349874591981823970,2319,2026-05-15T15:28:32.000Z,2026-05-15T16:07:11.000Z,400.32,-402.56,389.12,-11.2,0,0.32,4543.93,4531.64,,4526.59,SELL,USD,1,1,1583663
D#1702741,XAUUSD,100,7349874591908708520,7349874591887979406,7349874591981838703,7349874591981838435,40,2026-05-15T16:06:53.000Z,2026-05-15T16:07:33.000Z,8.1,-8.799999999999999,4.6,-3.5,0,0.1,4531.77,4531.18,,,SELL,USD,1,1,1583663
D#1702598,XAUUSD,100,7349874591908708561,7349874591887979280,7349874591981838909,7349874591981837178,278,2026-05-15T16:03:25.000Z,2026-05-15T16:08:03.000Z,-99.4,98.0,-106.4,-7,0,0.2,4535.42,4530.23,,4539.67,BUY,USD,1,1,1583663
D#1702741,XAUUSD,100,7349874591908708716,7349874591887979517,7349874591981839948,7349874591981839862,15,2026-05-15T16:11:00.000Z,2026-05-15T16:11:15.000Z,10.2,-10.899999999999999,6.7,-3.5,0,0.1,4531.5,4530.7,,,SELL,USD,1,1,1583663
D#1702741,XAUUSD,100,7349874591908708798,7349874591887979563,7349874591981840649,7349874591981840475,34,2026-05-15T16:13:04.000Z,2026-05-15T16:13:38.000Z,-0.4,-0.30000000000000004,-3.9,-3.5,0,0.1,4530.01,4530.27,,,SELL,USD,1,1,1583663
D#1702741,XAUUSD,100,7349874591908708884,7349874591887979597,7349874591981841203,7349874591981840883,65,2026-05-15T16:14:19.000Z,2026-05-15T16:15:24.000Z,-12.3,11.600000000000001,-15.8,-3.5,0,0.1,4531.63,4533.08,,,SELL,USD,1,1,1583663
D#1702741,XAUUSD,100,7349874591908708940,7349874591887979645,7349874591981841664,7349874591981841542,21,2026-05-15T16:16:30.000Z,2026-05-15T16:16:51.000Z,9.1,-9.799999999999999,5.6,-3.5,0,0.1,4532.68,4531.99,,,SELL,USD,1,1,1583663
D#1670917,XAUUSD,100,7349874591908709021,7349874591887979699,7349874591981842380,7349874591981842297,17,2026-05-15T16:19:03.000Z,2026-05-15T16:19:20.000Z,3.4,-4.1,-0.1,-3.5,0,0.1,4534.21,4534.09,,,SELL,USD,1,1,1583663
D#1702741,XAUUSD,100,7349874591908709084,7349874591887979718,7349874591981842817,7349874591981842548,59,2026-05-15T16:19:59.000Z,2026-05-15T16:20:58.000Z,-23.7,23.0,-27.2,-3.5,0,0.1,4533.76,4536.35,,,SELL,USD,1,1,1583663
D#1670884,XAUUSD,100,7349874591908709358,7349874591887979748,7349874591981843814,7349874591981842857,175,2026-05-15T16:21:05.000Z,2026-05-15T16:24:00.000Z,57.75,-58.8,52.49,-5.26,0,0.15,4536.25,4539.88,4536.34,4540.78,BUY,USD,1,1,1583663
D#1702342,XAUUSD,100,7349874591908709798,7349874591887979956,7349874591981845901,7349874591981844717,218,2026-05-15T16:26:31.000Z,2026-05-15T16:30:09.000Z,-178,174.5,-195.5,-17.5,0,0.5,4539.3,4543.08,,,SELL,USD,1,1,1583663
D#1702639,XAUUSD,100,7349874591908709808,7349874591887979250,7349874591981837004,7349874591981836902,1650,2026-05-15T16:02:43.000Z,2026-05-15T16:30:13.000Z,-70.2,69.29,-74.76,-4.56,0,0.13,4537.81,4543.43,4543.2,4517.45,SELL,USD,1,1,1583663
D#1702741,XAUUSD,100,7349874591908709929,7349874591887980059,7349874591981846591,7349874591981845845,122,2026-05-15T16:30:03.000Z,2026-05-15T16:32:05.000Z,2.1,-2.8000000000000003,-1.4,-3.5,0,0.1,4541.88,4541.87,,,BUY,USD,1,1,1583663
D#1670972,XAUUSD,100,7349874591908710040,7349874591887978933,7349874591981834592,7349874591981834211,2346,2026-05-15T15:55:44.000Z,2026-05-15T16:34:50.000Z,-78.5,77.8,-82.0,-3.5,0,0.1,4536.28,4544.35,4544.08,,SELL,USD,1,1,1583663
D#1670884,XAUUSD,100,7349874591908710044,7349874591887980147,7349874591981846848,7349874591981846586,167,2026-05-15T16:32:03.000Z,2026-05-15T16:34:50.000Z,-29.1,28.05,-34.36,-5.26,0,0.15,4542.22,4544.38,4543.4,4539.32,SELL,USD,1,1,1583663
D#1702725,XAUUSD,100,7349874591908710065,7349874591887979731,7349874591981847495,7349874591981842734,872,2026-05-15T16:20:39.000Z,2026-05-15T16:35:11.000Z,-192.8,191.4,-199.8,-7,0,0.2,4533.74,4543.6,,,SELL,USD,1,1,1583663
D#1702655,XAUUSD,100,7349874591908710383,7349874591887978144,7349874591981827836,7349874591981825963,4062,2026-05-15T15:33:29.000Z,2026-05-15T16:41:11.000Z,6.8,-8.2,-0.2,-7,0,0.2,4547.19,4547.07,4546.95,4527,SELL,USD,1,1,1583663
D#1702598,XAUUSD,100,7349874591908710396,7349874591887979466,7349874591981849293,7349874591981839181,1943,2026-05-15T16:08:57.000Z,2026-05-15T16:41:20.000Z,-448.2,446.09999999999997,-458.7,-10.5,0,0.3,4532.15,4547.31,,4525.68,SELL,USD,1,1,1583663
D#1702741,XAUUSD,100,7349874591908710402,7349874591887980357,7349874591981849322,7349874591981849198,25,2026-05-15T16:41:01.000Z,2026-05-15T16:41:26.000Z,17.6,-19.0,10.6,-7,0,0.2,4546.24,4546.9,,,BUY,USD,1,1,1583663
D#1702741,XAUUSD,100,7349874591908710615,7349874591887980457,7349874591981850752,7349874591981850632,27,2026-05-15T16:46:04.000Z,2026-05-15T16:46:31.000Z,-36.6,35.2,-43.6,-7,0,0.2,4547.87,4545.82,,,BUY,USD,1,1,1583663
D#1702741,XAUUSD,100,7349874591908710648,7349874591887980472,7349874591981850983,7349874591981850832,31,2026-05-15T16:46:52.000Z,2026-05-15T16:47:23.000Z,-4.8,3.3999999999999995,-11.8,-7,0,0.2,4545.69,4546.15,,,SELL,USD,1,1,1583663
D#1702741,XAUUSD,100,7349874591908710675,7349874591887980499,7349874591981851220,7349874591981851187,8,2026-05-15T16:48:13.000Z,2026-05-15T16:48:21.000Z,-3.12,1.4400000000000002,-11.52,-8.4,0,0.24,4546.6,4546.95,,,SELL,USD,1,1,1583663
D#1702741,XAUUSD,100,7349874591908710701,7349874591887980503,7349874591981851441,7349874591981851271,41,2026-05-15T16:48:34.000Z,2026-05-15T16:49:15.000Z,-16.32,14.64,-24.72,-8.4,0,0.24,4547.15,4546.25,,,BUY,USD,1,1,1583663
D#1702567,XAUUSD,100,7349874591908710735,7349874591887978464,7349874591981851782,7349874591981829860,3999,2026-05-15T15:43:56.000Z,2026-05-15T16:50:35.000Z,-15,14.72,-16.4,-1.4,0,0.04,4542.49,4546.46,,,SELL,USD,1,1,1583663
D#1702741,XAUUSD,100,7349874591908710739,7349874591887980516,7349874591981851804,7349874591981851479,76,2026-05-15T16:49:23.000Z,2026-05-15T16:50:39.000Z,-17.52,15.84,-25.92,-8.4,0,0.24,4546.11,4547.06,,,SELL,USD,1,1,1583663
D#1670972,XAUUSD,100,7349874591908710804,7349874591887980495,7349874591981852178,7349874591981851126,244,2026-05-15T16:47:58.000Z,2026-05-15T16:52:02.000Z,-21.3,20.6,-24.8,-3.5,0,0.1,4546.91,4544.56,4542.38,,BUY,USD,1,1,1583663
D#1702741,XAUUSD,100,7349874591908710855,7349874591887980552,7349874591981852432,7349874591981852096,64,2026-05-15T16:51:46.000Z,2026-05-15T16:52:50.000Z,64,-67.5,46.5,-17.5,0,0.5,4544.84,4543.78,,,SELL,USD,1,1,1583663
D#1702741,XAUUSD,100,7349874591908711027,7349874591887980590,7349874591981853179,7349874591981852488,124,2026-05-15T16:53:01.000Z,2026-05-15T16:55:05.000Z,75.5,-79.0,58.0,-17.5,0,0.5,4543.59,4542.3,,,SELL,USD,1,1,1583663
D#1702741,XAUUSD,100,7349874591908711317,7349874591887980798,7349874591981854807,7349874591981854570,49,2026-05-15T16:59:16.000Z,2026-05-15T17:00:05.000Z,-61,57.5,-78.5,-17.5,0,0.5,4544.01,4545.45,,,SELL,USD,1,1,1583663
D#1702741,XAUUSD,100,7349874591908711388,7349874591887980840,7349874591981855210,7349874591981854973,49,2026-05-15T17:00:33.000Z,2026-05-15T17:01:22.000Z,-119.5,116.0,-137.0,-17.5,0,0.5,4543.82,4546.43,,,SELL,USD,1,1,1583663
D#1670884,XAUUSD,100,7349874591908711554,7349874591887980217,7349874591981848366,7349874591981847526,1640,2026-05-15T16:35:16.000Z,2026-05-15T17:02:36.000Z,-266.4,264.29999999999995,-276.9,-10.5,0,0.3,4542.88,4551.98,4551.81,4540.19,SELL,USD,1,1,1583663
D#1702559,XAUUSD,100,7349874591908711730,7349874591887978210,7349874591981856869,7349874591981826633,5452,2026-05-15T15:35:19.000Z,2026-05-15T17:06:11.000Z,12.24,-12.38,11.54,-0.7,0,0.02,4545.13,4551.03,,,BUY,USD,1,1,1583663
D#1670884,XAUUSD,100,7349874591908711808,7349874591887980961,7349874591981856239,7349874591981856116,173,2026-05-15T17:03:56.000Z,2026-05-15T17:06:49.000Z,-202.4,199.6,-216.4,-14,0,0.4,4549.33,4554.61,4554.05,4541.56,SELL,USD,1,1,1583663
D#1670884,XAUUSD,100,7349874591908711857,7349874591887981045,7349874591981857279,7349874591981857097,29,2026-05-15T17:06:51.000Z,2026-05-15T17:07:20.000Z,-35.6,32.800000000000004,-49.6,-14,0,0.4,4554.19,4553.08,,,BUY,USD,1,1,1583663
D#1702741,XAUUSD,100,7349874591908711894,7349874591887980884,7349874591981857565,7349874591981855372,388,2026-05-15T17:01:45.000Z,2026-05-15T17:08:13.000Z,197.6,-201.23999999999998,179.4,-18.2,0,0.52,4549.48,4553.06,,,BUY,USD,1,1,1583663
D#1702741,XAUUSD,100,7349874591908711961,7349874591887981100,7349874591981857980,7349874591981857752,50,2026-05-15T17:08:52.000Z,2026-05-15T17:09:42.000Z,-15.4,11.55,-34.66,-19.26,0,0.55,4554.19,4553.69,,,BUY,USD,1,1,1583663
D#1702461,XAUUSD,100,7349874591908712039,7349874591887980339,7349874591981850968,7349874591981849016,1817,2026-05-15T16:40:31.000Z,2026-05-15T17:10:48.000Z,119.1,-119.8,115.6,-3.5,0,0.1,4546.28,4557.97,4548.04,4557.73,BUY,USD,1,1,1583663
D#1702741,XAUUSD,100,7349874591908712180,7349874591887981201,7349874591981859042,7349874591981859037,2,2026-05-15T17:13:07.000Z,2026-05-15T17:13:09.000Z,-23.65,19.799999999999997,-42.91,-19.26,0,0.55,4556.01,4555.36,,,BUY,USD,1,1,1583663
D#1702741,XAUUSD,100,7349874591908712246,7349874591887981209,7349874591981859485,7349874591981859134,79,2026-05-15T17:13:26.000Z,2026-05-15T17:14:45.000Z,116.07,-119.77999999999999,97.51,-18.56,0,0.53,4554.95,4556.92,,,BUY,USD,1,1,1583663
D#1670915,XAUUSD,100,7349874591908712732,7349874591887978646,7349874591981861858,7349874591981831775,5637,2026-05-15T15:49:15.000Z,2026-05-15T17:23:12.000Z,-182.1,181.4,-185.6,-3.5,0,0.1,4540.64,4559.07,,,SELL,USD,1,1,1583663
D#1702461,XAUUSD,100,7349874591908712778,7349874591887981251,7349874591981859826,7349874591981859824,485,2026-05-15T17:15:58.000Z,2026-05-15T17:24:03.000Z,-47.6,46.9,-51.1,-3.5,0,0.1,4555.89,4560.87,4560.39,4544.15,SELL,USD,1,1,1583663
D#1702741,XAUUSD,100,7349874591908712842,7349874591887981493,7349874591981862229,7349874591981862048,29,2026-05-15T17:23:51.000Z,2026-05-15T17:24:20.000Z,-234,230.5,-251.5,-17.5,0,0.5,4558.27,4563.17,,,SELL,USD,1,1,1583663
D#1702567,XAUUSD,100,7349874591908713099,7349874591887980535,7349874591981863509,7349874591981851825,2257,2026-05-15T16:50:43.000Z,2026-05-15T17:28:20.000Z,-28.68,28.54,-29.38,-0.7,0,0.02,4547.27,4561.83,,,SELL,USD,1,1,1583663
D#1671065,XAUUSD,100,7349874591908713665,7349874591887981856,7349874591981867150,7349874591981866987,34,2026-05-15T17:40:21.000Z,2026-05-15T17:40:55.000Z,40,-43.5,22.5,-17.5,0,0.5,4563.25,4562.67,,,SELL,USD,1,1,1583663
D#1671065,XAUUSD,100,7349874591908713672,7349874591887981873,7349874591981867211,7349874591981867192,4,2026-05-15T17:41:03.000Z,2026-05-15T17:41:07.000Z,25,-28.5,7.5,-17.5,0,0.5,4562.72,4562.44,,,SELL,USD,1,1,1583663
D#1671065,XAUUSD,100,7349874591908713680,7349874591887981877,7349874591981867266,7349874591981867237,5,2026-05-15T17:41:12.000Z,2026-05-15T17:41:17.000Z,6,-9.5,-11.5,-17.5,0,0.5,4562.21,4562.11,,,BUY,USD,1,1,1583663
D#1671065,XAUUSD,100,7349874591908713716,7349874591887981891,7349874591981867443,7349874591981867422,6,2026-05-15T17:41:51.000Z,2026-05-15T17:41:57.000Z,54.5,-58.0,37.0,-17.5,0,0.5,4562.2,4561.33,,,SELL,USD,1,1,1583663
D#1671065,XAUUSD,100,7349874591908713810,7349874591887981897,7349874591981868197,7349874591981867509,162,2026-05-15T17:42:09.000Z,2026-05-15T17:44:51.000Z,25,-28.5,7.5,-17.5,0,0.5,4561.16,4560.88,,4560.44,SELL,USD,1,1,1583663
D#1671065,XAUUSD,100,7349874591908713841,7349874591887981968,7349874591981868358,7349874591981868297,15,2026-05-15T17:45:11.000Z,2026-05-15T17:45:26.000Z,15.5,-19.0,-2.0,-17.5,0,0.5,4561.36,4561.27,,,SELL,USD,1,1,1583663
D#1671065,XAUUSD,100,7349874591908714040,7349874591887981977,7349874591981869927,7349874591981868484,345,2026-05-15T17:45:58.000Z,2026-05-15T17:51:43.000Z,93.9,-97.4,76.4,-17.5,0,0.5,4561.83,4559.64,4561.81,4558.47,SELL,USD,1,1,1583663
D#1671065,XAUUSD,100,7349874591908714073,7349874591887982075,7349874591981870195,7349874591981869945,58,2026-05-15T17:51:48.000Z,2026-05-15T17:52:46.000Z,36.5,-40.0,19.0,-17.5,0,0.5,4559.83,4560.34,,4560.74,BUY,USD,1,1,1583663
D#1671065,XAUUSD,100,7349874591908714175,7349874591887982105,7349874591981871055,7349874591981870428,147,2026-05-15T17:53:44.000Z,2026-05-15T17:56:11.000Z,42.6,-44.0,35.6,-7,0,0.2,4559.85,4557.94,4559.72,4557.18,SELL,USD,1,1,1583663
D#1702639,XAUUSD,100,7349874591908714295,7349874591887980762,7349874591981871726,7349874591981854205,3649,2026-05-15T16:58:04.000Z,2026-05-15T17:58:53.000Z,194.74,-195.65,190.18,-4.56,0,0.13,4544.57,4559.33,4548.53,4572.36,BUY,USD,1,1,1583663
D#1702639,XAUUSD,100,7349874591908714591,7349874591887982199,7349874591981871990,7349874591981871905,408,2026-05-15T17:59:46.000Z,2026-05-15T18:06:34.000Z,-40.8,39.4,-47.8,-7,0,0.2,4559.89,4557.63,4557.78,4570.85,BUY,USD,1,1,1583663
D#1702461,XAUUSD,100,7349874591908714622,7349874591887981578,7349874591981862980,7349874591981862978,2451,2026-05-15T17:26:36.000Z,2026-05-15T18:07:27.000Z,-60.1,59.4,-63.6,-3.5,0,0.1,4563.46,4557.23,4557.38,4574.97,BUY,USD,1,1,1583663
D#1702342,XAUUSD,100,7349874591908715012,7349874591887982551,7349874591981876293,7349874591981876239,10,2026-05-15T18:15:15.000Z,2026-05-15T18:15:25.000Z,-93.81,90.10000000000001,-112.37,-18.56,0,0.53,4561.22,4563.21,,,SELL,USD,1,1,1583663
D#1702567,XAUUSD,100,7349874591908715121,7349874591887981710,7349874591981876848,7349874591981865150,2615,2026-05-15T17:33:45.000Z,2026-05-15T18:17:20.000Z,-0.9,0.48000000000000004,-3.0,-2.1,0,0.06,4560.4,4560.77,4573.63,,SELL,USD,1,1,1583663
D#1702351,XAUUSD,100,7349874591908715228,7349874591887982076,7349874591981869963,7349874591981869961,1595,2026-05-15T17:51:51.000Z,2026-05-15T18:18:26.000Z,-195.5,192.0,-213.0,-17.5,0,0.5,4559.72,4555.59,4556.04,4568.84,BUY,USD,1,1,1583663
D#1702407,XAUUSD,100,7349874591908715265,7349874591887982610,7349874591981877292,7349874591981876910,64,2026-05-15T18:17:34.000Z,2026-05-15T18:18:38.000Z,52.7,-53.400000000000006,49.2,-3.5,0,0.1,4560.3,4555.25,,,SELL,USD,1,1,1583663
D#1702407,XAUUSD,100,7349874591908715312,7349874591887982666,7349874591981877423,7349874591981877371,12,2026-05-15T18:18:52.000Z,2026-05-15T18:19:04.000Z,12.1,-12.799999999999999,8.6,-3.5,0,0.1,4555.04,4554.05,,,SELL,USD,1,1,1583663
D#1702407,XAUUSD,100,7349874591908715487,7349874591887982731,7349874591981878151,7349874591981877972,36,2026-05-15T18:20:39.000Z,2026-05-15T18:21:15.000Z,2,-2.7,-1.5,-3.5,0,0.1,4556.89,4556.91,,,SELL,USD,1,1,1583663
D#1702407,XAUUSD,100,7349874591908715518,7349874591887982756,7349874591981878359,7349874591981878226,26,2026-05-15T18:21:28.000Z,2026-05-15T18:21:54.000Z,9.7,-10.399999999999999,6.2,-3.5,0,0.1,4556.31,4555.56,,,SELL,USD,1,1,1583663
D#1702407,XAUUSD,100,7349874591908715620,7349874591887982777,7349874591981879012,7349874591981878480,118,2026-05-15T18:22:19.000Z,2026-05-15T18:24:17.000Z,-74.75,73.0,-83.51,-8.76,0,0.25,4556.63,4559.84,,,SELL,USD,1,1,1583663
D#1702528,XAUUSD,100,7349874591908715761,7349874591887980469,7349874591981880105,7349874591981850793,6090,2026-05-15T16:46:43.000Z,2026-05-15T18:28:13.000Z,-110.7,110.0,-114.2,-3.5,0,0.1,4546.09,4557.38,4569.38,4533.6,SELL,USD,1,1,1583663
D#1702528,XAUUSD,100,7349874591908716118,7349874591887982910,7349874591981881769,7349874591981880209,302,2026-05-15T18:28:37.000Z,2026-05-15T18:33:39.000Z,-33.7,33.0,-37.2,-3.5,0,0.1,4558.16,4554.57,4546.18,4572.19,BUY,USD,1,1,1583663
D#1702528,XAUUSD,100,7349874591908716151,7349874591887983046,7349874591981882086,7349874591981881853,47,2026-05-15T18:34:00.000Z,2026-05-15T18:34:47.000Z,2.2,-2.9000000000000004,-1.3,-3.5,0,0.1,4555.25,4555.25,4568.26,4543.05,SELL,USD,1,1,1583663
D#1702567,XAUUSD,100,7349874591908716188,7349874591887982630,7349874591981882314,7349874591981877110,1042,2026-05-15T18:18:13.000Z,2026-05-15T18:35:35.000Z,22.1,-22.8,18.6,-3.5,0,0.1,4557.78,4555.79,4573.63,,SELL,USD,1,1,1583663
D#1702407,XAUUSD,100,7349874591908716608,7349874591887982822,7349874591981879956,7349874591981879058,1427,2026-05-15T18:24:29.000Z,2026-05-15T18:48:16.000Z,22,-25.5,4.5,-17.5,0,0.5,4559.71,4559.49,4559.32,4550.82,SELL,USD,1,1,1583663
D#1702567,XAUUSD,100,7349874591908716652,7349874591887983102,7349874591981885763,7349874591981882694,731,2026-05-15T18:36:59.000Z,2026-05-15T18:49:10.000Z,-71.82,70.35,-79.18,-7.36,0,0.21,4556.55,4560.19,4568.46,,SELL,USD,1,1,1583663
D#1702640,XAUUSD,100,7349874591908716869,7349874591887983359,7349874591981886855,7349874591981886552,127,2026-05-15T18:52:53.000Z,2026-05-15T18:55:00.000Z,-75.6,72.44999999999999,-91.36,-15.76,0,0.45,4562.17,4560.27,4560.51,4564.39,BUY,USD,1,1,1583663
D#1702436,XAUUSD,100,7349874591908717154,7349874591887983089,7349874591981888826,7349874591981882477,1496,2026-05-15T18:36:10.000Z,2026-05-15T19:01:06.000Z,2.24,-2.31,1.88,-0.36,0,0.01,4555.88,4557.9,,,BUY,USD,1,1,1583663
D#1702640,XAUUSD,100,7349874591908717199,7349874591887983436,7349874591981889248,7349874591981887285,442,2026-05-15T18:55:21.000Z,2026-05-15T19:02:43.000Z,122,-125.5,104.5,-17.5,0,0.5,4560.85,4558.63,,,SELL,USD,1,1,1583663
D#1702640,XAUUSD,100,7349874591908717240,7349874591887983570,7349874591981889444,7349874591981889330,30,2026-05-15T19:03:00.000Z,2026-05-15T19:03:30.000Z,119.5,-123.0,102.0,-17.5,0,0.5,4558.26,4556.09,,4556.02,SELL,USD,1,1,1583663
D#1702640,XAUUSD,100,7349874591908717354,7349874591887983596,7349874591981889865,7349874591981889690,80,2026-05-15T19:04:18.000Z,2026-05-15T19:05:38.000Z,14.5,-18.0,-3.0,-17.5,0,0.5,4555.82,4555.75,4555.56,4553.76,SELL,USD,1,1,1583663
D#1702407,XAUUSD,100,7349874591908717413,7349874591887983398,7349874591981890577,7349874591981886900,815,2026-05-15T18:54:05.000Z,2026-05-15T19:07:40.000Z,425,-428.5,407.5,-17.5,0,0.5,4562.64,4554.36,4561.75,4553.75,SELL,USD,1,1,1583663
D#1702640,XAUUSD,100,7349874591908717462,7349874591887983630,7349874591981890154,7349874591981890104,187,2026-05-15T19:05:47.000Z,2026-05-15T19:08:54.000Z,129.5,-133.0,112.0,-17.5,0,0.5,4555.22,4552.85,4554.87,4553.13,SELL,USD,1,1,1583663
D#1702640,XAUUSD,100,7349874591908717553,7349874591887983697,7349874591981891011,7349874591981890957,84,2026-05-15T19:09:06.000Z,2026-05-15T19:10:30.000Z,97,-100.5,79.5,-17.5,0,0.5,4552.72,4551,4552.59,4550.77,SELL,USD,1,1,1583663
D#1702640,XAUUSD,100,7349874591908717610,7349874591887983740,7349874591981891569,7349874591981891505,16,2026-05-15T19:11:10.000Z,2026-05-15T19:11:26.000Z,108,-111.5,90.5,-17.5,0,0.5,4551.68,4549.74,,4549.72,SELL,USD,1,1,1583663
D#1702640,XAUUSD,100,7349874591908717648,7349874591887983768,7349874591981891830,7349874591981891718,25,2026-05-15T19:11:55.000Z,2026-05-15T19:12:20.000Z,-54.5,51.0,-72.0,-17.5,0,0.5,4551.31,4550,,,BUY,USD,1,1,1583663
D#1702640,XAUUSD,100,7349874591908717682,7349874591887983783,7349874591981892034,7349874591981891877,37,2026-05-15T19:12:28.000Z,2026-05-15T19:13:05.000Z,-68,64.5,-85.5,-17.5,0,0.5,4550,4551.58,,,SELL,USD,1,1,1583663
D#1702640,XAUUSD,100,7349874591908717736,7349874591887983798,7349874591981892440,7349874591981892053,91,2026-05-15T19:13:10.000Z,2026-05-15T19:14:41.000Z,-64,60.5,-81.5,-17.5,0,0.5,4551.88,4550.38,4549.87,4554.05,BUY,USD,1,1,1583663
D#1702640,XAUUSD,100,7349874591908717817,7349874591887983825,7349874591981892974,7349874591981892461,112,2026-05-15T19:14:44.000Z,2026-05-15T19:16:36.000Z,-22,18.5,-39.5,-17.5,0,0.5,4550.22,4550.88,4551.74,4548.06,SELL,USD,1,1,1583663
D#1702640,XAUUSD,100,7349874591908717827,7349874591887983870,7349874591981893104,7349874591981892988,30,2026-05-15T19:16:40.000Z,2026-05-15T19:17:10.000Z,-49,45.5,-66.5,-17.5,0,0.5,4550.83,4549.63,,4553.22,BUY,USD,1,1,1583663
D#1702640,XAUUSD,100,7349874591908717894,7349874591887983877,7349874591981893258,7349874591981893117,89,2026-05-15T19:17:13.000Z,2026-05-15T19:18:42.000Z,-61,57.5,-78.5,-17.5,0,0.5,4549.76,4551.2,4550.96,4547.33,SELL,USD,1,1,1583663
D#1702640,XAUUSD,100,7349874591908718034,7349874591887983916,7349874591981894033,7349874591981893550,192,2026-05-15T19:18:54.000Z,2026-05-15T19:22:06.000Z,-26.46,22.68,-45.36,-18.9,0,0.54,4551.88,4551.17,4551.32,4554.02,BUY,USD,1,1,1583663
D#1702640,XAUUSD,100,7349874591908718077,7349874591887983996,7349874591981894707,7349874591981894557,38,2026-05-15T19:22:54.000Z,2026-05-15T19:23:32.000Z,-9.01,5.3,-27.57,-18.56,0,0.53,4551.95,4551.56,,,BUY,USD,1,1,1583663
D#1702640,XAUUSD,100,7349874591908718125,7349874591887984007,7349874591981895024,7349874591981894715,80,2026-05-15T19:23:35.000Z,2026-05-15T19:24:55.000Z,57.77,-61.480000000000004,39.21,-18.56,0,0.53,4551.6,4550.73,4550.65,4549.63,SELL,USD,1,1,1583663
D#1702507,XAUUSD,100,7349874591908718199,7349874591887983985,7349874591981894403,7349874591981894402,285,2026-05-15T19:22:13.000Z,2026-05-15T19:26:58.000Z,-41.76,40.64,-47.36,-5.6,0,0.16,4551.46,4548.63,4548.8,4558.74,BUY,USD,1,1,1583663
D#1702640,XAUUSD,100,7349874591908718223,7349874591887984032,7349874591981895705,7349874591981895058,162,2026-05-15T19:24:58.000Z,2026-05-15T19:27:40.000Z,49.82,-53.53,31.26,-18.56,0,0.53,4550.19,4549.47,4550.14,4548.14,SELL,USD,1,1,1583663
D#1702640,XAUUSD,100,7349874591908718230,7349874591887984071,7349874591981895814,7349874591981895786,8,2026-05-15T19:28:03.000Z,2026-05-15T19:28:11.000Z,14.31,-18.02,-4.25,-18.56,0,0.53,4548.84,4548.89,,,BUY,USD,1,1,1583663
D#1702640,XAUUSD,100,7349874591908718277,7349874591887984075,7349874591981896023,7349874591981895847,104,2026-05-15T19:28:17.000Z,2026-05-15T19:30:01.000Z,-79.5,75.79,-98.06,-18.56,0,0.53,4548.98,4550.7,4550.47,4546.96,SELL,USD,1,1,1583663
D#1702640,XAUUSD,100,7349874591908718416,7349874591887984142,7349874591981896962,7349874591981896818,40,2026-05-15T19:32:19.000Z,2026-05-15T19:32:59.000Z,-26.5,22.79,-45.06,-18.56,0,0.53,4551.77,4551.05,,4553.64,BUY,USD,1,1,1583663
D#1702640,XAUUSD,100,7349874591908718446,7349874591887984153,7349874591981897207,7349874591981897052,38,2026-05-15T19:33:22.000Z,2026-05-15T19:34:00.000Z,-63,59.5,-80.5,-17.5,0,0.5,4552.16,4550.68,,4554.83,BUY,USD,1,1,1583663
D#1702640,XAUUSD,100,7349874591908718452,7349874591887984167,7349874591981897258,7349874591981897233,6,2026-05-15T19:34:05.000Z,2026-05-15T19:34:11.000Z,-22.5,19.0,-40.0,-17.5,0,0.5,4550.34,4551.01,,,SELL,USD,1,1,1583663
D#1702639,XAUUSD,100,7349874591908718691,7349874591887984187,7349874591981899667,7349874591981897633,521,2026-05-15T19:35:57.000Z,2026-05-15T19:44:38.000Z,63.75,-67.32,45.89,-17.86,0,0.51,4551.72,4552.75,,4566.86,BUY,USD,1,1,1583663
D#1702436,XAUUSD,100,7349874591908718707,7349874591887983536,7349874591981899824,7349874591981888837,2645,2026-05-15T19:01:09.000Z,2026-05-15T19:45:14.000Z,4.4,-4.470000000000001,4.04,-0.36,0,0.01,4557.97,4553.79,4567.14,4528.93,SELL,USD,1,1,1583663
D#1702461,XAUUSD,100,7349874591908719227,7349874591887982365,7349874591981875019,7349874591981874073,6478,2026-05-15T18:08:10.000Z,2026-05-15T19:56:08.000Z,112.9,-113.60000000000001,109.4,-3.5,0,0.1,4558.05,4546.98,4557.46,4546.85,SELL,USD,1,1,1583663
D#1702639,XAUUSD,100,7349874591908719242,7349874591887984275,7349874591981902718,7349874591981899684,720,2026-05-15T19:44:41.000Z,2026-05-15T19:56:41.000Z,-328.95,325.38,-346.81,-17.86,0,0.51,4552.91,4546.24,,4565.82,BUY,USD,1,1,1583663
D#1702461,XAUUSD,100,7349874591908719550,7349874591887984524,7349874591981903462,7349874591981903460,168,2026-05-15T19:59:35.000Z,2026-05-15T20:02:23.000Z,-34.4,33.699999999999996,-37.9,-3.5,0,0.1,4546.22,4542.56,4542.69,4555.01,BUY,USD,1,1,1583663
D#1702716,XAUUSD,100,7349874591908719551,7349874591887981160,7349874591981858541,7349874591981858538,10253,2026-05-15T17:11:31.000Z,2026-05-15T20:02:24.000Z,-15.23,15.16,-15.59,-0.36,0,0.01,4557.58,4542.13,4542.62,4577.95,BUY,USD,1,1,1583663
D#1702525,XAUUSD,100,7349874591908719643,7349874591887981680,7349874591981864885,7349874591981864632,9144,2026-05-15T17:31:50.000Z,2026-05-15T20:04:14.000Z,102.25,-102.6,100.49,-1.76,0,0.05,4561.05,4540.82,4567.28,4540.91,SELL,USD,1,1,1583663
D#1702528,XAUUSD,100,7349874591908719641,7349874591887983075,7349874591981882355,7349874591981882233,5335,2026-05-15T18:35:19.000Z,2026-05-15T20:04:14.000Z,-154.3,153.60000000000002,-157.8,-3.5,0,0.1,4556.3,4540.65,4541.12,4571.04,BUY,USD,1,1,1583663
D#1671056,XAUUSD,100,7349874591908719784,7349874591887954793,7349874591981905326,7349874591981614899,49533,2026-05-15T06:21:11.000Z,2026-05-15T20:06:44.000Z,-78.4,78.26,-79.1,-0.7,0,0.02,4576.53,4537.11,4509.82,4809.62,BUY,USD,1,1,1583663
D#1702350,XAUUSD,100,7349874591908720099,7349874591887964292,7349874591981907517,7349874591981720175,30851,2026-05-15T11:41:46.000Z,2026-05-15T20:15:57.000Z,166.7,-167.39999999999998,163.2,-3.5,0,0.1,4552.85,4536.4,,4512.75,SELL,USD,1,1,1583663
D#1702461,XAUUSD,100,7349874591908720604,7349874591887984828,7349874591981911993,7349874591981907789,1301,2026-05-15T20:17:10.000Z,2026-05-15T20:38:51.000Z,43.3,-44.0,39.8,-3.5,0,0.1,4536.66,4540.77,4533.09,4546.37,BUY,USD,1,1,1583663
D#1702482,XAUUSD,100,7349874591908720687,7349874591887974321,7349874591981912628,7349874591981759275,22924,2026-05-15T14:20:54.000Z,2026-05-15T20:42:58.000Z,218.5,-219.2,215.0,-3.5,0,0.1,4561.98,4540.35,,,SELL,USD,1,1,1583663
