tree
version=v4
num_class=1
num_tree_per_iteration=1
label_index=0
max_feature_idx=21
objective=regression
feature_names=post_loss_entry post_loss_reentry_gap_minutes post_loss_amount_ratio past_trade_open_count elapsed_active_hours past_trades_opened_per_active_hour trades_opened_past_30_minutes minutes_since_previous_trade_open past_median_trade_open_gap_minutes trade_open_gap_to_past_median_ratio minutes_since_previous_idea_start past_median_idea_start_gap_minutes idea_start_gap_to_past_median_ratio realized_distance_to_drawdown_limit historical_median_amount_before_trade current_to_historical_median_amount_ratio past_amount_cv past_completed_idea_count past_idea_win_rate past_mean_win_profit_per_lot past_mean_loss_abs_profit_per_lot past_payoff_ratio
feature_infos=[0:1] [0:939.13333333333333] [0.019230769230769232:53] [0:99] [0:28.647222222222222] [0.043413245863682413:514.28571428571433] [0:48] [0.050000000000000003:1382.0666666666666] [0.11666666666666667:1382.0666666666666] [0.00036745192503980726:2840.833333333333] [0.11666666666666667:1382.0666666666666] [0.13333333333333333:1382.0666666666666] [0.00067947371672123042:1797.1875] [-304.04000000000002:641] [0.01:0.56000000000000005] [0.019230769230769232:53] [0:2.2980970388562794] [1:123] [0:1] [1:9996] [1.0285714285714287:20608] [0.0018066847335140017:1055.2499999999998]
tree_sizes=1439 1444 1431 1453 1450 1454 1467 1467 1463 1433 1462 1465 1469 1469 1466 1433 1469 1470 1442 1481 1443 1464 1444 1468 1452 1454 1444 1445 1455 1450 1450 1437 1450 1435 1445 1441 1430 1430 1426 1461 1468 1450 1460 1449 1453 1460 1446 1434 1441 1457 1440 1465 1459 1437 1453 1474 1475 1429 1448 1447 1449 1444 1457 1469 1458 1419 1437 1450 1444 1433 1445 1413 1452 1439 1434 1453 1437 1440 1462 1442 1442 1444 1464 1420 1446 1459 1473 1457 1468 1432 1456 1477 1457 1447 1431 1451 1434 1460 1435 1457 1431 1460 1433 1444 1450 1475 1442 1462 1441 1445 1467 1451 1443 1452 1469 1433 1450 1431 1453 1425 1437 1472 1449 1420 1435 1473 1432 1461 1477 1460 1438 1452 1474 1459 1441 1461 1452 1455 1454 1449 1459 1456 1441 1454 1442 1465 1440 1434 1452 1449 1445 1458 1455 1445 1440 1467 1425 1446 1422 1447 1438 1421 1430 1446 1458 1446 1463 1454 1446 1451 1444 1426 1462 1463 1423 1449 1443 1431 1430 1442 1441 1438 1446 1460 1465 1441 1426 1444 1452 1433 1459 1441 1466 1458 1447 1463 1462 1449 1439 1440

Tree=0
num_leaves=15
num_cat=0
split_feature=17 7 4 7 1 9 18 21 21 11 9 12 19 13
split_gain=2.34014e+07 1.35425e+07 3.50505e+07 2.17918e+07 2.12842e+07 3.15569e+07 1.39828e+07 1.4868e+07 1.42229e+07 1.88517e+07 1.56958e+07 5.70389e+07 1.36201e+07 1.34773e+07
threshold=1.0000000180025095e-35 140.80833333333337 8.5775000000000023 361.33333333333343 136.14166666666668 3.700602409638555 0.36867654573326525 0.94996752262488171 1.7961810327663232 16.358333333333338 3.0688064708110159 2.4478203871745268 458.34118796992482 222.62000000000003
decision_type=10 10 2 10 8 10 10 10 10 10 8 10 8 2
left_child=-1 -2 3 6 5 -4 7 12 10 -10 11 -8 -3 -9
right_child=1 2 4 -5 -6 -7 8 13 9 -11 -12 -13 -14 -15
leaf_value=1.9980349095628469 -7.2156474385992784 -15.193165933650489 -3.9179028474486373 -15.806594212991465 -10.424911933008483 -92.739153624693202 3.3377377975173914 -45.197518492612744 38.907987488914642 -5.3045695239169568 2.0989165574841593 94.496187429182811 17.423056209461134 -2.7728568468355306
leaf_weight=764 22655 57 20 149 500 20 78 39 73 36 643 22 73 36
leaf_count=764 22655 57 20 149 500 20 78 39 73 36 643 22 73 36
internal_value=-6.61885 -6.88864 -2.64562 2.09481 -13.2326 -48.3285 4.61829 -7.10563 7.43918 24.3057 4.96482 23.3926 3.1221 -24.8337
internal_weight=25165 24401 1746 1206 540 40 1057 205 852 109 743 100 130 75
internal_count=25165 24401 1746 1206 540 40 1057 205 852 109 743 100 130 75
is_linear=0
shrinkage=1


Tree=1
num_leaves=15
num_cat=0
split_feature=17 7 4 18 1 9 4 9 9 19 21 14 10 21
split_gain=2.11198e+07 1.22221e+07 3.16331e+07 1.97776e+07 1.9209e+07 2.84801e+07 1.45731e+07 1.38656e+07 3.49864e+07 1.43976e+07 2.32634e+07 1.41016e+07 1.8655e+07 1.71114e+07
threshold=1.0000000180025095e-35 140.80833333333337 8.5775000000000023 0.30116279069767443 136.14166666666668 3.700602409638555 7.2080555555555561 3.0688064708110159 2.4634403876067483 1942.1138528138529 1.7961810327663232 0.057500000000000016 317.34166666666675 0.57586615986403633
decision_type=10 10 2 10 8 10 2 8 10 10 10 10 8 8
left_child=-1 -2 3 6 5 -4 -3 8 -5 10 11 12 -9 -14
right_child=1 2 4 7 -6 -7 -8 9 -10 -11 -12 -13 13 -15
leaf_value=8.1860359365793425 -0.56696184977135944 -3.0628634082936799 2.5658951520919802 10.424023828924318 -3.6157634624570605 -81.814291191101077 -49.561593799591066 22.701716198033587 69.3667334135841 -20.990146977752449 33.0734666329936 1.4264946716563438 26.147104037509248 -17.190780303098155
leaf_weight=764 22655 107 20 97 500 20 20 231 34 40 95 479 34 69
leaf_count=764 22655 107 20 97 500 20 20 231 34 40 95 479 34 69
internal_value=2.46617e-08 -0.256306 3.77456 8.27798 -6.28305 -39.6242 -10.3855 10.4747 25.7221 8.36772 9.66102 6.92525 14.8112 -2.88507
internal_weight=25165 24401 1746 1206 540 40 127 1079 131 948 908 813 334 103
internal_count=25165 24401 1746 1206 540 40 127 1079 131 948 908 813 334 103
is_linear=0
shrinkage=0.05


Tree=2
num_leaves=15
num_cat=0
split_feature=17 7 4 18 1 20 5 4 19 9 9 4 21 19
split_gain=1.91624e+07 1.10042e+07 2.85823e+07 1.78641e+07 1.73137e+07 2.61134e+07 1.39791e+07 2.29973e+07 1.81883e+07 1.33127e+07 3.1086e+07 1.45972e+07 1.69516e+07 1.29487e+07
threshold=87.500000000000014 140.80833333333337 8.5775000000000023 0.30116279069767443 136.14166666666668 809.6366541353384 0.70684262948141352 6.6654166666666681 461.04166666666669 3.0688064708110159 2.5640819948635678 6.2136111111111116 0.98682559709508944 1942.1138528138529
decision_type=8 10 2 10 8 10 10 2 8 8 10 2 10 10
left_child=1 -1 3 6 5 -4 7 8 -3 10 11 -5 -13 -11
right_child=-2 2 4 9 -6 -7 -8 -9 -10 13 -12 12 -14 -15
leaf_value=-0.55259721504968251 7.3974908182798202 -45.146538058194253 -78.042102851867682 -5.0830820516303739 -3.4545887654203038 2.7561254262924195 20.628248089757463 -66.723127722740173 8.5081588728087283 9.130067786996344 75.072644088745122 7.1102463031637262 65.313814943486989 -19.940640270709991
leaf_weight=22579 846 22 20 54 499 20 29 20 56 904 25 29 22 40
leaf_count=22579 846 22 20 54 499 20 29 20 56 904 25 29 22 40
internal_value=5.89129e-08 -0.257341 3.57403 7.86709 -5.99176 -37.643 -9.86622 -18.8901 -6.62522 9.96405 24.9649 13.0344 32.2177 7.89826
internal_weight=25165 24319 1740 1201 539 40 127 98 78 1074 130 105 51 944
internal_count=25165 24319 1740 1201 539 40 127 98 78 1074 130 105 51 944
is_linear=0
shrinkage=0.05


Tree=3
num_leaves=15
num_cat=0
split_feature=17 7 7 7 18 4 20 5 16 5 4 5 18 21
split_gain=1.74403e+07 1.67596e+07 1.06645e+07 2.66341e+07 1.63771e+07 1.61033e+07 1.93135e+07 1.29203e+07 1.23254e+07 1.22471e+07 1.06949e+07 1.17154e+07 1.55125e+07 1.59947e+07
threshold=67.500000000000014 25.175000000000004 140.80833333333337 336.90000000000003 0.34833164812942369 8.5775000000000023 941.68914565826333 0.37935870851521086 1.5640046577060738e-16 0.49882395900139448 2.4929166666666673 0.27105117053597533 0.35758377425044097 0.94996752262488171
decision_type=8 8 10 10 10 2 10 10 10 10 2 10 10 10
left_child=2 -2 -1 5 7 10 8 -5 -7 -8 -4 -12 13 -13
right_child=1 -3 3 4 -6 6 9 -9 -10 -11 11 12 -14 -15
leaf_value=-0.57785011665938824 -0.97183987692029339 11.341003096841806 41.90616572820224 -14.470946490596717 -1.8611620307555929 -30.984845688939096 3.8927302112579349 -57.590862522954524 -2.7160623343949464 49.393827333904454 21.194864227730417 4.4739043087429478 10.092071554142697 -30.573941058271075
leaf_weight=22314 483 646 26 71 406 64 50 23 97 21 173 90 650 51
leaf_count=22314 483 646 26 71 406 64 50 23 97 21 173 90 650 51
internal_value=1.79578e-08 6.07342 -0.285276 3.50596 -6.21532 7.48357 -4.3732 -25.0216 -13.9533 17.3508 10.2621 9.40865 6.83088 -8.20298
internal_weight=25165 1129 24036 1722 500 1222 232 94 161 71 990 964 791 141
internal_count=25165 1129 24036 1722 500 1222 232 94 161 71 990 964 791 141
is_linear=0
shrinkage=0.05


Tree=4
num_leaves=15
num_cat=0
split_feature=17 7 7 7 18 4 20 19 15 3 16 4 5 14
split_gain=1.57399e+07 1.51255e+07 9.62467e+06 2.40373e+07 1.47803e+07 1.45333e+07 1.74304e+07 1.1975e+07 1.19158e+07 1.1569e+07 1.11236e+07 9.65212e+06 1.05731e+07 1.54933e+07
threshold=67.500000000000014 25.175000000000004 140.80833333333337 336.90000000000003 0.34833164812942369 8.5775000000000023 941.68914565826333 1207.1766917293237 1.1961538461538463 3.5000000000000004 1.5640046577060738e-16 2.4929166666666673 0.27105117053597533 0.10750000000000003
decision_type=8 8 10 10 10 2 10 8 10 2 10 2 10 10
left_child=2 -2 -1 5 7 11 10 9 -8 -5 -7 -4 13 -13
right_child=1 -3 3 4 -6 6 8 -9 -10 -11 -12 12 -14 -15
leaf_value=-0.54895711502836109 -0.92324790813291058 10.773952860995298 39.810857317997858 -21.660412724812829 -1.7681035826615805 -29.435603350400925 34.515687522888186 -0.59997738225119457 -6.7843851166386759 -68.433517456054688 -2.5802591579476584 27.263384208949748 6.4893366519479478 -11.273790311813356
leaf_weight=22314 483 646 26 39 406 64 40 35 31 20 97 141 791 32
leaf_count=22314 483 646 26 39 406 64 40 35 31 20 97 141 791 32
internal_value=4.49454e-07 5.76975 -0.271012 3.33066 -5.90455 7.10939 -4.15454 -23.7705 16.4833 -37.5157 -13.2557 9.74901 8.93822 20.1351
internal_weight=25165 1129 24036 1722 500 1222 232 94 71 59 161 990 964 173
internal_count=25165 1129 24036 1722 500 1222 232 94 71 59 161 990 964 173
is_linear=0
shrinkage=0.05


Tree=5
num_leaves=15
num_cat=0
split_feature=17 13 19 21 19 14 9 5 4 14 15 21 1 12
split_gain=1.44025e+07 1.4734e+07 1.93039e+07 1.22449e+07 1.44046e+07 1.13743e+07 2.069e+07 9.71692e+06 1.99566e+07 2.04829e+07 1.34277e+07 1.38496e+07 2.09906e+07 2.06544e+07
threshold=1.5000000000000002 331.99500000000006 1578.7700595238098 8.5188538532219464 3462.4317460317466 0.022500000000000003 0.042641477318118272 0.27105117053597533 5.4829166666666671 0.057500000000000016 0.6528688524590166 0.8095602196556374 111.55833333333335 1.5595867527807894
decision_type=10 2 10 8 10 8 10 8 2 10 10 10 10 10
left_child=1 2 -1 7 5 6 -5 8 9 -2 -10 12 -12 -13
right_child=3 -3 -4 4 -6 -7 -8 -9 10 -11 11 13 -14 -15
leaf_value=5.2898151363239956 45.692979935119894 -15.388710646909827 51.483546099455467 -57.006689738375805 -43.448478666941327 -3.2525451000518055 1.429162967566288 -0.19476896476507666 -34.330481040954588 6.1246817194620773 3.9299569113034729 3.622529243696027 -32.730095693027536 40.331833992958074
leaf_weight=1355 58 85 23 28 24 1181 33 21869 25 75 141 164 54 50
leaf_count=1355 58 85 23 28 24 1181 33 21869 25 75 141 164 54 50
internal_value=4.6911e-08 4.81461 6.06083 -0.297181 -5.08139 -4.34 -25.3939 -0.0272212 6.43504 23.38 1.24222 3.41659 -6.22206 12.1995
internal_weight=25165 1463 1378 23702 1266 1242 61 22436 567 133 434 409 195 214
internal_count=25165 1463 1378 23702 1266 1242 61 22436 567 133 434 409 195 214
is_linear=0
shrinkage=0.05


Tree=6
num_leaves=15
num_cat=0
split_feature=17 7 20 14 7 18 11 11 20 7 19 21 19 5
split_gain=1.34581e+07 1.32638e+07 9.26964e+06 1.62545e+07 1.75953e+07 2.41506e+07 1.72098e+07 2.03345e+07 1.53238e+07 1.46481e+07 1.58517e+07 1.23037e+07 1.46853e+07 1.12828e+07
threshold=67.500000000000014 25.175000000000004 517.95263475797753 0.062500000000000014 336.90000000000003 0.46609195402298859 227.00000000000003 179.31250000000003 465.82337725999497 159.85833333333338 1207.1766917293237 0.98682559709508944 386.45219834087487 1.5361456495810912
decision_type=8 8 10 10 10 10 10 10 8 10 8 10 10 10
left_child=2 -2 3 4 6 -6 7 9 -8 -1 11 12 -11 -4
right_child=1 -3 13 -5 5 -7 8 -9 -10 10 -12 -13 -14 -15
leaf_value=-4.9078686274810508 -0.93240161381399655 10.021291023889562 1.8036039741371426 0.031769078545864589 -71.195180130004886 -9.4787235077689669 46.912709593003797 -47.734520693178531 -2.0432657044945342 13.076009454727174 50.237252625175145 18.826214711419468 -47.515484256744386 -0.87733125869193285
leaf_weight=2655 483 646 7860 5397 23 51 31 27 33 20 23 58 20 7838
leaf_count=2655 483 646 7860 5397 23 51 31 27 33 20 23 58 20 7838
internal_value=-2.67827e-07 5.33517 -0.2506 -1.59789 -4.58846 -28.6609 -3.96713 -4.55249 21.6698 -4.13249 12.8809 4.11358 -17.2197 0.465015
internal_weight=25165 1129 24036 8338 2941 74 2867 2803 64 2776 121 98 40 15698
internal_count=25165 1129 24036 8338 2941 74 2867 2803 64 2776 121 98 40 15698
is_linear=0
shrinkage=0.05


Tree=7
num_leaves=15
num_cat=0
split_feature=17 13 19 21 19 16 10 5 4 14 15 21 12 1
split_gain=1.22194e+07 1.31278e+07 1.7316e+07 1.07969e+07 1.16701e+07 1.02504e+07 1.59265e+07 9.06585e+06 1.91807e+07 1.69916e+07 1.2134e+07 1.27191e+07 1.66577e+07 1.62409e+07
threshold=1.5000000000000002 331.99500000000006 1578.7700595238098 6.7234474688365173 3462.4317460317466 0.60003607676222548 156.90833333333336 0.27105117053597533 5.4829166666666671 0.057500000000000016 0.6528688524590166 0.77886858571460627 1.5595867527807894 111.55833333333335
decision_type=10 2 10 8 10 8 10 8 2 10 10 10 10 10
left_child=1 2 -1 7 5 -5 -7 8 9 -2 -10 13 -13 -12
right_child=3 -3 -4 4 -6 6 -8 -9 10 -11 11 12 -14 -15
leaf_value=4.8808099068572055 43.213300422142296 -14.635611615531586 48.631484786323881 -0.52318240868204124 -37.788499540549061 -7.4251432316052295 -46.230190600667683 -0.17338584206665608 -32.637727264404298 6.9600273093132117 2.6737476671443265 3.8495357370376588 36.430502025753846 -30.412023226420089
leaf_weight=1355 58 85 23 822 26 475 28 21787 25 73 136 170 51 51
leaf_count=1355 58 85 23 822 26 475 28 21787 25 73 136 170 51 51
internal_value=-1.84428e-07 4.43472 5.61105 -0.273732 -4.61432 -3.96335 -9.58527 -0.0113666 6.24735 23.0111 1.17564 3.24753 11.3682 -6.34964
internal_weight=25165 1463 1378 23702 1351 1325 503 22351 564 131 433 408 221 187
internal_count=25165 1463 1378 23702 1351 1325 503 22351 564 131 433 408 221 187
is_linear=0
shrinkage=0.05


Tree=8
num_leaves=15
num_cat=0
split_feature=17 7 20 14 7 18 11 19 11 18 7 7 19 14
split_gain=1.15104e+07 1.16325e+07 8.29617e+06 1.21746e+07 1.53854e+07 2.16676e+07 1.43608e+07 1.92228e+07 1.79682e+07 1.38572e+07 1.24629e+07 1.48006e+07 1.35704e+07 1.19594e+07
threshold=67.500000000000014 25.175000000000004 533.52523491272302 0.062500000000000014 336.90000000000003 0.46609195402298859 227.00000000000003 588.03413468997826 179.31250000000003 0.53717523493642905 182.37500000000003 244.03333333333336 544.73434343434349 0.047500000000000007
decision_type=8 8 10 10 10 10 10 8 10 10 10 10 10 10
left_child=2 -2 3 4 6 -6 8 9 10 -8 13 -12 -13 -1
right_child=1 -3 -4 -5 5 -7 7 -9 -10 -11 11 12 -14 -15
leaf_value=-1.9563647909301149 -0.93548793423126453 9.3225184737159736 0.47351290320311401 -0.083601647583249381 -65.465246709187838 -8.2018251434811997 30.914042257744331 60.39453651666642 -43.811428942850661 -21.899736091825698 34.167932283117416 -31.635009320576984 23.402237083798365 -8.964865330093474
leaf_weight=1940 483 646 15247 5695 24 53 23 20 28 27 47 24 21 887
leaf_count=1940 483 646 15247 5695 24 53 23 20 28 27 47 24 21 887
internal_value=2.41554e-08 4.93402 -0.231757 -1.45525 -3.97998 -26.0502 -3.4167 18.966 -3.94836 2.3946 -3.56598 14.5446 -5.95096 -4.15535
internal_weight=25165 1129 24036 8789 3094 77 3017 70 2947 50 2919 92 45 2827
internal_count=25165 1129 24036 8789 3094 77 3017 70 2947 50 2919 92 45 2827
is_linear=0
shrinkage=0.05


Tree=9
num_leaves=15
num_cat=0
split_feature=17 7 7 4 1 9 18 10 19 13 4 19 5 4
split_gain=1.03881e+07 1.04983e+07 7.61756e+06 1.95205e+07 1.60112e+07 2.40244e+07 1.44776e+07 1.18626e+07 3.56046e+07 3.13413e+07 1.53825e+07 1.34683e+07 1.14712e+07 1.7803e+07
threshold=67.500000000000014 25.175000000000004 140.80833333333337 8.5775000000000023 136.14166666666668 3.700602409638555 0.29478609625668456 152.13333333333335 723.47866300366309 305.04000000000002 3.8304166666666672 1942.1138528138529 0.70684262948141352 6.4723611111111117
decision_type=8 8 10 2 8 10 10 8 10 2 2 10 10 2
left_child=2 -2 -1 6 5 -5 12 8 10 -10 -8 -9 13 -4
right_child=1 -3 3 4 -6 -7 7 11 9 -11 -12 -13 -14 -15
leaf_value=-0.46744084746040193 -0.88871368479531254 8.8563931179212716 -6.8107556116413068 3.3841720438003544 -2.4806863731554443 -74.114853563308714 20.270948970679083 7.9058500163039644 21.054789953965411 104.3088988685608 -32.33784201145172 -21.728060047626499 18.563373131222196 -60.21717641115189
leaf_weight=22314 483 646 71 20 496 20 33 925 26 20 24 40 27 20
leaf_count=22314 483 646 71 20 496 20 33 925 26 20 24 40 27 20
internal_value=1.93807e-08 4.68732 -0.220169 2.98403 -4.93477 -35.3653 6.56284 8.39909 24.5285 57.2522 -1.88012 6.6775 -10.0567 -18.5484
internal_weight=25165 1129 24036 1722 536 40 1186 1068 103 46 57 965 118 91
internal_count=25165 1129 24036 1722 536 40 1186 1068 103 46 57 965 118 91
is_linear=0
shrinkage=0.05


Tree=10
num_leaves=15
num_cat=0
split_feature=17 14 13 13 10 21 19 10 9 14 19 7 7 16
split_gain=9.64152e+06 1.14643e+07 1.88737e+07 1.40427e+07 1.27739e+07 9.60322e+06 1.23745e+07 1.98794e+07 2.02296e+07 9.89202e+06 9.99742e+06 9.21477e+06 8.63311e+06 8.55155e+06
threshold=1.5000000000000002 0.092500000000000013 254.18000000000004 306.61500000000007 40.241666666666674 8.5188538532219464 559.92444444444448 35.558333333333344 0.16939973584384074 0.022500000000000003 403.48129274495352 23.141666666666669 4.9750000000000005 0.45552872344590872
decision_type=10 10 2 2 8 8 10 10 10 10 8 10 8 10
left_child=1 2 4 -4 11 -2 9 12 -9 10 -7 -1 -8 -11
right_child=5 -3 3 -5 -6 6 7 8 -10 13 -12 -13 -14 -15
leaf_value=-3.9599188819716247 -0.0040770692874262876 -2.8760217309307121 67.156244286623874 9.9940441721961619 7.3009094325974679 13.416206415076005 6.6683367063376044 -64.800599775643192 -17.205348718289248 4.9842693909827407 -14.677743654878515 -41.952724771499639 -11.267334350874258 -9.8507120273510616
leaf_weight=79 22436 434 22 21 887 38 110 29 97 510 190 20 172 120
leaf_count=79 22436 434 22 21 887 38 110 29 97 510 190 20 172 120
internal_value=5.14276e-09 3.93926 6.81373 39.2398 5.39961 -0.24315 -4.47999 -11.6485 -28.1598 -1.07117 -9.99542 -11.6352 -4.27115 2.15856
internal_weight=25165 1463 1029 43 986 23702 1266 408 126 858 228 99 282 630
internal_count=25165 1463 1029 43 986 23702 1266 408 126 858 228 99 282 630
is_linear=0
shrinkage=0.05


Tree=11
num_leaves=15
num_cat=0
split_feature=17 13 19 16 21 19 14 9 11 8 7 5 14 14
split_gain=8.70147e+06 1.10883e+07 1.5002e+07 9.07294e+06 8.66691e+06 1.15369e+07 9.88032e+06 1.79984e+07 8.40081e+06 1.17514e+07 7.90364e+06 9.47252e+06 9.18314e+06 8.60431e+06
threshold=1.5000000000000002 331.99500000000006 1578.7700595238098 0.70728050765660533 8.5188538532219464 3462.4317460317466 0.022500000000000003 0.042641477318118272 380.73333333333341 78.404166666666683 5.5750000000000002 8.2657911443088334 0.017500000000000005 0.027500000000000007
decision_type=10 2 10 10 8 10 8 10 10 10 8 10 8 10
left_child=1 2 3 10 8 6 7 -6 -2 -10 13 12 -12 -1
right_child=4 -3 -4 -5 5 -7 -8 -9 9 -11 11 -13 -14 -15
leaf_value=-19.759793307964621 -0.078869321510643742 -13.784247201996692 44.866307399583903 28.230302614993175 -52.69996812003 -38.592287453015643 -2.5789590451945248 1.8025347767454207 42.655731113140405 5.2129060555387428 26.757140641212466 32.337061983346942 3.6340873668008076 0.76619644610821702
leaf_weight=65 22302 85 23 38 28 24 1181 33 26 108 45 32 937 238
leaf_count=65 22302 85 23 38 28 24 1181 33 26 108 45 32 937 238
internal_value=-3.23785e-08 3.7423 4.8234 4.1437 -0.230992 -4.25599 -3.59248 -23.215 -0.00387327 12.4779 3.44872 5.56607 4.6937 -3.63707
internal_weight=25165 1463 1378 1355 23702 1266 1242 61 22436 134 1317 1014 982 303
internal_count=25165 1463 1378 1355 23702 1266 1242 61 22436 134 1317 1014 982 303
is_linear=0
shrinkage=0.05


Tree=12
num_leaves=15
num_cat=0
split_feature=17 7 20 14 7 18 11 19 11 18 7 7 19 14
split_gain=8.32044e+06 8.60262e+06 7.30438e+06 1.09169e+07 1.39472e+07 1.91488e+07 1.31124e+07 1.76303e+07 1.58987e+07 1.21969e+07 1.06922e+07 1.34176e+07 1.22127e+07 1.0762e+07
threshold=67.500000000000014 25.175000000000004 533.52523491272302 0.062500000000000014 336.90000000000003 0.46609195402298859 227.00000000000003 588.03413468997826 179.31250000000003 0.53717523493642905 182.37500000000003 244.03333333333336 544.73434343434349 0.047500000000000007
decision_type=8 8 10 10 10 10 10 8 10 10 10 10 10 10
left_child=2 -2 3 4 6 -6 8 9 10 -8 13 -12 -13 -1
right_child=1 -3 -4 -5 5 -7 7 -9 -10 -11 11 12 -14 -15
leaf_value=-1.8077706163445701 -0.85258522661206149 7.9689164253395779 0.46472897711742284 -0.046209177873158688 -61.802582748730984 -7.9703523743827391 29.074484585160793 57.863507585525511 -41.204727312496736 -20.474408400500266 32.110887730375246 -30.453002309799196 21.758597355797178 -8.4561776807756406
leaf_weight=1940 483 646 15247 5695 24 53 23 20 28 27 47 24 21 887
leaf_count=1940 483 646 15247 5695 24 53 23 20 28 27 47 24 21 887
internal_value=-1.39067e-08 4.19497 -0.197043 -1.34507 -3.73584 -24.7492 -3.19953 18.1882 -3.70756 2.31808 -3.34787 13.4269 -6.08759 -3.89378
internal_weight=25165 1129 24036 8789 3094 77 3017 70 2947 50 2919 92 45 2827
internal_count=25165 1129 24036 8789 3094 77 3017 70 2947 50 2919 92 45 2827
is_linear=0
shrinkage=0.05


Tree=13
num_leaves=15
num_cat=0
split_feature=17 7 21 20 21 11 8 10 18 10 8 17 19 10
split_gain=7.5092e+06 7.76386e+06 7.26172e+06 6.91379e+06 9.01595e+06 8.03074e+06 1.27506e+07 7.34059e+06 1.2806e+07 1.49408e+07 1.433e+07 2.10677e+07 1.6295e+07 1.46018e+07
threshold=67.500000000000014 25.175000000000004 0.68680957067280779 232.25555555555559 8.5188538532219464 380.73333333333341 78.404166666666683 139.15833333333336 0.30860805860805868 167.75833333333335 50.241666666666674 30.500000000000004 559.92444444444448 152.13333333333335
decision_type=8 8 8 10 10 10 10 10 10 10 8 10 10 10
left_child=3 -2 -3 -1 5 7 -7 -5 9 -9 -10 13 -13 -12
right_child=1 2 -4 4 -6 6 -8 8 10 -11 11 12 -14 -15
leaf_value=-2.9179582130169197 -0.80995597883164272 31.182329783901096 6.3802792673576176 -0.2550456060908422 -30.552811511357625 44.591468981742864 4.8592334129696804 17.21170254389445 -0.52506898220761389 -15.110335888396733 39.633998854955038 -20.593269418115202 5.6973826888494372 11.053490176870501
leaf_weight=2114 483 31 615 19784 24 25 105 45 813 174 48 92 164 648
leaf_count=2114 483 31 615 19784 24 25 105 45 813 174 48 92 164 648
internal_value=-5.16639e-08 3.98522 7.57047 -0.187191 0.0761448 0.109714 12.5 0.035718 2.93515 -8.46882 4.35014 8.51353 -3.75082 13.0246
internal_weight=25165 1129 646 24036 21922 21898 130 21768 1984 219 1765 952 256 696
internal_count=25165 1129 646 24036 21922 21898 130 21768 1984 219 1765 952 256 696
is_linear=0
shrinkage=0.05


Tree=14
num_leaves=15
num_cat=0
split_feature=17 13 19 16 20 14 8 10 17 16 19 21 7 14
split_gain=7.13681e+06 9.71181e+06 1.37121e+07 8.47456e+06 7.23928e+06 9.11851e+06 1.20325e+07 1.37404e+07 1.33554e+07 8.79302e+06 9.99556e+06 8.11591e+06 7.78877e+06 7.99565e+06
threshold=1.5000000000000002 331.99500000000006 1578.7700595238098 0.70728050765660533 232.25555555555559 0.10250000000000002 58.483333333333341 24.975000000000005 9.5000000000000018 0.13354504299875861 583.93456160241874 8.5188538532219464 12.841666666666669 0.057500000000000016
decision_type=10 2 10 10 10 8 8 10 10 10 10 10 10 10
left_child=1 2 3 -1 5 6 -2 12 9 10 -9 -6 13 -8
right_child=4 -3 -4 -5 11 -7 7 8 -10 -11 -12 -13 -14 -15
leaf_value=3.0794548297061919 -3.5589295683210267 -13.013443312715083 42.683729188338575 27.029900643700046 0.066606922446986003 0.035292578933687951 6.5570841624818996 -20.691659103740349 10.999143648147584 -12.167942466735841 -56.14610779190064 -29.025171073277789 24.907031250000003 -33.416363744573161
leaf_weight=1317 580 85 23 38 21963 924 29 33 20 35 50 24 22 22
leaf_count=1317 580 85 23 38 21963 924 29 33 20 35 50 24 22 22
internal_value=4.46107e-08 3.38917 4.40095 3.75113 -0.209196 -3.33798 -7.27845 -17.5027 -26.7828 -33.1865 -42.0498 0.0348517 0.0404127 -10.6864
internal_weight=25165 1463 1378 1355 23702 1715 791 211 138 118 83 21987 73 51
internal_count=25165 1463 1378 1355 23702 1715 791 211 138 118 83 21987 73 51
is_linear=0
shrinkage=0.05


Tree=15
num_leaves=15
num_cat=0
split_feature=17 7 18 7 7 11 5 2 18 19 10 18 1 5
split_gain=6.45635e+06 6.8847e+06 6.76355e+06 6.42574e+06 1.73645e+07 1.10107e+07 3.01718e+07 1.99723e+07 1.83799e+07 1.3461e+07 1.71711e+07 1.9161e+07 1.54788e+07 2.42338e+07
threshold=67.500000000000014 25.175000000000004 0.55829054666263978 140.80833333333337 336.90000000000003 119.00833333333334 0.28852318892145573 1.1715686274509807 0.52966314731020625 825.15737179487189 152.13333333333335 0.53717523493642905 68.01666666666668 0.40877737441736578
decision_type=8 8 10 10 10 10 10 8 10 8 8 10 8 10
left_child=3 -2 -3 -1 5 9 8 -8 -7 12 11 -11 13 -5
right_child=1 2 -4 4 -6 6 7 -9 -10 10 -12 -13 -14 -15
leaf_value=-0.40067860463624039 -0.82022977544160625 5.8104029546230302 27.82770071287413 -4.3047656151556195 -5.0800657837152485 52.568833160400395 -67.667985044206887 -11.883280509359697 -4.8676347478230797 13.105157752659011 11.432914981553688 79.164080301920578 1.2103997867288756 57.724253661930561
leaf_weight=22314 483 609 37 31 500 26 21 68 30 23 339 21 631 32
leaf_count=22314 483 609 37 31 500 26 21 68 30 23 339 21 631 32
internal_value=-1.16447e-07 3.6953 7.07146 -0.173573 2.76931 5.981 -6.954 -25.046 21.7993 7.72248 15.2471 44.6333 3.56987 27.202
internal_weight=25165 1129 646 24036 1722 1222 145 89 56 1077 383 44 694 63
internal_count=25165 1129 646 24036 1722 1222 145 89 56 1077 383 44 694 63
is_linear=0
shrinkage=0.05


Tree=16
num_leaves=15
num_cat=0
split_feature=5 17 14 21 15 17 21 20 20 12 20 18 14 20
split_gain=6.08049e+06 1.1524e+07 1.48272e+07 1.03646e+07 2.14662e+07 1.78424e+07 1.43779e+07 1.37536e+07 1.11731e+07 1.10514e+07 1.07079e+07 1.066e+07 1.44104e+07 2.49422e+07
threshold=1.8154663777025974 50.500000000000007 0.017500000000000005 0.35108021895279073 0.5064102564102565 3.5000000000000004 0.17535817046949542 1485.4322562358277 1069.8466335884348 5.7787347700526039 1451.0735065546507 0.61483516483516498 0.047500000000000007 2380.2661375661378
decision_type=10 8 8 8 8 10 10 10 10 10 10 10 10 10
left_child=1 3 -3 4 -1 6 -6 10 -8 -9 -5 -7 13 -13
right_child=-2 2 -4 7 5 11 8 9 -10 -11 -12 12 -14 -15
leaf_value=45.1258986055851 -0.78926047456102866 48.440583434104923 4.9702196383356707 0.15312929117054952 8.0426396413282912 -2.2804702138809123 69.364009413265052 -6.0816345338145616 22.128625257793935 -38.82176136440701 25.758316281946698 31.41292761788409 -1.0038373936777532 -13.504858416602724
leaf_weight=32 12389 20 1022 9900 88 683 21 568 31 27 41 117 184 42
leaf_count=32 12389 20 1022 9900 88 683 21 568 31 27 41 117 184 42
internal_value=-1.2066e-07 0.765353 5.80458 0.31786 4.72475 3.61597 20.3599 -0.183228 41.2045 -7.56732 0.258734 1.33123 8.52304 19.5479
internal_weight=25165 12776 1042 11734 1198 1166 140 10536 52 595 9941 1026 343 159
internal_count=25165 12776 1042 11734 1198 1166 140 10536 52 595 9941 1026 343 159
is_linear=0
shrinkage=0.05


Tree=17
num_leaves=15
num_cat=0
split_feature=17 13 13 5 5 14 0 20 14 9 8 20 11 19
split_gain=5.77023e+06 8.59574e+06 1.30398e+07 1.03797e+07 3.00983e+07 9.60799e+06 1.27812e+07 6.60762e+06 1.30521e+07 1.69168e+07 2.68835e+07 1.85211e+07 1.66971e+07 1.0322e+07
threshold=1.5000000000000002 331.99500000000006 310.23500000000007 10.732919917158748 8.6635153196912871 0.017500000000000005 1.0000000180025095e-35 517.95263475797753 0.062500000000000014 0.61530547641658762 55.57500000000001 456.34237073201223 300.51666666666671 511.42317460317463
decision_type=10 2 2 10 10 8 2 10 10 8 10 8 10 8
left_child=1 2 3 4 5 6 -1 8 9 12 13 -12 -2 -11
right_child=7 -3 -4 -5 -6 -7 -8 -9 -10 10 11 -13 -14 -15
leaf_value=48.121555008207054 1.6528014312301513 -12.383909682955812 43.097879269009553 -5.359669735918434 63.466338435086335 3.3378412643794357 -3.4802120753696992 0.4111643527039639 0.11048927154064381 -1.4336545376856438 -13.964229819692415 -58.523980353428776 44.229451411962515 -8.4529183079468204
leaf_weight=28 568 85 21 271 22 1015 21 15642 5276 1044 58 39 24 1051
leaf_count=28 568 85 21 271 22 1015 21 15642 5276 1044 58 39 24 1051
internal_value=-2.92122e-08 3.04746 3.99933 3.39426 5.57872 4.38179 26.0065 -0.188104 -1.3511 -4.12098 -6.14649 -31.88 3.37888 -4.95501
internal_weight=25165 1463 1378 1357 1086 1064 49 23702 8060 2784 2192 97 592 2095
internal_count=25165 1463 1378 1357 1086 1064 49 23702 8060 2784 2192 97 592 2095
is_linear=0
shrinkage=0.05


Tree=18
num_leaves=15
num_cat=0
split_feature=7 7 19 20 4 12 20 19 21 9 12 14 10 21
split_gain=5.64768e+06 1.51665e+07 1.11648e+07 1.43595e+07 1.74181e+07 1.51024e+07 1.68388e+07 2.15518e+07 1.39132e+07 1.1992e+07 1.14757e+07 1.0409e+07 1.01793e+07 1.79076e+07
threshold=361.33333333333343 130.80833333333337 1942.1138528138529 1695.0479495441903 6.4723611111111117 1.665295103332713 1232.6629497953029 1145.26491513977 3.415975655203304 1.0682523997741391 1.8884989425397334 0.052500000000000012 463.90000000000003 0.76494404739319133
decision_type=10 10 10 10 2 8 8 8 10 10 8 10 8 8
left_child=1 -1 3 5 -5 6 7 9 10 -3 -7 -4 -2 -14
right_child=12 2 11 4 -6 8 -8 -9 -10 -11 -12 -13 13 -15
leaf_value=-0.21115031615876309 -14.708429135769112 10.431576951742173 -32.503820491481477 13.040641840180355 65.227962966192337 32.778464397631197 -51.37149035135905 40.913808598725694 40.848168892695988 -23.098244553357365 4.8241192905445383 10.329874432605246 -17.91106444639318 10.224279829030912
leaf_weight=23267 181 40 37 67 21 38 21 23 29 80 1084 23 85 169
leaf_count=23267 181 40 37 67 21 38 21 23 29 80 1084 23 85 169
internal_value=9.46955e-08 0.0993435 5.03732 5.94059 25.4944 4.63205 -9.56329 -3.42363 6.65467 -11.9216 5.77088 -16.0842 -5.64773 0.808909
internal_weight=25165 24730 1463 1403 88 1315 164 143 1151 120 1122 60 435 254
internal_count=25165 24730 1463 1403 88 1315 164 143 1151 120 1122 60 435 254
is_linear=0
shrinkage=0.05


Tree=19
num_leaves=15
num_cat=0
split_feature=2 5 17 17 7 12 13 14 21 9 16 15 17 18
split_gain=5.50969e+06 5.57065e+06 1.02326e+07 9.45499e+06 1.67748e+07 1.35289e+07 1.87454e+07 2.69313e+07 3.36636e+07 1.88703e+07 1.75207e+07 1.54616e+07 1.4325e+07 1.80662e+07
threshold=0.13899613899613902 1.8154663777025974 50.500000000000007 24.500000000000004 244.03333333333336 0.38697652319901527 75.715000000000018 0.052500000000000012 0.61162806674330616 0.024582392809794271 0.083333333333333356 0.57321428571428579 8.5000000000000018 0.53306010928961756
decision_type=8 10 8 10 8 10 2 10 10 10 10 8 10 10
left_child=-1 2 3 5 -5 11 7 8 -7 10 -8 12 -2 -14
right_child=1 -3 -4 4 -6 6 9 -9 -10 -11 -12 -13 13 -15
leaf_value=21.066145217034126 4.2947148376040989 -0.78199962025786507 5.4576551376227345 0.82913408112185272 -6.159324301826576 -11.820583752791087 -57.926905222292305 -2.6486604200595103 -91.26822128097217 0.051734472165281445 -6.0557659451554464 2.2728710839678183 66.351103205927487 8.9527325776907123
leaf_weight=31 63 12372 1041 2257 1386 30 27 92 24 2443 41 5303 29 26
leaf_count=31 63 12372 1041 2257 1386 30 27 92 24 2443 41 5303 29 26
internal_value=2.61768e-08 -0.0259827 0.706931 0.284995 -1.82966 1.23866 -1.6841 -19.1009 -47.1306 -0.671416 -26.6517 2.6712 20.5722 39.2173
internal_weight=25165 25134 12762 11721 3643 8078 2657 146 54 2511 68 5421 118 55
internal_count=25165 25134 12762 11721 3643 8078 2657 146 54 2511 68 5421 118 55
is_linear=0
shrinkage=0.05


Tree=20
num_leaves=15
num_cat=0
split_feature=9 17 19 4 10 7 17 5 17 14 10 14 5 18
split_gain=5.15471e+06 9.2705e+06 1.69063e+07 9.498e+06 7.97918e+06 7.96414e+06 1.82592e+07 1.62309e+07 1.55184e+07 2.03913e+07 1.48524e+07 1.28025e+07 1.08408e+07 1.80517e+07
threshold=21.30984509145204 40.500000000000007 607.82288748832877 0.51180555555555562 10.025000000000002 361.33333333333343 31.500000000000004 0.19643966948202704 10.500000000000002 0.052500000000000012 545.05833333333351 0.017500000000000005 0.27105117053597533 0.55370879120879135
decision_type=10 8 8 2 10 10 10 10 8 10 10 10 8 8
left_child=5 3 -3 -2 -5 12 8 -8 9 10 -7 -10 13 -1
right_child=1 2 -4 4 -6 6 7 -9 11 -11 -12 -13 -14 -15
leaf_value=17.772825649900174 -29.5071787851778 0.69054630741928569 55.843551882108059 35.01008131027222 2.7138670854560303 -52.830172195881609 -14.064788185677878 -68.119717323780065 44.26253284974532 10.004704075635866 -0.90309615362258189 2.511152895936021 -0.13901617080125661 -4.2244676769145428
leaf_weight=218 22 33 24 20 437 40 41 21 22 43 21 111 23949 163
leaf_count=218 22 33 24 20 437 40 41 21 22 43 21 111 23949 163
internal_value=2.03995e-09 4.85082 23.9129 2.58247 4.12727 -0.105568 -8.21614 -32.3737 -1.89644 -16.3651 -34.9536 9.4174 -0.00589439 8.36191
internal_weight=25165 536 57 479 457 24629 299 62 237 104 61 133 24330 381
internal_count=25165 536 57 479 457 24629 299 62 237 104 61 133 24330 381
is_linear=0
shrinkage=0.05


Tree=21
num_leaves=15
num_cat=0
split_feature=12 19 4 20 7 8 4 7 17 17 19 1 14 19
split_gain=5.00516e+06 8.10007e+06 8.63842e+06 8.03677e+06 1.00166e+07 8.96748e+06 9.32196e+06 6.67199e+06 2.14809e+07 1.83041e+07 1.33964e+07 1.2881e+07 1.98005e+07 1.15136e+07
threshold=0.20764748293810312 1424.2639336917564 12.093333333333335 1356.0416618217057 59.558333333333344 69.441666666666677 5.9048611111111127 130.80833333333337 22.500000000000004 42.500000000000007 934.20225586611468 130.05833333333337 0.027500000000000007 1578.7700595238098
decision_type=8 8 2 10 10 10 2 8 10 10 10 10 10 10
left_child=1 3 -3 4 -1 -5 -7 -2 -9 11 -11 13 -13 -10
right_child=7 2 -4 5 -6 6 -8 8 9 10 -12 12 -14 -15
leaf_value=1.9409257855273734 -0.75822547122689321 7.4157530245573628 37.543156636555992 -0.22021118908217463 37.500817534923556 -0.84518594741821296 -41.303697226388117 3.2333802940262837 -6.0736499277297105 2.9900423256404096 30.623564939109645 55.401476993560792 1.5669634975938715 -44.25375249147416
leaf_weight=2014 16444 115 30 99 20 24 35 4206 1554 418 49 20 117 20
leaf_count=2014 16444 115 30 99 20 24 35 4206 1554 418 49 20 117 20
internal_value=-4.77598e-09 2.20386 13.649 1.44677 2.29058 -9.41592 -24.846 -0.225619 1.14628 -2.88419 5.88949 -5.27888 9.42602 -6.55878
internal_weight=25165 2337 145 2192 2034 158 59 22828 6384 2178 467 1711 137 1574
internal_count=25165 2337 145 2192 2034 158 59 22828 6384 2178 467 1711 137 1574
is_linear=0
shrinkage=0.05


Tree=22
num_leaves=15
num_cat=0
split_feature=2 7 7 19 19 21 1 14 5 17 1 4 12 8
split_gain=4.92484e+06 5.26937e+06 1.18648e+07 9.86349e+06 1.40462e+07 2.05661e+07 1.33701e+07 1.99055e+07 1.18553e+07 1.08175e+07 1.38815e+07 1.0655e+07 1.03987e+07 1.03941e+07
threshold=0.13899613899613902 361.33333333333343 130.80833333333337 1942.1138528138529 825.15737179487189 3.415975655203304 89.15000000000002 0.022500000000000003 0.43277043125574344 43.500000000000007 12.075000000000001 4.7015277777777786 14.167573533716515 37.954166666666673
decision_type=8 10 10 10 8 10 8 10 10 8 8 2 10 10
left_child=-1 2 -2 4 6 9 7 -4 -9 10 -6 12 -8 -13
right_child=1 -3 3 -5 5 -7 11 8 -10 -11 -12 13 -14 -15
leaf_value=19.916715897283247 -0.20347146628459467 -5.4990440617539678 62.355384072803318 -15.583036996550479 -28.980641984939577 59.539872425252739 3.1207002786259666 -10.008254534699198 29.500932029064963 39.020618279774986 10.189490487799997 -11.734288595305451 29.870659653733419 3.2022868708499423
leaf_weight=31 23242 432 21 59 24 22 319 43 34 30 393 268 41 206
leaf_count=31 23242 432 21 59 24 22 319 43 34 30 393 268 41 206
internal_value=9.84835e-09 -0.024565 0.0711752 4.44332 5.28669 12.3442 1.73522 19.2055 7.43736 10.0214 7.93509 -0.317647 6.16722 -5.24287
internal_weight=25165 25134 24702 1460 1401 469 932 98 77 447 417 834 360 474
internal_count=25165 25134 24702 1460 1401 469 932 98 77 447 417 834 360 474
is_linear=0
shrinkage=0.05


Tree=23
num_leaves=15
num_cat=0
split_feature=18 4 9 2 1 20 9 5 17 20 20 8 16 18
split_gain=4.75306e+06 9.06779e+06 1.04092e+07 8.45788e+06 8.77444e+06 7.97933e+06 1.26984e+07 1.12766e+07 1.09384e+07 1.59545e+07 1.85776e+07 1.77916e+07 1.64818e+07 1.08496e+07
threshold=0.72821969696969713 10.784027777777778 28.272409538561231 0.90121951219512197 45.07500000000001 517.95263475797753 0.029351372131669457 1.5131613555142116 3.5000000000000004 1356.0416618217057 935.5665160021457 170.05833333333337 0.27257922834928255 0.4939724037763254
decision_type=10 2 10 8 10 8 10 10 8 10 10 8 8 10
left_child=5 2 3 -2 -5 6 -1 8 9 10 -7 -12 -11 -13
right_child=1 -3 -4 4 -6 7 -8 -9 -10 12 11 13 -14 -15
leaf_value=-4.7533172150666401 24.932125928401948 -11.518757674111262 23.042675008557062 -1.4571238386962999 -28.211418840962075 6.6596125198232716 0.13140293981634785 -0.49770201372556699 1.7386684581783216 -34.605525436401365 1.7327049191792807 33.845172851562502 5.2175192155174379 74.186745059967038
leaf_weight=1815 30 225 44 2683 31 145 4984 7522 7357 30 30 50 194 25
leaf_count=1815 30 225 44 2683 31 145 4984 7522 7357 30 30 50 194 25
internal_value=-9.4862e-09 -1.86322 -1.08399 -1.47086 -1.76272 0.253426 -1.17258 0.884925 2.213 9.57507 18.2582 34.2753 -0.115924 47.2924
internal_weight=25165 3013 2788 2744 2714 22152 6799 15353 7831 474 250 105 224 75
internal_count=25165 3013 2788 2744 2714 22152 6799 15353 7831 474 250 105 224 75
is_linear=0
shrinkage=0.05


Tree=24
num_leaves=15
num_cat=0
split_feature=12 7 19 4 20 19 21 2 7 17 18 14 21 20
split_gain=4.51161e+06 7.42077e+06 7.21328e+06 1.01861e+07 7.7223e+06 1.20057e+07 6.07149e+06 1.9505e+07 1.00988e+07 2.11183e+07 1.43846e+07 1.09453e+07 1.02129e+07 9.13433e+06
threshold=0.20764748293810312 59.558333333333344 1424.2639336917564 12.093333333333335 1284.2315581854043 1172.2153846153849 0.25552219109382918 0.67333333333333345 49.050000000000004 6.5000000000000009 0.37348305202957183 0.04250000000000001 0.18768879862889545 656.6665685425686
decision_type=8 10 10 2 10 8 8 8 8 10 10 8 10 10
left_child=1 2 4 -4 -1 -6 7 -2 -9 13 12 -12 -11 -10
right_child=6 -3 3 -5 5 -7 -8 8 9 10 11 -13 -14 -15
leaf_value=2.0587476461625052 50.978174854460221 27.227687195251733 5.6506979198246219 40.137115641576905 -3.9421921215738571 -43.131385725194761 -0.4087170578410188 -1.461599431295153 -2.6589062513531867 -38.201701078916855 35.16935553374114 1.1697499509124707 0.13603926599025726 24.712311619890563
leaf_weight=1992 21 29 91 28 175 22 21599 709 37 38 27 192 32 173
leaf_count=1992 21 29 91 28 175 22 21599 709 37 38 27 192 32 173
internal_value=-6.32409e-08 2.09239 1.77656 13.7651 1.12483 -8.31865 -0.214207 3.20421 2.3737 7.82305 -0.945145 5.36148 -20.6759 19.8898
internal_weight=25165 2337 2308 119 2189 197 22828 1229 1208 499 289 219 70 210
internal_count=25165 2337 2308 119 2189 197 22828 1229 1208 499 289 219 70 210
is_linear=0
shrinkage=0.05


Tree=25
num_leaves=15
num_cat=0
split_feature=17 13 19 16 21 10 19 14 20 8 17 19 20 12
split_gain=4.53006e+06 7.45136e+06 1.23078e+07 7.76617e+06 6.3012e+06 9.66034e+06 1.33232e+07 1.98519e+07 1.89035e+07 9.44764e+06 9.86308e+06 1.30186e+07 9.0235e+06 8.71986e+06
threshold=1.5000000000000002 331.99500000000006 1578.7700595238098 0.70728050765660533 8.5188538532219464 43.45000000000001 508.69629629629634 0.022500000000000003 919.93138528138536 10.891666666666667 5.5000000000000009 696.97555555555562 533.52523491272302 0.46158669581999884
decision_type=10 2 10 10 8 8 8 8 10 8 10 8 8 10
left_child=1 2 3 -1 -2 -6 -7 -8 9 -9 11 -11 -13 -14
right_child=4 -3 -4 -5 5 6 7 8 -10 10 -12 12 13 -15
leaf_value=2.327792536067347 0.026988694721270287 -11.667294813043931 39.8558580149775 25.255385061941652 0.80365409658877729 5.215195452119854 -60.69020000457764 1.8096218252182006 8.1008314764925426 -54.563541307120488 2.8583958603614987 -30.676198628354584 -2.4778267855339866 -32.352667259447507
leaf_weight=1317 22436 85 23 38 628 148 20 65 112 29 43 94 94 33
leaf_count=1317 22436 85 23 38 628 148 20 65 112 29 43 94 94 33
internal_value=2.35035e-08 2.70019 3.58642 2.97078 -0.166668 -3.59865 -7.93195 -11.9029 -9.82687 -15.4355 -19.2613 -23.0658 -18.9327 -10.2406
internal_weight=25165 1463 1378 1355 23702 1266 638 490 470 358 293 250 221 127
internal_count=25165 1463 1378 1355 23702 1266 638 490 470 358 293 250 221 127
is_linear=0
shrinkage=0.05


Tree=26
num_leaves=15
num_cat=0
split_feature=9 11 15 7 13 19 20 13 4 21 16 16 5 18
split_gain=4.38991e+06 5.45687e+06 7.93502e+06 5.3014e+06 1.04921e+07 2.59402e+07 1.49478e+07 1.40853e+07 1.39757e+07 1.30157e+07 2.49401e+07 1.16878e+07 8.87381e+06 1.6196e+07
threshold=57.653439153439159 12.358333333333336 0.83666666666666678 361.33333333333343 128.74000000000004 489.36286700968571 499.31702606421362 166.32000000000002 6.7659722222222234 0.76993130839194135 0.27955658022155055 0.11053018819478011 0.27105117053597533 0.55370879120879135
decision_type=10 8 10 10 2 10 8 2 2 10 10 10 8 8
left_child=3 -2 -3 12 5 -5 11 -8 -9 -10 -11 -6 13 -1
right_child=1 2 -4 4 6 -7 7 8 9 10 -12 -13 -14 -15
leaf_value=16.513214704749782 -2.5648682957742275 42.924296073913581 8.3952238075359897 6.4926775331850415 -33.830186341025616 -64.949424497286472 38.457211743868321 -35.631770347595214 -9.1708588048815738 33.003299609097574 -30.732186737060545 10.804234746694565 -0.091289828600582254 -4.3227694798100949
leaf_weight=218 82 20 99 27 55 24 26 25 88 66 20 20 24232 163
leaf_count=218 82 20 99 27 55 24 26 25 88 66 20 20 24232 163
internal_value=1.56911e-08 7.35967 14.1984 -0.0592571 -6.16076 -27.1271 -2.59648 3.84725 -0.674652 4.34792 18.1811 -21.9277 0.027755 7.59913
internal_weight=25165 201 119 24964 351 51 300 225 199 174 86 75 24613 381
internal_count=25165 201 119 24964 351 51 300 225 199 174 86 75 24613 381
is_linear=0
shrinkage=0.05


Tree=27
num_leaves=15
num_cat=0
split_feature=2 7 7 4 21 4 14 18 18 1 13 18 17 11
split_gain=4.33784e+06 4.39412e+06 1.00577e+07 9.30598e+06 9.98674e+06 1.14782e+07 1.23702e+07 8.5985e+06 9.4317e+06 9.7638e+06 8.24558e+06 9.26602e+06 1.16021e+07 9.54546e+06
threshold=0.13899613899613902 361.33333333333343 130.80833333333337 9.3166666666666682 0.9125057412937313 12.91527777777778 0.052500000000000012 0.34641025641025647 0.37965517241379315 338.98333333333341 388.82000000000005 0.65261756876663723 19.500000000000004 66.583333333333343
decision_type=8 10 10 2 8 2 10 8 10 8 2 10 10 10
left_child=-1 2 -2 -4 -5 6 -6 -3 -9 -10 11 13 -13 -11
right_child=1 7 3 4 5 -7 -8 8 9 10 -12 12 -14 -15
leaf_value=18.692097709255833 -0.18849427916174319 -19.595832965432145 5.7847138316908868 7.1981690031225973 -47.743407975302802 4.5315672216415406 -8.2226810257543228 30.084652709960938 -32.536981264750167 -9.8396426543910458 -20.634353683824127 3.720372200012207 45.748256580034898 18.395732186969958
leaf_weight=31 23242 82 1237 93 36 50 44 22 27 141 46 52 24 38
leaf_count=31 23242 82 1237 93 36 50 44 22 27 141 46 52 24 38
internal_value=1.75898e-08 -0.0230546 0.0643735 4.08982 -5.31189 -14.2614 -26.007 -5.02224 -1.60786 -3.73358 -1.14988 2.36496 16.9923 -3.84554
internal_weight=25165 25134 24702 1460 223 130 80 432 350 328 301 255 76 179
internal_count=25165 25134 24702 1460 223 130 80 432 350 328 301 255 76 179
is_linear=0
shrinkage=0.05


Tree=28
num_leaves=15
num_cat=0
split_feature=17 21 7 20 20 21 11 11 21 16 16 19 2 12
split_gain=4.2792e+06 5.38593e+06 6.30831e+06 9.1444e+06 5.35232e+06 6.93986e+06 5.86562e+06 1.6348e+07 1.23729e+07 1.94286e+07 8.72501e+06 8.66936e+06 1.29784e+07 1.04371e+07
threshold=67.500000000000014 1.2436322681029941 20.975000000000005 696.66188968459494 232.25555555555559 8.5188538532219464 213.74583333333337 204.02083333333337 1.6304870525998874 0.28273807216710833 0.17662364176596554 830.31370867768601 1.2034482758620693 0.3197224012313199
decision_type=8 10 10 8 10 10 10 10 8 10 10 10 8 10
left_child=4 2 -2 -4 -1 6 7 -6 11 -10 -9 -8 -13 -14
right_child=1 -3 3 -5 5 -7 8 10 9 -11 -12 12 13 -15
leaf_value=-2.5439968021714296 3.0702213579910813 -6.5235664087397458 1.6443203238553779 35.078292608490358 0.057571217320108725 -26.781728642185527 5.9548208250063608 -51.643361904310147 7.7587772973378506 60.987860012054448 -7.5996532548557632 -33.913271545108998 -10.959561216263545 32.925446739196779
leaf_weight=2114 916 131 43 39 21348 24 321 23 60 24 22 38 42 20
leaf_count=2114 916 131 43 39 21348 24 321 23 60 24 22 38 42 20
internal_value=1.9182e-08 3.00841 4.2596 17.5458 -0.141309 0.0903893 0.119841 -0.00588788 5.44601 22.9671 -30.1109 1.95012 -10.905 3.19689
internal_weight=25165 1129 998 82 24036 21922 21898 21393 505 84 45 421 100 62
internal_count=25165 1129 998 82 24036 21922 21898 21393 505 84 45 421 100 62
is_linear=0
shrinkage=0.05


Tree=29
num_leaves=15
num_cat=0
split_feature=12 7 19 18 3 20 19 13 21 2 15 16 5 18
split_gain=4.09605e+06 6.68275e+06 6.47519e+06 9.45983e+06 9.63373e+06 6.95327e+06 1.09206e+07 5.50129e+06 5.39467e+06 1.75383e+07 9.0831e+06 1.2145e+07 1.75893e+07 1.19427e+07
threshold=0.20764748293810312 59.558333333333344 1424.2639336917564 0.53896761133603255 5.5000000000000009 1284.2315581854043 1172.2153846153849 158.00500000000002 0.25552219109382918 0.67333333333333345 1.7171428571428573 0.17662364176596554 0.92432120542597274 0.61483516483516498
decision_type=8 10 10 10 2 10 8 2 8 8 8 10 10 10
left_child=1 2 5 4 7 -1 -7 -4 9 -2 11 -11 -13 -12
right_child=8 -3 3 -5 -6 6 -8 -9 -10 10 13 12 -14 -15
leaf_value=1.962694777129405 48.319494558516006 25.846370387899466 21.062084156274796 -14.283155197143556 36.329585321913378 -3.7104393248898648 -41.086683026938282 -13.158032450468646 -0.38745163605946908 -5.5102579816738455 2.2358890000142551 39.773503906662398 2.3987362780400789 19.67498027258906
leaf_weight=1992 21 29 24 25 47 175 22 23 21599 511 304 37 211 145
leaf_count=1992 21 29 24 25 47 175 22 23 21599 511 304 37 211 145
internal_value=3.16718e-08 1.9937 1.69399 13.0527 20.3228 1.0765 -7.88444 4.31607 -0.204103 3.01815 2.23062 -1.10407 7.97481 7.86767
internal_weight=25165 2337 2308 119 94 2189 197 47 22828 1229 1208 759 248 449
internal_count=25165 2337 2308 119 94 2189 197 47 22828 1229 1208 759 248 449
is_linear=0
shrinkage=0.05


Tree=30
num_leaves=15
num_cat=0
split_feature=18 4 9 14 21 20 18 7 4 8 10 19 17 15
split_gain=4.00734e+06 8.06887e+06 8.99667e+06 7.60474e+06 1.16943e+07 1.50517e+07 1.49356e+07 1.03603e+07 1.01473e+07 1.19787e+07 2.38653e+07 8.57761e+06 8.5867e+06 8.22627e+06
threshold=0.72821969696969713 10.784027777777778 28.272409538561231 0.057500000000000016 0.29842346599995134 1451.0735065546507 0.7372735116479725 0.87500000000000011 9.9619444444444465 70.991666666666688 51.558333333333344 630.18459698196557 28.500000000000004 2.937254901960785
decision_type=10 2 10 10 8 10 10 8 2 10 10 10 10 10
left_child=-1 2 3 4 5 -2 -6 -8 9 11 -11 13 -13 -9
right_child=1 -3 -4 -5 6 -7 7 8 -10 10 -12 12 -14 -15
leaf_value=0.23269803405126135 45.29760040664673 -10.81901697031657 21.454275342009286 0.57693046952923444 -37.360308745660284 -0.76802709845245865 30.248043599128721 3.4914983404093776 23.949772651107224 14.709982241392135 -53.081444178400822 -8.8092008647496023 -41.69827308881851 -18.855043990413346
leaf_weight=22152 25 225 44 1796 38 61 20 290 27 20 37 361 21 48
leaf_count=22152 25 225 44 1796 38 61 20 290 27 20 37 361 21 48
internal_value=-3.73824e-11 -1.71083 -0.97577 -1.33544 -4.95844 12.6231 -6.71252 -5.29915 -6.18341 -7.23051 -29.295 -5.48374 -10.6172 0.318025
internal_weight=25165 3013 2788 2744 948 86 862 824 804 777 57 720 382 338
internal_count=25165 3013 2788 2744 948 86 862 824 804 777 57 720 382 338
is_linear=0
shrinkage=0.05


Tree=31
num_leaves=15
num_cat=0
split_feature=17 14 13 13 10 7 7 14 19 7 5 19 15 21
split_gain=3.97294e+06 7.04842e+06 1.67128e+07 1.18349e+07 9.76667e+06 8.76102e+06 7.28725e+06 1.7981e+07 1.02825e+07 7.13161e+06 7.60277e+06 6.16617e+06 5.15647e+06 5.1158e+06
threshold=1.5000000000000002 0.092500000000000013 254.18000000000004 306.61500000000007 40.241666666666674 23.141666666666669 6.9416666666666673 0.017500000000000005 285.26456582633062 8.4416666666666682 12.862887782458831 78.20562818336164 0.96178188899707895 8.5188538532219464
decision_type=10 10 2 2 8 10 10 10 8 10 10 10 10 8
left_child=1 2 4 -4 5 9 8 -8 -6 10 -1 -9 -3 -2
right_child=13 12 3 -5 6 -7 7 11 -10 -11 -12 -13 -14 -15
leaf_value=-37.914633651213215 0.018409673236670792 -18.270359272758167 60.924159743569113 8.4475446791875921 -31.215001328786215 -41.005048931837081 46.124792406294084 11.819748840910016 4.2638542040821035 13.777217003793428 2.7781873861948654 -18.746051640944049 -0.89328424539899576 -3.2484456001217428
leaf_weight=22 22436 48 22 21 21 20 36 66 742 33 24 22 386 1266
leaf_count=22 22436 48 22 21 21 20 36 66 742 33 24 22 386 1266
internal_value=6.48826e-08 2.5287 4.78258 35.296 3.45188 -11.4434 5.11437 16.3563 3.28737 -3.95946 -16.6836 4.1783 -2.81517 -0.156084
internal_weight=25165 1463 1029 43 986 99 887 124 763 79 46 88 434 23702
internal_count=25165 1463 1029 43 986 99 887 124 763 79 46 88 434 23702
is_linear=0
shrinkage=0.05


Tree=32
num_leaves=15
num_cat=0
split_feature=2 7 7 19 19 21 1 11 15 19 7 20 17 1
split_gain=3.9013e+06 4.0341e+06 8.86492e+06 8.96148e+06 1.29151e+07 1.91241e+07 1.16229e+07 1.82677e+07 1.00424e+07 1.01577e+07 9.57238e+06 1.33847e+07 1.63562e+07 1.65774e+07
threshold=0.13899613899613902 361.33333333333343 130.80833333333337 1942.1138528138529 825.15737179487189 3.415975655203304 89.15000000000002 16.954166666666669 0.42997198879551829 727.44354497354504 275.35833333333341 754.99399291402608 31.500000000000004 187.05833333333337
decision_type=8 10 10 10 8 10 8 10 10 10 10 8 10 10
left_child=-1 2 -2 4 6 -6 7 -4 -8 10 11 -10 13 -13
right_child=1 -3 3 -5 5 -7 8 -9 9 -11 -12 12 -14 -15
leaf_value=17.726630512360604 -0.17549409405461769 -4.8118798842274204 -3.6228321943283079 -15.247580528663377 9.172481387030226 56.923413471742109 -28.141936895251277 39.560784933964413 -0.87236216447491577 -14.929268137530279 -9.4370413366486048 14.539324168210531 -24.241816020011903 61.469816580272862
leaf_weight=31 23242 432 50 59 447 22 32 48 345 95 136 181 24 21
leaf_count=31 23242 432 50 59 447 22 32 48 345 95 136 181 24 21
internal_value=-7.90744e-08 -0.0218639 0.0619061 3.84112 4.645 11.4124 1.23952 17.5283 -0.674514 0.421443 2.48413 5.32349 14.7818 19.4182
internal_weight=25165 25134 24702 1460 1401 469 932 98 834 802 707 571 226 202
internal_count=25165 25134 24702 1460 1401 469 932 98 834 802 707 571 226 202
is_linear=0
shrinkage=0.05


Tree=33
num_leaves=15
num_cat=0
split_feature=9 3 5 8 7 20 14 19 13 7 13 4 16 21
split_gain=4.00989e+06 4.63385e+06 4.74548e+06 4.61736e+06 4.25676e+06 1.03184e+07 1.47703e+07 1.66986e+07 1.25452e+07 1.16653e+07 1.15833e+07 1.00432e+07 1.20764e+07 1.59107e+07
threshold=57.653439153439159 5.5000000000000009 0.7193808879845689 2.3541666666666674 336.90000000000003 501.76666666666671 0.057500000000000016 630.18459698196557 111.90500000000002 434.72500000000008 166.32000000000002 6.7659722222222234 0.40362699187443679 0.76993130839194135
decision_type=10 2 10 10 10 8 10 8 2 10 2 2 10 10
left_child=4 2 3 -2 -1 6 7 -6 9 -7 -10 -12 13 -13
right_child=1 -3 -4 -5 5 8 -8 -9 10 -11 11 12 -14 -15
leaf_value=0.028256374745455559 -6.397983313742138 -4.7438167721538225 27.048828556663114 15.073551094940592 -8.4326221509413291 0.20305342457511208 -0.63862351489067082 -68.740130291382471 27.048814632726273 -51.286900533329359 -24.710418982254833 -6.8742709353912703 -29.035454727172851 23.813798762516804
leaf_weight=24549 42 59 38 62 22 22 50 24 43 22 38 86 25 83
leaf_count=24549 42 59 38 62 22 22 50 24 43 22 38 86 25 83
internal_value=-3.90213e-08 7.03391 11.9275 6.40235 -0.0566342 -5.07827 -19.4501 -39.8974 -0.753197 -25.5419 3.213 -1.20485 3.39934 8.19738
internal_weight=25165 201 142 104 24964 415 96 46 319 44 275 232 194 169
internal_count=25165 201 142 104 24964 415 96 46 319 44 275 232 194 169
is_linear=0
shrinkage=0.05


Tree=34
num_leaves=15
num_cat=0
split_feature=7 16 20 1 5 5 2 4 1 18 14 10 18 18
split_gain=3.75651e+06 8.13843e+06 6.98239e+06 4.28604e+06 5.72705e+06 4.63891e+06 4.32492e+06 8.16429e+06 8.08423e+06 6.08349e+06 6.64996e+06 5.916e+06 6.77103e+06 4.861e+06
threshold=0.22500000000000003 1.5419764230904954e-16 763.1797619047619 0.058333333333333341 2.4331174394276789 2.9143899190119562 2.5192307692307696 0.83541666666666681 0.2416666666666667 0.64218328840970362 0.027500000000000007 28.491666666666671 0.55618686868686884 0.36681957186544351
decision_type=8 8 10 8 8 8 10 2 10 8 10 8 10 10
left_child=1 2 -1 4 -2 -6 -5 8 9 10 -8 12 -10 -9
right_child=3 -3 -4 6 5 -7 7 13 11 -11 -12 -13 -14 -15
leaf_value=-7.4035603087881343 12.840351610101502 -1.1459307330462969 -47.798526825904844 -0.15042009390292665 -20.916325426101686 2.5813890367746355 -46.552884678407153 -0.79196199089733532 3.9034921451922386 5.9445771081107006 -9.2018837525294384 13.359791212196811 -26.096051934692596 14.882202876970252
leaf_weight=23 145 132 20 23862 22 464 22 67 62 21 26 83 27 189
leaf_count=23 145 132 20 23862 22 464 22 67 62 21 26 83 27 189
internal_value=4.47675e-08 -7.30009 -26.1919 0.0511211 4.11958 1.51771 -0.0542691 4.56214 -2.0427 -16.5011 -26.3211 3.75748 -5.19749 10.78
internal_weight=25165 175 43 24990 631 486 24359 497 241 69 48 172 89 256
internal_count=25165 175 43 24990 631 486 24359 497 241 69 48 172 89 256
is_linear=0
shrinkage=0.05


Tree=35
num_leaves=15
num_cat=0
split_feature=19 19 13 2 20 5 21 13 9 20 15 17 14 15
split_gain=3.76258e+06 1.7549e+07 1.75101e+07 1.06946e+07 1.9525e+07 9.2767e+06 1.71711e+07 1.85516e+07 1.97819e+07 2.0718e+07 1.81958e+07 1.41553e+07 1.2371e+07 1.19717e+07
threshold=874.9654188948308 864.6565842490844 405.30500000000006 0.21627906976744191 696.66188968459494 0.5610025369388798 1.2838286861150905 456.70000000000005 0.99500449034575678 1095.4064814814817 1.10960960960961 13.500000000000002 0.037500000000000012 1.6638418079096049
decision_type=10 10 2 8 10 8 8 2 10 10 10 10 10 10
left_child=1 3 -3 4 -1 6 7 8 9 -2 11 -10 13 -8
right_child=5 2 -4 -5 -6 -7 12 -9 10 -11 -12 -13 -14 -15
leaf_value=-1.6211190397089181 -22.676371401273286 8.2075754579666746 47.042693467573685 0.080754129373646732 60.052053340276089 -1.9941738846863233 45.240272608670324 38.136079111966225 -83.470177612304695 13.050738076810484 -4.2123746272495817 -25.349804417653516 5.9140857826108517 8.7595455314802084
leaf_weight=33 65 241 33 19454 21 4653 44 22 20 108 35 22 368 46
leaf_count=33 65 241 33 19454 21 4653 44 22 20 108 35 22 368 46
internal_value=8.41066e-08 0.318927 12.8848 0.142433 22.3629 -1.17203 4.06832 -5.88244 -9.75607 -0.372742 -30.8381 -53.0262 9.97794 26.5946
internal_weight=25165 19782 274 19508 54 5383 730 272 250 173 77 42 458 90
internal_count=25165 19782 274 19508 54 5383 730 272 250 173 77 42 458 90
is_linear=0
shrinkage=0.05


Tree=36
num_leaves=15
num_cat=0
split_feature=12 20 7 8 3 9 19 3 7 21 11 14 13 1
split_gain=3.67289e+06 6.07633e+06 9.06058e+06 7.22817e+06 1.41443e+07 8.40005e+06 5.61687e+06 8.4829e+06 5.69947e+06 1.1753e+07 1.25045e+07 1.23412e+07 8.3887e+06 7.66799e+06
threshold=0.20764748293810312 1356.0416618217057 59.558333333333344 63.808333333333337 2.5000000000000004 0.13879357932221373 1705.0185185185187 6.5000000000000009 7.6083333333333334 1.9372908444032302 300.51666666666671 0.067500000000000018 198.99000000000004 0.77500000000000013
decision_type=8 10 10 10 2 10 10 2 10 10 10 10 2 8
left_child=1 2 6 -3 -5 -6 8 -8 -1 10 13 -11 -12 -10
right_child=-2 3 -4 4 5 -7 7 -9 9 11 12 -13 -14 -15
leaf_value=0.13051379712775721 -0.19327287590695189 1.7058546097109131 33.834603633051337 16.244093113853818 -15.426461291313172 -55.040894529093862 2.0152632183498809 40.391365901629136 23.039849300538339 53.604703739166261 7.1225127581892345 8.3714592682687865 -26.326804755768691 4.1940461654743135
leaf_weight=1452 22828 102 23 21 32 23 36 24 62 25 29 38 53 417
leaf_count=1452 22828 102 23 21 32 23 36 24 62 25 29 38 53 417
internal_value=-2.99555e-09 1.8879 2.61996 -6.99137 -18.664 -31.9925 2.28385 17.3657 1.84796 5.84432 3.54478 26.3212 -14.4972 6.63338
internal_weight=25165 2337 2159 178 76 55 2136 60 2076 624 561 63 82 479
internal_count=25165 2337 2159 178 76 55 2136 60 2076 624 561 63 82 479
is_linear=0
shrinkage=0.05


Tree=37
num_leaves=15
num_cat=0
split_feature=9 4 4 11 18 14 16 7 17 5 17 14 14 14
split_gain=3.65682e+06 8.70284e+06 9.53192e+06 7.49549e+06 6.58816e+06 8.09997e+06 5.90848e+06 5.36025e+06 1.59776e+07 1.3888e+07 1.28542e+07 1.22705e+07 1.04501e+07 9.94744e+06
threshold=21.30984509145204 1.5413888888888891 2.230694444444445 1.7750000000000001 0.33647798742138368 0.082500000000000018 0.53453935442540101 361.33333333333343 31.500000000000004 0.19643966948202704 15.500000000000002 0.052500000000000012 0.027500000000000007 0.017500000000000005
decision_type=10 2 2 10 8 10 10 10 10 10 8 10 10 10
left_child=7 6 3 -3 5 -4 -2 -1 10 -10 11 13 -12 -9
right_child=1 2 4 -5 -6 -7 -8 8 9 -11 12 -13 -14 -15
leaf_value=-0.0071446030732819207 -3.010064862925431 49.5728669686751 -31.775426086095663 7.2798898208141329 7.1770050552308051 4.072736444473267 -33.962722513221557 7.9129015241350444 -12.404667133238258 -62.406280172438848 43.53607551401312 8.2827765800334792 4.2862521556382243 -31.59680164077065
leaf_weight=24330 58 22 26 20 349 40 21 21 41 21 22 54 74 66
leaf_count=24330 58 22 26 20 349 40 21 21 41 21 22 54 74 66
internal_value=-2.79268e-09 4.08568 6.73463 29.4334 4.43741 -10.0493 -11.238 -0.0889164 -6.74279 -29.3407 -0.831104 -10.4393 13.281 -22.06
internal_weight=25165 536 457 42 415 66 79 24629 299 62 237 141 96 87
internal_count=25165 536 457 42 415 66 79 24629 299 62 237 141 96 87
is_linear=0
shrinkage=0.05


Tree=38
num_leaves=15
num_cat=0
split_feature=17 14 15 13 19 4 19 19 14 13 14 5 20 4
split_gain=3.6206e+06 6.48387e+06 9.58938e+06 1.03192e+07 7.89555e+06 8.93754e+06 6.58916e+06 6.2019e+06 6.81606e+06 2.27161e+07 1.17445e+07 6.68165e+06 5.78668e+06 6.12379e+06
threshold=1.5000000000000002 0.10250000000000002 0.7947368421052633 203.155 389.64547091283208 0.11180555555555556 90.980000000000004 766.56801075014585 0.037500000000000012 204.58500000000004 0.027500000000000007 6.4443950418486731 1020.9972222222224 3.7647222222222223
decision_type=10 10 8 2 8 2 10 8 8 2 10 8 8 2
left_child=1 2 3 -1 5 -4 -7 -6 9 10 -9 12 -10 -14
right_child=-2 -3 4 -5 7 6 -8 8 11 -11 -12 -13 13 -15
leaf_value=2.659324493408203 -0.14900184947481443 -4.6309295099605334 -32.270190651186049 53.451038980484014 24.076530136206213 13.077715268873034 -15.277775438129902 -4.5461850887537008 -25.357568826675418 57.308495786666867 38.291660499572757 4.1220746046701526 -7.9852952480489439 21.576546866243536
leaf_weight=20 23702 267 31 20 39 42 40 80 35 25 20 736 86 22
leaf_count=20 23702 267 31 20 39 42 40 80 35 25 20 736 86 22
internal_value=1.90878e-08 2.41397 3.98671 28.0552 3.15389 -9.4002 -0.754231 4.51401 3.75411 14.6788 4.02138 2.20055 -7.68927 -1.96344
internal_weight=25165 1463 1196 40 1156 113 82 1043 1004 125 100 879 143 108
internal_count=25165 1463 1196 40 1156 113 82 1043 1004 125 100 879 143 108
is_linear=0
shrinkage=0.05


Tree=39
num_leaves=15
num_cat=0
split_feature=15 20 2 17 17 15 7 5 14 1 20 14 8 10
split_gain=3.63625e+06 1.12952e+07 1.11223e+07 1.36061e+07 3.98116e+06 7.08274e+06 6.10015e+06 1.31457e+07 2.0399e+07 6.18169e+06 4.85447e+06 8.05927e+06 1.00781e+07 1.1442e+07
threshold=0.10357142857142858 1145.9136607142859 0.21627906976744191 14.500000000000002 1.5000000000000002 0.4040816326530613 87.458333333333357 0.30556123954419961 0.047500000000000007 11.683333333333335 232.25555555555559 0.10250000000000002 58.483333333333341 24.975000000000005
decision_type=8 8 8 10 10 8 8 10 10 10 10 8 8 10
left_child=1 -1 3 -2 5 -4 9 -8 -9 -7 11 12 -6 -14
right_child=2 -3 4 -5 10 6 7 8 -10 -11 -12 -13 13 -15
leaf_value=-0.74771048960747655 0.28199337768554689 -42.116721761794317 31.363963606244045 55.611649305820471 -3.0340207384928215 -0.58829663324091586 3.1400350438661446 63.241418178876245 5.2005278924616372 -28.823069257736208 0.037076482703222634 0.45363225073336522 0.3374132871627808 -24.250628771816476
leaf_weight=77 25 21 21 20 579 631 711 24 41 20 21867 918 72 138
leaf_count=77 25 21 21 20 579 631 711 24 41 20 21867 918 72 138
internal_value=2.34284e-09 -9.6125 0.0375803 24.873 -0.00708408 2.53767 2.11346 5.10771 26.631 -1.45572 -0.163392 -2.73143 -6.43725 -15.8204
internal_weight=25165 98 25067 45 25022 1448 1427 776 65 651 23574 1707 789 210
internal_count=25165 98 25067 45 25022 1448 1427 776 65 651 23574 1707 789 210
is_linear=0
shrinkage=0.05


Tree=40
num_leaves=15
num_cat=0
split_feature=20 19 14 11 13 11 7 19 17 5 7 20 21 11
split_gain=3.45422e+06 8.35797e+06 6.87765e+06 1.42523e+07 1.54688e+07 1.17688e+07 1.18244e+07 1.62028e+07 8.05206e+06 1.51284e+07 1.25499e+07 1.72859e+07 2.76422e+07 1.80038e+07
threshold=533.52523491272302 3462.4317460317466 0.062500000000000014 227.00000000000003 210.79500000000004 179.31250000000003 336.90000000000003 630.18459698196557 19.500000000000004 0.36320224544690932 32.225000000000009 436.76630666681814 1.0555836515966632 72.537500000000023
decision_type=8 10 10 10 2 10 10 8 10 8 10 10 10 8
left_child=1 2 3 5 -5 6 8 -8 9 -1 -11 -12 -13 -14
right_child=-2 -3 -4 4 -6 -7 7 -9 -10 10 11 12 13 -15
leaf_value=37.989912091768709 0.40233726519064056 -31.629179807142776 0.29812060465443946 1.3176786191535719 56.212125305902397 -39.69636845805428 -0.21266533136367799 -51.813439763825514 -5.2876993325059685 1.717399450115233 -1.3988014122747607 0.28066334473459342 -25.724757423400877 -92.813892555236819
leaf_weight=26 17099 22 5249 33 21 22 32 29 1302 1097 155 38 20 20
leaf_count=26 17099 22 5249 33 21 22 32 29 1302 1097 155 38 20 20
internal_value=-3.01825e-08 -0.852909 -0.768737 -2.77229 22.6655 -3.27344 -2.97873 -24.7442 -2.47923 0.217406 -0.521004 -11.0598 -30.2578 -59.2693
internal_weight=25165 8066 8044 2795 54 2741 2719 61 2658 1356 1330 233 78 40
internal_count=25165 8066 8044 2795 54 2741 2719 61 2658 1356 1330 233 78 40
is_linear=0
shrinkage=0.05


Tree=41
num_leaves=15
num_cat=0
split_feature=18 4 9 2 10 8 5 8 12 11 12 8 17 8
split_gain=3.38684e+06 7.26635e+06 7.33974e+06 7.12937e+06 7.40626e+06 1.50416e+07 1.87284e+07 8.60773e+06 9.1374e+06 1.10689e+07 9.25313e+06 8.96161e+06 7.57492e+06 7.49596e+06
threshold=0.72821969696969713 10.784027777777778 28.272409538561231 0.71825396825396848 78.125000000000014 61.891666666666673 0.7193808879845689 17.341666666666672 0.79625268130241322 35.529166666666676 0.47581298340331285 43.612500000000004 16.500000000000004 179.10416666666669
decision_type=10 2 10 8 8 10 10 10 10 10 10 10 10 10
left_child=-1 2 3 -2 7 -6 -7 -5 10 12 13 -11 -10 -9
right_child=1 -3 -4 4 5 6 -8 8 9 11 -12 -13 -14 -15
leaf_value=0.21392521884026405 28.543379364013674 -10.216193786515131 19.384288826855748 -1.5204464540536939 -2.7315676222646279 -10.673985921442508 -59.521348417722265 9.8210973353856623 -3.5085939140319824 62.421389881769812 -14.194419374038924 15.655379180908206 32.900344424247741 -14.995324222019741
leaf_weight=22152 20 225 44 1281 891 80 26 233 50 21 67 20 20 35
leaf_count=22152 20 225 44 1281 891 80 26 233 50 21 67 20 20 35
internal_value=-4.97905e-08 -1.57281 -0.875262 -1.20012 -1.4185 -4.84985 -22.6554 0.562418 6.54481 18.9778 2.42523 39.6087 6.89396 6.58015
internal_weight=25165 3013 2788 2744 2724 997 106 1727 446 111 335 41 70 268
internal_count=25165 3013 2788 2744 2724 997 106 1727 446 111 335 41 70 268
is_linear=0
shrinkage=0.05


Tree=42
num_leaves=15
num_cat=0
split_feature=7 16 19 2 4 1 16 10 18 20 1 14 20 21
split_gain=3.38148e+06 7.30019e+06 7.07709e+06 3.85073e+06 7.61824e+06 6.52211e+06 5.82999e+06 5.34321e+06 6.08378e+06 4.08213e+06 3.90378e+06 5.5852e+06 4.04738e+06 7.17191e+06
threshold=0.22500000000000003 1.5419764230904954e-16 864.6565842490844 2.5192307692307696 0.83541666666666681 0.2416666666666667 0.80876234018461579 28.491666666666671 0.55618686868686884 871.66805555555572 0.058333333333333341 0.04250000000000001 202.78672699849173 8.5188538532219464
decision_type=8 8 8 10 2 10 8 8 10 10 8 8 8 10
left_child=1 2 -1 10 5 6 -5 8 -7 -6 11 -2 -12 -14
right_child=3 -3 -4 4 9 7 -8 -9 -10 -11 12 -13 13 -15
leaf_value=-5.0005244070833381 22.212420660410174 -1.0974933925451655 -45.580401968104496 9.8470911312103269 6.4530929624723896 3.7442190777870921 -21.260504603776777 12.753504051070616 -24.692152542538114 20.41350994143221 -3.5946471536759201 2.6564453385158124 0.019964470822521237 -19.531615622500155
leaf_weight=22 39 132 21 20 192 62 61 83 27 72 820 572 22995 47
leaf_count=22 39 132 21 20 192 62 61 83 27 72 820 572 22995 47
internal_value=1.37636e-08 -6.92611 -24.8186 0.0485022 4.31879 -1.88124 -13.5796 3.62787 -4.88255 10.2605 -0.0417089 3.9047 -0.142759 -0.0199159
internal_weight=25165 175 43 24990 517 253 81 172 89 264 24473 611 23862 23042
internal_count=25165 175 43 24990 517 253 81 172 89 264 24473 611 23862 23042
is_linear=0
shrinkage=0.05


Tree=43
num_leaves=15
num_cat=0
split_feature=5 17 17 18 19 18 19 1 13 8 13 18 2 21
split_gain=3.34638e+06 1.76721e+07 1.88462e+07 1.23503e+07 1.10388e+07 2.29825e+07 9.85356e+06 1.02545e+07 1.3313e+07 1.3107e+07 1.28795e+07 1.06459e+07 9.34526e+06 9.25985e+06
threshold=0.5610025369388798 22.500000000000004 43.500000000000007 0.35604829347573724 723.47866300366309 0.57043650793650802 1578.7700595238098 3.3750000000000004 172.67000000000004 93.908333333333346 184.93500000000003 0.55370879120879135 0.87750000000000017 1.2974814121823042
decision_type=10 10 8 10 10 10 10 10 2 8 2 10 8 10
left_child=1 12 6 -4 -5 -6 7 -3 9 -9 -10 -12 -1 -14
right_child=-2 2 3 4 5 -7 -8 8 10 -11 11 -13 13 -15
leaf_value=24.485098334721158 -0.35314585417675071 -5.6692820726053137 -29.919176329536874 4.0603102251160434 9.9363451202194426 66.894979974497915 -37.294529042036636 24.222511482238772 56.059405679702763 -14.53669903569601 24.377200253113458 -17.285113442462425 1.3571147996674462 6.9433370269541417
leaf_weight=49 18300 1665 22 328 77 23 23 29 20 88 46 23 3533 939
leaf_count=49 18300 1665 22 328 77 23 23 29 20 88 46 23 3533 939
internal_value=-2.15339e-09 0.941379 -2.58178 6.6161 8.49408 23.0368 -4.76712 -4.36726 6.15634 -4.92972 20.7301 10.4898 2.76803 2.53007
internal_weight=25165 6865 2344 450 428 100 1894 1871 206 117 89 69 4521 4472
internal_count=25165 6865 2344 450 428 100 1894 1871 206 117 89 69 4521 4472
is_linear=0
shrinkage=0.05


Tree=44
num_leaves=15
num_cat=0
split_feature=19 19 13 2 10 20 1 10 10 20 14 18 7 21
split_gain=3.40692e+06 1.57661e+07 1.58333e+07 8.57701e+06 1.79022e+07 8.35013e+06 1.49433e+07 9.70572e+06 8.58958e+06 1.36853e+07 1.08587e+07 9.42179e+06 8.97176e+06 1.46814e+07
threshold=874.9654188948308 864.6565842490844 405.30500000000006 0.21627906976744191 85.800000000000011 1343.3434267486903 37.016666666666673 286.85833333333341 162.81666666666669 1135.0333333333335 0.022500000000000003 0.43969696969696975 336.90000000000003 1.3913135295325876
decision_type=10 10 2 8 8 10 10 10 10 10 10 10 10 10
left_child=1 3 -3 4 -1 8 7 -7 -2 10 -10 -11 -12 -14
right_child=5 2 -4 -5 -6 6 -8 -9 9 11 12 -13 13 -15
leaf_value=-2.9301236065951262 -1.0296285851715898 7.7663016154063689 44.695126059561062 0.080954938976752294 56.124487586248485 -5.4912180710782188 -38.852618292606245 27.508077878537389 29.509344526018413 52.025777191162121 4.7417047822156126 11.332409396316066 -51.218416166305545 -2.4851278340115268
leaf_weight=33 4152 241 33 19454 21 714 33 23 35 25 280 33 20 68
leaf_count=33 4152 241 33 19454 21 714 33 23 35 25 280 33 20 68
internal_value=-5.90962e-08 0.30348 12.2139 0.136191 20.0356 -1.11526 -5.9353 -4.46139 -0.310699 6.16434 2.89615 28.8727 0.365001 -13.5609
internal_weight=25165 19782 274 19508 54 5383 770 737 4613 461 403 58 368 88
internal_count=25165 19782 274 19508 54 5383 770 737 4613 461 403 58 368 88
is_linear=0
shrinkage=0.05


Tree=45
num_leaves=15
num_cat=0
split_feature=15 20 2 21 17 15 7 5 14 1 10 21 14 19
split_gain=3.3548e+06 1.02143e+07 8.96849e+06 1.27129e+07 3.47685e+06 6.28771e+06 5.29799e+06 1.17255e+07 1.83712e+07 5.59618e+06 4.602e+06 4.04542e+06 8.68644e+06 1.10314e+07
threshold=0.10357142857142858 1145.9136607142859 0.21627906976744191 0.85317629692494157 1.5000000000000002 0.4040816326530613 87.458333333333357 0.30556123954419961 0.047500000000000007 11.683333333333335 463.90000000000003 8.5188538532219464 0.11250000000000003 514.11872130998347
decision_type=8 8 8 8 10 8 8 10 10 10 8 8 10 10
left_child=1 -1 3 -2 5 -4 9 10 -9 -7 -8 -6 13 -13
right_child=2 -3 4 -5 11 6 7 8 -10 -11 -12 12 -14 -15
leaf_value=-0.80304692441766923 50.748254980359761 -40.142833246503557 29.534403147016253 -2.5218023558457694 0.0054949167736626729 -0.52650122072919614 -14.262193217148653 59.83536942799887 4.7549004461707147 -27.390878704786303 3.8490097918213304 -1.6031544936329962 2.8794281805856765 -13.633095339086612
leaf_weight=77 21 21 21 24 22315 631 37 24 41 20 674 535 428 296
leaf_count=77 21 21 21 24 22315 631 37 24 41 20 674 535 428 296
internal_value=1.18518e-08 -9.233 0.0360966 22.3376 -0.0040107 2.37411 1.97442 4.76486 25.0923 -1.35183 2.90651 -0.150084 -2.90762 -5.88819
internal_weight=25165 98 25067 45 25022 1448 1427 776 65 651 711 23574 1259 831
internal_count=25165 98 25067 45 25022 1448 1427 776 65 651 711 23574 1259 831
is_linear=0
shrinkage=0.05


Tree=46
num_leaves=15
num_cat=0
split_feature=12 7 19 18 4 20 19 2 4 14 21 2 15 16
split_gain=3.35207e+06 5.65825e+06 5.44792e+06 8.27942e+06 8.32941e+06 5.89994e+06 9.38e+06 5.05269e+06 6.19486e+06 1.03926e+07 4.43739e+06 1.47987e+07 8.0161e+06 1.07991e+07
threshold=0.20764748293810312 59.558333333333344 1424.2639336917564 0.53896761133603255 12.093333333333335 1284.2315581854043 1172.2153846153849 1.1464285714285716 3.1654166666666672 0.077500000000000027 0.25552219109382918 0.67333333333333345 1.7171428571428573 0.17662364176596554
decision_type=8 10 10 10 2 10 8 8 2 10 8 8 8 10
left_child=1 2 5 4 -4 -1 7 -7 -9 -10 11 -2 13 -13
right_child=10 -3 3 -5 -6 6 -8 8 9 -11 -12 12 -14 -15
leaf_value=1.7777144302445724 44.350779551551454 23.75185655807627 9.5446994928752673 -13.62694552230835 42.81831368666429 7.7642480239272125 -38.064268038489608 7.1734333140982534 -43.610650986891528 -4.5015438214552645 -0.35092640278290121 -5.2732176268075959 7.3099700968388994 7.4426962443484719
leaf_weight=1992 21 29 68 25 26 64 22 36 26 49 21599 511 449 248
leaf_count=1992 21 29 68 25 26 64 22 36 26 49 21599 511 449 248
internal_value=4.10408e-09 1.80357 1.52779 11.9466 18.748 0.961396 -7.29295 -3.42455 -9.87576 -18.0594 -0.184639 2.73777 2.01436 -1.11835
internal_weight=25165 2337 2308 119 94 2189 197 175 111 75 22828 1229 1208 759
internal_count=25165 2337 2308 119 94 2189 197 175 111 75 22828 1229 1208 759
is_linear=0
shrinkage=0.05


Tree=47
num_leaves=15
num_cat=0
split_feature=9 3 5 8 7 20 14 19 13 13 7 4 16 21
split_gain=3.05429e+06 3.99679e+06 4.29088e+06 4.36613e+06 3.55312e+06 8.66352e+06 1.21234e+07 1.3387e+07 1.10185e+07 1.01657e+07 9.94041e+06 8.91517e+06 1.0455e+07 1.42865e+07
threshold=57.653439153439159 5.5000000000000009 0.7193808879845689 2.3541666666666674 336.90000000000003 501.76666666666671 0.057500000000000016 630.18459698196557 111.90500000000002 166.32000000000002 434.72500000000008 6.7659722222222234 0.39856977487673068 0.76993130839194135
decision_type=10 2 10 10 10 8 10 8 2 2 10 2 10 10
left_child=4 2 3 -2 -1 6 7 -6 10 -10 -7 -11 13 -13
right_child=1 -3 -4 -5 5 8 -8 -9 9 11 -12 12 -14 -15
leaf_value=0.028130320255186754 -7.0174652360734484 -4.7993577217651628 25.062414550153832 13.861770559126331 -8.1584326657381929 -0.14016664678400212 -0.76353962433338163 -62.155917247136443 25.372486644567445 -23.242108717090204 -47.671036132899197 -6.4292287065539258 -26.26312524722173 22.740397512621996
leaf_weight=24549 42 59 38 62 22 22 50 24 43 38 22 86 26 82
leaf_count=24549 42 59 38 62 22 22 50 24 43 38 22 86 26 82
internal_value=2.40167e-08 6.13884 10.6836 5.42977 -0.0494274 -4.63729 -17.8063 -36.331 -0.674207 3.04282 -23.9056 -1.09587 3.24205 7.80833
internal_weight=25165 201 142 104 24964 415 96 46 319 275 44 232 194 168
internal_count=25165 201 142 104 24964 415 96 46 319 275 44 232 194 168
is_linear=0
shrinkage=0.05


Tree=48
num_leaves=15
num_cat=0
split_feature=12 10 8 13 1 4 21 8 20 21 20 7 4 21
split_gain=3.02101e+06 5.23812e+06 1.03949e+07 1.84363e+07 9.64724e+06 5.02543e+06 4.55576e+06 7.44033e+06 7.22842e+06 6.27014e+06 5.2148e+06 5.77886e+06 7.98799e+06 6.61147e+06
threshold=0.20764748293810312 23.475000000000005 170.05833333333337 345.84000000000009 8.5083333333333346 4.5804166666666672 0.71624525887430135 67.491666666666688 1827.161111111111 0.77886858571460627 1284.2315581854043 7.6083333333333334 2.4929166666666673 1.2365663759646515
decision_type=8 10 10 2 10 2 8 10 10 8 10 10 2 10
left_child=1 6 3 5 -4 -3 7 -1 -9 -8 11 -11 -13 -14
right_child=-2 2 4 -5 -6 -7 9 8 -10 10 -12 12 13 -15
leaf_value=0.6020334215268951 -0.17528437214334983 28.08108407883417 -11.689400982856752 57.419047667888492 20.011087661319308 -1.4381741565206778 14.389198917375422 -7.388207202003553 -38.635066740853446 0.078527116626335339 -20.879414806365968 29.01005002046243 -2.1611554665170658 12.594119648706346
leaf_weight=586 22828 21 72 26 36 46 106 156 21 899 25 39 157 147
leaf_count=586 22828 21 72 26 36 46 106 156 21 899 25 39 157 147
internal_value=-3.11797e-08 1.71219 9.42888 21.6822 -1.12257 7.81413 0.986042 -2.11154 -11.0955 2.70742 1.7301 2.1852 7.70678 4.9738
internal_weight=25165 2337 201 93 108 67 2136 763 177 1373 1267 1242 343 304
internal_count=25165 2337 201 93 108 67 2136 763 177 1373 1267 1242 343 304
is_linear=0
shrinkage=0.05


Tree=49
num_leaves=15
num_cat=0
split_feature=5 17 17 18 15 15 18 19 1 14 5 20 11 15
split_gain=3.00362e+06 1.58566e+07 1.69972e+07 1.17254e+07 1.70888e+07 9.93069e+06 9.54062e+06 8.83981e+06 9.04244e+06 1.20753e+07 1.54672e+07 9.03407e+06 8.22281e+06 8.02763e+06
threshold=0.5610025369388798 22.500000000000004 43.500000000000007 0.59594926350245514 0.48809523809523819 1.6638418079096049 0.35604829347573724 1578.7700595238098 3.3750000000000004 0.027500000000000007 0.31976078083842335 789.12914982804421 95.325000000000017 0.96178188899707895
decision_type=10 10 10 10 10 10 10 10 10 10 10 10 8 8
left_child=1 13 7 5 -5 6 -4 8 -3 -10 11 -11 -12 -1
right_child=-2 2 3 4 -6 -7 -8 -9 9 10 12 -13 -14 -15
leaf_value=14.155588765666909 -0.33457125226438778 -5.3647178396497583 -27.352806575525378 9.2396053344011317 64.25002460479736 -23.777330827713016 7.4075834288060847 -35.329576259074003 34.502281312019598 -38.604917415495841 33.988711128234868 -0.11604519486427307 3.4934484039388951 2.2372601165696131
leaf_weight=146 18300 1665 21 48 20 32 329 23 31 31 30 30 84 4375
leaf_count=146 18300 1665 21 48 20 32 329 23 31 31 30 30 84 4375
internal_value=1.95804e-08 0.891865 -2.44542 6.28958 25.4191 2.88432 5.32196 -4.5208 -4.14207 5.74004 0.645013 -19.676 11.5185 2.62215
internal_weight=25165 6865 2344 450 68 382 350 1894 1871 206 175 61 114 4521
internal_count=25165 6865 2344 450 68 382 350 1894 1871 206 175 61 114 4521
is_linear=0
shrinkage=0.05


Tree=50
num_leaves=15
num_cat=0
split_feature=15 20 2 17 17 15 7 14 13 14 20 15 7 14
split_gain=3.00344e+06 9.08175e+06 7.83676e+06 1.22586e+07 3.07035e+06 5.62066e+06 4.66827e+06 1.43458e+07 2.44072e+07 1.21805e+07 1.13739e+07 8.32506e+06 7.32406e+06 1.20457e+07
threshold=0.10357142857142858 1145.9136607142859 0.21627906976744191 14.500000000000002 1.5000000000000002 0.4040816326530613 5.5750000000000002 0.04250000000000001 203.155 0.052500000000000012 965.79247478711784 2.438438438438439 2.1250000000000004 0.012500000000000002
decision_type=8 8 8 10 10 8 8 8 2 8 10 10 10 10
left_child=1 -1 3 -2 5 -4 12 8 10 -9 11 -8 -7 -14
right_child=2 -3 4 -5 -6 6 7 9 -10 -11 -12 -13 13 -15
leaf_value=-0.78724809838579857 -2.4604205741882326 -37.882032110577541 27.910650925409229 50.057932009696962 -0.14060576917521281 2.9440275180873008 35.381904574802945 -18.881228852622652 54.333876572714921 3.0791820818347628 -27.952275657653811 -2.5267195510864262 -47.631527857780462 -5.9499118668299458
leaf_weight=77 25 21 21 20 23574 211 28 68 36 884 20 30 20 130
leaf_count=77 25 21 21 20 23574 211 28 68 36 884 20 30 20 130
internal_value=2.00557e-08 -8.73613 0.0341541 20.8811 -0.00333734 2.23145 1.85355 3.51777 20.2795 1.51058 4.56213 15.774 -3.06075 -11.5075
internal_weight=25165 98 25067 45 25022 1448 1427 1066 114 952 78 58 361 150
internal_count=25165 98 25067 45 25022 1448 1427 1066 114 952 78 58 361 150
is_linear=0
shrinkage=0.05


Tree=51
num_leaves=15
num_cat=0
split_feature=7 14 1 2 8 19 10 20 14 7 17 17 18 19
split_gain=2.99136e+06 6.62862e+06 3.63563e+06 5.44711e+06 1.79691e+07 1.56495e+07 1.74799e+07 5.29916e+06 5.34099e+06 5.12777e+06 1.48394e+07 1.44299e+07 1.14807e+07 1.08892e+07
threshold=0.22500000000000003 0.037500000000000012 2.4416666666666669 0.71825396825396848 14.812500000000002 672.86555860805879 6.8083333333333345 2576.3491228070179 0.077500000000000027 130.80833333333337 22.500000000000004 47.500000000000007 0.8021739130434784 934.20225586611468
decision_type=8 10 8 10 8 8 10 10 10 8 10 10 10 10
left_child=1 -1 3 4 -2 6 -6 -5 -9 -4 -11 12 -12 -13
right_child=2 -3 9 7 5 -7 -8 8 -10 10 11 13 -14 -15
leaf_value=-32.866305084526537 -4.793326862532683 -2.9208807812882709 -0.85362359125698084 1.0230732720917546 80.848189716339107 1.1125554384504046 20.087387796106011 -35.25162137389183 -2.5064943196195544 2.6258420835571634 -3.692669003817441 4.9051715405363794 -41.780020217895512 39.419899959564212
leaf_weight=21 99 154 12938 5494 20 35 29 20 33 4167 1844 266 20 25
leaf_count=21 99 154 12938 5494 20 35 29 20 33 4167 1844 266 20 25
internal_value=3.62009e-08 -6.51433 0.0456186 1.15129 9.63879 26.6481 44.8877 0.871285 -14.8631 -0.283329 0.883783 -2.48474 -4.10133 7.87035
internal_weight=25165 175 24990 5730 183 84 49 5547 53 19260 6322 2155 1864 291
internal_count=25165 175 24990 5730 183 84 49 5547 53 19260 6322 2155 1864 291
is_linear=0
shrinkage=0.05


Tree=52
num_leaves=15
num_cat=0
split_feature=19 19 13 19 1 14 12 5 18 20 18 16 13 10
split_gain=2.96597e+06 1.422e+07 1.42038e+07 7.9813e+06 9.47067e+06 2.07398e+07 1.83782e+07 7.55546e+06 1.0602e+07 1.31613e+07 2.7298e+07 2.09158e+07 1.71908e+07 1.20854e+07
threshold=874.9654188948308 864.6565842490844 405.30500000000006 974.81824047297744 4.0583333333333345 0.067500000000000018 2.0194595707594272 0.73324733856898383 0.46453722334004027 1060.9590277777781 0.5187529301453353 0.30940028076712595 348.11000000000007 26.19166666666667
decision_type=10 10 2 10 10 10 8 8 10 8 10 10 2 8
left_child=1 -1 -3 4 -2 6 -6 8 -5 12 11 -11 13 -10
right_child=3 2 -4 7 5 -7 -8 -9 9 10 -12 -13 -14 -15
leaf_value=0.12428567441787991 -2.9720683839776756 7.381999991939276 42.359018744844377 10.040014210226888 -7.1703637622651604 -3.5453548379314754 -68.588746619892532 -1.1175696425498021 -9.6492801189422615 -72.434757826063375 -0.70296829166816688 -4.9728138828277588 -7.8849205025920162 26.814259559994653
leaf_weight=19508 955 241 33 403 21 103 29 3412 29 27 171 20 108 105
leaf_count=19508 955 241 33 403 21 103 29 3412 29 27 171 20 108 105
internal_value=-4.32042e-08 0.28316 11.5946 -1.04059 -4.82234 -16.3714 -42.793 -0.0604275 4.11914 -1.06806 -9.97891 -43.7275 6.95908 18.9229
internal_weight=25165 19782 274 5383 1108 153 50 4275 863 460 218 47 242 134
internal_count=25165 19782 274 5383 1108 153 50 4275 863 460 218 47 242 134
is_linear=0
shrinkage=0.05


Tree=53
num_leaves=15
num_cat=0
split_feature=2 4 19 10 7 20 4 18 18 10 7 2 14 13
split_gain=2.92883e+06 8.46753e+06 5.1606e+06 5.1647e+06 8.17121e+06 6.35466e+06 4.05058e+06 4.10944e+06 4.2625e+06 3.75411e+06 3.64655e+06 1.00197e+07 8.58027e+06 2.22013e+07
threshold=2.5192307692307696 0.013194444444444446 275.04473684210529 28.966666666666672 14.058333333333335 659.5403628117914 2.4929166666666673 0.37348305202957183 0.54366895499618628 35.558333333333344 361.33333333333343 1.1937500000000003 0.052500000000000012 151.59500000000003
decision_type=10 2 8 10 10 8 2 10 10 10 10 10 10 2
left_child=10 -2 9 4 -4 -6 -5 -8 -9 -3 -1 12 13 -12
right_child=1 2 3 6 5 -7 7 8 -10 -11 11 -13 -14 -15
leaf_value=0.001096333443010815 -23.560567467300984 32.082604856943263 3.6400000419628107 20.775315175697969 -35.314924148277001 -1.8791665554046633 -13.262308353424073 19.358620923173195 -1.881297375803644 4.3238460449945357 -54.278264202117924 -33.609312997545516 4.4153729246673628 -3.5691266745328907
leaf_weight=24228 27 29 209 59 27 30 25 51 44 21 25 28 204 158
leaf_count=24228 27 29 209 59 27 30 25 51 44 21 25 28 204 158
internal_value=6.95767e-09 3.70621 5.19349 3.4822 -0.936534 -17.7172 10.0486 4.77462 9.52119 20.4239 -0.0785067 -4.72579 -2.63603 -10.4966
internal_weight=25165 522 495 445 266 57 179 120 95 50 24643 415 387 183
internal_count=25165 522 495 445 266 57 179 120 95 50 24643 415 387 183
is_linear=0
shrinkage=0.05


Tree=54
num_leaves=15
num_cat=0
split_feature=18 14 9 1 15 19 19 12 8 8 18 5 21 20
split_gain=2.92286e+06 6.89443e+06 1.73362e+07 1.51081e+07 1.26639e+07 7.82781e+06 6.24765e+06 6.19112e+06 1.6677e+07 6.86725e+06 8.23147e+06 1.02369e+07 8.30538e+06 1.56483e+07
threshold=0.72821969696969713 0.062500000000000014 28.272409538561231 30.825000000000003 0.83666666666666678 630.18459698196557 1578.7700595238098 0.12305399114001768 96.96250000000002 37.954166666666673 0.7974358974358976 0.31976078083842335 0.89560065542131473 800.91430014430023
decision_type=10 10 10 10 8 10 10 8 10 10 10 10 10 10
left_child=-1 2 3 4 -2 7 -7 -6 9 10 11 12 13 -9
right_child=1 -3 -4 -5 5 6 -8 8 -10 -11 -12 -13 -14 -15
leaf_value=0.19873222675207772 24.937522242409841 0.37208913556556245 39.363240450078791 -47.466481563023166 21.952957737887349 -12.191373934657188 4.2959432896339536 -17.515124174952508 -45.192075300216679 21.338834618799616 -7.4707562386461177 -6.928956197102865 43.295450075467429 32.029126335592835
leaf_weight=22152 35 1898 22 21 27 444 66 30 22 33 282 75 24 34
leaf_count=22152 35 1898 22 21 27 444 66 30 22 33 282 75 24 34
internal_value=1.17082e-08 -1.46111 -4.58165 -5.46618 -4.64341 -5.6418 -10.0577 -1.36833 -2.62768 -0.668653 -2.30067 6.6439 18.2117 8.80526
internal_weight=25165 3013 1115 1093 1072 1037 510 527 500 478 445 163 88 64
internal_count=25165 3013 1115 1093 1072 1037 510 527 500 478 445 163 88 64
is_linear=0
shrinkage=0.05


Tree=55
num_leaves=15
num_cat=0
split_feature=20 19 14 11 13 11 7 18 2 17 5 19 21 11
split_gain=2.94704e+06 6.92909e+06 6.1346e+06 1.24138e+07 1.39204e+07 1.09725e+07 9.28319e+06 1.36308e+07 7.21854e+06 8.09424e+06 1.265e+07 1.08793e+07 9.19682e+06 1.13751e+07
threshold=533.52523491272302 3462.4317460317466 0.062500000000000014 227.00000000000003 210.79500000000004 179.31250000000003 336.90000000000003 0.46609195402298859 0.80909090909090919 19.500000000000004 0.36320224544690932 305.46663029641758 3.1003151566381937 5.5083333333333337
decision_type=8 10 10 10 2 10 10 10 8 10 8 10 10 10
left_child=1 2 3 5 -5 6 8 -8 -1 10 -10 -11 -13 -14
right_child=-2 -3 -4 4 -6 -7 7 -9 9 11 -12 12 13 -15
leaf_value=-27.597130137043344 0.37162795101587481 -28.810097174210984 0.29641156013437386 0.88578010183392153 52.960472869873051 -38.240299166332591 -52.452279347958772 -3.6837023308402617 35.186329632539014 -20.324438484623318 -0.033765753390403781 -2.5724481497770415 -42.720628142356873 3.9839042240923099
leaf_weight=28 17099 22 5249 33 21 22 23 38 26 105 1312 1133 32 22
leaf_count=28 17099 22 5249 33 21 22 23 38 26 105 1312 1133 32 22
internal_value=-1.15208e-08 -0.787809 -0.711169 -2.6034 21.137 -3.07111 -2.78655 -22.0719 -2.34396 -2.0751 0.650631 -4.89788 -3.53328 -23.6929
internal_weight=25165 8066 8044 2795 54 2741 2719 61 2658 2630 1338 1292 1187 54
internal_count=25165 8066 8044 2795 54 2741 2719 61 2658 2630 1338 1292 1187 54
is_linear=0
shrinkage=0.05


Tree=56
num_leaves=15
num_cat=0
split_feature=15 20 2 20 16 8 7 15 17 2 14 20 7 5
split_gain=2.77017e+06 8.23772e+06 6.85814e+06 1.11428e+07 3.07077e+06 8.29025e+06 1.65253e+07 7.21956e+06 1.4675e+07 1.08194e+07 1.51758e+07 7.5841e+06 1.08389e+07 1.05462e+07
threshold=0.10357142857142858 1145.9136607142859 0.21627906976744191 696.66188968459494 0.12509589498282639 244.76666666666668 64.38333333333334 1.8208556149732622 30.500000000000004 2.183333333333334 0.037500000000000012 494.37968861662802 336.90000000000003 0.36320224544690932
decision_type=8 8 8 10 10 10 10 10 10 10 10 8 10 8
left_child=1 -1 3 -2 7 -6 -7 11 -9 10 -10 12 13 -4
right_child=2 -3 4 -5 5 6 -8 8 9 -11 -12 -13 -14 -15
leaf_value=-0.81950700314013991 -5.9051323573697694 -36.148523909705027 16.156330403280847 43.86844095976457 0.56616987631734617 1.5081664287682737 38.630653167325399 -1.3826106766142103 -44.620064576466881 -0.24486148576987421 -11.54870791521269 0.52647473359899644 -22.937199639492349 -2.0790774132237058
leaf_weight=77 22 21 81 23 8364 99 43 886 54 76 97 11510 61 3751
leaf_count=77 22 21 81 23 8364 99 43 886 54 76 97 11510 61 3751
internal_value=-2.77726e-08 -8.39001 0.0328009 19.5347 -0.00227164 0.769559 12.7495 -0.399777 -4.28869 -15.6314 -23.3756 -0.118769 -2.02649 -1.69362
internal_weight=25165 98 25067 45 25022 8506 142 16516 1113 227 151 15403 3893 3832
internal_count=25165 98 25067 45 25022 8506 142 16516 1113 227 151 15403 3893 3832
is_linear=0
shrinkage=0.05


Tree=57
num_leaves=15
num_cat=0
split_feature=2 4 19 19 4 4 7 18 10 20 1 1 4 20
split_gain=2.73097e+06 7.63177e+06 4.65935e+06 4.80419e+06 4.34441e+06 5.62292e+06 5.38725e+06 5.16324e+06 4.87809e+06 4.3237e+06 4.16647e+06 4.06526e+06 3.94926e+06 3.65859e+06
threshold=2.5192307692307696 0.013194444444444446 275.04473684210529 343.66851832149558 1.3916666666666668 2.4466666666666672 9.2250000000000014 0.36681957186544351 46.025000000000006 583.36820717294415 1.1083333333333336 0.19166666666666668 0.066527777777777783 5212.3888888888896
decision_type=10 2 8 8 2 2 10 8 10 10 10 10 2 10
left_child=13 -2 -3 -4 6 8 9 -7 -6 12 -8 -11 -5 -1
right_child=1 2 3 4 5 7 10 -9 -10 11 -12 -13 -14 -15
leaf_value=-0.041700511894081804 -22.307357804863543 19.462692346572879 -16.684078911372595 27.374458156093478 7.5181525683403017 -12.391239815950394 -30.606078210331148 10.063654187181966 40.953087528546654 -21.257584036480296 -3.536927303400907 4.0458237740031455 3.3264203429222108 -10.957632939614259
leaf_weight=24566 27 50 28 31 20 32 21 128 24 22 44 57 38 77
leaf_count=24566 27 50 28 31 20 32 21 128 24 22 44 57 38 77
internal_value=-2.82989e-08 3.57883 4.99081 3.36475 4.71096 9.92581 -0.283545 5.57268 25.7554 4.9862 -12.2823 -3.00069 14.1306 -0.0758086
internal_weight=25165 522 495 445 417 204 213 160 44 148 65 79 69 24643
internal_count=25165 522 495 445 417 204 213 160 44 148 65 79 69 24643
is_linear=0
shrinkage=0.05


Tree=58
num_leaves=15
num_cat=0
split_feature=19 19 13 20 1 7 20 9 8 11 7 19 14 7
split_gain=2.69116e+06 1.30894e+07 9.12188e+06 7.20658e+06 1.31047e+07 9.00723e+06 8.34141e+06 1.70293e+07 2.49329e+07 1.60605e+07 8.8891e+06 1.56687e+07 8.64592e+06 2.57753e+07
threshold=874.9654188948308 861.40492424242427 405.30500000000006 1343.3434267486903 37.016666666666673 244.03333333333336 1257.667261904762 0.78692815677445671 14.445833333333335 37.391666666666673 140.80833333333337 1312.1000000000001 0.017500000000000005 75.88333333333334
decision_type=10 10 2 10 10 10 10 10 10 10 8 10 8 10
left_child=1 -1 -3 6 5 -5 12 9 -9 10 -8 -12 13 -2
right_child=3 2 -4 4 -6 -7 7 8 -10 -11 11 -13 -14 -15
leaf_value=0.092156485157731921 -0.86109574187186466 6.9688111612209687 33.137988581528532 -5.2274171052592813 -36.294878110018644 22.74494286219279 -1.0824289821088315 9.8759226537218296 -51.925147151947023 53.488289548669549 3.7348558660211233 61.261715769767761 -1.0927068329099527 51.784281995219573
leaf_weight=19412 93 333 37 707 33 30 64 51 24 28 29 20 4273 31
leaf_count=19412 93 333 37 707 33 30 64 51 24 28 29 20 4273 31
internal_value=-1.38507e-08 0.269723 9.58573 -0.991206 -5.46905 -4.08879 -0.243767 9.34912 -9.90042 19.5882 11.1882 27.2152 -0.715011 12.3002
internal_weight=25165 19782 370 5383 770 737 4613 216 75 141 113 49 4397 124
internal_count=25165 19782 370 5383 770 737 4613 216 75 141 113 49 4397 124
is_linear=0
shrinkage=0.05


Tree=59
num_leaves=15
num_cat=0
split_feature=7 16 1 1 7 4 12 14 18 1 15 9 8 1
split_gain=2.67361e+06 6.56038e+06 6.71955e+06 3.39864e+06 5.29874e+06 3.04851e+06 7.12956e+06 1.58856e+07 1.2561e+07 6.13653e+06 7.73663e+06 1.12977e+07 2.2545e+07 7.68457e+06
threshold=0.22500000000000003 1.5419764230904954e-16 0.14166666666666669 0.058333333333333341 32.775000000000006 13.203750000000001 5.5703712586634202 0.057500000000000016 0.31622807017543864 7.6250000000000009 1.1348484848484852 0.22799118898748241 188.87500000000003 1.7083333333333335
decision_type=8 8 8 8 8 2 10 10 10 8 10 10 8 10
left_child=1 2 -1 4 -2 -5 8 -8 -7 13 11 12 -11 -10
right_child=3 -3 -4 5 -6 6 7 -9 9 10 -12 -13 -14 -15
leaf_value=-43.350834678468253 2.8370490804241451 -0.63324643879225762 -3.8093227088451389 -0.15171140672683231 28.99088457942009 42.731789525349939 -43.192478990554811 4.8300623791913191 3.4368795103148408 71.535973202098504 -0.40374680977277083 7.9013714785402147 -0.89237060546875002 -15.787417667123336
leaf_weight=21 611 132 22 23590 20 21 26 51 152 22 198 199 21 79
leaf_count=21 611 132 22 23590 20 21 26 51 152 22 198 199 21 79
internal_value=4.7044e-09 -6.15864 -23.1203 0.0431277 3.66601 -0.0507202 3.04731 -11.3853 4.65325 3.46152 6.9261 12.9232 36.164 -3.13766
internal_weight=25165 175 43 24990 631 24359 769 77 692 671 440 242 43 231
internal_count=25165 175 43 24990 631 24359 769 77 692 671 440 242 43 231
is_linear=0
shrinkage=0.05


Tree=60
num_leaves=15
num_cat=0
split_feature=18 4 9 8 1 10 21 20 8 5 8 18 14 13
split_gain=2.68542e+06 6.75439e+06 5.57249e+06 6.51784e+06 6.40008e+06 6.267e+06 1.08658e+07 1.64699e+07 1.00202e+07 1.2092e+07 8.22746e+06 8.46138e+06 8.18845e+06 6.5579e+06
threshold=0.72821969696969713 10.784027777777778 28.272409538561231 2.1625000000000005 45.07500000000001 91.700000000000017 0.29842346599995134 1695.0479495441903 61.891666666666673 0.7193808879845689 17.341666666666672 0.89444444444444449 0.14750000000000005 479.32000000000005
decision_type=10 2 10 10 10 8 8 10 10 10 10 10 10 2
left_child=-1 2 4 -4 5 10 7 -7 -8 -10 -2 12 13 -12
right_child=1 -3 3 -5 -6 6 8 -9 9 -11 11 -13 -14 -15
leaf_value=0.1904894910395655 -1.0631235517908635 -9.7338343795670408 -3.2147199539911178 35.313112690137778 -22.897646314447577 51.589471476418638 -3.9224534141007474 -0.088439493343747899 -11.562147397628198 -56.02091655492783 13.354180991250045 -2.1805399996110761 -0.79426668726879623 37.929094856977464
leaf_weight=22152 1309 225 21 23 33 21 761 58 65 20 179 174 92 32
leaf_count=22152 1309 225 21 23 33 21 761 58 65 20 179 174 92 32
internal_value=-2.8878e-08 -1.40051 -0.727981 16.9248 -1.01104 -0.744626 -4.08508 13.6487 -5.74107 -22.023 0.98545 6.60722 11.6537 17.0812
internal_weight=25165 3013 2788 44 2744 2711 925 79 846 85 1786 477 303 211
internal_count=25165 3013 2788 44 2744 2711 925 79 846 85 1786 477 303 211
is_linear=0
shrinkage=0.05


Tree=61
num_leaves=15
num_cat=0
split_feature=20 21 21 9 14 8 14 19 18 15 14 16 10 19
split_gain=2.54166e+06 4.72e+06 4.29261e+06 8.25574e+06 6.46005e+06 1.34584e+07 5.07166e+06 5.20559e+06 9.80463e+06 3.49421e+06 5.90057e+06 1.05079e+07 1.27909e+07 5.43541e+06
threshold=232.25555555555559 8.5188538532219464 3.415975655203304 5.9165154581111183 0.062500000000000014 7.1083333333333334 0.15750000000000006 1942.1138528138529 0.37965517241379315 1.7048387096774198 0.067500000000000018 0.3464787983624204 44.308333333333344 662.81514273068944
decision_type=8 10 10 10 8 10 10 10 10 10 8 8 8 8
left_child=9 2 -2 4 5 -4 7 8 -6 10 11 -1 -13 -11
right_child=1 -3 3 -5 6 -7 -8 -9 -10 13 -12 12 -14 -15
leaf_value=-3.5879266256042599 0.062716360122678033 -22.051604072252911 -34.731805946087015 37.371777997016913 1.5834502623631406 6.7528799637158716 -3.2869560870031513 2.4225850680979288 41.430586560148946 -1.1966265318686504 -1.4266373101060523 -1.7583913945234739 -48.056628935677665 19.325673277113175
leaf_weight=145 23711 24 29 20 26 60 48 41 38 114 803 26 35 45
leaf_count=145 23711 24 29 20 26 60 48 41 38 114 803 26 35 45
internal_value=-9.64485e-09 0.11086 0.133047 6.49798 3.94642 -6.7646 10.177 16.332 25.2427 -2.27765 -3.36327 -10.9124 -28.323 4.61157
internal_weight=25165 23997 23973 262 242 89 153 105 64 1168 1009 206 61 159
internal_count=25165 23997 23973 262 242 89 153 105 64 1168 1009 206 61 159
is_linear=0
shrinkage=0.05


Tree=62
num_leaves=15
num_cat=0
split_feature=15 20 2 17 16 8 7 15 17 2 14 21 2 13
split_gain=2.47586e+06 7.39888e+06 6.23135e+06 1.1236e+07 2.73648e+06 7.46625e+06 1.48518e+07 6.78256e+06 1.32124e+07 9.60317e+06 1.37713e+07 7.20772e+06 6.95152e+06 6.92738e+06
threshold=0.10357142857142858 1145.9136607142859 0.21627906976744191 14.500000000000002 0.12509589498282639 244.76666666666668 64.38333333333334 1.8208556149732622 30.500000000000004 2.183333333333334 0.037500000000000012 0.23641732562474146 5.1500000000000012 202.54500000000004
decision_type=8 8 8 10 10 10 10 10 10 10 10 8 8 2
left_child=1 -1 3 -2 7 -6 -7 -4 11 10 13 12 -9 -10
right_child=2 -3 4 -5 5 6 -8 8 9 -11 -12 -13 -14 -15
leaf_value=-0.757116592859293 -3.7263359127044682 -34.239082799639021 -0.10529734686588782 46.55378079652786 0.53317107290389409 1.4382512725964942 36.630845102044042 34.875277619178483 -24.534757418102689 -0.41372254333998032 -10.939329474918623 -2.5721115641772245 -0.18212013244628908 -60.351636413291651
leaf_weight=77 25 21 15403 20 8364 99 43 26 27 76 97 829 31 27
leaf_count=77 25 21 15403 20 8364 99 43 26 27 76 97 829 31 27
internal_value=1.53068e-09 -7.93182 0.0310096 18.6204 -0.00242181 0.726188 12.0952 -0.377667 -4.14704 -14.9096 -22.2056 -1.38958 15.809 -42.4432
internal_weight=25165 98 25067 45 25022 8506 142 16516 1113 227 151 886 57 54
internal_count=25165 98 25067 45 25022 8506 142 16516 1113 227 151 886 57 54
is_linear=0
shrinkage=0.05


Tree=63
num_leaves=15
num_cat=0
split_feature=19 19 13 19 7 7 14 1 13 16 6 10 8 13
split_gain=2.44194e+06 1.1797e+07 8.23815e+06 7.13349e+06 8.80121e+06 1.01198e+07 8.90688e+06 2.12142e+07 2.37364e+07 8.68339e+06 1.07474e+07 9.88817e+06 8.28326e+06 6.42099e+06
threshold=874.9654188948308 861.40492424242427 405.30500000000006 974.81824047297744 336.90000000000003 189.75833333333335 0.067500000000000018 2.058333333333334 193.11000000000004 0.60632416398096123 1.0000000180025095e-35 60.958333333333343 17.708333333333339 196.20500000000001
decision_type=10 10 2 10 10 10 8 10 2 10 2 10 10 2
left_child=1 13 -3 4 5 6 7 9 -9 10 11 -2 -7 -1
right_child=3 2 -4 -5 -6 12 -8 8 -10 -11 -12 -13 -14 -15
leaf_value=1.5813191258137547 -55.39584312438965 6.6141432881713271 31.483395671844484 -0.017557372820307639 -37.387257648706438 43.390148086547853 -2.4959816326999436 -76.898838424682623 -7.9982839126586915 21.174159204042876 -0.84161298479696711 -9.2661511421203624 -0.60713821701381521 -0.46553119981077479
leaf_weight=5253 21 333 37 4275 20 20 823 25 25 26 99 26 23 14159
leaf_count=5253 21 333 37 4275 20 20 823 25 25 26 99 26 23 14159
internal_value=-3.17141e-08 0.256931 9.10107 -0.944196 -4.51945 -3.91526 -4.89344 -13.7813 -42.4486 -5.44782 -10.1887 -29.8773 19.8567 0.0883584
internal_weight=25165 19782 370 5383 1108 1088 1045 222 50 172 146 47 43 19412
internal_count=25165 19782 370 5383 1108 1088 1045 222 50 172 146 47 43 19412
is_linear=0
shrinkage=0.05


Tree=64
num_leaves=15
num_cat=0
split_feature=5 7 5 8 14 10 20 5 17 7 21 7 19 15
split_gain=2.47896e+06 6.80114e+06 9.92063e+06 5.75303e+06 7.92029e+06 1.27443e+07 1.70068e+07 9.63475e+06 1.21712e+07 9.63319e+06 6.5257e+06 1.00138e+07 1.11784e+07 9.48124e+06
threshold=1.8154663777025974 0.4250000000000001 0.81038389571671321 27.695833333333336 0.052500000000000012 4.9416666666666673 1380.5129761904766 6.9299624698365401 15.500000000000002 18.208333333333336 0.4840708217165392 2.3583333333333338 618.39619047619055 3.9615384615384621
decision_type=10 8 10 8 10 10 10 10 10 10 8 10 8 10
left_child=1 2 -1 -2 5 9 7 -7 -9 10 13 -12 -13 -5
right_child=3 -3 -4 4 -6 6 -8 8 -10 -11 11 12 -14 -15
leaf_value=-44.62454327344895 0.036573940792148658 0.57851321033692527 -3.6954070727030435 25.932222778622698 -0.84525820141402941 -5.2638709798059633 -46.218309889612975 -12.720212922493618 -58.358623489879427 31.187568298253151 2.6830383584543238 -33.404627368185253 -4.7466898607171109 -15.381744296210153
leaf_weight=20 9898 12699 57 41 1766 226 37 48 21 22 163 54 92 21
leaf_count=20 9898 12699 57 41 1766 226 37 48 21 22 163 54 92 21
internal_value=1.44814e-08 0.488683 -14.3264 -0.503948 -2.65171 -7.05199 -14.2645 -10.2567 -26.6102 -0.95898 -2.86524 -5.83563 -15.3462 11.9388
internal_weight=25165 12776 77 12389 2491 725 332 295 69 393 371 309 146 62
internal_count=25165 12776 77 12389 2491 725 332 295 69 393 371 309 146 62
is_linear=0
shrinkage=0.05


Tree=65
num_leaves=15
num_cat=0
split_feature=2 4 19 19 4 4 7 18 16 20 16 1 1 4
split_gain=2.4965e+06 6.83108e+06 3.9974e+06 4.40583e+06 3.62014e+06 5.09027e+06 4.87004e+06 4.80533e+06 5.41034e+06 3.88622e+06 3.87694e+06 3.85676e+06 3.73892e+06 3.55216e+06
threshold=2.5192307692307696 0.013194444444444446 275.04473684210529 343.66851832149558 1.3916666666666668 1.9209722222222225 9.2250000000000014 0.36681957186544351 0.54659373257088417 583.36820717294415 0.70728050765660533 1.1083333333333336 0.19166666666666668 0.066527777777777783
decision_type=10 2 8 8 2 2 10 8 8 10 10 10 10 2
left_child=-1 -2 -3 -4 6 -6 9 -7 -9 13 -10 -8 -11 -5
right_child=1 2 3 4 5 7 11 8 10 12 -12 -13 -14 -15
leaf_value=-0.072481233052232433 -21.068883500275788 18.162121084213258 -15.948158383369446 26.221681822499921 30.930983314911529 -9.6435964945200325 -29.056399004799978 1.9419970925152303 30.3026324345952 -20.088989900458945 3.9908222107660203 -3.0127415396950461 4.1775640445843081 3.4146924520793713
leaf_weight=24643 27 50 28 31 24 37 21 80 42 22 21 44 57 38
leaf_count=24643 27 50 28 31 24 37 21 80 42 22 21 44 57 38
internal_value=-1.27255e-08 3.42175 4.75761 3.25148 4.54066 9.30102 -0.0185502 6.41703 10.5726 4.99185 21.532 -11.4268 -2.58021 13.6613
internal_weight=25165 522 495 445 417 204 213 180 143 148 63 65 79 69
internal_count=25165 522 495 445 417 204 213 180 143 148 63 65 79 69
is_linear=0
shrinkage=0.05


Tree=66
num_leaves=15
num_cat=0
split_feature=9 13 15 17 5 20 8 7 18 19 19 18 21 10
split_gain=2.45604e+06 3.68772e+06 6.41005e+06 6.30748e+06 3.68901e+06 3.11821e+06 3.83693e+06 2.69156e+06 8.08447e+06 1.15159e+07 8.09143e+06 8.06598e+06 9.04405e+06 9.25059e+06
threshold=57.653439153439159 388.82000000000005 0.75134408602150549 14.500000000000002 0.52455959753334935 827.04453816833757 3.1041666666666674 336.90000000000003 0.34641025641025647 1207.1766917293237 511.42317460317463 0.38956639566395673 0.58552015297165905 463.90000000000003
decision_type=10 2 10 8 10 10 10 10 8 8 10 10 8 10
left_child=7 2 -2 4 -4 6 -5 -1 9 10 -9 -10 -13 -14
right_child=1 -3 3 5 -6 -7 -8 8 11 -11 -12 12 13 -15
leaf_value=0.023179818220854145 34.608194465637204 -13.335813964968143 6.7531620370017151 32.369682814180855 -14.720676964918773 -1.0993284398859198 5.5962279796600347 -15.964961470090428 27.137527537345889 6.7786778450012211 -58.266859307289124 13.397939917578626 -16.105892517812112 3.1592904157223911
leaf_weight=24549 20 23 36 32 45 22 23 26 24 27 20 67 136 115
leaf_count=24549 20 23 36 32 45 22 23 26 24 27 20 67 136 115
internal_value=2.11265e-08 5.50488 7.93935 4.56355 -5.17675 14.8098 21.1735 -0.0443231 -4.0374 -19.1425 -34.3571 -0.813217 -2.92271 -7.27922
internal_weight=25165 201 178 158 81 77 55 24964 415 73 46 342 318 251
internal_count=25165 201 178 158 81 77 55 24964 415 73 46 342 318 251
is_linear=0
shrinkage=0.05


Tree=67
num_leaves=15
num_cat=0
split_feature=20 19 8 9 4 21 3 4 11 11 10 11 21 10
split_gain=2.42107e+06 5.77009e+06 5.21508e+06 9.56119e+06 1.31e+07 1.38797e+07 1.55118e+07 1.02968e+07 8.09751e+06 5.8157e+06 5.3008e+06 1.03699e+07 1.47055e+07 5.61154e+06
threshold=533.52523491272302 3462.4317460317466 14.062500000000002 0.2851195085775789 9.9619444444444465 1.5411595289349755 6.5000000000000009 9.4256944444444475 227.00000000000003 40.100000000000009 40.808333333333344 281.02500000000003 1.4578742908805495 4.6916666666666673
decision_type=8 10 8 8 2 10 2 2 10 10 10 8 8 8
left_child=1 2 -1 10 7 6 -6 8 -5 -8 11 13 -13 -4
right_child=-2 -3 3 4 5 -7 9 -9 -10 -11 -12 12 -14 -15
leaf_value=0.6385195187696131 0.33683631144376003 -26.285587822307242 -5.2310618659922188 -2.7443430882075912 -52.688693146956602 -1.9171845641052514 -22.806827283727714 22.399097688992821 28.411890136627928 6.0418694124221801 -3.5267733077291386 5.7432894583671326 60.735200390815741 6.8957128997881529
leaf_weight=3992 17099 22 131 3012 38 114 58 42 21 25 209 31 20 351
leaf_count=3992 17099 22 131 3012 38 114 58 42 21 25 209 31 20 351
internal_value=-2.59729e-08 -0.714055 -0.644118 -1.90776 -3.05771 -14.4361 -26.2307 -2.18815 -2.52862 -14.1175 3.22207 5.86843 27.3087 3.59985
internal_weight=25165 8066 8044 4052 3310 235 121 3075 3033 83 742 533 51 482
internal_count=25165 8066 8044 4052 3310 235 121 3075 3033 83 742 533 51 482
is_linear=0
shrinkage=0.05


Tree=68
num_leaves=15
num_cat=0
split_feature=20 18 7 7 1 19 14 13 17 14 15 12 8 14
split_gain=2.44135e+06 1.03479e+07 7.14846e+06 1.072e+07 8.85887e+06 1.03693e+07 7.15416e+06 7.77126e+06 6.85741e+06 1.29597e+07 2.4317e+07 2.98541e+07 2.60955e+07 8.03433e+06
threshold=1485.4322562358277 0.85960591133004927 392.15833333333336 293.60833333333341 0.55833333333333346 434.7081917364863 0.047500000000000007 164.71500000000003 8.5000000000000018 0.052500000000000012 1.9803921568627454 3.4194541707020294 76.329166666666666 0.032500000000000008
decision_type=10 10 10 10 10 8 10 2 10 8 10 8 10 8
left_child=-1 2 3 4 8 6 -6 -8 9 10 11 12 -2 -10
right_child=1 -3 -4 -5 5 -7 7 -9 13 -11 -12 -13 -14 -15
leaf_value=0.13973407548119285 26.575667816659678 33.165560440790088 -26.339806404113769 26.079788006053253 46.441346149444584 -0.1830966495732379 -3.7616868427821566 30.918204702536265 20.827749538421632 -4.275154796162167 10.169794211387634 -73.450355316610896 -44.741094924663678 -1.8981584646635588
leaf_weight=23290 23 21 30 34 20 227 35 30 41 555 40 34 29 756
leaf_count=23290 23 21 30 34 20 227 35 30 41 555 40 34 29 756
internal_value=1.53781e-08 -1.73568 -2.131 -1.73283 -2.26112 5.39472 20.2908 12.2444 -3.87723 -7.56165 -22.0379 -37.0182 -13.1971 -0.729072
internal_weight=25165 1875 1854 1824 1790 312 85 65 1478 681 126 86 52 797
internal_count=25165 1875 1854 1824 1790 312 85 65 1478 681 126 86 52 797
is_linear=0
shrinkage=0.05


Tree=69
num_leaves=15
num_cat=0
split_feature=4 12 14 18 1 1 7 11 15 9 8 18 20 9
split_gain=2.44938e+06 6.67532e+06 1.37882e+07 8.86514e+06 5.55581e+06 7.03006e+06 1.06807e+07 6.95953e+06 6.92656e+06 1.0178e+07 2.00564e+07 7.00938e+06 8.99844e+06 4.91039e+06
threshold=13.203750000000001 5.5703712586634202 0.057500000000000016 0.31622807017543864 7.6250000000000009 1.7083333333333335 17.825000000000003 110.04583333333333 1.1348484848484852 0.22799118898748241 188.87500000000003 0.4939724037763254 805.08366013071907 0.17436462177121775
decision_type=2 10 10 10 8 10 10 10 10 10 8 10 10 10
left_child=-1 3 -3 -2 5 7 -7 13 9 10 -6 12 -11 -5
right_child=1 2 -4 4 8 6 -8 -9 -10 11 -12 -13 -14 -15
leaf_value=-0.088863654292291649 35.513657275113196 -40.874799225880551 3.5793898350787616 -13.817603841484811 67.747417033802378 -2.8785890353809704 -42.854325453440353 29.267769475416703 -0.26685310650485844 8.7066184945728473 -0.56660640807378859 0.94874347707158657 48.879372062683103 5.5351681629816696
leaf_weight=24374 22 26 53 49 22 55 24 22 199 46 21 133 20 99
leaf_count=24374 22 26 53 49 22 55 24 22 199 46 21 133 20 99
internal_value=-5.61551e-09 2.73826 -11.0511 4.26826 3.27203 -2.69886 -15.0231 3.02829 6.64335 12.3257 34.3848 7.55917 20.8802 -0.872169
internal_weight=25165 791 79 712 690 249 79 170 441 242 43 199 66 148
internal_count=25165 791 79 712 690 249 79 170 441 242 43 199 66 148
is_linear=0
shrinkage=0.05


Tree=70
num_leaves=15
num_cat=0
split_feature=7 17 17 12 5 9 9 19 18 15 19 4 14 4
split_gain=2.39567e+06 1.26672e+07 1.42374e+07 1.15809e+07 3.29285e+07 2.08396e+07 1.30573e+07 2.2375e+07 1.28029e+07 8.41866e+06 8.48987e+06 8.15071e+06 9.21008e+06 8.86772e+06
threshold=130.80833333333337 22.500000000000004 38.500000000000007 1.1752497407352538 0.3349772290429272 3.5221220114013447 2.4634403876067483 692.58909496054468 0.53306010928961756 0.89087301587301593 1578.7700595238098 10.523333333333335 0.077500000000000027 13.818472222222224
decision_type=8 10 10 8 10 8 10 8 10 8 10 2 10 2
left_child=-1 3 9 4 8 6 -5 -8 -2 -3 -11 -7 13 -13
right_child=1 2 -4 5 -6 11 7 -9 -10 10 -12 12 -14 -15
leaf_value=-0.2844575318062546 41.480972626095735 -28.836459329393179 3.8194256585626727 7.6751791005910839 -50.845553814398279 2.5396711753734857 6.8269072850545243 63.456368637084964 -14.416467800140381 -3.9076717408141928 -35.928072629656114 -31.386710920668488 6.0453264043248938 1.5028796842321754
leaf_weight=18780 21 36 668 86 37 3826 33 37 20 1453 21 57 58 32
leaf_count=18780 21 36 668 86 37 3826 33 37 20 1453 21 57 58 32
internal_value=-6.8109e-09 0.836666 -2.25853 2.43907 -16.6476 2.79964 20.7259 36.7596 14.2139 -4.94732 -4.36386 2.09576 -9.45797 -19.5612
internal_weight=25165 6385 2178 4207 78 4129 156 70 41 1510 1474 3973 147 89
internal_count=25165 6385 2178 4207 78 4129 156 70 41 1510 1474 3973 147 89
is_linear=0
shrinkage=0.05


Tree=71
num_leaves=15
num_cat=0
split_feature=9 4 4 11 18 14 16 14 17 17 11 10 10 8
split_gain=2.41352e+06 7.78378e+06 8.48625e+06 6.42603e+06 5.5494e+06 6.64155e+06 5.48836e+06 3.89662e+06 4.72356e+06 7.57608e+06 7.12687e+06 8.5983e+06 6.14997e+06 5.64568e+06
threshold=21.30984509145204 1.5413888888888891 2.230694444444445 1.7750000000000001 0.33647798742138368 0.087500000000000008 0.53453935442540101 0.10750000000000003 33.500000000000007 20.500000000000004 108.57500000000002 273.63333333333338 223.70833333333337 8.0583333333333353
decision_type=10 2 2 10 8 10 10 10 8 10 8 10 8 10
left_child=-1 6 3 -3 5 -4 -2 8 9 10 11 -6 -12 -11
right_child=1 2 4 -5 7 -7 -8 -9 -10 13 12 -13 -14 -15
leaf_value=-0.07223639282017856 -3.2427258588116743 45.889427358453929 -28.701450157165528 6.7297015285491941 45.840130733621535 3.5584153212033787 -33.074658303033736 -1.081083874933976 26.371359989449786 2.7335591676100246 -20.251945114135744 9.8900829633076981 15.277038960621276 -28.443616626262667
leaf_weight=24629 58 22 27 20 29 39 21 121 37 53 21 39 29 20
leaf_count=24629 58 22 27 20 29 39 21 121 37 53 21 39 29 20
internal_value=8.59143e-09 3.31924 5.82441 27.2419 3.65686 -9.6388 -11.1727 6.17122 10.02 6.8525 14.6849 25.2217 0.354866 -5.80813
internal_weight=25165 536 457 42 415 66 79 349 228 191 118 68 50 73
internal_count=25165 536 457 42 415 66 79 349 228 191 118 68 50 73
is_linear=0
shrinkage=0.05


Tree=72
num_leaves=15
num_cat=0
split_feature=18 4 2 20 18 14 17 21 7 10 20 2 11 5
split_gain=2.369e+06 6.0725e+06 5.47841e+06 5.27361e+06 5.23873e+06 1.11265e+07 1.74526e+07 2.26731e+07 1.5896e+07 2.3112e+07 1.0301e+07 8.12364e+06 9.0189e+06 7.26953e+06
threshold=0.72821969696969713 10.784027777777778 0.90121951219512197 1192.1819658119659 0.66472868217054271 0.037500000000000012 10.500000000000002 0.54956416088334359 7.0583333333333345 401.62500000000006 1316.9555186480188 1.7500000000000002 84.762500000000017 0.46041700089007026
decision_type=10 2 8 10 8 10 8 10 10 8 10 8 8 10
left_child=4 2 -2 -3 -1 6 7 10 -8 -10 -6 13 -13 -7
right_child=1 3 -4 -5 5 11 8 -9 9 -11 -12 12 -14 -15
leaf_value=-0.11374184338787847 20.573662722905478 -6.7609131966589722 -0.90889478811563318 -33.075125721522738 67.054069935580102 26.108911203013527 1.5047974728996787 5.6382534936070448 8.487534857152113 65.670419232050577 24.885876270702909 0.7750679617368732 -8.4039775765436584 2.9901778531016188
leaf_weight=19349 30 204 2758 21 30 36 793 80 67 24 28 698 434 613
leaf_count=19349 30 204 2758 21 30 36 793 80 67 24 28 698 434 613
internal_value=1.58378e-08 -1.31541 -0.677734 -9.21691 0.178915 2.19911 6.35768 22.8948 3.77609 23.5687 46.697 -0.187214 -2.74411 4.27257
internal_weight=25165 3013 2788 225 22152 2803 1022 138 884 91 58 1781 1132 649
internal_count=25165 3013 2788 225 22152 2803 1022 138 884 91 58 1781 1132 649
is_linear=0
shrinkage=0.05


Tree=73
num_leaves=15
num_cat=0
split_feature=7 1 1 7 19 19 14 2 19 10 7 20 10 4
split_gain=2.31769e+06 6.68448e+06 2.90323e+06 4.60989e+06 2.78258e+06 5.10889e+06 4.35396e+06 2.67054e+06 5.2627e+06 5.48874e+06 6.13679e+06 6.00236e+06 3.73991e+06 3.41675e+06
threshold=0.17500000000000002 0.041666666666666678 0.058333333333333341 32.775000000000006 506.34372549019616 680.91989898989902 0.12750000000000003 2.5192307692307696 275.04473684210529 28.966666666666672 14.058333333333335 659.5403628117914 35.558333333333344 0.013194444444444446
decision_type=8 10 8 8 10 10 10 10 8 10 10 8 10 2
left_child=1 -1 3 4 -2 6 -6 -4 12 10 13 -12 -9 -10
right_child=2 -3 7 -5 5 -7 -8 8 9 -11 11 -13 -14 -15
leaf_value=3.6373687443049514 -0.6513753003118965 -24.279022178134404 -0.13533751249109072 26.945074701309206 29.883648590246839 2.3659703123304299 5.618384703209526 31.623177176493186 -17.474924629384823 8.7406341108713264 -34.912505744053767 -1.8278418705381196 3.0964111411571502 3.3007118956994286
leaf_weight=51 327 37 23921 20 36 236 38 27 22 178 26 29 20 197
leaf_count=51 327 37 23921 20 36 236 38 27 22 178 26 29 20 197
internal_value=1.18384e-08 -8.1002 0.0284252 3.30834 2.56622 5.96025 17.4231 -0.0598183 3.56041 1.90463 -2.53628 -17.4679 19.4841 1.21366
internal_weight=25165 88 25077 657 637 310 74 24420 499 452 274 55 47 219
internal_count=25165 88 25077 657 637 310 74 24420 499 452 274 55 47 219
is_linear=0
shrinkage=0.05


Tree=74
num_leaves=15
num_cat=0
split_feature=12 9 14 17 7 15 18 17 10 15 7 17 21 13
split_gain=2.29403e+06 4.30526e+06 7.94622e+06 1.28016e+07 1.35542e+07 1.5977e+07 2.04957e+07 1.24052e+07 1.38702e+07 7.81878e+06 7.67055e+06 5.6225e+06 6.6052e+06 5.36458e+06
threshold=0.16664319325015467 0.090721845165567652 0.072500000000000023 13.500000000000002 3.7250000000000005 1.7817460317460321 0.55829054666263978 6.5000000000000009 8.2416666666666689 1.2338056680161946 13.54166666666667 30.500000000000004 0.58552015297165905 167.91000000000003
decision_type=8 8 10 10 10 10 10 10 10 10 10 10 10 2
left_child=1 11 3 7 -5 6 10 8 -3 -9 -6 13 -13 -1
right_child=-2 2 -4 4 5 -7 -8 9 -10 -11 -12 12 -14 -15
leaf_value=10.33414267789701 -0.13513988661973836 47.915550604733561 0.75949629677808317 1.0539599023214201 38.688934557365656 3.3457926278313006 72.834184113343554 -24.459442361195883 -2.2175364855173476 4.5945245107014978 3.10841349874224 -34.702229922750725 -5.6668155543506149 -2.0997931784668635
leaf_weight=116 23298 22 876 82 33 48 30 57 37 39 28 23 132 344
leaf_count=116 23298 22 876 82 33 48 30 57 37 39 28 23 132 344
internal_value=2.53491e-08 1.68639 3.36919 9.44923 17.1757 26.6863 38.9978 -1.56715 16.4762 -12.6563 22.3569 -1.73941 -9.9753 1.03572
internal_weight=25165 1867 1252 376 221 139 91 155 59 96 61 615 155 460
internal_count=25165 1867 1252 376 221 139 91 155 59 96 61 615 155 460
is_linear=0
shrinkage=0.05


Tree=75
num_leaves=15
num_cat=0
split_feature=20 21 21 7 16 4 16 15 19 19 10 5 7 5
split_gain=2.29128e+06 3.95562e+06 3.8384e+06 7.73458e+06 5.15247e+06 3.26513e+06 5.28691e+06 5.02176e+06 8.22678e+06 4.8049e+06 1.54222e+07 7.02724e+06 9.7952e+06 5.24924e+06
threshold=232.25555555555559 8.5188538532219464 3.415975655203304 100.14166666666669 0.34627759718393886 5.7629166666666674 0.56520055791949753 1.5250626566416041 1244.8767340067343 607.82288748832877 44.308333333333344 0.9101004909301792 8.0083333333333346 2.0030184422540311
decision_type=8 10 10 10 10 2 8 10 8 8 8 8 10 10
left_child=5 2 -2 4 -4 7 -7 9 -9 13 -11 -12 -13 -1
right_child=1 -3 3 -5 -6 6 -8 8 -10 10 11 12 -14 -15
leaf_value=8.5036169634880263 0.059063307136291487 -20.183446317911148 5.4901583096108491 26.687063917135585 -17.105770882244766 -4.2394826130433518 -25.069760129186843 2.1607195490647939 33.160898883526144 2.4799238626817952 6.8944010543823246 -17.653812310887481 -54.343954803632656 -2.7877647206385636
leaf_weight=148 23711 24 194 39 29 198 36 121 26 171 20 87 23 338
leaf_count=148 23711 24 194 39 29 198 36 121 26 171 20 87 23 338
internal_value=3.70593e-08 0.105258 0.125569 6.14435 2.55167 -2.16256 -7.44414 -0.839332 7.64374 -2.42385 -7.38816 -20.3685 -25.3254 0.650763
internal_weight=25165 23997 23973 262 223 1168 234 934 147 787 301 130 110 486
internal_count=25165 23997 23973 262 223 1168 234 934 147 787 301 130 110 486
is_linear=0
shrinkage=0.05


Tree=76
num_leaves=15
num_cat=0
split_feature=20 18 13 8 8 3 9 8 7 10 1 14 5 15
split_gain=2.2812e+06 9.37288e+06 6.9143e+06 8.44502e+06 9.04327e+06 2.23126e+07 1.24587e+07 1.17916e+07 1.05736e+07 1.17376e+07 7.58243e+06 5.91006e+06 7.15178e+06 6.91091e+06
threshold=1485.4322562358277 0.85960591133004927 32.595000000000006 312.07500000000005 55.57500000000001 4.5000000000000009 0.32714255217826832 46.412500000000001 392.15833333333336 286.85833333333341 0.091666666666666688 0.062500000000000014 1.2546104292657339 1.3976744186046515
decision_type=10 10 2 10 8 2 10 10 10 10 10 10 10 10
left_child=-1 2 -2 4 7 8 -7 10 9 -6 -4 13 -13 -12
right_child=1 -3 3 -5 5 6 -8 -9 -10 -11 11 12 -14 -15
leaf_value=0.13507328876305544 -29.29794521228127 31.538507025582447 -2.775892663795227 27.149433988571168 -4.0485623667402448 -69.894569168090825 -14.085381050109863 31.924642993557839 -38.08961715698242 28.287639492955705 38.284702224731447 26.300573952198029 -0.12195657396316528 1.8553881064705227
leaf_weight=23290 23 21 557 25 869 20 20 31 22 29 30 30 175 23
leaf_count=23290 23 21 557 25 869 20 20 31 22 29 30 30 175 23
internal_value=1.78749e-08 -1.67779 -2.05403 -1.7118 -2.11132 -5.43274 -41.99 1.65766 -3.84329 -3.0043 0.506402 7.5926 3.74476 22.4758
internal_weight=25165 1875 1854 1831 1806 960 40 846 920 898 815 258 205 53
internal_count=25165 1875 1854 1831 1806 960 40 846 920 898 815 258 205 53
is_linear=0
shrinkage=0.05


Tree=77
num_leaves=15
num_cat=0
split_feature=4 12 13 18 12 18 14 11 9 11 16 10 9 12
split_gain=2.28433e+06 6.03801e+06 9.07019e+06 8.48731e+06 7.74529e+06 5.05791e+06 8.13081e+06 8.15003e+06 7.71068e+06 9.93617e+06 8.93538e+06 9.55653e+06 7.00045e+06 6.84061e+06
threshold=13.203750000000001 4.1431153184165241 190.92500000000004 0.31622807017543864 2.9616409304791573 0.47871376811594207 0.062500000000000014 172.91250000000002 0.077454215534467324 354.75000000000006 0.37369761051452471 36.225000000000009 1.5604312605823181 0.47581298340331285
decision_type=2 10 2 10 10 10 10 10 8 10 10 10 10 10
left_child=-1 3 -3 -2 5 6 7 12 -7 10 13 -12 -5 -10
right_child=1 2 -4 4 -6 8 -8 -9 9 -11 11 -13 -14 -15
leaf_value=-0.085817512087553449 36.394239540100095 -38.98384299695492 -1.2902710615834103 4.2010777882167272 26.962387642715921 -21.809591377377512 -3.3814838476297333 46.203680028915407 13.284244853517286 30.504668316134701 -2.8684743721376766 -34.378577773230418 36.769077591668996 -3.0451951336038525
leaf_weight=24374 20 20 79 77 33 40 82 20 115 27 77 35 21 145
leaf_count=24374 20 20 79 77 33 40 82 20 115 27 77 35 21 145
internal_value=-2.709e-08 2.64439 -8.90513 4.29671 3.34143 2.12157 8.71213 17.1162 -0.880969 1.21714 -0.90857 -12.7154 11.1799 4.17744
internal_weight=25165 791 99 692 672 639 200 118 439 399 372 112 98 260
internal_count=25165 791 99 692 672 639 200 118 439 399 372 112 98 260
is_linear=0
shrinkage=0.05


Tree=78
num_leaves=15
num_cat=0
split_feature=8 9 11 16 7 14 21 15 21 17 18 7 7 1
split_gain=2.26433e+06 8.15643e+06 1.39601e+07 1.10067e+07 9.53139e+06 1.26575e+07 2.01658e+07 2.32571e+07 1.53331e+07 1.27767e+07 1.03987e+07 9.79279e+06 9.65508e+06 2.3559e+07
threshold=11.958333333333334 4.5821005274681843 95.325000000000017 0.53848900958749457 189.75833333333335 0.027500000000000007 1.1115325930709004 1.328828828828829 0.62786184319897431 22.500000000000004 0.5187529301453353 174.25833333333335 140.80833333333337 111.55833333333335
decision_type=8 10 10 10 10 10 10 10 10 10 10 10 10 8
left_child=-1 4 3 -3 11 6 7 8 -6 -7 -11 12 -2 -14
right_child=1 2 -4 -5 5 9 -8 -9 -10 10 -12 -13 13 -15
leaf_value=0.62607411482747333 -0.45311568117060008 -6.5646726886354081 -35.773409209380283 15.12527996410023 62.529190286000578 8.5621853078589023 54.14847292900086 -13.185694028680977 3.251599407196045 4.3215300055111161 -17.793498598347913 -16.485110537929739 -23.010456922442415 18.296499000549318
leaf_weight=9176 14392 514 37 66 24 324 32 55 20 102 111 94 43 175
leaf_count=9176 14392 514 37 66 24 324 32 55 20 102 111 94 43 175
internal_value=-2.66604e-08 -0.359301 -5.99609 -4.09651 -0.133051 5.70829 19.6433 8.49009 35.5848 2.30887 -7.2032 -0.398422 -0.294922 10.1488
internal_weight=25165 15989 617 580 15372 668 131 99 44 537 213 14704 14610 218
internal_count=25165 15989 617 580 15372 668 131 99 44 537 213 14704 14610 218
is_linear=0
shrinkage=0.05


Tree=79
num_leaves=15
num_cat=0
split_feature=15 20 2 21 17 16 5 14 13 7 10 5 14 10
split_gain=2.21698e+06 6.59761e+06 5.3626e+06 1.03645e+07 2.46042e+06 5.23056e+06 4.52703e+06 7.206e+06 1.97094e+07 1.13867e+07 1.50187e+07 1.07236e+07 7.58385e+06 6.83907e+06
threshold=0.10357142857142858 1145.9136607142859 0.21627906976744191 0.85317629692494157 1.5000000000000002 0.77274811271973298 10.946409791163452 0.04250000000000001 204.58500000000004 34.208333333333343 10.841666666666669 0.5491642241527358 0.052500000000000012 118.06666666666668
decision_type=8 8 8 8 10 10 10 8 2 10 10 10 8 8
left_child=1 -1 3 -2 5 6 7 8 9 10 -4 -11 13 -9
right_child=2 -3 4 -5 -6 -7 -8 12 -10 11 -12 -13 -14 -15
leaf_value=-0.73060294714840979 42.927000381833039 -32.347657998402916 11.760593474995007 -5.1718610465526584 -0.12455005490179127 20.556494516939733 -4.129542033898999 -30.462852312536803 47.412953846382379 -2.3862065241887023 -48.105913619995121 45.652768489292697 2.6830971243026411 2.0088328499947825
leaf_weight=77 21 21 22 24 23574 37 284 34 33 26 20 21 940 31
leaf_count=77 21 21 22 24 23574 37 284 34 33 26 20 21 940 31
internal_value=-1.47251e-08 -7.50569 0.0293436 17.2743 -0.00166995 1.99887 1.51224 2.93395 14.4091 2.1717 -16.7473 19.078 1.54094 -14.9764
internal_weight=25165 98 25067 45 25022 1448 1411 1127 122 89 42 47 1005 65
internal_count=25165 98 25067 45 25022 1448 1411 1127 122 89 42 47 1005 65
is_linear=0
shrinkage=0.05


Tree=80
num_leaves=15
num_cat=0
split_feature=18 10 5 16 10 12 19 20 7 7 17 17 9 5
split_gain=2.20153e+06 7.19613e+06 8.8501e+06 1.23831e+07 1.96047e+07 6.82124e+06 7.85977e+06 8.55841e+06 7.01142e+06 6.97454e+06 8.92715e+06 9.05031e+06 7.79532e+06 5.66429e+06
threshold=0.78679653679653694 91.700000000000017 0.66764753166076951 1.0000000180025095e-35 31.625000000000004 12.812047526941145 1312.1000000000001 2380.2661375661378 118.00000000000001 1.8250000000000002 25.500000000000004 14.500000000000002 2.1812513674331937 0.7473642067571572
decision_type=10 8 10 8 10 10 10 10 8 8 10 10 8 10
left_child=-1 2 3 -2 -5 6 7 9 -8 -3 11 12 13 -11
right_child=1 5 -4 4 -6 -7 8 -9 -10 10 -12 -13 -14 -15
leaf_value=0.13919798981083459 -5.0982615926048975 6.5869547641122494 -0.56704646825862981 5.2034636374675873 64.595032858848569 14.714394897069688 -14.696228093686313 -36.219633180123786 18.361871817426863 -15.023862454781728 -39.334639451901126 10.24355290299755 -7.4292348517906426 -43.545189381639169
leaf_weight=23117 44 77 1232 33 24 39 23 27 53 49 24 59 337 27
leaf_count=23117 44 77 1232 33 24 39 23 27 53 49 24 59 337 27
internal_value=-8.02489e-09 -1.57121 0.599453 14.8284 30.2104 -5.61806 -6.79108 -8.7099 8.35745 -7.41363 -9.5871 -8.07452 -10.6914 -25.1564
internal_weight=25165 2048 1333 101 57 715 676 600 76 573 496 472 413 76
internal_count=25165 2048 1333 101 57 715 676 600 76 573 496 472 413 76
is_linear=0
shrinkage=0.05


Tree=81
num_leaves=15
num_cat=0
split_feature=19 19 13 10 20 5 7 13 7 5 14 4 16 5
split_gain=2.23789e+06 1.08131e+07 7.39429e+06 6.39661e+06 9.45175e+06 8.77998e+06 1.23683e+07 2.15217e+07 2.59347e+07 1.44325e+07 1.07757e+07 9.86821e+06 9.4037e+06 8.70562e+06
threshold=874.9654188948308 861.40492424242427 405.30500000000006 139.15833333333336 3939.1000000000004 0.81038389571671321 167.52500000000001 283.27000000000004 140.80833333333337 0.42192858833298813 0.072500000000000023 14.190416666666669 0.075287687027560932 0.27105117053597533
decision_type=10 10 2 10 8 10 10 2 10 10 10 2 10 10
left_child=1 -1 -3 -2 5 6 7 9 -9 -5 12 13 -7 -8
right_child=3 2 -4 4 -6 10 11 8 -10 -11 -12 -13 -14 -15
leaf_value=0.084572213207134511 -1.5448548513829559 6.3571359747701948 29.918263961173395 -21.70062220657573 -20.470245663429562 -46.781473907470705 10.598374537883267 17.586726421263162 83.030743972460428 20.522979190826419 5.1117258652396824 28.57646064197316 -0.78328115940094001 -6.3464437347192035
leaf_weight=19412 4729 333 37 34 38 25 124 41 24 50 69 34 20 195
leaf_count=19412 4729 333 37 34 38 25 124 41 24 50 69 34 20 195
internal_value=-1.76933e-08 0.245962 8.71325 -0.903886 3.73089 5.22381 8.06845 20.1485 41.7507 3.43247 -7.30257 2.96952 -26.3378 0.240257
internal_weight=25165 19782 370 5383 654 616 502 149 65 84 114 353 45 319
internal_count=25165 19782 370 5383 654 616 502 149 65 84 114 353 45 319
is_linear=0
shrinkage=0.05


Tree=82
num_leaves=15
num_cat=0
split_feature=20 14 11 20 11 7 19 2 17 7 18 7 19 9
split_gain=2.1707e+06 5.26353e+06 8.08908e+06 1.05286e+07 9.53929e+06 7.82678e+06 1.29872e+07 5.80341e+06 6.27796e+06 1.09427e+07 1.12427e+07 9.5637e+06 1.08434e+07 1.15008e+07
threshold=533.52523491272302 0.062500000000000014 227.00000000000003 471.25776332598031 179.31250000000003 336.90000000000003 630.18459698196557 0.80909090909090919 19.500000000000004 182.37500000000003 0.39504283965728276 32.225000000000009 934.20225586611468 0.73293574395664973
decision_type=8 10 10 10 10 10 8 8 10 10 10 10 10 10
left_child=1 2 4 -4 5 7 -7 -1 9 11 -11 -9 -13 -14
right_child=-2 -3 3 -5 -6 6 -8 8 -10 10 -12 12 13 -15
leaf_value=-24.382821987415184 0.31894486319466303 0.25752781447329992 35.164887596666816 -8.6447586536407481 -35.598619755831628 1.7119284927845002 -44.485648510373871 1.4846563169365019 -4.384083221216712 -5.1517581462860109 43.577407613293879 -4.2905503719130911 -60.264699778556832 -8.9266733169555668
leaf_weight=29 17099 5257 32 24 22 32 29 1093 1292 20 29 163 20 24
leaf_count=29 17099 5257 32 24 22 32 29 1093 1292 20 29 163 20 24
internal_value=7.51926e-09 -0.676127 -2.42345 16.3893 -2.80613 -2.54196 -20.2509 -2.13738 -1.89311 0.492621 23.688 -0.381665 -10.2362 -32.2621
internal_weight=25165 8066 2809 56 2753 2731 61 2670 2641 1349 49 1300 207 44
internal_count=25165 8066 2809 56 2753 2731 61 2670 2641 1349 49 1300 207 44
is_linear=0
shrinkage=0.05


Tree=83
num_leaves=15
num_cat=0
split_feature=9 17 19 4 10 21 18 13 4 5 13 4 17 13
split_gain=2.14687e+06 7.19101e+06 1.35612e+07 7.50173e+06 6.43044e+06 5.07855e+06 5.22854e+06 4.95997e+06 3.56201e+06 5.43138e+06 4.89775e+06 4.80851e+06 7.73931e+06 4.42344e+06
threshold=21.30984509145204 40.500000000000007 607.82288748832877 0.51180555555555562 10.025000000000002 0.16149873120537819 0.33647798742138368 178.84500000000003 3.2055555555555562 3.0558418835433918 200.80500000000004 4.5804166666666672 21.500000000000004 222.62000000000003
decision_type=10 8 8 2 10 8 10 2 2 8 2 2 10 2
left_child=-1 3 -3 -2 -5 -6 7 -7 9 10 -8 12 -10 -13
right_child=1 2 -4 4 5 6 8 -9 11 -11 -12 13 -14 -15
leaf_value=-0.068129212850933721 -27.385994694991549 -0.87935499711470178 48.516866866747542 30.229726371765139 24.105152192323104 -1.1888329080172948 -34.360117607116699 -27.807769848505657 40.874530671990442 11.397563606500626 -4.7222931239915935 11.604200870562822 0.28625191847483317 -3.7159228312869033
leaf_weight=24629 22 33 24 20 23 42 20 30 23 32 46 78 24 119
leaf_count=24629 22 33 24 20 23 42 20 30 23 32 46 78 24 119
internal_value=3.00459e-09 3.13051 19.9191 1.13271 2.5056 1.23676 -0.0337024 -12.2801 2.54448 -5.5072 -13.7035 5.77835 20.1486 2.34991
internal_weight=25165 536 57 479 457 437 414 72 342 98 66 244 47 197
internal_count=25165 536 57 479 457 437 414 72 342 98 66 244 47 197
is_linear=0
shrinkage=0.05


Tree=84
num_leaves=15
num_cat=0
split_feature=20 10 12 20 21 9 20 18 8 3 8 9 9 13
split_gain=2.12757e+06 6.58682e+06 6.76815e+06 2.91551e+06 1.15119e+07 3.05943e+06 2.43245e+06 9.06714e+06 6.69584e+06 2.21129e+07 1.56839e+07 9.39525e+06 9.88733e+06 1.02608e+07
threshold=5212.3888888888896 251.0916666666667 0.79625268130241322 3939.1000000000004 0.13218583935767039 0.23193828860592933 1485.4322562358277 0.85960591133004927 55.57500000000001 4.5000000000000009 47.479166666666679 0.9275906415392986 0.41471141268803141 158.00500000000002
decision_type=10 8 8 10 8 10 10 10 8 2 10 10 10 2
left_child=3 2 -2 6 -5 -6 -1 8 10 11 -8 12 13 -10
right_child=1 -3 -4 4 5 -7 7 -9 9 -11 -12 -13 -14 -15
leaf_value=0.12894198587911762 4.2213858413696288 11.843654889530606 -32.856642355024817 41.358081054687503 6.3285734832286842 -17.622285594940188 -0.038563295565789045 31.646822280883789 10.920519267287212 -43.00083517126135 42.781034573641691 21.11993464360366 -30.639935793195452 -5.7170404205260255
leaf_weight=23290 20 27 32 21 40 20 765 20 107 37 22 37 35 692
leaf_count=23290 20 27 32 21 40 20 765 20 107 37 22 37 35 692
internal_value=1.6993e-08 -8.19248 -18.5959 0.0257995 9.49651 -1.65505 -0.00487944 -1.8222 -2.21711 -5.14283 1.15843 -3.53462 -4.62841 -3.48898
internal_weight=25165 79 52 25086 81 60 25005 1715 1695 908 787 871 834 799
internal_count=25165 79 52 25086 81 60 25005 1715 1695 908 787 871 834 799
is_linear=0
shrinkage=0.05


Tree=85
num_leaves=15
num_cat=0
split_feature=7 18 1 7 2 19 10 7 20 10 4 13 15 16
split_gain=2.07526e+06 6.23922e+06 2.68504e+06 4.24223e+06 2.46006e+06 4.80377e+06 4.91192e+06 5.49913e+06 5.44181e+06 3.36413e+06 3.26858e+06 3.27944e+06 3.12585e+06 8.26343e+06
threshold=0.22500000000000003 0.3189947579401789 0.058333333333333341 32.775000000000006 2.5192307692307696 275.04473684210529 28.966666666666672 14.058333333333335 692.32296992481213 35.558333333333344 2.4929166666666673 197.65500000000003 1.5419580419580423 0.19833262137747426
decision_type=8 10 8 8 10 8 10 10 10 10 2 2 10 10
left_child=1 -1 3 -2 12 9 7 -7 -9 -6 11 -8 -4 -14
right_child=2 -3 4 -5 5 6 10 8 -10 -11 -12 -13 13 -15
leaf_value=-30.992138066462111 2.5164234800639198 -1.9395943686559602 0.11864837688153616 25.918050088882445 30.159695494616471 1.2009441872071562 26.676272488895219 -31.391575477041044 0.11037490551288312 3.1040156018733978 3.5946564665436749 1.6626184940338136 -5.323719078005027 0.049875467171652643
leaf_weight=21 611 154 20379 20 27 217 38 29 26 20 120 20 1006 2477
leaf_count=21 611 154 20379 20 27 217 38 29 26 20 120 20 1006 2477
internal_value=-2.91565e-08 -5.4259 0.0379965 3.25815 -0.0454191 3.43626 1.84762 -2.37824 -16.4997 18.6466 8.30511 18.0509 -0.117936 -1.50219
internal_weight=25165 175 24990 631 24359 497 450 272 55 47 178 58 23862 3483
internal_count=25165 175 24990 631 24359 497 450 272 55 47 178 58 23862 3483
is_linear=0
shrinkage=0.05


Tree=86
num_leaves=15
num_cat=0
split_feature=20 21 21 5 17 19 20 19 20 14 1 1 14 9
split_gain=2.08989e+06 3.49781e+06 3.67431e+06 1.49571e+07 1.09994e+07 1.12964e+07 7.84525e+06 6.05718e+06 1.18746e+07 1.51524e+07 8.14711e+06 6.3839e+06 1.04913e+07 9.18796e+06
threshold=232.25555555555559 8.5188538532219464 1.6773017625328526 0.5491642241527358 3.5000000000000004 1942.1138528138529 827.04453816833757 899.3643590598233 638.53715933502735 0.092500000000000013 255.02500000000001 0.25833333333333336 0.097500000000000017 0.67178655660377373
decision_type=8 10 10 8 10 10 10 10 8 8 10 8 10 8
left_child=-1 2 7 4 -4 -6 -7 -2 9 -9 11 12 13 -10
right_child=1 -3 3 -5 5 6 -8 8 10 -11 -12 -13 -14 -15
leaf_value=-2.0653341419860873 0.25303404606919505 -18.978025799266472 46.518091557242656 0.54450300759074521 15.471689574038926 -34.478000745773322 3.1584559196896027 -53.875933456420903 -8.3548055704434727 -7.9204149212635748 -29.449755279834456 -0.56349680334099339 -1.6317455835640431 -38.43595039302653
leaf_weight=1168 18197 24 22 2331 207 20 45 24 60 71 26 2718 208 44
leaf_count=1168 18197 24 22 2331 207 20 45 24 60 71 26 2718 208 44
internal_value=-2.5292e-08 0.100525 0.119626 1.88489 12.5123 9.7618 -8.42199 -0.0974359 -2.1214 -19.5302 -1.58022 -1.34108 -8.11498 -21.0814
internal_weight=25165 23997 23973 2625 294 272 65 21348 3151 95 3056 3030 312 104
internal_count=25165 23997 23973 2625 294 272 65 21348 3151 95 3056 3030 312 104
is_linear=0
shrinkage=0.05


Tree=87
num_leaves=15
num_cat=0
split_feature=20 9 16 14 15 7 4 19 19 11 15 9 19 19
split_gain=2.06803e+06 6.70236e+06 9.08539e+06 1.34335e+07 1.59178e+07 9.61698e+06 1.06262e+07 1.41443e+07 1.55901e+07 1.29716e+07 1.19327e+07 1.05995e+07 9.66734e+06 1.38214e+07
threshold=517.95263475797753 1.0367312347295683 0.66299535942544563 0.062500000000000014 0.9948453608247424 434.72500000000008 0.51180555555555562 596.5065551346803 748.43642857142868 54.750000000000007 1.2338056680161946 2.1423751654003587 1281.6109427609429 766.56801075014585
decision_type=8 8 10 8 10 10 2 10 10 10 10 10 10 8
left_child=1 -1 3 4 -3 6 7 -6 -9 12 11 -11 13 -8
right_child=-2 2 -4 -5 5 -7 9 8 -10 10 -12 -13 -14 -15
leaf_value=1.0519197647796934 0.29803604143122253 -39.245462193855872 10.054869800453124 -0.99025099161701713 -7.1025569951388894 -38.396137453162154 -0.99840875098217163 -66.688773320118585 -14.945653544245539 -15.483036172049388 3.8368175082736542 -59.177655602019769 -32.378968086242672 22.102113302448132
leaf_weight=3199 17569 39 152 3406 164 23 359 24 37 35 36 23 20 79
leaf_count=3199 17569 39 152 3406 164 23 359 24 37 35 36 23 20 79
internal_value=2.1047e-08 -0.689336 -1.95617 -2.38625 -8.05343 -6.53282 -5.58964 -14.7482 -35.3036 -1.85654 -18.7752 -32.8102 1.61585 3.16812
internal_weight=25165 7596 4397 4245 839 800 777 225 61 552 94 58 458 438
internal_count=25165 7596 4397 4245 839 800 777 225 61 552 94 58 458 438
is_linear=0
shrinkage=0.05


Tree=88
num_leaves=15
num_cat=0
split_feature=15 20 2 20 17 15 16 18 11 14 1 19 13 19
split_gain=2.00941e+06 5.94124e+06 4.85479e+06 9.85397e+06 2.34817e+06 9.58047e+06 1.25901e+07 2.02846e+07 9.96631e+06 2.01528e+07 2.14325e+07 1.89165e+07 2.48377e+07 1.51421e+07
threshold=0.10357142857142858 1145.9136607142859 0.21627906976744191 696.66188968459494 12.500000000000002 1.297058823529412 0.77274811271973298 0.57043650793650802 69.783333333333346 0.062500000000000014 3.6750000000000003 1390.817777777778 141.95500000000004 1942.1138528138529
decision_type=8 8 8 10 10 8 10 10 10 10 8 10 2 10
left_child=1 -1 3 -2 5 6 8 -8 -4 10 -10 12 -12 -13
right_child=2 -3 4 -5 -6 -7 7 -9 9 -11 11 13 -14 -15
leaf_value=-0.71644276365057225 -7.4872834357348355 -30.719566099984306 -0.14497896305261207 39.319263624108359 -0.36563774000372057 2.4838058671589196 62.83501170635224 -7.5240843250637965 12.882069632471826 0.47859620878524023 -61.121835268460792 -84.557679443359376 -8.2118804800589356 -28.005813805810334
leaf_weight=77 22 21 4351 23 15989 3965 20 21 49 401 26 20 151 29
leaf_count=77 22 21 4351 23 15989 3965 20 21 49 401 26 20 151 29
internal_value=-3.44521e-09 -7.14568 0.0279362 16.4361 -0.00157245 0.642847 -0.797446 26.7974 -1.02251 -6.67063 -17.0955 -23.5951 -15.984 -51.0882
internal_weight=25165 98 25067 45 25022 9033 5068 41 5027 676 275 226 177 49
internal_count=25165 98 25067 45 25022 9033 5068 41 5027 676 275 226 177 49
is_linear=0
shrinkage=0.05


Tree=89
num_leaves=15
num_cat=0
split_feature=4 2 15 11 18 12 13 16 16 10 7 19 9 11
split_gain=2.03051e+06 5.59327e+06 8.86044e+06 9.57965e+06 1.47251e+07 7.83807e+06 9.06816e+06 9.05097e+06 8.6255e+06 7.47022e+06 1.08453e+07 6.94425e+06 6.19948e+06 5.90433e+06
threshold=13.203750000000001 0.7947368421052633 1.125718390804598 30.204166666666673 0.44337606837606841 5.5703712586634202 198.99000000000004 0.042746169099983501 1.2916555751861941e-16 89.291666666666671 11.758333333333335 1053.9448143636155 1.2310032766422221 17.341666666666672
decision_type=2 10 8 10 10 10 2 10 10 10 10 10 10 10
left_child=-1 2 3 13 -5 6 7 -3 -8 10 -6 -10 -9 -2
right_child=1 5 -4 4 9 -7 8 12 11 -11 -12 -13 -14 -15
leaf_value=-0.080909312014606952 9.6656256062643866 37.39196333355374 -1.5931968518482742 54.691763630619761 1.58729648297203 -24.101435875892641 -32.326703706154454 12.271659348245528 4.5143885210582191 -2.7475221367769467 42.934584688118527 -15.261633297846869 -18.689022866162386 -16.98872028473885
leaf_weight=24374 63 27 186 27 29 36 26 61 140 43 35 65 22 31
leaf_count=24374 63 27 186 27 29 36 26 61 140 43 35 65 22 31
internal_value=3.77528e-09 2.49315 6.50538 13.1121 21.6961 -1.91284 0.429647 12.2454 -5.19691 13.3701 24.1991 -1.75606 4.06521 0.875363
internal_weight=25165 791 414 228 134 377 341 110 231 107 64 205 83 94
internal_count=25165 791 414 228 134 377 341 110 231 107 64 205 83 94
is_linear=0
shrinkage=0.05


Tree=90
num_leaves=15
num_cat=0
split_feature=18 10 5 16 10 20 20 18 19 19 16 8 10 16
split_gain=1.9954e+06 6.49376e+06 8.08153e+06 1.1207e+07 1.79598e+07 6.18113e+06 1.03327e+07 5.71922e+06 8.43577e+06 9.01299e+06 5.56126e+06 4.39451e+06 9.21555e+06 4.91717e+06
threshold=0.78679653679653694 91.700000000000017 0.66764753166076951 1.0000000180025095e-35 31.625000000000004 2380.2661375661378 1827.161111111111 0.81322674418604668 839.56572871572882 365.57162226001515 0.53453935442540101 63.808333333333337 143.00000000000003 0.64529795632400577
decision_type=10 8 10 8 10 10 10 10 10 10 10 10 10 10
left_child=-1 2 3 -2 -5 6 7 8 9 -3 -4 13 -13 -9
right_child=1 5 10 4 -6 -7 -8 11 -10 -11 -12 12 -14 -15
leaf_value=0.13252135722953101 -4.7935257478193805 -11.321508476257325 0.55500874508359876 4.8616727886777937 61.70709052483241 -26.817757135629655 27.891888197263082 -0.92770356322724778 -1.2155690791995026 -55.202054791017012 -10.77470488101244 -44.057808923721318 -4.0117549765343758 -25.106094026565554
leaf_weight=23117 44 25 1112 33 24 32 24 476 43 22 120 20 51 22
leaf_count=23117 44 25 1112 33 24 32 24 476 43 22 120 20 51 22
internal_value=-1.3935e-08 -1.49585 0.566163 14.1633 28.7966 -5.34013 -4.33386 -5.50748 -17.2195 -31.8613 -0.548535 -3.65497 -15.2923 -1.99583
internal_weight=25165 2048 1333 101 57 715 683 659 90 47 1232 569 71 498
internal_count=25165 2048 1333 101 57 715 683 659 90 47 1232 569 71 498
is_linear=0
shrinkage=0.05


Tree=91
num_leaves=15
num_cat=0
split_feature=5 7 5 5 13 18 8 12 13 18 20 18 19 17
split_gain=1.97461e+06 5.83842e+06 8.70898e+06 5.23934e+06 6.0993e+06 5.51437e+06 5.33094e+06 7.91931e+06 9.14619e+06 1.50046e+07 1.1773e+07 1.15528e+07 1.00929e+07 1.31487e+07
threshold=1.8154663777025974 0.4250000000000001 0.81038389571671321 1.7735931896403399 464.97500000000008 0.39173060528559256 8.6375000000000011 0.38697652319901527 72.17000000000003 0.24744897959183676 775.98333333333346 0.22361111111111112 169.74712643678163 15.500000000000002
decision_type=10 8 10 10 2 10 8 10 2 10 10 10 10 10
left_child=1 2 -1 6 5 -5 -3 -8 9 -9 11 -10 -12 -14
right_child=-2 3 -4 4 -6 -7 7 8 10 -11 12 -13 13 -15
leaf_value=-41.678082876205451 -0.44977072200238877 4.1047307223774672 -3.3297459209174445 29.685307426452638 32.717827769120532 1.2929568555395483 0.97975189699731535 -52.370587339855376 19.598025723604056 -7.5718787065498976 36.778743053617937 -4.2796789592711084 -3.8510285412661904 6.2291525349923456
leaf_weight=20 12389 903 57 20 24 118 8092 21 52 170 21 1962 573 743
leaf_count=20 12389 903 57 20 24 118 8092 21 52 170 21 1962 573 743
internal_value=2.20788e-08 0.436147 -13.2904 0.519377 9.45372 5.40779 0.40393 0.116683 -1.85507 -12.4974 -1.24848 -3.66317 2.38891 1.84014
internal_weight=25165 12776 77 12699 162 138 12537 11634 3542 191 3351 2014 1337 1316
internal_count=25165 12776 77 12699 162 138 12537 11634 3542 191 3351 2014 1337 1316
is_linear=0
shrinkage=0.05


Tree=92
num_leaves=15
num_cat=0
split_feature=20 18 13 8 5 1 19 7 20 17 5 14 4 4
split_gain=1.9575e+06 7.95839e+06 6.37138e+06 7.19512e+06 7.60356e+06 9.03334e+06 1.15076e+07 9.49352e+06 7.94871e+06 6.22689e+06 6.4784e+06 9.93352e+06 1.54831e+07 1.11114e+07
threshold=1485.4322562358277 0.85960591133004927 32.595000000000006 312.07500000000005 0.17546888810848235 0.55833333333333346 434.7081917364863 293.60833333333341 1505.0040000000001 18.500000000000004 2.3651783991898601 0.052500000000000012 7.0200000000000005 4.3984722222222228
decision_type=10 10 2 10 8 10 8 10 10 10 10 8 2 2
left_child=-1 2 -2 4 -4 7 -7 8 -6 10 11 12 13 -10
right_child=1 -3 3 -5 5 6 -8 -9 9 -11 -12 -13 -14 -15
leaf_value=0.12512321666957946 -28.053321224710217 29.053254499889558 -27.793869386400498 25.067590515136718 -20.189298372683318 21.67194099979497 0.1626884377330815 31.057958655357364 -19.520272444486622 4.5584475940516018 0.33743825183557696 -4.7516263422492431 7.0335984230041504 -59.324821203726316
leaf_weight=23290 23 21 28 25 69 87 218 20 50 238 451 584 34 27
leaf_count=23290 23 21 28 25 69 87 218 20 50 238 451 584 34 27
internal_value=-1.70408e-08 -1.5542 -1.90088 -1.57237 -1.94114 -1.53401 6.29811 -3.15574 -3.62667 -2.80094 -4.32933 -7.35769 -21.0688 -33.4777
internal_weight=25165 1875 1854 1831 1806 1778 305 1473 1453 1384 1146 695 111 77
internal_count=25165 1875 1854 1831 1806 1778 305 1473 1453 1384 1146 695 111 77
is_linear=0
shrinkage=0.05


Tree=93
num_leaves=15
num_cat=0
split_feature=2 17 15 16 18 11 13 19 12 19 14 5 12 1
split_gain=1.91439e+06 1.97979e+06 9.19986e+06 1.24032e+07 1.54911e+07 1.02294e+07 1.76148e+07 2.33456e+07 2.52637e+07 1.50707e+07 1.61838e+07 1.11516e+07 1.44132e+07 1.29156e+07
threshold=0.13899613899613902 12.500000000000002 1.297058823529412 0.77274811271973298 0.57043650793650802 69.783333333333346 109.145 427.02159570775143 0.27977376501816237 1459.3928030303034 0.057500000000000016 0.7473642067571572 4.1431153184165241 107.83333333333334
decision_type=8 10 8 10 10 10 2 8 10 10 10 10 8 8
left_child=-1 2 3 5 -5 11 7 -7 -9 -8 -11 12 -2 -14
right_child=1 -3 -4 4 -6 6 9 8 -10 10 -12 -13 13 -15
leaf_value=12.41757786812321 26.562155703049672 -0.34919361621410694 2.382546926054347 55.274511169845404 -4.0610395626588298 5.5716078391441934 -1.3279724943607663 -15.551356201171878 -95.024162063598638 -41.606181179747296 11.766887631416322 -1.0496056437733332 -17.588304059467617 7.099479828152929
leaf_weight=31 79 16049 3965 22 22 26 543 20 20 49 20 3923 63 333
leaf_count=31 79 16049 3965 22 22 26 543 20 20 49 20 3923 63 333
internal_value=-1.03156e-08 -0.0153157 0.574492 -0.825691 25.6067 -1.05481 -6.77154 -31.3129 -55.2878 -4.12493 -26.1357 -0.173517 7.06205 3.17188
internal_weight=25165 25134 9085 5120 44 5076 678 66 40 612 69 4398 475 396
internal_count=25165 25134 9085 5120 44 5076 678 66 40 612 69 4398 475 396
is_linear=0
shrinkage=0.05


Tree=94
num_leaves=15
num_cat=0
split_feature=1 7 21 7 9 15 1 5 19 2 10 19 8 4
split_gain=1.91384e+06 1.01496e+07 1.96626e+07 1.02043e+07 1.53111e+07 6.66862e+06 5.78114e+06 5.4162e+06 8.86432e+06 9.61804e+06 8.84563e+06 8.77822e+06 1.11323e+07 1.13573e+07
threshold=34.458333333333336 189.75833333333335 1.13260979904794 135.98333333333338 1.0543520182500024 0.10357142857142858 36.175000000000004 0.78617447531009532 1390.817777777778 1.2462121212121213 87.441666666666677 1145.26491513977 134.82083333333335 11.004861111111113
decision_type=8 10 8 10 10 8 8 8 8 10 10 10 8 2
left_child=1 3 -3 5 -5 -1 -2 8 11 10 -10 -7 13 -13
right_child=6 2 -4 4 -6 7 -8 -9 9 -11 -12 12 -14 -15
leaf_value=-25.173266107559204 -25.924875276738948 44.619963891165604 -17.527417383193971 -53.303365013816148 0.88214056491851811 4.2710978972797209 -0.27696143032682974 0.27188140538358579 -2.2405740786406954 40.178585503318097 33.247132919311525 28.613406867980956 -39.580910329465517 -24.671984779834748
leaf_weight=25 22 35 20 22 32 624 16666 7535 59 33 25 20 27 20
leaf_count=25 22 35 20 22 32 624 16666 7535 59 33 25 20 27 20
internal_value=-5.40497e-09 0.611795 22.0209 0.471982 -21.1934 0.611793 -0.310773 0.689058 4.57944 17.3066 8.32124 2.42447 -14.774 1.97071
internal_weight=25165 8477 55 8422 54 8368 16688 8343 808 117 84 691 67 40
internal_count=25165 8477 55 8422 54 8368 16688 8343 808 117 84 691 67 40
is_linear=0
shrinkage=0.05


Tree=95
num_leaves=15
num_cat=0
split_feature=2 8 9 11 16 7 14 19 13 15 17 18 20 13
split_gain=1.96141e+06 1.95365e+06 6.80254e+06 1.17116e+07 9.88783e+06 8.28585e+06 1.14484e+07 1.86433e+07 2.02911e+07 1.41279e+07 1.14372e+07 9.18104e+06 9.16992e+06 1.39381e+07
threshold=0.13899613899613902 11.958333333333334 4.5821005274681843 95.325000000000017 0.53848900958749457 189.75833333333335 0.027500000000000007 692.58909496054468 178.84500000000003 1.9803921568627454 22.500000000000004 0.5187529301453353 375.68333333333339 283.27000000000004
decision_type=8 8 10 10 10 10 10 10 2 10 10 10 10 2
left_child=-1 -2 5 4 -4 -3 7 8 -7 -9 12 -12 -8 -14
right_child=1 2 3 -5 -6 6 10 9 -10 -11 11 -13 13 -15
leaf_value=12.569134524560745 0.5664295588835917 -0.38990999148427974 -6.0965242294804831 -32.771048665046692 14.461476849064685 49.342149906158454 -7.8806943053930585 73.415766976096421 -8.0470247724163002 16.751134725050495 3.952627406734051 -16.880850453097541 4.0735240829026633 28.9451166601742
leaf_weight=31 9164 14687 514 37 66 20 71 22 67 22 101 111 167 85
leaf_count=31 9164 14687 514 37 66 20 71 22 67 22 101 111 167 85
internal_value=4.22329e-09 -0.0155026 -0.34943 -5.49706 -3.75717 -0.14256 5.31215 18.56 5.14589 45.0835 2.06827 -6.95547 7.99097 12.4628
internal_weight=25165 25134 15970 617 580 15353 666 131 87 44 535 212 323 252
internal_count=25165 25134 15970 617 580 15353 666 131 87 44 535 212 323 252
is_linear=0
shrinkage=0.05


Tree=96
num_leaves=15
num_cat=0
split_feature=14 9 19 18 20 19 9 2 20 1 20 5 15 4
split_gain=2.03267e+06 1.54382e+07 1.34278e+07 1.09617e+07 1.85972e+07 2.06103e+07 1.99312e+07 2.25549e+07 1.66569e+07 1.49889e+07 1.37312e+07 1.35521e+07 1.07436e+07 1.04021e+07
threshold=0.022500000000000003 0.03720312240491614 440.13732570847958 0.65039682539682553 1192.1819658119659 379.82200577200587 0.63285292483994515 5.1500000000000012 1326.6666666666667 52.38333333333334 533.52523491272302 0.25349364203265851 1.9803921568627454 6.8818055555555562
decision_type=8 8 10 8 10 8 8 8 10 10 10 10 10 2
left_child=1 2 -1 4 9 -6 -7 -8 13 -3 -11 -12 -9 -5
right_child=-2 3 -4 8 5 6 7 12 -10 10 11 -13 -14 -15
leaf_value=-55.353072196245193 0.11701494586108679 -2.502778215361154 -8.0459536969661709 0.43421404606256736 19.067131494624274 14.434799374775455 -67.731127357482919 -45.419171096967617 41.552537542581561 -7.5579663536765356 65.005279236748109 15.403313691020012 -1.6714345958497789 30.154540639935121
leaf_weight=24 23567 954 40 273 28 22 39 23 32 33 21 40 36 33
leaf_count=24 23567 954 40 273 28 22 39 23 32 33 21 40 36 33
internal_value=-1.3887e-08 -1.72571 -25.7861 -0.72189 -2.96881 -19.56 -28.573 -38.2278 7.22876 -0.625782 18.4237 32.4794 -18.7256 3.63935
internal_weight=25165 1598 64 1534 1196 148 120 98 338 1048 94 61 59 306
internal_count=25165 1598 64 1534 1196 148 120 98 338 1048 94 61 59 306
is_linear=0
shrinkage=0.05


Tree=97
num_leaves=15
num_cat=0
split_feature=18 14 9 1 15 19 17 7 9 21 20 14 19 17
split_gain=1.93856e+06 5.96258e+06 1.38528e+07 1.30605e+07 1.11114e+07 6.84563e+06 5.40268e+06 7.73762e+06 7.04092e+06 7.2985e+06 7.69709e+06 7.61765e+06 1.11779e+07 7.20705e+06
threshold=0.72821969696969713 0.062500000000000014 28.272409538561231 29.708333333333339 0.83666666666666678 630.18459698196557 22.500000000000004 1.9583333333333335 0.99500449034575678 0.67178332854501921 2380.2661375661378 0.017500000000000005 1293.9229166666669 4.5000000000000009
decision_type=10 10 10 10 8 10 10 10 10 10 10 10 10 10
left_child=-1 2 3 4 -2 -6 8 -8 9 10 11 12 -7 -13
right_child=1 -3 -4 -5 5 6 7 -9 -10 -11 -12 13 -14 -15
leaf_value=0.16184671649714977 24.026822303586147 0.5148942051335651 35.190684747154066 -43.017594610188496 -1.025040098736363 -7.9201564394632982 -41.227376399040224 -5.8818840086460114 -19.160328089084825 4.4535143965842741 -35.527449490473821 -29.03513965185951 28.633958806662726 5.7681573192278544
leaf_weight=22152 34 1898 22 22 527 75 30 32 97 149 26 51 29 21
leaf_count=22152 34 1898 22 22 527 75 30 32 97 149 26 51 29 21
internal_value=1.11993e-08 -1.18992 -4.09193 -4.88261 -4.09926 -5.02142 -9.15102 -22.9845 -7.23656 -3.94139 -10.1337 -6.38232 2.27282 -18.8842
internal_weight=25165 3013 1115 1093 1071 1037 510 62 448 351 202 176 104 72
internal_count=25165 3013 1115 1093 1071 1037 510 62 448 351 202 176 104 72
is_linear=0
shrinkage=0.05


Tree=98
num_leaves=15
num_cat=0
split_feature=4 2 15 11 18 12 13 16 16 10 7 19 16 16
split_gain=1.86029e+06 4.96379e+06 8.00928e+06 8.71881e+06 1.30283e+07 6.7889e+06 8.01573e+06 8.24828e+06 7.79892e+06 6.51535e+06 9.86966e+06 5.97363e+06 5.81159e+06 8.64651e+06
threshold=13.203750000000001 0.7947368421052633 1.1348484848484852 30.204166666666673 0.44337606837606841 5.5703712586634202 198.99000000000004 0.042746169099983501 1.2916555751861941e-16 89.291666666666671 11.758333333333335 1053.9448143636155 0.11868667046909599 0.26618392067582258
decision_type=2 10 10 10 10 10 2 10 10 10 10 10 10 10
left_child=-1 2 3 12 -5 6 7 -3 -8 10 -6 -10 -2 -14
right_child=1 5 -4 4 9 -7 8 -9 11 -11 -12 -13 13 -15
leaf_value=-0.077443730780778264 -9.9265987537525326 35.530360186541522 -1.533687893565624 51.673127781903304 1.3475304866659232 -22.414532381296159 -30.671345175229586 3.715702575086111 4.2133618869100298 -2.2472349177959354 40.7912627356393 -14.128585261198191 38.46520920872689 -8.0280913734436048
leaf_weight=24374 54 27 186 27 29 36 26 83 140 43 35 65 20 20
leaf_count=24374 54 27 186 27 29 36 26 83 140 43 35 65 20 20
internal_value=1.22915e-09 2.38636 6.16608 12.4475 20.6367 -1.7643 0.415779 11.5248 -4.87421 12.8051 22.9183 -1.60238 0.773468 15.2186
internal_weight=25165 791 414 228 134 377 341 110 231 107 64 205 94 40
internal_count=25165 791 414 228 134 377 341 110 231 107 64 205 94 40
is_linear=0
shrinkage=0.05


Tree=99
num_leaves=15
num_cat=0
split_feature=20 17 18 9 21 17 21 21 11 21 17 13 8 11
split_gain=1.85115e+06 5.88206e+06 5.67406e+06 6.59106e+06 4.4607e+06 8.1304e+06 3.79906e+06 7.09517e+06 6.56649e+06 8.01438e+06 6.73464e+06 8.49312e+06 8.92475e+06 7.82857e+06
threshold=202.78672699849173 18.500000000000004 0.69160839160839171 1.6133481646273637 8.5188538532219464 6.5000000000000009 1.5717954355758577 1.5278660411575204 263.47083333333336 1.9702497144526749 9.5000000000000018 413.56500000000005 3.0208333333333339 72.537500000000023
decision_type=8 10 10 8 10 10 10 10 10 10 10 2 8 10
left_child=1 -1 3 -3 6 -6 7 -2 10 -10 11 12 -8 -13
right_child=4 2 -4 -5 5 -7 8 -9 9 -11 -12 13 -14 -15
leaf_value=-0.57911597252627345 -0.030271826005744181 -8.7191475510597236 -3.9659727983836888 -45.904349964315244 -36.549861244533375 5.0512902746597925 -7.2536014378401976 -8.4542419157480548 40.542454481124878 0.83219960530598969 0.15525624401051272 3.8940868628652474 9.6890504033105422 -30.2734144337972
leaf_weight=760 20798 26 79 22 23 24 90 253 24 27 2401 38 570 30
leaf_count=760 20798 26 79 22 23 24 90 253 24 27 2401 38 570 30
internal_value=-1.07414e-10 -2.24356 -12.204 -25.7624 0.0819686 -15.3067 0.111817 -0.131515 1.72263 19.5194 1.43256 5.6452 7.37869 -11.1798
internal_weight=25165 887 127 48 24278 47 24231 21051 3180 51 3129 728 660 68
internal_count=25165 887 127 48 24278 47 24231 21051 3180 51 3129 728 660 68
is_linear=0
shrinkage=0.05


Tree=100
num_leaves=15
num_cat=0
split_feature=19 13 13 5 5 4 21 14 13 12 10 2 20 12
split_gain=1.8703e+06 1.15868e+07 1.13944e+07 8.96956e+06 1.71383e+07 9.56281e+06 9.81181e+06 8.73623e+06 1.49626e+07 1.59168e+07 1.56234e+07 3.84763e+06 3.7109e+06 3.88734e+06
threshold=1859.3198232323234 392.0800000000001 449.48500000000007 0.5610025369388798 0.46041700089007026 4.5804166666666672 1.9702497144526749 0.062500000000000014 219.21000000000004 0.78549099022282864 16.575000000000003 0.13899613899613902 972.98436267977127 0.33785535413888462
decision_type=10 2 2 8 8 2 8 8 2 8 10 8 10 10
left_child=11 3 -3 4 5 -2 -7 8 10 -10 -5 -1 13 -4
right_child=1 2 12 7 -6 6 -8 -9 9 -11 -12 -13 -14 -15
leaf_value=18.595763848509108 -25.179819410497494 -43.793677686055503 -3.0630292107077208 -8.6844417925234207 52.717782640457159 40.912036482493086 -1.4794023721646041 0.90999139214335889 -21.290403051035746 35.541535074060612 -64.128460423151651 0.050358912737525512 11.037764034271241 -29.345451345791417
leaf_weight=28 22 30 34 27 22 21 39 362 28 22 24 24462 20 24
leaf_count=28 22 30 34 27 22 21 39 362 28 22 24 24462 20 24
internal_value=-4.28914e-09 -2.59639 -17.6064 0.262659 13.5316 3.01829 13.3576 -2.71785 -15.7206 3.71565 -34.7757 0.0715623 -7.53434 -13.9385
internal_weight=25165 675 108 567 104 82 60 463 101 50 51 24490 78 58
internal_count=25165 675 108 567 104 82 60 463 101 50 51 24490 78 58
is_linear=0
shrinkage=0.05


Tree=101
num_leaves=15
num_cat=0
split_feature=15 13 2 17 10 2 17 1 21 20 16 11 19 5
split_gain=1.88851e+06 5.19828e+06 4.19622e+06 9.56578e+06 2.94899e+06 2.20209e+06 2.17375e+06 8.6252e+06 2.05535e+07 2.35323e+07 1.44655e+07 1.09031e+07 8.47191e+06 7.7602e+06
threshold=0.10357142857142858 133.29000000000005 0.21627906976744191 14.500000000000002 16.108333333333338 0.28869047619047622 12.500000000000002 60.38333333333334 0.30799891798509743 717.64973032714431 0.18100460910186975 78.754166666666677 182.51219512195124 0.57597313725210231
decision_type=8 2 8 10 8 8 10 10 10 10 10 8 10 10
left_child=1 -1 3 -2 -3 -4 7 13 12 -10 11 -11 -9 -7
right_child=2 4 5 -5 -6 6 -8 8 9 10 -12 -13 -14 -15
leaf_value=-29.668884353637697 -5.337317432403565 -11.330352593757013 -16.18470311164856 41.05557264328003 8.1394388874856443 3.1390957099169583 -0.33702299568046157 0.52848393786084524 -2.7652156082625243 -2.2864581985473635 -75.321501327696296 -47.715519441877092 31.562045590630891 -0.083680568475773071
leaf_weight=20 25 37 21 20 41 2708 15981 91 97 25 21 28 29 6021
leaf_count=20 25 37 21 20 41 2708 15981 91 97 25 21 28 29 6021
internal_value=-3.25836e-09 -6.92739 0.0270828 15.2817 -1.09623 -0.000351485 0.0132428 0.633819 -7.8343 -18.9659 -40.202 -26.2867 8.02826 0.916122
internal_weight=25165 98 25067 45 78 25022 25001 9020 291 171 74 53 120 8729
internal_count=25165 98 25067 45 78 25022 25001 9020 291 171 74 53 120 8729
is_linear=0
shrinkage=0.05


Tree=102
num_leaves=15
num_cat=0
split_feature=2 4 4 18 10 12 10 13 21 1 7 20 10 7
split_gain=1.90603e+06 5.31432e+06 2.8955e+06 4.8027e+06 5.70006e+06 4.42199e+06 5.01473e+06 3.41023e+06 3.74301e+06 4.2039e+06 8.25295e+06 2.81022e+06 4.03864e+06 3.90148e+06
threshold=2.5192307692307696 0.013194444444444446 1.3916666666666668 0.36681957186544351 111.46666666666668 0.0084429601739556912 147.13333333333335 205.42500000000004 1.5717954355758577 0.25833333333333336 2.4750000000000005 5212.3888888888896 100.75833333333334 22.225000000000005
decision_type=10 2 2 10 8 10 10 2 10 10 10 10 8 10
left_child=11 -2 7 4 -4 6 -5 8 9 10 -3 -1 13 -13
right_child=1 2 3 5 -6 -7 -8 -9 -10 -11 -12 12 -14 -15
leaf_value=-0.033439010926218649 -18.611438890739723 6.3643030999648964 13.65404330102297 42.33452032262629 -17.252750985281807 6.8016039209500434 12.034355866909028 -16.735726473881648 20.631188554286958 4.7215664294841408 -31.447360950046118 -6.2294906066014217 4.3484961171304031 -35.603393664360048
leaf_weight=24566 27 31 26 22 35 124 36 26 25 143 27 26 31 20
leaf_count=24566 27 31 26 22 35 124 36 26 25 143 27 26 31 20
internal_value=2.46118e-08 2.98984 4.16809 8.06236 -4.07936 12.1318 23.5275 0.412895 2.38574 0.116411 -11.2377 -0.0633321 -9.60041 -19.0008
internal_weight=25165 522 495 243 61 182 58 252 226 201 58 24643 77 46
internal_count=25165 522 495 243 61 182 58 252 226 201 58 24643 77 46
is_linear=0
shrinkage=0.05


Tree=103
num_leaves=15
num_cat=0
split_feature=14 9 19 20 18 17 1 17 19 21 18 13 7 7
split_gain=1.85789e+06 1.4068e+07 1.19996e+07 1.018e+07 2.18042e+07 1.9079e+07 1.6142e+07 1.28825e+07 1.25244e+07 1.23208e+07 1.67579e+07 1.3102e+07 1.19686e+07 1.60456e+07
threshold=0.022500000000000003 0.03720312240491614 440.13732570847958 884.62301587301602 0.28708791208791212 5.5000000000000009 159.90000000000001 20.500000000000004 1023.4332112332114 0.36998036947509733 0.68469785575048747 196.20500000000001 75.88333333333334 62.525000000000006
decision_type=8 8 10 10 10 10 10 10 10 10 10 2 10 10
left_child=1 2 -1 6 5 -5 7 12 -9 10 11 -6 13 -3
right_child=-2 3 -4 4 9 -7 -8 8 -10 -11 -12 -13 -14 -15
leaf_value=-52.568113487958911 0.11187107943220265 4.3858020810722227 -7.8475285172462463 -10.662250786357456 33.869083153117792 -66.263599579422575 35.194989321572443 -7.0881211535620299 23.884293320519586 -8.2477430035983499 52.301806154705233 -12.294878565096388 20.961810332592407 -41.401321599483495
leaf_weight=24 23567 442 40 36 22 27 35 484 35 254 21 51 107 20
leaf_count=24 23567 442 40 36 22 27 35 484 35 254 21 51 107 20
internal_value=-3.01653e-09 -1.64985 -24.6177 -0.69161 -7.42449 -34.4914 1.77252 0.697345 -4.99942 -2.52445 12.9406 1.61755 5.89352 2.40368
internal_weight=25165 1598 64 1534 411 63 1123 1088 519 348 94 73 569 462
internal_count=25165 1598 64 1534 411 63 1123 1088 519 348 94 73 569 462
is_linear=0
shrinkage=0.05


Tree=104
num_leaves=15
num_cat=0
split_feature=18 10 5 18 12 19 20 7 17 17 14 5 7 4
split_gain=1.84949e+06 6.1267e+06 7.04812e+06 1.02535e+07 6.02954e+06 6.53637e+06 7.496e+06 6.26859e+06 7.32762e+06 8.50949e+06 6.40883e+06 6.36536e+06 7.93543e+06 6.01046e+06
threshold=0.78679653679653694 91.700000000000017 0.66764753166076951 0.85960591133004927 12.812047526941145 1312.1000000000001 2380.2661375661378 1.8250000000000002 25.500000000000004 14.500000000000002 0.12250000000000001 0.95524500452171635 10.075000000000001 3.4080555555555558
decision_type=10 8 10 10 10 10 10 8 10 10 8 10 10 2
left_child=-1 2 3 -2 5 6 7 -3 9 10 11 13 -13 -9
right_child=1 4 -4 -5 -6 -7 -8 8 -10 -11 -12 12 -14 -15
leaf_value=0.12758421436797093 35.624425725375907 6.4594180257289437 -0.47822407952739632 1.9120852135900241 13.941967252584604 7.5374276829393283 -33.772550255280954 8.7528723780314124 -35.825318654378258 10.258467283693411 -4.2640390816857821 -54.411603364077486 -15.402506632357836 -16.571083063388539
leaf_weight=23117 34 77 1232 67 39 76 27 30 24 59 222 22 32 107
leaf_count=23117 34 77 1232 67 39 76 27 30 24 59 222 22 32 107
internal_value=1.03099e-10 -1.44012 0.562767 13.2608 -5.17417 -6.27703 -8.02686 -6.81371 -8.87425 -7.50386 -10.0413 -16.7563 -31.2951 -11.0257
internal_weight=25165 2048 1333 101 715 676 600 573 496 472 413 191 54 137
internal_count=25165 2048 1333 101 715 676 600 573 496 472 413 191 54 137
is_linear=0
shrinkage=0.05


Tree=105
num_leaves=15
num_cat=0
split_feature=20 9 18 21 18 19 9 7 18 21 5 14 13 21
split_gain=1.85007e+06 6.26785e+06 7.62401e+06 9.72426e+06 8.13681e+06 6.95582e+06 5.50638e+06 9.07087e+06 1.41081e+07 8.14129e+06 7.80343e+06 9.92918e+06 2.92765e+07 1.46692e+07
threshold=517.95263475797753 0.086527416612423552 0.69160839160839171 8.5188538532219464 0.85960591133004927 1053.9448143636155 0.20286221975612015 4.3583333333333334 0.59122919334186952 1.4967319607993115 0.76214672178215925 0.062500000000000014 153.41500000000005 1.7231457039272364
decision_type=8 10 10 10 10 8 10 10 10 10 10 10 2 10
left_child=1 2 3 -1 -4 6 7 -3 -9 -10 11 12 -8 -14
right_child=-2 5 4 -5 -6 -7 10 8 9 -11 -12 -13 13 -15
leaf_value=-3.4077956233068214 0.28189347145417493 0.59288711499654922 8.4334144203827304 -27.446710992413898 -17.757731581084869 5.9328199073940011 -70.777726840972903 4.9727092792247909 18.292435105443001 63.406972904205332 -0.16857579648719476 -1.2486215323448182 3.4690331854603507 -31.128878607648485
leaf_weight=1944 17569 337 232 43 34 494 22 87 20 20 3978 250 88 47
leaf_count=1944 17569 337 232 43 34 494 22 87 20 20 3978 250 88 47
internal_value=2.4137e-11 -0.651999 -2.86381 -3.92801 5.08567 0.280664 -0.295159 4.88452 16.2726 40.8497 -0.843248 -7.43746 -17.2923 -8.57617
internal_weight=25165 7596 2253 1987 266 5343 4849 464 127 40 4385 407 157 135
internal_count=25165 7596 2253 1987 266 5343 4849 464 127 40 4385 407 157 135
is_linear=0
shrinkage=0.05


Tree=106
num_leaves=15
num_cat=0
split_feature=20 13 13 5 21 1 5 14 20 14 18 19 16 4
split_gain=1.82918e+06 7.72215e+06 1.51353e+07 7.61288e+06 9.19112e+06 8.16617e+06 7.63358e+06 7.66772e+06 7.54496e+06 1.14909e+07 7.17455e+06 8.55121e+06 1.15098e+07 7.0702e+06
threshold=1485.4322562358277 479.32000000000005 500.11500000000007 2.5438101129873263 0.29842346599995134 54.908333333333339 0.43277043125574344 0.027500000000000007 1775.95 0.052500000000000012 0.55829054666263978 1172.2153846153849 0.12218832613218489 6.5680555555555573
decision_type=10 2 2 10 8 10 8 8 10 10 10 10 10 2
left_child=-1 3 -3 4 -2 6 -6 -8 9 -5 13 12 -12 -9
right_child=1 2 -4 8 5 -7 7 10 -10 -11 11 -13 -14 -15
leaf_value=0.12095287636391093 0.52348433139433925 50.518331050872803 2.789813115645428 34.2393433656448 8.6662343167546965 -32.443403409509095 -39.593136901855473 -5.3234263731946587 -1.915475284185872 4.2576799162363601 -29.051305148763177 -0.87939897356806584 3.5980976377214704 22.919102545579278
leaf_weight=23290 478 20 98 39 67 34 20 289 402 177 118 74 35 24
leaf_count=23290 478 20 98 39 67 34 20 289 402 177 118 74 35 24
internal_value=1.38958e-08 -1.5024 10.8794 -2.33396 -4.75828 -8.57777 -7.28363 -9.19191 2.13418 9.67104 -8.06594 -14.8335 -21.5825 -3.15787
internal_weight=25165 1875 118 1757 1139 661 627 560 618 216 540 227 153 313
internal_count=25165 1875 118 1757 1139 661 627 560 618 216 540 227 153 313
is_linear=0
shrinkage=0.05


Tree=107
num_leaves=15
num_cat=0
split_feature=5 15 7 7 14 9 19 21 5 12 14 1 12 2
split_gain=1.7811e+06 4.88459e+06 7.10743e+06 1.37748e+07 1.24452e+07 2.61185e+07 2.43238e+07 1.32535e+07 1.22271e+07 1.56304e+07 1.21048e+07 1.73406e+07 1.4344e+07 1.18153e+07
threshold=1.8154663777025974 1.8208556149732622 35.041666666666671 61.091666666666676 0.012500000000000002 1.8669526256324249 762.59612794612815 0.9125057412937313 1.0190053634102221 0.14087076536790213 0.062500000000000014 3.7583333333333337 0.5449825080644638 1.0100000000000002
decision_type=10 10 8 8 8 10 10 10 10 10 10 10 10 8
left_child=1 2 -1 8 5 6 -5 -7 9 -4 11 12 -11 -10
right_child=-2 -3 3 4 -6 7 -8 -9 13 10 -12 -13 -14 -15
leaf_value=2.8495957623983106 -0.42716480803972168 -2.2572198738832205 12.729903424460934 11.757471442222595 0.49860412735312742 11.942666263580323 72.519379705190659 -42.66545375823975 8.6845971200980383 -24.784651529028061 -8.6325321180651891 -6.1017736805809868 -67.419032040764307 -6.2396096524588351
leaf_weight=3015 12389 1509 53 40 7170 25 28 20 204 47 198 54 34 379
leaf_count=3015 12389 1509 53 40 7170 25 28 20 204 47 198 54 34 379
internal_value=3.07784e-09 0.414225 0.772015 0.0129373 0.758079 17.2221 36.7771 -12.3276 -5.58755 -12.4901 -16.5041 -28.049 -42.6806 -1.01742
internal_weight=25165 12776 11267 8252 7283 113 68 45 969 386 333 135 81 583
internal_count=25165 12776 11267 8252 7283 113 68 45 969 386 333 135 81 583
is_linear=0
shrinkage=0.05


Tree=108
num_leaves=15
num_cat=0
split_feature=2 4 19 19 10 7 19 1 1 2 12 11 10 19
split_gain=1.78732e+06 4.81828e+06 2.65258e+06 4.15417e+06 2.84609e+06 2.64602e+06 5.59259e+06 4.69159e+06 2.60857e+06 1.38274e+07 1.4653e+07 1.21481e+07 1.24746e+07 1.64487e+07
threshold=2.5192307692307696 0.013194444444444446 275.04473684210529 343.66851832149558 35.558333333333344 1.7250000000000003 739.65916666666669 0.14166666666666669 39.625000000000007 1.1937500000000003 1.1333740095305287 80.395833333333357 376.47500000000008 777.11184687107777
decision_type=10 2 8 8 10 10 10 10 10 10 8 10 10 10
left_child=8 -2 4 -4 -3 6 -5 -7 -1 -10 -11 12 13 -12
right_child=1 2 3 5 -6 7 -8 -9 9 10 11 -13 -14 -15
leaf_value=0.045730381949885948 -17.673209220391733 25.087772935012293 -15.852964866161347 26.550370831622018 0.91810028666541688 -17.722898172449185 -2.4218440148138232 3.9731644043681609 -0.067415358145069229 -54.056443899328059 3.199705477835427 25.914384927749634 -52.191344180107116 -45.45290433634883
leaf_weight=23620 27 29 28 36 21 27 31 323 867 22 71 20 20 23
leaf_count=23620 27 29 28 36 21 27 31 323 867 22 71 20 20 23
internal_value=-1.04165e-08 2.89524 4.01716 2.79026 14.9365 4.04209 13.1453 2.29947 -0.0613284 -2.5332 -16.2373 -10.0282 -16.3339 -8.70466
internal_weight=25165 522 495 445 50 417 67 350 24643 1023 156 134 114 94
internal_count=25165 522 495 445 50 417 67 350 24643 1023 156 134 114 94
is_linear=0
shrinkage=0.05


Tree=109
num_leaves=15
num_cat=0
split_feature=7 1 1 14 15 21 16 7 20 20 16 5 21 10
split_gain=1.76621e+06 5.65963e+06 2.30333e+06 4.07141e+06 6.39741e+06 2.66625e+06 3.46804e+06 2.58281e+06 2.56155e+06 2.38097e+06 2.28449e+06 2.10841e+06 2.02567e+06 2.01691e+06
threshold=0.17500000000000002 0.041666666666666678 0.058333333333333341 0.04250000000000001 2.438438438438439 0.76494404739319133 0.11284363245402061 6.8250000000000002 892.94705882352957 707.75723863897781 1.4242992750125366e-16 6.9299624698365401 0.4788546585938554 139.15833333333336
decision_type=8 10 8 8 10 10 10 10 10 10 8 10 8 8
left_child=1 -1 3 4 -2 6 8 -7 10 11 -5 -8 -11 -4
right_child=2 -3 13 5 -6 7 9 -9 -10 12 -12 -13 -14 -15
leaf_value=3.7292211389132577 32.393488262380878 -21.958125407631332 -0.38668520847795756 -9.1703472724327675 -4.6318226814270025 2.7600344924628737 -16.314554442530092 14.838245459748251 2.8809856033325199 2.7573504924774173 -29.955015040040021 1.8662183983967855 21.296463174146155 0.56646409309250778
leaf_weight=51 28 37 15891 39 20 335 23 51 25 41 20 52 23 8529
leaf_count=51 28 37 15891 39 20 335 23 51 25 41 20 52 23 8529
internal_value=-1.80416e-09 -7.07114 0.024814 2.94628 16.9663 1.84125 -2.51139 4.35586 -10.5324 2.33582 -16.216 -3.70922 9.41984 -0.0537855
internal_weight=25165 88 25077 657 48 609 223 386 84 139 59 75 64 24420
internal_count=25165 88 25077 657 48 609 223 386 84 139 59 75 64 24420
is_linear=0
shrinkage=0.05


Tree=110
num_leaves=15
num_cat=0
split_feature=8 14 20 18 14 11 19 21 14 18 15 20 19 20
split_gain=1.72749e+06 5.97799e+06 6.55388e+06 1.18226e+07 1.0693e+07 1.1876e+07 1.04637e+07 1.55128e+07 1.87571e+07 2.64049e+07 1.86325e+07 1.85466e+07 1.5524e+07 1.51328e+07
threshold=11.958333333333334 0.10250000000000002 772.41764705882349 0.23606811145510839 0.082500000000000018 32.770833333333336 874.9654188948308 1.2838286861150905 0.022500000000000003 0.59122919334186952 2.937254901960785 866.16894899971828 1220.7698620150079 1300.8684303350972
decision_type=8 8 10 10 8 8 8 10 10 10 10 10 8 10
left_child=-1 2 3 4 5 -2 -4 8 9 10 12 -10 -8 -9
right_child=1 -3 6 -5 -6 -7 7 13 11 -11 -12 -13 -14 -15
leaf_value=0.5468435647647033 44.548142989158634 0.66863664486378005 2.732729956143455 -3.1855597340331934 -6.8951124112540434 8.2542632549610726 -29.491734540462495 8.8834319205303007 -28.603455669879914 21.484202588122827 -10.923831881625311 -1.7507027686868288 -85.257154806760639 -18.621077347212825
leaf_weight=9176 25 7866 1997 4374 109 229 24 363 70 23 35 790 26 58
leaf_count=9176 25 7866 1997 4374 109 229 24 363 70 23 35 790 26 58
internal_value=-1.75479e-08 -0.313831 -1.26521 -2.46596 6.20486 11.8265 0.414632 -2.91816 -6.40287 -26.0434 -38.9038 -3.93639 -58.4898 5.09421
internal_weight=25165 15989 8123 4737 363 254 3386 1389 968 108 85 860 50 421
internal_count=25165 15989 8123 4737 363 254 3386 1389 968 108 85 860 50 421
is_linear=0
shrinkage=0.05


Tree=111
num_leaves=15
num_cat=0
split_feature=7 4 19 14 18 12 12 21 20 9 12 14 1 21
split_gain=1.78579e+06 8.13355e+06 1.28811e+07 1.1036e+07 1.05075e+07 9.57778e+06 1.54833e+07 9.55915e+06 1.05287e+07 1.04465e+07 2.79963e+07 1.53135e+07 1.00954e+07 1.44758e+07
threshold=130.80833333333337 8.3490277777777795 1942.1138528138529 0.052500000000000012 0.29478609625668456 11.930293316345205 17.608784778887877 1.7961810327663232 332.31958333333336 2.8498679584868216 2.4478203871745268 0.047500000000000007 0.12500000000000003 0.35108021895279073
decision_type=10 2 10 10 8 10 10 10 10 8 10 10 10 10
left_child=-1 2 4 -4 -2 -3 -7 9 -9 10 11 -6 -11 -14
right_child=1 5 3 -5 7 6 -8 8 -10 12 -12 -13 13 -15
leaf_value=-0.12029971026804227 -9.0382951156616222 -0.11427304387976558 -38.215536308288577 8.8542998838424687 -30.519521840413411 -42.30895160373889 -3.9848505868468176 1.136241916988207 31.843540493871128 -1.0776574762772109 70.934766106378476 17.518345537064953 35.676954675228039 5.5064949654331503
leaf_weight=23267 125 472 33 20 21 38 86 46 71 581 21 79 47 258
leaf_count=23267 125 472 33 20 21 38 86 46 71 581 21 79 47 258
internal_value=1.47219e-08 1.47472 3.68924 -20.4533 4.7137 -3.36304 -15.7293 6.24306 19.7706 4.67134 18.4518 7.43039 2.78936 10.1557
internal_weight=25165 1898 1302 53 1249 596 124 1124 117 1007 121 100 886 305
internal_count=25165 1898 1302 53 1249 596 124 1124 117 1007 121 100 886 305
is_linear=0
shrinkage=0.05


Tree=112
num_leaves=15
num_cat=0
split_feature=4 2 15 14 13 12 13 16 16 9 3 19 14 19
split_gain=1.77414e+06 4.42915e+06 7.03676e+06 7.82675e+06 1.70504e+07 5.94429e+06 6.93715e+06 7.41841e+06 7.11983e+06 5.67683e+06 5.43088e+06 5.23687e+06 4.66063e+06 4.61423e+06
threshold=13.203750000000001 0.85714285714285721 1.1348484848484852 0.097500000000000017 464.97500000000008 5.5703712586634202 198.99000000000004 0.042746169099983501 1.2916555751861941e-16 1.2310032766422221 7.5000000000000009 1053.9448143636155 0.062500000000000014 1459.3928030303034
decision_type=2 10 10 10 2 10 2 10 10 10 2 10 10 10
left_child=-1 2 3 4 10 6 7 -3 -8 12 -2 -10 -9 -13
right_child=1 5 -4 -5 -6 -7 8 9 11 -11 -12 13 -14 -15
leaf_value=-0.075629266340837942 25.626719291907985 33.514396356653286 -1.332482591239355 1.8892052754620527 60.267886699329722 -21.223434359686717 -29.155819698480457 29.596831512451175 4.0640467206601585 -18.431334296139806 1.9355243626287431 -24.338894215383029 0.81531268572195992 2.6946347271954574
leaf_weight=24374 41 27 186 107 22 35 26 22 140 22 59 38 39 27
leaf_count=24374 41 27 186 107 22 35 26 22 140 22 59 38 39 27
internal_value=-2.30803e-08 2.33045 5.89178 11.7595 20.4163 -1.60027 0.413839 10.7484 -4.50739 3.34263 11.6489 -1.38125 11.1955 -13.1096
internal_weight=25165 791 415 229 122 376 341 110 231 83 100 205 61 65
internal_count=25165 791 415 229 122 376 341 110 231 83 100 205 61 65
is_linear=0
shrinkage=0.05


Tree=113
num_leaves=15
num_cat=0
split_feature=11 19 9 15 19 18 19 7 20 18 7 1 20 19
split_gain=1.72683e+06 3.95437e+06 2.62998e+06 3.93062e+06 4.10241e+06 2.7466e+06 2.83855e+06 4.27612e+06 1.96501e+06 7.74335e+06 7.17812e+06 6.87581e+06 8.12925e+06 7.28851e+06
threshold=1.7750000000000001 755.03470213757112 57.653439153439159 0.89087301587301593 343.66851832149558 0.6478537360890303 630.18459698196557 293.60833333333341 1485.4322562358277 0.85960591133004927 392.15833333333336 0.55833333333333346 3134.5646452811898 703.74484126984146
decision_type=8 8 10 10 8 8 8 10 10 10 10 10 10 8
left_child=1 -1 8 -4 -5 6 7 -6 -2 10 11 -10 -13 -14
right_child=2 -3 3 4 5 -7 -8 -9 9 -11 -12 12 13 -15
leaf_value=-1.1486487725356811 0.11753951938533208 -19.436309626295763 23.597340778068261 -12.153393742697581 29.919704532623292 22.038858154296875 -4.5579859121487694 -0.58359436988830571 -3.0039624696072096 28.612893867492676 -29.087021470069885 1.9802560189091569 47.404341559410099 5.6993865013122562
leaf_weight=147 22944 37 27 35 20 25 52 27 1482 21 24 282 20 22
leaf_count=147 22944 37 27 35 20 25 52 27 1482 21 24 282 20 22
internal_value=-1.44354e-09 -4.82606 0.0355468 5.95889 2.96368 7.23059 3.49113 12.3965 -0.00888719 -1.576 -1.92243 -1.56144 5.03675 25.5589
internal_weight=25165 184 24981 186 159 124 99 47 24795 1851 1830 1806 324 42
internal_count=25165 184 24981 186 159 124 99 47 24795 1851 1830 1806 324 42
is_linear=0
shrinkage=0.05


Tree=114
num_leaves=15
num_cat=0
split_feature=15 20 2 20 3 2 17 15 20 13 4 20 18 18
split_gain=1.71675e+06 5.03608e+06 3.73666e+06 8.9726e+06 2.08339e+06 2.02188e+06 2.12157e+06 7.58946e+06 1.01273e+07 1.81014e+07 4.81657e+07 1.41547e+07 1.60814e+07 4.08035e+07
threshold=0.10357142857142858 1145.9136607142859 0.21627906976744191 696.66188968459494 4.5000000000000009 0.28869047619047622 12.500000000000002 0.57321428571428579 517.95263475797753 237.27000000000001 2.9200000000000004 1485.4322562358277 0.77346041055718484 0.62409420289855089
decision_type=8 8 8 10 2 8 10 10 10 2 2 10 10 10
left_child=1 4 3 -2 -1 -4 7 8 -7 11 -11 12 13 -10
right_child=2 -3 5 -5 -6 6 -8 -9 9 10 -12 -13 -14 -15
leaf_value=5.7071681117018072 -8.4074706901203502 -28.308813985188802 -15.508046134312949 36.256803943799888 -11.266719822328668 -0.31079729184549604 -0.33307638499282288 -0.20512817768465086 5.8731406411366871 96.489794301539661 1.0526315151116787 -3.8668340597394852 -24.461278313228064 42.168383757634601
leaf_weight=48 22 21 21 23 29 1083 15981 6790 645 20 39 320 35 88
leaf_count=48 22 21 21 23 29 1083 15981 6790 645 20 39 320 35 88
internal_value=4.95359e-09 -6.60486 0.0258218 14.4209 -0.685595 -6.65859e-05 0.0129596 0.626042 3.15682 6.43096 33.4042 4.96826 8.64954 10.2306
internal_weight=25165 98 25067 45 77 25022 25001 9020 2230 1147 59 1088 768 733
internal_count=25165 98 25067 45 77 25022 25001 9020 2230 1147 59 1088 768 733
is_linear=0
shrinkage=0.05


Tree=115
num_leaves=15
num_cat=0
split_feature=1 7 12 7 9 15 1 5 19 2 10 19 8 4
split_gain=1.68284e+06 8.72312e+06 1.79856e+07 9.25165e+06 1.36115e+07 5.84893e+06 5.12768e+06 4.86943e+06 7.45772e+06 8.28954e+06 8.06853e+06 7.4613e+06 1.00469e+07 9.6683e+06
threshold=34.458333333333336 189.75833333333335 12.812047526941145 135.98333333333338 1.0543520182500024 0.10357142857142858 36.175000000000004 0.78617447531009532 1390.817777777778 1.2462121212121213 87.441666666666677 1145.26491513977 134.82083333333335 11.004861111111113
decision_type=8 10 8 10 10 8 8 8 8 10 10 10 8 2
left_child=1 3 -3 5 -5 -1 -2 8 11 10 -10 -7 13 -13
right_child=6 2 -4 4 -6 7 -8 -9 9 -11 -12 12 -14 -15
leaf_value=-23.571206367492678 -24.414490561051803 55.439889378981164 -2.9242088346770316 -50.460726703297013 0.62905579805374146 4.0642205863617935 -0.25957156267614445 0.25399631610346612 -2.4168426962222083 37.245841785633203 31.476213836669924 26.995116291046145 -37.060883659786647 -22.168644672632219
leaf_weight=25 22 22 33 22 32 624 16666 7535 59 33 25 20 27 20
leaf_count=25 22 22 33 22 32 624 16666 7535 59 33 25 20 27 20
internal_value=-1.09352e-08 0.573686 20.4214 0.44407 -20.1853 0.577195 -0.291415 0.649556 4.33835 16.0122 7.67038 2.36174 -13.4942 2.41324
internal_weight=25165 8477 55 8422 54 8368 16688 8343 808 117 84 691 67 40
internal_count=25165 8477 55 8422 54 8368 16688 8343 808 117 84 691 67 40
is_linear=0
shrinkage=0.05


Tree=116
num_leaves=15
num_cat=0
split_feature=2 2 8 8 9 19 11 19 13 19 12 20 14 11
split_gain=1.74109e+06 1.7316e+06 8.70648e+06 1.88698e+06 6.32237e+06 1.07924e+07 1.67661e+07 1.38996e+07 1.08528e+07 1.12521e+07 1.28205e+07 8.88977e+06 8.7388e+06 1.09134e+07
threshold=0.13899613899613902 0.28869047619047622 19.912500000000005 12.287500000000003 4.5821005274681843 434.7081917364863 95.325000000000017 925.27296831615968 72.17000000000003 787.40908879828771 11.930293316345205 1077.038484848485 0.052500000000000012 32.429166666666674
decision_type=8 8 8 8 10 10 8 10 2 10 10 10 10 10
left_child=-1 2 -2 -3 -5 11 8 -8 -7 10 12 -6 13 -10
right_child=1 3 -4 4 5 6 7 -9 9 -11 -12 -13 -14 -15
leaf_value=11.842201122160882 -32.5411910098532 0.57094305002008916 7.059920697893415 -0.12807659411278974 0.42011744971692999 -41.023445025512153 -69.257551841735832 -14.262635861502753 -4.5859074789902259 5.1311638461521696 -40.738845940792203 31.810386346887658 1.1003097421300096 -52.596267642974851
leaf_weight=31 23 9286 35 15188 137 21 20 27 29 175 33 27 113 20
leaf_count=31 23 9286 35 15188 137 21 20 27 29 175 33 27 113 20
internal_value=-9.30847e-10 -0.014606 -8.64397 0.0053534 -0.327266 -5.35267 -9.44919 -37.6647 -6.05755 -4.073 -12.3331 5.58803 -6.5468 -24.182
internal_weight=25165 25134 58 25076 15790 602 438 47 391 370 195 164 162 49
internal_count=25165 25134 58 25076 15790 602 438 47 391 370 195 164 162 49
is_linear=0
shrinkage=0.05


Tree=117
num_leaves=15
num_cat=0
split_feature=7 4 20 18 4 18 5 17 13 16 2 15 17 13
split_gain=1.7553e+06 7.92462e+06 1.55582e+07 1.13008e+07 7.40668e+06 6.36618e+06 1.44646e+07 1.47727e+07 1.27783e+07 1.14248e+07 1.34271e+07 8.51499e+06 1.09723e+07 9.84291e+06
threshold=130.80833333333337 2.8719444444444449 1095.4064814814817 0.58712905452035902 2.3166666666666669 0.30116279069767443 0.64220731805927334 6.5000000000000009 153.41500000000005 0.20009099342180495 3.0555555555555562 0.6528688524590166 9.5000000000000018 210.79500000000004
decision_type=10 2 8 10 2 8 10 10 2 8 8 10 10 2
left_child=-1 2 4 -4 -2 6 7 8 -3 -9 -11 12 -7 -14
right_child=1 5 3 -5 -6 11 -8 9 -10 10 -12 -13 13 -15
leaf_value=-0.11926821248850257 -23.9718525799838 27.963042083153358 57.262435863636156 8.3574471609933045 8.0157070692847761 9.9780830065409347 17.185538214728947 -8.0472214337052979 -17.062783870697022 -77.12170818873814 -20.580271312168666 2.4709721093211257 -43.750206785491024 -5.6878927394321988
leaf_weight=23267 22 26 27 21 102 36 42 29 40 21 21 1443 33 35
leaf_count=23267 22 26 27 21 102 36 42 29 40 21 21 1443 33 35
internal_value=1.92637e-09 1.46207 11.6966 35.8665 2.34049 0.442178 -8.48486 -16.3546 0.674663 -32.1847 -48.851 1.47511 -12.3425 -24.1593
internal_weight=25165 1898 172 48 124 1726 179 137 66 71 42 1547 104 68
internal_count=25165 1898 172 48 124 1726 179 137 66 71 42 1547 104 68
is_linear=0
shrinkage=0.05


Tree=118
num_leaves=15
num_cat=0
split_feature=18 4 18 10 2 20 14 13 4 19 7 9 8 10
split_gain=1.68426e+06 5.77124e+06 4.91858e+06 8.2769e+06 4.77962e+06 4.74624e+06 4.00105e+06 9.97797e+06 9.95469e+06 1.05988e+07 9.69783e+06 9.5729e+06 9.32164e+06 7.99033e+06
threshold=0.72821969696969713 10.784027777777778 0.75181159420289867 111.46666666666668 0.90121951219512197 866.16894899971828 0.057500000000000016 163.09500000000003 9.9619444444444465 633.63170226050227 1.0750000000000002 5.0878719486844455 70.991666666666688 95.941666666666677
decision_type=10 2 10 10 8 10 10 2 2 10 8 10 10 10
left_child=-1 4 3 -3 -2 -4 7 -6 9 11 -11 13 -12 -9
right_child=1 2 5 -5 6 -7 -8 8 -10 10 12 -13 -14 -15
leaf_value=0.15085845345853396 19.362353798548384 -36.980927046607526 -1.2919974482687964 3.5555881065130239 -38.259618644714358 -25.273621992270151 0.68594033850067193 2.1179662889135735 26.79588692188263 24.981433753967288 -8.447794714208106 28.158268597722056 -35.754061081830194 -20.12761511060927
leaf_weight=22152 30 34 147 20 20 24 1800 392 28 20 387 32 34 45
leaf_count=22152 30 34 147 20 20 24 1800 392 28 20 387 32 34 45
internal_value=2.30212e-08 -1.10913 -8.81213 -21.9674 -0.487477 -4.65784 -0.703392 -3.31383 -2.56872 -3.47224 -9.03697 1.76027 -10.6531 -0.172769
internal_weight=25165 3013 225 54 2788 171 2758 958 938 910 441 469 421 437
internal_count=25165 3013 225 54 2788 171 2758 958 938 910 441 469 421 437
is_linear=0
shrinkage=0.05


Tree=119
num_leaves=15
num_cat=0
split_feature=4 2 15 11 18 10 7 19 2 21 12 14 11 21
split_gain=1.73144e+06 4.02557e+06 6.2754e+06 7.4437e+06 1.15616e+07 5.84011e+06 8.62175e+06 5.27556e+06 1.13335e+07 9.98124e+06 6.72414e+06 6.94009e+06 5.18757e+06 5.15389e+06
threshold=13.203750000000001 0.85714285714285721 1.1348484848484852 30.204166666666673 0.44337606837606841 89.291666666666671 11.758333333333335 1145.26491513977 1.1026315789473686 2.2195104464629005 0.39737390960003377 0.067500000000000018 17.341666666666672 0.75969303503657504
decision_type=2 10 10 10 10 10 10 8 10 8 10 10 10 10
left_child=-1 2 3 12 -5 6 -6 10 9 -9 11 -3 13 -2
right_child=1 7 -4 4 5 -7 -8 8 -10 -11 -12 -13 -14 -15
leaf_value=-0.07471364799040521 -8.489390007578411 29.871642842973984 -1.1248167871147075 48.066101604037819 0.8651320602873277 -2.79967807281849 37.731017575263984 -41.373048294612346 16.032029735565185 -0.47464017134446368 -4.2153787339865829 2.9641583245051537 -16.25560478702668 20.400703866858233
leaf_weight=24374 26 35 186 27 29 43 35 35 25 26 179 76 31 38
leaf_count=24374 26 35 186 27 29 43 35 35 25 26 179 76 31 38
internal_value=-1.35788e-08 2.30224 5.69744 11.2387 18.8289 11.4513 21.0262 -1.44512 -12.3209 -23.9409 1.78011 11.4485 0.532409 8.6641
internal_weight=25165 791 415 229 134 107 64 376 86 61 290 111 95 64
internal_count=25165 791 415 229 134 107 64 376 86 61 290 111 95 64
is_linear=0
shrinkage=0.05


Tree=120
num_leaves=15
num_cat=0
split_feature=20 4 15 19 19 10 17 19 5 5 18 18 19 16
split_gain=1.67811e+06 2.83531e+06 4.2652e+06 7.18303e+06 4.02918e+06 1.33501e+07 6.6408e+06 5.3252e+06 4.923e+06 8.44468e+06 5.43017e+06 7.45455e+06 4.81417e+06 3.90553e+06
threshold=232.25555555555559 5.7629166666666674 1.5250626566416041 1244.8767340067343 607.82288748832877 44.308333333333344 2.5000000000000004 658.58941950206668 2.0030184422540311 1.1579788871899537 0.81165540540540559 0.74833333333333341 1293.9229166666669 0.56520055791949753
decision_type=8 2 10 8 8 8 10 10 10 8 10 10 10 8
left_child=1 2 4 -4 8 -6 -7 -8 9 -1 11 -11 -9 -3
right_child=-2 13 3 -5 5 6 7 12 -10 10 -12 -13 -14 -15
leaf_value=-15.851377849743285 0.090079165181283949 -4.0180404807883079 2.0769212526723373 31.043898567786584 2.5573812481604126 -0.4399571008152432 -45.465337852478029 -7.285521518290043 -2.5923983385665181 11.377101528048517 -4.5774551835553394 43.504470039367675 -34.041840106043324 -21.921380163563626
leaf_weight=29 23997 198 121 26 171 36 25 40 338 65 29 25 29 36
leaf_count=29 23997 198 121 26 171 36 25 40 338 65 29 25 29 36
internal_value=-2.05961e-08 -1.85071 -0.617654 7.20033 -2.07794 -6.6239 -18.7008 -25.6943 0.737565 8.34248 14.2385 20.3014 -18.5309 -6.7724
internal_weight=25165 1168 934 147 787 301 130 94 486 148 119 90 69 234
internal_count=25165 1168 934 147 787 301 130 94 486 148 119 90 69 234
is_linear=0
shrinkage=0.05


Tree=121
num_leaves=15
num_cat=0
split_feature=2 5 7 19 5 21 19 8 17 3 1 20 21 2
split_gain=1.61884e+06 1.65114e+06 4.71271e+06 7.28733e+06 4.74038e+06 5.49833e+06 1.06393e+07 6.52652e+06 5.05218e+06 7.23864e+06 6.91873e+06 6.87816e+06 1.30391e+07 1.63978e+07
threshold=0.13899613899613902 1.8154663777025974 0.4250000000000001 382.55400743642127 1.7735931896403399 1.3215285452108778 712.55515151515158 8.6375000000000011 50.500000000000007 3.5000000000000004 34.458333333333336 898.90441136122445 1.2436322681029941 0.80909090909090919
decision_type=8 10 8 10 10 8 10 10 10 2 8 8 10 8
left_child=-1 2 3 -2 8 6 -6 -7 10 -10 -4 12 13 -12
right_child=1 -3 4 -5 5 7 -8 -9 9 -11 11 -13 -14 -15
leaf_value=11.418874252227045 -37.91498880386353 -0.4256787791978261 2.5398176459731965 -2.8359825979199327 5.5657705995440487 -26.009998464584353 40.069146060943609 10.333419146537782 11.349298233204044 -0.86961393075830795 -33.448375031153361 1.1349807535298169 1.497818140870341 -3.06941860646057
leaf_weight=31 20 12372 2417 57 80 21 31 30 247 238 45 3992 2137 3447
leaf_count=31 20 12372 2417 57 80 21 31 30 247 238 45 3992 2137 3447
internal_value=-9.35525e-09 -0.0140839 0.384933 -11.9474 0.459792 8.95801 15.2018 -4.63152 0.349858 5.35321 0.148277 -0.452529 -1.57837 -3.4609
internal_weight=25165 25134 12762 77 12685 162 111 51 12523 485 12038 9621 5629 3492
internal_count=25165 25134 12762 77 12685 162 111 51 12523 485 12038 9621 5629 3492
is_linear=0
shrinkage=0.05


Tree=122
num_leaves=15
num_cat=0
split_feature=19 19 13 13 10 14 12 14 21 21 7 1 7 7
split_gain=1.74524e+06 9.84777e+06 1.00016e+07 6.01453e+06 9.468e+06 1.29273e+07 1.19157e+07 1.23541e+07 9.74642e+06 9.20529e+06 1.08369e+07 2.58571e+07 1.8346e+07 1.14907e+07
threshold=874.9654188948308 864.6565842490844 405.30500000000006 231.91000000000005 223.70833333333337 0.067500000000000018 4.6700888134211036 0.037500000000000012 1.2593224871904918 0.65226963655478787 118.00000000000001 75.908333333333346 80.216666666666683 41.00833333333334
decision_type=10 10 2 2 10 8 10 10 10 8 10 8 8 10
left_child=1 -1 -3 4 5 9 7 -6 -8 -2 12 -12 13 -11
right_child=3 2 -4 -5 6 -7 8 -9 -10 10 11 -13 -14 -15
leaf_value=0.084995503727918031 -41.729282070341569 6.0954502108557094 35.445885721842451 1.096205764883261 55.192501068115234 -1.1125714235834867 -31.859397161006928 11.241428542492995 10.016811243693034 -5.2479793138952067 -71.459847363558694 -4.5462927454993842 28.697097975139815 -26.901320617299685
leaf_weight=19508 21 241 33 2356 21 2243 24 67 33 447 22 42 36 71
leaf_count=19508 21 241 33 2356 21 2243 24 67 33 447 22 42 36 71
internal_value=-1.11877e-08 0.217208 9.63036 -0.798219 -2.2727 -2.89994 10.1941 21.7298 -7.61528 -9.1739 -8.06765 -27.5478 -5.81723 -8.21591
internal_weight=25165 19782 274 5383 3027 2882 145 88 57 639 618 64 554 518
internal_count=25165 19782 274 5383 3027 2882 145 88 57 639 618 64 554 518
is_linear=0
shrinkage=0.05


Tree=123
num_leaves=15
num_cat=0
split_feature=19 13 13 5 13 15 18 18 7 17 19 5 21 5
split_gain=1.62348e+06 1.05871e+07 9.95367e+06 8.43151e+06 1.43826e+07 1.51941e+07 8.46633e+06 7.9258e+06 1.29872e+07 2.02907e+07 2.119e+07 4.91013e+06 4.50726e+06 4.22418e+06
threshold=1859.3198232323234 392.0800000000001 449.48500000000007 0.5491642241527358 199.43000000000004 1.6638418079096049 0.4939724037763254 0.54366895499618628 6.541666666666667 11.500000000000002 2282.3750000000005 4.8929669257825212 2.4033665635495707 1.622874833723031
decision_type=10 2 2 8 2 10 10 10 10 10 10 8 8 10
left_child=-1 3 -3 4 -2 6 -6 8 -5 10 -10 -9 -13 -11
right_child=1 2 -4 7 5 -7 -8 11 9 13 -12 12 -14 -15
leaf_value=0.06667331299568284 -10.883780495744004 -41.242586326599124 -7.3530584518726059 -0.48407166426380477 68.224683312007357 -5.4565992008556021 22.769355850219728 22.084715349674227 -81.970575841267916 20.477506227493286 -17.332377874851229 17.503934361857755 -5.2064425034297486 -12.019353318214417
leaf_weight=24490 38 30 78 228 21 22 20 40 21 20 32 31 74 20
leaf_count=24490 38 30 78 228 21 22 20 40 21 20 32 31 74 20
internal_value=1.11084e-08 -2.41901 -16.7668 0.31391 13.4107 28.0644 46.0514 -2.52466 -6.90724 -22.6544 -42.9437 7.17747 1.49853 4.22908
internal_weight=25165 675 108 567 101 63 41 466 321 93 53 145 105 40
internal_count=25165 675 108 567 101 63 41 466 321 93 53 145 105 40
is_linear=0
shrinkage=0.05


Tree=124
num_leaves=15
num_cat=0
split_feature=7 4 19 14 18 19 10 21 17 10 18 20 17 13
split_gain=1.59505e+06 7.34594e+06 1.15681e+07 9.69017e+06 8.73599e+06 8.51642e+06 1.2925e+07 2.87024e+07 1.16289e+07 9.55841e+06 1.16921e+07 1.68369e+07 1.30829e+07 9.72582e+06
threshold=130.80833333333337 8.3490277777777795 1942.1138528138529 0.052500000000000012 0.29478609625668456 699.76925088856763 152.13333333333335 0.68217823205628736 43.500000000000007 401.62500000000006 0.55370879120879135 851.31166666666672 18.500000000000004 283.27000000000004
decision_type=10 2 10 10 8 8 10 10 10 10 8 10 10 2
left_child=-1 2 4 -4 -2 -6 7 -7 9 10 11 12 -8 -13
right_child=1 -3 3 -5 5 6 8 -9 -10 -11 -12 13 -14 -15
leaf_value=-0.11369378471024703 -8.0701347885131849 -3.203828516952544 -36.024698095610653 8.0817131757736203 2.3402617040719833 80.851481814384471 48.804487166533605 13.34244243776476 43.85410543084145 38.09824430465698 -9.001181729756869 -16.549515016200179 10.060477842474883 17.68410004377365
leaf_weight=23267 125 596 33 20 679 20 37 74 20 20 130 59 53 32
leaf_count=23267 125 596 33 20 679 20 37 74 20 20 130 59 53 32
internal_value=-3.86705e-09 1.39374 3.49831 -19.3808 4.46916 5.86365 11.2398 27.7061 6.83001 4.59291 2.43822 10.6544 25.9886 -4.51132
internal_weight=25165 1898 1302 53 1249 1124 445 94 351 331 311 181 90 91
internal_count=25165 1898 1302 53 1249 1124 445 94 351 331 311 181 90 91
is_linear=0
shrinkage=0.05


Tree=125
num_leaves=15
num_cat=0
split_feature=8 14 21 21 11 20 18 17 17 20 21 21 21 18
split_gain=1.60589e+06 5.41738e+06 5.93395e+06 7.25396e+06 8.68878e+06 1.44787e+07 1.02316e+07 8.32866e+06 1.19443e+07 7.95406e+06 7.79189e+06 8.38995e+06 7.57449e+06 1.19428e+07
threshold=11.958333333333334 0.10250000000000002 0.37921248160776738 0.65226963655478787 241.83750000000003 758.67738095238099 0.77913279132791347 21.500000000000004 23.500000000000004 602.78765109032054 0.71624525887430135 0.71060105394028983 0.6067031891975484 0.4939724037763254
decision_type=8 8 8 8 8 10 10 10 10 10 8 10 10 10
left_child=-1 -2 -3 4 -4 9 7 -7 -9 12 11 -5 -6 -14
right_child=1 2 3 10 5 6 -8 8 -10 -11 -12 -13 13 -15
leaf_value=0.52724550571129736 -1.2082589078739296 4.4995599228055738 3.3422203784281352 6.1224303531341064 1.4234672861312754 -3.0831866929746186 -35.565495619902741 -44.124213895490101 -11.175291243488672 11.203240151654661 0.46240313673686595 36.801097448666887 3.7511648223513649 -49.573639429183231
leaf_weight=9176 8123 881 371 312 134 327 37 31 244 153 5310 24 21 21
leaf_count=9176 8123 881 371 312 134 327 37 31 244 153 5310 24 21 21
internal_value=1.1176e-08 -0.302583 0.632683 0.144964 -3.16372 -5.65721 -10.045 -8.47645 -14.8895 2.86495 0.929647 8.31376 -4.38368 -22.9112
internal_weight=25165 15989 7866 6985 1339 968 639 602 275 329 5646 336 176 42
internal_count=25165 15989 7866 6985 1339 968 639 602 275 329 5646 336 176 42
is_linear=0
shrinkage=0.05


Tree=126
num_leaves=15
num_cat=0
split_feature=4 17 1 15 3 21 20 12 18 14 9 10 18 18
split_gain=1.60605e+06 3.85576e+06 5.47321e+06 7.82669e+06 1.22816e+07 1.33293e+07 7.87236e+06 5.51439e+06 7.42319e+06 6.34994e+06 4.93233e+06 6.63906e+06 4.5633e+06 3.50215e+06
threshold=13.203750000000001 3.5000000000000004 512.92500000000007 1.1348484848484852 5.5000000000000009 0.86437095843419109 1015.0705457875459 3.8874529344423938 0.35604829347573724 0.077500000000000027 3.5221220114013447 41.675000000000004 0.73993558776167478 0.46211251435132039
decision_type=2 10 8 10 2 10 8 8 10 10 10 10 10 10
left_child=-1 -2 7 4 5 -4 10 8 -3 -9 11 -6 -10 -5
right_child=1 2 3 13 6 -7 -8 9 12 -11 -12 -13 -14 -15
leaf_value=-0.071957461907240769 -14.78401407301426 26.434843569535474 6.9065253774325059 10.394379535088174 2.1055491614015138 57.280500767148773 28.253536198355938 -38.848683910369878 0.27229739294993921 -0.32656452344811482 18.730577531354182 -30.409792938232421 -23.890655726478215 -4.9930839430540805
leaf_weight=24374 32 26 24 52 73 29 33 20 281 23 29 20 21 128
leaf_count=24374 32 26 24 52 73 29 33 20 281 23 29 20 21 128
internal_value=9.38814e-09 2.21731 2.9341 7.08595 13.6921 34.4696 6.5875 -1.408 0.799139 -18.2438 0.727016 -4.887 -1.40791 -0.547817
internal_weight=25165 791 759 388 208 53 155 371 328 43 122 93 302 180
internal_count=25165 791 759 388 208 53 155 371 328 43 122 93 302 180
is_linear=0
shrinkage=0.05


Tree=127
num_leaves=15
num_cat=0
split_feature=2 4 20 18 5 20 21 7 1 1 18 1 15 21
split_gain=1.61447e+06 4.21695e+06 2.40232e+06 3.91058e+06 6.75417e+06 2.64188e+06 1.03029e+07 2.95627e+06 2.86141e+06 7.17498e+06 1.45107e+07 3.8285e+06 8.91263e+06 8.21968e+06
threshold=2.5192307692307696 0.013194444444444446 5212.3888888888896 0.63373983739837414 3.5010942988637077 3939.1000000000004 0.13218583935767039 6.8250000000000002 512.92500000000007 338.98333333333341 0.34833164812942369 153.17500000000004 1.2041666666666668 0.80338524447770665
decision_type=10 2 10 10 8 10 8 10 10 10 10 10 10 10
left_child=2 -2 5 4 -4 8 -7 -8 9 11 -11 -1 -13 -14
right_child=1 -3 3 -5 -6 6 7 -9 -10 10 -12 12 13 -15
leaf_value=-0.10311452687571249 -16.490513842194172 3.8012540164499571 -39.747189273834231 6.0300287723541262 -1.9777874256002492 40.111377185583116 7.2155100410049036 -15.929419391805476 11.03243414451336 -48.596738734193472 -0.90096713625467739 11.426555747012195 -27.458200211958452 9.028732312547751
leaf_weight=24101 27 495 20 28 29 20 37 22 58 23 52 191 33 29
leaf_count=24101 27 495 20 28 29 20 37 22 58 23 52 191 33 29
internal_value=-1.18519e-08 2.75168 -0.0582874 -8.87609 -17.3939 -0.0306488 9.09815 -1.4148 -0.0601002 -0.0864364 -15.5277 -0.0388839 6.07978 -10.3917
internal_weight=25165 522 24643 77 49 24566 79 59 24487 24429 75 24354 253 62
internal_count=25165 522 24643 77 49 24566 79 59 24487 24429 75 24354 253 62
is_linear=0
shrinkage=0.05


Tree=128
num_leaves=15
num_cat=0
split_feature=20 9 18 21 18 19 18 18 2 15 13 21 5 20
split_gain=1.57439e+06 5.83501e+06 6.85054e+06 8.21216e+06 7.13106e+06 6.10575e+06 5.23624e+06 6.30407e+06 7.33915e+06 6.45505e+06 5.33565e+06 6.2288e+06 9.30481e+06 7.29583e+06
threshold=517.95263475797753 0.086527416612423552 0.69160839160839171 8.5188538532219464 0.85960591133004927 1053.9448143636155 0.44033898305084751 0.46092796092796101 1.9375000000000002 0.87068004459308823 372.94500000000005 2.0239782293303641 0.23591603148066512 273.66555555555561
decision_type=8 10 10 10 10 8 10 10 10 10 2 8 10 10
left_child=1 2 3 6 -4 -3 10 9 -9 -8 11 -1 13 -13
right_child=-2 5 4 -5 -6 -7 7 8 -10 -11 -12 12 -14 -15
leaf_value=2.1133185744669776 0.26004355967589665 -0.24106987442826161 7.9339428942008272 -25.357248051221983 -16.585149512220834 5.5939534648890925 -33.975348322015058 -3.6074330417927905 -25.459109338521959 -5.8428380676291205 22.445218803405766 -34.660163598182876 1.9272838866245665 -9.0906571366349045
leaf_weight=543 17569 4849 232 43 34 494 38 976 40 44 25 39 141 98
leaf_count=543 17569 4849 232 43 34 494 38 976 40 44 25 39 141 98
internal_value=2.50775e-09 -0.601462 -2.73554 -3.74431 4.79992 0.298421 -3.26625 -5.54405 -4.46774 -18.8799 -0.309954 -1.00286 -7.08951 -16.3696
internal_weight=25165 7596 2253 1987 266 5343 1944 1098 1016 82 846 821 278 137
internal_count=25165 7596 2253 1987 266 5343 1944 1098 1016 82 846 821 278 137
is_linear=0
shrinkage=0.05


Tree=129
num_leaves=15
num_cat=0
split_feature=19 19 5 19 1 19 1 16 12 12 17 21 14 10
split_gain=1.58537e+06 9.03411e+06 6.15011e+06 6.06256e+06 7.66102e+06 1.82503e+07 1.12804e+07 7.69838e+06 5.96302e+06 8.54134e+06 1.03985e+07 2.17155e+07 6.86643e+06 3.58932e+07
threshold=874.9654188948308 861.40492424242427 0.49882395900139448 974.81824047297744 4.0583333333333345 955.12777777777785 5.8750000000000009 0.55982164202017859 2.3442761963904073 2.7456298103526335 4.5000000000000009 1.6116253785389805 0.017500000000000005 87.441666666666677
decision_type=10 10 8 10 10 10 10 8 10 10 10 10 8 10
left_child=1 -1 -3 4 -2 6 -6 -8 12 -10 11 -11 13 -5
right_child=3 2 -4 8 5 -7 7 -9 9 10 -12 -13 -14 -15
leaf_value=0.059503404296062969 -2.3926257840259226 34.913314857482909 6.4055398651872366 -4.3907658599413839 -39.259886274337774 -46.151816064545088 12.158959405589849 -17.282080957468818 21.461037707674333 -6.3437648216883344 0.16761232913509638 64.200396347045896 -0.96631579453387895 65.639467430114749
leaf_weight=19412 955 20 350 77 20 35 64 34 69 24 418 20 3643 24
leaf_count=19412 955 20 350 77 20 35 64 34 69 24 418 20 3643 24
internal_value=2.51235e-10 0.207021 7.9465 -0.760781 -4.05676 -14.444 -5.03911 1.94472 0.0934739 5.05204 2.60134 25.7218 -0.609784 12.2501
internal_weight=25165 19782 370 5383 1108 153 118 98 4275 531 462 44 3744 101
internal_count=25165 19782 370 5383 1108 153 118 98 4275 531 462 44 3744 101
is_linear=0
shrinkage=0.05


Tree=130
num_leaves=15
num_cat=0
split_feature=11 19 9 15 17 5 20 8 12 20 13 8 11 5
split_gain=1.56588e+06 3.53097e+06 2.06837e+06 3.52823e+06 4.02343e+06 4.34877e+06 2.84249e+06 3.69706e+06 1.85151e+06 1.81956e+06 7.11064e+06 1.3893e+07 2.41485e+07 6.9441e+06
threshold=1.7750000000000001 755.03470213757112 57.653439153439159 0.89087301587301593 13.500000000000002 0.52455959753334935 827.04453816833757 3.4291666666666676 38.46402114684286 1485.4322562358277 479.32000000000005 33.979166666666679 56.19166666666667 2.5438101129873263
decision_type=8 8 10 10 8 10 10 10 8 10 2 8 8 10
left_child=1 -1 9 -4 5 -5 7 -6 -7 -2 13 -12 -13 -11
right_child=2 -3 3 4 6 8 -8 -9 -10 10 11 12 -14 -15
leaf_value=-1.1206792620574537 0.11610228714237628 -18.401572819013854 21.998044893476699 8.4988248348236084 26.706186573645649 -4.0657541808485993 -5.0847300702875309 1.3773864746093751 -24.301093975282633 -4.6548863510275309 -4.09504084656204 72.988499097824089 1.5718974129907017 1.97219722431092
leaf_weight=147 22944 37 27 32 34 20 22 25 26 1123 69 20 29 610
leaf_count=147 22944 37 27 32 34 20 22 25 26 1123 69 20 29 610
internal_value=-9.05954e-10 -4.59564 0.0338496 5.28681 2.44906 -5.65617 10.2541 15.9736 -15.5031 -0.00555552 -1.51356 10.3627 30.7215 -2.32221
internal_weight=25165 184 24981 186 159 78 81 59 46 24795 1851 118 49 1733
internal_count=25165 184 24981 186 159 78 81 59 46 24795 1851 118 49 1733
is_linear=0
shrinkage=0.05


Tree=131
num_leaves=15
num_cat=0
split_feature=18 4 18 10 20 2 20 13 20 9 8 20 18 8
split_gain=1.56119e+06 5.15666e+06 4.40472e+06 7.18706e+06 4.37897e+06 4.25175e+06 4.04002e+06 1.07756e+07 1.06117e+07 1.00783e+07 1.28917e+07 8.21799e+06 1.05775e+07 1.90399e+07
threshold=0.72821969696969713 10.784027777777778 0.75181159420289867 111.46666666666668 866.16894899971828 0.90121951219512197 935.5665160021457 479.32000000000005 2380.2661375661378 0.93985101274395133 17.341666666666672 521.44081832733104 0.7372735116479725 23.562500000000004
decision_type=10 2 10 10 10 8 10 2 10 10 10 10 10 8
left_child=-1 5 3 -3 -4 -2 11 8 -8 10 -9 -7 13 -13
right_child=1 2 4 -5 -6 6 7 9 -10 -11 -12 12 -14 -15
leaf_value=0.14524189822392738 18.241424258649349 -34.788503747827868 -1.1848609827002701 2.985081726908684 -24.219932540257773 0.064176355551990402 4.1056879204605616 9.1320650339126583 -13.501910147633195 -5.95290403842926 65.90285587310791 0.90875328128988098 -5.0377579435430766 -66.497515819072731
leaf_weight=22152 30 34 147 20 24 1619 444 20 106 20 20 22 487 20
leaf_count=22152 30 34 147 20 24 1619 444 20 106 20 20 22 487 20
internal_value=-8.97071e-09 -1.06784 -8.34916 -20.7983 -4.41785 -0.480215 -0.683858 2.90715 0.712224 23.0273 37.5175 -1.70365 -7.11408 -31.1895
internal_weight=25165 3013 225 54 171 2788 2758 610 550 60 40 2148 529 42
internal_count=25165 3013 225 54 171 2788 2758 610 550 60 40 2148 529 42
is_linear=0
shrinkage=0.05


Tree=132
num_leaves=15
num_cat=0
split_feature=5 7 14 5 8 9 13 11 19 19 21 21 21 21
split_gain=1.54416e+06 6.33326e+06 6.74452e+06 5.35831e+06 5.3278e+06 9.54849e+06 1.20906e+07 1.19238e+07 9.16449e+06 1.2199e+07 9.24327e+06 7.78232e+06 1.27667e+07 1.01339e+07
threshold=1.5361456495810912 0.4250000000000001 0.057500000000000016 1.5564508210786603 24.433333333333337 5.9165154581111183 154.84000000000003 65.425000000000011 598.51095117845125 662.81514273068944 0.96329191851745499 2.6225134616871197 3.415975655203304 1.7961810327663232
decision_type=10 8 10 10 8 10 2 8 10 10 10 10 10 10
left_child=1 2 -1 -2 8 11 -7 -8 -3 10 -10 13 -13 -6
right_child=3 4 -4 -5 5 6 7 -9 9 -11 -12 12 -14 -15
leaf_value=-36.172272320588426 -13.03237396148314 -0.16294754639434883 -2.9455686501094274 -0.28864662760957022 0.1026477723486601 -38.883141746575184 -13.644852303069772 20.504207351628473 42.109953361902484 4.5654817583733527 11.229822906386108 -17.356919629515314 0.20973843307277129 6.6781824383120671
leaf_weight=24 83 1071 42 13292 8559 33 103 34 39 746 64 163 283 629
leaf_count=24 83 1071 42 13292 8559 33 103 34 39 746 64 163 283 629
internal_value=-1.25582e-08 0.417165 -15.028 -0.367729 0.504113 0.0324252 -11.7142 -5.1699 2.91267 6.79252 22.9223 0.239705 -6.21036 0.552801
internal_weight=25165 11790 66 13375 11724 9804 170 137 1920 849 103 9634 446 9188
internal_count=25165 11790 66 13375 11724 9804 170 137 1920 849 103 9634 446 9188
is_linear=0
shrinkage=0.05


Tree=133
num_leaves=15
num_cat=0
split_feature=3 20 9 16 14 13 5 5 19 19 4 19 13 13
split_gain=1.52905e+06 1.56338e+06 5.57107e+06 7.79651e+06 1.16273e+07 1.5071e+07 3.96292e+07 7.3636e+06 1.22219e+07 1.68071e+07 1.13378e+07 1.44519e+07 8.80552e+06 9.32914e+06
threshold=80.500000000000014 517.95263475797753 1.0367312347295683 0.66299535942544563 0.062500000000000014 150.15500000000006 1.0500656660228052 3.9000609563322333 596.5065551346803 684.14202674897126 6.0448611111111115 1390.817777777778 366.91500000000002 268.02000000000004
decision_type=2 8 8 10 8 2 10 10 10 10 2 10 2 2
left_child=1 2 -1 4 5 6 -4 10 -9 -10 11 12 13 -7
right_child=-2 -3 3 -5 -6 7 -8 8 9 -11 -12 -13 -14 -15
leaf_value=0.97381746443332584 10.443480238233294 0.24463474855630893 -85.271380571885544 9.3546404038604933 -0.87890006203570259 4.3971494356622092 -5.2178966889014617 -5.4841593892677976 -67.442894121436851 -14.139920174598695 -12.231389801879956 -37.555932807922368 -24.940689631870814 27.988611023098816
leaf_weight=3194 35 17550 22 152 3406 235 52 184 21 50 172 20 21 51
leaf_count=3194 35 17550 22 152 3406 235 52 184 21 50 172 20 21 51
internal_value=1.34668e-08 -0.0145452 -0.614626 -1.77137 -2.17079 -7.48503 -29.0176 -5.37176 -12.2839 -29.9056 -1.83952 3.62653 6.30943 8.60402
internal_weight=25165 25130 7580 4386 4234 828 74 754 255 71 499 327 307 286
internal_count=25165 25130 7580 4386 4234 828 74 754 255 71 499 327 307 286
is_linear=0
shrinkage=0.05


Tree=134
num_leaves=15
num_cat=0
split_feature=2 4 4 18 10 12 10 13 21 1 7 15 5 21
split_gain=1.56109e+06 3.72143e+06 2.3787e+06 4.07285e+06 4.7428e+06 3.48989e+06 4.44366e+06 3.11706e+06 3.58046e+06 3.59005e+06 6.59952e+06 2.2197e+06 7.13208e+06 5.82037e+06
threshold=2.5750000000000006 0.013194444444444446 1.3916666666666668 0.36681957186544351 111.46666666666668 0.0084429601739556912 147.13333333333335 205.42500000000004 1.6304870525998874 0.25833333333333336 2.4750000000000005 1.5419580419580423 0.1536590420803649 0.76993130839194135
decision_type=10 2 2 10 8 10 10 2 10 10 10 10 10 10
left_child=11 -2 7 4 -4 6 -5 8 9 10 -3 -1 13 -13
right_child=1 2 3 5 -6 -7 -8 -9 -10 -11 -12 12 -14 -15
leaf_value=0.13962947167476911 -15.363316421155577 5.5718874439116455 12.240604892143837 38.818066007440741 -15.951755104064942 6.2361239274342859 10.29528717464871 -16.10045625246488 20.877020097815475 4.3380798881704159 -27.916351440974644 -40.321299307686942 -0.96348139667258126 -2.6324766921997074
leaf_weight=21027 27 31 26 22 35 123 36 26 23 143 28 21 3577 20
leaf_count=21027 27 31 26 22 35 123 36 26 23 143 28 21 3577 20
internal_value=2.41811e-08 2.71112 3.701 7.23808 -3.93534 11.0037 21.1143 0.29074 2.18483 0.0565153 -10.3208 -0.0572035 -1.20115 -21.9365
internal_weight=25165 520 493 242 61 181 58 251 225 202 59 24645 3618 41
internal_count=25165 520 493 242 61 181 58 251 225 202 59 24645 3618 41
is_linear=0
shrinkage=0.05


Tree=135
num_leaves=15
num_cat=0
split_feature=10 2 10 18 17 20 8 20 1 1 15 21 19 20
split_gain=1.4889e+06 1.27115e+07 6.75026e+06 1.35319e+07 1.15425e+07 1.23166e+07 1.02411e+07 1.15659e+07 8.45957e+06 8.61688e+06 1.33969e+07 2.17126e+07 9.26373e+06 1.11716e+07
threshold=143.00000000000003 0.51315789473684215 111.46666666666668 0.41486424298205254 11.500000000000002 855.82976190476199 16.508333333333336 1209.8730897009968 89.15000000000002 40.716666666666676 0.89087301587301593 0.9125057412937313 341.1136245195753 615.76817516276049
decision_type=8 8 10 10 10 10 10 8 10 10 10 10 10 10
left_child=2 -2 8 4 5 -4 -5 -8 9 -1 11 -11 13 -12
right_child=1 -3 3 6 -6 -7 7 -9 -10 10 12 -13 -14 -15
leaf_value=0.036505243886012381 20.626575362376681 0.34980960943016559 2.8131758710171315 -1.1340352814547054 -5.7044386400860994 41.379192099700106 -11.573950109098639 -39.42712922546599 22.888809852600101 1.4661984943208242 -3.3900694301051484 -70.434225818089075 -0.040393927385013149 -49.381716985287881
leaf_weight=15558 78 8524 47 191 94 37 217 45 40 21 31 21 238 23
leaf_count=15558 78 8524 47 191 94 37 217 45 40 21 31 21 238 23
internal_value=1.62885e-08 0.533672 -0.277163 -5.34919 6.33164 19.8006 -9.939 -16.3579 -0.0762813 -0.134084 -8.08028 -34.484 -4.28248 -22.9791
internal_weight=25165 8602 16563 631 178 84 453 262 15932 15892 334 42 292 54
internal_count=25165 8602 16563 631 178 84 453 262 15932 15892 334 42 292 54
is_linear=0
shrinkage=0.05


Tree=136
num_leaves=15
num_cat=0
split_feature=1 20 19 1 8 16 20 18 4 10 15 4 14 8
split_gain=1.49816e+06 5.41435e+06 6.11026e+06 4.9807e+06 1.22724e+07 6.50162e+06 6.45677e+06 6.7457e+06 5.91522e+06 1.32579e+07 1.15983e+07 2.50225e+07 4.51461e+07 9.03851e+06
threshold=0.34166666666666673 3134.5646452811898 639.25793512301186 0.80833333333333346 24.970833333333335 0.13887517181827466 439.8055414588772 0.39504283965728276 3.5887500000000006 186.80833333333337 0.86190476190476206 5.6925000000000017 0.072500000000000023 33.979166666666679
decision_type=10 10 8 10 8 10 8 10 2 10 10 2 10 8
left_child=-1 3 -3 4 -2 -6 -7 -8 9 -5 11 12 -10 -13
right_child=1 2 -4 8 5 6 7 -9 10 -11 -12 13 -14 -15
leaf_value=-0.23141859542975227 -0.079170338084061403 36.762569101290268 1.2645114430674802 -1.3552371815962381 6.5505407012128218 -3.735468929464167 52.098468397855754 19.223913164205953 -98.215306167602535 -37.220404315281371 2.613961907092877 18.408276792672964 -6.2104836320877084 -10.932619097772635
leaf_weight=18506 873 22 27 2879 308 22 20 71 20 26 2246 52 40 53
leaf_count=18506 873 22 27 2879 308 22 20 71 20 26 2246 52 40 53
internal_value=-1.12505e-08 0.643134 17.2024 0.52038 3.30227 10.3141 20.5725 26.4491 -0.156776 -1.67623 1.67401 -11.1208 -36.8788 3.59811
internal_weight=25165 6659 49 6610 1294 421 113 91 5316 2905 2411 165 60 105
internal_count=25165 6659 49 6610 1294 421 113 91 5316 2905 2411 165 60 105
is_linear=0
shrinkage=0.05


Tree=137
num_leaves=15
num_cat=0
split_feature=17 15 16 18 11 13 12 19 14 5 13 15 9 20
split_gain=1.48122e+06 7.84811e+06 1.02449e+07 1.24559e+07 8.98959e+06 1.50638e+07 1.90817e+07 1.18681e+07 1.35925e+07 9.12208e+06 1.25659e+07 1.45363e+07 1.10084e+07 1.09179e+07
threshold=12.500000000000002 1.297058823529412 0.77274811271973298 0.57043650793650802 69.783333333333346 109.145 0.4392105519068526 1459.3928030303034 0.057500000000000016 0.7473642067571572 251.14000000000001 1.0506410256410257 0.024582392809794271 696.66188968459494
decision_type=10 8 10 10 10 2 10 10 10 10 2 10 8 10
left_child=1 2 4 -4 9 6 -6 -7 -9 10 11 -1 -11 -12
right_child=-2 -3 3 -5 5 7 -8 8 -10 12 13 -13 -14 -15
leaf_value=2.292358013949817 -0.28861044349961551 2.1805912593473105 48.698645355390468 -3.9258953257040545 -11.448586500451921 -1.4005393304712865 -69.759764728546145 -37.593092027002449 11.320630159378053 -31.65161480410346 6.3120552134864472 -42.096501626968383 -0.73147089092674644 29.155216806075153
leaf_weight=237 16069 3965 23 22 47 543 20 49 20 29 136 20 3900 85
leaf_count=237 16069 3965 23 22 47 543 20 49 20 29 136 20 3900 85
internal_value=3.99108e-09 0.509859 -0.781205 22.9711 -0.991361 -6.34672 -28.8549 -3.88258 -23.4152 -0.166245 6.35563 -1.16203 -0.959693 15.0979
internal_weight=25165 9096 5131 45 5086 679 67 612 69 4407 478 257 3929 221
internal_count=25165 9096 5131 45 5086 679 67 612 69 4407 478 257 3929 221
is_linear=0
shrinkage=0.05


Tree=138
num_leaves=15
num_cat=0
split_feature=20 18 13 8 8 3 9 8 17 18 20 17 10 20
split_gain=1.514e+06 6.88288e+06 5.78894e+06 5.77841e+06 5.63545e+06 1.73975e+07 1.03677e+07 8.37485e+06 6.83062e+06 9.58017e+06 1.01743e+07 8.35339e+06 9.05348e+06 1.00487e+07
threshold=1485.4322562358277 0.85960591133004927 32.595000000000006 312.07500000000005 55.57500000000001 4.5000000000000009 0.32714255217826832 46.412500000000001 8.5000000000000018 0.55370879120879135 1552.1362973096218 3.5000000000000004 95.941666666666677 2014.5713340087812
decision_type=10 10 2 10 8 2 10 10 10 10 10 10 8 10
left_child=-1 2 -2 4 7 8 -7 -4 11 -10 -11 12 -6 -14
right_child=1 -3 3 -5 5 6 -8 -9 9 10 -12 -13 13 -15
leaf_value=0.11004000665124317 -26.617675301303038 27.097411123911542 0.29844113337481681 22.497544700622559 -20.262267295880751 -62.06464235305787 -11.153704893589021 26.776367519747829 11.172554213133726 -30.668222078680994 -0.49404832796616988 -12.785771428136265 -8.9077626599893946 14.642999427968807
leaf_weight=23290 23 21 815 25 44 20 20 31 165 32 220 272 77 110
leaf_count=23290 23 21 815 25 44 20 20 31 165 32 220 272 77 110
internal_value=-8.93077e-09 -1.36684 -1.68925 -1.37612 -1.70659 -4.32855 -36.6092 1.26867 -2.92504 1.80671 -4.32569 -6.84779 0.144123 4.94563
internal_weight=25165 1875 1854 1831 1806 960 40 846 920 417 252 503 231 187
internal_count=25165 1875 1854 1831 1806 960 40 846 920 417 252 503 231 187
is_linear=0
shrinkage=0.05


Tree=139
num_leaves=15
num_cat=0
split_feature=15 19 2 17 21 17 1 21 20 16 11 12 18 7
split_gain=1.50487e+06 4.71699e+06 3.25798e+06 8.56996e+06 2.72419e+06 1.78591e+06 6.53815e+06 1.8185e+07 1.78673e+07 1.17958e+07 8.56903e+06 6.95548e+06 7.35272e+06 6.86398e+06
threshold=0.10357142857142858 618.39619047619055 0.21627906976744191 14.500000000000002 1.18974475157772 12.500000000000002 60.38333333333334 0.30799891798509743 717.64973032714431 0.18100460910186975 78.754166666666677 6.0332152416942231 0.33084577114427866 20.975000000000005
decision_type=8 10 8 10 10 10 10 10 10 10 8 8 10 8
left_child=1 -1 3 -2 -3 6 13 11 -9 10 -10 -8 -13 -4
right_child=2 4 5 -5 -6 -7 7 8 9 -11 -12 12 -14 -15
leaf_value=2.9258709675279158 -6.0506514892578132 -32.441410868167878 -0.53243246763892349 37.861083936691287 -6.3445183232426645 -0.31749778722852556 27.747444985129619 -3.1532255147442676 -1.6894336547851563 -67.304306814784098 -41.634548095176967 -8.4419310046780502 23.67898294067383 2.2728376196389735
leaf_weight=58 25 20 4561 20 20 15989 33 99 25 21 29 62 25 4178
leaf_count=58 25 20 4561 20 20 15989 33 99 25 21 29 62 25 4178
internal_value=-2.68516e-08 -6.18386 0.0241759 13.4657 -19.393 2.47784e-06 0.561999 -6.77196 -17.0988 -35.507 -23.1414 8.202 0.788217 0.80873
internal_weight=25165 98 25067 45 40 25022 9033 294 174 75 54 120 87 8739
internal_count=25165 98 25067 45 40 25022 9033 294 174 75 54 120 87 8739
is_linear=0
shrinkage=0.05


Tree=140
num_leaves=15
num_cat=0
split_feature=1 20 18 11 19 19 13 10 5 14 19 9 10 1
split_gain=1.52638e+06 5.19076e+06 7.83368e+06 1.57877e+07 3.17658e+07 7.10234e+06 9.02408e+06 6.2758e+06 8.05841e+06 1.54675e+07 9.78075e+06 1.58501e+07 1.583e+07 9.23912e+06
threshold=0.34166666666666673 827.04453816833757 0.24744897959183676 26.825000000000003 346.46176039541166 2009.9666666666667 183.68500000000003 29.375000000000004 0.47380894837431992 0.057500000000000016 531.2061824962658 0.58777353489199735 162.81666666666669 8.0583333333333353
decision_type=10 10 10 10 10 10 2 8 10 10 10 8 10 10
left_child=-1 5 3 -3 -5 -2 -7 -4 10 13 -9 -12 -13 -10
right_child=1 2 7 4 -6 6 -8 8 9 -11 11 12 -14 -15
leaf_value=-0.23358798583518406 -0.10847291187682589 0.71466873426311073 0.80094264783770874 8.3610138611360032 -77.612231422605973 -0.43267847758073075 -45.106037917137144 13.549713765019957 9.4275085049016152 3.5038704726181189 14.372754977146784 -60.368155040740966 -10.634520313739777 27.794755271499724
leaf_weight=18506 4480 151 971 22 21 26 20 69 140 477 48 20 80 134
leaf_count=18506 4480 151 971 22 21 26 20 69 140 477 48 20 80 134
internal_value=-7.92999e-09 0.649163 2.68266 -6.89691 -33.6259 -0.309176 -19.8559 3.64111 6.49007 8.94234 -1.99678 -9.24481 -20.5812 18.41
internal_weight=25165 6659 2133 194 43 4526 46 1939 968 751 217 148 100 274
internal_count=25165 6659 2133 194 43 4526 46 1939 968 751 217 148 100 274
is_linear=0
shrinkage=0.05


Tree=141
num_leaves=15
num_cat=0
split_feature=1 7 19 16 14 20 13 18 9 14 9 14 8 14
split_gain=1.50519e+06 3.8946e+06 2.58359e+06 3.52622e+06 2.24897e+06 1.79681e+06 6.94777e+06 6.16248e+06 5.56957e+06 1.52039e+07 1.49411e+07 1.17869e+07 8.49999e+06 1.10816e+07
threshold=0.058333333333333341 32.775000000000006 427.02159570775143 0.013236892670406569 0.14750000000000005 1485.4322562358277 32.595000000000006 0.85960591133004927 4.7415723795291802 0.037500000000000012 0.19308447499346507 0.027500000000000007 55.57500000000001 0.057500000000000016
decision_type=8 8 8 10 10 10 2 10 8 10 10 8 10 10
left_child=1 2 3 4 -1 -2 -7 8 9 10 -8 -10 -11 -14
right_child=5 -3 -4 -5 -6 6 7 -9 11 12 -12 -13 13 -15
leaf_value=-21.279491895948141 0.057368753190012327 24.04630027770996 3.941227319079541 0.85796724672757052 -0.58225279308500744 -30.16144154412406 -15.828732507228853 25.692477298918227 -25.019798136572355 1.6998175896534609 33.87131102162023 -2.7532010659557575 -28.133506966034574 -1.101906732911045
leaf_weight=35 22633 20 434 179 21 21 20 21 64 659 62 833 60 103
leaf_count=35 22633 20 434 179 21 21 20 21 64 659 62 833 60 103
internal_value=2.4093e-09 2.30477 1.6548 -2.5678 -13.518 -0.0648793 -1.56615 -1.23657 -1.55056 1.21916 21.7493 -4.3419 -0.828865 -11.0522
internal_weight=25165 689 669 235 56 24476 1843 1822 1801 904 82 897 822 163
internal_count=25165 689 669 235 56 24476 1843 1822 1801 904 82 897 822 163
is_linear=0
shrinkage=0.05


Tree=142
num_leaves=15
num_cat=0
split_feature=18 19 19 10 19 19 14 7 15 10 10 19 13 14
split_gain=1.51634e+06 7.93914e+06 6.5806e+06 1.10985e+07 8.02044e+06 7.20433e+06 8.92123e+06 9.94328e+06 5.6292e+06 6.1872e+06 5.38178e+06 4.64211e+06 4.68121e+06 4.43177e+06
threshold=0.89444444444444449 2448.1269005847957 508.69629629629634 7.8583333333333334 815.46298487415095 755.03470213757112 0.12750000000000003 75.88333333333334 2.937254901960785 14.558333333333335 42.458333333333343 1005.4074979114454 376.05000000000007 0.047500000000000007
decision_type=10 10 10 8 10 10 8 10 10 10 10 10 2 10
left_child=-1 2 8 -4 5 6 7 10 -2 -10 -5 -6 13 -13
right_child=1 -3 3 4 11 -7 -8 -9 9 -11 -12 12 -14 -15
leaf_value=0.081749580992904594 2.3374850998963081 27.215577191891882 15.507975701491038 -24.1542649105617 5.9116243925690659 -43.567066895961766 0.53917988401944528 0.97712992154634914 -35.817908168974377 -0.66765669709251774 -55.713402331959117 -5.2196491150145832 3.2729630859530703 -27.299899349700322
leaf_weight=24096 558 23 48 35 80 24 61 26 21 31 22 47 49 44
leaf_count=24096 558 23 48 35 80 24 61 26 21 31 22 47 49 44
internal_value=-1.81569e-09 -1.84269 -2.48164 -7.17257 -9.97841 -18.2048 -13.9778 -24.6469 0.871218 -14.863 -36.335 -3.69643 -9.18674 -15.8958
internal_weight=25165 1069 1046 436 388 168 144 83 610 52 57 220 140 91
internal_count=25165 1069 1046 436 388 168 144 83 610 52 57 220 140 91
is_linear=0
shrinkage=0.05


Tree=143
num_leaves=15
num_cat=0
split_feature=20 17 12 10 5 13 13 10 2 21 17 21 20 7
split_gain=1.48812e+06 4.99532e+06 5.31073e+06 3.11361e+06 5.25969e+06 3.07115e+06 3.67241e+06 3.43007e+06 3.28962e+06 2.9915e+06 6.71809e+06 3.3346e+06 6.35839e+06 1.38149e+07
threshold=202.78672699849173 18.500000000000004 0.18412775879436208 376.47500000000008 0.43277043125574344 540.53000000000009 369.60500000000008 5.991666666666668 2.4642857142857149 8.5188538532219464 6.5000000000000009 1.5717954355758577 1069.8466335884348 87.458333333333357
decision_type=8 10 10 10 8 2 2 8 10 10 10 10 10 10
left_child=1 3 -3 4 -1 6 8 -8 -6 11 -11 -2 -13 -14
right_child=9 2 -4 -5 5 -7 7 -9 -10 10 -12 12 13 -15
leaf_value=24.713856724330359 -0.13003593807540806 -28.100709446738751 -5.0083577479085619 -19.94457344889641 -0.4614613260505081 12.616607465395113 3.0481076784250214 -14.369795848118081 19.274668983979659 -31.838815991774851 5.9769037564595546 1.1739986410662897 22.980867700467165 -17.398030826023646
leaf_weight=21 21051 34 93 20 524 41 41 91 22 23 24 3065 87 28
leaf_count=21 21051 34 93 20 524 41 41 91 22 23 24 3065 87 28
internal_value=-5.42013e-09 -2.01157 -11.1906 -0.477713 0.0484187 -0.67199 -1.47558 -8.95969 0.333767 0.073493 -12.5287 0.0979369 1.60707 13.1495
internal_weight=25165 887 127 760 740 719 678 132 546 24278 47 24231 3180 115
internal_count=25165 887 127 760 740 719 678 132 546 24278 47 24231 3180 115
is_linear=0
shrinkage=0.05


Tree=144
num_leaves=15
num_cat=0
split_feature=7 4 20 18 4 9 12 9 9 19 2 18 13 21
split_gain=1.50386e+06 6.70799e+06 1.37468e+07 9.89573e+06 6.48363e+06 6.28727e+06 8.75538e+06 9.73874e+06 1.34659e+07 1.34402e+07 8.28503e+06 8.17612e+06 1.09443e+07 1.02112e+07
threshold=130.80833333333337 2.8719444444444449 1095.4064814814817 0.58712905452035902 2.3166666666666669 0.57107633087774901 1.3320373734018423 2.7881533806847574 2.4634403876067483 669.09884135472373 1.1715686274509807 0.36023255813953492 388.82000000000005 1.7722645957310075
decision_type=10 2 8 10 2 8 8 8 10 10 8 8 2 10
left_child=-1 2 4 -4 -2 -3 10 8 -8 -10 -7 -9 13 -13
right_child=1 5 3 -5 -6 6 7 11 9 -11 -12 12 -14 -15
leaf_value=-0.11039610040623192 -22.643358286944306 28.286132624149321 53.510563765631787 7.746673311506 7.2847034609785268 -32.107000325855459 4.6199876373620343 -8.4240534294308649 7.8938133454322816 65.165472775413875 -4.1706825916740033 1.9028037885355698 -9.2662737659045629 18.575662773905449
leaf_weight=23267 22 20 27 21 102 38 139 254 20 21 88 847 196 103
leaf_count=23267 22 20 27 21 102 38 139 254 20 21 88 847 196 103
internal_value=2.30467e-09 1.35331 10.7695 33.4889 1.97489 0.414968 0.0882252 1.09975 12.0474 37.2281 -12.5959 -0.307808 1.49108 3.71049
internal_weight=25165 1898 172 48 124 1726 1706 1580 180 41 126 1400 1146 950
internal_count=25165 1898 172 48 124 1726 1706 1580 180 41 126 1400 1146 950
is_linear=0
shrinkage=0.05


Tree=145
num_leaves=15
num_cat=0
split_feature=19 19 13 14 19 1 19 1 16 19 8 8 7 14
split_gain=1.47539e+06 8.0633e+06 9.00308e+06 6.08899e+06 5.58527e+06 6.75499e+06 1.61789e+07 1.02086e+07 7.02578e+06 5.57325e+06 5.48515e+06 1.53119e+07 1.2458e+07 1.96947e+07
threshold=874.9654188948308 864.6565842490844 416.84500000000008 0.057500000000000016 974.81824047297744 4.0583333333333345 955.12777777777785 5.8750000000000009 0.55982164202017859 919.34629587803499 54.150000000000013 28.416666666666671 30.725000000000005 0.077500000000000027
decision_type=10 10 2 10 10 10 10 10 8 10 10 10 10 10
left_child=1 -1 3 -3 5 -2 7 -7 9 -9 11 -6 -13 -14
right_child=4 2 -4 -5 10 6 -8 8 -10 -11 -12 12 13 -15
leaf_value=0.080075384853444675 -2.3348609483214733 14.553918813069661 34.092793913810482 -1.4236767271290656 0.4299357078213828 -37.35047812223435 -43.505426436832977 -4.1022353728612266 -16.520042054793414 25.465244825096693 4.3860092920970315 -1.7499252111020713 -33.495381865411439 1.2969485875331994
leaf_weight=19508 955 105 31 138 3273 20 35 30 34 34 632 198 106 66
leaf_count=19508 955 105 31 138 3273 20 35 30 34 34 632 198 106 66
internal_value=-6.86464e-09 0.199711 8.71741 5.48022 -0.733918 -3.89749 -13.6512 -4.7961 1.84765 11.6055 0.0860211 -0.659955 -10.3011 -20.1448
internal_weight=25165 19782 274 243 5383 1108 153 118 98 64 4275 3643 370 172
internal_count=25165 19782 274 243 5383 1108 153 118 98 64 4275 3643 370 172
is_linear=0
shrinkage=0.05


Tree=146
num_leaves=15
num_cat=0
split_feature=4 15 18 16 20 20 9 12 13 17 16 17 17 8
split_gain=1.45198e+06 5.24873e+06 7.05152e+06 8.92252e+06 7.03761e+06 8.73452e+06 9.55224e+06 9.11702e+06 7.38239e+06 7.30708e+06 6.55963e+06 7.13309e+06 1.16469e+07 9.99988e+06
threshold=11.75902777777778 1.0232683982683983 0.64218328840970362 0.53031113027847188 528.30966832963793 1343.3434267486903 0.082356350843703227 4.1431153184165241 263.14500000000004 9.5000000000000018 0.43145992466539934 34.500000000000007 26.500000000000004 50.241666666666674
decision_type=2 10 10 10 10 10 8 10 2 10 10 10 10 10
left_child=-1 2 3 4 -2 6 -6 9 -9 -8 11 12 13 -11
right_child=1 -3 -4 -5 5 -7 7 8 -10 10 -12 -13 -14 -15
leaf_value=-0.090461512365255403 -3.010135705981936 -2.0701210759067661 -4.5364388908201692 38.065310920368539 -11.894102129936218 -15.57398012045658 43.389407888054848 -29.947499904632572 12.498407254900251 8.5988936978081867 -12.234242505118962 6.2025577440553787 51.413994487126672 40.153596221699438
leaf_weight=23814 168 567 177 22 40 33 24 20 21 96 21 98 30 34
leaf_count=23814 168 567 177 22 40 33 24 20 21 96 21 98 30 34
internal_value=-1.45315e-08 1.59456 4.24491 6.80553 5.62995 9.11085 11.2322 13.9213 -8.20691 16.9156 14.6382 16.8255 23.3321 16.8517
internal_weight=25165 1351 784 607 585 417 384 344 41 303 279 258 160 130
internal_count=25165 1351 784 607 585 417 384 344 41 303 279 258 160 130
is_linear=0
shrinkage=0.05


Tree=147
num_leaves=15
num_cat=0
split_feature=16 19 15 14 15 14 14 8 19 20 18 13 20 13
split_gain=1.42119e+06 5.62848e+06 1.1504e+07 1.39608e+07 1.32465e+07 1.54947e+07 6.81039e+06 5.33873e+06 9.95789e+06 1.02488e+07 8.52178e+06 6.52672e+06 1.14571e+07 6.7301e+06
threshold=0.12509589498282639 90.980000000000004 0.62828947368421062 0.037500000000000012 2.438438438438439 0.027500000000000007 0.047500000000000007 96.96250000000002 2448.1269005847957 1775.95 0.33084577114427866 343.28500000000003 1007.4916666666668 330.16000000000003
decision_type=10 10 10 8 10 10 10 10 10 10 10 2 8 2
left_child=-1 2 -2 4 5 -4 -5 -3 9 10 -9 13 -13 -12
right_child=1 7 3 6 -6 -7 -8 8 -10 -11 11 12 -14 -15
leaf_value=-0.27016592778157855 37.398486062458588 -0.10949342898634332 3.7418749713897705 -25.116534448553015 -8.0177888248277753 60.558005466461182 1.3926262990745197 -19.51678153486813 -26.833535194396973 40.324509121122816 4.6997367482766128 7.9803337925424174 43.841698455810551 -25.039200363159182
leaf_weight=16589 28 7598 20 27 23 30 236 34 24 21 390 96 29 20
leaf_count=16589 28 7598 20 27 23 30 236 34 24 21 390 96 29 20
internal_value=-9.70304e-09 0.522596 6.6067 4.04072 23.3859 37.8316 -1.32885 0.252916 4.73758 6.02183 4.75582 6.29838 16.3002 3.24906
internal_weight=25165 8576 364 336 73 50 263 8212 614 590 569 535 125 410
internal_count=25165 8576 364 336 73 50 263 8212 614 590 569 535 125 410
is_linear=0
shrinkage=0.05


Tree=148
num_leaves=15
num_cat=0
split_feature=7 19 13 1 14 15 21 20 6 7 16 10 2 17
split_gain=1.41983e+06 5.72802e+06 7.39186e+06 1.95178e+06 3.7785e+06 5.6401e+06 2.30083e+06 3.18826e+06 3.14614e+06 2.29489e+06 1.99515e+06 1.63321e+06 1.2762e+07 6.10628e+06
threshold=0.22500000000000003 899.3643590598233 203.79500000000004 0.058333333333333341 0.04250000000000001 2.438438438438439 0.76494404739319133 892.94705882352957 1.5000000000000002 6.8250000000000002 0.11284363245402061 143.00000000000003 0.51315789473684215 24.500000000000004
decision_type=8 8 2 8 8 10 10 10 2 10 10 8 8 10
left_child=1 -1 -3 4 5 -2 7 8 -6 -8 -10 -5 -13 -14
right_child=3 2 -4 11 6 -7 9 -9 10 -11 -12 12 13 -15
leaf_value=0.91378032782281093 30.746544849446845 -42.489301877021795 -2.0574120209767268 -0.33758330164804573 -21.596095637617442 -4.0182711601257326 2.4542032823012567 6.1408658252443589 -11.950243229866029 13.86481103850346 2.0848835357721303 21.338170294239099 1.2118892385545992 -1.7563015998385205
leaf_weight=129 28 20 26 15927 29 20 324 70 40 51 69 73 5907 2452
leaf_count=129 28 20 26 15927 29 20 324 70 40 51 69 73 5907 2452
internal_value=1.73151e-08 -4.48801 -19.6365 0.0314286 2.7769 16.2612 1.6667 -2.55086 -6.95971 4.00605 -3.06562 -0.0396907 0.522992 0.34121
internal_weight=25165 175 46 24990 631 48 583 208 138 375 109 24359 8432 8359
internal_count=25165 175 46 24990 631 48 583 208 138 375 109 24359 8432 8359
is_linear=0
shrinkage=0.05


Tree=149
num_leaves=15
num_cat=0
split_feature=20 10 12 20 21 9 20 7 18 10 13 17 14 21
split_gain=1.43861e+06 5.80081e+06 5.26821e+06 2.10277e+06 7.74823e+06 2.32102e+06 1.9741e+06 9.88957e+06 1.01622e+07 9.31877e+06 7.29275e+06 5.41936e+06 4.36595e+06 2.32875e+06
threshold=5212.3888888888896 251.0916666666667 0.79625268130241322 3939.1000000000004 0.13218583935767039 0.23193828860592933 2380.2661375661378 25.69166666666667 0.83130081300813019 35.558333333333344 199.43000000000004 8.5000000000000018 0.092500000000000013 0.25552219109382918
decision_type=10 8 8 10 8 10 10 10 10 10 2 10 8 8
left_child=3 2 -2 6 -5 -6 13 8 12 -9 -11 -12 -8 -1
right_child=1 -3 -4 4 5 -7 7 9 -10 10 11 -13 -14 -15
leaf_value=2.3509073602911972 3.6311311149597167 12.066051324208578 -29.081324508786203 34.203614552815758 5.8692492198944102 -14.992010962963105 -23.061728142247059 39.644792885780333 -43.664670420885088 27.186014248075942 -25.531127436955771 4.666758794050951 -3.2521478439987073 -0.055567509149579364
leaf_weight=1050 20 27 32 21 40 20 33 20 20 21 24 39 177 23621
leaf_count=1050 20 27 32 21 40 20 33 20 20 21 24 39 177 23621
internal_value=-1.60908e-09 -6.73666 -16.4996 0.0212149 8.06427 -1.0845 -0.0048394 -3.82306 -9.60852 8.97172 1.66861 -6.8372 -6.36508 0.0468523
internal_weight=25165 79 52 25086 81 60 25005 334 230 104 84 63 210 24671
internal_count=25165 79 52 25086 81 60 25005 334 230 104 84 63 210 24671
is_linear=0
shrinkage=0.05


Tree=150
num_leaves=15
num_cat=0
split_feature=14 9 2 18 13 9 14 4 5 18 18 11 4 16
split_gain=1.40777e+06 1.19495e+07 1.05062e+07 8.69857e+06 2.15725e+07 2.59216e+07 9.13854e+06 1.25452e+07 2.31711e+07 1.19242e+07 1.10333e+07 7.20188e+06 1.00115e+07 7.10906e+06
threshold=0.022500000000000003 0.03720312240491614 0.99107142857142871 0.43804824561403516 178.84500000000003 2.5171649403220848 0.012500000000000002 1.9655555555555557 2.6970684754498322 0.24744897959183676 0.42724867724867727 14.90416666666667 2.8719444444444449 0.35296386119632922
decision_type=8 8 10 8 2 8 10 2 10 10 10 10 2 10
left_child=1 2 -1 6 5 -5 10 8 -8 -9 11 12 -3 -13
right_child=-2 3 -4 4 -6 -7 7 9 -10 -11 -12 13 -14 -15
leaf_value=-1.7026310859187956 0.097380755462793178 3.6298663200595964 -42.238924453836503 3.5662743446438814 0.18910590568536642 64.123759737014765 -69.6320677280426 -38.898012285232547 -12.700524033648627 3.0149586272558997 -26.856197482517786 38.260254214360167 -24.190874109770121 -0.85343065261840823
leaf_weight=31 23567 217 33 43 898 30 24 20 70 112 35 26 38 21
leaf_count=31 23567 217 33 43 898 30 24 20 70 112 35 26 38 21
internal_value=5.06929e-09 -1.43615 -22.6042 -0.553003 2.31399 28.4529 -5.49767 -13.2765 -27.2362 -3.33549 -0.280993 2.79892 -0.51597 20.7839
internal_weight=25165 1598 64 1534 971 73 563 226 94 132 337 302 255 47
internal_count=25165 1598 64 1534 971 73 563 226 94 132 337 302 255 47
is_linear=0
shrinkage=0.05


Tree=151
num_leaves=15
num_cat=0
split_feature=11 19 8 9 16 11 2 7 14 21 15 21 17 1
split_gain=1.41012e+06 3.18959e+06 1.71532e+06 4.75598e+06 9.9058e+06 9.30832e+06 6.41167e+06 6.27655e+06 9.37242e+06 1.50756e+07 1.79578e+07 1.37325e+07 1.10035e+07 8.50735e+06
threshold=1.7750000000000001 755.03470213757112 11.958333333333334 4.5821005274681843 0.53848900958749457 95.325000000000017 1.3257575757575759 189.75833333333335 0.027500000000000007 1.1115325930709004 1.328828828828829 0.62786184319897431 22.500000000000004 23.533333333333335
decision_type=8 8 8 10 10 10 10 10 10 10 10 10 10 8
left_child=1 -1 -2 7 5 6 -5 -4 9 10 11 -9 -10 -14
right_child=2 -3 3 4 -6 -7 -8 8 12 -11 -12 -13 13 -15
leaf_value=-1.0583911662604535 0.58446225566471655 -17.482677839897775 -0.32125851276989059 -3.8238332008969955 12.985739225736806 -33.03222575187683 -27.281390958928291 56.289883788426721 7.5122530354393859 46.459570614807312 -12.064845930879768 0.19148155212402346 23.923113902807238 -10.334994383642711
leaf_weight=147 8995 37 14701 483 71 32 31 24 324 32 55 20 20 193
leaf_count=147 8995 37 14701 483 71 32 31 24 324 32 55 20 20 193
internal_value=2.53567e-08 -4.3611 0.0321221 -0.278669 -4.58295 -6.86752 -5.23859 -0.10587 4.63429 16.6254 6.98202 30.7906 1.70908 -7.11827
internal_weight=25165 184 24981 15986 617 546 514 15369 668 131 99 44 537 213
internal_count=25165 184 24981 15986 617 546 514 15369 668 131 99 44 537 213
is_linear=0
shrinkage=0.05


Tree=152
num_leaves=15
num_cat=0
split_feature=20 18 13 8 20 19 19 17 5 19 19 14 13 14
split_gain=1.38809e+06 5.99434e+06 4.9546e+06 4.78881e+06 4.99192e+06 5.48527e+06 8.94144e+06 5.26604e+06 5.9956e+06 8.97571e+06 9.13513e+06 8.7614e+06 8.48268e+06 1.10078e+07
threshold=1485.4322562358277 0.85960591133004927 32.595000000000006 312.07500000000005 1505.0040000000001 846.75059523809534 615.16076923076923 18.500000000000004 2.3651783991898601 514.11872130998347 639.25793512301186 0.032500000000000008 416.84500000000008 0.097500000000000017
decision_type=10 10 2 10 10 10 8 10 10 8 8 8 2 10
left_child=-1 2 -2 4 5 6 -4 8 9 11 -11 -6 -12 -14
right_child=1 -3 3 -5 7 -7 -8 -9 -10 10 12 -13 13 -15
leaf_value=0.10536485383481416 -24.671790645433511 25.254723149254211 -3.7138266910206195 20.413478134155273 31.173272451758386 -0.09525016851914235 -49.326640837533134 4.7743409583245171 1.7029393723801427 -31.34084323324808 -9.0206063263008005 -0.39517595091713348 38.112484355594802 -6.9477511060960371
leaf_weight=23290 23 21 22 25 24 39 21 317 552 41 473 261 23 33
leaf_count=23290 23 21 22 25 24 39 21 317 552 41 473 261 23 33
internal_value=8.77659e-09 -1.30877 -1.60965 -1.31996 -1.62081 -13.6741 -25.9899 -1.04751 -2.35918 -4.98175 -8.60423 2.26322 -6.84203 11.5591
internal_weight=25165 1875 1854 1831 1806 82 43 1724 1407 855 570 285 529 56
internal_count=25165 1875 1854 1831 1806 82 43 1724 1407 855 570 285 529 56
is_linear=0
shrinkage=0.05


Tree=153
num_leaves=15
num_cat=0
split_feature=18 19 19 10 19 19 14 7 10 15 10 19 4 7
split_gain=1.40609e+06 7.23962e+06 5.9987e+06 1.00502e+07 7.16204e+06 6.60476e+06 7.85258e+06 8.60969e+06 5.20646e+06 5.05206e+06 5.58522e+06 4.22942e+06 4.44215e+06 8.22929e+06
threshold=0.89444444444444449 2448.1269005847957 508.69629629629634 7.8583333333333334 815.46298487415095 762.59612794612815 0.12750000000000003 70.841666666666683 42.458333333333343 2.937254901960785 14.558333333333335 1005.4074979114454 4.6476388888888893 50.70000000000001
decision_type=10 10 10 8 10 10 8 10 10 10 10 10 2 10
left_child=-1 2 9 -4 5 6 7 8 -5 -2 -11 -6 13 -13
right_child=1 -3 3 4 11 -7 -8 -9 -10 10 -12 12 -14 -15
leaf_value=0.078721695860438451 2.2056624705325745 25.974151387421983 14.719589492181937 -22.930684926850457 5.5739601761102682 -42.846397538618611 0.038492635757692406 -0.78286326272147044 -54.422070411841077 -33.998648470924017 -0.60212221741676331 -11.944424180719588 -28.418259127934775 19.990963517702543
leaf_weight=24096 558 23 48 35 80 22 62 28 21 21 31 90 24 26
leaf_count=24096 558 23 48 35 80 22 62 28 21 21 31 90 24 26
internal_value=-1.35802e-08 -1.77444 -2.38459 -6.86332 -9.53337 -17.3071 -13.4587 -23.4209 -34.74 0.816594 -14.0892 -3.59707 -8.83765 -4.78649
internal_weight=25165 1069 1046 436 388 168 146 84 56 610 52 220 140 116
internal_count=25165 1069 1046 436 388 168 146 84 56 610 52 220 140 116
is_linear=0
shrinkage=0.05


Tree=154
num_leaves=15
num_cat=0
split_feature=2 4 19 19 10 7 19 1 6 2 14 19 1 21
split_gain=1.38717e+06 3.22712e+06 2.25595e+06 3.75952e+06 2.55948e+06 2.36886e+06 2.77078e+06 4.89191e+06 4.01535e+06 2.21299e+06 1.88749e+07 5.7722e+06 8.48573e+06 5.2205e+06
threshold=2.5192307692307696 0.013194444444444446 275.04473684210529 343.66851832149558 35.558333333333344 0.82500000000000007 477.41826055153246 0.19166666666666668 1.5000000000000002 1.8708333333333338 0.012500000000000002 1499.4237373737376 98.425000000000026 0.4532742411341642
decision_type=10 2 8 8 10 10 8 10 2 10 10 10 10 8
left_child=9 -2 4 -4 -3 -5 -7 -8 -9 -1 -11 12 13 -12
right_child=1 2 3 5 -6 6 7 8 -10 10 11 -13 -14 -15
leaf_value=0.018815496064276259 -14.282434668364349 23.165308827367326 -15.398237003173149 20.318284792900087 0.24489880743480863 11.33750379562378 -15.697059042453766 6.122053112865034 -8.3688462233934242 -37.177788088196202 11.439886812063364 19.885963201522827 -27.800449101924897 -2.7270782428171936
leaf_weight=24074 27 29 28 20 21 75 40 221 61 38 78 32 30 391
leaf_count=24074 27 29 28 20 21 75 40 221 61 38 78 32 30 391
internal_value=-2.83516e-09 2.55063 3.4688 2.33735 13.5387 3.52823 2.68238 0.666434 2.9875 -0.0540288 -3.13602 -0.699885 -2.02002 -0.370952
internal_weight=25165 522 495 445 50 417 397 322 282 24643 569 531 499 469
internal_count=25165 522 495 445 50 417 397 322 282 24643 569 531 499 469
is_linear=0
shrinkage=0.05


Tree=155
num_leaves=15
num_cat=0
split_feature=20 17 12 10 5 7 21 17 21 13 20 19 15 11
split_gain=1.38141e+06 4.45051e+06 4.77728e+06 2.82453e+06 4.6704e+06 2.99007e+06 2.70007e+06 5.9734e+06 2.96858e+06 6.31686e+06 1.13479e+07 8.84567e+06 9.01362e+06 8.08803e+06
threshold=202.78672699849173 18.500000000000004 0.18412775879436208 376.47500000000008 0.43277043125574344 93.233333333333348 8.5188538532219464 6.5000000000000009 1.5717954355758577 231.91000000000005 1069.8466335884348 524.10133053221296 4.4722222222222232 263.47083333333336
decision_type=8 10 10 10 8 10 10 10 10 2 10 10 8 10
left_child=1 3 -3 4 -1 -6 8 -8 -2 10 11 12 -10 -11
right_child=6 2 -4 -5 5 -7 7 -9 9 13 -12 -13 -14 -15
leaf_value=23.253476660592217 -0.12106607767728661 -26.640482128367708 -4.7385990683750441 -19.031484889984132 0.027842865053569733 -15.608017024397851 -30.110249057023424 5.5480217933654785 5.3135342183178418 3.4540732990887939 18.840743908816822 -2.1619229851125041 42.485249165126255 29.280170625255955
leaf_weight=21 21051 34 93 20 687 32 23 24 73 1373 73 1609 21 31
leaf_count=21 21051 34 93 20 687 32 23 24 73 1373 73 1609 21 31
internal_value=-4.5643e-09 -1.93811 -10.6021 -0.490309 0.0108034 -0.668051 0.070809 -11.9018 0.0940318 1.51794 -0.463447 -1.29093 13.6179 4.02431
internal_weight=25165 887 127 760 740 719 24278 47 24231 3180 1776 1703 94 1404
internal_count=25165 887 127 760 740 719 24278 47 24231 3180 1776 1703 94 1404
is_linear=0
shrinkage=0.05


Tree=156
num_leaves=15
num_cat=0
split_feature=19 13 13 5 13 15 18 7 17 19 18 5 21 1
split_gain=1.46949e+06 8.6953e+06 8.54186e+06 7.35526e+06 1.21341e+07 1.29182e+07 7.3922e+06 1.10721e+07 1.67109e+07 1.88652e+07 6.99326e+06 4.45322e+06 3.93056e+06 3.80979e+06
threshold=1859.3198232323234 392.0800000000001 449.48500000000007 0.5491642241527358 199.43000000000004 1.6638418079096049 0.54366895499618628 6.541666666666667 11.500000000000002 2282.3750000000005 0.4939724037763254 4.8929669257825212 2.4033665635495707 0.44166666666666671
decision_type=10 2 2 8 2 10 10 10 10 10 10 8 8 10
left_child=-1 3 -3 4 -2 10 7 13 9 -9 -6 -8 -13 -5
right_child=1 2 -4 6 5 -7 11 8 -10 -11 -12 12 -14 -15
leaf_value=0.063432571453636719 -9.9070346531115092 -37.977948153813678 -6.5836944249960103 -2.9945632365404391 62.604755637759254 -5.0414699207652696 21.090658733844759 -76.484841714586523 3.148825240135193 -15.495421397686005 21.292681312561037 16.432094841618692 -4.7756756833981013 18.065854692459109
leaf_weight=24490 38 30 78 204 21 22 40 21 40 32 20 31 74 24
leaf_count=24490 38 30 78 204 21 22 40 21 40 32 20 31 74 24
internal_value=-1.37169e-08 -2.30143 -15.3043 0.175313 12.4077 25.8673 -2.4759 -6.70839 -21.2482 -39.661 42.4525 6.89394 1.48567 -0.777677
internal_weight=25165 675 108 567 101 63 466 321 93 53 41 145 105 228
internal_count=25165 675 108 567 101 63 466 321 93 53 41 145 105 228
is_linear=0
shrinkage=0.05


Tree=157
num_leaves=15
num_cat=0
split_feature=3 17 16 13 19 13 9 14 13 5 7 5 20 20
split_gain=1.37908e+06 1.38797e+06 5.30638e+06 4.78379e+06 8.09758e+06 4.47047e+06 3.34145e+06 6.44815e+06 4.59414e+06 3.82459e+06 7.02512e+06 4.75027e+06 4.81098e+06 7.34342e+06
threshold=80.500000000000014 1.5000000000000002 0.77274811271973298 331.99500000000006 1578.7700595238098 369.60500000000008 1.2001405481377374 0.037500000000000012 244.51000000000002 10.732919917158748 3.5750000000000006 8.2657911443088334 248.9615737301427 1232.6629497953029
decision_type=2 10 10 2 10 2 10 10 2 10 10 10 8 8
left_child=1 2 3 4 6 -5 9 -8 -9 11 -11 12 -1 -14
right_child=-2 -3 -4 5 -6 -7 7 8 -10 10 -12 -13 13 -15
leaf_value=-19.631855268831607 9.9180989224570144 -0.1062010956433648 19.920817821904237 -30.08087622577494 31.108472392870034 -3.6101267898904865 28.866558170318605 -5.3746710492853538 22.47788379788399 -1.5692626165915591 -25.753718509276709 22.834697433618402 14.107804563112348 0.19705767661083842
leaf_weight=27 35 23667 38 22 23 58 31 57 20 181 36 26 107 837
leaf_count=27 35 23667 38 22 23 58 31 57 20 181 36 26 107 837
internal_value=7.04412e-09 -0.0138135 1.48074 0.989008 1.69554 -10.8896 1.18382 9.61171 1.85976 0.434056 -5.58143 1.74334 1.17859 1.77381
internal_weight=25165 25130 1463 1425 1345 80 1322 108 77 1214 217 997 971 944
internal_count=25165 25130 1463 1425 1345 80 1322 108 77 1214 217 997 971 944
is_linear=0
shrinkage=0.05


Tree=158
num_leaves=15
num_cat=0
split_feature=19 13 7 13 5 13 15 12 14 13 9 10 8 21
split_gain=1.36858e+06 7.80534e+06 8.13722e+06 1.58059e+07 6.63734e+06 1.09616e+07 1.15084e+07 7.00688e+06 6.80621e+06 1.2592e+07 1.28149e+07 1.23492e+07 3.57793e+06 3.12665e+06
threshold=1859.3198232323234 392.0800000000001 5.791666666666667 449.48500000000007 0.5491642241527358 194.11000000000004 1.6638418079096049 0.15302649056685277 0.062500000000000014 219.21000000000004 0.24841501348344555 16.575000000000003 52.808333333333344 1.5567197816407063
decision_type=10 2 10 2 8 2 10 10 8 2 10 10 8 8
left_child=-1 4 -3 -4 5 -2 7 -7 9 11 -11 -6 -5 -10
right_child=1 2 3 12 8 6 -8 -9 13 10 -12 -13 -14 -15
leaf_value=0.061215898762367708 -10.873906299046109 9.8329023248874226 -59.682132001292146 -22.534801374162949 -7.6183859789813013 20.051648712158205 -3.8791964530944827 60.942919769287109 -7.6736584274165613 32.716522615606138 -17.524312903086347 -56.386800079345704 1.7656817927505033 3.3804224017700415
leaf_weight=24490 35 26 21 28 27 22 24 20 83 22 30 25 33 279
leaf_count=24490 35 26 21 28 27 22 24 20 83 22 30 25 33 279
internal_value=9.10629e-09 -2.221 -14.5405 -22.2687 0.125572 11.7456 23.7408 39.5237 -2.39294 -13.6667 3.73143 -31.0647 -9.38864 0.845923
internal_weight=25165 675 108 82 567 101 66 42 466 104 52 52 61 362
internal_count=25165 675 108 82 567 101 66 42 466 104 52 52 61 362
is_linear=0
shrinkage=0.05


Tree=159
num_leaves=15
num_cat=0
split_feature=14 9 16 2 20 18 1 20 17 15 8 8 14 19
split_gain=1.35814e+06 1.36827e+07 1.0556e+07 1.17564e+07 8.5707e+06 1.52693e+07 1.36473e+07 1.20622e+07 1.19429e+07 1.1442e+07 1.40295e+07 1.74331e+07 1.28274e+07 1.47759e+07
threshold=0.027500000000000007 0.03720312240491614 0.59705442018668442 0.99107142857142871 884.62301587301602 0.58271144278606979 159.90000000000001 1326.6666666666667 20.500000000000004 5.7571428571428571 25.654166666666669 45.20000000000001 0.012500000000000002 965.64761904761906
decision_type=8 8 10 10 10 10 10 8 10 10 8 10 10 8
left_child=1 2 3 -1 6 9 8 -7 -3 10 -6 12 13 -12
right_child=-2 4 -4 -5 5 7 -8 -9 -10 -11 11 -13 -14 -15
leaf_value=-12.079484438896181 0.097678253016863489 5.7372760920652324 5.4049779371781783 -62.104389300553692 0.27593717373907567 -4.0509709948225874 31.678548426563676 27.526414123724919 -4.5816885170373904 8.5605613551049853 -4.8535250384633137 -3.9241188130071087 -58.796401604974555 -53.037914995046769
leaf_weight=24 23503 588 22 23 80 79 37 49 536 53 41 62 42 26
leaf_count=24 23503 588 22 23 80 79 37 49 536 53 41 62 42 26
internal_value=1.04327e-08 -1.38131 -23.1797 -36.5598 -0.43712 -6.44947 1.80003 8.03725 0.816489 -12.5491 -17.0066 -25.092 -37.1324 -23.5519
internal_weight=25165 1662 69 47 1593 432 1161 128 1124 304 251 171 109 67
internal_count=25165 1662 69 47 1593 432 1161 128 1124 304 251 171 109 67
is_linear=0
shrinkage=0.05


Tree=160
num_leaves=15
num_cat=0
split_feature=20 17 5 14 18 20 2 8 8 11 9 1 10 7
split_gain=1.36439e+06 5.64259e+06 1.44581e+07 1.61309e+07 1.10069e+07 1.08994e+07 9.18678e+06 9.67702e+06 1.54598e+07 1.54547e+07 1.58317e+07 8.48296e+06 1.1202e+07 9.00577e+06
threshold=517.95263475797753 3.5000000000000004 0.25349364203265851 0.04250000000000001 0.4939724037763254 1316.9555186480188 0.66091954022988519 69.441666666666677 9.2708333333333357 53.766666666666673 0.65329874116163944 0.37500000000000006 106.20833333333336 16.508333333333336
decision_type=10 10 10 10 10 10 8 8 10 8 10 10 8 10
left_child=-1 2 3 4 -2 -6 -4 8 -8 -10 -11 -9 13 -13
right_child=1 -3 6 -5 5 -7 7 11 9 10 -12 12 -14 -15
leaf_value=-0.48032882349811834 3.4812359237191668 0.061865674964125761 -33.950919876098638 53.298135674518086 46.903438935560338 9.2111814691261813 -4.3531870872685401 -15.736125356782743 5.6483636425601116 73.535897124897346 16.39604627467968 15.556726598968874 22.708117947048613 -20.370133554710534
leaf_weight=9313 199 15032 20 23 34 44 132 123 72 22 27 26 45 53
leaf_count=9313 199 15032 20 23 34 44 132 123 72 22 27 26 45 53
internal_value=9.85102e-09 0.282192 4.32114 13.0621 9.72121 25.6411 -0.72172 0.607448 7.48041 20.3898 42.0507 -6.43247 2.79615 -8.5461
internal_weight=25165 15852 820 300 277 78 520 500 253 121 49 247 124 79
internal_count=25165 15852 820 300 277 78 520 500 253 121 49 247 124 79
is_linear=0
shrinkage=0.05


Tree=161
num_leaves=15
num_cat=0
split_feature=7 18 19 3 18 21 10 21 11 5 13 13 2 14
split_gain=1.35917e+06 5.66256e+06 6.83739e+06 6.13302e+06 5.98068e+06 7.1104e+06 7.80504e+06 1.3729e+07 9.599e+06 6.75747e+06 7.8938e+06 5.1494e+06 7.70167e+06 4.94651e+06
threshold=336.90000000000003 0.34641025641025647 1207.1766917293237 3.5000000000000004 0.37965517241379315 0.58099337888987312 463.90000000000003 0.75969303503657504 47.38750000000001 0.3349772290429272 286.57500000000005 297.22000000000008 0.9207843137254903 0.087500000000000008
decision_type=10 8 8 2 10 8 10 8 8 10 2 2 10 10
left_child=-1 2 3 -2 -3 -6 9 -8 13 10 -7 12 -10 -9
right_child=1 4 -4 -5 5 6 7 8 11 -11 -12 -13 -14 -15
leaf_value=0.052743687170827974 -12.480598694238907 25.322807676141913 3.8697409493582593 -46.535983715057377 11.234069101633722 -10.014678260087969 -26.765663159278134 10.269144128716512 -5.0532847157231089 0.61319309870402028 -39.630363888210724 42.206663443825462 33.874525924523674 -21.56307923243596
leaf_weight=24657 39 22 35 20 86 60 31 23 27 57 36 22 24 26
leaf_count=24657 39 22 35 20 86 60 31 23 27 57 36 22 24 26
internal_value=6.14706e-09 -2.56004 -13.6385 -24.0248 -0.0446349 -1.46832 -5.03827 2.94713 10.4971 -13.0237 -21.1206 21.9876 13.2657 -6.62142
internal_weight=25165 508 94 59 414 392 306 153 122 153 96 73 51 49
internal_count=25165 508 94 59 414 392 306 153 122 153 96 73 51 49
is_linear=0
shrinkage=0.05


Tree=162
num_leaves=15
num_cat=0
split_feature=20 13 13 5 20 14 17 5 16 8 12 18 14 5
split_gain=1.36395e+06 5.63224e+06 1.26372e+07 5.71329e+06 6.96843e+06 1.02054e+07 6.48876e+06 7.9784e+06 9.10081e+06 6.9508e+06 8.08712e+06 8.0205e+06 7.89978e+06 1.43733e+07
threshold=1485.4322562358277 479.32000000000005 500.11500000000007 2.5438101129873263 1775.95 0.052500000000000012 18.500000000000004 1.6957934938000374 0.35380844727758681 28.416666666666671 4.391823112223614 0.62409420289855089 0.037500000000000012 0.25349364203265851
decision_type=10 2 2 10 10 10 10 10 8 8 10 10 8 10
left_child=-1 3 -3 6 5 -5 7 9 -9 11 12 -2 13 -11
right_child=1 2 -4 4 -6 -7 -8 8 -10 10 -12 -13 -14 -15
leaf_value=0.1044446082257518 21.435864537603717 45.497320976257328 1.8851389714649747 32.259644894722179 -2.028626491140519 4.0048532498590017 3.435927382791252 -6.9919143317074619 -38.227488532433142 -16.260686547415599 -37.233985719680788 -12.686907966320332 -6.6979377687803954 30.447513544559481
leaf_weight=23290 51 20 98 39 402 177 228 58 39 28 20 26 649 40
leaf_count=23290 51 20 98 39 402 177 228 58 39 28 20 26 649 40
internal_value=5.03381e-09 -1.29734 9.27703 -2.00752 1.86323 9.10641 -4.10771 -5.99569 -19.5505 -4.38043 -5.87387 9.91389 -4.99911 11.2147
internal_weight=25165 1875 118 1757 618 216 1139 911 97 814 737 77 717 68
internal_count=25165 1875 118 1757 618 216 1139 911 97 814 737 77 717 68
is_linear=0
shrinkage=0.05


Tree=163
num_leaves=15
num_cat=0
split_feature=18 19 8 15 15 7 18 16 19 10 14 13 13 3
split_gain=1.32965e+06 6.27185e+06 5.53627e+06 4.37277e+06 5.43548e+06 4.39443e+06 3.97065e+06 3.70524e+06 5.01021e+06 9.30852e+06 8.88864e+06 6.11337e+06 1.05128e+07 7.23945e+06
threshold=0.89444444444444449 2448.1269005847957 10.308333333333335 1.5577777777777781 1.3114224137931036 47.75833333333334 0.91987179487179505 0.64529795632400577 508.69629629629634 8.3750000000000018 0.012500000000000002 372.94500000000005 286.57500000000005 2.5000000000000004
decision_type=10 10 8 10 10 10 10 10 10 8 8 2 2 2
left_child=-1 2 3 4 5 -2 -4 8 10 -10 -8 12 -11 -13
right_child=1 -3 6 -5 -6 -7 7 -9 9 11 -12 13 -14 -15
leaf_value=0.076551938159551303 1.7051169067189313 24.101877377085064 -19.640372608956838 -7.7943488188192873 28.888684348265333 26.248491013050081 -29.730829238620672 -21.288580697158288 24.365322930472239 -7.7693492194529501 3.0962311445942046 24.195524740219117 -33.213773016496141 -9.2319067623304285
leaf_weight=24096 207 23 42 71 24 20 22 29 21 155 329 25 55 46
leaf_count=24096 207 23 42 71 24 20 22 29 21 155 329 25 55 46
internal_value=8.63593e-09 -1.72553 -2.29344 3.16105 6.25999 3.86753 -4.71933 -3.80044 -3.02379 -7.74541 1.03869 -10.1451 -14.4334 2.53832
internal_weight=25165 1069 1046 322 251 227 724 682 653 302 351 281 210 71
internal_count=25165 1069 1046 322 251 227 724 682 653 302 351 281 210 71
is_linear=0
shrinkage=0.05


Tree=164
num_leaves=15
num_cat=0
split_feature=1 20 19 1 8 7 15 4 10 15 4 14 11 7
split_gain=1.29698e+06 4.68403e+06 4.61582e+06 4.44489e+06 1.1041e+07 5.64718e+06 7.78771e+06 5.24464e+06 1.158e+07 1.03109e+07 2.20124e+07 3.91665e+07 8.88562e+06 1.84122e+07
threshold=0.34166666666666673 3134.5646452811898 639.25793512301186 0.80833333333333346 25.654166666666669 75.88333333333334 0.6528688524590166 3.5887500000000006 186.80833333333337 0.86190476190476206 5.6925000000000017 0.072500000000000023 153.51250000000002 110.10000000000001
decision_type=10 10 8 10 8 10 10 2 10 10 2 10 10 10
left_child=-1 3 -3 4 -2 6 -6 8 -5 10 11 -9 -11 -14
right_child=1 2 -4 7 5 -7 -8 9 -10 12 -12 -13 13 -15
leaf_value=-0.21532084094605053 -0.066893431938047573 33.001146496967834 2.1480069125140155 -1.286218819653369 38.740874805450439 32.860659619331358 6.7105469257362449 -91.78480926513673 -34.80519278599666 3.6342441046431682 3.3098515525885994 -6.0892929852008821 1.4945205688476564 -28.311639446279276
leaf_weight=18506 878 22 27 2879 20 25 371 20 26 1969 105 40 208 69
leaf_count=18506 878 22 27 2879 20 25 371 20 26 1969 105 40 208 69
internal_value=-1.18226e-08 0.598397 16.0004 0.484222 3.11222 9.82199 8.34893 -0.155476 -1.58622 1.56842 -10.4954 -34.6545 2.45467 -5.93012
internal_weight=25165 6659 49 6610 1294 416 391 5316 2905 2411 165 60 2246 277
internal_count=25165 6659 49 6610 1294 416 391 5316 2905 2411 165 60 2246 277
is_linear=0
shrinkage=0.05


Tree=165
num_leaves=15
num_cat=0
split_feature=11 17 13 12 20 20 4 1 12 12 7 10 13 14
split_gain=1.31586e+06 6.17165e+06 7.50117e+06 1.142e+07 1.04541e+07 1.8048e+07 7.46577e+06 1.09907e+07 8.62143e+06 1.41566e+07 1.28427e+07 7.88264e+06 6.95281e+06 9.54579e+06
threshold=32.770833333333336 20.500000000000004 150.15500000000006 0.28639186039794712 414.88031410256411 501.76666666666671 6.370000000000001 255.02500000000001 0.93239610893917269 1.5595867527807894 44.391666666666673 30.975000000000005 167.91000000000003 0.037500000000000012
decision_type=10 10 2 10 8 8 2 8 10 10 10 10 2 10
left_child=-1 2 3 -2 -5 -6 8 -8 10 -10 11 -7 13 -4
right_child=1 -3 12 4 5 6 7 -9 9 -11 -12 -13 -14 -15
leaf_value=0.18673190315366828 1.1762946328156676 1.2604510985601909 39.009388711055124 7.8486122846603399 -61.988738577706478 -33.66642228603363 9.8416751438571577 -23.775211495161059 18.576640724313673 -28.976674694129652 -66.522743225097656 3.5950870367613703 -1.6111822358741064 3.6010663960290992
leaf_weight=19866 221 2284 24 48 21 40 62 40 29 34 20 22 2362 92
leaf_count=19866 221 2284 24 48 21 40 62 40 29 34 20 22 2362 92
internal_value=-2.04135e-08 -0.70006 -2.18524 -7.54264 -13.6404 -17.4892 -13.7058 -3.34142 -20.9966 -7.08705 -31.6832 -20.4446 -1.02425 10.9269
internal_weight=25165 5299 3015 537 316 268 247 102 145 63 82 62 2478 116
internal_count=25165 5299 3015 537 316 268 247 102 145 63 82 62 2478 116
is_linear=0
shrinkage=0.05


Tree=166
num_leaves=15
num_cat=0
split_feature=17 15 16 18 11 14 1 19 13 19 13 4 19 4
split_gain=1.35344e+06 6.64539e+06 8.75065e+06 1.1366e+07 7.58467e+06 1.30025e+07 1.60945e+07 1.1435e+07 1.77855e+07 1.22232e+07 9.61762e+06 8.22257e+06 1.07951e+07 1.68585e+07
threshold=12.500000000000002 1.297058823529412 0.77274811271973298 0.57043650793650802 69.783333333333346 0.062500000000000014 3.6750000000000003 1390.817777777778 141.95500000000004 1942.1138528138529 189.72000000000003 2.0829166666666672 696.97555555555562 2.5418055555555559
decision_type=10 8 10 10 10 10 8 10 2 10 2 2 10 2
left_child=1 2 4 -4 11 6 -6 8 -8 -9 -10 -1 -13 -14
right_child=-2 -3 3 -5 5 -7 7 9 10 -11 -12 12 13 -15
leaf_value=-1.666487040414905 -0.27588057971730051 2.0247619882853605 45.827436766417129 -4.4421413768421525 11.777236346809232 -0.1054688740189713 -52.111046160184429 -71.279401321411143 24.956790466308593 -20.469772865032329 -12.268799677786937 -0.061177830763108669 38.208358824517994 6.0572652757305159
leaf_weight=2935 16069 3965 23 22 49 404 26 20 20 29 131 993 45 434
leaf_count=2935 16069 3965 23 22 49 404 26 20 20 29 131 993 45 434
internal_value=-8.59798e-10 0.487371 -0.700654 21.2512 -0.89488 -5.81399 -14.2003 -19.8326 -13.9151 -41.2084 -7.33826 -0.136977 2.91269 9.07772
internal_weight=25165 9096 5131 45 5086 679 275 226 177 49 151 4407 1472 479
internal_count=25165 9096 5131 45 5086 679 275 226 177 49 151 4407 1472 479
is_linear=0
shrinkage=0.05


Tree=167
num_leaves=15
num_cat=0
split_feature=21 5 10 3 13 12 14 11 14 13 15 14 7 12
split_gain=1.31058e+06 1.05234e+07 8.67478e+06 8.2284e+06 1.08455e+07 1.04713e+07 1.01637e+07 1.19807e+07 9.80267e+06 6.07318e+06 5.94479e+06 5.44606e+06 1.22491e+07 6.52156e+06
threshold=1.6773017625328526 0.5491642241527358 11.508333333333335 4.5000000000000009 336.31000000000006 0.80421861987930521 0.027500000000000007 126.59166666666668 0.057500000000000016 408.09500000000008 0.33908045977011503 0.032500000000000008 44.391666666666673 1.3011379114235604
decision_type=10 8 10 2 2 10 10 8 10 2 8 8 10 10
left_child=-1 2 -2 4 6 -5 -4 -8 -6 -10 -3 12 -12 -13
right_child=1 10 3 5 8 -7 7 -9 9 -11 11 13 -14 -15
leaf_value=-0.14331681759994228 -17.487186591752941 19.636181292878955 41.004375445458201 51.323584372908982 -26.566536784172058 9.0430784702301032 39.898848717029281 2.2237235128879549 -12.086538032863452 22.063509690761567 -1.4384529983335073 -0.98581566111053154 -32.356893577462152 4.8162732073997958
leaf_weight=21736 28 38 31 27 36 32 26 112 23 30 135 2252 42 617
leaf_count=21736 28 38 31 27 36 32 26 112 23 30 135 2252 42 617
internal_value=-1.90453e-09 0.908467 9.19002 11.5464 7.69412 28.3918 15.1335 9.32194 -6.43236 7.24368 -0.0179708 -0.263164 -8.77503 0.261967
internal_weight=25165 3429 345 317 258 59 169 138 89 53 3084 3046 177 2869
internal_count=25165 3429 345 317 258 59 169 138 89 53 3084 3046 177 2869
is_linear=0
shrinkage=0.05


Tree=168
num_leaves=15
num_cat=0
split_feature=15 7 19 19 2 21 2 17 1 21 20 11 5 12
split_gain=1.32128e+06 4.36403e+06 2.74947e+06 3.02494e+06 2.58325e+06 8.37866e+06 1.77412e+06 1.68177e+06 5.84645e+06 1.56234e+07 1.57518e+07 9.4798e+06 2.60629e+07 5.9303e+06
threshold=0.10357142857142858 2.8250000000000006 567.26893939393938 792.76179271708691 0.21627906976744191 0.85317629692494157 0.28869047619047622 12.500000000000002 60.38333333333334 0.30799891798509743 717.64973032714431 72.537500000000023 0.3349772290429272 6.0332152416942231
decision_type=8 8 8 8 8 8 8 10 10 10 10 8 10 8
left_child=1 -1 -3 -4 5 -2 -6 8 -8 13 -11 -12 -13 -10
right_child=4 2 3 -5 6 -7 7 -9 9 10 11 12 -14 -15
leaf_value=-26.631274409294129 35.056289091564359 9.9535443135670256 -23.142298765182495 3.4455609114273735 -14.525669883546374 -8.1899559179941814 0.79160278309151577 -0.29475908860104777 25.464836640791461 -2.8632278636558772 -13.544659678141276 -8.6982155132293695 -88.451562082199828 0.57154258421097681
leaf_weight=20 21 35 20 23 21 24 8729 15981 33 97 33 20 21 87
leaf_count=20 21 35 20 23 21 24 8729 15981 33 97 33 20 21 87
internal_value=3.03142e-09 -5.79438 -0.45159 -8.92089 0.0226533 11.9916 0.00112807 0.0133301 0.559181 -6.41268 -16.1179 -33.4922 -49.5475 7.4172
internal_weight=25165 98 78 43 25067 45 25022 25001 9020 291 171 74 41 120
internal_count=25165 98 78 43 25067 45 25022 25001 9020 291 171 74 41 120
is_linear=0
shrinkage=0.05


Tree=169
num_leaves=15
num_cat=0
split_feature=20 8 9 15 7 3 3 14 1 4 21 3 20 17
split_gain=1.33814e+06 5.27978e+06 7.3467e+06 6.35233e+06 6.11292e+06 8.18607e+06 1.00404e+07 1.38208e+07 6.11923e+06 5.60839e+06 8.99486e+06 1.10784e+07 5.20732e+06 5.10201e+06
threshold=517.95263475797753 9.4458333333333346 0.35884867295420031 0.5064102564102565 6.9416666666666673 3.5000000000000004 5.5000000000000009 0.067500000000000018 4.5250000000000012 9.9619444444444465 1.4227347566140345 6.5000000000000009 417.7411304816344 3.5000000000000004
decision_type=10 8 8 10 10 2 2 10 8 2 8 2 10 10
left_child=1 -1 3 -3 -5 12 7 -7 -8 -4 11 -11 -6 -2
right_child=13 2 9 4 5 6 8 -9 -10 10 -12 -13 -14 -15
leaf_value=1.0550705160215454 4.1200727022493764 -21.348891261645729 -1.8547188788951416 0.24833704366541751 7.0719291320420758 56.900679821803649 24.024011235766942 13.007603152254795 -5.0404349899291994 -50.518144548416139 -2.8967231996930565 -11.267727273702622 -10.195485788675455 0.069956828935712201
leaf_weight=3510 820 28 4381 767 133 29 27 47 55 25 182 64 65 15032
leaf_count=3510 820 28 4381 767 133 29 27 47 55 25 182 64 65 15032
internal_value=-5.16532e-10 -0.475685 -1.40158 2.17504 2.76156 8.1763 16.6639 29.7563 4.52957 -2.2865 -9.26676 -22.2931 1.40333 0.279463
internal_weight=25165 9313 5803 1151 1123 356 158 76 82 4652 271 89 198 15852
internal_count=25165 9313 5803 1151 1123 356 158 76 82 4652 271 89 198 15852
is_linear=0
shrinkage=0.05


Tree=170
num_leaves=15
num_cat=0
split_feature=20 18 13 13 8 5 7 4 4 11 17 4 7 14
split_gain=1.38819e+06 5.46501e+06 4.30159e+06 4.41751e+06 7.08088e+06 5.65403e+06 8.64346e+06 4.70895e+06 1.2024e+07 1.1431e+07 8.81858e+06 7.18593e+06 6.10678e+06 6.26272e+06
threshold=1485.4322562358277 0.85960591133004927 32.595000000000006 106.61500000000002 11.520833333333336 0.19643966948202704 293.60833333333341 6.5680555555555573 8.5775000000000023 43.241666666666674 10.500000000000002 5.7629166666666674 159.85833333333338 0.052500000000000012
decision_type=10 10 2 2 8 8 10 2 2 10 10 2 10 10
left_child=-1 2 -2 4 -4 -5 7 11 9 -9 -10 12 -7 -14
right_child=1 -3 3 5 -6 6 -8 8 10 -11 -12 -13 13 -15
leaf_value=0.1053686994333283 -23.084785196055538 24.054731409890312 -13.157232328823634 -20.762153193889521 16.057467238903048 -1.7675205558657667 27.675554389953614 4.6320809395082536 -24.697112087642449 50.07378955078125 5.3824384694875675 -26.682680366885279 -40.410492513151397 -3.3722201232910161
leaf_weight=23290 23 21 28 39 80 1406 25 31 34 25 86 31 21 25
leaf_count=23290 23 21 28 39 80 1406 25 31 34 25 86 31 21 25
internal_value=1.49217e-08 -1.30882 -1.59611 -1.32618 8.48329 -1.94105 -1.50517 -1.9449 5.78765 24.9186 -3.1401 -2.86259 -2.35404 -20.281
internal_weight=25165 1875 1854 1831 108 1723 1684 1659 176 56 120 1483 1452 46
internal_count=25165 1875 1854 1831 108 1723 1684 1659 176 56 120 1483 1452 46
is_linear=0
shrinkage=0.05


Tree=171
num_leaves=15
num_cat=0
split_feature=7 4 19 1 20 19 4 12 1 8 12 19 14 1
split_gain=1.30699e+06 6.31543e+06 1.03414e+07 7.92834e+06 1.77905e+07 7.61114e+06 8.86366e+06 2.74618e+07 1.44642e+07 1.11593e+07 7.814e+06 1.14486e+07 7.28401e+06 7.26432e+06
threshold=130.80833333333337 8.3490277777777795 1942.1138528138529 136.14166666666668 668.58149318684389 285.26456582633062 7.5834722222222224 3.2467238667747322 367.81666666666678 11.829166666666667 1.1752497407352538 1542.372181372549 0.052500000000000012 73.233333333333348
decision_type=10 2 10 8 10 8 2 8 8 8 8 10 10 8
left_child=-1 2 5 4 -3 -2 10 -8 -9 -10 -7 13 -4 -12
right_child=1 3 12 -5 -6 6 7 8 9 -11 11 -13 -14 -15
leaf_value=-0.10291646512231434 -6.5972230821439668 -58.728577785491943 -32.849374459006576 -1.1259385895032388 -0.19762490762246621 -20.152351039880887 70.596612380799797 40.174890943007036 21.713871021270752 -25.354764289014483 16.721568047879924 33.035921892438616 5.390911960601807 2.4015696405894347
leaf_weight=23267 146 20 33 539 37 32 21 22 20 34 99 35 20 840
leaf_count=23267 146 20 33 539 37 32 21 22 20 34 99 35 20 840
internal_value=1.65828e-10 1.26162 3.213 -3.00128 -20.7348 4.13093 5.55098 19.9855 6.00083 -7.92194 4.15918 4.95792 -18.4191 3.91135
internal_weight=25165 1898 1302 596 57 1249 1103 97 76 54 1006 974 53 939
internal_count=25165 1898 1302 596 57 1249 1103 97 76 54 1006 974 53 939
is_linear=0
shrinkage=0.05


Tree=172
num_leaves=15
num_cat=0
split_feature=11 16 11 21 19 14 16 18 19 14 5 7 17 14
split_gain=1.29416e+06 3.08754e+06 1.40251e+06 3.49837e+06 2.96884e+06 3.98882e+06 2.23773e+06 1.76662e+06 5.94971e+06 4.94934e+06 5.01467e+06 6.41764e+06 1.14943e+07 5.96376e+06
threshold=1.7750000000000001 0.54962147136240813 3.4625000000000004 4.156819453899403 305.46663029641758 0.19750000000000004 0.49636855269581887 0.89444444444444449 2448.1269005847957 0.057500000000000016 19.724605394131874 8.9250000000000025 1.5000000000000002 0.012500000000000002
decision_type=8 10 8 8 10 10 10 10 10 10 10 8 10 8
left_child=1 -1 3 4 5 -2 -6 -4 9 10 11 12 -9 -13
right_child=2 -3 7 -5 6 -7 -8 8 -10 -11 -12 13 -14 -15
leaf_value=-1.916098422230017 -25.836636534191314 -22.724963178634646 0.082955940893090829 18.962659847375118 2.1234648534103679 4.0022907257080078 18.692590137819447 -50.299386672178912 23.135023863419246 0.021143462578092718 17.125265227258208 17.787804031372072 -5.3734658513750349 -7.763137105784633
leaf_weight=164 21 20 23696 33 135 24 24 24 23 657 20 25 35 264
leaf_count=164 21 20 23696 33 135 24 24 24 23 657 20 25 35 264
internal_value=1.2021e-08 -4.17793 0.030773 3.85883 1.41557 -9.92254 4.62446 -0.00589248 -2.01482 -2.57915 -7.22153 -8.62077 -23.6484 -5.55285
internal_weight=25165 184 24981 237 204 45 159 24744 1048 1025 368 348 59 289
internal_count=25165 184 24981 237 204 45 159 24744 1048 1025 368 348 59 289
is_linear=0
shrinkage=0.05


Tree=173
num_leaves=15
num_cat=0
split_feature=19 19 5 19 18 17 12 4 18 13 10 13 18 9
split_gain=1.29872e+06 7.37685e+06 5.5574e+06 5.18928e+06 7.76433e+06 1.08565e+07 6.69286e+06 8.23589e+06 6.5116e+06 5.56629e+06 7.98965e+06 1.21922e+07 7.68947e+06 7.47158e+06
threshold=874.9654188948308 861.40492424242427 0.49882395900139448 919.34629587803499 0.83130081300813019 19.500000000000004 2.5870594922319063 7.5834722222222224 0.63373983739837414 231.91000000000005 251.0916666666667 201.91000000000003 0.56711711711711721 24.545528730311343
decision_type=10 10 8 10 10 10 8 2 10 2 10 2 10 10
left_child=1 -1 -3 4 5 -2 7 -7 -8 10 13 -12 -11 -5
right_child=3 2 -4 9 -6 6 8 -9 -10 12 11 -13 -14 -15
leaf_value=0.054071103019016922 -17.564657173039002 32.815490398406986 5.716210317475455 -2.0136031357532036 21.881292517979944 -20.955523913928442 1.0267685968241247 8.473649129602645 29.229716032743454 4.0801884751735358 3.1321298138718858 43.70409567874411 -2.0658843496054522 -31.272932962937791
leaf_weight=19412 162 20 350 2644 24 70 139 36 24 1313 95 23 831 22
leaf_count=19412 162 20 350 2644 24 70 139 36 24 1313 95 23 831 22
internal_value=-6.59974e-09 0.187373 7.18104 -0.688577 -5.79764 -7.33892 -1.18067 -10.9607 5.17935 -0.21686 -1.69153 11.0402 1.69801 -2.25505
internal_weight=25165 19782 370 5383 455 431 269 106 163 4928 2784 118 2144 2666
internal_count=25165 19782 370 5383 455 431 269 106 163 4928 2784 118 2144 2666
is_linear=0
shrinkage=0.05


Tree=174
num_leaves=15
num_cat=0
split_feature=20 17 18 9 17 10 15 19 10 14 5 13 7 19
split_gain=1.27656e+06 3.96707e+06 4.50413e+06 5.50059e+06 2.56069e+06 3.90144e+06 3.81683e+06 5.69032e+06 4.68376e+06 5.82574e+06 4.7261e+06 3.25971e+06 3.47589e+06 2.70122e+06
threshold=202.78672699849173 18.500000000000004 0.69160839160839171 1.6133481646273637 12.500000000000002 33.725000000000009 1.6733333333333336 622.38222222222237 95.941666666666677 0.062500000000000014 1.9725091040932432 343.28500000000003 17.19166666666667 534.69087381754059
decision_type=8 10 10 8 10 8 10 8 10 10 8 2 10 10
left_child=1 4 3 -3 6 -6 8 -8 10 -10 11 12 -1 -7
right_child=-2 2 -4 -5 5 13 7 -9 9 -11 -12 -13 -14 -15
leaf_value=2.6704792578374188 0.068068779062522358 -6.5533430007787858 -2.7032658587528182 -40.523481410199949 -1.2134862777349111 3.7553587024862121 -1.130577722717734 24.173321310679118 -36.967975906892256 -5.3337940112969209 -4.277734197032995 -4.6534989154700082 25.986543088970762 27.167706334165167
leaf_weight=31 24278 26 79 22 74 22 68 33 22 43 373 33 33 28
leaf_count=31 24278 26 79 22 74 22 68 33 22 43 373 33 33 28
internal_value=6.17318e-09 -1.8631 -10.043 -22.123 -0.4962 6.07674 -1.77772 7.13703 -3.46069 -16.0407 -1.72089 8.11109 14.6928 16.8663
internal_weight=25165 887 127 48 760 124 636 101 535 65 470 97 64 50
internal_count=25165 887 127 48 760 124 636 101 535 65 470 97 64 50
is_linear=0
shrinkage=0.05


Tree=175
num_leaves=15
num_cat=0
split_feature=14 9 16 2 20 18 1 17 20 15 8 8 18 7
split_gain=1.27117e+06 1.23066e+07 9.22439e+06 1.04667e+07 7.6931e+06 1.3862e+07 1.18733e+07 1.11887e+07 1.07694e+07 1.02923e+07 1.22379e+07 1.53761e+07 1.21035e+07 9.6797e+06
threshold=0.027500000000000007 0.03720312240491614 0.59705442018668442 0.99107142857142871 884.62301587301602 0.58271144278606979 213.94166666666669 20.500000000000004 1326.6666666666667 5.7571428571428571 25.654166666666669 45.20000000000001 0.29478609625668456 75.88333333333334
decision_type=8 8 10 10 10 10 10 10 10 10 8 10 10 10
left_child=1 2 3 -1 6 9 7 13 -7 10 -6 12 -12 -3
right_child=-2 4 -4 -5 5 8 -8 -9 -10 -11 11 -13 -14 -15
leaf_value=-11.418692294756573 0.094499058404866249 2.4678830601290525 4.7114508347077804 -58.619926800935161 -0.035139304175972941 -3.7562514978873582 34.44774580355044 -4.3289988148223513 26.081054524012973 8.0721800686615826 -59.262395936420994 -3.8481622098434358 -23.577157756444571 18.510064346362384
leaf_weight=24 23503 479 22 23 80 79 27 538 49 53 35 62 74 117
leaf_count=24 23503 479 22 23 80 79 27 538 49 53 35 62 74 117
internal_value=1.02957e-08 -1.33635 -22.0095 -34.5172 -0.440902 -6.13712 1.67862 0.898406 7.66584 -11.9489 -16.1765 -23.728 -35.0357 5.6171
internal_weight=25165 1662 69 47 1593 432 1161 1134 128 304 251 171 109 596
internal_count=25165 1662 69 47 1593 432 1161 1134 128 304 251 171 109 596
is_linear=0
shrinkage=0.05


Tree=176
num_leaves=15
num_cat=0
split_feature=20 14 18 15 18 9 20 13 8 19 20 12 17 7
split_gain=1.33979e+06 8.06945e+06 1.71454e+07 1.26272e+07 1.84265e+07 1.19297e+07 1.14588e+07 8.91486e+06 1.14082e+07 8.24303e+06 6.88827e+06 5.73034e+06 5.45052e+06 1.49223e+07
threshold=904.69891864345971 0.022500000000000003 0.58271144278606979 2.438438438438439 0.28708791208791212 0.03720312240491614 1326.6666666666667 201.91000000000003 37.287500000000001 455.73446523395313 1044.0555555555559 1.0522406149082408 3.5000000000000004 208.7416666666667
decision_type=10 8 10 10 10 10 10 2 8 10 10 8 10 8
left_child=-1 2 3 4 5 -2 10 -6 -9 -8 -4 -12 13 -3
right_child=1 12 6 -5 7 -7 9 8 -10 -11 11 -13 -14 -15
leaf_value=-0.22410143411765562 -78.351471014022835 -1.2950011355998152 17.6481393955372 -0.12770786380567473 -0.1916525874339359 -23.739885272979738 5.5085766272111378 -8.1626525127574023 -50.669689114005479 46.739042949676517 7.0388382124900817 -27.512883335749308 0.60632607621321299 16.04820348169202
leaf_weight=18271 20 295 27 119 71 20 22 38 27 27 20 30 5964 214
leaf_count=18271 20 295 27 119 71 20 22 38 27 27 20 30 5964 214
internal_value=1.59883e-08 0.593931 -6.11368 -12.7081 -21.2142 -51.0457 9.32566 -12.4402 -25.8194 28.2274 -2.70273 -13.6922 1.03019 5.99664
internal_weight=25165 6894 421 295 176 40 126 136 65 49 77 50 6473 509
internal_count=25165 6894 421 295 176 40 126 136 65 49 77 50 6473 509
is_linear=0
shrinkage=0.05


Tree=177
num_leaves=15
num_cat=0
split_feature=20 13 8 11 5 12 20 14 17 5 16 8 6 19
split_gain=1.36951e+06 4.99552e+06 1.15383e+07 2.06934e+07 5.36486e+06 6.55004e+06 7.3643e+06 8.14529e+06 5.71759e+06 6.82674e+06 7.83358e+06 6.07633e+06 7.54618e+06 8.79549e+06
threshold=1485.4322562358277 479.32000000000005 33.979166666666679 56.19166666666667 2.5438101129873263 3.0425103349721851 1775.95 0.052500000000000012 18.500000000000004 1.6957934938000374 0.35380844727758681 28.416666666666671 1.5000000000000002 820.50000000000011
decision_type=10 2 8 8 10 10 10 10 10 10 8 8 2 10
left_child=-1 4 -3 -4 8 6 7 -6 9 11 -11 -2 13 -13
right_child=1 2 3 -5 5 -7 -8 -9 -10 10 -12 12 -14 -15
leaf_value=0.10465753112708093 9.082872878111802 -4.5169209418089498 66.338809490203857 0.2284517551290578 29.243705076920364 25.41102093287877 -3.3851085899720204 3.5671036996805308 3.0772299816733915 -6.663133165343055 -35.642547448476158 -0.17867585922689999 -33.254897765318553 -11.496271437572108
leaf_weight=23290 77 69 20 29 38 28 387 165 228 58 39 425 24 288
leaf_count=23290 77 69 20 29 38 28 387 165 228 58 39 425 24 288
internal_value=-1.09821e-08 -1.29999 8.65876 27.2123 -1.96881 1.78205 0.660671 8.37356 -4.00396 -5.7762 -18.3147 -4.28206 -5.6784 -4.75016
internal_weight=25165 1875 118 49 1757 618 590 203 1139 911 97 814 737 713
internal_count=25165 1875 118 49 1757 618 590 203 1139 911 97 814 737 713
is_linear=0
shrinkage=0.05


Tree=178
num_leaves=15
num_cat=0
split_feature=7 4 18 13 9 9 21 16 14 17 18 16 21 13
split_gain=1.27293e+06 5.17328e+06 6.26104e+06 8.74168e+06 8.36534e+06 1.39028e+07 7.63825e+06 5.2124e+06 5.03577e+06 6.86573e+06 5.89825e+06 1.17118e+07 1.05673e+07 4.44825e+06
threshold=336.90000000000003 15.901527777777781 0.45738498789346255 388.82000000000005 4.5821005274681843 14.706991457124438 0.79818086555084133 0.59705442018668442 0.022500000000000003 18.500000000000004 0.61326979472140775 0.33338287016506091 0.90099038208129612 145.29000000000005
decision_type=10 2 8 2 8 8 8 10 10 10 8 8 10 2
left_child=-1 2 4 7 -2 -6 -7 8 9 -4 11 -10 -13 -8
right_child=1 -3 3 -5 5 6 13 -9 10 -11 -12 12 -14 -15
leaf_value=0.051042820931805372 18.016097550165085 13.907790970802308 -2.8265978062152861 -20.36493106824021 -53.418886339096801 -25.737083138810831 16.152547878689237 27.288562745397741 5.3679045668515295 38.603241153955459 7.8307665048830817 -6.8729587395985918 -56.083447847366337 -8.4842764938086788
leaf_weight=24657 21 44 20 43 21 47 27 22 55 20 87 24 20 57
leaf_count=24657 21 44 20 43 21 47 27 22 55 20 87 24 20 57
internal_value=-4.73913e-09 -2.47749 -4.03126 0.447013 -11.5641 -15.6508 -9.5964 4.05554 1.79391 17.8883 -1.66725 -10.014 -29.2414 -0.565297
internal_weight=25165 508 464 291 173 152 131 248 226 40 186 99 44 84
internal_count=25165 508 464 291 173 152 131 248 226 40 186 99 44 84
is_linear=0
shrinkage=0.05


Tree=179
num_leaves=15
num_cat=0
split_feature=20 14 18 15 18 9 20 13 8 19 20 12 13 8
split_gain=1.26631e+06 7.32276e+06 1.5343e+07 1.14428e+07 1.64068e+07 1.05489e+07 1.02357e+07 7.99341e+06 1.0316e+07 7.42602e+06 6.21666e+06 5.17163e+06 5.153e+06 1.12387e+07
threshold=904.69891864345971 0.022500000000000003 0.58271144278606979 2.438438438438439 0.28708791208791212 0.03720312240491614 1326.6666666666667 201.91000000000003 37.287500000000001 455.73446523395313 1044.0555555555559 1.0522406149082408 479.32000000000005 33.38750000000001
decision_type=10 8 10 10 10 10 10 2 8 10 10 8 2 10
left_child=-1 2 3 4 5 -2 10 -6 -9 -8 -4 -12 -3 -14
right_child=1 12 6 -5 7 -7 9 8 -10 -11 11 -13 13 -15
leaf_value=-0.21786888959713047 -73.973949432373047 0.64365353737515707 16.757947056381791 -0.074600667562805298 -0.27042046936464986 -22.62007372170687 5.0938894011757592 -7.7472880846575691 -48.168453809950087 44.227770747078793 6.6791114115715038 -26.145024197896323 1.3464196955695804 20.749045999999186
leaf_weight=18271 20 6099 27 119 71 20 22 38 27 27 20 30 271 103
leaf_count=18271 20 6099 27 119 71 20 22 38 27 27 20 30 271 103
internal_value=1.47826e-08 0.577413 -5.81233 -12.0505 -20.1479 -48.297 8.79295 -11.8687 -24.5376 26.6575 -2.57538 -13.0154 0.992998 6.68992
internal_weight=25165 6894 421 295 176 40 126 136 65 49 77 50 6473 374
internal_count=25165 6894 421 295 176 40 126 136 65 49 77 50 6473 374
is_linear=0
shrinkage=0.05


Tree=180
num_leaves=15
num_cat=0
split_feature=20 18 5 12 20 14 17 1 8 16 8 3 17 20
split_gain=1.33759e+06 4.94454e+06 3.85857e+06 5.94797e+06 5.63582e+06 7.75521e+06 5.62984e+06 1.62924e+07 7.029e+06 5.44478e+06 7.48769e+06 8.36932e+06 5.78076e+06 1.39378e+07
threshold=1485.4322562358277 0.85960591133004927 2.5438101129873263 3.0425103349721851 1775.95 0.052500000000000012 8.5000000000000018 0.39166666666666677 134.82083333333335 0.5786493308695011 90.608333333333363 2.5000000000000004 3.5000000000000004 1695.0479495441903
decision_type=10 10 10 10 10 10 10 8 10 10 10 2 10 10
left_child=-1 2 6 4 5 -4 7 -2 -8 10 12 -12 13 -9
right_child=1 -3 3 -5 -6 -7 8 9 -10 -11 11 -13 -14 -15
leaf_value=0.10343059903670329 -51.156177081465728 22.840819699707488 27.596634739323669 24.107017679299631 -2.932771391536181 2.6767666732924327 -1.47277500887611 -26.069088025774274 18.617438554763794 18.597397854017174 -0.84581219066273094 -41.44755961100261 -8.7873708719140176 8.8439939779348862
leaf_weight=23290 20 21 38 28 403 175 591 35 47 23 22 30 286 156
leaf_count=23290 20 21 38 28 403 175 591 35 47 23 22 30 286 156
internal_value=8.82239e-09 -1.28475 -1.55801 1.56863 0.544155 7.12256 -3.22211 -6.82406 0.00722505 -5.21782 -6.25327 -24.2699 -4.28919 2.44631
internal_weight=25165 1875 1854 644 616 213 1210 572 638 552 529 52 477 191
internal_count=25165 1875 1854 644 616 213 1210 572 638 552 529 52 477 191
is_linear=0
shrinkage=0.05


Tree=181
num_leaves=15
num_cat=0
split_feature=15 16 7 19 1 8 21 20 2 10 16 16 18 4
split_gain=1.28851e+06 4.21532e+06 3.36055e+06 3.27345e+06 8.35121e+06 3.99247e+06 3.03109e+06 2.32364e+06 2.25734e+06 3.28132e+06 3.61071e+06 3.56727e+06 3.81254e+06 4.40246e+06
threshold=9.0454545454545485 0.25002264170491206 218.55833333333337 592.78571428571445 0.25833333333333336 61.891666666666673 0.92368814274013655 692.32296992481213 2.5750000000000006 4.041666666666667 0.7849121034839619 0.53031113027847188 0.54366895499618628 0.83541666666666681
decision_type=10 8 10 8 8 8 8 8 10 8 10 10 10 2
left_child=8 -2 3 6 -5 -6 -3 -7 -1 -10 11 12 -11 -14
right_child=1 2 -4 4 5 7 -8 -9 9 10 -12 -13 13 -15
leaf_value=-0.022711245368022645 -19.856773729885326 2.3679555720296399 -20.274734878540041 -33.750127424512591 -10.878385350817727 -4.0564518474397202 22.121676364898683 16.667799846749556 -11.125792579089895 8.7119196144575923 -15.034073126883735 19.98116232965674 -12.464162560166985 7.1903444784028201
leaf_weight=24471 34 87 21 21 42 21 25 38 34 194 21 42 58 56
leaf_count=24471 34 87 21 21 42 21 25 38 34 194 21 42 58 56
internal_value=2.62076e-09 -3.31938 -1.11439 0.605129 -5.0611 0.903948 6.77727 9.29137 0.0385633 3.74091 5.10335 6.3116 4.44757 -2.80932
internal_weight=25165 289 255 234 122 101 112 59 24876 405 371 350 308 114
internal_count=25165 289 255 234 122 101 112 59 24876 405 371 350 308 114
is_linear=0
shrinkage=0.05


Tree=182
num_leaves=15
num_cat=0
split_feature=21 21 1 7 15 12 20 14 19 21 17 5 21 8
split_gain=1.27324e+06 6.82541e+06 9.13225e+06 9.03951e+06 9.38552e+06 1.54511e+07 1.8669e+07 7.35489e+06 8.1504e+06 6.89335e+06 6.28422e+06 6.25554e+06 6.24868e+06 5.44529e+06
threshold=0.63174356195404935 0.55413174302354251 111.55833333333335 70.841666666666683 1.0054945054945057 2.7456298103526335 911.46111111111111 0.072500000000000023 830.31370867768601 0.62290324275987585 11.500000000000002 1.0830144048757442 0.570622657969588 40.112500000000004
decision_type=8 10 10 10 8 10 10 10 10 10 10 10 10 10
left_child=1 -1 3 7 5 6 -5 8 9 10 -3 -11 -10 -9
right_child=-2 2 -4 4 -6 -7 -8 13 12 11 -12 -13 -14 -15
leaf_value=0.21709019104502 0.2143655351359843 9.2809467493598135 -33.09212555518517 10.029722801844279 -6.0336103348171015 -8.1560217100031238 67.986684250831601 0.16744816783720104 -47.269329369586451 -40.70626429451837 -7.7090516740700297 -6.670492859239932 -13.905569129519993 -13.118324187397958
leaf_weight=5339 18459 67 26 33 68 34 24 624 23 27 290 27 36 88
leaf_count=5339 18459 67 26 33 68 34 24 624 23 27 290 27 36 88
internal_value=-8.74809e-09 -0.590065 -3.74252 -3.17347 8.01931 18.5204 34.4327 -4.6791 -9.53355 -7.03887 -4.52045 -23.6884 -26.9118 -1.47461
internal_weight=25165 6706 1367 1341 159 91 57 1182 470 411 357 54 59 712
internal_count=25165 6706 1367 1341 159 91 57 1182 470 411 357 54 59 712
is_linear=0
shrinkage=0.05


Tree=183
num_leaves=15
num_cat=0
split_feature=5 15 7 7 5 14 9 19 21 1 2 12 1 2
split_gain=1.26159e+06 4.29326e+06 5.69885e+06 1.18247e+07 1.0855e+07 1.04395e+07 2.1216e+07 1.93228e+07 1.15341e+07 1.03073e+07 1.51352e+07 1.00338e+07 1.04469e+07 9.16442e+06
threshold=1.8154663777025974 1.8208556149732622 35.82500000000001 61.091666666666676 1.0190053634102221 0.012500000000000002 1.8669526256324249 762.59612794612815 0.9125057412937313 3.7583333333333337 1.1026315789473686 0.14087076536790213 3.8583333333333338 0.99107142857142871
decision_type=10 10 8 8 10 8 10 10 10 8 10 10 8 10
left_child=1 2 -1 4 11 6 7 -5 -8 -6 -11 -4 -13 -14
right_child=-2 -3 3 5 9 -7 8 -9 -10 10 -12 12 13 -15
leaf_value=2.5297746245580131 -0.35950939302231294 -2.1559066094137171 9.063795272671447 11.082030382156374 20.716730280876163 0.4405520786682724 11.76616781616211 65.238453650474554 -39.176751194000246 -1.2971019288945582 -44.634061286562968 -50.224615960121156 -19.505747465663834 -1.2650322922953854
leaf_weight=3050 12389 1509 49 40 50 7170 25 28 20 496 21 20 190 108
leaf_count=3050 12389 1509 49 40 50 7170 25 28 20 496 21 20 190 108
internal_value=-1.28643e-09 0.348619 0.684053 -0.00104511 -5.29756 0.678201 15.7573 33.3817 -10.8751 -0.960919 -3.0574 -11.9975 -15.2428 -12.895
internal_weight=25165 12776 11267 8217 934 7283 113 68 45 567 517 367 318 298
internal_count=25165 12776 11267 8217 934 7283 113 68 45 567 517 367 318 298
is_linear=0
shrinkage=0.05


Tree=184
num_leaves=15
num_cat=0
split_feature=2 2 8 17 15 5 21 19 21 18 13 14 10 1
split_gain=1.24933e+06 1.75429e+06 7.55313e+06 1.6368e+06 5.38474e+06 9.79634e+06 1.06492e+07 1.93766e+07 2.14377e+07 1.57885e+07 9.82063e+06 8.1789e+06 1.53131e+07 6.60405e+06
threshold=0.13899613899613902 0.28869047619047622 19.912500000000005 12.500000000000002 0.70416666666666683 17.738984934474647 2.0520122104566263 2282.3750000000005 1.7722645957310075 0.4939724037763254 101.62000000000002 0.092500000000000013 89.291666666666671 2.541666666666667
decision_type=8 8 8 10 10 10 8 10 10 10 2 8 8 8
left_child=-1 2 -2 4 5 6 7 8 10 -10 -3 12 -8 -12
right_child=1 3 -4 -5 -6 -7 11 -9 9 -11 13 -13 -14 -15
leaf_value=10.03135664386134 -30.956246975193853 36.244988170036905 5.9287309854371211 -0.29589898546283977 -0.18565867116915302 -24.473745518019708 -6.2401739129313718 -38.237207078933714 12.385798254467193 74.459482297897338 -16.215996208190919 -1.3775662918137337 49.278674435615542 5.8518655356365645
leaf_weight=31 23 26 35 16024 6660 33 27 24 21 20 35 1102 23 1081
leaf_count=31 23 26 35 16024 6660 33 27 24 21 20 35 1102 23 1081
internal_value=-2.53372e-09 -0.0123726 -8.69807 0.00771718 0.545184 2.58005 2.95851 6.24049 7.14283 42.6656 5.86749 -0.480168 19.2985 5.15977
internal_weight=25165 25134 58 25076 9052 2392 2359 1207 1183 41 1142 1152 50 1116
internal_count=25165 25134 58 25076 9052 2392 2359 1207 1183 41 1142 1152 50 1116
is_linear=0
shrinkage=0.05


Tree=185
num_leaves=15
num_cat=0
split_feature=18 4 20 12 4 5 10 10 10 14 19 17 1 1
split_gain=1.25452e+06 4.26486e+06 1.34157e+07 8.6833e+06 7.75992e+06 9.92467e+06 1.98234e+07 7.1398e+06 6.83318e+06 6.67721e+06 9.63097e+06 7.85107e+06 6.38015e+06 8.35222e+06
threshold=0.42724867724867727 11.15652777777778 1284.2315581854043 3.7202224096131551 9.9619444444444465 0.47380894837431992 431.60833333333341 47.625000000000007 15.175000000000002 0.062500000000000014 825.15737179487189 22.500000000000004 338.98333333333341 239.31666666666669
decision_type=10 2 10 8 2 10 10 10 10 10 10 10 10 10
left_child=1 4 3 8 12 6 -6 -7 -3 10 11 -10 13 -1
right_child=-2 2 -4 -5 5 7 -8 -9 9 -11 -12 -13 -14 -15
leaf_value=0.46841812729257876 -0.23931047006953335 -1.6065076881839382 39.640344323052304 -11.785132397924151 -66.018851507277716 8.6901629732366192 3.5357864046096803 -18.478514012836275 63.087350296974186 1.8287106029803937 7.9364913330078126 19.802814102172853 -21.798335313796997 26.904469089508058
leaf_weight=7336 17242 124 27 77 21 57 20 42 20 65 50 22 32 30
leaf_count=7336 17242 124 27 77 21 57 20 42 20 65 50 22 32 30
internal_value=-1.28445e-09 0.520786 5.65384 3.09061 0.258618 -11.4031 -32.0898 -2.83594 7.16688 14.0962 22.7634 40.4145 0.479306 0.576086
internal_weight=25165 7923 385 358 7538 140 41 99 281 157 92 42 7398 7366
internal_count=25165 7923 385 358 7538 140 41 99 281 157 92 42 7398 7366
is_linear=0
shrinkage=0.05


Tree=186
num_leaves=15
num_cat=0
split_feature=11 19 9 17 19 4 10 15 4 11 4 11 5 1
split_gain=1.22772e+06 2.85671e+06 1.3239e+06 6.38625e+06 1.06046e+07 6.0145e+06 5.57135e+06 6.44806e+06 5.63114e+06 5.14918e+06 4.61671e+06 4.88977e+06 5.27729e+06 4.41894e+06
threshold=1.7750000000000001 755.03470213757112 21.30984509145204 40.500000000000007 607.82288748832877 0.55486111111111114 713.55000000000007 0.83666666666666678 4.5804166666666672 134.7416666666667 8.4720833333333356 12.358333333333336 1.4101780998059281 213.94166666666669
decision_type=8 8 10 8 8 2 8 10 2 8 2 10 10 8
left_child=1 -1 -2 5 -5 -4 7 8 -7 10 11 -9 -13 -11
right_child=2 -3 3 4 -6 6 -8 9 -10 13 -12 12 -14 -15
leaf_value=-0.94365263419086431 -0.022784756030261206 -16.487287029060159 -26.20313215017319 -0.67628784794961261 43.594034274419151 38.075955238342281 23.836841490533619 1.0786587816100937 2.152837646007538 -26.270896886661649 -7.2095394476722268 36.276487121582036 5.1717724022082985 -4.4718489217758179
leaf_weight=147 24467 37 20 31 24 20 27 111 24 32 85 25 30 85
leaf_count=147 24467 37 20 31 24 20 27 111 24 32 85 25 30 85
internal_value=-9.34607e-09 -4.06927 0.0299726 2.54129 18.6417 0.612046 1.83369 0.39174 18.4815 -1.77117 2.26687 7.11926 19.3103 -10.434
internal_weight=25165 184 24981 514 55 459 439 412 44 368 251 166 55 117
internal_count=25165 184 24981 514 55 459 439 412 44 368 251 166 55 117
is_linear=0
shrinkage=0.05


Tree=187
num_leaves=15
num_cat=0
split_feature=3 21 5 10 7 7 4 8 11 19 10 15 12 10
split_gain=1.22798e+06 1.26396e+06 9.35856e+06 7.82118e+06 7.59623e+06 1.0054e+07 9.81496e+06 9.77672e+06 2.37155e+07 1.00485e+07 5.62387e+06 5.48132e+06 4.81995e+06 1.38131e+07
threshold=80.500000000000014 1.6773017625328526 0.5491642241527358 11.508333333333335 167.52500000000001 228.42500000000004 6.2136111111111116 134.82083333333335 115.62500000000001 1207.1766917293237 401.62500000000006 0.33908045977011503 1.3011379114235604 43.45000000000001
decision_type=2 10 8 10 10 10 2 10 10 8 10 8 10 10
left_child=1 -1 3 -3 7 -6 -7 8 9 -5 -8 -4 13 -13
right_child=-2 2 11 4 5 6 10 -9 -10 -11 -12 12 -14 -15
leaf_value=-0.15399081358638625 9.3590044675554562 -16.64189522606986 18.877820465439246 -6.0055627652577002 -19.32476335473963 29.136563250223794 -14.762100956175061 6.7864779961736579 77.180122395924172 39.150310672413219 10.946354867747196 -0.024173365606681662 3.5553106192844228 -12.83984823977103
leaf_weight=21701 35 28 38 28 37 45 36 76 21 22 52 2154 659 233
leaf_count=21701 35 28 38 28 37 45 36 76 21 22 52 2154 659 233
internal_value=5.84275e-09 -0.0130348 0.879029 8.6888 10.9262 3.72885 10.1423 19.2497 32.5906 13.863 0.429259 0.00536732 -0.230074 -1.27514
internal_weight=25165 25130 3429 345 317 170 133 147 71 50 88 3084 3046 2387
internal_count=25165 25130 3429 345 317 170 133 147 71 50 88 3084 3046 2387
is_linear=0
shrinkage=0.05


Tree=188
num_leaves=15
num_cat=0
split_feature=15 19 2 21 21 2 2 8 1 11 5 2 19 4
split_gain=1.22284e+06 4.16913e+06 2.41682e+06 7.59866e+06 2.21677e+06 1.5776e+06 1.55212e+06 4.38886e+06 1.40566e+06 1.25373e+07 1.6701e+07 9.63901e+06 2.34553e+07 7.79127e+06
threshold=0.10357142857142858 618.39619047619055 0.21627906976744191 0.85317629692494157 1.18974475157772 0.28869047619047622 0.48809523809523819 29.687500000000004 39.625000000000007 179.31250000000003 0.3349772290429272 0.82509433962264156 495.57427511186137 3.5887500000000006
decision_type=8 10 8 8 10 8 8 8 10 10 10 10 10 2
left_child=1 -1 3 -2 -3 -4 7 -7 -8 11 -11 12 -10 -13
right_child=2 4 5 -5 -6 6 8 -9 9 10 -12 13 -14 -15
leaf_value=2.9900200083337984 33.56363679795038 -29.763351626992229 -13.697631236485073 -7.6204473813374838 -6.2220450350642205 -4.6238111291612896 0.071745079571220477 20.995891283079985 15.85993420144786 -5.9923931811718241 -59.625960540771487 -5.5921638164936205 -52.284847916875577 3.9657628738786297
leaf_weight=58 21 20 21 24 20 35 23859 32 23 47 21 321 28 635
leaf_count=58 21 20 21 24 20 35 23859 32 23 47 21 321 28 635
internal_value=-1.8843e-08 -5.57435 0.021793 11.5988 -17.9927 0.00097277 0.0124791 7.61246 -0.00794274 -1.77657 -22.5557 -0.373409 -21.5529 0.756459
internal_weight=25165 98 25067 45 40 25022 25001 67 24934 1075 68 1007 51 956
internal_count=25165 98 25067 45 40 25022 25001 67 24934 1075 68 1007 51 956
is_linear=0
shrinkage=0.05


Tree=189
num_leaves=15
num_cat=0
split_feature=7 18 18 15 17 16 1 21 10 21 5 5 13 2
split_gain=1.21542e+06 4.78064e+06 5.74143e+06 6.69678e+06 5.6556e+06 1.01154e+07 7.01216e+06 5.08538e+06 1.00914e+07 1.48055e+07 7.12783e+06 6.39414e+06 7.70716e+06 4.72301e+06
threshold=336.90000000000003 0.34641025641025647 0.37965517241379315 0.6528688524590166 3.5000000000000004 0.090909090909090912 651.89166666666677 0.58099337888987312 463.90000000000003 0.75969303503657504 0.23591603148066512 0.3349772290429272 286.57500000000005 2.0200000000000005
decision_type=10 8 10 10 10 8 8 8 10 8 10 10 2 8
left_child=-1 4 -3 -4 -2 -6 -7 -5 11 -10 -11 12 13 -9
right_child=1 2 3 7 5 6 -8 8 9 10 -12 -13 -14 -15
leaf_value=0.049876630600375185 7.2339557647705082 24.745225108753552 -28.973201660882861 11.039996334837705 5.9274802207946777 -55.315629813784646 -15.353488957363627 -26.816522963150689 -24.015757175414794 25.497731846751591 -0.4827201344750145 1.1332786236490522 -39.197383768418263 2.3507310131617958
leaf_weight=24657 26 22 21 82 24 21 23 23 31 66 44 56 34 35
leaf_count=24657 26 22 21 82 24 21 23 23 31 66 44 56 34 35
internal_value=-1.36541e-08 -2.42088 -0.109643 -1.50456 -12.6002 -20.1838 -34.4263 0.0502694 -3.06792 6.50441 15.1056 -12.1875 -20.2958 -9.21559
internal_weight=25165 508 414 392 94 68 44 371 289 141 110 148 92 58
internal_count=25165 508 414 392 94 68 44 371 289 141 110 148 92 58
is_linear=0
shrinkage=0.05


Tree=190
num_leaves=15
num_cat=0
split_feature=13 19 15 14 1 21 14 1 19 12 12 14 5 20
split_gain=1.22852e+06 8.62124e+06 1.14471e+07 8.89691e+06 1.80298e+07 1.55308e+07 1.24002e+07 8.88532e+06 8.53506e+06 6.02576e+06 5.7772e+06 6.46428e+06 8.98923e+06 1.1268e+07
threshold=196.20500000000001 748.43642857142868 0.20344827586206898 0.032500000000000008 50.658333333333339 1.0339237052300734 0.012500000000000002 4.1750000000000016 899.3643590598233 0.39252307423546889 55.253817685227844 0.032500000000000008 0.77422477062471173 1116.6077984817118
decision_type=2 10 10 10 8 10 10 8 10 8 10 8 10 8
left_child=1 10 -3 4 6 -6 -4 8 -8 -5 11 12 -1 -14
right_child=-2 2 3 9 5 -7 7 -9 -10 -11 -12 -13 13 -15
leaf_value=16.475862349341899 -0.21155216180964392 -39.844005661010748 -54.287998227719903 5.1517774961386262 -18.79601001739502 37.116200259879783 -2.2948673202877954 8.8919311192173236 -43.579115932218492 -2.234643598935528 -20.922737682717187 1.1722678845462362 6.3891788724405671 -16.474862046539783
leaf_weight=170 18413 20 27 341 23 27 21 26 31 1451 28 4182 341 64
leaf_count=170 18413 20 27 341 23 27 21 26 31 1451 28 4182 341 64
internal_value=-4.63271e-09 0.576912 -2.20971 -1.82312 -13.3155 11.3966 -25.0831 -14.9738 -26.9066 -0.82908 1.72242 1.85572 6.82646 2.7761
internal_weight=25165 6752 1967 1947 155 50 105 78 52 1792 4785 4757 575 405
internal_count=25165 6752 1967 1947 155 50 105 78 52 1792 4785 4757 575 405
is_linear=0
shrinkage=0.05


Tree=191
num_leaves=15
num_cat=0
split_feature=20 14 18 15 18 9 20 13 8 19 13 7 17 7
split_gain=1.26515e+06 6.46292e+06 1.38592e+07 1.05044e+07 1.47824e+07 9.2588e+06 9.14122e+06 7.19061e+06 9.45137e+06 6.58181e+06 5.89646e+06 6.53036e+06 4.75273e+06 1.29619e+07
threshold=904.69891864345971 0.022500000000000003 0.58271144278606979 2.438438438438439 0.28708791208791212 0.03720312240491614 1326.6666666666667 201.91000000000003 37.287500000000001 455.73446523395313 192.19500000000002 50.70000000000001 3.5000000000000004 208.7416666666667
decision_type=10 8 10 10 10 10 10 2 8 10 2 10 10 8
left_child=-1 2 3 4 5 -2 10 -6 -9 -8 -4 -12 13 -3
right_child=1 12 6 -5 7 -7 9 8 -10 -11 11 -13 -14 -15
leaf_value=-0.21776988683971343 -69.887813138961789 -1.1905676508657004 19.589145209572536 0.11973395953659249 -0.2537685918136382 -21.776470317840577 5.0368622259660203 -7.1988306359240886 -45.88898729041771 41.879227809332036 1.9849810041700093 -33.830503289699557 0.57177201699075741 14.97327188392666
leaf_weight=18271 20 295 22 119 71 20 22 38 27 27 35 20 5964 214
leaf_count=18271 20 295 22 119 71 20 22 38 27 27 35 20 5964 214
internal_value=-4.05926e-09 0.57715 -5.42574 -11.3546 -19.1128 -45.8321 8.45536 -11.2542 -23.2701 25.3378 -2.28798 -11.0388 0.967575 5.60523
internal_weight=25165 6894 421 295 176 40 126 136 65 49 77 55 6473 509
internal_count=25165 6894 421 295 176 40 126 136 65 49 77 55 6473 509
is_linear=0
shrinkage=0.05


Tree=192
num_leaves=15
num_cat=0
split_feature=21 21 1 7 15 12 20 10 19 17 8 18 21 10
split_gain=1.30254e+06 6.03651e+06 8.34486e+06 8.06842e+06 8.34159e+06 1.38654e+07 1.6739e+07 6.89736e+06 7.04371e+06 9.41235e+06 5.44226e+06 5.19935e+06 5.10201e+06 7.7915e+06
threshold=0.63174356195404935 0.55413174302354251 111.55833333333335 70.841666666666683 1.0232683982683983 2.7456298103526335 911.46111111111111 54.94166666666667 766.56801075014585 8.5000000000000018 42.729166666666671 0.66472868217054271 0.7394759303468329 54.94166666666667
decision_type=8 10 10 10 10 10 10 8 10 10 10 10 8 10
left_child=1 -1 3 7 5 6 -5 10 9 -9 -3 -10 13 -2
right_child=12 2 -4 4 -6 -7 -8 8 11 -11 -12 -13 -14 -15
leaf_value=0.16226115356931908 1.0845420708468088 -0.1216419584211642 -31.617312211256763 9.4233332980762832 -5.6913843133870294 -7.8136311706374677 64.302774083614352 14.166539740044138 -34.721982394836168 -10.269249235727571 -12.246737059477335 -6.1675908927917487 -0.072705850016169069 9.0251104583290864
leaf_weight=5339 1615 685 26 33 68 34 24 46 44 275 107 25 16462 382
leaf_count=5339 1615 685 26 33 68 34 24 46 44 275 107 25 16462 382
internal_value=-8.53089e-09 -0.596815 -3.56149 -3.01753 7.55697 17.4568 32.5305 -4.43999 -9.88292 -6.76755 -1.75975 -24.3762 0.216818 2.60347
internal_weight=25165 6706 1367 1341 159 91 57 1182 390 321 792 69 18459 1997
internal_count=25165 6706 1367 1341 159 91 57 1182 390 321 792 69 18459 1997
is_linear=0
shrinkage=0.05


Tree=193
num_leaves=15
num_cat=0
split_feature=2 2 8 17 11 14 19 19 14 20 11 18 3 9
split_gain=1.2501e+06 1.52883e+06 6.91541e+06 1.41753e+06 5.21885e+06 8.72631e+06 1.70648e+07 1.72876e+07 1.18423e+07 1.25118e+07 1.27709e+07 9.22742e+06 9.49064e+06 8.9639e+06
threshold=0.13899613899613902 0.28869047619047622 19.912500000000005 12.500000000000002 69.783333333333346 0.037500000000000012 1652.4200000000003 379.82200577200587 0.062500000000000014 1060.9590277777781 78.754166666666677 0.55370879120879135 5.5000000000000009 0.42087710565174291
decision_type=8 8 8 10 10 10 8 10 10 10 10 10 2 10
left_child=-1 2 -2 4 -3 6 7 -6 9 10 -7 -12 -13 -9
right_child=1 3 -4 -5 5 8 -8 13 -10 -11 11 12 -14 -15
leaf_value=10.034443256931921 -29.418565084623253 0.92606592891002182 5.8749494852338522 -0.27617105366545908 19.542185870254485 -38.578320609198677 38.14876051263677 2.7666942101937755 -0.50280826703688808 -29.160798483455881 8.9847749644269541 -25.301445709631363 8.9688586265810084 -35.344761281543313
leaf_weight=31 23 8067 35 16024 54 27 36 27 535 85 96 58 31 36
leaf_count=31 23 8067 35 16024 54 27 36 27 535 85 96 58 31 36
internal_value=-6.91375e-09 -0.0123764 -8.12075 0.00637804 0.506551 -2.92921 8.04525 -1.21737 -4.94735 -12.9535 -6.45531 -1.76709 -13.3646 -19.0113
internal_weight=25165 25134 58 25076 9052 985 153 117 832 297 212 185 89 63
internal_count=25165 25134 58 25076 9052 985 153 117 832 297 212 185 89 63
is_linear=0
shrinkage=0.05


Tree=194
num_leaves=15
num_cat=0
split_feature=19 17 7 20 20 15 10 21 5 18 20 5 2 20
split_gain=1.22343e+06 6.88702e+06 1.32238e+07 1.0772e+07 1.9139e+07 1.38821e+07 7.84734e+06 8.21824e+06 7.2552e+06 8.68021e+06 8.8909e+06 8.07372e+06 4.68095e+06 4.59672e+06
threshold=285.26456582633062 6.5000000000000009 54.708333333333343 861.98119786607424 1284.2315581854043 0.6528688524590166 231.47500000000005 0.6010467333812487 0.89735432087833067 0.59122919334186952 1105.8231511478664 0.69513171369614546 1.2034482758620693 904.69891864345971
decision_type=8 10 8 10 10 10 10 10 10 10 10 10 10 10
left_child=1 2 12 6 5 -5 7 -4 9 10 -3 13 -1 -11
right_child=-2 8 3 4 -6 -7 -8 -9 -10 11 -12 -13 -14 -15
leaf_value=-2.5734440400786163 0.12633386558190396 -9.5570637261114157 13.115660074247536 68.689387071543734 5.1230972262529235 15.309954833984376 -18.063403488607971 -16.995163140473544 -1.0028340374616107 -0.083567168315251683 -33.801523490385577 -25.545065262006677 11.561957447975875 20.175290807088217
leaf_weight=690 22244 269 141 29 65 21 34 27 1388 84 44 23 64 42
leaf_count=690 22244 269 141 29 65 21 34 27 1388 84 44 23 64 42
internal_value=7.51893e-09 -0.962058 2.22883 10.7974 23.0131 46.27 3.84298 8.27642 -2.80932 -8.2366 -12.9652 1.69669 -1.37362 6.66939
internal_weight=25165 2921 1071 317 115 50 202 168 1850 462 313 149 754 126
internal_count=25165 2921 1071 317 115 50 202 168 1850 462 313 149 754 126
is_linear=0
shrinkage=0.05


Tree=195
num_leaves=15
num_cat=0
split_feature=1 20 19 13 21 8 18 11 14 20 18 10 5 14
split_gain=1.21485e+06 4.96957e+06 5.74786e+06 7.47028e+06 5.81778e+06 9.0418e+06 5.33578e+06 1.41876e+07 2.50636e+07 5.76074e+06 9.13244e+06 5.48841e+06 6.82798e+06 1.42086e+07
threshold=0.34166666666666673 827.04453816833757 2009.9666666666667 183.68500000000003 0.17535817046949542 28.416666666666671 0.24744897959183676 26.825000000000003 0.052500000000000012 1044.0555555555559 0.11324786324786326 29.375000000000004 0.47380894837431992 0.057500000000000016
decision_type=10 10 10 2 8 8 10 10 10 10 10 8 10 10
left_child=-1 2 4 -4 5 -2 7 9 -9 10 -3 -8 -13 -14
right_child=1 6 3 -5 -6 -7 11 8 -10 -11 -12 12 13 -15
leaf_value=-0.20839243118314937 3.3882342006849209 -31.759696649622033 -0.27080596043513372 -40.916606578826908 0.0014467832923768555 -41.99027512300583 0.70382829997324059 -71.611657714843759 4.9210788799368821 8.9561968602315343 10.17882565689087 -1.7880007032974525 17.355647308460988 3.0689505330671558
leaf_weight=18506 23 27 26 20 4436 21 971 20 23 99 25 217 274 477
leaf_count=18506 23 27 26 20 4436 21 971 20 23 99 25 217 274 477
internal_value=-1.53734e-10 0.579143 -0.358555 -17.9429 -0.178002 -18.2697 2.56884 -5.33725 -30.6755 1.87829 -11.5969 3.35985 6.02411 8.28141
internal_weight=25165 6659 4526 46 4480 44 2133 194 43 151 52 1939 968 751
internal_count=25165 6659 4526 46 4480 44 2133 194 43 151 52 1939 968 751
is_linear=0
shrinkage=0.05


Tree=196
num_leaves=15
num_cat=0
split_feature=20 18 13 8 5 5 19 18 17 21 2 15 14 18
split_gain=1.27067e+06 4.4872e+06 3.76109e+06 3.82264e+06 4.34121e+06 7.0027e+06 9.83922e+06 6.28851e+06 7.40502e+06 6.8311e+06 6.27044e+06 5.62583e+06 7.43067e+06 5.43825e+06
threshold=1485.4322562358277 0.85960591133004927 32.595000000000006 312.07500000000005 1.0667768164829126 1.2755152259730154 537.856388888889 0.55370879120879135 8.5000000000000018 0.58099337888987312 0.85714285714285721 1.6638418079096049 0.082500000000000018 0.33084577114427866
decision_type=10 10 2 10 10 10 10 10 10 10 8 10 8 10
left_child=-1 2 -2 4 7 6 -6 8 9 13 -7 12 -10 -4
right_child=1 -3 3 -5 5 10 -8 -9 11 -11 -12 -13 -14 -15
leaf_value=0.10081001808756491 -21.60586153113324 21.730572705041794 -7.5757722941311929 18.157512557983399 46.186996304988867 27.498712310791021 -0.083319271935356987 -8.6463925515071001 39.483180338686168 -19.939900642330365 -0.81167043048002263 -12.480719881791336 7.6021378344407795 7.8387436430052961
leaf_weight=23290 23 21 132 25 20 20 27 404 22 59 887 26 108 101
leaf_count=23290 23 21 132 25 20 20 27 404 22 59 887 26 108 101
internal_value=-7.94785e-09 -1.25219 -1.51252 -1.26012 -1.52891 0.787749 19.6062 -4.12291 -0.0437072 -4.74227 -0.187406 8.75104 12.9974 -0.893943
internal_weight=25165 1875 1854 1831 1806 954 47 852 448 292 907 156 130 233
internal_count=25165 1875 1854 1831 1806 954 47 852 448 292 907 156 130 233
is_linear=0
shrinkage=0.05


Tree=197
num_leaves=15
num_cat=0
split_feature=21 5 19 12 13 18 20 17 15 10 12 3 10 2
split_gain=1.24423e+06 8.61449e+06 1.2997e+07 1.10488e+07 1.41612e+07 8.19651e+06 6.46042e+06 9.0346e+06 7.20754e+06 8.41982e+06 6.62205e+06 1.31311e+07 1.03256e+07 2.3616e+07
threshold=1.6773017625328526 0.40877737441736578 1705.0185185185187 0.69610338958434326 405.30500000000006 0.47673160173160178 1085.6500000000003 9.5000000000000018 0.4040816326530613 10.225000000000001 1.2252859234524467 3.5000000000000004 43.45000000000001 1.1937500000000003
decision_type=10 8 10 10 2 10 10 10 8 10 10 2 10 10
left_child=-1 2 3 4 5 -2 8 -8 9 -3 12 -12 -10 -14
right_child=1 6 -4 -5 -6 -7 7 -9 10 -11 11 -13 13 -15
leaf_value=-0.1396420749267358 0.7865240966572481 -0.28133491788591658 -6.0506772016224115 -1.398135074349337 65.390951966104055 33.990009593382119 33.806112690532913 -0.68411898890206979 -0.51067928180795252 40.077471923828128 17.963361677549837 0.55541780309062705 -6.3877308602313922 -59.341111823786861
leaf_weight=21736 34 28 76 43 21 41 34 43 2096 24 133 584 249 23
leaf_count=21736 34 28 76 43 21 41 34 43 2096 24 133 584 249 23
internal_value=8.76243e-09 0.885174 10.5747 19.6649 29.0994 18.9378 0.236991 14.5453 -0.114218 18.3458 -0.425375 3.78451 -1.70007 -10.8654
internal_weight=25165 3429 215 139 96 75 3214 77 3137 52 3085 717 2368 272
internal_count=25165 3429 215 139 96 75 3214 77 3137 52 3085 717 2368 272
is_linear=0
shrinkage=0.05


Tree=198
num_leaves=15
num_cat=0
split_feature=20 10 12 20 14 19 20 12 18 11 3 13 1 10
split_gain=1.22129e+06 5.1642e+06 4.12401e+06 1.8031e+06 5.93014e+06 2.613e+06 1.80651e+06 8.83668e+06 1.2817e+07 7.75575e+06 1.07184e+07 6.28763e+06 1.01978e+07 3.19366e+06
threshold=5212.3888888888896 251.0916666666667 0.79625268130241322 3939.1000000000004 0.072500000000000023 712.55515151515158 2380.2661375661378 0.64591810175835118 0.83130081300813019 34.875000000000007 4.5000000000000009 141.95500000000004 0.20833333333333337 8.5250000000000021
decision_type=10 8 8 10 8 8 10 10 10 10 2 2 10 10
left_child=3 2 -2 6 -5 -6 -1 8 11 -9 -11 -8 13 -13
right_child=1 -3 -4 4 5 -7 7 9 -10 10 -12 12 -14 -15
leaf_value=0.044869322378267955 2.3923115730285645 11.533971299065485 -26.550557976402345 -14.016292943384338 30.073824074154814 7.9915953520182015 20.577633961764249 -4.1787413511011335 -43.998448745064117 52.080438636988404 0.93561553955078125 0.56008717514747797 -39.707990940050649 -14.117579978819078
leaf_weight=24671 20 27 32 23 21 37 22 45 23 20 21 129 22 52
leaf_count=24671 20 27 32 23 21 37 22 45 23 20 21 129 22 52
internal_value=-1.98738e-08 -6.20702 -15.4187 0.0195469 7.46746 15.9869 -0.00457951 -3.65713 -8.44635 10.1536 25.8843 -4.81214 -7.56374 -3.6567
internal_weight=25165 79 52 25086 81 58 25005 334 248 86 41 225 203 181
internal_count=25165 79 52 25086 81 58 25005 334 248 86 41 225 203 181
is_linear=0
shrinkage=0.05


Tree=199
num_leaves=15
num_cat=0
split_feature=1 7 19 16 17 19 17 19 7 16 4 19 3 20
split_gain=1.19478e+06 3.26107e+06 2.37134e+06 2.6235e+06 1.9613e+06 1.9382e+06 3.98124e+06 2.66778e+06 1.74335e+06 1.64103e+06 2.06438e+06 1.49229e+06 1.48906e+06 1.37877e+06
threshold=0.058333333333333341 32.775000000000006 447.48937332508757 0.013236892670406569 21.500000000000004 727.44354497354504 13.500000000000002 571.96666666666681 3.1083333333333338 0.46775343976062378 4.5131944444444452 489.36286700968571 26.500000000000004 1485.4322562358277
decision_type=8 8 8 10 10 8 10 10 10 10 2 10 2 10
left_child=1 2 3 4 -1 6 -4 11 -9 10 -7 -8 -5 -2
right_child=13 -3 5 12 -6 9 7 8 -10 -11 -12 -13 -14 -15
leaf_value=-18.343327516003662 0.049283684503483111 21.948151721954346 23.459665720390554 -1.0674611650015178 -0.085886726776758834 0.40659178698674225 4.4868970795111229 5.6139000080727248 23.387522602081301 -12.81836090564728 15.667792713165284 -9.1373181707150231 12.483343187622403 -1.372891086099818
leaf_weight=38 22633 20 33 171 24 195 44 37 22 20 25 37 23 1843
leaf_count=38 22633 20 33 171 24 195 44 37 22 20 25 37 23 1843
internal_value=6.55083e-09 2.05341 1.45865 -2.32237 -11.2759 3.80234 7.83671 4.15416 12.2414 0.894221 2.14082 -1.73651 0.539077 -0.0578036
internal_weight=25165 689 669 256 62 413 173 140 59 240 220 81 194 24476
internal_count=25165 689 669 256 62 413 173 140 59 240 220 81 194 24476
is_linear=0
shrinkage=0.05


end of trees

feature_importances:
past_mean_win_profit_per_lot=272
past_mean_loss_abs_profit_per_lot=222
minutes_since_previous_trade_open=204
past_idea_win_rate=193
historical_median_amount_before_trade=192
past_payoff_ratio=160
past_completed_idea_count=158
realized_distance_to_drawdown_limit=157
past_trades_opened_per_active_hour=141
minutes_since_previous_idea_start=130
elapsed_active_hours=129
post_loss_reentry_gap_minutes=122
current_to_historical_median_amount_ratio=114
past_median_trade_open_gap_minutes=106
trade_open_gap_to_past_median_ratio=104
post_loss_amount_ratio=97
past_amount_cv=91
idea_start_gap_to_past_median_ratio=88
past_median_idea_start_gap_minutes=87
past_trade_open_count=28
trades_opened_past_30_minutes=4
post_loss_entry=1

parameters:
[boosting: gbdt]
[objective: regression]
[metric: l2]
[tree_learner: serial]
[device_type: cpu]
[data_sample_strategy: bagging]
[data: ]
[valid: ]
[num_iterations: 200]
[learning_rate: 0.05]
[num_leaves: 15]
[num_threads: 10]
[seed: 42]
[deterministic: 0]
[force_col_wise: 0]
[force_row_wise: 0]
[histogram_pool_size: -1]
[max_depth: -1]
[min_data_in_leaf: 20]
[min_sum_hessian_in_leaf: 0.001]
[bagging_fraction: 1]
[pos_bagging_fraction: 1]
[neg_bagging_fraction: 1]
[bagging_freq: 0]
[bagging_seed: 400]
[bagging_by_query: 0]
[feature_fraction: 1]
[feature_fraction_bynode: 1]
[feature_fraction_seed: 30056]
[extra_trees: 0]
[extra_seed: 12879]
[early_stopping_round: 0]
[early_stopping_min_delta: 0]
[first_metric_only: 0]
[max_delta_step: 0]
[lambda_l1: 0]
[lambda_l2: 0]
[linear_lambda: 0]
[min_gain_to_split: 0]
[drop_rate: 0.1]
[max_drop: 50]
[skip_drop: 0.5]
[xgboost_dart_mode: 0]
[uniform_drop: 0]
[drop_seed: 17869]
[top_rate: 0.2]
[other_rate: 0.1]
[min_data_per_group: 100]
[max_cat_threshold: 32]
[cat_l2: 10]
[cat_smooth: 10]
[max_cat_to_onehot: 4]
[top_k: 20]
[monotone_constraints: ]
[monotone_constraints_method: basic]
[monotone_penalty: 0]
[feature_contri: ]
[forcedsplits_filename: ]
[refit_decay_rate: 0.9]
[cegb_tradeoff: 1]
[cegb_penalty_split: 0]
[cegb_penalty_feature_lazy: ]
[cegb_penalty_feature_coupled: ]
[path_smooth: 0]
[interaction_constraints: ]
[verbosity: -1]
[saved_feature_importance_type: 0]
[use_quantized_grad: 0]
[num_grad_quant_bins: 4]
[quant_train_renew_leaf: 0]
[stochastic_rounding: 1]
[linear_tree: 0]
[max_bin: 255]
[max_bin_by_feature: ]
[min_data_in_bin: 3]
[bin_construct_sample_cnt: 200000]
[data_random_seed: 175]
[is_enable_sparse: 1]
[enable_bundle: 1]
[use_missing: 1]
[zero_as_missing: 0]
[feature_pre_filter: 1]
[pre_partition: 0]
[two_round: 0]
[header: 0]
[label_column: ]
[weight_column: ]
[group_column: ]
[ignore_column: ]
[categorical_feature: ]
[forcedbins_filename: ]
[precise_float_parser: 0]
[parser_config_file: ]
[objective_seed: 16083]
[num_class: 1]
[is_unbalance: 0]
[scale_pos_weight: 1]
[sigmoid: 1]
[boost_from_average: 1]
[reg_sqrt: 0]
[alpha: 0.9]
[fair_c: 1]
[poisson_max_delta_step: 0.7]
[tweedie_variance_power: 1.5]
[lambdarank_truncation_level: 30]
[lambdarank_norm: 1]
[label_gain: ]
[lambdarank_position_bias_regularization: 0]
[eval_at: ]
[multi_error_top_k: 1]
[auc_mu_weights: ]
[num_machines: 1]
[local_listen_port: 12400]
[time_out: 120]
[machine_list_filename: ]
[machines: ]
[gpu_platform_id: -1]
[gpu_device_id: -1]
[gpu_use_dp: 0]
[num_gpu: 1]

end of parameters

pandas_categorical:[]
